el,D,m,wind,v,wind_N,cw_fill_kg,cw_fill_req_kg,el_residual_kgcm,vm_max,vm_p999,vm_where,vm_xyz,SF,u_dish,u_cw,u_max,point_err_deg,vm_columns,vm_cradle (hub/boom/arm),vm_head (puck/drum/plate),vm_pedestal,vm_shoulders
0,0.6,3.0,calm,0.0,0.0,2.573,2.573,0.0,1.7635,1.5046,cradle (hub/boom/arm),"[3.0, -55.0, 619.0]",17.0112,0.2735,0.6797,0.6981,0.2011,0.19,1.764,0.254,0.062,0.24
0,0.6,3.0,head-on (+Y),10.0,22.5134,2.573,2.573,0.0,1.8067,1.5119,cradle (hub/boom/arm),"[-0.0, 56.0, 619.0]",16.6049,0.7478,0.5816,0.8741,0.3054,0.493,1.807,0.427,0.104,0.29
0,0.6,3.0,head-on (+Y),15.0,50.6552,2.573,2.573,0.0,1.8725,1.5356,cradle (hub/boom/arm),"[-0.0, 56.0, 619.0]",16.0217,1.508,1.234,1.7113,0.4358,1.098,1.872,0.877,0.211,0.38
0,0.6,3.0,head-on (+Y),20.0,90.0538,2.573,2.573,0.0,1.9646,1.6947,cradle (hub/boom/arm),"[-0.0, 56.0, 619.0]",15.27,2.5973,2.3833,2.8971,0.6183,1.945,1.965,1.513,0.365,0.555
0,0.6,3.0,head-on (+Y),25.0,140.709,2.573,2.573,0.0,3.0347,2.6522,columns,"[-94.0, 29.0, 226.0]",9.8856,4.0058,3.9129,4.4265,0.853,3.035,2.083,2.331,0.563,0.836
0,0.6,3.0,head-on (+Y),30.0,202.6209,2.573,2.573,0.0,4.366,3.8517,columns,"[-94.0, 29.0, 226.0]",6.8713,5.7304,5.7989,6.2977,1.1399,4.366,2.228,3.437,0.804,1.207
0,0.6,3.0,head-on (+Y),40.0,360.215,2.573,2.573,0.0,7.7871,6.8735,columns,"[92.0, -30.0, 231.0]",3.8525,10.1244,10.6182,11.1145,1.8701,7.787,2.599,6.292,1.419,2.162
0,0.6,3.0,side (+X),10.0,5.1954,2.573,2.573,0.0,1.7629,1.5154,cradle (hub/boom/arm),"[3.0, -55.0, 619.0]",17.0172,0.3204,0.6831,0.7018,0.2086,0.238,1.763,0.367,0.081,0.339
0,0.6,3.0,side (+X),15.0,11.6897,2.573,2.573,0.0,1.7707,1.5325,cradle (hub/boom/arm),"[2.0, 55.0, 579.0]",16.9423,0.4731,0.6911,0.7101,0.2355,0.306,1.771,0.51,0.107,0.64
0,0.6,3.0,side (+X),20.0,20.7816,2.573,2.573,0.0,1.8863,1.5858,cradle (hub/boom/arm),"[7.0, 55.0, 581.0]",15.9038,0.7448,0.7091,0.7756,0.2955,0.446,1.886,0.711,0.143,1.111
0,0.6,3.0,side (+X),25.0,32.4713,2.573,2.573,0.0,2.0992,1.6981,cradle (hub/boom/arm),"[-16.0, 55.0, 611.0]",14.291,1.1209,0.7431,1.1553,0.3927,0.63,2.099,0.97,0.19,1.776
0,0.6,3.0,side (+X),30.0,46.7587,2.573,2.573,0.0,2.5897,2.0438,shoulders,"[-53.0, 12.0, 590.0]",11.5844,1.5925,0.7988,1.6331,0.525,0.855,2.577,1.286,0.247,2.59
0,0.6,3.0,side (+X),40.0,83.1265,2.573,2.573,0.0,4.6636,3.1035,shoulders,"[-53.0, 12.0, 590.0]",6.4328,2.8088,0.9922,2.8663,0.8839,1.428,3.853,2.163,0.393,4.664
0,0.6,6.0,calm,0.0,0.0,4.6041,4.6041,0.0,3.0905,2.6176,cradle (hub/boom/arm),"[3.0, -55.0, 619.0]",9.7073,0.484,1.155,1.18,0.3482,0.332,3.09,0.395,0.093,0.425
0,0.6,6.0,head-on (+Y),10.0,22.5134,4.6041,4.6041,0.0,3.0951,2.622,cradle (hub/boom/arm),"[3.0, -55.0, 619.0]",9.6928,0.9176,0.914,1.0814,0.4525,0.526,3.095,0.492,0.118,0.464
0,0.6,6.0,head-on (+Y),15.0,50.6552,4.6041,4.6041,0.0,3.1453,2.6271,cradle (hub/boom/arm),"[-0.0, 56.0, 619.0]",9.5381,1.6465,1.2455,1.9018,0.5829,1.131,3.145,0.932,0.223,0.536
0,0.6,6.0,head-on (+Y),20.0,90.0538,4.6041,4.6041,0.0,3.2374,2.6638,cradle (hub/boom/arm),"[-0.0, 56.0, 619.0]",9.2667,2.7201,2.2478,3.0787,0.7654,1.978,3.237,1.567,0.376,0.675
0,0.6,6.0,head-on (+Y),25.0,140.709,4.6041,4.6041,0.0,3.3559,2.7807,cradle (hub/boom/arm),"[-0.0, 56.0, 619.0]",8.9395,4.1202,3.7202,4.6031,1.0001,3.067,3.356,2.385,0.573,0.9
0,0.6,6.0,head-on (+Y),30.0,202.6209,4.6041,4.6041,0.0,4.3982,3.8295,columns,"[-94.0, 29.0, 226.0]",6.821,5.8401,5.5791,6.4713,1.287,4.398,3.501,3.385,0.815,1.207
0,0.6,6.0,head-on (+Y),40.0,360.215,4.6041,4.6041,0.0,7.7869,6.8738,columns,"[-94.0, 29.0, 226.0]",3.8526,10.2291,10.374,11.2337,2.0172,7.787,3.87,6.167,1.43,2.147
0,0.6,6.0,side (+X),10.0,5.1954,4.6041,4.6041,0.0,3.0898,2.6238,cradle (hub/boom/arm),"[3.0, -55.0, 619.0]",9.7093,0.5097,1.1577,1.1831,0.3528,0.38,3.09,0.509,0.113,0.481
0,0.6,6.0,side (+X),15.0,11.6897,4.6041,4.6041,0.0,3.0891,2.6369,cradle (hub/boom/arm),"[3.0, -55.0, 619.0]",9.7117,0.6149,1.1634,1.1892,0.3695,0.443,3.089,0.653,0.139,0.715
0,0.6,6.0,side (+X),20.0,20.7816,4.6041,4.6041,0.0,3.088,2.6632,cradle (hub/boom/arm),"[3.0, -55.0, 619.0]",9.7151,0.8396,1.1755,1.2018,0.4106,0.542,3.088,0.854,0.175,1.138
0,0.6,6.0,side (+X),25.0,32.4713,4.6041,4.6041,0.0,3.2079,2.7147,cradle (hub/boom/arm),"[7.0, 55.0, 581.0]",9.352,1.1838,1.198,1.2279,0.4856,0.687,3.208,1.112,0.221,1.724
0,0.6,6.0,side (+X),30.0,46.7587,4.6041,4.6041,0.0,3.4134,2.831,cradle (hub/boom/arm),"[7.0, 55.0, 581.0]",8.7889,1.6355,1.2353,1.6827,0.598,0.911,3.413,1.428,0.278,2.535
0,0.6,6.0,side (+X),40.0,83.1265,4.6041,4.6041,0.0,4.6057,3.5813,shoulders,"[-53.0, 12.0, 590.0]",6.5136,2.8306,1.3729,2.8941,0.9296,1.485,4.53,2.233,0.423,4.606
0,0.6,9.0,calm,0.0,0.0,6.6351,6.6351,0.0,4.4174,3.7326,cradle (hub/boom/arm),"[3.0, -55.0, 619.0]",6.7914,0.6961,1.6308,1.6625,0.4954,0.474,4.417,0.538,0.125,0.609
0,0.6,9.0,head-on (+Y),10.0,22.5134,6.6351,6.6351,0.0,4.422,3.7372,cradle (hub/boom/arm),"[3.0, -55.0, 619.0]",6.7843,1.1025,1.3365,1.4525,0.5996,0.572,4.422,0.558,0.133,0.64
0,0.6,9.0,head-on (+Y),15.0,50.6552,6.6351,6.6351,0.0,4.4277,3.7493,cradle (hub/boom/arm),"[3.0, -55.0, 619.0]",6.7755,1.7997,1.426,2.1004,0.73,1.163,4.428,0.99,0.238,0.707
0,0.6,9.0,head-on (+Y),20.0,90.0538,6.6351,6.6351,0.0,4.5102,3.7526,cradle (hub/boom/arm),"[-0.0, 56.0, 619.0]",6.6516,2.8535,2.2089,3.2665,0.9125,2.01,4.51,1.622,0.386,0.815
0,0.6,9.0,head-on (+Y),25.0,140.709,6.6351,6.6351,0.0,4.6286,3.8033,cradle (hub/boom/arm),"[-0.0, 56.0, 619.0]",6.4814,4.2423,3.5809,4.7843,1.1472,3.099,4.629,2.439,0.584,1.019
0,0.6,9.0,head-on (+Y),30.0,202.6209,6.6351,6.6351,0.0,4.7735,3.9813,cradle (hub/boom/arm),"[-0.0, 56.0, 619.0]",6.2847,5.9554,5.3924,6.6485,1.434,4.43,4.774,3.439,0.825,1.295
0,0.6,9.0,head-on (+Y),40.0,360.215,6.6351,6.6351,0.0,7.8191,6.8649,columns,"[-94.0, 29.0, 226.0]",3.8368,10.3372,10.1464,11.4064,2.1643,7.819,5.143,6.043,1.44,2.146
0,0.6,9.0,side (+X),10.0,5.1954,6.6351,6.6351,0.0,4.4167,3.7397,cradle (hub/boom/arm),"[3.0, -55.0, 619.0]",6.7923,0.7126,1.6333,1.6653,0.4987,0.522,4.417,0.652,0.145,0.658
0,0.6,9.0,side (+X),15.0,11.6897,6.6351,6.6351,0.0,4.416,3.7403,cradle (hub/boom/arm),"[3.0, -55.0, 619.0]",6.7935,0.7895,1.638,1.6704,0.5109,0.584,4.416,0.796,0.171,0.794
0,0.6,9.0,side (+X),20.0,20.7816,6.6351,6.6351,0.0,4.4149,3.7667,cradle (hub/boom/arm),"[3.0, -55.0, 619.0]",6.7952,0.9727,1.6476,1.6805,0.5415,0.679,4.415,0.996,0.207,1.212
0,0.6,9.0,side (+X),25.0,32.4713,6.6351,6.6351,0.0,4.4135,3.8069,cradle (hub/boom/arm),"[3.0, -55.0, 619.0]",6.7974,1.2796,1.6649,1.6984,0.6006,0.806,4.413,1.255,0.253,1.758
0,0.6,9.0,side (+X),30.0,46.7587,6.6351,6.6351,0.0,4.5667,3.8703,cradle (hub/boom/arm),"[7.0, 55.0, 581.0]",6.5692,1.7043,1.6934,1.7615,0.6949,0.968,4.567,1.571,0.31,2.484
0,0.6,9.0,side (+X),40.0,83.1265,6.6351,6.6351,0.0,5.2674,4.2372,cradle (hub/boom/arm),"[-16.0, 55.0, 611.0]",5.6954,2.868,1.7997,2.9376,0.9952,1.541,5.267,2.375,0.455,4.55
0,0.6,12.0,calm,0.0,0.0,7.8,8.6662,26.3767,5.5672,4.5328,cradle (hub/boom/arm),"[-0.0, 56.0, 619.0]",5.3887,1.0563,1.6885,1.7387,0.6979,0.683,5.567,0.601,0.139,1.104
0,0.6,12.0,head-on (+Y),10.0,22.5134,7.8,8.6662,26.3767,5.6198,4.5332,cradle (hub/boom/arm),"[-0.0, 56.0, 619.0]",5.3383,1.4888,1.4523,1.7406,0.8021,0.78,5.62,0.68,0.156,1.095
0,0.6,12.0,head-on (+Y),15.0,50.6552,7.8,8.6662,26.3767,5.6855,4.5462,cradle (hub/boom/arm),"[-0.0, 56.0, 619.0]",5.2766,2.1685,1.5878,2.5342,0.9325,1.297,5.685,1.112,0.26,1.134
0,0.6,12.0,head-on (+Y),20.0,90.0538,7.8,8.6662,26.3767,5.7775,4.5521,cradle (hub/boom/arm),"[-0.0, 56.0, 619.0]",5.1925,3.2021,2.3659,3.6886,1.115,2.144,5.778,1.733,0.407,1.21
0,0.6,12.0,head-on (+Y),25.0,140.709,7.8,8.6662,26.3767,5.8959,4.5844,cradle (hub/boom/arm),"[-0.0, 56.0, 619.0]",5.0882,4.5761,3.7199,5.1978,1.3497,3.233,5.896,2.551,0.603,1.322
0,0.6,12.0,head-on (+Y),30.0,202.6209,7.8,8.6662,26.3767,6.0407,4.6289,cradle (hub/boom/arm),"[-0.0, 56.0, 619.0]",4.9663,6.2791,5.5186,7.0558,1.6365,4.564,6.041,3.55,0.845,1.516
0,0.6,12.0,head-on (+Y),40.0,360.215,7.8,8.6662,26.3767,7.9527,6.9419,columns,"[-94.0, 29.0, 226.0]",3.7723,10.6493,10.259,11.8065,2.3667,7.953,6.41,6.095,1.46,2.274
0,0.6,12.0,side (+X),10.0,5.1954,7.8,8.6662,26.3767,5.5681,4.5317,cradle (hub/boom/arm),"[-0.0, 56.0, 619.0]",5.3878,1.0657,1.6909,1.7408,0.7002,0.734,5.568,0.714,0.159,1.02
0,0.6,12.0,side (+X),15.0,11.6897,7.8,8.6662,26.3767,5.5693,4.5431,cradle (hub/boom/arm),"[-0.0, 56.0, 619.0]",5.3867,1.1167,1.6955,1.7448,0.709,0.8,5.569,0.856,0.184,1.227
0,0.6,12.0,side (+X),20.0,20.7816,7.8,8.6662,26.3767,5.5709,4.5563,cradle (hub/boom/arm),"[-0.0, 56.0, 619.0]",5.3851,1.2506,1.7048,1.7533,0.7314,0.895,5.571,1.056,0.22,1.603
0,0.6,12.0,side (+X),25.0,32.4713,7.8,8.6662,26.3767,5.5984,4.6039,cradle (hub/boom/arm),"[2.0, 55.0, 579.0]",5.3587,1.4994,1.7216,1.7687,0.7762,1.02,5.598,1.314,0.266,2.125
0,0.6,12.0,side (+X),30.0,46.7587,7.8,8.6662,26.3767,5.7113,4.6729,cradle (hub/boom/arm),"[7.0, 55.0, 581.0]",5.2528,1.8725,1.7493,1.952,0.8512,1.175,5.711,1.629,0.323,2.78
0,0.6,12.0,side (+X),40.0,83.1265,7.8,8.6662,26.3767,6.2344,4.9688,cradle (hub/boom/arm),"[7.0, 55.0, 581.0]",4.812,2.9672,1.8527,3.045,1.1101,1.579,6.234,2.433,0.468,4.476
0,0.6,15.0,calm,0.0,0.0,7.8,10.6973,88.2234,6.8271,5.1136,cradle (hub/boom/arm),"[-0.0, 56.0, 619.0]",4.3942,1.6638,1.2633,1.8927,0.9748,1.015,6.827,0.58,0.128,2.441
0,0.6,15.0,head-on (+Y),10.0,22.5134,7.8,10.6973,88.2234,6.8797,5.1058,cradle (hub/boom/arm),"[-0.0, 56.0, 619.0]",4.3606,2.138,1.2912,2.4877,1.0791,1.11,6.88,0.878,0.189,2.432
0,0.6,15.0,head-on (+Y),15.0,50.6552,7.8,10.6973,88.2234,6.9454,5.1295,cradle (hub/boom/arm),"[-0.0, 56.0, 619.0]",4.3194,2.8167,1.7594,3.2789,1.2094,1.567,6.945,1.313,0.293,2.467
0,0.6,15.0,head-on (+Y),20.0,90.0538,7.8,10.6973,88.2234,7.0375,5.1284,cradle (hub/boom/arm),"[-0.0, 56.0, 619.0]",4.2629,3.8357,2.7558,4.4242,1.3919,2.414,7.037,1.928,0.44,2.536
0,0.6,15.0,head-on (+Y),25.0,140.709,7.8,10.6973,88.2234,7.1559,5.1367,cradle (hub/boom/arm),"[-0.0, 56.0, 619.0]",4.1924,5.1941,4.2028,5.9238,1.6266,3.503,7.156,2.739,0.634,2.658
0,0.6,15.0,head-on (+Y),30.0,202.6209,7.8,10.6973,88.2234,7.3006,5.192,cradle (hub/boom/arm),"[-0.0, 56.0, 619.0]",4.1092,6.8844,6.043,7.7739,1.9134,4.834,7.301,3.739,0.876,2.817
0,0.6,15.0,head-on (+Y),40.0,360.215,7.8,10.6973,88.2234,8.223,7.1757,columns,"[-94.0, 29.0, 226.0]",3.6483,11.2377,10.8167,12.5138,2.6436,8.223,7.669,6.284,1.491,3.229
0,0.6,15.0,side (+X),10.0,5.1954,7.8,10.6973,88.2234,6.8281,5.1145,cradle (hub/boom/arm),"[-0.0, 56.0, 619.0]",4.3936,1.6685,1.2657,1.8962,0.9764,1.065,6.828,0.684,0.148,2.271
0,0.6,15.0,side (+X),15.0,11.6897,7.8,10.6973,88.2234,6.8292,5.1196,cradle (hub/boom/arm),"[-0.0, 56.0, 619.0]",4.3929,1.6998,1.2709,1.923,0.9826,1.129,6.829,0.821,0.173,2.184
0,0.6,15.0,side (+X),20.0,20.7816,7.8,10.6973,88.2234,6.8309,5.1479,cradle (hub/boom/arm),"[-0.0, 56.0, 619.0]",4.3918,1.7884,1.2819,2.0022,0.9988,1.221,6.831,1.016,0.209,2.509
0,0.6,15.0,side (+X),25.0,32.4713,7.8,10.6973,88.2234,6.833,5.1892,cradle (hub/boom/arm),"[-0.0, 56.0, 619.0]",4.3904,1.9678,1.3024,2.1752,1.0319,1.342,6.833,1.27,0.255,2.984
0,0.6,15.0,side (+X),30.0,46.7587,7.8,10.6973,88.2234,6.8949,5.3098,cradle (hub/boom/arm),"[2.0, 55.0, 579.0]",4.3511,2.2622,1.3367,2.4566,1.0893,1.493,6.895,1.582,0.312,3.596
0,0.6,15.0,side (+X),40.0,83.1265,7.8,10.6973,88.2234,7.3667,5.736,cradle (hub/boom/arm),"[7.0, 55.0, 581.0]",4.0724,3.2223,1.4644,3.3956,1.3013,1.887,7.367,2.382,0.456,5.226
0,0.8,3.0,calm,0.0,0.0,2.8625,2.8625,0.0,1.994,1.6847,cradle (hub/boom/arm),"[-0.0, 56.0, 619.0]",15.0451,0.3021,0.7865,0.8138,0.2285,0.197,1.994,0.303,0.074,0.253
0,0.8,3.0,head-on (+Y),10.0,40.0239,2.8625,2.8625,0.0,2.0875,1.7082,cradle (hub/boom/arm),"[-0.0, 56.0, 619.0]",14.3715,1.1892,0.9013,1.3735,0.4139,0.829,2.087,0.675,0.162,0.349
0,0.8,3.0,head-on (+Y),15.0,90.0538,2.8625,2.8625,0.0,2.2044,1.774,cradle (hub/boom/arm),"[-0.0, 56.0, 619.0]",13.6089,2.564,2.2993,2.8748,0.6457,1.904,2.204,1.482,0.357,0.558
0,0.8,3.0,head-on (+Y),20.0,160.0956,2.8625,2.8625,0.0,3.4106,2.9861,columns,"[-94.0, 29.0, 226.0]",8.7962,4.5104,4.4103,4.9889,0.9703,3.411,2.368,2.619,0.63,0.951
0,0.8,3.0,head-on (+Y),25.0,250.1493,2.8625,2.8625,0.0,5.347,4.7245,columns,"[-94.0, 29.0, 226.0]",5.6106,7.0192,7.1557,7.7107,1.3875,5.347,2.58,4.249,0.982,1.491
0,0.8,3.0,head-on (+Y),30.0,360.215,2.8625,2.8625,0.0,7.7389,6.8358,columns,"[92.0, -30.0, 231.0]",3.8765,10.0879,10.5215,11.0538,1.8975,7.739,2.838,6.243,1.411,2.159
0,0.8,3.0,head-on (+Y),40.0,640.3822,2.8625,2.8625,0.0,13.9002,12.2332,columns,"[92.0, -30.0, 231.0]",2.1582,17.9021,19.1011,19.8585,3.1957,13.9,4.001,11.318,2.505,3.86
0,0.8,3.0,side (+X),10.0,9.2363,2.8625,2.8625,0.0,1.9959,1.7068,cradle (hub/boom/arm),"[-0.0, 56.0, 619.0]",15.0305,0.4405,0.7958,0.8235,0.2526,0.306,1.996,0.505,0.11,0.563
0,0.8,3.0,side (+X),15.0,20.7816,2.8625,2.8625,0.0,2.1328,1.7878,cradle (hub/boom/arm),"[7.0, 55.0, 581.0]",14.0662,0.7907,0.8219,0.8508,0.3311,0.489,2.133,0.766,0.158,1.155
0,0.8,3.0,side (+X),20.0,36.9451,2.8625,2.8625,0.0,2.5132,2.0351,cradle (hub/boom/arm),"[-16.0, 55.0, 611.0]",11.9368,1.3392,0.8827,1.39,0.4819,0.752,2.513,1.132,0.224,2.115
0,0.8,3.0,side (+X),25.0,57.7268,2.8625,2.8625,0.0,3.353,2.6396,shoulders,"[-53.0, 12.0, 590.0]",8.9471,2.065,0.9943,2.1257,0.7001,1.091,3.28,1.603,0.31,3.353
0,0.8,3.0,side (+X),30.0,83.1265,2.8625,2.8625,0.0,4.8671,3.4603,shoulders,"[-53.0, 12.0, 590.0]",6.1638,2.9602,1.1667,3.0345,0.9791,1.505,4.271,2.211,0.414,4.867
0,0.8,3.0,side (+X),40.0,147.7805,2.8625,2.8625,0.0,8.7224,5.789,shoulders,"[-53.0, 12.0, 590.0]",3.4394,5.2496,1.6995,5.3662,1.7063,2.559,7.047,3.979,0.682,8.722
0,0.8,6.0,calm,0.0,0.0,5.0517,5.0517,0.0,3.3979,2.9031,cradle (hub/boom/arm),"[-0.0, 56.0, 619.0]",8.829,0.5213,1.3178,1.3571,0.3906,0.343,3.398,0.47,0.112,0.442
0,0.8,6.0,head-on (+Y),10.0,40.0239,5.0517,5.0517,0.0,3.4913,2.9116,cradle (hub/boom/arm),"[-0.0, 56.0, 619.0]",8.5927,1.3297,1.0632,1.5624,0.576,0.839,3.491,0.72,0.172,0.524
0,0.8,6.0,head-on (+Y),15.0,90.0538,5.0517,5.0517,0.0,3.6082,2.9489,cradle (hub/boom/arm),"[-0.0, 56.0, 619.0]",8.3143,2.673,2.1459,3.0465,0.8078,1.914,3.608,1.519,0.363,0.678
0,0.8,6.0,head-on (+Y),20.0,160.0956,5.0517,5.0517,0.0,3.7721,3.0933,cradle (hub/boom/arm),"[-0.0, 56.0, 619.0]",7.9532,4.6063,4.1676,5.153,1.1323,3.42,3.772,2.65,0.636,0.99
0,0.8,6.0,head-on (+Y),25.0,250.1493,5.0517,5.0517,0.0,5.3567,4.6888,columns,"[-94.0, 29.0, 226.0]",5.6004,7.1087,6.8791,7.871,1.5496,5.357,3.983,4.104,0.988,1.487
0,0.8,6.0,head-on (+Y),30.0,360.215,5.0517,5.0517,0.0,7.7235,6.8144,columns,"[-94.0, 29.0, 226.0]",3.8843,10.1738,10.2284,11.197,2.0596,7.723,4.241,6.091,1.417,2.144
0,0.8,6.0,head-on (+Y),40.0,640.3822,5.0517,5.0517,0.0,13.8207,12.1978,columns,"[92.0, -30.0, 231.0]",2.1707,17.9845,18.7928,19.7215,3.3578,13.821,4.899,11.166,2.51,3.84
0,0.8,6.0,side (+X),10.0,9.2363,5.0517,5.0517,0.0,3.3998,2.9086,cradle (hub/boom/arm),"[-0.0, 56.0, 619.0]",8.8241,0.6087,1.3249,1.3647,0.4056,0.43,3.4,0.671,0.148,0.643
0,0.8,6.0,side (+X),15.0,20.7816,5.0517,5.0517,0.0,3.4293,2.956,cradle (hub/boom/arm),"[2.0, 55.0, 579.0]",8.7482,0.8926,1.3425,1.3829,0.459,0.564,3.429,0.932,0.196,1.218
0,0.8,6.0,side (+X),20.0,36.9451,5.0517,5.0517,0.0,3.6604,3.0679,cradle (hub/boom/arm),"[7.0, 55.0, 581.0]",8.1958,1.3993,1.3831,1.4663,0.5778,0.826,3.66,1.298,0.262,2.057
0,0.8,6.0,side (+X),25.0,57.7268,5.0517,5.0517,0.0,4.0917,3.33,cradle (hub/boom/arm),"[-16.0, 55.0, 611.0]",7.3319,2.1023,1.4599,2.1767,0.7697,1.165,4.092,1.769,0.348,3.291
0,0.8,6.0,side (+X),30.0,83.1265,5.0517,5.0517,0.0,5.0289,4.0106,cradle (hub/boom/arm),"[-16.0, 55.0, 611.0]",5.9655,2.9846,1.5858,3.0713,1.0304,1.578,5.029,2.345,0.452,4.803
0,0.8,6.0,side (+X),40.0,147.7805,5.0517,5.0517,0.0,8.6567,6.1119,shoulders,"[-53.0, 12.0, 590.0]",3.4655,5.2607,2.0173,5.3823,1.7369,2.633,7.529,3.936,0.719,8.657
0,0.8,9.0,calm,0.0,0.0,7.2409,7.2409,0.0,4.8081,4.1126,cradle (hub/boom/arm),"[3.0, -55.0, 619.0]",6.2395,0.7428,1.8498,1.901,0.5528,0.489,4.808,0.637,0.15,0.633
0,0.8,9.0,head-on (+Y),10.0,40.0239,7.2409,7.2409,0.0,4.8952,4.1306,cradle (hub/boom/arm),"[-0.0, 56.0, 619.0]",6.1284,1.4904,1.4198,1.7618,0.7381,0.849,4.895,0.769,0.183,0.705
0,0.8,9.0,head-on (+Y),15.0,90.0538,7.2409,7.2409,0.0,5.0121,4.1455,cradle (hub/boom/arm),"[-0.0, 56.0, 619.0]",5.9855,2.7956,2.119,3.2259,0.9699,1.924,5.012,1.556,0.369,0.837
0,0.8,9.0,head-on (+Y),20.0,160.0956,7.2409,7.2409,0.0,5.1758,4.2023,cradle (hub/boom/arm),"[-0.0, 56.0, 619.0]",5.7962,4.7108,3.9817,5.3222,1.2944,3.43,5.176,2.687,0.642,1.111
0,0.8,9.0,head-on (+Y),25.0,250.1493,7.2409,7.2409,0.0,5.3865,4.6959,cradle (hub/boom/arm),"[-0.0, 56.0, 619.0]",5.5695,7.204,6.6338,8.0348,1.7116,5.367,5.387,4.141,0.993,1.512
0,0.8,9.0,head-on (+Y),30.0,360.215,7.2409,7.2409,0.0,7.7332,6.7769,columns,"[-94.0, 29.0, 226.0]",3.8794,10.2639,9.9552,11.3576,2.2216,7.733,5.644,5.941,1.423,2.143
0,0.8,9.0,head-on (+Y),40.0,640.3822,7.2409,7.2409,0.0,13.7577,12.1736,columns,"[-94.0, 29.0, 226.0]",2.1806,18.0692,18.4947,19.8257,3.5198,13.758,6.301,11.014,2.516,3.823
0,0.8,9.0,side (+X),10.0,9.2363,7.2409,7.2409,0.0,4.8065,4.1342,cradle (hub/boom/arm),"[3.0, -55.0, 619.0]",6.2416,0.804,1.8559,1.9076,0.5637,0.576,4.806,0.838,0.187,0.744
0,0.8,9.0,side (+X),15.0,20.7816,7.2409,7.2409,0.0,4.8061,4.1497,cradle (hub/boom/arm),"[-0.0, 56.0, 619.0]",6.2421,1.0332,1.8699,1.9222,0.6035,0.694,4.806,1.099,0.234,1.295
0,0.8,9.0,side (+X),20.0,36.9451,7.2409,7.2409,0.0,4.9316,4.2261,cradle (hub/boom/arm),"[7.0, 55.0, 581.0]",6.0833,1.4906,1.901,1.954,0.6985,0.901,4.932,1.465,0.3,2.105
0,0.8,9.0,side (+X),25.0,57.7268,7.2409,7.2409,0.0,5.2614,4.386,cradle (hub/boom/arm),"[7.0, 55.0, 581.0]",5.702,2.1621,1.9599,2.2507,0.8644,1.239,5.261,1.936,0.386,3.232
0,0.8,9.0,side (+X),30.0,83.1265,7.2409,7.2409,0.0,5.8406,4.7288,cradle (hub/boom/arm),"[-16.0, 55.0, 611.0]",5.1365,3.0251,2.058,3.1253,1.1033,1.652,5.841,2.511,0.49,4.742
0,0.8,9.0,side (+X),40.0,147.7805,7.2409,7.2409,0.0,8.5923,6.6242,shoulders,"[-53.0, 12.0, 590.0]",3.4915,5.2811,2.412,5.4141,1.7817,2.706,8.227,3.976,0.757,8.592
0,0.8,12.0,calm,0.0,0.0,7.8,9.4302,49.6389,6.1953,4.8144,cradle (hub/boom/arm),"[-0.0, 56.0, 619.0]",4.8424,1.2233,1.5863,1.6375,0.819,0.768,6.195,0.642,0.154,1.589
0,0.8,12.0,head-on (+Y),10.0,40.0239,7.8,9.4302,49.6389,6.2887,4.8143,cradle (hub/boom/arm),"[-0.0, 56.0, 619.0]",4.7704,2.0408,1.4161,2.3962,1.0044,1.05,6.289,0.928,0.208,1.596
0,0.8,12.0,head-on (+Y),15.0,90.0538,7.8,9.4302,49.6389,6.4056,4.8285,cradle (hub/boom/arm),"[-0.0, 56.0, 619.0]",4.6834,3.3176,2.3661,3.8435,1.2362,2.125,6.406,1.706,0.394,1.686
0,0.8,12.0,head-on (+Y),20.0,160.0956,7.8,9.4302,49.6389,6.5693,4.8735,cradle (hub/boom/arm),"[-0.0, 56.0, 619.0]",4.5667,5.2088,4.3045,5.9255,1.5607,3.631,6.569,2.832,0.665,1.852
0,0.8,12.0,head-on (+Y),25.0,250.1493,7.8,9.4302,49.6389,6.7799,5.1207,cradle (hub/boom/arm),"[-0.0, 56.0, 619.0]",4.4249,7.6866,6.9782,8.6287,1.9779,5.567,6.78,4.286,1.016,2.083
0,0.8,12.0,head-on (+Y),30.0,360.215,7.8,9.4302,49.6389,7.9341,6.9276,columns,"[-94.0, 29.0, 226.0]",3.7812,10.7369,10.308,11.9455,2.4879,7.934,7.037,6.063,1.445,2.432
0,0.8,12.0,head-on (+Y),40.0,640.3822,7.8,9.4302,49.6389,13.9585,12.3275,columns,"[-94.0, 29.0, 226.0]",2.1492,18.5316,18.8539,20.4068,3.786,13.958,7.694,11.056,2.539,4.003
0,0.8,12.0,side (+X),10.0,9.2363,7.8,9.4302,49.6389,6.1972,4.8269,cradle (hub/boom/arm),"[-0.0, 56.0, 619.0]",4.8409,1.2585,1.5929,1.6432,0.8264,0.861,6.197,0.848,0.191,1.504
0,0.8,12.0,side (+X),15.0,20.7816,7.8,9.4302,49.6389,6.1996,4.8552,cradle (hub/boom/arm),"[-0.0, 56.0, 619.0]",4.839,1.4126,1.6084,1.6573,0.854,0.983,6.2,1.108,0.238,1.981
0,0.8,12.0,side (+X),20.0,36.9451,7.8,9.4302,49.6389,6.2443,4.9335,cradle (hub/boom/arm),"[2.0, 55.0, 579.0]",4.8044,1.7711,1.6435,1.8717,0.9235,1.158,6.244,1.472,0.304,2.737
0,0.8,12.0,side (+X),25.0,57.7268,7.8,9.4302,49.6389,6.5156,5.1392,cradle (hub/boom/arm),"[7.0, 55.0, 581.0]",4.6043,2.3606,1.7101,2.4524,1.0545,1.391,6.516,1.942,0.389,3.749
0,0.8,12.0,side (+X),30.0,83.1265,7.8,9.4302,49.6389,6.9188,5.5565,cradle (hub/boom/arm),"[7.0, 55.0, 581.0]",4.336,3.1668,1.8204,3.2585,1.2577,1.681,6.919,2.517,0.494,5.01
0,0.8,12.0,side (+X),40.0,147.7805,7.8,9.4302,49.6389,9.0221,7.1626,cradle (hub/boom/arm),"[-16.0, 55.0, 611.0]",3.3252,5.3587,2.2098,5.4672,1.881,2.64,9.022,3.982,0.76,8.26
0,0.8,15.0,calm,0.0,0.0,7.8,11.6194,116.3011,7.5853,5.7685,cradle (hub/boom/arm),"[-0.0, 56.0, 619.0]",3.955,1.8593,1.1504,2.1086,1.1211,1.118,7.585,0.625,0.147,3.028
0,0.8,15.0,head-on (+Y),10.0,40.0239,7.8,11.6194,116.3011,7.6787,5.7788,cradle (hub/boom/arm),"[-0.0, 56.0, 619.0]",3.9069,2.7216,1.5128,3.1785,1.3064,1.348,7.679,1.125,0.239,3.03
0,0.8,15.0,head-on (+Y),15.0,90.0538,7.8,11.6194,116.3011,7.7956,5.7947,cradle (hub/boom/arm),"[-0.0, 56.0, 619.0]",3.8483,3.9813,2.7797,4.6148,1.5382,2.392,7.796,1.905,0.425,3.133
0,0.8,15.0,head-on (+Y),20.0,160.0956,7.8,11.6194,116.3011,7.9592,5.8114,cradle (hub/boom/arm),"[-0.0, 56.0, 619.0]",3.7692,5.8496,4.8208,6.683,1.8627,3.898,7.959,3.014,0.693,3.311
0,0.8,15.0,head-on (+Y),25.0,250.1493,7.8,11.6194,116.3011,8.1698,5.8874,cradle (hub/boom/arm),"[-0.0, 56.0, 619.0]",3.6721,8.3099,7.5318,9.3753,2.2799,5.834,8.17,4.468,1.044,3.543
0,0.8,15.0,head-on (+Y),30.0,360.215,7.8,11.6194,116.3011,8.4273,7.2036,cradle (hub/boom/arm),"[-0.0, 56.0, 619.0]",3.5599,11.3479,10.8788,12.6844,2.7899,8.2,8.427,6.246,1.473,3.829
0,0.8,15.0,head-on (+Y),40.0,640.3822,7.8,11.6194,116.3011,14.2248,12.5519,columns,"[-94.0, 29.0, 226.0]",2.109,19.1281,19.4395,21.1364,4.088,14.225,9.083,11.165,2.567,4.571
0,0.8,15.0,side (+X),10.0,9.2363,7.8,11.6194,116.3011,7.5871,5.7673,cradle (hub/boom/arm),"[-0.0, 56.0, 619.0]",3.9541,1.8803,1.1577,2.1259,1.1263,1.209,7.587,0.822,0.183,2.73
0,0.8,15.0,side (+X),15.0,20.7816,7.8,11.6194,116.3011,7.5895,5.8026,cradle (hub/boom/arm),"[-0.0, 56.0, 619.0]",3.9528,1.9841,1.177,2.2173,1.1466,1.327,7.59,1.075,0.23,2.974
0,0.8,15.0,side (+X),20.0,36.9451,7.8,11.6194,116.3011,7.5946,5.9165,cradle (hub/boom/arm),"[2.0, 55.0, 579.0]",3.9502,2.25,1.2218,2.4744,1.1991,1.498,7.595,1.435,0.296,3.669
0,0.8,15.0,side (+X),25.0,57.7268,7.8,11.6194,116.3011,7.7642,6.1372,cradle (hub/boom/arm),"[7.0, 55.0, 581.0]",3.8639,2.7347,1.3067,2.9393,1.3025,1.724,7.764,1.901,0.381,4.624
0,0.8,15.0,side (+X),30.0,83.1265,7.8,11.6194,116.3011,8.1673,6.4901,cradle (hub/boom/arm),"[7.0, 55.0, 581.0]",3.6732,3.4513,1.4445,3.6442,1.4716,2.007,8.167,2.474,0.486,5.837
0,0.8,15.0,side (+X),40.0,147.7805,7.8,11.6194,116.3011,9.8124,7.8533,cradle (hub/boom/arm),"[-16.0, 55.0, 611.0]",3.0574,5.526,1.9051,5.7128,2.0299,2.746,9.812,3.935,0.751,9.023
0,1.0,3.0,calm,0.0,0.0,3.152,3.152,0.0,2.2339,1.8779,cradle (hub/boom/arm),"[-0.0, 56.0, 619.0]",13.4294,0.3364,0.895,0.9309,0.256,0.231,2.234,0.352,0.086,0.266
0,1.0,3.0,head-on (+Y),10.0,62.5373,3.152,3.152,0.0,2.3799,1.9119,cradle (hub/boom/arm),"[-0.0, 56.0, 619.0]",12.6053,1.7734,1.4298,2.026,0.5456,1.272,2.38,1.007,0.241,0.438
0,1.0,3.0,head-on (+Y),15.0,140.709,3.152,3.152,0.0,2.9527,2.569,columns,"[-94.0, 29.0, 226.0]",10.1602,3.9365,3.7324,4.3802,0.9078,2.953,2.563,2.269,0.546,0.834
0,1.0,3.0,head-on (+Y),20.0,250.1493,3.152,3.152,0.0,5.306,4.6841,columns,"[-94.0, 29.0, 226.0]",5.654,6.9834,7.061,7.6869,1.4149,5.306,2.819,4.2,0.973,1.488
0,1.0,3.0,head-on (+Y),25.0,390.8583,3.152,3.152,0.0,8.3646,7.3852,columns,"[92.0, -30.0, 231.0]",3.5866,10.906,11.3627,11.9432,2.0669,8.365,3.15,6.749,1.522,2.341
0,1.0,3.0,head-on (+Y),30.0,562.836,3.152,3.152,0.0,12.1466,10.7013,columns,"[92.0, -30.0, 231.0]",2.4698,15.7023,16.628,17.2757,2.8638,12.147,3.554,9.865,2.194,3.385
0,1.0,3.0,head-on (+Y),40.0,1000.5973,3.152,3.152,0.0,21.7737,19.1223,columns,"[92.0, -30.0, 231.0]",1.3778,27.9135,30.0393,31.2651,4.8923,21.774,6.253,17.795,3.902,6.045
0,1.0,3.0,side (+X),10.0,14.4317,3.152,3.152,0.0,2.2691,1.9383,cradle (hub/boom/arm),"[7.0, 55.0, 581.0]",13.221,0.6293,0.9171,0.9534,0.3147,0.436,2.269,0.674,0.145,0.879
0,1.0,3.0,side (+X),15.0,32.4713,3.152,3.152,0.0,2.5972,2.1855,cradle (hub/boom/arm),"[-16.0, 55.0, 611.0]",11.5509,1.2508,0.985,1.3148,0.4825,0.731,2.597,1.093,0.222,1.922
0,1.0,3.0,side (+X),20.0,57.7268,3.152,3.152,0.0,3.6162,2.9255,cradle (hub/boom/arm),"[-16.0, 55.0, 611.0]",8.296,2.173,1.1395,2.2497,0.7691,1.154,3.616,1.678,0.329,3.491
0,1.0,3.0,side (+X),25.0,90.1981,3.152,3.152,0.0,5.5108,4.0987,shoulders,"[-53.0, 12.0, 590.0]",5.4439,3.3748,1.4048,3.4722,1.1605,1.701,5.005,2.458,0.467,5.511
0,1.0,3.0,side (+X),30.0,129.8852,3.152,3.152,0.0,7.9797,5.6229,shoulders,"[-53.0, 12.0, 590.0]",3.7595,4.85,1.7846,4.977,1.6489,2.37,6.838,3.568,0.636,7.98
0,1.0,3.0,side (+X),40.0,230.9071,3.152,3.152,0.0,14.2652,9.7094,shoulders,"[-53.0, 12.0, 590.0]",2.103,8.6131,2.8609,8.8156,2.9052,4.074,11.757,6.403,1.065,14.265
0,1.0,6.0,calm,0.0,0.0,5.4994,5.4994,0.0,3.7688,3.188,cradle (hub/boom/arm),"[-0.0, 56.0, 619.0]",7.9601,0.5677,1.4836,1.5366,0.433,0.354,3.769,0.545,0.131,0.46
0,1.0,6.0,head-on (+Y),10.0,62.5373,5.4994,5.4994,0.0,3.9148,3.2164,cradle (hub/boom/arm),"[-0.0, 56.0, 619.0]",7.6632,1.8851,1.4091,2.1968,0.7227,1.259,3.915,1.028,0.244,0.602
0,1.0,6.0,head-on (+Y),15.0,140.709,5.4994,5.4994,0.0,4.0975,3.2749,cradle (hub/boom/arm),"[-0.0, 56.0, 619.0]",7.3215,4.0192,3.4711,4.535,1.0849,2.94,4.098,2.288,0.548,0.908
0,1.0,6.0,head-on (+Y),20.0,250.1493,5.4994,5.4994,0.0,5.2933,4.6282,columns,"[-94.0, 29.0, 226.0]",5.6675,7.0551,6.7397,7.8352,1.592,5.293,4.354,4.056,0.975,1.485
0,1.0,6.0,head-on (+Y),25.0,390.8583,5.4994,5.4994,0.0,8.319,7.3404,columns,"[-94.0, 29.0, 226.0]",3.6062,10.9726,11.018,12.0867,2.2439,8.319,4.683,6.571,1.524,2.325
0,1.0,6.0,head-on (+Y),30.0,562.836,5.4994,5.4994,0.0,12.0407,10.6455,columns,"[92.0, -30.0, 231.0]",2.4915,15.766,16.2715,17.2861,3.0408,12.041,5.087,9.686,2.195,3.365
0,1.0,6.0,head-on (+Y),40.0,1000.5973,5.4994,5.4994,0.0,21.6678,19.0747,columns,"[92.0, -30.0, 231.0]",1.3845,27.9744,29.6719,30.8238,5.0693,21.668,6.248,17.616,3.903,6.021
0,1.0,6.0,side (+X),10.0,14.4317,5.4994,5.4994,0.0,3.7722,3.2122,cradle (hub/boom/arm),"[-0.0, 56.0, 619.0]",7.9529,0.774,1.4996,1.5533,0.4708,0.532,3.772,0.865,0.19,0.958
0,1.0,6.0,side (+X),15.0,32.4713,5.4994,5.4994,0.0,3.971,3.3426,cradle (hub/boom/arm),"[7.0, 55.0, 581.0]",7.5548,1.3267,1.5451,1.5997,0.5968,0.826,3.971,1.283,0.266,1.926
0,1.0,6.0,side (+X),20.0,57.7268,5.4994,5.4994,0.0,4.5026,3.7145,cradle (hub/boom/arm),"[-16.0, 55.0, 611.0]",6.6628,2.2151,1.6519,2.3133,0.8461,1.245,4.503,1.869,0.374,3.423
0,1.0,6.0,side (+X),25.0,90.1981,5.4994,5.4994,0.0,5.8129,4.6801,cradle (hub/boom/arm),"[-16.0, 55.0, 611.0]",5.1609,3.4001,1.8495,3.5153,1.2134,1.792,5.813,2.622,0.512,5.44
0,1.0,6.0,side (+X),30.0,129.8852,5.4994,5.4994,0.0,7.9083,6.0579,shoulders,"[-53.0, 12.0, 590.0]",3.7935,4.8659,2.1569,5.004,1.687,2.461,7.446,3.543,0.68,7.908
0,1.0,6.0,side (+X),40.0,230.9071,5.4994,5.4994,0.0,14.1926,9.9603,shoulders,"[-53.0, 12.0, 590.0]",2.1138,8.6196,3.1153,8.8325,2.9277,4.164,12.111,6.349,1.11,14.193
0,1.0,9.0,calm,0.0,0.0,7.8,7.8467,1.4234,5.3034,4.4775,cradle (hub/boom/arm),"[-0.0, 56.0, 619.0]",5.6567,0.8065,2.0494,2.1179,0.6131,0.507,5.303,0.734,0.175,0.659
0,1.0,9.0,head-on (+Y),10.0,62.5373,7.8,7.8467,1.4234,5.4494,4.5189,cradle (hub/boom/arm),"[-0.0, 56.0, 619.0]",5.5052,2.0294,1.613,2.3912,0.9028,1.253,5.449,1.064,0.251,0.787
0,1.0,9.0,head-on (+Y),15.0,140.709,7.8,7.8467,1.4234,5.6321,4.5442,cradle (hub/boom/arm),"[-0.0, 56.0, 619.0]",5.3266,4.1248,3.307,4.7089,1.2649,2.933,5.632,2.311,0.55,1.035
0,1.0,9.0,head-on (+Y),20.0,250.1493,7.8,7.8467,1.4234,5.888,4.7803,cradle (hub/boom/arm),"[-0.0, 56.0, 619.0]",5.0951,7.1449,6.4723,8.0,1.772,5.286,5.888,4.078,0.977,1.522
0,1.0,9.0,head-on (+Y),25.0,390.8583,7.8,7.8467,1.4234,8.3118,7.2922,columns,"[-94.0, 29.0, 226.0]",3.6093,11.0546,10.7122,12.2468,2.4239,8.312,6.217,6.399,1.526,2.327
0,1.0,9.0,head-on (+Y),30.0,562.836,7.8,7.8467,1.4234,12.0099,10.6026,columns,"[-94.0, 29.0, 226.0]",2.4979,15.8437,15.9473,17.4436,3.2208,12.01,6.621,9.513,2.197,3.354
0,1.0,9.0,head-on (+Y),40.0,1000.5973,7.8,7.8467,1.4234,21.5683,19.0242,columns,"[92.0, -30.0, 231.0]",1.3909,28.0478,29.3308,30.7548,5.2492,21.568,7.649,17.443,3.905,5.998
0,1.0,9.0,side (+X),10.0,14.4317,7.8,7.8467,1.4234,5.3068,4.5103,cradle (hub/boom/arm),"[-0.0, 56.0, 619.0]",5.6531,0.9597,2.0627,2.1321,0.6408,0.645,5.307,1.051,0.233,1.058
0,1.0,9.0,side (+X),15.0,32.4713,7.8,7.8467,1.4234,5.3653,4.5994,cradle (hub/boom/arm),"[2.0, 55.0, 579.0]",5.5914,1.4402,2.0982,2.1681,0.7388,0.915,5.365,1.469,0.31,2.017
0,1.0,9.0,side (+X),20.0,57.7268,7.8,7.8467,1.4234,5.7978,4.8027,cradle (hub/boom/arm),"[7.0, 55.0, 581.0]",5.1744,2.2825,2.181,2.4016,0.9522,1.332,5.798,2.054,0.417,3.376
0,1.0,9.0,side (+X),25.0,90.1981,7.8,7.8467,1.4234,6.6988,5.449,cradle (hub/boom/arm),"[-16.0, 55.0, 611.0]",4.4784,3.4423,2.3377,3.577,1.2901,1.879,6.699,2.807,0.555,5.36
0,1.0,9.0,side (+X),30.0,129.8852,7.8,7.8467,1.4234,8.3004,6.6843,cradle (hub/boom/arm),"[-16.0, 55.0, 611.0]",3.6143,4.8938,2.5916,5.0501,1.7435,2.547,8.3,3.728,0.724,7.826
0,1.0,9.0,side (+X),40.0,230.9071,7.8,7.8467,1.4234,14.1078,10.3427,shoulders,"[-53.0, 12.0, 590.0]",2.1265,8.6328,3.438,8.8547,2.9613,4.25,12.634,6.305,1.153,14.108
0,1.0,12.0,calm,0.0,0.0,7.8,10.1941,72.9011,6.8234,5.2702,cradle (hub/boom/arm),"[-0.0, 56.0, 619.0]",4.3966,1.3905,1.4842,1.5365,0.9402,0.853,6.823,0.683,0.17,2.074
0,1.0,12.0,head-on (+Y),10.0,62.5373,7.8,10.1941,72.9011,6.9694,5.2828,cradle (hub/boom/arm),"[-0.0, 56.0, 619.0]",4.3045,2.7308,1.7204,3.2022,1.2299,1.515,6.969,1.258,0.279,2.116
0,1.0,12.0,head-on (+Y),15.0,140.709,7.8,10.1941,72.9011,7.152,5.3318,cradle (hub/boom/arm),"[-0.0, 56.0, 619.0]",4.1946,4.7878,3.7733,5.4969,1.592,3.196,7.152,2.487,0.575,2.296
0,1.0,12.0,head-on (+Y),20.0,250.1493,7.8,10.1941,72.9011,7.4079,5.4399,cradle (hub/boom/arm),"[-0.0, 56.0, 619.0]",4.0497,7.7818,7.0224,8.7722,2.0991,5.549,7.408,4.254,1.002,2.58
0,1.0,12.0,head-on (+Y),25.0,390.8583,7.8,10.1941,72.9011,8.5743,7.5025,columns,"[-94.0, 29.0, 226.0]",3.4988,11.6763,11.2904,13.0095,2.751,8.574,7.737,6.526,1.551,2.952
0,1.0,12.0,head-on (+Y),30.0,562.836,7.8,10.1941,72.9011,12.2723,10.8271,columns,"[-94.0, 29.0, 226.0]",2.4445,16.4563,16.5383,18.2005,3.5479,12.272,8.14,9.614,2.222,3.7
0,1.0,12.0,head-on (+Y),40.0,1000.5973,7.8,10.1941,72.9011,21.7827,19.2436,columns,"[92.0, -30.0, 231.0]",1.3772,28.6506,29.9329,31.4307,5.5763,21.783,9.167,17.542,3.93,6.204
0,1.0,12.0,side (+X),10.0,14.4317,7.8,10.1941,72.9011,6.8268,5.3214,cradle (hub/boom/arm),"[-0.0, 56.0, 619.0]",4.3945,1.4798,1.5006,1.6076,0.9583,1.002,6.827,1.013,0.229,2.076
0,1.0,12.0,side (+X),15.0,32.4713,7.8,10.1941,72.9011,6.8412,5.428,cradle (hub/boom/arm),"[2.0, 55.0, 579.0]",4.3852,1.8234,1.5465,1.9419,1.0262,1.199,6.841,1.429,0.305,2.93
0,1.0,12.0,side (+X),20.0,57.7268,7.8,10.1941,72.9011,7.1623,5.7299,cradle (hub/boom/arm),"[7.0, 55.0, 581.0]",4.1886,2.5369,1.6537,2.6417,1.1888,1.487,7.162,2.013,0.412,4.217
0,1.0,12.0,side (+X),25.0,90.1981,7.8,10.1941,72.9011,7.7263,6.3648,cradle (hub/boom/arm),"[7.0, 55.0, 581.0]",3.8828,3.6115,1.8518,3.7175,1.4732,1.867,7.726,2.765,0.55,5.924
0,1.0,12.0,side (+X),30.0,129.8852,7.8,10.1941,72.9011,9.1637,7.4011,cradle (hub/boom/arm),"[-16.0, 55.0, 611.0]",3.2738,5.0103,2.1596,5.1256,1.8827,2.438,9.164,3.685,0.718,8.041
0,1.0,12.0,side (+X),40.0,230.9071,7.8,10.1941,72.9011,13.476,10.7602,shoulders,"[48.0, 16.0, 597.0]",2.2262,8.6936,3.1184,8.86,3.045,4.142,13.282,6.302,1.148,13.476
0,1.0,15.0,calm,0.0,0.0,7.8,12.5415,144.3789,8.3435,6.4417,cradle (hub/boom/arm),"[-0.0, 56.0, 619.0]",3.5956,2.0561,1.0399,2.3251,1.2673,1.221,8.343,0.674,0.166,3.616
0,1.0,15.0,head-on (+Y),10.0,62.5373,7.8,12.5415,144.3789,8.4894,6.4514,cradle (hub/boom/arm),"[-0.0, 56.0, 619.0]",3.5338,3.4362,2.0477,4.0161,1.557,1.778,8.489,1.453,0.308,3.669
0,1.0,15.0,head-on (+Y),15.0,140.709,7.8,12.5415,144.3789,8.672,6.503,cradle (hub/boom/arm),"[-0.0, 56.0, 619.0]",3.4594,5.4629,4.2912,6.2927,1.9191,3.458,8.672,2.677,0.6,3.866
0,1.0,15.0,head-on (+Y),20.0,250.1493,7.8,12.5415,144.3789,8.9278,6.5316,cradle (hub/boom/arm),"[-0.0, 56.0, 619.0]",3.3603,8.4306,7.5902,9.5521,2.4262,5.811,8.928,4.43,1.027,4.146
0,1.0,15.0,head-on (+Y),25.0,390.8583,7.8,12.5415,144.3789,9.2569,7.8172,cradle (hub/boom/arm),"[-0.0, 56.0, 619.0]",3.2408,12.3078,11.8773,13.7786,3.0781,8.837,9.257,6.702,1.576,4.511
0,1.0,15.0,head-on (+Y),30.0,562.836,7.8,12.5415,144.3789,12.5348,11.0361,columns,"[-94.0, 29.0, 226.0]",2.3933,17.0766,17.1344,18.9625,3.875,12.535,9.66,9.715,2.247,4.963
0,1.0,15.0,head-on (+Y),40.0,1000.5973,7.8,12.5415,144.3789,21.997,19.4645,columns,"[92.0, -30.0, 231.0]",1.3638,29.2583,30.5374,32.1845,5.9034,21.997,10.686,17.642,3.955,6.617
0,1.0,15.0,side (+X),10.0,14.4317,7.8,12.5415,144.3789,8.3467,6.4725,cradle (hub/boom/arm),"[-0.0, 56.0, 619.0]",3.5942,2.1141,1.0602,2.3742,1.2807,1.367,8.347,0.992,0.224,3.184
0,1.0,15.0,side (+X),15.0,32.4713,7.8,12.5415,144.3789,8.3511,6.5863,cradle (hub/boom/arm),"[-0.0, 56.0, 619.0]",3.5923,2.3636,1.1208,2.6111,1.3321,1.558,8.351,1.401,0.3,3.961
0,1.0,15.0,side (+X),20.0,57.7268,7.8,12.5415,144.3789,8.5271,6.8343,cradle (hub/boom/arm),"[7.0, 55.0, 581.0]",3.5182,2.9449,1.2604,3.1699,1.4608,1.838,8.527,1.98,0.407,5.171
0,1.0,15.0,side (+X),25.0,90.1981,7.8,12.5415,144.3789,9.0907,7.3641,cradle (hub/boom/arm),"[7.0, 55.0, 581.0]",3.3001,3.9048,1.5063,4.1162,1.7001,2.209,9.091,2.729,0.545,6.816
0,1.0,15.0,side (+X),30.0,129.8852,7.8,12.5415,144.3789,10.0273,8.2454,cradle (hub/boom/arm),"[-16.0, 55.0, 611.0]",2.9918,5.2219,1.8673,5.4305,2.0649,2.674,10.027,3.647,0.713,8.885
0,1.0,15.0,side (+X),40.0,230.9071,7.8,12.5415,144.3789,14.2592,11.3677,shoulders,"[48.0, 16.0, 597.0]",2.1039,8.8116,2.9162,9.0533,3.1605,4.035,14.104,6.299,1.142,14.259
0,1.2,3.0,calm,0.0,0.0,3.4415,3.4415,0.0,2.4738,2.0772,cradle (hub/boom/arm),"[-0.0, 56.0, 619.0]",12.127,0.3748,1.0046,1.0488,0.2834,0.28,2.474,0.401,0.098,0.278
0,1.2,3.0,head-on (+Y),10.0,90.0538,3.4415,3.4415,0.0,2.6841,2.1267,cradle (hub/boom/arm),"[-0.0, 56.0, 619.0]",11.1768,2.4993,2.1394,2.831,0.7006,1.823,2.684,1.42,0.34,0.563
0,1.2,3.0,head-on (+Y),15.0,202.6209,3.4415,3.4415,0.0,4.243,3.7284,columns,"[-94.0, 29.0, 226.0]",7.0705,5.6242,5.5192,6.227,1.2221,4.243,2.948,3.291,0.779,1.202
0,1.2,3.0,head-on (+Y),20.0,360.215,3.4415,3.4415,0.0,7.6424,6.7594,columns,"[92.0, -30.0, 231.0]",3.9255,10.0153,10.3292,10.9908,1.9524,7.642,3.317,6.145,1.395,2.152
0,1.2,3.0,head-on (+Y),25.0,562.836,3.4415,3.4415,0.0,12.0984,10.6593,columns,"[92.0, -30.0, 231.0]",2.4797,15.6656,16.5306,17.215,2.8912,12.098,3.793,9.816,2.185,3.382
0,1.2,3.0,head-on (+Y),30.0,810.4838,3.4415,3.4415,0.0,17.5446,15.4256,columns,"[92.0, -30.0, 231.0]",1.7099,22.5732,24.1161,25.0774,4.0388,17.545,5.056,14.302,3.152,4.886
0,1.2,3.0,head-on (+Y),40.0,1440.8601,3.4415,3.4415,0.0,31.4076,27.5768,columns,"[92.0, -30.0, 231.0]",0.9552,40.1583,43.4318,45.2322,6.9597,31.408,9.011,25.722,5.612,8.716
0,1.2,3.0,side (+X),10.0,20.7816,3.4415,3.4415,0.0,2.6257,2.2006,cradle (hub/boom/arm),"[7.0, 55.0, 581.0]",11.4254,0.8895,1.0517,1.0969,0.4024,0.591,2.626,0.877,0.187,1.297
0,1.2,3.0,side (+X),15.0,46.7587,3.4415,3.4415,0.0,3.4719,2.8419,cradle (hub/boom/arm),"[-16.0, 55.0, 611.0]",8.6408,1.8603,1.2003,1.9474,0.6994,1.034,3.472,1.494,0.3,2.92
0,1.2,3.0,side (+X),20.0,83.1265,3.4415,3.4415,0.0,5.2749,4.2022,shoulders,"[-53.0, 12.0, 590.0]",5.6873,3.2652,1.5191,3.3759,1.1695,1.659,5.106,2.357,0.46,5.275
0,1.2,3.0,side (+X),25.0,129.8852,3.4415,3.4415,0.0,8.3046,6.1425,shoulders,"[-53.0, 12.0, 590.0]",3.6125,5.0852,2.0262,5.2352,1.7938,2.474,7.426,3.647,0.665,8.305
0,1.2,3.0,side (+X),30.0,187.0347,3.4415,3.4415,0.0,12.008,8.6679,shoulders,"[-53.0, 12.0, 590.0]",2.4983,7.3148,2.7106,7.5128,2.5652,3.469,10.443,5.286,0.915,12.008
0,1.2,3.0,side (+X),40.0,332.5062,3.4415,3.4415,0.0,21.4357,15.0748,shoulders,"[-53.0, 12.0, 590.0]",1.3995,12.9967,4.5585,13.3171,4.5391,6.091,18.126,9.468,1.553,21.436
0,1.2,6.0,calm,0.0,0.0,5.947,5.947,0.0,4.1398,3.481,cradle (hub/boom/arm),"[-0.0, 56.0, 619.0]",7.2468,0.6211,1.6514,1.7177,0.4754,0.412,4.14,0.621,0.149,0.478
0,1.2,6.0,head-on (+Y),10.0,90.0538,5.947,5.947,0.0,4.35,3.5332,cradle (hub/boom/arm),"[-0.0, 56.0, 619.0]",6.8965,2.5838,1.9733,2.9846,0.8926,1.788,4.35,1.422,0.337,0.696
0,1.2,6.0,head-on (+Y),15.0,202.6209,5.947,5.947,0.0,4.6132,3.7862,cradle (hub/boom/arm),"[-0.0, 56.0, 619.0]",6.5031,5.6826,5.1746,6.3659,1.4141,4.208,4.613,3.24,0.776,1.202
0,1.2,6.0,head-on (+Y),20.0,360.215,5.947,5.947,0.0,7.5967,6.6968,columns,"[-94.0, 29.0, 226.0]",3.9491,10.0643,9.9401,11.1241,2.1443,7.597,4.982,5.941,1.391,2.14
0,1.2,6.0,head-on (+Y),25.0,562.836,5.947,5.947,0.0,11.9662,10.5882,columns,"[92.0, -30.0, 231.0]",2.5071,15.7102,16.1236,17.2491,3.0832,11.966,5.458,9.61,2.182,3.36
0,1.2,6.0,head-on (+Y),30.0,810.4838,5.947,5.947,0.0,17.4123,15.3469,columns,"[92.0, -30.0, 231.0]",1.7229,22.6154,23.7001,24.808,4.2307,17.412,6.039,14.096,3.149,4.862
0,1.2,6.0,head-on (+Y),40.0,1440.8601,5.947,5.947,0.0,31.2754,27.48,columns,"[92.0, -30.0, 231.0]",0.9592,40.198,43.0072,44.7282,7.1517,31.275,8.994,25.516,5.609,8.69
0,1.2,6.0,side (+X),10.0,20.7816,5.947,5.947,0.0,4.1677,3.5546,cradle (hub/boom/arm),"[2.0, 55.0, 579.0]",7.1982,1.014,1.6843,1.7513,0.5557,0.708,4.168,1.092,0.238,1.377
0,1.2,6.0,side (+X),15.0,46.7587,5.947,5.947,0.0,4.622,3.8589,cradle (hub/boom/arm),"[7.0, 55.0, 581.0]",6.4907,1.9202,1.7854,2.0378,0.7983,1.149,4.622,1.708,0.352,2.865
0,1.2,6.0,side (+X),20.0,83.1265,5.947,5.947,0.0,6.0261,4.8735,cradle (hub/boom/arm),"[-16.0, 55.0, 611.0]",4.9783,3.2975,2.0192,3.4345,1.232,1.771,6.026,2.571,0.511,5.199
0,1.2,6.0,side (+X),25.0,129.8852,5.947,5.947,0.0,8.227,6.6312,shoulders,"[-53.0, 12.0, 590.0]",3.6465,5.1041,2.4299,5.2704,1.8358,2.581,8.097,3.681,0.716,8.227
0,1.2,6.0,side (+X),30.0,187.0347,5.947,5.947,0.0,11.9296,8.9872,shoulders,"[-53.0, 12.0, 590.0]",2.5148,7.3264,3.03,7.5407,2.5953,3.576,10.873,5.235,0.966,11.93
0,1.2,6.0,side (+X),40.0,332.5062,5.947,5.947,0.0,21.3564,15.3378,shoulders,"[-53.0, 12.0, 590.0]",1.4047,13.001,4.7649,13.3376,4.557,6.111,18.509,9.407,1.604,21.356
0,1.2,9.0,calm,0.0,0.0,7.8,8.4525,19.87,5.8016,4.7194,cradle (hub/boom/arm),"[-0.0, 56.0, 619.0]",5.171,0.9342,1.9685,2.0374,0.7092,0.559,5.802,0.769,0.187,0.922
0,1.2,9.0,head-on (+Y),10.0,90.0538,7.8,8.4525,19.87,6.0118,4.7366,cradle (hub/boom/arm),"[-0.0, 56.0, 619.0]",4.9902,2.8444,2.0414,3.3221,1.1263,1.829,6.012,1.478,0.344,1.023
0,1.2,9.0,head-on (+Y),15.0,202.6209,7.8,8.4525,19.87,6.2749,4.7934,cradle (hub/boom/arm),"[-0.0, 56.0, 619.0]",4.781,5.9047,5.0948,6.682,1.6479,4.249,6.275,3.286,0.78,1.387
0,1.2,9.0,head-on (+Y),20.0,360.215,7.8,8.4525,19.87,7.6381,6.6858,columns,"[-94.0, 29.0, 226.0]",3.9277,10.2707,9.8212,11.4309,2.378,7.638,6.644,5.831,1.395,2.221
0,1.2,9.0,head-on (+Y),25.0,562.836,7.8,8.4525,19.87,11.995,10.5866,columns,"[-94.0, 29.0, 226.0]",2.501,15.9089,15.9892,17.5512,3.3169,11.995,7.118,9.483,2.186,3.407
0,1.2,9.0,head-on (+Y),30.0,810.4838,7.8,8.4525,19.87,17.3691,15.3528,columns,"[92.0, -30.0, 231.0]",1.7272,22.8099,23.5579,25.0374,4.4644,17.369,7.699,13.968,3.152,4.879
0,1.2,9.0,head-on (+Y),40.0,1440.8601,7.8,8.4525,19.87,31.2321,27.4861,columns,"[92.0, -30.0, 231.0]",0.9605,40.3882,42.8576,44.5291,7.3854,31.232,9.181,25.388,5.612,8.654
0,1.2,9.0,side (+X),10.0,20.7816,7.8,8.4525,19.87,5.8071,4.7583,cradle (hub/boom/arm),"[-0.0, 56.0, 619.0]",5.1661,1.2261,1.998,2.0678,0.7657,0.783,5.807,1.241,0.275,1.682
0,1.2,9.0,side (+X),15.0,46.7587,7.8,8.4525,19.87,6.1217,5.0242,cradle (hub/boom/arm),"[7.0, 55.0, 581.0]",4.9006,2.0365,2.086,2.1715,0.957,1.195,6.122,1.857,0.389,3.139
0,1.2,9.0,side (+X),20.0,83.1265,7.8,8.4525,19.87,6.981,5.8076,cradle (hub/boom/arm),"[-16.0, 55.0, 611.0]",4.2974,3.3635,2.2921,3.5085,1.3406,1.82,6.981,2.72,0.548,5.215
0,1.2,9.0,side (+X),25.0,129.8852,7.8,8.4525,19.87,9.0293,7.3192,cradle (hub/boom/arm),"[-16.0, 55.0, 611.0]",3.3225,5.1444,2.664,5.3179,1.9108,2.633,9.029,3.83,0.753,7.978
0,1.2,9.0,side (+X),30.0,187.0347,7.8,8.4525,19.87,11.6738,9.4441,shoulders,"[-53.0, 12.0, 590.0]",2.5699,7.3523,3.2239,7.5632,2.6492,3.629,11.588,5.199,1.004,11.674
0,1.2,9.0,side (+X),40.0,332.5062,7.8,8.4525,19.87,21.0938,15.5881,shoulders,"[-53.0, 12.0, 590.0]",1.4222,13.0125,4.8955,13.3437,4.5884,6.163,18.89,9.362,1.641,21.094
0,1.2,12.0,calm,0.0,0.0,7.8,10.9581,96.1634,7.4516,5.8413,cradle (hub/boom/arm),"[-0.0, 56.0, 619.0]",4.026,1.5578,1.3822,1.7097,1.0614,0.939,7.452,0.724,0.186,2.561
0,1.2,12.0,head-on (+Y),10.0,90.0538,7.8,10.9581,96.1634,7.6618,5.8762,cradle (hub/boom/arm),"[-0.0, 56.0, 619.0]",3.9155,3.5613,2.3798,4.1598,1.4785,2.088,7.662,1.669,0.369,2.667
0,1.2,12.0,head-on (+Y),15.0,202.6209,7.8,10.9581,96.1634,7.9248,5.9117,cradle (hub/boom/arm),"[-0.0, 56.0, 619.0]",3.7856,6.5768,5.6373,7.4933,2.0,4.508,7.925,3.455,0.802,2.955
0,1.2,12.0,head-on (+Y),20.0,360.215,7.8,10.9581,96.1634,8.2933,7.0127,cradle (hub/boom/arm),"[-0.0, 56.0, 619.0]",3.6174,10.9176,10.4083,12.2267,2.7302,7.897,8.293,6.0,1.417,3.367
0,1.2,12.0,head-on (+Y),25.0,562.836,7.8,10.9581,96.1634,12.2537,10.806,columns,"[-94.0, 29.0, 226.0]",2.4482,16.5419,16.5927,18.3382,3.669,12.254,8.768,9.576,2.208,3.905
0,1.2,12.0,head-on (+Y),30.0,810.4838,7.8,10.9581,96.1634,17.5788,15.5719,columns,"[-94.0, 29.0, 226.0]",1.7066,23.4347,24.1693,25.8192,4.8165,17.579,9.348,14.061,3.174,5.23
0,1.2,12.0,head-on (+Y),40.0,1440.8601,7.8,10.9581,96.1634,31.4417,27.6863,columns,"[92.0, -30.0, 231.0]",0.9541,41.0045,43.4762,45.1859,7.7375,31.442,10.829,25.479,5.634,8.881
0,1.2,12.0,side (+X),10.0,20.7816,7.8,10.9581,96.1634,7.457,5.8885,cradle (hub/boom/arm),"[-0.0, 56.0, 619.0]",4.0231,1.7423,1.4207,1.8813,1.0998,1.159,7.457,1.211,0.273,2.754
0,1.2,12.0,side (+X),15.0,46.7587,7.8,10.9581,96.1634,7.6025,6.1819,cradle (hub/boom/arm),"[7.0, 55.0, 581.0]",3.9461,2.3775,1.5383,2.4998,1.2403,1.454,7.603,1.824,0.387,4.095
0,1.2,12.0,side (+X),20.0,83.1265,7.8,10.9581,96.1634,8.2881,6.8553,cradle (hub/boom/arm),"[7.0, 55.0, 581.0]",3.6197,3.575,1.8034,3.6947,1.5553,1.887,8.288,2.686,0.546,6.093
0,1.2,12.0,side (+X),25.0,129.8852,7.8,10.9581,96.1634,9.9659,8.1447,cradle (hub/boom/arm),"[-16.0, 55.0, 611.0]",3.0103,5.2805,2.2527,5.4096,2.0669,2.529,9.966,3.795,0.751,8.728
0,1.2,12.0,side (+X),30.0,187.0347,7.8,10.9581,96.1634,12.4698,10.0733,cradle (hub/boom/arm),"[-16.0, 55.0, 611.0]",2.4058,7.4442,2.889,7.6033,2.7636,3.525,12.47,5.196,1.001,11.981
0,1.2,12.0,side (+X),40.0,332.5062,7.8,10.9581,96.1634,20.356,15.9857,shoulders,"[-53.0, 12.0, 590.0]",1.4738,13.0587,4.6749,13.3223,4.6551,6.06,19.356,9.366,1.639,20.356
0,1.2,15.0,calm,0.0,0.0,7.8,13.4636,172.4567,9.1017,7.1248,cradle (hub/boom/arm),"[-0.0, 56.0, 619.0]",3.2961,2.2539,0.9329,2.5421,1.4136,1.324,9.102,0.722,0.186,4.204
0,1.2,15.0,head-on (+Y),10.0,90.0538,7.8,13.4636,172.4567,9.3119,7.1339,cradle (hub/boom/arm),"[-0.0, 56.0, 619.0]",3.2217,4.2865,2.8432,5.0029,1.8307,2.347,9.312,1.861,0.395,4.343
0,1.2,15.0,head-on (+Y),15.0,202.6209,7.8,13.4636,172.4567,9.5748,7.1863,cradle (hub/boom/arm),"[-0.0, 56.0, 619.0]",3.1332,7.2625,6.2068,8.3132,2.3522,4.767,9.575,3.626,0.825,4.629
0,1.2,15.0,head-on (+Y),20.0,360.215,7.8,13.4636,172.4567,9.9432,7.6035,cradle (hub/boom/arm),"[-0.0, 56.0, 619.0]",3.0171,11.5758,11.0061,13.0299,3.0824,8.155,9.943,6.169,1.439,5.034
0,1.2,15.0,head-on (+Y),25.0,562.836,7.8,13.4636,172.4567,12.5123,11.012,columns,"[-94.0, 29.0, 226.0]",2.3976,17.1836,17.2019,19.131,4.0212,12.512,10.417,9.67,2.23,5.564
0,1.2,15.0,head-on (+Y),30.0,810.4838,7.8,13.4636,172.4567,17.8374,15.7808,columns,"[-94.0, 29.0, 226.0]",1.6819,24.0662,24.7842,26.6055,5.1687,17.837,10.998,14.153,3.196,6.22
0,1.2,15.0,head-on (+Y),40.0,1440.8601,7.8,13.4636,172.4567,31.6513,27.8869,columns,"[92.0, -30.0, 231.0]",0.9478,41.6249,44.0966,45.8442,8.0896,31.651,12.477,25.571,5.656,9.261
0,1.2,15.0,side (+X),10.0,20.7816,7.8,13.4636,172.4567,9.107,7.2008,cradle (hub/boom/arm),"[-0.0, 56.0, 619.0]",3.2942,2.3806,0.9842,2.6512,1.4424,1.54,9.107,1.194,0.271,3.908
0,1.2,15.0,side (+X),15.0,46.7587,7.8,13.4636,172.4567,9.1557,7.3834,cradle (hub/boom/arm),"[2.0, 55.0, 579.0]",3.2766,2.8735,1.1425,3.129,1.5521,1.827,9.156,1.801,0.385,5.158
0,1.2,15.0,side (+X),20.0,83.1265,7.8,13.4636,172.4567,9.7686,7.9552,cradle (hub/boom/arm),"[7.0, 55.0, 581.0]",3.0711,3.9175,1.4749,4.1483,1.8135,2.248,9.769,2.658,0.544,7.07
0,1.2,15.0,side (+X),25.0,129.8852,7.8,13.4636,172.4567,10.9027,9.0885,cradle (hub/boom/arm),"[-16.0, 55.0, 611.0]",2.7516,5.5137,1.9942,5.7429,2.2673,2.807,10.903,3.764,0.749,9.639
0,1.2,15.0,side (+X),30.0,187.0347,7.8,13.4636,172.4567,13.4062,10.8444,cradle (hub/boom/arm),"[-16.0, 55.0, 611.0]",2.2378,7.6074,2.6876,7.8508,2.9163,3.506,13.406,5.193,0.999,12.846
0,1.2,15.0,side (+X),40.0,332.5062,7.8,13.4636,172.4567,21.123,16.4338,shoulders,"[48.0, 16.0, 597.0]",1.4203,13.1467,4.5461,13.4643,4.747,6.059,20.059,9.369,1.637,21.123
45,0.6,3.0,calm,0.0,0.0,2.573,2.573,0.0,1.3812,1.1016,cradle (hub/boom/arm),"[3.0, 53.0, 624.0]",21.7197,0.2066,0.408,0.424,0.1633,0.172,1.381,0.205,0.048,0.37
45,0.6,3.0,head-on (+Y),10.0,13.8544,2.573,2.573,0.0,1.7637,1.3455,cradle (hub/boom/arm),"[3.0, 53.0, 624.0]",17.0097,0.9207,0.4217,0.9904,0.3195,0.399,1.764,0.353,0.07,0.779
45,0.6,3.0,head-on (+Y),15.0,31.1725,2.573,2.573,0.0,2.2837,1.733,cradle (hub/boom/arm),"[-0.0, 25.0, 653.0]",13.1368,1.8546,0.7203,1.9805,0.5147,0.872,2.284,0.684,0.144,1.319
45,0.6,3.0,head-on (+Y),20.0,55.4177,2.573,2.573,0.0,3.0489,2.2813,cradle (hub/boom/arm),"[-0.0, 25.0, 653.0]",9.8396,3.1666,1.2675,3.3678,0.788,1.533,3.049,1.151,0.249,2.087
45,0.6,3.0,head-on (+Y),25.0,86.5901,2.573,2.573,0.0,4.0328,2.9932,cradle (hub/boom/arm),"[-0.0, 25.0, 653.0]",7.439,4.855,2.0128,5.1519,1.1395,2.384,4.033,1.755,0.383,3.077
45,0.6,3.0,head-on (+Y),30.0,124.6898,2.573,2.573,0.0,5.2353,3.9574,cradle (hub/boom/arm),"[-0.0, 25.0, 653.0]",5.7303,6.9193,2.939,7.3326,1.569,3.424,5.235,2.6,0.547,4.289
45,0.6,3.0,head-on (+Y),40.0,221.6708,2.573,2.573,0.0,8.2964,6.4472,cradle (hub/boom/arm),"[-0.0, 25.0, 653.0]",3.616,12.1744,5.3146,12.8836,2.6624,6.086,8.296,4.753,0.964,7.389
45,0.6,3.0,side (+X),10.0,5.1954,2.573,2.573,0.0,1.4099,1.1163,cradle (hub/boom/arm),"[3.0, 53.0, 624.0]",21.2778,0.2451,0.4083,0.4246,0.1694,0.226,1.41,0.309,0.063,0.479
45,0.6,3.0,side (+X),15.0,11.6897,2.573,2.573,0.0,1.4459,1.1464,cradle (hub/boom/arm),"[3.0, 53.0, 624.0]",20.7488,0.3678,0.4089,0.4256,0.1905,0.296,1.446,0.458,0.093,0.68
45,0.6,3.0,side (+X),20.0,20.7816,2.573,2.573,0.0,1.5861,1.2436,cradle (hub/boom/arm),"[16.0, 48.0, 630.0]",18.9138,0.5834,0.4101,0.6263,0.2372,0.409,1.586,0.667,0.135,0.963
45,0.6,3.0,side (+X),25.0,32.4713,2.573,2.573,0.0,1.9776,1.4832,cradle (hub/boom/arm),"[16.0, 48.0, 630.0]",15.17,0.8805,0.4122,0.936,0.3131,0.583,1.978,0.935,0.189,1.327
45,0.6,3.0,side (+X),30.0,46.7587,2.573,2.573,0.0,2.4562,1.8304,cradle (hub/boom/arm),"[16.0, 48.0, 630.0]",12.2142,1.2523,0.4157,1.3256,0.4167,0.794,2.456,1.263,0.255,1.773
45,0.6,3.0,side (+X),40.0,83.1265,2.573,2.573,0.0,3.7366,2.8947,cradle (hub/boom/arm),"[18.0, 45.0, 633.0]",8.0287,2.2101,0.4291,2.332,0.6985,1.334,3.737,2.195,0.424,3.181
45,0.6,6.0,calm,0.0,0.0,4.6041,4.6041,0.0,2.3968,1.914,cradle (hub/boom/arm),"[3.0, 53.0, 624.0]",12.5165,0.3876,0.7107,0.734,0.2835,0.3,2.397,0.319,0.072,0.655
45,0.6,6.0,head-on (+Y),10.0,13.8544,4.6041,4.6041,0.0,2.7793,2.1012,cradle (hub/boom/arm),"[3.0, 53.0, 624.0]",10.7942,1.0923,0.6733,1.1779,0.4397,0.444,2.779,0.422,0.077,1.052
45,0.6,6.0,head-on (+Y),15.0,31.1725,4.6041,4.6041,0.0,3.2574,2.4762,cradle (hub/boom/arm),"[3.0, 53.0, 624.0]",9.2099,2.0205,0.846,2.1665,0.6349,0.903,3.257,0.75,0.15,1.586
45,0.6,6.0,head-on (+Y),20.0,55.4177,4.6041,4.6041,0.0,3.9906,3.0165,cradle (hub/boom/arm),"[-0.0, 25.0, 653.0]",7.5178,3.3297,1.3012,3.5531,0.9082,1.564,3.991,1.214,0.255,2.344
45,0.6,6.0,head-on (+Y),25.0,86.5901,4.6041,4.6041,0.0,4.9744,3.7162,cradle (hub/boom/arm),"[-0.0, 25.0, 653.0]",6.0308,5.0166,1.999,5.3368,1.2596,2.415,4.974,1.814,0.389,3.332
45,0.6,6.0,head-on (+Y),30.0,124.6898,4.6041,4.6041,0.0,6.177,4.5879,cradle (hub/boom/arm),"[-0.0, 25.0, 653.0]",4.8567,7.0799,2.8998,7.5172,1.6892,3.455,6.177,2.548,0.553,4.54
45,0.6,6.0,head-on (+Y),40.0,221.6708,4.6041,4.6041,0.0,9.238,6.9889,cradle (hub/boom/arm),"[-0.0, 25.0, 653.0]",3.2475,12.3342,5.2512,13.068,2.7825,6.101,9.238,4.667,0.97,7.624
45,0.6,6.0,side (+X),10.0,5.1954,4.6041,4.6041,0.0,2.4255,1.9224,cradle (hub/boom/arm),"[3.0, 53.0, 624.0]",12.3686,0.4079,0.711,0.7346,0.2874,0.352,2.425,0.413,0.082,0.726
45,0.6,6.0,side (+X),15.0,11.6897,4.6041,4.6041,0.0,2.4614,1.9483,cradle (hub/boom/arm),"[3.0, 53.0, 624.0]",12.1883,0.4899,0.7114,0.7353,0.3007,0.422,2.461,0.562,0.111,0.926
45,0.6,6.0,side (+X),20.0,20.7816,4.6041,4.6041,0.0,2.5117,1.9937,cradle (hub/boom/arm),"[3.0, 53.0, 624.0]",11.944,0.6656,0.7123,0.7379,0.3327,0.521,2.512,0.771,0.153,1.207
45,0.6,6.0,side (+X),25.0,32.4713,4.6041,4.6041,0.0,2.6342,2.0924,cradle (hub/boom/arm),"[16.0, 48.0, 630.0]",11.3885,0.9354,0.7137,1.0014,0.391,0.652,2.634,1.039,0.207,1.571
45,0.6,6.0,side (+X),30.0,46.7587,4.6041,4.6041,0.0,3.1126,2.3489,cradle (hub/boom/arm),"[16.0, 48.0, 630.0]",9.6381,1.2902,0.7159,1.3715,0.4785,0.844,3.113,1.367,0.273,2.016
45,0.6,6.0,side (+X),40.0,83.1265,4.6041,4.6041,0.0,4.3308,3.2118,cradle (hub/boom/arm),"[16.0, 48.0, 630.0]",6.9271,2.2298,0.7244,2.3568,0.738,1.383,4.331,2.203,0.442,3.151
45,0.6,9.0,calm,0.0,0.0,6.6351,6.6351,0.0,3.4124,2.7256,cradle (hub/boom/arm),"[3.0, 53.0, 624.0]",8.7914,0.5694,1.0137,1.0444,0.4037,0.428,3.412,0.433,0.095,0.94
45,0.6,9.0,head-on (+Y),10.0,13.8544,6.6351,6.6351,0.0,3.7949,2.8913,cradle (hub/boom/arm),"[3.0, 53.0, 624.0]",7.9054,1.2669,0.9554,1.3661,0.5599,0.572,3.795,0.493,0.084,1.334
45,0.6,9.0,head-on (+Y),15.0,31.1725,6.6351,6.6351,0.0,4.2729,3.2047,cradle (hub/boom/arm),"[3.0, 53.0, 624.0]",7.0209,2.189,1.0471,2.3532,0.7551,0.934,4.273,0.816,0.157,1.856
45,0.6,9.0,head-on (+Y),20.0,55.4177,6.6351,6.6351,0.0,4.9422,3.7574,cradle (hub/boom/arm),"[3.0, 53.0, 624.0]",6.0701,3.4946,1.4012,3.7389,1.0284,1.595,4.942,1.279,0.261,2.607
45,0.6,9.0,head-on (+Y),25.0,86.5901,6.6351,6.6351,0.0,5.9161,4.4522,cradle (hub/boom/arm),"[-0.0, 25.0, 653.0]",5.0709,5.1795,2.0309,5.5221,1.3798,2.446,5.916,1.877,0.395,3.588
45,0.6,9.0,head-on (+Y),30.0,124.6898,6.6351,6.6351,0.0,7.1186,5.3088,cradle (hub/boom/arm),"[-0.0, 25.0, 653.0]",4.2143,7.2416,2.892,7.7022,1.8093,3.486,7.119,2.611,0.559,4.796
45,0.6,9.0,head-on (+Y),40.0,221.6708,6.6351,6.6351,0.0,10.1796,7.5548,cradle (hub/boom/arm),"[-0.0, 25.0, 653.0]",2.9471,12.4945,5.2047,13.2526,2.9027,6.132,10.18,4.582,0.976,7.873
45,0.6,9.0,side (+X),10.0,5.1954,6.6351,6.6351,0.0,3.4411,2.742,cradle (hub/boom/arm),"[3.0, 53.0, 624.0]",8.7182,0.5823,1.014,1.0449,0.4067,0.48,3.441,0.518,0.101,0.973
45,0.6,9.0,side (+X),15.0,11.6897,6.6351,6.6351,0.0,3.477,2.7524,cradle (hub/boom/arm),"[3.0, 53.0, 624.0]",8.6282,0.6413,1.0144,1.0456,0.4164,0.548,3.477,0.667,0.129,1.172
45,0.6,9.0,side (+X),20.0,20.7816,6.6351,6.6351,0.0,3.5272,2.7937,cradle (hub/boom/arm),"[3.0, 53.0, 624.0]",8.5053,0.7823,1.015,1.0467,0.4405,0.646,3.527,0.875,0.171,1.453
45,0.6,9.0,side (+X),25.0,32.4713,6.6351,6.6351,0.0,3.592,2.856,cradle (hub/boom/arm),"[3.0, 53.0, 624.0]",8.3519,1.0204,1.0162,1.0989,0.4865,0.775,3.592,1.143,0.225,1.815
45,0.6,9.0,side (+X),30.0,46.7587,6.6351,6.6351,0.0,3.7693,2.9817,cradle (hub/boom/arm),"[16.0, 48.0, 630.0]",7.9589,1.3518,1.0179,1.4432,0.5597,0.935,3.769,1.471,0.291,2.26
45,0.6,9.0,side (+X),40.0,83.1265,6.6351,6.6351,0.0,4.9872,3.683,cradle (hub/boom/arm),"[16.0, 48.0, 630.0]",6.0154,2.2641,1.0243,2.3977,0.7938,1.433,4.987,2.306,0.459,3.393
45,0.6,12.0,calm,0.0,0.0,7.8,8.6662,26.3767,4.3818,3.3485,cradle (hub/boom/arm),"[3.0, 53.0, 624.0]",6.8465,0.9097,1.1063,1.1263,0.5561,0.603,4.382,0.496,0.108,1.498
45,0.6,12.0,head-on (+Y),10.0,13.8544,7.8,8.6662,26.3767,4.7643,3.5402,cradle (hub/boom/arm),"[3.0, 53.0, 624.0]",6.2969,1.6175,1.0657,1.742,0.7122,0.747,4.764,0.599,0.099,1.897
45,0.6,12.0,head-on (+Y),15.0,31.1725,7.8,8.6662,26.3767,5.2423,3.8902,cradle (hub/boom/arm),"[3.0, 53.0, 624.0]",5.7227,2.5372,1.1629,2.7283,0.9075,1.036,5.242,0.922,0.171,2.419
45,0.6,12.0,head-on (+Y),20.0,55.4177,7.8,8.6662,26.3767,5.9116,4.4508,cradle (hub/boom/arm),"[3.0, 53.0, 624.0]",5.0748,3.8402,1.5053,4.1132,1.1808,1.698,5.912,1.383,0.275,3.169
45,0.6,12.0,head-on (+Y),25.0,86.5901,7.8,8.6662,26.3767,6.8123,5.1651,cradle (hub/boom/arm),"[-0.0, 25.0, 653.0]",4.4038,5.5231,2.1182,5.8958,1.5322,2.548,6.812,1.981,0.409,4.142
45,0.6,12.0,head-on (+Y),30.0,124.6898,7.8,8.6662,26.3767,8.0148,6.004,cradle (hub/boom/arm),"[-0.0, 25.0, 653.0]",3.7431,7.5838,2.9664,8.0755,1.9617,3.588,8.015,2.714,0.573,5.349
45,0.6,12.0,head-on (+Y),40.0,221.6708,7.8,8.6662,26.3767,11.0758,8.2373,cradle (hub/boom/arm),"[-0.0, 25.0, 653.0]",2.7086,12.8351,5.2641,13.6255,3.0551,6.234,11.076,4.582,0.99,8.424
45,0.6,12.0,side (+X),10.0,5.1954,7.8,8.6662,26.3767,4.4105,3.3468,cradle (hub/boom/arm),"[3.0, 53.0, 624.0]",6.802,0.9168,1.1064,1.1267,0.5583,0.655,4.41,0.572,0.111,1.425
45,0.6,12.0,side (+X),15.0,11.6897,7.8,8.6662,26.3767,4.4463,3.361,cradle (hub/boom/arm),"[3.0, 53.0, 624.0]",6.7471,0.954,1.1067,1.1273,0.5656,0.721,4.446,0.72,0.139,1.621
45,0.6,12.0,side (+X),20.0,20.7816,7.8,8.6662,26.3767,4.4966,3.3735,cradle (hub/boom/arm),"[3.0, 53.0, 624.0]",6.6718,1.0524,1.1073,1.1318,0.5837,0.817,4.497,0.928,0.179,1.898
45,0.6,12.0,side (+X),25.0,32.4713,7.8,8.6662,26.3767,4.5612,3.4499,cradle (hub/boom/arm),"[3.0, 53.0, 624.0]",6.5771,1.238,1.1082,1.3072,0.6193,0.942,4.561,1.195,0.233,2.256
45,0.6,12.0,side (+X),30.0,46.7587,7.8,8.6662,26.3767,4.6404,3.6027,cradle (hub/boom/arm),"[3.0, 53.0, 624.0]",6.4649,1.521,1.1096,1.6051,0.6785,1.098,4.64,1.523,0.299,2.697
45,0.6,12.0,side (+X),40.0,83.1265,7.8,8.6662,26.3767,5.6104,4.218,cradle (hub/boom/arm),"[16.0, 48.0, 630.0]",5.3472,2.3662,1.1151,2.4945,0.882,1.502,5.61,2.357,0.468,3.825
45,0.6,15.0,calm,0.0,0.0,7.8,10.6973,88.2234,5.2891,3.8763,cradle (hub/boom/arm),"[3.0, 53.0, 624.0]",5.6721,1.4819,0.937,1.5848,0.7517,0.84,5.289,0.542,0.105,2.434
45,0.6,15.0,head-on (+Y),10.0,13.8544,7.8,10.6973,88.2234,5.6715,4.1897,cradle (hub/boom/arm),"[3.0, 53.0, 624.0]",5.2896,2.2035,0.968,2.3697,0.9079,0.984,5.672,0.753,0.124,2.841
45,0.6,15.0,head-on (+Y),15.0,31.1725,7.8,10.6973,88.2234,6.1496,4.5512,cradle (hub/boom/arm),"[3.0, 53.0, 624.0]",4.8784,3.1249,1.1565,3.3562,1.1031,1.234,6.15,1.079,0.196,3.374
45,0.6,15.0,head-on (+Y),20.0,55.4177,7.8,10.6973,88.2234,6.8189,5.112,cradle (hub/boom/arm),"[3.0, 53.0, 624.0]",4.3996,4.427,1.5839,4.7406,1.3764,1.895,6.819,1.54,0.3,4.124
45,0.6,15.0,head-on (+Y),25.0,86.5901,7.8,10.6973,88.2234,7.6794,5.833,cradle (hub/boom/arm),"[3.0, 53.0, 624.0]",3.9066,6.1086,2.2496,6.5227,1.7279,2.746,7.679,2.138,0.434,5.095
45,0.6,15.0,head-on (+Y),30.0,124.6898,7.8,10.6973,88.2234,8.8498,6.6955,cradle (hub/boom/arm),"[-0.0, 25.0, 653.0]",3.3899,8.1682,3.127,8.702,2.1574,3.785,8.85,2.871,0.598,6.301
45,0.6,15.0,head-on (+Y),40.0,221.6708,7.8,10.6973,88.2234,11.9108,8.9413,cradle (hub/boom/arm),"[-0.0, 25.0, 653.0]",2.5187,13.4179,5.4515,14.2515,3.2507,6.432,11.911,4.739,1.015,9.376
45,0.6,15.0,side (+X),10.0,5.1954,7.8,10.6973,88.2234,5.3177,3.8747,cradle (hub/boom/arm),"[3.0, 53.0, 624.0]",5.6415,1.4853,0.937,1.5873,0.7534,0.892,5.318,0.569,0.107,2.28
45,0.6,15.0,side (+X),15.0,11.6897,7.8,10.6973,88.2234,5.3536,3.896,cradle (hub/boom/arm),"[3.0, 53.0, 624.0]",5.6038,1.5074,0.937,1.6065,0.7588,0.959,5.354,0.713,0.135,2.364
45,0.6,15.0,side (+X),20.0,20.7816,7.8,10.6973,88.2234,5.4038,3.9538,cradle (hub/boom/arm),"[3.0, 53.0, 624.0]",5.5517,1.5699,0.9372,1.6695,0.7723,1.053,5.404,0.917,0.175,2.633
45,0.6,15.0,side (+X),25.0,32.4713,7.8,10.6973,88.2234,5.4684,4.0454,cradle (hub/boom/arm),"[3.0, 53.0, 624.0]",5.4861,1.698,0.9378,1.7912,0.7995,1.177,5.468,1.182,0.229,2.983
45,0.6,15.0,side (+X),30.0,46.7587,7.8,10.6973,88.2234,5.5475,4.1765,cradle (hub/boom/arm),"[3.0, 53.0, 624.0]",5.4078,1.9122,0.9389,2.0057,0.8462,1.331,5.548,1.508,0.295,3.416
45,0.6,15.0,side (+X),40.0,83.1265,7.8,10.6973,88.2234,6.1889,4.7443,cradle (hub/boom/arm),"[16.0, 48.0, 630.0]",4.8474,2.631,0.9437,2.7427,1.0167,1.73,6.189,2.34,0.463,4.529
45,0.8,3.0,calm,0.0,0.0,2.8625,2.8625,0.0,1.5571,1.2432,cradle (hub/boom/arm),"[3.0, 53.0, 624.0]",19.2665,0.2047,0.4531,0.4753,0.1849,0.179,1.557,0.235,0.056,0.402
45,0.8,3.0,head-on (+Y),10.0,24.6301,2.8625,2.8625,0.0,2.3339,1.812,cradle (hub/boom/arm),"[-0.0, 25.0, 653.0]",12.8543,1.5021,0.5786,1.613,0.4774,0.661,2.334,0.536,0.108,1.203
45,0.8,3.0,head-on (+Y),15.0,55.4177,2.8625,2.8625,0.0,3.4003,2.5947,cradle (hub/boom/arm),"[-0.0, 25.0, 653.0]",8.8228,3.1896,1.2417,3.4015,0.8429,1.498,3.4,1.124,0.238,2.247
45,0.8,3.0,head-on (+Y),20.0,98.5203,2.8625,2.8625,0.0,4.8933,3.6862,cradle (hub/boom/arm),"[-0.0, 25.0, 653.0]",6.1309,5.5561,2.2766,5.9063,1.3548,2.669,4.893,1.97,0.42,3.717
45,0.8,3.0,head-on (+Y),25.0,153.938,2.8625,2.8625,0.0,6.8129,5.2335,cradle (hub/boom/arm),"[-0.0, 25.0, 653.0]",4.4034,8.6,3.6344,9.127,2.0128,4.175,6.813,3.189,0.654,5.609
45,0.8,3.0,head-on (+Y),30.0,221.6708,2.8625,2.8625,0.0,9.1591,7.1446,cradle (hub/boom/arm),"[-0.0, 25.0, 653.0]",3.2754,12.3207,5.3037,13.0636,2.8171,6.023,9.159,4.68,0.94,7.933
45,0.8,3.0,head-on (+Y),40.0,394.0814,2.8625,2.8625,0.0,15.1312,11.9677,cradle (hub/boom/arm),"[-0.0, 25.0, 653.0]",1.9827,21.7922,9.5641,23.084,4.8645,10.827,15.131,8.475,1.668,13.846
45,0.8,3.0,side (+X),10.0,9.2363,2.8625,2.8625,0.0,1.6136,1.2729,cradle (hub/boom/arm),"[3.0, 53.0, 624.0]",18.5925,0.3242,0.4536,0.4764,0.2043,0.278,1.614,0.436,0.09,0.65
45,0.8,3.0,side (+X),15.0,20.7816,2.8625,2.8625,0.0,1.768,1.4227,cradle (hub/boom/arm),"[16.0, 48.0, 630.0]",16.968,0.6082,0.4544,0.6609,0.2662,0.443,1.768,0.709,0.145,1.035
45,0.8,3.0,side (+X),20.0,36.9451,2.8625,2.8625,0.0,2.3646,1.7953,cradle (hub/boom/arm),"[16.0, 48.0, 630.0]",12.687,1.0428,0.4557,1.1128,0.3851,0.69,2.365,1.091,0.222,1.577
45,0.8,3.0,side (+X),25.0,57.7268,2.8625,2.8625,0.0,3.132,2.4068,cradle (hub/boom/arm),"[16.0, 48.0, 630.0]",9.5786,1.6138,0.4577,1.7114,0.5574,1.008,3.132,1.583,0.321,2.274
45,0.8,3.0,side (+X),30.0,83.1265,2.8625,2.8625,0.0,4.1312,3.2313,cradle (hub/boom/arm),"[18.0, 45.0, 633.0]",7.2619,2.3167,0.4605,2.4503,0.7781,1.397,4.131,2.244,0.442,3.311
45,0.8,3.0,side (+X),40.0,147.7805,2.8625,2.8625,0.0,6.9601,5.481,cradle (hub/boom/arm),"[20.0, 41.0, 636.0]",4.3103,4.1118,0.4699,4.3403,1.3537,2.388,6.96,3.993,0.751,6.083
45,0.8,6.0,calm,0.0,0.0,5.0517,5.0517,0.0,2.6687,2.1331,cradle (hub/boom/arm),"[3.0, 53.0, 624.0]",11.2412,0.3809,0.7793,0.8122,0.3169,0.309,2.669,0.365,0.084,0.704
45,0.8,6.0,head-on (+Y),10.0,24.6301,5.0517,5.0517,0.0,3.422,2.6388,cradle (hub/boom/arm),"[3.0, 53.0, 624.0]",8.7667,1.6615,0.7696,1.7915,0.6093,0.676,3.422,0.592,0.11,1.489
45,0.8,6.0,head-on (+Y),15.0,55.4177,5.0517,5.0517,0.0,4.4408,3.4094,cradle (hub/boom/arm),"[-0.0, 25.0, 653.0]",6.7556,3.3435,1.2723,3.5787,0.9749,1.512,4.441,1.177,0.24,2.52
45,0.8,6.0,head-on (+Y),20.0,98.5203,5.0517,5.0517,0.0,5.9338,4.5084,cradle (hub/boom/arm),"[-0.0, 25.0, 653.0]",5.0558,5.7077,2.2376,6.0829,1.4867,2.684,5.934,2.002,0.422,3.988
45,0.8,6.0,head-on (+Y),25.0,153.938,5.0517,5.0517,0.0,7.8533,5.9082,cradle (hub/boom/arm),"[-0.0, 25.0, 653.0]",3.82,8.7504,3.5648,9.3034,2.1448,4.19,7.853,3.087,0.656,5.877
45,0.8,6.0,head-on (+Y),30.0,221.6708,5.0517,5.0517,0.0,10.1995,7.7634,cradle (hub/boom/arm),"[-0.0, 25.0, 653.0]",2.9413,12.4704,5.2183,13.2397,2.9491,6.031,10.2,4.577,0.942,8.188
45,0.8,6.0,head-on (+Y),40.0,394.0814,5.0517,5.0517,0.0,16.1717,12.649,cradle (hub/boom/arm),"[-0.0, 25.0, 653.0]",1.8551,21.9412,9.4637,23.26,4.9964,10.756,16.172,8.372,1.67,14.096
45,0.8,6.0,side (+X),10.0,9.2363,5.0517,5.0517,0.0,2.7251,2.1505,cradle (hub/boom/arm),"[3.0, 53.0, 624.0]",11.0086,0.454,0.7798,0.8132,0.3292,0.407,2.725,0.556,0.113,0.909
45,0.8,6.0,side (+X),15.0,20.7816,5.0517,5.0517,0.0,2.7958,2.2144,cradle (hub/boom/arm),"[3.0, 53.0, 624.0]",10.7303,0.6842,0.7805,0.8146,0.3715,0.536,2.796,0.829,0.166,1.293
45,0.8,6.0,side (+X),20.0,36.9451,5.0517,5.0517,0.0,3.0817,2.4325,cradle (hub/boom/arm),"[16.0, 48.0, 630.0]",9.7349,1.0871,0.7815,1.1727,0.4649,0.752,3.082,1.211,0.243,1.833
45,0.8,6.0,side (+X),25.0,57.7268,5.0517,5.0517,0.0,3.8488,2.9186,cradle (hub/boom/arm),"[16.0, 48.0, 630.0]",7.7946,1.6413,0.783,1.7501,0.6161,1.07,3.849,1.702,0.342,2.529
45,0.8,6.0,side (+X),30.0,83.1265,5.0517,5.0517,0.0,4.7866,3.6224,cradle (hub/boom/arm),"[16.0, 48.0, 630.0]",6.2675,2.3346,0.7852,2.4767,0.8218,1.459,4.787,2.303,0.464,3.381
45,0.8,6.0,side (+X),40.0,147.7805,5.0517,5.0517,0.0,7.3082,5.7084,cradle (hub/boom/arm),"[18.0, 45.0, 633.0]",4.105,4.1201,0.7919,4.3542,1.3803,2.45,7.308,3.991,0.772,5.895
45,0.8,9.0,calm,0.0,0.0,7.2409,7.2409,0.0,3.7804,3.0209,cradle (hub/boom/arm),"[3.0, 53.0, 624.0]",7.9357,0.5586,1.1059,1.1494,0.4489,0.441,3.78,0.495,0.112,1.007
45,0.8,9.0,head-on (+Y),10.0,24.6301,7.2409,7.2409,0.0,4.5337,3.4552,cradle (hub/boom/arm),"[3.0, 53.0, 624.0]",6.6172,1.8244,1.0313,1.9708,0.7413,0.707,4.534,0.649,0.113,1.777
45,0.8,9.0,head-on (+Y),15.0,55.4177,7.2409,7.2409,0.0,5.4813,4.228,cradle (hub/boom/arm),"[-0.0, 25.0, 653.0]",5.4732,3.4998,1.3818,3.7564,1.1069,1.527,5.481,1.231,0.242,2.803
45,0.8,9.0,head-on (+Y),20.0,98.5203,7.2409,7.2409,0.0,6.9742,5.3369,cradle (hub/boom/arm),"[-0.0, 25.0, 653.0]",4.3015,5.8608,2.246,6.2599,1.6187,2.699,6.974,2.054,0.424,4.26
45,0.8,9.0,head-on (+Y),25.0,153.938,7.2409,7.2409,0.0,8.8938,6.7266,cradle (hub/boom/arm),"[-0.0, 25.0, 653.0]",3.3731,8.9018,3.5243,9.4799,2.2768,4.205,8.894,3.115,0.658,6.148
45,0.8,9.0,head-on (+Y),30.0,221.6708,7.2409,7.2409,0.0,11.24,8.4557,cradle (hub/boom/arm),"[-0.0, 25.0, 653.0]",2.669,12.6209,5.1523,13.4161,3.0811,6.046,11.24,4.475,0.944,8.458
45,0.8,9.0,head-on (+Y),40.0,394.0814,7.2409,7.2409,0.0,17.2121,13.2268,cradle (hub/boom/arm),"[-0.0, 25.0, 653.0]",1.743,22.0907,9.3736,23.4361,5.1284,10.732,17.212,8.269,1.673,14.345
45,0.8,9.0,side (+X),10.0,9.2363,7.2409,7.2409,0.0,3.8368,3.0406,cradle (hub/boom/arm),"[3.0, 53.0, 624.0]",7.8191,0.609,1.1064,1.1505,0.4582,0.537,3.837,0.676,0.136,1.17
45,0.8,9.0,side (+X),15.0,20.7816,7.2409,7.2409,0.0,3.9074,3.0735,cradle (hub/boom/arm),"[3.0, 53.0, 624.0]",7.6778,0.7938,1.107,1.1518,0.4899,0.664,3.907,0.948,0.188,1.552
45,0.8,9.0,side (+X),20.0,36.9451,7.2409,7.2409,0.0,4.0064,3.2119,cradle (hub/boom/arm),"[3.0, 53.0, 624.0]",7.4879,1.1576,1.108,1.2624,0.5647,0.847,4.006,1.33,0.265,2.09
45,0.8,9.0,side (+X),25.0,57.7268,7.2409,7.2409,0.0,4.5659,3.5412,cradle (hub/boom/arm),"[16.0, 48.0, 630.0]",6.5705,1.6873,1.1093,1.8106,0.6951,1.133,4.566,1.821,0.364,2.785
45,0.8,9.0,side (+X),30.0,83.1265,7.2409,7.2409,0.0,5.5035,4.1557,cradle (hub/boom/arm),"[16.0, 48.0, 630.0]",5.4511,2.3659,1.1111,2.5191,0.8832,1.521,5.503,2.422,0.485,3.636
45,0.8,9.0,side (+X),40.0,147.7805,7.2409,7.2409,0.0,7.8909,6.0488,cradle (hub/boom/arm),"[16.0, 48.0, 630.0]",3.8018,4.136,1.1167,4.3774,1.4187,2.511,7.891,3.989,0.794,5.805
45,0.8,12.0,calm,0.0,0.0,7.8,9.4302,49.6389,4.8051,3.6074,cradle (hub/boom/arm),"[3.0, 53.0, 624.0]",6.2434,1.0274,1.0332,1.087,0.6415,0.66,4.805,0.528,0.119,1.826
45,0.8,12.0,head-on (+Y),10.0,24.6301,7.8,9.4302,49.6389,5.5583,4.2145,cradle (hub/boom/arm),"[3.0, 53.0, 624.0]",5.3973,2.3213,1.036,2.5038,0.9339,0.926,5.558,0.777,0.132,2.615
45,0.8,12.0,head-on (+Y),15.0,55.4177,7.8,9.4302,49.6389,6.5,5.0139,cradle (hub/boom/arm),"[3.0, 53.0, 624.0]",4.6154,3.9942,1.458,4.2885,1.2995,1.676,6.5,1.359,0.26,3.64
45,0.8,12.0,head-on (+Y),20.0,98.5203,7.8,9.4302,49.6389,7.9291,6.0782,cradle (hub/boom/arm),"[-0.0, 25.0, 653.0]",3.7835,6.3528,2.3559,6.7913,1.8113,2.847,7.929,2.182,0.442,5.091
45,0.8,12.0,head-on (+Y),25.0,153.938,7.8,9.4302,49.6389,9.8487,7.5126,cradle (hub/boom/arm),"[-0.0, 25.0, 653.0]",3.0461,9.3922,3.6467,10.0108,2.4693,4.353,9.849,3.243,0.676,6.978
45,0.8,12.0,head-on (+Y),30.0,221.6708,7.8,9.4302,49.6389,12.1949,9.22,cradle (hub/boom/arm),"[-0.0, 25.0, 653.0]",2.4601,13.1103,5.28,13.9467,3.2736,6.194,12.195,4.541,0.962,9.287
45,0.8,12.0,head-on (+Y),40.0,394.0814,7.8,9.4302,49.6389,18.167,14.0137,cradle (hub/boom/arm),"[-0.0, 25.0, 653.0]",1.6513,22.5789,9.5055,23.9664,5.3209,10.88,18.167,8.29,1.69,15.167
45,0.8,12.0,side (+X),10.0,9.2363,7.8,9.4302,49.6389,4.8614,3.6235,cradle (hub/boom/arm),"[3.0, 53.0, 624.0]",6.171,1.0534,1.0335,1.1154,0.648,0.755,4.861,0.698,0.14,1.818
45,0.8,12.0,side (+X),15.0,20.7816,7.8,9.4302,49.6389,4.932,3.7091,cradle (hub/boom/arm),"[3.0, 53.0, 624.0]",6.0827,1.1676,1.0338,1.2363,0.671,0.879,4.932,0.969,0.192,2.19
45,0.8,12.0,side (+X),20.0,36.9451,7.8,9.4302,49.6389,5.031,3.8619,cradle (hub/boom/arm),"[3.0, 53.0, 624.0]",5.9631,1.437,1.0345,1.5204,0.7274,1.057,5.031,1.35,0.269,2.718
45,0.8,12.0,side (+X),25.0,57.7268,7.8,9.4302,49.6389,5.224,4.1884,cradle (hub/boom/arm),"[12.0, 50.0, 627.0]",5.7428,1.8872,1.0354,1.9947,0.8329,1.291,5.224,1.841,0.368,3.404
45,0.8,12.0,side (+X),30.0,83.1265,7.8,9.4302,49.6389,6.1577,4.7213,cradle (hub/boom/arm),"[16.0, 48.0, 630.0]",4.8719,2.5098,1.0367,2.6506,0.9954,1.582,6.158,2.441,0.489,4.248
45,0.8,12.0,side (+X),40.0,147.7805,7.8,9.4302,49.6389,8.5448,6.4576,cradle (hub/boom/arm),"[16.0, 48.0, 630.0]",3.5109,4.2162,1.0411,4.4483,1.4913,2.471,8.545,3.993,0.797,6.407
45,0.8,15.0,calm,0.0,0.0,7.8,11.6194,116.3011,5.7999,4.3424,cradle (hub/boom/arm),"[3.0, 53.0, 624.0]",5.1725,1.6231,0.8504,1.738,0.8548,0.91,5.8,0.546,0.119,2.833
45,0.8,15.0,head-on (+Y),10.0,24.6301,7.8,11.6194,116.3011,6.5532,4.9538,cradle (hub/boom/arm),"[3.0, 53.0, 624.0]",4.5779,2.9322,1.0003,3.1579,1.1473,1.176,6.553,0.93,0.155,3.64
45,0.8,15.0,head-on (+Y),15.0,55.4177,7.8,11.6194,116.3011,7.4948,5.7515,cradle (hub/boom/arm),"[3.0, 53.0, 624.0]",4.0028,4.6045,1.5468,4.9422,1.5128,1.87,7.495,1.513,0.283,4.665
45,0.8,15.0,head-on (+Y),20.0,98.5203,7.8,11.6194,116.3011,8.8547,6.821,cradle (hub/boom/arm),"[-0.0, 25.0, 653.0]",3.388,6.9612,2.5085,7.4443,2.0246,3.042,8.855,2.336,0.464,6.114
45,0.8,15.0,head-on (+Y),25.0,153.938,7.8,11.6194,116.3011,10.7742,8.255,cradle (hub/boom/arm),"[-0.0, 25.0, 653.0]",2.7844,9.9991,3.8277,10.6633,2.6827,4.548,10.774,3.397,0.698,8.0
45,0.8,15.0,head-on (+Y),30.0,221.6708,7.8,11.6194,116.3011,13.1204,9.9927,cradle (hub/boom/arm),"[-0.0, 25.0, 653.0]",2.2865,13.7161,5.4752,14.5989,3.487,6.389,13.12,4.695,0.985,10.308
45,0.8,15.0,head-on (+Y),40.0,394.0814,7.8,11.6194,116.3011,19.0925,14.7915,cradle (hub/boom/arm),"[-0.0, 25.0, 653.0]",1.5713,23.1834,9.7137,24.6182,5.5343,11.075,19.092,8.354,1.713,16.187
45,0.8,15.0,side (+X),10.0,9.2363,7.8,11.6194,116.3011,5.8563,4.36,cradle (hub/boom/arm),"[3.0, 53.0, 624.0]",5.1227,1.6381,0.8503,1.7499,0.8597,1.005,5.856,0.698,0.139,2.627
45,0.8,15.0,side (+X),15.0,20.7816,7.8,11.6194,116.3011,5.9268,4.4285,cradle (hub/boom/arm),"[3.0, 53.0, 624.0]",5.0617,1.7117,0.8503,1.8233,0.8771,1.127,5.927,0.964,0.191,2.984
45,0.8,15.0,side (+X),20.0,36.9451,7.8,11.6194,116.3011,6.0257,4.5919,cradle (hub/boom/arm),"[3.0, 53.0, 624.0]",4.9787,1.9032,0.8503,2.0087,0.921,1.303,6.026,1.342,0.267,3.5
45,0.8,15.0,side (+X),25.0,57.7268,7.8,11.6194,116.3011,6.1531,4.8554,cradle (hub/boom/arm),"[3.0, 53.0, 624.0]",4.8756,2.2598,0.8504,2.3654,1.0063,1.534,6.153,1.83,0.366,4.174
45,0.8,15.0,side (+X),30.0,83.1265,7.8,11.6194,116.3011,6.7905,5.3191,cradle (hub/boom/arm),"[16.0, 48.0, 630.0]",4.4179,2.7981,0.8509,2.9206,1.1444,1.821,6.791,2.429,0.487,5.006
45,0.8,15.0,side (+X),40.0,147.7805,7.8,11.6194,116.3011,9.1773,6.9068,cradle (hub/boom/arm),"[16.0, 48.0, 630.0]",3.2689,4.3895,0.8533,4.6091,1.5946,2.565,9.177,3.998,0.795,7.147
45,1.0,3.0,calm,0.0,0.0,3.152,3.152,0.0,1.733,1.3843,cradle (hub/boom/arm),"[3.0, 53.0, 624.0]",17.311,0.2065,0.499,0.5274,0.2065,0.19,1.733,0.265,0.064,0.434
45,1.0,3.0,head-on (+Y),10.0,38.4845,3.152,3.152,0.0,3.1131,2.4402,cradle (hub/boom/arm),"[-0.0, 25.0, 653.0]",9.6368,2.2719,0.8361,2.4365,0.6866,1.003,3.113,0.776,0.156,1.791
45,1.0,3.0,head-on (+Y),15.0,86.5901,3.152,3.152,0.0,4.9273,3.7756,cradle (hub/boom/arm),"[-0.0, 25.0, 653.0]",6.0885,4.9474,1.9608,5.2741,1.2867,2.306,4.927,1.692,0.356,3.544
45,1.0,3.0,head-on (+Y),20.0,153.938,3.152,3.152,0.0,7.4673,5.7338,cradle (hub/boom/arm),"[-0.0, 25.0, 653.0]",4.0175,8.6965,3.6155,9.2475,2.1269,4.129,7.467,3.129,0.635,6.001
45,1.0,3.0,head-on (+Y),25.0,240.5282,3.152,3.152,0.0,10.733,8.4036,cradle (hub/boom/arm),"[-0.0, 25.0, 653.0]",2.7951,13.5177,5.762,14.3562,3.2072,6.483,10.733,5.019,0.994,9.167
45,1.0,3.0,head-on (+Y),30.0,346.3606,3.152,3.152,0.0,14.7245,11.6943,cradle (hub/boom/arm),"[-0.0, 25.0, 653.0]",2.0374,19.4106,8.3925,20.6004,4.5275,9.419,14.724,7.329,1.433,13.044
45,1.0,3.0,head-on (+Y),40.0,615.7522,3.152,3.152,0.0,24.8845,19.9263,cradle (hub/boom/arm),"[-0.0, 25.0, 653.0]",1.2056,34.4114,15.0963,36.4947,7.8882,16.891,24.885,13.21,2.558,22.912
45,1.0,3.0,side (+X),10.0,14.4317,3.152,3.152,0.0,1.8298,1.4909,cradle (hub/boom/arm),"[3.0, 53.0, 624.0]",16.3956,0.4635,0.4999,0.5297,0.2539,0.377,1.83,0.597,0.123,0.881
45,1.0,3.0,side (+X),15.0,32.4713,3.152,3.152,0.0,2.4214,1.8835,cradle (hub/boom/arm),"[16.0, 48.0, 630.0]",12.3896,0.9626,0.5012,1.0378,0.3872,0.661,2.421,1.036,0.212,1.526
45,1.0,3.0,side (+X),20.0,57.7268,3.152,3.152,0.0,3.4404,2.6917,cradle (hub/boom/arm),"[16.0, 48.0, 630.0]",8.7199,1.6881,0.5031,1.7962,0.615,1.06,3.44,1.65,0.336,2.433
45,1.0,3.0,side (+X),25.0,90.1981,3.152,3.152,0.0,4.8487,3.8501,cradle (hub/boom/arm),"[18.0, 45.0, 633.0]",6.1872,2.6288,0.5057,2.7852,0.9263,1.573,4.849,2.489,0.495,3.758
45,1.0,3.0,side (+X),30.0,129.8852,3.152,3.152,0.0,6.7254,5.3293,cradle (hub/boom/arm),"[20.0, 41.0, 636.0]",4.4607,3.7817,0.5092,3.9998,1.3149,2.2,6.725,3.585,0.69,5.534
45,1.0,3.0,side (+X),40.0,230.9071,3.152,3.152,0.0,11.7157,9.3591,cradle (hub/boom/arm),"[20.0, 41.0, 636.0]",2.5607,6.7202,0.5195,7.098,2.3149,3.798,11.716,6.377,1.187,10.059
45,1.0,6.0,calm,0.0,0.0,5.4994,5.4994,0.0,2.9407,2.3489,cradle (hub/boom/arm),"[3.0, 53.0, 624.0]",10.2016,0.379,0.8493,0.8918,0.3503,0.319,2.941,0.411,0.097,0.754
45,1.0,6.0,head-on (+Y),10.0,38.4845,5.4994,5.4994,0.0,4.2524,3.3336,cradle (hub/boom/arm),"[-0.0, 25.0, 653.0]",7.0549,2.4196,0.945,2.6062,0.8304,1.002,4.252,0.819,0.155,2.091
45,1.0,6.0,head-on (+Y),15.0,86.5901,5.4994,5.4994,0.0,6.0666,4.6956,cradle (hub/boom/arm),"[-0.0, 25.0, 653.0]",4.9451,5.0901,1.9212,5.4427,1.4305,2.304,6.067,1.733,0.354,3.831
45,1.0,6.0,head-on (+Y),20.0,153.938,5.4994,5.4994,0.0,8.6066,6.5656,cradle (hub/boom/arm),"[-0.0, 25.0, 653.0]",3.4857,8.8372,3.5257,9.4156,2.2707,4.127,8.607,3.016,0.633,6.286
45,1.0,6.0,head-on (+Y),25.0,240.5282,5.4994,5.4994,0.0,11.8723,9.0749,cradle (hub/boom/arm),"[-0.0, 25.0, 653.0]",2.5269,13.6575,5.651,14.5241,3.3509,6.471,11.872,4.899,0.992,9.445
45,1.0,6.0,head-on (+Y),30.0,346.3606,5.4994,5.4994,0.0,15.8638,12.3604,cradle (hub/boom/arm),"[-0.0, 25.0, 653.0]",1.8911,19.5499,8.2705,20.7682,4.6712,9.336,15.864,7.209,1.431,13.308
45,1.0,6.0,head-on (+Y),40.0,615.7522,5.4994,5.4994,0.0,26.0238,20.684,cradle (hub/boom/arm),"[-0.0, 25.0, 653.0]",1.1528,34.5501,14.9639,36.6624,8.032,16.801,26.024,13.089,2.548,23.176
45,1.0,6.0,side (+X),10.0,14.4317,5.4994,5.4994,0.0,3.0373,2.4006,cradle (hub/boom/arm),"[3.0, 53.0, 624.0]",9.8771,0.5589,0.8501,0.8938,0.3812,0.477,3.037,0.733,0.149,1.153
45,1.0,6.0,side (+X),15.0,32.4713,5.4994,5.4994,0.0,3.2031,2.6219,cradle (hub/boom/arm),"[12.0, 50.0, 627.0]",9.3659,1.0099,0.8512,1.108,0.4814,0.736,3.203,1.171,0.237,1.796
45,1.0,6.0,side (+X),20.0,57.7268,5.4994,5.4994,0.0,4.2177,3.2572,cradle (hub/boom/arm),"[16.0, 48.0, 630.0]",7.113,1.7137,0.8528,1.8374,0.6792,1.134,4.218,1.785,0.361,2.7
45,1.0,6.0,side (+X),25.0,90.1981,5.4994,5.4994,0.0,5.5279,4.2758,cradle (hub/boom/arm),"[16.0, 48.0, 630.0]",5.427,2.6439,0.855,2.8118,0.971,1.647,5.528,2.575,0.52,3.865
45,1.0,6.0,side (+X),30.0,129.8852,5.4994,5.4994,0.0,7.1762,5.6816,cradle (hub/boom/arm),"[18.0, 45.0, 633.0]",4.1805,3.791,0.8579,4.018,1.3476,2.275,7.176,3.584,0.715,5.333
45,1.0,6.0,side (+X),40.0,230.9071,5.4994,5.4994,0.0,11.9391,9.4569,cradle (hub/boom/arm),"[20.0, 41.0, 636.0]",2.5128,6.7236,0.8661,7.1077,2.3348,3.872,11.939,6.375,1.212,9.852
45,1.0,9.0,calm,0.0,0.0,7.8,7.8467,1.4234,4.1459,3.2988,cradle (hub/boom/arm),"[3.0, 53.0, 624.0]",7.236,0.5606,1.1882,1.2438,0.4959,0.456,4.146,0.555,0.129,1.089
45,1.0,9.0,head-on (+Y),10.0,38.4845,7.8,7.8467,1.4234,5.4376,4.238,cradle (hub/boom/arm),"[3.0, 53.0, 624.0]",5.5172,2.5803,1.1488,2.7868,0.9759,1.005,5.438,0.866,0.154,2.41
45,1.0,9.0,head-on (+Y),15.0,86.5901,7.8,7.8467,1.4234,7.2035,5.6048,cradle (hub/boom/arm),"[-0.0, 25.0, 653.0]",4.1646,5.2445,1.9462,5.6219,1.576,2.307,7.204,1.777,0.353,4.135
45,1.0,9.0,head-on (+Y),20.0,153.938,7.8,7.8467,1.4234,9.7435,7.4919,cradle (hub/boom/arm),"[-0.0, 25.0, 653.0]",3.079,8.9889,3.4735,9.5941,2.4162,4.13,9.743,3.059,0.632,6.589
45,1.0,9.0,head-on (+Y),25.0,240.5282,7.8,7.8467,1.4234,13.0092,9.9085,cradle (hub/boom/arm),"[-0.0, 25.0, 653.0]",2.3061,13.8078,5.5655,14.7024,3.4964,6.474,13.009,4.784,0.991,9.747
45,1.0,9.0,head-on (+Y),30.0,346.3606,7.8,7.8467,1.4234,17.0006,13.0024,cradle (hub/boom/arm),"[-0.0, 25.0, 653.0]",1.7646,19.6994,8.168,20.9463,4.8167,9.338,17.001,7.092,1.43,13.607
45,1.0,9.0,head-on (+Y),40.0,615.7522,7.8,7.8467,1.4234,27.1606,21.3952,cradle (hub/boom/arm),"[-0.0, 25.0, 653.0]",1.1045,34.6988,14.8454,36.8403,8.1775,16.715,27.161,12.972,2.547,23.456
45,1.0,9.0,side (+X),10.0,14.4317,7.8,7.8467,1.4234,4.2425,3.3341,cradle (hub/boom/arm),"[3.0, 53.0, 624.0]",7.0713,0.6925,1.189,1.2457,0.5189,0.611,4.242,0.865,0.176,1.436
45,1.0,9.0,side (+X),15.0,32.4713,7.8,7.8467,1.4234,4.3636,3.4885,cradle (hub/boom/arm),"[3.0, 53.0, 624.0]",6.8751,1.0874,1.1901,1.2485,0.5971,0.817,4.364,1.303,0.262,2.077
45,1.0,9.0,side (+X),20.0,57.7268,7.8,7.8467,1.4234,4.9934,3.948,cradle (hub/boom/arm),"[16.0, 48.0, 630.0]",6.008,1.7588,1.1916,1.9025,0.7665,1.206,4.993,1.917,0.386,2.979
45,1.0,9.0,side (+X),25.0,90.1981,7.8,7.8467,1.4234,6.3033,4.8142,cradle (hub/boom/arm),"[16.0, 48.0, 630.0]",4.7594,2.6719,1.1936,2.8542,1.0348,1.719,6.303,2.707,0.545,4.143
45,1.0,9.0,side (+X),30.0,129.8852,7.8,7.8467,1.4234,7.9048,6.1178,cradle (hub/boom/arm),"[16.0, 48.0, 630.0]",3.7951,3.8093,1.1962,4.0473,1.395,2.346,7.905,3.672,0.74,5.567
45,1.0,9.0,side (+X),40.0,230.9071,7.8,7.8467,1.4234,12.304,9.7528,cradle (hub/boom/arm),"[18.0, 45.0, 633.0]",2.4382,6.7321,1.2034,7.1236,2.3635,3.943,12.304,6.374,1.236,9.641
45,1.0,12.0,calm,0.0,0.0,7.8,10.1941,72.9011,5.2284,3.9908,cradle (hub/boom/arm),"[3.0, 53.0, 624.0]",5.7379,1.1451,0.9601,1.2139,0.7269,0.718,5.228,0.56,0.131,2.156
45,1.0,12.0,head-on (+Y),10.0,38.4845,7.8,10.1941,72.9011,6.52,5.0698,cradle (hub/boom/arm),"[3.0, 53.0, 624.0]",4.6012,3.2147,1.1273,3.4669,1.2069,1.196,6.52,1.016,0.175,3.506
45,1.0,12.0,head-on (+Y),15.0,86.5901,7.8,10.1941,72.9011,8.2196,6.4164,cradle (hub/boom/arm),"[-0.0, 25.0, 653.0]",3.6498,5.8762,2.0713,6.301,1.807,2.498,8.22,1.927,0.374,5.228
45,1.0,12.0,head-on (+Y),20.0,153.938,7.8,10.1941,72.9011,10.7595,8.3298,cradle (hub/boom/arm),"[-0.0, 25.0, 653.0]",2.7882,9.6184,3.6524,10.2726,2.6472,4.321,10.76,3.209,0.653,7.681
45,1.0,12.0,head-on (+Y),25.0,240.5282,7.8,10.1941,72.9011,14.0252,10.7442,cradle (hub/boom/arm),"[-0.0, 25.0, 653.0]",2.139,14.4359,5.7656,15.3805,3.7275,6.665,14.025,4.86,1.012,10.837
45,1.0,12.0,head-on (+Y),30.0,346.3606,7.8,10.1941,72.9011,18.0166,13.9063,cradle (hub/boom/arm),"[-0.0, 25.0, 653.0]",1.6651,20.3268,8.3784,21.6241,5.0478,9.53,18.017,7.152,1.45,14.697
45,1.0,12.0,head-on (+Y),40.0,615.7522,7.8,10.1941,72.9011,28.1766,22.2022,cradle (hub/boom/arm),"[-0.0, 25.0, 653.0]",1.0647,35.3253,15.065,37.5179,8.4085,16.857,28.177,13.03,2.567,24.524
45,1.0,12.0,side (+X),10.0,14.4317,7.8,10.1941,72.9011,5.3249,4.0474,cradle (hub/boom/arm),"[3.0, 53.0, 624.0]",5.6339,1.2114,0.9606,1.2851,0.7427,0.871,5.325,0.857,0.177,2.268
45,1.0,12.0,side (+X),15.0,32.4713,7.8,10.1941,72.9011,5.4459,4.2155,cradle (hub/boom/arm),"[3.0, 53.0, 624.0]",5.5087,1.4693,0.9612,1.558,0.7993,1.073,5.446,1.294,0.262,2.889
45,1.0,12.0,side (+X),20.0,57.7268,7.8,10.1941,72.9011,5.6891,4.6304,cradle (hub/boom/arm),"[12.0, 50.0, 627.0]",5.2732,2.0134,0.9622,2.1319,0.9327,1.364,5.689,1.907,0.386,3.773
45,1.0,12.0,side (+X),25.0,90.1981,7.8,10.1941,72.9011,6.9903,5.4094,cradle (hub/boom/arm),"[16.0, 48.0, 630.0]",4.2917,2.8422,0.9635,3.0058,1.1632,1.746,6.99,2.696,0.545,4.923
45,1.0,12.0,side (+X),30.0,129.8852,7.8,10.1941,72.9011,8.5916,6.5592,cradle (hub/boom/arm),"[16.0, 48.0, 630.0]",3.4918,3.9274,0.9652,4.1502,1.4927,2.275,8.592,3.661,0.74,6.337
45,1.0,12.0,side (+X),40.0,230.9071,7.8,10.1941,72.9011,12.7526,10.088,cradle (hub/boom/arm),"[18.0, 45.0, 633.0]",2.3525,6.7949,0.9705,7.1746,2.4225,3.872,12.753,6.381,1.236,9.951
45,1.0,15.0,calm,0.0,0.0,7.8,12.5415,144.3789,6.3109,4.8175,cradle (hub/boom/arm),"[3.0, 53.0, 624.0]",4.7537,1.7646,0.7643,1.8913,0.9579,0.979,6.311,0.575,0.133,3.235
45,1.0,15.0,head-on (+Y),10.0,38.4845,7.8,12.5415,144.3789,7.6025,5.8926,cradle (hub/boom/arm),"[3.0, 53.0, 624.0]",3.9461,3.8491,1.1722,4.1471,1.438,1.427,7.603,1.166,0.197,4.602
45,1.0,15.0,head-on (+Y),15.0,86.5901,7.8,12.5415,144.3789,9.2357,7.236,cradle (hub/boom/arm),"[-0.0, 25.0, 653.0]",3.2483,6.5085,2.2238,6.9804,2.0381,2.689,9.236,2.078,0.394,6.321
45,1.0,15.0,head-on (+Y),20.0,153.938,7.8,12.5415,144.3789,11.7756,9.1804,cradle (hub/boom/arm),"[-0.0, 25.0, 653.0]",2.5476,10.2485,3.8428,10.9513,2.8783,4.512,11.776,3.359,0.673,8.773
45,1.0,15.0,head-on (+Y),25.0,240.5282,7.8,12.5415,144.3789,15.0413,11.5975,cradle (hub/boom/arm),"[-0.0, 25.0, 653.0]",1.9945,15.0646,5.9717,16.0588,3.9585,6.856,15.041,5.01,1.032,11.929
45,1.0,15.0,head-on (+Y),30.0,346.3606,7.8,12.5415,144.3789,19.0327,14.8405,cradle (hub/boom/arm),"[-0.0, 25.0, 653.0]",1.5762,20.9545,8.5924,22.3021,5.2788,9.721,19.033,7.211,1.471,15.787
45,1.0,15.0,head-on (+Y),40.0,615.7522,7.8,12.5415,144.3789,29.1927,23.072,cradle (hub/boom/arm),"[-0.0, 25.0, 653.0]",1.0277,35.952,15.2864,38.1955,8.6395,17.013,29.193,13.088,2.588,25.613
45,1.0,15.0,side (+X),10.0,14.4317,7.8,12.5415,144.3789,6.4074,4.8645,cradle (hub/boom/arm),"[3.0, 53.0, 624.0]",4.6821,1.8057,0.7642,1.9285,0.97,1.132,6.407,0.86,0.178,3.134
45,1.0,15.0,side (+X),15.0,32.4713,7.8,12.5415,144.3789,6.5283,5.0413,cradle (hub/boom/arm),"[3.0, 53.0, 624.0]",4.5954,1.985,0.7641,2.1032,1.014,1.331,6.528,1.292,0.262,3.731
45,1.0,15.0,side (+X),20.0,57.7268,7.8,12.5415,144.3789,6.698,5.3825,cradle (hub/boom/arm),"[3.0, 53.0, 624.0]",4.4789,2.4123,0.7641,2.5287,1.122,1.618,6.698,1.902,0.386,4.598
45,1.0,15.0,side (+X),25.0,90.1981,7.8,12.5415,144.3789,7.6775,6.0595,cradle (hub/boom/arm),"[16.0, 48.0, 630.0]",3.9075,3.1342,0.7643,3.2758,1.3199,1.996,7.677,2.689,0.545,5.732
45,1.0,15.0,side (+X),30.0,129.8852,7.8,12.5415,144.3789,9.2785,7.1333,cradle (hub/boom/arm),"[16.0, 48.0, 630.0]",3.2333,4.1405,0.7647,4.3468,1.6177,2.464,9.278,3.653,0.74,7.132
45,1.0,15.0,side (+X),40.0,230.9071,7.8,12.5415,144.3789,13.3553,10.4441,cradle (hub/boom/arm),"[16.0, 48.0, 630.0]",2.2463,6.9156,0.7667,7.2846,2.5014,3.801,13.355,6.387,1.236,10.726
45,1.2,3.0,calm,0.0,0.0,3.4415,3.4415,0.0,1.9089,1.5313,cradle (hub/boom/arm),"[3.0, 53.0, 624.0]",15.7157,0.2119,0.5455,0.5802,0.2281,0.225,1.909,0.295,0.072,0.466
45,1.2,3.0,head-on (+Y),10.0,55.4177,3.4415,3.4415,0.0,4.1031,3.2209,cradle (hub/boom/arm),"[-0.0, 25.0, 653.0]",7.3116,3.237,1.1907,3.469,0.9527,1.426,4.103,1.072,0.215,2.568
45,1.2,3.0,head-on (+Y),15.0,124.6898,3.4415,3.4415,0.0,6.9287,5.3625,cradle (hub/boom/arm),"[-0.0, 25.0, 653.0]",4.3298,7.1434,2.8714,7.6166,1.8585,3.294,6.929,2.437,0.497,5.258
45,1.2,3.0,head-on (+Y),20.0,221.6708,3.4415,3.4415,0.0,10.8846,8.5173,cradle (hub/boom/arm),"[-0.0, 25.0, 653.0]",2.7562,12.6154,5.2852,13.4238,3.1267,5.908,10.885,4.535,0.891,9.025
45,1.2,3.0,head-on (+Y),25.0,346.3606,3.4415,3.4415,0.0,15.9708,12.6893,cradle (hub/boom/arm),"[-0.0, 25.0, 653.0]",1.8784,19.6517,8.4031,20.8905,4.7571,9.34,15.971,7.234,1.399,13.878
45,1.2,3.0,head-on (+Y),30.0,498.7592,3.4415,3.4415,0.0,22.1873,17.8119,cradle (hub/boom/arm),"[-0.0, 25.0, 653.0]",1.3521,28.252,12.2192,30.0164,6.7499,13.548,22.187,10.532,2.019,19.816
45,1.2,3.0,head-on (+Y),40.0,886.6831,3.4415,3.4415,0.0,38.011,30.7813,cradle (hub/boom/arm),"[-0.0, 25.0, 653.0]",0.7892,50.1439,21.9389,53.2461,11.8225,24.26,38.011,18.928,3.635,34.931
45,1.2,3.0,side (+X),10.0,20.7816,3.4415,3.4415,0.0,2.1319,1.7683,cradle (hub/boom/arm),"[16.0, 48.0, 630.0]",14.0718,0.6618,0.5475,0.7376,0.3243,0.512,2.132,0.795,0.164,1.18
45,1.2,3.0,side (+X),15.0,46.7587,3.4415,3.4415,0.0,3.2687,2.5537,cradle (hub/boom/arm),"[16.0, 48.0, 630.0]",9.1781,1.4324,0.5515,1.5382,0.5617,0.932,3.269,1.444,0.295,2.172
45,1.2,3.0,side (+X),20.0,83.1265,3.4415,3.4415,0.0,4.9203,3.9655,cradle (hub/boom/arm),"[18.0, 45.0, 633.0]",6.0971,2.531,0.5598,2.6906,0.9374,1.525,4.92,2.353,0.479,3.573
45,1.2,3.0,side (+X),25.0,129.8852,3.4415,3.4415,0.0,7.3185,5.8671,cradle (hub/boom/arm),"[-18.0, 45.0, 652.0]",4.0992,3.9491,0.5748,4.1834,1.4366,2.287,7.319,3.662,0.715,5.753
45,1.2,3.0,side (+X),30.0,187.0347,3.4415,3.4415,0.0,10.3634,8.3537,cradle (hub/boom/arm),"[20.0, 41.0, 636.0]",2.8948,5.6846,0.5993,6.0143,2.0532,3.219,10.363,5.275,1.004,8.465
45,1.2,3.0,side (+X),40.0,332.5062,3.4415,3.4415,0.0,18.1635,14.6841,cradle (hub/boom/arm),"[20.0, 41.0, 636.0]",1.6517,10.1047,0.6869,10.68,3.6315,5.591,18.163,9.379,1.739,15.369
45,1.2,6.0,calm,0.0,0.0,5.947,5.947,0.0,3.2127,2.5655,cradle (hub/boom/arm),"[3.0, 53.0, 624.0]",9.338,0.3818,0.9202,0.9724,0.3837,0.335,3.213,0.458,0.109,0.804
45,1.2,6.0,head-on (+Y),10.0,55.4177,5.947,5.947,0.0,5.3413,4.2239,cradle (hub/boom/arm),"[-0.0, 25.0, 653.0]",5.6167,3.3733,1.2199,3.63,1.1083,1.409,5.341,1.103,0.21,2.876
45,1.2,6.0,head-on (+Y),15.0,124.6898,5.947,5.947,0.0,8.1669,6.3441,cradle (hub/boom/arm),"[-0.0, 25.0, 653.0]",3.6734,7.2753,2.7779,7.7767,2.0141,3.276,8.167,2.414,0.492,5.56
45,1.2,6.0,head-on (+Y),20.0,221.6708,5.947,5.947,0.0,12.1228,9.347,cradle (hub/boom/arm),"[-0.0, 25.0, 653.0]",2.4747,12.7457,5.1543,13.5836,3.2822,5.89,12.123,4.399,0.886,9.326
45,1.2,6.0,head-on (+Y),25.0,346.3606,5.947,5.947,0.0,17.2089,13.4197,cradle (hub/boom/arm),"[-0.0, 25.0, 653.0]",1.7433,19.7812,8.2564,21.05,4.9127,9.252,17.209,7.096,1.393,14.17
45,1.2,6.0,head-on (+Y),30.0,498.7592,5.947,5.947,0.0,23.4254,18.5022,cradle (hub/boom/arm),"[-0.0, 25.0, 653.0]",1.2807,28.381,12.0643,30.1758,6.9055,13.438,23.425,10.394,2.013,20.095
45,1.2,6.0,head-on (+Y),40.0,886.6831,5.947,5.947,0.0,39.2491,31.5479,cradle (hub/boom/arm),"[-0.0, 25.0, 653.0]",0.7643,50.2724,21.7762,53.4054,11.978,24.15,39.249,18.79,3.598,35.21
45,1.2,6.0,side (+X),10.0,20.7816,5.947,5.947,0.0,3.3641,2.7045,cradle (hub/boom/arm),"[3.0, 53.0, 624.0]",8.9176,0.7308,0.9219,0.9764,0.4491,0.607,3.364,0.945,0.194,1.464
45,1.2,6.0,side (+X),15.0,46.7587,5.947,5.947,0.0,4.1065,3.2668,cradle (hub/boom/arm),"[16.0, 48.0, 630.0]",7.3054,1.4634,0.9248,1.593,0.6432,1.02,4.107,1.594,0.324,2.453
45,1.2,6.0,side (+X),20.0,83.1265,5.947,5.947,0.0,5.6985,4.4421,cradle (hub/boom/arm),"[16.0, 48.0, 630.0]",5.2646,2.547,0.9306,2.7244,0.9896,1.612,5.698,2.504,0.508,3.842
45,1.2,6.0,side (+X),25.0,129.8852,5.947,5.947,0.0,7.7917,6.2565,cradle (hub/boom/arm),"[18.0, 45.0, 633.0]",3.8503,3.958,0.9407,4.2052,1.4721,2.374,7.792,3.673,0.744,5.631
45,1.2,6.0,side (+X),30.0,187.0347,5.947,5.947,0.0,10.6362,8.5702,cradle (hub/boom/arm),"[-18.0, 45.0, 652.0]",2.8206,5.6896,0.9571,6.0288,2.0791,3.306,10.636,5.274,1.033,8.2
45,1.2,6.0,side (+X),40.0,332.5062,5.947,5.947,0.0,18.4008,14.8004,cradle (hub/boom/arm),"[20.0, 41.0, 636.0]",1.6304,10.1059,1.0172,10.6882,3.6475,5.678,18.401,9.378,1.767,15.071
45,1.2,9.0,calm,0.0,0.0,7.8,8.4525,19.87,4.4817,3.5111,cradle (hub/boom/arm),"[3.0, 53.0, 624.0]",6.6939,0.6501,1.1309,1.1874,0.5636,0.502,4.482,0.58,0.138,1.346
45,1.2,9.0,head-on (+Y),10.0,55.4177,7.8,8.4525,19.87,6.5452,5.1697,cradle (hub/boom/arm),"[-0.0, 25.0, 653.0]",4.5835,3.6474,1.3185,3.9334,1.2882,1.445,6.545,1.165,0.211,3.416
45,1.2,9.0,head-on (+Y),15.0,124.6898,7.8,8.4525,19.87,9.3708,7.3329,cradle (hub/boom/arm),"[-0.0, 25.0, 653.0]",3.2014,7.5442,2.782,8.0789,2.1939,3.312,9.371,2.475,0.492,6.087
45,1.2,9.0,head-on (+Y),20.0,221.6708,7.8,8.4525,19.87,13.3266,10.2939,cradle (hub/boom/arm),"[-0.0, 25.0, 653.0]",2.2511,13.0123,5.1255,13.8852,3.4621,5.926,13.327,4.313,0.887,9.852
45,1.2,9.0,head-on (+Y),25.0,346.3606,7.8,8.4525,19.87,18.4128,14.1971,cradle (hub/boom/arm),"[-0.0, 25.0, 653.0]",1.6293,20.0466,8.2136,21.3514,5.0925,9.288,18.413,7.009,1.394,14.695
45,1.2,9.0,head-on (+Y),30.0,498.7592,7.8,8.4525,19.87,24.6292,19.3389,cradle (hub/boom/arm),"[-0.0, 25.0, 653.0]",1.2181,28.6458,12.0142,30.4771,7.0853,13.397,24.629,10.307,2.014,20.615
45,1.2,9.0,head-on (+Y),40.0,886.6831,7.8,8.4525,19.87,40.4529,32.3694,cradle (hub/boom/arm),"[-0.0, 25.0, 653.0]",0.7416,50.5367,21.7192,53.7066,12.1579,24.105,40.453,18.702,3.592,35.712
45,1.2,9.0,side (+X),10.0,20.7816,7.8,8.4525,19.87,4.633,3.6323,cradle (hub/boom/arm),"[3.0, 53.0, 624.0]",6.4753,0.8964,1.1324,1.1911,0.6108,0.733,4.633,1.055,0.217,1.897
45,1.2,9.0,side (+X),15.0,46.7587,7.8,8.4525,19.87,4.9196,4.0661,cradle (hub/boom/arm),"[16.0, 48.0, 630.0]",6.0981,1.5499,1.135,1.6953,0.7657,1.067,4.92,1.704,0.346,2.877
45,1.2,9.0,side (+X),20.0,83.1265,7.8,8.4525,19.87,6.511,5.0689,cradle (hub/boom/arm),"[16.0, 48.0, 630.0]",4.6076,2.5952,1.1399,2.7817,1.074,1.659,6.511,2.613,0.53,4.261
45,1.2,9.0,side (+X),25.0,129.8852,7.8,8.4525,19.87,8.5582,6.7254,cradle (hub/boom/arm),"[16.0, 48.0, 630.0]",3.5054,3.9871,1.1485,4.2421,1.5308,2.421,8.558,3.782,0.766,6.045
45,1.2,9.0,side (+X),30.0,187.0347,7.8,8.4525,19.87,11.1599,8.9432,cradle (hub/boom/arm),"[18.0, 45.0, 633.0]",2.6882,5.7081,1.1623,6.0539,2.1218,3.352,11.16,5.275,1.054,8.229
45,1.2,9.0,side (+X),40.0,332.5062,7.8,8.4525,19.87,18.6276,14.9066,cradle (hub/boom/arm),"[20.0, 41.0, 636.0]",1.6105,10.1138,1.2131,10.7003,3.6728,5.724,18.628,9.38,1.789,14.639
45,1.2,12.0,calm,0.0,0.0,7.8,10.9581,96.1634,5.6518,4.3956,cradle (hub/boom/arm),"[3.0, 53.0, 624.0]",5.308,1.2629,0.8871,1.3407,0.8123,0.775,5.652,0.592,0.142,2.486
45,1.2,12.0,head-on (+Y),10.0,55.4177,7.8,10.9581,96.1634,7.6769,6.0769,cradle (hub/boom/arm),"[3.0, 53.0, 624.0]",3.9079,4.3045,1.3811,4.6394,1.5369,1.633,7.677,1.312,0.23,4.582
45,1.2,12.0,head-on (+Y),15.0,124.6898,7.8,10.9581,96.1634,10.4774,8.2587,cradle (hub/boom/arm),"[-0.0, 25.0, 653.0]",2.8633,8.1978,2.9555,8.7838,2.4427,3.5,10.477,2.622,0.511,7.249
45,1.2,12.0,head-on (+Y),20.0,221.6708,7.8,10.9581,96.1634,14.4332,11.2122,cradle (hub/boom/arm),"[-0.0, 25.0, 653.0]",2.0785,13.6638,5.3314,14.5896,3.7108,6.114,14.433,4.459,0.905,11.013
45,1.2,12.0,head-on (+Y),25.0,346.3606,7.8,10.9581,96.1634,19.5194,15.1552,cradle (hub/boom/arm),"[-0.0, 25.0, 653.0]",1.5369,20.697,8.4323,22.0554,5.3412,9.476,19.519,7.064,1.412,15.855
45,1.2,12.0,head-on (+Y),30.0,498.7592,7.8,10.9581,96.1634,25.7358,20.3136,cradle (hub/boom/arm),"[-0.0, 25.0, 653.0]",1.1657,29.2955,12.2393,31.1809,7.334,13.584,25.736,10.36,2.032,21.774
45,1.2,12.0,head-on (+Y),40.0,886.6831,7.8,10.9581,96.1634,41.5595,33.3067,cradle (hub/boom/arm),"[-0.0, 25.0, 653.0]",0.7219,51.1856,21.9501,54.4102,12.4066,24.244,41.559,18.755,3.611,36.848
45,1.2,12.0,side (+X),10.0,20.7816,7.8,10.9581,96.1634,5.803,4.5017,cradle (hub/boom/arm),"[3.0, 53.0, 624.0]",5.1697,1.4005,0.8883,1.4882,0.8457,1.003,5.803,1.053,0.22,2.781
45,1.2,12.0,side (+X),15.0,46.7587,7.8,10.9581,96.1634,5.9929,4.8818,cradle (hub/boom/arm),"[3.0, 53.0, 624.0]",5.0059,1.882,0.8907,1.9973,0.9635,1.306,5.993,1.7,0.348,3.735
45,1.2,12.0,side (+X),20.0,83.1265,7.8,10.9581,96.1634,7.2525,5.7467,cradle (hub/boom/arm),"[16.0, 48.0, 630.0]",4.1365,2.8018,0.8957,2.9681,1.2229,1.742,7.252,2.608,0.532,5.097
45,1.2,12.0,side (+X),25.0,129.8852,7.8,10.9581,96.1634,9.2992,7.2224,cradle (hub/boom/arm),"[16.0, 48.0, 630.0]",3.2261,4.1207,0.905,4.3601,1.6388,2.353,9.299,3.777,0.768,6.865
45,1.2,12.0,side (+X),30.0,187.0347,7.8,10.9581,96.1634,11.8016,9.3487,cradle (hub/boom/arm),"[16.0, 48.0, 630.0]",2.542,5.7988,0.9206,6.1315,2.2009,3.285,11.802,5.282,1.056,9.038
45,1.2,12.0,side (+X),40.0,332.5062,7.8,10.9581,96.1634,18.8562,15.1836,cradle (hub/boom/arm),"[18.0, 45.0, 633.0]",1.591,10.1603,0.9795,10.7363,3.7191,5.657,18.856,9.387,1.791,14.589
45,1.2,15.0,calm,0.0,0.0,7.8,13.4636,172.4567,6.8219,5.3059,cradle (hub/boom/arm),"[3.0, 53.0, 624.0]",4.3976,1.9061,0.6786,2.0445,1.061,1.048,6.822,0.613,0.147,3.644
45,1.2,15.0,head-on (+Y),10.0,55.4177,7.8,13.4636,172.4567,8.847,6.9973,cradle (hub/boom/arm),"[3.0, 53.0, 624.0]",3.391,4.9617,1.4974,5.3455,1.7856,1.821,8.847,1.459,0.249,5.748
45,1.2,15.0,head-on (+Y),15.0,124.6898,7.8,13.4636,172.4567,11.584,9.1653,cradle (hub/boom/arm),"[-0.0, 25.0, 653.0]",2.5898,8.8521,3.1458,9.489,2.6914,3.688,11.584,2.769,0.529,8.411
45,1.2,15.0,head-on (+Y),20.0,221.6708,7.8,13.4636,172.4567,15.5398,12.1531,cradle (hub/boom/arm),"[-0.0, 25.0, 653.0]",1.9305,14.316,5.5445,15.2941,3.9595,6.302,15.54,4.606,0.923,12.174
45,1.2,15.0,head-on (+Y),25.0,346.3606,7.8,13.4636,172.4567,20.626,16.1367,cradle (hub/boom/arm),"[-0.0, 25.0, 653.0]",1.4545,21.3479,8.655,22.7596,5.59,9.664,20.626,7.119,1.431,17.016
45,1.2,15.0,head-on (+Y),30.0,498.7592,7.8,13.4636,172.4567,26.8424,21.2462,cradle (hub/boom/arm),"[-0.0, 25.0, 653.0]",1.1176,29.9455,12.4669,31.8848,7.5827,13.772,26.842,10.414,2.051,22.935
45,1.2,15.0,head-on (+Y),40.0,886.6831,7.8,13.4636,172.4567,42.666,34.2062,cradle (hub/boom/arm),"[-0.0, 25.0, 653.0]",0.7031,51.8347,22.1824,55.1138,12.6553,24.382,42.666,18.808,3.629,38.003
45,1.2,15.0,side (+X),10.0,20.7816,7.8,13.4636,172.4567,6.9731,5.381,cradle (hub/boom/arm),"[3.0, 53.0, 624.0]",4.3022,1.9964,0.6792,2.1316,1.0867,1.275,6.973,1.058,0.223,3.695
45,1.2,15.0,side (+X),15.0,46.7587,7.8,13.4636,172.4567,7.1627,5.7163,cradle (hub/boom/arm),"[3.0, 53.0, 624.0]",4.1883,2.3554,0.6812,2.4858,1.1808,1.573,7.163,1.701,0.351,4.622
45,1.2,15.0,side (+X),20.0,83.1265,7.8,13.4636,172.4567,7.9941,6.4972,cradle (hub/boom/arm),"[16.0, 48.0, 630.0]",3.7528,3.1354,0.6862,3.2796,1.4005,2.005,7.994,2.606,0.534,5.962
45,1.2,15.0,side (+X),25.0,129.8852,7.8,13.4636,172.4567,10.0404,7.8129,cradle (hub/boom/arm),"[16.0, 48.0, 630.0]",2.9879,4.3507,0.6962,4.5714,1.7752,2.571,10.04,3.773,0.77,7.711
45,1.2,15.0,side (+X),30.0,187.0347,7.8,13.4636,172.4567,12.5424,9.8083,cradle (hub/boom/arm),"[16.0, 48.0, 630.0]",2.3919,5.9611,0.7139,6.2792,2.3042,3.271,12.542,5.289,1.058,9.869
45,1.2,15.0,side (+X),40.0,332.5062,7.8,13.4636,172.4567,19.3379,15.4993,cradle (hub/boom/arm),"[18.0, 45.0, 633.0]",1.5514,10.2489,0.7827,10.8129,3.7812,5.59,19.338,9.394,1.793,15.4
90,0.6,3.0,calm,0.0,0.0,2.573,2.573,0.0,0.291,0.1338,cradle (hub/boom/arm),"[45.0, 1.0, 617.0]",103.1086,0.0259,0.0272,0.0274,0.0014,0.13,0.291,0.166,0.036,0.22
90,0.6,3.0,head-on (+Y),10.0,5.1954,2.573,2.573,0.0,0.375,0.2478,shoulders,"[-53.0, 9.0, 611.0]",79.9926,0.3536,0.0278,0.359,0.0742,0.225,0.308,0.248,0.059,0.375
90,0.6,3.0,head-on (+Y),15.0,11.6897,2.573,2.573,0.0,0.6792,0.4573,shoulders,"[-53.0, 9.0, 611.0]",44.1709,0.7913,0.0317,0.7996,0.1654,0.419,0.549,0.379,0.088,0.679
90,0.6,3.0,head-on (+Y),20.0,20.7816,2.573,2.573,0.0,1.1212,0.766,shoulders,"[-53.0, 9.0, 611.0]",26.7568,1.4047,0.0409,1.4171,0.2931,0.691,0.917,0.564,0.13,1.121
90,0.6,3.0,head-on (+Y),25.0,32.4713,2.573,2.573,0.0,1.6956,1.1672,shoulders,"[-53.0, 9.0, 611.0]",17.6928,2.1934,0.0559,2.2111,0.4572,1.041,1.391,0.803,0.183,1.696
90,0.6,3.0,head-on (+Y),30.0,46.7587,2.573,2.573,0.0,2.4003,1.6592,shoulders,"[-53.0, 9.0, 611.0]",12.4987,3.1575,0.0762,3.1817,0.6578,1.469,1.97,1.095,0.248,2.4
90,0.6,3.0,head-on (+Y),40.0,83.1265,2.573,2.573,0.0,4.1974,2.9102,shoulders,"[-53.0, 9.0, 611.0]",7.1473,5.6117,0.131,5.6523,1.1684,2.558,3.446,1.869,0.413,4.197
90,0.6,3.0,side (+X),10.0,5.1954,2.573,2.573,0.0,0.3399,0.2267,cradle (hub/boom/arm),"[45.0, 1.0, 617.0]",88.2721,0.1081,0.058,0.1129,0.0279,0.186,0.34,0.266,0.059,0.257
90,0.6,3.0,side (+X),15.0,11.6897,2.573,2.573,0.0,0.5816,0.4001,cradle (hub/boom/arm),"[20.0, -2.0, 654.0]",51.5827,0.2361,0.1229,0.2424,0.0621,0.257,0.582,0.393,0.089,0.357
90,0.6,3.0,side (+X),20.0,20.7816,2.573,2.573,0.0,0.9615,0.6658,cradle (hub/boom/arm),"[20.0, -2.0, 654.0]",31.2022,0.417,0.2175,0.4254,0.1099,0.356,0.961,0.572,0.131,0.497
90,0.6,3.0,side (+X),25.0,32.4713,2.573,2.573,0.0,1.4499,1.034,cradle (hub/boom/arm),"[20.0, -2.0, 654.0]",20.6908,0.6502,0.3402,0.6612,0.1713,0.484,1.45,0.807,0.186,0.678
90,0.6,3.0,side (+X),30.0,46.7587,2.573,2.573,0.0,2.0469,1.4932,cradle (hub/boom/arm),"[20.0, -2.0, 654.0]",14.6562,0.9354,0.4906,0.9496,0.2465,0.64,2.047,1.095,0.253,0.928
90,0.6,3.0,side (+X),40.0,83.1265,2.573,2.573,0.0,3.5666,2.6482,cradle (hub/boom/arm),"[20.0, -2.0, 654.0]",8.4114,1.6616,0.8739,1.6839,0.4377,1.065,3.567,1.846,0.424,1.649
90,0.6,6.0,calm,0.0,0.0,4.6041,4.6041,0.0,0.5138,0.2279,cradle (hub/boom/arm),"[45.0, 1.0, 617.0]",58.3868,0.0439,0.0454,0.0458,0.0026,0.221,0.514,0.27,0.056,0.388
90,0.6,6.0,head-on (+Y),10.0,5.1954,4.6041,4.6041,0.0,0.5231,0.3195,cradle (hub/boom/arm),"[45.0, 1.0, 617.0]",57.3471,0.357,0.0455,0.3645,0.0753,0.273,0.523,0.34,0.079,0.493
90,0.6,6.0,head-on (+Y),15.0,11.6897,4.6041,4.6041,0.0,0.7776,0.525,shoulders,"[-53.0, 9.0, 611.0]",38.5812,0.7938,0.0476,0.8042,0.1665,0.461,0.615,0.468,0.109,0.778
90,0.6,6.0,head-on (+Y),20.0,20.7816,4.6041,4.6041,0.0,1.2071,0.817,shoulders,"[-53.0, 9.0, 611.0]",24.8519,1.4068,0.0538,1.4213,0.2941,0.733,0.983,0.652,0.15,1.207
90,0.6,6.0,head-on (+Y),25.0,32.4713,4.6041,4.6041,0.0,1.7743,1.2063,shoulders,"[-53.0, 9.0, 611.0]",16.9081,2.1954,0.0655,2.2152,0.4582,1.083,1.456,0.889,0.203,1.774
90,0.6,6.0,head-on (+Y),30.0,46.7587,4.6041,4.6041,0.0,2.4746,1.6984,shoulders,"[-53.0, 9.0, 611.0]",12.1233,3.1594,0.083,3.1857,0.6588,1.51,2.034,1.181,0.268,2.475
90,0.6,6.0,head-on (+Y),40.0,83.1265,4.6041,4.6041,0.0,4.267,2.9502,shoulders,"[-53.0, 9.0, 611.0]",7.0307,5.6135,0.1344,5.6562,1.1694,2.599,3.507,1.926,0.433,4.267
90,0.6,6.0,side (+X),10.0,5.1954,4.6041,4.6041,0.0,0.5626,0.306,cradle (hub/boom/arm),"[45.0, 1.0, 617.0]",53.3262,0.1155,0.0671,0.1224,0.0284,0.277,0.563,0.371,0.079,0.412
90,0.6,6.0,side (+X),15.0,11.6897,4.6041,4.6041,0.0,0.6597,0.4694,cradle (hub/boom/arm),"[20.0, -2.0, 654.0]",45.4726,0.2406,0.1265,0.2494,0.0625,0.348,0.66,0.497,0.109,0.482
90,0.6,6.0,side (+X),20.0,20.7816,4.6041,4.6041,0.0,1.0396,0.7162,cradle (hub/boom/arm),"[20.0, -2.0, 654.0]",28.8584,0.4204,0.2188,0.4314,0.1103,0.448,1.04,0.674,0.151,0.622
90,0.6,6.0,side (+X),25.0,32.4713,4.6041,4.6041,0.0,1.528,1.0523,cradle (hub/boom/arm),"[20.0, -2.0, 654.0]",19.6339,0.6531,0.3404,0.6667,0.1718,0.575,1.528,0.904,0.205,0.803
90,0.6,6.0,side (+X),30.0,46.7587,4.6041,4.6041,0.0,2.1249,1.4925,cradle (hub/boom/arm),"[20.0, -2.0, 654.0]",14.118,0.938,0.4902,0.9548,0.2469,0.731,2.125,1.192,0.272,1.024
90,0.6,6.0,side (+X),40.0,83.1265,4.6041,4.6041,0.0,3.6446,2.6601,cradle (hub/boom/arm),"[20.0, -2.0, 654.0]",8.2314,1.6639,0.8729,1.6888,0.4382,1.128,3.645,1.924,0.443,1.651
90,0.6,9.0,calm,0.0,0.0,6.6351,6.6351,0.0,0.7367,0.3226,cradle (hub/boom/arm),"[45.0, 1.0, 617.0]",40.7234,0.062,0.0637,0.0643,0.0037,0.313,0.737,0.375,0.076,0.556
90,0.6,9.0,head-on (+Y),10.0,5.1954,6.6351,6.6351,0.0,0.7426,0.3957,cradle (hub/boom/arm),"[45.0, 1.0, 617.0]",40.3967,0.3613,0.0636,0.3708,0.0763,0.357,0.743,0.431,0.099,0.621
90,0.6,9.0,head-on (+Y),15.0,11.6897,6.6351,6.6351,0.0,0.8873,0.5904,shoulders,"[-53.0, 9.0, 611.0]",33.8121,0.7967,0.0648,0.8091,0.1675,0.502,0.772,0.559,0.129,0.887
90,0.6,9.0,head-on (+Y),20.0,20.7816,6.6351,6.6351,0.0,1.3025,0.8834,shoulders,"[-53.0, 9.0, 611.0]",23.0323,1.4092,0.0691,1.4257,0.2952,0.774,1.048,0.741,0.17,1.303
90,0.6,9.0,head-on (+Y),25.0,32.4713,6.6351,6.6351,0.0,1.8602,1.259,shoulders,"[-53.0, 9.0, 611.0]",16.1271,2.1975,0.0782,2.2194,0.4593,1.124,1.521,0.977,0.223,1.86
90,0.6,9.0,head-on (+Y),30.0,46.7587,6.6351,6.6351,0.0,2.5544,1.7383,shoulders,"[-53.0, 9.0, 611.0]",11.7445,3.1614,0.093,3.1897,0.6599,1.552,2.1,1.268,0.288,2.554
90,0.6,9.0,head-on (+Y),40.0,83.1265,6.6351,6.6351,0.0,4.34,2.9909,shoulders,"[-53.0, 9.0, 611.0]",6.9124,5.6153,0.1401,5.6601,1.1704,2.641,3.572,2.011,0.454,4.34
90,0.6,9.0,side (+X),10.0,5.1954,6.6351,6.6351,0.0,0.7854,0.3868,cradle (hub/boom/arm),"[45.0, 1.0, 617.0]",38.1983,0.1251,0.0794,0.1338,0.029,0.369,0.785,0.476,0.099,0.58
90,0.6,9.0,side (+X),15.0,11.6897,6.6351,6.6351,0.0,0.8467,0.5445,cradle (hub/boom/arm),"[45.0, 1.0, 617.0]",35.4309,0.2464,0.1326,0.2575,0.0631,0.44,0.847,0.602,0.129,0.613
90,0.6,9.0,side (+X),20.0,20.7816,6.6351,6.6351,0.0,1.1177,0.7817,cradle (hub/boom/arm),"[20.0, -2.0, 654.0]",26.841,0.4246,0.2216,0.438,0.1108,0.539,1.118,0.779,0.171,0.747
90,0.6,9.0,side (+X),25.0,32.4713,6.6351,6.6351,0.0,1.6061,1.1043,cradle (hub/boom/arm),"[20.0, -2.0, 654.0]",18.6793,0.6564,0.3416,0.6726,0.1723,0.667,1.606,1.006,0.225,0.928
90,0.6,9.0,side (+X),30.0,46.7587,6.6351,6.6351,0.0,2.203,1.5163,cradle (hub/boom/arm),"[20.0, -2.0, 654.0]",13.6178,0.9409,0.4905,0.9602,0.2474,0.823,2.203,1.289,0.291,1.149
90,0.6,9.0,side (+X),40.0,83.1265,6.6351,6.6351,0.0,3.7226,2.6413,cradle (hub/boom/arm),"[20.0, -2.0, 654.0]",8.0589,1.6663,0.8724,1.6938,0.4386,1.22,3.723,2.022,0.462,1.711
90,0.6,12.0,calm,0.0,0.0,7.8,8.6662,26.3767,0.9214,0.4011,cradle (hub/boom/arm),"[45.0, 1.0, 617.0]",32.5583,0.0778,0.0776,0.0803,0.0046,0.389,0.921,0.462,0.093,0.695
90,0.6,12.0,head-on (+Y),10.0,5.1954,7.8,8.6662,26.3767,0.9259,0.4694,cradle (hub/boom/arm),"[45.0, 1.0, 617.0]",32.4019,0.3657,0.0773,0.377,0.0772,0.431,0.926,0.507,0.116,0.744
90,0.6,12.0,head-on (+Y),15.0,11.6897,7.8,8.6662,26.3767,0.985,0.6584,shoulders,"[-53.0, 9.0, 611.0]",30.4575,0.7994,0.0782,0.8137,0.1683,0.537,0.949,0.634,0.145,0.985
90,0.6,12.0,head-on (+Y),20.0,20.7816,7.8,8.6662,26.3767,1.3885,0.9443,shoulders,"[-53.0, 9.0, 611.0]",21.6053,1.4113,0.0816,1.4297,0.296,0.809,1.115,0.815,0.187,1.389
90,0.6,12.0,head-on (+Y),25.0,32.4713,7.8,8.6662,26.3767,1.9376,1.3193,shoulders,"[-53.0, 9.0, 611.0]",15.4829,2.1994,0.0891,2.2231,0.4601,1.159,1.588,1.051,0.24,1.938
90,0.6,12.0,head-on (+Y),30.0,46.7587,7.8,8.6662,26.3767,2.6259,1.7834,shoulders,"[-53.0, 9.0, 611.0]",11.4248,3.1631,0.1021,3.1933,0.6607,1.587,2.167,1.341,0.305,2.626
90,0.6,12.0,head-on (+Y),40.0,83.1265,7.8,8.6662,26.3767,4.4046,3.0333,shoulders,"[-53.0, 9.0, 611.0]",6.8111,5.6169,0.1457,5.6635,1.1713,2.675,3.639,2.083,0.47,4.405
90,0.6,12.0,side (+X),10.0,5.1954,7.8,8.6662,26.3767,0.9701,0.4613,cradle (hub/boom/arm),"[45.0, 1.0, 617.0]",30.9235,0.1349,0.0901,0.145,0.0295,0.445,0.97,0.563,0.115,0.719
90,0.6,12.0,side (+X),15.0,11.6897,7.8,8.6662,26.3767,1.0314,0.612,cradle (hub/boom/arm),"[45.0, 1.0, 617.0]",29.0864,0.2523,0.1385,0.2654,0.0635,0.516,1.031,0.689,0.145,0.751
90,0.6,12.0,side (+X),20.0,20.7816,7.8,8.6662,26.3767,1.1954,0.8528,cradle (hub/boom/arm),"[20.0, -2.0, 654.0]",25.0966,0.4288,0.2246,0.4443,0.1113,0.615,1.195,0.866,0.187,0.851
90,0.6,12.0,side (+X),25.0,32.4713,7.8,8.6662,26.3767,1.6837,1.1697,cradle (hub/boom/arm),"[20.0, -2.0, 654.0]",17.8181,0.6597,0.3431,0.678,0.1727,0.743,1.684,1.093,0.241,1.032
90,0.6,12.0,side (+X),30.0,46.7587,7.8,8.6662,26.3767,2.2806,1.5716,cradle (hub/boom/arm),"[20.0, -2.0, 654.0]",13.1545,0.9437,0.4911,0.9653,0.2478,0.899,2.281,1.371,0.307,1.252
90,0.6,12.0,side (+X),40.0,83.1265,7.8,8.6662,26.3767,3.8001,2.659,cradle (hub/boom/arm),"[20.0, -2.0, 654.0]",7.8945,1.6686,0.8721,1.6984,0.4391,1.296,3.8,2.103,0.477,1.814
90,0.6,15.0,calm,0.0,0.0,7.8,10.6973,88.2234,1.055,0.4583,cradle (hub/boom/arm),"[45.0, 1.0, 617.0]",28.4373,0.0906,0.0856,0.0934,0.0052,0.445,1.055,0.525,0.104,0.795
90,0.6,15.0,head-on (+Y),10.0,5.1954,7.8,10.6973,88.2234,1.0587,0.5331,cradle (hub/boom/arm),"[45.0, 1.0, 617.0]",28.3362,0.3696,0.0853,0.3823,0.0777,0.485,1.059,0.563,0.127,0.842
90,0.6,15.0,head-on (+Y),15.0,11.6897,7.8,10.6973,88.2234,1.0788,0.7234,cradle (hub/boom/arm),"[45.0, 1.0, 617.0]",27.809,0.8017,0.086,0.8175,0.1688,0.564,1.079,0.689,0.157,1.059
90,0.6,15.0,head-on (+Y),20.0,20.7816,7.8,10.6973,88.2234,1.4552,0.9996,shoulders,"[-53.0, 9.0, 611.0]",20.616,1.4131,0.0889,1.4329,0.2965,0.834,1.185,0.869,0.198,1.455
90,0.6,15.0,head-on (+Y),25.0,32.4713,7.8,10.6973,88.2234,1.998,1.3759,shoulders,"[-53.0, 9.0, 611.0]",15.0148,2.2009,0.0957,2.226,0.4606,1.184,1.658,1.104,0.251,1.998
90,0.6,15.0,head-on (+Y),30.0,46.7587,7.8,10.6973,88.2234,2.6818,1.8412,shoulders,"[-53.0, 9.0, 611.0]",11.1867,3.1644,0.1076,3.1961,0.6612,1.612,2.236,1.393,0.316,2.682
90,0.6,15.0,head-on (+Y),40.0,83.1265,7.8,10.6973,88.2234,4.455,3.0587,shoulders,"[-53.0, 9.0, 611.0]",6.734,5.6181,0.1493,5.6661,1.1718,2.701,3.708,2.135,0.481,4.455
90,0.6,15.0,side (+X),10.0,5.1954,7.8,10.6973,88.2234,1.1037,0.5258,cradle (hub/boom/arm),"[45.0, 1.0, 617.0]",27.1805,0.1435,0.0966,0.1546,0.03,0.501,1.104,0.626,0.127,0.819
90,0.6,15.0,side (+X),15.0,11.6897,7.8,10.6973,88.2234,1.165,0.6781,cradle (hub/boom/arm),"[45.0, 1.0, 617.0]",25.7502,0.2577,0.1423,0.2723,0.0639,0.571,1.165,0.752,0.156,0.851
90,0.6,15.0,side (+X),20.0,20.7816,7.8,10.6973,88.2234,1.2725,0.9179,cradle (hub/boom/arm),"[20.0, -2.0, 654.0]",23.5763,0.4324,0.2266,0.4497,0.1117,0.671,1.272,0.929,0.198,0.926
90,0.6,15.0,side (+X),25.0,32.4713,7.8,10.6973,88.2234,1.7607,1.2358,cradle (hub/boom/arm),"[20.0, -2.0, 654.0]",17.0388,0.6626,0.344,0.6827,0.1731,0.798,1.761,1.156,0.252,1.107
90,0.6,15.0,side (+X),30.0,46.7587,7.8,10.6973,88.2234,2.3575,1.6291,cradle (hub/boom/arm),"[20.0, -2.0, 654.0]",12.7251,0.946,0.4914,0.9694,0.2482,0.954,2.358,1.434,0.318,1.328
90,0.6,15.0,side (+X),40.0,83.1265,7.8,10.6973,88.2234,3.877,2.6898,cradle (hub/boom/arm),"[20.0, -2.0, 654.0]",7.7379,1.6705,0.8718,1.7021,0.4395,1.351,3.877,2.162,0.488,1.89
90,0.8,3.0,calm,0.0,0.0,2.8625,2.8625,0.0,0.3037,0.1392,cradle (hub/boom/arm),"[45.0, 1.0, 617.0]",98.7813,0.0266,0.0286,0.0289,0.0015,0.135,0.304,0.172,0.037,0.229
90,0.8,3.0,head-on (+Y),10.0,9.2363,2.8625,2.8625,0.0,0.6007,0.4107,shoulders,"[-53.0, 9.0, 611.0]",49.9401,0.6368,0.0292,0.6447,0.1389,0.347,0.488,0.332,0.077,0.601
90,0.8,3.0,head-on (+Y),15.0,20.7816,2.8625,2.8625,0.0,1.2024,0.835,shoulders,"[-53.0, 9.0, 611.0]",24.9498,1.4292,0.0326,1.4428,0.3108,0.691,1.003,0.562,0.129,1.202
90,0.8,3.0,head-on (+Y),20.0,36.9451,2.8625,2.8625,0.0,2.057,1.4503,shoulders,"[-53.0, 9.0, 611.0]",14.584,2.5388,0.0407,2.5604,0.5515,1.173,1.724,0.888,0.2,2.057
90,0.8,3.0,head-on (+Y),25.0,57.7268,2.8625,2.8625,0.0,3.1598,2.2513,shoulders,"[-53.0, 9.0, 611.0]",9.4942,3.9655,0.0543,3.9975,0.8609,1.793,2.653,1.308,0.293,3.16
90,0.8,3.0,head-on (+Y),30.0,83.1265,2.8625,2.8625,0.0,4.5093,3.2355,shoulders,"[-53.0, 9.0, 611.0]",6.6529,5.7093,0.0731,5.754,1.239,2.551,3.806,1.845,0.405,4.509
90,0.8,3.0,head-on (+Y),40.0,147.7805,2.8625,2.8625,0.0,7.9464,5.7208,shoulders,"[-53.0, 9.0, 611.0]",3.7753,10.1481,0.1242,10.225,2.2017,4.48,6.821,3.388,0.692,7.946
90,0.8,3.0,side (+X),10.0,9.2363,2.8625,2.8625,0.0,0.5185,0.3656,cradle (hub/boom/arm),"[20.0, -2.0, 654.0]",57.8584,0.195,0.0963,0.2017,0.0558,0.238,0.519,0.354,0.08,0.329
90,0.8,3.0,side (+X),15.0,20.7816,2.8625,2.8625,0.0,1.05,0.7432,cradle (hub/boom/arm),"[20.0, -2.0, 654.0]",28.5721,0.4338,0.2133,0.4438,0.1248,0.366,1.05,0.583,0.135,0.511
90,0.8,3.0,side (+X),20.0,36.9451,2.8625,2.8625,0.0,1.7941,1.319,cradle (hub/boom/arm),"[20.0, -2.0, 654.0]",16.7217,0.7693,0.3796,0.7837,0.2215,0.547,1.794,0.914,0.213,0.766
90,0.8,3.0,side (+X),25.0,57.7268,2.8625,2.8625,0.0,2.7508,2.0616,cradle (hub/boom/arm),"[20.0, -2.0, 654.0]",10.9059,1.2009,0.5941,1.221,0.3457,0.778,2.751,1.338,0.313,1.093
90,0.8,3.0,side (+X),30.0,83.1265,2.8625,2.8625,0.0,3.9201,2.9718,cradle (hub/boom/arm),"[20.0, -2.0, 654.0]",7.6528,1.7284,0.8565,1.7556,0.4976,1.076,3.92,1.87,0.436,1.554
90,0.8,3.0,side (+X),40.0,147.7805,2.8625,2.8625,0.0,6.8966,5.2687,cradle (hub/boom/arm),"[20.0, -2.0, 654.0]",4.35,3.0715,1.5248,3.1165,0.8842,1.853,6.897,3.331,0.748,2.763
90,0.8,6.0,calm,0.0,0.0,5.0517,5.0517,0.0,0.5335,0.2368,cradle (hub/boom/arm),"[45.0, 1.0, 617.0]",56.2304,0.0451,0.0477,0.0481,0.0027,0.229,0.534,0.28,0.058,0.403
90,0.8,6.0,head-on (+Y),10.0,9.2363,5.0517,5.0517,0.0,0.7077,0.4795,shoulders,"[-53.0, 9.0, 611.0]",42.3928,0.6396,0.0478,0.6496,0.14,0.389,0.569,0.425,0.098,0.708
90,0.8,6.0,head-on (+Y),15.0,20.7816,5.0517,5.0517,0.0,1.2908,0.8892,shoulders,"[-53.0, 9.0, 611.0]",23.2411,1.4314,0.0496,1.4472,0.3119,0.733,1.068,0.653,0.15,1.291
90,0.8,6.0,head-on (+Y),20.0,36.9451,5.0517,5.0517,0.0,2.1365,1.4862,shoulders,"[-53.0, 9.0, 611.0]",14.0418,2.5408,0.055,2.5646,0.5525,1.215,1.789,0.977,0.221,2.136
90,0.8,6.0,head-on (+Y),25.0,57.7268,5.0517,5.0517,0.0,3.2346,2.2714,shoulders,"[-53.0, 9.0, 611.0]",9.2748,3.9674,0.0653,4.0016,0.862,1.835,2.717,1.396,0.313,3.235
90,0.8,6.0,head-on (+Y),30.0,83.1265,5.0517,5.0517,0.0,4.5814,3.2565,shoulders,"[-53.0, 9.0, 611.0]",6.5483,5.7111,0.0812,5.758,1.2401,2.593,3.851,1.909,0.426,4.581
90,0.8,6.0,head-on (+Y),40.0,147.7805,5.0517,5.0517,0.0,8.0156,5.7517,shoulders,"[-53.0, 9.0, 611.0]",3.7427,10.1499,0.1285,10.2291,2.2028,4.522,6.76,3.302,0.713,8.016
90,0.8,6.0,side (+X),10.0,9.2363,5.0517,5.0517,0.0,0.6364,0.4375,cradle (hub/boom/arm),"[45.0, 1.0, 617.0]",47.1383,0.2003,0.1019,0.2096,0.0563,0.332,0.636,0.462,0.101,0.46
90,0.8,6.0,side (+X),15.0,20.7816,5.0517,5.0517,0.0,1.1281,0.7913,cradle (hub/boom/arm),"[20.0, -2.0, 654.0]",26.5926,0.4373,0.2149,0.4501,0.1253,0.46,1.128,0.69,0.155,0.64
90,0.8,6.0,side (+X),20.0,36.9451,5.0517,5.0517,0.0,1.8722,1.3251,cradle (hub/boom/arm),"[20.0, -2.0, 654.0]",16.024,0.7721,0.3797,0.7894,0.222,0.641,1.872,1.014,0.232,0.895
90,0.8,6.0,side (+X),25.0,57.7268,5.0517,5.0517,0.0,2.8289,2.0668,cradle (hub/boom/arm),"[20.0, -2.0, 654.0]",10.6049,1.2034,0.5935,1.2264,0.3462,0.872,2.829,1.439,0.333,1.222
90,0.8,6.0,side (+X),30.0,83.1265,5.0517,5.0517,0.0,3.9982,2.9757,cradle (hub/boom/arm),"[20.0, -2.0, 654.0]",7.5034,1.7308,0.8556,1.7608,0.4981,1.156,3.998,1.957,0.455,1.623
90,0.8,6.0,side (+X),40.0,147.7805,5.0517,5.0517,0.0,6.9747,5.2881,cradle (hub/boom/arm),"[20.0, -2.0, 654.0]",4.3013,3.0737,1.5235,3.1215,0.8847,1.902,6.975,3.329,0.768,2.764
90,0.8,9.0,calm,0.0,0.0,7.2409,7.2409,0.0,0.7633,0.3344,cradle (hub/boom/arm),"[45.0, 1.0, 617.0]",39.301,0.0635,0.0668,0.0674,0.0038,0.323,0.763,0.388,0.079,0.576
90,0.8,9.0,head-on (+Y),10.0,9.2363,7.2409,7.2409,0.0,0.8261,0.5486,shoulders,"[-53.0, 9.0, 611.0]",36.3146,0.6429,0.0667,0.6551,0.1411,0.432,0.787,0.518,0.119,0.826
90,0.8,9.0,head-on (+Y),15.0,20.7816,7.2409,7.2409,0.0,1.3887,0.9553,shoulders,"[-53.0, 9.0, 611.0]",21.6037,1.4338,0.0678,1.4518,0.313,0.776,1.133,0.745,0.171,1.389
90,0.8,9.0,head-on (+Y),20.0,36.9451,7.2409,7.2409,0.0,2.2225,1.5379,shoulders,"[-53.0, 9.0, 611.0]",13.4985,2.5429,0.0715,2.569,0.5536,1.258,1.854,1.068,0.242,2.222
90,0.8,9.0,head-on (+Y),25.0,57.7268,7.2409,7.2409,0.0,3.3139,2.3183,shoulders,"[-53.0, 9.0, 611.0]",9.0527,3.9694,0.0794,4.0058,0.863,1.878,2.782,1.485,0.334,3.314
90,0.8,9.0,head-on (+Y),30.0,83.1265,7.2409,7.2409,0.0,4.6568,3.2708,shoulders,"[-53.0, 9.0, 611.0]",6.4422,5.713,0.0925,5.7622,1.2412,2.635,3.915,1.997,0.447,4.657
90,0.8,9.0,head-on (+Y),40.0,147.7805,7.2409,7.2409,0.0,8.0869,5.7592,shoulders,"[-53.0, 9.0, 611.0]",3.7097,10.1517,0.1354,10.2331,2.2038,4.565,6.803,3.31,0.734,8.087
90,0.8,9.0,side (+X),10.0,9.2363,7.2409,7.2409,0.0,0.8661,0.5089,cradle (hub/boom/arm),"[45.0, 1.0, 617.0]",34.6395,0.207,0.1106,0.2189,0.0568,0.426,0.866,0.57,0.121,0.633
90,0.8,9.0,side (+X),15.0,20.7816,7.2409,7.2409,0.0,1.2063,0.8571,cradle (hub/boom/arm),"[20.0, -2.0, 654.0]",24.8687,0.4415,0.2182,0.4571,0.1258,0.554,1.206,0.798,0.176,0.769
90,0.8,9.0,side (+X),20.0,36.9451,7.2409,7.2409,0.0,1.9503,1.37,cradle (hub/boom/arm),"[20.0, -2.0, 654.0]",15.3819,0.7754,0.3808,0.7955,0.2224,0.735,1.95,1.117,0.253,1.023
90,0.8,9.0,side (+X),25.0,57.7268,7.2409,7.2409,0.0,2.907,2.0651,cradle (hub/boom/arm),"[20.0, -2.0, 654.0]",10.3199,1.2062,0.5936,1.232,0.3467,0.967,2.907,1.539,0.352,1.351
90,0.8,9.0,side (+X),30.0,83.1265,7.2409,7.2409,0.0,4.0763,2.9745,cradle (hub/boom/arm),"[20.0, -2.0, 654.0]",7.3596,1.7333,0.8551,1.7662,0.4986,1.25,4.076,2.058,0.475,1.751
90,0.8,9.0,side (+X),40.0,147.7805,7.2409,7.2409,0.0,7.0528,5.285,cradle (hub/boom/arm),"[20.0, -2.0, 654.0]",4.2536,3.076,1.5224,3.1267,0.8851,1.971,7.053,3.379,0.787,2.771
90,0.8,12.0,calm,0.0,0.0,7.8,9.4302,49.6389,0.9214,0.4011,cradle (hub/boom/arm),"[45.0, 1.0, 617.0]",32.5583,0.0778,0.0776,0.0803,0.0046,0.389,0.921,0.462,0.093,0.695
90,0.8,12.0,head-on (+Y),10.0,9.2363,7.8,9.4302,49.6389,0.9411,0.6148,cradle (hub/boom/arm),"[45.0, 1.0, 617.0]",31.8771,0.6456,0.0774,0.6596,0.1417,0.485,0.941,0.583,0.133,0.914
90,0.8,12.0,head-on (+Y),15.0,20.7816,7.8,9.4302,49.6389,1.4627,1.0155,shoulders,"[-53.0, 9.0, 611.0]",20.5101,1.4357,0.0783,1.4554,0.3136,0.806,1.201,0.809,0.184,1.463
90,0.8,12.0,head-on (+Y),20.0,36.9451,7.8,9.4302,49.6389,2.2876,1.5955,shoulders,"[-53.0, 9.0, 611.0]",13.1141,2.5445,0.0813,2.5722,0.5543,1.288,1.922,1.13,0.256,2.288
90,0.8,12.0,head-on (+Y),25.0,57.7268,7.8,9.4302,49.6389,3.3738,2.3482,shoulders,"[-53.0, 9.0, 611.0]",8.8921,3.9708,0.0882,4.009,0.8637,1.907,2.85,1.547,0.348,3.374
90,0.8,12.0,head-on (+Y),30.0,83.1265,7.8,9.4302,49.6389,4.7134,3.3094,shoulders,"[-53.0, 9.0, 611.0]",6.3649,5.7144,0.1,5.7652,1.2419,2.665,3.983,2.058,0.461,4.713
90,0.8,12.0,head-on (+Y),40.0,147.7805,7.8,9.4302,49.6389,8.14,5.7883,shoulders,"[-53.0, 9.0, 611.0]",3.6855,10.153,0.1401,10.2361,2.2045,4.594,6.87,3.364,0.748,8.14
90,0.8,12.0,side (+X),10.0,9.2363,7.8,9.4302,49.6389,1.0242,0.5796,cradle (hub/boom/arm),"[45.0, 1.0, 617.0]",29.2909,0.2131,0.1165,0.2268,0.0573,0.491,1.024,0.644,0.135,0.751
90,0.8,12.0,side (+X),15.0,20.7816,7.8,9.4302,49.6389,1.2837,0.9182,cradle (hub/boom/arm),"[20.0, -2.0, 654.0]",23.3707,0.4452,0.2206,0.4628,0.1262,0.62,1.284,0.872,0.19,0.858
90,0.8,12.0,side (+X),20.0,36.9451,7.8,9.4302,49.6389,2.0276,1.4273,cradle (hub/boom/arm),"[20.0, -2.0, 654.0]",14.7959,0.7781,0.3817,0.8003,0.2229,0.8,2.028,1.192,0.266,1.112
90,0.8,12.0,side (+X),25.0,57.7268,7.8,9.4302,49.6389,2.9842,2.0991,cradle (hub/boom/arm),"[20.0, -2.0, 654.0]",10.0529,1.2084,0.5937,1.2365,0.3471,1.032,2.984,1.609,0.365,1.44
90,0.8,12.0,side (+X),30.0,83.1265,7.8,9.4302,49.6389,4.1535,2.9761,cradle (hub/boom/arm),"[20.0, -2.0, 654.0]",7.2229,1.7353,0.8548,1.7704,0.499,1.315,4.153,2.128,0.488,1.84
90,0.8,12.0,side (+X),40.0,147.7805,7.8,9.4302,49.6389,7.1299,5.2804,cradle (hub/boom/arm),"[20.0, -2.0, 654.0]",4.2076,3.0777,1.5218,3.1307,0.8855,2.037,7.13,3.448,0.8,2.86
90,0.8,15.0,calm,0.0,0.0,7.8,11.6194,116.3011,1.055,0.4583,cradle (hub/boom/arm),"[45.0, 1.0, 617.0]",28.4373,0.0906,0.0856,0.0934,0.0052,0.445,1.055,0.525,0.104,0.795
90,0.8,15.0,head-on (+Y),10.0,9.2363,7.8,11.6194,116.3011,1.072,0.6802,cradle (hub/boom/arm),"[45.0, 1.0, 617.0]",27.9841,0.6482,0.0854,0.6637,0.1422,0.535,1.072,0.638,0.145,0.99
90,0.8,15.0,head-on (+Y),15.0,20.7816,7.8,11.6194,116.3011,1.5285,1.071,shoulders,"[-53.0, 9.0, 611.0]",19.6268,1.4374,0.0861,1.4587,0.3141,0.832,1.271,0.863,0.196,1.529
90,0.8,15.0,head-on (+Y),20.0,36.9451,7.8,11.6194,116.3011,2.3458,1.6444,shoulders,"[-53.0, 9.0, 611.0]",12.789,2.5459,0.0887,2.5752,0.5548,1.313,1.992,1.183,0.267,2.346
90,0.8,15.0,head-on (+Y),25.0,57.7268,7.8,11.6194,116.3011,3.4271,2.3905,shoulders,"[-53.0, 9.0, 611.0]",8.7538,3.9721,0.0949,4.0117,0.8642,1.932,2.919,1.599,0.359,3.427
90,0.8,15.0,head-on (+Y),30.0,83.1265,7.8,11.6194,116.3011,4.7636,3.3429,shoulders,"[-53.0, 9.0, 611.0]",6.2977,5.7156,0.1058,5.7679,1.2424,2.69,4.053,2.11,0.472,4.764
90,0.8,15.0,head-on (+Y),40.0,147.7805,7.8,11.6194,116.3011,8.1869,5.8043,shoulders,"[-53.0, 9.0, 611.0]",3.6644,10.1541,0.144,10.2387,2.205,4.619,6.939,3.415,0.759,8.187
90,0.8,15.0,side (+X),10.0,9.2363,7.8,11.6194,116.3011,1.1578,0.6455,cradle (hub/boom/arm),"[45.0, 1.0, 617.0]",25.9104,0.2192,0.1212,0.2343,0.0577,0.547,1.158,0.707,0.146,0.851
90,0.8,15.0,side (+X),15.0,20.7816,7.8,11.6194,116.3011,1.3607,0.99,cradle (hub/boom/arm),"[20.0, -2.0, 654.0]",22.0473,0.4488,0.2226,0.4683,0.1266,0.676,1.361,0.935,0.201,0.933
90,0.8,15.0,side (+X),20.0,36.9451,7.8,11.6194,116.3011,2.1045,1.4909,cradle (hub/boom/arm),"[20.0, -2.0, 654.0]",14.2549,0.7807,0.3824,0.8049,0.2233,0.856,2.105,1.255,0.277,1.188
90,0.8,15.0,side (+X),25.0,57.7268,7.8,11.6194,116.3011,3.0611,2.1531,cradle (hub/boom/arm),"[20.0, -2.0, 654.0]",9.8004,1.2105,0.5938,1.2406,0.3475,1.088,3.061,1.668,0.376,1.515
90,0.8,15.0,side (+X),30.0,83.1265,7.8,11.6194,116.3011,4.2303,2.9844,cradle (hub/boom/arm),"[20.0, -2.0, 654.0]",7.0916,1.7372,0.8546,1.7743,0.4994,1.371,4.23,2.187,0.498,1.916
90,0.8,15.0,side (+X),40.0,147.7805,7.8,11.6194,116.3011,7.2067,5.2736,cradle (hub/boom/arm),"[20.0, -2.0, 654.0]",4.1628,3.0793,1.5212,3.1343,0.8859,2.092,7.207,3.508,0.811,2.935
90,1.0,3.0,calm,0.0,0.0,3.152,3.152,0.0,0.3164,0.1445,cradle (hub/boom/arm),"[45.0, 1.0, 617.0]",94.8018,0.0274,0.0301,0.0303,0.0016,0.14,0.316,0.178,0.039,0.239
90,1.0,3.0,head-on (+Y),10.0,14.4317,3.152,3.152,0.0,0.9271,0.649,shoulders,"[-53.0, 9.0, 611.0]",32.3582,1.0104,0.0304,1.0217,0.2286,0.502,0.779,0.436,0.1,0.927
90,1.0,3.0,head-on (+Y),15.0,32.4713,3.152,3.152,0.0,1.9445,1.3966,shoulders,"[-53.0, 9.0, 611.0]",15.4284,2.2698,0.031,2.291,0.5125,1.038,1.659,0.793,0.178,1.944
90,1.0,3.0,head-on (+Y),20.0,57.7268,3.152,3.152,0.0,3.3778,2.4692,shoulders,"[-53.0, 9.0, 611.0]",8.8816,4.0333,0.0323,4.0683,0.91,1.789,2.891,1.3,0.287,3.378
90,1.0,3.0,head-on (+Y),25.0,90.1981,3.152,3.152,0.0,5.2233,3.832,shoulders,"[-53.0, 9.0, 611.0]",5.7434,6.3007,0.0346,6.3534,1.421,2.754,4.526,1.989,0.428,5.223
90,1.0,3.0,head-on (+Y),30.0,129.8852,3.152,3.152,0.0,7.4801,5.5193,shoulders,"[-53.0, 9.0, 611.0]",4.0106,9.072,0.0381,9.1464,2.0456,3.933,6.548,2.927,0.599,7.48
90,1.0,3.0,head-on (+Y),40.0,230.9071,3.152,3.152,0.0,13.226,9.799,shoulders,"[-53.0, 9.0, 611.0]",2.2683,16.1261,0.0498,16.2558,3.6356,6.936,11.696,5.315,1.036,13.226
90,1.0,3.0,side (+X),10.0,14.4317,3.152,3.152,0.0,0.8192,0.5835,cradle (hub/boom/arm),"[20.0, -2.0, 654.0]",36.6222,0.314,0.1457,0.3234,0.0973,0.304,0.819,0.467,0.108,0.423
90,1.0,3.0,side (+X),15.0,32.4713,3.152,3.152,0.0,1.7263,1.2846,cradle (hub/boom/arm),"[20.0, -2.0, 654.0]",17.3778,0.7026,0.3267,0.718,0.2182,0.509,1.726,0.837,0.196,0.713
90,1.0,3.0,side (+X),20.0,57.7268,3.152,3.152,0.0,2.9964,2.287,cradle (hub/boom/arm),"[20.0, -2.0, 654.0]",10.012,1.2473,0.582,1.2711,0.3874,0.797,2.996,1.361,0.322,1.119
90,1.0,3.0,side (+X),25.0,90.1981,3.152,3.152,0.0,4.6294,3.5809,cradle (hub/boom/arm),"[20.0, -2.0, 654.0]",6.4804,1.9479,0.9107,1.9824,0.6049,1.172,4.629,2.056,0.483,1.641
90,1.0,3.0,side (+X),30.0,129.8852,3.152,3.152,0.0,6.6252,5.1686,cradle (hub/boom/arm),"[20.0, -2.0, 654.0]",4.5282,2.8042,1.3126,2.8519,0.8708,1.653,6.625,2.964,0.679,2.28
90,1.0,3.0,side (+X),40.0,230.9071,3.152,3.152,0.0,11.7055,9.1604,cradle (hub/boom/arm),"[20.0, -2.0, 654.0]",2.5629,4.9839,2.3358,5.0652,1.5476,2.878,11.705,5.276,1.18,4.055
90,1.0,6.0,calm,0.0,0.0,5.4994,5.4994,0.0,0.5532,0.2444,cradle (hub/boom/arm),"[45.0, 1.0, 617.0]",54.2272,0.0463,0.05,0.0504,0.0028,0.237,0.553,0.289,0.06,0.418
90,1.0,6.0,head-on (+Y),10.0,14.4317,5.4994,5.4994,0.0,1.0257,0.7153,shoulders,"[-53.0, 9.0, 611.0]",29.2492,1.0128,0.0502,1.0265,0.2297,0.546,0.843,0.53,0.122,1.026
90,1.0,6.0,head-on (+Y),15.0,32.4713,5.4994,5.4994,0.0,2.028,1.4291,shoulders,"[-53.0, 9.0, 611.0]",14.7928,2.2719,0.0506,2.2955,0.5136,1.081,1.723,0.885,0.2,2.028
90,1.0,6.0,head-on (+Y),20.0,57.7268,5.4994,5.4994,0.0,3.4549,2.4858,shoulders,"[-53.0, 9.0, 611.0]",8.6833,4.0353,0.0515,4.0726,0.9111,1.832,2.955,1.387,0.309,3.455
90,1.0,6.0,head-on (+Y),25.0,90.1981,5.4994,5.4994,0.0,5.2973,3.8578,shoulders,"[-53.0, 9.0, 611.0]",5.6633,6.3026,0.0531,6.3577,1.4221,2.797,4.539,2.039,0.449,5.297
90,1.0,6.0,head-on (+Y),30.0,129.8852,5.4994,5.4994,0.0,7.5523,5.5337,shoulders,"[-53.0, 9.0, 611.0]",3.9723,9.0738,0.0556,9.1506,2.0468,3.977,6.488,2.849,0.621,7.552
90,1.0,6.0,head-on (+Y),40.0,230.9071,5.4994,5.4994,0.0,13.2964,9.8126,shoulders,"[-53.0, 9.0, 611.0]",2.2563,16.128,0.0645,16.26,3.6367,6.979,11.635,5.226,1.058,13.296
90,1.0,6.0,side (+X),10.0,14.4317,5.4994,5.4994,0.0,0.8974,0.6432,cradle (hub/boom/arm),"[20.0, -2.0, 654.0]",33.4284,0.3182,0.1493,0.3306,0.0978,0.401,0.897,0.578,0.129,0.555
90,1.0,6.0,side (+X),15.0,32.4713,5.4994,5.4994,0.0,1.8045,1.2981,cradle (hub/boom/arm),"[20.0, -2.0, 654.0]",16.6247,0.7056,0.3273,0.7242,0.2186,0.606,1.805,0.941,0.217,0.845
90,1.0,6.0,side (+X),20.0,57.7268,5.4994,5.4994,0.0,3.0746,2.2843,cradle (hub/boom/arm),"[20.0, -2.0, 654.0]",9.7574,1.2499,0.5815,1.2769,0.3878,0.894,3.075,1.464,0.342,1.251
90,1.0,6.0,side (+X),25.0,90.1981,5.4994,5.4994,0.0,4.7075,3.5731,cradle (hub/boom/arm),"[20.0, -2.0, 654.0]",6.3728,1.9502,0.9097,1.988,0.6054,1.264,4.708,2.138,0.503,1.773
90,1.0,6.0,side (+X),30.0,129.8852,5.4994,5.4994,0.0,6.7033,5.1538,cradle (hub/boom/arm),"[20.0, -2.0, 654.0]",4.4754,2.8064,1.3113,2.8574,0.8713,1.716,6.703,2.962,0.699,2.411
90,1.0,6.0,side (+X),40.0,230.9071,5.4994,5.4994,0.0,11.7836,9.1945,cradle (hub/boom/arm),"[20.0, -2.0, 654.0]",2.5459,4.9861,2.3343,5.0705,1.5481,2.928,11.784,5.274,1.2,4.055
90,1.0,9.0,calm,0.0,0.0,7.8,7.8467,1.4234,0.7879,0.345,cradle (hub/boom/arm),"[45.0, 1.0, 617.0]",38.0735,0.065,0.0696,0.0702,0.004,0.333,0.788,0.399,0.081,0.595
90,1.0,9.0,head-on (+Y),10.0,14.4317,7.8,7.8467,1.4234,1.1343,0.7831,shoulders,"[-53.0, 9.0, 611.0]",26.448,1.0156,0.0698,1.0316,0.2308,0.59,0.908,0.625,0.143,1.134
90,1.0,9.0,head-on (+Y),15.0,32.4713,7.8,7.8467,1.4234,2.118,1.485,shoulders,"[-53.0, 9.0, 611.0]",14.1644,2.2742,0.0702,2.3,0.5147,1.125,1.788,0.978,0.221,2.118
90,1.0,9.0,head-on (+Y),20.0,57.7268,7.8,7.8467,1.4234,3.536,2.5121,shoulders,"[-53.0, 9.0, 611.0]",8.4842,4.0373,0.0709,4.077,0.9122,1.875,3.02,1.478,0.33,3.536
90,1.0,9.0,head-on (+Y),25.0,90.1981,7.8,7.8467,1.4234,5.3738,3.8833,shoulders,"[-53.0, 9.0, 611.0]",5.5827,6.3045,0.0721,6.362,1.4233,2.84,4.604,2.123,0.471,5.374
90,1.0,9.0,head-on (+Y),30.0,129.8852,7.8,7.8467,1.4234,7.6261,5.5529,shoulders,"[-53.0, 9.0, 611.0]",3.9339,9.0757,0.0741,9.1549,2.0479,4.02,6.54,2.924,0.643,7.626
90,1.0,9.0,head-on (+Y),40.0,230.9071,7.8,7.8467,1.4234,13.3675,9.8084,shoulders,"[-53.0, 9.0, 611.0]",2.2443,16.1298,0.0812,16.2642,3.6378,7.023,11.575,5.138,1.079,13.367
90,1.0,9.0,side (+X),10.0,14.4317,7.8,7.8467,1.4234,0.9757,0.7104,cradle (hub/boom/arm),"[20.0, -2.0, 654.0]",30.7461,0.3234,0.1553,0.3388,0.0983,0.497,0.976,0.688,0.15,0.703
90,1.0,9.0,side (+X),15.0,32.4713,7.8,7.8467,1.4234,1.8827,1.3372,cradle (hub/boom/arm),"[20.0, -2.0, 654.0]",15.9342,0.7091,0.3291,0.7307,0.2191,0.702,1.883,1.05,0.238,0.977
90,1.0,9.0,side (+X),20.0,57.7268,7.8,7.8467,1.4234,3.1527,2.2968,cradle (hub/boom/arm),"[20.0, -2.0, 654.0]",9.5155,1.2527,0.5817,1.2828,0.3883,0.99,3.153,1.567,0.362,1.383
90,1.0,9.0,side (+X),25.0,90.1981,7.8,7.8467,1.4234,4.7857,3.5714,cradle (hub/boom/arm),"[20.0, -2.0, 654.0]",6.2687,1.9528,0.9092,1.9937,0.6059,1.36,4.786,2.24,0.523,1.905
90,1.0,9.0,side (+X),30.0,129.8852,7.8,7.8467,1.4234,6.7815,5.1474,cradle (hub/boom/arm),"[20.0, -2.0, 654.0]",4.4238,2.8088,1.3104,2.8629,0.8718,1.812,6.781,3.063,0.719,2.543
90,1.0,9.0,side (+X),40.0,230.9071,7.8,7.8467,1.4234,11.8617,9.1669,cradle (hub/boom/arm),"[20.0, -2.0, 654.0]",2.5291,4.9883,2.333,5.0759,1.5486,2.978,11.862,5.271,1.22,4.167
90,1.0,12.0,calm,0.0,0.0,7.8,10.1941,72.9011,0.9214,0.4011,cradle (hub/boom/arm),"[45.0, 1.0, 617.0]",32.5583,0.0778,0.0776,0.0803,0.0046,0.389,0.921,0.462,0.093,0.695
90,1.0,12.0,head-on (+Y),10.0,14.4317,7.8,10.1941,72.9011,1.2026,0.8438,shoulders,"[-53.0, 9.0, 611.0]",24.9467,1.0175,0.0778,1.0351,0.2313,0.615,0.979,0.679,0.155,1.203
90,1.0,12.0,head-on (+Y),15.0,32.4713,7.8,10.1941,72.9011,2.1755,1.532,shoulders,"[-53.0, 9.0, 611.0]",13.79,2.2755,0.0782,2.303,0.5152,1.15,1.857,1.031,0.233,2.175
90,1.0,12.0,head-on (+Y),20.0,57.7268,7.8,10.1941,72.9011,3.5878,2.5364,shoulders,"[-53.0, 9.0, 611.0]",8.3616,4.0385,0.0788,4.0798,0.9127,1.9,3.089,1.53,0.342,3.588
90,1.0,12.0,head-on (+Y),25.0,90.1981,7.8,10.1941,72.9011,5.4225,3.8892,shoulders,"[-53.0, 9.0, 611.0]",5.5325,6.3057,0.08,6.3647,1.4238,2.865,4.673,2.175,0.482,5.423
90,1.0,12.0,head-on (+Y),30.0,129.8852,7.8,10.1941,72.9011,7.6731,5.5697,shoulders,"[-53.0, 9.0, 611.0]",3.9098,9.0768,0.0818,9.1575,2.0484,4.045,6.609,2.968,0.654,7.673
90,1.0,12.0,head-on (+Y),40.0,230.9071,7.8,10.1941,72.9011,13.4125,9.8443,shoulders,"[-53.0, 9.0, 611.0]",2.2367,16.1309,0.0884,16.2668,3.6383,7.048,11.541,5.089,1.091,13.413
90,1.0,12.0,side (+X),10.0,14.4317,7.8,10.1941,72.9011,1.1074,0.7798,cradle (hub/boom/arm),"[45.0, 1.0, 617.0]",27.0913,0.3274,0.1581,0.3447,0.0987,0.553,1.107,0.751,0.161,0.803
90,1.0,12.0,side (+X),15.0,32.4713,7.8,10.1941,72.9011,1.9597,1.3991,cradle (hub/boom/arm),"[20.0, -2.0, 654.0]",15.3088,0.7116,0.3299,0.7353,0.2195,0.758,1.96,1.113,0.249,1.052
90,1.0,12.0,side (+X),20.0,57.7268,7.8,10.1941,72.9011,3.2296,2.322,cradle (hub/boom/arm),"[20.0, -2.0, 654.0]",9.2891,1.2547,0.5818,1.2869,0.3887,1.046,3.23,1.626,0.372,1.458
90,1.0,12.0,side (+X),25.0,90.1981,7.8,10.1941,72.9011,4.8625,3.5847,cradle (hub/boom/arm),"[20.0, -2.0, 654.0]",6.1697,1.9545,0.9089,1.9975,0.6063,1.416,4.862,2.299,0.533,1.98
90,1.0,12.0,side (+X),30.0,129.8852,7.8,10.1941,72.9011,6.8583,5.1446,cradle (hub/boom/arm),"[20.0, -2.0, 654.0]",4.3743,2.8104,1.3099,2.8666,0.8721,1.868,6.858,3.122,0.73,2.618
90,1.0,12.0,side (+X),40.0,230.9071,7.8,10.1941,72.9011,11.9385,9.1613,cradle (hub/boom/arm),"[20.0, -2.0, 654.0]",2.5129,4.9897,2.3323,5.0795,1.549,3.019,11.939,5.272,1.231,4.242
90,1.0,15.0,calm,0.0,0.0,7.8,12.5415,144.3789,1.055,0.4583,cradle (hub/boom/arm),"[45.0, 1.0, 617.0]",28.4373,0.0906,0.0856,0.0934,0.0052,0.445,1.055,0.525,0.104,0.795
90,1.0,15.0,head-on (+Y),10.0,14.4317,7.8,12.5415,144.3789,1.2727,0.9059,shoulders,"[-53.0, 9.0, 611.0]",23.5721,1.0195,0.0858,1.0387,0.2318,0.641,1.105,0.734,0.166,1.273
90,1.0,15.0,head-on (+Y),15.0,32.4713,7.8,12.5415,144.3789,2.2346,1.5901,shoulders,"[-53.0, 9.0, 611.0]",13.425,2.277,0.0862,2.3061,0.5158,1.175,1.926,1.084,0.244,2.235
90,1.0,15.0,head-on (+Y),20.0,57.7268,7.8,12.5415,144.3789,3.6408,2.5794,shoulders,"[-53.0, 9.0, 611.0]",8.2399,4.0398,0.0868,4.0826,0.9132,1.925,3.158,1.582,0.353,3.641
90,1.0,15.0,head-on (+Y),25.0,90.1981,7.8,12.5415,144.3789,5.4721,3.9343,shoulders,"[-53.0, 9.0, 611.0]",5.4823,6.3068,0.0879,6.3674,1.4243,2.89,4.742,2.226,0.493,5.472
90,1.0,15.0,head-on (+Y),30.0,129.8852,7.8,12.5415,144.3789,7.7206,5.6011,shoulders,"[-53.0, 9.0, 611.0]",3.8857,9.0779,0.0896,9.1602,2.0489,4.07,6.678,3.016,0.665,7.721
90,1.0,15.0,head-on (+Y),40.0,230.9071,7.8,12.5415,144.3789,13.458,9.8661,shoulders,"[-53.0, 9.0, 611.0]",2.2292,16.1319,0.0958,16.2695,3.6388,7.073,11.609,5.073,1.102,13.458
90,1.0,15.0,side (+X),10.0,14.4317,7.8,12.5415,144.3789,1.241,0.849,cradle (hub/boom/arm),"[45.0, 1.0, 617.0]",24.174,0.3318,0.1613,0.351,0.0991,0.608,1.241,0.814,0.173,0.903
90,1.0,15.0,side (+X),15.0,32.4713,7.8,12.5415,144.3789,2.0366,1.4693,cradle (hub/boom/arm),"[20.0, -2.0, 654.0]",14.7303,0.7143,0.3309,0.7401,0.2199,0.814,2.037,1.176,0.26,1.127
90,1.0,15.0,side (+X),20.0,57.7268,7.8,12.5415,144.3789,3.3065,2.3514,cradle (hub/boom/arm),"[20.0, -2.0, 654.0]",9.0731,1.2568,0.5819,1.2911,0.3891,1.101,3.306,1.685,0.384,1.533
90,1.0,15.0,side (+X),25.0,90.1981,7.8,12.5415,144.3789,4.9393,3.5916,cradle (hub/boom/arm),"[20.0, -2.0, 654.0]",6.0737,1.9563,0.9086,2.0015,0.6066,1.471,4.939,2.358,0.544,2.055
90,1.0,15.0,side (+X),30.0,129.8852,7.8,12.5415,144.3789,6.9351,5.1537,cradle (hub/boom/arm),"[20.0, -2.0, 654.0]",4.3258,2.812,1.3094,2.8704,0.8725,1.923,6.935,3.181,0.74,2.693
90,1.0,15.0,side (+X),40.0,230.9071,7.8,12.5415,144.3789,12.0153,9.1672,cradle (hub/boom/arm),"[20.0, -2.0, 654.0]",2.4968,4.9912,2.3316,5.0831,1.5494,3.074,12.015,5.275,1.241,4.318
90,1.2,3.0,calm,0.0,0.0,3.4415,3.4415,0.0,0.3292,0.15,cradle (hub/boom/arm),"[45.0, 1.0, 617.0]",91.1298,0.0281,0.0316,0.0318,0.0016,0.145,0.329,0.184,0.04,0.249
90,1.2,3.0,head-on (+Y),10.0,20.7816,3.4415,3.4415,0.0,1.3648,0.9769,shoulders,"[-53.0, 9.0, 611.0]",21.9807,1.4782,0.036,1.4942,0.3463,0.69,1.174,0.56,0.127,1.365
90,1.2,3.0,head-on (+Y),15.0,46.7587,3.4415,3.4415,0.0,2.9322,2.1751,shoulders,"[-53.0, 9.0, 611.0]",10.2311,3.3224,0.0474,3.3539,0.7772,1.459,2.549,1.072,0.236,2.932
90,1.2,3.0,head-on (+Y),20.0,83.1265,3.4415,3.4415,0.0,5.1334,3.8406,shoulders,"[-53.0, 9.0, 611.0]",5.8441,5.9045,0.068,5.9577,1.3804,2.536,4.525,1.808,0.389,5.133
90,1.2,3.0,head-on (+Y),25.0,129.8852,3.4415,3.4415,0.0,7.9655,6.0053,shoulders,"[-53.0, 9.0, 611.0]",3.7662,9.2245,0.0974,9.3055,2.156,3.92,7.11,2.892,0.586,7.965
90,1.2,3.0,head-on (+Y),30.0,187.0347,3.4415,3.4415,0.0,11.4277,8.6472,shoulders,"[-53.0, 9.0, 611.0]",2.6252,13.2821,0.1349,13.3973,3.104,5.612,10.269,4.23,0.827,11.428
90,1.2,3.0,head-on (+Y),40.0,332.5062,3.4415,3.4415,0.0,20.2415,15.3613,shoulders,"[-53.0, 9.0, 611.0]",1.4821,23.6108,0.2326,23.8127,5.5171,9.919,18.31,7.635,1.44,20.242
90,1.2,3.0,side (+X),10.0,20.7816,3.4415,3.4415,0.0,1.227,0.9091,cradle (hub/boom/arm),"[20.0, -2.0, 654.0]",24.4496,0.4675,0.2049,0.4806,0.1548,0.386,1.227,0.607,0.143,0.538
90,1.2,3.0,side (+X),15.0,46.7587,3.4415,3.4415,0.0,2.6438,2.0385,cradle (hub/boom/arm),"[20.0, -2.0, 654.0]",11.3472,1.0484,0.4613,1.0717,0.3476,0.688,2.644,1.153,0.274,0.964
90,1.2,3.0,side (+X),20.0,83.1265,3.4415,3.4415,0.0,4.6274,3.6273,cradle (hub/boom/arm),"[20.0, -2.0, 654.0]",6.4832,1.8622,0.8216,1.8997,0.6174,1.111,4.627,1.918,0.459,1.56
90,1.2,3.0,side (+X),25.0,129.8852,3.4415,3.4415,0.0,7.1776,5.6794,cradle (hub/boom/arm),"[20.0, -2.0, 654.0]",4.1796,2.9086,1.2853,2.9644,0.9644,1.669,7.178,3.001,0.697,2.326
90,1.2,3.0,side (+X),30.0,187.0347,3.4415,3.4415,0.0,10.2946,8.1783,cradle (hub/boom/arm),"[20.0, -2.0, 654.0]",2.9141,4.1876,1.8522,4.2658,1.3885,2.367,10.295,4.326,0.987,3.263
90,1.2,3.0,side (+X),40.0,332.5062,3.4415,3.4415,0.0,18.2621,14.5398,cradle (hub/boom/arm),"[-20.0, 3.0, 654.0]",1.6427,7.4433,3.2954,7.5783,2.468,4.145,18.262,7.697,1.727,5.647
90,1.2,6.0,calm,0.0,0.0,5.947,5.947,0.0,0.5729,0.2531,cradle (hub/boom/arm),"[45.0, 1.0, 617.0]",52.3616,0.0474,0.0522,0.0527,0.0029,0.245,0.573,0.298,0.062,0.432
90,1.2,6.0,head-on (+Y),10.0,20.7816,5.947,5.947,0.0,1.4582,1.0312,shoulders,"[-53.0, 9.0, 611.0]",20.574,1.4805,0.0557,1.499,0.3474,0.735,1.238,0.656,0.149,1.458
90,1.2,6.0,head-on (+Y),15.0,46.7587,5.947,5.947,0.0,3.0138,2.184,shoulders,"[-53.0, 9.0, 611.0]",9.9543,3.3245,0.0643,3.3585,0.7783,1.504,2.613,1.163,0.258,3.014
90,1.2,6.0,head-on (+Y),20.0,83.1265,5.947,5.947,0.0,5.2102,3.8635,shoulders,"[-53.0, 9.0, 611.0]",5.7579,5.9065,0.0815,5.9622,1.3816,2.581,4.538,1.885,0.412,5.21
90,1.2,6.0,head-on (+Y),25.0,129.8852,5.947,5.947,0.0,8.04,6.0084,shoulders,"[-53.0, 9.0, 611.0]",3.7313,9.2264,0.108,9.3099,2.1572,3.965,7.05,2.831,0.609,8.04
90,1.2,6.0,head-on (+Y),30.0,187.0347,5.947,5.947,0.0,11.5009,8.6517,shoulders,"[-53.0, 9.0, 611.0]",2.6085,13.284,0.1434,13.4017,3.1052,5.657,10.209,4.139,0.85,11.501
90,1.2,6.0,head-on (+Y),40.0,332.5062,5.947,5.947,0.0,20.3135,15.3732,shoulders,"[-53.0, 9.0, 611.0]",1.4768,23.6127,0.2387,23.817,5.5182,9.964,18.25,7.543,1.463,20.314
90,1.2,6.0,side (+X),10.0,20.7816,5.947,5.947,0.0,1.3053,0.9405,cradle (hub/boom/arm),"[20.0, -2.0, 654.0]",22.9828,0.4711,0.2073,0.4876,0.1553,0.486,1.305,0.721,0.165,0.675
90,1.2,6.0,side (+X),15.0,46.7587,5.947,5.947,0.0,2.7221,2.0322,cradle (hub/boom/arm),"[20.0, -2.0, 654.0]",11.021,1.0512,0.4613,1.078,0.3481,0.788,2.722,1.26,0.295,1.1
90,1.2,6.0,side (+X),20.0,83.1265,5.947,5.947,0.0,4.7056,3.6203,cradle (hub/boom/arm),"[20.0, -2.0, 654.0]",6.3754,1.8646,0.8208,1.9057,0.6179,1.211,4.706,2.024,0.48,1.697
90,1.2,6.0,side (+X),25.0,129.8852,5.947,5.947,0.0,7.2559,5.6626,cradle (hub/boom/arm),"[20.0, -2.0, 654.0]",4.1346,2.9109,1.2841,2.9702,0.9649,1.755,7.256,3.008,0.718,2.463
90,1.2,6.0,side (+X),30.0,187.0347,5.947,5.947,0.0,10.3729,8.179,cradle (hub/boom/arm),"[20.0, -2.0, 654.0]",2.8922,4.1898,1.8508,4.2715,1.389,2.419,10.373,4.323,1.008,3.4
90,1.2,6.0,side (+X),40.0,332.5062,5.947,5.947,0.0,18.3071,14.5449,cradle (hub/boom/arm),"[20.0, -2.0, 654.0]",1.6387,7.4455,3.2938,7.584,2.4685,4.196,18.307,7.695,1.748,5.784
90,1.2,9.0,calm,0.0,0.0,7.8,8.4525,19.87,0.7879,0.345,cradle (hub/boom/arm),"[45.0, 1.0, 617.0]",38.0735,0.065,0.0696,0.0702,0.004,0.333,0.788,0.399,0.081,0.595
90,1.2,9.0,head-on (+Y),10.0,20.7816,7.8,8.4525,19.87,1.5493,1.1002,shoulders,"[-53.0, 9.0, 611.0]",19.3632,1.4828,0.0727,1.5036,0.3484,0.775,1.304,0.742,0.168,1.549
90,1.2,9.0,head-on (+Y),15.0,46.7587,7.8,8.4525,19.87,3.0913,2.2191,shoulders,"[-53.0, 9.0, 611.0]",9.7048,3.3264,0.0799,3.3627,0.7793,1.544,2.678,1.246,0.278,3.091
90,1.2,9.0,head-on (+Y),20.0,83.1265,7.8,8.4525,19.87,5.2818,3.8731,shoulders,"[-53.0, 9.0, 611.0]",5.6798,5.9083,0.0949,5.9662,1.3826,2.62,4.603,1.958,0.431,5.282
90,1.2,9.0,head-on (+Y),25.0,129.8852,7.8,8.4525,19.87,8.1087,6.0391,shoulders,"[-53.0, 9.0, 611.0]",3.6997,9.2281,0.119,9.3139,2.1582,4.005,7.078,2.9,0.628,8.109
90,1.2,9.0,head-on (+Y),30.0,187.0347,7.8,8.4525,19.87,11.568,8.6532,shoulders,"[-53.0, 9.0, 611.0]",2.5934,13.2857,0.1525,13.4056,3.1062,5.697,10.147,4.059,0.869,11.568
90,1.2,9.0,head-on (+Y),40.0,332.5062,7.8,8.4525,19.87,20.3789,15.3694,shoulders,"[-53.0, 9.0, 611.0]",1.4721,23.6144,0.2451,23.821,5.5192,10.004,18.188,7.463,1.482,20.379
90,1.2,9.0,side (+X),10.0,20.7816,7.8,8.4525,19.87,1.3833,1.0045,cradle (hub/boom/arm),"[20.0, -2.0, 654.0]",21.6872,0.475,0.2107,0.4946,0.1558,0.574,1.383,0.822,0.184,0.795
90,1.2,9.0,side (+X),15.0,46.7587,7.8,8.4525,19.87,2.8,2.0546,cradle (hub/boom/arm),"[20.0, -2.0, 654.0]",10.7143,1.0539,0.462,1.0839,0.3485,0.876,2.8,1.354,0.314,1.221
90,1.2,9.0,side (+X),20.0,83.1265,7.8,8.4525,19.87,4.7835,3.6241,cradle (hub/boom/arm),"[20.0, -2.0, 654.0]",6.2716,1.867,0.8205,1.9112,0.6184,1.299,4.783,2.118,0.498,1.817
90,1.2,9.0,side (+X),25.0,129.8852,7.8,8.4525,19.87,7.3337,5.6698,cradle (hub/boom/arm),"[20.0, -2.0, 654.0]",4.0907,2.9131,1.2833,2.9756,0.9654,1.843,7.334,3.102,0.736,2.583
90,1.2,9.0,side (+X),30.0,187.0347,7.8,8.4525,19.87,10.4507,8.1525,cradle (hub/boom/arm),"[20.0, -2.0, 654.0]",2.8706,4.1919,1.8498,4.2768,1.3894,2.507,10.451,4.321,1.026,3.52
90,1.2,9.0,side (+X),40.0,332.5062,7.8,8.4525,19.87,18.3849,14.5433,cradle (hub/boom/arm),"[20.0, -2.0, 654.0]",1.6318,7.4475,3.2925,7.5892,2.4689,4.242,18.385,7.693,1.766,5.904
90,1.2,12.0,calm,0.0,0.0,7.8,10.9581,96.1634,0.9214,0.4011,cradle (hub/boom/arm),"[45.0, 1.0, 617.0]",32.5583,0.0778,0.0776,0.0803,0.0046,0.389,0.921,0.462,0.093,0.695
90,1.2,12.0,head-on (+Y),10.0,20.7816,7.8,10.9581,96.1634,1.6119,1.1555,shoulders,"[-53.0, 9.0, 611.0]",18.612,1.4844,0.0806,1.5068,0.3489,0.801,1.373,0.796,0.18,1.612
90,1.2,12.0,head-on (+Y),15.0,46.7587,7.8,10.9581,96.1634,3.1446,2.2446,shoulders,"[-53.0, 9.0, 611.0]",9.5402,3.3276,0.0875,3.3656,0.7798,1.569,2.748,1.299,0.289,3.145
90,1.2,12.0,head-on (+Y),20.0,83.1265,7.8,10.9581,96.1634,5.331,3.8968,shoulders,"[-53.0, 9.0, 611.0]",5.6275,5.9094,0.1016,5.969,1.3831,2.646,4.672,2.01,0.442,5.331
90,1.2,12.0,head-on (+Y),25.0,129.8852,7.8,10.9581,96.1634,8.1557,6.0504,shoulders,"[-53.0, 9.0, 611.0]",3.6784,9.2292,0.1248,9.3167,2.1587,4.03,7.147,2.943,0.639,8.156
90,1.2,12.0,head-on (+Y),30.0,187.0347,7.8,10.9581,96.1634,11.6138,8.69,shoulders,"[-53.0, 9.0, 611.0]",2.5831,13.2868,0.1574,13.4083,3.1067,5.722,10.174,4.099,0.88,11.614
90,1.2,12.0,head-on (+Y),40.0,332.5062,7.8,10.9581,96.1634,20.4234,15.3784,shoulders,"[-53.0, 9.0, 611.0]",1.4689,23.6154,0.2487,23.8236,5.5197,10.029,18.123,7.413,1.493,20.423
90,1.2,12.0,side (+X),10.0,20.7816,7.8,10.9581,96.1634,1.4603,1.0728,cradle (hub/boom/arm),"[20.0, -2.0, 654.0]",20.5443,0.4781,0.2126,0.4999,0.1562,0.63,1.46,0.885,0.195,0.88
90,1.2,12.0,side (+X),15.0,46.7587,7.8,10.9581,96.1634,2.8768,2.0929,cradle (hub/boom/arm),"[20.0, -2.0, 654.0]",10.4281,1.056,0.4623,1.0882,0.3489,0.932,2.877,1.415,0.325,1.296
90,1.2,12.0,side (+X),20.0,83.1265,7.8,10.9581,96.1634,4.8603,3.6235,cradle (hub/boom/arm),"[20.0, -2.0, 654.0]",6.1725,1.8687,0.8202,1.9152,0.6188,1.355,4.86,2.178,0.508,1.892
90,1.2,12.0,side (+X),25.0,129.8852,7.8,10.9581,96.1634,7.4105,5.6416,cradle (hub/boom/arm),"[20.0, -2.0, 654.0]",4.0483,2.9147,1.2828,2.9794,0.9657,1.898,7.411,3.161,0.746,2.659
90,1.2,12.0,side (+X),30.0,187.0347,7.8,10.9581,96.1634,10.5275,8.1607,cradle (hub/boom/arm),"[20.0, -2.0, 654.0]",2.8497,4.1934,1.8491,4.2805,1.3898,2.563,10.527,4.363,1.037,3.595
90,1.2,12.0,side (+X),40.0,332.5062,7.8,10.9581,96.1634,18.4617,14.5275,cradle (hub/boom/arm),"[20.0, -2.0, 654.0]",1.625,7.4489,3.2917,7.5928,2.4693,4.272,18.462,7.694,1.776,5.98
90,1.2,15.0,calm,0.0,0.0,7.8,13.4636,172.4567,1.055,0.4583,cradle (hub/boom/arm),"[45.0, 1.0, 617.0]",28.4373,0.0906,0.0856,0.0934,0.0052,0.445,1.055,0.525,0.104,0.795
90,1.2,15.0,head-on (+Y),10.0,20.7816,7.8,13.4636,172.4567,1.6763,1.2202,shoulders,"[-53.0, 9.0, 611.0]",17.897,1.4861,0.0886,1.5102,0.3494,0.826,1.443,0.85,0.191,1.676
90,1.2,15.0,head-on (+Y),15.0,46.7587,7.8,13.4636,172.4567,3.1993,2.3007,shoulders,"[-53.0, 9.0, 611.0]",9.3772,3.329,0.0951,3.3685,0.7803,1.594,2.817,1.351,0.3,3.199
90,1.2,15.0,head-on (+Y),20.0,83.1265,7.8,13.4636,172.4567,5.381,3.9256,shoulders,"[-53.0, 9.0, 611.0]",5.5751,5.9106,0.1086,5.9718,1.3836,2.671,4.741,2.061,0.454,5.381
90,1.2,15.0,head-on (+Y),25.0,129.8852,7.8,13.4636,172.4567,8.2033,6.0559,shoulders,"[-53.0, 9.0, 611.0]",3.657,9.2303,0.1308,9.3194,2.1592,4.055,7.216,2.986,0.651,8.203
90,1.2,15.0,head-on (+Y),30.0,187.0347,7.8,13.4636,172.4567,11.66,8.6932,shoulders,"[-53.0, 9.0, 611.0]",2.5729,13.2879,0.1625,13.411,3.1072,5.747,10.242,4.141,0.892,11.66
90,1.2,15.0,head-on (+Y),40.0,332.5062,7.8,13.4636,172.4567,20.4682,15.3766,shoulders,"[-53.0, 9.0, 611.0]",1.4657,23.6164,0.2525,23.8263,5.5202,10.054,18.058,7.364,1.505,20.468
90,1.2,15.0,side (+X),10.0,20.7816,7.8,13.4636,172.4567,1.5373,1.1382,cradle (hub/boom/arm),"[20.0, -2.0, 654.0]",19.5152,0.4816,0.2147,0.5054,0.1566,0.686,1.537,0.948,0.206,0.98
90,1.2,15.0,side (+X),15.0,46.7587,7.8,13.4636,172.4567,2.9537,2.1379,cradle (hub/boom/arm),"[20.0, -2.0, 654.0]",10.1567,1.0583,0.4627,1.0927,0.3493,0.988,2.954,1.478,0.336,1.372
90,1.2,15.0,side (+X),20.0,83.1265,7.8,13.4636,172.4567,4.9371,3.657,cradle (hub/boom/arm),"[20.0, -2.0, 654.0]",6.0764,1.8706,0.82,1.9193,0.6192,1.41,4.937,2.237,0.519,1.968
90,1.2,15.0,side (+X),25.0,129.8852,7.8,13.4636,172.4567,7.4873,5.667,cradle (hub/boom/arm),"[20.0, -2.0, 654.0]",4.0068,2.9163,1.2823,2.9833,0.9661,1.954,7.487,3.22,0.757,2.734
90,1.2,15.0,side (+X),30.0,187.0347,7.8,13.4636,172.4567,10.6043,8.1449,cradle (hub/boom/arm),"[20.0, -2.0, 654.0]",2.829,4.1949,1.8485,4.2843,1.3902,2.619,10.604,4.422,1.047,3.671
90,1.2,15.0,side (+X),40.0,332.5062,7.8,13.4636,172.4567,18.5384,14.4988,cradle (hub/boom/arm),"[20.0, -2.0, 654.0]",1.6183,7.4502,3.2909,7.5965,2.4697,4.31,18.538,7.695,1.787,6.055
