ISO-10303-21;
HEADER;
FILE_DESCRIPTION(('FreeCAD Model'),'2;1');
FILE_NAME('Open CASCADE Shape Model','2026-09-19T23:10:22',('FreeCAD'),(
    'FreeCAD'),'Open CASCADE STEP processor 7.9','FreeCAD','Unknown');
FILE_SCHEMA(('AUTOMOTIVE_DESIGN { 1 0 10303 214 1 1 1 1 }'));
ENDSEC;
DATA;
#1 = APPLICATION_PROTOCOL_DEFINITION('international standard',
  'automotive_design',2000,#2);
#2 = APPLICATION_CONTEXT(
  'core data for automotive mechanical design processes');
#3 = SHAPE_DEFINITION_REPRESENTATION(#4,#10);
#4 = PRODUCT_DEFINITION_SHAPE('','',#5);
#5 = PRODUCT_DEFINITION('design','',#6,#9);
#6 = PRODUCT_DEFINITION_FORMATION('','',#7);
#7 = PRODUCT('Open CASCADE STEP translator 7.9 7',
  'Open CASCADE STEP translator 7.9 7','',(#8));
#8 = PRODUCT_CONTEXT('',#2,'mechanical');
#9 = PRODUCT_DEFINITION_CONTEXT('part definition',#2,'design');
#10 = ADVANCED_BREP_SHAPE_REPRESENTATION('',(#11,#15),#11544);
#11 = AXIS2_PLACEMENT_3D('',#12,#13,#14);
#12 = CARTESIAN_POINT('',(0.,0.,0.));
#13 = DIRECTION('',(0.,0.,1.));
#14 = DIRECTION('',(1.,0.,-0.));
#15 = MANIFOLD_SOLID_BREP('',#16);
#16 = CLOSED_SHELL('',(#17,#57,#164,#195,#2480,#3601,#3864,#3881,#3905,
    #3961,#3978,#4003,#4028,#4053,#4078,#4095,#4128,#4152,#4194,#4211,
    #4228,#4288,#4305,#4322,#4339,#4356,#4373,#4390,#4407,#4424,#4441,
    #4458,#4475,#4492,#4509,#4526,#4543,#4560,#4577,#4594,#4611,#4628,
    #4645,#4662,#4679,#4696,#4713,#4725,#4767,#4791,#4815,#4832,#4854,
    #4873,#4918,#4951,#4970,#4989,#5006,#5023,#5040,#5052,#5083,#5107,
    #5131,#5155,#5179,#5196,#5227,#5272,#5311,#5337,#5372,#5412,#5436,
    #5460,#5484,#5501,#5532,#5556,#5580,#5604,#5628,#5652,#5676,#5693,
    #5724,#5748,#5772,#5796,#5820,#5837,#5889,#5922,#5955,#5979,#6012,
    #6045,#6092,#6118,#6148,#6179,#6203,#6227,#6251,#6275,#6292,#6362,
    #6386,#6433,#6450,#6483,#6500,#6522,#6539,#6556,#6575,#6594,#6615,
    #6650,#6691,#6725,#6744,#6761,#6778,#6795,#6807,#6838,#6862,#6886,
    #6910,#6934,#6958,#6982,#6999,#7021,#7038,#7055,#7067,#7098,#7122,
    #7146,#7170,#7194,#7211,#7242,#7266,#7290,#7352,#7378,#7419,#7456,
    #7480,#7504,#7528,#7552,#7576,#7600,#7617,#7648,#7672,#7696,#7713,
    #7744,#7768,#7792,#7809,#7840,#7864,#7888,#7905,#7936,#7960,#7984,
    #8008,#8032,#8056,#8080,#8097,#8143,#8169,#8210,#8253,#8279,#8305,
    #8336,#8360,#8384,#8408,#8432,#8449,#8480,#8504,#8528,#8552,#8576,
    #8600,#8624,#8641,#8687,#8713,#8763,#8792,#8820,#8844,#8868,#8892,
    #8925,#8958,#8996,#9027,#9051,#9075,#9099,#9123,#9140,#9178,#9195,
    #9244,#9268,#9315,#9332,#9365,#9382,#9420,#9437,#9486,#9510,#9573,
    #9590,#9621,#9645,#9669,#9693,#9717,#9734,#9751,#9768,#9785,#9802,
    #9819,#9836,#9853,#9870,#9887,#9904,#9921,#9938,#9955,#9972,#9989,
    #10006,#10023,#10040,#10057,#10074,#10091,#10108,#10125,#10142,
    #10159,#10176,#10193,#10210,#10222,#10253,#10277,#10301,#10329,
    #10354,#10385,#10402,#10419,#10436,#10453,#10470,#10487,#10511,
    #10535,#10552,#10569,#10586,#10617,#10641,#10665,#10693,#10718,
    #10735,#10744,#10753,#10762,#10771,#10783,#10808,#10839,#10912,
    #10936,#11002,#11014,#11039,#11228,#11253,#11265,#11277,#11289,
    #11301,#11326,#11338,#11363,#11383,#11395,#11420,#11440,#11449,
    #11466,#11483,#11500,#11517,#11526,#11535));
#17 = ADVANCED_FACE('',(#18),#52,.F.);
#18 = FACE_BOUND('',#19,.T.);
#19 = EDGE_LOOP('',(#20,#30,#38,#46));
#20 = ORIENTED_EDGE('',*,*,#21,.T.);
#21 = EDGE_CURVE('',#22,#24,#26,.T.);
#22 = VERTEX_POINT('',#23);
#23 = CARTESIAN_POINT('',(-60.,62.,174.));
#24 = VERTEX_POINT('',#25);
#25 = CARTESIAN_POINT('',(-100.,62.,174.));
#26 = LINE('',#27,#28);
#27 = CARTESIAN_POINT('',(-60.,62.,174.));
#28 = VECTOR('',#29,1.);
#29 = DIRECTION('',(-1.,-0.,-0.));
#30 = ORIENTED_EDGE('',*,*,#31,.T.);
#31 = EDGE_CURVE('',#24,#32,#34,.T.);
#32 = VERTEX_POINT('',#33);
#33 = CARTESIAN_POINT('',(-100.,61.718226600985,179.2));
#34 = LINE('',#35,#36);
#35 = CARTESIAN_POINT('',(-100.,62.,174.));
#36 = VECTOR('',#37,1.);
#37 = DIRECTION('',(0.,-5.410781326283E-02,0.998535099305));
#38 = ORIENTED_EDGE('',*,*,#39,.F.);
#39 = EDGE_CURVE('',#40,#32,#42,.T.);
#40 = VERTEX_POINT('',#41);
#41 = CARTESIAN_POINT('',(-60.,61.718226600985,179.2));
#42 = LINE('',#43,#44);
#43 = CARTESIAN_POINT('',(-60.,61.718226600985,179.2));
#44 = VECTOR('',#45,1.);
#45 = DIRECTION('',(-1.,-0.,-0.));
#46 = ORIENTED_EDGE('',*,*,#47,.F.);
#47 = EDGE_CURVE('',#22,#40,#48,.T.);
#48 = LINE('',#49,#50);
#49 = CARTESIAN_POINT('',(-60.,62.,174.));
#50 = VECTOR('',#51,1.);
#51 = DIRECTION('',(0.,-5.410781326283E-02,0.998535099305));
#52 = PLANE('',#53);
#53 = AXIS2_PLACEMENT_3D('',#54,#55,#56);
#54 = CARTESIAN_POINT('',(-60.,62.,174.));
#55 = DIRECTION('',(-0.,-0.998535099305,-5.410781326283E-02));
#56 = DIRECTION('',(0.,5.410781326283E-02,-0.998535099305));
#57 = ADVANCED_FACE('',(#58,#115,#126,#137,#148),#159,.F.);
#58 = FACE_BOUND('',#59,.T.);
#59 = EDGE_LOOP('',(#60,#70,#78,#84,#85,#93,#101,#109));
#60 = ORIENTED_EDGE('',*,*,#61,.F.);
#61 = EDGE_CURVE('',#62,#64,#66,.T.);
#62 = VERTEX_POINT('',#63);
#63 = CARTESIAN_POINT('',(-60.,-62.,174.));
#64 = VERTEX_POINT('',#65);
#65 = CARTESIAN_POINT('',(-60.,-47.54679802955,174.));
#66 = LINE('',#67,#68);
#67 = CARTESIAN_POINT('',(-60.,-62.,174.));
#68 = VECTOR('',#69,1.);
#69 = DIRECTION('',(0.,1.,0.));
#70 = ORIENTED_EDGE('',*,*,#71,.T.);
#71 = EDGE_CURVE('',#62,#72,#74,.T.);
#72 = VERTEX_POINT('',#73);
#73 = CARTESIAN_POINT('',(-100.,-62.,174.));
#74 = LINE('',#75,#76);
#75 = CARTESIAN_POINT('',(-60.,-62.,174.));
#76 = VECTOR('',#77,1.);
#77 = DIRECTION('',(-1.,-0.,-0.));
#78 = ORIENTED_EDGE('',*,*,#79,.T.);
#79 = EDGE_CURVE('',#72,#24,#80,.T.);
#80 = LINE('',#81,#82);
#81 = CARTESIAN_POINT('',(-100.,-62.,174.));
#82 = VECTOR('',#83,1.);
#83 = DIRECTION('',(0.,1.,0.));
#84 = ORIENTED_EDGE('',*,*,#21,.F.);
#85 = ORIENTED_EDGE('',*,*,#86,.F.);
#86 = EDGE_CURVE('',#87,#22,#89,.T.);
#87 = VERTEX_POINT('',#88);
#88 = CARTESIAN_POINT('',(-60.,-41.54679802955,174.));
#89 = LINE('',#90,#91);
#90 = CARTESIAN_POINT('',(-60.,-62.,174.));
#91 = VECTOR('',#92,1.);
#92 = DIRECTION('',(0.,1.,0.));
#93 = ORIENTED_EDGE('',*,*,#94,.F.);
#94 = EDGE_CURVE('',#95,#87,#97,.T.);
#95 = VERTEX_POINT('',#96);
#96 = CARTESIAN_POINT('',(-63.,-41.54679802955,174.));
#97 = LINE('',#98,#99);
#98 = CARTESIAN_POINT('',(-58.5,-41.54679802955,174.));
#99 = VECTOR('',#100,1.);
#100 = DIRECTION('',(1.,0.,0.));
#101 = ORIENTED_EDGE('',*,*,#102,.F.);
#102 = EDGE_CURVE('',#103,#95,#105,.T.);
#103 = VERTEX_POINT('',#104);
#104 = CARTESIAN_POINT('',(-63.,-47.54679802955,174.));
#105 = LINE('',#106,#107);
#106 = CARTESIAN_POINT('',(-63.,-54.77339901477,174.));
#107 = VECTOR('',#108,1.);
#108 = DIRECTION('',(0.,1.,0.));
#109 = ORIENTED_EDGE('',*,*,#110,.T.);
#110 = EDGE_CURVE('',#103,#64,#111,.T.);
#111 = LINE('',#112,#113);
#112 = CARTESIAN_POINT('',(-58.5,-47.54679802955,174.));
#113 = VECTOR('',#114,1.);
#114 = DIRECTION('',(1.,0.,0.));
#115 = FACE_BOUND('',#116,.T.);
#116 = EDGE_LOOP('',(#117));
#117 = ORIENTED_EDGE('',*,*,#118,.F.);
#118 = EDGE_CURVE('',#119,#119,#121,.T.);
#119 = VERTEX_POINT('',#120);
#120 = CARTESIAN_POINT('',(-96.25,-40.,174.));
#121 = CIRCLE('',#122,2.25);
#122 = AXIS2_PLACEMENT_3D('',#123,#124,#125);
#123 = CARTESIAN_POINT('',(-94.,-40.,174.));
#124 = DIRECTION('',(0.,0.,-1.));
#125 = DIRECTION('',(-1.,-0.,-0.));
#126 = FACE_BOUND('',#127,.T.);
#127 = EDGE_LOOP('',(#128));
#128 = ORIENTED_EDGE('',*,*,#129,.F.);
#129 = EDGE_CURVE('',#130,#130,#132,.T.);
#130 = VERTEX_POINT('',#131);
#131 = CARTESIAN_POINT('',(-96.25,40.,174.));
#132 = CIRCLE('',#133,2.25);
#133 = AXIS2_PLACEMENT_3D('',#134,#135,#136);
#134 = CARTESIAN_POINT('',(-94.,40.,174.));
#135 = DIRECTION('',(0.,0.,-1.));
#136 = DIRECTION('',(-1.,-0.,-0.));
#137 = FACE_BOUND('',#138,.T.);
#138 = EDGE_LOOP('',(#139));
#139 = ORIENTED_EDGE('',*,*,#140,.F.);
#140 = EDGE_CURVE('',#141,#141,#143,.T.);
#141 = VERTEX_POINT('',#142);
#142 = CARTESIAN_POINT('',(-68.25,-40.,174.));
#143 = CIRCLE('',#144,2.25);
#144 = AXIS2_PLACEMENT_3D('',#145,#146,#147);
#145 = CARTESIAN_POINT('',(-66.,-40.,174.));
#146 = DIRECTION('',(0.,0.,-1.));
#147 = DIRECTION('',(-1.,-0.,-0.));
#148 = FACE_BOUND('',#149,.T.);
#149 = EDGE_LOOP('',(#150));
#150 = ORIENTED_EDGE('',*,*,#151,.F.);
#151 = EDGE_CURVE('',#152,#152,#154,.T.);
#152 = VERTEX_POINT('',#153);
#153 = CARTESIAN_POINT('',(-68.25,40.,174.));
#154 = CIRCLE('',#155,2.25);
#155 = AXIS2_PLACEMENT_3D('',#156,#157,#158);
#156 = CARTESIAN_POINT('',(-66.,40.,174.));
#157 = DIRECTION('',(0.,0.,-1.));
#158 = DIRECTION('',(-1.,-0.,-0.));
#159 = PLANE('',#160);
#160 = AXIS2_PLACEMENT_3D('',#161,#162,#163);
#161 = CARTESIAN_POINT('',(-60.,-62.,174.));
#162 = DIRECTION('',(0.,0.,1.));
#163 = DIRECTION('',(0.,-1.,0.));
#164 = ADVANCED_FACE('',(#165),#190,.F.);
#165 = FACE_BOUND('',#166,.T.);
#166 = EDGE_LOOP('',(#167,#168,#176,#184));
#167 = ORIENTED_EDGE('',*,*,#39,.T.);
#168 = ORIENTED_EDGE('',*,*,#169,.T.);
#169 = EDGE_CURVE('',#32,#170,#172,.T.);
#170 = VERTEX_POINT('',#171);
#171 = CARTESIAN_POINT('',(-100.,61.43645320197,184.4));
#172 = LINE('',#173,#174);
#173 = CARTESIAN_POINT('',(-100.,61.718226600985,179.2));
#174 = VECTOR('',#175,1.);
#175 = DIRECTION('',(0.,-5.410781326283E-02,0.998535099305));
#176 = ORIENTED_EDGE('',*,*,#177,.F.);
#177 = EDGE_CURVE('',#178,#170,#180,.T.);
#178 = VERTEX_POINT('',#179);
#179 = CARTESIAN_POINT('',(-60.,61.43645320197,184.4));
#180 = LINE('',#181,#182);
#181 = CARTESIAN_POINT('',(-60.,61.43645320197,184.4));
#182 = VECTOR('',#183,1.);
#183 = DIRECTION('',(-1.,-0.,-0.));
#184 = ORIENTED_EDGE('',*,*,#185,.F.);
#185 = EDGE_CURVE('',#40,#178,#186,.T.);
#186 = LINE('',#187,#188);
#187 = CARTESIAN_POINT('',(-60.,61.718226600985,179.2));
#188 = VECTOR('',#189,1.);
#189 = DIRECTION('',(0.,-5.410781326283E-02,0.998535099305));
#190 = PLANE('',#191);
#191 = AXIS2_PLACEMENT_3D('',#192,#193,#194);
#192 = CARTESIAN_POINT('',(-60.,61.718226600985,179.2));
#193 = DIRECTION('',(-0.,-0.998535099305,-5.410781326283E-02));
#194 = DIRECTION('',(0.,5.410781326283E-02,-0.998535099305));
#195 = ADVANCED_FACE('',(#196,#471,#505,#647,#697,#832,#898,#948,#1099,
    #1149,#1199,#1390,#1456,#1490,#1540,#1714,#1748,#1782,#1816,#1882,
    #1980,#2030,#2096,#2259,#2309,#2375,#2425),#2475,.F.);
#196 = FACE_BOUND('',#197,.T.);
#197 = EDGE_LOOP('',(#198,#206,#207,#208,#209,#217,#225,#233,#241,#249,
    #257,#265,#273,#281,#289,#297,#305,#313,#321,#329,#337,#345,#353,
    #361,#369,#377,#385,#393,#401,#409,#417,#425,#433,#441,#449,#457,
    #465));
#198 = ORIENTED_EDGE('',*,*,#199,.F.);
#199 = EDGE_CURVE('',#87,#200,#202,.T.);
#200 = VERTEX_POINT('',#201);
#201 = CARTESIAN_POINT('',(-60.,-41.54679802955,181.15));
#202 = LINE('',#203,#204);
#203 = CARTESIAN_POINT('',(-60.,-41.54679802955,211.28695951093));
#204 = VECTOR('',#205,1.);
#205 = DIRECTION('',(0.,0.,1.));
#206 = ORIENTED_EDGE('',*,*,#86,.T.);
#207 = ORIENTED_EDGE('',*,*,#47,.T.);
#208 = ORIENTED_EDGE('',*,*,#185,.T.);
#209 = ORIENTED_EDGE('',*,*,#210,.T.);
#210 = EDGE_CURVE('',#178,#211,#213,.T.);
#211 = VERTEX_POINT('',#212);
#212 = CARTESIAN_POINT('',(-60.,61.154679802956,189.6));
#213 = LINE('',#214,#215);
#214 = CARTESIAN_POINT('',(-60.,61.43645320197,184.4));
#215 = VECTOR('',#216,1.);
#216 = DIRECTION('',(0.,-5.410781326283E-02,0.998535099305));
#217 = ORIENTED_EDGE('',*,*,#218,.T.);
#218 = EDGE_CURVE('',#211,#219,#221,.T.);
#219 = VERTEX_POINT('',#220);
#220 = CARTESIAN_POINT('',(-60.,60.872906403941,194.8));
#221 = LINE('',#222,#223);
#222 = CARTESIAN_POINT('',(-60.,61.154679802956,189.6));
#223 = VECTOR('',#224,1.);
#224 = DIRECTION('',(0.,-5.410781326283E-02,0.998535099305));
#225 = ORIENTED_EDGE('',*,*,#226,.T.);
#226 = EDGE_CURVE('',#219,#227,#229,.T.);
#227 = VERTEX_POINT('',#228);
#228 = CARTESIAN_POINT('',(-60.,60.591133004926,200.));
#229 = LINE('',#230,#231);
#230 = CARTESIAN_POINT('',(-60.,60.872906403941,194.8));
#231 = VECTOR('',#232,1.);
#232 = DIRECTION('',(0.,-5.410781326283E-02,0.998535099305));
#233 = ORIENTED_EDGE('',*,*,#234,.T.);
#234 = EDGE_CURVE('',#227,#235,#237,.T.);
#235 = VERTEX_POINT('',#236);
#236 = CARTESIAN_POINT('',(-60.,60.309359605911,205.2));
#237 = LINE('',#238,#239);
#238 = CARTESIAN_POINT('',(-60.,60.591133004926,200.));
#239 = VECTOR('',#240,1.);
#240 = DIRECTION('',(0.,-5.410781326283E-02,0.998535099305));
#241 = ORIENTED_EDGE('',*,*,#242,.T.);
#242 = EDGE_CURVE('',#235,#243,#245,.T.);
#243 = VERTEX_POINT('',#244);
#244 = CARTESIAN_POINT('',(-60.,60.027586206897,210.4));
#245 = LINE('',#246,#247);
#246 = CARTESIAN_POINT('',(-60.,60.309359605911,205.2));
#247 = VECTOR('',#248,1.);
#248 = DIRECTION('',(0.,-5.410781326283E-02,0.998535099305));
#249 = ORIENTED_EDGE('',*,*,#250,.T.);
#250 = EDGE_CURVE('',#243,#251,#253,.T.);
#251 = VERTEX_POINT('',#252);
#252 = CARTESIAN_POINT('',(-60.,59.745812807882,215.6));
#253 = LINE('',#254,#255);
#254 = CARTESIAN_POINT('',(-60.,60.027586206897,210.4));
#255 = VECTOR('',#256,1.);
#256 = DIRECTION('',(0.,-5.410781326283E-02,0.998535099305));
#257 = ORIENTED_EDGE('',*,*,#258,.T.);
#258 = EDGE_CURVE('',#251,#259,#261,.T.);
#259 = VERTEX_POINT('',#260);
#260 = CARTESIAN_POINT('',(-60.,59.464039408867,220.8));
#261 = LINE('',#262,#263);
#262 = CARTESIAN_POINT('',(-60.,59.745812807882,215.6));
#263 = VECTOR('',#264,1.);
#264 = DIRECTION('',(0.,-5.410781326283E-02,0.998535099305));
#265 = ORIENTED_EDGE('',*,*,#266,.T.);
#266 = EDGE_CURVE('',#259,#267,#269,.T.);
#267 = VERTEX_POINT('',#268);
#268 = CARTESIAN_POINT('',(-60.,59.182266009852,226.));
#269 = LINE('',#270,#271);
#270 = CARTESIAN_POINT('',(-60.,59.464039408867,220.8));
#271 = VECTOR('',#272,1.);
#272 = DIRECTION('',(0.,-5.410781326283E-02,0.998535099305));
#273 = ORIENTED_EDGE('',*,*,#274,.T.);
#274 = EDGE_CURVE('',#267,#275,#277,.T.);
#275 = VERTEX_POINT('',#276);
#276 = CARTESIAN_POINT('',(-60.,58.900492610837,231.2));
#277 = LINE('',#278,#279);
#278 = CARTESIAN_POINT('',(-60.,59.182266009852,226.));
#279 = VECTOR('',#280,1.);
#280 = DIRECTION('',(0.,-5.410781326283E-02,0.998535099305));
#281 = ORIENTED_EDGE('',*,*,#282,.T.);
#282 = EDGE_CURVE('',#275,#283,#285,.T.);
#283 = VERTEX_POINT('',#284);
#284 = CARTESIAN_POINT('',(-60.,58.618719211823,236.4));
#285 = LINE('',#286,#287);
#286 = CARTESIAN_POINT('',(-60.,58.900492610837,231.2));
#287 = VECTOR('',#288,1.);
#288 = DIRECTION('',(0.,-5.410781326283E-02,0.998535099305));
#289 = ORIENTED_EDGE('',*,*,#290,.T.);
#290 = EDGE_CURVE('',#283,#291,#293,.T.);
#291 = VERTEX_POINT('',#292);
#292 = CARTESIAN_POINT('',(-60.,58.336945812808,241.6));
#293 = LINE('',#294,#295);
#294 = CARTESIAN_POINT('',(-60.,58.618719211823,236.4));
#295 = VECTOR('',#296,1.);
#296 = DIRECTION('',(0.,-5.410781326283E-02,0.998535099305));
#297 = ORIENTED_EDGE('',*,*,#298,.T.);
#298 = EDGE_CURVE('',#291,#299,#301,.T.);
#299 = VERTEX_POINT('',#300);
#300 = CARTESIAN_POINT('',(-60.,58.055172413793,246.8));
#301 = LINE('',#302,#303);
#302 = CARTESIAN_POINT('',(-60.,58.336945812808,241.6));
#303 = VECTOR('',#304,1.);
#304 = DIRECTION('',(0.,-5.410781326283E-02,0.998535099305));
#305 = ORIENTED_EDGE('',*,*,#306,.T.);
#306 = EDGE_CURVE('',#299,#307,#309,.T.);
#307 = VERTEX_POINT('',#308);
#308 = CARTESIAN_POINT('',(-60.,57.773399014778,252.));
#309 = LINE('',#310,#311);
#310 = CARTESIAN_POINT('',(-60.,58.055172413793,246.8));
#311 = VECTOR('',#312,1.);
#312 = DIRECTION('',(0.,-5.410781326283E-02,0.998535099305));
#313 = ORIENTED_EDGE('',*,*,#314,.T.);
#314 = EDGE_CURVE('',#307,#315,#317,.T.);
#315 = VERTEX_POINT('',#316);
#316 = CARTESIAN_POINT('',(-60.,57.491625615764,257.2));
#317 = LINE('',#318,#319);
#318 = CARTESIAN_POINT('',(-60.,57.773399014778,252.));
#319 = VECTOR('',#320,1.);
#320 = DIRECTION('',(0.,-5.410781326283E-02,0.998535099305));
#321 = ORIENTED_EDGE('',*,*,#322,.T.);
#322 = EDGE_CURVE('',#315,#323,#325,.T.);
#323 = VERTEX_POINT('',#324);
#324 = CARTESIAN_POINT('',(-60.,57.209852216749,262.4));
#325 = LINE('',#326,#327);
#326 = CARTESIAN_POINT('',(-60.,57.491625615764,257.2));
#327 = VECTOR('',#328,1.);
#328 = DIRECTION('',(0.,-5.410781326283E-02,0.998535099305));
#329 = ORIENTED_EDGE('',*,*,#330,.T.);
#330 = EDGE_CURVE('',#323,#331,#333,.T.);
#331 = VERTEX_POINT('',#332);
#332 = CARTESIAN_POINT('',(-60.,56.928078817734,267.6));
#333 = LINE('',#334,#335);
#334 = CARTESIAN_POINT('',(-60.,57.209852216749,262.4));
#335 = VECTOR('',#336,1.);
#336 = DIRECTION('',(0.,-5.410781326283E-02,0.998535099305));
#337 = ORIENTED_EDGE('',*,*,#338,.T.);
#338 = EDGE_CURVE('',#331,#339,#341,.T.);
#339 = VERTEX_POINT('',#340);
#340 = CARTESIAN_POINT('',(-60.,56.646305418719,272.8));
#341 = LINE('',#342,#343);
#342 = CARTESIAN_POINT('',(-60.,56.928078817734,267.6));
#343 = VECTOR('',#344,1.);
#344 = DIRECTION('',(0.,-5.410781326283E-02,0.998535099305));
#345 = ORIENTED_EDGE('',*,*,#346,.T.);
#346 = EDGE_CURVE('',#339,#347,#349,.T.);
#347 = VERTEX_POINT('',#348);
#348 = CARTESIAN_POINT('',(-60.,56.364532019704,278.));
#349 = LINE('',#350,#351);
#350 = CARTESIAN_POINT('',(-60.,56.646305418719,272.8));
#351 = VECTOR('',#352,1.);
#352 = DIRECTION('',(0.,-5.410781326283E-02,0.998535099305));
#353 = ORIENTED_EDGE('',*,*,#354,.T.);
#354 = EDGE_CURVE('',#347,#355,#357,.T.);
#355 = VERTEX_POINT('',#356);
#356 = CARTESIAN_POINT('',(-60.,56.08275862069,283.2));
#357 = LINE('',#358,#359);
#358 = CARTESIAN_POINT('',(-60.,56.364532019704,278.));
#359 = VECTOR('',#360,1.);
#360 = DIRECTION('',(0.,-5.410781326283E-02,0.998535099305));
#361 = ORIENTED_EDGE('',*,*,#362,.T.);
#362 = EDGE_CURVE('',#355,#363,#365,.T.);
#363 = VERTEX_POINT('',#364);
#364 = CARTESIAN_POINT('',(-60.,55.800985221675,288.4));
#365 = LINE('',#366,#367);
#366 = CARTESIAN_POINT('',(-60.,56.08275862069,283.2));
#367 = VECTOR('',#368,1.);
#368 = DIRECTION('',(0.,-5.410781326283E-02,0.998535099305));
#369 = ORIENTED_EDGE('',*,*,#370,.T.);
#370 = EDGE_CURVE('',#363,#371,#373,.T.);
#371 = VERTEX_POINT('',#372);
#372 = CARTESIAN_POINT('',(-60.,55.51921182266,293.6));
#373 = LINE('',#374,#375);
#374 = CARTESIAN_POINT('',(-60.,55.800985221675,288.4));
#375 = VECTOR('',#376,1.);
#376 = DIRECTION('',(0.,-5.410781326283E-02,0.998535099305));
#377 = ORIENTED_EDGE('',*,*,#378,.T.);
#378 = EDGE_CURVE('',#371,#379,#381,.T.);
#379 = VERTEX_POINT('',#380);
#380 = CARTESIAN_POINT('',(-60.,55.237438423645,298.8));
#381 = LINE('',#382,#383);
#382 = CARTESIAN_POINT('',(-60.,55.51921182266,293.6));
#383 = VECTOR('',#384,1.);
#384 = DIRECTION('',(0.,-5.410781326283E-02,0.998535099305));
#385 = ORIENTED_EDGE('',*,*,#386,.T.);
#386 = EDGE_CURVE('',#379,#387,#389,.T.);
#387 = VERTEX_POINT('',#388);
#388 = CARTESIAN_POINT('',(-60.,54.955665024631,304.));
#389 = LINE('',#390,#391);
#390 = CARTESIAN_POINT('',(-60.,55.237438423645,298.8));
#391 = VECTOR('',#392,1.);
#392 = DIRECTION('',(0.,-5.410781326283E-02,0.998535099305));
#393 = ORIENTED_EDGE('',*,*,#394,.T.);
#394 = EDGE_CURVE('',#387,#395,#397,.T.);
#395 = VERTEX_POINT('',#396);
#396 = CARTESIAN_POINT('',(-60.,54.673891625616,309.2));
#397 = LINE('',#398,#399);
#398 = CARTESIAN_POINT('',(-60.,54.955665024631,304.));
#399 = VECTOR('',#400,1.);
#400 = DIRECTION('',(0.,-5.410781326283E-02,0.998535099305));
#401 = ORIENTED_EDGE('',*,*,#402,.T.);
#402 = EDGE_CURVE('',#395,#403,#405,.T.);
#403 = VERTEX_POINT('',#404);
#404 = CARTESIAN_POINT('',(-60.,54.392118226601,314.4));
#405 = LINE('',#406,#407);
#406 = CARTESIAN_POINT('',(-60.,54.673891625616,309.2));
#407 = VECTOR('',#408,1.);
#408 = DIRECTION('',(0.,-5.410781326283E-02,0.998535099305));
#409 = ORIENTED_EDGE('',*,*,#410,.T.);
#410 = EDGE_CURVE('',#403,#411,#413,.T.);
#411 = VERTEX_POINT('',#412);
#412 = CARTESIAN_POINT('',(-60.,54.110344827586,319.6));
#413 = LINE('',#414,#415);
#414 = CARTESIAN_POINT('',(-60.,54.392118226601,314.4));
#415 = VECTOR('',#416,1.);
#416 = DIRECTION('',(0.,-5.410781326283E-02,0.998535099305));
#417 = ORIENTED_EDGE('',*,*,#418,.T.);
#418 = EDGE_CURVE('',#411,#419,#421,.T.);
#419 = VERTEX_POINT('',#420);
#420 = CARTESIAN_POINT('',(-60.,53.828571428571,324.8));
#421 = LINE('',#422,#423);
#422 = CARTESIAN_POINT('',(-60.,54.110344827586,319.6));
#423 = VECTOR('',#424,1.);
#424 = DIRECTION('',(0.,-5.410781326283E-02,0.998535099305));
#425 = ORIENTED_EDGE('',*,*,#426,.T.);
#426 = EDGE_CURVE('',#419,#427,#429,.T.);
#427 = VERTEX_POINT('',#428);
#428 = CARTESIAN_POINT('',(-60.,53.546798029557,330.));
#429 = LINE('',#430,#431);
#430 = CARTESIAN_POINT('',(-60.,53.828571428571,324.8));
#431 = VECTOR('',#432,1.);
#432 = DIRECTION('',(0.,-5.410781326283E-02,0.998535099305));
#433 = ORIENTED_EDGE('',*,*,#434,.T.);
#434 = EDGE_CURVE('',#427,#435,#437,.T.);
#435 = VERTEX_POINT('',#436);
#436 = CARTESIAN_POINT('',(-60.,-41.54679802955,330.));
#437 = LINE('',#438,#439);
#438 = CARTESIAN_POINT('',(-60.,53.546798029557,330.));
#439 = VECTOR('',#440,1.);
#440 = DIRECTION('',(-0.,-1.,-0.));
#441 = ORIENTED_EDGE('',*,*,#442,.F.);
#442 = EDGE_CURVE('',#443,#435,#445,.T.);
#443 = VERTEX_POINT('',#444);
#444 = CARTESIAN_POINT('',(-60.,-41.54679802955,184.85));
#445 = LINE('',#446,#447);
#446 = CARTESIAN_POINT('',(-60.,-41.54679802955,211.28695951093));
#447 = VECTOR('',#448,1.);
#448 = DIRECTION('',(0.,0.,1.));
#449 = ORIENTED_EDGE('',*,*,#450,.F.);
#450 = EDGE_CURVE('',#451,#443,#453,.T.);
#451 = VERTEX_POINT('',#452);
#452 = CARTESIAN_POINT('',(-60.,-36.25,184.85));
#453 = LINE('',#454,#455);
#454 = CARTESIAN_POINT('',(-60.,-18.125,184.85));
#455 = VECTOR('',#456,1.);
#456 = DIRECTION('',(-0.,-1.,-0.));
#457 = ORIENTED_EDGE('',*,*,#458,.T.);
#458 = EDGE_CURVE('',#451,#459,#461,.T.);
#459 = VERTEX_POINT('',#460);
#460 = CARTESIAN_POINT('',(-60.,-36.25,181.15));
#461 = LINE('',#462,#463);
#462 = CARTESIAN_POINT('',(-60.,-36.25,215.36195951093));
#463 = VECTOR('',#464,1.);
#464 = DIRECTION('',(-0.,-0.,-1.));
#465 = ORIENTED_EDGE('',*,*,#466,.T.);
#466 = EDGE_CURVE('',#459,#200,#467,.T.);
#467 = LINE('',#468,#469);
#468 = CARTESIAN_POINT('',(-60.,-18.125,181.15));
#469 = VECTOR('',#470,1.);
#470 = DIRECTION('',(-0.,-1.,-0.));
#471 = FACE_BOUND('',#472,.T.);
#472 = EDGE_LOOP('',(#473,#483,#491,#499));
#473 = ORIENTED_EDGE('',*,*,#474,.F.);
#474 = EDGE_CURVE('',#475,#477,#479,.T.);
#475 = VERTEX_POINT('',#476);
#476 = CARTESIAN_POINT('',(-60.,43.75,184.85));
#477 = VERTEX_POINT('',#478);
#478 = CARTESIAN_POINT('',(-60.,36.25,184.85));
#479 = LINE('',#480,#481);
#480 = CARTESIAN_POINT('',(-60.,21.875,184.85));
#481 = VECTOR('',#482,1.);
#482 = DIRECTION('',(-0.,-1.,-0.));
#483 = ORIENTED_EDGE('',*,*,#484,.T.);
#484 = EDGE_CURVE('',#475,#485,#487,.T.);
#485 = VERTEX_POINT('',#486);
#486 = CARTESIAN_POINT('',(-60.,43.75,181.15));
#487 = LINE('',#488,#489);
#488 = CARTESIAN_POINT('',(-60.,43.75,215.36195951093));
#489 = VECTOR('',#490,1.);
#490 = DIRECTION('',(-0.,-0.,-1.));
#491 = ORIENTED_EDGE('',*,*,#492,.T.);
#492 = EDGE_CURVE('',#485,#493,#495,.T.);
#493 = VERTEX_POINT('',#494);
#494 = CARTESIAN_POINT('',(-60.,36.25,181.15));
#495 = LINE('',#496,#497);
#496 = CARTESIAN_POINT('',(-60.,21.875,181.15));
#497 = VECTOR('',#498,1.);
#498 = DIRECTION('',(-0.,-1.,-0.));
#499 = ORIENTED_EDGE('',*,*,#500,.F.);
#500 = EDGE_CURVE('',#477,#493,#501,.T.);
#501 = LINE('',#502,#503);
#502 = CARTESIAN_POINT('',(-60.,36.25,215.36195951093));
#503 = VECTOR('',#504,1.);
#504 = DIRECTION('',(-0.,-0.,-1.));
#505 = FACE_BOUND('',#506,.T.);
#506 = EDGE_LOOP('',(#507,#517,#525,#533,#541,#549,#576,#591,#599,#622)
  );
#507 = ORIENTED_EDGE('',*,*,#508,.T.);
#508 = EDGE_CURVE('',#509,#511,#513,.T.);
#509 = VERTEX_POINT('',#510);
#510 = CARTESIAN_POINT('',(-60.,12.,182.89824017507));
#511 = VERTEX_POINT('',#512);
#512 = CARTESIAN_POINT('',(-60.,12.,174.93252484726));
#513 = LINE('',#514,#515);
#514 = CARTESIAN_POINT('',(-60.,12.,212.25322193457));
#515 = VECTOR('',#516,1.);
#516 = DIRECTION('',(0.,0.,-1.));
#517 = ORIENTED_EDGE('',*,*,#518,.T.);
#518 = EDGE_CURVE('',#511,#519,#521,.T.);
#519 = VERTEX_POINT('',#520);
#520 = CARTESIAN_POINT('',(-60.,6.08,174.93252484726));
#521 = LINE('',#522,#523);
#522 = CARTESIAN_POINT('',(-60.,-6.,174.93252484726));
#523 = VECTOR('',#524,1.);
#524 = DIRECTION('',(0.,-1.,0.));
#525 = ORIENTED_EDGE('',*,*,#526,.T.);
#526 = EDGE_CURVE('',#519,#527,#529,.T.);
#527 = VERTEX_POINT('',#528);
#528 = CARTESIAN_POINT('',(-60.,6.08,179.63754901066));
#529 = LINE('',#530,#531);
#530 = CARTESIAN_POINT('',(-60.,6.08,211.25322193457));
#531 = VECTOR('',#532,1.);
#532 = DIRECTION('',(0.,1.224646799147E-16,1.));
#533 = ORIENTED_EDGE('',*,*,#534,.T.);
#534 = EDGE_CURVE('',#527,#535,#537,.T.);
#535 = VERTEX_POINT('',#536);
#536 = CARTESIAN_POINT('',(-60.,7.866143886204,179.63754901066));
#537 = LINE('',#538,#539);
#538 = CARTESIAN_POINT('',(-60.,3.933071943102,179.63754901066));
#539 = VECTOR('',#540,1.);
#540 = DIRECTION('',(0.,1.,0.));
#541 = ORIENTED_EDGE('',*,*,#542,.T.);
#542 = EDGE_CURVE('',#535,#543,#545,.T.);
#543 = VERTEX_POINT('',#544);
#544 = CARTESIAN_POINT('',(-60.,7.866143886204,182.73082885018));
#545 = LINE('',#546,#547);
#546 = CARTESIAN_POINT('',(-60.,7.866143886204,216.15237393602));
#547 = VECTOR('',#548,1.);
#548 = DIRECTION('',(0.,0.,1.));
#549 = ORIENTED_EDGE('',*,*,#550,.T.);
#550 = EDGE_CURVE('',#543,#551,#553,.T.);
#551 = VERTEX_POINT('',#552);
#552 = CARTESIAN_POINT('',(-60.,6.991884745145,185.38643202334));
#553 = B_SPLINE_CURVE_WITH_KNOTS('',6,(#554,#555,#556,#557,#558,#559,
    #560,#561,#562,#563,#564,#565,#566,#567,#568,#569,#570,#571,#572,
    #573,#574,#575),.UNSPECIFIED.,.F.,.F.,(7,5,5,5,7),(0.,0.277623964553
    ,0.52512721615,0.770772982504,1.),.UNSPECIFIED.);
#554 = CARTESIAN_POINT('',(-60.,7.866143886204,182.73082885018));
#555 = CARTESIAN_POINT('',(-60.,7.866143886204,182.86663584822));
#556 = CARTESIAN_POINT('',(-60.,7.863207928848,183.00220647969));
#557 = CARTESIAN_POINT('',(-60.,7.857089543907,183.13745245292));
#558 = CARTESIAN_POINT('',(-60.,7.847506789678,183.27223977885));
#559 = CARTESIAN_POINT('',(-60.,7.834138803358,183.40638824056));
#560 = CARTESIAN_POINT('',(-60.,7.80100634068,183.65849303444));
#561 = CARTESIAN_POINT('',(-60.,7.782094239075,183.77661743864));
#562 = CARTESIAN_POINT('',(-60.,7.759630117741,183.89388545854));
#563 = CARTESIAN_POINT('',(-60.,7.733332399175,184.01007693596));
#564 = CARTESIAN_POINT('',(-60.,7.702906545558,184.12491411698));
#565 = CARTESIAN_POINT('',(-60.,7.63347048504,184.35036788838));
#566 = CARTESIAN_POINT('',(-60.,7.594528276562,184.46100445629));
#567 = CARTESIAN_POINT('',(-60.,7.550947319521,184.56964262899));
#568 = CARTESIAN_POINT('',(-60.,7.502458866199,184.67587091244));
#569 = CARTESIAN_POINT('',(-60.,7.448839888479,184.77921450642));
#570 = CARTESIAN_POINT('',(-60.,7.335061776269,184.97244754543));
#571 = CARTESIAN_POINT('',(-60.,7.275574004437,185.06278341376));
#572 = CARTESIAN_POINT('',(-60.,7.211447304907,185.14974646568));
#573 = CARTESIAN_POINT('',(-60.,7.142686667545,185.23291638119));
#574 = CARTESIAN_POINT('',(-60.,7.069410326617,185.31191431799));
#575 = CARTESIAN_POINT('',(-60.,6.991884745145,185.38643202334));
#576 = ORIENTED_EDGE('',*,*,#577,.T.);
#577 = EDGE_CURVE('',#551,#578,#580,.T.);
#578 = VERTEX_POINT('',#579);
#579 = CARTESIAN_POINT('',(-60.,6.08,185.95081752127));
#580 = B_SPLINE_CURVE_WITH_KNOTS('',5,(#581,#582,#583,#584,#585,#586,
    #587,#588,#589,#590),.UNSPECIFIED.,.F.,.F.,(6,4,6),(0.,
    0.490091102032,1.),.UNSPECIFIED.);
#581 = CARTESIAN_POINT('',(-60.,6.991884745145,185.38643202334));
#582 = CARTESIAN_POINT('',(-60.,6.916026349338,185.45934722732));
#583 = CARTESIAN_POINT('',(-60.,6.836103846957,185.52811189547));
#584 = CARTESIAN_POINT('',(-60.,6.752436201963,185.59250642748));
#585 = CARTESIAN_POINT('',(-60.,6.665415007024,185.65247190134));
#586 = CARTESIAN_POINT('',(-60.,6.481857332716,185.76587411236));
#587 = CARTESIAN_POINT('',(-60.,6.385072860592,185.81895200366));
#588 = CARTESIAN_POINT('',(-60.,6.285555853605,185.86733743537));
#589 = CARTESIAN_POINT('',(-60.,6.183742419337,185.91121710488));
#590 = CARTESIAN_POINT('',(-60.,6.07999848615,185.95081809913));
#591 = ORIENTED_EDGE('',*,*,#592,.T.);
#592 = EDGE_CURVE('',#578,#593,#595,.T.);
#593 = VERTEX_POINT('',#594);
#594 = CARTESIAN_POINT('',(-60.,6.08,190.96313715509));
#595 = LINE('',#596,#597);
#596 = CARTESIAN_POINT('',(-60.,6.08,211.25322193457));
#597 = VECTOR('',#598,1.);
#598 = DIRECTION('',(0.,1.224646799147E-16,1.));
#599 = ORIENTED_EDGE('',*,*,#600,.T.);
#600 = EDGE_CURVE('',#593,#601,#603,.T.);
#601 = VERTEX_POINT('',#602);
#602 = CARTESIAN_POINT('',(-60.,10.066563326343,189.04978572079));
#603 = B_SPLINE_CURVE_WITH_KNOTS('',5,(#604,#605,#606,#607,#608,#609,
    #610,#611,#612,#613,#614,#615,#616,#617,#618,#619,#620,#621),
  .UNSPECIFIED.,.F.,.F.,(6,4,4,4,6),(0.,0.32570412446,0.590934031046,
    0.84612847815,1.),.UNSPECIFIED.);
#604 = CARTESIAN_POINT('',(-60.,6.079996135953,190.96313770264));
#605 = CARTESIAN_POINT('',(-60.,6.371567143612,190.92182121724));
#606 = CARTESIAN_POINT('',(-60.,6.661370056992,190.86921206569));
#607 = CARTESIAN_POINT('',(-60.,6.948684771915,190.80434670659));
#608 = CARTESIAN_POINT('',(-60.,7.232477052693,190.72621325265));
#609 = CARTESIAN_POINT('',(-60.,7.738663601657,190.55896364639));
#610 = CARTESIAN_POINT('',(-60.,7.962673398294,190.4745808656));
#611 = CARTESIAN_POINT('',(-60.,8.18279037488,190.38047242436));
#612 = CARTESIAN_POINT('',(-60.,8.3982028508,190.27634076691));
#613 = CARTESIAN_POINT('',(-60.,8.810002391812,190.05231622228));
#614 = CARTESIAN_POINT('',(-60.,9.006813700196,189.93316212793));
#615 = CARTESIAN_POINT('',(-60.,9.197742116163,189.80469939322));
#616 = CARTESIAN_POINT('',(-60.,9.382097005549,189.66712503988));
#617 = CARTESIAN_POINT('',(-60.,9.666161555236,189.43274987001));
#618 = CARTESIAN_POINT('',(-60.,9.770420264693,189.3414446301));
#619 = CARTESIAN_POINT('',(-60.,9.871964803964,189.24709591324));
#620 = CARTESIAN_POINT('',(-60.,9.970701352626,189.14982740684));
#621 = CARTESIAN_POINT('',(-60.,10.066563326343,189.04978572079));
#622 = ORIENTED_EDGE('',*,*,#623,.T.);
#623 = EDGE_CURVE('',#601,#509,#624,.T.);
#624 = B_SPLINE_CURVE_WITH_KNOTS('',6,(#625,#626,#627,#628,#629,#630,
    #631,#632,#633,#634,#635,#636,#637,#638,#639,#640,#641,#642,#643,
    #644,#645,#646),.UNSPECIFIED.,.F.,.F.,(7,5,5,5,7),(0.,0.217132918301
    ,0.448581777677,0.707318506215,1.),.UNSPECIFIED.);
#625 = CARTESIAN_POINT('',(-60.,10.066563326343,189.04978572079));
#626 = CARTESIAN_POINT('',(-60.,10.23136066083,188.87790032891));
#627 = CARTESIAN_POINT('',(-60.,10.387182986874,188.69735103312));
#628 = CARTESIAN_POINT('',(-60.,10.533563377093,188.50885137833));
#629 = CARTESIAN_POINT('',(-60.,10.670328843127,188.31321856355));
#630 = CARTESIAN_POINT('',(-60.,10.797524893695,188.11131609224));
#631 = CARTESIAN_POINT('',(-60.,11.040923047205,187.68300781624));
#632 = CARTESIAN_POINT('',(-60.,11.155856956096,187.45584803277));
#633 = CARTESIAN_POINT('',(-60.,11.260400728594,187.22349403958));
#634 = CARTESIAN_POINT('',(-60.,11.355015853033,186.98684758188));
#635 = CARTESIAN_POINT('',(-60.,11.440241504665,186.74667868986));
#636 = CARTESIAN_POINT('',(-60.,11.602047655206,186.23186591208));
#637 = CARTESIAN_POINT('',(-60.,11.676417378321,185.95651547641));
#638 = CARTESIAN_POINT('',(-60.,11.740550429095,185.67838371025));
#639 = CARTESIAN_POINT('',(-60.,11.795235094591,185.39815283347));
#640 = CARTESIAN_POINT('',(-60.,11.841215603337,185.11634580351));
#641 = CARTESIAN_POINT('',(-60.,11.922082925543,184.51315887274));
#642 = CARTESIAN_POINT('',(-60.,11.954718875401,184.19147449869));
#643 = CARTESIAN_POINT('',(-60.,11.978040387053,183.86879181091));
#644 = CARTESIAN_POINT('',(-60.,11.992890797027,183.54551824258));
#645 = CARTESIAN_POINT('',(-60.,12.,183.22194332927));
#646 = CARTESIAN_POINT('',(-60.,12.,182.89824017507));
#647 = FACE_BOUND('',#648,.T.);
#648 = EDGE_LOOP('',(#649,#659,#667,#675,#683,#691));
#649 = ORIENTED_EDGE('',*,*,#650,.T.);
#650 = EDGE_CURVE('',#651,#653,#655,.T.);
#651 = VERTEX_POINT('',#652);
#652 = CARTESIAN_POINT('',(-60.,12.,210.22677122275));
#653 = VERTEX_POINT('',#654);
#654 = CARTESIAN_POINT('',(-60.,12.,195.10066563326));
#655 = LINE('',#656,#657);
#656 = CARTESIAN_POINT('',(-60.,12.,222.33729232756));
#657 = VECTOR('',#658,1.);
#658 = DIRECTION('',(0.,0.,-1.));
#659 = ORIENTED_EDGE('',*,*,#660,.T.);
#660 = EDGE_CURVE('',#653,#661,#663,.T.);
#661 = VERTEX_POINT('',#662);
#662 = CARTESIAN_POINT('',(-60.,6.08,195.10066563326));
#663 = LINE('',#664,#665);
#664 = CARTESIAN_POINT('',(-60.,-6.,195.10066563326));
#665 = VECTOR('',#666,1.);
#666 = DIRECTION('',(0.,-1.,0.));
#667 = ORIENTED_EDGE('',*,*,#668,.T.);
#668 = EDGE_CURVE('',#661,#669,#671,.T.);
#669 = VERTEX_POINT('',#670);
#670 = CARTESIAN_POINT('',(-60.,6.08,199.80568979666));
#671 = LINE('',#672,#673);
#672 = CARTESIAN_POINT('',(-60.,6.08,211.25322193457));
#673 = VECTOR('',#674,1.);
#674 = DIRECTION('',(0.,1.224646799147E-16,1.));
#675 = ORIENTED_EDGE('',*,*,#676,.T.);
#676 = EDGE_CURVE('',#669,#677,#679,.T.);
#677 = VERTEX_POINT('',#678);
#678 = CARTESIAN_POINT('',(-60.,7.798304002918,199.80568979666));
#679 = LINE('',#680,#681);
#680 = CARTESIAN_POINT('',(-60.,3.899152001459,199.80568979666));
#681 = VECTOR('',#682,1.);
#682 = DIRECTION('',(0.,1.,0.));
#683 = ORIENTED_EDGE('',*,*,#684,.T.);
#684 = EDGE_CURVE('',#677,#685,#687,.T.);
#685 = VERTEX_POINT('',#686);
#686 = CARTESIAN_POINT('',(-60.,7.798304002918,210.22677122275));
#687 = LINE('',#688,#689);
#688 = CARTESIAN_POINT('',(-60.,7.798304002918,229.90034512231));
#689 = VECTOR('',#690,1.);
#690 = DIRECTION('',(0.,0.,1.));
#691 = ORIENTED_EDGE('',*,*,#692,.T.);
#692 = EDGE_CURVE('',#685,#651,#693,.T.);
#693 = LINE('',#694,#695);
#694 = CARTESIAN_POINT('',(-60.,6.,210.22677122275));
#695 = VECTOR('',#696,1.);
#696 = DIRECTION('',(0.,1.,0.));
#697 = FACE_BOUND('',#698,.T.);
#698 = EDGE_LOOP('',(#699,#709,#717,#725,#733,#741,#763,#780,#788,#807)
  );
#699 = ORIENTED_EDGE('',*,*,#700,.T.);
#700 = EDGE_CURVE('',#701,#703,#705,.T.);
#701 = VERTEX_POINT('',#702);
#702 = CARTESIAN_POINT('',(-60.,12.,221.68842892313));
#703 = VERTEX_POINT('',#704);
#704 = CARTESIAN_POINT('',(-60.,12.,215.26880641925));
#705 = LINE('',#706,#707);
#706 = CARTESIAN_POINT('',(-60.,12.,232.42136272056));
#707 = VECTOR('',#708,1.);
#708 = DIRECTION('',(0.,0.,-1.));
#709 = ORIENTED_EDGE('',*,*,#710,.T.);
#710 = EDGE_CURVE('',#703,#711,#713,.T.);
#711 = VERTEX_POINT('',#712);
#712 = CARTESIAN_POINT('',(-60.,6.08,215.26880641925));
#713 = LINE('',#714,#715);
#714 = CARTESIAN_POINT('',(-60.,-6.,215.26880641925));
#715 = VECTOR('',#716,1.);
#716 = DIRECTION('',(0.,-1.,0.));
#717 = ORIENTED_EDGE('',*,*,#718,.T.);
#718 = EDGE_CURVE('',#711,#719,#721,.T.);
#719 = VERTEX_POINT('',#720);
#720 = CARTESIAN_POINT('',(-60.,6.08,220.1423360992));
#721 = LINE('',#722,#723);
#722 = CARTESIAN_POINT('',(-60.,6.08,211.25322193457));
#723 = VECTOR('',#724,1.);
#724 = DIRECTION('',(0.,1.224646799147E-16,1.));
#725 = ORIENTED_EDGE('',*,*,#726,.T.);
#726 = EDGE_CURVE('',#719,#727,#729,.T.);
#727 = VERTEX_POINT('',#728);
#728 = CARTESIAN_POINT('',(-60.,7.866143886204,220.1423360992));
#729 = LINE('',#730,#731);
#730 = CARTESIAN_POINT('',(-60.,3.933071943102,220.1423360992));
#731 = VECTOR('',#732,1.);
#732 = DIRECTION('',(0.,1.,0.));
#733 = ORIENTED_EDGE('',*,*,#734,.T.);
#734 = EDGE_CURVE('',#727,#735,#737,.T.);
#735 = VERTEX_POINT('',#736);
#736 = CARTESIAN_POINT('',(-60.,7.866143886204,221.4870976566));
#737 = LINE('',#738,#739);
#738 = CARTESIAN_POINT('',(-60.,7.866143886204,235.53050833923));
#739 = VECTOR('',#740,1.);
#740 = DIRECTION('',(0.,0.,1.));
#741 = ORIENTED_EDGE('',*,*,#742,.T.);
#742 = EDGE_CURVE('',#735,#743,#745,.T.);
#743 = VERTEX_POINT('',#744);
#744 = CARTESIAN_POINT('',(-60.,7.159296070028,224.49503054618));
#745 = B_SPLINE_CURVE_WITH_KNOTS('',6,(#746,#747,#748,#749,#750,#751,
    #752,#753,#754,#755,#756,#757,#758,#759,#760,#761,#762),
  .UNSPECIFIED.,.F.,.F.,(7,5,5,7),(0.,0.469034071749,0.857011046211,1.),
  .UNSPECIFIED.);
#746 = CARTESIAN_POINT('',(-60.,7.866143886204,221.4870976566));
#747 = CARTESIAN_POINT('',(-60.,7.866143886204,221.73675861471));
#748 = CARTESIAN_POINT('',(-60.,7.859418901259,221.98581767202));
#749 = CARTESIAN_POINT('',(-60.,7.845111329204,222.23408048217));
#750 = CARTESIAN_POINT('',(-60.,7.822133769586,222.48106737882));
#751 = CARTESIAN_POINT('',(-60.,7.789150899336,222.7260115045));
#752 = CARTESIAN_POINT('',(-60.,7.707395649047,223.16785244696));
#753 = CARTESIAN_POINT('',(-60.,7.662353817611,223.3656472986));
#754 = CARTESIAN_POINT('',(-60.,7.608291147915,223.56063563848));
#755 = CARTESIAN_POINT('',(-60.,7.544076448682,223.75179045333));
#756 = CARTESIAN_POINT('',(-60.,7.468466296376,223.93764299772));
#757 = CARTESIAN_POINT('',(-60.,7.347900850297,224.18227625695));
#758 = CARTESIAN_POINT('',(-60.,7.313741018644,224.24718256963));
#759 = CARTESIAN_POINT('',(-60.,7.27783941436,224.31101953571));
#760 = CARTESIAN_POINT('',(-60.,7.240151697321,224.37368172052));
#761 = CARTESIAN_POINT('',(-60.,7.200643751114,224.4350572069));
#762 = CARTESIAN_POINT('',(-60.,7.159296070028,224.49503054618));
#763 = ORIENTED_EDGE('',*,*,#764,.T.);
#764 = EDGE_CURVE('',#743,#765,#767,.T.);
#765 = VERTEX_POINT('',#766);
#766 = CARTESIAN_POINT('',(-60.,6.08,225.30460209378));
#767 = B_SPLINE_CURVE_WITH_KNOTS('',6,(#768,#769,#770,#771,#772,#773,
    #774,#775,#776,#777,#778,#779),.UNSPECIFIED.,.F.,.F.,(7,5,7),(0.,
    0.238560616207,1.),.UNSPECIFIED.);
#768 = CARTESIAN_POINT('',(-60.,7.159296070028,224.49503054618));
#769 = CARTESIAN_POINT('',(-60.,7.128445978626,224.53984688051));
#770 = CARTESIAN_POINT('',(-60.,7.096231122813,224.5836794782));
#771 = CARTESIAN_POINT('',(-60.,7.062661924885,224.6264643444));
#772 = CARTESIAN_POINT('',(-60.,7.027759302417,224.66814383139));
#773 = CARTESIAN_POINT('',(-60.,6.991554668268,224.70866663858));
#774 = CARTESIAN_POINT('',(-60.,6.834509728122,224.87349340058));
#775 = CARTESIAN_POINT('',(-60.,6.702033516987,224.98682258259));
#776 = CARTESIAN_POINT('',(-60.,6.558194464259,225.08631637664));
#777 = CARTESIAN_POINT('',(-60.,6.405146312191,225.17191371962));
#778 = CARTESIAN_POINT('',(-60.,6.245096731317,225.24432585919));
#779 = CARTESIAN_POINT('',(-60.,6.079998454388,225.30460265808));
#780 = ORIENTED_EDGE('',*,*,#781,.T.);
#781 = EDGE_CURVE('',#765,#782,#784,.T.);
#782 = VERTEX_POINT('',#783);
#783 = CARTESIAN_POINT('',(-60.,6.08,230.33713340982));
#784 = LINE('',#785,#786);
#785 = CARTESIAN_POINT('',(-60.,6.08,211.25322193457));
#786 = VECTOR('',#787,1.);
#787 = DIRECTION('',(0.,1.224646799147E-16,1.));
#788 = ORIENTED_EDGE('',*,*,#789,.T.);
#789 = EDGE_CURVE('',#782,#790,#792,.T.);
#790 = VERTEX_POINT('',#791);
#791 = CARTESIAN_POINT('',(-60.,10.084070392997,228.19230418528));
#792 = B_SPLINE_CURVE_WITH_KNOTS('',5,(#793,#794,#795,#796,#797,#798,
    #799,#800,#801,#802,#803,#804,#805,#806),.UNSPECIFIED.,.F.,.F.,(6,4,
    4,6),(0.,0.220462002231,0.628002440202,1.),.UNSPECIFIED.);
#793 = CARTESIAN_POINT('',(-60.,6.07999628306,230.33713394987));
#794 = CARTESIAN_POINT('',(-60.,6.283135324252,230.30761892961));
#795 = CARTESIAN_POINT('',(-60.,6.485261877471,230.27166386427));
#796 = CARTESIAN_POINT('',(-60.,6.686049087951,230.22893246622));
#797 = CARTESIAN_POINT('',(-60.,6.885098303504,230.17910919917));
#798 = CARTESIAN_POINT('',(-60.,7.445858032002,230.01633195407));
#799 = CARTESIAN_POINT('',(-60.,7.802380222539,229.88565041602));
#800 = CARTESIAN_POINT('',(-60.,8.148367510049,229.72853731409));
#801 = CARTESIAN_POINT('',(-60.,8.480562727121,229.54463484694));
#802 = CARTESIAN_POINT('',(-60.,9.084255065087,229.14521575501));
#803 = CARTESIAN_POINT('',(-60.,9.358629091731,228.93378270845));
#804 = CARTESIAN_POINT('',(-60.,9.617172750857,228.70290307592));
#805 = CARTESIAN_POINT('',(-60.,9.859028475515,228.45487450933));
#806 = CARTESIAN_POINT('',(-60.,10.084070392997,228.19230418528));
#807 = ORIENTED_EDGE('',*,*,#808,.T.);
#808 = EDGE_CURVE('',#790,#701,#809,.T.);
#809 = B_SPLINE_CURVE_WITH_KNOTS('',6,(#810,#811,#812,#813,#814,#815,
    #816,#817,#818,#819,#820,#821,#822,#823,#824,#825,#826,#827,#828,
    #829,#830,#831),.UNSPECIFIED.,.F.,.F.,(7,5,5,5,7),(0.,0.215148901581
    ,0.443799209333,0.705786545414,1.),.UNSPECIFIED.);
#810 = CARTESIAN_POINT('',(-60.,10.084070392997,228.19230418528));
#811 = CARTESIAN_POINT('',(-60.,10.245085397943,228.0045299762));
#812 = CARTESIAN_POINT('',(-60.,10.397189148708,227.80905468413));
#813 = CARTESIAN_POINT('',(-60.,10.540084960223,227.60656045628));
#814 = CARTESIAN_POINT('',(-60.,10.673706952518,227.39778587268));
#815 = CARTESIAN_POINT('',(-60.,10.798158498123,227.18348313035));
#816 = CARTESIAN_POINT('',(-60.,11.036390410757,226.73151747619));
#817 = CARTESIAN_POINT('',(-60.,11.149016401065,226.4932231436));
#818 = CARTESIAN_POINT('',(-60.,11.251801663888,226.25032378963));
#819 = CARTESIAN_POINT('',(-60.,11.345166323531,226.00358162716));
#820 = CARTESIAN_POINT('',(-60.,11.429589259171,225.75365201436));
#821 = CARTESIAN_POINT('',(-60.,11.592623396262,225.21165407002));
#822 = CARTESIAN_POINT('',(-60.,11.668586846868,224.91877218959));
#823 = CARTESIAN_POINT('',(-60.,11.734216689107,224.62320006755));
#824 = CARTESIAN_POINT('',(-60.,11.790263433042,224.32558087622));
#825 = CARTESIAN_POINT('',(-60.,11.837439911052,224.02641450961));
#826 = CARTESIAN_POINT('',(-60.,11.920135201961,223.38873961092));
#827 = CARTESIAN_POINT('',(-60.,11.953502909857,223.04994952607));
#828 = CARTESIAN_POINT('',(-60.,11.977414250847,222.71018374299));
#829 = CARTESIAN_POINT('',(-60.,11.992677379692,222.36983619217));
#830 = CARTESIAN_POINT('',(-60.,12.,222.02919209739));
#831 = CARTESIAN_POINT('',(-60.,12.,221.68842892313));
#832 = FACE_BOUND('',#833,.T.);
#833 = EDGE_LOOP('',(#834,#844,#852,#860,#868,#876,#884,#892));
#834 = ORIENTED_EDGE('',*,*,#835,.T.);
#835 = EDGE_CURVE('',#836,#838,#840,.T.);
#836 = VERTEX_POINT('',#837);
#837 = CARTESIAN_POINT('',(-60.,8.638643202334,235.77286404668));
#838 = VERTEX_POINT('',#839);
#839 = CARTESIAN_POINT('',(-60.,8.101395094374,240.4450624601));
#840 = LINE('',#841,#842);
#841 = CARTESIAN_POINT('',(-60.,7.530527904664,245.40963048467));
#842 = VECTOR('',#843,1.);
#843 = DIRECTION('',(0.,-0.114235541797,0.99345369343));
#844 = ORIENTED_EDGE('',*,*,#845,.T.);
#845 = EDGE_CURVE('',#838,#846,#848,.T.);
#846 = VERTEX_POINT('',#847);
#847 = CARTESIAN_POINT('',(-60.,6.08,240.4450624601));
#848 = LINE('',#849,#850);
#849 = CARTESIAN_POINT('',(-60.,-4.050150451354,240.4450624601));
#850 = VECTOR('',#851,1.);
#851 = DIRECTION('',(0.,-1.,0.));
#852 = ORIENTED_EDGE('',*,*,#853,.T.);
#853 = EDGE_CURVE('',#846,#854,#856,.T.);
#854 = VERTEX_POINT('',#855);
#855 = CARTESIAN_POINT('',(-60.,6.08,245.11726087353));
#856 = LINE('',#857,#858);
#857 = CARTESIAN_POINT('',(-60.,6.08,211.25322193457));
#858 = VECTOR('',#859,1.);
#859 = DIRECTION('',(0.,1.224646799147E-16,1.));
#860 = ORIENTED_EDGE('',*,*,#861,.T.);
#861 = EDGE_CURVE('',#854,#862,#864,.T.);
#862 = VERTEX_POINT('',#863);
#863 = CARTESIAN_POINT('',(-60.,8.101395094374,245.11726087353));
#864 = LINE('',#865,#866);
#865 = CARTESIAN_POINT('',(-60.,4.050697547187,245.11726087353));
#866 = VECTOR('',#867,1.);
#867 = DIRECTION('',(0.,1.,0.));
#868 = ORIENTED_EDGE('',*,*,#869,.T.);
#869 = EDGE_CURVE('',#862,#870,#872,.T.);
#870 = VERTEX_POINT('',#871);
#871 = CARTESIAN_POINT('',(-60.,8.638643202334,249.89012492021));
#872 = LINE('',#873,#874);
#873 = CARTESIAN_POINT('',(-60.,8.567026368963,249.25388739034));
#874 = VECTOR('',#875,1.);
#875 = DIRECTION('',(0.,0.111856638692,0.993724354326));
#876 = ORIENTED_EDGE('',*,*,#877,.T.);
#877 = EDGE_CURVE('',#870,#878,#880,.T.);
#878 = VERTEX_POINT('',#879);
#879 = CARTESIAN_POINT('',(-60.,12.,249.89012492021));
#880 = LINE('',#881,#882);
#881 = CARTESIAN_POINT('',(-60.,6.,249.89012492021));
#882 = VECTOR('',#883,1.);
#883 = DIRECTION('',(0.,1.,0.));
#884 = ORIENTED_EDGE('',*,*,#885,.T.);
#885 = EDGE_CURVE('',#878,#886,#888,.T.);
#886 = VERTEX_POINT('',#887);
#887 = CARTESIAN_POINT('',(-60.,12.,235.77286404668));
#888 = LINE('',#889,#890);
#889 = CARTESIAN_POINT('',(-60.,12.,242.67339153427));
#890 = VECTOR('',#891,1.);
#891 = DIRECTION('',(0.,0.,-1.));
#892 = ORIENTED_EDGE('',*,*,#893,.T.);
#893 = EDGE_CURVE('',#886,#836,#894,.T.);
#894 = LINE('',#895,#896);
#895 = CARTESIAN_POINT('',(-60.,4.319321601167,235.77286404668));
#896 = VECTOR('',#897,1.);
#897 = DIRECTION('',(0.,-1.,0.));
#898 = FACE_BOUND('',#899,.T.);
#899 = EDGE_LOOP('',(#900,#910,#918,#926,#934,#942));
#900 = ORIENTED_EDGE('',*,*,#901,.T.);
#901 = EDGE_CURVE('',#902,#904,#906,.T.);
#902 = VERTEX_POINT('',#903);
#903 = CARTESIAN_POINT('',(-60.,31.218954616691,321.7));
#904 = VERTEX_POINT('',#905);
#905 = CARTESIAN_POINT('',(-60.,33.355150612693,318.));
#906 = LINE('',#907,#908);
#907 = CARTESIAN_POINT('',(-60.,44.000437888224,299.56182157761));
#908 = VECTOR('',#909,1.);
#909 = DIRECTION('',(0.,0.5,-0.866025403784));
#910 = ORIENTED_EDGE('',*,*,#911,.T.);
#911 = EDGE_CURVE('',#904,#912,#914,.T.);
#912 = VERTEX_POINT('',#913);
#913 = CARTESIAN_POINT('',(-60.,31.218954616691,314.3));
#914 = LINE('',#915,#916);
#915 = CARTESIAN_POINT('',(-60.,13.302977685988,283.26861768879));
#916 = VECTOR('',#917,1.);
#917 = DIRECTION('',(-0.,-0.5,-0.866025403784));
#918 = ORIENTED_EDGE('',*,*,#919,.T.);
#919 = EDGE_CURVE('',#912,#920,#922,.T.);
#920 = VERTEX_POINT('',#921);
#921 = CARTESIAN_POINT('',(-60.,26.946562624688,314.3));
#922 = LINE('',#923,#924);
#923 = CARTESIAN_POINT('',(-60.,13.473281312344,314.3));
#924 = VECTOR('',#925,1.);
#925 = DIRECTION('',(0.,-1.,4.157757159748E-16));
#926 = ORIENTED_EDGE('',*,*,#927,.T.);
#927 = EDGE_CURVE('',#920,#928,#930,.T.);
#928 = VERTEX_POINT('',#929);
#929 = CARTESIAN_POINT('',(-60.,24.810366628686,318.));
#930 = LINE('',#931,#932);
#931 = CARTESIAN_POINT('',(-60.,36.523751902218,297.71182157761));
#932 = VECTOR('',#933,1.);
#933 = DIRECTION('',(0.,-0.5,0.866025403784));
#934 = ORIENTED_EDGE('',*,*,#935,.T.);
#935 = EDGE_CURVE('',#928,#936,#938,.T.);
#936 = VERTEX_POINT('',#937);
#937 = CARTESIAN_POINT('',(-60.,26.946562624688,321.7));
#938 = LINE('',#939,#940);
#939 = CARTESIAN_POINT('',(-60.,7.962487695984,288.81861768879));
#940 = VECTOR('',#941,1.);
#941 = DIRECTION('',(0.,0.5,0.866025403784));
#942 = ORIENTED_EDGE('',*,*,#943,.T.);
#943 = EDGE_CURVE('',#936,#902,#944,.T.);
#944 = LINE('',#945,#946);
#945 = CARTESIAN_POINT('',(-60.,15.609477308346,321.7));
#946 = VECTOR('',#947,1.);
#947 = DIRECTION('',(0.,1.,1.039439289937E-16));
#948 = FACE_BOUND('',#949,.T.);
#949 = EDGE_LOOP('',(#950,#979,#998,#1006,#1033,#1048,#1063,#1071,#1086)
  );
#950 = ORIENTED_EDGE('',*,*,#951,.T.);
#951 = EDGE_CURVE('',#952,#954,#956,.T.);
#952 = VERTEX_POINT('',#953);
#953 = CARTESIAN_POINT('',(-60.,12.335916841433,264.78097930154));
#954 = VERTEX_POINT('',#955);
#955 = CARTESIAN_POINT('',(-60.,8.990972918756,256.73101121546));
#956 = B_SPLINE_CURVE_WITH_KNOTS('',6,(#957,#958,#959,#960,#961,#962,
    #963,#964,#965,#966,#967,#968,#969,#970,#971,#972,#973,#974,#975,
    #976,#977,#978),.UNSPECIFIED.,.F.,.F.,(7,5,5,5,7),(0.,0.318341045847
    ,0.469728513539,0.758731944643,1.),.UNSPECIFIED.);
#957 = CARTESIAN_POINT('',(-60.,12.335916841433,264.78097930154));
#958 = CARTESIAN_POINT('',(-60.,12.335916841433,264.30168497248));
#959 = CARTESIAN_POINT('',(-60.,12.31914737393,263.82252992595));
#960 = CARTESIAN_POINT('',(-60.,12.284022535037,263.34418061448));
#961 = CARTESIAN_POINT('',(-60.,12.22878167818,262.86770773824));
#962 = CARTESIAN_POINT('',(-60.,12.151569919402,262.39457799987));
#963 = CARTESIAN_POINT('',(-60.,12.002751171473,261.7040843771));
#964 = CARTESIAN_POINT('',(-60.,11.94944375268,261.4827272023));
#965 = CARTESIAN_POINT('',(-60.,11.890614773704,261.26275640228));
#966 = CARTESIAN_POINT('',(-60.,11.826099355102,261.04440253433));
#967 = CARTESIAN_POINT('',(-60.,11.755755433029,260.82791710401));
#968 = CARTESIAN_POINT('',(-60.,11.533853087251,260.2043725463));
#969 = CARTESIAN_POINT('',(-60.,11.366564719456,259.8028789436));
#970 = CARTESIAN_POINT('',(-60.,11.176901077526,259.41112260786));
#971 = CARTESIAN_POINT('',(-60.,10.964587592334,259.03114134245));
#972 = CARTESIAN_POINT('',(-60.,10.730003595624,258.66486021575));
#973 = CARTESIAN_POINT('',(-60.,10.26101877435,258.02104661404));
#974 = CARTESIAN_POINT('',(-60.,10.032940112326,257.73878257439));
#975 = CARTESIAN_POINT('',(-60.,9.790868358792,257.46815802312));
#976 = CARTESIAN_POINT('',(-60.,9.535749313384,257.2097991795));
#977 = CARTESIAN_POINT('',(-60.,9.268706085305,256.96404542292));
#978 = CARTESIAN_POINT('',(-60.,8.990972918756,256.73101121546));
#979 = ORIENTED_EDGE('',*,*,#980,.T.);
#980 = EDGE_CURVE('',#954,#981,#983,.T.);
#981 = VERTEX_POINT('',#982);
#982 = CARTESIAN_POINT('',(-60.,6.08,255.00399782128));
#983 = B_SPLINE_CURVE_WITH_KNOTS('',4,(#984,#985,#986,#987,#988,#989,
    #990,#991,#992,#993,#994,#995,#996,#997),.UNSPECIFIED.,.F.,.F.,(5,3,
    3,3,5),(0.,0.245669833432,0.492869580889,0.744157514624,1.),
  .UNSPECIFIED.);
#984 = CARTESIAN_POINT('',(-60.,8.990972918756,256.73101121546));
#985 = CARTESIAN_POINT('',(-60.,8.831127218316,256.59684753037));
#986 = CARTESIAN_POINT('',(-60.,8.667553417193,256.46711980398));
#987 = CARTESIAN_POINT('',(-60.,8.50045618293,256.3419578886));
#988 = CARTESIAN_POINT('',(-60.,8.158632383337,256.10013800038));
#989 = CARTESIAN_POINT('',(-60.,7.983863833314,255.983537725));
#990 = CARTESIAN_POINT('',(-60.,7.80601269674,255.87168412461));
#991 = CARTESIAN_POINT('',(-60.,7.441670275677,255.65568465827));
#992 = CARTESIAN_POINT('',(-60.,7.255083868828,255.55169710856));
#993 = CARTESIAN_POINT('',(-60.,7.065845038623,255.45259920361));
#994 = CARTESIAN_POINT('',(-60.,6.67911110592,255.26233269979));
#995 = CARTESIAN_POINT('',(-60.,6.481527877651,255.17134089665));
#996 = CARTESIAN_POINT('',(-60.,6.281739386511,255.0852699278));
#997 = CARTESIAN_POINT('',(-60.,6.079994814993,255.00399573246));
#998 = ORIENTED_EDGE('',*,*,#999,.T.);
#999 = EDGE_CURVE('',#981,#1000,#1002,.T.);
#1000 = VERTEX_POINT('',#1001);
#1001 = CARTESIAN_POINT('',(-60.,6.08,260.51046224078));
#1002 = LINE('',#1003,#1004);
#1003 = CARTESIAN_POINT('',(-60.,6.08,211.25322193457));
#1004 = VECTOR('',#1005,1.);
#1005 = DIRECTION('',(0.,1.224646799147E-16,1.));
#1006 = ORIENTED_EDGE('',*,*,#1007,.T.);
#1007 = EDGE_CURVE('',#1000,#1008,#1010,.T.);
#1008 = VERTEX_POINT('',#1009);
#1009 = CARTESIAN_POINT('',(-60.,8.134220844351,265.28540165952));
#1010 = B_SPLINE_CURVE_WITH_KNOTS('',6,(#1011,#1012,#1013,#1014,#1015,
    #1016,#1017,#1018,#1019,#1020,#1021,#1022,#1023,#1024,#1025,#1026,
    #1027,#1028,#1029,#1030,#1031,#1032),.UNSPECIFIED.,.F.,.F.,(7,5,5,5,
    7),(0.,0.246680176075,0.530356798718,0.680681978767,1.),
  .UNSPECIFIED.);
#1011 = CARTESIAN_POINT('',(-60.,6.079997457619,260.51046024397));
#1012 = CARTESIAN_POINT('',(-60.,6.254206924376,260.64728614149));
#1013 = CARTESIAN_POINT('',(-60.,6.421738414399,260.7925097637));
#1014 = CARTESIAN_POINT('',(-60.,6.581737125765,260.94610140949));
#1015 = CARTESIAN_POINT('',(-60.,6.733416789606,261.10787152866));
#1016 = CARTESIAN_POINT('',(-60.,6.876111595652,261.27742004959));
#1017 = CARTESIAN_POINT('',(-60.,7.162524104896,261.65724721668));
#1018 = CARTESIAN_POINT('',(-60.,7.303230063191,261.86988012591));
#1019 = CARTESIAN_POINT('',(-60.,7.430669952215,262.09097173132));
#1020 = CARTESIAN_POINT('',(-60.,7.544607327908,262.31935777765));
#1021 = CARTESIAN_POINT('',(-60.,7.6452074762,262.55379840995));
#1022 = CARTESIAN_POINT('',(-60.,7.779369101123,262.91983989399));
#1023 = CARTESIAN_POINT('',(-60.,7.822219480119,263.0479928687));
#1024 = CARTESIAN_POINT('',(-60.,7.861518667862,263.17734347259));
#1025 = CARTESIAN_POINT('',(-60.,7.897356276313,263.3077332388));
#1026 = CARTESIAN_POINT('',(-60.,7.929836245104,263.43901707658));
#1027 = CARTESIAN_POINT('',(-60.,8.021166379558,263.85156048173));
#1028 = CARTESIAN_POINT('',(-60.,8.06860689332,264.13547428122));
#1029 = CARTESIAN_POINT('',(-60.,8.102477802764,264.4216271936));
#1030 = CARTESIAN_POINT('',(-60.,8.123974439448,264.70907647148));
#1031 = CARTESIAN_POINT('',(-60.,8.134220844351,264.99713996722));
#1032 = CARTESIAN_POINT('',(-60.,8.134220844351,265.28540165952));
#1033 = ORIENTED_EDGE('',*,*,#1034,.T.);
#1034 = EDGE_CURVE('',#1008,#1035,#1037,.T.);
#1035 = VERTEX_POINT('',#1036);
#1036 = CARTESIAN_POINT('',(-60.,7.84863681955,267.63791374122));
#1037 = B_SPLINE_CURVE_WITH_KNOTS('',5,(#1038,#1039,#1040,#1041,#1042,
    #1043,#1044,#1045,#1046,#1047),.UNSPECIFIED.,.F.,.F.,(6,4,6),(0.,
    0.498929450593,1.),.UNSPECIFIED.);
#1038 = CARTESIAN_POINT('',(-60.,8.134220844351,265.28540165952));
#1039 = CARTESIAN_POINT('',(-60.,8.134220844351,265.52208793392));
#1040 = CARTESIAN_POINT('',(-60.,8.126993535447,265.7587755622));
#1041 = CARTESIAN_POINT('',(-60.,8.112540086082,265.99521127283));
#1042 = CARTESIAN_POINT('',(-60.,8.090920282303,266.23115156818));
#1043 = CARTESIAN_POINT('',(-60.,8.03346174883,266.70258326273));
#1044 = CARTESIAN_POINT('',(-60.,7.997561730201,266.93807092662));
#1045 = CARTESIAN_POINT('',(-60.,7.95467055563,267.17259009989));
#1046 = CARTESIAN_POINT('',(-60.,7.904959743855,267.40593234801));
#1047 = CARTESIAN_POINT('',(-60.,7.84863681955,267.63791374122));
#1048 = ORIENTED_EDGE('',*,*,#1049,.T.);
#1049 = EDGE_CURVE('',#1035,#1050,#1052,.T.);
#1050 = VERTEX_POINT('',#1051);
#1051 = CARTESIAN_POINT('',(-60.,6.957964803501,269.85693443968));
#1052 = B_SPLINE_CURVE_WITH_KNOTS('',5,(#1053,#1054,#1055,#1056,#1057,
    #1058,#1059,#1060,#1061,#1062),.UNSPECIFIED.,.F.,.F.,(6,4,6),(0.,
    0.568399311432,1.),.UNSPECIFIED.);
#1053 = CARTESIAN_POINT('',(-60.,7.84863681955,267.63791374122));
#1054 = CARTESIAN_POINT('',(-60.,7.784244781323,267.90337670341));
#1055 = CARTESIAN_POINT('',(-60.,7.709337518071,268.16602593598));
#1056 = CARTESIAN_POINT('',(-60.,7.623798326382,268.42530043301));
#1057 = CARTESIAN_POINT('',(-60.,7.527658992718,268.68066265082));
#1058 = CARTESIAN_POINT('',(-60.,7.340246251586,269.12216108419));
#1059 = CARTESIAN_POINT('',(-60.,7.253368439835,269.31017055652));
#1060 = CARTESIAN_POINT('',(-60.,7.160593548609,269.49542155539));
#1061 = CARTESIAN_POINT('',(-60.,7.062062685894,269.6777279586));
#1062 = CARTESIAN_POINT('',(-60.,6.957964803501,269.85693443968));
#1063 = ORIENTED_EDGE('',*,*,#1064,.T.);
#1064 = EDGE_CURVE('',#1050,#1065,#1067,.T.);
#1065 = VERTEX_POINT('',#1066);
#1066 = CARTESIAN_POINT('',(-60.,10.857663900793,271.36910732196));
#1067 = LINE('',#1068,#1069);
#1068 = CARTESIAN_POINT('',(-60.,2.465047553911,268.11473139845));
#1069 = VECTOR('',#1070,1.);
#1070 = DIRECTION('',(0.,0.932357709714,0.361537136595));
#1071 = ORIENTED_EDGE('',*,*,#1072,.T.);
#1072 = EDGE_CURVE('',#1065,#1073,#1075,.T.);
#1073 = VERTEX_POINT('',#1074);
#1074 = CARTESIAN_POINT('',(-60.,11.932160116714,268.34366736573));
#1075 = B_SPLINE_CURVE_WITH_KNOTS('',5,(#1076,#1077,#1078,#1079,#1080,
    #1081,#1082,#1083,#1084,#1085),.UNSPECIFIED.,.F.,.F.,(6,4,6),(0.,
    0.486003024621,1.),.UNSPECIFIED.);
#1076 = CARTESIAN_POINT('',(-60.,10.857663900793,271.36910732196));
#1077 = CARTESIAN_POINT('',(-60.,10.996561016424,271.0910868739));
#1078 = CARTESIAN_POINT('',(-60.,11.126329167261,270.80797204932));
#1079 = CARTESIAN_POINT('',(-60.,11.24728869877,270.52042774227));
#1080 = CARTESIAN_POINT('',(-60.,11.359829233409,270.2290452759));
#1081 = CARTESIAN_POINT('',(-60.,11.574896780832,269.62260677584));
#1082 = CARTESIAN_POINT('',(-60.,11.676472121335,269.30715830196));
#1083 = CARTESIAN_POINT('',(-60.,11.769556940976,268.98854629706));
#1084 = CARTESIAN_POINT('',(-60.,11.854633785929,268.667255529));
#1085 = CARTESIAN_POINT('',(-60.,11.932160116714,268.34366736573));
#1086 = ORIENTED_EDGE('',*,*,#1087,.T.);
#1087 = EDGE_CURVE('',#1073,#952,#1088,.T.);
#1088 = B_SPLINE_CURVE_WITH_KNOTS('',5,(#1089,#1090,#1091,#1092,#1093,
    #1094,#1095,#1096,#1097,#1098),.UNSPECIFIED.,.F.,.F.,(6,4,6),(0.,
    0.492049045496,1.),.UNSPECIFIED.);
#1089 = CARTESIAN_POINT('',(-60.,11.932160116714,268.34366736573));
#1090 = CARTESIAN_POINT('',(-60.,12.014536162158,268.00076870502));
#1091 = CARTESIAN_POINT('',(-60.,12.085839301955,267.65499932952));
#1092 = CARTESIAN_POINT('',(-60.,12.146267706434,267.30688789659));
#1093 = CARTESIAN_POINT('',(-60.,12.196128976782,266.95692063831));
#1094 = CARTESIAN_POINT('',(-60.,12.276719686706,266.24278314995));
#1095 = CARTESIAN_POINT('',(-60.,12.30677886049,265.87851831628));
#1096 = CARTESIAN_POINT('',(-60.,12.326358915846,265.51320631183));
#1097 = CARTESIAN_POINT('',(-60.,12.335916841433,265.14724993944));
#1098 = CARTESIAN_POINT('',(-60.,12.335916841433,264.78097930154));
#1099 = FACE_BOUND('',#1100,.T.);
#1100 = EDGE_LOOP('',(#1101,#1111,#1119,#1127,#1135,#1143));
#1101 = ORIENTED_EDGE('',*,*,#1102,.T.);
#1102 = EDGE_CURVE('',#1103,#1105,#1107,.T.);
#1103 = VERTEX_POINT('',#1104);
#1104 = CARTESIAN_POINT('',(-60.,12.,290.89933436673));
#1105 = VERTEX_POINT('',#1106);
#1106 = CARTESIAN_POINT('',(-60.,12.,275.77322877724));
#1107 = LINE('',#1108,#1109);
#1108 = CARTESIAN_POINT('',(-60.,12.,262.67357389955));
#1109 = VECTOR('',#1110,1.);
#1110 = DIRECTION('',(0.,0.,-1.));
#1111 = ORIENTED_EDGE('',*,*,#1112,.T.);
#1112 = EDGE_CURVE('',#1105,#1113,#1115,.T.);
#1113 = VERTEX_POINT('',#1114);
#1114 = CARTESIAN_POINT('',(-60.,6.08,275.77322877724));
#1115 = LINE('',#1116,#1117);
#1116 = CARTESIAN_POINT('',(-60.,-6.,275.77322877724));
#1117 = VECTOR('',#1118,1.);
#1118 = DIRECTION('',(0.,-1.,0.));
#1119 = ORIENTED_EDGE('',*,*,#1120,.T.);
#1120 = EDGE_CURVE('',#1113,#1121,#1123,.T.);
#1121 = VERTEX_POINT('',#1122);
#1122 = CARTESIAN_POINT('',(-60.,6.08,280.47825294064));
#1123 = LINE('',#1124,#1125);
#1124 = CARTESIAN_POINT('',(-60.,6.08,211.25322193457));
#1125 = VECTOR('',#1126,1.);
#1126 = DIRECTION('',(0.,1.224646799147E-16,1.));
#1127 = ORIENTED_EDGE('',*,*,#1128,.T.);
#1128 = EDGE_CURVE('',#1121,#1129,#1131,.T.);
#1129 = VERTEX_POINT('',#1130);
#1130 = CARTESIAN_POINT('',(-60.,7.798304002918,280.47825294064));
#1131 = LINE('',#1132,#1133);
#1132 = CARTESIAN_POINT('',(-60.,3.899152001459,280.47825294064));
#1133 = VECTOR('',#1134,1.);
#1134 = DIRECTION('',(0.,1.,0.));
#1135 = ORIENTED_EDGE('',*,*,#1136,.T.);
#1136 = EDGE_CURVE('',#1129,#1137,#1139,.T.);
#1137 = VERTEX_POINT('',#1138);
#1138 = CARTESIAN_POINT('',(-60.,7.798304002918,290.89933436673));
#1139 = LINE('',#1140,#1141);
#1140 = CARTESIAN_POINT('',(-60.,7.798304002918,270.2366266943));
#1141 = VECTOR('',#1142,1.);
#1142 = DIRECTION('',(0.,0.,1.));
#1143 = ORIENTED_EDGE('',*,*,#1144,.T.);
#1144 = EDGE_CURVE('',#1137,#1103,#1145,.T.);
#1145 = LINE('',#1146,#1147);
#1146 = CARTESIAN_POINT('',(-60.,6.,290.89933436673));
#1147 = VECTOR('',#1148,1.);
#1148 = DIRECTION('',(0.,1.,0.));
#1149 = FACE_BOUND('',#1150,.T.);
#1150 = EDGE_LOOP('',(#1151,#1161,#1169,#1177,#1185,#1193));
#1151 = ORIENTED_EDGE('',*,*,#1152,.T.);
#1152 = EDGE_CURVE('',#1153,#1155,#1157,.T.);
#1153 = VERTEX_POINT('',#1154);
#1154 = CARTESIAN_POINT('',(-60.,12.,311.06747515273));
#1155 = VERTEX_POINT('',#1156);
#1156 = CARTESIAN_POINT('',(-60.,12.,295.94136956323));
#1157 = LINE('',#1158,#1159);
#1158 = CARTESIAN_POINT('',(-60.,12.,272.75764429255));
#1159 = VECTOR('',#1160,1.);
#1160 = DIRECTION('',(0.,0.,-1.));
#1161 = ORIENTED_EDGE('',*,*,#1162,.T.);
#1162 = EDGE_CURVE('',#1155,#1163,#1165,.T.);
#1163 = VERTEX_POINT('',#1164);
#1164 = CARTESIAN_POINT('',(-60.,6.08,295.94136956323));
#1165 = LINE('',#1166,#1167);
#1166 = CARTESIAN_POINT('',(-60.,-6.,295.94136956323));
#1167 = VECTOR('',#1168,1.);
#1168 = DIRECTION('',(0.,-1.,0.));
#1169 = ORIENTED_EDGE('',*,*,#1170,.T.);
#1170 = EDGE_CURVE('',#1163,#1171,#1173,.T.);
#1171 = VERTEX_POINT('',#1172);
#1172 = CARTESIAN_POINT('',(-60.,6.08,300.64639372663));
#1173 = LINE('',#1174,#1175);
#1174 = CARTESIAN_POINT('',(-60.,6.08,211.25322193457));
#1175 = VECTOR('',#1176,1.);
#1176 = DIRECTION('',(0.,1.224646799147E-16,1.));
#1177 = ORIENTED_EDGE('',*,*,#1178,.T.);
#1178 = EDGE_CURVE('',#1171,#1179,#1181,.T.);
#1179 = VERTEX_POINT('',#1180);
#1180 = CARTESIAN_POINT('',(-60.,7.798304002918,300.64639372663));
#1181 = LINE('',#1182,#1183);
#1182 = CARTESIAN_POINT('',(-60.,3.899152001459,300.64639372663));
#1183 = VECTOR('',#1184,1.);
#1184 = DIRECTION('',(0.,1.,0.));
#1185 = ORIENTED_EDGE('',*,*,#1186,.T.);
#1186 = EDGE_CURVE('',#1179,#1187,#1189,.T.);
#1187 = VERTEX_POINT('',#1188);
#1188 = CARTESIAN_POINT('',(-60.,7.798304002918,311.06747515273));
#1189 = LINE('',#1190,#1191);
#1190 = CARTESIAN_POINT('',(-60.,7.798304002918,280.3206970873));
#1191 = VECTOR('',#1192,1.);
#1192 = DIRECTION('',(0.,0.,1.));
#1193 = ORIENTED_EDGE('',*,*,#1194,.T.);
#1194 = EDGE_CURVE('',#1187,#1153,#1195,.T.);
#1195 = LINE('',#1196,#1197);
#1196 = CARTESIAN_POINT('',(-60.,6.,311.06747515273));
#1197 = VECTOR('',#1198,1.);
#1198 = DIRECTION('',(0.,1.,0.));
#1199 = FACE_BOUND('',#1200,.T.);
#1200 = EDGE_LOOP('',(#1201,#1211,#1219,#1227,#1235,#1243,#1266,#1285,
    #1308,#1316,#1326,#1353,#1376,#1384));
#1201 = ORIENTED_EDGE('',*,*,#1202,.F.);
#1202 = EDGE_CURVE('',#1203,#1205,#1207,.T.);
#1203 = VERTEX_POINT('',#1204);
#1204 = CARTESIAN_POINT('',(-60.,4.48,174.93252484726));
#1205 = VERTEX_POINT('',#1206);
#1206 = CARTESIAN_POINT('',(-60.,4.48,179.63754901066));
#1207 = LINE('',#1208,#1209);
#1208 = CARTESIAN_POINT('',(-60.,4.48,211.25322193457));
#1209 = VECTOR('',#1210,1.);
#1210 = DIRECTION('',(0.,1.224646799147E-16,1.));
#1211 = ORIENTED_EDGE('',*,*,#1212,.T.);
#1212 = EDGE_CURVE('',#1203,#1213,#1215,.T.);
#1213 = VERTEX_POINT('',#1214);
#1214 = CARTESIAN_POINT('',(-60.,-4.48,174.93252484726));
#1215 = LINE('',#1216,#1217);
#1216 = CARTESIAN_POINT('',(-60.,-6.,174.93252484726));
#1217 = VECTOR('',#1218,1.);
#1218 = DIRECTION('',(0.,-1.,0.));
#1219 = ORIENTED_EDGE('',*,*,#1220,.T.);
#1220 = EDGE_CURVE('',#1213,#1221,#1223,.T.);
#1221 = VERTEX_POINT('',#1222);
#1222 = CARTESIAN_POINT('',(-60.,-4.48,179.63754901066));
#1223 = LINE('',#1224,#1225);
#1224 = CARTESIAN_POINT('',(-60.,-4.48,211.25322193457));
#1225 = VECTOR('',#1226,1.);
#1226 = DIRECTION('',(0.,1.224646799147E-16,1.));
#1227 = ORIENTED_EDGE('',*,*,#1228,.T.);
#1228 = EDGE_CURVE('',#1221,#1229,#1231,.T.);
#1229 = VERTEX_POINT('',#1230);
#1230 = CARTESIAN_POINT('',(-60.,-3.462022430929,179.63754901066));
#1231 = LINE('',#1232,#1233);
#1232 = CARTESIAN_POINT('',(-60.,-1.731011215465,179.63754901066));
#1233 = VECTOR('',#1234,1.);
#1234 = DIRECTION('',(0.,1.,0.));
#1235 = ORIENTED_EDGE('',*,*,#1236,.T.);
#1236 = EDGE_CURVE('',#1229,#1237,#1239,.T.);
#1237 = VERTEX_POINT('',#1238);
#1238 = CARTESIAN_POINT('',(-60.,-3.462022430929,182.59624327528));
#1239 = LINE('',#1240,#1241);
#1240 = CARTESIAN_POINT('',(-60.,-3.462022430929,216.08508114857));
#1241 = VECTOR('',#1242,1.);
#1242 = DIRECTION('',(0.,0.,1.));
#1243 = ORIENTED_EDGE('',*,*,#1244,.T.);
#1244 = EDGE_CURVE('',#1237,#1245,#1247,.T.);
#1245 = VERTEX_POINT('',#1246);
#1246 = CARTESIAN_POINT('',(-60.,-2.454271906629,187.48618583021));
#1247 = B_SPLINE_CURVE_WITH_KNOTS('',5,(#1248,#1249,#1250,#1251,#1252,
    #1253,#1254,#1255,#1256,#1257,#1258,#1259,#1260,#1261,#1262,#1263,
    #1264,#1265),.UNSPECIFIED.,.F.,.F.,(6,4,4,4,6),(0.,0.284614711085,
    0.543857860858,0.780929384253,1.),.UNSPECIFIED.);
#1248 = CARTESIAN_POINT('',(-60.,-3.462022430929,182.59624327528));
#1249 = CARTESIAN_POINT('',(-60.,-3.462022430929,182.88504109705));
#1250 = CARTESIAN_POINT('',(-60.,-3.456283415875,183.17365822649));
#1251 = CARTESIAN_POINT('',(-60.,-3.444293674961,183.4619391998));
#1252 = CARTESIAN_POINT('',(-60.,-3.425452075264,183.74963582274));
#1253 = CARTESIAN_POINT('',(-60.,-3.374978613021,184.29760992586));
#1254 = CARTESIAN_POINT('',(-60.,-3.344637579032,184.55803573541));
#1255 = CARTESIAN_POINT('',(-60.,-3.307470032553,184.81742662158));
#1256 = CARTESIAN_POINT('',(-60.,-3.262852875401,185.07540054292));
#1257 = CARTESIAN_POINT('',(-60.,-3.161829684657,185.5655988485));
#1258 = CARTESIAN_POINT('',(-60.,-3.106760192425,185.79812878375));
#1259 = CARTESIAN_POINT('',(-60.,-3.044342508644,186.02865110244));
#1260 = CARTESIAN_POINT('',(-60.,-2.973998156979,186.25662516279));
#1261 = CARTESIAN_POINT('',(-60.,-2.822313358896,186.68906133887));
#1262 = CARTESIAN_POINT('',(-60.,-2.742215369816,186.89398840455));
#1263 = CARTESIAN_POINT('',(-60.,-2.654429242459,187.0956190974));
#1264 = CARTESIAN_POINT('',(-60.,-2.55853965292,187.29327351786));
#1265 = CARTESIAN_POINT('',(-60.,-2.454271906629,187.48618583021));
#1266 = ORIENTED_EDGE('',*,*,#1267,.T.);
#1267 = EDGE_CURVE('',#1245,#1268,#1270,.T.);
#1268 = VERTEX_POINT('',#1269);
#1269 = CARTESIAN_POINT('',(-60.,0.352329716422,190.20853469499));
#1270 = B_SPLINE_CURVE_WITH_KNOTS('',5,(#1271,#1272,#1273,#1274,#1275,
    #1276,#1277,#1278,#1279,#1280,#1281,#1282,#1283,#1284),
  .UNSPECIFIED.,.F.,.F.,(6,4,4,6),(0.,0.227420762127,0.666673560872,1.),
  .UNSPECIFIED.);
#1271 = CARTESIAN_POINT('',(-60.,-2.454271906629,187.48618583021));
#1272 = CARTESIAN_POINT('',(-60.,-2.367896262481,187.64591519385));
#1273 = CARTESIAN_POINT('',(-60.,-2.276848520828,187.80297819636));
#1274 = CARTESIAN_POINT('',(-60.,-2.180997205989,187.95706493584));
#1275 = CARTESIAN_POINT('',(-60.,-2.080244775214,188.10783352084));
#1276 = CARTESIAN_POINT('',(-60.,-1.770437339583,188.53904605086));
#1277 = CARTESIAN_POINT('',(-60.,-1.54786948715,188.80953461512));
#1278 = CARTESIAN_POINT('',(-60.,-1.306738362837,189.06369527797));
#1279 = CARTESIAN_POINT('',(-60.,-1.047705435462,189.29908469456));
#1280 = CARTESIAN_POINT('',(-60.,-0.564233147837,189.67729195149));
#1281 = CARTESIAN_POINT('',(-60.,-0.346472619987,189.8287783047));
#1282 = CARTESIAN_POINT('',(-60.,-0.120408526821,189.96789203598));
#1283 = CARTESIAN_POINT('',(-60.,0.112907056174,190.09443369501));
#1284 = CARTESIAN_POINT('',(-60.,0.352329716422,190.20853469499));
#1285 = ORIENTED_EDGE('',*,*,#1286,.T.);
#1286 = EDGE_CURVE('',#1268,#1287,#1289,.T.);
#1287 = VERTEX_POINT('',#1288);
#1288 = CARTESIAN_POINT('',(-60.,4.48,191.06625559398));
#1289 = B_SPLINE_CURVE_WITH_KNOTS('',5,(#1290,#1291,#1292,#1293,#1294,
    #1295,#1296,#1297,#1298,#1299,#1300,#1301,#1302,#1303,#1304,#1305,
    #1306,#1307),.UNSPECIFIED.,.F.,.F.,(6,4,4,4,6),(0.,0.2362877858,
    0.479428702014,0.733457452646,1.),.UNSPECIFIED.);
#1290 = CARTESIAN_POINT('',(-60.,0.352329716422,190.20853469499));
#1291 = CARTESIAN_POINT('',(-60.,0.532883619471,190.29463825946));
#1292 = CARTESIAN_POINT('',(-60.,0.716276828043,190.37492999654));
#1293 = CARTESIAN_POINT('',(-60.,0.902214846629,190.44940618137));
#1294 = CARTESIAN_POINT('',(-60.,1.090404684048,190.51813308009));
#1295 = CARTESIAN_POINT('',(-60.,1.476241746429,190.64613946126));
#1296 = CARTESIAN_POINT('',(-60.,1.674006454914,190.70508760058));
#1297 = CARTESIAN_POINT('',(-60.,1.873556435042,190.75818746553));
#1298 = CARTESIAN_POINT('',(-60.,2.074612723344,190.80561280547));
#1299 = CARTESIAN_POINT('',(-60.,2.488305528474,190.89138555679));
#1300 = CARTESIAN_POINT('',(-60.,2.701057321544,190.92923133257));
#1301 = CARTESIAN_POINT('',(-60.,2.914906236611,190.96132226528));
#1302 = CARTESIAN_POINT('',(-60.,3.129611710927,190.98790938963));
#1303 = CARTESIAN_POINT('',(-60.,3.570948597088,191.03163083071));
#1304 = CARTESIAN_POINT('',(-60.,3.797645061447,191.0482348436));
#1305 = CARTESIAN_POINT('',(-60.,4.024837312911,191.05934840545));
#1306 = CARTESIAN_POINT('',(-60.,4.252338283877,191.0652633684));
#1307 = CARTESIAN_POINT('',(-60.,4.480002855195,191.06625560642));
#1308 = ORIENTED_EDGE('',*,*,#1309,.F.);
#1309 = EDGE_CURVE('',#1310,#1287,#1312,.T.);
#1310 = VERTEX_POINT('',#1311);
#1311 = CARTESIAN_POINT('',(-60.,4.48,186.22537490031));
#1312 = LINE('',#1313,#1314);
#1313 = CARTESIAN_POINT('',(-60.,4.48,211.25322193457));
#1314 = VECTOR('',#1315,1.);
#1315 = DIRECTION('',(0.,1.224646799147E-16,1.));
#1316 = ORIENTED_EDGE('',*,*,#1317,.T.);
#1317 = EDGE_CURVE('',#1310,#1318,#1320,.T.);
#1318 = VERTEX_POINT('',#1319);
#1319 = CARTESIAN_POINT('',(-60.,4.336281571989,186.22677122275));
#1320 = B_SPLINE_CURVE_WITH_KNOTS('',4,(#1321,#1322,#1323,#1324,#1325),
  .UNSPECIFIED.,.F.,.F.,(5,5),(0.,1.),.PIECEWISE_BEZIER_KNOTS.);
#1321 = CARTESIAN_POINT('',(-60.,4.480002093242,186.2253748592));
#1322 = CARTESIAN_POINT('',(-60.,4.444104681987,186.22607979826));
#1323 = CARTESIAN_POINT('',(-60.,4.408183440511,186.22654292259));
#1324 = CARTESIAN_POINT('',(-60.,4.372241505717,186.22677122275));
#1325 = CARTESIAN_POINT('',(-60.,4.336281571989,186.22677122275));
#1326 = ORIENTED_EDGE('',*,*,#1327,.T.);
#1327 = EDGE_CURVE('',#1318,#1328,#1330,.T.);
#1328 = VERTEX_POINT('',#1329);
#1329 = CARTESIAN_POINT('',(-60.,1.629251390535,185.2015136318));
#1330 = B_SPLINE_CURVE_WITH_KNOTS('',6,(#1331,#1332,#1333,#1334,#1335,
    #1336,#1337,#1338,#1339,#1340,#1341,#1342,#1343,#1344,#1345,#1346,
    #1347,#1348,#1349,#1350,#1351,#1352),.UNSPECIFIED.,.F.,.F.,(7,5,5,5,
    7),(0.,0.3507014166,0.59862089783,0.835504293289,1.),.UNSPECIFIED.);
#1331 = CARTESIAN_POINT('',(-60.,4.336281571989,186.22677122275));
#1332 = CARTESIAN_POINT('',(-60.,4.159518023862,186.22677122275));
#1333 = CARTESIAN_POINT('',(-60.,3.983131567029,186.22048450052));
#1334 = CARTESIAN_POINT('',(-60.,3.807399167137,186.20731476676));
#1335 = CARTESIAN_POINT('',(-60.,3.632751382832,186.18659957893));
#1336 = CARTESIAN_POINT('',(-60.,3.459767756098,186.1576405317));
#1337 = CARTESIAN_POINT('',(-60.,3.168552038696,186.09306175418));
#1338 = CARTESIAN_POINT('',(-60.,3.049137663424,186.06188258062));
#1339 = CARTESIAN_POINT('',(-60.,2.931181531024,186.0260523102));
#1340 = CARTESIAN_POINT('',(-60.,2.814990872432,185.98537360592));
#1341 = CARTESIAN_POINT('',(-60.,2.700902541654,185.93970110755));
#1342 = CARTESIAN_POINT('',(-60.,2.482608180267,185.84050392923));
#1343 = CARTESIAN_POINT('',(-60.,2.378180152517,185.78741586041));
#1344 = CARTESIAN_POINT('',(-60.,2.276307929027,185.72966092548));
#1345 = CARTESIAN_POINT('',(-60.,2.17729564066,185.66725418249));
#1346 = CARTESIAN_POINT('',(-60.,2.081420743895,185.60028954771));
#1347 = CARTESIAN_POINT('',(-60.,1.924693595732,185.4794195884));
#1348 = CARTESIAN_POINT('',(-60.,1.862088135959,185.42777387459));
#1349 = CARTESIAN_POINT('',(-60.,1.801187134072,185.37407898261));
#1350 = CARTESIAN_POINT('',(-60.,1.74205237016,185.31841014647));
#1351 = CARTESIAN_POINT('',(-60.,1.68472987121,185.26085534001));
#1352 = CARTESIAN_POINT('',(-60.,1.629251390535,185.2015136318));
#1353 = ORIENTED_EDGE('',*,*,#1354,.T.);
#1354 = EDGE_CURVE('',#1328,#1355,#1357,.T.);
#1355 = VERTEX_POINT('',#1356);
#1356 = CARTESIAN_POINT('',(-60.,0.671833682867,182.09182091729));
#1357 = B_SPLINE_CURVE_WITH_KNOTS('',5,(#1358,#1359,#1360,#1361,#1362,
    #1363,#1364,#1365,#1366,#1367,#1368,#1369,#1370,#1371,#1372,#1373,
    #1374,#1375),.UNSPECIFIED.,.F.,.F.,(6,4,4,4,6),(0.,0.2197762825,
    0.454374442678,0.711959432327,1.),.UNSPECIFIED.);
#1358 = CARTESIAN_POINT('',(-60.,1.629251390535,185.2015136318));
#1359 = CARTESIAN_POINT('',(-60.,1.530904508058,185.09619817022));
#1360 = CARTESIAN_POINT('',(-60.,1.43934684766,184.98440631604));
#1361 = CARTESIAN_POINT('',(-60.,1.354964912872,184.86681979463));
#1362 = CARTESIAN_POINT('',(-60.,1.277752517869,184.7442577867));
#1363 = CARTESIAN_POINT('',(-60.,1.132535897324,184.48223863468));
#1364 = CARTESIAN_POINT('',(-60.,1.065498930443,184.34218965538));
#1365 = CARTESIAN_POINT('',(-60.,1.006133183162,184.1983062152));
#1366 = CARTESIAN_POINT('',(-60.,0.953919819248,184.05141513159));
#1367 = CARTESIAN_POINT('',(-60.,0.858261520352,183.73820275003));
#1368 = CARTESIAN_POINT('',(-60.,0.81618033144,183.57140028079));
#1369 = CARTESIAN_POINT('',(-60.,0.781357286266,183.40250245426));
#1370 = CARTESIAN_POINT('',(-60.,0.753076679881,183.23209903289));
#1371 = CARTESIAN_POINT('',(-60.,0.705717226215,182.86873286078));
#1372 = CARTESIAN_POINT('',(-60.,0.688124063841,182.67550711609));
#1373 = CARTESIAN_POINT('',(-60.,0.67706794994,182.48140152788));
#1374 = CARTESIAN_POINT('',(-60.,0.671833682867,182.28677368228));
#1375 = CARTESIAN_POINT('',(-60.,0.671833682867,182.09182091729));
#1376 = ORIENTED_EDGE('',*,*,#1377,.T.);
#1377 = EDGE_CURVE('',#1355,#1378,#1380,.T.);
#1378 = VERTEX_POINT('',#1379);
#1379 = CARTESIAN_POINT('',(-60.,0.671833682867,179.63754901066));
#1380 = LINE('',#1381,#1382);
#1381 = CARTESIAN_POINT('',(-60.,0.671833682867,214.60573401627));
#1382 = VECTOR('',#1383,1.);
#1383 = DIRECTION('',(0.,0.,-1.));
#1384 = ORIENTED_EDGE('',*,*,#1385,.T.);
#1385 = EDGE_CURVE('',#1378,#1205,#1386,.T.);
#1386 = LINE('',#1387,#1388);
#1387 = CARTESIAN_POINT('',(-60.,3.933071943102,179.63754901066));
#1388 = VECTOR('',#1389,1.);
#1389 = DIRECTION('',(0.,1.,0.));
#1390 = FACE_BOUND('',#1391,.T.);
#1391 = EDGE_LOOP('',(#1392,#1402,#1410,#1418,#1426,#1434,#1442,#1450));
#1392 = ORIENTED_EDGE('',*,*,#1393,.F.);
#1393 = EDGE_CURVE('',#1394,#1396,#1398,.T.);
#1394 = VERTEX_POINT('',#1395);
#1395 = CARTESIAN_POINT('',(-60.,4.48,195.10066563326));
#1396 = VERTEX_POINT('',#1397);
#1397 = CARTESIAN_POINT('',(-60.,4.48,199.80568979666));
#1398 = LINE('',#1399,#1400);
#1399 = CARTESIAN_POINT('',(-60.,4.48,211.25322193457));
#1400 = VECTOR('',#1401,1.);
#1401 = DIRECTION('',(0.,1.224646799147E-16,1.));
#1402 = ORIENTED_EDGE('',*,*,#1403,.T.);
#1403 = EDGE_CURVE('',#1394,#1404,#1406,.T.);
#1404 = VERTEX_POINT('',#1405);
#1405 = CARTESIAN_POINT('',(-60.,-4.48,195.10066563326));
#1406 = LINE('',#1407,#1408);
#1407 = CARTESIAN_POINT('',(-60.,-6.,195.10066563326));
#1408 = VECTOR('',#1409,1.);
#1409 = DIRECTION('',(0.,-1.,0.));
#1410 = ORIENTED_EDGE('',*,*,#1411,.T.);
#1411 = EDGE_CURVE('',#1404,#1412,#1414,.T.);
#1412 = VERTEX_POINT('',#1413);
#1413 = CARTESIAN_POINT('',(-60.,-4.48,199.80568979666));
#1414 = LINE('',#1415,#1416);
#1415 = CARTESIAN_POINT('',(-60.,-4.48,211.25322193457));
#1416 = VECTOR('',#1417,1.);
#1417 = DIRECTION('',(0.,1.224646799147E-16,1.));
#1418 = ORIENTED_EDGE('',*,*,#1419,.T.);
#1419 = EDGE_CURVE('',#1412,#1420,#1422,.T.);
#1420 = VERTEX_POINT('',#1421);
#1421 = CARTESIAN_POINT('',(-60.,-1.64675845719,199.80568979666));
#1422 = LINE('',#1423,#1424);
#1423 = CARTESIAN_POINT('',(-60.,-0.823379228595,199.80568979666));
#1424 = VECTOR('',#1425,1.);
#1425 = DIRECTION('',(0.,1.,0.));
#1426 = ORIENTED_EDGE('',*,*,#1427,.T.);
#1427 = EDGE_CURVE('',#1420,#1428,#1430,.T.);
#1428 = VERTEX_POINT('',#1429);
#1429 = CARTESIAN_POINT('',(-60.,-1.64675845719,209.72234886477));
#1430 = LINE('',#1431,#1432);
#1431 = CARTESIAN_POINT('',(-60.,-1.64675845719,229.64813394332));
#1432 = VECTOR('',#1433,1.);
#1433 = DIRECTION('',(0.,0.,1.));
#1434 = ORIENTED_EDGE('',*,*,#1435,.T.);
#1435 = EDGE_CURVE('',#1428,#1436,#1438,.T.);
#1436 = VERTEX_POINT('',#1437);
#1437 = CARTESIAN_POINT('',(-60.,2.554937539892,209.72234886477));
#1438 = LINE('',#1439,#1440);
#1439 = CARTESIAN_POINT('',(-60.,1.277468769946,209.72234886477));
#1440 = VECTOR('',#1441,1.);
#1441 = DIRECTION('',(0.,1.,0.));
#1442 = ORIENTED_EDGE('',*,*,#1443,.T.);
#1443 = EDGE_CURVE('',#1436,#1444,#1446,.T.);
#1444 = VERTEX_POINT('',#1445);
#1445 = CARTESIAN_POINT('',(-60.,2.554937539892,199.80568979666));
#1446 = LINE('',#1447,#1448);
#1447 = CARTESIAN_POINT('',(-60.,2.554937539892,224.68980440926));
#1448 = VECTOR('',#1449,1.);
#1449 = DIRECTION('',(0.,0.,-1.));
#1450 = ORIENTED_EDGE('',*,*,#1451,.T.);
#1451 = EDGE_CURVE('',#1444,#1396,#1452,.T.);
#1452 = LINE('',#1453,#1454);
#1453 = CARTESIAN_POINT('',(-60.,3.899152001459,199.80568979666));
#1454 = VECTOR('',#1455,1.);
#1455 = DIRECTION('',(0.,1.,0.));
#1456 = FACE_BOUND('',#1457,.T.);
#1457 = EDGE_LOOP('',(#1458,#1468,#1476,#1484));
#1458 = ORIENTED_EDGE('',*,*,#1459,.F.);
#1459 = EDGE_CURVE('',#1460,#1462,#1464,.T.);
#1460 = VERTEX_POINT('',#1461);
#1461 = CARTESIAN_POINT('',(-60.,-6.08,174.93252484726));
#1462 = VERTEX_POINT('',#1463);
#1463 = CARTESIAN_POINT('',(-60.,-6.08,179.63754901066));
#1464 = LINE('',#1465,#1466);
#1465 = CARTESIAN_POINT('',(-60.,-6.08,211.25322193457));
#1466 = VECTOR('',#1467,1.);
#1467 = DIRECTION('',(0.,1.224646799147E-16,1.));
#1468 = ORIENTED_EDGE('',*,*,#1469,.T.);
#1469 = EDGE_CURVE('',#1460,#1470,#1472,.T.);
#1470 = VERTEX_POINT('',#1471);
#1471 = CARTESIAN_POINT('',(-60.,-12.,174.93252484726));
#1472 = LINE('',#1473,#1474);
#1473 = CARTESIAN_POINT('',(-60.,-6.,174.93252484726));
#1474 = VECTOR('',#1475,1.);
#1475 = DIRECTION('',(0.,-1.,0.));
#1476 = ORIENTED_EDGE('',*,*,#1477,.T.);
#1477 = EDGE_CURVE('',#1470,#1478,#1480,.T.);
#1478 = VERTEX_POINT('',#1479);
#1479 = CARTESIAN_POINT('',(-60.,-12.,179.63754901066));
#1480 = LINE('',#1481,#1482);
#1481 = CARTESIAN_POINT('',(-60.,-12.,214.60573401627));
#1482 = VECTOR('',#1483,1.);
#1483 = DIRECTION('',(0.,0.,1.));
#1484 = ORIENTED_EDGE('',*,*,#1485,.T.);
#1485 = EDGE_CURVE('',#1478,#1462,#1486,.T.);
#1486 = LINE('',#1487,#1488);
#1487 = CARTESIAN_POINT('',(-60.,-1.731011215465,179.63754901066));
#1488 = VECTOR('',#1489,1.);
#1489 = DIRECTION('',(0.,1.,0.));
#1490 = FACE_BOUND('',#1491,.T.);
#1491 = EDGE_LOOP('',(#1492,#1502,#1510,#1518,#1526,#1534));
#1492 = ORIENTED_EDGE('',*,*,#1493,.F.);
#1493 = EDGE_CURVE('',#1494,#1496,#1498,.T.);
#1494 = VERTEX_POINT('',#1495);
#1495 = CARTESIAN_POINT('',(-60.,-6.08,195.10066563326));
#1496 = VERTEX_POINT('',#1497);
#1497 = CARTESIAN_POINT('',(-60.,-6.08,199.80568979666));
#1498 = LINE('',#1499,#1500);
#1499 = CARTESIAN_POINT('',(-60.,-6.08,211.25322193457));
#1500 = VECTOR('',#1501,1.);
#1501 = DIRECTION('',(0.,1.224646799147E-16,1.));
#1502 = ORIENTED_EDGE('',*,*,#1503,.T.);
#1503 = EDGE_CURVE('',#1494,#1504,#1506,.T.);
#1504 = VERTEX_POINT('',#1505);
#1505 = CARTESIAN_POINT('',(-60.,-12.,195.10066563326));
#1506 = LINE('',#1507,#1508);
#1507 = CARTESIAN_POINT('',(-60.,-6.,195.10066563326));
#1508 = VECTOR('',#1509,1.);
#1509 = DIRECTION('',(0.,-1.,0.));
#1510 = ORIENTED_EDGE('',*,*,#1511,.T.);
#1511 = EDGE_CURVE('',#1504,#1512,#1514,.T.);
#1512 = VERTEX_POINT('',#1513);
#1513 = CARTESIAN_POINT('',(-60.,-12.,210.22677122275));
#1514 = LINE('',#1515,#1516);
#1515 = CARTESIAN_POINT('',(-60.,-12.,229.90034512231));
#1516 = VECTOR('',#1517,1.);
#1517 = DIRECTION('',(0.,0.,1.));
#1518 = ORIENTED_EDGE('',*,*,#1519,.T.);
#1519 = EDGE_CURVE('',#1512,#1520,#1522,.T.);
#1520 = VERTEX_POINT('',#1521);
#1521 = CARTESIAN_POINT('',(-60.,-7.798304002918,210.22677122275));
#1522 = LINE('',#1523,#1524);
#1523 = CARTESIAN_POINT('',(-60.,-3.899152001459,210.22677122275));
#1524 = VECTOR('',#1525,1.);
#1525 = DIRECTION('',(0.,1.,0.));
#1526 = ORIENTED_EDGE('',*,*,#1527,.T.);
#1527 = EDGE_CURVE('',#1520,#1528,#1530,.T.);
#1528 = VERTEX_POINT('',#1529);
#1529 = CARTESIAN_POINT('',(-60.,-7.798304002918,199.80568979666));
#1530 = LINE('',#1531,#1532);
#1531 = CARTESIAN_POINT('',(-60.,-7.798304002918,224.68980440926));
#1532 = VECTOR('',#1533,1.);
#1533 = DIRECTION('',(0.,0.,-1.));
#1534 = ORIENTED_EDGE('',*,*,#1535,.T.);
#1535 = EDGE_CURVE('',#1528,#1496,#1536,.T.);
#1536 = LINE('',#1537,#1538);
#1537 = CARTESIAN_POINT('',(-60.,-0.823379228595,199.80568979666));
#1538 = VECTOR('',#1539,1.);
#1539 = DIRECTION('',(0.,1.,0.));
#1540 = FACE_BOUND('',#1541,.T.);
#1541 = EDGE_LOOP('',(#1542,#1552,#1560,#1568,#1576,#1584,#1592,#1600,
    #1608,#1627,#1650,#1658,#1700,#1708));
#1542 = ORIENTED_EDGE('',*,*,#1543,.F.);
#1543 = EDGE_CURVE('',#1544,#1546,#1548,.T.);
#1544 = VERTEX_POINT('',#1545);
#1545 = CARTESIAN_POINT('',(-60.,4.48,215.26880641925));
#1546 = VERTEX_POINT('',#1547);
#1547 = CARTESIAN_POINT('',(-60.,4.48,220.1423360992));
#1548 = LINE('',#1549,#1550);
#1549 = CARTESIAN_POINT('',(-60.,4.48,211.25322193457));
#1550 = VECTOR('',#1551,1.);
#1551 = DIRECTION('',(0.,1.224646799147E-16,1.));
#1552 = ORIENTED_EDGE('',*,*,#1553,.T.);
#1553 = EDGE_CURVE('',#1544,#1554,#1556,.T.);
#1554 = VERTEX_POINT('',#1555);
#1555 = CARTESIAN_POINT('',(-60.,-4.48,215.26880641925));
#1556 = LINE('',#1557,#1558);
#1557 = CARTESIAN_POINT('',(-60.,-6.,215.26880641925));
#1558 = VECTOR('',#1559,1.);
#1559 = DIRECTION('',(0.,-1.,0.));
#1560 = ORIENTED_EDGE('',*,*,#1561,.T.);
#1561 = EDGE_CURVE('',#1554,#1562,#1564,.T.);
#1562 = VERTEX_POINT('',#1563);
#1563 = CARTESIAN_POINT('',(-60.,-4.48,220.1423360992));
#1564 = LINE('',#1565,#1566);
#1565 = CARTESIAN_POINT('',(-60.,-4.48,211.25322193457));
#1566 = VECTOR('',#1567,1.);
#1567 = DIRECTION('',(0.,1.224646799147E-16,1.));
#1568 = ORIENTED_EDGE('',*,*,#1569,.T.);
#1569 = EDGE_CURVE('',#1562,#1570,#1572,.T.);
#1570 = VERTEX_POINT('',#1571);
#1571 = CARTESIAN_POINT('',(-60.,-2.957600072946,220.1423360992));
#1572 = LINE('',#1573,#1574);
#1573 = CARTESIAN_POINT('',(-60.,-1.478800036473,220.1423360992));
#1574 = VECTOR('',#1575,1.);
#1575 = DIRECTION('',(0.,1.,0.));
#1576 = ORIENTED_EDGE('',*,*,#1577,.T.);
#1577 = EDGE_CURVE('',#1570,#1578,#1580,.T.);
#1578 = VERTEX_POINT('',#1579);
#1579 = CARTESIAN_POINT('',(-60.,-2.957600072946,222.05826570621));
#1580 = LINE('',#1581,#1582);
#1581 = CARTESIAN_POINT('',(-60.,-2.957600072946,235.81609236404));
#1582 = VECTOR('',#1583,1.);
#1583 = DIRECTION('',(0.,0.,1.));
#1584 = ORIENTED_EDGE('',*,*,#1585,.T.);
#1585 = EDGE_CURVE('',#1578,#1586,#1588,.T.);
#1586 = VERTEX_POINT('',#1587);
#1587 = CARTESIAN_POINT('',(-60.,-4.48,222.90144388458));
#1588 = LINE('',#1589,#1590);
#1589 = CARTESIAN_POINT('',(-60.,-12.17821164541,227.16508312721));
#1590 = VECTOR('',#1591,1.);
#1591 = DIRECTION('',(0.,-0.874790665847,0.484501074248));
#1592 = ORIENTED_EDGE('',*,*,#1593,.T.);
#1593 = EDGE_CURVE('',#1586,#1594,#1596,.T.);
#1594 = VERTEX_POINT('',#1595);
#1595 = CARTESIAN_POINT('',(-60.,-4.48,227.88517916051));
#1596 = LINE('',#1597,#1598);
#1597 = CARTESIAN_POINT('',(-60.,-4.48,211.25322193457));
#1598 = VECTOR('',#1599,1.);
#1599 = DIRECTION('',(0.,1.224646799147E-16,1.));
#1600 = ORIENTED_EDGE('',*,*,#1601,.T.);
#1601 = EDGE_CURVE('',#1594,#1602,#1604,.T.);
#1602 = VERTEX_POINT('',#1603);
#1603 = CARTESIAN_POINT('',(-60.,-1.849183915383,226.36062733655));
#1604 = LINE('',#1605,#1606);
#1605 = CARTESIAN_POINT('',(-60.,-6.192166494429,228.87737567599));
#1606 = VECTOR('',#1607,1.);
#1607 = DIRECTION('',(0.,0.865219751852,-0.501392841));
#1608 = ORIENTED_EDGE('',*,*,#1609,.T.);
#1609 = EDGE_CURVE('',#1602,#1610,#1612,.T.);
#1610 = VERTEX_POINT('',#1611);
#1611 = CARTESIAN_POINT('',(-60.,0.689340749521,229.33573447615));
#1612 = B_SPLINE_CURVE_WITH_KNOTS('',5,(#1613,#1614,#1615,#1616,#1617,
    #1618,#1619,#1620,#1621,#1622,#1623,#1624,#1625,#1626),
  .UNSPECIFIED.,.F.,.F.,(6,4,4,6),(0.,0.37260479997,0.731102721342,1.),
  .UNSPECIFIED.);
#1613 = CARTESIAN_POINT('',(-60.,-1.849183915383,226.36062733655));
#1614 = CARTESIAN_POINT('',(-60.,-1.720637296781,226.62716797584));
#1615 = CARTESIAN_POINT('',(-60.,-1.580992457278,226.88806419427));
#1616 = CARTESIAN_POINT('',(-60.,-1.429837657872,227.14234233844));
#1617 = CARTESIAN_POINT('',(-60.,-1.266918493719,227.38891440791));
#1618 = CARTESIAN_POINT('',(-60.,-0.924381614554,227.85550120478));
#1619 = CARTESIAN_POINT('',(-60.,-0.745618892106,228.0761832261));
#1620 = CARTESIAN_POINT('',(-60.,-0.556170469149,228.2877781271));
#1621 = CARTESIAN_POINT('',(-60.,-0.356399632845,228.48944178902));
#1622 = CARTESIAN_POINT('',(-60.,1.005386307758E-02,228.82387767601));
#1623 = CARTESIAN_POINT('',(-60.,0.172535673487,228.96127850173));
#1624 = CARTESIAN_POINT('',(-60.,0.34015150934,229.0924794297));
#1625 = CARTESIAN_POINT('',(-60.,0.512552122125,229.21732169082));
#1626 = CARTESIAN_POINT('',(-60.,0.689340749521,229.33573447615));
#1627 = ORIENTED_EDGE('',*,*,#1628,.T.);
#1628 = EDGE_CURVE('',#1610,#1629,#1631,.T.);
#1629 = VERTEX_POINT('',#1630);
#1630 = CARTESIAN_POINT('',(-60.,4.48,230.42376706238));
#1631 = B_SPLINE_CURVE_WITH_KNOTS('',5,(#1632,#1633,#1634,#1635,#1636,
    #1637,#1638,#1639,#1640,#1641,#1642,#1643,#1644,#1645,#1646,#1647,
    #1648,#1649),.UNSPECIFIED.,.F.,.F.,(6,4,4,4,6),(0.,0.234581666279,
    0.475863995664,0.729907158273,1.),.UNSPECIFIED.);
#1632 = CARTESIAN_POINT('',(-60.,0.689340749521,229.33573447615));
#1633 = CARTESIAN_POINT('',(-60.,0.844457642368,229.43963156277));
#1634 = CARTESIAN_POINT('',(-60.,1.003897702643,229.53712795239));
#1635 = CARTESIAN_POINT('',(-60.,1.167281697676,229.62804929277));
#1636 = CARTESIAN_POINT('',(-60.,1.334192636564,229.71235820347));
#1637 = CARTESIAN_POINT('',(-60.,1.679060773615,229.87009093292));
#1638 = CARTESIAN_POINT('',(-60.,1.857202445019,229.94313729552));
#1639 = CARTESIAN_POINT('',(-60.,2.038161028596,230.00932076754));
#1640 = CARTESIAN_POINT('',(-60.,2.221496078806,230.0688299037));
#1641 = CARTESIAN_POINT('',(-60.,2.601936164711,230.1777921862));
#1642 = CARTESIAN_POINT('',(-60.,2.799257475257,230.22654724992));
#1643 = CARTESIAN_POINT('',(-60.,2.998328970737,230.26845941465));
#1644 = CARTESIAN_POINT('',(-60.,3.198764313553,230.30388040398));
#1645 = CARTESIAN_POINT('',(-60.,3.614477963457,230.36430198082));
#1646 = CARTESIAN_POINT('',(-60.,3.829890853457,230.38850245007));
#1647 = CARTESIAN_POINT('',(-60.,4.0461294426,230.40619761247));
#1648 = CARTESIAN_POINT('',(-60.,4.262903610354,230.41781950765));
#1649 = CARTESIAN_POINT('',(-60.,4.480002884273,230.4237671414));
#1650 = ORIENTED_EDGE('',*,*,#1651,.F.);
#1651 = EDGE_CURVE('',#1652,#1629,#1654,.T.);
#1652 = VERTEX_POINT('',#1653);
#1653 = CARTESIAN_POINT('',(-60.,4.48,225.51723198687));
#1654 = LINE('',#1655,#1656);
#1655 = CARTESIAN_POINT('',(-60.,4.48,211.25322193457));
#1656 = VECTOR('',#1657,1.);
#1657 = DIRECTION('',(0.,1.224646799147E-16,1.));
#1658 = ORIENTED_EDGE('',*,*,#1659,.T.);
#1659 = EDGE_CURVE('',#1652,#1660,#1662,.T.);
#1660 = VERTEX_POINT('',#1661);
#1661 = CARTESIAN_POINT('',(-60.,1.17625604085,221.58776328987));
#1662 = B_SPLINE_CURVE_WITH_KNOTS('',6,(#1663,#1664,#1665,#1666,#1667,
    #1668,#1669,#1670,#1671,#1672,#1673,#1674,#1675,#1676,#1677,#1678,
    #1679,#1680,#1681,#1682,#1683,#1684,#1685,#1686,#1687,#1688,#1689,
    #1690,#1691,#1692,#1693,#1694,#1695,#1696,#1697,#1698,#1699),
  .UNSPECIFIED.,.F.,.F.,(7,5,5,5,5,5,5,7),(0.,0.183652530551,
    0.263604617062,0.409161998598,0.523836939648,0.58052690092,
    0.683939901244,1.),.UNSPECIFIED.);
#1663 = CARTESIAN_POINT('',(-60.,4.480004078183,225.51723211843));
#1664 = CARTESIAN_POINT('',(-60.,4.300744386247,225.51144968294));
#1665 = CARTESIAN_POINT('',(-60.,4.121847909407,225.49892614803));
#1666 = CARTESIAN_POINT('',(-60.,3.943605714092,225.47889668232));
#1667 = CARTESIAN_POINT('',(-60.,3.76655911022,225.45047521294));
#1668 = CARTESIAN_POINT('',(-60.,3.591495805136,225.41268229132));
#1669 = CARTESIAN_POINT('',(-60.,3.344510169681,225.34367119178));
#1670 = CARTESIAN_POINT('',(-60.,3.270172329425,225.32079228107));
#1671 = CARTESIAN_POINT('',(-60.,3.196496986511,225.29589290667));
#1672 = CARTESIAN_POINT('',(-60.,3.123585015141,225.26890460156));
#1673 = CARTESIAN_POINT('',(-60.,3.05154721853,225.23976882618));
#1674 = CARTESIAN_POINT('',(-60.,2.85116071324,225.15141120957));
#1675 = CARTESIAN_POINT('',(-60.,2.725074698323,225.08710390445));
#1676 = CARTESIAN_POINT('',(-60.,2.603026596769,225.01528448049));
#1677 = CARTESIAN_POINT('',(-60.,2.485798540662,224.9358782765));
#1678 = CARTESIAN_POINT('',(-60.,2.374110388066,224.84906734853));
#1679 = CARTESIAN_POINT('',(-60.,2.185399849361,224.68158020536));
#1680 = CARTESIAN_POINT('',(-60.,2.106029263859,224.60349184086));
#1681 = CARTESIAN_POINT('',(-60.,2.030732485702,224.52137096855));
#1682 = CARTESIAN_POINT('',(-60.,1.959675732113,224.43553589157));
#1683 = CARTESIAN_POINT('',(-60.,1.892927435168,224.34635305222));
#1684 = CARTESIAN_POINT('',(-60.,1.799610005036,224.20866954446));
#1685 = CARTESIAN_POINT('',(-60.,1.769788699862,224.16239752068));
#1686 = CARTESIAN_POINT('',(-60.,1.741014635724,224.11544638185));
#1687 = CARTESIAN_POINT('',(-60.,1.713280215517,224.06786087536));
#1688 = CARTESIAN_POINT('',(-60.,1.686573544773,224.01968457942));
#1689 = CARTESIAN_POINT('',(-60.,1.614008902008,223.88207513327));
#1690 = CARTESIAN_POINT('',(-60.,1.570508882048,223.79136519031));
#1691 = CARTESIAN_POINT('',(-60.,1.530284933409,223.69907963405));
#1692 = CARTESIAN_POINT('',(-60.,1.493209803274,223.60544715946));
#1693 = CARTESIAN_POINT('',(-60.,1.45913834794,223.51066822587));
#1694 = CARTESIAN_POINT('',(-60.,1.332517219137,223.12223849176));
#1695 = CARTESIAN_POINT('',(-60.,1.263904488487,222.82077645394));
#1696 = CARTESIAN_POINT('',(-60.,1.217450255587,222.51452759462));
#1697 = CARTESIAN_POINT('',(-60.,1.189247637969,222.20621690628));
#1698 = CARTESIAN_POINT('',(-60.,1.17625604085,221.89725768855));
#1699 = CARTESIAN_POINT('',(-60.,1.17625604085,221.58776328987));
#1700 = ORIENTED_EDGE('',*,*,#1701,.T.);
#1701 = EDGE_CURVE('',#1660,#1702,#1704,.T.);
#1702 = VERTEX_POINT('',#1703);
#1703 = CARTESIAN_POINT('',(-60.,1.17625604085,220.1423360992));
#1704 = LINE('',#1705,#1706);
#1705 = CARTESIAN_POINT('',(-60.,1.17625604085,234.85812756053));
#1706 = VECTOR('',#1707,1.);
#1707 = DIRECTION('',(0.,0.,-1.));
#1708 = ORIENTED_EDGE('',*,*,#1709,.T.);
#1709 = EDGE_CURVE('',#1702,#1546,#1710,.T.);
#1710 = LINE('',#1711,#1712);
#1711 = CARTESIAN_POINT('',(-60.,3.933071943102,220.1423360992));
#1712 = VECTOR('',#1713,1.);
#1713 = DIRECTION('',(0.,1.,0.));
#1714 = FACE_BOUND('',#1715,.T.);
#1715 = EDGE_LOOP('',(#1716,#1726,#1734,#1742));
#1716 = ORIENTED_EDGE('',*,*,#1717,.F.);
#1717 = EDGE_CURVE('',#1718,#1720,#1722,.T.);
#1718 = VERTEX_POINT('',#1719);
#1719 = CARTESIAN_POINT('',(-60.,4.48,240.4450624601));
#1720 = VERTEX_POINT('',#1721);
#1721 = CARTESIAN_POINT('',(-60.,4.48,245.11726087353));
#1722 = LINE('',#1723,#1724);
#1723 = CARTESIAN_POINT('',(-60.,4.48,211.25322193457));
#1724 = VECTOR('',#1725,1.);
#1725 = DIRECTION('',(0.,1.224646799147E-16,1.));
#1726 = ORIENTED_EDGE('',*,*,#1727,.T.);
#1727 = EDGE_CURVE('',#1718,#1728,#1730,.T.);
#1728 = VERTEX_POINT('',#1729);
#1729 = CARTESIAN_POINT('',(-60.,-4.48,240.4450624601));
#1730 = LINE('',#1731,#1732);
#1731 = CARTESIAN_POINT('',(-60.,-4.050150451354,240.4450624601));
#1732 = VECTOR('',#1733,1.);
#1733 = DIRECTION('',(0.,-1.,0.));
#1734 = ORIENTED_EDGE('',*,*,#1735,.T.);
#1735 = EDGE_CURVE('',#1728,#1736,#1738,.T.);
#1736 = VERTEX_POINT('',#1737);
#1737 = CARTESIAN_POINT('',(-60.,-4.48,245.11726087353));
#1738 = LINE('',#1739,#1740);
#1739 = CARTESIAN_POINT('',(-60.,-4.48,211.25322193457));
#1740 = VECTOR('',#1741,1.);
#1741 = DIRECTION('',(0.,1.224646799147E-16,1.));
#1742 = ORIENTED_EDGE('',*,*,#1743,.T.);
#1743 = EDGE_CURVE('',#1736,#1720,#1744,.T.);
#1744 = LINE('',#1745,#1746);
#1745 = CARTESIAN_POINT('',(-60.,4.050697547187,245.11726087353));
#1746 = VECTOR('',#1747,1.);
#1747 = DIRECTION('',(0.,1.,0.));
#1748 = FACE_BOUND('',#1749,.T.);
#1749 = EDGE_LOOP('',(#1750,#1760,#1768,#1776));
#1750 = ORIENTED_EDGE('',*,*,#1751,.F.);
#1751 = EDGE_CURVE('',#1752,#1754,#1756,.T.);
#1752 = VERTEX_POINT('',#1753);
#1753 = CARTESIAN_POINT('',(-60.,-6.08,215.26880641925));
#1754 = VERTEX_POINT('',#1755);
#1755 = CARTESIAN_POINT('',(-60.,-6.08,220.1423360992));
#1756 = LINE('',#1757,#1758);
#1757 = CARTESIAN_POINT('',(-60.,-6.08,211.25322193457));
#1758 = VECTOR('',#1759,1.);
#1759 = DIRECTION('',(0.,1.224646799147E-16,1.));
#1760 = ORIENTED_EDGE('',*,*,#1761,.T.);
#1761 = EDGE_CURVE('',#1752,#1762,#1764,.T.);
#1762 = VERTEX_POINT('',#1763);
#1763 = CARTESIAN_POINT('',(-60.,-12.,215.26880641925));
#1764 = LINE('',#1765,#1766);
#1765 = CARTESIAN_POINT('',(-60.,-6.,215.26880641925));
#1766 = VECTOR('',#1767,1.);
#1767 = DIRECTION('',(0.,-1.,0.));
#1768 = ORIENTED_EDGE('',*,*,#1769,.T.);
#1769 = EDGE_CURVE('',#1762,#1770,#1772,.T.);
#1770 = VERTEX_POINT('',#1771);
#1771 = CARTESIAN_POINT('',(-60.,-12.,220.1423360992));
#1772 = LINE('',#1773,#1774);
#1773 = CARTESIAN_POINT('',(-60.,-12.,234.85812756053));
#1774 = VECTOR('',#1775,1.);
#1775 = DIRECTION('',(0.,0.,1.));
#1776 = ORIENTED_EDGE('',*,*,#1777,.T.);
#1777 = EDGE_CURVE('',#1770,#1754,#1778,.T.);
#1778 = LINE('',#1779,#1780);
#1779 = CARTESIAN_POINT('',(-60.,-1.478800036473,220.1423360992));
#1780 = VECTOR('',#1781,1.);
#1781 = DIRECTION('',(0.,1.,0.));
#1782 = FACE_BOUND('',#1783,.T.);
#1783 = EDGE_LOOP('',(#1784,#1794,#1802,#1810));
#1784 = ORIENTED_EDGE('',*,*,#1785,.F.);
#1785 = EDGE_CURVE('',#1786,#1788,#1790,.T.);
#1786 = VERTEX_POINT('',#1787);
#1787 = CARTESIAN_POINT('',(-60.,-6.08,223.78760070937));
#1788 = VERTEX_POINT('',#1789);
#1789 = CARTESIAN_POINT('',(-60.,-6.08,228.81237545242));
#1790 = LINE('',#1791,#1792);
#1791 = CARTESIAN_POINT('',(-60.,-6.08,211.25322193457));
#1792 = VECTOR('',#1793,1.);
#1793 = DIRECTION('',(0.,1.224646799147E-16,1.));
#1794 = ORIENTED_EDGE('',*,*,#1795,.T.);
#1795 = EDGE_CURVE('',#1786,#1796,#1798,.T.);
#1796 = VERTEX_POINT('',#1797);
#1797 = CARTESIAN_POINT('',(-60.,-12.,227.06638096106));
#1798 = LINE('',#1799,#1800);
#1799 = CARTESIAN_POINT('',(-60.,-12.17821164541,227.16508312721));
#1800 = VECTOR('',#1801,1.);
#1801 = DIRECTION('',(0.,-0.874790665847,0.484501074248));
#1802 = ORIENTED_EDGE('',*,*,#1803,.T.);
#1803 = EDGE_CURVE('',#1796,#1804,#1806,.T.);
#1804 = VERTEX_POINT('',#1805);
#1805 = CARTESIAN_POINT('',(-60.,-12.,232.24300173247));
#1806 = LINE('',#1807,#1808);
#1807 = CARTESIAN_POINT('',(-60.,-12.,240.90846037717));
#1808 = VECTOR('',#1809,1.);
#1809 = DIRECTION('',(0.,0.,1.));
#1810 = ORIENTED_EDGE('',*,*,#1811,.T.);
#1811 = EDGE_CURVE('',#1804,#1788,#1812,.T.);
#1812 = LINE('',#1813,#1814);
#1813 = CARTESIAN_POINT('',(-60.,-6.192166494429,228.87737567599));
#1814 = VECTOR('',#1815,1.);
#1815 = DIRECTION('',(0.,0.865219751852,-0.501392841));
#1816 = FACE_BOUND('',#1817,.T.);
#1817 = EDGE_LOOP('',(#1818,#1828,#1836,#1844,#1852,#1860,#1868,#1876));
#1818 = ORIENTED_EDGE('',*,*,#1819,.T.);
#1819 = EDGE_CURVE('',#1820,#1822,#1824,.T.);
#1820 = VERTEX_POINT('',#1821);
#1821 = CARTESIAN_POINT('',(-60.,-8.100300902708,240.4450624601));
#1822 = VERTEX_POINT('',#1823);
#1823 = CARTESIAN_POINT('',(-60.,-8.638643202334,235.77286404668));
#1824 = LINE('',#1825,#1826);
#1825 = CARTESIAN_POINT('',(-60.,-7.797371932139,243.07414112744));
#1826 = VECTOR('',#1827,1.);
#1827 = DIRECTION('',(0.,-0.114465155439,-0.993427263664));
#1828 = ORIENTED_EDGE('',*,*,#1829,.T.);
#1829 = EDGE_CURVE('',#1822,#1830,#1832,.T.);
#1830 = VERTEX_POINT('',#1831);
#1831 = CARTESIAN_POINT('',(-60.,-12.,235.77286404668));
#1832 = LINE('',#1833,#1834);
#1833 = CARTESIAN_POINT('',(-60.,-6.,235.77286404668));
#1834 = VECTOR('',#1835,1.);
#1835 = DIRECTION('',(0.,-1.,0.));
#1836 = ORIENTED_EDGE('',*,*,#1837,.T.);
#1837 = EDGE_CURVE('',#1830,#1838,#1840,.T.);
#1838 = VERTEX_POINT('',#1839);
#1839 = CARTESIAN_POINT('',(-60.,-12.,249.89012492021));
#1840 = LINE('',#1841,#1842);
#1841 = CARTESIAN_POINT('',(-60.,-12.,249.73202197104));
#1842 = VECTOR('',#1843,1.);
#1843 = DIRECTION('',(0.,0.,1.));
#1844 = ORIENTED_EDGE('',*,*,#1845,.T.);
#1845 = EDGE_CURVE('',#1838,#1846,#1848,.T.);
#1846 = VERTEX_POINT('',#1847);
#1847 = CARTESIAN_POINT('',(-60.,-8.638643202334,249.89012492021));
#1848 = LINE('',#1849,#1850);
#1849 = CARTESIAN_POINT('',(-60.,-4.319321601167,249.89012492021));
#1850 = VECTOR('',#1851,1.);
#1851 = DIRECTION('',(0.,1.,0.));
#1852 = ORIENTED_EDGE('',*,*,#1853,.T.);
#1853 = EDGE_CURVE('',#1846,#1854,#1856,.T.);
#1854 = VERTEX_POINT('',#1855);
#1855 = CARTESIAN_POINT('',(-60.,-8.100300902708,245.11726087353));
#1856 = LINE('',#1857,#1858);
#1857 = CARTESIAN_POINT('',(-60.,-8.297602735286,246.86651004772));
#1858 = VECTOR('',#1859,1.);
#1859 = DIRECTION('',(0.,0.112081593629,-0.993699006928));
#1860 = ORIENTED_EDGE('',*,*,#1861,.T.);
#1861 = EDGE_CURVE('',#1854,#1862,#1864,.T.);
#1862 = VERTEX_POINT('',#1863);
#1863 = CARTESIAN_POINT('',(-60.,-6.08,245.11726087353));
#1864 = LINE('',#1865,#1866);
#1865 = CARTESIAN_POINT('',(-60.,4.050697547187,245.11726087353));
#1866 = VECTOR('',#1867,1.);
#1867 = DIRECTION('',(0.,1.,0.));
#1868 = ORIENTED_EDGE('',*,*,#1869,.F.);
#1869 = EDGE_CURVE('',#1870,#1862,#1872,.T.);
#1870 = VERTEX_POINT('',#1871);
#1871 = CARTESIAN_POINT('',(-60.,-6.08,240.4450624601));
#1872 = LINE('',#1873,#1874);
#1873 = CARTESIAN_POINT('',(-60.,-6.08,211.25322193457));
#1874 = VECTOR('',#1875,1.);
#1875 = DIRECTION('',(0.,1.224646799147E-16,1.));
#1876 = ORIENTED_EDGE('',*,*,#1877,.T.);
#1877 = EDGE_CURVE('',#1870,#1820,#1878,.T.);
#1878 = LINE('',#1879,#1880);
#1879 = CARTESIAN_POINT('',(-60.,-4.050150451354,240.4450624601));
#1880 = VECTOR('',#1881,1.);
#1881 = DIRECTION('',(0.,-1.,0.));
#1882 = FACE_BOUND('',#1883,.T.);
#1883 = EDGE_LOOP('',(#1884,#1905,#1920,#1928,#1951,#1974));
#1884 = ORIENTED_EDGE('',*,*,#1885,.T.);
#1885 = EDGE_CURVE('',#1886,#1888,#1890,.T.);
#1886 = VERTEX_POINT('',#1887);
#1887 = CARTESIAN_POINT('',(-60.,4.48,254.47837677829));
#1888 = VERTEX_POINT('',#1889);
#1889 = CARTESIAN_POINT('',(-60.,-0.269171149813,253.92440959241));
#1890 = B_SPLINE_CURVE_WITH_KNOTS('',4,(#1891,#1892,#1893,#1894,#1895,
    #1896,#1897,#1898,#1899,#1900,#1901,#1902,#1903,#1904),
  .UNSPECIFIED.,.F.,.F.,(5,3,3,3,5),(0.,0.234478653533,0.478333777413,
    0.733559104161,1.),.UNSPECIFIED.);
#1891 = CARTESIAN_POINT('',(-60.,4.480005728106,254.47837827458));
#1892 = CARTESIAN_POINT('',(-60.,4.208310506605,254.40740656125));
#1893 = CARTESIAN_POINT('',(-60.,3.934740789047,254.34345874548));
#1894 = CARTESIAN_POINT('',(-60.,3.659680329665,254.28617367408));
#1895 = CARTESIAN_POINT('',(-60.,3.096110253197,254.18216057804));
#1896 = CARTESIAN_POINT('',(-60.,2.807503601379,254.1359473404));
#1897 = CARTESIAN_POINT('',(-60.,2.517923939377,254.09613767445));
#1898 = CARTESIAN_POINT('',(-60.,1.923749932559,254.02698353127));
#1899 = CARTESIAN_POINT('',(-60.,1.619086292093,253.99821414262));
#1900 = CARTESIAN_POINT('',(-60.,1.313882291569,253.9756018334));
#1901 = CARTESIAN_POINT('',(-60.,0.68933576968,253.94117031511));
#1902 = CARTESIAN_POINT('',(-60.,0.369962622301,253.92986923579));
#1903 = CARTESIAN_POINT('',(-60.,5.041379078862E-02,253.92440959241));
#1904 = CARTESIAN_POINT('',(-60.,-0.269171149813,253.92440959241));
#1905 = ORIENTED_EDGE('',*,*,#1906,.T.);
#1906 = EDGE_CURVE('',#1888,#1907,#1909,.T.);
#1907 = VERTEX_POINT('',#1908);
#1908 = CARTESIAN_POINT('',(-60.,-4.48,254.36874589658));
#1909 = B_SPLINE_CURVE_WITH_KNOTS('',5,(#1910,#1911,#1912,#1913,#1914,
    #1915,#1916,#1917,#1918,#1919),.UNSPECIFIED.,.F.,.F.,(6,4,6),(0.,
    0.666258279895,1.),.UNSPECIFIED.);
#1910 = CARTESIAN_POINT('',(-60.,-0.269171149813,253.92440959241));
#1911 = CARTESIAN_POINT('',(-60.,-0.835031181918,253.92440959241));
#1912 = CARTESIAN_POINT('',(-60.,-1.400746945493,253.94115206375));
#1913 = CARTESIAN_POINT('',(-60.,-1.965716840406,253.9763946381));
#1914 = CARTESIAN_POINT('',(-60.,-2.528868812269,254.03222642909));
#1915 = CARTESIAN_POINT('',(-60.,-3.369081722673,254.150442291));
#1916 = CARTESIAN_POINT('',(-60.,-3.648646445272,254.1956484008));
#1917 = CARTESIAN_POINT('',(-60.,-3.927161712199,254.24689918329));
#1918 = CARTESIAN_POINT('',(-60.,-4.204379194501,254.30449874995));
#1919 = CARTESIAN_POINT('',(-60.,-4.480005537722,254.36874718742));
#1920 = ORIENTED_EDGE('',*,*,#1921,.T.);
#1921 = EDGE_CURVE('',#1907,#1922,#1924,.T.);
#1922 = VERTEX_POINT('',#1923);
#1923 = CARTESIAN_POINT('',(-60.,-4.48,259.45528161486));
#1924 = LINE('',#1925,#1926);
#1925 = CARTESIAN_POINT('',(-60.,-4.48,211.25322193457));
#1926 = VECTOR('',#1927,1.);
#1927 = DIRECTION('',(0.,1.224646799147E-16,1.));
#1928 = ORIENTED_EDGE('',*,*,#1929,.T.);
#1929 = EDGE_CURVE('',#1922,#1930,#1932,.T.);
#1930 = VERTEX_POINT('',#1931);
#1931 = CARTESIAN_POINT('',(-60.,-0.16850551655,258.79793927236));
#1932 = B_SPLINE_CURVE_WITH_KNOTS('',5,(#1933,#1934,#1935,#1936,#1937,
    #1938,#1939,#1940,#1941,#1942,#1943,#1944,#1945,#1946,#1947,#1948,
    #1949,#1950),.UNSPECIFIED.,.F.,.F.,(6,4,4,4,6),(0.,0.227801844846,
    0.468858364998,0.726079960083,1.),.UNSPECIFIED.);
#1933 = CARTESIAN_POINT('',(-60.,-4.48000318547,259.45528277075));
#1934 = CARTESIAN_POINT('',(-60.,-4.292917124548,259.38739570851));
#1935 = CARTESIAN_POINT('',(-60.,-4.103812578346,259.32482337319));
#1936 = CARTESIAN_POINT('',(-60.,-3.912996617399,259.26734451723));
#1937 = CARTESIAN_POINT('',(-60.,-3.720734172309,259.21471900984));
#1938 = CARTESIAN_POINT('',(-60.,-3.322489185177,259.11590682386));
#1939 = CARTESIAN_POINT('',(-60.,-3.11636154638,259.07027350041));
#1940 = CARTESIAN_POINT('',(-60.,-2.909112983134,259.02952770655));
#1941 = CARTESIAN_POINT('',(-60.,-2.700954141029,258.99339490512));
#1942 = CARTESIAN_POINT('',(-60.,-2.269134750934,258.92771111124));
#1943 = CARTESIAN_POINT('',(-60.,-2.045373538108,258.89876443797));
#1944 = CARTESIAN_POINT('',(-60.,-1.820964884328,258.87446599863));
#1945 = CARTESIAN_POINT('',(-60.,-1.596068377419,258.85452958571));
#1946 = CARTESIAN_POINT('',(-60.,-1.130915030894,258.82183292436));
#1947 = CARTESIAN_POINT('',(-60.,-0.890611519675,258.80962255281));
#1948 = CARTESIAN_POINT('',(-60.,-0.650038344051,258.80175132224));
#1949 = CARTESIAN_POINT('',(-60.,-0.409309056768,258.79793927236));
#1950 = CARTESIAN_POINT('',(-60.,-0.16850551655,258.79793927236));
#1951 = ORIENTED_EDGE('',*,*,#1952,.T.);
#1952 = EDGE_CURVE('',#1930,#1953,#1955,.T.);
#1953 = VERTEX_POINT('',#1954);
#1954 = CARTESIAN_POINT('',(-60.,4.48,259.58770887854));
#1955 = B_SPLINE_CURVE_WITH_KNOTS('',5,(#1956,#1957,#1958,#1959,#1960,
    #1961,#1962,#1963,#1964,#1965,#1966,#1967,#1968,#1969,#1970,#1971,
    #1972,#1973),.UNSPECIFIED.,.F.,.F.,(6,4,4,4,6),(0.,0.278404635794,
    0.536376093383,0.776029818467,1.),.UNSPECIFIED.);
#1956 = CARTESIAN_POINT('',(-60.,-0.16850551655,258.79793927236));
#1957 = CARTESIAN_POINT('',(-60.,9.64695567331E-02,258.79793927236));
#1958 = CARTESIAN_POINT('',(-60.,0.361363611503,258.80251324934));
#1959 = CARTESIAN_POINT('',(-60.,0.626071180744,258.81199837466));
#1960 = CARTESIAN_POINT('',(-60.,0.890438244147,258.82677948739));
#1961 = CARTESIAN_POINT('',(-60.,1.398721897469,258.86631435182));
#1962 = CARTESIAN_POINT('',(-60.,1.642711171422,258.890256205));
#1963 = CARTESIAN_POINT('',(-60.,1.886069092535,258.91947832954));
#1964 = CARTESIAN_POINT('',(-60.,2.128572504454,258.95437501191));
#1965 = CARTESIAN_POINT('',(-60.,2.594159874079,259.03347723641));
#1966 = CARTESIAN_POINT('',(-60.,2.817395755558,259.07684511038));
#1967 = CARTESIAN_POINT('',(-60.,3.039414353419,259.12583419538));
#1968 = CARTESIAN_POINT('',(-60.,3.259912203319,259.18082003146));
#1969 = CARTESIAN_POINT('',(-60.,3.68281372607,259.29953493706));
#1970 = CARTESIAN_POINT('',(-60.,3.885453839765,259.36245544166));
#1971 = CARTESIAN_POINT('',(-60.,4.086130424132,259.43125783209));
#1972 = CARTESIAN_POINT('',(-60.,4.284461295884,259.5062529415));
#1973 = CARTESIAN_POINT('',(-60.,4.480003251153,259.58771023288));
#1974 = ORIENTED_EDGE('',*,*,#1975,.F.);
#1975 = EDGE_CURVE('',#1886,#1953,#1976,.T.);
#1976 = LINE('',#1977,#1978);
#1977 = CARTESIAN_POINT('',(-60.,4.48,211.25322193457));
#1978 = VECTOR('',#1979,1.);
#1979 = DIRECTION('',(0.,1.224646799147E-16,1.));
#1980 = FACE_BOUND('',#1981,.T.);
#1981 = EDGE_LOOP('',(#1982,#1992,#2000,#2008,#2016,#2024));
#1982 = ORIENTED_EDGE('',*,*,#1983,.T.);
#1983 = EDGE_CURVE('',#1984,#1986,#1988,.T.);
#1984 = VERTEX_POINT('',#1985);
#1985 = CARTESIAN_POINT('',(-60.,-2.521017598249,267.16741132488));
#1986 = VERTEX_POINT('',#1987);
#1987 = CARTESIAN_POINT('',(-60.,-4.48,267.16741132488));
#1988 = LINE('',#1989,#1990);
#1989 = CARTESIAN_POINT('',(-60.,-3.932524847269,267.16741132488));
#1990 = VECTOR('',#1991,1.);
#1991 = DIRECTION('',(0.,-1.,0.));
#1992 = ORIENTED_EDGE('',*,*,#1993,.T.);
#1993 = EDGE_CURVE('',#1986,#1994,#1996,.T.);
#1994 = VERTEX_POINT('',#1995);
#1995 = CARTESIAN_POINT('',(-60.,-4.48,271.57153278015));
#1996 = LINE('',#1997,#1998);
#1997 = CARTESIAN_POINT('',(-60.,-4.48,211.25322193457));
#1998 = VECTOR('',#1999,1.);
#1999 = DIRECTION('',(0.,1.224646799147E-16,1.));
#2000 = ORIENTED_EDGE('',*,*,#2001,.T.);
#2001 = EDGE_CURVE('',#1994,#2002,#2004,.T.);
#2002 = VERTEX_POINT('',#2003);
#2003 = CARTESIAN_POINT('',(-60.,1.512172882283,271.57153278015));
#2004 = LINE('',#2005,#2006);
#2005 = CARTESIAN_POINT('',(-60.,0.756086441142,271.57153278015));
#2006 = VECTOR('',#2007,1.);
#2007 = DIRECTION('',(0.,1.,0.));
#2008 = ORIENTED_EDGE('',*,*,#2009,.T.);
#2009 = EDGE_CURVE('',#2002,#2010,#2012,.T.);
#2010 = VERTEX_POINT('',#2011);
#2011 = CARTESIAN_POINT('',(-60.,1.512172882283,263.83997446886));
#2012 = LINE('',#2013,#2014);
#2013 = CARTESIAN_POINT('',(-60.,1.512172882283,256.70694674536));
#2014 = VECTOR('',#2015,1.);
#2015 = DIRECTION('',(0.,0.,-1.));
#2016 = ORIENTED_EDGE('',*,*,#2017,.T.);
#2017 = EDGE_CURVE('',#2010,#2018,#2020,.T.);
#2018 = VERTEX_POINT('',#2019);
#2019 = CARTESIAN_POINT('',(-60.,-2.521017598249,263.83997446886));
#2020 = LINE('',#2021,#2022);
#2021 = CARTESIAN_POINT('',(-60.,-1.260508799125,263.83997446886));
#2022 = VECTOR('',#2023,1.);
#2023 = DIRECTION('',(0.,-1.,0.));
#2024 = ORIENTED_EDGE('',*,*,#2025,.T.);
#2025 = EDGE_CURVE('',#2018,#1984,#2026,.T.);
#2026 = LINE('',#2027,#2028);
#2027 = CARTESIAN_POINT('',(-60.,-2.521017598249,258.37066517337));
#2028 = VECTOR('',#2029,1.);
#2029 = DIRECTION('',(0.,0.,1.));
#2030 = FACE_BOUND('',#2031,.T.);
#2031 = EDGE_LOOP('',(#2032,#2042,#2050,#2058,#2066,#2074,#2082,#2090));
#2032 = ORIENTED_EDGE('',*,*,#2033,.F.);
#2033 = EDGE_CURVE('',#2034,#2036,#2038,.T.);
#2034 = VERTEX_POINT('',#2035);
#2035 = CARTESIAN_POINT('',(-60.,4.48,275.77322877724));
#2036 = VERTEX_POINT('',#2037);
#2037 = CARTESIAN_POINT('',(-60.,4.48,280.47825294064));
#2038 = LINE('',#2039,#2040);
#2039 = CARTESIAN_POINT('',(-60.,4.48,211.25322193457));
#2040 = VECTOR('',#2041,1.);
#2041 = DIRECTION('',(0.,1.224646799147E-16,1.));
#2042 = ORIENTED_EDGE('',*,*,#2043,.T.);
#2043 = EDGE_CURVE('',#2034,#2044,#2046,.T.);
#2044 = VERTEX_POINT('',#2045);
#2045 = CARTESIAN_POINT('',(-60.,-4.48,275.77322877724));
#2046 = LINE('',#2047,#2048);
#2047 = CARTESIAN_POINT('',(-60.,-6.,275.77322877724));
#2048 = VECTOR('',#2049,1.);
#2049 = DIRECTION('',(0.,-1.,0.));
#2050 = ORIENTED_EDGE('',*,*,#2051,.T.);
#2051 = EDGE_CURVE('',#2044,#2052,#2054,.T.);
#2052 = VERTEX_POINT('',#2053);
#2053 = CARTESIAN_POINT('',(-60.,-4.48,280.47825294064));
#2054 = LINE('',#2055,#2056);
#2055 = CARTESIAN_POINT('',(-60.,-4.48,211.25322193457));
#2056 = VECTOR('',#2057,1.);
#2057 = DIRECTION('',(0.,1.224646799147E-16,1.));
#2058 = ORIENTED_EDGE('',*,*,#2059,.T.);
#2059 = EDGE_CURVE('',#2052,#2060,#2062,.T.);
#2060 = VERTEX_POINT('',#2061);
#2061 = CARTESIAN_POINT('',(-60.,-1.64675845719,280.47825294064));
#2062 = LINE('',#2063,#2064);
#2063 = CARTESIAN_POINT('',(-60.,-0.823379228595,280.47825294064));
#2064 = VECTOR('',#2065,1.);
#2065 = DIRECTION('',(0.,1.,0.));
#2066 = ORIENTED_EDGE('',*,*,#2067,.T.);
#2067 = EDGE_CURVE('',#2060,#2068,#2070,.T.);
#2068 = VERTEX_POINT('',#2069);
#2069 = CARTESIAN_POINT('',(-60.,-1.64675845719,290.39491200875));
#2070 = LINE('',#2071,#2072);
#2071 = CARTESIAN_POINT('',(-60.,-1.64675845719,269.98441551531));
#2072 = VECTOR('',#2073,1.);
#2073 = DIRECTION('',(0.,0.,1.));
#2074 = ORIENTED_EDGE('',*,*,#2075,.T.);
#2075 = EDGE_CURVE('',#2068,#2076,#2078,.T.);
#2076 = VERTEX_POINT('',#2077);
#2077 = CARTESIAN_POINT('',(-60.,2.554937539892,290.39491200875));
#2078 = LINE('',#2079,#2080);
#2079 = CARTESIAN_POINT('',(-60.,1.277468769946,290.39491200875));
#2080 = VECTOR('',#2081,1.);
#2081 = DIRECTION('',(0.,1.,0.));
#2082 = ORIENTED_EDGE('',*,*,#2083,.T.);
#2083 = EDGE_CURVE('',#2076,#2084,#2086,.T.);
#2084 = VERTEX_POINT('',#2085);
#2085 = CARTESIAN_POINT('',(-60.,2.554937539892,280.47825294064));
#2086 = LINE('',#2087,#2088);
#2087 = CARTESIAN_POINT('',(-60.,2.554937539892,265.02608598125));
#2088 = VECTOR('',#2089,1.);
#2089 = DIRECTION('',(0.,0.,-1.));
#2090 = ORIENTED_EDGE('',*,*,#2091,.T.);
#2091 = EDGE_CURVE('',#2084,#2036,#2092,.T.);
#2092 = LINE('',#2093,#2094);
#2093 = CARTESIAN_POINT('',(-60.,3.899152001459,280.47825294064));
#2094 = VECTOR('',#2095,1.);
#2095 = DIRECTION('',(0.,1.,0.));
#2096 = FACE_BOUND('',#2097,.T.);
#2097 = EDGE_LOOP('',(#2098,#2119,#2146,#2161,#2176,#2184,#2192,#2200,
    #2210,#2221,#2253));
#2098 = ORIENTED_EDGE('',*,*,#2099,.T.);
#2099 = EDGE_CURVE('',#2100,#2102,#2104,.T.);
#2100 = VERTEX_POINT('',#2101);
#2101 = CARTESIAN_POINT('',(-60.,-6.08,254.84566237886));
#2102 = VERTEX_POINT('',#2103);
#2103 = CARTESIAN_POINT('',(-60.,-9.092732743686,256.52858575727));
#2104 = B_SPLINE_CURVE_WITH_KNOTS('',4,(#2105,#2106,#2107,#2108,#2109,
    #2110,#2111,#2112,#2113,#2114,#2115,#2116,#2117,#2118),
  .UNSPECIFIED.,.F.,.F.,(5,3,3,3,5),(0.,0.257486934631,0.508921568807,
    0.755873837068,1.),.UNSPECIFIED.);
#2105 = CARTESIAN_POINT('',(-60.,-6.079994971428,254.84566052017));
#2106 = CARTESIAN_POINT('',(-60.,-6.289389650875,254.92305790847));
#2107 = CARTESIAN_POINT('',(-60.,-6.49688287457,255.00552364376));
#2108 = CARTESIAN_POINT('',(-60.,-6.702209323534,255.09320861114));
#2109 = CARTESIAN_POINT('',(-60.,-7.103164458609,255.27703085718));
#2110 = CARTESIAN_POINT('',(-60.,-7.298908290934,255.3729203852));
#2111 = CARTESIAN_POINT('',(-60.,-7.492023985461,255.47397396756));
#2112 = CARTESIAN_POINT('',(-60.,-7.869024116709,255.68456748191));
#2113 = CARTESIAN_POINT('',(-60.,-8.05301266814,255.79392365697));
#2114 = CARTESIAN_POINT('',(-60.,-8.233907326597,255.90831016856));
#2115 = CARTESIAN_POINT('',(-60.,-8.586940876519,256.14567461737));
#2116 = CARTESIAN_POINT('',(-60.,-8.759157328802,256.26853930041));
#2117 = CARTESIAN_POINT('',(-60.,-8.927829868754,256.39621852545));
#2118 = CARTESIAN_POINT('',(-60.,-9.092732743686,256.52858575727));
#2119 = ORIENTED_EDGE('',*,*,#2120,.T.);
#2120 = EDGE_CURVE('',#2102,#2121,#2123,.T.);
#2121 = VERTEX_POINT('',#2122);
#2122 = CARTESIAN_POINT('',(-60.,-12.33591684143,264.4450624601));
#2123 = B_SPLINE_CURVE_WITH_KNOTS('',6,(#2124,#2125,#2126,#2127,#2128,
    #2129,#2130,#2131,#2132,#2133,#2134,#2135,#2136,#2137,#2138,#2139,
    #2140,#2141,#2142,#2143,#2144,#2145),.UNSPECIFIED.,.F.,.F.,(7,5,5,5,
    7),(0.,0.179869583009,0.471096568404,0.631067684399,1.),
  .UNSPECIFIED.);
#2124 = CARTESIAN_POINT('',(-60.,-9.092732743686,256.52858575727));
#2125 = CARTESIAN_POINT('',(-60.,-9.299752209441,256.69488580719));
#2126 = CARTESIAN_POINT('',(-60.,-9.50041959593,256.86906760931));
#2127 = CARTESIAN_POINT('',(-60.,-9.694162042544,257.0510419495));
#2128 = CARTESIAN_POINT('',(-60.,-9.880461012189,257.2406227705));
#2129 = CARTESIAN_POINT('',(-60.,-10.05886924247,257.43750981395));
#2130 = CARTESIAN_POINT('',(-60.,-10.50453138627,257.97118158648));
#2131 = CARTESIAN_POINT('',(-60.,-10.75848482137,258.31920452156));
#2132 = CARTESIAN_POINT('',(-60.,-10.98925721031,258.68342773097));
#2133 = CARTESIAN_POINT('',(-60.,-11.19635502118,259.06158135593));
#2134 = CARTESIAN_POINT('',(-60.,-11.38008179516,259.45123923106));
#2135 = CARTESIAN_POINT('',(-60.,-11.62978853423,260.06902420116));
#2136 = CARTESIAN_POINT('',(-60.,-11.7115303802,260.29083652404));
#2137 = CARTESIAN_POINT('',(-60.,-11.78662764785,260.51506378364));
#2138 = CARTESIAN_POINT('',(-60.,-11.85527414319,260.7413694752));
#2139 = CARTESIAN_POINT('',(-60.,-11.91769325709,260.969449878));
#2140 = CARTESIAN_POINT('',(-60.,-12.10425444693,261.72853073529));
#2141 = CARTESIAN_POINT('',(-60.,-12.20248749009,262.2659277293));
#2142 = CARTESIAN_POINT('',(-60.,-12.27180377539,262.8082143379));
#2143 = CARTESIAN_POINT('',(-60.,-12.31534408538,263.35307213055));
#2144 = CARTESIAN_POINT('',(-60.,-12.33591684143,263.8989481594));
#2145 = CARTESIAN_POINT('',(-60.,-12.33591684143,264.4450624601));
#2146 = ORIENTED_EDGE('',*,*,#2147,.T.);
#2147 = EDGE_CURVE('',#2121,#2148,#2150,.T.);
#2148 = VERTEX_POINT('',#2149);
#2149 = CARTESIAN_POINT('',(-60.,-12.03282574997,268.1423360992));
#2150 = B_SPLINE_CURVE_WITH_KNOTS('',5,(#2151,#2152,#2153,#2154,#2155,
    #2156,#2157,#2158,#2159,#2160),.UNSPECIFIED.,.F.,.F.,(6,4,6),(0.,
    0.519414645936,1.),.UNSPECIFIED.);
#2151 = CARTESIAN_POINT('',(-60.,-12.33591684143,264.4450624601));
#2152 = CARTESIAN_POINT('',(-60.,-12.33591684143,264.83296594876));
#2153 = CARTESIAN_POINT('',(-60.,-12.32890776245,265.22041598506));
#2154 = CARTESIAN_POINT('',(-60.,-12.31436070062,265.60721809011));
#2155 = CARTESIAN_POINT('',(-60.,-12.29167114432,265.9930936923));
#2156 = CARTESIAN_POINT('',(-60.,-12.23097382668,266.73351331797));
#2157 = CARTESIAN_POINT('',(-60.,-12.19423885476,267.08823630777));
#2158 = CARTESIAN_POINT('',(-60.,-12.14938758162,267.44156073303));
#2159 = CARTESIAN_POINT('',(-60.,-12.09580761668,267.79309369031));
#2160 = CARTESIAN_POINT('',(-60.,-12.03282574997,268.1423360992));
#2161 = ORIENTED_EDGE('',*,*,#2162,.T.);
#2162 = EDGE_CURVE('',#2148,#2163,#2165,.T.);
#2163 = VERTEX_POINT('',#2164);
#2164 = CARTESIAN_POINT('',(-60.,-10.95832953405,271.57153278015));
#2165 = B_SPLINE_CURVE_WITH_KNOTS('',5,(#2166,#2167,#2168,#2169,#2170,
    #2171,#2172,#2173,#2174,#2175),.UNSPECIFIED.,.F.,.F.,(6,4,6),(0.,
    0.488805552645,1.),.UNSPECIFIED.);
#2166 = CARTESIAN_POINT('',(-60.,-12.03282574997,268.1423360992));
#2167 = CARTESIAN_POINT('',(-60.,-11.97079353095,268.48755888331));
#2168 = CARTESIAN_POINT('',(-60.,-11.89699837356,268.83098484648));
#2169 = CARTESIAN_POINT('',(-60.,-11.81201809405,269.17219698439));
#2170 = CARTESIAN_POINT('',(-60.,-11.71649335487,269.51088571889));
#2171 = CARTESIAN_POINT('',(-60.,-11.50078184618,270.19816803978));
#2172 = CARTESIAN_POINT('',(-60.,-11.37966641627,270.54650310099));
#2173 = CARTESIAN_POINT('',(-60.,-11.24842465083,270.89159472717));
#2174 = CARTESIAN_POINT('',(-60.,-11.10776393601,271.23329457288));
#2175 = CARTESIAN_POINT('',(-60.,-10.95832953405,271.57153278015));
#2176 = ORIENTED_EDGE('',*,*,#2177,.T.);
#2177 = EDGE_CURVE('',#2163,#2178,#2180,.T.);
#2178 = VERTEX_POINT('',#2179);
#2179 = CARTESIAN_POINT('',(-60.,-6.08,271.57153278015));
#2180 = LINE('',#2181,#2182);
#2181 = CARTESIAN_POINT('',(-60.,0.756086441142,271.57153278015));
#2182 = VECTOR('',#2183,1.);
#2183 = DIRECTION('',(0.,1.,0.));
#2184 = ORIENTED_EDGE('',*,*,#2185,.F.);
#2185 = EDGE_CURVE('',#2186,#2178,#2188,.T.);
#2186 = VERTEX_POINT('',#2187);
#2187 = CARTESIAN_POINT('',(-60.,-6.08,267.16741132488));
#2188 = LINE('',#2189,#2190);
#2189 = CARTESIAN_POINT('',(-60.,-6.08,211.25322193457));
#2190 = VECTOR('',#2191,1.);
#2191 = DIRECTION('',(0.,1.224646799147E-16,1.));
#2192 = ORIENTED_EDGE('',*,*,#2193,.T.);
#2193 = EDGE_CURVE('',#2186,#2194,#2196,.T.);
#2194 = VERTEX_POINT('',#2195);
#2195 = CARTESIAN_POINT('',(-60.,-7.865049694538,267.16741132488));
#2196 = LINE('',#2197,#2198);
#2197 = CARTESIAN_POINT('',(-60.,-3.932524847269,267.16741132488));
#2198 = VECTOR('',#2199,1.);
#2199 = DIRECTION('',(0.,-1.,0.));
#2200 = ORIENTED_EDGE('',*,*,#2201,.T.);
#2201 = EDGE_CURVE('',#2194,#2202,#2204,.T.);
#2202 = VERTEX_POINT('',#2203);
#2203 = CARTESIAN_POINT('',(-60.,-8.101395094374,265.92331540074));
#2204 = B_SPLINE_CURVE_WITH_KNOTS('',4,(#2205,#2206,#2207,#2208,#2209),
  .UNSPECIFIED.,.F.,.F.,(5,5),(0.,1.),.PIECEWISE_BEZIER_KNOTS.);
#2205 = CARTESIAN_POINT('',(-60.,-7.865049694538,267.16741132488));
#2206 = CARTESIAN_POINT('',(-60.,-7.933228491991,266.86088388593));
#2207 = CARTESIAN_POINT('',(-60.,-7.995206382734,266.55118222504));
#2208 = CARTESIAN_POINT('',(-60.,-8.05119038978,266.23857935217));
#2209 = CARTESIAN_POINT('',(-60.,-8.101395094374,265.92331540074));
#2210 = ORIENTED_EDGE('',*,*,#2211,.T.);
#2211 = EDGE_CURVE('',#2202,#2212,#2214,.T.);
#2212 = VERTEX_POINT('',#2213);
#2213 = CARTESIAN_POINT('',(-60.,-8.202060727637,264.54572809337));
#2214 = B_SPLINE_CURVE_WITH_KNOTS('',5,(#2215,#2216,#2217,#2218,#2219,
    #2220),.UNSPECIFIED.,.F.,.F.,(6,6),(0.,1.),
  .PIECEWISE_BEZIER_KNOTS.);
#2215 = CARTESIAN_POINT('',(-60.,-8.101395094374,265.92331540074));
#2216 = CARTESIAN_POINT('',(-60.,-8.143466112879,265.65671318565));
#2217 = CARTESIAN_POINT('',(-60.,-8.173643888039,265.38472919157));
#2218 = CARTESIAN_POINT('',(-60.,-8.19286418091,265.10838644877));
#2219 = CARTESIAN_POINT('',(-60.,-8.202060727637,264.82851849328));
#2220 = CARTESIAN_POINT('',(-60.,-8.202060727637,264.54572809337));
#2221 = ORIENTED_EDGE('',*,*,#2222,.T.);
#2222 = EDGE_CURVE('',#2212,#2223,#2225,.T.);
#2223 = VERTEX_POINT('',#2224);
#2224 = CARTESIAN_POINT('',(-60.,-6.08,260.25078594986));
#2225 = B_SPLINE_CURVE_WITH_KNOTS('',6,(#2226,#2227,#2228,#2229,#2230,
    #2231,#2232,#2233,#2234,#2235,#2236,#2237,#2238,#2239,#2240,#2241,
    #2242,#2243,#2244,#2245,#2246,#2247,#2248,#2249,#2250,#2251,#2252),
  .UNSPECIFIED.,.F.,.F.,(7,5,5,5,5,7),(0.,0.262174321965,0.392865351647,
    0.646406333957,0.881302287369,1.),.UNSPECIFIED.);
#2226 = CARTESIAN_POINT('',(-60.,-8.202060727637,264.54572809337));
#2227 = CARTESIAN_POINT('',(-60.,-8.202060727637,264.32583558787));
#2228 = CARTESIAN_POINT('',(-60.,-8.194650088453,264.10609675324));
#2229 = CARTESIAN_POINT('',(-60.,-8.179199255658,263.88681008371));
#2230 = CARTESIAN_POINT('',(-60.,-8.155025697463,263.66841776058));
#2231 = CARTESIAN_POINT('',(-60.,-8.121428149506,263.4515017954));
#2232 = CARTESIAN_POINT('',(-60.,-8.05602818667,263.12973166563));
#2233 = CARTESIAN_POINT('',(-60.,-8.031776352283,263.02323767199));
#2234 = CARTESIAN_POINT('',(-60.,-8.004952728995,262.91738128049));
#2235 = CARTESIAN_POINT('',(-60.,-7.975486879664,262.81226316751));
#2236 = CARTESIAN_POINT('',(-60.,-7.943318351576,262.70799222576));
#2237 = CARTESIAN_POINT('',(-60.,-7.840661583005,262.40426658086));
#2238 = CARTESIAN_POINT('',(-60.,-7.762564515599,262.20743652397));
#2239 = CARTESIAN_POINT('',(-60.,-7.673790459356,262.01510730572));
#2240 = CARTESIAN_POINT('',(-60.,-7.574216346497,261.82818807538));
#2241 = CARTESIAN_POINT('',(-60.,-7.464004995156,261.64753843381));
#2242 = CARTESIAN_POINT('',(-60.,-7.232231665571,261.31307484501));
#2243 = CARTESIAN_POINT('',(-60.,-7.112073785636,261.15822585927));
#2244 = CARTESIAN_POINT('',(-60.,-6.983637580559,261.00998370189));
#2245 = CARTESIAN_POINT('',(-60.,-6.847504057414,260.8687274703));
#2246 = CARTESIAN_POINT('',(-60.,-6.704369765513,260.73465162375));
#2247 = CARTESIAN_POINT('',(-60.,-6.479517320675,260.54371431406));
#2248 = CARTESIAN_POINT('',(-60.,-6.40243862327,260.48146136607));
#2249 = CARTESIAN_POINT('',(-60.,-6.323855242373,260.42105446599));
#2250 = CARTESIAN_POINT('',(-60.,-6.243860404773,260.36248538865));
#2251 = CARTESIAN_POINT('',(-60.,-6.162545335118,260.30573672124));
#2252 = CARTESIAN_POINT('',(-60.,-6.079997415979,260.25078422966));
#2253 = ORIENTED_EDGE('',*,*,#2254,.F.);
#2254 = EDGE_CURVE('',#2100,#2223,#2255,.T.);
#2255 = LINE('',#2256,#2257);
#2256 = CARTESIAN_POINT('',(-60.,-6.08,211.25322193457));
#2257 = VECTOR('',#2258,1.);
#2258 = DIRECTION('',(0.,1.224646799147E-16,1.));
#2259 = FACE_BOUND('',#2260,.T.);
#2260 = EDGE_LOOP('',(#2261,#2271,#2279,#2287,#2295,#2303));
#2261 = ORIENTED_EDGE('',*,*,#2262,.F.);
#2262 = EDGE_CURVE('',#2263,#2265,#2267,.T.);
#2263 = VERTEX_POINT('',#2264);
#2264 = CARTESIAN_POINT('',(-60.,-6.08,275.77322877724));
#2265 = VERTEX_POINT('',#2266);
#2266 = CARTESIAN_POINT('',(-60.,-6.08,280.47825294064));
#2267 = LINE('',#2268,#2269);
#2268 = CARTESIAN_POINT('',(-60.,-6.08,211.25322193457));
#2269 = VECTOR('',#2270,1.);
#2270 = DIRECTION('',(0.,1.224646799147E-16,1.));
#2271 = ORIENTED_EDGE('',*,*,#2272,.T.);
#2272 = EDGE_CURVE('',#2263,#2273,#2275,.T.);
#2273 = VERTEX_POINT('',#2274);
#2274 = CARTESIAN_POINT('',(-60.,-12.,275.77322877724));
#2275 = LINE('',#2276,#2277);
#2276 = CARTESIAN_POINT('',(-60.,-6.,275.77322877724));
#2277 = VECTOR('',#2278,1.);
#2278 = DIRECTION('',(0.,-1.,0.));
#2279 = ORIENTED_EDGE('',*,*,#2280,.T.);
#2280 = EDGE_CURVE('',#2273,#2281,#2283,.T.);
#2281 = VERTEX_POINT('',#2282);
#2282 = CARTESIAN_POINT('',(-60.,-12.,290.89933436673));
#2283 = LINE('',#2284,#2285);
#2284 = CARTESIAN_POINT('',(-60.,-12.,270.2366266943));
#2285 = VECTOR('',#2286,1.);
#2286 = DIRECTION('',(0.,0.,1.));
#2287 = ORIENTED_EDGE('',*,*,#2288,.T.);
#2288 = EDGE_CURVE('',#2281,#2289,#2291,.T.);
#2289 = VERTEX_POINT('',#2290);
#2290 = CARTESIAN_POINT('',(-60.,-7.798304002918,290.89933436673));
#2291 = LINE('',#2292,#2293);
#2292 = CARTESIAN_POINT('',(-60.,-3.899152001459,290.89933436673));
#2293 = VECTOR('',#2294,1.);
#2294 = DIRECTION('',(0.,1.,0.));
#2295 = ORIENTED_EDGE('',*,*,#2296,.T.);
#2296 = EDGE_CURVE('',#2289,#2297,#2299,.T.);
#2297 = VERTEX_POINT('',#2298);
#2298 = CARTESIAN_POINT('',(-60.,-7.798304002918,280.47825294064));
#2299 = LINE('',#2300,#2301);
#2300 = CARTESIAN_POINT('',(-60.,-7.798304002918,265.02608598125));
#2301 = VECTOR('',#2302,1.);
#2302 = DIRECTION('',(0.,0.,-1.));
#2303 = ORIENTED_EDGE('',*,*,#2304,.T.);
#2304 = EDGE_CURVE('',#2297,#2265,#2305,.T.);
#2305 = LINE('',#2306,#2307);
#2306 = CARTESIAN_POINT('',(-60.,-0.823379228595,280.47825294064));
#2307 = VECTOR('',#2308,1.);
#2308 = DIRECTION('',(0.,1.,0.));
#2309 = FACE_BOUND('',#2310,.T.);
#2310 = EDGE_LOOP('',(#2311,#2321,#2329,#2337,#2345,#2353,#2361,#2369));
#2311 = ORIENTED_EDGE('',*,*,#2312,.F.);
#2312 = EDGE_CURVE('',#2313,#2315,#2317,.T.);
#2313 = VERTEX_POINT('',#2314);
#2314 = CARTESIAN_POINT('',(-60.,4.48,295.94136956323));
#2315 = VERTEX_POINT('',#2316);
#2316 = CARTESIAN_POINT('',(-60.,4.48,300.64639372663));
#2317 = LINE('',#2318,#2319);
#2318 = CARTESIAN_POINT('',(-60.,4.48,211.25322193457));
#2319 = VECTOR('',#2320,1.);
#2320 = DIRECTION('',(0.,1.224646799147E-16,1.));
#2321 = ORIENTED_EDGE('',*,*,#2322,.T.);
#2322 = EDGE_CURVE('',#2313,#2323,#2325,.T.);
#2323 = VERTEX_POINT('',#2324);
#2324 = CARTESIAN_POINT('',(-60.,-4.48,295.94136956323));
#2325 = LINE('',#2326,#2327);
#2326 = CARTESIAN_POINT('',(-60.,-6.,295.94136956323));
#2327 = VECTOR('',#2328,1.);
#2328 = DIRECTION('',(0.,-1.,0.));
#2329 = ORIENTED_EDGE('',*,*,#2330,.T.);
#2330 = EDGE_CURVE('',#2323,#2331,#2333,.T.);
#2331 = VERTEX_POINT('',#2332);
#2332 = CARTESIAN_POINT('',(-60.,-4.48,300.64639372663));
#2333 = LINE('',#2334,#2335);
#2334 = CARTESIAN_POINT('',(-60.,-4.48,211.25322193457));
#2335 = VECTOR('',#2336,1.);
#2336 = DIRECTION('',(0.,1.224646799147E-16,1.));
#2337 = ORIENTED_EDGE('',*,*,#2338,.T.);
#2338 = EDGE_CURVE('',#2331,#2339,#2341,.T.);
#2339 = VERTEX_POINT('',#2340);
#2340 = CARTESIAN_POINT('',(-60.,-1.64675845719,300.64639372663));
#2341 = LINE('',#2342,#2343);
#2342 = CARTESIAN_POINT('',(-60.,-0.823379228595,300.64639372663));
#2343 = VECTOR('',#2344,1.);
#2344 = DIRECTION('',(0.,1.,0.));
#2345 = ORIENTED_EDGE('',*,*,#2346,.T.);
#2346 = EDGE_CURVE('',#2339,#2347,#2349,.T.);
#2347 = VERTEX_POINT('',#2348);
#2348 = CARTESIAN_POINT('',(-60.,-1.64675845719,310.56305279474));
#2349 = LINE('',#2350,#2351);
#2350 = CARTESIAN_POINT('',(-60.,-1.64675845719,280.0684859083));
#2351 = VECTOR('',#2352,1.);
#2352 = DIRECTION('',(0.,0.,1.));
#2353 = ORIENTED_EDGE('',*,*,#2354,.T.);
#2354 = EDGE_CURVE('',#2347,#2355,#2357,.T.);
#2355 = VERTEX_POINT('',#2356);
#2356 = CARTESIAN_POINT('',(-60.,2.554937539892,310.56305279474));
#2357 = LINE('',#2358,#2359);
#2358 = CARTESIAN_POINT('',(-60.,1.277468769946,310.56305279474));
#2359 = VECTOR('',#2360,1.);
#2360 = DIRECTION('',(0.,1.,0.));
#2361 = ORIENTED_EDGE('',*,*,#2362,.T.);
#2362 = EDGE_CURVE('',#2355,#2363,#2365,.T.);
#2363 = VERTEX_POINT('',#2364);
#2364 = CARTESIAN_POINT('',(-60.,2.554937539892,300.64639372663));
#2365 = LINE('',#2366,#2367);
#2366 = CARTESIAN_POINT('',(-60.,2.554937539892,275.11015637425));
#2367 = VECTOR('',#2368,1.);
#2368 = DIRECTION('',(0.,0.,-1.));
#2369 = ORIENTED_EDGE('',*,*,#2370,.T.);
#2370 = EDGE_CURVE('',#2363,#2315,#2371,.T.);
#2371 = LINE('',#2372,#2373);
#2372 = CARTESIAN_POINT('',(-60.,3.899152001459,300.64639372663));
#2373 = VECTOR('',#2374,1.);
#2374 = DIRECTION('',(0.,1.,0.));
#2375 = FACE_BOUND('',#2376,.T.);
#2376 = EDGE_LOOP('',(#2377,#2387,#2395,#2403,#2411,#2419));
#2377 = ORIENTED_EDGE('',*,*,#2378,.F.);
#2378 = EDGE_CURVE('',#2379,#2381,#2383,.T.);
#2379 = VERTEX_POINT('',#2380);
#2380 = CARTESIAN_POINT('',(-60.,-6.08,295.94136956323));
#2381 = VERTEX_POINT('',#2382);
#2382 = CARTESIAN_POINT('',(-60.,-6.08,300.64639372663));
#2383 = LINE('',#2384,#2385);
#2384 = CARTESIAN_POINT('',(-60.,-6.08,211.25322193457));
#2385 = VECTOR('',#2386,1.);
#2386 = DIRECTION('',(0.,1.224646799147E-16,1.));
#2387 = ORIENTED_EDGE('',*,*,#2388,.T.);
#2388 = EDGE_CURVE('',#2379,#2389,#2391,.T.);
#2389 = VERTEX_POINT('',#2390);
#2390 = CARTESIAN_POINT('',(-60.,-12.,295.94136956323));
#2391 = LINE('',#2392,#2393);
#2392 = CARTESIAN_POINT('',(-60.,-6.,295.94136956323));
#2393 = VECTOR('',#2394,1.);
#2394 = DIRECTION('',(0.,-1.,0.));
#2395 = ORIENTED_EDGE('',*,*,#2396,.T.);
#2396 = EDGE_CURVE('',#2389,#2397,#2399,.T.);
#2397 = VERTEX_POINT('',#2398);
#2398 = CARTESIAN_POINT('',(-60.,-12.,311.06747515273));
#2399 = LINE('',#2400,#2401);
#2400 = CARTESIAN_POINT('',(-60.,-12.,280.3206970873));
#2401 = VECTOR('',#2402,1.);
#2402 = DIRECTION('',(0.,0.,1.));
#2403 = ORIENTED_EDGE('',*,*,#2404,.T.);
#2404 = EDGE_CURVE('',#2397,#2405,#2407,.T.);
#2405 = VERTEX_POINT('',#2406);
#2406 = CARTESIAN_POINT('',(-60.,-7.798304002918,311.06747515273));
#2407 = LINE('',#2408,#2409);
#2408 = CARTESIAN_POINT('',(-60.,-3.899152001459,311.06747515273));
#2409 = VECTOR('',#2410,1.);
#2410 = DIRECTION('',(0.,1.,0.));
#2411 = ORIENTED_EDGE('',*,*,#2412,.T.);
#2412 = EDGE_CURVE('',#2405,#2413,#2415,.T.);
#2413 = VERTEX_POINT('',#2414);
#2414 = CARTESIAN_POINT('',(-60.,-7.798304002918,300.64639372663));
#2415 = LINE('',#2416,#2417);
#2416 = CARTESIAN_POINT('',(-60.,-7.798304002918,275.11015637425));
#2417 = VECTOR('',#2418,1.);
#2418 = DIRECTION('',(0.,0.,-1.));
#2419 = ORIENTED_EDGE('',*,*,#2420,.T.);
#2420 = EDGE_CURVE('',#2413,#2381,#2421,.T.);
#2421 = LINE('',#2422,#2423);
#2422 = CARTESIAN_POINT('',(-60.,-0.823379228595,300.64639372663));
#2423 = VECTOR('',#2424,1.);
#2424 = DIRECTION('',(0.,1.,0.));
#2425 = FACE_BOUND('',#2426,.T.);
#2426 = EDGE_LOOP('',(#2427,#2437,#2445,#2453,#2461,#2469));
#2427 = ORIENTED_EDGE('',*,*,#2428,.T.);
#2428 = EDGE_CURVE('',#2429,#2431,#2433,.T.);
#2429 = VERTEX_POINT('',#2430);
#2430 = CARTESIAN_POINT('',(-60.,-26.94656262468,321.7));
#2431 = VERTEX_POINT('',#2432);
#2432 = CARTESIAN_POINT('',(-60.,-24.81036662868,318.));
#2433 = LINE('',#2434,#2435);
#2434 = CARTESIAN_POINT('',(-60.,-6.894389697983,286.96861768878));
#2435 = VECTOR('',#2436,1.);
#2436 = DIRECTION('',(0.,0.5,-0.866025403784));
#2437 = ORIENTED_EDGE('',*,*,#2438,.T.);
#2438 = EDGE_CURVE('',#2431,#2439,#2441,.T.);
#2439 = VERTEX_POINT('',#2440);
#2440 = CARTESIAN_POINT('',(-60.,-26.94656262468,314.3));
#2441 = LINE('',#2442,#2443);
#2442 = CARTESIAN_POINT('',(-60.,-37.59184990021,295.86182157761));
#2443 = VECTOR('',#2444,1.);
#2444 = DIRECTION('',(-0.,-0.5,-0.866025403784));
#2445 = ORIENTED_EDGE('',*,*,#2446,.T.);
#2446 = EDGE_CURVE('',#2439,#2447,#2449,.T.);
#2447 = VERTEX_POINT('',#2448);
#2448 = CARTESIAN_POINT('',(-60.,-31.21895461669,314.3));
#2449 = LINE('',#2450,#2451);
#2450 = CARTESIAN_POINT('',(-60.,-15.60947730834,314.3));
#2451 = VECTOR('',#2452,1.);
#2452 = DIRECTION('',(0.,-1.,4.157757159748E-16));
#2453 = ORIENTED_EDGE('',*,*,#2454,.T.);
#2454 = EDGE_CURVE('',#2447,#2455,#2457,.T.);
#2455 = VERTEX_POINT('',#2456);
#2456 = CARTESIAN_POINT('',(-60.,-33.35515061269,318.));
#2457 = LINE('',#2458,#2459);
#2458 = CARTESIAN_POINT('',(-60.,-14.37107568398,285.11861768878));
#2459 = VECTOR('',#2460,1.);
#2460 = DIRECTION('',(0.,-0.5,0.866025403784));
#2461 = ORIENTED_EDGE('',*,*,#2462,.T.);
#2462 = EDGE_CURVE('',#2455,#2463,#2465,.T.);
#2463 = VERTEX_POINT('',#2464);
#2464 = CARTESIAN_POINT('',(-60.,-31.21895461669,321.7));
#2465 = LINE('',#2466,#2467);
#2466 = CARTESIAN_POINT('',(-60.,-42.93233989022,301.41182157761));
#2467 = VECTOR('',#2468,1.);
#2468 = DIRECTION('',(0.,0.5,0.866025403784));
#2469 = ORIENTED_EDGE('',*,*,#2470,.T.);
#2470 = EDGE_CURVE('',#2463,#2429,#2471,.T.);
#2471 = LINE('',#2472,#2473);
#2472 = CARTESIAN_POINT('',(-60.,-13.47328131234,321.7));
#2473 = VECTOR('',#2474,1.);
#2474 = DIRECTION('',(0.,1.,1.039439289937E-16));
#2475 = PLANE('',#2476);
#2476 = AXIS2_PLACEMENT_3D('',#2477,#2478,#2479);
#2477 = CARTESIAN_POINT('',(-60.,2.509867998718E-15,249.57391902187));
#2478 = DIRECTION('',(-1.,-0.,-0.));
#2479 = DIRECTION('',(0.,0.,-1.));
#2480 = ADVANCED_FACE('',(#2481,#2956,#2990,#3001,#3035,#3551,#3585),
  #3596,.T.);
#2481 = FACE_BOUND('',#2482,.F.);
#2482 = EDGE_LOOP('',(#2483,#2484,#2485,#2493,#2501,#2509,#2517,#2525,
    #2533,#2541,#2549,#2557,#2565,#2573,#2581,#2589,#2597,#2605,#2613,
    #2621,#2629,#2637,#2645,#2653,#2661,#2669,#2677,#2685,#2693,#2701,
    #2709,#2717,#2725,#2733,#2741,#2749,#2757,#2765,#2773,#2781,#2789,
    #2797,#2805,#2813,#2821,#2829,#2837,#2845,#2853,#2861,#2869,#2877,
    #2885,#2893,#2901,#2909,#2917,#2925,#2933,#2941,#2949,#2955));
#2483 = ORIENTED_EDGE('',*,*,#31,.T.);
#2484 = ORIENTED_EDGE('',*,*,#169,.T.);
#2485 = ORIENTED_EDGE('',*,*,#2486,.T.);
#2486 = EDGE_CURVE('',#170,#2487,#2489,.T.);
#2487 = VERTEX_POINT('',#2488);
#2488 = CARTESIAN_POINT('',(-100.,61.154679802956,189.6));
#2489 = LINE('',#2490,#2491);
#2490 = CARTESIAN_POINT('',(-100.,61.43645320197,184.4));
#2491 = VECTOR('',#2492,1.);
#2492 = DIRECTION('',(0.,-5.410781326283E-02,0.998535099305));
#2493 = ORIENTED_EDGE('',*,*,#2494,.T.);
#2494 = EDGE_CURVE('',#2487,#2495,#2497,.T.);
#2495 = VERTEX_POINT('',#2496);
#2496 = CARTESIAN_POINT('',(-100.,60.872906403941,194.8));
#2497 = LINE('',#2498,#2499);
#2498 = CARTESIAN_POINT('',(-100.,61.154679802956,189.6));
#2499 = VECTOR('',#2500,1.);
#2500 = DIRECTION('',(0.,-5.410781326283E-02,0.998535099305));
#2501 = ORIENTED_EDGE('',*,*,#2502,.T.);
#2502 = EDGE_CURVE('',#2495,#2503,#2505,.T.);
#2503 = VERTEX_POINT('',#2504);
#2504 = CARTESIAN_POINT('',(-100.,60.591133004926,200.));
#2505 = LINE('',#2506,#2507);
#2506 = CARTESIAN_POINT('',(-100.,60.872906403941,194.8));
#2507 = VECTOR('',#2508,1.);
#2508 = DIRECTION('',(0.,-5.410781326283E-02,0.998535099305));
#2509 = ORIENTED_EDGE('',*,*,#2510,.T.);
#2510 = EDGE_CURVE('',#2503,#2511,#2513,.T.);
#2511 = VERTEX_POINT('',#2512);
#2512 = CARTESIAN_POINT('',(-100.,60.309359605911,205.2));
#2513 = LINE('',#2514,#2515);
#2514 = CARTESIAN_POINT('',(-100.,60.591133004926,200.));
#2515 = VECTOR('',#2516,1.);
#2516 = DIRECTION('',(0.,-5.410781326283E-02,0.998535099305));
#2517 = ORIENTED_EDGE('',*,*,#2518,.T.);
#2518 = EDGE_CURVE('',#2511,#2519,#2521,.T.);
#2519 = VERTEX_POINT('',#2520);
#2520 = CARTESIAN_POINT('',(-100.,60.027586206897,210.4));
#2521 = LINE('',#2522,#2523);
#2522 = CARTESIAN_POINT('',(-100.,60.309359605911,205.2));
#2523 = VECTOR('',#2524,1.);
#2524 = DIRECTION('',(0.,-5.410781326283E-02,0.998535099305));
#2525 = ORIENTED_EDGE('',*,*,#2526,.T.);
#2526 = EDGE_CURVE('',#2519,#2527,#2529,.T.);
#2527 = VERTEX_POINT('',#2528);
#2528 = CARTESIAN_POINT('',(-100.,59.745812807882,215.6));
#2529 = LINE('',#2530,#2531);
#2530 = CARTESIAN_POINT('',(-100.,60.027586206897,210.4));
#2531 = VECTOR('',#2532,1.);
#2532 = DIRECTION('',(0.,-5.410781326283E-02,0.998535099305));
#2533 = ORIENTED_EDGE('',*,*,#2534,.T.);
#2534 = EDGE_CURVE('',#2527,#2535,#2537,.T.);
#2535 = VERTEX_POINT('',#2536);
#2536 = CARTESIAN_POINT('',(-100.,59.464039408867,220.8));
#2537 = LINE('',#2538,#2539);
#2538 = CARTESIAN_POINT('',(-100.,59.745812807882,215.6));
#2539 = VECTOR('',#2540,1.);
#2540 = DIRECTION('',(0.,-5.410781326283E-02,0.998535099305));
#2541 = ORIENTED_EDGE('',*,*,#2542,.T.);
#2542 = EDGE_CURVE('',#2535,#2543,#2545,.T.);
#2543 = VERTEX_POINT('',#2544);
#2544 = CARTESIAN_POINT('',(-100.,59.182266009852,226.));
#2545 = LINE('',#2546,#2547);
#2546 = CARTESIAN_POINT('',(-100.,59.464039408867,220.8));
#2547 = VECTOR('',#2548,1.);
#2548 = DIRECTION('',(0.,-5.410781326283E-02,0.998535099305));
#2549 = ORIENTED_EDGE('',*,*,#2550,.T.);
#2550 = EDGE_CURVE('',#2543,#2551,#2553,.T.);
#2551 = VERTEX_POINT('',#2552);
#2552 = CARTESIAN_POINT('',(-100.,58.900492610837,231.2));
#2553 = LINE('',#2554,#2555);
#2554 = CARTESIAN_POINT('',(-100.,59.182266009852,226.));
#2555 = VECTOR('',#2556,1.);
#2556 = DIRECTION('',(0.,-5.410781326283E-02,0.998535099305));
#2557 = ORIENTED_EDGE('',*,*,#2558,.T.);
#2558 = EDGE_CURVE('',#2551,#2559,#2561,.T.);
#2559 = VERTEX_POINT('',#2560);
#2560 = CARTESIAN_POINT('',(-100.,58.618719211823,236.4));
#2561 = LINE('',#2562,#2563);
#2562 = CARTESIAN_POINT('',(-100.,58.900492610837,231.2));
#2563 = VECTOR('',#2564,1.);
#2564 = DIRECTION('',(0.,-5.410781326283E-02,0.998535099305));
#2565 = ORIENTED_EDGE('',*,*,#2566,.T.);
#2566 = EDGE_CURVE('',#2559,#2567,#2569,.T.);
#2567 = VERTEX_POINT('',#2568);
#2568 = CARTESIAN_POINT('',(-100.,58.336945812808,241.6));
#2569 = LINE('',#2570,#2571);
#2570 = CARTESIAN_POINT('',(-100.,58.618719211823,236.4));
#2571 = VECTOR('',#2572,1.);
#2572 = DIRECTION('',(0.,-5.410781326283E-02,0.998535099305));
#2573 = ORIENTED_EDGE('',*,*,#2574,.T.);
#2574 = EDGE_CURVE('',#2567,#2575,#2577,.T.);
#2575 = VERTEX_POINT('',#2576);
#2576 = CARTESIAN_POINT('',(-100.,58.055172413793,246.8));
#2577 = LINE('',#2578,#2579);
#2578 = CARTESIAN_POINT('',(-100.,58.336945812808,241.6));
#2579 = VECTOR('',#2580,1.);
#2580 = DIRECTION('',(0.,-5.410781326283E-02,0.998535099305));
#2581 = ORIENTED_EDGE('',*,*,#2582,.T.);
#2582 = EDGE_CURVE('',#2575,#2583,#2585,.T.);
#2583 = VERTEX_POINT('',#2584);
#2584 = CARTESIAN_POINT('',(-100.,57.773399014778,252.));
#2585 = LINE('',#2586,#2587);
#2586 = CARTESIAN_POINT('',(-100.,58.055172413793,246.8));
#2587 = VECTOR('',#2588,1.);
#2588 = DIRECTION('',(0.,-5.410781326283E-02,0.998535099305));
#2589 = ORIENTED_EDGE('',*,*,#2590,.T.);
#2590 = EDGE_CURVE('',#2583,#2591,#2593,.T.);
#2591 = VERTEX_POINT('',#2592);
#2592 = CARTESIAN_POINT('',(-100.,57.491625615764,257.2));
#2593 = LINE('',#2594,#2595);
#2594 = CARTESIAN_POINT('',(-100.,57.773399014778,252.));
#2595 = VECTOR('',#2596,1.);
#2596 = DIRECTION('',(0.,-5.410781326283E-02,0.998535099305));
#2597 = ORIENTED_EDGE('',*,*,#2598,.T.);
#2598 = EDGE_CURVE('',#2591,#2599,#2601,.T.);
#2599 = VERTEX_POINT('',#2600);
#2600 = CARTESIAN_POINT('',(-100.,57.209852216749,262.4));
#2601 = LINE('',#2602,#2603);
#2602 = CARTESIAN_POINT('',(-100.,57.491625615764,257.2));
#2603 = VECTOR('',#2604,1.);
#2604 = DIRECTION('',(0.,-5.410781326283E-02,0.998535099305));
#2605 = ORIENTED_EDGE('',*,*,#2606,.T.);
#2606 = EDGE_CURVE('',#2599,#2607,#2609,.T.);
#2607 = VERTEX_POINT('',#2608);
#2608 = CARTESIAN_POINT('',(-100.,56.928078817734,267.6));
#2609 = LINE('',#2610,#2611);
#2610 = CARTESIAN_POINT('',(-100.,57.209852216749,262.4));
#2611 = VECTOR('',#2612,1.);
#2612 = DIRECTION('',(0.,-5.410781326283E-02,0.998535099305));
#2613 = ORIENTED_EDGE('',*,*,#2614,.T.);
#2614 = EDGE_CURVE('',#2607,#2615,#2617,.T.);
#2615 = VERTEX_POINT('',#2616);
#2616 = CARTESIAN_POINT('',(-100.,56.646305418719,272.8));
#2617 = LINE('',#2618,#2619);
#2618 = CARTESIAN_POINT('',(-100.,56.928078817734,267.6));
#2619 = VECTOR('',#2620,1.);
#2620 = DIRECTION('',(0.,-5.410781326283E-02,0.998535099305));
#2621 = ORIENTED_EDGE('',*,*,#2622,.T.);
#2622 = EDGE_CURVE('',#2615,#2623,#2625,.T.);
#2623 = VERTEX_POINT('',#2624);
#2624 = CARTESIAN_POINT('',(-100.,56.364532019704,278.));
#2625 = LINE('',#2626,#2627);
#2626 = CARTESIAN_POINT('',(-100.,56.646305418719,272.8));
#2627 = VECTOR('',#2628,1.);
#2628 = DIRECTION('',(0.,-5.410781326283E-02,0.998535099305));
#2629 = ORIENTED_EDGE('',*,*,#2630,.T.);
#2630 = EDGE_CURVE('',#2623,#2631,#2633,.T.);
#2631 = VERTEX_POINT('',#2632);
#2632 = CARTESIAN_POINT('',(-100.,56.08275862069,283.2));
#2633 = LINE('',#2634,#2635);
#2634 = CARTESIAN_POINT('',(-100.,56.364532019704,278.));
#2635 = VECTOR('',#2636,1.);
#2636 = DIRECTION('',(0.,-5.410781326283E-02,0.998535099305));
#2637 = ORIENTED_EDGE('',*,*,#2638,.T.);
#2638 = EDGE_CURVE('',#2631,#2639,#2641,.T.);
#2639 = VERTEX_POINT('',#2640);
#2640 = CARTESIAN_POINT('',(-100.,55.800985221675,288.4));
#2641 = LINE('',#2642,#2643);
#2642 = CARTESIAN_POINT('',(-100.,56.08275862069,283.2));
#2643 = VECTOR('',#2644,1.);
#2644 = DIRECTION('',(0.,-5.410781326283E-02,0.998535099305));
#2645 = ORIENTED_EDGE('',*,*,#2646,.T.);
#2646 = EDGE_CURVE('',#2639,#2647,#2649,.T.);
#2647 = VERTEX_POINT('',#2648);
#2648 = CARTESIAN_POINT('',(-100.,55.51921182266,293.6));
#2649 = LINE('',#2650,#2651);
#2650 = CARTESIAN_POINT('',(-100.,55.800985221675,288.4));
#2651 = VECTOR('',#2652,1.);
#2652 = DIRECTION('',(0.,-5.410781326283E-02,0.998535099305));
#2653 = ORIENTED_EDGE('',*,*,#2654,.T.);
#2654 = EDGE_CURVE('',#2647,#2655,#2657,.T.);
#2655 = VERTEX_POINT('',#2656);
#2656 = CARTESIAN_POINT('',(-100.,55.237438423645,298.8));
#2657 = LINE('',#2658,#2659);
#2658 = CARTESIAN_POINT('',(-100.,55.51921182266,293.6));
#2659 = VECTOR('',#2660,1.);
#2660 = DIRECTION('',(0.,-5.410781326283E-02,0.998535099305));
#2661 = ORIENTED_EDGE('',*,*,#2662,.T.);
#2662 = EDGE_CURVE('',#2655,#2663,#2665,.T.);
#2663 = VERTEX_POINT('',#2664);
#2664 = CARTESIAN_POINT('',(-100.,54.955665024631,304.));
#2665 = LINE('',#2666,#2667);
#2666 = CARTESIAN_POINT('',(-100.,55.237438423645,298.8));
#2667 = VECTOR('',#2668,1.);
#2668 = DIRECTION('',(0.,-5.410781326283E-02,0.998535099305));
#2669 = ORIENTED_EDGE('',*,*,#2670,.T.);
#2670 = EDGE_CURVE('',#2663,#2671,#2673,.T.);
#2671 = VERTEX_POINT('',#2672);
#2672 = CARTESIAN_POINT('',(-100.,54.673891625616,309.2));
#2673 = LINE('',#2674,#2675);
#2674 = CARTESIAN_POINT('',(-100.,54.955665024631,304.));
#2675 = VECTOR('',#2676,1.);
#2676 = DIRECTION('',(0.,-5.410781326283E-02,0.998535099305));
#2677 = ORIENTED_EDGE('',*,*,#2678,.T.);
#2678 = EDGE_CURVE('',#2671,#2679,#2681,.T.);
#2679 = VERTEX_POINT('',#2680);
#2680 = CARTESIAN_POINT('',(-100.,54.392118226601,314.4));
#2681 = LINE('',#2682,#2683);
#2682 = CARTESIAN_POINT('',(-100.,54.673891625616,309.2));
#2683 = VECTOR('',#2684,1.);
#2684 = DIRECTION('',(0.,-5.410781326283E-02,0.998535099305));
#2685 = ORIENTED_EDGE('',*,*,#2686,.T.);
#2686 = EDGE_CURVE('',#2679,#2687,#2689,.T.);
#2687 = VERTEX_POINT('',#2688);
#2688 = CARTESIAN_POINT('',(-100.,54.110344827586,319.6));
#2689 = LINE('',#2690,#2691);
#2690 = CARTESIAN_POINT('',(-100.,54.392118226601,314.4));
#2691 = VECTOR('',#2692,1.);
#2692 = DIRECTION('',(0.,-5.410781326283E-02,0.998535099305));
#2693 = ORIENTED_EDGE('',*,*,#2694,.T.);
#2694 = EDGE_CURVE('',#2687,#2695,#2697,.T.);
#2695 = VERTEX_POINT('',#2696);
#2696 = CARTESIAN_POINT('',(-100.,53.828571428571,324.8));
#2697 = LINE('',#2698,#2699);
#2698 = CARTESIAN_POINT('',(-100.,54.110344827586,319.6));
#2699 = VECTOR('',#2700,1.);
#2700 = DIRECTION('',(0.,-5.410781326283E-02,0.998535099305));
#2701 = ORIENTED_EDGE('',*,*,#2702,.T.);
#2702 = EDGE_CURVE('',#2695,#2703,#2705,.T.);
#2703 = VERTEX_POINT('',#2704);
#2704 = CARTESIAN_POINT('',(-100.,53.546798029557,330.));
#2705 = LINE('',#2706,#2707);
#2706 = CARTESIAN_POINT('',(-100.,53.828571428571,324.8));
#2707 = VECTOR('',#2708,1.);
#2708 = DIRECTION('',(0.,-5.410781326283E-02,0.998535099305));
#2709 = ORIENTED_EDGE('',*,*,#2710,.T.);
#2710 = EDGE_CURVE('',#2703,#2711,#2713,.T.);
#2711 = VERTEX_POINT('',#2712);
#2712 = CARTESIAN_POINT('',(-100.,-53.54679802955,330.));
#2713 = LINE('',#2714,#2715);
#2714 = CARTESIAN_POINT('',(-100.,53.546798029557,330.));
#2715 = VECTOR('',#2716,1.);
#2716 = DIRECTION('',(-0.,-1.,-0.));
#2717 = ORIENTED_EDGE('',*,*,#2718,.T.);
#2718 = EDGE_CURVE('',#2711,#2719,#2721,.T.);
#2719 = VERTEX_POINT('',#2720);
#2720 = CARTESIAN_POINT('',(-100.,-53.82857142857,324.8));
#2721 = LINE('',#2722,#2723);
#2722 = CARTESIAN_POINT('',(-100.,-53.54679802955,330.));
#2723 = VECTOR('',#2724,1.);
#2724 = DIRECTION('',(-0.,-5.410781326283E-02,-0.998535099305));
#2725 = ORIENTED_EDGE('',*,*,#2726,.T.);
#2726 = EDGE_CURVE('',#2719,#2727,#2729,.T.);
#2727 = VERTEX_POINT('',#2728);
#2728 = CARTESIAN_POINT('',(-100.,-54.11034482758,319.6));
#2729 = LINE('',#2730,#2731);
#2730 = CARTESIAN_POINT('',(-100.,-53.82857142857,324.8));
#2731 = VECTOR('',#2732,1.);
#2732 = DIRECTION('',(-0.,-5.410781326283E-02,-0.998535099305));
#2733 = ORIENTED_EDGE('',*,*,#2734,.T.);
#2734 = EDGE_CURVE('',#2727,#2735,#2737,.T.);
#2735 = VERTEX_POINT('',#2736);
#2736 = CARTESIAN_POINT('',(-100.,-54.3921182266,314.4));
#2737 = LINE('',#2738,#2739);
#2738 = CARTESIAN_POINT('',(-100.,-54.11034482758,319.6));
#2739 = VECTOR('',#2740,1.);
#2740 = DIRECTION('',(-0.,-5.410781326283E-02,-0.998535099305));
#2741 = ORIENTED_EDGE('',*,*,#2742,.T.);
#2742 = EDGE_CURVE('',#2735,#2743,#2745,.T.);
#2743 = VERTEX_POINT('',#2744);
#2744 = CARTESIAN_POINT('',(-100.,-54.67389162561,309.2));
#2745 = LINE('',#2746,#2747);
#2746 = CARTESIAN_POINT('',(-100.,-54.3921182266,314.4));
#2747 = VECTOR('',#2748,1.);
#2748 = DIRECTION('',(-0.,-5.410781326283E-02,-0.998535099305));
#2749 = ORIENTED_EDGE('',*,*,#2750,.T.);
#2750 = EDGE_CURVE('',#2743,#2751,#2753,.T.);
#2751 = VERTEX_POINT('',#2752);
#2752 = CARTESIAN_POINT('',(-100.,-54.95566502463,304.));
#2753 = LINE('',#2754,#2755);
#2754 = CARTESIAN_POINT('',(-100.,-54.67389162561,309.2));
#2755 = VECTOR('',#2756,1.);
#2756 = DIRECTION('',(-0.,-5.410781326283E-02,-0.998535099305));
#2757 = ORIENTED_EDGE('',*,*,#2758,.T.);
#2758 = EDGE_CURVE('',#2751,#2759,#2761,.T.);
#2759 = VERTEX_POINT('',#2760);
#2760 = CARTESIAN_POINT('',(-100.,-55.23743842364,298.8));
#2761 = LINE('',#2762,#2763);
#2762 = CARTESIAN_POINT('',(-100.,-54.95566502463,304.));
#2763 = VECTOR('',#2764,1.);
#2764 = DIRECTION('',(-0.,-5.410781326283E-02,-0.998535099305));
#2765 = ORIENTED_EDGE('',*,*,#2766,.T.);
#2766 = EDGE_CURVE('',#2759,#2767,#2769,.T.);
#2767 = VERTEX_POINT('',#2768);
#2768 = CARTESIAN_POINT('',(-100.,-55.51921182266,293.6));
#2769 = LINE('',#2770,#2771);
#2770 = CARTESIAN_POINT('',(-100.,-55.23743842364,298.8));
#2771 = VECTOR('',#2772,1.);
#2772 = DIRECTION('',(-0.,-5.410781326283E-02,-0.998535099305));
#2773 = ORIENTED_EDGE('',*,*,#2774,.T.);
#2774 = EDGE_CURVE('',#2767,#2775,#2777,.T.);
#2775 = VERTEX_POINT('',#2776);
#2776 = CARTESIAN_POINT('',(-100.,-55.80098522167,288.4));
#2777 = LINE('',#2778,#2779);
#2778 = CARTESIAN_POINT('',(-100.,-55.51921182266,293.6));
#2779 = VECTOR('',#2780,1.);
#2780 = DIRECTION('',(-0.,-5.410781326283E-02,-0.998535099305));
#2781 = ORIENTED_EDGE('',*,*,#2782,.T.);
#2782 = EDGE_CURVE('',#2775,#2783,#2785,.T.);
#2783 = VERTEX_POINT('',#2784);
#2784 = CARTESIAN_POINT('',(-100.,-56.08275862069,283.2));
#2785 = LINE('',#2786,#2787);
#2786 = CARTESIAN_POINT('',(-100.,-55.80098522167,288.4));
#2787 = VECTOR('',#2788,1.);
#2788 = DIRECTION('',(-0.,-5.410781326283E-02,-0.998535099305));
#2789 = ORIENTED_EDGE('',*,*,#2790,.T.);
#2790 = EDGE_CURVE('',#2783,#2791,#2793,.T.);
#2791 = VERTEX_POINT('',#2792);
#2792 = CARTESIAN_POINT('',(-100.,-56.3645320197,278.));
#2793 = LINE('',#2794,#2795);
#2794 = CARTESIAN_POINT('',(-100.,-56.08275862069,283.2));
#2795 = VECTOR('',#2796,1.);
#2796 = DIRECTION('',(-0.,-5.410781326283E-02,-0.998535099305));
#2797 = ORIENTED_EDGE('',*,*,#2798,.T.);
#2798 = EDGE_CURVE('',#2791,#2799,#2801,.T.);
#2799 = VERTEX_POINT('',#2800);
#2800 = CARTESIAN_POINT('',(-100.,-56.64630541871,272.8));
#2801 = LINE('',#2802,#2803);
#2802 = CARTESIAN_POINT('',(-100.,-56.3645320197,278.));
#2803 = VECTOR('',#2804,1.);
#2804 = DIRECTION('',(-0.,-5.410781326283E-02,-0.998535099305));
#2805 = ORIENTED_EDGE('',*,*,#2806,.T.);
#2806 = EDGE_CURVE('',#2799,#2807,#2809,.T.);
#2807 = VERTEX_POINT('',#2808);
#2808 = CARTESIAN_POINT('',(-100.,-56.92807881773,267.6));
#2809 = LINE('',#2810,#2811);
#2810 = CARTESIAN_POINT('',(-100.,-56.64630541871,272.8));
#2811 = VECTOR('',#2812,1.);
#2812 = DIRECTION('',(-0.,-5.410781326283E-02,-0.998535099305));
#2813 = ORIENTED_EDGE('',*,*,#2814,.T.);
#2814 = EDGE_CURVE('',#2807,#2815,#2817,.T.);
#2815 = VERTEX_POINT('',#2816);
#2816 = CARTESIAN_POINT('',(-100.,-57.20985221674,262.4));
#2817 = LINE('',#2818,#2819);
#2818 = CARTESIAN_POINT('',(-100.,-56.92807881773,267.6));
#2819 = VECTOR('',#2820,1.);
#2820 = DIRECTION('',(-0.,-5.410781326283E-02,-0.998535099305));
#2821 = ORIENTED_EDGE('',*,*,#2822,.T.);
#2822 = EDGE_CURVE('',#2815,#2823,#2825,.T.);
#2823 = VERTEX_POINT('',#2824);
#2824 = CARTESIAN_POINT('',(-100.,-57.49162561576,257.2));
#2825 = LINE('',#2826,#2827);
#2826 = CARTESIAN_POINT('',(-100.,-57.20985221674,262.4));
#2827 = VECTOR('',#2828,1.);
#2828 = DIRECTION('',(-0.,-5.410781326283E-02,-0.998535099305));
#2829 = ORIENTED_EDGE('',*,*,#2830,.T.);
#2830 = EDGE_CURVE('',#2823,#2831,#2833,.T.);
#2831 = VERTEX_POINT('',#2832);
#2832 = CARTESIAN_POINT('',(-100.,-57.77339901477,252.));
#2833 = LINE('',#2834,#2835);
#2834 = CARTESIAN_POINT('',(-100.,-57.49162561576,257.2));
#2835 = VECTOR('',#2836,1.);
#2836 = DIRECTION('',(-0.,-5.410781326283E-02,-0.998535099305));
#2837 = ORIENTED_EDGE('',*,*,#2838,.T.);
#2838 = EDGE_CURVE('',#2831,#2839,#2841,.T.);
#2839 = VERTEX_POINT('',#2840);
#2840 = CARTESIAN_POINT('',(-100.,-58.05517241379,246.8));
#2841 = LINE('',#2842,#2843);
#2842 = CARTESIAN_POINT('',(-100.,-57.77339901477,252.));
#2843 = VECTOR('',#2844,1.);
#2844 = DIRECTION('',(-0.,-5.410781326283E-02,-0.998535099305));
#2845 = ORIENTED_EDGE('',*,*,#2846,.T.);
#2846 = EDGE_CURVE('',#2839,#2847,#2849,.T.);
#2847 = VERTEX_POINT('',#2848);
#2848 = CARTESIAN_POINT('',(-100.,-58.3369458128,241.6));
#2849 = LINE('',#2850,#2851);
#2850 = CARTESIAN_POINT('',(-100.,-58.05517241379,246.8));
#2851 = VECTOR('',#2852,1.);
#2852 = DIRECTION('',(-0.,-5.410781326283E-02,-0.998535099305));
#2853 = ORIENTED_EDGE('',*,*,#2854,.T.);
#2854 = EDGE_CURVE('',#2847,#2855,#2857,.T.);
#2855 = VERTEX_POINT('',#2856);
#2856 = CARTESIAN_POINT('',(-100.,-58.61871921182,236.4));
#2857 = LINE('',#2858,#2859);
#2858 = CARTESIAN_POINT('',(-100.,-58.3369458128,241.6));
#2859 = VECTOR('',#2860,1.);
#2860 = DIRECTION('',(-0.,-5.410781326283E-02,-0.998535099305));
#2861 = ORIENTED_EDGE('',*,*,#2862,.T.);
#2862 = EDGE_CURVE('',#2855,#2863,#2865,.T.);
#2863 = VERTEX_POINT('',#2864);
#2864 = CARTESIAN_POINT('',(-100.,-58.90049261083,231.2));
#2865 = LINE('',#2866,#2867);
#2866 = CARTESIAN_POINT('',(-100.,-58.61871921182,236.4));
#2867 = VECTOR('',#2868,1.);
#2868 = DIRECTION('',(-0.,-5.410781326283E-02,-0.998535099305));
#2869 = ORIENTED_EDGE('',*,*,#2870,.T.);
#2870 = EDGE_CURVE('',#2863,#2871,#2873,.T.);
#2871 = VERTEX_POINT('',#2872);
#2872 = CARTESIAN_POINT('',(-100.,-59.18226600985,226.));
#2873 = LINE('',#2874,#2875);
#2874 = CARTESIAN_POINT('',(-100.,-58.90049261083,231.2));
#2875 = VECTOR('',#2876,1.);
#2876 = DIRECTION('',(-0.,-5.410781326283E-02,-0.998535099305));
#2877 = ORIENTED_EDGE('',*,*,#2878,.T.);
#2878 = EDGE_CURVE('',#2871,#2879,#2881,.T.);
#2879 = VERTEX_POINT('',#2880);
#2880 = CARTESIAN_POINT('',(-100.,-59.46403940886,220.8));
#2881 = LINE('',#2882,#2883);
#2882 = CARTESIAN_POINT('',(-100.,-59.18226600985,226.));
#2883 = VECTOR('',#2884,1.);
#2884 = DIRECTION('',(-0.,-5.410781326283E-02,-0.998535099305));
#2885 = ORIENTED_EDGE('',*,*,#2886,.T.);
#2886 = EDGE_CURVE('',#2879,#2887,#2889,.T.);
#2887 = VERTEX_POINT('',#2888);
#2888 = CARTESIAN_POINT('',(-100.,-59.74581280788,215.6));
#2889 = LINE('',#2890,#2891);
#2890 = CARTESIAN_POINT('',(-100.,-59.46403940886,220.8));
#2891 = VECTOR('',#2892,1.);
#2892 = DIRECTION('',(-0.,-5.410781326283E-02,-0.998535099305));
#2893 = ORIENTED_EDGE('',*,*,#2894,.T.);
#2894 = EDGE_CURVE('',#2887,#2895,#2897,.T.);
#2895 = VERTEX_POINT('',#2896);
#2896 = CARTESIAN_POINT('',(-100.,-60.02758620689,210.4));
#2897 = LINE('',#2898,#2899);
#2898 = CARTESIAN_POINT('',(-100.,-59.74581280788,215.6));
#2899 = VECTOR('',#2900,1.);
#2900 = DIRECTION('',(-0.,-5.410781326283E-02,-0.998535099305));
#2901 = ORIENTED_EDGE('',*,*,#2902,.T.);
#2902 = EDGE_CURVE('',#2895,#2903,#2905,.T.);
#2903 = VERTEX_POINT('',#2904);
#2904 = CARTESIAN_POINT('',(-100.,-60.30935960591,205.2));
#2905 = LINE('',#2906,#2907);
#2906 = CARTESIAN_POINT('',(-100.,-60.02758620689,210.4));
#2907 = VECTOR('',#2908,1.);
#2908 = DIRECTION('',(-0.,-5.410781326283E-02,-0.998535099305));
#2909 = ORIENTED_EDGE('',*,*,#2910,.T.);
#2910 = EDGE_CURVE('',#2903,#2911,#2913,.T.);
#2911 = VERTEX_POINT('',#2912);
#2912 = CARTESIAN_POINT('',(-100.,-60.59113300492,200.));
#2913 = LINE('',#2914,#2915);
#2914 = CARTESIAN_POINT('',(-100.,-60.30935960591,205.2));
#2915 = VECTOR('',#2916,1.);
#2916 = DIRECTION('',(-0.,-5.410781326283E-02,-0.998535099305));
#2917 = ORIENTED_EDGE('',*,*,#2918,.T.);
#2918 = EDGE_CURVE('',#2911,#2919,#2921,.T.);
#2919 = VERTEX_POINT('',#2920);
#2920 = CARTESIAN_POINT('',(-100.,-60.87290640394,194.8));
#2921 = LINE('',#2922,#2923);
#2922 = CARTESIAN_POINT('',(-100.,-60.59113300492,200.));
#2923 = VECTOR('',#2924,1.);
#2924 = DIRECTION('',(-0.,-5.410781326283E-02,-0.998535099305));
#2925 = ORIENTED_EDGE('',*,*,#2926,.T.);
#2926 = EDGE_CURVE('',#2919,#2927,#2929,.T.);
#2927 = VERTEX_POINT('',#2928);
#2928 = CARTESIAN_POINT('',(-100.,-61.15467980295,189.6));
#2929 = LINE('',#2930,#2931);
#2930 = CARTESIAN_POINT('',(-100.,-60.87290640394,194.8));
#2931 = VECTOR('',#2932,1.);
#2932 = DIRECTION('',(-0.,-5.410781326283E-02,-0.998535099305));
#2933 = ORIENTED_EDGE('',*,*,#2934,.T.);
#2934 = EDGE_CURVE('',#2927,#2935,#2937,.T.);
#2935 = VERTEX_POINT('',#2936);
#2936 = CARTESIAN_POINT('',(-100.,-61.43645320197,184.4));
#2937 = LINE('',#2938,#2939);
#2938 = CARTESIAN_POINT('',(-100.,-61.15467980295,189.6));
#2939 = VECTOR('',#2940,1.);
#2940 = DIRECTION('',(-0.,-5.410781326283E-02,-0.998535099305));
#2941 = ORIENTED_EDGE('',*,*,#2942,.T.);
#2942 = EDGE_CURVE('',#2935,#2943,#2945,.T.);
#2943 = VERTEX_POINT('',#2944);
#2944 = CARTESIAN_POINT('',(-100.,-61.71822660098,179.2));
#2945 = LINE('',#2946,#2947);
#2946 = CARTESIAN_POINT('',(-100.,-61.43645320197,184.4));
#2947 = VECTOR('',#2948,1.);
#2948 = DIRECTION('',(-0.,-5.410781326283E-02,-0.998535099305));
#2949 = ORIENTED_EDGE('',*,*,#2950,.T.);
#2950 = EDGE_CURVE('',#2943,#72,#2951,.T.);
#2951 = LINE('',#2952,#2953);
#2952 = CARTESIAN_POINT('',(-100.,-61.71822660098,179.2));
#2953 = VECTOR('',#2954,1.);
#2954 = DIRECTION('',(-0.,-5.410781326283E-02,-0.998535099305));
#2955 = ORIENTED_EDGE('',*,*,#79,.T.);
#2956 = FACE_BOUND('',#2957,.F.);
#2957 = EDGE_LOOP('',(#2958,#2968,#2976,#2984));
#2958 = ORIENTED_EDGE('',*,*,#2959,.T.);
#2959 = EDGE_CURVE('',#2960,#2962,#2964,.T.);
#2960 = VERTEX_POINT('',#2961);
#2961 = CARTESIAN_POINT('',(-100.,43.75,181.15));
#2962 = VERTEX_POINT('',#2963);
#2963 = CARTESIAN_POINT('',(-100.,36.25,181.15));
#2964 = LINE('',#2965,#2966);
#2965 = CARTESIAN_POINT('',(-100.,18.125,181.15));
#2966 = VECTOR('',#2967,1.);
#2967 = DIRECTION('',(-0.,-1.,-0.));
#2968 = ORIENTED_EDGE('',*,*,#2969,.T.);
#2969 = EDGE_CURVE('',#2962,#2970,#2972,.T.);
#2970 = VERTEX_POINT('',#2971);
#2971 = CARTESIAN_POINT('',(-100.,36.25,184.85));
#2972 = LINE('',#2973,#2974);
#2973 = CARTESIAN_POINT('',(-100.,36.25,215.36195951093));
#2974 = VECTOR('',#2975,1.);
#2975 = DIRECTION('',(0.,0.,1.));
#2976 = ORIENTED_EDGE('',*,*,#2977,.F.);
#2977 = EDGE_CURVE('',#2978,#2970,#2980,.T.);
#2978 = VERTEX_POINT('',#2979);
#2979 = CARTESIAN_POINT('',(-100.,43.75,184.85));
#2980 = LINE('',#2981,#2982);
#2981 = CARTESIAN_POINT('',(-100.,18.125,184.85));
#2982 = VECTOR('',#2983,1.);
#2983 = DIRECTION('',(-0.,-1.,-0.));
#2984 = ORIENTED_EDGE('',*,*,#2985,.F.);
#2985 = EDGE_CURVE('',#2960,#2978,#2986,.T.);
#2986 = LINE('',#2987,#2988);
#2987 = CARTESIAN_POINT('',(-100.,43.75,215.36195951093));
#2988 = VECTOR('',#2989,1.);
#2989 = DIRECTION('',(0.,0.,1.));
#2990 = FACE_BOUND('',#2991,.F.);
#2991 = EDGE_LOOP('',(#2992));
#2992 = ORIENTED_EDGE('',*,*,#2993,.T.);
#2993 = EDGE_CURVE('',#2994,#2994,#2996,.T.);
#2994 = VERTEX_POINT('',#2995);
#2995 = CARTESIAN_POINT('',(-100.,29.08275862069,313.9));
#2996 = CIRCLE('',#2997,4.1);
#2997 = AXIS2_PLACEMENT_3D('',#2998,#2999,#3000);
#2998 = CARTESIAN_POINT('',(-100.,29.08275862069,318.));
#2999 = DIRECTION('',(-1.,0.,0.));
#3000 = DIRECTION('',(-0.,-0.,-1.));
#3001 = FACE_BOUND('',#3002,.F.);
#3002 = EDGE_LOOP('',(#3003,#3013,#3021,#3029));
#3003 = ORIENTED_EDGE('',*,*,#3004,.F.);
#3004 = EDGE_CURVE('',#3005,#3007,#3009,.T.);
#3005 = VERTEX_POINT('',#3006);
#3006 = CARTESIAN_POINT('',(-100.,-6.08,174.93252484726));
#3007 = VERTEX_POINT('',#3008);
#3008 = CARTESIAN_POINT('',(-100.,-6.08,179.63754901066));
#3009 = LINE('',#3010,#3011);
#3010 = CARTESIAN_POINT('',(-100.,-6.08,211.25322193457));
#3011 = VECTOR('',#3012,1.);
#3012 = DIRECTION('',(0.,1.224646799147E-16,1.));
#3013 = ORIENTED_EDGE('',*,*,#3014,.T.);
#3014 = EDGE_CURVE('',#3005,#3015,#3017,.T.);
#3015 = VERTEX_POINT('',#3016);
#3016 = CARTESIAN_POINT('',(-100.,-12.,174.93252484726));
#3017 = LINE('',#3018,#3019);
#3018 = CARTESIAN_POINT('',(-100.,-6.,174.93252484726));
#3019 = VECTOR('',#3020,1.);
#3020 = DIRECTION('',(0.,-1.,0.));
#3021 = ORIENTED_EDGE('',*,*,#3022,.T.);
#3022 = EDGE_CURVE('',#3015,#3023,#3025,.T.);
#3023 = VERTEX_POINT('',#3024);
#3024 = CARTESIAN_POINT('',(-100.,-12.,179.63754901066));
#3025 = LINE('',#3026,#3027);
#3026 = CARTESIAN_POINT('',(-100.,-12.,214.60573401627));
#3027 = VECTOR('',#3028,1.);
#3028 = DIRECTION('',(0.,0.,1.));
#3029 = ORIENTED_EDGE('',*,*,#3030,.T.);
#3030 = EDGE_CURVE('',#3023,#3007,#3031,.T.);
#3031 = LINE('',#3032,#3033);
#3032 = CARTESIAN_POINT('',(-100.,-1.731011215465,179.63754901066));
#3033 = VECTOR('',#3034,1.);
#3034 = DIRECTION('',(0.,1.,0.));
#3035 = FACE_BOUND('',#3036,.F.);
#3036 = EDGE_LOOP('',(#3037,#3047,#3055,#3078,#3105,#3113,#3121,#3129,
    #3137,#3145,#3172,#3187,#3195,#3203,#3211,#3221,#3248,#3271,#3279,
    #3287,#3295,#3303,#3311,#3319,#3327,#3350,#3369,#3377,#3385,#3393,
    #3401,#3409,#3417,#3425,#3433,#3441,#3449,#3457,#3465,#3473,#3481,
    #3489,#3497,#3505,#3513,#3521,#3529,#3537,#3545));
#3037 = ORIENTED_EDGE('',*,*,#3038,.F.);
#3038 = EDGE_CURVE('',#3039,#3041,#3043,.T.);
#3039 = VERTEX_POINT('',#3040);
#3040 = CARTESIAN_POINT('',(-100.,43.389162561576,190.));
#3041 = VERTEX_POINT('',#3042);
#3042 = CARTESIAN_POINT('',(-100.,43.389162561576,296.));
#3043 = LINE('',#3044,#3045);
#3044 = CARTESIAN_POINT('',(-100.,43.389162561576,219.78695951093));
#3045 = VECTOR('',#3046,1.);
#3046 = DIRECTION('',(0.,0.,1.));
#3047 = ORIENTED_EDGE('',*,*,#3048,.T.);
#3048 = EDGE_CURVE('',#3039,#3049,#3051,.T.);
#3049 = VERTEX_POINT('',#3050);
#3050 = CARTESIAN_POINT('',(-100.,8.888366571304,190.));
#3051 = LINE('',#3052,#3053);
#3052 = CARTESIAN_POINT('',(-100.,-21.69458128078,190.));
#3053 = VECTOR('',#3054,1.);
#3054 = DIRECTION('',(-0.,-1.,-0.));
#3055 = ORIENTED_EDGE('',*,*,#3056,.T.);
#3056 = EDGE_CURVE('',#3049,#3057,#3059,.T.);
#3057 = VERTEX_POINT('',#3058);
#3058 = CARTESIAN_POINT('',(-100.,10.066563326343,189.04978572079));
#3059 = B_SPLINE_CURVE_WITH_KNOTS('',5,(#3060,#3061,#3062,#3063,#3064,
    #3065,#3066,#3067,#3068,#3069,#3070,#3071,#3072,#3073,#3074,#3075,
    #3076,#3077),.UNSPECIFIED.,.F.,.F.,(6,4,4,4,6),(0.,0.32570412446,
    0.590934031046,0.84612847815,1.),.UNSPECIFIED.);
#3060 = CARTESIAN_POINT('',(-100.,6.079996135953,190.96313770264));
#3061 = CARTESIAN_POINT('',(-100.,6.371567143612,190.92182121724));
#3062 = CARTESIAN_POINT('',(-100.,6.661370056992,190.86921206569));
#3063 = CARTESIAN_POINT('',(-100.,6.948684771915,190.80434670659));
#3064 = CARTESIAN_POINT('',(-100.,7.232477052693,190.72621325265));
#3065 = CARTESIAN_POINT('',(-100.,7.738663601657,190.55896364639));
#3066 = CARTESIAN_POINT('',(-100.,7.962673398294,190.4745808656));
#3067 = CARTESIAN_POINT('',(-100.,8.18279037488,190.38047242436));
#3068 = CARTESIAN_POINT('',(-100.,8.3982028508,190.27634076691));
#3069 = CARTESIAN_POINT('',(-100.,8.810002391812,190.05231622228));
#3070 = CARTESIAN_POINT('',(-100.,9.006813700196,189.93316212793));
#3071 = CARTESIAN_POINT('',(-100.,9.197742116163,189.80469939322));
#3072 = CARTESIAN_POINT('',(-100.,9.382097005549,189.66712503988));
#3073 = CARTESIAN_POINT('',(-100.,9.666161555236,189.43274987001));
#3074 = CARTESIAN_POINT('',(-100.,9.770420264693,189.3414446301));
#3075 = CARTESIAN_POINT('',(-100.,9.871964803964,189.24709591324));
#3076 = CARTESIAN_POINT('',(-100.,9.970701352626,189.14982740684));
#3077 = CARTESIAN_POINT('',(-100.,10.066563326343,189.04978572079));
#3078 = ORIENTED_EDGE('',*,*,#3079,.T.);
#3079 = EDGE_CURVE('',#3057,#3080,#3082,.T.);
#3080 = VERTEX_POINT('',#3081);
#3081 = CARTESIAN_POINT('',(-100.,12.,182.89824017507));
#3082 = B_SPLINE_CURVE_WITH_KNOTS('',6,(#3083,#3084,#3085,#3086,#3087,
    #3088,#3089,#3090,#3091,#3092,#3093,#3094,#3095,#3096,#3097,#3098,
    #3099,#3100,#3101,#3102,#3103,#3104),.UNSPECIFIED.,.F.,.F.,(7,5,5,5,
    7),(0.,0.217132918301,0.448581777677,0.707318506215,1.),
  .UNSPECIFIED.);
#3083 = CARTESIAN_POINT('',(-100.,10.066563326343,189.04978572079));
#3084 = CARTESIAN_POINT('',(-100.,10.23136066083,188.87790032891));
#3085 = CARTESIAN_POINT('',(-100.,10.387182986874,188.69735103312));
#3086 = CARTESIAN_POINT('',(-100.,10.533563377093,188.50885137833));
#3087 = CARTESIAN_POINT('',(-100.,10.670328843127,188.31321856355));
#3088 = CARTESIAN_POINT('',(-100.,10.797524893695,188.11131609224));
#3089 = CARTESIAN_POINT('',(-100.,11.040923047205,187.68300781624));
#3090 = CARTESIAN_POINT('',(-100.,11.155856956096,187.45584803277));
#3091 = CARTESIAN_POINT('',(-100.,11.260400728594,187.22349403958));
#3092 = CARTESIAN_POINT('',(-100.,11.355015853033,186.98684758188));
#3093 = CARTESIAN_POINT('',(-100.,11.440241504665,186.74667868986));
#3094 = CARTESIAN_POINT('',(-100.,11.602047655206,186.23186591208));
#3095 = CARTESIAN_POINT('',(-100.,11.676417378321,185.95651547641));
#3096 = CARTESIAN_POINT('',(-100.,11.740550429095,185.67838371025));
#3097 = CARTESIAN_POINT('',(-100.,11.795235094591,185.39815283347));
#3098 = CARTESIAN_POINT('',(-100.,11.841215603337,185.11634580351));
#3099 = CARTESIAN_POINT('',(-100.,11.922082925543,184.51315887274));
#3100 = CARTESIAN_POINT('',(-100.,11.954718875401,184.19147449869));
#3101 = CARTESIAN_POINT('',(-100.,11.978040387053,183.86879181091));
#3102 = CARTESIAN_POINT('',(-100.,11.992890797027,183.54551824258));
#3103 = CARTESIAN_POINT('',(-100.,12.,183.22194332927));
#3104 = CARTESIAN_POINT('',(-100.,12.,182.89824017507));
#3105 = ORIENTED_EDGE('',*,*,#3106,.T.);
#3106 = EDGE_CURVE('',#3080,#3107,#3109,.T.);
#3107 = VERTEX_POINT('',#3108);
#3108 = CARTESIAN_POINT('',(-100.,12.,174.93252484726));
#3109 = LINE('',#3110,#3111);
#3110 = CARTESIAN_POINT('',(-100.,12.,212.25322193457));
#3111 = VECTOR('',#3112,1.);
#3112 = DIRECTION('',(0.,0.,-1.));
#3113 = ORIENTED_EDGE('',*,*,#3114,.T.);
#3114 = EDGE_CURVE('',#3107,#3115,#3117,.T.);
#3115 = VERTEX_POINT('',#3116);
#3116 = CARTESIAN_POINT('',(-100.,6.08,174.93252484726));
#3117 = LINE('',#3118,#3119);
#3118 = CARTESIAN_POINT('',(-100.,-6.,174.93252484726));
#3119 = VECTOR('',#3120,1.);
#3120 = DIRECTION('',(0.,-1.,0.));
#3121 = ORIENTED_EDGE('',*,*,#3122,.T.);
#3122 = EDGE_CURVE('',#3115,#3123,#3125,.T.);
#3123 = VERTEX_POINT('',#3124);
#3124 = CARTESIAN_POINT('',(-100.,6.08,179.63754901066));
#3125 = LINE('',#3126,#3127);
#3126 = CARTESIAN_POINT('',(-100.,6.08,211.25322193457));
#3127 = VECTOR('',#3128,1.);
#3128 = DIRECTION('',(0.,1.224646799147E-16,1.));
#3129 = ORIENTED_EDGE('',*,*,#3130,.T.);
#3130 = EDGE_CURVE('',#3123,#3131,#3133,.T.);
#3131 = VERTEX_POINT('',#3132);
#3132 = CARTESIAN_POINT('',(-100.,7.866143886204,179.63754901066));
#3133 = LINE('',#3134,#3135);
#3134 = CARTESIAN_POINT('',(-100.,3.933071943102,179.63754901066));
#3135 = VECTOR('',#3136,1.);
#3136 = DIRECTION('',(0.,1.,0.));
#3137 = ORIENTED_EDGE('',*,*,#3138,.T.);
#3138 = EDGE_CURVE('',#3131,#3139,#3141,.T.);
#3139 = VERTEX_POINT('',#3140);
#3140 = CARTESIAN_POINT('',(-100.,7.866143886204,182.73082885018));
#3141 = LINE('',#3142,#3143);
#3142 = CARTESIAN_POINT('',(-100.,7.866143886204,216.15237393602));
#3143 = VECTOR('',#3144,1.);
#3144 = DIRECTION('',(0.,0.,1.));
#3145 = ORIENTED_EDGE('',*,*,#3146,.T.);
#3146 = EDGE_CURVE('',#3139,#3147,#3149,.T.);
#3147 = VERTEX_POINT('',#3148);
#3148 = CARTESIAN_POINT('',(-100.,6.991884745145,185.38643202334));
#3149 = B_SPLINE_CURVE_WITH_KNOTS('',6,(#3150,#3151,#3152,#3153,#3154,
    #3155,#3156,#3157,#3158,#3159,#3160,#3161,#3162,#3163,#3164,#3165,
    #3166,#3167,#3168,#3169,#3170,#3171),.UNSPECIFIED.,.F.,.F.,(7,5,5,5,
    7),(0.,0.277623964553,0.52512721615,0.770772982504,1.),
  .UNSPECIFIED.);
#3150 = CARTESIAN_POINT('',(-100.,7.866143886204,182.73082885018));
#3151 = CARTESIAN_POINT('',(-100.,7.866143886204,182.86663584822));
#3152 = CARTESIAN_POINT('',(-100.,7.863207928848,183.00220647969));
#3153 = CARTESIAN_POINT('',(-100.,7.857089543907,183.13745245292));
#3154 = CARTESIAN_POINT('',(-100.,7.847506789678,183.27223977885));
#3155 = CARTESIAN_POINT('',(-100.,7.834138803358,183.40638824056));
#3156 = CARTESIAN_POINT('',(-100.,7.80100634068,183.65849303444));
#3157 = CARTESIAN_POINT('',(-100.,7.782094239075,183.77661743864));
#3158 = CARTESIAN_POINT('',(-100.,7.759630117741,183.89388545854));
#3159 = CARTESIAN_POINT('',(-100.,7.733332399175,184.01007693596));
#3160 = CARTESIAN_POINT('',(-100.,7.702906545558,184.12491411698));
#3161 = CARTESIAN_POINT('',(-100.,7.63347048504,184.35036788838));
#3162 = CARTESIAN_POINT('',(-100.,7.594528276562,184.46100445629));
#3163 = CARTESIAN_POINT('',(-100.,7.550947319521,184.56964262899));
#3164 = CARTESIAN_POINT('',(-100.,7.502458866199,184.67587091244));
#3165 = CARTESIAN_POINT('',(-100.,7.448839888479,184.77921450642));
#3166 = CARTESIAN_POINT('',(-100.,7.335061776269,184.97244754543));
#3167 = CARTESIAN_POINT('',(-100.,7.275574004437,185.06278341376));
#3168 = CARTESIAN_POINT('',(-100.,7.211447304907,185.14974646568));
#3169 = CARTESIAN_POINT('',(-100.,7.142686667545,185.23291638119));
#3170 = CARTESIAN_POINT('',(-100.,7.069410326617,185.31191431799));
#3171 = CARTESIAN_POINT('',(-100.,6.991884745145,185.38643202334));
#3172 = ORIENTED_EDGE('',*,*,#3173,.T.);
#3173 = EDGE_CURVE('',#3147,#3174,#3176,.T.);
#3174 = VERTEX_POINT('',#3175);
#3175 = CARTESIAN_POINT('',(-100.,6.08,185.95081752127));
#3176 = B_SPLINE_CURVE_WITH_KNOTS('',5,(#3177,#3178,#3179,#3180,#3181,
    #3182,#3183,#3184,#3185,#3186),.UNSPECIFIED.,.F.,.F.,(6,4,6),(0.,
    0.490091102032,1.),.UNSPECIFIED.);
#3177 = CARTESIAN_POINT('',(-100.,6.991884745145,185.38643202334));
#3178 = CARTESIAN_POINT('',(-100.,6.916026349338,185.45934722732));
#3179 = CARTESIAN_POINT('',(-100.,6.836103846957,185.52811189547));
#3180 = CARTESIAN_POINT('',(-100.,6.752436201963,185.59250642748));
#3181 = CARTESIAN_POINT('',(-100.,6.665415007024,185.65247190134));
#3182 = CARTESIAN_POINT('',(-100.,6.481857332716,185.76587411236));
#3183 = CARTESIAN_POINT('',(-100.,6.385072860592,185.81895200366));
#3184 = CARTESIAN_POINT('',(-100.,6.285555853605,185.86733743537));
#3185 = CARTESIAN_POINT('',(-100.,6.183742419337,185.91121710488));
#3186 = CARTESIAN_POINT('',(-100.,6.07999848615,185.95081809913));
#3187 = ORIENTED_EDGE('',*,*,#3188,.T.);
#3188 = EDGE_CURVE('',#3174,#3189,#3191,.T.);
#3189 = VERTEX_POINT('',#3190);
#3190 = CARTESIAN_POINT('',(-100.,6.08,190.));
#3191 = LINE('',#3192,#3193);
#3192 = CARTESIAN_POINT('',(-100.,6.08,211.25322193457));
#3193 = VECTOR('',#3194,1.);
#3194 = DIRECTION('',(0.,1.224646799147E-16,1.));
#3195 = ORIENTED_EDGE('',*,*,#3196,.T.);
#3196 = EDGE_CURVE('',#3189,#3197,#3199,.T.);
#3197 = VERTEX_POINT('',#3198);
#3198 = CARTESIAN_POINT('',(-100.,4.48,190.));
#3199 = LINE('',#3200,#3201);
#3200 = CARTESIAN_POINT('',(-100.,-21.69458128078,190.));
#3201 = VECTOR('',#3202,1.);
#3202 = DIRECTION('',(-0.,-1.,-0.));
#3203 = ORIENTED_EDGE('',*,*,#3204,.F.);
#3204 = EDGE_CURVE('',#3205,#3197,#3207,.T.);
#3205 = VERTEX_POINT('',#3206);
#3206 = CARTESIAN_POINT('',(-100.,4.48,186.22537490031));
#3207 = LINE('',#3208,#3209);
#3208 = CARTESIAN_POINT('',(-100.,4.48,211.25322193457));
#3209 = VECTOR('',#3210,1.);
#3210 = DIRECTION('',(0.,1.224646799147E-16,1.));
#3211 = ORIENTED_EDGE('',*,*,#3212,.T.);
#3212 = EDGE_CURVE('',#3205,#3213,#3215,.T.);
#3213 = VERTEX_POINT('',#3214);
#3214 = CARTESIAN_POINT('',(-100.,4.336281571989,186.22677122275));
#3215 = B_SPLINE_CURVE_WITH_KNOTS('',4,(#3216,#3217,#3218,#3219,#3220),
  .UNSPECIFIED.,.F.,.F.,(5,5),(0.,1.),.PIECEWISE_BEZIER_KNOTS.);
#3216 = CARTESIAN_POINT('',(-100.,4.480002093242,186.2253748592));
#3217 = CARTESIAN_POINT('',(-100.,4.444104681987,186.22607979826));
#3218 = CARTESIAN_POINT('',(-100.,4.408183440511,186.22654292259));
#3219 = CARTESIAN_POINT('',(-100.,4.372241505717,186.22677122275));
#3220 = CARTESIAN_POINT('',(-100.,4.336281571989,186.22677122275));
#3221 = ORIENTED_EDGE('',*,*,#3222,.T.);
#3222 = EDGE_CURVE('',#3213,#3223,#3225,.T.);
#3223 = VERTEX_POINT('',#3224);
#3224 = CARTESIAN_POINT('',(-100.,1.629251390535,185.2015136318));
#3225 = B_SPLINE_CURVE_WITH_KNOTS('',6,(#3226,#3227,#3228,#3229,#3230,
    #3231,#3232,#3233,#3234,#3235,#3236,#3237,#3238,#3239,#3240,#3241,
    #3242,#3243,#3244,#3245,#3246,#3247),.UNSPECIFIED.,.F.,.F.,(7,5,5,5,
    7),(0.,0.3507014166,0.59862089783,0.835504293289,1.),.UNSPECIFIED.);
#3226 = CARTESIAN_POINT('',(-100.,4.336281571989,186.22677122275));
#3227 = CARTESIAN_POINT('',(-100.,4.159518023862,186.22677122275));
#3228 = CARTESIAN_POINT('',(-100.,3.983131567029,186.22048450052));
#3229 = CARTESIAN_POINT('',(-100.,3.807399167137,186.20731476676));
#3230 = CARTESIAN_POINT('',(-100.,3.632751382832,186.18659957893));
#3231 = CARTESIAN_POINT('',(-100.,3.459767756098,186.1576405317));
#3232 = CARTESIAN_POINT('',(-100.,3.168552038696,186.09306175418));
#3233 = CARTESIAN_POINT('',(-100.,3.049137663424,186.06188258062));
#3234 = CARTESIAN_POINT('',(-100.,2.931181531024,186.0260523102));
#3235 = CARTESIAN_POINT('',(-100.,2.814990872432,185.98537360592));
#3236 = CARTESIAN_POINT('',(-100.,2.700902541654,185.93970110755));
#3237 = CARTESIAN_POINT('',(-100.,2.482608180267,185.84050392923));
#3238 = CARTESIAN_POINT('',(-100.,2.378180152517,185.78741586041));
#3239 = CARTESIAN_POINT('',(-100.,2.276307929027,185.72966092548));
#3240 = CARTESIAN_POINT('',(-100.,2.17729564066,185.66725418249));
#3241 = CARTESIAN_POINT('',(-100.,2.081420743895,185.60028954771));
#3242 = CARTESIAN_POINT('',(-100.,1.924693595732,185.4794195884));
#3243 = CARTESIAN_POINT('',(-100.,1.862088135959,185.42777387459));
#3244 = CARTESIAN_POINT('',(-100.,1.801187134072,185.37407898261));
#3245 = CARTESIAN_POINT('',(-100.,1.74205237016,185.31841014647));
#3246 = CARTESIAN_POINT('',(-100.,1.68472987121,185.26085534001));
#3247 = CARTESIAN_POINT('',(-100.,1.629251390535,185.2015136318));
#3248 = ORIENTED_EDGE('',*,*,#3249,.T.);
#3249 = EDGE_CURVE('',#3223,#3250,#3252,.T.);
#3250 = VERTEX_POINT('',#3251);
#3251 = CARTESIAN_POINT('',(-100.,0.671833682867,182.09182091729));
#3252 = B_SPLINE_CURVE_WITH_KNOTS('',5,(#3253,#3254,#3255,#3256,#3257,
    #3258,#3259,#3260,#3261,#3262,#3263,#3264,#3265,#3266,#3267,#3268,
    #3269,#3270),.UNSPECIFIED.,.F.,.F.,(6,4,4,4,6),(0.,0.2197762825,
    0.454374442678,0.711959432327,1.),.UNSPECIFIED.);
#3253 = CARTESIAN_POINT('',(-100.,1.629251390535,185.2015136318));
#3254 = CARTESIAN_POINT('',(-100.,1.530904508058,185.09619817022));
#3255 = CARTESIAN_POINT('',(-100.,1.43934684766,184.98440631604));
#3256 = CARTESIAN_POINT('',(-100.,1.354964912872,184.86681979463));
#3257 = CARTESIAN_POINT('',(-100.,1.277752517869,184.7442577867));
#3258 = CARTESIAN_POINT('',(-100.,1.132535897324,184.48223863468));
#3259 = CARTESIAN_POINT('',(-100.,1.065498930443,184.34218965538));
#3260 = CARTESIAN_POINT('',(-100.,1.006133183162,184.1983062152));
#3261 = CARTESIAN_POINT('',(-100.,0.953919819248,184.05141513159));
#3262 = CARTESIAN_POINT('',(-100.,0.858261520352,183.73820275003));
#3263 = CARTESIAN_POINT('',(-100.,0.81618033144,183.57140028079));
#3264 = CARTESIAN_POINT('',(-100.,0.781357286266,183.40250245426));
#3265 = CARTESIAN_POINT('',(-100.,0.753076679881,183.23209903289));
#3266 = CARTESIAN_POINT('',(-100.,0.705717226215,182.86873286078));
#3267 = CARTESIAN_POINT('',(-100.,0.688124063841,182.67550711609));
#3268 = CARTESIAN_POINT('',(-100.,0.67706794994,182.48140152788));
#3269 = CARTESIAN_POINT('',(-100.,0.671833682867,182.28677368228));
#3270 = CARTESIAN_POINT('',(-100.,0.671833682867,182.09182091729));
#3271 = ORIENTED_EDGE('',*,*,#3272,.T.);
#3272 = EDGE_CURVE('',#3250,#3273,#3275,.T.);
#3273 = VERTEX_POINT('',#3274);
#3274 = CARTESIAN_POINT('',(-100.,0.671833682867,179.63754901066));
#3275 = LINE('',#3276,#3277);
#3276 = CARTESIAN_POINT('',(-100.,0.671833682867,214.60573401627));
#3277 = VECTOR('',#3278,1.);
#3278 = DIRECTION('',(0.,0.,-1.));
#3279 = ORIENTED_EDGE('',*,*,#3280,.T.);
#3280 = EDGE_CURVE('',#3273,#3281,#3283,.T.);
#3281 = VERTEX_POINT('',#3282);
#3282 = CARTESIAN_POINT('',(-100.,4.48,179.63754901066));
#3283 = LINE('',#3284,#3285);
#3284 = CARTESIAN_POINT('',(-100.,3.933071943102,179.63754901066));
#3285 = VECTOR('',#3286,1.);
#3286 = DIRECTION('',(0.,1.,0.));
#3287 = ORIENTED_EDGE('',*,*,#3288,.F.);
#3288 = EDGE_CURVE('',#3289,#3281,#3291,.T.);
#3289 = VERTEX_POINT('',#3290);
#3290 = CARTESIAN_POINT('',(-100.,4.48,174.93252484726));
#3291 = LINE('',#3292,#3293);
#3292 = CARTESIAN_POINT('',(-100.,4.48,211.25322193457));
#3293 = VECTOR('',#3294,1.);
#3294 = DIRECTION('',(0.,1.224646799147E-16,1.));
#3295 = ORIENTED_EDGE('',*,*,#3296,.T.);
#3296 = EDGE_CURVE('',#3289,#3297,#3299,.T.);
#3297 = VERTEX_POINT('',#3298);
#3298 = CARTESIAN_POINT('',(-100.,-4.48,174.93252484726));
#3299 = LINE('',#3300,#3301);
#3300 = CARTESIAN_POINT('',(-100.,-6.,174.93252484726));
#3301 = VECTOR('',#3302,1.);
#3302 = DIRECTION('',(0.,-1.,0.));
#3303 = ORIENTED_EDGE('',*,*,#3304,.T.);
#3304 = EDGE_CURVE('',#3297,#3305,#3307,.T.);
#3305 = VERTEX_POINT('',#3306);
#3306 = CARTESIAN_POINT('',(-100.,-4.48,179.63754901066));
#3307 = LINE('',#3308,#3309);
#3308 = CARTESIAN_POINT('',(-100.,-4.48,211.25322193457));
#3309 = VECTOR('',#3310,1.);
#3310 = DIRECTION('',(0.,1.224646799147E-16,1.));
#3311 = ORIENTED_EDGE('',*,*,#3312,.T.);
#3312 = EDGE_CURVE('',#3305,#3313,#3315,.T.);
#3313 = VERTEX_POINT('',#3314);
#3314 = CARTESIAN_POINT('',(-100.,-3.462022430929,179.63754901066));
#3315 = LINE('',#3316,#3317);
#3316 = CARTESIAN_POINT('',(-100.,-1.731011215465,179.63754901066));
#3317 = VECTOR('',#3318,1.);
#3318 = DIRECTION('',(0.,1.,0.));
#3319 = ORIENTED_EDGE('',*,*,#3320,.T.);
#3320 = EDGE_CURVE('',#3313,#3321,#3323,.T.);
#3321 = VERTEX_POINT('',#3322);
#3322 = CARTESIAN_POINT('',(-100.,-3.462022430929,182.59624327528));
#3323 = LINE('',#3324,#3325);
#3324 = CARTESIAN_POINT('',(-100.,-3.462022430929,216.08508114857));
#3325 = VECTOR('',#3326,1.);
#3326 = DIRECTION('',(0.,0.,1.));
#3327 = ORIENTED_EDGE('',*,*,#3328,.T.);
#3328 = EDGE_CURVE('',#3321,#3329,#3331,.T.);
#3329 = VERTEX_POINT('',#3330);
#3330 = CARTESIAN_POINT('',(-100.,-2.454271906629,187.48618583021));
#3331 = B_SPLINE_CURVE_WITH_KNOTS('',5,(#3332,#3333,#3334,#3335,#3336,
    #3337,#3338,#3339,#3340,#3341,#3342,#3343,#3344,#3345,#3346,#3347,
    #3348,#3349),.UNSPECIFIED.,.F.,.F.,(6,4,4,4,6),(0.,0.284614711085,
    0.543857860858,0.780929384253,1.),.UNSPECIFIED.);
#3332 = CARTESIAN_POINT('',(-100.,-3.462022430929,182.59624327528));
#3333 = CARTESIAN_POINT('',(-100.,-3.462022430929,182.88504109705));
#3334 = CARTESIAN_POINT('',(-100.,-3.456283415875,183.17365822649));
#3335 = CARTESIAN_POINT('',(-100.,-3.444293674961,183.4619391998));
#3336 = CARTESIAN_POINT('',(-100.,-3.425452075264,183.74963582274));
#3337 = CARTESIAN_POINT('',(-100.,-3.374978613021,184.29760992586));
#3338 = CARTESIAN_POINT('',(-100.,-3.344637579032,184.55803573541));
#3339 = CARTESIAN_POINT('',(-100.,-3.307470032553,184.81742662158));
#3340 = CARTESIAN_POINT('',(-100.,-3.262852875401,185.07540054292));
#3341 = CARTESIAN_POINT('',(-100.,-3.161829684657,185.5655988485));
#3342 = CARTESIAN_POINT('',(-100.,-3.106760192425,185.79812878375));
#3343 = CARTESIAN_POINT('',(-100.,-3.044342508644,186.02865110244));
#3344 = CARTESIAN_POINT('',(-100.,-2.973998156979,186.25662516279));
#3345 = CARTESIAN_POINT('',(-100.,-2.822313358896,186.68906133887));
#3346 = CARTESIAN_POINT('',(-100.,-2.742215369816,186.89398840455));
#3347 = CARTESIAN_POINT('',(-100.,-2.654429242459,187.0956190974));
#3348 = CARTESIAN_POINT('',(-100.,-2.55853965292,187.29327351786));
#3349 = CARTESIAN_POINT('',(-100.,-2.454271906629,187.48618583021));
#3350 = ORIENTED_EDGE('',*,*,#3351,.T.);
#3351 = EDGE_CURVE('',#3329,#3352,#3354,.T.);
#3352 = VERTEX_POINT('',#3353);
#3353 = CARTESIAN_POINT('',(-100.,-4.745426183091E-02,190.));
#3354 = B_SPLINE_CURVE_WITH_KNOTS('',5,(#3355,#3356,#3357,#3358,#3359,
    #3360,#3361,#3362,#3363,#3364,#3365,#3366,#3367,#3368),
  .UNSPECIFIED.,.F.,.F.,(6,4,4,6),(0.,0.227420762127,0.666673560872,1.),
  .UNSPECIFIED.);
#3355 = CARTESIAN_POINT('',(-100.,-2.454271906629,187.48618583021));
#3356 = CARTESIAN_POINT('',(-100.,-2.367896262481,187.64591519385));
#3357 = CARTESIAN_POINT('',(-100.,-2.276848520828,187.80297819636));
#3358 = CARTESIAN_POINT('',(-100.,-2.180997205989,187.95706493584));
#3359 = CARTESIAN_POINT('',(-100.,-2.080244775214,188.10783352084));
#3360 = CARTESIAN_POINT('',(-100.,-1.770437339583,188.53904605086));
#3361 = CARTESIAN_POINT('',(-100.,-1.54786948715,188.80953461512));
#3362 = CARTESIAN_POINT('',(-100.,-1.306738362837,189.06369527797));
#3363 = CARTESIAN_POINT('',(-100.,-1.047705435462,189.29908469456));
#3364 = CARTESIAN_POINT('',(-100.,-0.564233147837,189.67729195149));
#3365 = CARTESIAN_POINT('',(-100.,-0.346472619987,189.8287783047));
#3366 = CARTESIAN_POINT('',(-100.,-0.120408526821,189.96789203598));
#3367 = CARTESIAN_POINT('',(-100.,0.112907056174,190.09443369501));
#3368 = CARTESIAN_POINT('',(-100.,0.352329716422,190.20853469499));
#3369 = ORIENTED_EDGE('',*,*,#3370,.T.);
#3370 = EDGE_CURVE('',#3352,#3371,#3373,.T.);
#3371 = VERTEX_POINT('',#3372);
#3372 = CARTESIAN_POINT('',(-100.,-43.38916256157,190.));
#3373 = LINE('',#3374,#3375);
#3374 = CARTESIAN_POINT('',(-100.,-21.69458128078,190.));
#3375 = VECTOR('',#3376,1.);
#3376 = DIRECTION('',(-0.,-1.,-0.));
#3377 = ORIENTED_EDGE('',*,*,#3378,.T.);
#3378 = EDGE_CURVE('',#3371,#3379,#3381,.T.);
#3379 = VERTEX_POINT('',#3380);
#3380 = CARTESIAN_POINT('',(-100.,-43.38916256157,296.));
#3381 = LINE('',#3382,#3383);
#3382 = CARTESIAN_POINT('',(-100.,-43.38916256157,219.78695951093));
#3383 = VECTOR('',#3384,1.);
#3384 = DIRECTION('',(0.,0.,1.));
#3385 = ORIENTED_EDGE('',*,*,#3386,.F.);
#3386 = EDGE_CURVE('',#3387,#3379,#3389,.T.);
#3387 = VERTEX_POINT('',#3388);
#3388 = CARTESIAN_POINT('',(-100.,-12.,296.));
#3389 = LINE('',#3390,#3391);
#3390 = CARTESIAN_POINT('',(-100.,-21.69458128078,296.));
#3391 = VECTOR('',#3392,1.);
#3392 = DIRECTION('',(-0.,-1.,-0.));
#3393 = ORIENTED_EDGE('',*,*,#3394,.T.);
#3394 = EDGE_CURVE('',#3387,#3395,#3397,.T.);
#3395 = VERTEX_POINT('',#3396);
#3396 = CARTESIAN_POINT('',(-100.,-12.,311.06747515273));
#3397 = LINE('',#3398,#3399);
#3398 = CARTESIAN_POINT('',(-100.,-12.,280.3206970873));
#3399 = VECTOR('',#3400,1.);
#3400 = DIRECTION('',(0.,0.,1.));
#3401 = ORIENTED_EDGE('',*,*,#3402,.T.);
#3402 = EDGE_CURVE('',#3395,#3403,#3405,.T.);
#3403 = VERTEX_POINT('',#3404);
#3404 = CARTESIAN_POINT('',(-100.,-7.798304002918,311.06747515273));
#3405 = LINE('',#3406,#3407);
#3406 = CARTESIAN_POINT('',(-100.,-3.899152001459,311.06747515273));
#3407 = VECTOR('',#3408,1.);
#3408 = DIRECTION('',(0.,1.,0.));
#3409 = ORIENTED_EDGE('',*,*,#3410,.T.);
#3410 = EDGE_CURVE('',#3403,#3411,#3413,.T.);
#3411 = VERTEX_POINT('',#3412);
#3412 = CARTESIAN_POINT('',(-100.,-7.798304002918,300.64639372663));
#3413 = LINE('',#3414,#3415);
#3414 = CARTESIAN_POINT('',(-100.,-7.798304002918,275.11015637425));
#3415 = VECTOR('',#3416,1.);
#3416 = DIRECTION('',(0.,0.,-1.));
#3417 = ORIENTED_EDGE('',*,*,#3418,.T.);
#3418 = EDGE_CURVE('',#3411,#3419,#3421,.T.);
#3419 = VERTEX_POINT('',#3420);
#3420 = CARTESIAN_POINT('',(-100.,-6.08,300.64639372663));
#3421 = LINE('',#3422,#3423);
#3422 = CARTESIAN_POINT('',(-100.,-0.823379228595,300.64639372663));
#3423 = VECTOR('',#3424,1.);
#3424 = DIRECTION('',(0.,1.,0.));
#3425 = ORIENTED_EDGE('',*,*,#3426,.F.);
#3426 = EDGE_CURVE('',#3427,#3419,#3429,.T.);
#3427 = VERTEX_POINT('',#3428);
#3428 = CARTESIAN_POINT('',(-100.,-6.08,296.));
#3429 = LINE('',#3430,#3431);
#3430 = CARTESIAN_POINT('',(-100.,-6.08,211.25322193457));
#3431 = VECTOR('',#3432,1.);
#3432 = DIRECTION('',(0.,1.224646799147E-16,1.));
#3433 = ORIENTED_EDGE('',*,*,#3434,.F.);
#3434 = EDGE_CURVE('',#3435,#3427,#3437,.T.);
#3435 = VERTEX_POINT('',#3436);
#3436 = CARTESIAN_POINT('',(-100.,-4.48,296.));
#3437 = LINE('',#3438,#3439);
#3438 = CARTESIAN_POINT('',(-100.,-21.69458128078,296.));
#3439 = VECTOR('',#3440,1.);
#3440 = DIRECTION('',(-0.,-1.,-0.));
#3441 = ORIENTED_EDGE('',*,*,#3442,.T.);
#3442 = EDGE_CURVE('',#3435,#3443,#3445,.T.);
#3443 = VERTEX_POINT('',#3444);
#3444 = CARTESIAN_POINT('',(-100.,-4.48,300.64639372663));
#3445 = LINE('',#3446,#3447);
#3446 = CARTESIAN_POINT('',(-100.,-4.48,211.25322193457));
#3447 = VECTOR('',#3448,1.);
#3448 = DIRECTION('',(0.,1.224646799147E-16,1.));
#3449 = ORIENTED_EDGE('',*,*,#3450,.T.);
#3450 = EDGE_CURVE('',#3443,#3451,#3453,.T.);
#3451 = VERTEX_POINT('',#3452);
#3452 = CARTESIAN_POINT('',(-100.,-1.64675845719,300.64639372663));
#3453 = LINE('',#3454,#3455);
#3454 = CARTESIAN_POINT('',(-100.,-0.823379228595,300.64639372663));
#3455 = VECTOR('',#3456,1.);
#3456 = DIRECTION('',(0.,1.,0.));
#3457 = ORIENTED_EDGE('',*,*,#3458,.T.);
#3458 = EDGE_CURVE('',#3451,#3459,#3461,.T.);
#3459 = VERTEX_POINT('',#3460);
#3460 = CARTESIAN_POINT('',(-100.,-1.64675845719,310.56305279474));
#3461 = LINE('',#3462,#3463);
#3462 = CARTESIAN_POINT('',(-100.,-1.64675845719,280.0684859083));
#3463 = VECTOR('',#3464,1.);
#3464 = DIRECTION('',(0.,0.,1.));
#3465 = ORIENTED_EDGE('',*,*,#3466,.T.);
#3466 = EDGE_CURVE('',#3459,#3467,#3469,.T.);
#3467 = VERTEX_POINT('',#3468);
#3468 = CARTESIAN_POINT('',(-100.,2.554937539892,310.56305279474));
#3469 = LINE('',#3470,#3471);
#3470 = CARTESIAN_POINT('',(-100.,1.277468769946,310.56305279474));
#3471 = VECTOR('',#3472,1.);
#3472 = DIRECTION('',(0.,1.,0.));
#3473 = ORIENTED_EDGE('',*,*,#3474,.T.);
#3474 = EDGE_CURVE('',#3467,#3475,#3477,.T.);
#3475 = VERTEX_POINT('',#3476);
#3476 = CARTESIAN_POINT('',(-100.,2.554937539892,300.64639372663));
#3477 = LINE('',#3478,#3479);
#3478 = CARTESIAN_POINT('',(-100.,2.554937539892,275.11015637425));
#3479 = VECTOR('',#3480,1.);
#3480 = DIRECTION('',(0.,0.,-1.));
#3481 = ORIENTED_EDGE('',*,*,#3482,.T.);
#3482 = EDGE_CURVE('',#3475,#3483,#3485,.T.);
#3483 = VERTEX_POINT('',#3484);
#3484 = CARTESIAN_POINT('',(-100.,4.48,300.64639372663));
#3485 = LINE('',#3486,#3487);
#3486 = CARTESIAN_POINT('',(-100.,3.899152001459,300.64639372663));
#3487 = VECTOR('',#3488,1.);
#3488 = DIRECTION('',(0.,1.,0.));
#3489 = ORIENTED_EDGE('',*,*,#3490,.F.);
#3490 = EDGE_CURVE('',#3491,#3483,#3493,.T.);
#3491 = VERTEX_POINT('',#3492);
#3492 = CARTESIAN_POINT('',(-100.,4.48,296.));
#3493 = LINE('',#3494,#3495);
#3494 = CARTESIAN_POINT('',(-100.,4.48,211.25322193457));
#3495 = VECTOR('',#3496,1.);
#3496 = DIRECTION('',(0.,1.224646799147E-16,1.));
#3497 = ORIENTED_EDGE('',*,*,#3498,.F.);
#3498 = EDGE_CURVE('',#3499,#3491,#3501,.T.);
#3499 = VERTEX_POINT('',#3500);
#3500 = CARTESIAN_POINT('',(-100.,6.08,296.));
#3501 = LINE('',#3502,#3503);
#3502 = CARTESIAN_POINT('',(-100.,-21.69458128078,296.));
#3503 = VECTOR('',#3504,1.);
#3504 = DIRECTION('',(-0.,-1.,-0.));
#3505 = ORIENTED_EDGE('',*,*,#3506,.T.);
#3506 = EDGE_CURVE('',#3499,#3507,#3509,.T.);
#3507 = VERTEX_POINT('',#3508);
#3508 = CARTESIAN_POINT('',(-100.,6.08,300.64639372663));
#3509 = LINE('',#3510,#3511);
#3510 = CARTESIAN_POINT('',(-100.,6.08,211.25322193457));
#3511 = VECTOR('',#3512,1.);
#3512 = DIRECTION('',(0.,1.224646799147E-16,1.));
#3513 = ORIENTED_EDGE('',*,*,#3514,.T.);
#3514 = EDGE_CURVE('',#3507,#3515,#3517,.T.);
#3515 = VERTEX_POINT('',#3516);
#3516 = CARTESIAN_POINT('',(-100.,7.798304002918,300.64639372663));
#3517 = LINE('',#3518,#3519);
#3518 = CARTESIAN_POINT('',(-100.,3.899152001459,300.64639372663));
#3519 = VECTOR('',#3520,1.);
#3520 = DIRECTION('',(0.,1.,0.));
#3521 = ORIENTED_EDGE('',*,*,#3522,.T.);
#3522 = EDGE_CURVE('',#3515,#3523,#3525,.T.);
#3523 = VERTEX_POINT('',#3524);
#3524 = CARTESIAN_POINT('',(-100.,7.798304002918,311.06747515273));
#3525 = LINE('',#3526,#3527);
#3526 = CARTESIAN_POINT('',(-100.,7.798304002918,280.3206970873));
#3527 = VECTOR('',#3528,1.);
#3528 = DIRECTION('',(0.,0.,1.));
#3529 = ORIENTED_EDGE('',*,*,#3530,.T.);
#3530 = EDGE_CURVE('',#3523,#3531,#3533,.T.);
#3531 = VERTEX_POINT('',#3532);
#3532 = CARTESIAN_POINT('',(-100.,12.,311.06747515273));
#3533 = LINE('',#3534,#3535);
#3534 = CARTESIAN_POINT('',(-100.,6.,311.06747515273));
#3535 = VECTOR('',#3536,1.);
#3536 = DIRECTION('',(0.,1.,0.));
#3537 = ORIENTED_EDGE('',*,*,#3538,.T.);
#3538 = EDGE_CURVE('',#3531,#3539,#3541,.T.);
#3539 = VERTEX_POINT('',#3540);
#3540 = CARTESIAN_POINT('',(-100.,12.,296.));
#3541 = LINE('',#3542,#3543);
#3542 = CARTESIAN_POINT('',(-100.,12.,272.75764429255));
#3543 = VECTOR('',#3544,1.);
#3544 = DIRECTION('',(0.,0.,-1.));
#3545 = ORIENTED_EDGE('',*,*,#3546,.F.);
#3546 = EDGE_CURVE('',#3041,#3539,#3547,.T.);
#3547 = LINE('',#3548,#3549);
#3548 = CARTESIAN_POINT('',(-100.,-21.69458128078,296.));
#3549 = VECTOR('',#3550,1.);
#3550 = DIRECTION('',(-0.,-1.,-0.));
#3551 = FACE_BOUND('',#3552,.F.);
#3552 = EDGE_LOOP('',(#3553,#3563,#3571,#3579));
#3553 = ORIENTED_EDGE('',*,*,#3554,.T.);
#3554 = EDGE_CURVE('',#3555,#3557,#3559,.T.);
#3555 = VERTEX_POINT('',#3556);
#3556 = CARTESIAN_POINT('',(-100.,-36.25,181.15));
#3557 = VERTEX_POINT('',#3558);
#3558 = CARTESIAN_POINT('',(-100.,-43.75,181.15));
#3559 = LINE('',#3560,#3561);
#3560 = CARTESIAN_POINT('',(-100.,-21.875,181.15));
#3561 = VECTOR('',#3562,1.);
#3562 = DIRECTION('',(-0.,-1.,-0.));
#3563 = ORIENTED_EDGE('',*,*,#3564,.T.);
#3564 = EDGE_CURVE('',#3557,#3565,#3567,.T.);
#3565 = VERTEX_POINT('',#3566);
#3566 = CARTESIAN_POINT('',(-100.,-43.75,184.85));
#3567 = LINE('',#3568,#3569);
#3568 = CARTESIAN_POINT('',(-100.,-43.75,215.36195951093));
#3569 = VECTOR('',#3570,1.);
#3570 = DIRECTION('',(0.,0.,1.));
#3571 = ORIENTED_EDGE('',*,*,#3572,.F.);
#3572 = EDGE_CURVE('',#3573,#3565,#3575,.T.);
#3573 = VERTEX_POINT('',#3574);
#3574 = CARTESIAN_POINT('',(-100.,-36.25,184.85));
#3575 = LINE('',#3576,#3577);
#3576 = CARTESIAN_POINT('',(-100.,-21.875,184.85));
#3577 = VECTOR('',#3578,1.);
#3578 = DIRECTION('',(-0.,-1.,-0.));
#3579 = ORIENTED_EDGE('',*,*,#3580,.F.);
#3580 = EDGE_CURVE('',#3555,#3573,#3581,.T.);
#3581 = LINE('',#3582,#3583);
#3582 = CARTESIAN_POINT('',(-100.,-36.25,215.36195951093));
#3583 = VECTOR('',#3584,1.);
#3584 = DIRECTION('',(0.,0.,1.));
#3585 = FACE_BOUND('',#3586,.F.);
#3586 = EDGE_LOOP('',(#3587));
#3587 = ORIENTED_EDGE('',*,*,#3588,.T.);
#3588 = EDGE_CURVE('',#3589,#3589,#3591,.T.);
#3589 = VERTEX_POINT('',#3590);
#3590 = CARTESIAN_POINT('',(-100.,-29.08275862069,313.9));
#3591 = CIRCLE('',#3592,4.1);
#3592 = AXIS2_PLACEMENT_3D('',#3593,#3594,#3595);
#3593 = CARTESIAN_POINT('',(-100.,-29.08275862069,318.));
#3594 = DIRECTION('',(-1.,0.,0.));
#3595 = DIRECTION('',(-0.,-0.,-1.));
#3596 = PLANE('',#3597);
#3597 = AXIS2_PLACEMENT_3D('',#3598,#3599,#3600);
#3598 = CARTESIAN_POINT('',(-100.,2.509867998718E-15,249.57391902187));
#3599 = DIRECTION('',(-1.,-0.,-0.));
#3600 = DIRECTION('',(0.,0.,-1.));
#3601 = ADVANCED_FACE('',(#3602),#3859,.F.);
#3602 = FACE_BOUND('',#3603,.T.);
#3603 = EDGE_LOOP('',(#3604,#3605,#3613,#3621,#3629,#3637,#3645,#3653,
    #3661,#3669,#3677,#3685,#3693,#3701,#3709,#3717,#3725,#3733,#3741,
    #3749,#3757,#3765,#3773,#3781,#3789,#3797,#3805,#3813,#3821,#3829,
    #3837,#3845,#3853));
#3604 = ORIENTED_EDGE('',*,*,#61,.T.);
#3605 = ORIENTED_EDGE('',*,*,#3606,.T.);
#3606 = EDGE_CURVE('',#64,#3607,#3609,.T.);
#3607 = VERTEX_POINT('',#3608);
#3608 = CARTESIAN_POINT('',(-60.,-47.54679802955,330.));
#3609 = LINE('',#3610,#3611);
#3610 = CARTESIAN_POINT('',(-60.,-47.54679802955,211.28695951093));
#3611 = VECTOR('',#3612,1.);
#3612 = DIRECTION('',(0.,0.,1.));
#3613 = ORIENTED_EDGE('',*,*,#3614,.T.);
#3614 = EDGE_CURVE('',#3607,#3615,#3617,.T.);
#3615 = VERTEX_POINT('',#3616);
#3616 = CARTESIAN_POINT('',(-60.,-53.54679802955,330.));
#3617 = LINE('',#3618,#3619);
#3618 = CARTESIAN_POINT('',(-60.,53.546798029557,330.));
#3619 = VECTOR('',#3620,1.);
#3620 = DIRECTION('',(-0.,-1.,-0.));
#3621 = ORIENTED_EDGE('',*,*,#3622,.T.);
#3622 = EDGE_CURVE('',#3615,#3623,#3625,.T.);
#3623 = VERTEX_POINT('',#3624);
#3624 = CARTESIAN_POINT('',(-60.,-53.82857142857,324.8));
#3625 = LINE('',#3626,#3627);
#3626 = CARTESIAN_POINT('',(-60.,-53.54679802955,330.));
#3627 = VECTOR('',#3628,1.);
#3628 = DIRECTION('',(-0.,-5.410781326283E-02,-0.998535099305));
#3629 = ORIENTED_EDGE('',*,*,#3630,.T.);
#3630 = EDGE_CURVE('',#3623,#3631,#3633,.T.);
#3631 = VERTEX_POINT('',#3632);
#3632 = CARTESIAN_POINT('',(-60.,-54.11034482758,319.6));
#3633 = LINE('',#3634,#3635);
#3634 = CARTESIAN_POINT('',(-60.,-53.82857142857,324.8));
#3635 = VECTOR('',#3636,1.);
#3636 = DIRECTION('',(-0.,-5.410781326283E-02,-0.998535099305));
#3637 = ORIENTED_EDGE('',*,*,#3638,.T.);
#3638 = EDGE_CURVE('',#3631,#3639,#3641,.T.);
#3639 = VERTEX_POINT('',#3640);
#3640 = CARTESIAN_POINT('',(-60.,-54.3921182266,314.4));
#3641 = LINE('',#3642,#3643);
#3642 = CARTESIAN_POINT('',(-60.,-54.11034482758,319.6));
#3643 = VECTOR('',#3644,1.);
#3644 = DIRECTION('',(-0.,-5.410781326283E-02,-0.998535099305));
#3645 = ORIENTED_EDGE('',*,*,#3646,.T.);
#3646 = EDGE_CURVE('',#3639,#3647,#3649,.T.);
#3647 = VERTEX_POINT('',#3648);
#3648 = CARTESIAN_POINT('',(-60.,-54.67389162561,309.2));
#3649 = LINE('',#3650,#3651);
#3650 = CARTESIAN_POINT('',(-60.,-54.3921182266,314.4));
#3651 = VECTOR('',#3652,1.);
#3652 = DIRECTION('',(-0.,-5.410781326283E-02,-0.998535099305));
#3653 = ORIENTED_EDGE('',*,*,#3654,.T.);
#3654 = EDGE_CURVE('',#3647,#3655,#3657,.T.);
#3655 = VERTEX_POINT('',#3656);
#3656 = CARTESIAN_POINT('',(-60.,-54.95566502463,304.));
#3657 = LINE('',#3658,#3659);
#3658 = CARTESIAN_POINT('',(-60.,-54.67389162561,309.2));
#3659 = VECTOR('',#3660,1.);
#3660 = DIRECTION('',(-0.,-5.410781326283E-02,-0.998535099305));
#3661 = ORIENTED_EDGE('',*,*,#3662,.T.);
#3662 = EDGE_CURVE('',#3655,#3663,#3665,.T.);
#3663 = VERTEX_POINT('',#3664);
#3664 = CARTESIAN_POINT('',(-60.,-55.23743842364,298.8));
#3665 = LINE('',#3666,#3667);
#3666 = CARTESIAN_POINT('',(-60.,-54.95566502463,304.));
#3667 = VECTOR('',#3668,1.);
#3668 = DIRECTION('',(-0.,-5.410781326283E-02,-0.998535099305));
#3669 = ORIENTED_EDGE('',*,*,#3670,.T.);
#3670 = EDGE_CURVE('',#3663,#3671,#3673,.T.);
#3671 = VERTEX_POINT('',#3672);
#3672 = CARTESIAN_POINT('',(-60.,-55.51921182266,293.6));
#3673 = LINE('',#3674,#3675);
#3674 = CARTESIAN_POINT('',(-60.,-55.23743842364,298.8));
#3675 = VECTOR('',#3676,1.);
#3676 = DIRECTION('',(-0.,-5.410781326283E-02,-0.998535099305));
#3677 = ORIENTED_EDGE('',*,*,#3678,.T.);
#3678 = EDGE_CURVE('',#3671,#3679,#3681,.T.);
#3679 = VERTEX_POINT('',#3680);
#3680 = CARTESIAN_POINT('',(-60.,-55.80098522167,288.4));
#3681 = LINE('',#3682,#3683);
#3682 = CARTESIAN_POINT('',(-60.,-55.51921182266,293.6));
#3683 = VECTOR('',#3684,1.);
#3684 = DIRECTION('',(-0.,-5.410781326283E-02,-0.998535099305));
#3685 = ORIENTED_EDGE('',*,*,#3686,.T.);
#3686 = EDGE_CURVE('',#3679,#3687,#3689,.T.);
#3687 = VERTEX_POINT('',#3688);
#3688 = CARTESIAN_POINT('',(-60.,-56.08275862069,283.2));
#3689 = LINE('',#3690,#3691);
#3690 = CARTESIAN_POINT('',(-60.,-55.80098522167,288.4));
#3691 = VECTOR('',#3692,1.);
#3692 = DIRECTION('',(-0.,-5.410781326283E-02,-0.998535099305));
#3693 = ORIENTED_EDGE('',*,*,#3694,.T.);
#3694 = EDGE_CURVE('',#3687,#3695,#3697,.T.);
#3695 = VERTEX_POINT('',#3696);
#3696 = CARTESIAN_POINT('',(-60.,-56.3645320197,278.));
#3697 = LINE('',#3698,#3699);
#3698 = CARTESIAN_POINT('',(-60.,-56.08275862069,283.2));
#3699 = VECTOR('',#3700,1.);
#3700 = DIRECTION('',(-0.,-5.410781326283E-02,-0.998535099305));
#3701 = ORIENTED_EDGE('',*,*,#3702,.T.);
#3702 = EDGE_CURVE('',#3695,#3703,#3705,.T.);
#3703 = VERTEX_POINT('',#3704);
#3704 = CARTESIAN_POINT('',(-60.,-56.64630541871,272.8));
#3705 = LINE('',#3706,#3707);
#3706 = CARTESIAN_POINT('',(-60.,-56.3645320197,278.));
#3707 = VECTOR('',#3708,1.);
#3708 = DIRECTION('',(-0.,-5.410781326283E-02,-0.998535099305));
#3709 = ORIENTED_EDGE('',*,*,#3710,.T.);
#3710 = EDGE_CURVE('',#3703,#3711,#3713,.T.);
#3711 = VERTEX_POINT('',#3712);
#3712 = CARTESIAN_POINT('',(-60.,-56.92807881773,267.6));
#3713 = LINE('',#3714,#3715);
#3714 = CARTESIAN_POINT('',(-60.,-56.64630541871,272.8));
#3715 = VECTOR('',#3716,1.);
#3716 = DIRECTION('',(-0.,-5.410781326283E-02,-0.998535099305));
#3717 = ORIENTED_EDGE('',*,*,#3718,.T.);
#3718 = EDGE_CURVE('',#3711,#3719,#3721,.T.);
#3719 = VERTEX_POINT('',#3720);
#3720 = CARTESIAN_POINT('',(-60.,-57.20985221674,262.4));
#3721 = LINE('',#3722,#3723);
#3722 = CARTESIAN_POINT('',(-60.,-56.92807881773,267.6));
#3723 = VECTOR('',#3724,1.);
#3724 = DIRECTION('',(-0.,-5.410781326283E-02,-0.998535099305));
#3725 = ORIENTED_EDGE('',*,*,#3726,.T.);
#3726 = EDGE_CURVE('',#3719,#3727,#3729,.T.);
#3727 = VERTEX_POINT('',#3728);
#3728 = CARTESIAN_POINT('',(-60.,-57.49162561576,257.2));
#3729 = LINE('',#3730,#3731);
#3730 = CARTESIAN_POINT('',(-60.,-57.20985221674,262.4));
#3731 = VECTOR('',#3732,1.);
#3732 = DIRECTION('',(-0.,-5.410781326283E-02,-0.998535099305));
#3733 = ORIENTED_EDGE('',*,*,#3734,.T.);
#3734 = EDGE_CURVE('',#3727,#3735,#3737,.T.);
#3735 = VERTEX_POINT('',#3736);
#3736 = CARTESIAN_POINT('',(-60.,-57.77339901477,252.));
#3737 = LINE('',#3738,#3739);
#3738 = CARTESIAN_POINT('',(-60.,-57.49162561576,257.2));
#3739 = VECTOR('',#3740,1.);
#3740 = DIRECTION('',(-0.,-5.410781326283E-02,-0.998535099305));
#3741 = ORIENTED_EDGE('',*,*,#3742,.T.);
#3742 = EDGE_CURVE('',#3735,#3743,#3745,.T.);
#3743 = VERTEX_POINT('',#3744);
#3744 = CARTESIAN_POINT('',(-60.,-58.05517241379,246.8));
#3745 = LINE('',#3746,#3747);
#3746 = CARTESIAN_POINT('',(-60.,-57.77339901477,252.));
#3747 = VECTOR('',#3748,1.);
#3748 = DIRECTION('',(-0.,-5.410781326283E-02,-0.998535099305));
#3749 = ORIENTED_EDGE('',*,*,#3750,.T.);
#3750 = EDGE_CURVE('',#3743,#3751,#3753,.T.);
#3751 = VERTEX_POINT('',#3752);
#3752 = CARTESIAN_POINT('',(-60.,-58.3369458128,241.6));
#3753 = LINE('',#3754,#3755);
#3754 = CARTESIAN_POINT('',(-60.,-58.05517241379,246.8));
#3755 = VECTOR('',#3756,1.);
#3756 = DIRECTION('',(-0.,-5.410781326283E-02,-0.998535099305));
#3757 = ORIENTED_EDGE('',*,*,#3758,.T.);
#3758 = EDGE_CURVE('',#3751,#3759,#3761,.T.);
#3759 = VERTEX_POINT('',#3760);
#3760 = CARTESIAN_POINT('',(-60.,-58.61871921182,236.4));
#3761 = LINE('',#3762,#3763);
#3762 = CARTESIAN_POINT('',(-60.,-58.3369458128,241.6));
#3763 = VECTOR('',#3764,1.);
#3764 = DIRECTION('',(-0.,-5.410781326283E-02,-0.998535099305));
#3765 = ORIENTED_EDGE('',*,*,#3766,.T.);
#3766 = EDGE_CURVE('',#3759,#3767,#3769,.T.);
#3767 = VERTEX_POINT('',#3768);
#3768 = CARTESIAN_POINT('',(-60.,-58.90049261083,231.2));
#3769 = LINE('',#3770,#3771);
#3770 = CARTESIAN_POINT('',(-60.,-58.61871921182,236.4));
#3771 = VECTOR('',#3772,1.);
#3772 = DIRECTION('',(-0.,-5.410781326283E-02,-0.998535099305));
#3773 = ORIENTED_EDGE('',*,*,#3774,.T.);
#3774 = EDGE_CURVE('',#3767,#3775,#3777,.T.);
#3775 = VERTEX_POINT('',#3776);
#3776 = CARTESIAN_POINT('',(-60.,-59.18226600985,226.));
#3777 = LINE('',#3778,#3779);
#3778 = CARTESIAN_POINT('',(-60.,-58.90049261083,231.2));
#3779 = VECTOR('',#3780,1.);
#3780 = DIRECTION('',(-0.,-5.410781326283E-02,-0.998535099305));
#3781 = ORIENTED_EDGE('',*,*,#3782,.T.);
#3782 = EDGE_CURVE('',#3775,#3783,#3785,.T.);
#3783 = VERTEX_POINT('',#3784);
#3784 = CARTESIAN_POINT('',(-60.,-59.46403940886,220.8));
#3785 = LINE('',#3786,#3787);
#3786 = CARTESIAN_POINT('',(-60.,-59.18226600985,226.));
#3787 = VECTOR('',#3788,1.);
#3788 = DIRECTION('',(-0.,-5.410781326283E-02,-0.998535099305));
#3789 = ORIENTED_EDGE('',*,*,#3790,.T.);
#3790 = EDGE_CURVE('',#3783,#3791,#3793,.T.);
#3791 = VERTEX_POINT('',#3792);
#3792 = CARTESIAN_POINT('',(-60.,-59.74581280788,215.6));
#3793 = LINE('',#3794,#3795);
#3794 = CARTESIAN_POINT('',(-60.,-59.46403940886,220.8));
#3795 = VECTOR('',#3796,1.);
#3796 = DIRECTION('',(-0.,-5.410781326283E-02,-0.998535099305));
#3797 = ORIENTED_EDGE('',*,*,#3798,.T.);
#3798 = EDGE_CURVE('',#3791,#3799,#3801,.T.);
#3799 = VERTEX_POINT('',#3800);
#3800 = CARTESIAN_POINT('',(-60.,-60.02758620689,210.4));
#3801 = LINE('',#3802,#3803);
#3802 = CARTESIAN_POINT('',(-60.,-59.74581280788,215.6));
#3803 = VECTOR('',#3804,1.);
#3804 = DIRECTION('',(-0.,-5.410781326283E-02,-0.998535099305));
#3805 = ORIENTED_EDGE('',*,*,#3806,.T.);
#3806 = EDGE_CURVE('',#3799,#3807,#3809,.T.);
#3807 = VERTEX_POINT('',#3808);
#3808 = CARTESIAN_POINT('',(-60.,-60.30935960591,205.2));
#3809 = LINE('',#3810,#3811);
#3810 = CARTESIAN_POINT('',(-60.,-60.02758620689,210.4));
#3811 = VECTOR('',#3812,1.);
#3812 = DIRECTION('',(-0.,-5.410781326283E-02,-0.998535099305));
#3813 = ORIENTED_EDGE('',*,*,#3814,.T.);
#3814 = EDGE_CURVE('',#3807,#3815,#3817,.T.);
#3815 = VERTEX_POINT('',#3816);
#3816 = CARTESIAN_POINT('',(-60.,-60.59113300492,200.));
#3817 = LINE('',#3818,#3819);
#3818 = CARTESIAN_POINT('',(-60.,-60.30935960591,205.2));
#3819 = VECTOR('',#3820,1.);
#3820 = DIRECTION('',(-0.,-5.410781326283E-02,-0.998535099305));
#3821 = ORIENTED_EDGE('',*,*,#3822,.T.);
#3822 = EDGE_CURVE('',#3815,#3823,#3825,.T.);
#3823 = VERTEX_POINT('',#3824);
#3824 = CARTESIAN_POINT('',(-60.,-60.87290640394,194.8));
#3825 = LINE('',#3826,#3827);
#3826 = CARTESIAN_POINT('',(-60.,-60.59113300492,200.));
#3827 = VECTOR('',#3828,1.);
#3828 = DIRECTION('',(-0.,-5.410781326283E-02,-0.998535099305));
#3829 = ORIENTED_EDGE('',*,*,#3830,.T.);
#3830 = EDGE_CURVE('',#3823,#3831,#3833,.T.);
#3831 = VERTEX_POINT('',#3832);
#3832 = CARTESIAN_POINT('',(-60.,-61.15467980295,189.6));
#3833 = LINE('',#3834,#3835);
#3834 = CARTESIAN_POINT('',(-60.,-60.87290640394,194.8));
#3835 = VECTOR('',#3836,1.);
#3836 = DIRECTION('',(-0.,-5.410781326283E-02,-0.998535099305));
#3837 = ORIENTED_EDGE('',*,*,#3838,.T.);
#3838 = EDGE_CURVE('',#3831,#3839,#3841,.T.);
#3839 = VERTEX_POINT('',#3840);
#3840 = CARTESIAN_POINT('',(-60.,-61.43645320197,184.4));
#3841 = LINE('',#3842,#3843);
#3842 = CARTESIAN_POINT('',(-60.,-61.15467980295,189.6));
#3843 = VECTOR('',#3844,1.);
#3844 = DIRECTION('',(-0.,-5.410781326283E-02,-0.998535099305));
#3845 = ORIENTED_EDGE('',*,*,#3846,.T.);
#3846 = EDGE_CURVE('',#3839,#3847,#3849,.T.);
#3847 = VERTEX_POINT('',#3848);
#3848 = CARTESIAN_POINT('',(-60.,-61.71822660098,179.2));
#3849 = LINE('',#3850,#3851);
#3850 = CARTESIAN_POINT('',(-60.,-61.43645320197,184.4));
#3851 = VECTOR('',#3852,1.);
#3852 = DIRECTION('',(-0.,-5.410781326283E-02,-0.998535099305));
#3853 = ORIENTED_EDGE('',*,*,#3854,.T.);
#3854 = EDGE_CURVE('',#3847,#62,#3855,.T.);
#3855 = LINE('',#3856,#3857);
#3856 = CARTESIAN_POINT('',(-60.,-61.71822660098,179.2));
#3857 = VECTOR('',#3858,1.);
#3858 = DIRECTION('',(-0.,-5.410781326283E-02,-0.998535099305));
#3859 = PLANE('',#3860);
#3860 = AXIS2_PLACEMENT_3D('',#3861,#3862,#3863);
#3861 = CARTESIAN_POINT('',(-60.,2.509867998718E-15,249.57391902187));
#3862 = DIRECTION('',(-1.,-0.,-0.));
#3863 = DIRECTION('',(0.,0.,-1.));
#3864 = ADVANCED_FACE('',(#3865),#3876,.F.);
#3865 = FACE_BOUND('',#3866,.T.);
#3866 = EDGE_LOOP('',(#3867,#3873,#3874,#3875));
#3867 = ORIENTED_EDGE('',*,*,#3868,.T.);
#3868 = EDGE_CURVE('',#3847,#2943,#3869,.T.);
#3869 = LINE('',#3870,#3871);
#3870 = CARTESIAN_POINT('',(-60.,-61.71822660098,179.2));
#3871 = VECTOR('',#3872,1.);
#3872 = DIRECTION('',(-1.,-0.,-0.));
#3873 = ORIENTED_EDGE('',*,*,#2950,.T.);
#3874 = ORIENTED_EDGE('',*,*,#71,.F.);
#3875 = ORIENTED_EDGE('',*,*,#3854,.F.);
#3876 = PLANE('',#3877);
#3877 = AXIS2_PLACEMENT_3D('',#3878,#3879,#3880);
#3878 = CARTESIAN_POINT('',(-60.,-61.71822660098,179.2));
#3879 = DIRECTION('',(0.,0.998535099305,-5.410781326283E-02));
#3880 = DIRECTION('',(0.,5.410781326283E-02,0.998535099305));
#3881 = ADVANCED_FACE('',(#3882),#3900,.T.);
#3882 = FACE_BOUND('',#3883,.F.);
#3883 = EDGE_LOOP('',(#3884,#3892,#3893,#3894));
#3884 = ORIENTED_EDGE('',*,*,#3885,.F.);
#3885 = EDGE_CURVE('',#103,#3886,#3888,.T.);
#3886 = VERTEX_POINT('',#3887);
#3887 = CARTESIAN_POINT('',(-63.,-47.54679802955,330.));
#3888 = LINE('',#3889,#3890);
#3889 = CARTESIAN_POINT('',(-63.,-47.54679802955,173.));
#3890 = VECTOR('',#3891,1.);
#3891 = DIRECTION('',(0.,0.,1.));
#3892 = ORIENTED_EDGE('',*,*,#110,.T.);
#3893 = ORIENTED_EDGE('',*,*,#3606,.T.);
#3894 = ORIENTED_EDGE('',*,*,#3895,.T.);
#3895 = EDGE_CURVE('',#3607,#3886,#3896,.T.);
#3896 = LINE('',#3897,#3898);
#3897 = CARTESIAN_POINT('',(-58.5,-47.54679802955,330.));
#3898 = VECTOR('',#3899,1.);
#3899 = DIRECTION('',(-1.,-0.,-0.));
#3900 = PLANE('',#3901);
#3901 = AXIS2_PLACEMENT_3D('',#3902,#3903,#3904);
#3902 = CARTESIAN_POINT('',(-57.,-47.54679802955,173.));
#3903 = DIRECTION('',(0.,1.,0.));
#3904 = DIRECTION('',(0.,0.,-1.));
#3905 = ADVANCED_FACE('',(#3906),#3956,.F.);
#3906 = FACE_BOUND('',#3907,.T.);
#3907 = EDGE_LOOP('',(#3908,#3909,#3910,#3918,#3926,#3934,#3942,#3950));
#3908 = ORIENTED_EDGE('',*,*,#3885,.F.);
#3909 = ORIENTED_EDGE('',*,*,#102,.T.);
#3910 = ORIENTED_EDGE('',*,*,#3911,.T.);
#3911 = EDGE_CURVE('',#95,#3912,#3914,.T.);
#3912 = VERTEX_POINT('',#3913);
#3913 = CARTESIAN_POINT('',(-63.,-41.54679802955,181.15));
#3914 = LINE('',#3915,#3916);
#3915 = CARTESIAN_POINT('',(-63.,-41.54679802955,173.));
#3916 = VECTOR('',#3917,1.);
#3917 = DIRECTION('',(0.,0.,1.));
#3918 = ORIENTED_EDGE('',*,*,#3919,.T.);
#3919 = EDGE_CURVE('',#3912,#3920,#3922,.T.);
#3920 = VERTEX_POINT('',#3921);
#3921 = CARTESIAN_POINT('',(-63.,-43.75,181.15));
#3922 = LINE('',#3923,#3924);
#3923 = CARTESIAN_POINT('',(-63.,-41.89839901477,181.15));
#3924 = VECTOR('',#3925,1.);
#3925 = DIRECTION('',(-0.,-1.,-0.));
#3926 = ORIENTED_EDGE('',*,*,#3927,.F.);
#3927 = EDGE_CURVE('',#3928,#3920,#3930,.T.);
#3928 = VERTEX_POINT('',#3929);
#3929 = CARTESIAN_POINT('',(-63.,-43.75,184.85));
#3930 = LINE('',#3931,#3932);
#3931 = CARTESIAN_POINT('',(-63.,-43.75,177.075));
#3932 = VECTOR('',#3933,1.);
#3933 = DIRECTION('',(-0.,-0.,-1.));
#3934 = ORIENTED_EDGE('',*,*,#3935,.F.);
#3935 = EDGE_CURVE('',#3936,#3928,#3938,.T.);
#3936 = VERTEX_POINT('',#3937);
#3937 = CARTESIAN_POINT('',(-63.,-41.54679802955,184.85));
#3938 = LINE('',#3939,#3940);
#3939 = CARTESIAN_POINT('',(-63.,-41.89839901477,184.85));
#3940 = VECTOR('',#3941,1.);
#3941 = DIRECTION('',(-0.,-1.,-0.));
#3942 = ORIENTED_EDGE('',*,*,#3943,.T.);
#3943 = EDGE_CURVE('',#3936,#3944,#3946,.T.);
#3944 = VERTEX_POINT('',#3945);
#3945 = CARTESIAN_POINT('',(-63.,-41.54679802955,330.));
#3946 = LINE('',#3947,#3948);
#3947 = CARTESIAN_POINT('',(-63.,-41.54679802955,173.));
#3948 = VECTOR('',#3949,1.);
#3949 = DIRECTION('',(0.,0.,1.));
#3950 = ORIENTED_EDGE('',*,*,#3951,.T.);
#3951 = EDGE_CURVE('',#3944,#3886,#3952,.T.);
#3952 = LINE('',#3953,#3954);
#3953 = CARTESIAN_POINT('',(-63.,3.,330.));
#3954 = VECTOR('',#3955,1.);
#3955 = DIRECTION('',(-0.,-1.,-0.));
#3956 = PLANE('',#3957);
#3957 = AXIS2_PLACEMENT_3D('',#3958,#3959,#3960);
#3958 = CARTESIAN_POINT('',(-63.,-47.54679802955,173.));
#3959 = DIRECTION('',(-1.,-0.,-0.));
#3960 = DIRECTION('',(0.,0.,-1.));
#3961 = ADVANCED_FACE('',(#3962),#3973,.F.);
#3962 = FACE_BOUND('',#3963,.T.);
#3963 = EDGE_LOOP('',(#3964,#3965,#3966,#3967));
#3964 = ORIENTED_EDGE('',*,*,#3911,.F.);
#3965 = ORIENTED_EDGE('',*,*,#94,.T.);
#3966 = ORIENTED_EDGE('',*,*,#199,.T.);
#3967 = ORIENTED_EDGE('',*,*,#3968,.T.);
#3968 = EDGE_CURVE('',#200,#3912,#3969,.T.);
#3969 = LINE('',#3970,#3971);
#3970 = CARTESIAN_POINT('',(-63.375,-41.54679802955,181.15));
#3971 = VECTOR('',#3972,1.);
#3972 = DIRECTION('',(-1.,-0.,-0.));
#3973 = PLANE('',#3974);
#3974 = AXIS2_PLACEMENT_3D('',#3975,#3976,#3977);
#3975 = CARTESIAN_POINT('',(-57.,-41.54679802955,173.));
#3976 = DIRECTION('',(0.,1.,0.));
#3977 = DIRECTION('',(0.,0.,-1.));
#3978 = ADVANCED_FACE('',(#3979),#3998,.F.);
#3979 = FACE_BOUND('',#3980,.T.);
#3980 = EDGE_LOOP('',(#3981,#3989,#3996,#3997));
#3981 = ORIENTED_EDGE('',*,*,#3982,.T.);
#3982 = EDGE_CURVE('',#119,#3983,#3985,.T.);
#3983 = VERTEX_POINT('',#3984);
#3984 = CARTESIAN_POINT('',(-96.25,-40.,181.01));
#3985 = LINE('',#3986,#3987);
#3986 = CARTESIAN_POINT('',(-96.25,-40.,173.99));
#3987 = VECTOR('',#3988,1.);
#3988 = DIRECTION('',(0.,0.,1.));
#3989 = ORIENTED_EDGE('',*,*,#3990,.F.);
#3990 = EDGE_CURVE('',#3983,#3983,#3991,.T.);
#3991 = CIRCLE('',#3992,2.25);
#3992 = AXIS2_PLACEMENT_3D('',#3993,#3994,#3995);
#3993 = CARTESIAN_POINT('',(-94.,-40.,181.01));
#3994 = DIRECTION('',(0.,0.,-1.));
#3995 = DIRECTION('',(-1.,-0.,-0.));
#3996 = ORIENTED_EDGE('',*,*,#3982,.F.);
#3997 = ORIENTED_EDGE('',*,*,#118,.T.);
#3998 = CYLINDRICAL_SURFACE('',#3999,2.25);
#3999 = AXIS2_PLACEMENT_3D('',#4000,#4001,#4002);
#4000 = CARTESIAN_POINT('',(-94.,-40.,173.99));
#4001 = DIRECTION('',(0.,0.,1.));
#4002 = DIRECTION('',(-1.,-0.,-0.));
#4003 = ADVANCED_FACE('',(#4004),#4023,.F.);
#4004 = FACE_BOUND('',#4005,.T.);
#4005 = EDGE_LOOP('',(#4006,#4014,#4021,#4022));
#4006 = ORIENTED_EDGE('',*,*,#4007,.T.);
#4007 = EDGE_CURVE('',#130,#4008,#4010,.T.);
#4008 = VERTEX_POINT('',#4009);
#4009 = CARTESIAN_POINT('',(-96.25,40.,181.01));
#4010 = LINE('',#4011,#4012);
#4011 = CARTESIAN_POINT('',(-96.25,40.,173.99));
#4012 = VECTOR('',#4013,1.);
#4013 = DIRECTION('',(0.,0.,1.));
#4014 = ORIENTED_EDGE('',*,*,#4015,.F.);
#4015 = EDGE_CURVE('',#4008,#4008,#4016,.T.);
#4016 = CIRCLE('',#4017,2.25);
#4017 = AXIS2_PLACEMENT_3D('',#4018,#4019,#4020);
#4018 = CARTESIAN_POINT('',(-94.,40.,181.01));
#4019 = DIRECTION('',(0.,0.,-1.));
#4020 = DIRECTION('',(-1.,-0.,-0.));
#4021 = ORIENTED_EDGE('',*,*,#4007,.F.);
#4022 = ORIENTED_EDGE('',*,*,#129,.T.);
#4023 = CYLINDRICAL_SURFACE('',#4024,2.25);
#4024 = AXIS2_PLACEMENT_3D('',#4025,#4026,#4027);
#4025 = CARTESIAN_POINT('',(-94.,40.,173.99));
#4026 = DIRECTION('',(0.,0.,1.));
#4027 = DIRECTION('',(-1.,-0.,-0.));
#4028 = ADVANCED_FACE('',(#4029),#4048,.F.);
#4029 = FACE_BOUND('',#4030,.T.);
#4030 = EDGE_LOOP('',(#4031,#4039,#4046,#4047));
#4031 = ORIENTED_EDGE('',*,*,#4032,.T.);
#4032 = EDGE_CURVE('',#141,#4033,#4035,.T.);
#4033 = VERTEX_POINT('',#4034);
#4034 = CARTESIAN_POINT('',(-68.25,-40.,181.01));
#4035 = LINE('',#4036,#4037);
#4036 = CARTESIAN_POINT('',(-68.25,-40.,173.99));
#4037 = VECTOR('',#4038,1.);
#4038 = DIRECTION('',(0.,0.,1.));
#4039 = ORIENTED_EDGE('',*,*,#4040,.F.);
#4040 = EDGE_CURVE('',#4033,#4033,#4041,.T.);
#4041 = CIRCLE('',#4042,2.25);
#4042 = AXIS2_PLACEMENT_3D('',#4043,#4044,#4045);
#4043 = CARTESIAN_POINT('',(-66.,-40.,181.01));
#4044 = DIRECTION('',(0.,0.,-1.));
#4045 = DIRECTION('',(-1.,-0.,-0.));
#4046 = ORIENTED_EDGE('',*,*,#4032,.F.);
#4047 = ORIENTED_EDGE('',*,*,#140,.T.);
#4048 = CYLINDRICAL_SURFACE('',#4049,2.25);
#4049 = AXIS2_PLACEMENT_3D('',#4050,#4051,#4052);
#4050 = CARTESIAN_POINT('',(-66.,-40.,173.99));
#4051 = DIRECTION('',(0.,0.,1.));
#4052 = DIRECTION('',(-1.,-0.,-0.));
#4053 = ADVANCED_FACE('',(#4054),#4073,.F.);
#4054 = FACE_BOUND('',#4055,.T.);
#4055 = EDGE_LOOP('',(#4056,#4064,#4071,#4072));
#4056 = ORIENTED_EDGE('',*,*,#4057,.T.);
#4057 = EDGE_CURVE('',#152,#4058,#4060,.T.);
#4058 = VERTEX_POINT('',#4059);
#4059 = CARTESIAN_POINT('',(-68.25,40.,181.01));
#4060 = LINE('',#4061,#4062);
#4061 = CARTESIAN_POINT('',(-68.25,40.,173.99));
#4062 = VECTOR('',#4063,1.);
#4063 = DIRECTION('',(0.,0.,1.));
#4064 = ORIENTED_EDGE('',*,*,#4065,.F.);
#4065 = EDGE_CURVE('',#4058,#4058,#4066,.T.);
#4066 = CIRCLE('',#4067,2.25);
#4067 = AXIS2_PLACEMENT_3D('',#4068,#4069,#4070);
#4068 = CARTESIAN_POINT('',(-66.,40.,181.01));
#4069 = DIRECTION('',(0.,0.,-1.));
#4070 = DIRECTION('',(-1.,-0.,-0.));
#4071 = ORIENTED_EDGE('',*,*,#4057,.F.);
#4072 = ORIENTED_EDGE('',*,*,#151,.T.);
#4073 = CYLINDRICAL_SURFACE('',#4074,2.25);
#4074 = AXIS2_PLACEMENT_3D('',#4075,#4076,#4077);
#4075 = CARTESIAN_POINT('',(-66.,40.,173.99));
#4076 = DIRECTION('',(0.,0.,1.));
#4077 = DIRECTION('',(-1.,-0.,-0.));
#4078 = ADVANCED_FACE('',(#4079),#4090,.F.);
#4079 = FACE_BOUND('',#4080,.T.);
#4080 = EDGE_LOOP('',(#4081,#4082,#4083,#4089));
#4081 = ORIENTED_EDGE('',*,*,#177,.T.);
#4082 = ORIENTED_EDGE('',*,*,#2486,.T.);
#4083 = ORIENTED_EDGE('',*,*,#4084,.F.);
#4084 = EDGE_CURVE('',#211,#2487,#4085,.T.);
#4085 = LINE('',#4086,#4087);
#4086 = CARTESIAN_POINT('',(-60.,61.154679802956,189.6));
#4087 = VECTOR('',#4088,1.);
#4088 = DIRECTION('',(-1.,-0.,-0.));
#4089 = ORIENTED_EDGE('',*,*,#210,.F.);
#4090 = PLANE('',#4091);
#4091 = AXIS2_PLACEMENT_3D('',#4092,#4093,#4094);
#4092 = CARTESIAN_POINT('',(-60.,61.43645320197,184.4));
#4093 = DIRECTION('',(-0.,-0.998535099305,-5.410781326283E-02));
#4094 = DIRECTION('',(0.,5.410781326283E-02,-0.998535099305));
#4095 = ADVANCED_FACE('',(#4096),#4123,.T.);
#4096 = FACE_BOUND('',#4097,.F.);
#4097 = EDGE_LOOP('',(#4098,#4106,#4114,#4120,#4121,#4122));
#4098 = ORIENTED_EDGE('',*,*,#4099,.F.);
#4099 = EDGE_CURVE('',#4100,#3920,#4102,.T.);
#4100 = VERTEX_POINT('',#4101);
#4101 = CARTESIAN_POINT('',(-69.75,-43.75,181.15));
#4102 = LINE('',#4103,#4104);
#4103 = CARTESIAN_POINT('',(-69.75,-43.75,181.15));
#4104 = VECTOR('',#4105,1.);
#4105 = DIRECTION('',(1.,0.,-0.));
#4106 = ORIENTED_EDGE('',*,*,#4107,.F.);
#4107 = EDGE_CURVE('',#4108,#4100,#4110,.T.);
#4108 = VERTEX_POINT('',#4109);
#4109 = CARTESIAN_POINT('',(-69.75,-36.25,181.15));
#4110 = LINE('',#4111,#4112);
#4111 = CARTESIAN_POINT('',(-69.75,-36.25,181.15));
#4112 = VECTOR('',#4113,1.);
#4113 = DIRECTION('',(0.,-1.,0.));
#4114 = ORIENTED_EDGE('',*,*,#4115,.T.);
#4115 = EDGE_CURVE('',#4108,#459,#4116,.T.);
#4116 = LINE('',#4117,#4118);
#4117 = CARTESIAN_POINT('',(-69.75,-36.25,181.15));
#4118 = VECTOR('',#4119,1.);
#4119 = DIRECTION('',(1.,0.,-0.));
#4120 = ORIENTED_EDGE('',*,*,#466,.T.);
#4121 = ORIENTED_EDGE('',*,*,#3968,.T.);
#4122 = ORIENTED_EDGE('',*,*,#3919,.T.);
#4123 = PLANE('',#4124);
#4124 = AXIS2_PLACEMENT_3D('',#4125,#4126,#4127);
#4125 = CARTESIAN_POINT('',(-69.75,-36.25,181.15));
#4126 = DIRECTION('',(0.,0.,1.));
#4127 = DIRECTION('',(-1.,0.,0.));
#4128 = ADVANCED_FACE('',(#4129),#4147,.T.);
#4129 = FACE_BOUND('',#4130,.F.);
#4130 = EDGE_LOOP('',(#4131,#4132,#4140,#4146));
#4131 = ORIENTED_EDGE('',*,*,#4115,.F.);
#4132 = ORIENTED_EDGE('',*,*,#4133,.T.);
#4133 = EDGE_CURVE('',#4108,#4134,#4136,.T.);
#4134 = VERTEX_POINT('',#4135);
#4135 = CARTESIAN_POINT('',(-69.75,-36.25,184.85));
#4136 = LINE('',#4137,#4138);
#4137 = CARTESIAN_POINT('',(-69.75,-36.25,181.15));
#4138 = VECTOR('',#4139,1.);
#4139 = DIRECTION('',(0.,0.,1.));
#4140 = ORIENTED_EDGE('',*,*,#4141,.T.);
#4141 = EDGE_CURVE('',#4134,#451,#4142,.T.);
#4142 = LINE('',#4143,#4144);
#4143 = CARTESIAN_POINT('',(-69.75,-36.25,184.85));
#4144 = VECTOR('',#4145,1.);
#4145 = DIRECTION('',(1.,0.,-0.));
#4146 = ORIENTED_EDGE('',*,*,#458,.T.);
#4147 = PLANE('',#4148);
#4148 = AXIS2_PLACEMENT_3D('',#4149,#4150,#4151);
#4149 = CARTESIAN_POINT('',(-69.75,-36.25,181.15));
#4150 = DIRECTION('',(0.,-1.,0.));
#4151 = DIRECTION('',(0.,0.,-1.));
#4152 = ADVANCED_FACE('',(#4153,#4178),#4189,.F.);
#4153 = FACE_BOUND('',#4154,.T.);
#4154 = EDGE_LOOP('',(#4155,#4163,#4169,#4170,#4171,#4177));
#4155 = ORIENTED_EDGE('',*,*,#4156,.F.);
#4156 = EDGE_CURVE('',#4157,#3928,#4159,.T.);
#4157 = VERTEX_POINT('',#4158);
#4158 = CARTESIAN_POINT('',(-69.75,-43.75,184.85));
#4159 = LINE('',#4160,#4161);
#4160 = CARTESIAN_POINT('',(-69.75,-43.75,184.85));
#4161 = VECTOR('',#4162,1.);
#4162 = DIRECTION('',(1.,0.,-0.));
#4163 = ORIENTED_EDGE('',*,*,#4164,.F.);
#4164 = EDGE_CURVE('',#4134,#4157,#4165,.T.);
#4165 = LINE('',#4166,#4167);
#4166 = CARTESIAN_POINT('',(-69.75,-36.25,184.85));
#4167 = VECTOR('',#4168,1.);
#4168 = DIRECTION('',(0.,-1.,0.));
#4169 = ORIENTED_EDGE('',*,*,#4141,.T.);
#4170 = ORIENTED_EDGE('',*,*,#450,.T.);
#4171 = ORIENTED_EDGE('',*,*,#4172,.T.);
#4172 = EDGE_CURVE('',#443,#3936,#4173,.T.);
#4173 = LINE('',#4174,#4175);
#4174 = CARTESIAN_POINT('',(-63.375,-41.54679802955,184.85));
#4175 = VECTOR('',#4176,1.);
#4176 = DIRECTION('',(-1.,-0.,-0.));
#4177 = ORIENTED_EDGE('',*,*,#3935,.T.);
#4178 = FACE_BOUND('',#4179,.T.);
#4179 = EDGE_LOOP('',(#4180));
#4180 = ORIENTED_EDGE('',*,*,#4181,.F.);
#4181 = EDGE_CURVE('',#4182,#4182,#4184,.T.);
#4182 = VERTEX_POINT('',#4183);
#4183 = CARTESIAN_POINT('',(-68.25,-40.,184.85));
#4184 = CIRCLE('',#4185,2.25);
#4185 = AXIS2_PLACEMENT_3D('',#4186,#4187,#4188);
#4186 = CARTESIAN_POINT('',(-66.,-40.,184.85));
#4187 = DIRECTION('',(0.,0.,-1.));
#4188 = DIRECTION('',(-1.,-0.,-0.));
#4189 = PLANE('',#4190);
#4190 = AXIS2_PLACEMENT_3D('',#4191,#4192,#4193);
#4191 = CARTESIAN_POINT('',(-69.75,-36.25,184.85));
#4192 = DIRECTION('',(0.,0.,1.));
#4193 = DIRECTION('',(-1.,0.,0.));
#4194 = ADVANCED_FACE('',(#4195),#4206,.F.);
#4195 = FACE_BOUND('',#4196,.T.);
#4196 = EDGE_LOOP('',(#4197,#4198,#4199,#4200));
#4197 = ORIENTED_EDGE('',*,*,#3943,.F.);
#4198 = ORIENTED_EDGE('',*,*,#4172,.F.);
#4199 = ORIENTED_EDGE('',*,*,#442,.T.);
#4200 = ORIENTED_EDGE('',*,*,#4201,.T.);
#4201 = EDGE_CURVE('',#435,#3944,#4202,.T.);
#4202 = LINE('',#4203,#4204);
#4203 = CARTESIAN_POINT('',(-58.5,-41.54679802955,330.));
#4204 = VECTOR('',#4205,1.);
#4205 = DIRECTION('',(-1.,-0.,-0.));
#4206 = PLANE('',#4207);
#4207 = AXIS2_PLACEMENT_3D('',#4208,#4209,#4210);
#4208 = CARTESIAN_POINT('',(-57.,-41.54679802955,173.));
#4209 = DIRECTION('',(0.,1.,0.));
#4210 = DIRECTION('',(0.,0.,-1.));
#4211 = ADVANCED_FACE('',(#4212),#4223,.F.);
#4212 = FACE_BOUND('',#4213,.T.);
#4213 = EDGE_LOOP('',(#4214,#4215,#4216,#4222));
#4214 = ORIENTED_EDGE('',*,*,#4084,.T.);
#4215 = ORIENTED_EDGE('',*,*,#2494,.T.);
#4216 = ORIENTED_EDGE('',*,*,#4217,.F.);
#4217 = EDGE_CURVE('',#219,#2495,#4218,.T.);
#4218 = LINE('',#4219,#4220);
#4219 = CARTESIAN_POINT('',(-60.,60.872906403941,194.8));
#4220 = VECTOR('',#4221,1.);
#4221 = DIRECTION('',(-1.,-0.,-0.));
#4222 = ORIENTED_EDGE('',*,*,#218,.F.);
#4223 = PLANE('',#4224);
#4224 = AXIS2_PLACEMENT_3D('',#4225,#4226,#4227);
#4225 = CARTESIAN_POINT('',(-60.,61.154679802956,189.6));
#4226 = DIRECTION('',(-0.,-0.998535099305,-5.410781326283E-02));
#4227 = DIRECTION('',(0.,5.410781326283E-02,-0.998535099305));
#4228 = ADVANCED_FACE('',(#4229,#4249),#4283,.F.);
#4229 = FACE_BOUND('',#4230,.T.);
#4230 = EDGE_LOOP('',(#4231,#4232,#4238,#4239,#4245,#4246,#4247,#4248));
#4231 = ORIENTED_EDGE('',*,*,#434,.F.);
#4232 = ORIENTED_EDGE('',*,*,#4233,.T.);
#4233 = EDGE_CURVE('',#427,#2703,#4234,.T.);
#4234 = LINE('',#4235,#4236);
#4235 = CARTESIAN_POINT('',(-60.,53.546798029557,330.));
#4236 = VECTOR('',#4237,1.);
#4237 = DIRECTION('',(-1.,-0.,-0.));
#4238 = ORIENTED_EDGE('',*,*,#2710,.T.);
#4239 = ORIENTED_EDGE('',*,*,#4240,.F.);
#4240 = EDGE_CURVE('',#3615,#2711,#4241,.T.);
#4241 = LINE('',#4242,#4243);
#4242 = CARTESIAN_POINT('',(-60.,-53.54679802955,330.));
#4243 = VECTOR('',#4244,1.);
#4244 = DIRECTION('',(-1.,-0.,-0.));
#4245 = ORIENTED_EDGE('',*,*,#3614,.F.);
#4246 = ORIENTED_EDGE('',*,*,#3895,.T.);
#4247 = ORIENTED_EDGE('',*,*,#3951,.F.);
#4248 = ORIENTED_EDGE('',*,*,#4201,.F.);
#4249 = FACE_BOUND('',#4250,.T.);
#4250 = EDGE_LOOP('',(#4251,#4261,#4269,#4277));
#4251 = ORIENTED_EDGE('',*,*,#4252,.F.);
#4252 = EDGE_CURVE('',#4253,#4255,#4257,.T.);
#4253 = VERTEX_POINT('',#4254);
#4254 = CARTESIAN_POINT('',(-72.75,41.796798029557,330.));
#4255 = VERTEX_POINT('',#4256);
#4256 = CARTESIAN_POINT('',(-87.25,41.796798029557,330.));
#4257 = LINE('',#4258,#4259);
#4258 = CARTESIAN_POINT('',(-66.375,41.796798029557,330.));
#4259 = VECTOR('',#4260,1.);
#4260 = DIRECTION('',(-1.,-0.,-0.));
#4261 = ORIENTED_EDGE('',*,*,#4262,.T.);
#4262 = EDGE_CURVE('',#4253,#4263,#4265,.T.);
#4263 = VERTEX_POINT('',#4264);
#4264 = CARTESIAN_POINT('',(-72.75,-41.79679802955,330.));
#4265 = LINE('',#4266,#4267);
#4266 = CARTESIAN_POINT('',(-72.75,5.875,330.));
#4267 = VECTOR('',#4268,1.);
#4268 = DIRECTION('',(-0.,-1.,-0.));
#4269 = ORIENTED_EDGE('',*,*,#4270,.T.);
#4270 = EDGE_CURVE('',#4263,#4271,#4273,.T.);
#4271 = VERTEX_POINT('',#4272);
#4272 = CARTESIAN_POINT('',(-87.25,-41.79679802955,330.));
#4273 = LINE('',#4274,#4275);
#4274 = CARTESIAN_POINT('',(-66.375,-41.79679802955,330.));
#4275 = VECTOR('',#4276,1.);
#4276 = DIRECTION('',(-1.,-0.,-0.));
#4277 = ORIENTED_EDGE('',*,*,#4278,.F.);
#4278 = EDGE_CURVE('',#4255,#4271,#4279,.T.);
#4279 = LINE('',#4280,#4281);
#4280 = CARTESIAN_POINT('',(-87.25,5.875,330.));
#4281 = VECTOR('',#4282,1.);
#4282 = DIRECTION('',(-0.,-1.,-0.));
#4283 = PLANE('',#4284);
#4284 = AXIS2_PLACEMENT_3D('',#4285,#4286,#4287);
#4285 = CARTESIAN_POINT('',(-60.,53.546798029557,330.));
#4286 = DIRECTION('',(-0.,-0.,-1.));
#4287 = DIRECTION('',(0.,1.,0.));
#4288 = ADVANCED_FACE('',(#4289),#4300,.F.);
#4289 = FACE_BOUND('',#4290,.T.);
#4290 = EDGE_LOOP('',(#4291,#4292,#4293,#4299));
#4291 = ORIENTED_EDGE('',*,*,#4217,.T.);
#4292 = ORIENTED_EDGE('',*,*,#2502,.T.);
#4293 = ORIENTED_EDGE('',*,*,#4294,.F.);
#4294 = EDGE_CURVE('',#227,#2503,#4295,.T.);
#4295 = LINE('',#4296,#4297);
#4296 = CARTESIAN_POINT('',(-60.,60.591133004926,200.));
#4297 = VECTOR('',#4298,1.);
#4298 = DIRECTION('',(-1.,-0.,-0.));
#4299 = ORIENTED_EDGE('',*,*,#226,.F.);
#4300 = PLANE('',#4301);
#4301 = AXIS2_PLACEMENT_3D('',#4302,#4303,#4304);
#4302 = CARTESIAN_POINT('',(-60.,60.872906403941,194.8));
#4303 = DIRECTION('',(-0.,-0.998535099305,-5.410781326283E-02));
#4304 = DIRECTION('',(0.,5.410781326283E-02,-0.998535099305));
#4305 = ADVANCED_FACE('',(#4306),#4317,.F.);
#4306 = FACE_BOUND('',#4307,.T.);
#4307 = EDGE_LOOP('',(#4308,#4314,#4315,#4316));
#4308 = ORIENTED_EDGE('',*,*,#4309,.T.);
#4309 = EDGE_CURVE('',#419,#2695,#4310,.T.);
#4310 = LINE('',#4311,#4312);
#4311 = CARTESIAN_POINT('',(-60.,53.828571428571,324.8));
#4312 = VECTOR('',#4313,1.);
#4313 = DIRECTION('',(-1.,-0.,-0.));
#4314 = ORIENTED_EDGE('',*,*,#2702,.T.);
#4315 = ORIENTED_EDGE('',*,*,#4233,.F.);
#4316 = ORIENTED_EDGE('',*,*,#426,.F.);
#4317 = PLANE('',#4318);
#4318 = AXIS2_PLACEMENT_3D('',#4319,#4320,#4321);
#4319 = CARTESIAN_POINT('',(-60.,53.828571428571,324.8));
#4320 = DIRECTION('',(-0.,-0.998535099305,-5.410781326283E-02));
#4321 = DIRECTION('',(0.,5.410781326283E-02,-0.998535099305));
#4322 = ADVANCED_FACE('',(#4323),#4334,.F.);
#4323 = FACE_BOUND('',#4324,.T.);
#4324 = EDGE_LOOP('',(#4325,#4326,#4327,#4333));
#4325 = ORIENTED_EDGE('',*,*,#4294,.T.);
#4326 = ORIENTED_EDGE('',*,*,#2510,.T.);
#4327 = ORIENTED_EDGE('',*,*,#4328,.F.);
#4328 = EDGE_CURVE('',#235,#2511,#4329,.T.);
#4329 = LINE('',#4330,#4331);
#4330 = CARTESIAN_POINT('',(-60.,60.309359605911,205.2));
#4331 = VECTOR('',#4332,1.);
#4332 = DIRECTION('',(-1.,-0.,-0.));
#4333 = ORIENTED_EDGE('',*,*,#234,.F.);
#4334 = PLANE('',#4335);
#4335 = AXIS2_PLACEMENT_3D('',#4336,#4337,#4338);
#4336 = CARTESIAN_POINT('',(-60.,60.591133004926,200.));
#4337 = DIRECTION('',(-0.,-0.998535099305,-5.410781326283E-02));
#4338 = DIRECTION('',(0.,5.410781326283E-02,-0.998535099305));
#4339 = ADVANCED_FACE('',(#4340),#4351,.F.);
#4340 = FACE_BOUND('',#4341,.T.);
#4341 = EDGE_LOOP('',(#4342,#4348,#4349,#4350));
#4342 = ORIENTED_EDGE('',*,*,#4343,.T.);
#4343 = EDGE_CURVE('',#411,#2687,#4344,.T.);
#4344 = LINE('',#4345,#4346);
#4345 = CARTESIAN_POINT('',(-60.,54.110344827586,319.6));
#4346 = VECTOR('',#4347,1.);
#4347 = DIRECTION('',(-1.,-0.,-0.));
#4348 = ORIENTED_EDGE('',*,*,#2694,.T.);
#4349 = ORIENTED_EDGE('',*,*,#4309,.F.);
#4350 = ORIENTED_EDGE('',*,*,#418,.F.);
#4351 = PLANE('',#4352);
#4352 = AXIS2_PLACEMENT_3D('',#4353,#4354,#4355);
#4353 = CARTESIAN_POINT('',(-60.,54.110344827586,319.6));
#4354 = DIRECTION('',(-0.,-0.998535099305,-5.410781326283E-02));
#4355 = DIRECTION('',(0.,5.410781326283E-02,-0.998535099305));
#4356 = ADVANCED_FACE('',(#4357),#4368,.F.);
#4357 = FACE_BOUND('',#4358,.T.);
#4358 = EDGE_LOOP('',(#4359,#4360,#4361,#4367));
#4359 = ORIENTED_EDGE('',*,*,#4328,.T.);
#4360 = ORIENTED_EDGE('',*,*,#2518,.T.);
#4361 = ORIENTED_EDGE('',*,*,#4362,.F.);
#4362 = EDGE_CURVE('',#243,#2519,#4363,.T.);
#4363 = LINE('',#4364,#4365);
#4364 = CARTESIAN_POINT('',(-60.,60.027586206897,210.4));
#4365 = VECTOR('',#4366,1.);
#4366 = DIRECTION('',(-1.,-0.,-0.));
#4367 = ORIENTED_EDGE('',*,*,#242,.F.);
#4368 = PLANE('',#4369);
#4369 = AXIS2_PLACEMENT_3D('',#4370,#4371,#4372);
#4370 = CARTESIAN_POINT('',(-60.,60.309359605911,205.2));
#4371 = DIRECTION('',(-0.,-0.998535099305,-5.410781326283E-02));
#4372 = DIRECTION('',(0.,5.410781326283E-02,-0.998535099305));
#4373 = ADVANCED_FACE('',(#4374),#4385,.F.);
#4374 = FACE_BOUND('',#4375,.T.);
#4375 = EDGE_LOOP('',(#4376,#4382,#4383,#4384));
#4376 = ORIENTED_EDGE('',*,*,#4377,.T.);
#4377 = EDGE_CURVE('',#403,#2679,#4378,.T.);
#4378 = LINE('',#4379,#4380);
#4379 = CARTESIAN_POINT('',(-60.,54.392118226601,314.4));
#4380 = VECTOR('',#4381,1.);
#4381 = DIRECTION('',(-1.,-0.,-0.));
#4382 = ORIENTED_EDGE('',*,*,#2686,.T.);
#4383 = ORIENTED_EDGE('',*,*,#4343,.F.);
#4384 = ORIENTED_EDGE('',*,*,#410,.F.);
#4385 = PLANE('',#4386);
#4386 = AXIS2_PLACEMENT_3D('',#4387,#4388,#4389);
#4387 = CARTESIAN_POINT('',(-60.,54.392118226601,314.4));
#4388 = DIRECTION('',(-0.,-0.998535099305,-5.410781326283E-02));
#4389 = DIRECTION('',(0.,5.410781326283E-02,-0.998535099305));
#4390 = ADVANCED_FACE('',(#4391),#4402,.F.);
#4391 = FACE_BOUND('',#4392,.T.);
#4392 = EDGE_LOOP('',(#4393,#4394,#4395,#4401));
#4393 = ORIENTED_EDGE('',*,*,#4362,.T.);
#4394 = ORIENTED_EDGE('',*,*,#2526,.T.);
#4395 = ORIENTED_EDGE('',*,*,#4396,.F.);
#4396 = EDGE_CURVE('',#251,#2527,#4397,.T.);
#4397 = LINE('',#4398,#4399);
#4398 = CARTESIAN_POINT('',(-60.,59.745812807882,215.6));
#4399 = VECTOR('',#4400,1.);
#4400 = DIRECTION('',(-1.,-0.,-0.));
#4401 = ORIENTED_EDGE('',*,*,#250,.F.);
#4402 = PLANE('',#4403);
#4403 = AXIS2_PLACEMENT_3D('',#4404,#4405,#4406);
#4404 = CARTESIAN_POINT('',(-60.,60.027586206897,210.4));
#4405 = DIRECTION('',(-0.,-0.998535099305,-5.410781326283E-02));
#4406 = DIRECTION('',(0.,5.410781326283E-02,-0.998535099305));
#4407 = ADVANCED_FACE('',(#4408),#4419,.F.);
#4408 = FACE_BOUND('',#4409,.T.);
#4409 = EDGE_LOOP('',(#4410,#4416,#4417,#4418));
#4410 = ORIENTED_EDGE('',*,*,#4411,.T.);
#4411 = EDGE_CURVE('',#395,#2671,#4412,.T.);
#4412 = LINE('',#4413,#4414);
#4413 = CARTESIAN_POINT('',(-60.,54.673891625616,309.2));
#4414 = VECTOR('',#4415,1.);
#4415 = DIRECTION('',(-1.,-0.,-0.));
#4416 = ORIENTED_EDGE('',*,*,#2678,.T.);
#4417 = ORIENTED_EDGE('',*,*,#4377,.F.);
#4418 = ORIENTED_EDGE('',*,*,#402,.F.);
#4419 = PLANE('',#4420);
#4420 = AXIS2_PLACEMENT_3D('',#4421,#4422,#4423);
#4421 = CARTESIAN_POINT('',(-60.,54.673891625616,309.2));
#4422 = DIRECTION('',(-0.,-0.998535099305,-5.410781326283E-02));
#4423 = DIRECTION('',(0.,5.410781326283E-02,-0.998535099305));
#4424 = ADVANCED_FACE('',(#4425),#4436,.F.);
#4425 = FACE_BOUND('',#4426,.T.);
#4426 = EDGE_LOOP('',(#4427,#4428,#4429,#4435));
#4427 = ORIENTED_EDGE('',*,*,#4396,.T.);
#4428 = ORIENTED_EDGE('',*,*,#2534,.T.);
#4429 = ORIENTED_EDGE('',*,*,#4430,.F.);
#4430 = EDGE_CURVE('',#259,#2535,#4431,.T.);
#4431 = LINE('',#4432,#4433);
#4432 = CARTESIAN_POINT('',(-60.,59.464039408867,220.8));
#4433 = VECTOR('',#4434,1.);
#4434 = DIRECTION('',(-1.,-0.,-0.));
#4435 = ORIENTED_EDGE('',*,*,#258,.F.);
#4436 = PLANE('',#4437);
#4437 = AXIS2_PLACEMENT_3D('',#4438,#4439,#4440);
#4438 = CARTESIAN_POINT('',(-60.,59.745812807882,215.6));
#4439 = DIRECTION('',(-0.,-0.998535099305,-5.410781326283E-02));
#4440 = DIRECTION('',(0.,5.410781326283E-02,-0.998535099305));
#4441 = ADVANCED_FACE('',(#4442),#4453,.F.);
#4442 = FACE_BOUND('',#4443,.T.);
#4443 = EDGE_LOOP('',(#4444,#4450,#4451,#4452));
#4444 = ORIENTED_EDGE('',*,*,#4445,.T.);
#4445 = EDGE_CURVE('',#387,#2663,#4446,.T.);
#4446 = LINE('',#4447,#4448);
#4447 = CARTESIAN_POINT('',(-60.,54.955665024631,304.));
#4448 = VECTOR('',#4449,1.);
#4449 = DIRECTION('',(-1.,-0.,-0.));
#4450 = ORIENTED_EDGE('',*,*,#2670,.T.);
#4451 = ORIENTED_EDGE('',*,*,#4411,.F.);
#4452 = ORIENTED_EDGE('',*,*,#394,.F.);
#4453 = PLANE('',#4454);
#4454 = AXIS2_PLACEMENT_3D('',#4455,#4456,#4457);
#4455 = CARTESIAN_POINT('',(-60.,54.955665024631,304.));
#4456 = DIRECTION('',(-0.,-0.998535099305,-5.410781326283E-02));
#4457 = DIRECTION('',(0.,5.410781326283E-02,-0.998535099305));
#4458 = ADVANCED_FACE('',(#4459),#4470,.F.);
#4459 = FACE_BOUND('',#4460,.T.);
#4460 = EDGE_LOOP('',(#4461,#4462,#4463,#4469));
#4461 = ORIENTED_EDGE('',*,*,#4430,.T.);
#4462 = ORIENTED_EDGE('',*,*,#2542,.T.);
#4463 = ORIENTED_EDGE('',*,*,#4464,.F.);
#4464 = EDGE_CURVE('',#267,#2543,#4465,.T.);
#4465 = LINE('',#4466,#4467);
#4466 = CARTESIAN_POINT('',(-60.,59.182266009852,226.));
#4467 = VECTOR('',#4468,1.);
#4468 = DIRECTION('',(-1.,-0.,-0.));
#4469 = ORIENTED_EDGE('',*,*,#266,.F.);
#4470 = PLANE('',#4471);
#4471 = AXIS2_PLACEMENT_3D('',#4472,#4473,#4474);
#4472 = CARTESIAN_POINT('',(-60.,59.464039408867,220.8));
#4473 = DIRECTION('',(-0.,-0.998535099305,-5.410781326283E-02));
#4474 = DIRECTION('',(0.,5.410781326283E-02,-0.998535099305));
#4475 = ADVANCED_FACE('',(#4476),#4487,.F.);
#4476 = FACE_BOUND('',#4477,.T.);
#4477 = EDGE_LOOP('',(#4478,#4484,#4485,#4486));
#4478 = ORIENTED_EDGE('',*,*,#4479,.T.);
#4479 = EDGE_CURVE('',#379,#2655,#4480,.T.);
#4480 = LINE('',#4481,#4482);
#4481 = CARTESIAN_POINT('',(-60.,55.237438423645,298.8));
#4482 = VECTOR('',#4483,1.);
#4483 = DIRECTION('',(-1.,-0.,-0.));
#4484 = ORIENTED_EDGE('',*,*,#2662,.T.);
#4485 = ORIENTED_EDGE('',*,*,#4445,.F.);
#4486 = ORIENTED_EDGE('',*,*,#386,.F.);
#4487 = PLANE('',#4488);
#4488 = AXIS2_PLACEMENT_3D('',#4489,#4490,#4491);
#4489 = CARTESIAN_POINT('',(-60.,55.237438423645,298.8));
#4490 = DIRECTION('',(-0.,-0.998535099305,-5.410781326283E-02));
#4491 = DIRECTION('',(0.,5.410781326283E-02,-0.998535099305));
#4492 = ADVANCED_FACE('',(#4493),#4504,.F.);
#4493 = FACE_BOUND('',#4494,.T.);
#4494 = EDGE_LOOP('',(#4495,#4496,#4497,#4503));
#4495 = ORIENTED_EDGE('',*,*,#4464,.T.);
#4496 = ORIENTED_EDGE('',*,*,#2550,.T.);
#4497 = ORIENTED_EDGE('',*,*,#4498,.F.);
#4498 = EDGE_CURVE('',#275,#2551,#4499,.T.);
#4499 = LINE('',#4500,#4501);
#4500 = CARTESIAN_POINT('',(-60.,58.900492610837,231.2));
#4501 = VECTOR('',#4502,1.);
#4502 = DIRECTION('',(-1.,-0.,-0.));
#4503 = ORIENTED_EDGE('',*,*,#274,.F.);
#4504 = PLANE('',#4505);
#4505 = AXIS2_PLACEMENT_3D('',#4506,#4507,#4508);
#4506 = CARTESIAN_POINT('',(-60.,59.182266009852,226.));
#4507 = DIRECTION('',(-0.,-0.998535099305,-5.410781326283E-02));
#4508 = DIRECTION('',(0.,5.410781326283E-02,-0.998535099305));
#4509 = ADVANCED_FACE('',(#4510),#4521,.F.);
#4510 = FACE_BOUND('',#4511,.T.);
#4511 = EDGE_LOOP('',(#4512,#4518,#4519,#4520));
#4512 = ORIENTED_EDGE('',*,*,#4513,.T.);
#4513 = EDGE_CURVE('',#371,#2647,#4514,.T.);
#4514 = LINE('',#4515,#4516);
#4515 = CARTESIAN_POINT('',(-60.,55.51921182266,293.6));
#4516 = VECTOR('',#4517,1.);
#4517 = DIRECTION('',(-1.,-0.,-0.));
#4518 = ORIENTED_EDGE('',*,*,#2654,.T.);
#4519 = ORIENTED_EDGE('',*,*,#4479,.F.);
#4520 = ORIENTED_EDGE('',*,*,#378,.F.);
#4521 = PLANE('',#4522);
#4522 = AXIS2_PLACEMENT_3D('',#4523,#4524,#4525);
#4523 = CARTESIAN_POINT('',(-60.,55.51921182266,293.6));
#4524 = DIRECTION('',(-0.,-0.998535099305,-5.410781326283E-02));
#4525 = DIRECTION('',(0.,5.410781326283E-02,-0.998535099305));
#4526 = ADVANCED_FACE('',(#4527),#4538,.F.);
#4527 = FACE_BOUND('',#4528,.T.);
#4528 = EDGE_LOOP('',(#4529,#4530,#4531,#4537));
#4529 = ORIENTED_EDGE('',*,*,#4498,.T.);
#4530 = ORIENTED_EDGE('',*,*,#2558,.T.);
#4531 = ORIENTED_EDGE('',*,*,#4532,.F.);
#4532 = EDGE_CURVE('',#283,#2559,#4533,.T.);
#4533 = LINE('',#4534,#4535);
#4534 = CARTESIAN_POINT('',(-60.,58.618719211823,236.4));
#4535 = VECTOR('',#4536,1.);
#4536 = DIRECTION('',(-1.,-0.,-0.));
#4537 = ORIENTED_EDGE('',*,*,#282,.F.);
#4538 = PLANE('',#4539);
#4539 = AXIS2_PLACEMENT_3D('',#4540,#4541,#4542);
#4540 = CARTESIAN_POINT('',(-60.,58.900492610837,231.2));
#4541 = DIRECTION('',(-0.,-0.998535099305,-5.410781326283E-02));
#4542 = DIRECTION('',(0.,5.410781326283E-02,-0.998535099305));
#4543 = ADVANCED_FACE('',(#4544),#4555,.F.);
#4544 = FACE_BOUND('',#4545,.T.);
#4545 = EDGE_LOOP('',(#4546,#4552,#4553,#4554));
#4546 = ORIENTED_EDGE('',*,*,#4547,.T.);
#4547 = EDGE_CURVE('',#363,#2639,#4548,.T.);
#4548 = LINE('',#4549,#4550);
#4549 = CARTESIAN_POINT('',(-60.,55.800985221675,288.4));
#4550 = VECTOR('',#4551,1.);
#4551 = DIRECTION('',(-1.,-0.,-0.));
#4552 = ORIENTED_EDGE('',*,*,#2646,.T.);
#4553 = ORIENTED_EDGE('',*,*,#4513,.F.);
#4554 = ORIENTED_EDGE('',*,*,#370,.F.);
#4555 = PLANE('',#4556);
#4556 = AXIS2_PLACEMENT_3D('',#4557,#4558,#4559);
#4557 = CARTESIAN_POINT('',(-60.,55.800985221675,288.4));
#4558 = DIRECTION('',(-0.,-0.998535099305,-5.410781326283E-02));
#4559 = DIRECTION('',(0.,5.410781326283E-02,-0.998535099305));
#4560 = ADVANCED_FACE('',(#4561),#4572,.F.);
#4561 = FACE_BOUND('',#4562,.T.);
#4562 = EDGE_LOOP('',(#4563,#4564,#4565,#4571));
#4563 = ORIENTED_EDGE('',*,*,#4532,.T.);
#4564 = ORIENTED_EDGE('',*,*,#2566,.T.);
#4565 = ORIENTED_EDGE('',*,*,#4566,.F.);
#4566 = EDGE_CURVE('',#291,#2567,#4567,.T.);
#4567 = LINE('',#4568,#4569);
#4568 = CARTESIAN_POINT('',(-60.,58.336945812808,241.6));
#4569 = VECTOR('',#4570,1.);
#4570 = DIRECTION('',(-1.,-0.,-0.));
#4571 = ORIENTED_EDGE('',*,*,#290,.F.);
#4572 = PLANE('',#4573);
#4573 = AXIS2_PLACEMENT_3D('',#4574,#4575,#4576);
#4574 = CARTESIAN_POINT('',(-60.,58.618719211823,236.4));
#4575 = DIRECTION('',(-0.,-0.998535099305,-5.410781326283E-02));
#4576 = DIRECTION('',(0.,5.410781326283E-02,-0.998535099305));
#4577 = ADVANCED_FACE('',(#4578),#4589,.F.);
#4578 = FACE_BOUND('',#4579,.T.);
#4579 = EDGE_LOOP('',(#4580,#4586,#4587,#4588));
#4580 = ORIENTED_EDGE('',*,*,#4581,.T.);
#4581 = EDGE_CURVE('',#355,#2631,#4582,.T.);
#4582 = LINE('',#4583,#4584);
#4583 = CARTESIAN_POINT('',(-60.,56.08275862069,283.2));
#4584 = VECTOR('',#4585,1.);
#4585 = DIRECTION('',(-1.,-0.,-0.));
#4586 = ORIENTED_EDGE('',*,*,#2638,.T.);
#4587 = ORIENTED_EDGE('',*,*,#4547,.F.);
#4588 = ORIENTED_EDGE('',*,*,#362,.F.);
#4589 = PLANE('',#4590);
#4590 = AXIS2_PLACEMENT_3D('',#4591,#4592,#4593);
#4591 = CARTESIAN_POINT('',(-60.,56.08275862069,283.2));
#4592 = DIRECTION('',(-0.,-0.998535099305,-5.410781326283E-02));
#4593 = DIRECTION('',(0.,5.410781326283E-02,-0.998535099305));
#4594 = ADVANCED_FACE('',(#4595),#4606,.F.);
#4595 = FACE_BOUND('',#4596,.T.);
#4596 = EDGE_LOOP('',(#4597,#4598,#4599,#4605));
#4597 = ORIENTED_EDGE('',*,*,#4566,.T.);
#4598 = ORIENTED_EDGE('',*,*,#2574,.T.);
#4599 = ORIENTED_EDGE('',*,*,#4600,.F.);
#4600 = EDGE_CURVE('',#299,#2575,#4601,.T.);
#4601 = LINE('',#4602,#4603);
#4602 = CARTESIAN_POINT('',(-60.,58.055172413793,246.8));
#4603 = VECTOR('',#4604,1.);
#4604 = DIRECTION('',(-1.,-0.,-0.));
#4605 = ORIENTED_EDGE('',*,*,#298,.F.);
#4606 = PLANE('',#4607);
#4607 = AXIS2_PLACEMENT_3D('',#4608,#4609,#4610);
#4608 = CARTESIAN_POINT('',(-60.,58.336945812808,241.6));
#4609 = DIRECTION('',(-0.,-0.998535099305,-5.410781326283E-02));
#4610 = DIRECTION('',(0.,5.410781326283E-02,-0.998535099305));
#4611 = ADVANCED_FACE('',(#4612),#4623,.F.);
#4612 = FACE_BOUND('',#4613,.T.);
#4613 = EDGE_LOOP('',(#4614,#4620,#4621,#4622));
#4614 = ORIENTED_EDGE('',*,*,#4615,.T.);
#4615 = EDGE_CURVE('',#347,#2623,#4616,.T.);
#4616 = LINE('',#4617,#4618);
#4617 = CARTESIAN_POINT('',(-60.,56.364532019704,278.));
#4618 = VECTOR('',#4619,1.);
#4619 = DIRECTION('',(-1.,-0.,-0.));
#4620 = ORIENTED_EDGE('',*,*,#2630,.T.);
#4621 = ORIENTED_EDGE('',*,*,#4581,.F.);
#4622 = ORIENTED_EDGE('',*,*,#354,.F.);
#4623 = PLANE('',#4624);
#4624 = AXIS2_PLACEMENT_3D('',#4625,#4626,#4627);
#4625 = CARTESIAN_POINT('',(-60.,56.364532019704,278.));
#4626 = DIRECTION('',(-0.,-0.998535099305,-5.410781326283E-02));
#4627 = DIRECTION('',(0.,5.410781326283E-02,-0.998535099305));
#4628 = ADVANCED_FACE('',(#4629),#4640,.F.);
#4629 = FACE_BOUND('',#4630,.T.);
#4630 = EDGE_LOOP('',(#4631,#4632,#4633,#4639));
#4631 = ORIENTED_EDGE('',*,*,#4600,.T.);
#4632 = ORIENTED_EDGE('',*,*,#2582,.T.);
#4633 = ORIENTED_EDGE('',*,*,#4634,.F.);
#4634 = EDGE_CURVE('',#307,#2583,#4635,.T.);
#4635 = LINE('',#4636,#4637);
#4636 = CARTESIAN_POINT('',(-60.,57.773399014778,252.));
#4637 = VECTOR('',#4638,1.);
#4638 = DIRECTION('',(-1.,-0.,-0.));
#4639 = ORIENTED_EDGE('',*,*,#306,.F.);
#4640 = PLANE('',#4641);
#4641 = AXIS2_PLACEMENT_3D('',#4642,#4643,#4644);
#4642 = CARTESIAN_POINT('',(-60.,58.055172413793,246.8));
#4643 = DIRECTION('',(-0.,-0.998535099305,-5.410781326283E-02));
#4644 = DIRECTION('',(0.,5.410781326283E-02,-0.998535099305));
#4645 = ADVANCED_FACE('',(#4646),#4657,.F.);
#4646 = FACE_BOUND('',#4647,.T.);
#4647 = EDGE_LOOP('',(#4648,#4654,#4655,#4656));
#4648 = ORIENTED_EDGE('',*,*,#4649,.T.);
#4649 = EDGE_CURVE('',#339,#2615,#4650,.T.);
#4650 = LINE('',#4651,#4652);
#4651 = CARTESIAN_POINT('',(-60.,56.646305418719,272.8));
#4652 = VECTOR('',#4653,1.);
#4653 = DIRECTION('',(-1.,-0.,-0.));
#4654 = ORIENTED_EDGE('',*,*,#2622,.T.);
#4655 = ORIENTED_EDGE('',*,*,#4615,.F.);
#4656 = ORIENTED_EDGE('',*,*,#346,.F.);
#4657 = PLANE('',#4658);
#4658 = AXIS2_PLACEMENT_3D('',#4659,#4660,#4661);
#4659 = CARTESIAN_POINT('',(-60.,56.646305418719,272.8));
#4660 = DIRECTION('',(-0.,-0.998535099305,-5.410781326283E-02));
#4661 = DIRECTION('',(0.,5.410781326283E-02,-0.998535099305));
#4662 = ADVANCED_FACE('',(#4663),#4674,.F.);
#4663 = FACE_BOUND('',#4664,.T.);
#4664 = EDGE_LOOP('',(#4665,#4666,#4667,#4673));
#4665 = ORIENTED_EDGE('',*,*,#4634,.T.);
#4666 = ORIENTED_EDGE('',*,*,#2590,.T.);
#4667 = ORIENTED_EDGE('',*,*,#4668,.F.);
#4668 = EDGE_CURVE('',#315,#2591,#4669,.T.);
#4669 = LINE('',#4670,#4671);
#4670 = CARTESIAN_POINT('',(-60.,57.491625615764,257.2));
#4671 = VECTOR('',#4672,1.);
#4672 = DIRECTION('',(-1.,-0.,-0.));
#4673 = ORIENTED_EDGE('',*,*,#314,.F.);
#4674 = PLANE('',#4675);
#4675 = AXIS2_PLACEMENT_3D('',#4676,#4677,#4678);
#4676 = CARTESIAN_POINT('',(-60.,57.773399014778,252.));
#4677 = DIRECTION('',(-0.,-0.998535099305,-5.410781326283E-02));
#4678 = DIRECTION('',(0.,5.410781326283E-02,-0.998535099305));
#4679 = ADVANCED_FACE('',(#4680),#4691,.F.);
#4680 = FACE_BOUND('',#4681,.T.);
#4681 = EDGE_LOOP('',(#4682,#4688,#4689,#4690));
#4682 = ORIENTED_EDGE('',*,*,#4683,.T.);
#4683 = EDGE_CURVE('',#331,#2607,#4684,.T.);
#4684 = LINE('',#4685,#4686);
#4685 = CARTESIAN_POINT('',(-60.,56.928078817734,267.6));
#4686 = VECTOR('',#4687,1.);
#4687 = DIRECTION('',(-1.,-0.,-0.));
#4688 = ORIENTED_EDGE('',*,*,#2614,.T.);
#4689 = ORIENTED_EDGE('',*,*,#4649,.F.);
#4690 = ORIENTED_EDGE('',*,*,#338,.F.);
#4691 = PLANE('',#4692);
#4692 = AXIS2_PLACEMENT_3D('',#4693,#4694,#4695);
#4693 = CARTESIAN_POINT('',(-60.,56.928078817734,267.6));
#4694 = DIRECTION('',(-0.,-0.998535099305,-5.410781326283E-02));
#4695 = DIRECTION('',(0.,5.410781326283E-02,-0.998535099305));
#4696 = ADVANCED_FACE('',(#4697),#4708,.F.);
#4697 = FACE_BOUND('',#4698,.T.);
#4698 = EDGE_LOOP('',(#4699,#4700,#4701,#4707));
#4699 = ORIENTED_EDGE('',*,*,#4668,.T.);
#4700 = ORIENTED_EDGE('',*,*,#2598,.T.);
#4701 = ORIENTED_EDGE('',*,*,#4702,.F.);
#4702 = EDGE_CURVE('',#323,#2599,#4703,.T.);
#4703 = LINE('',#4704,#4705);
#4704 = CARTESIAN_POINT('',(-60.,57.209852216749,262.4));
#4705 = VECTOR('',#4706,1.);
#4706 = DIRECTION('',(-1.,-0.,-0.));
#4707 = ORIENTED_EDGE('',*,*,#322,.F.);
#4708 = PLANE('',#4709);
#4709 = AXIS2_PLACEMENT_3D('',#4710,#4711,#4712);
#4710 = CARTESIAN_POINT('',(-60.,57.491625615764,257.2));
#4711 = DIRECTION('',(-0.,-0.998535099305,-5.410781326283E-02));
#4712 = DIRECTION('',(0.,5.410781326283E-02,-0.998535099305));
#4713 = ADVANCED_FACE('',(#4714),#4720,.F.);
#4714 = FACE_BOUND('',#4715,.T.);
#4715 = EDGE_LOOP('',(#4716,#4717,#4718,#4719));
#4716 = ORIENTED_EDGE('',*,*,#4702,.T.);
#4717 = ORIENTED_EDGE('',*,*,#2606,.T.);
#4718 = ORIENTED_EDGE('',*,*,#4683,.F.);
#4719 = ORIENTED_EDGE('',*,*,#330,.F.);
#4720 = PLANE('',#4721);
#4721 = AXIS2_PLACEMENT_3D('',#4722,#4723,#4724);
#4722 = CARTESIAN_POINT('',(-60.,57.209852216749,262.4));
#4723 = DIRECTION('',(-0.,-0.998535099305,-5.410781326283E-02));
#4724 = DIRECTION('',(0.,5.410781326283E-02,-0.998535099305));
#4725 = ADVANCED_FACE('',(#4726,#4751),#4762,.F.);
#4726 = FACE_BOUND('',#4727,.T.);
#4727 = EDGE_LOOP('',(#4728,#4736,#4744,#4750));
#4728 = ORIENTED_EDGE('',*,*,#4729,.F.);
#4729 = EDGE_CURVE('',#4730,#477,#4732,.T.);
#4730 = VERTEX_POINT('',#4731);
#4731 = CARTESIAN_POINT('',(-69.75,36.25,184.85));
#4732 = LINE('',#4733,#4734);
#4733 = CARTESIAN_POINT('',(-69.75,36.25,184.85));
#4734 = VECTOR('',#4735,1.);
#4735 = DIRECTION('',(1.,0.,-0.));
#4736 = ORIENTED_EDGE('',*,*,#4737,.F.);
#4737 = EDGE_CURVE('',#4738,#4730,#4740,.T.);
#4738 = VERTEX_POINT('',#4739);
#4739 = CARTESIAN_POINT('',(-69.75,43.75,184.85));
#4740 = LINE('',#4741,#4742);
#4741 = CARTESIAN_POINT('',(-69.75,43.75,184.85));
#4742 = VECTOR('',#4743,1.);
#4743 = DIRECTION('',(0.,-1.,0.));
#4744 = ORIENTED_EDGE('',*,*,#4745,.T.);
#4745 = EDGE_CURVE('',#4738,#475,#4746,.T.);
#4746 = LINE('',#4747,#4748);
#4747 = CARTESIAN_POINT('',(-69.75,43.75,184.85));
#4748 = VECTOR('',#4749,1.);
#4749 = DIRECTION('',(1.,0.,-0.));
#4750 = ORIENTED_EDGE('',*,*,#474,.T.);
#4751 = FACE_BOUND('',#4752,.T.);
#4752 = EDGE_LOOP('',(#4753));
#4753 = ORIENTED_EDGE('',*,*,#4754,.F.);
#4754 = EDGE_CURVE('',#4755,#4755,#4757,.T.);
#4755 = VERTEX_POINT('',#4756);
#4756 = CARTESIAN_POINT('',(-68.25,40.,184.85));
#4757 = CIRCLE('',#4758,2.25);
#4758 = AXIS2_PLACEMENT_3D('',#4759,#4760,#4761);
#4759 = CARTESIAN_POINT('',(-66.,40.,184.85));
#4760 = DIRECTION('',(0.,0.,-1.));
#4761 = DIRECTION('',(-1.,-0.,-0.));
#4762 = PLANE('',#4763);
#4763 = AXIS2_PLACEMENT_3D('',#4764,#4765,#4766);
#4764 = CARTESIAN_POINT('',(-69.75,43.75,184.85));
#4765 = DIRECTION('',(0.,0.,1.));
#4766 = DIRECTION('',(-1.,0.,0.));
#4767 = ADVANCED_FACE('',(#4768),#4786,.T.);
#4768 = FACE_BOUND('',#4769,.F.);
#4769 = EDGE_LOOP('',(#4770,#4778,#4784,#4785));
#4770 = ORIENTED_EDGE('',*,*,#4771,.F.);
#4771 = EDGE_CURVE('',#4772,#485,#4774,.T.);
#4772 = VERTEX_POINT('',#4773);
#4773 = CARTESIAN_POINT('',(-69.75,43.75,181.15));
#4774 = LINE('',#4775,#4776);
#4775 = CARTESIAN_POINT('',(-69.75,43.75,181.15));
#4776 = VECTOR('',#4777,1.);
#4777 = DIRECTION('',(1.,0.,-0.));
#4778 = ORIENTED_EDGE('',*,*,#4779,.T.);
#4779 = EDGE_CURVE('',#4772,#4738,#4780,.T.);
#4780 = LINE('',#4781,#4782);
#4781 = CARTESIAN_POINT('',(-69.75,43.75,181.15));
#4782 = VECTOR('',#4783,1.);
#4783 = DIRECTION('',(0.,0.,1.));
#4784 = ORIENTED_EDGE('',*,*,#4745,.T.);
#4785 = ORIENTED_EDGE('',*,*,#484,.T.);
#4786 = PLANE('',#4787);
#4787 = AXIS2_PLACEMENT_3D('',#4788,#4789,#4790);
#4788 = CARTESIAN_POINT('',(-69.75,43.75,181.15));
#4789 = DIRECTION('',(0.,-1.,0.));
#4790 = DIRECTION('',(0.,0.,-1.));
#4791 = ADVANCED_FACE('',(#4792),#4810,.F.);
#4792 = FACE_BOUND('',#4793,.T.);
#4793 = EDGE_LOOP('',(#4794,#4802,#4808,#4809));
#4794 = ORIENTED_EDGE('',*,*,#4795,.F.);
#4795 = EDGE_CURVE('',#4796,#493,#4798,.T.);
#4796 = VERTEX_POINT('',#4797);
#4797 = CARTESIAN_POINT('',(-69.75,36.25,181.15));
#4798 = LINE('',#4799,#4800);
#4799 = CARTESIAN_POINT('',(-69.75,36.25,181.15));
#4800 = VECTOR('',#4801,1.);
#4801 = DIRECTION('',(1.,0.,-0.));
#4802 = ORIENTED_EDGE('',*,*,#4803,.T.);
#4803 = EDGE_CURVE('',#4796,#4730,#4804,.T.);
#4804 = LINE('',#4805,#4806);
#4805 = CARTESIAN_POINT('',(-69.75,36.25,181.15));
#4806 = VECTOR('',#4807,1.);
#4807 = DIRECTION('',(0.,0.,1.));
#4808 = ORIENTED_EDGE('',*,*,#4729,.T.);
#4809 = ORIENTED_EDGE('',*,*,#500,.T.);
#4810 = PLANE('',#4811);
#4811 = AXIS2_PLACEMENT_3D('',#4812,#4813,#4814);
#4812 = CARTESIAN_POINT('',(-69.75,36.25,181.15));
#4813 = DIRECTION('',(0.,-1.,0.));
#4814 = DIRECTION('',(0.,0.,-1.));
#4815 = ADVANCED_FACE('',(#4816),#4827,.T.);
#4816 = FACE_BOUND('',#4817,.F.);
#4817 = EDGE_LOOP('',(#4818,#4819,#4825,#4826));
#4818 = ORIENTED_EDGE('',*,*,#4795,.F.);
#4819 = ORIENTED_EDGE('',*,*,#4820,.F.);
#4820 = EDGE_CURVE('',#4772,#4796,#4821,.T.);
#4821 = LINE('',#4822,#4823);
#4822 = CARTESIAN_POINT('',(-69.75,43.75,181.15));
#4823 = VECTOR('',#4824,1.);
#4824 = DIRECTION('',(0.,-1.,0.));
#4825 = ORIENTED_EDGE('',*,*,#4771,.T.);
#4826 = ORIENTED_EDGE('',*,*,#492,.T.);
#4827 = PLANE('',#4828);
#4828 = AXIS2_PLACEMENT_3D('',#4829,#4830,#4831);
#4829 = CARTESIAN_POINT('',(-69.75,43.75,181.15));
#4830 = DIRECTION('',(0.,0.,1.));
#4831 = DIRECTION('',(-1.,0.,0.));
#4832 = ADVANCED_FACE('',(#4833),#4849,.F.);
#4833 = FACE_BOUND('',#4834,.T.);
#4834 = EDGE_LOOP('',(#4835,#4836,#4842,#4843));
#4835 = ORIENTED_EDGE('',*,*,#3106,.T.);
#4836 = ORIENTED_EDGE('',*,*,#4837,.T.);
#4837 = EDGE_CURVE('',#3107,#511,#4838,.T.);
#4838 = LINE('',#4839,#4840);
#4839 = CARTESIAN_POINT('',(-105.,12.,174.93252484726));
#4840 = VECTOR('',#4841,1.);
#4841 = DIRECTION('',(1.,0.,2.22044604925E-16));
#4842 = ORIENTED_EDGE('',*,*,#508,.F.);
#4843 = ORIENTED_EDGE('',*,*,#4844,.F.);
#4844 = EDGE_CURVE('',#3080,#509,#4845,.T.);
#4845 = LINE('',#4846,#4847);
#4846 = CARTESIAN_POINT('',(-105.,12.,182.89824017507));
#4847 = VECTOR('',#4848,1.);
#4848 = DIRECTION('',(1.,0.,2.22044604925E-16));
#4849 = PLANE('',#4850);
#4850 = AXIS2_PLACEMENT_3D('',#4851,#4852,#4853);
#4851 = CARTESIAN_POINT('',(-105.,12.,174.93252484726));
#4852 = DIRECTION('',(0.,1.,-0.));
#4853 = DIRECTION('',(2.22044604925E-16,0.,-1.));
#4854 = ADVANCED_FACE('',(#4855),#4866,.T.);
#4855 = FACE_BOUND('',#4856,.T.);
#4856 = EDGE_LOOP('',(#4857,#4858,#4859,#4860));
#4857 = ORIENTED_EDGE('',*,*,#3079,.T.);
#4858 = ORIENTED_EDGE('',*,*,#4844,.T.);
#4859 = ORIENTED_EDGE('',*,*,#623,.F.);
#4860 = ORIENTED_EDGE('',*,*,#4861,.F.);
#4861 = EDGE_CURVE('',#3057,#601,#4862,.T.);
#4862 = LINE('',#4863,#4864);
#4863 = CARTESIAN_POINT('',(-105.,10.066563326343,189.04978572079));
#4864 = VECTOR('',#4865,1.);
#4865 = DIRECTION('',(1.,0.,2.22044604925E-16));
#4866 = SURFACE_OF_LINEAR_EXTRUSION('',#4867,#4871);
#4867 = B_SPLINE_CURVE_WITH_KNOTS('',2,(#4868,#4869,#4870),
  .UNSPECIFIED.,.F.,.F.,(3,3),(0.,1.),.PIECEWISE_BEZIER_KNOTS.);
#4868 = CARTESIAN_POINT('',(-105.,12.,182.89824017507));
#4869 = CARTESIAN_POINT('',(-105.,12.,187.03319048053));
#4870 = CARTESIAN_POINT('',(-105.,10.066563326343,189.04978572079));
#4871 = VECTOR('',#4872,1.);
#4872 = DIRECTION('',(-1.,-0.,-2.22044604925E-16));
#4873 = ADVANCED_FACE('',(#4874),#4911,.T.);
#4874 = FACE_BOUND('',#4875,.T.);
#4875 = EDGE_LOOP('',(#4876,#4877,#4878,#4879,#4889,#4906));
#4876 = ORIENTED_EDGE('',*,*,#3056,.T.);
#4877 = ORIENTED_EDGE('',*,*,#4861,.T.);
#4878 = ORIENTED_EDGE('',*,*,#600,.F.);
#4879 = ORIENTED_EDGE('',*,*,#4880,.T.);
#4880 = EDGE_CURVE('',#593,#4881,#4883,.T.);
#4881 = VERTEX_POINT('',#4882);
#4882 = CARTESIAN_POINT('',(-98.5,6.08,190.96313715509));
#4883 = B_SPLINE_CURVE_WITH_KNOTS('',4,(#4884,#4885,#4886,#4887,#4888),
  .UNSPECIFIED.,.F.,.F.,(5,5),(0.,1.),.PIECEWISE_BEZIER_KNOTS.);
#4884 = CARTESIAN_POINT('',(-44.9999994,6.08,190.96313715509));
#4885 = CARTESIAN_POINT('',(-59.9999997,6.08,190.96313715509));
#4886 = CARTESIAN_POINT('',(-75.,6.08,190.96313715509));
#4887 = CARTESIAN_POINT('',(-90.0000003,6.08,190.96313715509));
#4888 = CARTESIAN_POINT('',(-105.0000006,6.08,190.96313715509));
#4889 = ORIENTED_EDGE('',*,*,#4890,.T.);
#4890 = EDGE_CURVE('',#4881,#4891,#4893,.T.);
#4891 = VERTEX_POINT('',#4892);
#4892 = CARTESIAN_POINT('',(-98.5,8.888366571304,190.));
#4893 = B_SPLINE_CURVE_WITH_KNOTS('',6,(#4894,#4895,#4896,#4897,#4898,
    #4899,#4900,#4901,#4902,#4903,#4904,#4905),.UNSPECIFIED.,.F.,.F.,(7,
    5,7),(0.,0.517506439684,1.),.UNSPECIFIED.);
#4894 = CARTESIAN_POINT('',(-98.5,6.079996135953,190.96313770264));
#4895 = CARTESIAN_POINT('',(-98.5,6.335894976664,190.92687607018));
#4896 = CARTESIAN_POINT('',(-98.5,6.590486592495,190.88226446122));
#4897 = CARTESIAN_POINT('',(-98.5,6.843349790634,190.82873703117));
#4898 = CARTESIAN_POINT('',(-98.5,7.093936757263,190.76571745868));
#4899 = CARTESIAN_POINT('',(-98.5,7.341582430197,190.69265639482));
#4900 = CARTESIAN_POINT('',(-98.5,7.812966198696,190.53123111196));
#4901 = CARTESIAN_POINT('',(-98.5,8.037193384937,190.44423448184));
#4902 = CARTESIAN_POINT('',(-98.5,8.257562759005,190.34778605406));
#4903 = CARTESIAN_POINT('',(-98.5,8.473368446425,190.24162873426));
#4904 = CARTESIAN_POINT('',(-98.5,8.683878039235,190.12565971001));
#4905 = CARTESIAN_POINT('',(-98.5,8.888366571304,190.));
#4906 = ORIENTED_EDGE('',*,*,#4907,.T.);
#4907 = EDGE_CURVE('',#4891,#3049,#4908,.T.);
#4908 = B_SPLINE_CURVE_WITH_KNOTS('',1,(#4909,#4910),.UNSPECIFIED.,.F.,
  .F.,(2,2),(0.,1.),.PIECEWISE_BEZIER_KNOTS.);
#4909 = CARTESIAN_POINT('',(-98.5,8.888366571304,190.));
#4910 = CARTESIAN_POINT('',(-100.,8.888366571304,190.));
#4911 = SURFACE_OF_LINEAR_EXTRUSION('',#4912,#4916);
#4912 = B_SPLINE_CURVE_WITH_KNOTS('',2,(#4913,#4914,#4915),
  .UNSPECIFIED.,.F.,.F.,(3,3),(0.,1.),.PIECEWISE_BEZIER_KNOTS.);
#4913 = CARTESIAN_POINT('',(-105.,10.066563326343,189.04978572079));
#4914 = CARTESIAN_POINT('',(-105.,8.134220844351,191.06638096106));
#4915 = CARTESIAN_POINT('',(-105.,4.537612838516,191.06638096106));
#4916 = VECTOR('',#4917,1.);
#4917 = DIRECTION('',(-1.,-0.,-2.22044604925E-16));
#4918 = ADVANCED_FACE('',(#4919),#4946,.T.);
#4919 = FACE_BOUND('',#4920,.T.);
#4920 = EDGE_LOOP('',(#4921,#4922,#4923,#4931,#4932,#4940));
#4921 = ORIENTED_EDGE('',*,*,#4880,.F.);
#4922 = ORIENTED_EDGE('',*,*,#592,.F.);
#4923 = ORIENTED_EDGE('',*,*,#4924,.T.);
#4924 = EDGE_CURVE('',#578,#3174,#4925,.T.);
#4925 = B_SPLINE_CURVE_WITH_KNOTS('',4,(#4926,#4927,#4928,#4929,#4930),
  .UNSPECIFIED.,.F.,.F.,(5,5),(0.,1.),.PIECEWISE_BEZIER_KNOTS.);
#4926 = CARTESIAN_POINT('',(-44.9999994,6.08,185.95081752127));
#4927 = CARTESIAN_POINT('',(-59.9999997,6.08,185.95081752127));
#4928 = CARTESIAN_POINT('',(-75.,6.08,185.95081752127));
#4929 = CARTESIAN_POINT('',(-90.0000003,6.08,185.95081752127));
#4930 = CARTESIAN_POINT('',(-105.0000006,6.08,185.95081752127));
#4931 = ORIENTED_EDGE('',*,*,#3188,.T.);
#4932 = ORIENTED_EDGE('',*,*,#4933,.T.);
#4933 = EDGE_CURVE('',#3189,#4934,#4936,.T.);
#4934 = VERTEX_POINT('',#4935);
#4935 = CARTESIAN_POINT('',(-98.5,6.08,190.));
#4936 = LINE('',#4937,#4938);
#4937 = CARTESIAN_POINT('',(-70.75,6.08,190.));
#4938 = VECTOR('',#4939,1.);
#4939 = DIRECTION('',(1.,-2.465190328816E-32,0.));
#4940 = ORIENTED_EDGE('',*,*,#4941,.T.);
#4941 = EDGE_CURVE('',#4934,#4881,#4942,.T.);
#4942 = LINE('',#4943,#4944);
#4943 = CARTESIAN_POINT('',(-98.5,6.08,181.46626242363));
#4944 = VECTOR('',#4945,1.);
#4945 = DIRECTION('',(0.,1.224646799147E-16,1.));
#4946 = PLANE('',#4947);
#4947 = AXIS2_PLACEMENT_3D('',#4948,#4949,#4950);
#4948 = CARTESIAN_POINT('',(-43.,6.08,172.93252484726));
#4949 = DIRECTION('',(2.465190328816E-32,1.,-1.224646799147E-16));
#4950 = DIRECTION('',(-1.,6.037974890946E-48,-2.22044604925E-16));
#4951 = ADVANCED_FACE('',(#4952),#4963,.T.);
#4952 = FACE_BOUND('',#4953,.T.);
#4953 = EDGE_LOOP('',(#4954,#4955,#4956,#4957));
#4954 = ORIENTED_EDGE('',*,*,#3173,.T.);
#4955 = ORIENTED_EDGE('',*,*,#4924,.F.);
#4956 = ORIENTED_EDGE('',*,*,#577,.F.);
#4957 = ORIENTED_EDGE('',*,*,#4958,.F.);
#4958 = EDGE_CURVE('',#3147,#551,#4959,.T.);
#4959 = LINE('',#4960,#4961);
#4960 = CARTESIAN_POINT('',(-105.,6.991884745145,185.38643202334));
#4961 = VECTOR('',#4962,1.);
#4962 = DIRECTION('',(1.,0.,2.22044604925E-16));
#4963 = SURFACE_OF_LINEAR_EXTRUSION('',#4964,#4968);
#4964 = B_SPLINE_CURVE_WITH_KNOTS('',2,(#4965,#4966,#4967),
  .UNSPECIFIED.,.F.,.F.,(3,3),(0.,1.),.PIECEWISE_BEZIER_KNOTS.);
#4965 = CARTESIAN_POINT('',(-105.,4.336281571989,186.22677122275));
#4966 = CARTESIAN_POINT('',(-105.,6.117625604085,186.22677122275));
#4967 = CARTESIAN_POINT('',(-105.,6.991884745145,185.38643202334));
#4968 = VECTOR('',#4969,1.);
#4969 = DIRECTION('',(-1.,-0.,-2.22044604925E-16));
#4970 = ADVANCED_FACE('',(#4971),#4982,.T.);
#4971 = FACE_BOUND('',#4972,.T.);
#4972 = EDGE_LOOP('',(#4973,#4974,#4975,#4976));
#4973 = ORIENTED_EDGE('',*,*,#3146,.T.);
#4974 = ORIENTED_EDGE('',*,*,#4958,.T.);
#4975 = ORIENTED_EDGE('',*,*,#550,.F.);
#4976 = ORIENTED_EDGE('',*,*,#4977,.F.);
#4977 = EDGE_CURVE('',#3139,#543,#4978,.T.);
#4978 = LINE('',#4979,#4980);
#4979 = CARTESIAN_POINT('',(-105.,7.866143886204,182.73082885018));
#4980 = VECTOR('',#4981,1.);
#4981 = DIRECTION('',(1.,0.,2.22044604925E-16));
#4982 = SURFACE_OF_LINEAR_EXTRUSION('',#4983,#4987);
#4983 = B_SPLINE_CURVE_WITH_KNOTS('',2,(#4984,#4985,#4986),
  .UNSPECIFIED.,.F.,.F.,(3,3),(0.,1.),.PIECEWISE_BEZIER_KNOTS.);
#4984 = CARTESIAN_POINT('',(-105.,6.991884745145,185.38643202334));
#4985 = CARTESIAN_POINT('',(-105.,7.866143886204,184.54609282392));
#4986 = CARTESIAN_POINT('',(-105.,7.866143886204,182.73082885018));
#4987 = VECTOR('',#4988,1.);
#4988 = DIRECTION('',(-1.,-0.,-2.22044604925E-16));
#4989 = ADVANCED_FACE('',(#4990),#5001,.F.);
#4990 = FACE_BOUND('',#4991,.T.);
#4991 = EDGE_LOOP('',(#4992,#4993,#4994,#4995));
#4992 = ORIENTED_EDGE('',*,*,#3138,.T.);
#4993 = ORIENTED_EDGE('',*,*,#4977,.T.);
#4994 = ORIENTED_EDGE('',*,*,#542,.F.);
#4995 = ORIENTED_EDGE('',*,*,#4996,.F.);
#4996 = EDGE_CURVE('',#3131,#535,#4997,.T.);
#4997 = LINE('',#4998,#4999);
#4998 = CARTESIAN_POINT('',(-105.,7.866143886204,179.63754901066));
#4999 = VECTOR('',#5000,1.);
#5000 = DIRECTION('',(1.,0.,2.22044604925E-16));
#5001 = PLANE('',#5002);
#5002 = AXIS2_PLACEMENT_3D('',#5003,#5004,#5005);
#5003 = CARTESIAN_POINT('',(-105.,7.866143886204,182.73082885018));
#5004 = DIRECTION('',(0.,-1.,0.));
#5005 = DIRECTION('',(-2.22044604925E-16,0.,1.));
#5006 = ADVANCED_FACE('',(#5007),#5018,.F.);
#5007 = FACE_BOUND('',#5008,.T.);
#5008 = EDGE_LOOP('',(#5009,#5010,#5011,#5012));
#5009 = ORIENTED_EDGE('',*,*,#3130,.T.);
#5010 = ORIENTED_EDGE('',*,*,#4996,.T.);
#5011 = ORIENTED_EDGE('',*,*,#534,.F.);
#5012 = ORIENTED_EDGE('',*,*,#5013,.F.);
#5013 = EDGE_CURVE('',#3123,#527,#5014,.T.);
#5014 = LINE('',#5015,#5016);
#5015 = CARTESIAN_POINT('',(-74.,6.08,179.63754901066));
#5016 = VECTOR('',#5017,1.);
#5017 = DIRECTION('',(1.,2.540718180781E-33,2.22044604925E-16));
#5018 = PLANE('',#5019);
#5019 = AXIS2_PLACEMENT_3D('',#5020,#5021,#5022);
#5020 = CARTESIAN_POINT('',(-105.,7.866143886204,179.63754901066));
#5021 = DIRECTION('',(-2.22044604925E-16,0.,1.));
#5022 = DIRECTION('',(0.,1.,0.));
#5023 = ADVANCED_FACE('',(#5024),#5035,.T.);
#5024 = FACE_BOUND('',#5025,.T.);
#5025 = EDGE_LOOP('',(#5026,#5027,#5028,#5034));
#5026 = ORIENTED_EDGE('',*,*,#5013,.T.);
#5027 = ORIENTED_EDGE('',*,*,#526,.F.);
#5028 = ORIENTED_EDGE('',*,*,#5029,.T.);
#5029 = EDGE_CURVE('',#519,#3115,#5030,.T.);
#5030 = LINE('',#5031,#5032);
#5031 = CARTESIAN_POINT('',(-74.,6.08,174.93252484726));
#5032 = VECTOR('',#5033,1.);
#5033 = DIRECTION('',(-1.,-2.540718180781E-33,-2.22044604925E-16));
#5034 = ORIENTED_EDGE('',*,*,#3122,.T.);
#5035 = PLANE('',#5036);
#5036 = AXIS2_PLACEMENT_3D('',#5037,#5038,#5039);
#5037 = CARTESIAN_POINT('',(-43.,6.08,172.93252484726));
#5038 = DIRECTION('',(2.465190328816E-32,1.,-1.224646799147E-16));
#5039 = DIRECTION('',(-1.,6.037974890946E-48,-2.22044604925E-16));
#5040 = ADVANCED_FACE('',(#5041),#5047,.F.);
#5041 = FACE_BOUND('',#5042,.T.);
#5042 = EDGE_LOOP('',(#5043,#5044,#5045,#5046));
#5043 = ORIENTED_EDGE('',*,*,#3114,.T.);
#5044 = ORIENTED_EDGE('',*,*,#5029,.F.);
#5045 = ORIENTED_EDGE('',*,*,#518,.F.);
#5046 = ORIENTED_EDGE('',*,*,#4837,.F.);
#5047 = PLANE('',#5048);
#5048 = AXIS2_PLACEMENT_3D('',#5049,#5050,#5051);
#5049 = CARTESIAN_POINT('',(-105.,-12.,174.93252484726));
#5050 = DIRECTION('',(2.22044604925E-16,0.,-1.));
#5051 = DIRECTION('',(0.,-1.,0.));
#5052 = ADVANCED_FACE('',(#5053),#5078,.F.);
#5053 = FACE_BOUND('',#5054,.T.);
#5054 = EDGE_LOOP('',(#5055,#5065,#5071,#5072));
#5055 = ORIENTED_EDGE('',*,*,#5056,.T.);
#5056 = EDGE_CURVE('',#5057,#5059,#5061,.T.);
#5057 = VERTEX_POINT('',#5058);
#5058 = CARTESIAN_POINT('',(-98.5,12.,210.22677122275));
#5059 = VERTEX_POINT('',#5060);
#5060 = CARTESIAN_POINT('',(-98.5,12.,195.10066563326));
#5061 = LINE('',#5062,#5063);
#5062 = CARTESIAN_POINT('',(-98.5,12.,192.55033281663));
#5063 = VECTOR('',#5064,1.);
#5064 = DIRECTION('',(0.,0.,-1.));
#5065 = ORIENTED_EDGE('',*,*,#5066,.T.);
#5066 = EDGE_CURVE('',#5059,#653,#5067,.T.);
#5067 = LINE('',#5068,#5069);
#5068 = CARTESIAN_POINT('',(-105.,12.,195.10066563326));
#5069 = VECTOR('',#5070,1.);
#5070 = DIRECTION('',(1.,0.,2.22044604925E-16));
#5071 = ORIENTED_EDGE('',*,*,#650,.F.);
#5072 = ORIENTED_EDGE('',*,*,#5073,.F.);
#5073 = EDGE_CURVE('',#5057,#651,#5074,.T.);
#5074 = LINE('',#5075,#5076);
#5075 = CARTESIAN_POINT('',(-105.,12.,210.22677122275));
#5076 = VECTOR('',#5077,1.);
#5077 = DIRECTION('',(1.,0.,2.22044604925E-16));
#5078 = PLANE('',#5079);
#5079 = AXIS2_PLACEMENT_3D('',#5080,#5081,#5082);
#5080 = CARTESIAN_POINT('',(-105.,12.,195.10066563326));
#5081 = DIRECTION('',(0.,1.,-0.));
#5082 = DIRECTION('',(2.22044604925E-16,0.,-1.));
#5083 = ADVANCED_FACE('',(#5084),#5102,.F.);
#5084 = FACE_BOUND('',#5085,.T.);
#5085 = EDGE_LOOP('',(#5086,#5094,#5095,#5096));
#5086 = ORIENTED_EDGE('',*,*,#5087,.T.);
#5087 = EDGE_CURVE('',#5088,#5057,#5090,.T.);
#5088 = VERTEX_POINT('',#5089);
#5089 = CARTESIAN_POINT('',(-98.5,7.798304002918,210.22677122275));
#5090 = LINE('',#5091,#5092);
#5091 = CARTESIAN_POINT('',(-98.5,-15.69458128078,210.22677122275));
#5092 = VECTOR('',#5093,1.);
#5093 = DIRECTION('',(0.,1.,0.));
#5094 = ORIENTED_EDGE('',*,*,#5073,.T.);
#5095 = ORIENTED_EDGE('',*,*,#692,.F.);
#5096 = ORIENTED_EDGE('',*,*,#5097,.F.);
#5097 = EDGE_CURVE('',#5088,#685,#5098,.T.);
#5098 = LINE('',#5099,#5100);
#5099 = CARTESIAN_POINT('',(-105.,7.798304002918,210.22677122275));
#5100 = VECTOR('',#5101,1.);
#5101 = DIRECTION('',(1.,0.,2.22044604925E-16));
#5102 = PLANE('',#5103);
#5103 = AXIS2_PLACEMENT_3D('',#5104,#5105,#5106);
#5104 = CARTESIAN_POINT('',(-105.,12.,210.22677122275));
#5105 = DIRECTION('',(-2.22044604925E-16,0.,1.));
#5106 = DIRECTION('',(0.,1.,0.));
#5107 = ADVANCED_FACE('',(#5108),#5126,.F.);
#5108 = FACE_BOUND('',#5109,.T.);
#5109 = EDGE_LOOP('',(#5110,#5118,#5119,#5120));
#5110 = ORIENTED_EDGE('',*,*,#5111,.T.);
#5111 = EDGE_CURVE('',#5112,#5088,#5114,.T.);
#5112 = VERTEX_POINT('',#5113);
#5113 = CARTESIAN_POINT('',(-98.5,7.798304002918,199.80568979666));
#5114 = LINE('',#5115,#5116);
#5115 = CARTESIAN_POINT('',(-98.5,7.798304002918,200.11338561138));
#5116 = VECTOR('',#5117,1.);
#5117 = DIRECTION('',(0.,0.,1.));
#5118 = ORIENTED_EDGE('',*,*,#5097,.T.);
#5119 = ORIENTED_EDGE('',*,*,#684,.F.);
#5120 = ORIENTED_EDGE('',*,*,#5121,.F.);
#5121 = EDGE_CURVE('',#5112,#677,#5122,.T.);
#5122 = LINE('',#5123,#5124);
#5123 = CARTESIAN_POINT('',(-105.,7.798304002918,199.80568979666));
#5124 = VECTOR('',#5125,1.);
#5125 = DIRECTION('',(1.,0.,2.22044604925E-16));
#5126 = PLANE('',#5127);
#5127 = AXIS2_PLACEMENT_3D('',#5128,#5129,#5130);
#5128 = CARTESIAN_POINT('',(-105.,7.798304002918,210.22677122275));
#5129 = DIRECTION('',(0.,-1.,0.));
#5130 = DIRECTION('',(-2.22044604925E-16,0.,1.));
#5131 = ADVANCED_FACE('',(#5132),#5150,.F.);
#5132 = FACE_BOUND('',#5133,.T.);
#5133 = EDGE_LOOP('',(#5134,#5142,#5143,#5144));
#5134 = ORIENTED_EDGE('',*,*,#5135,.T.);
#5135 = EDGE_CURVE('',#5136,#5112,#5138,.T.);
#5136 = VERTEX_POINT('',#5137);
#5137 = CARTESIAN_POINT('',(-98.5,6.08,199.80568979666));
#5138 = LINE('',#5139,#5140);
#5139 = CARTESIAN_POINT('',(-98.5,-17.79542927932,199.80568979666));
#5140 = VECTOR('',#5141,1.);
#5141 = DIRECTION('',(0.,1.,0.));
#5142 = ORIENTED_EDGE('',*,*,#5121,.T.);
#5143 = ORIENTED_EDGE('',*,*,#676,.F.);
#5144 = ORIENTED_EDGE('',*,*,#5145,.F.);
#5145 = EDGE_CURVE('',#5136,#669,#5146,.T.);
#5146 = LINE('',#5147,#5148);
#5147 = CARTESIAN_POINT('',(-74.,6.08,199.80568979666));
#5148 = VECTOR('',#5149,1.);
#5149 = DIRECTION('',(1.,2.540718180781E-33,2.22044604925E-16));
#5150 = PLANE('',#5151);
#5151 = AXIS2_PLACEMENT_3D('',#5152,#5153,#5154);
#5152 = CARTESIAN_POINT('',(-105.,7.798304002918,199.80568979666));
#5153 = DIRECTION('',(-2.22044604925E-16,0.,1.));
#5154 = DIRECTION('',(0.,1.,0.));
#5155 = ADVANCED_FACE('',(#5156),#5174,.T.);
#5156 = FACE_BOUND('',#5157,.T.);
#5157 = EDGE_LOOP('',(#5158,#5159,#5160,#5168));
#5158 = ORIENTED_EDGE('',*,*,#5145,.T.);
#5159 = ORIENTED_EDGE('',*,*,#668,.F.);
#5160 = ORIENTED_EDGE('',*,*,#5161,.T.);
#5161 = EDGE_CURVE('',#661,#5162,#5164,.T.);
#5162 = VERTEX_POINT('',#5163);
#5163 = CARTESIAN_POINT('',(-98.5,6.08,195.10066563326));
#5164 = LINE('',#5165,#5166);
#5165 = CARTESIAN_POINT('',(-74.,6.08,195.10066563326));
#5166 = VECTOR('',#5167,1.);
#5167 = DIRECTION('',(-1.,-2.540718180781E-33,-2.22044604925E-16));
#5168 = ORIENTED_EDGE('',*,*,#5169,.T.);
#5169 = EDGE_CURVE('',#5162,#5136,#5170,.T.);
#5170 = LINE('',#5171,#5172);
#5171 = CARTESIAN_POINT('',(-98.5,6.08,181.46626242363));
#5172 = VECTOR('',#5173,1.);
#5173 = DIRECTION('',(0.,1.224646799147E-16,1.));
#5174 = PLANE('',#5175);
#5175 = AXIS2_PLACEMENT_3D('',#5176,#5177,#5178);
#5176 = CARTESIAN_POINT('',(-43.,6.08,172.93252484726));
#5177 = DIRECTION('',(2.465190328816E-32,1.,-1.224646799147E-16));
#5178 = DIRECTION('',(-1.,6.037974890946E-48,-2.22044604925E-16));
#5179 = ADVANCED_FACE('',(#5180),#5191,.F.);
#5180 = FACE_BOUND('',#5181,.T.);
#5181 = EDGE_LOOP('',(#5182,#5188,#5189,#5190));
#5182 = ORIENTED_EDGE('',*,*,#5183,.T.);
#5183 = EDGE_CURVE('',#5059,#5162,#5184,.T.);
#5184 = LINE('',#5185,#5186);
#5185 = CARTESIAN_POINT('',(-98.5,-27.69458128078,195.10066563326));
#5186 = VECTOR('',#5187,1.);
#5187 = DIRECTION('',(0.,-1.,0.));
#5188 = ORIENTED_EDGE('',*,*,#5161,.F.);
#5189 = ORIENTED_EDGE('',*,*,#660,.F.);
#5190 = ORIENTED_EDGE('',*,*,#5066,.F.);
#5191 = PLANE('',#5192);
#5192 = AXIS2_PLACEMENT_3D('',#5193,#5194,#5195);
#5193 = CARTESIAN_POINT('',(-105.,-12.,195.10066563326));
#5194 = DIRECTION('',(2.22044604925E-16,0.,-1.));
#5195 = DIRECTION('',(0.,-1.,0.));
#5196 = ADVANCED_FACE('',(#5197),#5222,.F.);
#5197 = FACE_BOUND('',#5198,.T.);
#5198 = EDGE_LOOP('',(#5199,#5209,#5215,#5216));
#5199 = ORIENTED_EDGE('',*,*,#5200,.T.);
#5200 = EDGE_CURVE('',#5201,#5203,#5205,.T.);
#5201 = VERTEX_POINT('',#5202);
#5202 = CARTESIAN_POINT('',(-98.5,12.,221.68842892313));
#5203 = VERTEX_POINT('',#5204);
#5204 = CARTESIAN_POINT('',(-98.5,12.,215.26880641925));
#5205 = LINE('',#5206,#5207);
#5206 = CARTESIAN_POINT('',(-98.5,12.,202.63440320962));
#5207 = VECTOR('',#5208,1.);
#5208 = DIRECTION('',(0.,0.,-1.));
#5209 = ORIENTED_EDGE('',*,*,#5210,.T.);
#5210 = EDGE_CURVE('',#5203,#703,#5211,.T.);
#5211 = LINE('',#5212,#5213);
#5212 = CARTESIAN_POINT('',(-105.,12.,215.26880641925));
#5213 = VECTOR('',#5214,1.);
#5214 = DIRECTION('',(1.,0.,2.22044604925E-16));
#5215 = ORIENTED_EDGE('',*,*,#700,.F.);
#5216 = ORIENTED_EDGE('',*,*,#5217,.F.);
#5217 = EDGE_CURVE('',#5201,#701,#5218,.T.);
#5218 = LINE('',#5219,#5220);
#5219 = CARTESIAN_POINT('',(-105.,12.,221.68842892313));
#5220 = VECTOR('',#5221,1.);
#5221 = DIRECTION('',(1.,0.,2.22044604925E-16));
#5222 = PLANE('',#5223);
#5223 = AXIS2_PLACEMENT_3D('',#5224,#5225,#5226);
#5224 = CARTESIAN_POINT('',(-105.,12.,215.26880641925));
#5225 = DIRECTION('',(0.,1.,-0.));
#5226 = DIRECTION('',(2.22044604925E-16,0.,-1.));
#5227 = ADVANCED_FACE('',(#5228),#5265,.T.);
#5228 = FACE_BOUND('',#5229,.T.);
#5229 = EDGE_LOOP('',(#5230,#5257,#5258,#5259));
#5230 = ORIENTED_EDGE('',*,*,#5231,.T.);
#5231 = EDGE_CURVE('',#5232,#5201,#5234,.T.);
#5232 = VERTEX_POINT('',#5233);
#5233 = CARTESIAN_POINT('',(-98.5,10.084070392997,228.19230418528));
#5234 = B_SPLINE_CURVE_WITH_KNOTS('',6,(#5235,#5236,#5237,#5238,#5239,
    #5240,#5241,#5242,#5243,#5244,#5245,#5246,#5247,#5248,#5249,#5250,
    #5251,#5252,#5253,#5254,#5255,#5256),.UNSPECIFIED.,.F.,.F.,(7,5,5,5,
    7),(0.,0.215148901581,0.443799209333,0.705786545414,1.),
  .UNSPECIFIED.);
#5235 = CARTESIAN_POINT('',(-98.5,10.084070392997,228.19230418528));
#5236 = CARTESIAN_POINT('',(-98.5,10.245085397943,228.0045299762));
#5237 = CARTESIAN_POINT('',(-98.5,10.397189148708,227.80905468413));
#5238 = CARTESIAN_POINT('',(-98.5,10.540084960223,227.60656045628));
#5239 = CARTESIAN_POINT('',(-98.5,10.673706952518,227.39778587268));
#5240 = CARTESIAN_POINT('',(-98.5,10.798158498123,227.18348313035));
#5241 = CARTESIAN_POINT('',(-98.5,11.036390410757,226.73151747619));
#5242 = CARTESIAN_POINT('',(-98.5,11.149016401064,226.4932231436));
#5243 = CARTESIAN_POINT('',(-98.5,11.251801663888,226.25032378963));
#5244 = CARTESIAN_POINT('',(-98.5,11.345166323531,226.00358162716));
#5245 = CARTESIAN_POINT('',(-98.5,11.429589259171,225.75365201436));
#5246 = CARTESIAN_POINT('',(-98.5,11.592623396262,225.21165407002));
#5247 = CARTESIAN_POINT('',(-98.5,11.668586846868,224.91877218959));
#5248 = CARTESIAN_POINT('',(-98.5,11.734216689107,224.62320006755));
#5249 = CARTESIAN_POINT('',(-98.5,11.790263433042,224.32558087622));
#5250 = CARTESIAN_POINT('',(-98.5,11.837439911052,224.02641450961));
#5251 = CARTESIAN_POINT('',(-98.5,11.920135201961,223.38873961092));
#5252 = CARTESIAN_POINT('',(-98.5,11.953502909857,223.04994952607));
#5253 = CARTESIAN_POINT('',(-98.5,11.977414250847,222.71018374299));
#5254 = CARTESIAN_POINT('',(-98.5,11.992677379692,222.36983619217));
#5255 = CARTESIAN_POINT('',(-98.5,12.,222.02919209739));
#5256 = CARTESIAN_POINT('',(-98.5,12.,221.68842892313));
#5257 = ORIENTED_EDGE('',*,*,#5217,.T.);
#5258 = ORIENTED_EDGE('',*,*,#808,.F.);
#5259 = ORIENTED_EDGE('',*,*,#5260,.F.);
#5260 = EDGE_CURVE('',#5232,#790,#5261,.T.);
#5261 = LINE('',#5262,#5263);
#5262 = CARTESIAN_POINT('',(-105.,10.084070392997,228.19230418528));
#5263 = VECTOR('',#5264,1.);
#5264 = DIRECTION('',(1.,0.,2.22044604925E-16));
#5265 = SURFACE_OF_LINEAR_EXTRUSION('',#5266,#5270);
#5266 = B_SPLINE_CURVE_WITH_KNOTS('',2,(#5267,#5268,#5269),
  .UNSPECIFIED.,.F.,.F.,(3,3),(0.,1.),.PIECEWISE_BEZIER_KNOTS.);
#5267 = CARTESIAN_POINT('',(-105.,12.,221.68842892313));
#5268 = CARTESIAN_POINT('',(-105.,12.,225.9579648035));
#5269 = CARTESIAN_POINT('',(-105.,10.084070392997,228.19230418528));
#5270 = VECTOR('',#5271,1.);
#5271 = DIRECTION('',(-1.,-0.,-2.22044604925E-16));
#5272 = ADVANCED_FACE('',(#5273),#5304,.T.);
#5273 = FACE_BOUND('',#5274,.T.);
#5274 = EDGE_LOOP('',(#5275,#5294,#5295,#5296));
#5275 = ORIENTED_EDGE('',*,*,#5276,.T.);
#5276 = EDGE_CURVE('',#5277,#5232,#5279,.T.);
#5277 = VERTEX_POINT('',#5278);
#5278 = CARTESIAN_POINT('',(-98.5,6.08,230.33713340982));
#5279 = B_SPLINE_CURVE_WITH_KNOTS('',5,(#5280,#5281,#5282,#5283,#5284,
    #5285,#5286,#5287,#5288,#5289,#5290,#5291,#5292,#5293),
  .UNSPECIFIED.,.F.,.F.,(6,4,4,6),(0.,0.220462002231,0.628002440202,1.),
  .UNSPECIFIED.);
#5280 = CARTESIAN_POINT('',(-98.5,6.07999628306,230.33713394987));
#5281 = CARTESIAN_POINT('',(-98.5,6.283135324252,230.30761892961));
#5282 = CARTESIAN_POINT('',(-98.5,6.485261877471,230.27166386427));
#5283 = CARTESIAN_POINT('',(-98.5,6.686049087951,230.22893246622));
#5284 = CARTESIAN_POINT('',(-98.5,6.885098303504,230.17910919917));
#5285 = CARTESIAN_POINT('',(-98.5,7.445858032002,230.01633195407));
#5286 = CARTESIAN_POINT('',(-98.5,7.802380222539,229.88565041602));
#5287 = CARTESIAN_POINT('',(-98.5,8.148367510049,229.72853731409));
#5288 = CARTESIAN_POINT('',(-98.5,8.480562727121,229.54463484694));
#5289 = CARTESIAN_POINT('',(-98.5,9.084255065087,229.14521575501));
#5290 = CARTESIAN_POINT('',(-98.5,9.358629091731,228.93378270845));
#5291 = CARTESIAN_POINT('',(-98.5,9.617172750857,228.70290307592));
#5292 = CARTESIAN_POINT('',(-98.5,9.859028475515,228.45487450933));
#5293 = CARTESIAN_POINT('',(-98.5,10.084070392997,228.19230418528));
#5294 = ORIENTED_EDGE('',*,*,#5260,.T.);
#5295 = ORIENTED_EDGE('',*,*,#789,.F.);
#5296 = ORIENTED_EDGE('',*,*,#5297,.T.);
#5297 = EDGE_CURVE('',#782,#5277,#5298,.T.);
#5298 = B_SPLINE_CURVE_WITH_KNOTS('',4,(#5299,#5300,#5301,#5302,#5303),
  .UNSPECIFIED.,.F.,.F.,(5,5),(0.,1.),.PIECEWISE_BEZIER_KNOTS.);
#5299 = CARTESIAN_POINT('',(-44.9999994,6.08,230.33713340982));
#5300 = CARTESIAN_POINT('',(-59.9999997,6.08,230.33713340982));
#5301 = CARTESIAN_POINT('',(-75.,6.08,230.33713340982));
#5302 = CARTESIAN_POINT('',(-90.0000003,6.08,230.33713340982));
#5303 = CARTESIAN_POINT('',(-105.0000006,6.08,230.33713340982));
#5304 = SURFACE_OF_LINEAR_EXTRUSION('',#5305,#5309);
#5305 = B_SPLINE_CURVE_WITH_KNOTS('',2,(#5306,#5307,#5308),
  .UNSPECIFIED.,.F.,.F.,(3,3),(0.,1.),.PIECEWISE_BEZIER_KNOTS.);
#5306 = CARTESIAN_POINT('',(-105.,10.084070392997,228.19230418528));
#5307 = CARTESIAN_POINT('',(-105.,8.168140785994,230.42773775873));
#5308 = CARTESIAN_POINT('',(-105.,4.772864046686,230.42773775873));
#5309 = VECTOR('',#5310,1.);
#5310 = DIRECTION('',(-1.,-0.,-2.22044604925E-16));
#5311 = ADVANCED_FACE('',(#5312),#5332,.T.);
#5312 = FACE_BOUND('',#5313,.T.);
#5313 = EDGE_LOOP('',(#5314,#5315,#5316,#5326));
#5314 = ORIENTED_EDGE('',*,*,#5297,.F.);
#5315 = ORIENTED_EDGE('',*,*,#781,.F.);
#5316 = ORIENTED_EDGE('',*,*,#5317,.T.);
#5317 = EDGE_CURVE('',#765,#5318,#5320,.T.);
#5318 = VERTEX_POINT('',#5319);
#5319 = CARTESIAN_POINT('',(-98.5,6.08,225.30460209378));
#5320 = B_SPLINE_CURVE_WITH_KNOTS('',4,(#5321,#5322,#5323,#5324,#5325),
  .UNSPECIFIED.,.F.,.F.,(5,5),(0.,1.),.PIECEWISE_BEZIER_KNOTS.);
#5321 = CARTESIAN_POINT('',(-44.9999994,6.08,225.30460209378));
#5322 = CARTESIAN_POINT('',(-59.9999997,6.08,225.30460209378));
#5323 = CARTESIAN_POINT('',(-75.,6.08,225.30460209378));
#5324 = CARTESIAN_POINT('',(-90.0000003,6.08,225.30460209378));
#5325 = CARTESIAN_POINT('',(-105.0000006,6.08,225.30460209378));
#5326 = ORIENTED_EDGE('',*,*,#5327,.T.);
#5327 = EDGE_CURVE('',#5318,#5277,#5328,.T.);
#5328 = LINE('',#5329,#5330);
#5329 = CARTESIAN_POINT('',(-98.5,6.08,181.46626242363));
#5330 = VECTOR('',#5331,1.);
#5331 = DIRECTION('',(0.,1.224646799147E-16,1.));
#5332 = PLANE('',#5333);
#5333 = AXIS2_PLACEMENT_3D('',#5334,#5335,#5336);
#5334 = CARTESIAN_POINT('',(-43.,6.08,172.93252484726));
#5335 = DIRECTION('',(2.465190328816E-32,1.,-1.224646799147E-16));
#5336 = DIRECTION('',(-1.,6.037974890946E-48,-2.22044604925E-16));
#5337 = ADVANCED_FACE('',(#5338),#5365,.T.);
#5338 = FACE_BOUND('',#5339,.T.);
#5339 = EDGE_LOOP('',(#5340,#5357,#5358,#5359));
#5340 = ORIENTED_EDGE('',*,*,#5341,.T.);
#5341 = EDGE_CURVE('',#5342,#5318,#5344,.T.);
#5342 = VERTEX_POINT('',#5343);
#5343 = CARTESIAN_POINT('',(-98.5,7.159296070028,224.49503054618));
#5344 = B_SPLINE_CURVE_WITH_KNOTS('',6,(#5345,#5346,#5347,#5348,#5349,
    #5350,#5351,#5352,#5353,#5354,#5355,#5356),.UNSPECIFIED.,.F.,.F.,(7,
    5,7),(0.,0.238560616207,1.),.UNSPECIFIED.);
#5345 = CARTESIAN_POINT('',(-98.5,7.159296070028,224.49503054618));
#5346 = CARTESIAN_POINT('',(-98.5,7.128445978626,224.53984688051));
#5347 = CARTESIAN_POINT('',(-98.5,7.096231122813,224.5836794782));
#5348 = CARTESIAN_POINT('',(-98.5,7.062661924885,224.6264643444));
#5349 = CARTESIAN_POINT('',(-98.5,7.027759302417,224.66814383139));
#5350 = CARTESIAN_POINT('',(-98.5,6.991554668268,224.70866663858));
#5351 = CARTESIAN_POINT('',(-98.5,6.834509728122,224.87349340058));
#5352 = CARTESIAN_POINT('',(-98.5,6.702033516987,224.98682258259));
#5353 = CARTESIAN_POINT('',(-98.5,6.558194464258,225.08631637664));
#5354 = CARTESIAN_POINT('',(-98.5,6.405146312192,225.17191371962));
#5355 = CARTESIAN_POINT('',(-98.5,6.245096731317,225.24432585919));
#5356 = CARTESIAN_POINT('',(-98.5,6.079998454388,225.30460265808));
#5357 = ORIENTED_EDGE('',*,*,#5317,.F.);
#5358 = ORIENTED_EDGE('',*,*,#764,.F.);
#5359 = ORIENTED_EDGE('',*,*,#5360,.F.);
#5360 = EDGE_CURVE('',#5342,#743,#5361,.T.);
#5361 = LINE('',#5362,#5363);
#5362 = CARTESIAN_POINT('',(-105.,7.159296070028,224.49503054618));
#5363 = VECTOR('',#5364,1.);
#5364 = DIRECTION('',(1.,0.,2.22044604925E-16));
#5365 = SURFACE_OF_LINEAR_EXTRUSION('',#5366,#5370);
#5366 = B_SPLINE_CURVE_WITH_KNOTS('',2,(#5367,#5368,#5369),
  .UNSPECIFIED.,.F.,.F.,(3,3),(0.,1.),.PIECEWISE_BEZIER_KNOTS.);
#5367 = CARTESIAN_POINT('',(-105.,4.672198413422,225.52028813713));
#5368 = CARTESIAN_POINT('',(-105.,6.453542445518,225.52028813713));
#5369 = CARTESIAN_POINT('',(-105.,7.159296070028,224.49503054618));
#5370 = VECTOR('',#5371,1.);
#5371 = DIRECTION('',(-1.,-0.,-2.22044604925E-16));
#5372 = ADVANCED_FACE('',(#5373),#5405,.T.);
#5373 = FACE_BOUND('',#5374,.T.);
#5374 = EDGE_LOOP('',(#5375,#5397,#5398,#5399));
#5375 = ORIENTED_EDGE('',*,*,#5376,.T.);
#5376 = EDGE_CURVE('',#5377,#5342,#5379,.T.);
#5377 = VERTEX_POINT('',#5378);
#5378 = CARTESIAN_POINT('',(-98.5,7.866143886204,221.4870976566));
#5379 = B_SPLINE_CURVE_WITH_KNOTS('',6,(#5380,#5381,#5382,#5383,#5384,
    #5385,#5386,#5387,#5388,#5389,#5390,#5391,#5392,#5393,#5394,#5395,
    #5396),.UNSPECIFIED.,.F.,.F.,(7,5,5,7),(0.,0.469034071749,
    0.857011046211,1.),.UNSPECIFIED.);
#5380 = CARTESIAN_POINT('',(-98.5,7.866143886204,221.4870976566));
#5381 = CARTESIAN_POINT('',(-98.5,7.866143886204,221.73675861471));
#5382 = CARTESIAN_POINT('',(-98.5,7.859418901259,221.98581767202));
#5383 = CARTESIAN_POINT('',(-98.5,7.845111329204,222.23408048217));
#5384 = CARTESIAN_POINT('',(-98.5,7.822133769586,222.48106737882));
#5385 = CARTESIAN_POINT('',(-98.5,7.789150899336,222.7260115045));
#5386 = CARTESIAN_POINT('',(-98.5,7.707395649047,223.16785244696));
#5387 = CARTESIAN_POINT('',(-98.5,7.662353817611,223.3656472986));
#5388 = CARTESIAN_POINT('',(-98.5,7.608291147915,223.56063563848));
#5389 = CARTESIAN_POINT('',(-98.5,7.544076448682,223.75179045333));
#5390 = CARTESIAN_POINT('',(-98.5,7.468466296376,223.93764299772));
#5391 = CARTESIAN_POINT('',(-98.5,7.347900850297,224.18227625695));
#5392 = CARTESIAN_POINT('',(-98.5,7.313741018644,224.24718256963));
#5393 = CARTESIAN_POINT('',(-98.5,7.27783941436,224.31101953571));
#5394 = CARTESIAN_POINT('',(-98.5,7.240151697321,224.37368172052));
#5395 = CARTESIAN_POINT('',(-98.5,7.200643751114,224.4350572069));
#5396 = CARTESIAN_POINT('',(-98.5,7.159296070028,224.49503054618));
#5397 = ORIENTED_EDGE('',*,*,#5360,.T.);
#5398 = ORIENTED_EDGE('',*,*,#742,.F.);
#5399 = ORIENTED_EDGE('',*,*,#5400,.F.);
#5400 = EDGE_CURVE('',#5377,#735,#5401,.T.);
#5401 = LINE('',#5402,#5403);
#5402 = CARTESIAN_POINT('',(-105.,7.866143886204,221.4870976566));
#5403 = VECTOR('',#5404,1.);
#5404 = DIRECTION('',(1.,0.,2.22044604925E-16));
#5405 = SURFACE_OF_LINEAR_EXTRUSION('',#5406,#5410);
#5406 = B_SPLINE_CURVE_WITH_KNOTS('',2,(#5407,#5408,#5409),
  .UNSPECIFIED.,.F.,.F.,(3,3),(0.,1.),.PIECEWISE_BEZIER_KNOTS.);
#5407 = CARTESIAN_POINT('',(-105.,7.159296070028,224.49503054618));
#5408 = CARTESIAN_POINT('',(-105.,7.866143886204,223.46977295522));
#5409 = CARTESIAN_POINT('',(-105.,7.866143886204,221.4870976566));
#5410 = VECTOR('',#5411,1.);
#5411 = DIRECTION('',(-1.,-0.,-2.22044604925E-16));
#5412 = ADVANCED_FACE('',(#5413),#5431,.F.);
#5413 = FACE_BOUND('',#5414,.T.);
#5414 = EDGE_LOOP('',(#5415,#5423,#5424,#5425));
#5415 = ORIENTED_EDGE('',*,*,#5416,.T.);
#5416 = EDGE_CURVE('',#5417,#5377,#5419,.T.);
#5417 = VERTEX_POINT('',#5418);
#5418 = CARTESIAN_POINT('',(-98.5,7.866143886204,220.1423360992));
#5419 = LINE('',#5420,#5421);
#5420 = CARTESIAN_POINT('',(-98.5,7.866143886204,205.7435488283));
#5421 = VECTOR('',#5422,1.);
#5422 = DIRECTION('',(0.,0.,1.));
#5423 = ORIENTED_EDGE('',*,*,#5400,.T.);
#5424 = ORIENTED_EDGE('',*,*,#734,.F.);
#5425 = ORIENTED_EDGE('',*,*,#5426,.F.);
#5426 = EDGE_CURVE('',#5417,#727,#5427,.T.);
#5427 = LINE('',#5428,#5429);
#5428 = CARTESIAN_POINT('',(-105.,7.866143886204,220.1423360992));
#5429 = VECTOR('',#5430,1.);
#5430 = DIRECTION('',(1.,0.,2.22044604925E-16));
#5431 = PLANE('',#5432);
#5432 = AXIS2_PLACEMENT_3D('',#5433,#5434,#5435);
#5433 = CARTESIAN_POINT('',(-105.,7.866143886204,221.4870976566));
#5434 = DIRECTION('',(0.,-1.,0.));
#5435 = DIRECTION('',(-2.22044604925E-16,0.,1.));
#5436 = ADVANCED_FACE('',(#5437),#5455,.F.);
#5437 = FACE_BOUND('',#5438,.T.);
#5438 = EDGE_LOOP('',(#5439,#5447,#5448,#5449));
#5439 = ORIENTED_EDGE('',*,*,#5440,.T.);
#5440 = EDGE_CURVE('',#5441,#5417,#5443,.T.);
#5441 = VERTEX_POINT('',#5442);
#5442 = CARTESIAN_POINT('',(-98.5,6.08,220.1423360992));
#5443 = LINE('',#5444,#5445);
#5444 = CARTESIAN_POINT('',(-98.5,-17.76150933768,220.1423360992));
#5445 = VECTOR('',#5446,1.);
#5446 = DIRECTION('',(0.,1.,0.));
#5447 = ORIENTED_EDGE('',*,*,#5426,.T.);
#5448 = ORIENTED_EDGE('',*,*,#726,.F.);
#5449 = ORIENTED_EDGE('',*,*,#5450,.F.);
#5450 = EDGE_CURVE('',#5441,#719,#5451,.T.);
#5451 = LINE('',#5452,#5453);
#5452 = CARTESIAN_POINT('',(-74.,6.08,220.1423360992));
#5453 = VECTOR('',#5454,1.);
#5454 = DIRECTION('',(1.,2.540718180781E-33,2.22044604925E-16));
#5455 = PLANE('',#5456);
#5456 = AXIS2_PLACEMENT_3D('',#5457,#5458,#5459);
#5457 = CARTESIAN_POINT('',(-105.,7.866143886204,220.1423360992));
#5458 = DIRECTION('',(-2.22044604925E-16,0.,1.));
#5459 = DIRECTION('',(0.,1.,0.));
#5460 = ADVANCED_FACE('',(#5461),#5479,.T.);
#5461 = FACE_BOUND('',#5462,.T.);
#5462 = EDGE_LOOP('',(#5463,#5464,#5465,#5473));
#5463 = ORIENTED_EDGE('',*,*,#5450,.T.);
#5464 = ORIENTED_EDGE('',*,*,#718,.F.);
#5465 = ORIENTED_EDGE('',*,*,#5466,.T.);
#5466 = EDGE_CURVE('',#711,#5467,#5469,.T.);
#5467 = VERTEX_POINT('',#5468);
#5468 = CARTESIAN_POINT('',(-98.5,6.08,215.26880641925));
#5469 = LINE('',#5470,#5471);
#5470 = CARTESIAN_POINT('',(-74.,6.08,215.26880641925));
#5471 = VECTOR('',#5472,1.);
#5472 = DIRECTION('',(-1.,-2.540718180781E-33,-2.22044604925E-16));
#5473 = ORIENTED_EDGE('',*,*,#5474,.T.);
#5474 = EDGE_CURVE('',#5467,#5441,#5475,.T.);
#5475 = LINE('',#5476,#5477);
#5476 = CARTESIAN_POINT('',(-98.5,6.08,181.46626242363));
#5477 = VECTOR('',#5478,1.);
#5478 = DIRECTION('',(0.,1.224646799147E-16,1.));
#5479 = PLANE('',#5480);
#5480 = AXIS2_PLACEMENT_3D('',#5481,#5482,#5483);
#5481 = CARTESIAN_POINT('',(-43.,6.08,172.93252484726));
#5482 = DIRECTION('',(2.465190328816E-32,1.,-1.224646799147E-16));
#5483 = DIRECTION('',(-1.,6.037974890946E-48,-2.22044604925E-16));
#5484 = ADVANCED_FACE('',(#5485),#5496,.F.);
#5485 = FACE_BOUND('',#5486,.T.);
#5486 = EDGE_LOOP('',(#5487,#5493,#5494,#5495));
#5487 = ORIENTED_EDGE('',*,*,#5488,.T.);
#5488 = EDGE_CURVE('',#5203,#5467,#5489,.T.);
#5489 = LINE('',#5490,#5491);
#5490 = CARTESIAN_POINT('',(-98.5,-27.69458128078,215.26880641925));
#5491 = VECTOR('',#5492,1.);
#5492 = DIRECTION('',(0.,-1.,0.));
#5493 = ORIENTED_EDGE('',*,*,#5466,.F.);
#5494 = ORIENTED_EDGE('',*,*,#710,.F.);
#5495 = ORIENTED_EDGE('',*,*,#5210,.F.);
#5496 = PLANE('',#5497);
#5497 = AXIS2_PLACEMENT_3D('',#5498,#5499,#5500);
#5498 = CARTESIAN_POINT('',(-105.,-12.,215.26880641925));
#5499 = DIRECTION('',(2.22044604925E-16,0.,-1.));
#5500 = DIRECTION('',(0.,-1.,0.));
#5501 = ADVANCED_FACE('',(#5502),#5527,.F.);
#5502 = FACE_BOUND('',#5503,.T.);
#5503 = EDGE_LOOP('',(#5504,#5514,#5520,#5521));
#5504 = ORIENTED_EDGE('',*,*,#5505,.T.);
#5505 = EDGE_CURVE('',#5506,#5508,#5510,.T.);
#5506 = VERTEX_POINT('',#5507);
#5507 = CARTESIAN_POINT('',(-98.5,8.638643202334,235.77286404668));
#5508 = VERTEX_POINT('',#5509);
#5509 = CARTESIAN_POINT('',(-98.5,8.101395094374,240.4450624601));
#5510 = LINE('',#5511,#5512);
#5511 = CARTESIAN_POINT('',(-98.5,10.627872995151,218.47345220284));
#5512 = VECTOR('',#5513,1.);
#5513 = DIRECTION('',(0.,-0.114235541797,0.99345369343));
#5514 = ORIENTED_EDGE('',*,*,#5515,.T.);
#5515 = EDGE_CURVE('',#5508,#838,#5516,.T.);
#5516 = LINE('',#5517,#5518);
#5517 = CARTESIAN_POINT('',(-105.,8.101395094374,240.4450624601));
#5518 = VECTOR('',#5519,1.);
#5519 = DIRECTION('',(1.,0.,2.22044604925E-16));
#5520 = ORIENTED_EDGE('',*,*,#835,.F.);
#5521 = ORIENTED_EDGE('',*,*,#5522,.F.);
#5522 = EDGE_CURVE('',#5506,#836,#5523,.T.);
#5523 = LINE('',#5524,#5525);
#5524 = CARTESIAN_POINT('',(-105.,8.638643202334,235.77286404668));
#5525 = VECTOR('',#5526,1.);
#5526 = DIRECTION('',(1.,0.,2.22044604925E-16));
#5527 = PLANE('',#5528);
#5528 = AXIS2_PLACEMENT_3D('',#5529,#5530,#5531);
#5529 = CARTESIAN_POINT('',(-105.,8.101395094374,240.4450624601));
#5530 = DIRECTION('',(2.536538574677E-17,-0.99345369343,-0.114235541797)
  );
#5531 = DIRECTION('',(-2.20591032869E-16,-0.114235541797,0.99345369343)
  );
#5532 = ADVANCED_FACE('',(#5533),#5551,.F.);
#5533 = FACE_BOUND('',#5534,.T.);
#5534 = EDGE_LOOP('',(#5535,#5543,#5544,#5545));
#5535 = ORIENTED_EDGE('',*,*,#5536,.T.);
#5536 = EDGE_CURVE('',#5537,#5506,#5539,.T.);
#5537 = VERTEX_POINT('',#5538);
#5538 = CARTESIAN_POINT('',(-98.5,12.,235.77286404668));
#5539 = LINE('',#5540,#5541);
#5540 = CARTESIAN_POINT('',(-98.5,-17.37525967962,235.77286404668));
#5541 = VECTOR('',#5542,1.);
#5542 = DIRECTION('',(0.,-1.,0.));
#5543 = ORIENTED_EDGE('',*,*,#5522,.T.);
#5544 = ORIENTED_EDGE('',*,*,#893,.F.);
#5545 = ORIENTED_EDGE('',*,*,#5546,.F.);
#5546 = EDGE_CURVE('',#5537,#886,#5547,.T.);
#5547 = LINE('',#5548,#5549);
#5548 = CARTESIAN_POINT('',(-105.,12.,235.77286404668));
#5549 = VECTOR('',#5550,1.);
#5550 = DIRECTION('',(1.,0.,2.22044604925E-16));
#5551 = PLANE('',#5552);
#5552 = AXIS2_PLACEMENT_3D('',#5553,#5554,#5555);
#5553 = CARTESIAN_POINT('',(-105.,8.638643202334,235.77286404668));
#5554 = DIRECTION('',(2.22044604925E-16,0.,-1.));
#5555 = DIRECTION('',(0.,-1.,0.));
#5556 = ADVANCED_FACE('',(#5557),#5575,.F.);
#5557 = FACE_BOUND('',#5558,.T.);
#5558 = EDGE_LOOP('',(#5559,#5567,#5568,#5569));
#5559 = ORIENTED_EDGE('',*,*,#5560,.T.);
#5560 = EDGE_CURVE('',#5561,#5537,#5563,.T.);
#5561 = VERTEX_POINT('',#5562);
#5562 = CARTESIAN_POINT('',(-98.5,12.,249.89012492021));
#5563 = LINE('',#5564,#5565);
#5564 = CARTESIAN_POINT('',(-98.5,12.,212.88643202334));
#5565 = VECTOR('',#5566,1.);
#5566 = DIRECTION('',(0.,0.,-1.));
#5567 = ORIENTED_EDGE('',*,*,#5546,.T.);
#5568 = ORIENTED_EDGE('',*,*,#885,.F.);
#5569 = ORIENTED_EDGE('',*,*,#5570,.F.);
#5570 = EDGE_CURVE('',#5561,#878,#5571,.T.);
#5571 = LINE('',#5572,#5573);
#5572 = CARTESIAN_POINT('',(-105.,12.,249.89012492021));
#5573 = VECTOR('',#5574,1.);
#5574 = DIRECTION('',(1.,0.,2.22044604925E-16));
#5575 = PLANE('',#5576);
#5576 = AXIS2_PLACEMENT_3D('',#5577,#5578,#5579);
#5577 = CARTESIAN_POINT('',(-105.,12.,235.77286404668));
#5578 = DIRECTION('',(0.,1.,-0.));
#5579 = DIRECTION('',(2.22044604925E-16,0.,-1.));
#5580 = ADVANCED_FACE('',(#5581),#5599,.F.);
#5581 = FACE_BOUND('',#5582,.T.);
#5582 = EDGE_LOOP('',(#5583,#5591,#5592,#5593));
#5583 = ORIENTED_EDGE('',*,*,#5584,.T.);
#5584 = EDGE_CURVE('',#5585,#5561,#5587,.T.);
#5585 = VERTEX_POINT('',#5586);
#5586 = CARTESIAN_POINT('',(-98.5,8.638643202334,249.89012492021));
#5587 = LINE('',#5588,#5589);
#5588 = CARTESIAN_POINT('',(-98.5,-15.69458128078,249.89012492021));
#5589 = VECTOR('',#5590,1.);
#5590 = DIRECTION('',(0.,1.,0.));
#5591 = ORIENTED_EDGE('',*,*,#5570,.T.);
#5592 = ORIENTED_EDGE('',*,*,#877,.F.);
#5593 = ORIENTED_EDGE('',*,*,#5594,.F.);
#5594 = EDGE_CURVE('',#5585,#870,#5595,.T.);
#5595 = LINE('',#5596,#5597);
#5596 = CARTESIAN_POINT('',(-105.,8.638643202334,249.89012492021));
#5597 = VECTOR('',#5598,1.);
#5598 = DIRECTION('',(1.,0.,2.22044604925E-16));
#5599 = PLANE('',#5600);
#5600 = AXIS2_PLACEMENT_3D('',#5601,#5602,#5603);
#5601 = CARTESIAN_POINT('',(-105.,12.,249.89012492021));
#5602 = DIRECTION('',(-2.22044604925E-16,0.,1.));
#5603 = DIRECTION('',(0.,1.,0.));
#5604 = ADVANCED_FACE('',(#5605),#5623,.F.);
#5605 = FACE_BOUND('',#5606,.T.);
#5606 = EDGE_LOOP('',(#5607,#5615,#5616,#5617));
#5607 = ORIENTED_EDGE('',*,*,#5608,.T.);
#5608 = EDGE_CURVE('',#5609,#5585,#5611,.T.);
#5609 = VERTEX_POINT('',#5610);
#5610 = CARTESIAN_POINT('',(-98.5,8.101395094374,245.11726087353));
#5611 = LINE('',#5612,#5613);
#5612 = CARTESIAN_POINT('',(-98.5,4.98462623472,217.42816562747));
#5613 = VECTOR('',#5614,1.);
#5614 = DIRECTION('',(0.,0.111856638692,0.993724354326));
#5615 = ORIENTED_EDGE('',*,*,#5594,.T.);
#5616 = ORIENTED_EDGE('',*,*,#869,.F.);
#5617 = ORIENTED_EDGE('',*,*,#5618,.F.);
#5618 = EDGE_CURVE('',#5609,#862,#5619,.T.);
#5619 = LINE('',#5620,#5621);
#5620 = CARTESIAN_POINT('',(-105.,8.101395094374,245.11726087353));
#5621 = VECTOR('',#5622,1.);
#5622 = DIRECTION('',(1.,0.,2.22044604925E-16));
#5623 = PLANE('',#5624);
#5624 = AXIS2_PLACEMENT_3D('',#5625,#5626,#5627);
#5625 = CARTESIAN_POINT('',(-105.,8.638643202334,249.89012492021));
#5626 = DIRECTION('',(-2.483716314658E-17,-0.993724354326,0.111856638692
    ));
#5627 = DIRECTION('',(-2.206511316607E-16,0.111856638692,0.993724354326)
  );
#5628 = ADVANCED_FACE('',(#5629),#5647,.F.);
#5629 = FACE_BOUND('',#5630,.T.);
#5630 = EDGE_LOOP('',(#5631,#5639,#5640,#5641));
#5631 = ORIENTED_EDGE('',*,*,#5632,.T.);
#5632 = EDGE_CURVE('',#5633,#5609,#5635,.T.);
#5633 = VERTEX_POINT('',#5634);
#5634 = CARTESIAN_POINT('',(-98.5,6.08,245.11726087353));
#5635 = LINE('',#5636,#5637);
#5636 = CARTESIAN_POINT('',(-98.5,-17.6438837336,245.11726087353));
#5637 = VECTOR('',#5638,1.);
#5638 = DIRECTION('',(0.,1.,0.));
#5639 = ORIENTED_EDGE('',*,*,#5618,.T.);
#5640 = ORIENTED_EDGE('',*,*,#861,.F.);
#5641 = ORIENTED_EDGE('',*,*,#5642,.F.);
#5642 = EDGE_CURVE('',#5633,#854,#5643,.T.);
#5643 = LINE('',#5644,#5645);
#5644 = CARTESIAN_POINT('',(-74.,6.08,245.11726087353));
#5645 = VECTOR('',#5646,1.);
#5646 = DIRECTION('',(1.,2.540718180781E-33,2.22044604925E-16));
#5647 = PLANE('',#5648);
#5648 = AXIS2_PLACEMENT_3D('',#5649,#5650,#5651);
#5649 = CARTESIAN_POINT('',(-105.,8.101395094374,245.11726087353));
#5650 = DIRECTION('',(-2.22044604925E-16,0.,1.));
#5651 = DIRECTION('',(0.,1.,0.));
#5652 = ADVANCED_FACE('',(#5653),#5671,.T.);
#5653 = FACE_BOUND('',#5654,.T.);
#5654 = EDGE_LOOP('',(#5655,#5663,#5664,#5665));
#5655 = ORIENTED_EDGE('',*,*,#5656,.T.);
#5656 = EDGE_CURVE('',#5657,#5633,#5659,.T.);
#5657 = VERTEX_POINT('',#5658);
#5658 = CARTESIAN_POINT('',(-98.5,6.08,240.4450624601));
#5659 = LINE('',#5660,#5661);
#5660 = CARTESIAN_POINT('',(-98.5,6.08,181.46626242363));
#5661 = VECTOR('',#5662,1.);
#5662 = DIRECTION('',(0.,1.224646799147E-16,1.));
#5663 = ORIENTED_EDGE('',*,*,#5642,.T.);
#5664 = ORIENTED_EDGE('',*,*,#853,.F.);
#5665 = ORIENTED_EDGE('',*,*,#5666,.T.);
#5666 = EDGE_CURVE('',#846,#5657,#5667,.T.);
#5667 = LINE('',#5668,#5669);
#5668 = CARTESIAN_POINT('',(-74.,6.08,240.4450624601));
#5669 = VECTOR('',#5670,1.);
#5670 = DIRECTION('',(-1.,-2.540718180781E-33,-2.22044604925E-16));
#5671 = PLANE('',#5672);
#5672 = AXIS2_PLACEMENT_3D('',#5673,#5674,#5675);
#5673 = CARTESIAN_POINT('',(-43.,6.08,172.93252484726));
#5674 = DIRECTION('',(2.465190328816E-32,1.,-1.224646799147E-16));
#5675 = DIRECTION('',(-1.,6.037974890946E-48,-2.22044604925E-16));
#5676 = ADVANCED_FACE('',(#5677),#5688,.F.);
#5677 = FACE_BOUND('',#5678,.T.);
#5678 = EDGE_LOOP('',(#5679,#5685,#5686,#5687));
#5679 = ORIENTED_EDGE('',*,*,#5680,.T.);
#5680 = EDGE_CURVE('',#5508,#5657,#5681,.T.);
#5681 = LINE('',#5682,#5683);
#5682 = CARTESIAN_POINT('',(-98.5,-25.74473173214,240.4450624601));
#5683 = VECTOR('',#5684,1.);
#5684 = DIRECTION('',(0.,-1.,0.));
#5685 = ORIENTED_EDGE('',*,*,#5666,.F.);
#5686 = ORIENTED_EDGE('',*,*,#845,.F.);
#5687 = ORIENTED_EDGE('',*,*,#5515,.F.);
#5688 = PLANE('',#5689);
#5689 = AXIS2_PLACEMENT_3D('',#5690,#5691,#5692);
#5690 = CARTESIAN_POINT('',(-105.,-8.100300902708,240.4450624601));
#5691 = DIRECTION('',(2.22044604925E-16,0.,-1.));
#5692 = DIRECTION('',(0.,-1.,0.));
#5693 = ADVANCED_FACE('',(#5694),#5719,.T.);
#5694 = FACE_BOUND('',#5695,.F.);
#5695 = EDGE_LOOP('',(#5696,#5697,#5705,#5713));
#5696 = ORIENTED_EDGE('',*,*,#901,.T.);
#5697 = ORIENTED_EDGE('',*,*,#5698,.T.);
#5698 = EDGE_CURVE('',#904,#5699,#5701,.T.);
#5699 = VERTEX_POINT('',#5700);
#5700 = CARTESIAN_POINT('',(-63.89,33.355150612693,318.));
#5701 = LINE('',#5702,#5703);
#5702 = CARTESIAN_POINT('',(-59.99,33.355150612693,318.));
#5703 = VECTOR('',#5704,1.);
#5704 = DIRECTION('',(-1.,-0.,2.22044604925E-16));
#5705 = ORIENTED_EDGE('',*,*,#5706,.T.);
#5706 = EDGE_CURVE('',#5699,#5707,#5709,.T.);
#5707 = VERTEX_POINT('',#5708);
#5708 = CARTESIAN_POINT('',(-63.89,31.218954616691,321.7));
#5709 = LINE('',#5710,#5711);
#5710 = CARTESIAN_POINT('',(-63.89,33.355150612693,318.));
#5711 = VECTOR('',#5712,1.);
#5712 = DIRECTION('',(1.922962686384E-16,-0.5,0.866025403784));
#5713 = ORIENTED_EDGE('',*,*,#5714,.F.);
#5714 = EDGE_CURVE('',#902,#5707,#5715,.T.);
#5715 = LINE('',#5716,#5717);
#5716 = CARTESIAN_POINT('',(-59.99,31.218954616691,321.7));
#5717 = VECTOR('',#5718,1.);
#5718 = DIRECTION('',(-1.,-0.,2.22044604925E-16));
#5719 = PLANE('',#5720);
#5720 = AXIS2_PLACEMENT_3D('',#5721,#5722,#5723);
#5721 = CARTESIAN_POINT('',(-59.99,33.355150612693,318.));
#5722 = DIRECTION('',(-1.110223024625E-16,-0.866025403784,-0.5));
#5723 = DIRECTION('',(-1.922962686384E-16,0.5,-0.866025403784));
#5724 = ADVANCED_FACE('',(#5725),#5743,.T.);
#5725 = FACE_BOUND('',#5726,.F.);
#5726 = EDGE_LOOP('',(#5727,#5728,#5729,#5737));
#5727 = ORIENTED_EDGE('',*,*,#943,.T.);
#5728 = ORIENTED_EDGE('',*,*,#5714,.T.);
#5729 = ORIENTED_EDGE('',*,*,#5730,.T.);
#5730 = EDGE_CURVE('',#5707,#5731,#5733,.T.);
#5731 = VERTEX_POINT('',#5732);
#5732 = CARTESIAN_POINT('',(-63.89,26.946562624688,321.7));
#5733 = LINE('',#5734,#5735);
#5734 = CARTESIAN_POINT('',(-63.89,31.218954616691,321.7));
#5735 = VECTOR('',#5736,1.);
#5736 = DIRECTION('',(-2.308018864776E-32,-1.,-1.039439289937E-16));
#5737 = ORIENTED_EDGE('',*,*,#5738,.F.);
#5738 = EDGE_CURVE('',#936,#5731,#5739,.T.);
#5739 = LINE('',#5740,#5741);
#5740 = CARTESIAN_POINT('',(-59.99,26.946562624688,321.7));
#5741 = VECTOR('',#5742,1.);
#5742 = DIRECTION('',(-1.,-0.,2.22044604925E-16));
#5743 = PLANE('',#5744);
#5744 = AXIS2_PLACEMENT_3D('',#5745,#5746,#5747);
#5745 = CARTESIAN_POINT('',(-59.99,31.218954616691,321.7));
#5746 = DIRECTION('',(-2.22044604925E-16,1.039439289937E-16,-1.));
#5747 = DIRECTION('',(2.308018864776E-32,1.,1.039439289937E-16));
#5748 = ADVANCED_FACE('',(#5749),#5767,.T.);
#5749 = FACE_BOUND('',#5750,.F.);
#5750 = EDGE_LOOP('',(#5751,#5752,#5760,#5766));
#5751 = ORIENTED_EDGE('',*,*,#911,.T.);
#5752 = ORIENTED_EDGE('',*,*,#5753,.T.);
#5753 = EDGE_CURVE('',#912,#5754,#5756,.T.);
#5754 = VERTEX_POINT('',#5755);
#5755 = CARTESIAN_POINT('',(-63.89,31.218954616691,314.3));
#5756 = LINE('',#5757,#5758);
#5757 = CARTESIAN_POINT('',(-59.99,31.218954616691,314.3));
#5758 = VECTOR('',#5759,1.);
#5759 = DIRECTION('',(-1.,-0.,2.22044604925E-16));
#5760 = ORIENTED_EDGE('',*,*,#5761,.T.);
#5761 = EDGE_CURVE('',#5754,#5699,#5762,.T.);
#5762 = LINE('',#5763,#5764);
#5763 = CARTESIAN_POINT('',(-63.89,31.218954616691,314.3));
#5764 = VECTOR('',#5765,1.);
#5765 = DIRECTION('',(1.922962686384E-16,0.5,0.866025403784));
#5766 = ORIENTED_EDGE('',*,*,#5698,.F.);
#5767 = PLANE('',#5768);
#5768 = AXIS2_PLACEMENT_3D('',#5769,#5770,#5771);
#5769 = CARTESIAN_POINT('',(-59.99,31.218954616691,314.3));
#5770 = DIRECTION('',(1.110223024625E-16,-0.866025403784,0.5));
#5771 = DIRECTION('',(-1.922962686384E-16,-0.5,-0.866025403784));
#5772 = ADVANCED_FACE('',(#5773),#5791,.T.);
#5773 = FACE_BOUND('',#5774,.F.);
#5774 = EDGE_LOOP('',(#5775,#5776,#5777,#5785));
#5775 = ORIENTED_EDGE('',*,*,#935,.T.);
#5776 = ORIENTED_EDGE('',*,*,#5738,.T.);
#5777 = ORIENTED_EDGE('',*,*,#5778,.T.);
#5778 = EDGE_CURVE('',#5731,#5779,#5781,.T.);
#5779 = VERTEX_POINT('',#5780);
#5780 = CARTESIAN_POINT('',(-63.89,24.810366628686,318.));
#5781 = LINE('',#5782,#5783);
#5782 = CARTESIAN_POINT('',(-63.89,26.946562624688,321.7));
#5783 = VECTOR('',#5784,1.);
#5784 = DIRECTION('',(-1.922962686384E-16,-0.5,-0.866025403784));
#5785 = ORIENTED_EDGE('',*,*,#5786,.F.);
#5786 = EDGE_CURVE('',#928,#5779,#5787,.T.);
#5787 = LINE('',#5788,#5789);
#5788 = CARTESIAN_POINT('',(-59.99,24.810366628686,318.));
#5789 = VECTOR('',#5790,1.);
#5790 = DIRECTION('',(-1.,-0.,2.22044604925E-16));
#5791 = PLANE('',#5792);
#5792 = AXIS2_PLACEMENT_3D('',#5793,#5794,#5795);
#5793 = CARTESIAN_POINT('',(-59.99,26.946562624688,321.7));
#5794 = DIRECTION('',(-1.110223024625E-16,0.866025403784,-0.5));
#5795 = DIRECTION('',(1.922962686384E-16,0.5,0.866025403784));
#5796 = ADVANCED_FACE('',(#5797),#5815,.T.);
#5797 = FACE_BOUND('',#5798,.F.);
#5798 = EDGE_LOOP('',(#5799,#5800,#5808,#5814));
#5799 = ORIENTED_EDGE('',*,*,#919,.T.);
#5800 = ORIENTED_EDGE('',*,*,#5801,.T.);
#5801 = EDGE_CURVE('',#920,#5802,#5804,.T.);
#5802 = VERTEX_POINT('',#5803);
#5803 = CARTESIAN_POINT('',(-63.89,26.946562624688,314.3));
#5804 = LINE('',#5805,#5806);
#5805 = CARTESIAN_POINT('',(-59.99,26.946562624688,314.3));
#5806 = VECTOR('',#5807,1.);
#5807 = DIRECTION('',(-1.,-0.,2.22044604925E-16));
#5808 = ORIENTED_EDGE('',*,*,#5809,.T.);
#5809 = EDGE_CURVE('',#5802,#5754,#5810,.T.);
#5810 = LINE('',#5811,#5812);
#5811 = CARTESIAN_POINT('',(-63.89,26.946562624688,314.3));
#5812 = VECTOR('',#5813,1.);
#5813 = DIRECTION('',(-9.232075459105E-32,1.,-4.157757159748E-16));
#5814 = ORIENTED_EDGE('',*,*,#5753,.F.);
#5815 = PLANE('',#5816);
#5816 = AXIS2_PLACEMENT_3D('',#5817,#5818,#5819);
#5817 = CARTESIAN_POINT('',(-59.99,26.946562624688,314.3));
#5818 = DIRECTION('',(2.22044604925E-16,4.157757159748E-16,1.));
#5819 = DIRECTION('',(9.232075459105E-32,-1.,4.157757159748E-16));
#5820 = ADVANCED_FACE('',(#5821),#5832,.T.);
#5821 = FACE_BOUND('',#5822,.F.);
#5822 = EDGE_LOOP('',(#5823,#5824,#5825,#5831));
#5823 = ORIENTED_EDGE('',*,*,#927,.T.);
#5824 = ORIENTED_EDGE('',*,*,#5786,.T.);
#5825 = ORIENTED_EDGE('',*,*,#5826,.T.);
#5826 = EDGE_CURVE('',#5779,#5802,#5827,.T.);
#5827 = LINE('',#5828,#5829);
#5828 = CARTESIAN_POINT('',(-63.89,24.810366628686,318.));
#5829 = VECTOR('',#5830,1.);
#5830 = DIRECTION('',(-1.922962686384E-16,0.5,-0.866025403784));
#5831 = ORIENTED_EDGE('',*,*,#5801,.F.);
#5832 = PLANE('',#5833);
#5833 = AXIS2_PLACEMENT_3D('',#5834,#5835,#5836);
#5834 = CARTESIAN_POINT('',(-59.99,24.810366628686,318.));
#5835 = DIRECTION('',(1.110223024625E-16,0.866025403784,0.5));
#5836 = DIRECTION('',(1.922962686384E-16,-0.5,0.866025403784));
#5837 = ADVANCED_FACE('',(#5838),#5882,.T.);
#5838 = FACE_BOUND('',#5839,.T.);
#5839 = EDGE_LOOP('',(#5840,#5869,#5875,#5876));
#5840 = ORIENTED_EDGE('',*,*,#5841,.T.);
#5841 = EDGE_CURVE('',#5842,#5844,#5846,.T.);
#5842 = VERTEX_POINT('',#5843);
#5843 = CARTESIAN_POINT('',(-98.5,12.335916841433,264.78097930154));
#5844 = VERTEX_POINT('',#5845);
#5845 = CARTESIAN_POINT('',(-98.5,8.990972918756,256.73101121546));
#5846 = B_SPLINE_CURVE_WITH_KNOTS('',6,(#5847,#5848,#5849,#5850,#5851,
    #5852,#5853,#5854,#5855,#5856,#5857,#5858,#5859,#5860,#5861,#5862,
    #5863,#5864,#5865,#5866,#5867,#5868),.UNSPECIFIED.,.F.,.F.,(7,5,5,5,
    7),(0.,0.318341045847,0.469728513539,0.758731944643,1.),
  .UNSPECIFIED.);
#5847 = CARTESIAN_POINT('',(-98.5,12.335916841433,264.78097930154));
#5848 = CARTESIAN_POINT('',(-98.5,12.335916841433,264.30168497248));
#5849 = CARTESIAN_POINT('',(-98.5,12.31914737393,263.82252992595));
#5850 = CARTESIAN_POINT('',(-98.5,12.284022535037,263.34418061448));
#5851 = CARTESIAN_POINT('',(-98.5,12.22878167818,262.86770773824));
#5852 = CARTESIAN_POINT('',(-98.5,12.151569919402,262.39457799987));
#5853 = CARTESIAN_POINT('',(-98.5,12.002751171473,261.7040843771));
#5854 = CARTESIAN_POINT('',(-98.5,11.94944375268,261.4827272023));
#5855 = CARTESIAN_POINT('',(-98.5,11.890614773704,261.26275640228));
#5856 = CARTESIAN_POINT('',(-98.5,11.826099355102,261.04440253433));
#5857 = CARTESIAN_POINT('',(-98.5,11.755755433029,260.82791710401));
#5858 = CARTESIAN_POINT('',(-98.5,11.533853087251,260.2043725463));
#5859 = CARTESIAN_POINT('',(-98.5,11.366564719456,259.8028789436));
#5860 = CARTESIAN_POINT('',(-98.5,11.176901077526,259.41112260786));
#5861 = CARTESIAN_POINT('',(-98.5,10.964587592334,259.03114134245));
#5862 = CARTESIAN_POINT('',(-98.5,10.730003595624,258.66486021575));
#5863 = CARTESIAN_POINT('',(-98.5,10.26101877435,258.02104661404));
#5864 = CARTESIAN_POINT('',(-98.5,10.032940112326,257.73878257439));
#5865 = CARTESIAN_POINT('',(-98.5,9.790868358792,257.46815802312));
#5866 = CARTESIAN_POINT('',(-98.5,9.535749313384,257.2097991795));
#5867 = CARTESIAN_POINT('',(-98.5,9.268706085305,256.96404542292));
#5868 = CARTESIAN_POINT('',(-98.5,8.990972918756,256.73101121546));
#5869 = ORIENTED_EDGE('',*,*,#5870,.T.);
#5870 = EDGE_CURVE('',#5844,#954,#5871,.T.);
#5871 = LINE('',#5872,#5873);
#5872 = CARTESIAN_POINT('',(-105.,8.990972918756,256.73101121546));
#5873 = VECTOR('',#5874,1.);
#5874 = DIRECTION('',(1.,0.,2.22044604925E-16));
#5875 = ORIENTED_EDGE('',*,*,#951,.F.);
#5876 = ORIENTED_EDGE('',*,*,#5877,.F.);
#5877 = EDGE_CURVE('',#5842,#952,#5878,.T.);
#5878 = LINE('',#5879,#5880);
#5879 = CARTESIAN_POINT('',(-105.,12.335916841433,264.78097930154));
#5880 = VECTOR('',#5881,1.);
#5881 = DIRECTION('',(1.,0.,2.22044604925E-16));
#5882 = SURFACE_OF_LINEAR_EXTRUSION('',#5883,#5887);
#5883 = B_SPLINE_CURVE_WITH_KNOTS('',2,(#5884,#5885,#5886),
  .UNSPECIFIED.,.F.,.F.,(3,3),(0.,1.),.PIECEWISE_BEZIER_KNOTS.);
#5884 = CARTESIAN_POINT('',(-105.,8.990972918756,256.73101121546));
#5885 = CARTESIAN_POINT('',(-105.,12.335916841433,259.53761283851));
#5886 = CARTESIAN_POINT('',(-105.,12.335916841433,264.78097930154));
#5887 = VECTOR('',#5888,1.);
#5888 = DIRECTION('',(-1.,-0.,-2.22044604925E-16));
#5889 = ADVANCED_FACE('',(#5890),#5915,.T.);
#5890 = FACE_BOUND('',#5891,.T.);
#5891 = EDGE_LOOP('',(#5892,#5907,#5908,#5909));
#5892 = ORIENTED_EDGE('',*,*,#5893,.T.);
#5893 = EDGE_CURVE('',#5894,#5842,#5896,.T.);
#5894 = VERTEX_POINT('',#5895);
#5895 = CARTESIAN_POINT('',(-98.5,11.932160116714,268.34366736573));
#5896 = B_SPLINE_CURVE_WITH_KNOTS('',5,(#5897,#5898,#5899,#5900,#5901,
    #5902,#5903,#5904,#5905,#5906),.UNSPECIFIED.,.F.,.F.,(6,4,6),(0.,
    0.492049045496,1.),.UNSPECIFIED.);
#5897 = CARTESIAN_POINT('',(-98.5,11.932160116714,268.34366736573));
#5898 = CARTESIAN_POINT('',(-98.5,12.014536162158,268.00076870502));
#5899 = CARTESIAN_POINT('',(-98.5,12.085839301955,267.65499932952));
#5900 = CARTESIAN_POINT('',(-98.5,12.146267706434,267.30688789659));
#5901 = CARTESIAN_POINT('',(-98.5,12.196128976782,266.95692063831));
#5902 = CARTESIAN_POINT('',(-98.5,12.276719686706,266.24278314995));
#5903 = CARTESIAN_POINT('',(-98.5,12.30677886049,265.87851831628));
#5904 = CARTESIAN_POINT('',(-98.5,12.326358915846,265.51320631183));
#5905 = CARTESIAN_POINT('',(-98.5,12.335916841433,265.14724993944));
#5906 = CARTESIAN_POINT('',(-98.5,12.335916841433,264.78097930154));
#5907 = ORIENTED_EDGE('',*,*,#5877,.T.);
#5908 = ORIENTED_EDGE('',*,*,#1087,.F.);
#5909 = ORIENTED_EDGE('',*,*,#5910,.F.);
#5910 = EDGE_CURVE('',#5894,#1073,#5911,.T.);
#5911 = LINE('',#5912,#5913);
#5912 = CARTESIAN_POINT('',(-105.,11.932160116714,268.34366736573));
#5913 = VECTOR('',#5914,1.);
#5914 = DIRECTION('',(1.,0.,2.22044604925E-16));
#5915 = SURFACE_OF_LINEAR_EXTRUSION('',#5916,#5920);
#5916 = B_SPLINE_CURVE_WITH_KNOTS('',2,(#5917,#5918,#5919),
  .UNSPECIFIED.,.F.,.F.,(3,3),(0.,1.),.PIECEWISE_BEZIER_KNOTS.);
#5917 = CARTESIAN_POINT('',(-105.,12.335916841433,264.78097930154));
#5918 = CARTESIAN_POINT('',(-105.,12.335916841433,266.6629889669));
#5919 = CARTESIAN_POINT('',(-105.,11.932160116714,268.34366736573));
#5920 = VECTOR('',#5921,1.);
#5921 = DIRECTION('',(-1.,-0.,-2.22044604925E-16));
#5922 = ADVANCED_FACE('',(#5923),#5948,.T.);
#5923 = FACE_BOUND('',#5924,.T.);
#5924 = EDGE_LOOP('',(#5925,#5940,#5941,#5942));
#5925 = ORIENTED_EDGE('',*,*,#5926,.T.);
#5926 = EDGE_CURVE('',#5927,#5894,#5929,.T.);
#5927 = VERTEX_POINT('',#5928);
#5928 = CARTESIAN_POINT('',(-98.5,10.857663900793,271.36910732196));
#5929 = B_SPLINE_CURVE_WITH_KNOTS('',5,(#5930,#5931,#5932,#5933,#5934,
    #5935,#5936,#5937,#5938,#5939),.UNSPECIFIED.,.F.,.F.,(6,4,6),(0.,
    0.486003024621,1.),.UNSPECIFIED.);
#5930 = CARTESIAN_POINT('',(-98.5,10.857663900793,271.36910732196));
#5931 = CARTESIAN_POINT('',(-98.5,10.996561016424,271.0910868739));
#5932 = CARTESIAN_POINT('',(-98.5,11.126329167261,270.80797204932));
#5933 = CARTESIAN_POINT('',(-98.5,11.24728869877,270.52042774227));
#5934 = CARTESIAN_POINT('',(-98.5,11.359829233409,270.2290452759));
#5935 = CARTESIAN_POINT('',(-98.5,11.574896780832,269.62260677584));
#5936 = CARTESIAN_POINT('',(-98.5,11.676472121335,269.30715830196));
#5937 = CARTESIAN_POINT('',(-98.5,11.769556940976,268.98854629706));
#5938 = CARTESIAN_POINT('',(-98.5,11.854633785929,268.667255529));
#5939 = CARTESIAN_POINT('',(-98.5,11.932160116714,268.34366736573));
#5940 = ORIENTED_EDGE('',*,*,#5910,.T.);
#5941 = ORIENTED_EDGE('',*,*,#1072,.F.);
#5942 = ORIENTED_EDGE('',*,*,#5943,.F.);
#5943 = EDGE_CURVE('',#5927,#1065,#5944,.T.);
#5944 = LINE('',#5945,#5946);
#5945 = CARTESIAN_POINT('',(-105.,10.857663900793,271.36910732196));
#5946 = VECTOR('',#5947,1.);
#5947 = DIRECTION('',(1.,0.,2.22044604925E-16));
#5948 = SURFACE_OF_LINEAR_EXTRUSION('',#5949,#5953);
#5949 = B_SPLINE_CURVE_WITH_KNOTS('',2,(#5950,#5951,#5952),
  .UNSPECIFIED.,.F.,.F.,(3,3),(0.,1.),.PIECEWISE_BEZIER_KNOTS.);
#5950 = CARTESIAN_POINT('',(-105.,11.932160116714,268.34366736573));
#5951 = CARTESIAN_POINT('',(-105.,11.52949758366,270.02434576456));
#5952 = CARTESIAN_POINT('',(-105.,10.857663900793,271.36910732196));
#5953 = VECTOR('',#5954,1.);
#5954 = DIRECTION('',(-1.,-0.,-2.22044604925E-16));
#5955 = ADVANCED_FACE('',(#5956),#5974,.F.);
#5956 = FACE_BOUND('',#5957,.T.);
#5957 = EDGE_LOOP('',(#5958,#5966,#5967,#5968));
#5958 = ORIENTED_EDGE('',*,*,#5959,.T.);
#5959 = EDGE_CURVE('',#5960,#5927,#5962,.T.);
#5960 = VERTEX_POINT('',#5961);
#5961 = CARTESIAN_POINT('',(-98.5,6.957964803501,269.85693443968));
#5962 = LINE('',#5963,#5964);
#5963 = CARTESIAN_POINT('',(-98.5,-26.43450050704,256.90845322218));
#5964 = VECTOR('',#5965,1.);
#5965 = DIRECTION('',(0.,0.932357709714,0.361537136595));
#5966 = ORIENTED_EDGE('',*,*,#5943,.T.);
#5967 = ORIENTED_EDGE('',*,*,#1064,.F.);
#5968 = ORIENTED_EDGE('',*,*,#5969,.F.);
#5969 = EDGE_CURVE('',#5960,#1050,#5970,.T.);
#5970 = LINE('',#5971,#5972);
#5971 = CARTESIAN_POINT('',(-105.,6.957964803501,269.85693443968));
#5972 = VECTOR('',#5973,1.);
#5973 = DIRECTION('',(1.,0.,2.22044604925E-16));
#5974 = PLANE('',#5975);
#5975 = AXIS2_PLACEMENT_3D('',#5976,#5977,#5978);
#5976 = CARTESIAN_POINT('',(-105.,10.857663900793,271.36910732196));
#5977 = DIRECTION('',(-2.070249993022E-16,-0.361537136595,0.932357709714
    ));
#5978 = DIRECTION('',(-8.027737066096E-17,0.932357709714,0.361537136595)
  );
#5979 = ADVANCED_FACE('',(#5980),#6005,.T.);
#5980 = FACE_BOUND('',#5981,.T.);
#5981 = EDGE_LOOP('',(#5982,#5997,#5998,#5999));
#5982 = ORIENTED_EDGE('',*,*,#5983,.T.);
#5983 = EDGE_CURVE('',#5984,#5960,#5986,.T.);
#5984 = VERTEX_POINT('',#5985);
#5985 = CARTESIAN_POINT('',(-98.5,7.84863681955,267.63791374122));
#5986 = B_SPLINE_CURVE_WITH_KNOTS('',5,(#5987,#5988,#5989,#5990,#5991,
    #5992,#5993,#5994,#5995,#5996),.UNSPECIFIED.,.F.,.F.,(6,4,6),(0.,
    0.568399311432,1.),.UNSPECIFIED.);
#5987 = CARTESIAN_POINT('',(-98.5,7.84863681955,267.63791374122));
#5988 = CARTESIAN_POINT('',(-98.5,7.784244781323,267.90337670341));
#5989 = CARTESIAN_POINT('',(-98.5,7.709337518071,268.16602593598));
#5990 = CARTESIAN_POINT('',(-98.5,7.623798326382,268.42530043301));
#5991 = CARTESIAN_POINT('',(-98.5,7.527658992718,268.68066265082));
#5992 = CARTESIAN_POINT('',(-98.5,7.340246251586,269.12216108419));
#5993 = CARTESIAN_POINT('',(-98.5,7.253368439835,269.31017055652));
#5994 = CARTESIAN_POINT('',(-98.5,7.160593548609,269.49542155539));
#5995 = CARTESIAN_POINT('',(-98.5,7.062062685894,269.6777279586));
#5996 = CARTESIAN_POINT('',(-98.5,6.957964803501,269.85693443968));
#5997 = ORIENTED_EDGE('',*,*,#5969,.T.);
#5998 = ORIENTED_EDGE('',*,*,#1049,.F.);
#5999 = ORIENTED_EDGE('',*,*,#6000,.F.);
#6000 = EDGE_CURVE('',#5984,#1035,#6001,.T.);
#6001 = LINE('',#6002,#6003);
#6002 = CARTESIAN_POINT('',(-105.,7.84863681955,267.63791374122));
#6003 = VECTOR('',#6004,1.);
#6004 = DIRECTION('',(1.,0.,2.22044604925E-16));
#6005 = SURFACE_OF_LINEAR_EXTRUSION('',#6006,#6010);
#6006 = B_SPLINE_CURVE_WITH_KNOTS('',2,(#6007,#6008,#6009),
  .UNSPECIFIED.,.F.,.F.,(3,3),(0.,1.),.PIECEWISE_BEZIER_KNOTS.);
#6007 = CARTESIAN_POINT('',(-105.,6.957964803501,269.85693443968));
#6008 = CARTESIAN_POINT('',(-105.,7.563052794748,268.81526397373));
#6009 = CARTESIAN_POINT('',(-105.,7.84863681955,267.63791374122));
#6010 = VECTOR('',#6011,1.);
#6011 = DIRECTION('',(-1.,-0.,-2.22044604925E-16));
#6012 = ADVANCED_FACE('',(#6013),#6038,.T.);
#6013 = FACE_BOUND('',#6014,.T.);
#6014 = EDGE_LOOP('',(#6015,#6030,#6031,#6032));
#6015 = ORIENTED_EDGE('',*,*,#6016,.T.);
#6016 = EDGE_CURVE('',#6017,#5984,#6019,.T.);
#6017 = VERTEX_POINT('',#6018);
#6018 = CARTESIAN_POINT('',(-98.5,8.134220844351,265.28540165952));
#6019 = B_SPLINE_CURVE_WITH_KNOTS('',5,(#6020,#6021,#6022,#6023,#6024,
    #6025,#6026,#6027,#6028,#6029),.UNSPECIFIED.,.F.,.F.,(6,4,6),(0.,
    0.498929450593,1.),.UNSPECIFIED.);
#6020 = CARTESIAN_POINT('',(-98.5,8.134220844351,265.28540165952));
#6021 = CARTESIAN_POINT('',(-98.5,8.134220844351,265.52208793392));
#6022 = CARTESIAN_POINT('',(-98.5,8.126993535447,265.7587755622));
#6023 = CARTESIAN_POINT('',(-98.5,8.112540086082,265.99521127283));
#6024 = CARTESIAN_POINT('',(-98.5,8.090920282303,266.23115156818));
#6025 = CARTESIAN_POINT('',(-98.5,8.03346174883,266.70258326273));
#6026 = CARTESIAN_POINT('',(-98.5,7.997561730201,266.93807092662));
#6027 = CARTESIAN_POINT('',(-98.5,7.95467055563,267.17259009989));
#6028 = CARTESIAN_POINT('',(-98.5,7.904959743855,267.40593234801));
#6029 = CARTESIAN_POINT('',(-98.5,7.84863681955,267.63791374122));
#6030 = ORIENTED_EDGE('',*,*,#6000,.T.);
#6031 = ORIENTED_EDGE('',*,*,#1034,.F.);
#6032 = ORIENTED_EDGE('',*,*,#6033,.F.);
#6033 = EDGE_CURVE('',#6017,#1008,#6034,.T.);
#6034 = LINE('',#6035,#6036);
#6035 = CARTESIAN_POINT('',(-105.,8.134220844351,265.28540165952));
#6036 = VECTOR('',#6037,1.);
#6037 = DIRECTION('',(1.,0.,2.22044604925E-16));
#6038 = SURFACE_OF_LINEAR_EXTRUSION('',#6039,#6043);
#6039 = B_SPLINE_CURVE_WITH_KNOTS('',2,(#6040,#6041,#6042),
  .UNSPECIFIED.,.F.,.F.,(3,3),(0.,1.),.PIECEWISE_BEZIER_KNOTS.);
#6040 = CARTESIAN_POINT('',(-105.,7.84863681955,267.63791374122));
#6041 = CARTESIAN_POINT('',(-105.,8.134220844351,266.46165770037));
#6042 = CARTESIAN_POINT('',(-105.,8.134220844351,265.28540165952));
#6043 = VECTOR('',#6044,1.);
#6044 = DIRECTION('',(-1.,-0.,-2.22044604925E-16));
#6045 = ADVANCED_FACE('',(#6046),#6085,.T.);
#6046 = FACE_BOUND('',#6047,.T.);
#6047 = EDGE_LOOP('',(#6048,#6075,#6076,#6077));
#6048 = ORIENTED_EDGE('',*,*,#6049,.T.);
#6049 = EDGE_CURVE('',#6050,#6017,#6052,.T.);
#6050 = VERTEX_POINT('',#6051);
#6051 = CARTESIAN_POINT('',(-98.5,6.08,260.51046224078));
#6052 = B_SPLINE_CURVE_WITH_KNOTS('',6,(#6053,#6054,#6055,#6056,#6057,
    #6058,#6059,#6060,#6061,#6062,#6063,#6064,#6065,#6066,#6067,#6068,
    #6069,#6070,#6071,#6072,#6073,#6074),.UNSPECIFIED.,.F.,.F.,(7,5,5,5,
    7),(0.,0.246680176075,0.530356798719,0.680681978767,1.),
  .UNSPECIFIED.);
#6053 = CARTESIAN_POINT('',(-98.5,6.079997457619,260.51046024397));
#6054 = CARTESIAN_POINT('',(-98.5,6.254206924376,260.64728614149));
#6055 = CARTESIAN_POINT('',(-98.5,6.421738414398,260.7925097637));
#6056 = CARTESIAN_POINT('',(-98.5,6.581737125765,260.94610140949));
#6057 = CARTESIAN_POINT('',(-98.5,6.733416789606,261.10787152866));
#6058 = CARTESIAN_POINT('',(-98.5,6.876111595652,261.27742004959));
#6059 = CARTESIAN_POINT('',(-98.5,7.162524104896,261.65724721668));
#6060 = CARTESIAN_POINT('',(-98.5,7.303230063191,261.86988012591));
#6061 = CARTESIAN_POINT('',(-98.5,7.430669952215,262.09097173132));
#6062 = CARTESIAN_POINT('',(-98.5,7.544607327908,262.31935777765));
#6063 = CARTESIAN_POINT('',(-98.5,7.6452074762,262.55379840995));
#6064 = CARTESIAN_POINT('',(-98.5,7.779369101123,262.91983989399));
#6065 = CARTESIAN_POINT('',(-98.5,7.822219480119,263.0479928687));
#6066 = CARTESIAN_POINT('',(-98.5,7.861518667862,263.17734347259));
#6067 = CARTESIAN_POINT('',(-98.5,7.897356276313,263.3077332388));
#6068 = CARTESIAN_POINT('',(-98.5,7.929836245104,263.43901707658));
#6069 = CARTESIAN_POINT('',(-98.5,8.021166379558,263.85156048173));
#6070 = CARTESIAN_POINT('',(-98.5,8.06860689332,264.13547428122));
#6071 = CARTESIAN_POINT('',(-98.5,8.102477802764,264.42162719359));
#6072 = CARTESIAN_POINT('',(-98.5,8.123974439448,264.70907647149));
#6073 = CARTESIAN_POINT('',(-98.5,8.134220844351,264.99713996722));
#6074 = CARTESIAN_POINT('',(-98.5,8.134220844351,265.28540165952));
#6075 = ORIENTED_EDGE('',*,*,#6033,.T.);
#6076 = ORIENTED_EDGE('',*,*,#1007,.F.);
#6077 = ORIENTED_EDGE('',*,*,#6078,.T.);
#6078 = EDGE_CURVE('',#1000,#6050,#6079,.T.);
#6079 = B_SPLINE_CURVE_WITH_KNOTS('',4,(#6080,#6081,#6082,#6083,#6084),
  .UNSPECIFIED.,.F.,.F.,(5,5),(0.,1.),.PIECEWISE_BEZIER_KNOTS.);
#6080 = CARTESIAN_POINT('',(-44.9999994,6.08,260.51046224078));
#6081 = CARTESIAN_POINT('',(-59.9999997,6.08,260.51046224078));
#6082 = CARTESIAN_POINT('',(-75.,6.08,260.51046224078));
#6083 = CARTESIAN_POINT('',(-90.0000003,6.08,260.51046224078));
#6084 = CARTESIAN_POINT('',(-105.0000006,6.08,260.51046224078));
#6085 = SURFACE_OF_LINEAR_EXTRUSION('',#6086,#6090);
#6086 = B_SPLINE_CURVE_WITH_KNOTS('',2,(#6087,#6088,#6089),
  .UNSPECIFIED.,.F.,.F.,(3,3),(0.,1.),.PIECEWISE_BEZIER_KNOTS.);
#6087 = CARTESIAN_POINT('',(-105.,8.134220844351,265.28540165952));
#6088 = CARTESIAN_POINT('',(-105.,8.134220844351,262.02471049512));
#6089 = CARTESIAN_POINT('',(-105.,5.949120087535,260.4107777879));
#6090 = VECTOR('',#6091,1.);
#6091 = DIRECTION('',(-1.,-0.,-2.22044604925E-16));
#6092 = ADVANCED_FACE('',(#6093),#6113,.T.);
#6093 = FACE_BOUND('',#6094,.T.);
#6094 = EDGE_LOOP('',(#6095,#6096,#6097,#6107));
#6095 = ORIENTED_EDGE('',*,*,#6078,.F.);
#6096 = ORIENTED_EDGE('',*,*,#999,.F.);
#6097 = ORIENTED_EDGE('',*,*,#6098,.T.);
#6098 = EDGE_CURVE('',#981,#6099,#6101,.T.);
#6099 = VERTEX_POINT('',#6100);
#6100 = CARTESIAN_POINT('',(-98.5,6.08,255.00399782128));
#6101 = B_SPLINE_CURVE_WITH_KNOTS('',4,(#6102,#6103,#6104,#6105,#6106),
  .UNSPECIFIED.,.F.,.F.,(5,5),(0.,1.),.PIECEWISE_BEZIER_KNOTS.);
#6102 = CARTESIAN_POINT('',(-44.9999994,6.08,255.00399782128));
#6103 = CARTESIAN_POINT('',(-59.9999997,6.08,255.00399782128));
#6104 = CARTESIAN_POINT('',(-75.,6.08,255.00399782128));
#6105 = CARTESIAN_POINT('',(-90.0000003,6.08,255.00399782128));
#6106 = CARTESIAN_POINT('',(-105.0000006,6.08,255.00399782128));
#6107 = ORIENTED_EDGE('',*,*,#6108,.T.);
#6108 = EDGE_CURVE('',#6099,#6050,#6109,.T.);
#6109 = LINE('',#6110,#6111);
#6110 = CARTESIAN_POINT('',(-98.5,6.08,181.46626242363));
#6111 = VECTOR('',#6112,1.);
#6112 = DIRECTION('',(0.,1.224646799147E-16,1.));
#6113 = PLANE('',#6114);
#6114 = AXIS2_PLACEMENT_3D('',#6115,#6116,#6117);
#6115 = CARTESIAN_POINT('',(-43.,6.08,172.93252484726));
#6116 = DIRECTION('',(2.465190328816E-32,1.,-1.224646799147E-16));
#6117 = DIRECTION('',(-1.,6.037974890946E-48,-2.22044604925E-16));
#6118 = ADVANCED_FACE('',(#6119),#6141,.T.);
#6119 = FACE_BOUND('',#6120,.T.);
#6120 = EDGE_LOOP('',(#6121,#6138,#6139,#6140));
#6121 = ORIENTED_EDGE('',*,*,#6122,.T.);
#6122 = EDGE_CURVE('',#5844,#6099,#6123,.T.);
#6123 = B_SPLINE_CURVE_WITH_KNOTS('',4,(#6124,#6125,#6126,#6127,#6128,
    #6129,#6130,#6131,#6132,#6133,#6134,#6135,#6136,#6137),
  .UNSPECIFIED.,.F.,.F.,(5,3,3,3,5),(0.,0.245669833432,0.492869580889,
    0.744157514624,1.),.UNSPECIFIED.);
#6124 = CARTESIAN_POINT('',(-98.5,8.990972918756,256.73101121546));
#6125 = CARTESIAN_POINT('',(-98.5,8.831127218316,256.59684753037));
#6126 = CARTESIAN_POINT('',(-98.5,8.667553417193,256.46711980398));
#6127 = CARTESIAN_POINT('',(-98.5,8.50045618293,256.3419578886));
#6128 = CARTESIAN_POINT('',(-98.5,8.158632383337,256.10013800038));
#6129 = CARTESIAN_POINT('',(-98.5,7.983863833314,255.983537725));
#6130 = CARTESIAN_POINT('',(-98.5,7.80601269674,255.87168412461));
#6131 = CARTESIAN_POINT('',(-98.5,7.441670275677,255.65568465827));
#6132 = CARTESIAN_POINT('',(-98.5,7.255083868828,255.55169710856));
#6133 = CARTESIAN_POINT('',(-98.5,7.065845038623,255.45259920361));
#6134 = CARTESIAN_POINT('',(-98.5,6.67911110592,255.26233269979));
#6135 = CARTESIAN_POINT('',(-98.5,6.481527877651,255.17134089665));
#6136 = CARTESIAN_POINT('',(-98.5,6.281739386511,255.0852699278));
#6137 = CARTESIAN_POINT('',(-98.5,6.079994814993,255.00399573246));
#6138 = ORIENTED_EDGE('',*,*,#6098,.F.);
#6139 = ORIENTED_EDGE('',*,*,#980,.F.);
#6140 = ORIENTED_EDGE('',*,*,#5870,.F.);
#6141 = SURFACE_OF_LINEAR_EXTRUSION('',#6142,#6146);
#6142 = B_SPLINE_CURVE_WITH_KNOTS('',2,(#6143,#6144,#6145),
  .UNSPECIFIED.,.F.,.F.,(3,3),(0.,1.),.PIECEWISE_BEZIER_KNOTS.);
#6143 = CARTESIAN_POINT('',(-105.,-0.269171149813,253.92440959241));
#6144 = CARTESIAN_POINT('',(-105.,5.647123187745,253.92440959241));
#6145 = CARTESIAN_POINT('',(-105.,8.990972918756,256.73101121546));
#6146 = VECTOR('',#6147,1.);
#6147 = DIRECTION('',(-1.,-0.,-2.22044604925E-16));
#6148 = ADVANCED_FACE('',(#6149),#6174,.F.);
#6149 = FACE_BOUND('',#6150,.T.);
#6150 = EDGE_LOOP('',(#6151,#6161,#6167,#6168));
#6151 = ORIENTED_EDGE('',*,*,#6152,.T.);
#6152 = EDGE_CURVE('',#6153,#6155,#6157,.T.);
#6153 = VERTEX_POINT('',#6154);
#6154 = CARTESIAN_POINT('',(-98.5,12.,290.89933436673));
#6155 = VERTEX_POINT('',#6156);
#6156 = CARTESIAN_POINT('',(-98.5,12.,275.77322877724));
#6157 = LINE('',#6158,#6159);
#6158 = CARTESIAN_POINT('',(-98.5,12.,232.88661438862));
#6159 = VECTOR('',#6160,1.);
#6160 = DIRECTION('',(0.,0.,-1.));
#6161 = ORIENTED_EDGE('',*,*,#6162,.T.);
#6162 = EDGE_CURVE('',#6155,#1105,#6163,.T.);
#6163 = LINE('',#6164,#6165);
#6164 = CARTESIAN_POINT('',(-105.,12.,275.77322877724));
#6165 = VECTOR('',#6166,1.);
#6166 = DIRECTION('',(1.,0.,2.22044604925E-16));
#6167 = ORIENTED_EDGE('',*,*,#1102,.F.);
#6168 = ORIENTED_EDGE('',*,*,#6169,.F.);
#6169 = EDGE_CURVE('',#6153,#1103,#6170,.T.);
#6170 = LINE('',#6171,#6172);
#6171 = CARTESIAN_POINT('',(-105.,12.,290.89933436673));
#6172 = VECTOR('',#6173,1.);
#6173 = DIRECTION('',(1.,0.,2.22044604925E-16));
#6174 = PLANE('',#6175);
#6175 = AXIS2_PLACEMENT_3D('',#6176,#6177,#6178);
#6176 = CARTESIAN_POINT('',(-105.,12.,275.77322877724));
#6177 = DIRECTION('',(0.,1.,-0.));
#6178 = DIRECTION('',(2.22044604925E-16,0.,-1.));
#6179 = ADVANCED_FACE('',(#6180),#6198,.F.);
#6180 = FACE_BOUND('',#6181,.T.);
#6181 = EDGE_LOOP('',(#6182,#6190,#6191,#6192));
#6182 = ORIENTED_EDGE('',*,*,#6183,.T.);
#6183 = EDGE_CURVE('',#6184,#6153,#6186,.T.);
#6184 = VERTEX_POINT('',#6185);
#6185 = CARTESIAN_POINT('',(-98.5,7.798304002918,290.89933436673));
#6186 = LINE('',#6187,#6188);
#6187 = CARTESIAN_POINT('',(-98.5,-15.69458128078,290.89933436673));
#6188 = VECTOR('',#6189,1.);
#6189 = DIRECTION('',(0.,1.,0.));
#6190 = ORIENTED_EDGE('',*,*,#6169,.T.);
#6191 = ORIENTED_EDGE('',*,*,#1144,.F.);
#6192 = ORIENTED_EDGE('',*,*,#6193,.F.);
#6193 = EDGE_CURVE('',#6184,#1137,#6194,.T.);
#6194 = LINE('',#6195,#6196);
#6195 = CARTESIAN_POINT('',(-105.,7.798304002918,290.89933436673));
#6196 = VECTOR('',#6197,1.);
#6197 = DIRECTION('',(1.,0.,2.22044604925E-16));
#6198 = PLANE('',#6199);
#6199 = AXIS2_PLACEMENT_3D('',#6200,#6201,#6202);
#6200 = CARTESIAN_POINT('',(-105.,12.,290.89933436673));
#6201 = DIRECTION('',(-2.22044604925E-16,0.,1.));
#6202 = DIRECTION('',(0.,1.,0.));
#6203 = ADVANCED_FACE('',(#6204),#6222,.F.);
#6204 = FACE_BOUND('',#6205,.T.);
#6205 = EDGE_LOOP('',(#6206,#6214,#6215,#6216));
#6206 = ORIENTED_EDGE('',*,*,#6207,.T.);
#6207 = EDGE_CURVE('',#6208,#6184,#6210,.T.);
#6208 = VERTEX_POINT('',#6209);
#6209 = CARTESIAN_POINT('',(-98.5,7.798304002918,280.47825294064));
#6210 = LINE('',#6211,#6212);
#6211 = CARTESIAN_POINT('',(-98.5,7.798304002918,240.44966718336));
#6212 = VECTOR('',#6213,1.);
#6213 = DIRECTION('',(0.,0.,1.));
#6214 = ORIENTED_EDGE('',*,*,#6193,.T.);
#6215 = ORIENTED_EDGE('',*,*,#1136,.F.);
#6216 = ORIENTED_EDGE('',*,*,#6217,.F.);
#6217 = EDGE_CURVE('',#6208,#1129,#6218,.T.);
#6218 = LINE('',#6219,#6220);
#6219 = CARTESIAN_POINT('',(-105.,7.798304002918,280.47825294064));
#6220 = VECTOR('',#6221,1.);
#6221 = DIRECTION('',(1.,0.,2.22044604925E-16));
#6222 = PLANE('',#6223);
#6223 = AXIS2_PLACEMENT_3D('',#6224,#6225,#6226);
#6224 = CARTESIAN_POINT('',(-105.,7.798304002918,290.89933436673));
#6225 = DIRECTION('',(0.,-1.,0.));
#6226 = DIRECTION('',(-2.22044604925E-16,0.,1.));
#6227 = ADVANCED_FACE('',(#6228),#6246,.F.);
#6228 = FACE_BOUND('',#6229,.T.);
#6229 = EDGE_LOOP('',(#6230,#6238,#6239,#6240));
#6230 = ORIENTED_EDGE('',*,*,#6231,.T.);
#6231 = EDGE_CURVE('',#6232,#6208,#6234,.T.);
#6232 = VERTEX_POINT('',#6233);
#6233 = CARTESIAN_POINT('',(-98.5,6.08,280.47825294064));
#6234 = LINE('',#6235,#6236);
#6235 = CARTESIAN_POINT('',(-98.5,-17.79542927932,280.47825294064));
#6236 = VECTOR('',#6237,1.);
#6237 = DIRECTION('',(0.,1.,0.));
#6238 = ORIENTED_EDGE('',*,*,#6217,.T.);
#6239 = ORIENTED_EDGE('',*,*,#1128,.F.);
#6240 = ORIENTED_EDGE('',*,*,#6241,.F.);
#6241 = EDGE_CURVE('',#6232,#1121,#6242,.T.);
#6242 = LINE('',#6243,#6244);
#6243 = CARTESIAN_POINT('',(-74.,6.08,280.47825294064));
#6244 = VECTOR('',#6245,1.);
#6245 = DIRECTION('',(1.,2.540718180781E-33,2.22044604925E-16));
#6246 = PLANE('',#6247);
#6247 = AXIS2_PLACEMENT_3D('',#6248,#6249,#6250);
#6248 = CARTESIAN_POINT('',(-105.,7.798304002918,280.47825294064));
#6249 = DIRECTION('',(-2.22044604925E-16,0.,1.));
#6250 = DIRECTION('',(0.,1.,0.));
#6251 = ADVANCED_FACE('',(#6252),#6270,.T.);
#6252 = FACE_BOUND('',#6253,.T.);
#6253 = EDGE_LOOP('',(#6254,#6255,#6256,#6264));
#6254 = ORIENTED_EDGE('',*,*,#6241,.T.);
#6255 = ORIENTED_EDGE('',*,*,#1120,.F.);
#6256 = ORIENTED_EDGE('',*,*,#6257,.T.);
#6257 = EDGE_CURVE('',#1113,#6258,#6260,.T.);
#6258 = VERTEX_POINT('',#6259);
#6259 = CARTESIAN_POINT('',(-98.5,6.08,275.77322877724));
#6260 = LINE('',#6261,#6262);
#6261 = CARTESIAN_POINT('',(-74.,6.08,275.77322877724));
#6262 = VECTOR('',#6263,1.);
#6263 = DIRECTION('',(-1.,-2.540718180781E-33,-2.22044604925E-16));
#6264 = ORIENTED_EDGE('',*,*,#6265,.T.);
#6265 = EDGE_CURVE('',#6258,#6232,#6266,.T.);
#6266 = LINE('',#6267,#6268);
#6267 = CARTESIAN_POINT('',(-98.5,6.08,181.46626242363));
#6268 = VECTOR('',#6269,1.);
#6269 = DIRECTION('',(0.,1.224646799147E-16,1.));
#6270 = PLANE('',#6271);
#6271 = AXIS2_PLACEMENT_3D('',#6272,#6273,#6274);
#6272 = CARTESIAN_POINT('',(-43.,6.08,172.93252484726));
#6273 = DIRECTION('',(2.465190328816E-32,1.,-1.224646799147E-16));
#6274 = DIRECTION('',(-1.,6.037974890946E-48,-2.22044604925E-16));
#6275 = ADVANCED_FACE('',(#6276),#6287,.F.);
#6276 = FACE_BOUND('',#6277,.T.);
#6277 = EDGE_LOOP('',(#6278,#6284,#6285,#6286));
#6278 = ORIENTED_EDGE('',*,*,#6279,.T.);
#6279 = EDGE_CURVE('',#6155,#6258,#6280,.T.);
#6280 = LINE('',#6281,#6282);
#6281 = CARTESIAN_POINT('',(-98.5,-27.69458128078,275.77322877724));
#6282 = VECTOR('',#6283,1.);
#6283 = DIRECTION('',(0.,-1.,0.));
#6284 = ORIENTED_EDGE('',*,*,#6257,.F.);
#6285 = ORIENTED_EDGE('',*,*,#1112,.F.);
#6286 = ORIENTED_EDGE('',*,*,#6162,.F.);
#6287 = PLANE('',#6288);
#6288 = AXIS2_PLACEMENT_3D('',#6289,#6290,#6291);
#6289 = CARTESIAN_POINT('',(-105.,-12.,275.77322877724));
#6290 = DIRECTION('',(2.22044604925E-16,0.,-1.));
#6291 = DIRECTION('',(0.,-1.,0.));
#6292 = ADVANCED_FACE('',(#6293),#6357,.F.);
#6293 = FACE_BOUND('',#6294,.T.);
#6294 = EDGE_LOOP('',(#6295,#6305,#6311,#6312,#6320,#6328,#6336,#6344,
    #6350,#6351));
#6295 = ORIENTED_EDGE('',*,*,#6296,.T.);
#6296 = EDGE_CURVE('',#6297,#6299,#6301,.T.);
#6297 = VERTEX_POINT('',#6298);
#6298 = CARTESIAN_POINT('',(-98.5,12.,296.));
#6299 = VERTEX_POINT('',#6300);
#6300 = CARTESIAN_POINT('',(-98.5,12.,295.94136956323));
#6301 = LINE('',#6302,#6303);
#6302 = CARTESIAN_POINT('',(-98.5,12.,242.97068478161));
#6303 = VECTOR('',#6304,1.);
#6304 = DIRECTION('',(0.,0.,-1.));
#6305 = ORIENTED_EDGE('',*,*,#6306,.T.);
#6306 = EDGE_CURVE('',#6299,#1155,#6307,.T.);
#6307 = LINE('',#6308,#6309);
#6308 = CARTESIAN_POINT('',(-105.,12.,295.94136956323));
#6309 = VECTOR('',#6310,1.);
#6310 = DIRECTION('',(1.,0.,2.22044604925E-16));
#6311 = ORIENTED_EDGE('',*,*,#1152,.F.);
#6312 = ORIENTED_EDGE('',*,*,#6313,.F.);
#6313 = EDGE_CURVE('',#6314,#1153,#6316,.T.);
#6314 = VERTEX_POINT('',#6315);
#6315 = CARTESIAN_POINT('',(-72.75,12.,311.06747515273));
#6316 = LINE('',#6317,#6318);
#6317 = CARTESIAN_POINT('',(-105.,12.,311.06747515273));
#6318 = VECTOR('',#6319,1.);
#6319 = DIRECTION('',(1.,0.,2.22044604925E-16));
#6320 = ORIENTED_EDGE('',*,*,#6321,.T.);
#6321 = EDGE_CURVE('',#6314,#6322,#6324,.T.);
#6322 = VERTEX_POINT('',#6323);
#6323 = CARTESIAN_POINT('',(-72.75,12.,304.75));
#6324 = LINE('',#6325,#6326);
#6325 = CARTESIAN_POINT('',(-72.75,12.,300.34568478161));
#6326 = VECTOR('',#6327,1.);
#6327 = DIRECTION('',(0.,0.,-1.));
#6328 = ORIENTED_EDGE('',*,*,#6329,.T.);
#6329 = EDGE_CURVE('',#6322,#6330,#6332,.T.);
#6330 = VERTEX_POINT('',#6331);
#6331 = CARTESIAN_POINT('',(-87.25,12.,304.75));
#6332 = LINE('',#6333,#6334);
#6333 = CARTESIAN_POINT('',(-88.875,12.,304.75));
#6334 = VECTOR('',#6335,1.);
#6335 = DIRECTION('',(-1.,0.,0.));
#6336 = ORIENTED_EDGE('',*,*,#6337,.F.);
#6337 = EDGE_CURVE('',#6338,#6330,#6340,.T.);
#6338 = VERTEX_POINT('',#6339);
#6339 = CARTESIAN_POINT('',(-87.25,12.,311.06747515273));
#6340 = LINE('',#6341,#6342);
#6341 = CARTESIAN_POINT('',(-87.25,12.,300.34568478161));
#6342 = VECTOR('',#6343,1.);
#6343 = DIRECTION('',(0.,0.,-1.));
#6344 = ORIENTED_EDGE('',*,*,#6345,.F.);
#6345 = EDGE_CURVE('',#3531,#6338,#6346,.T.);
#6346 = LINE('',#6347,#6348);
#6347 = CARTESIAN_POINT('',(-105.,12.,311.06747515273));
#6348 = VECTOR('',#6349,1.);
#6349 = DIRECTION('',(1.,0.,2.22044604925E-16));
#6350 = ORIENTED_EDGE('',*,*,#3538,.T.);
#6351 = ORIENTED_EDGE('',*,*,#6352,.F.);
#6352 = EDGE_CURVE('',#6297,#3539,#6353,.T.);
#6353 = LINE('',#6354,#6355);
#6354 = CARTESIAN_POINT('',(-101.75,12.,296.));
#6355 = VECTOR('',#6356,1.);
#6356 = DIRECTION('',(-1.,0.,0.));
#6357 = PLANE('',#6358);
#6358 = AXIS2_PLACEMENT_3D('',#6359,#6360,#6361);
#6359 = CARTESIAN_POINT('',(-105.,12.,295.94136956323));
#6360 = DIRECTION('',(0.,1.,-0.));
#6361 = DIRECTION('',(2.22044604925E-16,0.,-1.));
#6362 = ADVANCED_FACE('',(#6363),#6381,.F.);
#6363 = FACE_BOUND('',#6364,.T.);
#6364 = EDGE_LOOP('',(#6365,#6373,#6374,#6375));
#6365 = ORIENTED_EDGE('',*,*,#6366,.T.);
#6366 = EDGE_CURVE('',#6367,#6314,#6369,.T.);
#6367 = VERTEX_POINT('',#6368);
#6368 = CARTESIAN_POINT('',(-72.75,7.798304002918,311.06747515273));
#6369 = LINE('',#6370,#6371);
#6370 = CARTESIAN_POINT('',(-72.75,-14.89839901477,311.06747515273));
#6371 = VECTOR('',#6372,1.);
#6372 = DIRECTION('',(0.,1.,0.));
#6373 = ORIENTED_EDGE('',*,*,#6313,.T.);
#6374 = ORIENTED_EDGE('',*,*,#1194,.F.);
#6375 = ORIENTED_EDGE('',*,*,#6376,.F.);
#6376 = EDGE_CURVE('',#6367,#1187,#6377,.T.);
#6377 = LINE('',#6378,#6379);
#6378 = CARTESIAN_POINT('',(-105.,7.798304002918,311.06747515273));
#6379 = VECTOR('',#6380,1.);
#6380 = DIRECTION('',(1.,0.,2.22044604925E-16));
#6381 = PLANE('',#6382);
#6382 = AXIS2_PLACEMENT_3D('',#6383,#6384,#6385);
#6383 = CARTESIAN_POINT('',(-105.,12.,311.06747515273));
#6384 = DIRECTION('',(-2.22044604925E-16,0.,1.));
#6385 = DIRECTION('',(0.,1.,0.));
#6386 = ADVANCED_FACE('',(#6387),#6428,.F.);
#6387 = FACE_BOUND('',#6388,.T.);
#6388 = EDGE_LOOP('',(#6389,#6390,#6398,#6406,#6414,#6420,#6421,#6422));
#6389 = ORIENTED_EDGE('',*,*,#3522,.T.);
#6390 = ORIENTED_EDGE('',*,*,#6391,.T.);
#6391 = EDGE_CURVE('',#3523,#6392,#6394,.T.);
#6392 = VERTEX_POINT('',#6393);
#6393 = CARTESIAN_POINT('',(-87.25,7.798304002918,311.06747515273));
#6394 = LINE('',#6395,#6396);
#6395 = CARTESIAN_POINT('',(-105.,7.798304002918,311.06747515273));
#6396 = VECTOR('',#6397,1.);
#6397 = DIRECTION('',(1.,0.,2.22044604925E-16));
#6398 = ORIENTED_EDGE('',*,*,#6399,.F.);
#6399 = EDGE_CURVE('',#6400,#6392,#6402,.T.);
#6400 = VERTEX_POINT('',#6401);
#6401 = CARTESIAN_POINT('',(-87.25,7.798304002918,304.75));
#6402 = LINE('',#6403,#6404);
#6403 = CARTESIAN_POINT('',(-87.25,7.798304002918,307.90873757636));
#6404 = VECTOR('',#6405,1.);
#6405 = DIRECTION('',(0.,0.,1.));
#6406 = ORIENTED_EDGE('',*,*,#6407,.T.);
#6407 = EDGE_CURVE('',#6400,#6408,#6410,.T.);
#6408 = VERTEX_POINT('',#6409);
#6409 = CARTESIAN_POINT('',(-72.75,7.798304002918,304.75));
#6410 = LINE('',#6411,#6412);
#6411 = CARTESIAN_POINT('',(-88.875,7.798304002918,304.75));
#6412 = VECTOR('',#6413,1.);
#6413 = DIRECTION('',(1.,0.,0.));
#6414 = ORIENTED_EDGE('',*,*,#6415,.T.);
#6415 = EDGE_CURVE('',#6408,#6367,#6416,.T.);
#6416 = LINE('',#6417,#6418);
#6417 = CARTESIAN_POINT('',(-72.75,7.798304002918,307.90873757636));
#6418 = VECTOR('',#6419,1.);
#6419 = DIRECTION('',(0.,0.,1.));
#6420 = ORIENTED_EDGE('',*,*,#6376,.T.);
#6421 = ORIENTED_EDGE('',*,*,#1186,.F.);
#6422 = ORIENTED_EDGE('',*,*,#6423,.F.);
#6423 = EDGE_CURVE('',#3515,#1179,#6424,.T.);
#6424 = LINE('',#6425,#6426);
#6425 = CARTESIAN_POINT('',(-105.,7.798304002918,300.64639372663));
#6426 = VECTOR('',#6427,1.);
#6427 = DIRECTION('',(1.,0.,2.22044604925E-16));
#6428 = PLANE('',#6429);
#6429 = AXIS2_PLACEMENT_3D('',#6430,#6431,#6432);
#6430 = CARTESIAN_POINT('',(-105.,7.798304002918,311.06747515273));
#6431 = DIRECTION('',(0.,-1.,0.));
#6432 = DIRECTION('',(-2.22044604925E-16,0.,1.));
#6433 = ADVANCED_FACE('',(#6434),#6445,.F.);
#6434 = FACE_BOUND('',#6435,.T.);
#6435 = EDGE_LOOP('',(#6436,#6437,#6438,#6439));
#6436 = ORIENTED_EDGE('',*,*,#3514,.T.);
#6437 = ORIENTED_EDGE('',*,*,#6423,.T.);
#6438 = ORIENTED_EDGE('',*,*,#1178,.F.);
#6439 = ORIENTED_EDGE('',*,*,#6440,.F.);
#6440 = EDGE_CURVE('',#3507,#1171,#6441,.T.);
#6441 = LINE('',#6442,#6443);
#6442 = CARTESIAN_POINT('',(-74.,6.08,300.64639372663));
#6443 = VECTOR('',#6444,1.);
#6444 = DIRECTION('',(1.,2.540718180781E-33,2.22044604925E-16));
#6445 = PLANE('',#6446);
#6446 = AXIS2_PLACEMENT_3D('',#6447,#6448,#6449);
#6447 = CARTESIAN_POINT('',(-105.,7.798304002918,300.64639372663));
#6448 = DIRECTION('',(-2.22044604925E-16,0.,1.));
#6449 = DIRECTION('',(0.,1.,0.));
#6450 = ADVANCED_FACE('',(#6451),#6478,.T.);
#6451 = FACE_BOUND('',#6452,.T.);
#6452 = EDGE_LOOP('',(#6453,#6454,#6455,#6463,#6471,#6477));
#6453 = ORIENTED_EDGE('',*,*,#6440,.T.);
#6454 = ORIENTED_EDGE('',*,*,#1170,.F.);
#6455 = ORIENTED_EDGE('',*,*,#6456,.T.);
#6456 = EDGE_CURVE('',#1163,#6457,#6459,.T.);
#6457 = VERTEX_POINT('',#6458);
#6458 = CARTESIAN_POINT('',(-98.5,6.08,295.94136956323));
#6459 = LINE('',#6460,#6461);
#6460 = CARTESIAN_POINT('',(-74.,6.08,295.94136956323));
#6461 = VECTOR('',#6462,1.);
#6462 = DIRECTION('',(-1.,-2.540718180781E-33,-2.22044604925E-16));
#6463 = ORIENTED_EDGE('',*,*,#6464,.T.);
#6464 = EDGE_CURVE('',#6457,#6465,#6467,.T.);
#6465 = VERTEX_POINT('',#6466);
#6466 = CARTESIAN_POINT('',(-98.5,6.08,296.));
#6467 = LINE('',#6468,#6469);
#6468 = CARTESIAN_POINT('',(-98.5,6.08,181.46626242363));
#6469 = VECTOR('',#6470,1.);
#6470 = DIRECTION('',(0.,1.224646799147E-16,1.));
#6471 = ORIENTED_EDGE('',*,*,#6472,.F.);
#6472 = EDGE_CURVE('',#3499,#6465,#6473,.T.);
#6473 = LINE('',#6474,#6475);
#6474 = CARTESIAN_POINT('',(-70.75,6.08,296.));
#6475 = VECTOR('',#6476,1.);
#6476 = DIRECTION('',(1.,-2.465190328816E-32,0.));
#6477 = ORIENTED_EDGE('',*,*,#3506,.T.);
#6478 = PLANE('',#6479);
#6479 = AXIS2_PLACEMENT_3D('',#6480,#6481,#6482);
#6480 = CARTESIAN_POINT('',(-43.,6.08,172.93252484726));
#6481 = DIRECTION('',(2.465190328816E-32,1.,-1.224646799147E-16));
#6482 = DIRECTION('',(-1.,6.037974890946E-48,-2.22044604925E-16));
#6483 = ADVANCED_FACE('',(#6484),#6495,.F.);
#6484 = FACE_BOUND('',#6485,.T.);
#6485 = EDGE_LOOP('',(#6486,#6492,#6493,#6494));
#6486 = ORIENTED_EDGE('',*,*,#6487,.T.);
#6487 = EDGE_CURVE('',#6299,#6457,#6488,.T.);
#6488 = LINE('',#6489,#6490);
#6489 = CARTESIAN_POINT('',(-98.5,-27.69458128078,295.94136956323));
#6490 = VECTOR('',#6491,1.);
#6491 = DIRECTION('',(0.,-1.,0.));
#6492 = ORIENTED_EDGE('',*,*,#6456,.F.);
#6493 = ORIENTED_EDGE('',*,*,#1162,.F.);
#6494 = ORIENTED_EDGE('',*,*,#6306,.F.);
#6495 = PLANE('',#6496);
#6496 = AXIS2_PLACEMENT_3D('',#6497,#6498,#6499);
#6497 = CARTESIAN_POINT('',(-105.,-12.,295.94136956323));
#6498 = DIRECTION('',(2.22044604925E-16,0.,-1.));
#6499 = DIRECTION('',(0.,-1.,0.));
#6500 = ADVANCED_FACE('',(#6501),#6517,.F.);
#6501 = FACE_BOUND('',#6502,.F.);
#6502 = EDGE_LOOP('',(#6503,#6509,#6510,#6516));
#6503 = ORIENTED_EDGE('',*,*,#6504,.T.);
#6504 = EDGE_CURVE('',#3281,#1205,#6505,.T.);
#6505 = LINE('',#6506,#6507);
#6506 = CARTESIAN_POINT('',(-74.,4.48,179.63754901066));
#6507 = VECTOR('',#6508,1.);
#6508 = DIRECTION('',(1.,2.540718180781E-33,2.22044604925E-16));
#6509 = ORIENTED_EDGE('',*,*,#1202,.F.);
#6510 = ORIENTED_EDGE('',*,*,#6511,.T.);
#6511 = EDGE_CURVE('',#1203,#3289,#6512,.T.);
#6512 = LINE('',#6513,#6514);
#6513 = CARTESIAN_POINT('',(-74.,4.48,174.93252484726));
#6514 = VECTOR('',#6515,1.);
#6515 = DIRECTION('',(-1.,-2.540718180781E-33,-2.22044604925E-16));
#6516 = ORIENTED_EDGE('',*,*,#3288,.T.);
#6517 = PLANE('',#6518);
#6518 = AXIS2_PLACEMENT_3D('',#6519,#6520,#6521);
#6519 = CARTESIAN_POINT('',(-43.,4.48,172.93252484726));
#6520 = DIRECTION('',(2.465190328816E-32,1.,-1.224646799147E-16));
#6521 = DIRECTION('',(-1.,6.037974890946E-48,-2.22044604925E-16));
#6522 = ADVANCED_FACE('',(#6523),#6534,.F.);
#6523 = FACE_BOUND('',#6524,.T.);
#6524 = EDGE_LOOP('',(#6525,#6526,#6527,#6528));
#6525 = ORIENTED_EDGE('',*,*,#3280,.T.);
#6526 = ORIENTED_EDGE('',*,*,#6504,.T.);
#6527 = ORIENTED_EDGE('',*,*,#1385,.F.);
#6528 = ORIENTED_EDGE('',*,*,#6529,.F.);
#6529 = EDGE_CURVE('',#3273,#1378,#6530,.T.);
#6530 = LINE('',#6531,#6532);
#6531 = CARTESIAN_POINT('',(-105.,0.671833682867,179.63754901066));
#6532 = VECTOR('',#6533,1.);
#6533 = DIRECTION('',(1.,0.,2.22044604925E-16));
#6534 = PLANE('',#6535);
#6535 = AXIS2_PLACEMENT_3D('',#6536,#6537,#6538);
#6536 = CARTESIAN_POINT('',(-105.,7.866143886204,179.63754901066));
#6537 = DIRECTION('',(-2.22044604925E-16,0.,1.));
#6538 = DIRECTION('',(0.,1.,0.));
#6539 = ADVANCED_FACE('',(#6540),#6551,.F.);
#6540 = FACE_BOUND('',#6541,.T.);
#6541 = EDGE_LOOP('',(#6542,#6543,#6544,#6545));
#6542 = ORIENTED_EDGE('',*,*,#3272,.T.);
#6543 = ORIENTED_EDGE('',*,*,#6529,.T.);
#6544 = ORIENTED_EDGE('',*,*,#1377,.F.);
#6545 = ORIENTED_EDGE('',*,*,#6546,.F.);
#6546 = EDGE_CURVE('',#3250,#1355,#6547,.T.);
#6547 = LINE('',#6548,#6549);
#6548 = CARTESIAN_POINT('',(-105.,0.671833682867,182.09182091729));
#6549 = VECTOR('',#6550,1.);
#6550 = DIRECTION('',(1.,0.,2.22044604925E-16));
#6551 = PLANE('',#6552);
#6552 = AXIS2_PLACEMENT_3D('',#6553,#6554,#6555);
#6553 = CARTESIAN_POINT('',(-105.,0.671833682867,179.63754901066));
#6554 = DIRECTION('',(0.,1.,-0.));
#6555 = DIRECTION('',(2.22044604925E-16,0.,-1.));
#6556 = ADVANCED_FACE('',(#6557),#6568,.T.);
#6557 = FACE_BOUND('',#6558,.T.);
#6558 = EDGE_LOOP('',(#6559,#6560,#6561,#6562));
#6559 = ORIENTED_EDGE('',*,*,#3249,.T.);
#6560 = ORIENTED_EDGE('',*,*,#6546,.T.);
#6561 = ORIENTED_EDGE('',*,*,#1354,.F.);
#6562 = ORIENTED_EDGE('',*,*,#6563,.F.);
#6563 = EDGE_CURVE('',#3223,#1328,#6564,.T.);
#6564 = LINE('',#6565,#6566);
#6565 = CARTESIAN_POINT('',(-105.,1.629251390535,185.2015136318));
#6566 = VECTOR('',#6567,1.);
#6567 = DIRECTION('',(1.,0.,2.22044604925E-16));
#6568 = SURFACE_OF_LINEAR_EXTRUSION('',#6569,#6573);
#6569 = B_SPLINE_CURVE_WITH_KNOTS('',2,(#6570,#6571,#6572),
  .UNSPECIFIED.,.F.,.F.,(3,3),(0.,1.),.PIECEWISE_BEZIER_KNOTS.);
#6570 = CARTESIAN_POINT('',(-105.,0.671833682867,182.09182091729));
#6571 = CARTESIAN_POINT('',(-105.,0.671833682867,184.17625604085));
#6572 = CARTESIAN_POINT('',(-105.,1.629251390535,185.2015136318));
#6573 = VECTOR('',#6574,1.);
#6574 = DIRECTION('',(-1.,-0.,-2.22044604925E-16));
#6575 = ADVANCED_FACE('',(#6576),#6587,.T.);
#6576 = FACE_BOUND('',#6577,.T.);
#6577 = EDGE_LOOP('',(#6578,#6579,#6580,#6581));
#6578 = ORIENTED_EDGE('',*,*,#3222,.T.);
#6579 = ORIENTED_EDGE('',*,*,#6563,.T.);
#6580 = ORIENTED_EDGE('',*,*,#1327,.F.);
#6581 = ORIENTED_EDGE('',*,*,#6582,.F.);
#6582 = EDGE_CURVE('',#3213,#1318,#6583,.T.);
#6583 = LINE('',#6584,#6585);
#6584 = CARTESIAN_POINT('',(-105.,4.336281571989,186.22677122275));
#6585 = VECTOR('',#6586,1.);
#6586 = DIRECTION('',(1.,0.,2.22044604925E-16));
#6587 = SURFACE_OF_LINEAR_EXTRUSION('',#6588,#6592);
#6588 = B_SPLINE_CURVE_WITH_KNOTS('',2,(#6589,#6590,#6591),
  .UNSPECIFIED.,.F.,.F.,(3,3),(0.,1.),.PIECEWISE_BEZIER_KNOTS.);
#6589 = CARTESIAN_POINT('',(-105.,1.629251390535,185.2015136318));
#6590 = CARTESIAN_POINT('',(-105.,2.58776328987,186.22677122275));
#6591 = CARTESIAN_POINT('',(-105.,4.336281571989,186.22677122275));
#6592 = VECTOR('',#6593,1.);
#6593 = DIRECTION('',(-1.,-0.,-2.22044604925E-16));
#6594 = ADVANCED_FACE('',(#6595),#6608,.T.);
#6595 = FACE_BOUND('',#6596,.T.);
#6596 = EDGE_LOOP('',(#6597,#6598,#6599,#6600));
#6597 = ORIENTED_EDGE('',*,*,#3212,.T.);
#6598 = ORIENTED_EDGE('',*,*,#6582,.T.);
#6599 = ORIENTED_EDGE('',*,*,#1317,.F.);
#6600 = ORIENTED_EDGE('',*,*,#6601,.T.);
#6601 = EDGE_CURVE('',#1310,#3205,#6602,.T.);
#6602 = B_SPLINE_CURVE_WITH_KNOTS('',4,(#6603,#6604,#6605,#6606,#6607),
  .UNSPECIFIED.,.F.,.F.,(5,5),(0.,1.),.PIECEWISE_BEZIER_KNOTS.);
#6603 = CARTESIAN_POINT('',(-44.9999994,4.48,186.22537490031));
#6604 = CARTESIAN_POINT('',(-59.9999997,4.48,186.22537490031));
#6605 = CARTESIAN_POINT('',(-75.,4.48,186.22537490031));
#6606 = CARTESIAN_POINT('',(-90.0000003,4.48,186.22537490031));
#6607 = CARTESIAN_POINT('',(-105.0000006,4.48,186.22537490031));
#6608 = SURFACE_OF_LINEAR_EXTRUSION('',#6609,#6613);
#6609 = B_SPLINE_CURVE_WITH_KNOTS('',2,(#6610,#6611,#6612),
  .UNSPECIFIED.,.F.,.F.,(3,3),(0.,1.),.PIECEWISE_BEZIER_KNOTS.);
#6610 = CARTESIAN_POINT('',(-105.,4.336281571989,186.22677122275));
#6611 = CARTESIAN_POINT('',(-105.,6.117625604085,186.22677122275));
#6612 = CARTESIAN_POINT('',(-105.,6.991884745145,185.38643202334));
#6613 = VECTOR('',#6614,1.);
#6614 = DIRECTION('',(-1.,-0.,-2.22044604925E-16));
#6615 = ADVANCED_FACE('',(#6616),#6645,.F.);
#6616 = FACE_BOUND('',#6617,.F.);
#6617 = EDGE_LOOP('',(#6618,#6628,#6629,#6630,#6631,#6639));
#6618 = ORIENTED_EDGE('',*,*,#6619,.F.);
#6619 = EDGE_CURVE('',#1287,#6620,#6622,.T.);
#6620 = VERTEX_POINT('',#6621);
#6621 = CARTESIAN_POINT('',(-98.5,4.48,191.06625559398));
#6622 = B_SPLINE_CURVE_WITH_KNOTS('',4,(#6623,#6624,#6625,#6626,#6627),
  .UNSPECIFIED.,.F.,.F.,(5,5),(0.,1.),.PIECEWISE_BEZIER_KNOTS.);
#6623 = CARTESIAN_POINT('',(-44.9999994,4.48,191.06625559398));
#6624 = CARTESIAN_POINT('',(-59.9999997,4.48,191.06625559398));
#6625 = CARTESIAN_POINT('',(-75.,4.48,191.06625559398));
#6626 = CARTESIAN_POINT('',(-90.0000003,4.48,191.06625559398));
#6627 = CARTESIAN_POINT('',(-105.0000006,4.48,191.06625559398));
#6628 = ORIENTED_EDGE('',*,*,#1309,.F.);
#6629 = ORIENTED_EDGE('',*,*,#6601,.T.);
#6630 = ORIENTED_EDGE('',*,*,#3204,.T.);
#6631 = ORIENTED_EDGE('',*,*,#6632,.T.);
#6632 = EDGE_CURVE('',#3197,#6633,#6635,.T.);
#6633 = VERTEX_POINT('',#6634);
#6634 = CARTESIAN_POINT('',(-98.5,4.48,190.));
#6635 = LINE('',#6636,#6637);
#6636 = CARTESIAN_POINT('',(-70.75,4.48,190.));
#6637 = VECTOR('',#6638,1.);
#6638 = DIRECTION('',(1.,-2.465190328816E-32,0.));
#6639 = ORIENTED_EDGE('',*,*,#6640,.T.);
#6640 = EDGE_CURVE('',#6633,#6620,#6641,.T.);
#6641 = LINE('',#6642,#6643);
#6642 = CARTESIAN_POINT('',(-98.5,4.48,181.46626242363));
#6643 = VECTOR('',#6644,1.);
#6644 = DIRECTION('',(0.,1.224646799147E-16,1.));
#6645 = PLANE('',#6646);
#6646 = AXIS2_PLACEMENT_3D('',#6647,#6648,#6649);
#6647 = CARTESIAN_POINT('',(-43.,4.48,172.93252484726));
#6648 = DIRECTION('',(2.465190328816E-32,1.,-1.224646799147E-16));
#6649 = DIRECTION('',(-1.,6.037974890946E-48,-2.22044604925E-16));
#6650 = ADVANCED_FACE('',(#6651),#6684,.T.);
#6651 = FACE_BOUND('',#6652,.T.);
#6652 = EDGE_LOOP('',(#6653,#6676,#6677,#6678));
#6653 = ORIENTED_EDGE('',*,*,#6654,.T.);
#6654 = EDGE_CURVE('',#6655,#6620,#6657,.T.);
#6655 = VERTEX_POINT('',#6656);
#6656 = CARTESIAN_POINT('',(-98.5,0.352329716422,190.20853469499));
#6657 = B_SPLINE_CURVE_WITH_KNOTS('',5,(#6658,#6659,#6660,#6661,#6662,
    #6663,#6664,#6665,#6666,#6667,#6668,#6669,#6670,#6671,#6672,#6673,
    #6674,#6675),.UNSPECIFIED.,.F.,.F.,(6,4,4,4,6),(0.,0.2362877858,
    0.479428702014,0.733457452646,1.),.UNSPECIFIED.);
#6658 = CARTESIAN_POINT('',(-98.5,0.352329716422,190.20853469499));
#6659 = CARTESIAN_POINT('',(-98.5,0.532883619471,190.29463825946));
#6660 = CARTESIAN_POINT('',(-98.5,0.716276828043,190.37492999654));
#6661 = CARTESIAN_POINT('',(-98.5,0.902214846628,190.44940618137));
#6662 = CARTESIAN_POINT('',(-98.5,1.090404684048,190.51813308009));
#6663 = CARTESIAN_POINT('',(-98.5,1.476241746429,190.64613946126));
#6664 = CARTESIAN_POINT('',(-98.5,1.674006454914,190.70508760058));
#6665 = CARTESIAN_POINT('',(-98.5,1.873556435042,190.75818746553));
#6666 = CARTESIAN_POINT('',(-98.5,2.074612723344,190.80561280547));
#6667 = CARTESIAN_POINT('',(-98.5,2.488305528474,190.89138555679));
#6668 = CARTESIAN_POINT('',(-98.5,2.701057321544,190.92923133257));
#6669 = CARTESIAN_POINT('',(-98.5,2.91490623661,190.96132226528));
#6670 = CARTESIAN_POINT('',(-98.5,3.129611710927,190.98790938963));
#6671 = CARTESIAN_POINT('',(-98.5,3.570948597088,191.03163083071));
#6672 = CARTESIAN_POINT('',(-98.5,3.797645061447,191.0482348436));
#6673 = CARTESIAN_POINT('',(-98.5,4.024837312911,191.05934840545));
#6674 = CARTESIAN_POINT('',(-98.5,4.252338283877,191.0652633684));
#6675 = CARTESIAN_POINT('',(-98.5,4.480002855195,191.06625560642));
#6676 = ORIENTED_EDGE('',*,*,#6619,.F.);
#6677 = ORIENTED_EDGE('',*,*,#1286,.F.);
#6678 = ORIENTED_EDGE('',*,*,#6679,.F.);
#6679 = EDGE_CURVE('',#6655,#1268,#6680,.T.);
#6680 = LINE('',#6681,#6682);
#6681 = CARTESIAN_POINT('',(-105.,0.352329716422,190.20853469499));
#6682 = VECTOR('',#6683,1.);
#6683 = DIRECTION('',(1.,0.,2.22044604925E-16));
#6684 = SURFACE_OF_LINEAR_EXTRUSION('',#6685,#6689);
#6685 = B_SPLINE_CURVE_WITH_KNOTS('',2,(#6686,#6687,#6688),
  .UNSPECIFIED.,.F.,.F.,(3,3),(0.,1.),.PIECEWISE_BEZIER_KNOTS.);
#6686 = CARTESIAN_POINT('',(-105.,4.537612838516,191.06638096106));
#6687 = CARTESIAN_POINT('',(-105.,2.151180815173,191.06638096106));
#6688 = CARTESIAN_POINT('',(-105.,0.352329716422,190.20853469499));
#6689 = VECTOR('',#6690,1.);
#6690 = DIRECTION('',(-1.,-0.,-2.22044604925E-16));
#6691 = ADVANCED_FACE('',(#6692),#6718,.T.);
#6692 = FACE_BOUND('',#6693,.T.);
#6693 = EDGE_LOOP('',(#6694,#6704,#6705,#6706,#6712,#6713));
#6694 = ORIENTED_EDGE('',*,*,#6695,.T.);
#6695 = EDGE_CURVE('',#6696,#6655,#6698,.T.);
#6696 = VERTEX_POINT('',#6697);
#6697 = CARTESIAN_POINT('',(-98.5,-4.745426183091E-02,190.));
#6698 = B_SPLINE_CURVE_WITH_KNOTS('',4,(#6699,#6700,#6701,#6702,#6703),
  .UNSPECIFIED.,.F.,.F.,(5,5),(0.,1.),.PIECEWISE_BEZIER_KNOTS.);
#6699 = CARTESIAN_POINT('',(-98.5,-4.745426183089E-02,190.));
#6700 = CARTESIAN_POINT('',(-98.5,5.050402460455E-02,190.05574247797));
#6701 = CARTESIAN_POINT('',(-98.5,0.149858561349,190.10908185382));
#6702 = CARTESIAN_POINT('',(-98.5,0.250503165191,190.16000749498));
#6703 = CARTESIAN_POINT('',(-98.5,0.352329716422,190.20853469499));
#6704 = ORIENTED_EDGE('',*,*,#6679,.T.);
#6705 = ORIENTED_EDGE('',*,*,#1267,.F.);
#6706 = ORIENTED_EDGE('',*,*,#6707,.F.);
#6707 = EDGE_CURVE('',#3329,#1245,#6708,.T.);
#6708 = LINE('',#6709,#6710);
#6709 = CARTESIAN_POINT('',(-105.,-2.454271906629,187.48618583021));
#6710 = VECTOR('',#6711,1.);
#6711 = DIRECTION('',(1.,0.,2.22044604925E-16));
#6712 = ORIENTED_EDGE('',*,*,#3351,.T.);
#6713 = ORIENTED_EDGE('',*,*,#6714,.F.);
#6714 = EDGE_CURVE('',#6696,#3352,#6715,.T.);
#6715 = B_SPLINE_CURVE_WITH_KNOTS('',1,(#6716,#6717),.UNSPECIFIED.,.F.,
  .F.,(2,2),(0.,1.),.PIECEWISE_BEZIER_KNOTS.);
#6716 = CARTESIAN_POINT('',(-98.5,-4.745426183089E-02,190.));
#6717 = CARTESIAN_POINT('',(-100.,-4.745426183089E-02,190.));
#6718 = SURFACE_OF_LINEAR_EXTRUSION('',#6719,#6723);
#6719 = B_SPLINE_CURVE_WITH_KNOTS('',2,(#6720,#6721,#6722),
  .UNSPECIFIED.,.F.,.F.,(3,3),(0.,1.),.PIECEWISE_BEZIER_KNOTS.);
#6720 = CARTESIAN_POINT('',(-105.,0.352329716422,190.20853469499));
#6721 = CARTESIAN_POINT('',(-105.,-1.445427190663,189.35178262058));
#6722 = CARTESIAN_POINT('',(-105.,-2.454271906629,187.48618583021));
#6723 = VECTOR('',#6724,1.);
#6724 = DIRECTION('',(-1.,-0.,-2.22044604925E-16));
#6725 = ADVANCED_FACE('',(#6726),#6737,.T.);
#6726 = FACE_BOUND('',#6727,.T.);
#6727 = EDGE_LOOP('',(#6728,#6729,#6730,#6731));
#6728 = ORIENTED_EDGE('',*,*,#3328,.T.);
#6729 = ORIENTED_EDGE('',*,*,#6707,.T.);
#6730 = ORIENTED_EDGE('',*,*,#1244,.F.);
#6731 = ORIENTED_EDGE('',*,*,#6732,.F.);
#6732 = EDGE_CURVE('',#3321,#1237,#6733,.T.);
#6733 = LINE('',#6734,#6735);
#6734 = CARTESIAN_POINT('',(-105.,-3.462022430929,182.59624327528));
#6735 = VECTOR('',#6736,1.);
#6736 = DIRECTION('',(1.,0.,2.22044604925E-16));
#6737 = SURFACE_OF_LINEAR_EXTRUSION('',#6738,#6742);
#6738 = B_SPLINE_CURVE_WITH_KNOTS('',2,(#6739,#6740,#6741),
  .UNSPECIFIED.,.F.,.F.,(3,3),(0.,1.),.PIECEWISE_BEZIER_KNOTS.);
#6739 = CARTESIAN_POINT('',(-105.,-2.454271906629,187.48618583021));
#6740 = CARTESIAN_POINT('',(-105.,-3.462022430929,185.62168323151));
#6741 = CARTESIAN_POINT('',(-105.,-3.462022430929,182.59624327528));
#6742 = VECTOR('',#6743,1.);
#6743 = DIRECTION('',(-1.,-0.,-2.22044604925E-16));
#6744 = ADVANCED_FACE('',(#6745),#6756,.F.);
#6745 = FACE_BOUND('',#6746,.T.);
#6746 = EDGE_LOOP('',(#6747,#6748,#6749,#6750));
#6747 = ORIENTED_EDGE('',*,*,#3320,.T.);
#6748 = ORIENTED_EDGE('',*,*,#6732,.T.);
#6749 = ORIENTED_EDGE('',*,*,#1236,.F.);
#6750 = ORIENTED_EDGE('',*,*,#6751,.F.);
#6751 = EDGE_CURVE('',#3313,#1229,#6752,.T.);
#6752 = LINE('',#6753,#6754);
#6753 = CARTESIAN_POINT('',(-105.,-3.462022430929,179.63754901066));
#6754 = VECTOR('',#6755,1.);
#6755 = DIRECTION('',(1.,0.,2.22044604925E-16));
#6756 = PLANE('',#6757);
#6757 = AXIS2_PLACEMENT_3D('',#6758,#6759,#6760);
#6758 = CARTESIAN_POINT('',(-105.,-3.462022430929,182.59624327528));
#6759 = DIRECTION('',(0.,-1.,0.));
#6760 = DIRECTION('',(-2.22044604925E-16,0.,1.));
#6761 = ADVANCED_FACE('',(#6762),#6773,.F.);
#6762 = FACE_BOUND('',#6763,.T.);
#6763 = EDGE_LOOP('',(#6764,#6765,#6766,#6767));
#6764 = ORIENTED_EDGE('',*,*,#3312,.T.);
#6765 = ORIENTED_EDGE('',*,*,#6751,.T.);
#6766 = ORIENTED_EDGE('',*,*,#1228,.F.);
#6767 = ORIENTED_EDGE('',*,*,#6768,.F.);
#6768 = EDGE_CURVE('',#3305,#1221,#6769,.T.);
#6769 = LINE('',#6770,#6771);
#6770 = CARTESIAN_POINT('',(-74.,-4.48,179.63754901066));
#6771 = VECTOR('',#6772,1.);
#6772 = DIRECTION('',(1.,2.540718180781E-33,2.22044604925E-16));
#6773 = PLANE('',#6774);
#6774 = AXIS2_PLACEMENT_3D('',#6775,#6776,#6777);
#6775 = CARTESIAN_POINT('',(-105.,-3.462022430929,179.63754901066));
#6776 = DIRECTION('',(-2.22044604925E-16,0.,1.));
#6777 = DIRECTION('',(0.,1.,0.));
#6778 = ADVANCED_FACE('',(#6779),#6790,.T.);
#6779 = FACE_BOUND('',#6780,.T.);
#6780 = EDGE_LOOP('',(#6781,#6782,#6783,#6789));
#6781 = ORIENTED_EDGE('',*,*,#6768,.T.);
#6782 = ORIENTED_EDGE('',*,*,#1220,.F.);
#6783 = ORIENTED_EDGE('',*,*,#6784,.T.);
#6784 = EDGE_CURVE('',#1213,#3297,#6785,.T.);
#6785 = LINE('',#6786,#6787);
#6786 = CARTESIAN_POINT('',(-74.,-4.48,174.93252484726));
#6787 = VECTOR('',#6788,1.);
#6788 = DIRECTION('',(-1.,-2.540718180781E-33,-2.22044604925E-16));
#6789 = ORIENTED_EDGE('',*,*,#3304,.T.);
#6790 = PLANE('',#6791);
#6791 = AXIS2_PLACEMENT_3D('',#6792,#6793,#6794);
#6792 = CARTESIAN_POINT('',(-43.,-4.48,172.93252484726));
#6793 = DIRECTION('',(2.465190328816E-32,1.,-1.224646799147E-16));
#6794 = DIRECTION('',(-1.,6.037974890946E-48,-2.22044604925E-16));
#6795 = ADVANCED_FACE('',(#6796),#6802,.F.);
#6796 = FACE_BOUND('',#6797,.T.);
#6797 = EDGE_LOOP('',(#6798,#6799,#6800,#6801));
#6798 = ORIENTED_EDGE('',*,*,#3296,.T.);
#6799 = ORIENTED_EDGE('',*,*,#6784,.F.);
#6800 = ORIENTED_EDGE('',*,*,#1212,.F.);
#6801 = ORIENTED_EDGE('',*,*,#6511,.T.);
#6802 = PLANE('',#6803);
#6803 = AXIS2_PLACEMENT_3D('',#6804,#6805,#6806);
#6804 = CARTESIAN_POINT('',(-105.,-12.,174.93252484726));
#6805 = DIRECTION('',(2.22044604925E-16,0.,-1.));
#6806 = DIRECTION('',(0.,-1.,0.));
#6807 = ADVANCED_FACE('',(#6808),#6833,.F.);
#6808 = FACE_BOUND('',#6809,.F.);
#6809 = EDGE_LOOP('',(#6810,#6818,#6819,#6827));
#6810 = ORIENTED_EDGE('',*,*,#6811,.T.);
#6811 = EDGE_CURVE('',#6812,#1396,#6814,.T.);
#6812 = VERTEX_POINT('',#6813);
#6813 = CARTESIAN_POINT('',(-98.5,4.48,199.80568979666));
#6814 = LINE('',#6815,#6816);
#6815 = CARTESIAN_POINT('',(-74.,4.48,199.80568979666));
#6816 = VECTOR('',#6817,1.);
#6817 = DIRECTION('',(1.,2.540718180781E-33,2.22044604925E-16));
#6818 = ORIENTED_EDGE('',*,*,#1393,.F.);
#6819 = ORIENTED_EDGE('',*,*,#6820,.T.);
#6820 = EDGE_CURVE('',#1394,#6821,#6823,.T.);
#6821 = VERTEX_POINT('',#6822);
#6822 = CARTESIAN_POINT('',(-98.5,4.48,195.10066563326));
#6823 = LINE('',#6824,#6825);
#6824 = CARTESIAN_POINT('',(-74.,4.48,195.10066563326));
#6825 = VECTOR('',#6826,1.);
#6826 = DIRECTION('',(-1.,-2.540718180781E-33,-2.22044604925E-16));
#6827 = ORIENTED_EDGE('',*,*,#6828,.T.);
#6828 = EDGE_CURVE('',#6821,#6812,#6829,.T.);
#6829 = LINE('',#6830,#6831);
#6830 = CARTESIAN_POINT('',(-98.5,4.48,181.46626242363));
#6831 = VECTOR('',#6832,1.);
#6832 = DIRECTION('',(0.,1.224646799147E-16,1.));
#6833 = PLANE('',#6834);
#6834 = AXIS2_PLACEMENT_3D('',#6835,#6836,#6837);
#6835 = CARTESIAN_POINT('',(-43.,4.48,172.93252484726));
#6836 = DIRECTION('',(2.465190328816E-32,1.,-1.224646799147E-16));
#6837 = DIRECTION('',(-1.,6.037974890946E-48,-2.22044604925E-16));
#6838 = ADVANCED_FACE('',(#6839),#6857,.F.);
#6839 = FACE_BOUND('',#6840,.T.);
#6840 = EDGE_LOOP('',(#6841,#6849,#6850,#6851));
#6841 = ORIENTED_EDGE('',*,*,#6842,.T.);
#6842 = EDGE_CURVE('',#6843,#6812,#6845,.T.);
#6843 = VERTEX_POINT('',#6844);
#6844 = CARTESIAN_POINT('',(-98.5,2.554937539892,199.80568979666));
#6845 = LINE('',#6846,#6847);
#6846 = CARTESIAN_POINT('',(-98.5,-17.79542927932,199.80568979666));
#6847 = VECTOR('',#6848,1.);
#6848 = DIRECTION('',(0.,1.,0.));
#6849 = ORIENTED_EDGE('',*,*,#6811,.T.);
#6850 = ORIENTED_EDGE('',*,*,#1451,.F.);
#6851 = ORIENTED_EDGE('',*,*,#6852,.F.);
#6852 = EDGE_CURVE('',#6843,#1444,#6853,.T.);
#6853 = LINE('',#6854,#6855);
#6854 = CARTESIAN_POINT('',(-105.,2.554937539892,199.80568979666));
#6855 = VECTOR('',#6856,1.);
#6856 = DIRECTION('',(1.,0.,2.22044604925E-16));
#6857 = PLANE('',#6858);
#6858 = AXIS2_PLACEMENT_3D('',#6859,#6860,#6861);
#6859 = CARTESIAN_POINT('',(-105.,7.798304002918,199.80568979666));
#6860 = DIRECTION('',(-2.22044604925E-16,0.,1.));
#6861 = DIRECTION('',(0.,1.,0.));
#6862 = ADVANCED_FACE('',(#6863),#6881,.F.);
#6863 = FACE_BOUND('',#6864,.T.);
#6864 = EDGE_LOOP('',(#6865,#6873,#6874,#6875));
#6865 = ORIENTED_EDGE('',*,*,#6866,.T.);
#6866 = EDGE_CURVE('',#6867,#6843,#6869,.T.);
#6867 = VERTEX_POINT('',#6868);
#6868 = CARTESIAN_POINT('',(-98.5,2.554937539892,209.72234886477));
#6869 = LINE('',#6870,#6871);
#6870 = CARTESIAN_POINT('',(-98.5,2.554937539892,194.90284489833));
#6871 = VECTOR('',#6872,1.);
#6872 = DIRECTION('',(0.,0.,-1.));
#6873 = ORIENTED_EDGE('',*,*,#6852,.T.);
#6874 = ORIENTED_EDGE('',*,*,#1443,.F.);
#6875 = ORIENTED_EDGE('',*,*,#6876,.F.);
#6876 = EDGE_CURVE('',#6867,#1436,#6877,.T.);
#6877 = LINE('',#6878,#6879);
#6878 = CARTESIAN_POINT('',(-105.,2.554937539892,209.72234886477));
#6879 = VECTOR('',#6880,1.);
#6880 = DIRECTION('',(1.,0.,2.22044604925E-16));
#6881 = PLANE('',#6882);
#6882 = AXIS2_PLACEMENT_3D('',#6883,#6884,#6885);
#6883 = CARTESIAN_POINT('',(-105.,2.554937539892,199.80568979666));
#6884 = DIRECTION('',(0.,1.,-0.));
#6885 = DIRECTION('',(2.22044604925E-16,0.,-1.));
#6886 = ADVANCED_FACE('',(#6887),#6905,.F.);
#6887 = FACE_BOUND('',#6888,.T.);
#6888 = EDGE_LOOP('',(#6889,#6897,#6898,#6899));
#6889 = ORIENTED_EDGE('',*,*,#6890,.T.);
#6890 = EDGE_CURVE('',#6891,#6867,#6893,.T.);
#6891 = VERTEX_POINT('',#6892);
#6892 = CARTESIAN_POINT('',(-98.5,-1.64675845719,209.72234886477));
#6893 = LINE('',#6894,#6895);
#6894 = CARTESIAN_POINT('',(-98.5,-20.41711251084,209.72234886477));
#6895 = VECTOR('',#6896,1.);
#6896 = DIRECTION('',(0.,1.,0.));
#6897 = ORIENTED_EDGE('',*,*,#6876,.T.);
#6898 = ORIENTED_EDGE('',*,*,#1435,.F.);
#6899 = ORIENTED_EDGE('',*,*,#6900,.F.);
#6900 = EDGE_CURVE('',#6891,#1428,#6901,.T.);
#6901 = LINE('',#6902,#6903);
#6902 = CARTESIAN_POINT('',(-105.,-1.64675845719,209.72234886477));
#6903 = VECTOR('',#6904,1.);
#6904 = DIRECTION('',(1.,0.,2.22044604925E-16));
#6905 = PLANE('',#6906);
#6906 = AXIS2_PLACEMENT_3D('',#6907,#6908,#6909);
#6907 = CARTESIAN_POINT('',(-105.,2.554937539892,209.72234886477));
#6908 = DIRECTION('',(-2.22044604925E-16,0.,1.));
#6909 = DIRECTION('',(0.,1.,0.));
#6910 = ADVANCED_FACE('',(#6911),#6929,.F.);
#6911 = FACE_BOUND('',#6912,.T.);
#6912 = EDGE_LOOP('',(#6913,#6921,#6922,#6923));
#6913 = ORIENTED_EDGE('',*,*,#6914,.T.);
#6914 = EDGE_CURVE('',#6915,#6891,#6917,.T.);
#6915 = VERTEX_POINT('',#6916);
#6916 = CARTESIAN_POINT('',(-98.5,-1.64675845719,199.80568979666));
#6917 = LINE('',#6918,#6919);
#6918 = CARTESIAN_POINT('',(-98.5,-1.64675845719,199.86117443238));
#6919 = VECTOR('',#6920,1.);
#6920 = DIRECTION('',(0.,0.,1.));
#6921 = ORIENTED_EDGE('',*,*,#6900,.T.);
#6922 = ORIENTED_EDGE('',*,*,#1427,.F.);
#6923 = ORIENTED_EDGE('',*,*,#6924,.F.);
#6924 = EDGE_CURVE('',#6915,#1420,#6925,.T.);
#6925 = LINE('',#6926,#6927);
#6926 = CARTESIAN_POINT('',(-105.,-1.64675845719,199.80568979666));
#6927 = VECTOR('',#6928,1.);
#6928 = DIRECTION('',(1.,0.,2.22044604925E-16));
#6929 = PLANE('',#6930);
#6930 = AXIS2_PLACEMENT_3D('',#6931,#6932,#6933);
#6931 = CARTESIAN_POINT('',(-105.,-1.64675845719,209.72234886477));
#6932 = DIRECTION('',(0.,-1.,0.));
#6933 = DIRECTION('',(-2.22044604925E-16,0.,1.));
#6934 = ADVANCED_FACE('',(#6935),#6953,.F.);
#6935 = FACE_BOUND('',#6936,.T.);
#6936 = EDGE_LOOP('',(#6937,#6945,#6946,#6947));
#6937 = ORIENTED_EDGE('',*,*,#6938,.T.);
#6938 = EDGE_CURVE('',#6939,#6915,#6941,.T.);
#6939 = VERTEX_POINT('',#6940);
#6940 = CARTESIAN_POINT('',(-98.5,-4.48,199.80568979666));
#6941 = LINE('',#6942,#6943);
#6942 = CARTESIAN_POINT('',(-98.5,-22.51796050938,199.80568979666));
#6943 = VECTOR('',#6944,1.);
#6944 = DIRECTION('',(0.,1.,0.));
#6945 = ORIENTED_EDGE('',*,*,#6924,.T.);
#6946 = ORIENTED_EDGE('',*,*,#1419,.F.);
#6947 = ORIENTED_EDGE('',*,*,#6948,.F.);
#6948 = EDGE_CURVE('',#6939,#1412,#6949,.T.);
#6949 = LINE('',#6950,#6951);
#6950 = CARTESIAN_POINT('',(-74.,-4.48,199.80568979666));
#6951 = VECTOR('',#6952,1.);
#6952 = DIRECTION('',(1.,2.540718180781E-33,2.22044604925E-16));
#6953 = PLANE('',#6954);
#6954 = AXIS2_PLACEMENT_3D('',#6955,#6956,#6957);
#6955 = CARTESIAN_POINT('',(-105.,-1.64675845719,199.80568979666));
#6956 = DIRECTION('',(-2.22044604925E-16,0.,1.));
#6957 = DIRECTION('',(0.,1.,0.));
#6958 = ADVANCED_FACE('',(#6959),#6977,.T.);
#6959 = FACE_BOUND('',#6960,.T.);
#6960 = EDGE_LOOP('',(#6961,#6962,#6963,#6971));
#6961 = ORIENTED_EDGE('',*,*,#6948,.T.);
#6962 = ORIENTED_EDGE('',*,*,#1411,.F.);
#6963 = ORIENTED_EDGE('',*,*,#6964,.T.);
#6964 = EDGE_CURVE('',#1404,#6965,#6967,.T.);
#6965 = VERTEX_POINT('',#6966);
#6966 = CARTESIAN_POINT('',(-98.5,-4.48,195.10066563326));
#6967 = LINE('',#6968,#6969);
#6968 = CARTESIAN_POINT('',(-74.,-4.48,195.10066563326));
#6969 = VECTOR('',#6970,1.);
#6970 = DIRECTION('',(-1.,-2.540718180781E-33,-2.22044604925E-16));
#6971 = ORIENTED_EDGE('',*,*,#6972,.T.);
#6972 = EDGE_CURVE('',#6965,#6939,#6973,.T.);
#6973 = LINE('',#6974,#6975);
#6974 = CARTESIAN_POINT('',(-98.5,-4.48,181.46626242363));
#6975 = VECTOR('',#6976,1.);
#6976 = DIRECTION('',(0.,1.224646799147E-16,1.));
#6977 = PLANE('',#6978);
#6978 = AXIS2_PLACEMENT_3D('',#6979,#6980,#6981);
#6979 = CARTESIAN_POINT('',(-43.,-4.48,172.93252484726));
#6980 = DIRECTION('',(2.465190328816E-32,1.,-1.224646799147E-16));
#6981 = DIRECTION('',(-1.,6.037974890946E-48,-2.22044604925E-16));
#6982 = ADVANCED_FACE('',(#6983),#6994,.F.);
#6983 = FACE_BOUND('',#6984,.T.);
#6984 = EDGE_LOOP('',(#6985,#6991,#6992,#6993));
#6985 = ORIENTED_EDGE('',*,*,#6986,.T.);
#6986 = EDGE_CURVE('',#6821,#6965,#6987,.T.);
#6987 = LINE('',#6988,#6989);
#6988 = CARTESIAN_POINT('',(-98.5,-27.69458128078,195.10066563326));
#6989 = VECTOR('',#6990,1.);
#6990 = DIRECTION('',(0.,-1.,0.));
#6991 = ORIENTED_EDGE('',*,*,#6964,.F.);
#6992 = ORIENTED_EDGE('',*,*,#1403,.F.);
#6993 = ORIENTED_EDGE('',*,*,#6820,.T.);
#6994 = PLANE('',#6995);
#6995 = AXIS2_PLACEMENT_3D('',#6996,#6997,#6998);
#6996 = CARTESIAN_POINT('',(-105.,-12.,195.10066563326));
#6997 = DIRECTION('',(2.22044604925E-16,0.,-1.));
#6998 = DIRECTION('',(0.,-1.,0.));
#6999 = ADVANCED_FACE('',(#7000),#7016,.F.);
#7000 = FACE_BOUND('',#7001,.F.);
#7001 = EDGE_LOOP('',(#7002,#7008,#7009,#7015));
#7002 = ORIENTED_EDGE('',*,*,#7003,.T.);
#7003 = EDGE_CURVE('',#3007,#1462,#7004,.T.);
#7004 = LINE('',#7005,#7006);
#7005 = CARTESIAN_POINT('',(-74.,-6.08,179.63754901066));
#7006 = VECTOR('',#7007,1.);
#7007 = DIRECTION('',(1.,2.540718180781E-33,2.22044604925E-16));
#7008 = ORIENTED_EDGE('',*,*,#1459,.F.);
#7009 = ORIENTED_EDGE('',*,*,#7010,.T.);
#7010 = EDGE_CURVE('',#1460,#3005,#7011,.T.);
#7011 = LINE('',#7012,#7013);
#7012 = CARTESIAN_POINT('',(-74.,-6.08,174.93252484726));
#7013 = VECTOR('',#7014,1.);
#7014 = DIRECTION('',(-1.,-2.540718180781E-33,-2.22044604925E-16));
#7015 = ORIENTED_EDGE('',*,*,#3004,.T.);
#7016 = PLANE('',#7017);
#7017 = AXIS2_PLACEMENT_3D('',#7018,#7019,#7020);
#7018 = CARTESIAN_POINT('',(-43.,-6.08,172.93252484726));
#7019 = DIRECTION('',(2.465190328816E-32,1.,-1.224646799147E-16));
#7020 = DIRECTION('',(-1.,6.037974890946E-48,-2.22044604925E-16));
#7021 = ADVANCED_FACE('',(#7022),#7033,.F.);
#7022 = FACE_BOUND('',#7023,.T.);
#7023 = EDGE_LOOP('',(#7024,#7025,#7026,#7027));
#7024 = ORIENTED_EDGE('',*,*,#3030,.T.);
#7025 = ORIENTED_EDGE('',*,*,#7003,.T.);
#7026 = ORIENTED_EDGE('',*,*,#1485,.F.);
#7027 = ORIENTED_EDGE('',*,*,#7028,.F.);
#7028 = EDGE_CURVE('',#3023,#1478,#7029,.T.);
#7029 = LINE('',#7030,#7031);
#7030 = CARTESIAN_POINT('',(-105.,-12.,179.63754901066));
#7031 = VECTOR('',#7032,1.);
#7032 = DIRECTION('',(1.,0.,2.22044604925E-16));
#7033 = PLANE('',#7034);
#7034 = AXIS2_PLACEMENT_3D('',#7035,#7036,#7037);
#7035 = CARTESIAN_POINT('',(-105.,-3.462022430929,179.63754901066));
#7036 = DIRECTION('',(-2.22044604925E-16,0.,1.));
#7037 = DIRECTION('',(0.,1.,0.));
#7038 = ADVANCED_FACE('',(#7039),#7050,.F.);
#7039 = FACE_BOUND('',#7040,.T.);
#7040 = EDGE_LOOP('',(#7041,#7042,#7043,#7044));
#7041 = ORIENTED_EDGE('',*,*,#3022,.T.);
#7042 = ORIENTED_EDGE('',*,*,#7028,.T.);
#7043 = ORIENTED_EDGE('',*,*,#1477,.F.);
#7044 = ORIENTED_EDGE('',*,*,#7045,.F.);
#7045 = EDGE_CURVE('',#3015,#1470,#7046,.T.);
#7046 = LINE('',#7047,#7048);
#7047 = CARTESIAN_POINT('',(-105.,-12.,174.93252484726));
#7048 = VECTOR('',#7049,1.);
#7049 = DIRECTION('',(1.,0.,2.22044604925E-16));
#7050 = PLANE('',#7051);
#7051 = AXIS2_PLACEMENT_3D('',#7052,#7053,#7054);
#7052 = CARTESIAN_POINT('',(-105.,-12.,179.63754901066));
#7053 = DIRECTION('',(0.,-1.,0.));
#7054 = DIRECTION('',(-2.22044604925E-16,0.,1.));
#7055 = ADVANCED_FACE('',(#7056),#7062,.F.);
#7056 = FACE_BOUND('',#7057,.T.);
#7057 = EDGE_LOOP('',(#7058,#7059,#7060,#7061));
#7058 = ORIENTED_EDGE('',*,*,#3014,.T.);
#7059 = ORIENTED_EDGE('',*,*,#7045,.T.);
#7060 = ORIENTED_EDGE('',*,*,#1469,.F.);
#7061 = ORIENTED_EDGE('',*,*,#7010,.T.);
#7062 = PLANE('',#7063);
#7063 = AXIS2_PLACEMENT_3D('',#7064,#7065,#7066);
#7064 = CARTESIAN_POINT('',(-105.,-12.,174.93252484726));
#7065 = DIRECTION('',(2.22044604925E-16,0.,-1.));
#7066 = DIRECTION('',(0.,-1.,0.));
#7067 = ADVANCED_FACE('',(#7068),#7093,.F.);
#7068 = FACE_BOUND('',#7069,.F.);
#7069 = EDGE_LOOP('',(#7070,#7078,#7079,#7087));
#7070 = ORIENTED_EDGE('',*,*,#7071,.T.);
#7071 = EDGE_CURVE('',#7072,#1496,#7074,.T.);
#7072 = VERTEX_POINT('',#7073);
#7073 = CARTESIAN_POINT('',(-98.5,-6.08,199.80568979666));
#7074 = LINE('',#7075,#7076);
#7075 = CARTESIAN_POINT('',(-74.,-6.08,199.80568979666));
#7076 = VECTOR('',#7077,1.);
#7077 = DIRECTION('',(1.,2.540718180781E-33,2.22044604925E-16));
#7078 = ORIENTED_EDGE('',*,*,#1493,.F.);
#7079 = ORIENTED_EDGE('',*,*,#7080,.T.);
#7080 = EDGE_CURVE('',#1494,#7081,#7083,.T.);
#7081 = VERTEX_POINT('',#7082);
#7082 = CARTESIAN_POINT('',(-98.5,-6.08,195.10066563326));
#7083 = LINE('',#7084,#7085);
#7084 = CARTESIAN_POINT('',(-74.,-6.08,195.10066563326));
#7085 = VECTOR('',#7086,1.);
#7086 = DIRECTION('',(-1.,-2.540718180781E-33,-2.22044604925E-16));
#7087 = ORIENTED_EDGE('',*,*,#7088,.T.);
#7088 = EDGE_CURVE('',#7081,#7072,#7089,.T.);
#7089 = LINE('',#7090,#7091);
#7090 = CARTESIAN_POINT('',(-98.5,-6.08,181.46626242363));
#7091 = VECTOR('',#7092,1.);
#7092 = DIRECTION('',(0.,1.224646799147E-16,1.));
#7093 = PLANE('',#7094);
#7094 = AXIS2_PLACEMENT_3D('',#7095,#7096,#7097);
#7095 = CARTESIAN_POINT('',(-43.,-6.08,172.93252484726));
#7096 = DIRECTION('',(2.465190328816E-32,1.,-1.224646799147E-16));
#7097 = DIRECTION('',(-1.,6.037974890946E-48,-2.22044604925E-16));
#7098 = ADVANCED_FACE('',(#7099),#7117,.F.);
#7099 = FACE_BOUND('',#7100,.T.);
#7100 = EDGE_LOOP('',(#7101,#7109,#7110,#7111));
#7101 = ORIENTED_EDGE('',*,*,#7102,.T.);
#7102 = EDGE_CURVE('',#7103,#7072,#7105,.T.);
#7103 = VERTEX_POINT('',#7104);
#7104 = CARTESIAN_POINT('',(-98.5,-7.798304002918,199.80568979666));
#7105 = LINE('',#7106,#7107);
#7106 = CARTESIAN_POINT('',(-98.5,-22.51796050938,199.80568979666));
#7107 = VECTOR('',#7108,1.);
#7108 = DIRECTION('',(0.,1.,0.));
#7109 = ORIENTED_EDGE('',*,*,#7071,.T.);
#7110 = ORIENTED_EDGE('',*,*,#1535,.F.);
#7111 = ORIENTED_EDGE('',*,*,#7112,.F.);
#7112 = EDGE_CURVE('',#7103,#1528,#7113,.T.);
#7113 = LINE('',#7114,#7115);
#7114 = CARTESIAN_POINT('',(-105.,-7.798304002918,199.80568979666));
#7115 = VECTOR('',#7116,1.);
#7116 = DIRECTION('',(1.,0.,2.22044604925E-16));
#7117 = PLANE('',#7118);
#7118 = AXIS2_PLACEMENT_3D('',#7119,#7120,#7121);
#7119 = CARTESIAN_POINT('',(-105.,-1.64675845719,199.80568979666));
#7120 = DIRECTION('',(-2.22044604925E-16,0.,1.));
#7121 = DIRECTION('',(0.,1.,0.));
#7122 = ADVANCED_FACE('',(#7123),#7141,.F.);
#7123 = FACE_BOUND('',#7124,.T.);
#7124 = EDGE_LOOP('',(#7125,#7133,#7134,#7135));
#7125 = ORIENTED_EDGE('',*,*,#7126,.T.);
#7126 = EDGE_CURVE('',#7127,#7103,#7129,.T.);
#7127 = VERTEX_POINT('',#7128);
#7128 = CARTESIAN_POINT('',(-98.5,-7.798304002918,210.22677122275));
#7129 = LINE('',#7130,#7131);
#7130 = CARTESIAN_POINT('',(-98.5,-7.798304002918,194.90284489833));
#7131 = VECTOR('',#7132,1.);
#7132 = DIRECTION('',(0.,0.,-1.));
#7133 = ORIENTED_EDGE('',*,*,#7112,.T.);
#7134 = ORIENTED_EDGE('',*,*,#1527,.F.);
#7135 = ORIENTED_EDGE('',*,*,#7136,.F.);
#7136 = EDGE_CURVE('',#7127,#1520,#7137,.T.);
#7137 = LINE('',#7138,#7139);
#7138 = CARTESIAN_POINT('',(-105.,-7.798304002918,210.22677122275));
#7139 = VECTOR('',#7140,1.);
#7140 = DIRECTION('',(1.,0.,2.22044604925E-16));
#7141 = PLANE('',#7142);
#7142 = AXIS2_PLACEMENT_3D('',#7143,#7144,#7145);
#7143 = CARTESIAN_POINT('',(-105.,-7.798304002918,199.80568979666));
#7144 = DIRECTION('',(0.,1.,-0.));
#7145 = DIRECTION('',(2.22044604925E-16,0.,-1.));
#7146 = ADVANCED_FACE('',(#7147),#7165,.F.);
#7147 = FACE_BOUND('',#7148,.T.);
#7148 = EDGE_LOOP('',(#7149,#7157,#7158,#7159));
#7149 = ORIENTED_EDGE('',*,*,#7150,.T.);
#7150 = EDGE_CURVE('',#7151,#7127,#7153,.T.);
#7151 = VERTEX_POINT('',#7152);
#7152 = CARTESIAN_POINT('',(-98.5,-12.,210.22677122275));
#7153 = LINE('',#7154,#7155);
#7154 = CARTESIAN_POINT('',(-98.5,-25.59373328224,210.22677122275));
#7155 = VECTOR('',#7156,1.);
#7156 = DIRECTION('',(0.,1.,0.));
#7157 = ORIENTED_EDGE('',*,*,#7136,.T.);
#7158 = ORIENTED_EDGE('',*,*,#1519,.F.);
#7159 = ORIENTED_EDGE('',*,*,#7160,.F.);
#7160 = EDGE_CURVE('',#7151,#1512,#7161,.T.);
#7161 = LINE('',#7162,#7163);
#7162 = CARTESIAN_POINT('',(-105.,-12.,210.22677122275));
#7163 = VECTOR('',#7164,1.);
#7164 = DIRECTION('',(1.,0.,2.22044604925E-16));
#7165 = PLANE('',#7166);
#7166 = AXIS2_PLACEMENT_3D('',#7167,#7168,#7169);
#7167 = CARTESIAN_POINT('',(-105.,-7.798304002918,210.22677122275));
#7168 = DIRECTION('',(-2.22044604925E-16,0.,1.));
#7169 = DIRECTION('',(0.,1.,0.));
#7170 = ADVANCED_FACE('',(#7171),#7189,.F.);
#7171 = FACE_BOUND('',#7172,.T.);
#7172 = EDGE_LOOP('',(#7173,#7181,#7182,#7183));
#7173 = ORIENTED_EDGE('',*,*,#7174,.T.);
#7174 = EDGE_CURVE('',#7175,#7151,#7177,.T.);
#7175 = VERTEX_POINT('',#7176);
#7176 = CARTESIAN_POINT('',(-98.5,-12.,195.10066563326));
#7177 = LINE('',#7178,#7179);
#7178 = CARTESIAN_POINT('',(-98.5,-12.,200.11338561138));
#7179 = VECTOR('',#7180,1.);
#7180 = DIRECTION('',(0.,0.,1.));
#7181 = ORIENTED_EDGE('',*,*,#7160,.T.);
#7182 = ORIENTED_EDGE('',*,*,#1511,.F.);
#7183 = ORIENTED_EDGE('',*,*,#7184,.F.);
#7184 = EDGE_CURVE('',#7175,#1504,#7185,.T.);
#7185 = LINE('',#7186,#7187);
#7186 = CARTESIAN_POINT('',(-105.,-12.,195.10066563326));
#7187 = VECTOR('',#7188,1.);
#7188 = DIRECTION('',(1.,0.,2.22044604925E-16));
#7189 = PLANE('',#7190);
#7190 = AXIS2_PLACEMENT_3D('',#7191,#7192,#7193);
#7191 = CARTESIAN_POINT('',(-105.,-12.,210.22677122275));
#7192 = DIRECTION('',(0.,-1.,0.));
#7193 = DIRECTION('',(-2.22044604925E-16,0.,1.));
#7194 = ADVANCED_FACE('',(#7195),#7206,.F.);
#7195 = FACE_BOUND('',#7196,.T.);
#7196 = EDGE_LOOP('',(#7197,#7203,#7204,#7205));
#7197 = ORIENTED_EDGE('',*,*,#7198,.T.);
#7198 = EDGE_CURVE('',#7081,#7175,#7199,.T.);
#7199 = LINE('',#7200,#7201);
#7200 = CARTESIAN_POINT('',(-98.5,-27.69458128078,195.10066563326));
#7201 = VECTOR('',#7202,1.);
#7202 = DIRECTION('',(0.,-1.,0.));
#7203 = ORIENTED_EDGE('',*,*,#7184,.T.);
#7204 = ORIENTED_EDGE('',*,*,#1503,.F.);
#7205 = ORIENTED_EDGE('',*,*,#7080,.T.);
#7206 = PLANE('',#7207);
#7207 = AXIS2_PLACEMENT_3D('',#7208,#7209,#7210);
#7208 = CARTESIAN_POINT('',(-105.,-12.,195.10066563326));
#7209 = DIRECTION('',(2.22044604925E-16,0.,-1.));
#7210 = DIRECTION('',(0.,-1.,0.));
#7211 = ADVANCED_FACE('',(#7212),#7237,.F.);
#7212 = FACE_BOUND('',#7213,.F.);
#7213 = EDGE_LOOP('',(#7214,#7222,#7223,#7231));
#7214 = ORIENTED_EDGE('',*,*,#7215,.T.);
#7215 = EDGE_CURVE('',#7216,#1546,#7218,.T.);
#7216 = VERTEX_POINT('',#7217);
#7217 = CARTESIAN_POINT('',(-98.5,4.48,220.1423360992));
#7218 = LINE('',#7219,#7220);
#7219 = CARTESIAN_POINT('',(-74.,4.48,220.1423360992));
#7220 = VECTOR('',#7221,1.);
#7221 = DIRECTION('',(1.,2.540718180781E-33,2.22044604925E-16));
#7222 = ORIENTED_EDGE('',*,*,#1543,.F.);
#7223 = ORIENTED_EDGE('',*,*,#7224,.T.);
#7224 = EDGE_CURVE('',#1544,#7225,#7227,.T.);
#7225 = VERTEX_POINT('',#7226);
#7226 = CARTESIAN_POINT('',(-98.5,4.48,215.26880641925));
#7227 = LINE('',#7228,#7229);
#7228 = CARTESIAN_POINT('',(-74.,4.48,215.26880641925));
#7229 = VECTOR('',#7230,1.);
#7230 = DIRECTION('',(-1.,-2.540718180781E-33,-2.22044604925E-16));
#7231 = ORIENTED_EDGE('',*,*,#7232,.T.);
#7232 = EDGE_CURVE('',#7225,#7216,#7233,.T.);
#7233 = LINE('',#7234,#7235);
#7234 = CARTESIAN_POINT('',(-98.5,4.48,181.46626242363));
#7235 = VECTOR('',#7236,1.);
#7236 = DIRECTION('',(0.,1.224646799147E-16,1.));
#7237 = PLANE('',#7238);
#7238 = AXIS2_PLACEMENT_3D('',#7239,#7240,#7241);
#7239 = CARTESIAN_POINT('',(-43.,4.48,172.93252484726));
#7240 = DIRECTION('',(2.465190328816E-32,1.,-1.224646799147E-16));
#7241 = DIRECTION('',(-1.,6.037974890946E-48,-2.22044604925E-16));
#7242 = ADVANCED_FACE('',(#7243),#7261,.F.);
#7243 = FACE_BOUND('',#7244,.T.);
#7244 = EDGE_LOOP('',(#7245,#7253,#7254,#7255));
#7245 = ORIENTED_EDGE('',*,*,#7246,.T.);
#7246 = EDGE_CURVE('',#7247,#7216,#7249,.T.);
#7247 = VERTEX_POINT('',#7248);
#7248 = CARTESIAN_POINT('',(-98.5,1.17625604085,220.1423360992));
#7249 = LINE('',#7250,#7251);
#7250 = CARTESIAN_POINT('',(-98.5,-17.76150933768,220.1423360992));
#7251 = VECTOR('',#7252,1.);
#7252 = DIRECTION('',(0.,1.,0.));
#7253 = ORIENTED_EDGE('',*,*,#7215,.T.);
#7254 = ORIENTED_EDGE('',*,*,#1709,.F.);
#7255 = ORIENTED_EDGE('',*,*,#7256,.F.);
#7256 = EDGE_CURVE('',#7247,#1702,#7257,.T.);
#7257 = LINE('',#7258,#7259);
#7258 = CARTESIAN_POINT('',(-105.,1.17625604085,220.1423360992));
#7259 = VECTOR('',#7260,1.);
#7260 = DIRECTION('',(1.,0.,2.22044604925E-16));
#7261 = PLANE('',#7262);
#7262 = AXIS2_PLACEMENT_3D('',#7263,#7264,#7265);
#7263 = CARTESIAN_POINT('',(-105.,7.866143886204,220.1423360992));
#7264 = DIRECTION('',(-2.22044604925E-16,0.,1.));
#7265 = DIRECTION('',(0.,1.,0.));
#7266 = ADVANCED_FACE('',(#7267),#7285,.F.);
#7267 = FACE_BOUND('',#7268,.T.);
#7268 = EDGE_LOOP('',(#7269,#7277,#7278,#7279));
#7269 = ORIENTED_EDGE('',*,*,#7270,.T.);
#7270 = EDGE_CURVE('',#7271,#7247,#7273,.T.);
#7271 = VERTEX_POINT('',#7272);
#7272 = CARTESIAN_POINT('',(-98.5,1.17625604085,221.58776328987));
#7273 = LINE('',#7274,#7275);
#7274 = CARTESIAN_POINT('',(-98.5,1.17625604085,205.0711680496));
#7275 = VECTOR('',#7276,1.);
#7276 = DIRECTION('',(0.,0.,-1.));
#7277 = ORIENTED_EDGE('',*,*,#7256,.T.);
#7278 = ORIENTED_EDGE('',*,*,#1701,.F.);
#7279 = ORIENTED_EDGE('',*,*,#7280,.F.);
#7280 = EDGE_CURVE('',#7271,#1660,#7281,.T.);
#7281 = LINE('',#7282,#7283);
#7282 = CARTESIAN_POINT('',(-105.,1.17625604085,221.58776328987));
#7283 = VECTOR('',#7284,1.);
#7284 = DIRECTION('',(1.,0.,2.22044604925E-16));
#7285 = PLANE('',#7286);
#7286 = AXIS2_PLACEMENT_3D('',#7287,#7288,#7289);
#7287 = CARTESIAN_POINT('',(-105.,1.17625604085,220.1423360992));
#7288 = DIRECTION('',(0.,1.,-0.));
#7289 = DIRECTION('',(2.22044604925E-16,0.,-1.));
#7290 = ADVANCED_FACE('',(#7291),#7345,.T.);
#7291 = FACE_BOUND('',#7292,.T.);
#7292 = EDGE_LOOP('',(#7293,#7335,#7336,#7337));
#7293 = ORIENTED_EDGE('',*,*,#7294,.T.);
#7294 = EDGE_CURVE('',#7295,#7271,#7297,.T.);
#7295 = VERTEX_POINT('',#7296);
#7296 = CARTESIAN_POINT('',(-98.5,4.48,225.51723198687));
#7297 = B_SPLINE_CURVE_WITH_KNOTS('',6,(#7298,#7299,#7300,#7301,#7302,
    #7303,#7304,#7305,#7306,#7307,#7308,#7309,#7310,#7311,#7312,#7313,
    #7314,#7315,#7316,#7317,#7318,#7319,#7320,#7321,#7322,#7323,#7324,
    #7325,#7326,#7327,#7328,#7329,#7330,#7331,#7332,#7333,#7334),
  .UNSPECIFIED.,.F.,.F.,(7,5,5,5,5,5,5,7),(0.,0.183652530551,
    0.263604617062,0.409161998598,0.523836939648,0.58052690092,
    0.683939901244,1.),.UNSPECIFIED.);
#7298 = CARTESIAN_POINT('',(-98.5,4.480004078183,225.51723211843));
#7299 = CARTESIAN_POINT('',(-98.5,4.300744386247,225.51144968294));
#7300 = CARTESIAN_POINT('',(-98.5,4.121847909407,225.49892614803));
#7301 = CARTESIAN_POINT('',(-98.5,3.943605714092,225.47889668232));
#7302 = CARTESIAN_POINT('',(-98.5,3.76655911022,225.45047521294));
#7303 = CARTESIAN_POINT('',(-98.5,3.591495805136,225.41268229132));
#7304 = CARTESIAN_POINT('',(-98.5,3.344510169681,225.34367119178));
#7305 = CARTESIAN_POINT('',(-98.5,3.270172329424,225.32079228107));
#7306 = CARTESIAN_POINT('',(-98.5,3.196496986511,225.29589290667));
#7307 = CARTESIAN_POINT('',(-98.5,3.123585015142,225.26890460156));
#7308 = CARTESIAN_POINT('',(-98.5,3.05154721853,225.23976882618));
#7309 = CARTESIAN_POINT('',(-98.5,2.85116071324,225.15141120957));
#7310 = CARTESIAN_POINT('',(-98.5,2.725074698323,225.08710390445));
#7311 = CARTESIAN_POINT('',(-98.5,2.603026596769,225.01528448049));
#7312 = CARTESIAN_POINT('',(-98.5,2.485798540661,224.9358782765));
#7313 = CARTESIAN_POINT('',(-98.5,2.374110388066,224.84906734853));
#7314 = CARTESIAN_POINT('',(-98.5,2.185399849361,224.68158020536));
#7315 = CARTESIAN_POINT('',(-98.5,2.106029263859,224.60349184086));
#7316 = CARTESIAN_POINT('',(-98.5,2.030732485702,224.52137096855));
#7317 = CARTESIAN_POINT('',(-98.5,1.959675732113,224.43553589157));
#7318 = CARTESIAN_POINT('',(-98.5,1.892927435168,224.34635305222));
#7319 = CARTESIAN_POINT('',(-98.5,1.799610005036,224.20866954446));
#7320 = CARTESIAN_POINT('',(-98.5,1.769788699862,224.16239752068));
#7321 = CARTESIAN_POINT('',(-98.5,1.741014635724,224.11544638185));
#7322 = CARTESIAN_POINT('',(-98.5,1.713280215517,224.06786087536));
#7323 = CARTESIAN_POINT('',(-98.5,1.686573544773,224.01968457942));
#7324 = CARTESIAN_POINT('',(-98.5,1.614008902008,223.88207513327));
#7325 = CARTESIAN_POINT('',(-98.5,1.570508882048,223.79136519031));
#7326 = CARTESIAN_POINT('',(-98.5,1.530284933409,223.69907963405));
#7327 = CARTESIAN_POINT('',(-98.5,1.493209803274,223.60544715946));
#7328 = CARTESIAN_POINT('',(-98.5,1.45913834794,223.51066822587));
#7329 = CARTESIAN_POINT('',(-98.5,1.332517219137,223.12223849176));
#7330 = CARTESIAN_POINT('',(-98.5,1.263904488487,222.82077645394));
#7331 = CARTESIAN_POINT('',(-98.5,1.217450255587,222.51452759462));
#7332 = CARTESIAN_POINT('',(-98.5,1.189247637969,222.20621690628));
#7333 = CARTESIAN_POINT('',(-98.5,1.17625604085,221.89725768855));
#7334 = CARTESIAN_POINT('',(-98.5,1.17625604085,221.58776328987));
#7335 = ORIENTED_EDGE('',*,*,#7280,.T.);
#7336 = ORIENTED_EDGE('',*,*,#1659,.F.);
#7337 = ORIENTED_EDGE('',*,*,#7338,.T.);
#7338 = EDGE_CURVE('',#1652,#7295,#7339,.T.);
#7339 = B_SPLINE_CURVE_WITH_KNOTS('',4,(#7340,#7341,#7342,#7343,#7344),
  .UNSPECIFIED.,.F.,.F.,(5,5),(0.,1.),.PIECEWISE_BEZIER_KNOTS.);
#7340 = CARTESIAN_POINT('',(-44.9999994,4.48,225.51723198687));
#7341 = CARTESIAN_POINT('',(-59.9999997,4.48,225.51723198687));
#7342 = CARTESIAN_POINT('',(-75.,4.48,225.51723198687));
#7343 = CARTESIAN_POINT('',(-90.0000003,4.48,225.51723198687));
#7344 = CARTESIAN_POINT('',(-105.0000006,4.48,225.51723198687));
#7345 = SURFACE_OF_LINEAR_EXTRUSION('',#7346,#7350);
#7346 = B_SPLINE_CURVE_WITH_KNOTS('',2,(#7347,#7348,#7349),
  .UNSPECIFIED.,.F.,.F.,(3,3),(0.,1.),.PIECEWISE_BEZIER_KNOTS.);
#7347 = CARTESIAN_POINT('',(-105.,1.17625604085,221.58776328987));
#7348 = CARTESIAN_POINT('',(-105.,1.17625604085,225.52028813713));
#7349 = CARTESIAN_POINT('',(-105.,4.672198413422,225.52028813713));
#7350 = VECTOR('',#7351,1.);
#7351 = DIRECTION('',(-1.,-0.,-2.22044604925E-16));
#7352 = ADVANCED_FACE('',(#7353),#7373,.F.);
#7353 = FACE_BOUND('',#7354,.F.);
#7354 = EDGE_LOOP('',(#7355,#7365,#7366,#7367));
#7355 = ORIENTED_EDGE('',*,*,#7356,.F.);
#7356 = EDGE_CURVE('',#1629,#7357,#7359,.T.);
#7357 = VERTEX_POINT('',#7358);
#7358 = CARTESIAN_POINT('',(-98.5,4.48,230.42376706238));
#7359 = B_SPLINE_CURVE_WITH_KNOTS('',4,(#7360,#7361,#7362,#7363,#7364),
  .UNSPECIFIED.,.F.,.F.,(5,5),(0.,1.),.PIECEWISE_BEZIER_KNOTS.);
#7360 = CARTESIAN_POINT('',(-44.9999994,4.48,230.42376706238));
#7361 = CARTESIAN_POINT('',(-59.9999997,4.48,230.42376706238));
#7362 = CARTESIAN_POINT('',(-75.,4.48,230.42376706238));
#7363 = CARTESIAN_POINT('',(-90.0000003,4.48,230.42376706238));
#7364 = CARTESIAN_POINT('',(-105.0000006,4.48,230.42376706238));
#7365 = ORIENTED_EDGE('',*,*,#1651,.F.);
#7366 = ORIENTED_EDGE('',*,*,#7338,.T.);
#7367 = ORIENTED_EDGE('',*,*,#7368,.T.);
#7368 = EDGE_CURVE('',#7295,#7357,#7369,.T.);
#7369 = LINE('',#7370,#7371);
#7370 = CARTESIAN_POINT('',(-98.5,4.48,181.46626242363));
#7371 = VECTOR('',#7372,1.);
#7372 = DIRECTION('',(0.,1.224646799147E-16,1.));
#7373 = PLANE('',#7374);
#7374 = AXIS2_PLACEMENT_3D('',#7375,#7376,#7377);
#7375 = CARTESIAN_POINT('',(-43.,4.48,172.93252484726));
#7376 = DIRECTION('',(2.465190328816E-32,1.,-1.224646799147E-16));
#7377 = DIRECTION('',(-1.,6.037974890946E-48,-2.22044604925E-16));
#7378 = ADVANCED_FACE('',(#7379),#7412,.T.);
#7379 = FACE_BOUND('',#7380,.T.);
#7380 = EDGE_LOOP('',(#7381,#7404,#7405,#7406));
#7381 = ORIENTED_EDGE('',*,*,#7382,.T.);
#7382 = EDGE_CURVE('',#7383,#7357,#7385,.T.);
#7383 = VERTEX_POINT('',#7384);
#7384 = CARTESIAN_POINT('',(-98.5,0.689340749521,229.33573447615));
#7385 = B_SPLINE_CURVE_WITH_KNOTS('',5,(#7386,#7387,#7388,#7389,#7390,
    #7391,#7392,#7393,#7394,#7395,#7396,#7397,#7398,#7399,#7400,#7401,
    #7402,#7403),.UNSPECIFIED.,.F.,.F.,(6,4,4,4,6),(0.,0.234581666279,
    0.475863995664,0.729907158273,1.),.UNSPECIFIED.);
#7386 = CARTESIAN_POINT('',(-98.5,0.689340749521,229.33573447615));
#7387 = CARTESIAN_POINT('',(-98.5,0.844457642368,229.43963156277));
#7388 = CARTESIAN_POINT('',(-98.5,1.003897702643,229.53712795239));
#7389 = CARTESIAN_POINT('',(-98.5,1.167281697676,229.62804929277));
#7390 = CARTESIAN_POINT('',(-98.5,1.334192636564,229.71235820347));
#7391 = CARTESIAN_POINT('',(-98.5,1.679060773615,229.87009093292));
#7392 = CARTESIAN_POINT('',(-98.5,1.857202445019,229.94313729552));
#7393 = CARTESIAN_POINT('',(-98.5,2.038161028596,230.00932076754));
#7394 = CARTESIAN_POINT('',(-98.5,2.221496078806,230.0688299037));
#7395 = CARTESIAN_POINT('',(-98.5,2.601936164711,230.1777921862));
#7396 = CARTESIAN_POINT('',(-98.5,2.799257475257,230.22654724992));
#7397 = CARTESIAN_POINT('',(-98.5,2.998328970737,230.26845941465));
#7398 = CARTESIAN_POINT('',(-98.5,3.198764313553,230.30388040398));
#7399 = CARTESIAN_POINT('',(-98.5,3.614477963457,230.36430198082));
#7400 = CARTESIAN_POINT('',(-98.5,3.829890853457,230.38850245007));
#7401 = CARTESIAN_POINT('',(-98.5,4.0461294426,230.40619761247));
#7402 = CARTESIAN_POINT('',(-98.5,4.262903610354,230.41781950765));
#7403 = CARTESIAN_POINT('',(-98.5,4.480002884273,230.4237671414));
#7404 = ORIENTED_EDGE('',*,*,#7356,.F.);
#7405 = ORIENTED_EDGE('',*,*,#1628,.F.);
#7406 = ORIENTED_EDGE('',*,*,#7407,.F.);
#7407 = EDGE_CURVE('',#7383,#1610,#7408,.T.);
#7408 = LINE('',#7409,#7410);
#7409 = CARTESIAN_POINT('',(-105.,0.689340749521,229.33573447615));
#7410 = VECTOR('',#7411,1.);
#7411 = DIRECTION('',(1.,0.,2.22044604925E-16));
#7412 = SURFACE_OF_LINEAR_EXTRUSION('',#7413,#7417);
#7413 = B_SPLINE_CURVE_WITH_KNOTS('',2,(#7414,#7415,#7416),
  .UNSPECIFIED.,.F.,.F.,(3,3),(0.,1.),.PIECEWISE_BEZIER_KNOTS.);
#7414 = CARTESIAN_POINT('',(-105.,4.772864046686,230.42773775873));
#7415 = CARTESIAN_POINT('',(-105.,2.319686331722,230.42773775873));
#7416 = CARTESIAN_POINT('',(-105.,0.689340749521,229.33573447615));
#7417 = VECTOR('',#7418,1.);
#7418 = DIRECTION('',(-1.,-0.,-2.22044604925E-16));
#7419 = ADVANCED_FACE('',(#7420),#7449,.T.);
#7420 = FACE_BOUND('',#7421,.T.);
#7421 = EDGE_LOOP('',(#7422,#7441,#7442,#7443));
#7422 = ORIENTED_EDGE('',*,*,#7423,.T.);
#7423 = EDGE_CURVE('',#7424,#7383,#7426,.T.);
#7424 = VERTEX_POINT('',#7425);
#7425 = CARTESIAN_POINT('',(-98.5,-1.849183915383,226.36062733655));
#7426 = B_SPLINE_CURVE_WITH_KNOTS('',5,(#7427,#7428,#7429,#7430,#7431,
    #7432,#7433,#7434,#7435,#7436,#7437,#7438,#7439,#7440),
  .UNSPECIFIED.,.F.,.F.,(6,4,4,6),(0.,0.37260479997,0.731102721342,1.),
  .UNSPECIFIED.);
#7427 = CARTESIAN_POINT('',(-98.5,-1.849183915383,226.36062733655));
#7428 = CARTESIAN_POINT('',(-98.5,-1.720637296781,226.62716797584));
#7429 = CARTESIAN_POINT('',(-98.5,-1.580992457278,226.88806419427));
#7430 = CARTESIAN_POINT('',(-98.5,-1.429837657872,227.14234233844));
#7431 = CARTESIAN_POINT('',(-98.5,-1.266918493719,227.38891440791));
#7432 = CARTESIAN_POINT('',(-98.5,-0.924381614554,227.85550120478));
#7433 = CARTESIAN_POINT('',(-98.5,-0.745618892106,228.0761832261));
#7434 = CARTESIAN_POINT('',(-98.5,-0.556170469149,228.2877781271));
#7435 = CARTESIAN_POINT('',(-98.5,-0.356399632845,228.48944178902));
#7436 = CARTESIAN_POINT('',(-98.5,1.005386307761E-02,228.82387767601));
#7437 = CARTESIAN_POINT('',(-98.5,0.172535673487,228.96127850173));
#7438 = CARTESIAN_POINT('',(-98.5,0.34015150934,229.0924794297));
#7439 = CARTESIAN_POINT('',(-98.5,0.512552122125,229.21732169082));
#7440 = CARTESIAN_POINT('',(-98.5,0.689340749521,229.33573447615));
#7441 = ORIENTED_EDGE('',*,*,#7407,.T.);
#7442 = ORIENTED_EDGE('',*,*,#1609,.F.);
#7443 = ORIENTED_EDGE('',*,*,#7444,.F.);
#7444 = EDGE_CURVE('',#7424,#1602,#7445,.T.);
#7445 = LINE('',#7446,#7447);
#7446 = CARTESIAN_POINT('',(-105.,-1.849183915383,226.36062733655));
#7447 = VECTOR('',#7448,1.);
#7448 = DIRECTION('',(1.,0.,2.22044604925E-16));
#7449 = SURFACE_OF_LINEAR_EXTRUSION('',#7450,#7454);
#7450 = B_SPLINE_CURVE_WITH_KNOTS('',2,(#7451,#7452,#7453),
  .UNSPECIFIED.,.F.,.F.,(3,3),(0.,1.),.PIECEWISE_BEZIER_KNOTS.);
#7451 = CARTESIAN_POINT('',(-105.,0.689340749521,229.33573447615));
#7452 = CARTESIAN_POINT('',(-105.,-0.94100483268,228.24373119358));
#7453 = CARTESIAN_POINT('',(-105.,-1.849183915383,226.36062733655));
#7454 = VECTOR('',#7455,1.);
#7455 = DIRECTION('',(-1.,-0.,-2.22044604925E-16));
#7456 = ADVANCED_FACE('',(#7457),#7475,.F.);
#7457 = FACE_BOUND('',#7458,.T.);
#7458 = EDGE_LOOP('',(#7459,#7467,#7468,#7469));
#7459 = ORIENTED_EDGE('',*,*,#7460,.T.);
#7460 = EDGE_CURVE('',#7461,#7424,#7463,.T.);
#7461 = VERTEX_POINT('',#7462);
#7462 = CARTESIAN_POINT('',(-98.5,-4.48,227.88517916051));
#7463 = LINE('',#7464,#7465);
#7464 = CARTESIAN_POINT('',(-98.5,-9.510813738543,230.80052406279));
#7465 = VECTOR('',#7466,1.);
#7466 = DIRECTION('',(0.,0.865219751852,-0.501392841));
#7467 = ORIENTED_EDGE('',*,*,#7444,.T.);
#7468 = ORIENTED_EDGE('',*,*,#1601,.F.);
#7469 = ORIENTED_EDGE('',*,*,#7470,.F.);
#7470 = EDGE_CURVE('',#7461,#1594,#7471,.T.);
#7471 = LINE('',#7472,#7473);
#7472 = CARTESIAN_POINT('',(-74.,-4.48,227.88517916051));
#7473 = VECTOR('',#7474,1.);
#7474 = DIRECTION('',(1.,2.540718180781E-33,2.22044604925E-16));
#7475 = PLANE('',#7476);
#7476 = AXIS2_PLACEMENT_3D('',#7477,#7478,#7479);
#7477 = CARTESIAN_POINT('',(-105.,-1.849183915383,226.36062733655));
#7478 = DIRECTION('',(-1.921173779732E-16,0.501392841,0.865219751852));
#7479 = DIRECTION('',(1.11331575292E-16,0.865219751852,-0.501392841));
#7480 = ADVANCED_FACE('',(#7481),#7499,.T.);
#7481 = FACE_BOUND('',#7482,.T.);
#7482 = EDGE_LOOP('',(#7483,#7491,#7492,#7493));
#7483 = ORIENTED_EDGE('',*,*,#7484,.T.);
#7484 = EDGE_CURVE('',#7485,#7461,#7487,.T.);
#7485 = VERTEX_POINT('',#7486);
#7486 = CARTESIAN_POINT('',(-98.5,-4.48,222.90144388458));
#7487 = LINE('',#7488,#7489);
#7488 = CARTESIAN_POINT('',(-98.5,-4.48,181.46626242363));
#7489 = VECTOR('',#7490,1.);
#7490 = DIRECTION('',(0.,1.224646799147E-16,1.));
#7491 = ORIENTED_EDGE('',*,*,#7470,.T.);
#7492 = ORIENTED_EDGE('',*,*,#1593,.F.);
#7493 = ORIENTED_EDGE('',*,*,#7494,.T.);
#7494 = EDGE_CURVE('',#1586,#7485,#7495,.T.);
#7495 = LINE('',#7496,#7497);
#7496 = CARTESIAN_POINT('',(-74.,-4.48,222.90144388458));
#7497 = VECTOR('',#7498,1.);
#7498 = DIRECTION('',(-1.,-2.540718180781E-33,-2.22044604925E-16));
#7499 = PLANE('',#7500);
#7500 = AXIS2_PLACEMENT_3D('',#7501,#7502,#7503);
#7501 = CARTESIAN_POINT('',(-43.,-4.48,172.93252484726));
#7502 = DIRECTION('',(2.465190328816E-32,1.,-1.224646799147E-16));
#7503 = DIRECTION('',(-1.,6.037974890946E-48,-2.22044604925E-16));
#7504 = ADVANCED_FACE('',(#7505),#7523,.F.);
#7505 = FACE_BOUND('',#7506,.T.);
#7506 = EDGE_LOOP('',(#7507,#7515,#7516,#7517));
#7507 = ORIENTED_EDGE('',*,*,#7508,.T.);
#7508 = EDGE_CURVE('',#7509,#7485,#7511,.T.);
#7509 = VERTEX_POINT('',#7510);
#7510 = CARTESIAN_POINT('',(-98.5,-2.957600072946,222.05826570621));
#7511 = LINE('',#7512,#7513);
#7512 = CARTESIAN_POINT('',(-98.5,-16.15536283491,229.36782042081));
#7513 = VECTOR('',#7514,1.);
#7514 = DIRECTION('',(0.,-0.874790665847,0.484501074248));
#7515 = ORIENTED_EDGE('',*,*,#7494,.F.);
#7516 = ORIENTED_EDGE('',*,*,#1585,.F.);
#7517 = ORIENTED_EDGE('',*,*,#7518,.F.);
#7518 = EDGE_CURVE('',#7509,#1578,#7519,.T.);
#7519 = LINE('',#7520,#7521);
#7520 = CARTESIAN_POINT('',(-105.,-2.957600072946,222.05826570621));
#7521 = VECTOR('',#7522,1.);
#7522 = DIRECTION('',(1.,0.,2.22044604925E-16));
#7523 = PLANE('',#7524);
#7524 = AXIS2_PLACEMENT_3D('',#7525,#7526,#7527);
#7525 = CARTESIAN_POINT('',(-105.,-12.,227.06638096106));
#7526 = DIRECTION('',(1.942425477901E-16,-0.484501074248,-0.874790665847
    ));
#7527 = DIRECTION('',(-1.07580849617E-16,-0.874790665847,0.484501074248)
  );
#7528 = ADVANCED_FACE('',(#7529),#7547,.F.);
#7529 = FACE_BOUND('',#7530,.T.);
#7530 = EDGE_LOOP('',(#7531,#7539,#7540,#7541));
#7531 = ORIENTED_EDGE('',*,*,#7532,.T.);
#7532 = EDGE_CURVE('',#7533,#7509,#7535,.T.);
#7533 = VERTEX_POINT('',#7534);
#7534 = CARTESIAN_POINT('',(-98.5,-2.957600072946,220.1423360992));
#7535 = LINE('',#7536,#7537);
#7536 = CARTESIAN_POINT('',(-98.5,-2.957600072946,206.0291328531));
#7537 = VECTOR('',#7538,1.);
#7538 = DIRECTION('',(0.,0.,1.));
#7539 = ORIENTED_EDGE('',*,*,#7518,.T.);
#7540 = ORIENTED_EDGE('',*,*,#1577,.F.);
#7541 = ORIENTED_EDGE('',*,*,#7542,.F.);
#7542 = EDGE_CURVE('',#7533,#1570,#7543,.T.);
#7543 = LINE('',#7544,#7545);
#7544 = CARTESIAN_POINT('',(-105.,-2.957600072946,220.1423360992));
#7545 = VECTOR('',#7546,1.);
#7546 = DIRECTION('',(1.,0.,2.22044604925E-16));
#7547 = PLANE('',#7548);
#7548 = AXIS2_PLACEMENT_3D('',#7549,#7550,#7551);
#7549 = CARTESIAN_POINT('',(-105.,-2.957600072946,222.05826570621));
#7550 = DIRECTION('',(0.,-1.,0.));
#7551 = DIRECTION('',(-2.22044604925E-16,0.,1.));
#7552 = ADVANCED_FACE('',(#7553),#7571,.F.);
#7553 = FACE_BOUND('',#7554,.T.);
#7554 = EDGE_LOOP('',(#7555,#7563,#7564,#7565));
#7555 = ORIENTED_EDGE('',*,*,#7556,.T.);
#7556 = EDGE_CURVE('',#7557,#7533,#7559,.T.);
#7557 = VERTEX_POINT('',#7558);
#7558 = CARTESIAN_POINT('',(-98.5,-4.48,220.1423360992));
#7559 = LINE('',#7560,#7561);
#7560 = CARTESIAN_POINT('',(-98.5,-23.17338131726,220.1423360992));
#7561 = VECTOR('',#7562,1.);
#7562 = DIRECTION('',(0.,1.,0.));
#7563 = ORIENTED_EDGE('',*,*,#7542,.T.);
#7564 = ORIENTED_EDGE('',*,*,#1569,.F.);
#7565 = ORIENTED_EDGE('',*,*,#7566,.F.);
#7566 = EDGE_CURVE('',#7557,#1562,#7567,.T.);
#7567 = LINE('',#7568,#7569);
#7568 = CARTESIAN_POINT('',(-74.,-4.48,220.1423360992));
#7569 = VECTOR('',#7570,1.);
#7570 = DIRECTION('',(1.,2.540718180781E-33,2.22044604925E-16));
#7571 = PLANE('',#7572);
#7572 = AXIS2_PLACEMENT_3D('',#7573,#7574,#7575);
#7573 = CARTESIAN_POINT('',(-105.,-2.957600072946,220.1423360992));
#7574 = DIRECTION('',(-2.22044604925E-16,0.,1.));
#7575 = DIRECTION('',(0.,1.,0.));
#7576 = ADVANCED_FACE('',(#7577),#7595,.T.);
#7577 = FACE_BOUND('',#7578,.T.);
#7578 = EDGE_LOOP('',(#7579,#7580,#7581,#7589));
#7579 = ORIENTED_EDGE('',*,*,#7566,.T.);
#7580 = ORIENTED_EDGE('',*,*,#1561,.F.);
#7581 = ORIENTED_EDGE('',*,*,#7582,.T.);
#7582 = EDGE_CURVE('',#1554,#7583,#7585,.T.);
#7583 = VERTEX_POINT('',#7584);
#7584 = CARTESIAN_POINT('',(-98.5,-4.48,215.26880641925));
#7585 = LINE('',#7586,#7587);
#7586 = CARTESIAN_POINT('',(-74.,-4.48,215.26880641925));
#7587 = VECTOR('',#7588,1.);
#7588 = DIRECTION('',(-1.,-2.540718180781E-33,-2.22044604925E-16));
#7589 = ORIENTED_EDGE('',*,*,#7590,.T.);
#7590 = EDGE_CURVE('',#7583,#7557,#7591,.T.);
#7591 = LINE('',#7592,#7593);
#7592 = CARTESIAN_POINT('',(-98.5,-4.48,181.46626242363));
#7593 = VECTOR('',#7594,1.);
#7594 = DIRECTION('',(0.,1.224646799147E-16,1.));
#7595 = PLANE('',#7596);
#7596 = AXIS2_PLACEMENT_3D('',#7597,#7598,#7599);
#7597 = CARTESIAN_POINT('',(-43.,-4.48,172.93252484726));
#7598 = DIRECTION('',(2.465190328816E-32,1.,-1.224646799147E-16));
#7599 = DIRECTION('',(-1.,6.037974890946E-48,-2.22044604925E-16));
#7600 = ADVANCED_FACE('',(#7601),#7612,.F.);
#7601 = FACE_BOUND('',#7602,.T.);
#7602 = EDGE_LOOP('',(#7603,#7609,#7610,#7611));
#7603 = ORIENTED_EDGE('',*,*,#7604,.T.);
#7604 = EDGE_CURVE('',#7225,#7583,#7605,.T.);
#7605 = LINE('',#7606,#7607);
#7606 = CARTESIAN_POINT('',(-98.5,-27.69458128078,215.26880641925));
#7607 = VECTOR('',#7608,1.);
#7608 = DIRECTION('',(0.,-1.,0.));
#7609 = ORIENTED_EDGE('',*,*,#7582,.F.);
#7610 = ORIENTED_EDGE('',*,*,#1553,.F.);
#7611 = ORIENTED_EDGE('',*,*,#7224,.T.);
#7612 = PLANE('',#7613);
#7613 = AXIS2_PLACEMENT_3D('',#7614,#7615,#7616);
#7614 = CARTESIAN_POINT('',(-105.,-12.,215.26880641925));
#7615 = DIRECTION('',(2.22044604925E-16,0.,-1.));
#7616 = DIRECTION('',(0.,-1.,0.));
#7617 = ADVANCED_FACE('',(#7618),#7643,.F.);
#7618 = FACE_BOUND('',#7619,.F.);
#7619 = EDGE_LOOP('',(#7620,#7630,#7636,#7637));
#7620 = ORIENTED_EDGE('',*,*,#7621,.T.);
#7621 = EDGE_CURVE('',#7622,#7624,#7626,.T.);
#7622 = VERTEX_POINT('',#7623);
#7623 = CARTESIAN_POINT('',(-98.5,4.48,240.4450624601));
#7624 = VERTEX_POINT('',#7625);
#7625 = CARTESIAN_POINT('',(-98.5,4.48,245.11726087353));
#7626 = LINE('',#7627,#7628);
#7627 = CARTESIAN_POINT('',(-98.5,4.48,181.46626242363));
#7628 = VECTOR('',#7629,1.);
#7629 = DIRECTION('',(0.,1.224646799147E-16,1.));
#7630 = ORIENTED_EDGE('',*,*,#7631,.T.);
#7631 = EDGE_CURVE('',#7624,#1720,#7632,.T.);
#7632 = LINE('',#7633,#7634);
#7633 = CARTESIAN_POINT('',(-74.,4.48,245.11726087353));
#7634 = VECTOR('',#7635,1.);
#7635 = DIRECTION('',(1.,2.540718180781E-33,2.22044604925E-16));
#7636 = ORIENTED_EDGE('',*,*,#1717,.F.);
#7637 = ORIENTED_EDGE('',*,*,#7638,.T.);
#7638 = EDGE_CURVE('',#1718,#7622,#7639,.T.);
#7639 = LINE('',#7640,#7641);
#7640 = CARTESIAN_POINT('',(-74.,4.48,240.4450624601));
#7641 = VECTOR('',#7642,1.);
#7642 = DIRECTION('',(-1.,-2.540718180781E-33,-2.22044604925E-16));
#7643 = PLANE('',#7644);
#7644 = AXIS2_PLACEMENT_3D('',#7645,#7646,#7647);
#7645 = CARTESIAN_POINT('',(-43.,4.48,172.93252484726));
#7646 = DIRECTION('',(2.465190328816E-32,1.,-1.224646799147E-16));
#7647 = DIRECTION('',(-1.,6.037974890946E-48,-2.22044604925E-16));
#7648 = ADVANCED_FACE('',(#7649),#7667,.F.);
#7649 = FACE_BOUND('',#7650,.T.);
#7650 = EDGE_LOOP('',(#7651,#7659,#7660,#7661));
#7651 = ORIENTED_EDGE('',*,*,#7652,.T.);
#7652 = EDGE_CURVE('',#7653,#7624,#7655,.T.);
#7653 = VERTEX_POINT('',#7654);
#7654 = CARTESIAN_POINT('',(-98.5,-4.48,245.11726087353));
#7655 = LINE('',#7656,#7657);
#7656 = CARTESIAN_POINT('',(-98.5,-17.6438837336,245.11726087353));
#7657 = VECTOR('',#7658,1.);
#7658 = DIRECTION('',(0.,1.,0.));
#7659 = ORIENTED_EDGE('',*,*,#7631,.T.);
#7660 = ORIENTED_EDGE('',*,*,#1743,.F.);
#7661 = ORIENTED_EDGE('',*,*,#7662,.F.);
#7662 = EDGE_CURVE('',#7653,#1736,#7663,.T.);
#7663 = LINE('',#7664,#7665);
#7664 = CARTESIAN_POINT('',(-74.,-4.48,245.11726087353));
#7665 = VECTOR('',#7666,1.);
#7666 = DIRECTION('',(1.,2.540718180781E-33,2.22044604925E-16));
#7667 = PLANE('',#7668);
#7668 = AXIS2_PLACEMENT_3D('',#7669,#7670,#7671);
#7669 = CARTESIAN_POINT('',(-105.,8.101395094374,245.11726087353));
#7670 = DIRECTION('',(-2.22044604925E-16,0.,1.));
#7671 = DIRECTION('',(0.,1.,0.));
#7672 = ADVANCED_FACE('',(#7673),#7691,.T.);
#7673 = FACE_BOUND('',#7674,.T.);
#7674 = EDGE_LOOP('',(#7675,#7683,#7684,#7685));
#7675 = ORIENTED_EDGE('',*,*,#7676,.T.);
#7676 = EDGE_CURVE('',#7677,#7653,#7679,.T.);
#7677 = VERTEX_POINT('',#7678);
#7678 = CARTESIAN_POINT('',(-98.5,-4.48,240.4450624601));
#7679 = LINE('',#7680,#7681);
#7680 = CARTESIAN_POINT('',(-98.5,-4.48,181.46626242363));
#7681 = VECTOR('',#7682,1.);
#7682 = DIRECTION('',(0.,1.224646799147E-16,1.));
#7683 = ORIENTED_EDGE('',*,*,#7662,.T.);
#7684 = ORIENTED_EDGE('',*,*,#1735,.F.);
#7685 = ORIENTED_EDGE('',*,*,#7686,.T.);
#7686 = EDGE_CURVE('',#1728,#7677,#7687,.T.);
#7687 = LINE('',#7688,#7689);
#7688 = CARTESIAN_POINT('',(-74.,-4.48,240.4450624601));
#7689 = VECTOR('',#7690,1.);
#7690 = DIRECTION('',(-1.,-2.540718180781E-33,-2.22044604925E-16));
#7691 = PLANE('',#7692);
#7692 = AXIS2_PLACEMENT_3D('',#7693,#7694,#7695);
#7693 = CARTESIAN_POINT('',(-43.,-4.48,172.93252484726));
#7694 = DIRECTION('',(2.465190328816E-32,1.,-1.224646799147E-16));
#7695 = DIRECTION('',(-1.,6.037974890946E-48,-2.22044604925E-16));
#7696 = ADVANCED_FACE('',(#7697),#7708,.F.);
#7697 = FACE_BOUND('',#7698,.T.);
#7698 = EDGE_LOOP('',(#7699,#7705,#7706,#7707));
#7699 = ORIENTED_EDGE('',*,*,#7700,.T.);
#7700 = EDGE_CURVE('',#7622,#7677,#7701,.T.);
#7701 = LINE('',#7702,#7703);
#7702 = CARTESIAN_POINT('',(-98.5,-25.74473173214,240.4450624601));
#7703 = VECTOR('',#7704,1.);
#7704 = DIRECTION('',(0.,-1.,0.));
#7705 = ORIENTED_EDGE('',*,*,#7686,.F.);
#7706 = ORIENTED_EDGE('',*,*,#1727,.F.);
#7707 = ORIENTED_EDGE('',*,*,#7638,.T.);
#7708 = PLANE('',#7709);
#7709 = AXIS2_PLACEMENT_3D('',#7710,#7711,#7712);
#7710 = CARTESIAN_POINT('',(-105.,-8.100300902708,240.4450624601));
#7711 = DIRECTION('',(2.22044604925E-16,0.,-1.));
#7712 = DIRECTION('',(0.,-1.,0.));
#7713 = ADVANCED_FACE('',(#7714),#7739,.F.);
#7714 = FACE_BOUND('',#7715,.F.);
#7715 = EDGE_LOOP('',(#7716,#7724,#7725,#7733));
#7716 = ORIENTED_EDGE('',*,*,#7717,.T.);
#7717 = EDGE_CURVE('',#7718,#1754,#7720,.T.);
#7718 = VERTEX_POINT('',#7719);
#7719 = CARTESIAN_POINT('',(-98.5,-6.08,220.1423360992));
#7720 = LINE('',#7721,#7722);
#7721 = CARTESIAN_POINT('',(-74.,-6.08,220.1423360992));
#7722 = VECTOR('',#7723,1.);
#7723 = DIRECTION('',(1.,2.540718180781E-33,2.22044604925E-16));
#7724 = ORIENTED_EDGE('',*,*,#1751,.F.);
#7725 = ORIENTED_EDGE('',*,*,#7726,.T.);
#7726 = EDGE_CURVE('',#1752,#7727,#7729,.T.);
#7727 = VERTEX_POINT('',#7728);
#7728 = CARTESIAN_POINT('',(-98.5,-6.08,215.26880641925));
#7729 = LINE('',#7730,#7731);
#7730 = CARTESIAN_POINT('',(-74.,-6.08,215.26880641925));
#7731 = VECTOR('',#7732,1.);
#7732 = DIRECTION('',(-1.,-2.540718180781E-33,-2.22044604925E-16));
#7733 = ORIENTED_EDGE('',*,*,#7734,.T.);
#7734 = EDGE_CURVE('',#7727,#7718,#7735,.T.);
#7735 = LINE('',#7736,#7737);
#7736 = CARTESIAN_POINT('',(-98.5,-6.08,181.46626242363));
#7737 = VECTOR('',#7738,1.);
#7738 = DIRECTION('',(0.,1.224646799147E-16,1.));
#7739 = PLANE('',#7740);
#7740 = AXIS2_PLACEMENT_3D('',#7741,#7742,#7743);
#7741 = CARTESIAN_POINT('',(-43.,-6.08,172.93252484726));
#7742 = DIRECTION('',(2.465190328816E-32,1.,-1.224646799147E-16));
#7743 = DIRECTION('',(-1.,6.037974890946E-48,-2.22044604925E-16));
#7744 = ADVANCED_FACE('',(#7745),#7763,.F.);
#7745 = FACE_BOUND('',#7746,.T.);
#7746 = EDGE_LOOP('',(#7747,#7755,#7756,#7757));
#7747 = ORIENTED_EDGE('',*,*,#7748,.T.);
#7748 = EDGE_CURVE('',#7749,#7718,#7751,.T.);
#7749 = VERTEX_POINT('',#7750);
#7750 = CARTESIAN_POINT('',(-98.5,-12.,220.1423360992));
#7751 = LINE('',#7752,#7753);
#7752 = CARTESIAN_POINT('',(-98.5,-23.17338131726,220.1423360992));
#7753 = VECTOR('',#7754,1.);
#7754 = DIRECTION('',(0.,1.,0.));
#7755 = ORIENTED_EDGE('',*,*,#7717,.T.);
#7756 = ORIENTED_EDGE('',*,*,#1777,.F.);
#7757 = ORIENTED_EDGE('',*,*,#7758,.F.);
#7758 = EDGE_CURVE('',#7749,#1770,#7759,.T.);
#7759 = LINE('',#7760,#7761);
#7760 = CARTESIAN_POINT('',(-105.,-12.,220.1423360992));
#7761 = VECTOR('',#7762,1.);
#7762 = DIRECTION('',(1.,0.,2.22044604925E-16));
#7763 = PLANE('',#7764);
#7764 = AXIS2_PLACEMENT_3D('',#7765,#7766,#7767);
#7765 = CARTESIAN_POINT('',(-105.,-2.957600072946,220.1423360992));
#7766 = DIRECTION('',(-2.22044604925E-16,0.,1.));
#7767 = DIRECTION('',(0.,1.,0.));
#7768 = ADVANCED_FACE('',(#7769),#7787,.F.);
#7769 = FACE_BOUND('',#7770,.T.);
#7770 = EDGE_LOOP('',(#7771,#7779,#7780,#7781));
#7771 = ORIENTED_EDGE('',*,*,#7772,.T.);
#7772 = EDGE_CURVE('',#7773,#7749,#7775,.T.);
#7773 = VERTEX_POINT('',#7774);
#7774 = CARTESIAN_POINT('',(-98.5,-12.,215.26880641925));
#7775 = LINE('',#7776,#7777);
#7776 = CARTESIAN_POINT('',(-98.5,-12.,205.0711680496));
#7777 = VECTOR('',#7778,1.);
#7778 = DIRECTION('',(0.,0.,1.));
#7779 = ORIENTED_EDGE('',*,*,#7758,.T.);
#7780 = ORIENTED_EDGE('',*,*,#1769,.F.);
#7781 = ORIENTED_EDGE('',*,*,#7782,.F.);
#7782 = EDGE_CURVE('',#7773,#1762,#7783,.T.);
#7783 = LINE('',#7784,#7785);
#7784 = CARTESIAN_POINT('',(-105.,-12.,215.26880641925));
#7785 = VECTOR('',#7786,1.);
#7786 = DIRECTION('',(1.,0.,2.22044604925E-16));
#7787 = PLANE('',#7788);
#7788 = AXIS2_PLACEMENT_3D('',#7789,#7790,#7791);
#7789 = CARTESIAN_POINT('',(-105.,-12.,220.1423360992));
#7790 = DIRECTION('',(0.,-1.,0.));
#7791 = DIRECTION('',(-2.22044604925E-16,0.,1.));
#7792 = ADVANCED_FACE('',(#7793),#7804,.F.);
#7793 = FACE_BOUND('',#7794,.T.);
#7794 = EDGE_LOOP('',(#7795,#7801,#7802,#7803));
#7795 = ORIENTED_EDGE('',*,*,#7796,.T.);
#7796 = EDGE_CURVE('',#7727,#7773,#7797,.T.);
#7797 = LINE('',#7798,#7799);
#7798 = CARTESIAN_POINT('',(-98.5,-27.69458128078,215.26880641925));
#7799 = VECTOR('',#7800,1.);
#7800 = DIRECTION('',(0.,-1.,0.));
#7801 = ORIENTED_EDGE('',*,*,#7782,.T.);
#7802 = ORIENTED_EDGE('',*,*,#1761,.F.);
#7803 = ORIENTED_EDGE('',*,*,#7726,.T.);
#7804 = PLANE('',#7805);
#7805 = AXIS2_PLACEMENT_3D('',#7806,#7807,#7808);
#7806 = CARTESIAN_POINT('',(-105.,-12.,215.26880641925));
#7807 = DIRECTION('',(2.22044604925E-16,0.,-1.));
#7808 = DIRECTION('',(0.,-1.,0.));
#7809 = ADVANCED_FACE('',(#7810),#7835,.F.);
#7810 = FACE_BOUND('',#7811,.F.);
#7811 = EDGE_LOOP('',(#7812,#7822,#7828,#7829));
#7812 = ORIENTED_EDGE('',*,*,#7813,.T.);
#7813 = EDGE_CURVE('',#7814,#7816,#7818,.T.);
#7814 = VERTEX_POINT('',#7815);
#7815 = CARTESIAN_POINT('',(-98.5,-6.08,223.78760070937));
#7816 = VERTEX_POINT('',#7817);
#7817 = CARTESIAN_POINT('',(-98.5,-6.08,228.81237545242));
#7818 = LINE('',#7819,#7820);
#7819 = CARTESIAN_POINT('',(-98.5,-6.08,181.46626242363));
#7820 = VECTOR('',#7821,1.);
#7821 = DIRECTION('',(0.,1.224646799147E-16,1.));
#7822 = ORIENTED_EDGE('',*,*,#7823,.T.);
#7823 = EDGE_CURVE('',#7816,#1788,#7824,.T.);
#7824 = LINE('',#7825,#7826);
#7825 = CARTESIAN_POINT('',(-74.,-6.08,228.81237545242));
#7826 = VECTOR('',#7827,1.);
#7827 = DIRECTION('',(1.,2.540718180781E-33,2.22044604925E-16));
#7828 = ORIENTED_EDGE('',*,*,#1785,.F.);
#7829 = ORIENTED_EDGE('',*,*,#7830,.T.);
#7830 = EDGE_CURVE('',#1786,#7814,#7831,.T.);
#7831 = LINE('',#7832,#7833);
#7832 = CARTESIAN_POINT('',(-74.,-6.08,223.78760070937));
#7833 = VECTOR('',#7834,1.);
#7834 = DIRECTION('',(-1.,-2.540718180781E-33,-2.22044604925E-16));
#7835 = PLANE('',#7836);
#7836 = AXIS2_PLACEMENT_3D('',#7837,#7838,#7839);
#7837 = CARTESIAN_POINT('',(-43.,-6.08,172.93252484726));
#7838 = DIRECTION('',(2.465190328816E-32,1.,-1.224646799147E-16));
#7839 = DIRECTION('',(-1.,6.037974890946E-48,-2.22044604925E-16));
#7840 = ADVANCED_FACE('',(#7841),#7859,.F.);
#7841 = FACE_BOUND('',#7842,.T.);
#7842 = EDGE_LOOP('',(#7843,#7851,#7852,#7853));
#7843 = ORIENTED_EDGE('',*,*,#7844,.T.);
#7844 = EDGE_CURVE('',#7845,#7816,#7847,.T.);
#7845 = VERTEX_POINT('',#7846);
#7846 = CARTESIAN_POINT('',(-98.5,-12.,232.24300173247));
#7847 = LINE('',#7848,#7849);
#7848 = CARTESIAN_POINT('',(-98.5,-9.510813738543,230.80052406279));
#7849 = VECTOR('',#7850,1.);
#7850 = DIRECTION('',(0.,0.865219751852,-0.501392841));
#7851 = ORIENTED_EDGE('',*,*,#7823,.T.);
#7852 = ORIENTED_EDGE('',*,*,#1811,.F.);
#7853 = ORIENTED_EDGE('',*,*,#7854,.F.);
#7854 = EDGE_CURVE('',#7845,#1804,#7855,.T.);
#7855 = LINE('',#7856,#7857);
#7856 = CARTESIAN_POINT('',(-105.,-12.,232.24300173247));
#7857 = VECTOR('',#7858,1.);
#7858 = DIRECTION('',(1.,0.,2.22044604925E-16));
#7859 = PLANE('',#7860);
#7860 = AXIS2_PLACEMENT_3D('',#7861,#7862,#7863);
#7861 = CARTESIAN_POINT('',(-105.,-1.849183915383,226.36062733655));
#7862 = DIRECTION('',(-1.921173779732E-16,0.501392841,0.865219751852));
#7863 = DIRECTION('',(1.11331575292E-16,0.865219751852,-0.501392841));
#7864 = ADVANCED_FACE('',(#7865),#7883,.F.);
#7865 = FACE_BOUND('',#7866,.T.);
#7866 = EDGE_LOOP('',(#7867,#7875,#7876,#7877));
#7867 = ORIENTED_EDGE('',*,*,#7868,.T.);
#7868 = EDGE_CURVE('',#7869,#7845,#7871,.T.);
#7869 = VERTEX_POINT('',#7870);
#7870 = CARTESIAN_POINT('',(-98.5,-12.,227.06638096106));
#7871 = LINE('',#7872,#7873);
#7872 = CARTESIAN_POINT('',(-98.5,-12.,211.12150086623));
#7873 = VECTOR('',#7874,1.);
#7874 = DIRECTION('',(0.,0.,1.));
#7875 = ORIENTED_EDGE('',*,*,#7854,.T.);
#7876 = ORIENTED_EDGE('',*,*,#1803,.F.);
#7877 = ORIENTED_EDGE('',*,*,#7878,.F.);
#7878 = EDGE_CURVE('',#7869,#1796,#7879,.T.);
#7879 = LINE('',#7880,#7881);
#7880 = CARTESIAN_POINT('',(-105.,-12.,227.06638096106));
#7881 = VECTOR('',#7882,1.);
#7882 = DIRECTION('',(1.,0.,2.22044604925E-16));
#7883 = PLANE('',#7884);
#7884 = AXIS2_PLACEMENT_3D('',#7885,#7886,#7887);
#7885 = CARTESIAN_POINT('',(-105.,-12.,232.24300173247));
#7886 = DIRECTION('',(0.,-1.,0.));
#7887 = DIRECTION('',(-2.22044604925E-16,0.,1.));
#7888 = ADVANCED_FACE('',(#7889),#7900,.F.);
#7889 = FACE_BOUND('',#7890,.T.);
#7890 = EDGE_LOOP('',(#7891,#7897,#7898,#7899));
#7891 = ORIENTED_EDGE('',*,*,#7892,.T.);
#7892 = EDGE_CURVE('',#7814,#7869,#7893,.T.);
#7893 = LINE('',#7894,#7895);
#7894 = CARTESIAN_POINT('',(-98.5,-16.15536283491,229.36782042081));
#7895 = VECTOR('',#7896,1.);
#7896 = DIRECTION('',(0.,-0.874790665847,0.484501074248));
#7897 = ORIENTED_EDGE('',*,*,#7878,.T.);
#7898 = ORIENTED_EDGE('',*,*,#1795,.F.);
#7899 = ORIENTED_EDGE('',*,*,#7830,.T.);
#7900 = PLANE('',#7901);
#7901 = AXIS2_PLACEMENT_3D('',#7902,#7903,#7904);
#7902 = CARTESIAN_POINT('',(-105.,-12.,227.06638096106));
#7903 = DIRECTION('',(1.942425477901E-16,-0.484501074248,-0.874790665847
    ));
#7904 = DIRECTION('',(-1.07580849617E-16,-0.874790665847,0.484501074248)
  );
#7905 = ADVANCED_FACE('',(#7906),#7931,.F.);
#7906 = FACE_BOUND('',#7907,.T.);
#7907 = EDGE_LOOP('',(#7908,#7918,#7924,#7925));
#7908 = ORIENTED_EDGE('',*,*,#7909,.T.);
#7909 = EDGE_CURVE('',#7910,#7912,#7914,.T.);
#7910 = VERTEX_POINT('',#7911);
#7911 = CARTESIAN_POINT('',(-98.5,-8.100300902708,240.4450624601));
#7912 = VERTEX_POINT('',#7913);
#7913 = CARTESIAN_POINT('',(-98.5,-8.638643202334,235.77286404668));
#7914 = LINE('',#7915,#7916);
#7915 = CARTESIAN_POINT('',(-98.5,-11.4687789856,211.21050674067));
#7916 = VECTOR('',#7917,1.);
#7917 = DIRECTION('',(0.,-0.114465155439,-0.993427263664));
#7918 = ORIENTED_EDGE('',*,*,#7919,.T.);
#7919 = EDGE_CURVE('',#7912,#1822,#7920,.T.);
#7920 = LINE('',#7921,#7922);
#7921 = CARTESIAN_POINT('',(-105.,-8.638643202334,235.77286404668));
#7922 = VECTOR('',#7923,1.);
#7923 = DIRECTION('',(1.,0.,2.22044604925E-16));
#7924 = ORIENTED_EDGE('',*,*,#1819,.F.);
#7925 = ORIENTED_EDGE('',*,*,#7926,.F.);
#7926 = EDGE_CURVE('',#7910,#1820,#7927,.T.);
#7927 = LINE('',#7928,#7929);
#7928 = CARTESIAN_POINT('',(-105.,-8.100300902708,240.4450624601));
#7929 = VECTOR('',#7930,1.);
#7930 = DIRECTION('',(1.,0.,2.22044604925E-16));
#7931 = PLANE('',#7932);
#7932 = AXIS2_PLACEMENT_3D('',#7933,#7934,#7935);
#7933 = CARTESIAN_POINT('',(-105.,-8.638643202334,235.77286404668));
#7934 = DIRECTION('',(2.541637021703E-17,0.993427263664,-0.114465155439)
  );
#7935 = DIRECTION('',(2.20585164282E-16,-0.114465155439,-0.993427263664)
  );
#7936 = ADVANCED_FACE('',(#7937),#7955,.F.);
#7937 = FACE_BOUND('',#7938,.T.);
#7938 = EDGE_LOOP('',(#7939,#7947,#7948,#7949));
#7939 = ORIENTED_EDGE('',*,*,#7940,.T.);
#7940 = EDGE_CURVE('',#7941,#7910,#7943,.T.);
#7941 = VERTEX_POINT('',#7942);
#7942 = CARTESIAN_POINT('',(-98.5,-6.08,240.4450624601));
#7943 = LINE('',#7944,#7945);
#7944 = CARTESIAN_POINT('',(-98.5,-25.74473173214,240.4450624601));
#7945 = VECTOR('',#7946,1.);
#7946 = DIRECTION('',(0.,-1.,0.));
#7947 = ORIENTED_EDGE('',*,*,#7926,.T.);
#7948 = ORIENTED_EDGE('',*,*,#1877,.F.);
#7949 = ORIENTED_EDGE('',*,*,#7950,.T.);
#7950 = EDGE_CURVE('',#1870,#7941,#7951,.T.);
#7951 = LINE('',#7952,#7953);
#7952 = CARTESIAN_POINT('',(-74.,-6.08,240.4450624601));
#7953 = VECTOR('',#7954,1.);
#7954 = DIRECTION('',(-1.,-2.540718180781E-33,-2.22044604925E-16));
#7955 = PLANE('',#7956);
#7956 = AXIS2_PLACEMENT_3D('',#7957,#7958,#7959);
#7957 = CARTESIAN_POINT('',(-105.,-8.100300902708,240.4450624601));
#7958 = DIRECTION('',(2.22044604925E-16,0.,-1.));
#7959 = DIRECTION('',(0.,-1.,0.));
#7960 = ADVANCED_FACE('',(#7961),#7979,.F.);
#7961 = FACE_BOUND('',#7962,.F.);
#7962 = EDGE_LOOP('',(#7963,#7971,#7977,#7978));
#7963 = ORIENTED_EDGE('',*,*,#7964,.T.);
#7964 = EDGE_CURVE('',#7941,#7965,#7967,.T.);
#7965 = VERTEX_POINT('',#7966);
#7966 = CARTESIAN_POINT('',(-98.5,-6.08,245.11726087353));
#7967 = LINE('',#7968,#7969);
#7968 = CARTESIAN_POINT('',(-98.5,-6.08,181.46626242363));
#7969 = VECTOR('',#7970,1.);
#7970 = DIRECTION('',(0.,1.224646799147E-16,1.));
#7971 = ORIENTED_EDGE('',*,*,#7972,.T.);
#7972 = EDGE_CURVE('',#7965,#1862,#7973,.T.);
#7973 = LINE('',#7974,#7975);
#7974 = CARTESIAN_POINT('',(-74.,-6.08,245.11726087353));
#7975 = VECTOR('',#7976,1.);
#7976 = DIRECTION('',(1.,2.540718180781E-33,2.22044604925E-16));
#7977 = ORIENTED_EDGE('',*,*,#1869,.F.);
#7978 = ORIENTED_EDGE('',*,*,#7950,.T.);
#7979 = PLANE('',#7980);
#7980 = AXIS2_PLACEMENT_3D('',#7981,#7982,#7983);
#7981 = CARTESIAN_POINT('',(-43.,-6.08,172.93252484726));
#7982 = DIRECTION('',(2.465190328816E-32,1.,-1.224646799147E-16));
#7983 = DIRECTION('',(-1.,6.037974890946E-48,-2.22044604925E-16));
#7984 = ADVANCED_FACE('',(#7985),#8003,.F.);
#7985 = FACE_BOUND('',#7986,.T.);
#7986 = EDGE_LOOP('',(#7987,#7995,#7996,#7997));
#7987 = ORIENTED_EDGE('',*,*,#7988,.T.);
#7988 = EDGE_CURVE('',#7989,#7965,#7991,.T.);
#7989 = VERTEX_POINT('',#7990);
#7990 = CARTESIAN_POINT('',(-98.5,-8.100300902708,245.11726087353));
#7991 = LINE('',#7992,#7993);
#7992 = CARTESIAN_POINT('',(-98.5,-17.6438837336,245.11726087353));
#7993 = VECTOR('',#7994,1.);
#7994 = DIRECTION('',(0.,1.,0.));
#7995 = ORIENTED_EDGE('',*,*,#7972,.T.);
#7996 = ORIENTED_EDGE('',*,*,#1861,.F.);
#7997 = ORIENTED_EDGE('',*,*,#7998,.F.);
#7998 = EDGE_CURVE('',#7989,#1854,#7999,.T.);
#7999 = LINE('',#8000,#8001);
#8000 = CARTESIAN_POINT('',(-105.,-8.100300902708,245.11726087353));
#8001 = VECTOR('',#8002,1.);
#8002 = DIRECTION('',(1.,0.,2.22044604925E-16));
#8003 = PLANE('',#8004);
#8004 = AXIS2_PLACEMENT_3D('',#8005,#8006,#8007);
#8005 = CARTESIAN_POINT('',(-105.,8.101395094374,245.11726087353));
#8006 = DIRECTION('',(-2.22044604925E-16,0.,1.));
#8007 = DIRECTION('',(0.,1.,0.));
#8008 = ADVANCED_FACE('',(#8009),#8027,.F.);
#8009 = FACE_BOUND('',#8010,.T.);
#8010 = EDGE_LOOP('',(#8011,#8019,#8020,#8021));
#8011 = ORIENTED_EDGE('',*,*,#8012,.T.);
#8012 = EDGE_CURVE('',#8013,#7989,#8015,.T.);
#8013 = VERTEX_POINT('',#8014);
#8014 = CARTESIAN_POINT('',(-98.5,-8.638643202334,249.89012492021));
#8015 = LINE('',#8016,#8017);
#8016 = CARTESIAN_POINT('',(-98.5,-5.252602632992,219.86998475056));
#8017 = VECTOR('',#8018,1.);
#8018 = DIRECTION('',(0.,0.112081593629,-0.993699006928));
#8019 = ORIENTED_EDGE('',*,*,#7998,.T.);
#8020 = ORIENTED_EDGE('',*,*,#1853,.F.);
#8021 = ORIENTED_EDGE('',*,*,#8022,.F.);
#8022 = EDGE_CURVE('',#8013,#1846,#8023,.T.);
#8023 = LINE('',#8024,#8025);
#8024 = CARTESIAN_POINT('',(-105.,-8.638643202334,249.89012492021));
#8025 = VECTOR('',#8026,1.);
#8026 = DIRECTION('',(1.,0.,2.22044604925E-16));
#8027 = PLANE('',#8028);
#8028 = AXIS2_PLACEMENT_3D('',#8029,#8030,#8031);
#8029 = CARTESIAN_POINT('',(-105.,-8.100300902708,245.11726087353));
#8030 = DIRECTION('',(-2.488711317666E-17,0.993699006928,0.112081593629)
  );
#8031 = DIRECTION('',(2.206455034077E-16,0.112081593629,-0.993699006928)
  );
#8032 = ADVANCED_FACE('',(#8033),#8051,.F.);
#8033 = FACE_BOUND('',#8034,.T.);
#8034 = EDGE_LOOP('',(#8035,#8043,#8044,#8045));
#8035 = ORIENTED_EDGE('',*,*,#8036,.T.);
#8036 = EDGE_CURVE('',#8037,#8013,#8039,.T.);
#8037 = VERTEX_POINT('',#8038);
#8038 = CARTESIAN_POINT('',(-98.5,-12.,249.89012492021));
#8039 = LINE('',#8040,#8041);
#8040 = CARTESIAN_POINT('',(-98.5,-26.01390288195,249.89012492021));
#8041 = VECTOR('',#8042,1.);
#8042 = DIRECTION('',(0.,1.,0.));
#8043 = ORIENTED_EDGE('',*,*,#8022,.T.);
#8044 = ORIENTED_EDGE('',*,*,#1845,.F.);
#8045 = ORIENTED_EDGE('',*,*,#8046,.F.);
#8046 = EDGE_CURVE('',#8037,#1838,#8047,.T.);
#8047 = LINE('',#8048,#8049);
#8048 = CARTESIAN_POINT('',(-105.,-12.,249.89012492021));
#8049 = VECTOR('',#8050,1.);
#8050 = DIRECTION('',(1.,0.,2.22044604925E-16));
#8051 = PLANE('',#8052);
#8052 = AXIS2_PLACEMENT_3D('',#8053,#8054,#8055);
#8053 = CARTESIAN_POINT('',(-105.,-8.638643202334,249.89012492021));
#8054 = DIRECTION('',(-2.22044604925E-16,0.,1.));
#8055 = DIRECTION('',(0.,1.,0.));
#8056 = ADVANCED_FACE('',(#8057),#8075,.F.);
#8057 = FACE_BOUND('',#8058,.T.);
#8058 = EDGE_LOOP('',(#8059,#8067,#8068,#8069));
#8059 = ORIENTED_EDGE('',*,*,#8060,.T.);
#8060 = EDGE_CURVE('',#8061,#8037,#8063,.T.);
#8061 = VERTEX_POINT('',#8062);
#8062 = CARTESIAN_POINT('',(-98.5,-12.,235.77286404668));
#8063 = LINE('',#8064,#8065);
#8064 = CARTESIAN_POINT('',(-98.5,-12.,219.9450624601));
#8065 = VECTOR('',#8066,1.);
#8066 = DIRECTION('',(0.,0.,1.));
#8067 = ORIENTED_EDGE('',*,*,#8046,.T.);
#8068 = ORIENTED_EDGE('',*,*,#1837,.F.);
#8069 = ORIENTED_EDGE('',*,*,#8070,.F.);
#8070 = EDGE_CURVE('',#8061,#1830,#8071,.T.);
#8071 = LINE('',#8072,#8073);
#8072 = CARTESIAN_POINT('',(-105.,-12.,235.77286404668));
#8073 = VECTOR('',#8074,1.);
#8074 = DIRECTION('',(1.,0.,2.22044604925E-16));
#8075 = PLANE('',#8076);
#8076 = AXIS2_PLACEMENT_3D('',#8077,#8078,#8079);
#8077 = CARTESIAN_POINT('',(-105.,-12.,249.89012492021));
#8078 = DIRECTION('',(0.,-1.,0.));
#8079 = DIRECTION('',(-2.22044604925E-16,0.,1.));
#8080 = ADVANCED_FACE('',(#8081),#8092,.F.);
#8081 = FACE_BOUND('',#8082,.T.);
#8082 = EDGE_LOOP('',(#8083,#8089,#8090,#8091));
#8083 = ORIENTED_EDGE('',*,*,#8084,.T.);
#8084 = EDGE_CURVE('',#7912,#8061,#8085,.T.);
#8085 = LINE('',#8086,#8087);
#8086 = CARTESIAN_POINT('',(-98.5,-27.69458128078,235.77286404668));
#8087 = VECTOR('',#8088,1.);
#8088 = DIRECTION('',(0.,-1.,0.));
#8089 = ORIENTED_EDGE('',*,*,#8070,.T.);
#8090 = ORIENTED_EDGE('',*,*,#1829,.F.);
#8091 = ORIENTED_EDGE('',*,*,#7919,.F.);
#8092 = PLANE('',#8093);
#8093 = AXIS2_PLACEMENT_3D('',#8094,#8095,#8096);
#8094 = CARTESIAN_POINT('',(-105.,-12.,235.77286404668));
#8095 = DIRECTION('',(2.22044604925E-16,0.,-1.));
#8096 = DIRECTION('',(0.,-1.,0.));
#8097 = ADVANCED_FACE('',(#8098),#8136,.T.);
#8098 = FACE_BOUND('',#8099,.T.);
#8099 = EDGE_LOOP('',(#8100,#8121,#8127,#8128));
#8100 = ORIENTED_EDGE('',*,*,#8101,.T.);
#8101 = EDGE_CURVE('',#8102,#8104,#8106,.T.);
#8102 = VERTEX_POINT('',#8103);
#8103 = CARTESIAN_POINT('',(-98.5,4.48,254.47837677829));
#8104 = VERTEX_POINT('',#8105);
#8105 = CARTESIAN_POINT('',(-98.5,-0.269171149813,253.92440959241));
#8106 = B_SPLINE_CURVE_WITH_KNOTS('',4,(#8107,#8108,#8109,#8110,#8111,
    #8112,#8113,#8114,#8115,#8116,#8117,#8118,#8119,#8120),
  .UNSPECIFIED.,.F.,.F.,(5,3,3,3,5),(0.,0.234478653533,0.478333777413,
    0.733559104161,1.),.UNSPECIFIED.);
#8107 = CARTESIAN_POINT('',(-98.5,4.480005728106,254.47837827458));
#8108 = CARTESIAN_POINT('',(-98.5,4.208310506605,254.40740656125));
#8109 = CARTESIAN_POINT('',(-98.5,3.934740789047,254.34345874548));
#8110 = CARTESIAN_POINT('',(-98.5,3.659680329665,254.28617367408));
#8111 = CARTESIAN_POINT('',(-98.5,3.096110253197,254.18216057804));
#8112 = CARTESIAN_POINT('',(-98.5,2.807503601379,254.1359473404));
#8113 = CARTESIAN_POINT('',(-98.5,2.517923939377,254.09613767445));
#8114 = CARTESIAN_POINT('',(-98.5,1.923749932559,254.02698353127));
#8115 = CARTESIAN_POINT('',(-98.5,1.619086292093,253.99821414262));
#8116 = CARTESIAN_POINT('',(-98.5,1.313882291569,253.9756018334));
#8117 = CARTESIAN_POINT('',(-98.5,0.68933576968,253.94117031511));
#8118 = CARTESIAN_POINT('',(-98.5,0.369962622301,253.92986923579));
#8119 = CARTESIAN_POINT('',(-98.5,5.041379078862E-02,253.92440959241));
#8120 = CARTESIAN_POINT('',(-98.5,-0.269171149813,253.92440959241));
#8121 = ORIENTED_EDGE('',*,*,#8122,.T.);
#8122 = EDGE_CURVE('',#8104,#1888,#8123,.T.);
#8123 = LINE('',#8124,#8125);
#8124 = CARTESIAN_POINT('',(-105.,-0.269171149813,253.92440959241));
#8125 = VECTOR('',#8126,1.);
#8126 = DIRECTION('',(1.,0.,2.22044604925E-16));
#8127 = ORIENTED_EDGE('',*,*,#1885,.F.);
#8128 = ORIENTED_EDGE('',*,*,#8129,.T.);
#8129 = EDGE_CURVE('',#1886,#8102,#8130,.T.);
#8130 = B_SPLINE_CURVE_WITH_KNOTS('',4,(#8131,#8132,#8133,#8134,#8135),
  .UNSPECIFIED.,.F.,.F.,(5,5),(0.,1.),.PIECEWISE_BEZIER_KNOTS.);
#8131 = CARTESIAN_POINT('',(-44.9999994,4.48,254.47837677829));
#8132 = CARTESIAN_POINT('',(-59.9999997,4.48,254.47837677829));
#8133 = CARTESIAN_POINT('',(-75.,4.48,254.47837677829));
#8134 = CARTESIAN_POINT('',(-90.0000003,4.48,254.47837677829));
#8135 = CARTESIAN_POINT('',(-105.0000006,4.48,254.47837677829));
#8136 = SURFACE_OF_LINEAR_EXTRUSION('',#8137,#8141);
#8137 = B_SPLINE_CURVE_WITH_KNOTS('',2,(#8138,#8139,#8140),
  .UNSPECIFIED.,.F.,.F.,(3,3),(0.,1.),.PIECEWISE_BEZIER_KNOTS.);
#8138 = CARTESIAN_POINT('',(-105.,-0.269171149813,253.92440959241));
#8139 = CARTESIAN_POINT('',(-105.,5.647123187745,253.92440959241));
#8140 = CARTESIAN_POINT('',(-105.,8.990972918756,256.73101121546));
#8141 = VECTOR('',#8142,1.);
#8142 = DIRECTION('',(-1.,-0.,-2.22044604925E-16));
#8143 = ADVANCED_FACE('',(#8144),#8164,.F.);
#8144 = FACE_BOUND('',#8145,.F.);
#8145 = EDGE_LOOP('',(#8146,#8156,#8157,#8158));
#8146 = ORIENTED_EDGE('',*,*,#8147,.F.);
#8147 = EDGE_CURVE('',#1953,#8148,#8150,.T.);
#8148 = VERTEX_POINT('',#8149);
#8149 = CARTESIAN_POINT('',(-98.5,4.48,259.58770887854));
#8150 = B_SPLINE_CURVE_WITH_KNOTS('',4,(#8151,#8152,#8153,#8154,#8155),
  .UNSPECIFIED.,.F.,.F.,(5,5),(0.,1.),.PIECEWISE_BEZIER_KNOTS.);
#8151 = CARTESIAN_POINT('',(-44.9999994,4.48,259.58770887854));
#8152 = CARTESIAN_POINT('',(-59.9999997,4.48,259.58770887854));
#8153 = CARTESIAN_POINT('',(-75.,4.48,259.58770887854));
#8154 = CARTESIAN_POINT('',(-90.0000003,4.48,259.58770887854));
#8155 = CARTESIAN_POINT('',(-105.0000006,4.48,259.58770887854));
#8156 = ORIENTED_EDGE('',*,*,#1975,.F.);
#8157 = ORIENTED_EDGE('',*,*,#8129,.T.);
#8158 = ORIENTED_EDGE('',*,*,#8159,.T.);
#8159 = EDGE_CURVE('',#8102,#8148,#8160,.T.);
#8160 = LINE('',#8161,#8162);
#8161 = CARTESIAN_POINT('',(-98.5,4.48,181.46626242363));
#8162 = VECTOR('',#8163,1.);
#8163 = DIRECTION('',(0.,1.224646799147E-16,1.));
#8164 = PLANE('',#8165);
#8165 = AXIS2_PLACEMENT_3D('',#8166,#8167,#8168);
#8166 = CARTESIAN_POINT('',(-43.,4.48,172.93252484726));
#8167 = DIRECTION('',(2.465190328816E-32,1.,-1.224646799147E-16));
#8168 = DIRECTION('',(-1.,6.037974890946E-48,-2.22044604925E-16));
#8169 = ADVANCED_FACE('',(#8170),#8203,.T.);
#8170 = FACE_BOUND('',#8171,.T.);
#8171 = EDGE_LOOP('',(#8172,#8195,#8196,#8197));
#8172 = ORIENTED_EDGE('',*,*,#8173,.T.);
#8173 = EDGE_CURVE('',#8174,#8148,#8176,.T.);
#8174 = VERTEX_POINT('',#8175);
#8175 = CARTESIAN_POINT('',(-98.5,-0.16850551655,258.79793927236));
#8176 = B_SPLINE_CURVE_WITH_KNOTS('',5,(#8177,#8178,#8179,#8180,#8181,
    #8182,#8183,#8184,#8185,#8186,#8187,#8188,#8189,#8190,#8191,#8192,
    #8193,#8194),.UNSPECIFIED.,.F.,.F.,(6,4,4,4,6),(0.,0.278404635794,
    0.536376093383,0.776029818467,1.),.UNSPECIFIED.);
#8177 = CARTESIAN_POINT('',(-98.5,-0.16850551655,258.79793927236));
#8178 = CARTESIAN_POINT('',(-98.5,9.646955673303E-02,258.79793927236));
#8179 = CARTESIAN_POINT('',(-98.5,0.361363611503,258.80251324934));
#8180 = CARTESIAN_POINT('',(-98.5,0.626071180744,258.81199837466));
#8181 = CARTESIAN_POINT('',(-98.5,0.890438244147,258.82677948739));
#8182 = CARTESIAN_POINT('',(-98.5,1.398721897469,258.86631435182));
#8183 = CARTESIAN_POINT('',(-98.5,1.642711171422,258.890256205));
#8184 = CARTESIAN_POINT('',(-98.5,1.886069092535,258.91947832954));
#8185 = CARTESIAN_POINT('',(-98.5,2.128572504454,258.95437501191));
#8186 = CARTESIAN_POINT('',(-98.5,2.594159874079,259.03347723641));
#8187 = CARTESIAN_POINT('',(-98.5,2.817395755558,259.07684511038));
#8188 = CARTESIAN_POINT('',(-98.5,3.039414353419,259.12583419538));
#8189 = CARTESIAN_POINT('',(-98.5,3.259912203319,259.18082003146));
#8190 = CARTESIAN_POINT('',(-98.5,3.68281372607,259.29953493706));
#8191 = CARTESIAN_POINT('',(-98.5,3.885453839765,259.36245544166));
#8192 = CARTESIAN_POINT('',(-98.5,4.086130424132,259.43125783209));
#8193 = CARTESIAN_POINT('',(-98.5,4.284461295884,259.5062529415));
#8194 = CARTESIAN_POINT('',(-98.5,4.480003251153,259.58771023288));
#8195 = ORIENTED_EDGE('',*,*,#8147,.F.);
#8196 = ORIENTED_EDGE('',*,*,#1952,.F.);
#8197 = ORIENTED_EDGE('',*,*,#8198,.F.);
#8198 = EDGE_CURVE('',#8174,#1930,#8199,.T.);
#8199 = LINE('',#8200,#8201);
#8200 = CARTESIAN_POINT('',(-105.,-0.16850551655,258.79793927236));
#8201 = VECTOR('',#8202,1.);
#8202 = DIRECTION('',(1.,0.,2.22044604925E-16));
#8203 = SURFACE_OF_LINEAR_EXTRUSION('',#8204,#8208);
#8204 = B_SPLINE_CURVE_WITH_KNOTS('',2,(#8205,#8206,#8207),
  .UNSPECIFIED.,.F.,.F.,(3,3),(0.,1.),.PIECEWISE_BEZIER_KNOTS.);
#8205 = CARTESIAN_POINT('',(-105.,5.949120087535,260.4107777879));
#8206 = CARTESIAN_POINT('',(-105.,3.765113522385,258.79793927236));
#8207 = CARTESIAN_POINT('',(-105.,-0.16850551655,258.79793927236));
#8208 = VECTOR('',#8209,1.);
#8209 = DIRECTION('',(-1.,-0.,-2.22044604925E-16));
#8210 = ADVANCED_FACE('',(#8211),#8246,.T.);
#8211 = FACE_BOUND('',#8212,.T.);
#8212 = EDGE_LOOP('',(#8213,#8236,#8237,#8238));
#8213 = ORIENTED_EDGE('',*,*,#8214,.T.);
#8214 = EDGE_CURVE('',#8215,#8174,#8217,.T.);
#8215 = VERTEX_POINT('',#8216);
#8216 = CARTESIAN_POINT('',(-98.5,-4.48,259.45528161486));
#8217 = B_SPLINE_CURVE_WITH_KNOTS('',5,(#8218,#8219,#8220,#8221,#8222,
    #8223,#8224,#8225,#8226,#8227,#8228,#8229,#8230,#8231,#8232,#8233,
    #8234,#8235),.UNSPECIFIED.,.F.,.F.,(6,4,4,4,6),(0.,0.227801844846,
    0.468858364998,0.726079960083,1.),.UNSPECIFIED.);
#8218 = CARTESIAN_POINT('',(-98.5,-4.48000318547,259.45528277075));
#8219 = CARTESIAN_POINT('',(-98.5,-4.292917124548,259.38739570851));
#8220 = CARTESIAN_POINT('',(-98.5,-4.103812578346,259.32482337319));
#8221 = CARTESIAN_POINT('',(-98.5,-3.912996617399,259.26734451723));
#8222 = CARTESIAN_POINT('',(-98.5,-3.720734172309,259.21471900984));
#8223 = CARTESIAN_POINT('',(-98.5,-3.322489185177,259.11590682386));
#8224 = CARTESIAN_POINT('',(-98.5,-3.11636154638,259.07027350041));
#8225 = CARTESIAN_POINT('',(-98.5,-2.909112983134,259.02952770655));
#8226 = CARTESIAN_POINT('',(-98.5,-2.700954141029,258.99339490512));
#8227 = CARTESIAN_POINT('',(-98.5,-2.269134750934,258.92771111124));
#8228 = CARTESIAN_POINT('',(-98.5,-2.045373538108,258.89876443797));
#8229 = CARTESIAN_POINT('',(-98.5,-1.820964884328,258.87446599863));
#8230 = CARTESIAN_POINT('',(-98.5,-1.596068377419,258.85452958571));
#8231 = CARTESIAN_POINT('',(-98.5,-1.130915030894,258.82183292436));
#8232 = CARTESIAN_POINT('',(-98.5,-0.890611519675,258.80962255281));
#8233 = CARTESIAN_POINT('',(-98.5,-0.650038344051,258.80175132224));
#8234 = CARTESIAN_POINT('',(-98.5,-0.409309056768,258.79793927236));
#8235 = CARTESIAN_POINT('',(-98.5,-0.16850551655,258.79793927236));
#8236 = ORIENTED_EDGE('',*,*,#8198,.T.);
#8237 = ORIENTED_EDGE('',*,*,#1929,.F.);
#8238 = ORIENTED_EDGE('',*,*,#8239,.T.);
#8239 = EDGE_CURVE('',#1922,#8215,#8240,.T.);
#8240 = B_SPLINE_CURVE_WITH_KNOTS('',4,(#8241,#8242,#8243,#8244,#8245),
  .UNSPECIFIED.,.F.,.F.,(5,5),(0.,1.),.PIECEWISE_BEZIER_KNOTS.);
#8241 = CARTESIAN_POINT('',(-44.9999994,-4.48,259.45528161486));
#8242 = CARTESIAN_POINT('',(-59.9999997,-4.48,259.45528161486));
#8243 = CARTESIAN_POINT('',(-75.,-4.48,259.45528161486));
#8244 = CARTESIAN_POINT('',(-90.0000003,-4.48,259.45528161486));
#8245 = CARTESIAN_POINT('',(-105.0000006,-4.48,259.45528161486));
#8246 = SURFACE_OF_LINEAR_EXTRUSION('',#8247,#8251);
#8247 = B_SPLINE_CURVE_WITH_KNOTS('',2,(#8248,#8249,#8250),
  .UNSPECIFIED.,.F.,.F.,(3,3),(0.,1.),.PIECEWISE_BEZIER_KNOTS.);
#8248 = CARTESIAN_POINT('',(-105.,-0.16850551655,258.79793927236));
#8249 = CARTESIAN_POINT('',(-105.,-3.831859214006,258.79793927236));
#8250 = CARTESIAN_POINT('',(-105.,-6.016959970822,260.20944652138));
#8251 = VECTOR('',#8252,1.);
#8252 = DIRECTION('',(-1.,-0.,-2.22044604925E-16));
#8253 = ADVANCED_FACE('',(#8254),#8274,.T.);
#8254 = FACE_BOUND('',#8255,.T.);
#8255 = EDGE_LOOP('',(#8256,#8257,#8258,#8268));
#8256 = ORIENTED_EDGE('',*,*,#8239,.F.);
#8257 = ORIENTED_EDGE('',*,*,#1921,.F.);
#8258 = ORIENTED_EDGE('',*,*,#8259,.T.);
#8259 = EDGE_CURVE('',#1907,#8260,#8262,.T.);
#8260 = VERTEX_POINT('',#8261);
#8261 = CARTESIAN_POINT('',(-98.5,-4.48,254.36874589658));
#8262 = B_SPLINE_CURVE_WITH_KNOTS('',4,(#8263,#8264,#8265,#8266,#8267),
  .UNSPECIFIED.,.F.,.F.,(5,5),(0.,1.),.PIECEWISE_BEZIER_KNOTS.);
#8263 = CARTESIAN_POINT('',(-44.9999994,-4.48,254.36874589658));
#8264 = CARTESIAN_POINT('',(-59.9999997,-4.48,254.36874589658));
#8265 = CARTESIAN_POINT('',(-75.,-4.48,254.36874589658));
#8266 = CARTESIAN_POINT('',(-90.0000003,-4.48,254.36874589658));
#8267 = CARTESIAN_POINT('',(-105.0000006,-4.48,254.36874589658));
#8268 = ORIENTED_EDGE('',*,*,#8269,.T.);
#8269 = EDGE_CURVE('',#8260,#8215,#8270,.T.);
#8270 = LINE('',#8271,#8272);
#8271 = CARTESIAN_POINT('',(-98.5,-4.48,181.46626242363));
#8272 = VECTOR('',#8273,1.);
#8273 = DIRECTION('',(0.,1.224646799147E-16,1.));
#8274 = PLANE('',#8275);
#8275 = AXIS2_PLACEMENT_3D('',#8276,#8277,#8278);
#8276 = CARTESIAN_POINT('',(-43.,-4.48,172.93252484726));
#8277 = DIRECTION('',(2.465190328816E-32,1.,-1.224646799147E-16));
#8278 = DIRECTION('',(-1.,6.037974890946E-48,-2.22044604925E-16));
#8279 = ADVANCED_FACE('',(#8280),#8298,.T.);
#8280 = FACE_BOUND('',#8281,.T.);
#8281 = EDGE_LOOP('',(#8282,#8295,#8296,#8297));
#8282 = ORIENTED_EDGE('',*,*,#8283,.T.);
#8283 = EDGE_CURVE('',#8104,#8260,#8284,.T.);
#8284 = B_SPLINE_CURVE_WITH_KNOTS('',5,(#8285,#8286,#8287,#8288,#8289,
    #8290,#8291,#8292,#8293,#8294),.UNSPECIFIED.,.F.,.F.,(6,4,6),(0.,
    0.666258279895,1.),.UNSPECIFIED.);
#8285 = CARTESIAN_POINT('',(-98.5,-0.269171149813,253.92440959241));
#8286 = CARTESIAN_POINT('',(-98.5,-0.835031181918,253.92440959241));
#8287 = CARTESIAN_POINT('',(-98.5,-1.400746945493,253.94115206375));
#8288 = CARTESIAN_POINT('',(-98.5,-1.965716840406,253.9763946381));
#8289 = CARTESIAN_POINT('',(-98.5,-2.528868812269,254.03222642909));
#8290 = CARTESIAN_POINT('',(-98.5,-3.369081722673,254.150442291));
#8291 = CARTESIAN_POINT('',(-98.5,-3.648646445272,254.1956484008));
#8292 = CARTESIAN_POINT('',(-98.5,-3.927161712199,254.24689918329));
#8293 = CARTESIAN_POINT('',(-98.5,-4.204379194501,254.30449874995));
#8294 = CARTESIAN_POINT('',(-98.5,-4.480005537722,254.36874718742));
#8295 = ORIENTED_EDGE('',*,*,#8259,.F.);
#8296 = ORIENTED_EDGE('',*,*,#1906,.F.);
#8297 = ORIENTED_EDGE('',*,*,#8122,.F.);
#8298 = SURFACE_OF_LINEAR_EXTRUSION('',#8299,#8303);
#8299 = B_SPLINE_CURVE_WITH_KNOTS('',2,(#8300,#8301,#8302),
  .UNSPECIFIED.,.F.,.F.,(3,3),(0.,1.),.PIECEWISE_BEZIER_KNOTS.);
#8300 = CARTESIAN_POINT('',(-105.,-9.092732743686,256.52858575727));
#8301 = CARTESIAN_POINT('',(-105.,-5.848454454272,253.92440959241));
#8302 = CARTESIAN_POINT('',(-105.,-0.269171149813,253.92440959241));
#8303 = VECTOR('',#8304,1.);
#8304 = DIRECTION('',(-1.,-0.,-2.22044604925E-16));
#8305 = ADVANCED_FACE('',(#8306),#8331,.F.);
#8306 = FACE_BOUND('',#8307,.T.);
#8307 = EDGE_LOOP('',(#8308,#8318,#8324,#8325));
#8308 = ORIENTED_EDGE('',*,*,#8309,.T.);
#8309 = EDGE_CURVE('',#8310,#8312,#8314,.T.);
#8310 = VERTEX_POINT('',#8311);
#8311 = CARTESIAN_POINT('',(-98.5,-2.521017598249,267.16741132488));
#8312 = VERTEX_POINT('',#8313);
#8313 = CARTESIAN_POINT('',(-98.5,-4.48,267.16741132488));
#8314 = LINE('',#8315,#8316);
#8315 = CARTESIAN_POINT('',(-98.5,-25.62710612805,267.16741132488));
#8316 = VECTOR('',#8317,1.);
#8317 = DIRECTION('',(0.,-1.,0.));
#8318 = ORIENTED_EDGE('',*,*,#8319,.F.);
#8319 = EDGE_CURVE('',#1986,#8312,#8320,.T.);
#8320 = LINE('',#8321,#8322);
#8321 = CARTESIAN_POINT('',(-74.,-4.48,267.16741132488));
#8322 = VECTOR('',#8323,1.);
#8323 = DIRECTION('',(-1.,-2.540718180781E-33,-2.22044604925E-16));
#8324 = ORIENTED_EDGE('',*,*,#1983,.F.);
#8325 = ORIENTED_EDGE('',*,*,#8326,.F.);
#8326 = EDGE_CURVE('',#8310,#1984,#8327,.T.);
#8327 = LINE('',#8328,#8329);
#8328 = CARTESIAN_POINT('',(-105.,-2.521017598249,267.16741132488));
#8329 = VECTOR('',#8330,1.);
#8330 = DIRECTION('',(1.,0.,2.22044604925E-16));
#8331 = PLANE('',#8332);
#8332 = AXIS2_PLACEMENT_3D('',#8333,#8334,#8335);
#8333 = CARTESIAN_POINT('',(-105.,-7.865049694538,267.16741132488));
#8334 = DIRECTION('',(2.22044604925E-16,0.,-1.));
#8335 = DIRECTION('',(0.,-1.,0.));
#8336 = ADVANCED_FACE('',(#8337),#8355,.F.);
#8337 = FACE_BOUND('',#8338,.T.);
#8338 = EDGE_LOOP('',(#8339,#8347,#8348,#8349));
#8339 = ORIENTED_EDGE('',*,*,#8340,.T.);
#8340 = EDGE_CURVE('',#8341,#8310,#8343,.T.);
#8341 = VERTEX_POINT('',#8342);
#8342 = CARTESIAN_POINT('',(-98.5,-2.521017598249,263.83997446886));
#8343 = LINE('',#8344,#8345);
#8344 = CARTESIAN_POINT('',(-98.5,-2.521017598249,228.58370566244));
#8345 = VECTOR('',#8346,1.);
#8346 = DIRECTION('',(0.,0.,1.));
#8347 = ORIENTED_EDGE('',*,*,#8326,.T.);
#8348 = ORIENTED_EDGE('',*,*,#2025,.F.);
#8349 = ORIENTED_EDGE('',*,*,#8350,.F.);
#8350 = EDGE_CURVE('',#8341,#2018,#8351,.T.);
#8351 = LINE('',#8352,#8353);
#8352 = CARTESIAN_POINT('',(-105.,-2.521017598249,263.83997446886));
#8353 = VECTOR('',#8354,1.);
#8354 = DIRECTION('',(1.,0.,2.22044604925E-16));
#8355 = PLANE('',#8356);
#8356 = AXIS2_PLACEMENT_3D('',#8357,#8358,#8359);
#8357 = CARTESIAN_POINT('',(-105.,-2.521017598249,267.16741132488));
#8358 = DIRECTION('',(0.,-1.,0.));
#8359 = DIRECTION('',(-2.22044604925E-16,0.,1.));
#8360 = ADVANCED_FACE('',(#8361),#8379,.F.);
#8361 = FACE_BOUND('',#8362,.T.);
#8362 = EDGE_LOOP('',(#8363,#8371,#8372,#8373));
#8363 = ORIENTED_EDGE('',*,*,#8364,.T.);
#8364 = EDGE_CURVE('',#8365,#8341,#8367,.T.);
#8365 = VERTEX_POINT('',#8366);
#8366 = CARTESIAN_POINT('',(-98.5,1.512172882283,263.83997446886));
#8367 = LINE('',#8368,#8369);
#8368 = CARTESIAN_POINT('',(-98.5,-22.95509007991,263.83997446886));
#8369 = VECTOR('',#8370,1.);
#8370 = DIRECTION('',(0.,-1.,0.));
#8371 = ORIENTED_EDGE('',*,*,#8350,.T.);
#8372 = ORIENTED_EDGE('',*,*,#2017,.F.);
#8373 = ORIENTED_EDGE('',*,*,#8374,.F.);
#8374 = EDGE_CURVE('',#8365,#2010,#8375,.T.);
#8375 = LINE('',#8376,#8377);
#8376 = CARTESIAN_POINT('',(-105.,1.512172882283,263.83997446886));
#8377 = VECTOR('',#8378,1.);
#8378 = DIRECTION('',(1.,0.,2.22044604925E-16));
#8379 = PLANE('',#8380);
#8380 = AXIS2_PLACEMENT_3D('',#8381,#8382,#8383);
#8381 = CARTESIAN_POINT('',(-105.,-2.521017598249,263.83997446886));
#8382 = DIRECTION('',(2.22044604925E-16,0.,-1.));
#8383 = DIRECTION('',(0.,-1.,0.));
#8384 = ADVANCED_FACE('',(#8385),#8403,.F.);
#8385 = FACE_BOUND('',#8386,.T.);
#8386 = EDGE_LOOP('',(#8387,#8395,#8396,#8397));
#8387 = ORIENTED_EDGE('',*,*,#8388,.T.);
#8388 = EDGE_CURVE('',#8389,#8365,#8391,.T.);
#8389 = VERTEX_POINT('',#8390);
#8390 = CARTESIAN_POINT('',(-98.5,1.512172882283,271.57153278015));
#8391 = LINE('',#8392,#8393);
#8392 = CARTESIAN_POINT('',(-98.5,1.512172882283,226.91998723443));
#8393 = VECTOR('',#8394,1.);
#8394 = DIRECTION('',(0.,0.,-1.));
#8395 = ORIENTED_EDGE('',*,*,#8374,.T.);
#8396 = ORIENTED_EDGE('',*,*,#2009,.F.);
#8397 = ORIENTED_EDGE('',*,*,#8398,.F.);
#8398 = EDGE_CURVE('',#8389,#2002,#8399,.T.);
#8399 = LINE('',#8400,#8401);
#8400 = CARTESIAN_POINT('',(-105.,1.512172882283,271.57153278015));
#8401 = VECTOR('',#8402,1.);
#8402 = DIRECTION('',(1.,0.,2.22044604925E-16));
#8403 = PLANE('',#8404);
#8404 = AXIS2_PLACEMENT_3D('',#8405,#8406,#8407);
#8405 = CARTESIAN_POINT('',(-105.,1.512172882283,263.83997446886));
#8406 = DIRECTION('',(0.,1.,-0.));
#8407 = DIRECTION('',(2.22044604925E-16,0.,-1.));
#8408 = ADVANCED_FACE('',(#8409),#8427,.F.);
#8409 = FACE_BOUND('',#8410,.T.);
#8410 = EDGE_LOOP('',(#8411,#8419,#8420,#8421));
#8411 = ORIENTED_EDGE('',*,*,#8412,.T.);
#8412 = EDGE_CURVE('',#8413,#8389,#8415,.T.);
#8413 = VERTEX_POINT('',#8414);
#8414 = CARTESIAN_POINT('',(-98.5,-4.48,271.57153278015));
#8415 = LINE('',#8416,#8417);
#8416 = CARTESIAN_POINT('',(-98.5,-20.93849483964,271.57153278015));
#8417 = VECTOR('',#8418,1.);
#8418 = DIRECTION('',(0.,1.,0.));
#8419 = ORIENTED_EDGE('',*,*,#8398,.T.);
#8420 = ORIENTED_EDGE('',*,*,#2001,.F.);
#8421 = ORIENTED_EDGE('',*,*,#8422,.F.);
#8422 = EDGE_CURVE('',#8413,#1994,#8423,.T.);
#8423 = LINE('',#8424,#8425);
#8424 = CARTESIAN_POINT('',(-74.,-4.48,271.57153278015));
#8425 = VECTOR('',#8426,1.);
#8426 = DIRECTION('',(1.,2.540718180781E-33,2.22044604925E-16));
#8427 = PLANE('',#8428);
#8428 = AXIS2_PLACEMENT_3D('',#8429,#8430,#8431);
#8429 = CARTESIAN_POINT('',(-105.,1.512172882283,271.57153278015));
#8430 = DIRECTION('',(-2.22044604925E-16,0.,1.));
#8431 = DIRECTION('',(0.,1.,0.));
#8432 = ADVANCED_FACE('',(#8433),#8444,.T.);
#8433 = FACE_BOUND('',#8434,.T.);
#8434 = EDGE_LOOP('',(#8435,#8441,#8442,#8443));
#8435 = ORIENTED_EDGE('',*,*,#8436,.T.);
#8436 = EDGE_CURVE('',#8312,#8413,#8437,.T.);
#8437 = LINE('',#8438,#8439);
#8438 = CARTESIAN_POINT('',(-98.5,-4.48,181.46626242363));
#8439 = VECTOR('',#8440,1.);
#8440 = DIRECTION('',(0.,1.224646799147E-16,1.));
#8441 = ORIENTED_EDGE('',*,*,#8422,.T.);
#8442 = ORIENTED_EDGE('',*,*,#1993,.F.);
#8443 = ORIENTED_EDGE('',*,*,#8319,.T.);
#8444 = PLANE('',#8445);
#8445 = AXIS2_PLACEMENT_3D('',#8446,#8447,#8448);
#8446 = CARTESIAN_POINT('',(-43.,-4.48,172.93252484726));
#8447 = DIRECTION('',(2.465190328816E-32,1.,-1.224646799147E-16));
#8448 = DIRECTION('',(-1.,6.037974890946E-48,-2.22044604925E-16));
#8449 = ADVANCED_FACE('',(#8450),#8475,.F.);
#8450 = FACE_BOUND('',#8451,.F.);
#8451 = EDGE_LOOP('',(#8452,#8460,#8461,#8469));
#8452 = ORIENTED_EDGE('',*,*,#8453,.T.);
#8453 = EDGE_CURVE('',#8454,#2036,#8456,.T.);
#8454 = VERTEX_POINT('',#8455);
#8455 = CARTESIAN_POINT('',(-98.5,4.48,280.47825294064));
#8456 = LINE('',#8457,#8458);
#8457 = CARTESIAN_POINT('',(-74.,4.48,280.47825294064));
#8458 = VECTOR('',#8459,1.);
#8459 = DIRECTION('',(1.,2.540718180781E-33,2.22044604925E-16));
#8460 = ORIENTED_EDGE('',*,*,#2033,.F.);
#8461 = ORIENTED_EDGE('',*,*,#8462,.T.);
#8462 = EDGE_CURVE('',#2034,#8463,#8465,.T.);
#8463 = VERTEX_POINT('',#8464);
#8464 = CARTESIAN_POINT('',(-98.5,4.48,275.77322877724));
#8465 = LINE('',#8466,#8467);
#8466 = CARTESIAN_POINT('',(-74.,4.48,275.77322877724));
#8467 = VECTOR('',#8468,1.);
#8468 = DIRECTION('',(-1.,-2.540718180781E-33,-2.22044604925E-16));
#8469 = ORIENTED_EDGE('',*,*,#8470,.T.);
#8470 = EDGE_CURVE('',#8463,#8454,#8471,.T.);
#8471 = LINE('',#8472,#8473);
#8472 = CARTESIAN_POINT('',(-98.5,4.48,181.46626242363));
#8473 = VECTOR('',#8474,1.);
#8474 = DIRECTION('',(0.,1.224646799147E-16,1.));
#8475 = PLANE('',#8476);
#8476 = AXIS2_PLACEMENT_3D('',#8477,#8478,#8479);
#8477 = CARTESIAN_POINT('',(-43.,4.48,172.93252484726));
#8478 = DIRECTION('',(2.465190328816E-32,1.,-1.224646799147E-16));
#8479 = DIRECTION('',(-1.,6.037974890946E-48,-2.22044604925E-16));
#8480 = ADVANCED_FACE('',(#8481),#8499,.F.);
#8481 = FACE_BOUND('',#8482,.T.);
#8482 = EDGE_LOOP('',(#8483,#8491,#8492,#8493));
#8483 = ORIENTED_EDGE('',*,*,#8484,.T.);
#8484 = EDGE_CURVE('',#8485,#8454,#8487,.T.);
#8485 = VERTEX_POINT('',#8486);
#8486 = CARTESIAN_POINT('',(-98.5,2.554937539892,280.47825294064));
#8487 = LINE('',#8488,#8489);
#8488 = CARTESIAN_POINT('',(-98.5,-17.79542927932,280.47825294064));
#8489 = VECTOR('',#8490,1.);
#8490 = DIRECTION('',(0.,1.,0.));
#8491 = ORIENTED_EDGE('',*,*,#8453,.T.);
#8492 = ORIENTED_EDGE('',*,*,#2091,.F.);
#8493 = ORIENTED_EDGE('',*,*,#8494,.F.);
#8494 = EDGE_CURVE('',#8485,#2084,#8495,.T.);
#8495 = LINE('',#8496,#8497);
#8496 = CARTESIAN_POINT('',(-105.,2.554937539892,280.47825294064));
#8497 = VECTOR('',#8498,1.);
#8498 = DIRECTION('',(1.,0.,2.22044604925E-16));
#8499 = PLANE('',#8500);
#8500 = AXIS2_PLACEMENT_3D('',#8501,#8502,#8503);
#8501 = CARTESIAN_POINT('',(-105.,7.798304002918,280.47825294064));
#8502 = DIRECTION('',(-2.22044604925E-16,0.,1.));
#8503 = DIRECTION('',(0.,1.,0.));
#8504 = ADVANCED_FACE('',(#8505),#8523,.F.);
#8505 = FACE_BOUND('',#8506,.T.);
#8506 = EDGE_LOOP('',(#8507,#8515,#8516,#8517));
#8507 = ORIENTED_EDGE('',*,*,#8508,.T.);
#8508 = EDGE_CURVE('',#8509,#8485,#8511,.T.);
#8509 = VERTEX_POINT('',#8510);
#8510 = CARTESIAN_POINT('',(-98.5,2.554937539892,290.39491200875));
#8511 = LINE('',#8512,#8513);
#8512 = CARTESIAN_POINT('',(-98.5,2.554937539892,235.23912647032));
#8513 = VECTOR('',#8514,1.);
#8514 = DIRECTION('',(0.,0.,-1.));
#8515 = ORIENTED_EDGE('',*,*,#8494,.T.);
#8516 = ORIENTED_EDGE('',*,*,#2083,.F.);
#8517 = ORIENTED_EDGE('',*,*,#8518,.F.);
#8518 = EDGE_CURVE('',#8509,#2076,#8519,.T.);
#8519 = LINE('',#8520,#8521);
#8520 = CARTESIAN_POINT('',(-105.,2.554937539892,290.39491200875));
#8521 = VECTOR('',#8522,1.);
#8522 = DIRECTION('',(1.,0.,2.22044604925E-16));
#8523 = PLANE('',#8524);
#8524 = AXIS2_PLACEMENT_3D('',#8525,#8526,#8527);
#8525 = CARTESIAN_POINT('',(-105.,2.554937539892,280.47825294064));
#8526 = DIRECTION('',(0.,1.,-0.));
#8527 = DIRECTION('',(2.22044604925E-16,0.,-1.));
#8528 = ADVANCED_FACE('',(#8529),#8547,.F.);
#8529 = FACE_BOUND('',#8530,.T.);
#8530 = EDGE_LOOP('',(#8531,#8539,#8540,#8541));
#8531 = ORIENTED_EDGE('',*,*,#8532,.T.);
#8532 = EDGE_CURVE('',#8533,#8509,#8535,.T.);
#8533 = VERTEX_POINT('',#8534);
#8534 = CARTESIAN_POINT('',(-98.5,-1.64675845719,290.39491200875));
#8535 = LINE('',#8536,#8537);
#8536 = CARTESIAN_POINT('',(-98.5,-20.41711251084,290.39491200875));
#8537 = VECTOR('',#8538,1.);
#8538 = DIRECTION('',(0.,1.,0.));
#8539 = ORIENTED_EDGE('',*,*,#8518,.T.);
#8540 = ORIENTED_EDGE('',*,*,#2075,.F.);
#8541 = ORIENTED_EDGE('',*,*,#8542,.F.);
#8542 = EDGE_CURVE('',#8533,#2068,#8543,.T.);
#8543 = LINE('',#8544,#8545);
#8544 = CARTESIAN_POINT('',(-105.,-1.64675845719,290.39491200875));
#8545 = VECTOR('',#8546,1.);
#8546 = DIRECTION('',(1.,0.,2.22044604925E-16));
#8547 = PLANE('',#8548);
#8548 = AXIS2_PLACEMENT_3D('',#8549,#8550,#8551);
#8549 = CARTESIAN_POINT('',(-105.,2.554937539892,290.39491200875));
#8550 = DIRECTION('',(-2.22044604925E-16,0.,1.));
#8551 = DIRECTION('',(0.,1.,0.));
#8552 = ADVANCED_FACE('',(#8553),#8571,.F.);
#8553 = FACE_BOUND('',#8554,.T.);
#8554 = EDGE_LOOP('',(#8555,#8563,#8564,#8565));
#8555 = ORIENTED_EDGE('',*,*,#8556,.T.);
#8556 = EDGE_CURVE('',#8557,#8533,#8559,.T.);
#8557 = VERTEX_POINT('',#8558);
#8558 = CARTESIAN_POINT('',(-98.5,-1.64675845719,280.47825294064));
#8559 = LINE('',#8560,#8561);
#8560 = CARTESIAN_POINT('',(-98.5,-1.64675845719,240.19745600437));
#8561 = VECTOR('',#8562,1.);
#8562 = DIRECTION('',(0.,0.,1.));
#8563 = ORIENTED_EDGE('',*,*,#8542,.T.);
#8564 = ORIENTED_EDGE('',*,*,#2067,.F.);
#8565 = ORIENTED_EDGE('',*,*,#8566,.F.);
#8566 = EDGE_CURVE('',#8557,#2060,#8567,.T.);
#8567 = LINE('',#8568,#8569);
#8568 = CARTESIAN_POINT('',(-105.,-1.64675845719,280.47825294064));
#8569 = VECTOR('',#8570,1.);
#8570 = DIRECTION('',(1.,0.,2.22044604925E-16));
#8571 = PLANE('',#8572);
#8572 = AXIS2_PLACEMENT_3D('',#8573,#8574,#8575);
#8573 = CARTESIAN_POINT('',(-105.,-1.64675845719,290.39491200875));
#8574 = DIRECTION('',(0.,-1.,0.));
#8575 = DIRECTION('',(-2.22044604925E-16,0.,1.));
#8576 = ADVANCED_FACE('',(#8577),#8595,.F.);
#8577 = FACE_BOUND('',#8578,.T.);
#8578 = EDGE_LOOP('',(#8579,#8587,#8588,#8589));
#8579 = ORIENTED_EDGE('',*,*,#8580,.T.);
#8580 = EDGE_CURVE('',#8581,#8557,#8583,.T.);
#8581 = VERTEX_POINT('',#8582);
#8582 = CARTESIAN_POINT('',(-98.5,-4.48,280.47825294064));
#8583 = LINE('',#8584,#8585);
#8584 = CARTESIAN_POINT('',(-98.5,-22.51796050938,280.47825294064));
#8585 = VECTOR('',#8586,1.);
#8586 = DIRECTION('',(0.,1.,0.));
#8587 = ORIENTED_EDGE('',*,*,#8566,.T.);
#8588 = ORIENTED_EDGE('',*,*,#2059,.F.);
#8589 = ORIENTED_EDGE('',*,*,#8590,.F.);
#8590 = EDGE_CURVE('',#8581,#2052,#8591,.T.);
#8591 = LINE('',#8592,#8593);
#8592 = CARTESIAN_POINT('',(-74.,-4.48,280.47825294064));
#8593 = VECTOR('',#8594,1.);
#8594 = DIRECTION('',(1.,2.540718180781E-33,2.22044604925E-16));
#8595 = PLANE('',#8596);
#8596 = AXIS2_PLACEMENT_3D('',#8597,#8598,#8599);
#8597 = CARTESIAN_POINT('',(-105.,-1.64675845719,280.47825294064));
#8598 = DIRECTION('',(-2.22044604925E-16,0.,1.));
#8599 = DIRECTION('',(0.,1.,0.));
#8600 = ADVANCED_FACE('',(#8601),#8619,.T.);
#8601 = FACE_BOUND('',#8602,.T.);
#8602 = EDGE_LOOP('',(#8603,#8604,#8605,#8613));
#8603 = ORIENTED_EDGE('',*,*,#8590,.T.);
#8604 = ORIENTED_EDGE('',*,*,#2051,.F.);
#8605 = ORIENTED_EDGE('',*,*,#8606,.T.);
#8606 = EDGE_CURVE('',#2044,#8607,#8609,.T.);
#8607 = VERTEX_POINT('',#8608);
#8608 = CARTESIAN_POINT('',(-98.5,-4.48,275.77322877724));
#8609 = LINE('',#8610,#8611);
#8610 = CARTESIAN_POINT('',(-74.,-4.48,275.77322877724));
#8611 = VECTOR('',#8612,1.);
#8612 = DIRECTION('',(-1.,-2.540718180781E-33,-2.22044604925E-16));
#8613 = ORIENTED_EDGE('',*,*,#8614,.T.);
#8614 = EDGE_CURVE('',#8607,#8581,#8615,.T.);
#8615 = LINE('',#8616,#8617);
#8616 = CARTESIAN_POINT('',(-98.5,-4.48,181.46626242363));
#8617 = VECTOR('',#8618,1.);
#8618 = DIRECTION('',(0.,1.224646799147E-16,1.));
#8619 = PLANE('',#8620);
#8620 = AXIS2_PLACEMENT_3D('',#8621,#8622,#8623);
#8621 = CARTESIAN_POINT('',(-43.,-4.48,172.93252484726));
#8622 = DIRECTION('',(2.465190328816E-32,1.,-1.224646799147E-16));
#8623 = DIRECTION('',(-1.,6.037974890946E-48,-2.22044604925E-16));
#8624 = ADVANCED_FACE('',(#8625),#8636,.F.);
#8625 = FACE_BOUND('',#8626,.T.);
#8626 = EDGE_LOOP('',(#8627,#8633,#8634,#8635));
#8627 = ORIENTED_EDGE('',*,*,#8628,.T.);
#8628 = EDGE_CURVE('',#8463,#8607,#8629,.T.);
#8629 = LINE('',#8630,#8631);
#8630 = CARTESIAN_POINT('',(-98.5,-27.69458128078,275.77322877724));
#8631 = VECTOR('',#8632,1.);
#8632 = DIRECTION('',(0.,-1.,0.));
#8633 = ORIENTED_EDGE('',*,*,#8606,.F.);
#8634 = ORIENTED_EDGE('',*,*,#2043,.F.);
#8635 = ORIENTED_EDGE('',*,*,#8462,.T.);
#8636 = PLANE('',#8637);
#8637 = AXIS2_PLACEMENT_3D('',#8638,#8639,#8640);
#8638 = CARTESIAN_POINT('',(-105.,-12.,275.77322877724));
#8639 = DIRECTION('',(2.22044604925E-16,0.,-1.));
#8640 = DIRECTION('',(0.,-1.,0.));
#8641 = ADVANCED_FACE('',(#8642),#8680,.T.);
#8642 = FACE_BOUND('',#8643,.T.);
#8643 = EDGE_LOOP('',(#8644,#8665,#8671,#8672));
#8644 = ORIENTED_EDGE('',*,*,#8645,.T.);
#8645 = EDGE_CURVE('',#8646,#8648,#8650,.T.);
#8646 = VERTEX_POINT('',#8647);
#8647 = CARTESIAN_POINT('',(-98.5,-6.08,254.84566237886));
#8648 = VERTEX_POINT('',#8649);
#8649 = CARTESIAN_POINT('',(-98.5,-9.092732743686,256.52858575727));
#8650 = B_SPLINE_CURVE_WITH_KNOTS('',4,(#8651,#8652,#8653,#8654,#8655,
    #8656,#8657,#8658,#8659,#8660,#8661,#8662,#8663,#8664),
  .UNSPECIFIED.,.F.,.F.,(5,3,3,3,5),(0.,0.257486934631,0.508921568807,
    0.755873837068,1.),.UNSPECIFIED.);
#8651 = CARTESIAN_POINT('',(-98.5,-6.079994971428,254.84566052017));
#8652 = CARTESIAN_POINT('',(-98.5,-6.289389650875,254.92305790847));
#8653 = CARTESIAN_POINT('',(-98.5,-6.49688287457,255.00552364376));
#8654 = CARTESIAN_POINT('',(-98.5,-6.702209323534,255.09320861114));
#8655 = CARTESIAN_POINT('',(-98.5,-7.103164458609,255.27703085718));
#8656 = CARTESIAN_POINT('',(-98.5,-7.298908290934,255.3729203852));
#8657 = CARTESIAN_POINT('',(-98.5,-7.492023985461,255.47397396756));
#8658 = CARTESIAN_POINT('',(-98.5,-7.869024116709,255.68456748191));
#8659 = CARTESIAN_POINT('',(-98.5,-8.05301266814,255.79392365697));
#8660 = CARTESIAN_POINT('',(-98.5,-8.233907326597,255.90831016856));
#8661 = CARTESIAN_POINT('',(-98.5,-8.586940876519,256.14567461737));
#8662 = CARTESIAN_POINT('',(-98.5,-8.759157328802,256.26853930041));
#8663 = CARTESIAN_POINT('',(-98.5,-8.927829868754,256.39621852545));
#8664 = CARTESIAN_POINT('',(-98.5,-9.092732743686,256.52858575727));
#8665 = ORIENTED_EDGE('',*,*,#8666,.T.);
#8666 = EDGE_CURVE('',#8648,#2102,#8667,.T.);
#8667 = LINE('',#8668,#8669);
#8668 = CARTESIAN_POINT('',(-105.,-9.092732743686,256.52858575727));
#8669 = VECTOR('',#8670,1.);
#8670 = DIRECTION('',(1.,0.,2.22044604925E-16));
#8671 = ORIENTED_EDGE('',*,*,#2099,.F.);
#8672 = ORIENTED_EDGE('',*,*,#8673,.T.);
#8673 = EDGE_CURVE('',#2100,#8646,#8674,.T.);
#8674 = B_SPLINE_CURVE_WITH_KNOTS('',4,(#8675,#8676,#8677,#8678,#8679),
  .UNSPECIFIED.,.F.,.F.,(5,5),(0.,1.),.PIECEWISE_BEZIER_KNOTS.);
#8675 = CARTESIAN_POINT('',(-44.9999994,-6.08,254.84566237886));
#8676 = CARTESIAN_POINT('',(-59.9999997,-6.08,254.84566237886));
#8677 = CARTESIAN_POINT('',(-75.,-6.08,254.84566237886));
#8678 = CARTESIAN_POINT('',(-90.0000003,-6.08,254.84566237886));
#8679 = CARTESIAN_POINT('',(-105.0000006,-6.08,254.84566237886));
#8680 = SURFACE_OF_LINEAR_EXTRUSION('',#8681,#8685);
#8681 = B_SPLINE_CURVE_WITH_KNOTS('',2,(#8682,#8683,#8684),
  .UNSPECIFIED.,.F.,.F.,(3,3),(0.,1.),.PIECEWISE_BEZIER_KNOTS.);
#8682 = CARTESIAN_POINT('',(-105.,-9.092732743686,256.52858575727));
#8683 = CARTESIAN_POINT('',(-105.,-5.848454454272,253.92440959241));
#8684 = CARTESIAN_POINT('',(-105.,-0.269171149813,253.92440959241));
#8685 = VECTOR('',#8686,1.);
#8686 = DIRECTION('',(-1.,-0.,-2.22044604925E-16));
#8687 = ADVANCED_FACE('',(#8688),#8708,.F.);
#8688 = FACE_BOUND('',#8689,.F.);
#8689 = EDGE_LOOP('',(#8690,#8700,#8701,#8702));
#8690 = ORIENTED_EDGE('',*,*,#8691,.F.);
#8691 = EDGE_CURVE('',#2223,#8692,#8694,.T.);
#8692 = VERTEX_POINT('',#8693);
#8693 = CARTESIAN_POINT('',(-98.5,-6.08,260.25078594986));
#8694 = B_SPLINE_CURVE_WITH_KNOTS('',4,(#8695,#8696,#8697,#8698,#8699),
  .UNSPECIFIED.,.F.,.F.,(5,5),(0.,1.),.PIECEWISE_BEZIER_KNOTS.);
#8695 = CARTESIAN_POINT('',(-44.9999994,-6.08,260.25078594986));
#8696 = CARTESIAN_POINT('',(-59.9999997,-6.08,260.25078594986));
#8697 = CARTESIAN_POINT('',(-75.,-6.08,260.25078594986));
#8698 = CARTESIAN_POINT('',(-90.0000003,-6.08,260.25078594986));
#8699 = CARTESIAN_POINT('',(-105.0000006,-6.08,260.25078594986));
#8700 = ORIENTED_EDGE('',*,*,#2254,.F.);
#8701 = ORIENTED_EDGE('',*,*,#8673,.T.);
#8702 = ORIENTED_EDGE('',*,*,#8703,.T.);
#8703 = EDGE_CURVE('',#8646,#8692,#8704,.T.);
#8704 = LINE('',#8705,#8706);
#8705 = CARTESIAN_POINT('',(-98.5,-6.08,181.46626242363));
#8706 = VECTOR('',#8707,1.);
#8707 = DIRECTION('',(0.,1.224646799147E-16,1.));
#8708 = PLANE('',#8709);
#8709 = AXIS2_PLACEMENT_3D('',#8710,#8711,#8712);
#8710 = CARTESIAN_POINT('',(-43.,-6.08,172.93252484726));
#8711 = DIRECTION('',(2.465190328816E-32,1.,-1.224646799147E-16));
#8712 = DIRECTION('',(-1.,6.037974890946E-48,-2.22044604925E-16));
#8713 = ADVANCED_FACE('',(#8714),#8756,.T.);
#8714 = FACE_BOUND('',#8715,.T.);
#8715 = EDGE_LOOP('',(#8716,#8748,#8749,#8750));
#8716 = ORIENTED_EDGE('',*,*,#8717,.T.);
#8717 = EDGE_CURVE('',#8718,#8692,#8720,.T.);
#8718 = VERTEX_POINT('',#8719);
#8719 = CARTESIAN_POINT('',(-98.5,-8.202060727637,264.54572809337));
#8720 = B_SPLINE_CURVE_WITH_KNOTS('',6,(#8721,#8722,#8723,#8724,#8725,
    #8726,#8727,#8728,#8729,#8730,#8731,#8732,#8733,#8734,#8735,#8736,
    #8737,#8738,#8739,#8740,#8741,#8742,#8743,#8744,#8745,#8746,#8747),
  .UNSPECIFIED.,.F.,.F.,(7,5,5,5,5,7),(0.,0.262174321964,0.392865351646,
    0.646406333957,0.881302287369,1.),.UNSPECIFIED.);
#8721 = CARTESIAN_POINT('',(-98.5,-8.202060727637,264.54572809337));
#8722 = CARTESIAN_POINT('',(-98.5,-8.202060727637,264.32583558787));
#8723 = CARTESIAN_POINT('',(-98.5,-8.194650088453,264.10609675324));
#8724 = CARTESIAN_POINT('',(-98.5,-8.179199255658,263.88681008371));
#8725 = CARTESIAN_POINT('',(-98.5,-8.155025697463,263.66841776058));
#8726 = CARTESIAN_POINT('',(-98.5,-8.121428149506,263.4515017954));
#8727 = CARTESIAN_POINT('',(-98.5,-8.05602818667,263.12973166563));
#8728 = CARTESIAN_POINT('',(-98.5,-8.031776352283,263.02323767199));
#8729 = CARTESIAN_POINT('',(-98.5,-8.004952728995,262.91738128049));
#8730 = CARTESIAN_POINT('',(-98.5,-7.975486879664,262.81226316751));
#8731 = CARTESIAN_POINT('',(-98.5,-7.943318351576,262.70799222576));
#8732 = CARTESIAN_POINT('',(-98.5,-7.840661583005,262.40426658086));
#8733 = CARTESIAN_POINT('',(-98.5,-7.762564515599,262.20743652397));
#8734 = CARTESIAN_POINT('',(-98.5,-7.673790459356,262.01510730572));
#8735 = CARTESIAN_POINT('',(-98.5,-7.574216346497,261.82818807538));
#8736 = CARTESIAN_POINT('',(-98.5,-7.464004995156,261.64753843381));
#8737 = CARTESIAN_POINT('',(-98.5,-7.232231665571,261.31307484501));
#8738 = CARTESIAN_POINT('',(-98.5,-7.112073785636,261.15822585927));
#8739 = CARTESIAN_POINT('',(-98.5,-6.983637580559,261.00998370189));
#8740 = CARTESIAN_POINT('',(-98.5,-6.847504057414,260.8687274703));
#8741 = CARTESIAN_POINT('',(-98.5,-6.704369765513,260.73465162375));
#8742 = CARTESIAN_POINT('',(-98.5,-6.479517320675,260.54371431406));
#8743 = CARTESIAN_POINT('',(-98.5,-6.40243862327,260.48146136607));
#8744 = CARTESIAN_POINT('',(-98.5,-6.323855242373,260.42105446599));
#8745 = CARTESIAN_POINT('',(-98.5,-6.243860404773,260.36248538865));
#8746 = CARTESIAN_POINT('',(-98.5,-6.162545335118,260.30573672124));
#8747 = CARTESIAN_POINT('',(-98.5,-6.079997415979,260.25078422966));
#8748 = ORIENTED_EDGE('',*,*,#8691,.F.);
#8749 = ORIENTED_EDGE('',*,*,#2222,.F.);
#8750 = ORIENTED_EDGE('',*,*,#8751,.F.);
#8751 = EDGE_CURVE('',#8718,#2212,#8752,.T.);
#8752 = LINE('',#8753,#8754);
#8753 = CARTESIAN_POINT('',(-105.,-8.202060727637,264.54572809337));
#8754 = VECTOR('',#8755,1.);
#8755 = DIRECTION('',(1.,0.,2.22044604925E-16));
#8756 = SURFACE_OF_LINEAR_EXTRUSION('',#8757,#8761);
#8757 = B_SPLINE_CURVE_WITH_KNOTS('',2,(#8758,#8759,#8760),
  .UNSPECIFIED.,.F.,.F.,(3,3),(0.,1.),.PIECEWISE_BEZIER_KNOTS.);
#8758 = CARTESIAN_POINT('',(-105.,-6.016959970822,260.20944652138));
#8759 = CARTESIAN_POINT('',(-105.,-8.202060727637,261.6209537704));
#8760 = CARTESIAN_POINT('',(-105.,-8.202060727637,264.54572809337));
#8761 = VECTOR('',#8762,1.);
#8762 = DIRECTION('',(-1.,-0.,-2.22044604925E-16));
#8763 = ADVANCED_FACE('',(#8764),#8785,.T.);
#8764 = FACE_BOUND('',#8765,.T.);
#8765 = EDGE_LOOP('',(#8766,#8777,#8778,#8779));
#8766 = ORIENTED_EDGE('',*,*,#8767,.T.);
#8767 = EDGE_CURVE('',#8768,#8718,#8770,.T.);
#8768 = VERTEX_POINT('',#8769);
#8769 = CARTESIAN_POINT('',(-98.5,-8.101395094374,265.92331540074));
#8770 = B_SPLINE_CURVE_WITH_KNOTS('',5,(#8771,#8772,#8773,#8774,#8775,
    #8776),.UNSPECIFIED.,.F.,.F.,(6,6),(0.,1.),
  .PIECEWISE_BEZIER_KNOTS.);
#8771 = CARTESIAN_POINT('',(-98.5,-8.101395094374,265.92331540074));
#8772 = CARTESIAN_POINT('',(-98.5,-8.143466112879,265.65671318565));
#8773 = CARTESIAN_POINT('',(-98.5,-8.173643888039,265.38472919157));
#8774 = CARTESIAN_POINT('',(-98.5,-8.19286418091,265.10838644877));
#8775 = CARTESIAN_POINT('',(-98.5,-8.202060727637,264.82851849328));
#8776 = CARTESIAN_POINT('',(-98.5,-8.202060727637,264.54572809337));
#8777 = ORIENTED_EDGE('',*,*,#8751,.T.);
#8778 = ORIENTED_EDGE('',*,*,#2211,.F.);
#8779 = ORIENTED_EDGE('',*,*,#8780,.F.);
#8780 = EDGE_CURVE('',#8768,#2202,#8781,.T.);
#8781 = LINE('',#8782,#8783);
#8782 = CARTESIAN_POINT('',(-105.,-8.101395094374,265.92331540074));
#8783 = VECTOR('',#8784,1.);
#8784 = DIRECTION('',(1.,0.,2.22044604925E-16));
#8785 = SURFACE_OF_LINEAR_EXTRUSION('',#8786,#8790);
#8786 = B_SPLINE_CURVE_WITH_KNOTS('',2,(#8787,#8788,#8789),
  .UNSPECIFIED.,.F.,.F.,(3,3),(0.,1.),.PIECEWISE_BEZIER_KNOTS.);
#8787 = CARTESIAN_POINT('',(-105.,-8.202060727637,264.54572809337));
#8788 = CARTESIAN_POINT('',(-105.,-8.202060727637,265.28540165952));
#8789 = CARTESIAN_POINT('',(-105.,-8.101395094374,265.92331540074));
#8790 = VECTOR('',#8791,1.);
#8791 = DIRECTION('',(-1.,-0.,-2.22044604925E-16));
#8792 = ADVANCED_FACE('',(#8793),#8813,.T.);
#8793 = FACE_BOUND('',#8794,.T.);
#8794 = EDGE_LOOP('',(#8795,#8805,#8806,#8807));
#8795 = ORIENTED_EDGE('',*,*,#8796,.T.);
#8796 = EDGE_CURVE('',#8797,#8768,#8799,.T.);
#8797 = VERTEX_POINT('',#8798);
#8798 = CARTESIAN_POINT('',(-98.5,-7.865049694538,267.16741132488));
#8799 = B_SPLINE_CURVE_WITH_KNOTS('',4,(#8800,#8801,#8802,#8803,#8804),
  .UNSPECIFIED.,.F.,.F.,(5,5),(0.,1.),.PIECEWISE_BEZIER_KNOTS.);
#8800 = CARTESIAN_POINT('',(-98.5,-7.865049694538,267.16741132488));
#8801 = CARTESIAN_POINT('',(-98.5,-7.933228491991,266.86088388593));
#8802 = CARTESIAN_POINT('',(-98.5,-7.995206382734,266.55118222504));
#8803 = CARTESIAN_POINT('',(-98.5,-8.05119038978,266.23857935217));
#8804 = CARTESIAN_POINT('',(-98.5,-8.101395094374,265.92331540074));
#8805 = ORIENTED_EDGE('',*,*,#8780,.T.);
#8806 = ORIENTED_EDGE('',*,*,#2201,.F.);
#8807 = ORIENTED_EDGE('',*,*,#8808,.F.);
#8808 = EDGE_CURVE('',#8797,#2194,#8809,.T.);
#8809 = LINE('',#8810,#8811);
#8810 = CARTESIAN_POINT('',(-105.,-7.865049694538,267.16741132488));
#8811 = VECTOR('',#8812,1.);
#8812 = DIRECTION('',(1.,0.,2.22044604925E-16));
#8813 = SURFACE_OF_LINEAR_EXTRUSION('',#8814,#8818);
#8814 = B_SPLINE_CURVE_WITH_KNOTS('',2,(#8815,#8816,#8817),
  .UNSPECIFIED.,.F.,.F.,(3,3),(0.,1.),.PIECEWISE_BEZIER_KNOTS.);
#8815 = CARTESIAN_POINT('',(-105.,-8.101395094374,265.92331540074));
#8816 = CARTESIAN_POINT('',(-105.,-7.999635269445,266.56232333363));
#8817 = CARTESIAN_POINT('',(-105.,-7.865049694538,267.16741132488));
#8818 = VECTOR('',#8819,1.);
#8819 = DIRECTION('',(-1.,-0.,-2.22044604925E-16));
#8820 = ADVANCED_FACE('',(#8821),#8839,.F.);
#8821 = FACE_BOUND('',#8822,.T.);
#8822 = EDGE_LOOP('',(#8823,#8831,#8832,#8833));
#8823 = ORIENTED_EDGE('',*,*,#8824,.T.);
#8824 = EDGE_CURVE('',#8825,#8797,#8827,.T.);
#8825 = VERTEX_POINT('',#8826);
#8826 = CARTESIAN_POINT('',(-98.5,-6.08,267.16741132488));
#8827 = LINE('',#8828,#8829);
#8828 = CARTESIAN_POINT('',(-98.5,-25.62710612805,267.16741132488));
#8829 = VECTOR('',#8830,1.);
#8830 = DIRECTION('',(0.,-1.,0.));
#8831 = ORIENTED_EDGE('',*,*,#8808,.T.);
#8832 = ORIENTED_EDGE('',*,*,#2193,.F.);
#8833 = ORIENTED_EDGE('',*,*,#8834,.T.);
#8834 = EDGE_CURVE('',#2186,#8825,#8835,.T.);
#8835 = LINE('',#8836,#8837);
#8836 = CARTESIAN_POINT('',(-74.,-6.08,267.16741132488));
#8837 = VECTOR('',#8838,1.);
#8838 = DIRECTION('',(-1.,-2.540718180781E-33,-2.22044604925E-16));
#8839 = PLANE('',#8840);
#8840 = AXIS2_PLACEMENT_3D('',#8841,#8842,#8843);
#8841 = CARTESIAN_POINT('',(-105.,-7.865049694538,267.16741132488));
#8842 = DIRECTION('',(2.22044604925E-16,0.,-1.));
#8843 = DIRECTION('',(0.,-1.,0.));
#8844 = ADVANCED_FACE('',(#8845),#8863,.F.);
#8845 = FACE_BOUND('',#8846,.F.);
#8846 = EDGE_LOOP('',(#8847,#8855,#8861,#8862));
#8847 = ORIENTED_EDGE('',*,*,#8848,.T.);
#8848 = EDGE_CURVE('',#8825,#8849,#8851,.T.);
#8849 = VERTEX_POINT('',#8850);
#8850 = CARTESIAN_POINT('',(-98.5,-6.08,271.57153278015));
#8851 = LINE('',#8852,#8853);
#8852 = CARTESIAN_POINT('',(-98.5,-6.08,181.46626242363));
#8853 = VECTOR('',#8854,1.);
#8854 = DIRECTION('',(0.,1.224646799147E-16,1.));
#8855 = ORIENTED_EDGE('',*,*,#8856,.T.);
#8856 = EDGE_CURVE('',#8849,#2178,#8857,.T.);
#8857 = LINE('',#8858,#8859);
#8858 = CARTESIAN_POINT('',(-74.,-6.08,271.57153278015));
#8859 = VECTOR('',#8860,1.);
#8860 = DIRECTION('',(1.,2.540718180781E-33,2.22044604925E-16));
#8861 = ORIENTED_EDGE('',*,*,#2185,.F.);
#8862 = ORIENTED_EDGE('',*,*,#8834,.T.);
#8863 = PLANE('',#8864);
#8864 = AXIS2_PLACEMENT_3D('',#8865,#8866,#8867);
#8865 = CARTESIAN_POINT('',(-43.,-6.08,172.93252484726));
#8866 = DIRECTION('',(2.465190328816E-32,1.,-1.224646799147E-16));
#8867 = DIRECTION('',(-1.,6.037974890946E-48,-2.22044604925E-16));
#8868 = ADVANCED_FACE('',(#8869),#8887,.F.);
#8869 = FACE_BOUND('',#8870,.T.);
#8870 = EDGE_LOOP('',(#8871,#8879,#8880,#8881));
#8871 = ORIENTED_EDGE('',*,*,#8872,.T.);
#8872 = EDGE_CURVE('',#8873,#8849,#8875,.T.);
#8873 = VERTEX_POINT('',#8874);
#8874 = CARTESIAN_POINT('',(-98.5,-10.95832953405,271.57153278015));
#8875 = LINE('',#8876,#8877);
#8876 = CARTESIAN_POINT('',(-98.5,-20.93849483964,271.57153278015));
#8877 = VECTOR('',#8878,1.);
#8878 = DIRECTION('',(0.,1.,0.));
#8879 = ORIENTED_EDGE('',*,*,#8856,.T.);
#8880 = ORIENTED_EDGE('',*,*,#2177,.F.);
#8881 = ORIENTED_EDGE('',*,*,#8882,.F.);
#8882 = EDGE_CURVE('',#8873,#2163,#8883,.T.);
#8883 = LINE('',#8884,#8885);
#8884 = CARTESIAN_POINT('',(-105.,-10.95832953405,271.57153278015));
#8885 = VECTOR('',#8886,1.);
#8886 = DIRECTION('',(1.,0.,2.22044604925E-16));
#8887 = PLANE('',#8888);
#8888 = AXIS2_PLACEMENT_3D('',#8889,#8890,#8891);
#8889 = CARTESIAN_POINT('',(-105.,1.512172882283,271.57153278015));
#8890 = DIRECTION('',(-2.22044604925E-16,0.,1.));
#8891 = DIRECTION('',(0.,1.,0.));
#8892 = ADVANCED_FACE('',(#8893),#8918,.T.);
#8893 = FACE_BOUND('',#8894,.T.);
#8894 = EDGE_LOOP('',(#8895,#8910,#8911,#8912));
#8895 = ORIENTED_EDGE('',*,*,#8896,.T.);
#8896 = EDGE_CURVE('',#8897,#8873,#8899,.T.);
#8897 = VERTEX_POINT('',#8898);
#8898 = CARTESIAN_POINT('',(-98.5,-12.03282574997,268.1423360992));
#8899 = B_SPLINE_CURVE_WITH_KNOTS('',5,(#8900,#8901,#8902,#8903,#8904,
    #8905,#8906,#8907,#8908,#8909),.UNSPECIFIED.,.F.,.F.,(6,4,6),(0.,
    0.488805552645,1.),.UNSPECIFIED.);
#8900 = CARTESIAN_POINT('',(-98.5,-12.03282574997,268.1423360992));
#8901 = CARTESIAN_POINT('',(-98.5,-11.97079353095,268.48755888331));
#8902 = CARTESIAN_POINT('',(-98.5,-11.89699837356,268.83098484648));
#8903 = CARTESIAN_POINT('',(-98.5,-11.81201809405,269.17219698439));
#8904 = CARTESIAN_POINT('',(-98.5,-11.71649335487,269.51088571889));
#8905 = CARTESIAN_POINT('',(-98.5,-11.50078184618,270.19816803978));
#8906 = CARTESIAN_POINT('',(-98.5,-11.37966641627,270.54650310099));
#8907 = CARTESIAN_POINT('',(-98.5,-11.24842465083,270.89159472717));
#8908 = CARTESIAN_POINT('',(-98.5,-11.10776393601,271.23329457288));
#8909 = CARTESIAN_POINT('',(-98.5,-10.95832953405,271.57153278015));
#8910 = ORIENTED_EDGE('',*,*,#8882,.T.);
#8911 = ORIENTED_EDGE('',*,*,#2162,.F.);
#8912 = ORIENTED_EDGE('',*,*,#8913,.F.);
#8913 = EDGE_CURVE('',#8897,#2148,#8914,.T.);
#8914 = LINE('',#8915,#8916);
#8915 = CARTESIAN_POINT('',(-105.,-12.03282574997,268.1423360992));
#8916 = VECTOR('',#8917,1.);
#8917 = DIRECTION('',(1.,0.,2.22044604925E-16));
#8918 = SURFACE_OF_LINEAR_EXTRUSION('',#8919,#8923);
#8919 = B_SPLINE_CURVE_WITH_KNOTS('',2,(#8920,#8921,#8922),
  .UNSPECIFIED.,.F.,.F.,(3,3),(0.,1.),.PIECEWISE_BEZIER_KNOTS.);
#8920 = CARTESIAN_POINT('',(-105.,-10.95832953405,271.57153278015));
#8921 = CARTESIAN_POINT('',(-105.,-11.73082885018,269.82301449804));
#8922 = CARTESIAN_POINT('',(-105.,-12.03282574997,268.1423360992));
#8923 = VECTOR('',#8924,1.);
#8924 = DIRECTION('',(-1.,-0.,-2.22044604925E-16));
#8925 = ADVANCED_FACE('',(#8926),#8951,.T.);
#8926 = FACE_BOUND('',#8927,.T.);
#8927 = EDGE_LOOP('',(#8928,#8943,#8944,#8945));
#8928 = ORIENTED_EDGE('',*,*,#8929,.T.);
#8929 = EDGE_CURVE('',#8930,#8897,#8932,.T.);
#8930 = VERTEX_POINT('',#8931);
#8931 = CARTESIAN_POINT('',(-98.5,-12.33591684143,264.4450624601));
#8932 = B_SPLINE_CURVE_WITH_KNOTS('',5,(#8933,#8934,#8935,#8936,#8937,
    #8938,#8939,#8940,#8941,#8942),.UNSPECIFIED.,.F.,.F.,(6,4,6),(0.,
    0.519414645936,1.),.UNSPECIFIED.);
#8933 = CARTESIAN_POINT('',(-98.5,-12.33591684143,264.4450624601));
#8934 = CARTESIAN_POINT('',(-98.5,-12.33591684143,264.83296594876));
#8935 = CARTESIAN_POINT('',(-98.5,-12.32890776245,265.22041598506));
#8936 = CARTESIAN_POINT('',(-98.5,-12.31436070062,265.60721809011));
#8937 = CARTESIAN_POINT('',(-98.5,-12.29167114432,265.9930936923));
#8938 = CARTESIAN_POINT('',(-98.5,-12.23097382668,266.73351331797));
#8939 = CARTESIAN_POINT('',(-98.5,-12.19423885476,267.08823630777));
#8940 = CARTESIAN_POINT('',(-98.5,-12.14938758162,267.44156073303));
#8941 = CARTESIAN_POINT('',(-98.5,-12.09580761668,267.79309369031));
#8942 = CARTESIAN_POINT('',(-98.5,-12.03282574997,268.1423360992));
#8943 = ORIENTED_EDGE('',*,*,#8913,.T.);
#8944 = ORIENTED_EDGE('',*,*,#2147,.F.);
#8945 = ORIENTED_EDGE('',*,*,#8946,.F.);
#8946 = EDGE_CURVE('',#8930,#2121,#8947,.T.);
#8947 = LINE('',#8948,#8949);
#8948 = CARTESIAN_POINT('',(-105.,-12.33591684143,264.4450624601));
#8949 = VECTOR('',#8950,1.);
#8950 = DIRECTION('',(1.,0.,2.22044604925E-16));
#8951 = SURFACE_OF_LINEAR_EXTRUSION('',#8952,#8956);
#8952 = B_SPLINE_CURVE_WITH_KNOTS('',2,(#8953,#8954,#8955),
  .UNSPECIFIED.,.F.,.F.,(3,3),(0.,1.),.PIECEWISE_BEZIER_KNOTS.);
#8953 = CARTESIAN_POINT('',(-105.,-12.03282574997,268.1423360992));
#8954 = CARTESIAN_POINT('',(-105.,-12.33591684143,266.46165770037));
#8955 = CARTESIAN_POINT('',(-105.,-12.33591684143,264.4450624601));
#8956 = VECTOR('',#8957,1.);
#8957 = DIRECTION('',(-1.,-0.,-2.22044604925E-16));
#8958 = ADVANCED_FACE('',(#8959),#8989,.T.);
#8959 = FACE_BOUND('',#8960,.T.);
#8960 = EDGE_LOOP('',(#8961,#8986,#8987,#8988));
#8961 = ORIENTED_EDGE('',*,*,#8962,.T.);
#8962 = EDGE_CURVE('',#8648,#8930,#8963,.T.);
#8963 = B_SPLINE_CURVE_WITH_KNOTS('',6,(#8964,#8965,#8966,#8967,#8968,
    #8969,#8970,#8971,#8972,#8973,#8974,#8975,#8976,#8977,#8978,#8979,
    #8980,#8981,#8982,#8983,#8984,#8985),.UNSPECIFIED.,.F.,.F.,(7,5,5,5,
    7),(0.,0.179869583009,0.471096568404,0.631067684399,1.),
  .UNSPECIFIED.);
#8964 = CARTESIAN_POINT('',(-98.5,-9.092732743686,256.52858575727));
#8965 = CARTESIAN_POINT('',(-98.5,-9.299752209441,256.69488580719));
#8966 = CARTESIAN_POINT('',(-98.5,-9.50041959593,256.86906760931));
#8967 = CARTESIAN_POINT('',(-98.5,-9.694162042544,257.0510419495));
#8968 = CARTESIAN_POINT('',(-98.5,-9.880461012189,257.2406227705));
#8969 = CARTESIAN_POINT('',(-98.5,-10.05886924247,257.43750981395));
#8970 = CARTESIAN_POINT('',(-98.5,-10.50453138627,257.97118158648));
#8971 = CARTESIAN_POINT('',(-98.5,-10.75848482137,258.31920452156));
#8972 = CARTESIAN_POINT('',(-98.5,-10.98925721031,258.68342773097));
#8973 = CARTESIAN_POINT('',(-98.5,-11.19635502118,259.06158135593));
#8974 = CARTESIAN_POINT('',(-98.5,-11.38008179516,259.45123923106));
#8975 = CARTESIAN_POINT('',(-98.5,-11.62978853423,260.06902420116));
#8976 = CARTESIAN_POINT('',(-98.5,-11.7115303802,260.29083652404));
#8977 = CARTESIAN_POINT('',(-98.5,-11.78662764785,260.51506378364));
#8978 = CARTESIAN_POINT('',(-98.5,-11.85527414319,260.7413694752));
#8979 = CARTESIAN_POINT('',(-98.5,-11.91769325709,260.969449878));
#8980 = CARTESIAN_POINT('',(-98.5,-12.10425444693,261.72853073529));
#8981 = CARTESIAN_POINT('',(-98.5,-12.20248749009,262.2659277293));
#8982 = CARTESIAN_POINT('',(-98.5,-12.27180377539,262.8082143379));
#8983 = CARTESIAN_POINT('',(-98.5,-12.31534408538,263.35307213055));
#8984 = CARTESIAN_POINT('',(-98.5,-12.33591684143,263.8989481594));
#8985 = CARTESIAN_POINT('',(-98.5,-12.33591684143,264.4450624601));
#8986 = ORIENTED_EDGE('',*,*,#8946,.T.);
#8987 = ORIENTED_EDGE('',*,*,#2120,.F.);
#8988 = ORIENTED_EDGE('',*,*,#8666,.F.);
#8989 = SURFACE_OF_LINEAR_EXTRUSION('',#8990,#8994);
#8990 = B_SPLINE_CURVE_WITH_KNOTS('',2,(#8991,#8992,#8993),
  .UNSPECIFIED.,.F.,.F.,(3,3),(0.,1.),.PIECEWISE_BEZIER_KNOTS.);
#8991 = CARTESIAN_POINT('',(-105.,-12.33591684143,264.4450624601));
#8992 = CARTESIAN_POINT('',(-105.,-12.33591684143,259.13385611379));
#8993 = CARTESIAN_POINT('',(-105.,-9.092732743686,256.52858575727));
#8994 = VECTOR('',#8995,1.);
#8995 = DIRECTION('',(-1.,-0.,-2.22044604925E-16));
#8996 = ADVANCED_FACE('',(#8997),#9022,.F.);
#8997 = FACE_BOUND('',#8998,.F.);
#8998 = EDGE_LOOP('',(#8999,#9007,#9008,#9016));
#8999 = ORIENTED_EDGE('',*,*,#9000,.T.);
#9000 = EDGE_CURVE('',#9001,#2265,#9003,.T.);
#9001 = VERTEX_POINT('',#9002);
#9002 = CARTESIAN_POINT('',(-98.5,-6.08,280.47825294064));
#9003 = LINE('',#9004,#9005);
#9004 = CARTESIAN_POINT('',(-74.,-6.08,280.47825294064));
#9005 = VECTOR('',#9006,1.);
#9006 = DIRECTION('',(1.,2.540718180781E-33,2.22044604925E-16));
#9007 = ORIENTED_EDGE('',*,*,#2262,.F.);
#9008 = ORIENTED_EDGE('',*,*,#9009,.T.);
#9009 = EDGE_CURVE('',#2263,#9010,#9012,.T.);
#9010 = VERTEX_POINT('',#9011);
#9011 = CARTESIAN_POINT('',(-98.5,-6.08,275.77322877724));
#9012 = LINE('',#9013,#9014);
#9013 = CARTESIAN_POINT('',(-74.,-6.08,275.77322877724));
#9014 = VECTOR('',#9015,1.);
#9015 = DIRECTION('',(-1.,-2.540718180781E-33,-2.22044604925E-16));
#9016 = ORIENTED_EDGE('',*,*,#9017,.T.);
#9017 = EDGE_CURVE('',#9010,#9001,#9018,.T.);
#9018 = LINE('',#9019,#9020);
#9019 = CARTESIAN_POINT('',(-98.5,-6.08,181.46626242363));
#9020 = VECTOR('',#9021,1.);
#9021 = DIRECTION('',(0.,1.224646799147E-16,1.));
#9022 = PLANE('',#9023);
#9023 = AXIS2_PLACEMENT_3D('',#9024,#9025,#9026);
#9024 = CARTESIAN_POINT('',(-43.,-6.08,172.93252484726));
#9025 = DIRECTION('',(2.465190328816E-32,1.,-1.224646799147E-16));
#9026 = DIRECTION('',(-1.,6.037974890946E-48,-2.22044604925E-16));
#9027 = ADVANCED_FACE('',(#9028),#9046,.F.);
#9028 = FACE_BOUND('',#9029,.T.);
#9029 = EDGE_LOOP('',(#9030,#9038,#9039,#9040));
#9030 = ORIENTED_EDGE('',*,*,#9031,.T.);
#9031 = EDGE_CURVE('',#9032,#9001,#9034,.T.);
#9032 = VERTEX_POINT('',#9033);
#9033 = CARTESIAN_POINT('',(-98.5,-7.798304002918,280.47825294064));
#9034 = LINE('',#9035,#9036);
#9035 = CARTESIAN_POINT('',(-98.5,-22.51796050938,280.47825294064));
#9036 = VECTOR('',#9037,1.);
#9037 = DIRECTION('',(0.,1.,0.));
#9038 = ORIENTED_EDGE('',*,*,#9000,.T.);
#9039 = ORIENTED_EDGE('',*,*,#2304,.F.);
#9040 = ORIENTED_EDGE('',*,*,#9041,.F.);
#9041 = EDGE_CURVE('',#9032,#2297,#9042,.T.);
#9042 = LINE('',#9043,#9044);
#9043 = CARTESIAN_POINT('',(-105.,-7.798304002918,280.47825294064));
#9044 = VECTOR('',#9045,1.);
#9045 = DIRECTION('',(1.,0.,2.22044604925E-16));
#9046 = PLANE('',#9047);
#9047 = AXIS2_PLACEMENT_3D('',#9048,#9049,#9050);
#9048 = CARTESIAN_POINT('',(-105.,-1.64675845719,280.47825294064));
#9049 = DIRECTION('',(-2.22044604925E-16,0.,1.));
#9050 = DIRECTION('',(0.,1.,0.));
#9051 = ADVANCED_FACE('',(#9052),#9070,.F.);
#9052 = FACE_BOUND('',#9053,.T.);
#9053 = EDGE_LOOP('',(#9054,#9062,#9063,#9064));
#9054 = ORIENTED_EDGE('',*,*,#9055,.T.);
#9055 = EDGE_CURVE('',#9056,#9032,#9058,.T.);
#9056 = VERTEX_POINT('',#9057);
#9057 = CARTESIAN_POINT('',(-98.5,-7.798304002918,290.89933436673));
#9058 = LINE('',#9059,#9060);
#9059 = CARTESIAN_POINT('',(-98.5,-7.798304002918,235.23912647032));
#9060 = VECTOR('',#9061,1.);
#9061 = DIRECTION('',(0.,0.,-1.));
#9062 = ORIENTED_EDGE('',*,*,#9041,.T.);
#9063 = ORIENTED_EDGE('',*,*,#2296,.F.);
#9064 = ORIENTED_EDGE('',*,*,#9065,.F.);
#9065 = EDGE_CURVE('',#9056,#2289,#9066,.T.);
#9066 = LINE('',#9067,#9068);
#9067 = CARTESIAN_POINT('',(-105.,-7.798304002918,290.89933436673));
#9068 = VECTOR('',#9069,1.);
#9069 = DIRECTION('',(1.,0.,2.22044604925E-16));
#9070 = PLANE('',#9071);
#9071 = AXIS2_PLACEMENT_3D('',#9072,#9073,#9074);
#9072 = CARTESIAN_POINT('',(-105.,-7.798304002918,280.47825294064));
#9073 = DIRECTION('',(0.,1.,-0.));
#9074 = DIRECTION('',(2.22044604925E-16,0.,-1.));
#9075 = ADVANCED_FACE('',(#9076),#9094,.F.);
#9076 = FACE_BOUND('',#9077,.T.);
#9077 = EDGE_LOOP('',(#9078,#9086,#9087,#9088));
#9078 = ORIENTED_EDGE('',*,*,#9079,.T.);
#9079 = EDGE_CURVE('',#9080,#9056,#9082,.T.);
#9080 = VERTEX_POINT('',#9081);
#9081 = CARTESIAN_POINT('',(-98.5,-12.,290.89933436673));
#9082 = LINE('',#9083,#9084);
#9083 = CARTESIAN_POINT('',(-98.5,-25.59373328224,290.89933436673));
#9084 = VECTOR('',#9085,1.);
#9085 = DIRECTION('',(0.,1.,0.));
#9086 = ORIENTED_EDGE('',*,*,#9065,.T.);
#9087 = ORIENTED_EDGE('',*,*,#2288,.F.);
#9088 = ORIENTED_EDGE('',*,*,#9089,.F.);
#9089 = EDGE_CURVE('',#9080,#2281,#9090,.T.);
#9090 = LINE('',#9091,#9092);
#9091 = CARTESIAN_POINT('',(-105.,-12.,290.89933436673));
#9092 = VECTOR('',#9093,1.);
#9093 = DIRECTION('',(1.,0.,2.22044604925E-16));
#9094 = PLANE('',#9095);
#9095 = AXIS2_PLACEMENT_3D('',#9096,#9097,#9098);
#9096 = CARTESIAN_POINT('',(-105.,-7.798304002918,290.89933436673));
#9097 = DIRECTION('',(-2.22044604925E-16,0.,1.));
#9098 = DIRECTION('',(0.,1.,0.));
#9099 = ADVANCED_FACE('',(#9100),#9118,.F.);
#9100 = FACE_BOUND('',#9101,.T.);
#9101 = EDGE_LOOP('',(#9102,#9110,#9111,#9112));
#9102 = ORIENTED_EDGE('',*,*,#9103,.T.);
#9103 = EDGE_CURVE('',#9104,#9080,#9106,.T.);
#9104 = VERTEX_POINT('',#9105);
#9105 = CARTESIAN_POINT('',(-98.5,-12.,275.77322877724));
#9106 = LINE('',#9107,#9108);
#9107 = CARTESIAN_POINT('',(-98.5,-12.,240.44966718336));
#9108 = VECTOR('',#9109,1.);
#9109 = DIRECTION('',(0.,0.,1.));
#9110 = ORIENTED_EDGE('',*,*,#9089,.T.);
#9111 = ORIENTED_EDGE('',*,*,#2280,.F.);
#9112 = ORIENTED_EDGE('',*,*,#9113,.F.);
#9113 = EDGE_CURVE('',#9104,#2273,#9114,.T.);
#9114 = LINE('',#9115,#9116);
#9115 = CARTESIAN_POINT('',(-105.,-12.,275.77322877724));
#9116 = VECTOR('',#9117,1.);
#9117 = DIRECTION('',(1.,0.,2.22044604925E-16));
#9118 = PLANE('',#9119);
#9119 = AXIS2_PLACEMENT_3D('',#9120,#9121,#9122);
#9120 = CARTESIAN_POINT('',(-105.,-12.,290.89933436673));
#9121 = DIRECTION('',(0.,-1.,0.));
#9122 = DIRECTION('',(-2.22044604925E-16,0.,1.));
#9123 = ADVANCED_FACE('',(#9124),#9135,.F.);
#9124 = FACE_BOUND('',#9125,.T.);
#9125 = EDGE_LOOP('',(#9126,#9132,#9133,#9134));
#9126 = ORIENTED_EDGE('',*,*,#9127,.T.);
#9127 = EDGE_CURVE('',#9010,#9104,#9128,.T.);
#9128 = LINE('',#9129,#9130);
#9129 = CARTESIAN_POINT('',(-98.5,-27.69458128078,275.77322877724));
#9130 = VECTOR('',#9131,1.);
#9131 = DIRECTION('',(0.,-1.,0.));
#9132 = ORIENTED_EDGE('',*,*,#9113,.T.);
#9133 = ORIENTED_EDGE('',*,*,#2272,.F.);
#9134 = ORIENTED_EDGE('',*,*,#9009,.T.);
#9135 = PLANE('',#9136);
#9136 = AXIS2_PLACEMENT_3D('',#9137,#9138,#9139);
#9137 = CARTESIAN_POINT('',(-105.,-12.,275.77322877724));
#9138 = DIRECTION('',(2.22044604925E-16,0.,-1.));
#9139 = DIRECTION('',(0.,-1.,0.));
#9140 = ADVANCED_FACE('',(#9141),#9173,.F.);
#9141 = FACE_BOUND('',#9142,.F.);
#9142 = EDGE_LOOP('',(#9143,#9149,#9150,#9158,#9166,#9172));
#9143 = ORIENTED_EDGE('',*,*,#9144,.T.);
#9144 = EDGE_CURVE('',#3483,#2315,#9145,.T.);
#9145 = LINE('',#9146,#9147);
#9146 = CARTESIAN_POINT('',(-74.,4.48,300.64639372663));
#9147 = VECTOR('',#9148,1.);
#9148 = DIRECTION('',(1.,2.540718180781E-33,2.22044604925E-16));
#9149 = ORIENTED_EDGE('',*,*,#2312,.F.);
#9150 = ORIENTED_EDGE('',*,*,#9151,.T.);
#9151 = EDGE_CURVE('',#2313,#9152,#9154,.T.);
#9152 = VERTEX_POINT('',#9153);
#9153 = CARTESIAN_POINT('',(-98.5,4.48,295.94136956323));
#9154 = LINE('',#9155,#9156);
#9155 = CARTESIAN_POINT('',(-74.,4.48,295.94136956323));
#9156 = VECTOR('',#9157,1.);
#9157 = DIRECTION('',(-1.,-2.540718180781E-33,-2.22044604925E-16));
#9158 = ORIENTED_EDGE('',*,*,#9159,.T.);
#9159 = EDGE_CURVE('',#9152,#9160,#9162,.T.);
#9160 = VERTEX_POINT('',#9161);
#9161 = CARTESIAN_POINT('',(-98.5,4.48,296.));
#9162 = LINE('',#9163,#9164);
#9163 = CARTESIAN_POINT('',(-98.5,4.48,181.46626242363));
#9164 = VECTOR('',#9165,1.);
#9165 = DIRECTION('',(0.,1.224646799147E-16,1.));
#9166 = ORIENTED_EDGE('',*,*,#9167,.F.);
#9167 = EDGE_CURVE('',#3491,#9160,#9168,.T.);
#9168 = LINE('',#9169,#9170);
#9169 = CARTESIAN_POINT('',(-70.75,4.48,296.));
#9170 = VECTOR('',#9171,1.);
#9171 = DIRECTION('',(1.,-2.465190328816E-32,0.));
#9172 = ORIENTED_EDGE('',*,*,#3490,.T.);
#9173 = PLANE('',#9174);
#9174 = AXIS2_PLACEMENT_3D('',#9175,#9176,#9177);
#9175 = CARTESIAN_POINT('',(-43.,4.48,172.93252484726));
#9176 = DIRECTION('',(2.465190328816E-32,1.,-1.224646799147E-16));
#9177 = DIRECTION('',(-1.,6.037974890946E-48,-2.22044604925E-16));
#9178 = ADVANCED_FACE('',(#9179),#9190,.F.);
#9179 = FACE_BOUND('',#9180,.T.);
#9180 = EDGE_LOOP('',(#9181,#9182,#9183,#9184));
#9181 = ORIENTED_EDGE('',*,*,#3482,.T.);
#9182 = ORIENTED_EDGE('',*,*,#9144,.T.);
#9183 = ORIENTED_EDGE('',*,*,#2370,.F.);
#9184 = ORIENTED_EDGE('',*,*,#9185,.F.);
#9185 = EDGE_CURVE('',#3475,#2363,#9186,.T.);
#9186 = LINE('',#9187,#9188);
#9187 = CARTESIAN_POINT('',(-105.,2.554937539892,300.64639372663));
#9188 = VECTOR('',#9189,1.);
#9189 = DIRECTION('',(1.,0.,2.22044604925E-16));
#9190 = PLANE('',#9191);
#9191 = AXIS2_PLACEMENT_3D('',#9192,#9193,#9194);
#9192 = CARTESIAN_POINT('',(-105.,7.798304002918,300.64639372663));
#9193 = DIRECTION('',(-2.22044604925E-16,0.,1.));
#9194 = DIRECTION('',(0.,1.,0.));
#9195 = ADVANCED_FACE('',(#9196),#9239,.F.);
#9196 = FACE_BOUND('',#9197,.T.);
#9197 = EDGE_LOOP('',(#9198,#9199,#9200,#9201,#9209,#9217,#9225,#9233));
#9198 = ORIENTED_EDGE('',*,*,#3474,.T.);
#9199 = ORIENTED_EDGE('',*,*,#9185,.T.);
#9200 = ORIENTED_EDGE('',*,*,#2362,.F.);
#9201 = ORIENTED_EDGE('',*,*,#9202,.F.);
#9202 = EDGE_CURVE('',#9203,#2355,#9205,.T.);
#9203 = VERTEX_POINT('',#9204);
#9204 = CARTESIAN_POINT('',(-72.75,2.554937539892,310.56305279474));
#9205 = LINE('',#9206,#9207);
#9206 = CARTESIAN_POINT('',(-105.,2.554937539892,310.56305279474));
#9207 = VECTOR('',#9208,1.);
#9208 = DIRECTION('',(1.,0.,2.22044604925E-16));
#9209 = ORIENTED_EDGE('',*,*,#9210,.T.);
#9210 = EDGE_CURVE('',#9203,#9211,#9213,.T.);
#9211 = VERTEX_POINT('',#9212);
#9212 = CARTESIAN_POINT('',(-72.75,2.554937539892,304.75));
#9213 = LINE('',#9214,#9215);
#9214 = CARTESIAN_POINT('',(-72.75,2.554937539892,302.69819686331));
#9215 = VECTOR('',#9216,1.);
#9216 = DIRECTION('',(0.,0.,-1.));
#9217 = ORIENTED_EDGE('',*,*,#9218,.T.);
#9218 = EDGE_CURVE('',#9211,#9219,#9221,.T.);
#9219 = VERTEX_POINT('',#9220);
#9220 = CARTESIAN_POINT('',(-87.25,2.554937539892,304.75));
#9221 = LINE('',#9222,#9223);
#9222 = CARTESIAN_POINT('',(-88.875,2.554937539892,304.75));
#9223 = VECTOR('',#9224,1.);
#9224 = DIRECTION('',(-1.,0.,0.));
#9225 = ORIENTED_EDGE('',*,*,#9226,.F.);
#9226 = EDGE_CURVE('',#9227,#9219,#9229,.T.);
#9227 = VERTEX_POINT('',#9228);
#9228 = CARTESIAN_POINT('',(-87.25,2.554937539892,310.56305279474));
#9229 = LINE('',#9230,#9231);
#9230 = CARTESIAN_POINT('',(-87.25,2.554937539892,302.69819686331));
#9231 = VECTOR('',#9232,1.);
#9232 = DIRECTION('',(0.,0.,-1.));
#9233 = ORIENTED_EDGE('',*,*,#9234,.F.);
#9234 = EDGE_CURVE('',#3467,#9227,#9235,.T.);
#9235 = LINE('',#9236,#9237);
#9236 = CARTESIAN_POINT('',(-105.,2.554937539892,310.56305279474));
#9237 = VECTOR('',#9238,1.);
#9238 = DIRECTION('',(1.,0.,2.22044604925E-16));
#9239 = PLANE('',#9240);
#9240 = AXIS2_PLACEMENT_3D('',#9241,#9242,#9243);
#9241 = CARTESIAN_POINT('',(-105.,2.554937539892,300.64639372663));
#9242 = DIRECTION('',(0.,1.,-0.));
#9243 = DIRECTION('',(2.22044604925E-16,0.,-1.));
#9244 = ADVANCED_FACE('',(#9245),#9263,.F.);
#9245 = FACE_BOUND('',#9246,.T.);
#9246 = EDGE_LOOP('',(#9247,#9255,#9256,#9257));
#9247 = ORIENTED_EDGE('',*,*,#9248,.T.);
#9248 = EDGE_CURVE('',#9249,#9203,#9251,.T.);
#9249 = VERTEX_POINT('',#9250);
#9250 = CARTESIAN_POINT('',(-72.75,-1.64675845719,310.56305279474));
#9251 = LINE('',#9252,#9253);
#9252 = CARTESIAN_POINT('',(-72.75,-19.62093024483,310.56305279474));
#9253 = VECTOR('',#9254,1.);
#9254 = DIRECTION('',(0.,1.,0.));
#9255 = ORIENTED_EDGE('',*,*,#9202,.T.);
#9256 = ORIENTED_EDGE('',*,*,#2354,.F.);
#9257 = ORIENTED_EDGE('',*,*,#9258,.F.);
#9258 = EDGE_CURVE('',#9249,#2347,#9259,.T.);
#9259 = LINE('',#9260,#9261);
#9260 = CARTESIAN_POINT('',(-105.,-1.64675845719,310.56305279474));
#9261 = VECTOR('',#9262,1.);
#9262 = DIRECTION('',(1.,0.,2.22044604925E-16));
#9263 = PLANE('',#9264);
#9264 = AXIS2_PLACEMENT_3D('',#9265,#9266,#9267);
#9265 = CARTESIAN_POINT('',(-105.,2.554937539892,310.56305279474));
#9266 = DIRECTION('',(-2.22044604925E-16,0.,1.));
#9267 = DIRECTION('',(0.,1.,0.));
#9268 = ADVANCED_FACE('',(#9269),#9310,.F.);
#9269 = FACE_BOUND('',#9270,.T.);
#9270 = EDGE_LOOP('',(#9271,#9272,#9280,#9288,#9296,#9302,#9303,#9304));
#9271 = ORIENTED_EDGE('',*,*,#3458,.T.);
#9272 = ORIENTED_EDGE('',*,*,#9273,.T.);
#9273 = EDGE_CURVE('',#3459,#9274,#9276,.T.);
#9274 = VERTEX_POINT('',#9275);
#9275 = CARTESIAN_POINT('',(-87.25,-1.64675845719,310.56305279474));
#9276 = LINE('',#9277,#9278);
#9277 = CARTESIAN_POINT('',(-105.,-1.64675845719,310.56305279474));
#9278 = VECTOR('',#9279,1.);
#9279 = DIRECTION('',(1.,0.,2.22044604925E-16));
#9280 = ORIENTED_EDGE('',*,*,#9281,.F.);
#9281 = EDGE_CURVE('',#9282,#9274,#9284,.T.);
#9282 = VERTEX_POINT('',#9283);
#9283 = CARTESIAN_POINT('',(-87.25,-1.64675845719,304.75));
#9284 = LINE('',#9285,#9286);
#9285 = CARTESIAN_POINT('',(-87.25,-1.64675845719,307.65652639737));
#9286 = VECTOR('',#9287,1.);
#9287 = DIRECTION('',(0.,0.,1.));
#9288 = ORIENTED_EDGE('',*,*,#9289,.T.);
#9289 = EDGE_CURVE('',#9282,#9290,#9292,.T.);
#9290 = VERTEX_POINT('',#9291);
#9291 = CARTESIAN_POINT('',(-72.75,-1.64675845719,304.75));
#9292 = LINE('',#9293,#9294);
#9293 = CARTESIAN_POINT('',(-88.875,-1.64675845719,304.75));
#9294 = VECTOR('',#9295,1.);
#9295 = DIRECTION('',(1.,0.,0.));
#9296 = ORIENTED_EDGE('',*,*,#9297,.T.);
#9297 = EDGE_CURVE('',#9290,#9249,#9298,.T.);
#9298 = LINE('',#9299,#9300);
#9299 = CARTESIAN_POINT('',(-72.75,-1.64675845719,307.65652639737));
#9300 = VECTOR('',#9301,1.);
#9301 = DIRECTION('',(0.,0.,1.));
#9302 = ORIENTED_EDGE('',*,*,#9258,.T.);
#9303 = ORIENTED_EDGE('',*,*,#2346,.F.);
#9304 = ORIENTED_EDGE('',*,*,#9305,.F.);
#9305 = EDGE_CURVE('',#3451,#2339,#9306,.T.);
#9306 = LINE('',#9307,#9308);
#9307 = CARTESIAN_POINT('',(-105.,-1.64675845719,300.64639372663));
#9308 = VECTOR('',#9309,1.);
#9309 = DIRECTION('',(1.,0.,2.22044604925E-16));
#9310 = PLANE('',#9311);
#9311 = AXIS2_PLACEMENT_3D('',#9312,#9313,#9314);
#9312 = CARTESIAN_POINT('',(-105.,-1.64675845719,310.56305279474));
#9313 = DIRECTION('',(0.,-1.,0.));
#9314 = DIRECTION('',(-2.22044604925E-16,0.,1.));
#9315 = ADVANCED_FACE('',(#9316),#9327,.F.);
#9316 = FACE_BOUND('',#9317,.T.);
#9317 = EDGE_LOOP('',(#9318,#9319,#9320,#9321));
#9318 = ORIENTED_EDGE('',*,*,#3450,.T.);
#9319 = ORIENTED_EDGE('',*,*,#9305,.T.);
#9320 = ORIENTED_EDGE('',*,*,#2338,.F.);
#9321 = ORIENTED_EDGE('',*,*,#9322,.F.);
#9322 = EDGE_CURVE('',#3443,#2331,#9323,.T.);
#9323 = LINE('',#9324,#9325);
#9324 = CARTESIAN_POINT('',(-74.,-4.48,300.64639372663));
#9325 = VECTOR('',#9326,1.);
#9326 = DIRECTION('',(1.,2.540718180781E-33,2.22044604925E-16));
#9327 = PLANE('',#9328);
#9328 = AXIS2_PLACEMENT_3D('',#9329,#9330,#9331);
#9329 = CARTESIAN_POINT('',(-105.,-1.64675845719,300.64639372663));
#9330 = DIRECTION('',(-2.22044604925E-16,0.,1.));
#9331 = DIRECTION('',(0.,1.,0.));
#9332 = ADVANCED_FACE('',(#9333),#9360,.T.);
#9333 = FACE_BOUND('',#9334,.T.);
#9334 = EDGE_LOOP('',(#9335,#9336,#9337,#9345,#9353,#9359));
#9335 = ORIENTED_EDGE('',*,*,#9322,.T.);
#9336 = ORIENTED_EDGE('',*,*,#2330,.F.);
#9337 = ORIENTED_EDGE('',*,*,#9338,.T.);
#9338 = EDGE_CURVE('',#2323,#9339,#9341,.T.);
#9339 = VERTEX_POINT('',#9340);
#9340 = CARTESIAN_POINT('',(-98.5,-4.48,295.94136956323));
#9341 = LINE('',#9342,#9343);
#9342 = CARTESIAN_POINT('',(-74.,-4.48,295.94136956323));
#9343 = VECTOR('',#9344,1.);
#9344 = DIRECTION('',(-1.,-2.540718180781E-33,-2.22044604925E-16));
#9345 = ORIENTED_EDGE('',*,*,#9346,.T.);
#9346 = EDGE_CURVE('',#9339,#9347,#9349,.T.);
#9347 = VERTEX_POINT('',#9348);
#9348 = CARTESIAN_POINT('',(-98.5,-4.48,296.));
#9349 = LINE('',#9350,#9351);
#9350 = CARTESIAN_POINT('',(-98.5,-4.48,181.46626242363));
#9351 = VECTOR('',#9352,1.);
#9352 = DIRECTION('',(0.,1.224646799147E-16,1.));
#9353 = ORIENTED_EDGE('',*,*,#9354,.F.);
#9354 = EDGE_CURVE('',#3435,#9347,#9355,.T.);
#9355 = LINE('',#9356,#9357);
#9356 = CARTESIAN_POINT('',(-70.75,-4.48,296.));
#9357 = VECTOR('',#9358,1.);
#9358 = DIRECTION('',(1.,-2.465190328816E-32,0.));
#9359 = ORIENTED_EDGE('',*,*,#3442,.T.);
#9360 = PLANE('',#9361);
#9361 = AXIS2_PLACEMENT_3D('',#9362,#9363,#9364);
#9362 = CARTESIAN_POINT('',(-43.,-4.48,172.93252484726));
#9363 = DIRECTION('',(2.465190328816E-32,1.,-1.224646799147E-16));
#9364 = DIRECTION('',(-1.,6.037974890946E-48,-2.22044604925E-16));
#9365 = ADVANCED_FACE('',(#9366),#9377,.F.);
#9366 = FACE_BOUND('',#9367,.T.);
#9367 = EDGE_LOOP('',(#9368,#9374,#9375,#9376));
#9368 = ORIENTED_EDGE('',*,*,#9369,.T.);
#9369 = EDGE_CURVE('',#9152,#9339,#9370,.T.);
#9370 = LINE('',#9371,#9372);
#9371 = CARTESIAN_POINT('',(-98.5,-27.69458128078,295.94136956323));
#9372 = VECTOR('',#9373,1.);
#9373 = DIRECTION('',(0.,-1.,0.));
#9374 = ORIENTED_EDGE('',*,*,#9338,.F.);
#9375 = ORIENTED_EDGE('',*,*,#2322,.F.);
#9376 = ORIENTED_EDGE('',*,*,#9151,.T.);
#9377 = PLANE('',#9378);
#9378 = AXIS2_PLACEMENT_3D('',#9379,#9380,#9381);
#9379 = CARTESIAN_POINT('',(-105.,-12.,295.94136956323));
#9380 = DIRECTION('',(2.22044604925E-16,0.,-1.));
#9381 = DIRECTION('',(0.,-1.,0.));
#9382 = ADVANCED_FACE('',(#9383),#9415,.F.);
#9383 = FACE_BOUND('',#9384,.F.);
#9384 = EDGE_LOOP('',(#9385,#9391,#9392,#9400,#9408,#9414));
#9385 = ORIENTED_EDGE('',*,*,#9386,.T.);
#9386 = EDGE_CURVE('',#3419,#2381,#9387,.T.);
#9387 = LINE('',#9388,#9389);
#9388 = CARTESIAN_POINT('',(-74.,-6.08,300.64639372663));
#9389 = VECTOR('',#9390,1.);
#9390 = DIRECTION('',(1.,2.540718180781E-33,2.22044604925E-16));
#9391 = ORIENTED_EDGE('',*,*,#2378,.F.);
#9392 = ORIENTED_EDGE('',*,*,#9393,.T.);
#9393 = EDGE_CURVE('',#2379,#9394,#9396,.T.);
#9394 = VERTEX_POINT('',#9395);
#9395 = CARTESIAN_POINT('',(-98.5,-6.08,295.94136956323));
#9396 = LINE('',#9397,#9398);
#9397 = CARTESIAN_POINT('',(-74.,-6.08,295.94136956323));
#9398 = VECTOR('',#9399,1.);
#9399 = DIRECTION('',(-1.,-2.540718180781E-33,-2.22044604925E-16));
#9400 = ORIENTED_EDGE('',*,*,#9401,.T.);
#9401 = EDGE_CURVE('',#9394,#9402,#9404,.T.);
#9402 = VERTEX_POINT('',#9403);
#9403 = CARTESIAN_POINT('',(-98.5,-6.08,296.));
#9404 = LINE('',#9405,#9406);
#9405 = CARTESIAN_POINT('',(-98.5,-6.08,181.46626242363));
#9406 = VECTOR('',#9407,1.);
#9407 = DIRECTION('',(0.,1.224646799147E-16,1.));
#9408 = ORIENTED_EDGE('',*,*,#9409,.F.);
#9409 = EDGE_CURVE('',#3427,#9402,#9410,.T.);
#9410 = LINE('',#9411,#9412);
#9411 = CARTESIAN_POINT('',(-70.75,-6.08,296.));
#9412 = VECTOR('',#9413,1.);
#9413 = DIRECTION('',(1.,-2.465190328816E-32,0.));
#9414 = ORIENTED_EDGE('',*,*,#3426,.T.);
#9415 = PLANE('',#9416);
#9416 = AXIS2_PLACEMENT_3D('',#9417,#9418,#9419);
#9417 = CARTESIAN_POINT('',(-43.,-6.08,172.93252484726));
#9418 = DIRECTION('',(2.465190328816E-32,1.,-1.224646799147E-16));
#9419 = DIRECTION('',(-1.,6.037974890946E-48,-2.22044604925E-16));
#9420 = ADVANCED_FACE('',(#9421),#9432,.F.);
#9421 = FACE_BOUND('',#9422,.T.);
#9422 = EDGE_LOOP('',(#9423,#9424,#9425,#9426));
#9423 = ORIENTED_EDGE('',*,*,#3418,.T.);
#9424 = ORIENTED_EDGE('',*,*,#9386,.T.);
#9425 = ORIENTED_EDGE('',*,*,#2420,.F.);
#9426 = ORIENTED_EDGE('',*,*,#9427,.F.);
#9427 = EDGE_CURVE('',#3411,#2413,#9428,.T.);
#9428 = LINE('',#9429,#9430);
#9429 = CARTESIAN_POINT('',(-105.,-7.798304002918,300.64639372663));
#9430 = VECTOR('',#9431,1.);
#9431 = DIRECTION('',(1.,0.,2.22044604925E-16));
#9432 = PLANE('',#9433);
#9433 = AXIS2_PLACEMENT_3D('',#9434,#9435,#9436);
#9434 = CARTESIAN_POINT('',(-105.,-1.64675845719,300.64639372663));
#9435 = DIRECTION('',(-2.22044604925E-16,0.,1.));
#9436 = DIRECTION('',(0.,1.,0.));
#9437 = ADVANCED_FACE('',(#9438),#9481,.F.);
#9438 = FACE_BOUND('',#9439,.T.);
#9439 = EDGE_LOOP('',(#9440,#9441,#9442,#9443,#9451,#9459,#9467,#9475));
#9440 = ORIENTED_EDGE('',*,*,#3410,.T.);
#9441 = ORIENTED_EDGE('',*,*,#9427,.T.);
#9442 = ORIENTED_EDGE('',*,*,#2412,.F.);
#9443 = ORIENTED_EDGE('',*,*,#9444,.F.);
#9444 = EDGE_CURVE('',#9445,#2405,#9447,.T.);
#9445 = VERTEX_POINT('',#9446);
#9446 = CARTESIAN_POINT('',(-72.75,-7.798304002918,311.06747515273));
#9447 = LINE('',#9448,#9449);
#9448 = CARTESIAN_POINT('',(-105.,-7.798304002918,311.06747515273));
#9449 = VECTOR('',#9450,1.);
#9450 = DIRECTION('',(1.,0.,2.22044604925E-16));
#9451 = ORIENTED_EDGE('',*,*,#9452,.T.);
#9452 = EDGE_CURVE('',#9445,#9453,#9455,.T.);
#9453 = VERTEX_POINT('',#9454);
#9454 = CARTESIAN_POINT('',(-72.75,-7.798304002918,304.75));
#9455 = LINE('',#9456,#9457);
#9456 = CARTESIAN_POINT('',(-72.75,-7.798304002918,302.69819686331));
#9457 = VECTOR('',#9458,1.);
#9458 = DIRECTION('',(0.,0.,-1.));
#9459 = ORIENTED_EDGE('',*,*,#9460,.T.);
#9460 = EDGE_CURVE('',#9453,#9461,#9463,.T.);
#9461 = VERTEX_POINT('',#9462);
#9462 = CARTESIAN_POINT('',(-87.25,-7.798304002918,304.75));
#9463 = LINE('',#9464,#9465);
#9464 = CARTESIAN_POINT('',(-88.875,-7.798304002918,304.75));
#9465 = VECTOR('',#9466,1.);
#9466 = DIRECTION('',(-1.,0.,0.));
#9467 = ORIENTED_EDGE('',*,*,#9468,.F.);
#9468 = EDGE_CURVE('',#9469,#9461,#9471,.T.);
#9469 = VERTEX_POINT('',#9470);
#9470 = CARTESIAN_POINT('',(-87.25,-7.798304002918,311.06747515273));
#9471 = LINE('',#9472,#9473);
#9472 = CARTESIAN_POINT('',(-87.25,-7.798304002918,302.69819686331));
#9473 = VECTOR('',#9474,1.);
#9474 = DIRECTION('',(0.,0.,-1.));
#9475 = ORIENTED_EDGE('',*,*,#9476,.F.);
#9476 = EDGE_CURVE('',#3403,#9469,#9477,.T.);
#9477 = LINE('',#9478,#9479);
#9478 = CARTESIAN_POINT('',(-105.,-7.798304002918,311.06747515273));
#9479 = VECTOR('',#9480,1.);
#9480 = DIRECTION('',(1.,0.,2.22044604925E-16));
#9481 = PLANE('',#9482);
#9482 = AXIS2_PLACEMENT_3D('',#9483,#9484,#9485);
#9483 = CARTESIAN_POINT('',(-105.,-7.798304002918,300.64639372663));
#9484 = DIRECTION('',(0.,1.,-0.));
#9485 = DIRECTION('',(2.22044604925E-16,0.,-1.));
#9486 = ADVANCED_FACE('',(#9487),#9505,.F.);
#9487 = FACE_BOUND('',#9488,.T.);
#9488 = EDGE_LOOP('',(#9489,#9497,#9498,#9499));
#9489 = ORIENTED_EDGE('',*,*,#9490,.T.);
#9490 = EDGE_CURVE('',#9491,#9445,#9493,.T.);
#9491 = VERTEX_POINT('',#9492);
#9492 = CARTESIAN_POINT('',(-72.75,-12.,311.06747515273));
#9493 = LINE('',#9494,#9495);
#9494 = CARTESIAN_POINT('',(-72.75,-24.79755101623,311.06747515273));
#9495 = VECTOR('',#9496,1.);
#9496 = DIRECTION('',(0.,1.,0.));
#9497 = ORIENTED_EDGE('',*,*,#9444,.T.);
#9498 = ORIENTED_EDGE('',*,*,#2404,.F.);
#9499 = ORIENTED_EDGE('',*,*,#9500,.F.);
#9500 = EDGE_CURVE('',#9491,#2397,#9501,.T.);
#9501 = LINE('',#9502,#9503);
#9502 = CARTESIAN_POINT('',(-105.,-12.,311.06747515273));
#9503 = VECTOR('',#9504,1.);
#9504 = DIRECTION('',(1.,0.,2.22044604925E-16));
#9505 = PLANE('',#9506);
#9506 = AXIS2_PLACEMENT_3D('',#9507,#9508,#9509);
#9507 = CARTESIAN_POINT('',(-105.,-7.798304002918,311.06747515273));
#9508 = DIRECTION('',(-2.22044604925E-16,0.,1.));
#9509 = DIRECTION('',(0.,1.,0.));
#9510 = ADVANCED_FACE('',(#9511),#9568,.F.);
#9511 = FACE_BOUND('',#9512,.T.);
#9512 = EDGE_LOOP('',(#9513,#9514,#9522,#9530,#9538,#9544,#9545,#9546,
    #9554,#9562));
#9513 = ORIENTED_EDGE('',*,*,#3394,.T.);
#9514 = ORIENTED_EDGE('',*,*,#9515,.T.);
#9515 = EDGE_CURVE('',#3395,#9516,#9518,.T.);
#9516 = VERTEX_POINT('',#9517);
#9517 = CARTESIAN_POINT('',(-87.25,-12.,311.06747515273));
#9518 = LINE('',#9519,#9520);
#9519 = CARTESIAN_POINT('',(-105.,-12.,311.06747515273));
#9520 = VECTOR('',#9521,1.);
#9521 = DIRECTION('',(1.,0.,2.22044604925E-16));
#9522 = ORIENTED_EDGE('',*,*,#9523,.F.);
#9523 = EDGE_CURVE('',#9524,#9516,#9526,.T.);
#9524 = VERTEX_POINT('',#9525);
#9525 = CARTESIAN_POINT('',(-87.25,-12.,304.75));
#9526 = LINE('',#9527,#9528);
#9527 = CARTESIAN_POINT('',(-87.25,-12.,307.90873757636));
#9528 = VECTOR('',#9529,1.);
#9529 = DIRECTION('',(0.,0.,1.));
#9530 = ORIENTED_EDGE('',*,*,#9531,.T.);
#9531 = EDGE_CURVE('',#9524,#9532,#9534,.T.);
#9532 = VERTEX_POINT('',#9533);
#9533 = CARTESIAN_POINT('',(-72.75,-12.,304.75));
#9534 = LINE('',#9535,#9536);
#9535 = CARTESIAN_POINT('',(-88.875,-12.,304.75));
#9536 = VECTOR('',#9537,1.);
#9537 = DIRECTION('',(1.,0.,0.));
#9538 = ORIENTED_EDGE('',*,*,#9539,.T.);
#9539 = EDGE_CURVE('',#9532,#9491,#9540,.T.);
#9540 = LINE('',#9541,#9542);
#9541 = CARTESIAN_POINT('',(-72.75,-12.,307.90873757636));
#9542 = VECTOR('',#9543,1.);
#9543 = DIRECTION('',(0.,0.,1.));
#9544 = ORIENTED_EDGE('',*,*,#9500,.T.);
#9545 = ORIENTED_EDGE('',*,*,#2396,.F.);
#9546 = ORIENTED_EDGE('',*,*,#9547,.F.);
#9547 = EDGE_CURVE('',#9548,#2389,#9550,.T.);
#9548 = VERTEX_POINT('',#9549);
#9549 = CARTESIAN_POINT('',(-98.5,-12.,295.94136956323));
#9550 = LINE('',#9551,#9552);
#9551 = CARTESIAN_POINT('',(-105.,-12.,295.94136956323));
#9552 = VECTOR('',#9553,1.);
#9553 = DIRECTION('',(1.,0.,2.22044604925E-16));
#9554 = ORIENTED_EDGE('',*,*,#9555,.T.);
#9555 = EDGE_CURVE('',#9548,#9556,#9558,.T.);
#9556 = VERTEX_POINT('',#9557);
#9557 = CARTESIAN_POINT('',(-98.5,-12.,296.));
#9558 = LINE('',#9559,#9560);
#9559 = CARTESIAN_POINT('',(-98.5,-12.,250.53373757636));
#9560 = VECTOR('',#9561,1.);
#9561 = DIRECTION('',(0.,0.,1.));
#9562 = ORIENTED_EDGE('',*,*,#9563,.F.);
#9563 = EDGE_CURVE('',#3387,#9556,#9564,.T.);
#9564 = LINE('',#9565,#9566);
#9565 = CARTESIAN_POINT('',(-101.75,-12.,296.));
#9566 = VECTOR('',#9567,1.);
#9567 = DIRECTION('',(1.,0.,0.));
#9568 = PLANE('',#9569);
#9569 = AXIS2_PLACEMENT_3D('',#9570,#9571,#9572);
#9570 = CARTESIAN_POINT('',(-105.,-12.,311.06747515273));
#9571 = DIRECTION('',(0.,-1.,0.));
#9572 = DIRECTION('',(-2.22044604925E-16,0.,1.));
#9573 = ADVANCED_FACE('',(#9574),#9585,.F.);
#9574 = FACE_BOUND('',#9575,.T.);
#9575 = EDGE_LOOP('',(#9576,#9582,#9583,#9584));
#9576 = ORIENTED_EDGE('',*,*,#9577,.T.);
#9577 = EDGE_CURVE('',#9394,#9548,#9578,.T.);
#9578 = LINE('',#9579,#9580);
#9579 = CARTESIAN_POINT('',(-98.5,-27.69458128078,295.94136956323));
#9580 = VECTOR('',#9581,1.);
#9581 = DIRECTION('',(0.,-1.,0.));
#9582 = ORIENTED_EDGE('',*,*,#9547,.T.);
#9583 = ORIENTED_EDGE('',*,*,#2388,.F.);
#9584 = ORIENTED_EDGE('',*,*,#9393,.T.);
#9585 = PLANE('',#9586);
#9586 = AXIS2_PLACEMENT_3D('',#9587,#9588,#9589);
#9587 = CARTESIAN_POINT('',(-105.,-12.,295.94136956323));
#9588 = DIRECTION('',(2.22044604925E-16,0.,-1.));
#9589 = DIRECTION('',(0.,-1.,0.));
#9590 = ADVANCED_FACE('',(#9591),#9616,.T.);
#9591 = FACE_BOUND('',#9592,.F.);
#9592 = EDGE_LOOP('',(#9593,#9594,#9602,#9610));
#9593 = ORIENTED_EDGE('',*,*,#2428,.T.);
#9594 = ORIENTED_EDGE('',*,*,#9595,.T.);
#9595 = EDGE_CURVE('',#2431,#9596,#9598,.T.);
#9596 = VERTEX_POINT('',#9597);
#9597 = CARTESIAN_POINT('',(-63.89,-24.81036662868,318.));
#9598 = LINE('',#9599,#9600);
#9599 = CARTESIAN_POINT('',(-59.99,-24.81036662868,318.));
#9600 = VECTOR('',#9601,1.);
#9601 = DIRECTION('',(-1.,-0.,2.22044604925E-16));
#9602 = ORIENTED_EDGE('',*,*,#9603,.T.);
#9603 = EDGE_CURVE('',#9596,#9604,#9606,.T.);
#9604 = VERTEX_POINT('',#9605);
#9605 = CARTESIAN_POINT('',(-63.89,-26.94656262468,321.7));
#9606 = LINE('',#9607,#9608);
#9607 = CARTESIAN_POINT('',(-63.89,-24.81036662868,318.));
#9608 = VECTOR('',#9609,1.);
#9609 = DIRECTION('',(1.922962686384E-16,-0.5,0.866025403784));
#9610 = ORIENTED_EDGE('',*,*,#9611,.F.);
#9611 = EDGE_CURVE('',#2429,#9604,#9612,.T.);
#9612 = LINE('',#9613,#9614);
#9613 = CARTESIAN_POINT('',(-59.99,-26.94656262468,321.7));
#9614 = VECTOR('',#9615,1.);
#9615 = DIRECTION('',(-1.,-0.,2.22044604925E-16));
#9616 = PLANE('',#9617);
#9617 = AXIS2_PLACEMENT_3D('',#9618,#9619,#9620);
#9618 = CARTESIAN_POINT('',(-59.99,-24.81036662868,318.));
#9619 = DIRECTION('',(-1.110223024625E-16,-0.866025403784,-0.5));
#9620 = DIRECTION('',(-1.922962686384E-16,0.5,-0.866025403784));
#9621 = ADVANCED_FACE('',(#9622),#9640,.T.);
#9622 = FACE_BOUND('',#9623,.F.);
#9623 = EDGE_LOOP('',(#9624,#9625,#9626,#9634));
#9624 = ORIENTED_EDGE('',*,*,#2470,.T.);
#9625 = ORIENTED_EDGE('',*,*,#9611,.T.);
#9626 = ORIENTED_EDGE('',*,*,#9627,.T.);
#9627 = EDGE_CURVE('',#9604,#9628,#9630,.T.);
#9628 = VERTEX_POINT('',#9629);
#9629 = CARTESIAN_POINT('',(-63.89,-31.21895461669,321.7));
#9630 = LINE('',#9631,#9632);
#9631 = CARTESIAN_POINT('',(-63.89,-26.94656262468,321.7));
#9632 = VECTOR('',#9633,1.);
#9633 = DIRECTION('',(-2.308018864776E-32,-1.,-1.039439289937E-16));
#9634 = ORIENTED_EDGE('',*,*,#9635,.F.);
#9635 = EDGE_CURVE('',#2463,#9628,#9636,.T.);
#9636 = LINE('',#9637,#9638);
#9637 = CARTESIAN_POINT('',(-59.99,-31.21895461669,321.7));
#9638 = VECTOR('',#9639,1.);
#9639 = DIRECTION('',(-1.,-0.,2.22044604925E-16));
#9640 = PLANE('',#9641);
#9641 = AXIS2_PLACEMENT_3D('',#9642,#9643,#9644);
#9642 = CARTESIAN_POINT('',(-59.99,-26.94656262468,321.7));
#9643 = DIRECTION('',(-2.22044604925E-16,1.039439289937E-16,-1.));
#9644 = DIRECTION('',(2.308018864776E-32,1.,1.039439289937E-16));
#9645 = ADVANCED_FACE('',(#9646),#9664,.T.);
#9646 = FACE_BOUND('',#9647,.F.);
#9647 = EDGE_LOOP('',(#9648,#9649,#9657,#9663));
#9648 = ORIENTED_EDGE('',*,*,#2438,.T.);
#9649 = ORIENTED_EDGE('',*,*,#9650,.T.);
#9650 = EDGE_CURVE('',#2439,#9651,#9653,.T.);
#9651 = VERTEX_POINT('',#9652);
#9652 = CARTESIAN_POINT('',(-63.89,-26.94656262468,314.3));
#9653 = LINE('',#9654,#9655);
#9654 = CARTESIAN_POINT('',(-59.99,-26.94656262468,314.3));
#9655 = VECTOR('',#9656,1.);
#9656 = DIRECTION('',(-1.,-0.,2.22044604925E-16));
#9657 = ORIENTED_EDGE('',*,*,#9658,.T.);
#9658 = EDGE_CURVE('',#9651,#9596,#9659,.T.);
#9659 = LINE('',#9660,#9661);
#9660 = CARTESIAN_POINT('',(-63.89,-26.94656262468,314.3));
#9661 = VECTOR('',#9662,1.);
#9662 = DIRECTION('',(1.922962686384E-16,0.5,0.866025403784));
#9663 = ORIENTED_EDGE('',*,*,#9595,.F.);
#9664 = PLANE('',#9665);
#9665 = AXIS2_PLACEMENT_3D('',#9666,#9667,#9668);
#9666 = CARTESIAN_POINT('',(-59.99,-26.94656262468,314.3));
#9667 = DIRECTION('',(1.110223024625E-16,-0.866025403784,0.5));
#9668 = DIRECTION('',(-1.922962686384E-16,-0.5,-0.866025403784));
#9669 = ADVANCED_FACE('',(#9670),#9688,.T.);
#9670 = FACE_BOUND('',#9671,.F.);
#9671 = EDGE_LOOP('',(#9672,#9673,#9674,#9682));
#9672 = ORIENTED_EDGE('',*,*,#2462,.T.);
#9673 = ORIENTED_EDGE('',*,*,#9635,.T.);
#9674 = ORIENTED_EDGE('',*,*,#9675,.T.);
#9675 = EDGE_CURVE('',#9628,#9676,#9678,.T.);
#9676 = VERTEX_POINT('',#9677);
#9677 = CARTESIAN_POINT('',(-63.89,-33.35515061269,318.));
#9678 = LINE('',#9679,#9680);
#9679 = CARTESIAN_POINT('',(-63.89,-31.21895461669,321.7));
#9680 = VECTOR('',#9681,1.);
#9681 = DIRECTION('',(-1.922962686384E-16,-0.5,-0.866025403784));
#9682 = ORIENTED_EDGE('',*,*,#9683,.F.);
#9683 = EDGE_CURVE('',#2455,#9676,#9684,.T.);
#9684 = LINE('',#9685,#9686);
#9685 = CARTESIAN_POINT('',(-59.99,-33.35515061269,318.));
#9686 = VECTOR('',#9687,1.);
#9687 = DIRECTION('',(-1.,-0.,2.22044604925E-16));
#9688 = PLANE('',#9689);
#9689 = AXIS2_PLACEMENT_3D('',#9690,#9691,#9692);
#9690 = CARTESIAN_POINT('',(-59.99,-31.21895461669,321.7));
#9691 = DIRECTION('',(-1.110223024625E-16,0.866025403784,-0.5));
#9692 = DIRECTION('',(1.922962686384E-16,0.5,0.866025403784));
#9693 = ADVANCED_FACE('',(#9694),#9712,.T.);
#9694 = FACE_BOUND('',#9695,.F.);
#9695 = EDGE_LOOP('',(#9696,#9697,#9705,#9711));
#9696 = ORIENTED_EDGE('',*,*,#2446,.T.);
#9697 = ORIENTED_EDGE('',*,*,#9698,.T.);
#9698 = EDGE_CURVE('',#2447,#9699,#9701,.T.);
#9699 = VERTEX_POINT('',#9700);
#9700 = CARTESIAN_POINT('',(-63.89,-31.21895461669,314.3));
#9701 = LINE('',#9702,#9703);
#9702 = CARTESIAN_POINT('',(-59.99,-31.21895461669,314.3));
#9703 = VECTOR('',#9704,1.);
#9704 = DIRECTION('',(-1.,-0.,2.22044604925E-16));
#9705 = ORIENTED_EDGE('',*,*,#9706,.T.);
#9706 = EDGE_CURVE('',#9699,#9651,#9707,.T.);
#9707 = LINE('',#9708,#9709);
#9708 = CARTESIAN_POINT('',(-63.89,-31.21895461669,314.3));
#9709 = VECTOR('',#9710,1.);
#9710 = DIRECTION('',(-9.232075459105E-32,1.,-4.157757159748E-16));
#9711 = ORIENTED_EDGE('',*,*,#9650,.F.);
#9712 = PLANE('',#9713);
#9713 = AXIS2_PLACEMENT_3D('',#9714,#9715,#9716);
#9714 = CARTESIAN_POINT('',(-59.99,-31.21895461669,314.3));
#9715 = DIRECTION('',(2.22044604925E-16,4.157757159748E-16,1.));
#9716 = DIRECTION('',(9.232075459105E-32,-1.,4.157757159748E-16));
#9717 = ADVANCED_FACE('',(#9718),#9729,.T.);
#9718 = FACE_BOUND('',#9719,.F.);
#9719 = EDGE_LOOP('',(#9720,#9721,#9722,#9728));
#9720 = ORIENTED_EDGE('',*,*,#2454,.T.);
#9721 = ORIENTED_EDGE('',*,*,#9683,.T.);
#9722 = ORIENTED_EDGE('',*,*,#9723,.T.);
#9723 = EDGE_CURVE('',#9676,#9699,#9724,.T.);
#9724 = LINE('',#9725,#9726);
#9725 = CARTESIAN_POINT('',(-63.89,-33.35515061269,318.));
#9726 = VECTOR('',#9727,1.);
#9727 = DIRECTION('',(-1.922962686384E-16,0.5,-0.866025403784));
#9728 = ORIENTED_EDGE('',*,*,#9698,.F.);
#9729 = PLANE('',#9730);
#9730 = AXIS2_PLACEMENT_3D('',#9731,#9732,#9733);
#9731 = CARTESIAN_POINT('',(-59.99,-33.35515061269,318.));
#9732 = DIRECTION('',(1.110223024625E-16,0.866025403784,0.5));
#9733 = DIRECTION('',(1.922962686384E-16,-0.5,0.866025403784));
#9734 = ADVANCED_FACE('',(#9735),#9746,.F.);
#9735 = FACE_BOUND('',#9736,.T.);
#9736 = EDGE_LOOP('',(#9737,#9743,#9744,#9745));
#9737 = ORIENTED_EDGE('',*,*,#9738,.T.);
#9738 = EDGE_CURVE('',#3839,#2935,#9739,.T.);
#9739 = LINE('',#9740,#9741);
#9740 = CARTESIAN_POINT('',(-60.,-61.43645320197,184.4));
#9741 = VECTOR('',#9742,1.);
#9742 = DIRECTION('',(-1.,-0.,-0.));
#9743 = ORIENTED_EDGE('',*,*,#2942,.T.);
#9744 = ORIENTED_EDGE('',*,*,#3868,.F.);
#9745 = ORIENTED_EDGE('',*,*,#3846,.F.);
#9746 = PLANE('',#9747);
#9747 = AXIS2_PLACEMENT_3D('',#9748,#9749,#9750);
#9748 = CARTESIAN_POINT('',(-60.,-61.43645320197,184.4));
#9749 = DIRECTION('',(0.,0.998535099305,-5.410781326283E-02));
#9750 = DIRECTION('',(0.,5.410781326283E-02,0.998535099305));
#9751 = ADVANCED_FACE('',(#9752),#9763,.F.);
#9752 = FACE_BOUND('',#9753,.T.);
#9753 = EDGE_LOOP('',(#9754,#9760,#9761,#9762));
#9754 = ORIENTED_EDGE('',*,*,#9755,.T.);
#9755 = EDGE_CURVE('',#3831,#2927,#9756,.T.);
#9756 = LINE('',#9757,#9758);
#9757 = CARTESIAN_POINT('',(-60.,-61.15467980295,189.6));
#9758 = VECTOR('',#9759,1.);
#9759 = DIRECTION('',(-1.,-0.,-0.));
#9760 = ORIENTED_EDGE('',*,*,#2934,.T.);
#9761 = ORIENTED_EDGE('',*,*,#9738,.F.);
#9762 = ORIENTED_EDGE('',*,*,#3838,.F.);
#9763 = PLANE('',#9764);
#9764 = AXIS2_PLACEMENT_3D('',#9765,#9766,#9767);
#9765 = CARTESIAN_POINT('',(-60.,-61.15467980295,189.6));
#9766 = DIRECTION('',(0.,0.998535099305,-5.410781326283E-02));
#9767 = DIRECTION('',(0.,5.410781326283E-02,0.998535099305));
#9768 = ADVANCED_FACE('',(#9769),#9780,.F.);
#9769 = FACE_BOUND('',#9770,.T.);
#9770 = EDGE_LOOP('',(#9771,#9777,#9778,#9779));
#9771 = ORIENTED_EDGE('',*,*,#9772,.T.);
#9772 = EDGE_CURVE('',#3823,#2919,#9773,.T.);
#9773 = LINE('',#9774,#9775);
#9774 = CARTESIAN_POINT('',(-60.,-60.87290640394,194.8));
#9775 = VECTOR('',#9776,1.);
#9776 = DIRECTION('',(-1.,-0.,-0.));
#9777 = ORIENTED_EDGE('',*,*,#2926,.T.);
#9778 = ORIENTED_EDGE('',*,*,#9755,.F.);
#9779 = ORIENTED_EDGE('',*,*,#3830,.F.);
#9780 = PLANE('',#9781);
#9781 = AXIS2_PLACEMENT_3D('',#9782,#9783,#9784);
#9782 = CARTESIAN_POINT('',(-60.,-60.87290640394,194.8));
#9783 = DIRECTION('',(0.,0.998535099305,-5.410781326283E-02));
#9784 = DIRECTION('',(0.,5.410781326283E-02,0.998535099305));
#9785 = ADVANCED_FACE('',(#9786),#9797,.F.);
#9786 = FACE_BOUND('',#9787,.T.);
#9787 = EDGE_LOOP('',(#9788,#9794,#9795,#9796));
#9788 = ORIENTED_EDGE('',*,*,#9789,.T.);
#9789 = EDGE_CURVE('',#3815,#2911,#9790,.T.);
#9790 = LINE('',#9791,#9792);
#9791 = CARTESIAN_POINT('',(-60.,-60.59113300492,200.));
#9792 = VECTOR('',#9793,1.);
#9793 = DIRECTION('',(-1.,-0.,-0.));
#9794 = ORIENTED_EDGE('',*,*,#2918,.T.);
#9795 = ORIENTED_EDGE('',*,*,#9772,.F.);
#9796 = ORIENTED_EDGE('',*,*,#3822,.F.);
#9797 = PLANE('',#9798);
#9798 = AXIS2_PLACEMENT_3D('',#9799,#9800,#9801);
#9799 = CARTESIAN_POINT('',(-60.,-60.59113300492,200.));
#9800 = DIRECTION('',(0.,0.998535099305,-5.410781326283E-02));
#9801 = DIRECTION('',(0.,5.410781326283E-02,0.998535099305));
#9802 = ADVANCED_FACE('',(#9803),#9814,.F.);
#9803 = FACE_BOUND('',#9804,.T.);
#9804 = EDGE_LOOP('',(#9805,#9811,#9812,#9813));
#9805 = ORIENTED_EDGE('',*,*,#9806,.T.);
#9806 = EDGE_CURVE('',#3807,#2903,#9807,.T.);
#9807 = LINE('',#9808,#9809);
#9808 = CARTESIAN_POINT('',(-60.,-60.30935960591,205.2));
#9809 = VECTOR('',#9810,1.);
#9810 = DIRECTION('',(-1.,-0.,-0.));
#9811 = ORIENTED_EDGE('',*,*,#2910,.T.);
#9812 = ORIENTED_EDGE('',*,*,#9789,.F.);
#9813 = ORIENTED_EDGE('',*,*,#3814,.F.);
#9814 = PLANE('',#9815);
#9815 = AXIS2_PLACEMENT_3D('',#9816,#9817,#9818);
#9816 = CARTESIAN_POINT('',(-60.,-60.30935960591,205.2));
#9817 = DIRECTION('',(0.,0.998535099305,-5.410781326283E-02));
#9818 = DIRECTION('',(0.,5.410781326283E-02,0.998535099305));
#9819 = ADVANCED_FACE('',(#9820),#9831,.F.);
#9820 = FACE_BOUND('',#9821,.T.);
#9821 = EDGE_LOOP('',(#9822,#9828,#9829,#9830));
#9822 = ORIENTED_EDGE('',*,*,#9823,.T.);
#9823 = EDGE_CURVE('',#3799,#2895,#9824,.T.);
#9824 = LINE('',#9825,#9826);
#9825 = CARTESIAN_POINT('',(-60.,-60.02758620689,210.4));
#9826 = VECTOR('',#9827,1.);
#9827 = DIRECTION('',(-1.,-0.,-0.));
#9828 = ORIENTED_EDGE('',*,*,#2902,.T.);
#9829 = ORIENTED_EDGE('',*,*,#9806,.F.);
#9830 = ORIENTED_EDGE('',*,*,#3806,.F.);
#9831 = PLANE('',#9832);
#9832 = AXIS2_PLACEMENT_3D('',#9833,#9834,#9835);
#9833 = CARTESIAN_POINT('',(-60.,-60.02758620689,210.4));
#9834 = DIRECTION('',(0.,0.998535099305,-5.410781326283E-02));
#9835 = DIRECTION('',(0.,5.410781326283E-02,0.998535099305));
#9836 = ADVANCED_FACE('',(#9837),#9848,.F.);
#9837 = FACE_BOUND('',#9838,.T.);
#9838 = EDGE_LOOP('',(#9839,#9845,#9846,#9847));
#9839 = ORIENTED_EDGE('',*,*,#9840,.T.);
#9840 = EDGE_CURVE('',#3791,#2887,#9841,.T.);
#9841 = LINE('',#9842,#9843);
#9842 = CARTESIAN_POINT('',(-60.,-59.74581280788,215.6));
#9843 = VECTOR('',#9844,1.);
#9844 = DIRECTION('',(-1.,-0.,-0.));
#9845 = ORIENTED_EDGE('',*,*,#2894,.T.);
#9846 = ORIENTED_EDGE('',*,*,#9823,.F.);
#9847 = ORIENTED_EDGE('',*,*,#3798,.F.);
#9848 = PLANE('',#9849);
#9849 = AXIS2_PLACEMENT_3D('',#9850,#9851,#9852);
#9850 = CARTESIAN_POINT('',(-60.,-59.74581280788,215.6));
#9851 = DIRECTION('',(0.,0.998535099305,-5.410781326283E-02));
#9852 = DIRECTION('',(0.,5.410781326283E-02,0.998535099305));
#9853 = ADVANCED_FACE('',(#9854),#9865,.F.);
#9854 = FACE_BOUND('',#9855,.T.);
#9855 = EDGE_LOOP('',(#9856,#9862,#9863,#9864));
#9856 = ORIENTED_EDGE('',*,*,#9857,.T.);
#9857 = EDGE_CURVE('',#3783,#2879,#9858,.T.);
#9858 = LINE('',#9859,#9860);
#9859 = CARTESIAN_POINT('',(-60.,-59.46403940886,220.8));
#9860 = VECTOR('',#9861,1.);
#9861 = DIRECTION('',(-1.,-0.,-0.));
#9862 = ORIENTED_EDGE('',*,*,#2886,.T.);
#9863 = ORIENTED_EDGE('',*,*,#9840,.F.);
#9864 = ORIENTED_EDGE('',*,*,#3790,.F.);
#9865 = PLANE('',#9866);
#9866 = AXIS2_PLACEMENT_3D('',#9867,#9868,#9869);
#9867 = CARTESIAN_POINT('',(-60.,-59.46403940886,220.8));
#9868 = DIRECTION('',(0.,0.998535099305,-5.410781326283E-02));
#9869 = DIRECTION('',(0.,5.410781326283E-02,0.998535099305));
#9870 = ADVANCED_FACE('',(#9871),#9882,.F.);
#9871 = FACE_BOUND('',#9872,.T.);
#9872 = EDGE_LOOP('',(#9873,#9879,#9880,#9881));
#9873 = ORIENTED_EDGE('',*,*,#9874,.T.);
#9874 = EDGE_CURVE('',#3775,#2871,#9875,.T.);
#9875 = LINE('',#9876,#9877);
#9876 = CARTESIAN_POINT('',(-60.,-59.18226600985,226.));
#9877 = VECTOR('',#9878,1.);
#9878 = DIRECTION('',(-1.,-0.,-0.));
#9879 = ORIENTED_EDGE('',*,*,#2878,.T.);
#9880 = ORIENTED_EDGE('',*,*,#9857,.F.);
#9881 = ORIENTED_EDGE('',*,*,#3782,.F.);
#9882 = PLANE('',#9883);
#9883 = AXIS2_PLACEMENT_3D('',#9884,#9885,#9886);
#9884 = CARTESIAN_POINT('',(-60.,-59.18226600985,226.));
#9885 = DIRECTION('',(0.,0.998535099305,-5.410781326283E-02));
#9886 = DIRECTION('',(0.,5.410781326283E-02,0.998535099305));
#9887 = ADVANCED_FACE('',(#9888),#9899,.F.);
#9888 = FACE_BOUND('',#9889,.T.);
#9889 = EDGE_LOOP('',(#9890,#9896,#9897,#9898));
#9890 = ORIENTED_EDGE('',*,*,#9891,.T.);
#9891 = EDGE_CURVE('',#3767,#2863,#9892,.T.);
#9892 = LINE('',#9893,#9894);
#9893 = CARTESIAN_POINT('',(-60.,-58.90049261083,231.2));
#9894 = VECTOR('',#9895,1.);
#9895 = DIRECTION('',(-1.,-0.,-0.));
#9896 = ORIENTED_EDGE('',*,*,#2870,.T.);
#9897 = ORIENTED_EDGE('',*,*,#9874,.F.);
#9898 = ORIENTED_EDGE('',*,*,#3774,.F.);
#9899 = PLANE('',#9900);
#9900 = AXIS2_PLACEMENT_3D('',#9901,#9902,#9903);
#9901 = CARTESIAN_POINT('',(-60.,-58.90049261083,231.2));
#9902 = DIRECTION('',(0.,0.998535099305,-5.410781326283E-02));
#9903 = DIRECTION('',(0.,5.410781326283E-02,0.998535099305));
#9904 = ADVANCED_FACE('',(#9905),#9916,.F.);
#9905 = FACE_BOUND('',#9906,.T.);
#9906 = EDGE_LOOP('',(#9907,#9913,#9914,#9915));
#9907 = ORIENTED_EDGE('',*,*,#9908,.T.);
#9908 = EDGE_CURVE('',#3759,#2855,#9909,.T.);
#9909 = LINE('',#9910,#9911);
#9910 = CARTESIAN_POINT('',(-60.,-58.61871921182,236.4));
#9911 = VECTOR('',#9912,1.);
#9912 = DIRECTION('',(-1.,-0.,-0.));
#9913 = ORIENTED_EDGE('',*,*,#2862,.T.);
#9914 = ORIENTED_EDGE('',*,*,#9891,.F.);
#9915 = ORIENTED_EDGE('',*,*,#3766,.F.);
#9916 = PLANE('',#9917);
#9917 = AXIS2_PLACEMENT_3D('',#9918,#9919,#9920);
#9918 = CARTESIAN_POINT('',(-60.,-58.61871921182,236.4));
#9919 = DIRECTION('',(0.,0.998535099305,-5.410781326283E-02));
#9920 = DIRECTION('',(0.,5.410781326283E-02,0.998535099305));
#9921 = ADVANCED_FACE('',(#9922),#9933,.F.);
#9922 = FACE_BOUND('',#9923,.T.);
#9923 = EDGE_LOOP('',(#9924,#9930,#9931,#9932));
#9924 = ORIENTED_EDGE('',*,*,#9925,.T.);
#9925 = EDGE_CURVE('',#3751,#2847,#9926,.T.);
#9926 = LINE('',#9927,#9928);
#9927 = CARTESIAN_POINT('',(-60.,-58.3369458128,241.6));
#9928 = VECTOR('',#9929,1.);
#9929 = DIRECTION('',(-1.,-0.,-0.));
#9930 = ORIENTED_EDGE('',*,*,#2854,.T.);
#9931 = ORIENTED_EDGE('',*,*,#9908,.F.);
#9932 = ORIENTED_EDGE('',*,*,#3758,.F.);
#9933 = PLANE('',#9934);
#9934 = AXIS2_PLACEMENT_3D('',#9935,#9936,#9937);
#9935 = CARTESIAN_POINT('',(-60.,-58.3369458128,241.6));
#9936 = DIRECTION('',(0.,0.998535099305,-5.410781326283E-02));
#9937 = DIRECTION('',(0.,5.410781326283E-02,0.998535099305));
#9938 = ADVANCED_FACE('',(#9939),#9950,.F.);
#9939 = FACE_BOUND('',#9940,.T.);
#9940 = EDGE_LOOP('',(#9941,#9947,#9948,#9949));
#9941 = ORIENTED_EDGE('',*,*,#9942,.T.);
#9942 = EDGE_CURVE('',#3743,#2839,#9943,.T.);
#9943 = LINE('',#9944,#9945);
#9944 = CARTESIAN_POINT('',(-60.,-58.05517241379,246.8));
#9945 = VECTOR('',#9946,1.);
#9946 = DIRECTION('',(-1.,-0.,-0.));
#9947 = ORIENTED_EDGE('',*,*,#2846,.T.);
#9948 = ORIENTED_EDGE('',*,*,#9925,.F.);
#9949 = ORIENTED_EDGE('',*,*,#3750,.F.);
#9950 = PLANE('',#9951);
#9951 = AXIS2_PLACEMENT_3D('',#9952,#9953,#9954);
#9952 = CARTESIAN_POINT('',(-60.,-58.05517241379,246.8));
#9953 = DIRECTION('',(0.,0.998535099305,-5.410781326283E-02));
#9954 = DIRECTION('',(0.,5.410781326283E-02,0.998535099305));
#9955 = ADVANCED_FACE('',(#9956),#9967,.F.);
#9956 = FACE_BOUND('',#9957,.T.);
#9957 = EDGE_LOOP('',(#9958,#9964,#9965,#9966));
#9958 = ORIENTED_EDGE('',*,*,#9959,.T.);
#9959 = EDGE_CURVE('',#3735,#2831,#9960,.T.);
#9960 = LINE('',#9961,#9962);
#9961 = CARTESIAN_POINT('',(-60.,-57.77339901477,252.));
#9962 = VECTOR('',#9963,1.);
#9963 = DIRECTION('',(-1.,-0.,-0.));
#9964 = ORIENTED_EDGE('',*,*,#2838,.T.);
#9965 = ORIENTED_EDGE('',*,*,#9942,.F.);
#9966 = ORIENTED_EDGE('',*,*,#3742,.F.);
#9967 = PLANE('',#9968);
#9968 = AXIS2_PLACEMENT_3D('',#9969,#9970,#9971);
#9969 = CARTESIAN_POINT('',(-60.,-57.77339901477,252.));
#9970 = DIRECTION('',(0.,0.998535099305,-5.410781326283E-02));
#9971 = DIRECTION('',(0.,5.410781326283E-02,0.998535099305));
#9972 = ADVANCED_FACE('',(#9973),#9984,.F.);
#9973 = FACE_BOUND('',#9974,.T.);
#9974 = EDGE_LOOP('',(#9975,#9981,#9982,#9983));
#9975 = ORIENTED_EDGE('',*,*,#9976,.T.);
#9976 = EDGE_CURVE('',#3727,#2823,#9977,.T.);
#9977 = LINE('',#9978,#9979);
#9978 = CARTESIAN_POINT('',(-60.,-57.49162561576,257.2));
#9979 = VECTOR('',#9980,1.);
#9980 = DIRECTION('',(-1.,-0.,-0.));
#9981 = ORIENTED_EDGE('',*,*,#2830,.T.);
#9982 = ORIENTED_EDGE('',*,*,#9959,.F.);
#9983 = ORIENTED_EDGE('',*,*,#3734,.F.);
#9984 = PLANE('',#9985);
#9985 = AXIS2_PLACEMENT_3D('',#9986,#9987,#9988);
#9986 = CARTESIAN_POINT('',(-60.,-57.49162561576,257.2));
#9987 = DIRECTION('',(0.,0.998535099305,-5.410781326283E-02));
#9988 = DIRECTION('',(0.,5.410781326283E-02,0.998535099305));
#9989 = ADVANCED_FACE('',(#9990),#10001,.F.);
#9990 = FACE_BOUND('',#9991,.T.);
#9991 = EDGE_LOOP('',(#9992,#9998,#9999,#10000));
#9992 = ORIENTED_EDGE('',*,*,#9993,.T.);
#9993 = EDGE_CURVE('',#3719,#2815,#9994,.T.);
#9994 = LINE('',#9995,#9996);
#9995 = CARTESIAN_POINT('',(-60.,-57.20985221674,262.4));
#9996 = VECTOR('',#9997,1.);
#9997 = DIRECTION('',(-1.,-0.,-0.));
#9998 = ORIENTED_EDGE('',*,*,#2822,.T.);
#9999 = ORIENTED_EDGE('',*,*,#9976,.F.);
#10000 = ORIENTED_EDGE('',*,*,#3726,.F.);
#10001 = PLANE('',#10002);
#10002 = AXIS2_PLACEMENT_3D('',#10003,#10004,#10005);
#10003 = CARTESIAN_POINT('',(-60.,-57.20985221674,262.4));
#10004 = DIRECTION('',(0.,0.998535099305,-5.410781326283E-02));
#10005 = DIRECTION('',(0.,5.410781326283E-02,0.998535099305));
#10006 = ADVANCED_FACE('',(#10007),#10018,.F.);
#10007 = FACE_BOUND('',#10008,.T.);
#10008 = EDGE_LOOP('',(#10009,#10015,#10016,#10017));
#10009 = ORIENTED_EDGE('',*,*,#10010,.T.);
#10010 = EDGE_CURVE('',#3711,#2807,#10011,.T.);
#10011 = LINE('',#10012,#10013);
#10012 = CARTESIAN_POINT('',(-60.,-56.92807881773,267.6));
#10013 = VECTOR('',#10014,1.);
#10014 = DIRECTION('',(-1.,-0.,-0.));
#10015 = ORIENTED_EDGE('',*,*,#2814,.T.);
#10016 = ORIENTED_EDGE('',*,*,#9993,.F.);
#10017 = ORIENTED_EDGE('',*,*,#3718,.F.);
#10018 = PLANE('',#10019);
#10019 = AXIS2_PLACEMENT_3D('',#10020,#10021,#10022);
#10020 = CARTESIAN_POINT('',(-60.,-56.92807881773,267.6));
#10021 = DIRECTION('',(0.,0.998535099305,-5.410781326283E-02));
#10022 = DIRECTION('',(0.,5.410781326283E-02,0.998535099305));
#10023 = ADVANCED_FACE('',(#10024),#10035,.F.);
#10024 = FACE_BOUND('',#10025,.T.);
#10025 = EDGE_LOOP('',(#10026,#10032,#10033,#10034));
#10026 = ORIENTED_EDGE('',*,*,#10027,.T.);
#10027 = EDGE_CURVE('',#3703,#2799,#10028,.T.);
#10028 = LINE('',#10029,#10030);
#10029 = CARTESIAN_POINT('',(-60.,-56.64630541871,272.8));
#10030 = VECTOR('',#10031,1.);
#10031 = DIRECTION('',(-1.,-0.,-0.));
#10032 = ORIENTED_EDGE('',*,*,#2806,.T.);
#10033 = ORIENTED_EDGE('',*,*,#10010,.F.);
#10034 = ORIENTED_EDGE('',*,*,#3710,.F.);
#10035 = PLANE('',#10036);
#10036 = AXIS2_PLACEMENT_3D('',#10037,#10038,#10039);
#10037 = CARTESIAN_POINT('',(-60.,-56.64630541871,272.8));
#10038 = DIRECTION('',(0.,0.998535099305,-5.410781326283E-02));
#10039 = DIRECTION('',(0.,5.410781326283E-02,0.998535099305));
#10040 = ADVANCED_FACE('',(#10041),#10052,.F.);
#10041 = FACE_BOUND('',#10042,.T.);
#10042 = EDGE_LOOP('',(#10043,#10049,#10050,#10051));
#10043 = ORIENTED_EDGE('',*,*,#10044,.T.);
#10044 = EDGE_CURVE('',#3695,#2791,#10045,.T.);
#10045 = LINE('',#10046,#10047);
#10046 = CARTESIAN_POINT('',(-60.,-56.3645320197,278.));
#10047 = VECTOR('',#10048,1.);
#10048 = DIRECTION('',(-1.,-0.,-0.));
#10049 = ORIENTED_EDGE('',*,*,#2798,.T.);
#10050 = ORIENTED_EDGE('',*,*,#10027,.F.);
#10051 = ORIENTED_EDGE('',*,*,#3702,.F.);
#10052 = PLANE('',#10053);
#10053 = AXIS2_PLACEMENT_3D('',#10054,#10055,#10056);
#10054 = CARTESIAN_POINT('',(-60.,-56.3645320197,278.));
#10055 = DIRECTION('',(0.,0.998535099305,-5.410781326283E-02));
#10056 = DIRECTION('',(0.,5.410781326283E-02,0.998535099305));
#10057 = ADVANCED_FACE('',(#10058),#10069,.F.);
#10058 = FACE_BOUND('',#10059,.T.);
#10059 = EDGE_LOOP('',(#10060,#10066,#10067,#10068));
#10060 = ORIENTED_EDGE('',*,*,#10061,.T.);
#10061 = EDGE_CURVE('',#3687,#2783,#10062,.T.);
#10062 = LINE('',#10063,#10064);
#10063 = CARTESIAN_POINT('',(-60.,-56.08275862069,283.2));
#10064 = VECTOR('',#10065,1.);
#10065 = DIRECTION('',(-1.,-0.,-0.));
#10066 = ORIENTED_EDGE('',*,*,#2790,.T.);
#10067 = ORIENTED_EDGE('',*,*,#10044,.F.);
#10068 = ORIENTED_EDGE('',*,*,#3694,.F.);
#10069 = PLANE('',#10070);
#10070 = AXIS2_PLACEMENT_3D('',#10071,#10072,#10073);
#10071 = CARTESIAN_POINT('',(-60.,-56.08275862069,283.2));
#10072 = DIRECTION('',(0.,0.998535099305,-5.410781326283E-02));
#10073 = DIRECTION('',(0.,5.410781326283E-02,0.998535099305));
#10074 = ADVANCED_FACE('',(#10075),#10086,.F.);
#10075 = FACE_BOUND('',#10076,.T.);
#10076 = EDGE_LOOP('',(#10077,#10083,#10084,#10085));
#10077 = ORIENTED_EDGE('',*,*,#10078,.T.);
#10078 = EDGE_CURVE('',#3679,#2775,#10079,.T.);
#10079 = LINE('',#10080,#10081);
#10080 = CARTESIAN_POINT('',(-60.,-55.80098522167,288.4));
#10081 = VECTOR('',#10082,1.);
#10082 = DIRECTION('',(-1.,-0.,-0.));
#10083 = ORIENTED_EDGE('',*,*,#2782,.T.);
#10084 = ORIENTED_EDGE('',*,*,#10061,.F.);
#10085 = ORIENTED_EDGE('',*,*,#3686,.F.);
#10086 = PLANE('',#10087);
#10087 = AXIS2_PLACEMENT_3D('',#10088,#10089,#10090);
#10088 = CARTESIAN_POINT('',(-60.,-55.80098522167,288.4));
#10089 = DIRECTION('',(0.,0.998535099305,-5.410781326283E-02));
#10090 = DIRECTION('',(0.,5.410781326283E-02,0.998535099305));
#10091 = ADVANCED_FACE('',(#10092),#10103,.F.);
#10092 = FACE_BOUND('',#10093,.T.);
#10093 = EDGE_LOOP('',(#10094,#10100,#10101,#10102));
#10094 = ORIENTED_EDGE('',*,*,#10095,.T.);
#10095 = EDGE_CURVE('',#3671,#2767,#10096,.T.);
#10096 = LINE('',#10097,#10098);
#10097 = CARTESIAN_POINT('',(-60.,-55.51921182266,293.6));
#10098 = VECTOR('',#10099,1.);
#10099 = DIRECTION('',(-1.,-0.,-0.));
#10100 = ORIENTED_EDGE('',*,*,#2774,.T.);
#10101 = ORIENTED_EDGE('',*,*,#10078,.F.);
#10102 = ORIENTED_EDGE('',*,*,#3678,.F.);
#10103 = PLANE('',#10104);
#10104 = AXIS2_PLACEMENT_3D('',#10105,#10106,#10107);
#10105 = CARTESIAN_POINT('',(-60.,-55.51921182266,293.6));
#10106 = DIRECTION('',(0.,0.998535099305,-5.410781326283E-02));
#10107 = DIRECTION('',(0.,5.410781326283E-02,0.998535099305));
#10108 = ADVANCED_FACE('',(#10109),#10120,.F.);
#10109 = FACE_BOUND('',#10110,.T.);
#10110 = EDGE_LOOP('',(#10111,#10117,#10118,#10119));
#10111 = ORIENTED_EDGE('',*,*,#10112,.T.);
#10112 = EDGE_CURVE('',#3663,#2759,#10113,.T.);
#10113 = LINE('',#10114,#10115);
#10114 = CARTESIAN_POINT('',(-60.,-55.23743842364,298.8));
#10115 = VECTOR('',#10116,1.);
#10116 = DIRECTION('',(-1.,-0.,-0.));
#10117 = ORIENTED_EDGE('',*,*,#2766,.T.);
#10118 = ORIENTED_EDGE('',*,*,#10095,.F.);
#10119 = ORIENTED_EDGE('',*,*,#3670,.F.);
#10120 = PLANE('',#10121);
#10121 = AXIS2_PLACEMENT_3D('',#10122,#10123,#10124);
#10122 = CARTESIAN_POINT('',(-60.,-55.23743842364,298.8));
#10123 = DIRECTION('',(0.,0.998535099305,-5.410781326283E-02));
#10124 = DIRECTION('',(0.,5.410781326283E-02,0.998535099305));
#10125 = ADVANCED_FACE('',(#10126),#10137,.F.);
#10126 = FACE_BOUND('',#10127,.T.);
#10127 = EDGE_LOOP('',(#10128,#10134,#10135,#10136));
#10128 = ORIENTED_EDGE('',*,*,#10129,.T.);
#10129 = EDGE_CURVE('',#3655,#2751,#10130,.T.);
#10130 = LINE('',#10131,#10132);
#10131 = CARTESIAN_POINT('',(-60.,-54.95566502463,304.));
#10132 = VECTOR('',#10133,1.);
#10133 = DIRECTION('',(-1.,-0.,-0.));
#10134 = ORIENTED_EDGE('',*,*,#2758,.T.);
#10135 = ORIENTED_EDGE('',*,*,#10112,.F.);
#10136 = ORIENTED_EDGE('',*,*,#3662,.F.);
#10137 = PLANE('',#10138);
#10138 = AXIS2_PLACEMENT_3D('',#10139,#10140,#10141);
#10139 = CARTESIAN_POINT('',(-60.,-54.95566502463,304.));
#10140 = DIRECTION('',(0.,0.998535099305,-5.410781326283E-02));
#10141 = DIRECTION('',(0.,5.410781326283E-02,0.998535099305));
#10142 = ADVANCED_FACE('',(#10143),#10154,.F.);
#10143 = FACE_BOUND('',#10144,.T.);
#10144 = EDGE_LOOP('',(#10145,#10151,#10152,#10153));
#10145 = ORIENTED_EDGE('',*,*,#10146,.T.);
#10146 = EDGE_CURVE('',#3647,#2743,#10147,.T.);
#10147 = LINE('',#10148,#10149);
#10148 = CARTESIAN_POINT('',(-60.,-54.67389162561,309.2));
#10149 = VECTOR('',#10150,1.);
#10150 = DIRECTION('',(-1.,-0.,-0.));
#10151 = ORIENTED_EDGE('',*,*,#2750,.T.);
#10152 = ORIENTED_EDGE('',*,*,#10129,.F.);
#10153 = ORIENTED_EDGE('',*,*,#3654,.F.);
#10154 = PLANE('',#10155);
#10155 = AXIS2_PLACEMENT_3D('',#10156,#10157,#10158);
#10156 = CARTESIAN_POINT('',(-60.,-54.67389162561,309.2));
#10157 = DIRECTION('',(0.,0.998535099305,-5.410781326283E-02));
#10158 = DIRECTION('',(0.,5.410781326283E-02,0.998535099305));
#10159 = ADVANCED_FACE('',(#10160),#10171,.F.);
#10160 = FACE_BOUND('',#10161,.T.);
#10161 = EDGE_LOOP('',(#10162,#10168,#10169,#10170));
#10162 = ORIENTED_EDGE('',*,*,#10163,.T.);
#10163 = EDGE_CURVE('',#3639,#2735,#10164,.T.);
#10164 = LINE('',#10165,#10166);
#10165 = CARTESIAN_POINT('',(-60.,-54.3921182266,314.4));
#10166 = VECTOR('',#10167,1.);
#10167 = DIRECTION('',(-1.,-0.,-0.));
#10168 = ORIENTED_EDGE('',*,*,#2742,.T.);
#10169 = ORIENTED_EDGE('',*,*,#10146,.F.);
#10170 = ORIENTED_EDGE('',*,*,#3646,.F.);
#10171 = PLANE('',#10172);
#10172 = AXIS2_PLACEMENT_3D('',#10173,#10174,#10175);
#10173 = CARTESIAN_POINT('',(-60.,-54.3921182266,314.4));
#10174 = DIRECTION('',(0.,0.998535099305,-5.410781326283E-02));
#10175 = DIRECTION('',(0.,5.410781326283E-02,0.998535099305));
#10176 = ADVANCED_FACE('',(#10177),#10188,.F.);
#10177 = FACE_BOUND('',#10178,.T.);
#10178 = EDGE_LOOP('',(#10179,#10185,#10186,#10187));
#10179 = ORIENTED_EDGE('',*,*,#10180,.T.);
#10180 = EDGE_CURVE('',#3631,#2727,#10181,.T.);
#10181 = LINE('',#10182,#10183);
#10182 = CARTESIAN_POINT('',(-60.,-54.11034482758,319.6));
#10183 = VECTOR('',#10184,1.);
#10184 = DIRECTION('',(-1.,-0.,-0.));
#10185 = ORIENTED_EDGE('',*,*,#2734,.T.);
#10186 = ORIENTED_EDGE('',*,*,#10163,.F.);
#10187 = ORIENTED_EDGE('',*,*,#3638,.F.);
#10188 = PLANE('',#10189);
#10189 = AXIS2_PLACEMENT_3D('',#10190,#10191,#10192);
#10190 = CARTESIAN_POINT('',(-60.,-54.11034482758,319.6));
#10191 = DIRECTION('',(0.,0.998535099305,-5.410781326283E-02));
#10192 = DIRECTION('',(0.,5.410781326283E-02,0.998535099305));
#10193 = ADVANCED_FACE('',(#10194),#10205,.F.);
#10194 = FACE_BOUND('',#10195,.T.);
#10195 = EDGE_LOOP('',(#10196,#10202,#10203,#10204));
#10196 = ORIENTED_EDGE('',*,*,#10197,.T.);
#10197 = EDGE_CURVE('',#3623,#2719,#10198,.T.);
#10198 = LINE('',#10199,#10200);
#10199 = CARTESIAN_POINT('',(-60.,-53.82857142857,324.8));
#10200 = VECTOR('',#10201,1.);
#10201 = DIRECTION('',(-1.,-0.,-0.));
#10202 = ORIENTED_EDGE('',*,*,#2726,.T.);
#10203 = ORIENTED_EDGE('',*,*,#10180,.F.);
#10204 = ORIENTED_EDGE('',*,*,#3630,.F.);
#10205 = PLANE('',#10206);
#10206 = AXIS2_PLACEMENT_3D('',#10207,#10208,#10209);
#10207 = CARTESIAN_POINT('',(-60.,-53.82857142857,324.8));
#10208 = DIRECTION('',(0.,0.998535099305,-5.410781326283E-02));
#10209 = DIRECTION('',(0.,5.410781326283E-02,0.998535099305));
#10210 = ADVANCED_FACE('',(#10211),#10217,.F.);
#10211 = FACE_BOUND('',#10212,.T.);
#10212 = EDGE_LOOP('',(#10213,#10214,#10215,#10216));
#10213 = ORIENTED_EDGE('',*,*,#4240,.T.);
#10214 = ORIENTED_EDGE('',*,*,#2718,.T.);
#10215 = ORIENTED_EDGE('',*,*,#10197,.F.);
#10216 = ORIENTED_EDGE('',*,*,#3622,.F.);
#10217 = PLANE('',#10218);
#10218 = AXIS2_PLACEMENT_3D('',#10219,#10220,#10221);
#10219 = CARTESIAN_POINT('',(-60.,-53.54679802955,330.));
#10220 = DIRECTION('',(0.,0.998535099305,-5.410781326283E-02));
#10221 = DIRECTION('',(0.,5.410781326283E-02,0.998535099305));
#10222 = ADVANCED_FACE('',(#10223),#10248,.T.);
#10223 = FACE_BOUND('',#10224,.F.);
#10224 = EDGE_LOOP('',(#10225,#10233,#10241,#10247));
#10225 = ORIENTED_EDGE('',*,*,#10226,.F.);
#10226 = EDGE_CURVE('',#10227,#2960,#10229,.T.);
#10227 = VERTEX_POINT('',#10228);
#10228 = CARTESIAN_POINT('',(-90.25,43.75,181.15));
#10229 = LINE('',#10230,#10231);
#10230 = CARTESIAN_POINT('',(-90.25,43.75,181.15));
#10231 = VECTOR('',#10232,1.);
#10232 = DIRECTION('',(-1.,-0.,-0.));
#10233 = ORIENTED_EDGE('',*,*,#10234,.F.);
#10234 = EDGE_CURVE('',#10235,#10227,#10237,.T.);
#10235 = VERTEX_POINT('',#10236);
#10236 = CARTESIAN_POINT('',(-90.25,36.25,181.15));
#10237 = LINE('',#10238,#10239);
#10238 = CARTESIAN_POINT('',(-90.25,36.25,181.15));
#10239 = VECTOR('',#10240,1.);
#10240 = DIRECTION('',(0.,1.,0.));
#10241 = ORIENTED_EDGE('',*,*,#10242,.T.);
#10242 = EDGE_CURVE('',#10235,#2962,#10243,.T.);
#10243 = LINE('',#10244,#10245);
#10244 = CARTESIAN_POINT('',(-90.25,36.25,181.15));
#10245 = VECTOR('',#10246,1.);
#10246 = DIRECTION('',(-1.,-0.,-0.));
#10247 = ORIENTED_EDGE('',*,*,#2959,.F.);
#10248 = PLANE('',#10249);
#10249 = AXIS2_PLACEMENT_3D('',#10250,#10251,#10252);
#10250 = CARTESIAN_POINT('',(-90.25,36.25,181.15));
#10251 = DIRECTION('',(0.,0.,1.));
#10252 = DIRECTION('',(1.,0.,0.));
#10253 = ADVANCED_FACE('',(#10254),#10272,.F.);
#10254 = FACE_BOUND('',#10255,.T.);
#10255 = EDGE_LOOP('',(#10256,#10257,#10265,#10271));
#10256 = ORIENTED_EDGE('',*,*,#10226,.F.);
#10257 = ORIENTED_EDGE('',*,*,#10258,.T.);
#10258 = EDGE_CURVE('',#10227,#10259,#10261,.T.);
#10259 = VERTEX_POINT('',#10260);
#10260 = CARTESIAN_POINT('',(-90.25,43.75,184.85));
#10261 = LINE('',#10262,#10263);
#10262 = CARTESIAN_POINT('',(-90.25,43.75,181.15));
#10263 = VECTOR('',#10264,1.);
#10264 = DIRECTION('',(0.,0.,1.));
#10265 = ORIENTED_EDGE('',*,*,#10266,.T.);
#10266 = EDGE_CURVE('',#10259,#2978,#10267,.T.);
#10267 = LINE('',#10268,#10269);
#10268 = CARTESIAN_POINT('',(-90.25,43.75,184.85));
#10269 = VECTOR('',#10270,1.);
#10270 = DIRECTION('',(-1.,-0.,-0.));
#10271 = ORIENTED_EDGE('',*,*,#2985,.F.);
#10272 = PLANE('',#10273);
#10273 = AXIS2_PLACEMENT_3D('',#10274,#10275,#10276);
#10274 = CARTESIAN_POINT('',(-90.25,43.75,181.15));
#10275 = DIRECTION('',(0.,1.,0.));
#10276 = DIRECTION('',(0.,0.,-1.));
#10277 = ADVANCED_FACE('',(#10278),#10296,.T.);
#10278 = FACE_BOUND('',#10279,.F.);
#10279 = EDGE_LOOP('',(#10280,#10281,#10289,#10295));
#10280 = ORIENTED_EDGE('',*,*,#10242,.F.);
#10281 = ORIENTED_EDGE('',*,*,#10282,.T.);
#10282 = EDGE_CURVE('',#10235,#10283,#10285,.T.);
#10283 = VERTEX_POINT('',#10284);
#10284 = CARTESIAN_POINT('',(-90.25,36.25,184.85));
#10285 = LINE('',#10286,#10287);
#10286 = CARTESIAN_POINT('',(-90.25,36.25,181.15));
#10287 = VECTOR('',#10288,1.);
#10288 = DIRECTION('',(0.,0.,1.));
#10289 = ORIENTED_EDGE('',*,*,#10290,.T.);
#10290 = EDGE_CURVE('',#10283,#2970,#10291,.T.);
#10291 = LINE('',#10292,#10293);
#10292 = CARTESIAN_POINT('',(-90.25,36.25,184.85));
#10293 = VECTOR('',#10294,1.);
#10294 = DIRECTION('',(-1.,-0.,-0.));
#10295 = ORIENTED_EDGE('',*,*,#2969,.F.);
#10296 = PLANE('',#10297);
#10297 = AXIS2_PLACEMENT_3D('',#10298,#10299,#10300);
#10298 = CARTESIAN_POINT('',(-90.25,36.25,181.15));
#10299 = DIRECTION('',(0.,1.,0.));
#10300 = DIRECTION('',(0.,0.,-1.));
#10301 = ADVANCED_FACE('',(#10302,#10313),#10324,.F.);
#10302 = FACE_BOUND('',#10303,.T.);
#10303 = EDGE_LOOP('',(#10304,#10305,#10311,#10312));
#10304 = ORIENTED_EDGE('',*,*,#10266,.F.);
#10305 = ORIENTED_EDGE('',*,*,#10306,.F.);
#10306 = EDGE_CURVE('',#10283,#10259,#10307,.T.);
#10307 = LINE('',#10308,#10309);
#10308 = CARTESIAN_POINT('',(-90.25,36.25,184.85));
#10309 = VECTOR('',#10310,1.);
#10310 = DIRECTION('',(0.,1.,0.));
#10311 = ORIENTED_EDGE('',*,*,#10290,.T.);
#10312 = ORIENTED_EDGE('',*,*,#2977,.F.);
#10313 = FACE_BOUND('',#10314,.T.);
#10314 = EDGE_LOOP('',(#10315));
#10315 = ORIENTED_EDGE('',*,*,#10316,.F.);
#10316 = EDGE_CURVE('',#10317,#10317,#10319,.T.);
#10317 = VERTEX_POINT('',#10318);
#10318 = CARTESIAN_POINT('',(-96.25,40.,184.85));
#10319 = CIRCLE('',#10320,2.25);
#10320 = AXIS2_PLACEMENT_3D('',#10321,#10322,#10323);
#10321 = CARTESIAN_POINT('',(-94.,40.,184.85));
#10322 = DIRECTION('',(0.,0.,-1.));
#10323 = DIRECTION('',(-1.,-0.,-0.));
#10324 = PLANE('',#10325);
#10325 = AXIS2_PLACEMENT_3D('',#10326,#10327,#10328);
#10326 = CARTESIAN_POINT('',(-90.25,36.25,184.85));
#10327 = DIRECTION('',(0.,0.,1.));
#10328 = DIRECTION('',(1.,0.,0.));
#10329 = ADVANCED_FACE('',(#10330),#10349,.F.);
#10330 = FACE_BOUND('',#10331,.T.);
#10331 = EDGE_LOOP('',(#10332,#10341,#10347,#10348));
#10332 = ORIENTED_EDGE('',*,*,#10333,.F.);
#10333 = EDGE_CURVE('',#10334,#10334,#10336,.T.);
#10334 = VERTEX_POINT('',#10335);
#10335 = CARTESIAN_POINT('',(-95.49,29.08275862069,313.9));
#10336 = CIRCLE('',#10337,4.1);
#10337 = AXIS2_PLACEMENT_3D('',#10338,#10339,#10340);
#10338 = CARTESIAN_POINT('',(-95.49,29.08275862069,318.));
#10339 = DIRECTION('',(-1.,0.,0.));
#10340 = DIRECTION('',(-0.,-0.,-1.));
#10341 = ORIENTED_EDGE('',*,*,#10342,.F.);
#10342 = EDGE_CURVE('',#2994,#10334,#10343,.T.);
#10343 = LINE('',#10344,#10345);
#10344 = CARTESIAN_POINT('',(-100.,29.08275862069,313.9));
#10345 = VECTOR('',#10346,1.);
#10346 = DIRECTION('',(1.,0.,0.));
#10347 = ORIENTED_EDGE('',*,*,#2993,.T.);
#10348 = ORIENTED_EDGE('',*,*,#10342,.T.);
#10349 = CYLINDRICAL_SURFACE('',#10350,4.1);
#10350 = AXIS2_PLACEMENT_3D('',#10351,#10352,#10353);
#10351 = CARTESIAN_POINT('',(-100.,29.08275862069,318.));
#10352 = DIRECTION('',(1.,0.,0.));
#10353 = DIRECTION('',(-0.,-0.,-1.));
#10354 = ADVANCED_FACE('',(#10355),#10380,.F.);
#10355 = FACE_BOUND('',#10356,.T.);
#10356 = EDGE_LOOP('',(#10357,#10365,#10373,#10379));
#10357 = ORIENTED_EDGE('',*,*,#10358,.F.);
#10358 = EDGE_CURVE('',#10359,#3039,#10361,.T.);
#10359 = VERTEX_POINT('',#10360);
#10360 = CARTESIAN_POINT('',(-98.5,43.389162561576,190.));
#10361 = LINE('',#10362,#10363);
#10362 = CARTESIAN_POINT('',(-98.5,43.389162561576,190.));
#10363 = VECTOR('',#10364,1.);
#10364 = DIRECTION('',(-1.,-0.,-0.));
#10365 = ORIENTED_EDGE('',*,*,#10366,.T.);
#10366 = EDGE_CURVE('',#10359,#10367,#10369,.T.);
#10367 = VERTEX_POINT('',#10368);
#10368 = CARTESIAN_POINT('',(-98.5,43.389162561576,296.));
#10369 = LINE('',#10370,#10371);
#10370 = CARTESIAN_POINT('',(-98.5,43.389162561576,190.));
#10371 = VECTOR('',#10372,1.);
#10372 = DIRECTION('',(0.,0.,1.));
#10373 = ORIENTED_EDGE('',*,*,#10374,.T.);
#10374 = EDGE_CURVE('',#10367,#3041,#10375,.T.);
#10375 = LINE('',#10376,#10377);
#10376 = CARTESIAN_POINT('',(-98.5,43.389162561576,296.));
#10377 = VECTOR('',#10378,1.);
#10378 = DIRECTION('',(-1.,-0.,-0.));
#10379 = ORIENTED_EDGE('',*,*,#3038,.F.);
#10380 = PLANE('',#10381);
#10381 = AXIS2_PLACEMENT_3D('',#10382,#10383,#10384);
#10382 = CARTESIAN_POINT('',(-98.5,43.389162561576,190.));
#10383 = DIRECTION('',(0.,1.,0.));
#10384 = DIRECTION('',(0.,0.,-1.));
#10385 = ADVANCED_FACE('',(#10386),#10397,.F.);
#10386 = FACE_BOUND('',#10387,.T.);
#10387 = EDGE_LOOP('',(#10388,#10389,#10395,#10396));
#10388 = ORIENTED_EDGE('',*,*,#10374,.F.);
#10389 = ORIENTED_EDGE('',*,*,#10390,.F.);
#10390 = EDGE_CURVE('',#6297,#10367,#10391,.T.);
#10391 = LINE('',#10392,#10393);
#10392 = CARTESIAN_POINT('',(-98.5,-43.38916256157,296.));
#10393 = VECTOR('',#10394,1.);
#10394 = DIRECTION('',(0.,1.,0.));
#10395 = ORIENTED_EDGE('',*,*,#6352,.T.);
#10396 = ORIENTED_EDGE('',*,*,#3546,.F.);
#10397 = PLANE('',#10398);
#10398 = AXIS2_PLACEMENT_3D('',#10399,#10400,#10401);
#10399 = CARTESIAN_POINT('',(-98.5,-43.38916256157,296.));
#10400 = DIRECTION('',(0.,0.,1.));
#10401 = DIRECTION('',(1.,0.,0.));
#10402 = ADVANCED_FACE('',(#10403),#10414,.F.);
#10403 = FACE_BOUND('',#10404,.T.);
#10404 = EDGE_LOOP('',(#10405,#10406,#10407,#10413));
#10405 = ORIENTED_EDGE('',*,*,#3530,.T.);
#10406 = ORIENTED_EDGE('',*,*,#6345,.T.);
#10407 = ORIENTED_EDGE('',*,*,#10408,.F.);
#10408 = EDGE_CURVE('',#6392,#6338,#10409,.T.);
#10409 = LINE('',#10410,#10411);
#10410 = CARTESIAN_POINT('',(-87.25,-14.89839901477,311.06747515273));
#10411 = VECTOR('',#10412,1.);
#10412 = DIRECTION('',(0.,1.,0.));
#10413 = ORIENTED_EDGE('',*,*,#6391,.F.);
#10414 = PLANE('',#10415);
#10415 = AXIS2_PLACEMENT_3D('',#10416,#10417,#10418);
#10416 = CARTESIAN_POINT('',(-105.,12.,311.06747515273));
#10417 = DIRECTION('',(-2.22044604925E-16,0.,1.));
#10418 = DIRECTION('',(0.,1.,0.));
#10419 = ADVANCED_FACE('',(#10420),#10431,.F.);
#10420 = FACE_BOUND('',#10421,.T.);
#10421 = EDGE_LOOP('',(#10422,#10423,#10429,#10430));
#10422 = ORIENTED_EDGE('',*,*,#6472,.T.);
#10423 = ORIENTED_EDGE('',*,*,#10424,.F.);
#10424 = EDGE_CURVE('',#9160,#6465,#10425,.T.);
#10425 = LINE('',#10426,#10427);
#10426 = CARTESIAN_POINT('',(-98.5,-43.38916256157,296.));
#10427 = VECTOR('',#10428,1.);
#10428 = DIRECTION('',(0.,1.,0.));
#10429 = ORIENTED_EDGE('',*,*,#9167,.F.);
#10430 = ORIENTED_EDGE('',*,*,#3498,.F.);
#10431 = PLANE('',#10432);
#10432 = AXIS2_PLACEMENT_3D('',#10433,#10434,#10435);
#10433 = CARTESIAN_POINT('',(-98.5,-43.38916256157,296.));
#10434 = DIRECTION('',(0.,0.,1.));
#10435 = DIRECTION('',(1.,0.,0.));
#10436 = ADVANCED_FACE('',(#10437),#10448,.F.);
#10437 = FACE_BOUND('',#10438,.T.);
#10438 = EDGE_LOOP('',(#10439,#10440,#10441,#10447));
#10439 = ORIENTED_EDGE('',*,*,#3466,.T.);
#10440 = ORIENTED_EDGE('',*,*,#9234,.T.);
#10441 = ORIENTED_EDGE('',*,*,#10442,.F.);
#10442 = EDGE_CURVE('',#9274,#9227,#10443,.T.);
#10443 = LINE('',#10444,#10445);
#10444 = CARTESIAN_POINT('',(-87.25,-19.62093024483,310.56305279474));
#10445 = VECTOR('',#10446,1.);
#10446 = DIRECTION('',(0.,1.,0.));
#10447 = ORIENTED_EDGE('',*,*,#9273,.F.);
#10448 = PLANE('',#10449);
#10449 = AXIS2_PLACEMENT_3D('',#10450,#10451,#10452);
#10450 = CARTESIAN_POINT('',(-105.,2.554937539892,310.56305279474));
#10451 = DIRECTION('',(-2.22044604925E-16,0.,1.));
#10452 = DIRECTION('',(0.,1.,0.));
#10453 = ADVANCED_FACE('',(#10454),#10465,.F.);
#10454 = FACE_BOUND('',#10455,.T.);
#10455 = EDGE_LOOP('',(#10456,#10457,#10463,#10464));
#10456 = ORIENTED_EDGE('',*,*,#9354,.T.);
#10457 = ORIENTED_EDGE('',*,*,#10458,.F.);
#10458 = EDGE_CURVE('',#9402,#9347,#10459,.T.);
#10459 = LINE('',#10460,#10461);
#10460 = CARTESIAN_POINT('',(-98.5,-43.38916256157,296.));
#10461 = VECTOR('',#10462,1.);
#10462 = DIRECTION('',(0.,1.,0.));
#10463 = ORIENTED_EDGE('',*,*,#9409,.F.);
#10464 = ORIENTED_EDGE('',*,*,#3434,.F.);
#10465 = PLANE('',#10466);
#10466 = AXIS2_PLACEMENT_3D('',#10467,#10468,#10469);
#10467 = CARTESIAN_POINT('',(-98.5,-43.38916256157,296.));
#10468 = DIRECTION('',(0.,0.,1.));
#10469 = DIRECTION('',(1.,0.,0.));
#10470 = ADVANCED_FACE('',(#10471),#10482,.F.);
#10471 = FACE_BOUND('',#10472,.T.);
#10472 = EDGE_LOOP('',(#10473,#10474,#10475,#10481));
#10473 = ORIENTED_EDGE('',*,*,#3402,.T.);
#10474 = ORIENTED_EDGE('',*,*,#9476,.T.);
#10475 = ORIENTED_EDGE('',*,*,#10476,.F.);
#10476 = EDGE_CURVE('',#9516,#9469,#10477,.T.);
#10477 = LINE('',#10478,#10479);
#10478 = CARTESIAN_POINT('',(-87.25,-24.79755101623,311.06747515273));
#10479 = VECTOR('',#10480,1.);
#10480 = DIRECTION('',(0.,1.,0.));
#10481 = ORIENTED_EDGE('',*,*,#9515,.F.);
#10482 = PLANE('',#10483);
#10483 = AXIS2_PLACEMENT_3D('',#10484,#10485,#10486);
#10484 = CARTESIAN_POINT('',(-105.,-7.798304002918,311.06747515273));
#10485 = DIRECTION('',(-2.22044604925E-16,0.,1.));
#10486 = DIRECTION('',(0.,1.,0.));
#10487 = ADVANCED_FACE('',(#10488),#10506,.F.);
#10488 = FACE_BOUND('',#10489,.T.);
#10489 = EDGE_LOOP('',(#10490,#10491,#10499,#10505));
#10490 = ORIENTED_EDGE('',*,*,#9563,.T.);
#10491 = ORIENTED_EDGE('',*,*,#10492,.F.);
#10492 = EDGE_CURVE('',#10493,#9556,#10495,.T.);
#10493 = VERTEX_POINT('',#10494);
#10494 = CARTESIAN_POINT('',(-98.5,-43.38916256157,296.));
#10495 = LINE('',#10496,#10497);
#10496 = CARTESIAN_POINT('',(-98.5,-43.38916256157,296.));
#10497 = VECTOR('',#10498,1.);
#10498 = DIRECTION('',(0.,1.,0.));
#10499 = ORIENTED_EDGE('',*,*,#10500,.T.);
#10500 = EDGE_CURVE('',#10493,#3379,#10501,.T.);
#10501 = LINE('',#10502,#10503);
#10502 = CARTESIAN_POINT('',(-98.5,-43.38916256157,296.));
#10503 = VECTOR('',#10504,1.);
#10504 = DIRECTION('',(-1.,-0.,-0.));
#10505 = ORIENTED_EDGE('',*,*,#3386,.F.);
#10506 = PLANE('',#10507);
#10507 = AXIS2_PLACEMENT_3D('',#10508,#10509,#10510);
#10508 = CARTESIAN_POINT('',(-98.5,-43.38916256157,296.));
#10509 = DIRECTION('',(0.,0.,1.));
#10510 = DIRECTION('',(1.,0.,0.));
#10511 = ADVANCED_FACE('',(#10512),#10530,.T.);
#10512 = FACE_BOUND('',#10513,.F.);
#10513 = EDGE_LOOP('',(#10514,#10522,#10528,#10529));
#10514 = ORIENTED_EDGE('',*,*,#10515,.F.);
#10515 = EDGE_CURVE('',#10516,#3371,#10518,.T.);
#10516 = VERTEX_POINT('',#10517);
#10517 = CARTESIAN_POINT('',(-98.5,-43.38916256157,190.));
#10518 = LINE('',#10519,#10520);
#10519 = CARTESIAN_POINT('',(-98.5,-43.38916256157,190.));
#10520 = VECTOR('',#10521,1.);
#10521 = DIRECTION('',(-1.,-0.,-0.));
#10522 = ORIENTED_EDGE('',*,*,#10523,.T.);
#10523 = EDGE_CURVE('',#10516,#10493,#10524,.T.);
#10524 = LINE('',#10525,#10526);
#10525 = CARTESIAN_POINT('',(-98.5,-43.38916256157,190.));
#10526 = VECTOR('',#10527,1.);
#10527 = DIRECTION('',(0.,0.,1.));
#10528 = ORIENTED_EDGE('',*,*,#10500,.T.);
#10529 = ORIENTED_EDGE('',*,*,#3378,.F.);
#10530 = PLANE('',#10531);
#10531 = AXIS2_PLACEMENT_3D('',#10532,#10533,#10534);
#10532 = CARTESIAN_POINT('',(-98.5,-43.38916256157,190.));
#10533 = DIRECTION('',(0.,1.,0.));
#10534 = DIRECTION('',(0.,0.,-1.));
#10535 = ADVANCED_FACE('',(#10536),#10547,.T.);
#10536 = FACE_BOUND('',#10537,.F.);
#10537 = EDGE_LOOP('',(#10538,#10539,#10545,#10546));
#10538 = ORIENTED_EDGE('',*,*,#6714,.F.);
#10539 = ORIENTED_EDGE('',*,*,#10540,.F.);
#10540 = EDGE_CURVE('',#10516,#6696,#10541,.T.);
#10541 = LINE('',#10542,#10543);
#10542 = CARTESIAN_POINT('',(-98.5,-43.38916256157,190.));
#10543 = VECTOR('',#10544,1.);
#10544 = DIRECTION('',(0.,1.,0.));
#10545 = ORIENTED_EDGE('',*,*,#10515,.T.);
#10546 = ORIENTED_EDGE('',*,*,#3370,.F.);
#10547 = PLANE('',#10548);
#10548 = AXIS2_PLACEMENT_3D('',#10549,#10550,#10551);
#10549 = CARTESIAN_POINT('',(-98.5,-43.38916256157,190.));
#10550 = DIRECTION('',(0.,0.,1.));
#10551 = DIRECTION('',(1.,0.,0.));
#10552 = ADVANCED_FACE('',(#10553),#10564,.T.);
#10553 = FACE_BOUND('',#10554,.F.);
#10554 = EDGE_LOOP('',(#10555,#10556,#10562,#10563));
#10555 = ORIENTED_EDGE('',*,*,#4933,.T.);
#10556 = ORIENTED_EDGE('',*,*,#10557,.F.);
#10557 = EDGE_CURVE('',#6633,#4934,#10558,.T.);
#10558 = LINE('',#10559,#10560);
#10559 = CARTESIAN_POINT('',(-98.5,-43.38916256157,190.));
#10560 = VECTOR('',#10561,1.);
#10561 = DIRECTION('',(0.,1.,0.));
#10562 = ORIENTED_EDGE('',*,*,#6632,.F.);
#10563 = ORIENTED_EDGE('',*,*,#3196,.F.);
#10564 = PLANE('',#10565);
#10565 = AXIS2_PLACEMENT_3D('',#10566,#10567,#10568);
#10566 = CARTESIAN_POINT('',(-98.5,-43.38916256157,190.));
#10567 = DIRECTION('',(0.,0.,1.));
#10568 = DIRECTION('',(1.,0.,0.));
#10569 = ADVANCED_FACE('',(#10570),#10581,.T.);
#10570 = FACE_BOUND('',#10571,.F.);
#10571 = EDGE_LOOP('',(#10572,#10573,#10579,#10580));
#10572 = ORIENTED_EDGE('',*,*,#10358,.F.);
#10573 = ORIENTED_EDGE('',*,*,#10574,.F.);
#10574 = EDGE_CURVE('',#4891,#10359,#10575,.T.);
#10575 = LINE('',#10576,#10577);
#10576 = CARTESIAN_POINT('',(-98.5,-43.38916256157,190.));
#10577 = VECTOR('',#10578,1.);
#10578 = DIRECTION('',(0.,1.,0.));
#10579 = ORIENTED_EDGE('',*,*,#4907,.T.);
#10580 = ORIENTED_EDGE('',*,*,#3048,.F.);
#10581 = PLANE('',#10582);
#10582 = AXIS2_PLACEMENT_3D('',#10583,#10584,#10585);
#10583 = CARTESIAN_POINT('',(-98.5,-43.38916256157,190.));
#10584 = DIRECTION('',(0.,0.,1.));
#10585 = DIRECTION('',(1.,0.,0.));
#10586 = ADVANCED_FACE('',(#10587),#10612,.T.);
#10587 = FACE_BOUND('',#10588,.F.);
#10588 = EDGE_LOOP('',(#10589,#10597,#10605,#10611));
#10589 = ORIENTED_EDGE('',*,*,#10590,.F.);
#10590 = EDGE_CURVE('',#10591,#3555,#10593,.T.);
#10591 = VERTEX_POINT('',#10592);
#10592 = CARTESIAN_POINT('',(-90.25,-36.25,181.15));
#10593 = LINE('',#10594,#10595);
#10594 = CARTESIAN_POINT('',(-90.25,-36.25,181.15));
#10595 = VECTOR('',#10596,1.);
#10596 = DIRECTION('',(-1.,-0.,-0.));
#10597 = ORIENTED_EDGE('',*,*,#10598,.F.);
#10598 = EDGE_CURVE('',#10599,#10591,#10601,.T.);
#10599 = VERTEX_POINT('',#10600);
#10600 = CARTESIAN_POINT('',(-90.25,-43.75,181.15));
#10601 = LINE('',#10602,#10603);
#10602 = CARTESIAN_POINT('',(-90.25,-43.75,181.15));
#10603 = VECTOR('',#10604,1.);
#10604 = DIRECTION('',(0.,1.,0.));
#10605 = ORIENTED_EDGE('',*,*,#10606,.T.);
#10606 = EDGE_CURVE('',#10599,#3557,#10607,.T.);
#10607 = LINE('',#10608,#10609);
#10608 = CARTESIAN_POINT('',(-90.25,-43.75,181.15));
#10609 = VECTOR('',#10610,1.);
#10610 = DIRECTION('',(-1.,-0.,-0.));
#10611 = ORIENTED_EDGE('',*,*,#3554,.F.);
#10612 = PLANE('',#10613);
#10613 = AXIS2_PLACEMENT_3D('',#10614,#10615,#10616);
#10614 = CARTESIAN_POINT('',(-90.25,-43.75,181.15));
#10615 = DIRECTION('',(0.,0.,1.));
#10616 = DIRECTION('',(1.,0.,0.));
#10617 = ADVANCED_FACE('',(#10618),#10636,.F.);
#10618 = FACE_BOUND('',#10619,.T.);
#10619 = EDGE_LOOP('',(#10620,#10621,#10629,#10635));
#10620 = ORIENTED_EDGE('',*,*,#10590,.F.);
#10621 = ORIENTED_EDGE('',*,*,#10622,.T.);
#10622 = EDGE_CURVE('',#10591,#10623,#10625,.T.);
#10623 = VERTEX_POINT('',#10624);
#10624 = CARTESIAN_POINT('',(-90.25,-36.25,184.85));
#10625 = LINE('',#10626,#10627);
#10626 = CARTESIAN_POINT('',(-90.25,-36.25,181.15));
#10627 = VECTOR('',#10628,1.);
#10628 = DIRECTION('',(0.,0.,1.));
#10629 = ORIENTED_EDGE('',*,*,#10630,.T.);
#10630 = EDGE_CURVE('',#10623,#3573,#10631,.T.);
#10631 = LINE('',#10632,#10633);
#10632 = CARTESIAN_POINT('',(-90.25,-36.25,184.85));
#10633 = VECTOR('',#10634,1.);
#10634 = DIRECTION('',(-1.,-0.,-0.));
#10635 = ORIENTED_EDGE('',*,*,#3580,.F.);
#10636 = PLANE('',#10637);
#10637 = AXIS2_PLACEMENT_3D('',#10638,#10639,#10640);
#10638 = CARTESIAN_POINT('',(-90.25,-36.25,181.15));
#10639 = DIRECTION('',(0.,1.,0.));
#10640 = DIRECTION('',(0.,0.,-1.));
#10641 = ADVANCED_FACE('',(#10642),#10660,.T.);
#10642 = FACE_BOUND('',#10643,.F.);
#10643 = EDGE_LOOP('',(#10644,#10645,#10653,#10659));
#10644 = ORIENTED_EDGE('',*,*,#10606,.F.);
#10645 = ORIENTED_EDGE('',*,*,#10646,.T.);
#10646 = EDGE_CURVE('',#10599,#10647,#10649,.T.);
#10647 = VERTEX_POINT('',#10648);
#10648 = CARTESIAN_POINT('',(-90.25,-43.75,184.85));
#10649 = LINE('',#10650,#10651);
#10650 = CARTESIAN_POINT('',(-90.25,-43.75,181.15));
#10651 = VECTOR('',#10652,1.);
#10652 = DIRECTION('',(0.,0.,1.));
#10653 = ORIENTED_EDGE('',*,*,#10654,.T.);
#10654 = EDGE_CURVE('',#10647,#3565,#10655,.T.);
#10655 = LINE('',#10656,#10657);
#10656 = CARTESIAN_POINT('',(-90.25,-43.75,184.85));
#10657 = VECTOR('',#10658,1.);
#10658 = DIRECTION('',(-1.,-0.,-0.));
#10659 = ORIENTED_EDGE('',*,*,#3564,.F.);
#10660 = PLANE('',#10661);
#10661 = AXIS2_PLACEMENT_3D('',#10662,#10663,#10664);
#10662 = CARTESIAN_POINT('',(-90.25,-43.75,181.15));
#10663 = DIRECTION('',(0.,1.,0.));
#10664 = DIRECTION('',(0.,0.,-1.));
#10665 = ADVANCED_FACE('',(#10666,#10677),#10688,.F.);
#10666 = FACE_BOUND('',#10667,.T.);
#10667 = EDGE_LOOP('',(#10668,#10669,#10675,#10676));
#10668 = ORIENTED_EDGE('',*,*,#10630,.F.);
#10669 = ORIENTED_EDGE('',*,*,#10670,.F.);
#10670 = EDGE_CURVE('',#10647,#10623,#10671,.T.);
#10671 = LINE('',#10672,#10673);
#10672 = CARTESIAN_POINT('',(-90.25,-43.75,184.85));
#10673 = VECTOR('',#10674,1.);
#10674 = DIRECTION('',(0.,1.,0.));
#10675 = ORIENTED_EDGE('',*,*,#10654,.T.);
#10676 = ORIENTED_EDGE('',*,*,#3572,.F.);
#10677 = FACE_BOUND('',#10678,.T.);
#10678 = EDGE_LOOP('',(#10679));
#10679 = ORIENTED_EDGE('',*,*,#10680,.F.);
#10680 = EDGE_CURVE('',#10681,#10681,#10683,.T.);
#10681 = VERTEX_POINT('',#10682);
#10682 = CARTESIAN_POINT('',(-96.25,-40.,184.85));
#10683 = CIRCLE('',#10684,2.25);
#10684 = AXIS2_PLACEMENT_3D('',#10685,#10686,#10687);
#10685 = CARTESIAN_POINT('',(-94.,-40.,184.85));
#10686 = DIRECTION('',(0.,0.,-1.));
#10687 = DIRECTION('',(-1.,-0.,-0.));
#10688 = PLANE('',#10689);
#10689 = AXIS2_PLACEMENT_3D('',#10690,#10691,#10692);
#10690 = CARTESIAN_POINT('',(-90.25,-43.75,184.85));
#10691 = DIRECTION('',(0.,0.,1.));
#10692 = DIRECTION('',(1.,0.,0.));
#10693 = ADVANCED_FACE('',(#10694),#10713,.F.);
#10694 = FACE_BOUND('',#10695,.T.);
#10695 = EDGE_LOOP('',(#10696,#10705,#10711,#10712));
#10696 = ORIENTED_EDGE('',*,*,#10697,.F.);
#10697 = EDGE_CURVE('',#10698,#10698,#10700,.T.);
#10698 = VERTEX_POINT('',#10699);
#10699 = CARTESIAN_POINT('',(-95.49,-29.08275862069,313.9));
#10700 = CIRCLE('',#10701,4.1);
#10701 = AXIS2_PLACEMENT_3D('',#10702,#10703,#10704);
#10702 = CARTESIAN_POINT('',(-95.49,-29.08275862069,318.));
#10703 = DIRECTION('',(-1.,0.,0.));
#10704 = DIRECTION('',(-0.,-0.,-1.));
#10705 = ORIENTED_EDGE('',*,*,#10706,.F.);
#10706 = EDGE_CURVE('',#3589,#10698,#10707,.T.);
#10707 = LINE('',#10708,#10709);
#10708 = CARTESIAN_POINT('',(-100.,-29.08275862069,313.9));
#10709 = VECTOR('',#10710,1.);
#10710 = DIRECTION('',(1.,0.,0.));
#10711 = ORIENTED_EDGE('',*,*,#3588,.T.);
#10712 = ORIENTED_EDGE('',*,*,#10706,.T.);
#10713 = CYLINDRICAL_SURFACE('',#10714,4.1);
#10714 = AXIS2_PLACEMENT_3D('',#10715,#10716,#10717);
#10715 = CARTESIAN_POINT('',(-100.,-29.08275862069,318.));
#10716 = DIRECTION('',(1.,0.,0.));
#10717 = DIRECTION('',(-0.,-0.,-1.));
#10718 = ADVANCED_FACE('',(#10719),#10730,.F.);
#10719 = FACE_BOUND('',#10720,.T.);
#10720 = EDGE_LOOP('',(#10721,#10722,#10728,#10729));
#10721 = ORIENTED_EDGE('',*,*,#4099,.F.);
#10722 = ORIENTED_EDGE('',*,*,#10723,.T.);
#10723 = EDGE_CURVE('',#4100,#4157,#10724,.T.);
#10724 = LINE('',#10725,#10726);
#10725 = CARTESIAN_POINT('',(-69.75,-43.75,181.15));
#10726 = VECTOR('',#10727,1.);
#10727 = DIRECTION('',(0.,0.,1.));
#10728 = ORIENTED_EDGE('',*,*,#4156,.T.);
#10729 = ORIENTED_EDGE('',*,*,#3927,.T.);
#10730 = PLANE('',#10731);
#10731 = AXIS2_PLACEMENT_3D('',#10732,#10733,#10734);
#10732 = CARTESIAN_POINT('',(-69.75,-43.75,181.15));
#10733 = DIRECTION('',(0.,-1.,0.));
#10734 = DIRECTION('',(0.,0.,-1.));
#10735 = ADVANCED_FACE('',(#10736),#10739,.F.);
#10736 = FACE_BOUND('',#10737,.T.);
#10737 = EDGE_LOOP('',(#10738));
#10738 = ORIENTED_EDGE('',*,*,#3990,.T.);
#10739 = PLANE('',#10740);
#10740 = AXIS2_PLACEMENT_3D('',#10741,#10742,#10743);
#10741 = CARTESIAN_POINT('',(-94.,-40.,181.01));
#10742 = DIRECTION('',(0.,0.,1.));
#10743 = DIRECTION('',(1.,0.,0.));
#10744 = ADVANCED_FACE('',(#10745),#10748,.F.);
#10745 = FACE_BOUND('',#10746,.T.);
#10746 = EDGE_LOOP('',(#10747));
#10747 = ORIENTED_EDGE('',*,*,#4015,.T.);
#10748 = PLANE('',#10749);
#10749 = AXIS2_PLACEMENT_3D('',#10750,#10751,#10752);
#10750 = CARTESIAN_POINT('',(-94.,40.,181.01));
#10751 = DIRECTION('',(0.,0.,1.));
#10752 = DIRECTION('',(1.,0.,0.));
#10753 = ADVANCED_FACE('',(#10754),#10757,.F.);
#10754 = FACE_BOUND('',#10755,.T.);
#10755 = EDGE_LOOP('',(#10756));
#10756 = ORIENTED_EDGE('',*,*,#4040,.T.);
#10757 = PLANE('',#10758);
#10758 = AXIS2_PLACEMENT_3D('',#10759,#10760,#10761);
#10759 = CARTESIAN_POINT('',(-66.,-40.,181.01));
#10760 = DIRECTION('',(0.,0.,1.));
#10761 = DIRECTION('',(1.,0.,0.));
#10762 = ADVANCED_FACE('',(#10763),#10766,.F.);
#10763 = FACE_BOUND('',#10764,.T.);
#10764 = EDGE_LOOP('',(#10765));
#10765 = ORIENTED_EDGE('',*,*,#4065,.T.);
#10766 = PLANE('',#10767);
#10767 = AXIS2_PLACEMENT_3D('',#10768,#10769,#10770);
#10768 = CARTESIAN_POINT('',(-66.,40.,181.01));
#10769 = DIRECTION('',(0.,0.,1.));
#10770 = DIRECTION('',(1.,0.,0.));
#10771 = ADVANCED_FACE('',(#10772),#10778,.T.);
#10772 = FACE_BOUND('',#10773,.F.);
#10773 = EDGE_LOOP('',(#10774,#10775,#10776,#10777));
#10774 = ORIENTED_EDGE('',*,*,#4133,.F.);
#10775 = ORIENTED_EDGE('',*,*,#4107,.T.);
#10776 = ORIENTED_EDGE('',*,*,#10723,.T.);
#10777 = ORIENTED_EDGE('',*,*,#4164,.F.);
#10778 = PLANE('',#10779);
#10779 = AXIS2_PLACEMENT_3D('',#10780,#10781,#10782);
#10780 = CARTESIAN_POINT('',(-69.75,-36.25,181.15));
#10781 = DIRECTION('',(1.,0.,-0.));
#10782 = DIRECTION('',(0.,0.,-1.));
#10783 = ADVANCED_FACE('',(#10784),#10803,.F.);
#10784 = FACE_BOUND('',#10785,.T.);
#10785 = EDGE_LOOP('',(#10786,#10794,#10801,#10802));
#10786 = ORIENTED_EDGE('',*,*,#10787,.T.);
#10787 = EDGE_CURVE('',#4182,#10788,#10790,.T.);
#10788 = VERTEX_POINT('',#10789);
#10789 = CARTESIAN_POINT('',(-68.25,-40.,185.99));
#10790 = LINE('',#10791,#10792);
#10791 = CARTESIAN_POINT('',(-68.25,-40.,182.99));
#10792 = VECTOR('',#10793,1.);
#10793 = DIRECTION('',(0.,0.,1.));
#10794 = ORIENTED_EDGE('',*,*,#10795,.F.);
#10795 = EDGE_CURVE('',#10788,#10788,#10796,.T.);
#10796 = CIRCLE('',#10797,2.25);
#10797 = AXIS2_PLACEMENT_3D('',#10798,#10799,#10800);
#10798 = CARTESIAN_POINT('',(-66.,-40.,185.99));
#10799 = DIRECTION('',(0.,0.,-1.));
#10800 = DIRECTION('',(-1.,-0.,-0.));
#10801 = ORIENTED_EDGE('',*,*,#10787,.F.);
#10802 = ORIENTED_EDGE('',*,*,#4181,.T.);
#10803 = CYLINDRICAL_SURFACE('',#10804,2.25);
#10804 = AXIS2_PLACEMENT_3D('',#10805,#10806,#10807);
#10805 = CARTESIAN_POINT('',(-66.,-40.,182.99));
#10806 = DIRECTION('',(0.,0.,1.));
#10807 = DIRECTION('',(-1.,-0.,-0.));
#10808 = ADVANCED_FACE('',(#10809),#10834,.F.);
#10809 = FACE_BOUND('',#10810,.T.);
#10810 = EDGE_LOOP('',(#10811,#10819,#10827,#10833));
#10811 = ORIENTED_EDGE('',*,*,#10812,.F.);
#10812 = EDGE_CURVE('',#10813,#4255,#10815,.T.);
#10813 = VERTEX_POINT('',#10814);
#10814 = CARTESIAN_POINT('',(-87.25,41.796798029557,304.75));
#10815 = LINE('',#10816,#10817);
#10816 = CARTESIAN_POINT('',(-87.25,41.796798029557,304.75));
#10817 = VECTOR('',#10818,1.);
#10818 = DIRECTION('',(0.,0.,1.));
#10819 = ORIENTED_EDGE('',*,*,#10820,.F.);
#10820 = EDGE_CURVE('',#10821,#10813,#10823,.T.);
#10821 = VERTEX_POINT('',#10822);
#10822 = CARTESIAN_POINT('',(-72.75,41.796798029557,304.75));
#10823 = LINE('',#10824,#10825);
#10824 = CARTESIAN_POINT('',(-72.75,41.796798029557,304.75));
#10825 = VECTOR('',#10826,1.);
#10826 = DIRECTION('',(-1.,-0.,-0.));
#10827 = ORIENTED_EDGE('',*,*,#10828,.T.);
#10828 = EDGE_CURVE('',#10821,#4253,#10829,.T.);
#10829 = LINE('',#10830,#10831);
#10830 = CARTESIAN_POINT('',(-72.75,41.796798029557,304.75));
#10831 = VECTOR('',#10832,1.);
#10832 = DIRECTION('',(0.,0.,1.));
#10833 = ORIENTED_EDGE('',*,*,#4252,.T.);
#10834 = PLANE('',#10835);
#10835 = AXIS2_PLACEMENT_3D('',#10836,#10837,#10838);
#10836 = CARTESIAN_POINT('',(-72.75,41.796798029557,304.75));
#10837 = DIRECTION('',(0.,1.,0.));
#10838 = DIRECTION('',(0.,0.,-1.));
#10839 = ADVANCED_FACE('',(#10840,#10885,#10896),#10907,.F.);
#10840 = FACE_BOUND('',#10841,.T.);
#10841 = EDGE_LOOP('',(#10842,#10850,#10856,#10857,#10858,#10859,#10865,
    #10866,#10867,#10868,#10874,#10875,#10876,#10877,#10883,#10884));
#10842 = ORIENTED_EDGE('',*,*,#10843,.F.);
#10843 = EDGE_CURVE('',#10844,#4271,#10846,.T.);
#10844 = VERTEX_POINT('',#10845);
#10845 = CARTESIAN_POINT('',(-87.25,-41.79679802955,304.75));
#10846 = LINE('',#10847,#10848);
#10847 = CARTESIAN_POINT('',(-87.25,-41.79679802955,304.75));
#10848 = VECTOR('',#10849,1.);
#10849 = DIRECTION('',(0.,0.,1.));
#10850 = ORIENTED_EDGE('',*,*,#10851,.T.);
#10851 = EDGE_CURVE('',#10844,#9524,#10852,.T.);
#10852 = LINE('',#10853,#10854);
#10853 = CARTESIAN_POINT('',(-87.25,-41.79679802955,304.75));
#10854 = VECTOR('',#10855,1.);
#10855 = DIRECTION('',(0.,1.,0.));
#10856 = ORIENTED_EDGE('',*,*,#9523,.T.);
#10857 = ORIENTED_EDGE('',*,*,#10476,.T.);
#10858 = ORIENTED_EDGE('',*,*,#9468,.T.);
#10859 = ORIENTED_EDGE('',*,*,#10860,.T.);
#10860 = EDGE_CURVE('',#9461,#9282,#10861,.T.);
#10861 = LINE('',#10862,#10863);
#10862 = CARTESIAN_POINT('',(-87.25,-41.79679802955,304.75));
#10863 = VECTOR('',#10864,1.);
#10864 = DIRECTION('',(0.,1.,0.));
#10865 = ORIENTED_EDGE('',*,*,#9281,.T.);
#10866 = ORIENTED_EDGE('',*,*,#10442,.T.);
#10867 = ORIENTED_EDGE('',*,*,#9226,.T.);
#10868 = ORIENTED_EDGE('',*,*,#10869,.T.);
#10869 = EDGE_CURVE('',#9219,#6400,#10870,.T.);
#10870 = LINE('',#10871,#10872);
#10871 = CARTESIAN_POINT('',(-87.25,-41.79679802955,304.75));
#10872 = VECTOR('',#10873,1.);
#10873 = DIRECTION('',(0.,1.,0.));
#10874 = ORIENTED_EDGE('',*,*,#6399,.T.);
#10875 = ORIENTED_EDGE('',*,*,#10408,.T.);
#10876 = ORIENTED_EDGE('',*,*,#6337,.T.);
#10877 = ORIENTED_EDGE('',*,*,#10878,.T.);
#10878 = EDGE_CURVE('',#6330,#10813,#10879,.T.);
#10879 = LINE('',#10880,#10881);
#10880 = CARTESIAN_POINT('',(-87.25,-41.79679802955,304.75));
#10881 = VECTOR('',#10882,1.);
#10882 = DIRECTION('',(0.,1.,0.));
#10883 = ORIENTED_EDGE('',*,*,#10812,.T.);
#10884 = ORIENTED_EDGE('',*,*,#4278,.T.);
#10885 = FACE_BOUND('',#10886,.T.);
#10886 = EDGE_LOOP('',(#10887));
#10887 = ORIENTED_EDGE('',*,*,#10888,.T.);
#10888 = EDGE_CURVE('',#10889,#10889,#10891,.T.);
#10889 = VERTEX_POINT('',#10890);
#10890 = CARTESIAN_POINT('',(-87.25,29.08275862069,315.75));
#10891 = CIRCLE('',#10892,2.25);
#10892 = AXIS2_PLACEMENT_3D('',#10893,#10894,#10895);
#10893 = CARTESIAN_POINT('',(-87.25,29.08275862069,318.));
#10894 = DIRECTION('',(-1.,0.,0.));
#10895 = DIRECTION('',(-0.,-0.,-1.));
#10896 = FACE_BOUND('',#10897,.T.);
#10897 = EDGE_LOOP('',(#10898));
#10898 = ORIENTED_EDGE('',*,*,#10899,.T.);
#10899 = EDGE_CURVE('',#10900,#10900,#10902,.T.);
#10900 = VERTEX_POINT('',#10901);
#10901 = CARTESIAN_POINT('',(-87.25,-29.08275862069,315.75));
#10902 = CIRCLE('',#10903,2.25);
#10903 = AXIS2_PLACEMENT_3D('',#10904,#10905,#10906);
#10904 = CARTESIAN_POINT('',(-87.25,-29.08275862069,318.));
#10905 = DIRECTION('',(-1.,0.,0.));
#10906 = DIRECTION('',(-0.,-0.,-1.));
#10907 = PLANE('',#10908);
#10908 = AXIS2_PLACEMENT_3D('',#10909,#10910,#10911);
#10909 = CARTESIAN_POINT('',(-87.25,-41.79679802955,304.75));
#10910 = DIRECTION('',(-1.,-0.,-0.));
#10911 = DIRECTION('',(0.,0.,-1.));
#10912 = ADVANCED_FACE('',(#10913),#10931,.T.);
#10913 = FACE_BOUND('',#10914,.F.);
#10914 = EDGE_LOOP('',(#10915,#10916,#10924,#10930));
#10915 = ORIENTED_EDGE('',*,*,#10843,.F.);
#10916 = ORIENTED_EDGE('',*,*,#10917,.F.);
#10917 = EDGE_CURVE('',#10918,#10844,#10920,.T.);
#10918 = VERTEX_POINT('',#10919);
#10919 = CARTESIAN_POINT('',(-72.75,-41.79679802955,304.75));
#10920 = LINE('',#10921,#10922);
#10921 = CARTESIAN_POINT('',(-72.75,-41.79679802955,304.75));
#10922 = VECTOR('',#10923,1.);
#10923 = DIRECTION('',(-1.,-0.,-0.));
#10924 = ORIENTED_EDGE('',*,*,#10925,.T.);
#10925 = EDGE_CURVE('',#10918,#4263,#10926,.T.);
#10926 = LINE('',#10927,#10928);
#10927 = CARTESIAN_POINT('',(-72.75,-41.79679802955,304.75));
#10928 = VECTOR('',#10929,1.);
#10929 = DIRECTION('',(0.,0.,1.));
#10930 = ORIENTED_EDGE('',*,*,#4270,.T.);
#10931 = PLANE('',#10932);
#10932 = AXIS2_PLACEMENT_3D('',#10933,#10934,#10935);
#10933 = CARTESIAN_POINT('',(-72.75,-41.79679802955,304.75));
#10934 = DIRECTION('',(0.,1.,0.));
#10935 = DIRECTION('',(0.,0.,-1.));
#10936 = ADVANCED_FACE('',(#10937,#10975,#10986),#10997,.T.);
#10937 = FACE_BOUND('',#10938,.F.);
#10938 = EDGE_LOOP('',(#10939,#10940,#10946,#10947,#10948,#10949,#10955,
    #10956,#10957,#10958,#10964,#10965,#10966,#10967,#10973,#10974));
#10939 = ORIENTED_EDGE('',*,*,#10925,.F.);
#10940 = ORIENTED_EDGE('',*,*,#10941,.T.);
#10941 = EDGE_CURVE('',#10918,#9532,#10942,.T.);
#10942 = LINE('',#10943,#10944);
#10943 = CARTESIAN_POINT('',(-72.75,-41.79679802955,304.75));
#10944 = VECTOR('',#10945,1.);
#10945 = DIRECTION('',(0.,1.,0.));
#10946 = ORIENTED_EDGE('',*,*,#9539,.T.);
#10947 = ORIENTED_EDGE('',*,*,#9490,.T.);
#10948 = ORIENTED_EDGE('',*,*,#9452,.T.);
#10949 = ORIENTED_EDGE('',*,*,#10950,.T.);
#10950 = EDGE_CURVE('',#9453,#9290,#10951,.T.);
#10951 = LINE('',#10952,#10953);
#10952 = CARTESIAN_POINT('',(-72.75,-41.79679802955,304.75));
#10953 = VECTOR('',#10954,1.);
#10954 = DIRECTION('',(0.,1.,0.));
#10955 = ORIENTED_EDGE('',*,*,#9297,.T.);
#10956 = ORIENTED_EDGE('',*,*,#9248,.T.);
#10957 = ORIENTED_EDGE('',*,*,#9210,.T.);
#10958 = ORIENTED_EDGE('',*,*,#10959,.T.);
#10959 = EDGE_CURVE('',#9211,#6408,#10960,.T.);
#10960 = LINE('',#10961,#10962);
#10961 = CARTESIAN_POINT('',(-72.75,-41.79679802955,304.75));
#10962 = VECTOR('',#10963,1.);
#10963 = DIRECTION('',(0.,1.,0.));
#10964 = ORIENTED_EDGE('',*,*,#6415,.T.);
#10965 = ORIENTED_EDGE('',*,*,#6366,.T.);
#10966 = ORIENTED_EDGE('',*,*,#6321,.T.);
#10967 = ORIENTED_EDGE('',*,*,#10968,.T.);
#10968 = EDGE_CURVE('',#6322,#10821,#10969,.T.);
#10969 = LINE('',#10970,#10971);
#10970 = CARTESIAN_POINT('',(-72.75,-41.79679802955,304.75));
#10971 = VECTOR('',#10972,1.);
#10972 = DIRECTION('',(0.,1.,0.));
#10973 = ORIENTED_EDGE('',*,*,#10828,.T.);
#10974 = ORIENTED_EDGE('',*,*,#4262,.T.);
#10975 = FACE_BOUND('',#10976,.F.);
#10976 = EDGE_LOOP('',(#10977));
#10977 = ORIENTED_EDGE('',*,*,#10978,.T.);
#10978 = EDGE_CURVE('',#10979,#10979,#10981,.T.);
#10979 = VERTEX_POINT('',#10980);
#10980 = CARTESIAN_POINT('',(-72.75,29.08275862069,315.75));
#10981 = CIRCLE('',#10982,2.25);
#10982 = AXIS2_PLACEMENT_3D('',#10983,#10984,#10985);
#10983 = CARTESIAN_POINT('',(-72.75,29.08275862069,318.));
#10984 = DIRECTION('',(-1.,0.,0.));
#10985 = DIRECTION('',(-0.,-0.,-1.));
#10986 = FACE_BOUND('',#10987,.F.);
#10987 = EDGE_LOOP('',(#10988));
#10988 = ORIENTED_EDGE('',*,*,#10989,.T.);
#10989 = EDGE_CURVE('',#10990,#10990,#10992,.T.);
#10990 = VERTEX_POINT('',#10991);
#10991 = CARTESIAN_POINT('',(-72.75,-29.08275862069,315.75));
#10992 = CIRCLE('',#10993,2.25);
#10993 = AXIS2_PLACEMENT_3D('',#10994,#10995,#10996);
#10994 = CARTESIAN_POINT('',(-72.75,-29.08275862069,318.));
#10995 = DIRECTION('',(-1.,0.,0.));
#10996 = DIRECTION('',(-0.,-0.,-1.));
#10997 = PLANE('',#10998);
#10998 = AXIS2_PLACEMENT_3D('',#10999,#11000,#11001);
#10999 = CARTESIAN_POINT('',(-72.75,-41.79679802955,304.75));
#11000 = DIRECTION('',(-1.,-0.,-0.));
#11001 = DIRECTION('',(0.,0.,-1.));
#11002 = ADVANCED_FACE('',(#11003),#11009,.T.);
#11003 = FACE_BOUND('',#11004,.F.);
#11004 = EDGE_LOOP('',(#11005,#11006,#11007,#11008));
#11005 = ORIENTED_EDGE('',*,*,#4779,.F.);
#11006 = ORIENTED_EDGE('',*,*,#4820,.T.);
#11007 = ORIENTED_EDGE('',*,*,#4803,.T.);
#11008 = ORIENTED_EDGE('',*,*,#4737,.F.);
#11009 = PLANE('',#11010);
#11010 = AXIS2_PLACEMENT_3D('',#11011,#11012,#11013);
#11011 = CARTESIAN_POINT('',(-69.75,43.75,181.15));
#11012 = DIRECTION('',(1.,0.,-0.));
#11013 = DIRECTION('',(0.,0.,-1.));
#11014 = ADVANCED_FACE('',(#11015),#11034,.F.);
#11015 = FACE_BOUND('',#11016,.T.);
#11016 = EDGE_LOOP('',(#11017,#11025,#11032,#11033));
#11017 = ORIENTED_EDGE('',*,*,#11018,.T.);
#11018 = EDGE_CURVE('',#4755,#11019,#11021,.T.);
#11019 = VERTEX_POINT('',#11020);
#11020 = CARTESIAN_POINT('',(-68.25,40.,185.99));
#11021 = LINE('',#11022,#11023);
#11022 = CARTESIAN_POINT('',(-68.25,40.,182.99));
#11023 = VECTOR('',#11024,1.);
#11024 = DIRECTION('',(0.,0.,1.));
#11025 = ORIENTED_EDGE('',*,*,#11026,.F.);
#11026 = EDGE_CURVE('',#11019,#11019,#11027,.T.);
#11027 = CIRCLE('',#11028,2.25);
#11028 = AXIS2_PLACEMENT_3D('',#11029,#11030,#11031);
#11029 = CARTESIAN_POINT('',(-66.,40.,185.99));
#11030 = DIRECTION('',(0.,0.,-1.));
#11031 = DIRECTION('',(-1.,-0.,-0.));
#11032 = ORIENTED_EDGE('',*,*,#11018,.F.);
#11033 = ORIENTED_EDGE('',*,*,#4754,.T.);
#11034 = CYLINDRICAL_SURFACE('',#11035,2.25);
#11035 = AXIS2_PLACEMENT_3D('',#11036,#11037,#11038);
#11036 = CARTESIAN_POINT('',(-66.,40.,182.99));
#11037 = DIRECTION('',(0.,0.,1.));
#11038 = DIRECTION('',(-1.,-0.,-0.));
#11039 = ADVANCED_FACE('',(#11040,#11065,#11073,#11085,#11095,#11111,
    #11117,#11128,#11136,#11144,#11154,#11164,#11172,#11178,#11184,
    #11194,#11202,#11215),#11223,.T.);
#11040 = FACE_BOUND('',#11041,.F.);
#11041 = EDGE_LOOP('',(#11042,#11043,#11044,#11045,#11046,#11047,#11048,
    #11049,#11050,#11051,#11052,#11053,#11054,#11055,#11056,#11057,
    #11058,#11059,#11060,#11061,#11062,#11063,#11064));
#11042 = ORIENTED_EDGE('',*,*,#10492,.F.);
#11043 = ORIENTED_EDGE('',*,*,#10523,.F.);
#11044 = ORIENTED_EDGE('',*,*,#10540,.T.);
#11045 = ORIENTED_EDGE('',*,*,#6695,.T.);
#11046 = ORIENTED_EDGE('',*,*,#6654,.T.);
#11047 = ORIENTED_EDGE('',*,*,#6640,.F.);
#11048 = ORIENTED_EDGE('',*,*,#10557,.T.);
#11049 = ORIENTED_EDGE('',*,*,#4941,.T.);
#11050 = ORIENTED_EDGE('',*,*,#4890,.T.);
#11051 = ORIENTED_EDGE('',*,*,#10574,.T.);
#11052 = ORIENTED_EDGE('',*,*,#10366,.T.);
#11053 = ORIENTED_EDGE('',*,*,#10390,.F.);
#11054 = ORIENTED_EDGE('',*,*,#6296,.T.);
#11055 = ORIENTED_EDGE('',*,*,#6487,.T.);
#11056 = ORIENTED_EDGE('',*,*,#6464,.T.);
#11057 = ORIENTED_EDGE('',*,*,#10424,.F.);
#11058 = ORIENTED_EDGE('',*,*,#9159,.F.);
#11059 = ORIENTED_EDGE('',*,*,#9369,.T.);
#11060 = ORIENTED_EDGE('',*,*,#9346,.T.);
#11061 = ORIENTED_EDGE('',*,*,#10458,.F.);
#11062 = ORIENTED_EDGE('',*,*,#9401,.F.);
#11063 = ORIENTED_EDGE('',*,*,#9577,.T.);
#11064 = ORIENTED_EDGE('',*,*,#9555,.T.);
#11065 = FACE_BOUND('',#11066,.F.);
#11066 = EDGE_LOOP('',(#11067,#11068,#11069,#11070,#11071,#11072));
#11067 = ORIENTED_EDGE('',*,*,#5056,.T.);
#11068 = ORIENTED_EDGE('',*,*,#5183,.T.);
#11069 = ORIENTED_EDGE('',*,*,#5169,.T.);
#11070 = ORIENTED_EDGE('',*,*,#5135,.T.);
#11071 = ORIENTED_EDGE('',*,*,#5111,.T.);
#11072 = ORIENTED_EDGE('',*,*,#5087,.T.);
#11073 = FACE_BOUND('',#11074,.F.);
#11074 = EDGE_LOOP('',(#11075,#11076,#11077,#11078,#11079,#11080,#11081,
    #11082,#11083,#11084));
#11075 = ORIENTED_EDGE('',*,*,#5200,.T.);
#11076 = ORIENTED_EDGE('',*,*,#5488,.T.);
#11077 = ORIENTED_EDGE('',*,*,#5474,.T.);
#11078 = ORIENTED_EDGE('',*,*,#5440,.T.);
#11079 = ORIENTED_EDGE('',*,*,#5416,.T.);
#11080 = ORIENTED_EDGE('',*,*,#5376,.T.);
#11081 = ORIENTED_EDGE('',*,*,#5341,.T.);
#11082 = ORIENTED_EDGE('',*,*,#5327,.T.);
#11083 = ORIENTED_EDGE('',*,*,#5276,.T.);
#11084 = ORIENTED_EDGE('',*,*,#5231,.T.);
#11085 = FACE_BOUND('',#11086,.F.);
#11086 = EDGE_LOOP('',(#11087,#11088,#11089,#11090,#11091,#11092,#11093,
    #11094));
#11087 = ORIENTED_EDGE('',*,*,#5505,.T.);
#11088 = ORIENTED_EDGE('',*,*,#5680,.T.);
#11089 = ORIENTED_EDGE('',*,*,#5656,.T.);
#11090 = ORIENTED_EDGE('',*,*,#5632,.T.);
#11091 = ORIENTED_EDGE('',*,*,#5608,.T.);
#11092 = ORIENTED_EDGE('',*,*,#5584,.T.);
#11093 = ORIENTED_EDGE('',*,*,#5560,.T.);
#11094 = ORIENTED_EDGE('',*,*,#5536,.T.);
#11095 = FACE_BOUND('',#11096,.F.);
#11096 = EDGE_LOOP('',(#11097,#11098,#11099,#11100,#11101,#11102,#11103,
    #11104,#11105,#11106,#11107,#11108,#11109,#11110));
#11097 = ORIENTED_EDGE('',*,*,#7232,.F.);
#11098 = ORIENTED_EDGE('',*,*,#7604,.T.);
#11099 = ORIENTED_EDGE('',*,*,#7590,.T.);
#11100 = ORIENTED_EDGE('',*,*,#7556,.T.);
#11101 = ORIENTED_EDGE('',*,*,#7532,.T.);
#11102 = ORIENTED_EDGE('',*,*,#7508,.T.);
#11103 = ORIENTED_EDGE('',*,*,#7484,.T.);
#11104 = ORIENTED_EDGE('',*,*,#7460,.T.);
#11105 = ORIENTED_EDGE('',*,*,#7423,.T.);
#11106 = ORIENTED_EDGE('',*,*,#7382,.T.);
#11107 = ORIENTED_EDGE('',*,*,#7368,.F.);
#11108 = ORIENTED_EDGE('',*,*,#7294,.T.);
#11109 = ORIENTED_EDGE('',*,*,#7270,.T.);
#11110 = ORIENTED_EDGE('',*,*,#7246,.T.);
#11111 = FACE_BOUND('',#11112,.F.);
#11112 = EDGE_LOOP('',(#11113,#11114,#11115,#11116));
#11113 = ORIENTED_EDGE('',*,*,#7621,.F.);
#11114 = ORIENTED_EDGE('',*,*,#7700,.T.);
#11115 = ORIENTED_EDGE('',*,*,#7676,.T.);
#11116 = ORIENTED_EDGE('',*,*,#7652,.T.);
#11117 = FACE_BOUND('',#11118,.F.);
#11118 = EDGE_LOOP('',(#11119,#11120,#11121,#11122,#11123,#11124,#11125,
    #11126,#11127));
#11119 = ORIENTED_EDGE('',*,*,#5841,.T.);
#11120 = ORIENTED_EDGE('',*,*,#6122,.T.);
#11121 = ORIENTED_EDGE('',*,*,#6108,.T.);
#11122 = ORIENTED_EDGE('',*,*,#6049,.T.);
#11123 = ORIENTED_EDGE('',*,*,#6016,.T.);
#11124 = ORIENTED_EDGE('',*,*,#5983,.T.);
#11125 = ORIENTED_EDGE('',*,*,#5959,.T.);
#11126 = ORIENTED_EDGE('',*,*,#5926,.T.);
#11127 = ORIENTED_EDGE('',*,*,#5893,.T.);
#11128 = FACE_BOUND('',#11129,.F.);
#11129 = EDGE_LOOP('',(#11130,#11131,#11132,#11133,#11134,#11135));
#11130 = ORIENTED_EDGE('',*,*,#6152,.T.);
#11131 = ORIENTED_EDGE('',*,*,#6279,.T.);
#11132 = ORIENTED_EDGE('',*,*,#6265,.T.);
#11133 = ORIENTED_EDGE('',*,*,#6231,.T.);
#11134 = ORIENTED_EDGE('',*,*,#6207,.T.);
#11135 = ORIENTED_EDGE('',*,*,#6183,.T.);
#11136 = FACE_BOUND('',#11137,.F.);
#11137 = EDGE_LOOP('',(#11138,#11139,#11140,#11141,#11142,#11143));
#11138 = ORIENTED_EDGE('',*,*,#8101,.T.);
#11139 = ORIENTED_EDGE('',*,*,#8283,.T.);
#11140 = ORIENTED_EDGE('',*,*,#8269,.T.);
#11141 = ORIENTED_EDGE('',*,*,#8214,.T.);
#11142 = ORIENTED_EDGE('',*,*,#8173,.T.);
#11143 = ORIENTED_EDGE('',*,*,#8159,.F.);
#11144 = FACE_BOUND('',#11145,.F.);
#11145 = EDGE_LOOP('',(#11146,#11147,#11148,#11149,#11150,#11151,#11152,
    #11153));
#11146 = ORIENTED_EDGE('',*,*,#8470,.F.);
#11147 = ORIENTED_EDGE('',*,*,#8628,.T.);
#11148 = ORIENTED_EDGE('',*,*,#8614,.T.);
#11149 = ORIENTED_EDGE('',*,*,#8580,.T.);
#11150 = ORIENTED_EDGE('',*,*,#8556,.T.);
#11151 = ORIENTED_EDGE('',*,*,#8532,.T.);
#11152 = ORIENTED_EDGE('',*,*,#8508,.T.);
#11153 = ORIENTED_EDGE('',*,*,#8484,.T.);
#11154 = FACE_BOUND('',#11155,.F.);
#11155 = EDGE_LOOP('',(#11156,#11157,#11158,#11159,#11160,#11161,#11162,
    #11163));
#11156 = ORIENTED_EDGE('',*,*,#6828,.F.);
#11157 = ORIENTED_EDGE('',*,*,#6986,.T.);
#11158 = ORIENTED_EDGE('',*,*,#6972,.T.);
#11159 = ORIENTED_EDGE('',*,*,#6938,.T.);
#11160 = ORIENTED_EDGE('',*,*,#6914,.T.);
#11161 = ORIENTED_EDGE('',*,*,#6890,.T.);
#11162 = ORIENTED_EDGE('',*,*,#6866,.T.);
#11163 = ORIENTED_EDGE('',*,*,#6842,.T.);
#11164 = FACE_BOUND('',#11165,.F.);
#11165 = EDGE_LOOP('',(#11166,#11167,#11168,#11169,#11170,#11171));
#11166 = ORIENTED_EDGE('',*,*,#7088,.F.);
#11167 = ORIENTED_EDGE('',*,*,#7198,.T.);
#11168 = ORIENTED_EDGE('',*,*,#7174,.T.);
#11169 = ORIENTED_EDGE('',*,*,#7150,.T.);
#11170 = ORIENTED_EDGE('',*,*,#7126,.T.);
#11171 = ORIENTED_EDGE('',*,*,#7102,.T.);
#11172 = FACE_BOUND('',#11173,.F.);
#11173 = EDGE_LOOP('',(#11174,#11175,#11176,#11177));
#11174 = ORIENTED_EDGE('',*,*,#7734,.F.);
#11175 = ORIENTED_EDGE('',*,*,#7796,.T.);
#11176 = ORIENTED_EDGE('',*,*,#7772,.T.);
#11177 = ORIENTED_EDGE('',*,*,#7748,.T.);
#11178 = FACE_BOUND('',#11179,.F.);
#11179 = EDGE_LOOP('',(#11180,#11181,#11182,#11183));
#11180 = ORIENTED_EDGE('',*,*,#7813,.F.);
#11181 = ORIENTED_EDGE('',*,*,#7892,.T.);
#11182 = ORIENTED_EDGE('',*,*,#7868,.T.);
#11183 = ORIENTED_EDGE('',*,*,#7844,.T.);
#11184 = FACE_BOUND('',#11185,.F.);
#11185 = EDGE_LOOP('',(#11186,#11187,#11188,#11189,#11190,#11191,#11192,
    #11193));
#11186 = ORIENTED_EDGE('',*,*,#7909,.T.);
#11187 = ORIENTED_EDGE('',*,*,#8084,.T.);
#11188 = ORIENTED_EDGE('',*,*,#8060,.T.);
#11189 = ORIENTED_EDGE('',*,*,#8036,.T.);
#11190 = ORIENTED_EDGE('',*,*,#8012,.T.);
#11191 = ORIENTED_EDGE('',*,*,#7988,.T.);
#11192 = ORIENTED_EDGE('',*,*,#7964,.F.);
#11193 = ORIENTED_EDGE('',*,*,#7940,.T.);
#11194 = FACE_BOUND('',#11195,.F.);
#11195 = EDGE_LOOP('',(#11196,#11197,#11198,#11199,#11200,#11201));
#11196 = ORIENTED_EDGE('',*,*,#8309,.T.);
#11197 = ORIENTED_EDGE('',*,*,#8436,.T.);
#11198 = ORIENTED_EDGE('',*,*,#8412,.T.);
#11199 = ORIENTED_EDGE('',*,*,#8388,.T.);
#11200 = ORIENTED_EDGE('',*,*,#8364,.T.);
#11201 = ORIENTED_EDGE('',*,*,#8340,.T.);
#11202 = FACE_BOUND('',#11203,.F.);
#11203 = EDGE_LOOP('',(#11204,#11205,#11206,#11207,#11208,#11209,#11210,
    #11211,#11212,#11213,#11214));
#11204 = ORIENTED_EDGE('',*,*,#8645,.T.);
#11205 = ORIENTED_EDGE('',*,*,#8962,.T.);
#11206 = ORIENTED_EDGE('',*,*,#8929,.T.);
#11207 = ORIENTED_EDGE('',*,*,#8896,.T.);
#11208 = ORIENTED_EDGE('',*,*,#8872,.T.);
#11209 = ORIENTED_EDGE('',*,*,#8848,.F.);
#11210 = ORIENTED_EDGE('',*,*,#8824,.T.);
#11211 = ORIENTED_EDGE('',*,*,#8796,.T.);
#11212 = ORIENTED_EDGE('',*,*,#8767,.T.);
#11213 = ORIENTED_EDGE('',*,*,#8717,.T.);
#11214 = ORIENTED_EDGE('',*,*,#8703,.F.);
#11215 = FACE_BOUND('',#11216,.F.);
#11216 = EDGE_LOOP('',(#11217,#11218,#11219,#11220,#11221,#11222));
#11217 = ORIENTED_EDGE('',*,*,#9017,.F.);
#11218 = ORIENTED_EDGE('',*,*,#9127,.T.);
#11219 = ORIENTED_EDGE('',*,*,#9103,.T.);
#11220 = ORIENTED_EDGE('',*,*,#9079,.T.);
#11221 = ORIENTED_EDGE('',*,*,#9055,.T.);
#11222 = ORIENTED_EDGE('',*,*,#9031,.T.);
#11223 = PLANE('',#11224);
#11224 = AXIS2_PLACEMENT_3D('',#11225,#11226,#11227);
#11225 = CARTESIAN_POINT('',(-98.5,-43.38916256157,190.));
#11226 = DIRECTION('',(-1.,-0.,-0.));
#11227 = DIRECTION('',(0.,0.,-1.));
#11228 = ADVANCED_FACE('',(#11229,#11237),#11248,.F.);
#11229 = FACE_BOUND('',#11230,.T.);
#11230 = EDGE_LOOP('',(#11231,#11232,#11233,#11234,#11235,#11236));
#11231 = ORIENTED_EDGE('',*,*,#5761,.T.);
#11232 = ORIENTED_EDGE('',*,*,#5706,.T.);
#11233 = ORIENTED_EDGE('',*,*,#5730,.T.);
#11234 = ORIENTED_EDGE('',*,*,#5778,.T.);
#11235 = ORIENTED_EDGE('',*,*,#5826,.T.);
#11236 = ORIENTED_EDGE('',*,*,#5809,.T.);
#11237 = FACE_BOUND('',#11238,.T.);
#11238 = EDGE_LOOP('',(#11239));
#11239 = ORIENTED_EDGE('',*,*,#11240,.T.);
#11240 = EDGE_CURVE('',#11241,#11241,#11243,.T.);
#11241 = VERTEX_POINT('',#11242);
#11242 = CARTESIAN_POINT('',(-63.89,29.08275862069,315.75));
#11243 = CIRCLE('',#11244,2.25);
#11244 = AXIS2_PLACEMENT_3D('',#11245,#11246,#11247);
#11245 = CARTESIAN_POINT('',(-63.89,29.08275862069,318.));
#11246 = DIRECTION('',(-1.,0.,0.));
#11247 = DIRECTION('',(-0.,-0.,-1.));
#11248 = PLANE('',#11249);
#11249 = AXIS2_PLACEMENT_3D('',#11250,#11251,#11252);
#11250 = CARTESIAN_POINT('',(-63.89,29.08275862069,318.));
#11251 = DIRECTION('',(-1.,-0.,2.22044604925E-16));
#11252 = DIRECTION('',(2.22044604925E-16,0.,1.));
#11253 = ADVANCED_FACE('',(#11254),#11260,.T.);
#11254 = FACE_BOUND('',#11255,.F.);
#11255 = EDGE_LOOP('',(#11256,#11257,#11258,#11259));
#11256 = ORIENTED_EDGE('',*,*,#10968,.F.);
#11257 = ORIENTED_EDGE('',*,*,#6329,.T.);
#11258 = ORIENTED_EDGE('',*,*,#10878,.T.);
#11259 = ORIENTED_EDGE('',*,*,#10820,.F.);
#11260 = PLANE('',#11261);
#11261 = AXIS2_PLACEMENT_3D('',#11262,#11263,#11264);
#11262 = CARTESIAN_POINT('',(-72.75,-41.79679802955,304.75));
#11263 = DIRECTION('',(0.,0.,1.));
#11264 = DIRECTION('',(1.,0.,0.));
#11265 = ADVANCED_FACE('',(#11266),#11272,.T.);
#11266 = FACE_BOUND('',#11267,.F.);
#11267 = EDGE_LOOP('',(#11268,#11269,#11270,#11271));
#11268 = ORIENTED_EDGE('',*,*,#10959,.F.);
#11269 = ORIENTED_EDGE('',*,*,#9218,.T.);
#11270 = ORIENTED_EDGE('',*,*,#10869,.T.);
#11271 = ORIENTED_EDGE('',*,*,#6407,.T.);
#11272 = PLANE('',#11273);
#11273 = AXIS2_PLACEMENT_3D('',#11274,#11275,#11276);
#11274 = CARTESIAN_POINT('',(-72.75,-41.79679802955,304.75));
#11275 = DIRECTION('',(0.,0.,1.));
#11276 = DIRECTION('',(1.,0.,0.));
#11277 = ADVANCED_FACE('',(#11278),#11284,.T.);
#11278 = FACE_BOUND('',#11279,.F.);
#11279 = EDGE_LOOP('',(#11280,#11281,#11282,#11283));
#11280 = ORIENTED_EDGE('',*,*,#10950,.F.);
#11281 = ORIENTED_EDGE('',*,*,#9460,.T.);
#11282 = ORIENTED_EDGE('',*,*,#10860,.T.);
#11283 = ORIENTED_EDGE('',*,*,#9289,.T.);
#11284 = PLANE('',#11285);
#11285 = AXIS2_PLACEMENT_3D('',#11286,#11287,#11288);
#11286 = CARTESIAN_POINT('',(-72.75,-41.79679802955,304.75));
#11287 = DIRECTION('',(0.,0.,1.));
#11288 = DIRECTION('',(1.,0.,0.));
#11289 = ADVANCED_FACE('',(#11290),#11296,.T.);
#11290 = FACE_BOUND('',#11291,.F.);
#11291 = EDGE_LOOP('',(#11292,#11293,#11294,#11295));
#11292 = ORIENTED_EDGE('',*,*,#10941,.F.);
#11293 = ORIENTED_EDGE('',*,*,#10917,.T.);
#11294 = ORIENTED_EDGE('',*,*,#10851,.T.);
#11295 = ORIENTED_EDGE('',*,*,#9531,.T.);
#11296 = PLANE('',#11297);
#11297 = AXIS2_PLACEMENT_3D('',#11298,#11299,#11300);
#11298 = CARTESIAN_POINT('',(-72.75,-41.79679802955,304.75));
#11299 = DIRECTION('',(0.,0.,1.));
#11300 = DIRECTION('',(1.,0.,0.));
#11301 = ADVANCED_FACE('',(#11302,#11310),#11321,.F.);
#11302 = FACE_BOUND('',#11303,.T.);
#11303 = EDGE_LOOP('',(#11304,#11305,#11306,#11307,#11308,#11309));
#11304 = ORIENTED_EDGE('',*,*,#9658,.T.);
#11305 = ORIENTED_EDGE('',*,*,#9603,.T.);
#11306 = ORIENTED_EDGE('',*,*,#9627,.T.);
#11307 = ORIENTED_EDGE('',*,*,#9675,.T.);
#11308 = ORIENTED_EDGE('',*,*,#9723,.T.);
#11309 = ORIENTED_EDGE('',*,*,#9706,.T.);
#11310 = FACE_BOUND('',#11311,.T.);
#11311 = EDGE_LOOP('',(#11312));
#11312 = ORIENTED_EDGE('',*,*,#11313,.T.);
#11313 = EDGE_CURVE('',#11314,#11314,#11316,.T.);
#11314 = VERTEX_POINT('',#11315);
#11315 = CARTESIAN_POINT('',(-63.89,-29.08275862069,315.75));
#11316 = CIRCLE('',#11317,2.25);
#11317 = AXIS2_PLACEMENT_3D('',#11318,#11319,#11320);
#11318 = CARTESIAN_POINT('',(-63.89,-29.08275862069,318.));
#11319 = DIRECTION('',(-1.,0.,0.));
#11320 = DIRECTION('',(-0.,-0.,-1.));
#11321 = PLANE('',#11322);
#11322 = AXIS2_PLACEMENT_3D('',#11323,#11324,#11325);
#11323 = CARTESIAN_POINT('',(-63.89,-29.08275862069,318.));
#11324 = DIRECTION('',(-1.,-0.,2.22044604925E-16));
#11325 = DIRECTION('',(2.22044604925E-16,0.,1.));
#11326 = ADVANCED_FACE('',(#11327),#11333,.T.);
#11327 = FACE_BOUND('',#11328,.F.);
#11328 = EDGE_LOOP('',(#11329,#11330,#11331,#11332));
#11329 = ORIENTED_EDGE('',*,*,#10282,.F.);
#11330 = ORIENTED_EDGE('',*,*,#10234,.T.);
#11331 = ORIENTED_EDGE('',*,*,#10258,.T.);
#11332 = ORIENTED_EDGE('',*,*,#10306,.F.);
#11333 = PLANE('',#11334);
#11334 = AXIS2_PLACEMENT_3D('',#11335,#11336,#11337);
#11335 = CARTESIAN_POINT('',(-90.25,36.25,181.15));
#11336 = DIRECTION('',(-1.,-0.,-0.));
#11337 = DIRECTION('',(0.,0.,-1.));
#11338 = ADVANCED_FACE('',(#11339),#11358,.F.);
#11339 = FACE_BOUND('',#11340,.T.);
#11340 = EDGE_LOOP('',(#11341,#11349,#11356,#11357));
#11341 = ORIENTED_EDGE('',*,*,#11342,.T.);
#11342 = EDGE_CURVE('',#10317,#11343,#11345,.T.);
#11343 = VERTEX_POINT('',#11344);
#11344 = CARTESIAN_POINT('',(-96.25,40.,185.99));
#11345 = LINE('',#11346,#11347);
#11346 = CARTESIAN_POINT('',(-96.25,40.,182.99));
#11347 = VECTOR('',#11348,1.);
#11348 = DIRECTION('',(0.,0.,1.));
#11349 = ORIENTED_EDGE('',*,*,#11350,.F.);
#11350 = EDGE_CURVE('',#11343,#11343,#11351,.T.);
#11351 = CIRCLE('',#11352,2.25);
#11352 = AXIS2_PLACEMENT_3D('',#11353,#11354,#11355);
#11353 = CARTESIAN_POINT('',(-94.,40.,185.99));
#11354 = DIRECTION('',(0.,0.,-1.));
#11355 = DIRECTION('',(-1.,-0.,-0.));
#11356 = ORIENTED_EDGE('',*,*,#11342,.F.);
#11357 = ORIENTED_EDGE('',*,*,#10316,.T.);
#11358 = CYLINDRICAL_SURFACE('',#11359,2.25);
#11359 = AXIS2_PLACEMENT_3D('',#11360,#11361,#11362);
#11360 = CARTESIAN_POINT('',(-94.,40.,182.99));
#11361 = DIRECTION('',(0.,0.,1.));
#11362 = DIRECTION('',(-1.,-0.,-0.));
#11363 = ADVANCED_FACE('',(#11364,#11367),#11378,.F.);
#11364 = FACE_BOUND('',#11365,.T.);
#11365 = EDGE_LOOP('',(#11366));
#11366 = ORIENTED_EDGE('',*,*,#10333,.T.);
#11367 = FACE_BOUND('',#11368,.T.);
#11368 = EDGE_LOOP('',(#11369));
#11369 = ORIENTED_EDGE('',*,*,#11370,.F.);
#11370 = EDGE_CURVE('',#11371,#11371,#11373,.T.);
#11371 = VERTEX_POINT('',#11372);
#11372 = CARTESIAN_POINT('',(-95.49,29.08275862069,315.75));
#11373 = CIRCLE('',#11374,2.25);
#11374 = AXIS2_PLACEMENT_3D('',#11375,#11376,#11377);
#11375 = CARTESIAN_POINT('',(-95.49,29.08275862069,318.));
#11376 = DIRECTION('',(-1.,0.,0.));
#11377 = DIRECTION('',(-0.,-0.,-1.));
#11378 = PLANE('',#11379);
#11379 = AXIS2_PLACEMENT_3D('',#11380,#11381,#11382);
#11380 = CARTESIAN_POINT('',(-95.49,29.08275862069,318.));
#11381 = DIRECTION('',(1.,0.,0.));
#11382 = DIRECTION('',(0.,0.,1.));
#11383 = ADVANCED_FACE('',(#11384),#11390,.T.);
#11384 = FACE_BOUND('',#11385,.F.);
#11385 = EDGE_LOOP('',(#11386,#11387,#11388,#11389));
#11386 = ORIENTED_EDGE('',*,*,#10646,.F.);
#11387 = ORIENTED_EDGE('',*,*,#10598,.T.);
#11388 = ORIENTED_EDGE('',*,*,#10622,.T.);
#11389 = ORIENTED_EDGE('',*,*,#10670,.F.);
#11390 = PLANE('',#11391);
#11391 = AXIS2_PLACEMENT_3D('',#11392,#11393,#11394);
#11392 = CARTESIAN_POINT('',(-90.25,-43.75,181.15));
#11393 = DIRECTION('',(-1.,-0.,-0.));
#11394 = DIRECTION('',(0.,0.,-1.));
#11395 = ADVANCED_FACE('',(#11396),#11415,.F.);
#11396 = FACE_BOUND('',#11397,.T.);
#11397 = EDGE_LOOP('',(#11398,#11406,#11413,#11414));
#11398 = ORIENTED_EDGE('',*,*,#11399,.T.);
#11399 = EDGE_CURVE('',#10681,#11400,#11402,.T.);
#11400 = VERTEX_POINT('',#11401);
#11401 = CARTESIAN_POINT('',(-96.25,-40.,185.99));
#11402 = LINE('',#11403,#11404);
#11403 = CARTESIAN_POINT('',(-96.25,-40.,182.99));
#11404 = VECTOR('',#11405,1.);
#11405 = DIRECTION('',(0.,0.,1.));
#11406 = ORIENTED_EDGE('',*,*,#11407,.F.);
#11407 = EDGE_CURVE('',#11400,#11400,#11408,.T.);
#11408 = CIRCLE('',#11409,2.25);
#11409 = AXIS2_PLACEMENT_3D('',#11410,#11411,#11412);
#11410 = CARTESIAN_POINT('',(-94.,-40.,185.99));
#11411 = DIRECTION('',(0.,0.,-1.));
#11412 = DIRECTION('',(-1.,-0.,-0.));
#11413 = ORIENTED_EDGE('',*,*,#11399,.F.);
#11414 = ORIENTED_EDGE('',*,*,#10680,.T.);
#11415 = CYLINDRICAL_SURFACE('',#11416,2.25);
#11416 = AXIS2_PLACEMENT_3D('',#11417,#11418,#11419);
#11417 = CARTESIAN_POINT('',(-94.,-40.,182.99));
#11418 = DIRECTION('',(0.,0.,1.));
#11419 = DIRECTION('',(-1.,-0.,-0.));
#11420 = ADVANCED_FACE('',(#11421,#11424),#11435,.F.);
#11421 = FACE_BOUND('',#11422,.T.);
#11422 = EDGE_LOOP('',(#11423));
#11423 = ORIENTED_EDGE('',*,*,#10697,.T.);
#11424 = FACE_BOUND('',#11425,.T.);
#11425 = EDGE_LOOP('',(#11426));
#11426 = ORIENTED_EDGE('',*,*,#11427,.F.);
#11427 = EDGE_CURVE('',#11428,#11428,#11430,.T.);
#11428 = VERTEX_POINT('',#11429);
#11429 = CARTESIAN_POINT('',(-95.49,-29.08275862069,315.75));
#11430 = CIRCLE('',#11431,2.25);
#11431 = AXIS2_PLACEMENT_3D('',#11432,#11433,#11434);
#11432 = CARTESIAN_POINT('',(-95.49,-29.08275862069,318.));
#11433 = DIRECTION('',(-1.,0.,0.));
#11434 = DIRECTION('',(-0.,-0.,-1.));
#11435 = PLANE('',#11436);
#11436 = AXIS2_PLACEMENT_3D('',#11437,#11438,#11439);
#11437 = CARTESIAN_POINT('',(-95.49,-29.08275862069,318.));
#11438 = DIRECTION('',(1.,0.,0.));
#11439 = DIRECTION('',(0.,0.,1.));
#11440 = ADVANCED_FACE('',(#11441),#11444,.F.);
#11441 = FACE_BOUND('',#11442,.T.);
#11442 = EDGE_LOOP('',(#11443));
#11443 = ORIENTED_EDGE('',*,*,#10795,.T.);
#11444 = PLANE('',#11445);
#11445 = AXIS2_PLACEMENT_3D('',#11446,#11447,#11448);
#11446 = CARTESIAN_POINT('',(-66.,-40.,185.99));
#11447 = DIRECTION('',(0.,0.,1.));
#11448 = DIRECTION('',(1.,0.,0.));
#11449 = ADVANCED_FACE('',(#11450),#11461,.F.);
#11450 = FACE_BOUND('',#11451,.T.);
#11451 = EDGE_LOOP('',(#11452,#11458,#11459,#11460));
#11452 = ORIENTED_EDGE('',*,*,#11453,.T.);
#11453 = EDGE_CURVE('',#11371,#10889,#11454,.T.);
#11454 = LINE('',#11455,#11456);
#11455 = CARTESIAN_POINT('',(-95.51,29.08275862069,315.75));
#11456 = VECTOR('',#11457,1.);
#11457 = DIRECTION('',(1.,0.,0.));
#11458 = ORIENTED_EDGE('',*,*,#10888,.F.);
#11459 = ORIENTED_EDGE('',*,*,#11453,.F.);
#11460 = ORIENTED_EDGE('',*,*,#11370,.T.);
#11461 = CYLINDRICAL_SURFACE('',#11462,2.25);
#11462 = AXIS2_PLACEMENT_3D('',#11463,#11464,#11465);
#11463 = CARTESIAN_POINT('',(-95.51,29.08275862069,318.));
#11464 = DIRECTION('',(1.,0.,0.));
#11465 = DIRECTION('',(-0.,-0.,-1.));
#11466 = ADVANCED_FACE('',(#11467),#11478,.F.);
#11467 = FACE_BOUND('',#11468,.T.);
#11468 = EDGE_LOOP('',(#11469,#11475,#11476,#11477));
#11469 = ORIENTED_EDGE('',*,*,#11470,.T.);
#11470 = EDGE_CURVE('',#11428,#10900,#11471,.T.);
#11471 = LINE('',#11472,#11473);
#11472 = CARTESIAN_POINT('',(-95.51,-29.08275862069,315.75));
#11473 = VECTOR('',#11474,1.);
#11474 = DIRECTION('',(1.,0.,0.));
#11475 = ORIENTED_EDGE('',*,*,#10899,.F.);
#11476 = ORIENTED_EDGE('',*,*,#11470,.F.);
#11477 = ORIENTED_EDGE('',*,*,#11427,.T.);
#11478 = CYLINDRICAL_SURFACE('',#11479,2.25);
#11479 = AXIS2_PLACEMENT_3D('',#11480,#11481,#11482);
#11480 = CARTESIAN_POINT('',(-95.51,-29.08275862069,318.));
#11481 = DIRECTION('',(1.,0.,0.));
#11482 = DIRECTION('',(-0.,-0.,-1.));
#11483 = ADVANCED_FACE('',(#11484),#11495,.F.);
#11484 = FACE_BOUND('',#11485,.T.);
#11485 = EDGE_LOOP('',(#11486,#11487,#11493,#11494));
#11486 = ORIENTED_EDGE('',*,*,#11240,.F.);
#11487 = ORIENTED_EDGE('',*,*,#11488,.F.);
#11488 = EDGE_CURVE('',#10979,#11241,#11489,.T.);
#11489 = LINE('',#11490,#11491);
#11490 = CARTESIAN_POINT('',(-95.51,29.08275862069,315.75));
#11491 = VECTOR('',#11492,1.);
#11492 = DIRECTION('',(1.,0.,0.));
#11493 = ORIENTED_EDGE('',*,*,#10978,.T.);
#11494 = ORIENTED_EDGE('',*,*,#11488,.T.);
#11495 = CYLINDRICAL_SURFACE('',#11496,2.25);
#11496 = AXIS2_PLACEMENT_3D('',#11497,#11498,#11499);
#11497 = CARTESIAN_POINT('',(-95.51,29.08275862069,318.));
#11498 = DIRECTION('',(1.,0.,0.));
#11499 = DIRECTION('',(-0.,-0.,-1.));
#11500 = ADVANCED_FACE('',(#11501),#11512,.F.);
#11501 = FACE_BOUND('',#11502,.T.);
#11502 = EDGE_LOOP('',(#11503,#11504,#11510,#11511));
#11503 = ORIENTED_EDGE('',*,*,#11313,.F.);
#11504 = ORIENTED_EDGE('',*,*,#11505,.F.);
#11505 = EDGE_CURVE('',#10990,#11314,#11506,.T.);
#11506 = LINE('',#11507,#11508);
#11507 = CARTESIAN_POINT('',(-95.51,-29.08275862069,315.75));
#11508 = VECTOR('',#11509,1.);
#11509 = DIRECTION('',(1.,0.,0.));
#11510 = ORIENTED_EDGE('',*,*,#10989,.T.);
#11511 = ORIENTED_EDGE('',*,*,#11505,.T.);
#11512 = CYLINDRICAL_SURFACE('',#11513,2.25);
#11513 = AXIS2_PLACEMENT_3D('',#11514,#11515,#11516);
#11514 = CARTESIAN_POINT('',(-95.51,-29.08275862069,318.));
#11515 = DIRECTION('',(1.,0.,0.));
#11516 = DIRECTION('',(-0.,-0.,-1.));
#11517 = ADVANCED_FACE('',(#11518),#11521,.F.);
#11518 = FACE_BOUND('',#11519,.T.);
#11519 = EDGE_LOOP('',(#11520));
#11520 = ORIENTED_EDGE('',*,*,#11026,.T.);
#11521 = PLANE('',#11522);
#11522 = AXIS2_PLACEMENT_3D('',#11523,#11524,#11525);
#11523 = CARTESIAN_POINT('',(-66.,40.,185.99));
#11524 = DIRECTION('',(0.,0.,1.));
#11525 = DIRECTION('',(1.,0.,0.));
#11526 = ADVANCED_FACE('',(#11527),#11530,.F.);
#11527 = FACE_BOUND('',#11528,.T.);
#11528 = EDGE_LOOP('',(#11529));
#11529 = ORIENTED_EDGE('',*,*,#11350,.T.);
#11530 = PLANE('',#11531);
#11531 = AXIS2_PLACEMENT_3D('',#11532,#11533,#11534);
#11532 = CARTESIAN_POINT('',(-94.,40.,185.99));
#11533 = DIRECTION('',(0.,0.,1.));
#11534 = DIRECTION('',(1.,0.,0.));
#11535 = ADVANCED_FACE('',(#11536),#11539,.F.);
#11536 = FACE_BOUND('',#11537,.T.);
#11537 = EDGE_LOOP('',(#11538));
#11538 = ORIENTED_EDGE('',*,*,#11407,.T.);
#11539 = PLANE('',#11540);
#11540 = AXIS2_PLACEMENT_3D('',#11541,#11542,#11543);
#11541 = CARTESIAN_POINT('',(-94.,-40.,185.99));
#11542 = DIRECTION('',(0.,0.,1.));
#11543 = DIRECTION('',(1.,0.,0.));
#11544 = ( GEOMETRIC_REPRESENTATION_CONTEXT(3) 
GLOBAL_UNCERTAINTY_ASSIGNED_CONTEXT((#11548)) 
GLOBAL_UNIT_ASSIGNED_CONTEXT((#11545,#11546,#11547)) 
REPRESENTATION_CONTEXT('Context #1',
  '3D Context with UNIT and UNCERTAINTY') );
#11545 = ( LENGTH_UNIT() NAMED_UNIT(*) SI_UNIT(.MILLI.,.METRE.) );
#11546 = ( NAMED_UNIT(*) PLANE_ANGLE_UNIT() SI_UNIT($,.RADIAN.) );
#11547 = ( NAMED_UNIT(*) SI_UNIT($,.STERADIAN.) SOLID_ANGLE_UNIT() );
#11548 = UNCERTAINTY_MEASURE_WITH_UNIT(LENGTH_MEASURE(1.E-06),#11545,
  'distance_accuracy_value','confusion accuracy');
#11549 = PRODUCT_RELATED_PRODUCT_CATEGORY('part',$,(#7));
ENDSEC;
END-ISO-10303-21;
