ISO-10303-21;
HEADER;
FILE_DESCRIPTION(('FreeCAD Model'),'2;1');
FILE_NAME('Open CASCADE Shape Model','2026-09-19T23:10:22',('FreeCAD'),(
    'FreeCAD'),'Open CASCADE STEP processor 7.9','FreeCAD','Unknown');
FILE_SCHEMA(('AUTOMOTIVE_DESIGN { 1 0 10303 214 1 1 1 1 }'));
ENDSEC;
DATA;
#1 = APPLICATION_PROTOCOL_DEFINITION('international standard',
  'automotive_design',2000,#2);
#2 = APPLICATION_CONTEXT(
  'core data for automotive mechanical design processes');
#3 = SHAPE_DEFINITION_REPRESENTATION(#4,#10);
#4 = PRODUCT_DEFINITION_SHAPE('','',#5);
#5 = PRODUCT_DEFINITION('design','',#6,#9);
#6 = PRODUCT_DEFINITION_FORMATION('','',#7);
#7 = PRODUCT('Open CASCADE STEP translator 7.9 22',
  'Open CASCADE STEP translator 7.9 22','',(#8));
#8 = PRODUCT_CONTEXT('',#2,'mechanical');
#9 = PRODUCT_DEFINITION_CONTEXT('part definition',#2,'design');
#10 = ADVANCED_BREP_SHAPE_REPRESENTATION('',(#11,#15),#10528);
#11 = AXIS2_PLACEMENT_3D('',#12,#13,#14);
#12 = CARTESIAN_POINT('',(0.,0.,0.));
#13 = DIRECTION('',(0.,0.,1.));
#14 = DIRECTION('',(1.,0.,-0.));
#15 = MANIFOLD_SOLID_BREP('',#16);
#16 = CLOSED_SHELL('',(#17,#34,#58,#102,#133,#239,#263,#280,#303,#523,
    #547,#766,#783,#825,#849,#873,#901,#918,#940,#1030,#1047,#1061,#2860
    ,#2877,#2967,#2984,#3001,#3018,#3108,#3125,#3281,#3323,#3347,#3371,
    #3395,#3419,#3443,#3467,#3485,#3510,#3535,#3560,#3585,#3597,#3622,
    #3646,#3688,#3712,#3736,#3764,#3795,#3830,#3857,#3874,#3906,#3930,
    #3954,#3972,#4004,#4028,#4053,#4077,#4102,#4119,#4151,#4175,#4200,
    #4217,#4249,#4274,#4299,#4317,#4349,#4373,#4398,#4422,#4447,#4471,
    #4496,#4513,#4568,#4605,#4640,#4667,#4702,#4751,#4816,#4848,#4872,
    #4897,#4921,#4946,#4970,#4995,#5012,#5068,#5098,#5125,#5166,#5219,
    #5268,#5300,#5324,#5349,#5373,#5398,#5415,#5447,#5471,#5496,#5521,
    #5546,#5571,#5608,#5645,#5672,#5732,#5757,#5781,#5806,#5823,#5855,
    #5879,#5904,#5921,#5953,#5977,#6002,#6042,#6073,#6100,#6141,#6186,
    #6211,#6228,#6260,#6284,#6309,#6333,#6358,#6382,#6407,#6424,#6481,
    #6518,#6555,#6579,#6604,#6628,#6656,#6687,#6730,#6757,#6783,#6815,
    #6839,#6864,#6888,#6913,#6930,#6970,#6994,#7027,#7051,#7076,#7093,
    #7132,#7159,#7192,#7227,#7254,#7280,#7312,#7336,#7361,#7385,#7410,
    #7427,#7469,#7496,#7537,#7574,#7607,#7632,#7665,#7702,#7745,#7777,
    #7801,#7826,#7850,#7875,#7899,#7924,#7941,#7973,#7997,#8030,#8054,
    #8087,#8111,#8136,#8153,#8185,#8209,#8234,#8258,#8283,#8300,#8332,
    #8356,#8389,#8413,#8446,#8463,#8505,#8529,#8553,#8581,#8612,#8647,
    #8674,#8691,#8733,#8757,#8781,#8809,#8840,#8875,#8902,#8919,#8950,
    #8975,#9000,#9017,#9048,#9073,#9098,#9115,#9146,#9171,#9196,#9213,
    #9244,#9269,#9293,#9311,#9339,#9359,#9368,#9377,#9389,#9414,#9438,
    #9450,#9474,#9878,#9895,#9912,#9934,#9951,#9963,#9980,#9992,#10009,
    #10026,#10043,#10060,#10072,#10084,#10096,#10108,#10120,#10145,
    #10169,#10181,#10205,#10217,#10242,#10266,#10278,#10302,#10327,
    #10336,#10345,#10354,#10366,#10397,#10421,#10445,#10462,#10471,
    #10480,#10489,#10498,#10507,#10516));
#17 = ADVANCED_FACE('',(#18),#29,.F.);
#18 = FACE_BOUND('',#19,.F.);
#19 = EDGE_LOOP('',(#20));
#20 = ORIENTED_EDGE('',*,*,#21,.T.);
#21 = EDGE_CURVE('',#22,#22,#24,.T.);
#22 = VERTEX_POINT('',#23);
#23 = CARTESIAN_POINT('',(59.621843353823,-61.87184335382,145.99));
#24 = CIRCLE('',#25,2.25);
#25 = AXIS2_PLACEMENT_3D('',#26,#27,#28);
#26 = CARTESIAN_POINT('',(61.871843353823,-61.87184335382,145.99));
#27 = DIRECTION('',(0.,0.,-1.));
#28 = DIRECTION('',(-1.,0.,0.));
#29 = PLANE('',#30);
#30 = AXIS2_PLACEMENT_3D('',#31,#32,#33);
#31 = CARTESIAN_POINT('',(61.871843353823,-61.87184335382,145.99));
#32 = DIRECTION('',(0.,0.,-1.));
#33 = DIRECTION('',(-1.,0.,0.));
#34 = ADVANCED_FACE('',(#35),#53,.F.);
#35 = FACE_BOUND('',#36,.F.);
#36 = EDGE_LOOP('',(#37,#38,#45,#52));
#37 = ORIENTED_EDGE('',*,*,#21,.F.);
#38 = ORIENTED_EDGE('',*,*,#39,.F.);
#39 = EDGE_CURVE('',#40,#22,#42,.T.);
#40 = VERTEX_POINT('',#41);
#41 = CARTESIAN_POINT('',(59.621843353823,-61.87184335382,147.15));
#42 = B_SPLINE_CURVE_WITH_KNOTS('',1,(#43,#44),.UNSPECIFIED.,.F.,.F.,(2,
    2),(10.86,12.02),.PIECEWISE_BEZIER_KNOTS.);
#43 = CARTESIAN_POINT('',(59.621843353823,-61.87184335382,147.15));
#44 = CARTESIAN_POINT('',(59.621843353823,-61.87184335382,145.99));
#45 = ORIENTED_EDGE('',*,*,#46,.T.);
#46 = EDGE_CURVE('',#40,#40,#47,.T.);
#47 = CIRCLE('',#48,2.25);
#48 = AXIS2_PLACEMENT_3D('',#49,#50,#51);
#49 = CARTESIAN_POINT('',(61.871843353823,-61.87184335382,147.15));
#50 = DIRECTION('',(0.,0.,-1.));
#51 = DIRECTION('',(-1.,0.,0.));
#52 = ORIENTED_EDGE('',*,*,#39,.T.);
#53 = CYLINDRICAL_SURFACE('',#54,2.25);
#54 = AXIS2_PLACEMENT_3D('',#55,#56,#57);
#55 = CARTESIAN_POINT('',(61.871843353823,-61.87184335382,158.01));
#56 = DIRECTION('',(0.,0.,-1.));
#57 = DIRECTION('',(-1.,0.,0.));
#58 = ADVANCED_FACE('',(#59,#94),#97,.F.);
#59 = FACE_BOUND('',#60,.F.);
#60 = EDGE_LOOP('',(#61,#71,#79,#87));
#61 = ORIENTED_EDGE('',*,*,#62,.F.);
#62 = EDGE_CURVE('',#63,#65,#67,.T.);
#63 = VERTEX_POINT('',#64);
#64 = CARTESIAN_POINT('',(67.175144212722,-61.87184335382,147.15));
#65 = VERTEX_POINT('',#66);
#66 = CARTESIAN_POINT('',(58.738275550569,-53.43497469167,147.15));
#67 = LINE('',#68,#69);
#68 = CARTESIAN_POINT('',(67.175144212722,-61.87184335382,147.15));
#69 = VECTOR('',#70,1.);
#70 = DIRECTION('',(-0.707106781187,0.707106781187,0.));
#71 = ORIENTED_EDGE('',*,*,#72,.F.);
#72 = EDGE_CURVE('',#73,#63,#75,.T.);
#73 = VERTEX_POINT('',#74);
#74 = CARTESIAN_POINT('',(61.871843353823,-67.17514421272,147.15));
#75 = LINE('',#76,#77);
#76 = CARTESIAN_POINT('',(61.871843353823,-67.17514421272,147.15));
#77 = VECTOR('',#78,1.);
#78 = DIRECTION('',(0.707106781187,0.707106781187,0.));
#79 = ORIENTED_EDGE('',*,*,#80,.T.);
#80 = EDGE_CURVE('',#73,#81,#83,.T.);
#81 = VERTEX_POINT('',#82);
#82 = CARTESIAN_POINT('',(53.43497469167,-58.73827555056,147.15));
#83 = LINE('',#84,#85);
#84 = CARTESIAN_POINT('',(61.871843353823,-67.17514421272,147.15));
#85 = VECTOR('',#86,1.);
#86 = DIRECTION('',(-0.707106781187,0.707106781187,0.));
#87 = ORIENTED_EDGE('',*,*,#88,.F.);
#88 = EDGE_CURVE('',#65,#81,#89,.T.);
#89 = CIRCLE('',#90,9.);
#90 = AXIS2_PLACEMENT_3D('',#91,#92,#93);
#91 = CARTESIAN_POINT('',(61.871843353823,-61.87184335382,147.15));
#92 = DIRECTION('',(0.,0.,1.));
#93 = DIRECTION('',(1.,0.,0.));
#94 = FACE_BOUND('',#95,.F.);
#95 = EDGE_LOOP('',(#96));
#96 = ORIENTED_EDGE('',*,*,#46,.F.);
#97 = PLANE('',#98);
#98 = AXIS2_PLACEMENT_3D('',#99,#100,#101);
#99 = CARTESIAN_POINT('',(61.871843353823,-67.17514421272,147.15));
#100 = DIRECTION('',(0.,0.,-1.));
#101 = DIRECTION('',(-0.707106781187,0.707106781187,0.));
#102 = ADVANCED_FACE('',(#103),#128,.F.);
#103 = FACE_BOUND('',#104,.F.);
#104 = EDGE_LOOP('',(#105,#115,#121,#122));
#105 = ORIENTED_EDGE('',*,*,#106,.F.);
#106 = EDGE_CURVE('',#107,#109,#111,.T.);
#107 = VERTEX_POINT('',#108);
#108 = CARTESIAN_POINT('',(67.175144212722,-61.87184335382,150.85));
#109 = VERTEX_POINT('',#110);
#110 = CARTESIAN_POINT('',(58.738275550569,-53.43497469167,150.85));
#111 = LINE('',#112,#113);
#112 = CARTESIAN_POINT('',(67.175144212722,-61.87184335382,150.85));
#113 = VECTOR('',#114,1.);
#114 = DIRECTION('',(-0.707106781187,0.707106781187,0.));
#115 = ORIENTED_EDGE('',*,*,#116,.T.);
#116 = EDGE_CURVE('',#107,#63,#117,.T.);
#117 = LINE('',#118,#119);
#118 = CARTESIAN_POINT('',(67.175144212722,-61.87184335382,150.85));
#119 = VECTOR('',#120,1.);
#120 = DIRECTION('',(0.,0.,-1.));
#121 = ORIENTED_EDGE('',*,*,#62,.T.);
#122 = ORIENTED_EDGE('',*,*,#123,.T.);
#123 = EDGE_CURVE('',#65,#109,#124,.T.);
#124 = LINE('',#125,#126);
#125 = CARTESIAN_POINT('',(58.738275550569,-53.43497469167,70.));
#126 = VECTOR('',#127,1.);
#127 = DIRECTION('',(0.,0.,1.));
#128 = PLANE('',#129);
#129 = AXIS2_PLACEMENT_3D('',#130,#131,#132);
#130 = CARTESIAN_POINT('',(67.175144212722,-61.87184335382,150.85));
#131 = DIRECTION('',(0.707106781187,0.707106781187,0.));
#132 = DIRECTION('',(0.,0.,-1.));
#133 = ADVANCED_FACE('',(#134,#179,#215),#234,.T.);
#134 = FACE_BOUND('',#135,.T.);
#135 = EDGE_LOOP('',(#136,#147,#155,#164,#173));
#136 = ORIENTED_EDGE('',*,*,#137,.T.);
#137 = EDGE_CURVE('',#138,#140,#142,.T.);
#138 = VERTEX_POINT('',#139);
#139 = CARTESIAN_POINT('',(70.401147604065,-64.74429335457,74.));
#140 = VERTEX_POINT('',#141);
#141 = CARTESIAN_POINT('',(64.744293354572,-70.40114760406,74.));
#142 = CIRCLE('',#143,9.);
#143 = AXIS2_PLACEMENT_3D('',#144,#145,#146);
#144 = CARTESIAN_POINT('',(61.871843353823,-61.87184335382,74.));
#145 = DIRECTION('',(0.,0.,1.));
#146 = DIRECTION('',(1.,0.,0.));
#147 = ORIENTED_EDGE('',*,*,#148,.T.);
#148 = EDGE_CURVE('',#140,#149,#151,.T.);
#149 = VERTEX_POINT('',#150);
#150 = CARTESIAN_POINT('',(64.744293354572,-70.40114760406,158.));
#151 = LINE('',#152,#153);
#152 = CARTESIAN_POINT('',(64.744293354572,-70.40114760406,70.));
#153 = VECTOR('',#154,1.);
#154 = DIRECTION('',(0.,0.,1.));
#155 = ORIENTED_EDGE('',*,*,#156,.F.);
#156 = EDGE_CURVE('',#157,#149,#159,.T.);
#157 = VERTEX_POINT('',#158);
#158 = CARTESIAN_POINT('',(70.871843353823,-61.87184335382,158.));
#159 = CIRCLE('',#160,9.);
#160 = AXIS2_PLACEMENT_3D('',#161,#162,#163);
#161 = CARTESIAN_POINT('',(61.871843353823,-61.87184335382,158.));
#162 = DIRECTION('',(0.,0.,1.));
#163 = DIRECTION('',(1.,0.,0.));
#164 = ORIENTED_EDGE('',*,*,#165,.F.);
#165 = EDGE_CURVE('',#166,#157,#168,.T.);
#166 = VERTEX_POINT('',#167);
#167 = CARTESIAN_POINT('',(70.401147604065,-64.74429335457,158.));
#168 = CIRCLE('',#169,9.);
#169 = AXIS2_PLACEMENT_3D('',#170,#171,#172);
#170 = CARTESIAN_POINT('',(61.871843353823,-61.87184335382,158.));
#171 = DIRECTION('',(0.,0.,1.));
#172 = DIRECTION('',(1.,0.,0.));
#173 = ORIENTED_EDGE('',*,*,#174,.F.);
#174 = EDGE_CURVE('',#138,#166,#175,.T.);
#175 = LINE('',#176,#177);
#176 = CARTESIAN_POINT('',(70.401147604065,-64.74429335457,70.));
#177 = VECTOR('',#178,1.);
#178 = DIRECTION('',(0.,0.,1.));
#179 = FACE_BOUND('',#180,.T.);
#180 = EDGE_LOOP('',(#181,#192,#200,#209));
#181 = ORIENTED_EDGE('',*,*,#182,.F.);
#182 = EDGE_CURVE('',#183,#185,#187,.T.);
#183 = VERTEX_POINT('',#184);
#184 = CARTESIAN_POINT('',(58.738275550569,-53.43497469167,77.15));
#185 = VERTEX_POINT('',#186);
#186 = CARTESIAN_POINT('',(53.43497469167,-58.73827555056,77.15));
#187 = CIRCLE('',#188,9.);
#188 = AXIS2_PLACEMENT_3D('',#189,#190,#191);
#189 = CARTESIAN_POINT('',(61.871843353823,-61.87184335382,77.15));
#190 = DIRECTION('',(0.,0.,1.));
#191 = DIRECTION('',(1.,0.,0.));
#192 = ORIENTED_EDGE('',*,*,#193,.T.);
#193 = EDGE_CURVE('',#183,#194,#196,.T.);
#194 = VERTEX_POINT('',#195);
#195 = CARTESIAN_POINT('',(58.738275550569,-53.43497469167,80.85));
#196 = LINE('',#197,#198);
#197 = CARTESIAN_POINT('',(58.738275550569,-53.43497469167,70.));
#198 = VECTOR('',#199,1.);
#199 = DIRECTION('',(0.,0.,1.));
#200 = ORIENTED_EDGE('',*,*,#201,.T.);
#201 = EDGE_CURVE('',#194,#202,#204,.T.);
#202 = VERTEX_POINT('',#203);
#203 = CARTESIAN_POINT('',(53.43497469167,-58.73827555056,80.85));
#204 = CIRCLE('',#205,9.);
#205 = AXIS2_PLACEMENT_3D('',#206,#207,#208);
#206 = CARTESIAN_POINT('',(61.871843353823,-61.87184335382,80.85));
#207 = DIRECTION('',(0.,0.,1.));
#208 = DIRECTION('',(1.,0.,0.));
#209 = ORIENTED_EDGE('',*,*,#210,.F.);
#210 = EDGE_CURVE('',#185,#202,#211,.T.);
#211 = LINE('',#212,#213);
#212 = CARTESIAN_POINT('',(53.43497469167,-58.73827555056,70.));
#213 = VECTOR('',#214,1.);
#214 = DIRECTION('',(0.,0.,1.));
#215 = FACE_BOUND('',#216,.T.);
#216 = EDGE_LOOP('',(#217,#225,#226,#227));
#217 = ORIENTED_EDGE('',*,*,#218,.F.);
#218 = EDGE_CURVE('',#81,#219,#221,.T.);
#219 = VERTEX_POINT('',#220);
#220 = CARTESIAN_POINT('',(53.43497469167,-58.73827555056,150.85));
#221 = LINE('',#222,#223);
#222 = CARTESIAN_POINT('',(53.43497469167,-58.73827555056,70.));
#223 = VECTOR('',#224,1.);
#224 = DIRECTION('',(0.,0.,1.));
#225 = ORIENTED_EDGE('',*,*,#88,.F.);
#226 = ORIENTED_EDGE('',*,*,#123,.T.);
#227 = ORIENTED_EDGE('',*,*,#228,.T.);
#228 = EDGE_CURVE('',#109,#219,#229,.T.);
#229 = CIRCLE('',#230,9.);
#230 = AXIS2_PLACEMENT_3D('',#231,#232,#233);
#231 = CARTESIAN_POINT('',(61.871843353823,-61.87184335382,150.85));
#232 = DIRECTION('',(0.,0.,1.));
#233 = DIRECTION('',(1.,0.,0.));
#234 = CYLINDRICAL_SURFACE('',#235,9.);
#235 = AXIS2_PLACEMENT_3D('',#236,#237,#238);
#236 = CARTESIAN_POINT('',(61.871843353823,-61.87184335382,70.));
#237 = DIRECTION('',(0.,0.,1.));
#238 = DIRECTION('',(1.,0.,0.));
#239 = ADVANCED_FACE('',(#240),#258,.T.);
#240 = FACE_BOUND('',#241,.T.);
#241 = EDGE_LOOP('',(#242,#250,#256,#257));
#242 = ORIENTED_EDGE('',*,*,#243,.F.);
#243 = EDGE_CURVE('',#244,#219,#246,.T.);
#244 = VERTEX_POINT('',#245);
#245 = CARTESIAN_POINT('',(61.871843353823,-67.17514421272,150.85));
#246 = LINE('',#247,#248);
#247 = CARTESIAN_POINT('',(61.871843353823,-67.17514421272,150.85));
#248 = VECTOR('',#249,1.);
#249 = DIRECTION('',(-0.707106781187,0.707106781187,0.));
#250 = ORIENTED_EDGE('',*,*,#251,.T.);
#251 = EDGE_CURVE('',#244,#73,#252,.T.);
#252 = LINE('',#253,#254);
#253 = CARTESIAN_POINT('',(61.871843353823,-67.17514421272,150.85));
#254 = VECTOR('',#255,1.);
#255 = DIRECTION('',(0.,0.,-1.));
#256 = ORIENTED_EDGE('',*,*,#80,.T.);
#257 = ORIENTED_EDGE('',*,*,#218,.T.);
#258 = PLANE('',#259);
#259 = AXIS2_PLACEMENT_3D('',#260,#261,#262);
#260 = CARTESIAN_POINT('',(61.871843353823,-67.17514421272,150.85));
#261 = DIRECTION('',(0.707106781187,0.707106781187,0.));
#262 = DIRECTION('',(0.,0.,-1.));
#263 = ADVANCED_FACE('',(#264),#275,.T.);
#264 = FACE_BOUND('',#265,.T.);
#265 = EDGE_LOOP('',(#266,#267,#273,#274));
#266 = ORIENTED_EDGE('',*,*,#251,.F.);
#267 = ORIENTED_EDGE('',*,*,#268,.T.);
#268 = EDGE_CURVE('',#244,#107,#269,.T.);
#269 = LINE('',#270,#271);
#270 = CARTESIAN_POINT('',(61.871843353823,-67.17514421272,150.85));
#271 = VECTOR('',#272,1.);
#272 = DIRECTION('',(0.707106781187,0.707106781187,0.));
#273 = ORIENTED_EDGE('',*,*,#116,.T.);
#274 = ORIENTED_EDGE('',*,*,#72,.F.);
#275 = PLANE('',#276);
#276 = AXIS2_PLACEMENT_3D('',#277,#278,#279);
#277 = CARTESIAN_POINT('',(61.871843353823,-67.17514421272,150.85));
#278 = DIRECTION('',(-0.707106781187,0.707106781187,0.));
#279 = DIRECTION('',(0.,0.,-1.));
#280 = ADVANCED_FACE('',(#281,#287),#298,.T.);
#281 = FACE_BOUND('',#282,.T.);
#282 = EDGE_LOOP('',(#283,#284,#285,#286));
#283 = ORIENTED_EDGE('',*,*,#106,.F.);
#284 = ORIENTED_EDGE('',*,*,#268,.F.);
#285 = ORIENTED_EDGE('',*,*,#243,.T.);
#286 = ORIENTED_EDGE('',*,*,#228,.F.);
#287 = FACE_BOUND('',#288,.T.);
#288 = EDGE_LOOP('',(#289));
#289 = ORIENTED_EDGE('',*,*,#290,.F.);
#290 = EDGE_CURVE('',#291,#291,#293,.T.);
#291 = VERTEX_POINT('',#292);
#292 = CARTESIAN_POINT('',(59.621843353823,-61.87184335382,150.85));
#293 = CIRCLE('',#294,2.25);
#294 = AXIS2_PLACEMENT_3D('',#295,#296,#297);
#295 = CARTESIAN_POINT('',(61.871843353823,-61.87184335382,150.85));
#296 = DIRECTION('',(0.,0.,-1.));
#297 = DIRECTION('',(-1.,0.,0.));
#298 = PLANE('',#299);
#299 = AXIS2_PLACEMENT_3D('',#300,#301,#302);
#300 = CARTESIAN_POINT('',(61.871843353823,-67.17514421272,150.85));
#301 = DIRECTION('',(0.,0.,-1.));
#302 = DIRECTION('',(-0.707106781187,0.707106781187,0.));
#303 = ADVANCED_FACE('',(#304,#441),#518,.T.);
#304 = FACE_BOUND('',#305,.T.);
#305 = EDGE_LOOP('',(#306,#316,#325,#333,#342,#350,#359,#367,#376,#384,
    #393,#399,#400,#408,#417,#426,#434));
#306 = ORIENTED_EDGE('',*,*,#307,.F.);
#307 = EDGE_CURVE('',#308,#310,#312,.T.);
#308 = VERTEX_POINT('',#309);
#309 = CARTESIAN_POINT('',(76.317008624891,81.973862874384,74.));
#310 = VERTEX_POINT('',#311);
#311 = CARTESIAN_POINT('',(64.744293354572,70.401147604065,74.));
#312 = LINE('',#313,#314);
#313 = CARTESIAN_POINT('',(27.753941161572,33.410795411064,74.));
#314 = VECTOR('',#315,1.);
#315 = DIRECTION('',(-0.707106781187,-0.707106781187,0.));
#316 = ORIENTED_EDGE('',*,*,#317,.T.);
#317 = EDGE_CURVE('',#308,#318,#320,.T.);
#318 = VERTEX_POINT('',#319);
#319 = CARTESIAN_POINT('',(-76.31700862489,81.973862874384,74.));
#320 = CIRCLE('',#321,112.);
#321 = AXIS2_PLACEMENT_3D('',#322,#323,#324);
#322 = CARTESIAN_POINT('',(0.,0.,74.));
#323 = DIRECTION('',(0.,0.,1.));
#324 = DIRECTION('',(1.,0.,0.));
#325 = ORIENTED_EDGE('',*,*,#326,.T.);
#326 = EDGE_CURVE('',#318,#327,#329,.T.);
#327 = VERTEX_POINT('',#328);
#328 = CARTESIAN_POINT('',(-64.74429335457,70.401147604065,74.));
#329 = LINE('',#330,#331);
#330 = CARTESIAN_POINT('',(-27.75394116157,33.410795411064,74.));
#331 = VECTOR('',#332,1.);
#332 = DIRECTION('',(0.707106781187,-0.707106781187,0.));
#333 = ORIENTED_EDGE('',*,*,#334,.F.);
#334 = EDGE_CURVE('',#335,#327,#337,.T.);
#335 = VERTEX_POINT('',#336);
#336 = CARTESIAN_POINT('',(-70.40114760406,64.744293354572,74.));
#337 = CIRCLE('',#338,9.);
#338 = AXIS2_PLACEMENT_3D('',#339,#340,#341);
#339 = CARTESIAN_POINT('',(-61.87184335382,61.871843353823,74.));
#340 = DIRECTION('',(0.,0.,1.));
#341 = DIRECTION('',(1.,0.,0.));
#342 = ORIENTED_EDGE('',*,*,#343,.F.);
#343 = EDGE_CURVE('',#344,#335,#346,.T.);
#344 = VERTEX_POINT('',#345);
#345 = CARTESIAN_POINT('',(-81.97386287438,76.317008624891,74.));
#346 = LINE('',#347,#348);
#347 = CARTESIAN_POINT('',(-33.41079541106,27.753941161572,74.));
#348 = VECTOR('',#349,1.);
#349 = DIRECTION('',(0.707106781187,-0.707106781187,0.));
#350 = ORIENTED_EDGE('',*,*,#351,.T.);
#351 = EDGE_CURVE('',#344,#352,#354,.T.);
#352 = VERTEX_POINT('',#353);
#353 = CARTESIAN_POINT('',(-81.97386287438,-76.31700862489,74.));
#354 = CIRCLE('',#355,112.);
#355 = AXIS2_PLACEMENT_3D('',#356,#357,#358);
#356 = CARTESIAN_POINT('',(0.,0.,74.));
#357 = DIRECTION('',(0.,0.,1.));
#358 = DIRECTION('',(1.,0.,0.));
#359 = ORIENTED_EDGE('',*,*,#360,.T.);
#360 = EDGE_CURVE('',#352,#361,#363,.T.);
#361 = VERTEX_POINT('',#362);
#362 = CARTESIAN_POINT('',(-70.40114760406,-64.74429335457,74.));
#363 = LINE('',#364,#365);
#364 = CARTESIAN_POINT('',(-33.41079541106,-27.75394116157,74.));
#365 = VECTOR('',#366,1.);
#366 = DIRECTION('',(0.707106781187,0.707106781187,0.));
#367 = ORIENTED_EDGE('',*,*,#368,.F.);
#368 = EDGE_CURVE('',#369,#361,#371,.T.);
#369 = VERTEX_POINT('',#370);
#370 = CARTESIAN_POINT('',(-64.74429335457,-70.40114760406,74.));
#371 = CIRCLE('',#372,9.);
#372 = AXIS2_PLACEMENT_3D('',#373,#374,#375);
#373 = CARTESIAN_POINT('',(-61.87184335382,-61.87184335382,74.));
#374 = DIRECTION('',(0.,0.,1.));
#375 = DIRECTION('',(1.,0.,0.));
#376 = ORIENTED_EDGE('',*,*,#377,.F.);
#377 = EDGE_CURVE('',#378,#369,#380,.T.);
#378 = VERTEX_POINT('',#379);
#379 = CARTESIAN_POINT('',(-76.31700862489,-81.97386287438,74.));
#380 = LINE('',#381,#382);
#381 = CARTESIAN_POINT('',(-27.75394116157,-33.41079541106,74.));
#382 = VECTOR('',#383,1.);
#383 = DIRECTION('',(0.707106781187,0.707106781187,0.));
#384 = ORIENTED_EDGE('',*,*,#385,.T.);
#385 = EDGE_CURVE('',#378,#386,#388,.T.);
#386 = VERTEX_POINT('',#387);
#387 = CARTESIAN_POINT('',(76.317008624891,-81.97386287438,74.));
#388 = CIRCLE('',#389,112.);
#389 = AXIS2_PLACEMENT_3D('',#390,#391,#392);
#390 = CARTESIAN_POINT('',(0.,0.,74.));
#391 = DIRECTION('',(0.,0.,1.));
#392 = DIRECTION('',(1.,0.,0.));
#393 = ORIENTED_EDGE('',*,*,#394,.T.);
#394 = EDGE_CURVE('',#386,#140,#395,.T.);
#395 = LINE('',#396,#397);
#396 = CARTESIAN_POINT('',(27.753941161572,-33.41079541106,74.));
#397 = VECTOR('',#398,1.);
#398 = DIRECTION('',(-0.707106781187,0.707106781187,0.));
#399 = ORIENTED_EDGE('',*,*,#137,.F.);
#400 = ORIENTED_EDGE('',*,*,#401,.F.);
#401 = EDGE_CURVE('',#402,#138,#404,.T.);
#402 = VERTEX_POINT('',#403);
#403 = CARTESIAN_POINT('',(81.973862874384,-76.31700862489,74.));
#404 = LINE('',#405,#406);
#405 = CARTESIAN_POINT('',(33.410795411064,-27.75394116157,74.));
#406 = VECTOR('',#407,1.);
#407 = DIRECTION('',(-0.707106781187,0.707106781187,0.));
#408 = ORIENTED_EDGE('',*,*,#409,.T.);
#409 = EDGE_CURVE('',#402,#410,#412,.T.);
#410 = VERTEX_POINT('',#411);
#411 = CARTESIAN_POINT('',(112.,-2.74320883009E-14,74.));
#412 = CIRCLE('',#413,112.);
#413 = AXIS2_PLACEMENT_3D('',#414,#415,#416);
#414 = CARTESIAN_POINT('',(0.,0.,74.));
#415 = DIRECTION('',(0.,0.,1.));
#416 = DIRECTION('',(1.,0.,0.));
#417 = ORIENTED_EDGE('',*,*,#418,.T.);
#418 = EDGE_CURVE('',#410,#419,#421,.T.);
#419 = VERTEX_POINT('',#420);
#420 = CARTESIAN_POINT('',(81.973862874384,76.317008624891,74.));
#421 = CIRCLE('',#422,112.);
#422 = AXIS2_PLACEMENT_3D('',#423,#424,#425);
#423 = CARTESIAN_POINT('',(0.,0.,74.));
#424 = DIRECTION('',(0.,0.,1.));
#425 = DIRECTION('',(1.,0.,0.));
#426 = ORIENTED_EDGE('',*,*,#427,.T.);
#427 = EDGE_CURVE('',#419,#428,#430,.T.);
#428 = VERTEX_POINT('',#429);
#429 = CARTESIAN_POINT('',(70.401147604065,64.744293354572,74.));
#430 = LINE('',#431,#432);
#431 = CARTESIAN_POINT('',(33.410795411064,27.753941161572,74.));
#432 = VECTOR('',#433,1.);
#433 = DIRECTION('',(-0.707106781187,-0.707106781187,0.));
#434 = ORIENTED_EDGE('',*,*,#435,.F.);
#435 = EDGE_CURVE('',#310,#428,#436,.T.);
#436 = CIRCLE('',#437,9.);
#437 = AXIS2_PLACEMENT_3D('',#438,#439,#440);
#438 = CARTESIAN_POINT('',(61.871843353823,61.871843353823,74.));
#439 = DIRECTION('',(0.,0.,1.));
#440 = DIRECTION('',(1.,0.,0.));
#441 = FACE_BOUND('',#442,.T.);
#442 = EDGE_LOOP('',(#443,#454,#463,#471,#479,#487,#496,#504,#512));
#443 = ORIENTED_EDGE('',*,*,#444,.F.);
#444 = EDGE_CURVE('',#445,#447,#449,.T.);
#445 = VERTEX_POINT('',#446);
#446 = CARTESIAN_POINT('',(77.5,-1.898202538678E-14,74.));
#447 = VERTEX_POINT('',#448);
#448 = CARTESIAN_POINT('',(23.,74.008445464014,74.));
#449 = CIRCLE('',#450,77.5);
#450 = AXIS2_PLACEMENT_3D('',#451,#452,#453);
#451 = CARTESIAN_POINT('',(0.,0.,74.));
#452 = DIRECTION('',(0.,0.,1.));
#453 = DIRECTION('',(1.,0.,0.));
#454 = ORIENTED_EDGE('',*,*,#455,.F.);
#455 = EDGE_CURVE('',#456,#445,#458,.T.);
#456 = VERTEX_POINT('',#457);
#457 = CARTESIAN_POINT('',(13.,-76.40189788218,74.));
#458 = CIRCLE('',#459,77.5);
#459 = AXIS2_PLACEMENT_3D('',#460,#461,#462);
#460 = CARTESIAN_POINT('',(0.,0.,74.));
#461 = DIRECTION('',(0.,0.,1.));
#462 = DIRECTION('',(1.,0.,0.));
#463 = ORIENTED_EDGE('',*,*,#464,.F.);
#464 = EDGE_CURVE('',#465,#456,#467,.T.);
#465 = VERTEX_POINT('',#466);
#466 = CARTESIAN_POINT('',(13.,-79.,74.));
#467 = LINE('',#468,#469);
#468 = CARTESIAN_POINT('',(13.,-39.5,74.));
#469 = VECTOR('',#470,1.);
#470 = DIRECTION('',(0.,1.,0.));
#471 = ORIENTED_EDGE('',*,*,#472,.T.);
#472 = EDGE_CURVE('',#465,#473,#475,.T.);
#473 = VERTEX_POINT('',#474);
#474 = CARTESIAN_POINT('',(-13.,-79.,74.));
#475 = LINE('',#476,#477);
#476 = CARTESIAN_POINT('',(-6.5,-79.,74.));
#477 = VECTOR('',#478,1.);
#478 = DIRECTION('',(-1.,0.,0.));
#479 = ORIENTED_EDGE('',*,*,#480,.T.);
#480 = EDGE_CURVE('',#473,#481,#483,.T.);
#481 = VERTEX_POINT('',#482);
#482 = CARTESIAN_POINT('',(-13.,-76.40189788218,74.));
#483 = LINE('',#484,#485);
#484 = CARTESIAN_POINT('',(-13.,-39.5,74.));
#485 = VECTOR('',#486,1.);
#486 = DIRECTION('',(0.,1.,0.));
#487 = ORIENTED_EDGE('',*,*,#488,.F.);
#488 = EDGE_CURVE('',#489,#481,#491,.T.);
#489 = VERTEX_POINT('',#490);
#490 = CARTESIAN_POINT('',(-23.,74.008445464014,74.));
#491 = CIRCLE('',#492,77.5);
#492 = AXIS2_PLACEMENT_3D('',#493,#494,#495);
#493 = CARTESIAN_POINT('',(0.,0.,74.));
#494 = DIRECTION('',(0.,0.,1.));
#495 = DIRECTION('',(1.,0.,0.));
#496 = ORIENTED_EDGE('',*,*,#497,.T.);
#497 = EDGE_CURVE('',#489,#498,#500,.T.);
#498 = VERTEX_POINT('',#499);
#499 = CARTESIAN_POINT('',(-23.,83.,74.));
#500 = LINE('',#501,#502);
#501 = CARTESIAN_POINT('',(-23.,18.5,74.));
#502 = VECTOR('',#503,1.);
#503 = DIRECTION('',(0.,1.,0.));
#504 = ORIENTED_EDGE('',*,*,#505,.F.);
#505 = EDGE_CURVE('',#506,#498,#508,.T.);
#506 = VERTEX_POINT('',#507);
#507 = CARTESIAN_POINT('',(23.,83.,74.));
#508 = LINE('',#509,#510);
#509 = CARTESIAN_POINT('',(-11.5,83.,74.));
#510 = VECTOR('',#511,1.);
#511 = DIRECTION('',(-1.,0.,0.));
#512 = ORIENTED_EDGE('',*,*,#513,.F.);
#513 = EDGE_CURVE('',#447,#506,#514,.T.);
#514 = LINE('',#515,#516);
#515 = CARTESIAN_POINT('',(23.,18.5,74.));
#516 = VECTOR('',#517,1.);
#517 = DIRECTION('',(0.,1.,0.));
#518 = PLANE('',#519);
#519 = AXIS2_PLACEMENT_3D('',#520,#521,#522);
#520 = CARTESIAN_POINT('',(0.,0.,74.));
#521 = DIRECTION('',(0.,0.,1.));
#522 = DIRECTION('',(1.,0.,0.));
#523 = ADVANCED_FACE('',(#524),#542,.T.);
#524 = FACE_BOUND('',#525,.T.);
#525 = EDGE_LOOP('',(#526,#527,#528,#536));
#526 = ORIENTED_EDGE('',*,*,#401,.T.);
#527 = ORIENTED_EDGE('',*,*,#174,.T.);
#528 = ORIENTED_EDGE('',*,*,#529,.T.);
#529 = EDGE_CURVE('',#166,#530,#532,.T.);
#530 = VERTEX_POINT('',#531);
#531 = CARTESIAN_POINT('',(81.973862874383,-76.31700862489,158.));
#532 = LINE('',#533,#534);
#533 = CARTESIAN_POINT('',(63.993163697383,-58.33630944789,158.));
#534 = VECTOR('',#535,1.);
#535 = DIRECTION('',(0.707106781187,-0.707106781187,0.));
#536 = ORIENTED_EDGE('',*,*,#537,.F.);
#537 = EDGE_CURVE('',#402,#530,#538,.T.);
#538 = LINE('',#539,#540);
#539 = CARTESIAN_POINT('',(81.973862874384,-76.31700862489,70.));
#540 = VECTOR('',#541,1.);
#541 = DIRECTION('',(0.,0.,1.));
#542 = PLANE('',#543);
#543 = AXIS2_PLACEMENT_3D('',#544,#545,#546);
#544 = CARTESIAN_POINT('',(63.993163697383,-58.33630944789,70.));
#545 = DIRECTION('',(0.707106781187,0.707106781187,0.));
#546 = DIRECTION('',(0.,0.,1.));
#547 = ADVANCED_FACE('',(#548,#559,#717,#728,#739,#750),#761,.T.);
#548 = FACE_BOUND('',#549,.T.);
#549 = EDGE_LOOP('',(#550));
#550 = ORIENTED_EDGE('',*,*,#551,.T.);
#551 = EDGE_CURVE('',#552,#552,#554,.T.);
#552 = VERTEX_POINT('',#553);
#553 = CARTESIAN_POINT('',(116.,-2.841180574022E-14,158.));
#554 = CIRCLE('',#555,116.);
#555 = AXIS2_PLACEMENT_3D('',#556,#557,#558);
#556 = CARTESIAN_POINT('',(0.,0.,158.));
#557 = DIRECTION('',(0.,0.,1.));
#558 = DIRECTION('',(1.,0.,0.));
#559 = FACE_BOUND('',#560,.T.);
#560 = EDGE_LOOP('',(#561,#572,#579,#580,#581,#582,#590,#599,#607,#616,
    #625,#633,#642,#650,#659,#668,#676,#685,#693,#702,#711));
#561 = ORIENTED_EDGE('',*,*,#562,.F.);
#562 = EDGE_CURVE('',#563,#565,#567,.T.);
#563 = VERTEX_POINT('',#564);
#564 = CARTESIAN_POINT('',(112.,-2.74320883009E-14,158.));
#565 = VERTEX_POINT('',#566);
#566 = CARTESIAN_POINT('',(81.973862874383,76.317008624892,158.));
#567 = CIRCLE('',#568,112.);
#568 = AXIS2_PLACEMENT_3D('',#569,#570,#571);
#569 = CARTESIAN_POINT('',(0.,0.,158.));
#570 = DIRECTION('',(0.,0.,1.));
#571 = DIRECTION('',(1.,0.,0.));
#572 = ORIENTED_EDGE('',*,*,#573,.F.);
#573 = EDGE_CURVE('',#530,#563,#574,.T.);
#574 = CIRCLE('',#575,112.);
#575 = AXIS2_PLACEMENT_3D('',#576,#577,#578);
#576 = CARTESIAN_POINT('',(0.,0.,158.));
#577 = DIRECTION('',(0.,0.,1.));
#578 = DIRECTION('',(1.,0.,0.));
#579 = ORIENTED_EDGE('',*,*,#529,.F.);
#580 = ORIENTED_EDGE('',*,*,#165,.T.);
#581 = ORIENTED_EDGE('',*,*,#156,.T.);
#582 = ORIENTED_EDGE('',*,*,#583,.T.);
#583 = EDGE_CURVE('',#149,#584,#586,.T.);
#584 = VERTEX_POINT('',#585);
#585 = CARTESIAN_POINT('',(76.317008624892,-81.97386287438,158.));
#586 = LINE('',#587,#588);
#587 = CARTESIAN_POINT('',(58.33630944789,-63.99316369738,158.));
#588 = VECTOR('',#589,1.);
#589 = DIRECTION('',(0.707106781187,-0.707106781187,0.));
#590 = ORIENTED_EDGE('',*,*,#591,.F.);
#591 = EDGE_CURVE('',#592,#584,#594,.T.);
#592 = VERTEX_POINT('',#593);
#593 = CARTESIAN_POINT('',(-76.31700862489,-81.97386287438,158.));
#594 = CIRCLE('',#595,112.);
#595 = AXIS2_PLACEMENT_3D('',#596,#597,#598);
#596 = CARTESIAN_POINT('',(0.,0.,158.));
#597 = DIRECTION('',(0.,0.,1.));
#598 = DIRECTION('',(1.,0.,0.));
#599 = ORIENTED_EDGE('',*,*,#600,.F.);
#600 = EDGE_CURVE('',#601,#592,#603,.T.);
#601 = VERTEX_POINT('',#602);
#602 = CARTESIAN_POINT('',(-64.74429335457,-70.40114760406,158.));
#603 = LINE('',#604,#605);
#604 = CARTESIAN_POINT('',(-58.33630944789,-63.99316369738,158.));
#605 = VECTOR('',#606,1.);
#606 = DIRECTION('',(-0.707106781187,-0.707106781187,0.));
#607 = ORIENTED_EDGE('',*,*,#608,.T.);
#608 = EDGE_CURVE('',#601,#609,#611,.T.);
#609 = VERTEX_POINT('',#610);
#610 = CARTESIAN_POINT('',(-52.87184335382,-61.87184335382,158.));
#611 = CIRCLE('',#612,9.);
#612 = AXIS2_PLACEMENT_3D('',#613,#614,#615);
#613 = CARTESIAN_POINT('',(-61.87184335382,-61.87184335382,158.));
#614 = DIRECTION('',(0.,0.,1.));
#615 = DIRECTION('',(1.,0.,0.));
#616 = ORIENTED_EDGE('',*,*,#617,.T.);
#617 = EDGE_CURVE('',#609,#618,#620,.T.);
#618 = VERTEX_POINT('',#619);
#619 = CARTESIAN_POINT('',(-70.40114760406,-64.74429335457,158.));
#620 = CIRCLE('',#621,9.);
#621 = AXIS2_PLACEMENT_3D('',#622,#623,#624);
#622 = CARTESIAN_POINT('',(-61.87184335382,-61.87184335382,158.));
#623 = DIRECTION('',(0.,0.,1.));
#624 = DIRECTION('',(1.,0.,0.));
#625 = ORIENTED_EDGE('',*,*,#626,.T.);
#626 = EDGE_CURVE('',#618,#627,#629,.T.);
#627 = VERTEX_POINT('',#628);
#628 = CARTESIAN_POINT('',(-81.97386287438,-76.31700862489,158.));
#629 = LINE('',#630,#631);
#630 = CARTESIAN_POINT('',(-63.99316369738,-58.33630944789,158.));
#631 = VECTOR('',#632,1.);
#632 = DIRECTION('',(-0.707106781187,-0.707106781187,0.));
#633 = ORIENTED_EDGE('',*,*,#634,.F.);
#634 = EDGE_CURVE('',#635,#627,#637,.T.);
#635 = VERTEX_POINT('',#636);
#636 = CARTESIAN_POINT('',(-81.97386287438,76.317008624892,158.));
#637 = CIRCLE('',#638,112.);
#638 = AXIS2_PLACEMENT_3D('',#639,#640,#641);
#639 = CARTESIAN_POINT('',(0.,0.,158.));
#640 = DIRECTION('',(0.,0.,1.));
#641 = DIRECTION('',(1.,0.,0.));
#642 = ORIENTED_EDGE('',*,*,#643,.F.);
#643 = EDGE_CURVE('',#644,#635,#646,.T.);
#644 = VERTEX_POINT('',#645);
#645 = CARTESIAN_POINT('',(-70.40114760406,64.744293354572,158.));
#646 = LINE('',#647,#648);
#647 = CARTESIAN_POINT('',(-63.99316369738,58.33630944789,158.));
#648 = VECTOR('',#649,1.);
#649 = DIRECTION('',(-0.707106781187,0.707106781187,0.));
#650 = ORIENTED_EDGE('',*,*,#651,.T.);
#651 = EDGE_CURVE('',#644,#652,#654,.T.);
#652 = VERTEX_POINT('',#653);
#653 = CARTESIAN_POINT('',(-52.87184335382,61.871843353823,158.));
#654 = CIRCLE('',#655,9.);
#655 = AXIS2_PLACEMENT_3D('',#656,#657,#658);
#656 = CARTESIAN_POINT('',(-61.87184335382,61.871843353823,158.));
#657 = DIRECTION('',(0.,0.,1.));
#658 = DIRECTION('',(1.,0.,0.));
#659 = ORIENTED_EDGE('',*,*,#660,.T.);
#660 = EDGE_CURVE('',#652,#661,#663,.T.);
#661 = VERTEX_POINT('',#662);
#662 = CARTESIAN_POINT('',(-64.74429335457,70.401147604065,158.));
#663 = CIRCLE('',#664,9.);
#664 = AXIS2_PLACEMENT_3D('',#665,#666,#667);
#665 = CARTESIAN_POINT('',(-61.87184335382,61.871843353823,158.));
#666 = DIRECTION('',(0.,0.,1.));
#667 = DIRECTION('',(1.,0.,0.));
#668 = ORIENTED_EDGE('',*,*,#669,.T.);
#669 = EDGE_CURVE('',#661,#670,#672,.T.);
#670 = VERTEX_POINT('',#671);
#671 = CARTESIAN_POINT('',(-76.31700862489,81.973862874383,158.));
#672 = LINE('',#673,#674);
#673 = CARTESIAN_POINT('',(-58.33630944789,63.993163697383,158.));
#674 = VECTOR('',#675,1.);
#675 = DIRECTION('',(-0.707106781187,0.707106781187,0.));
#676 = ORIENTED_EDGE('',*,*,#677,.F.);
#677 = EDGE_CURVE('',#678,#670,#680,.T.);
#678 = VERTEX_POINT('',#679);
#679 = CARTESIAN_POINT('',(76.317008624892,81.973862874383,158.));
#680 = CIRCLE('',#681,112.);
#681 = AXIS2_PLACEMENT_3D('',#682,#683,#684);
#682 = CARTESIAN_POINT('',(0.,0.,158.));
#683 = DIRECTION('',(0.,0.,1.));
#684 = DIRECTION('',(1.,0.,0.));
#685 = ORIENTED_EDGE('',*,*,#686,.F.);
#686 = EDGE_CURVE('',#687,#678,#689,.T.);
#687 = VERTEX_POINT('',#688);
#688 = CARTESIAN_POINT('',(64.744293354572,70.401147604065,158.));
#689 = LINE('',#690,#691);
#690 = CARTESIAN_POINT('',(58.33630944789,63.993163697383,158.));
#691 = VECTOR('',#692,1.);
#692 = DIRECTION('',(0.707106781187,0.707106781187,0.));
#693 = ORIENTED_EDGE('',*,*,#694,.T.);
#694 = EDGE_CURVE('',#687,#695,#697,.T.);
#695 = VERTEX_POINT('',#696);
#696 = CARTESIAN_POINT('',(70.871843353823,61.871843353823,158.));
#697 = CIRCLE('',#698,9.);
#698 = AXIS2_PLACEMENT_3D('',#699,#700,#701);
#699 = CARTESIAN_POINT('',(61.871843353823,61.871843353823,158.));
#700 = DIRECTION('',(0.,0.,1.));
#701 = DIRECTION('',(1.,0.,0.));
#702 = ORIENTED_EDGE('',*,*,#703,.T.);
#703 = EDGE_CURVE('',#695,#704,#706,.T.);
#704 = VERTEX_POINT('',#705);
#705 = CARTESIAN_POINT('',(70.401147604065,64.744293354573,158.));
#706 = CIRCLE('',#707,9.);
#707 = AXIS2_PLACEMENT_3D('',#708,#709,#710);
#708 = CARTESIAN_POINT('',(61.871843353823,61.871843353823,158.));
#709 = DIRECTION('',(0.,0.,1.));
#710 = DIRECTION('',(1.,0.,0.));
#711 = ORIENTED_EDGE('',*,*,#712,.T.);
#712 = EDGE_CURVE('',#704,#565,#713,.T.);
#713 = LINE('',#714,#715);
#714 = CARTESIAN_POINT('',(63.993163697383,58.33630944789,158.));
#715 = VECTOR('',#716,1.);
#716 = DIRECTION('',(0.707106781187,0.707106781187,0.));
#717 = FACE_BOUND('',#718,.T.);
#718 = EDGE_LOOP('',(#719));
#719 = ORIENTED_EDGE('',*,*,#720,.T.);
#720 = EDGE_CURVE('',#721,#721,#723,.T.);
#721 = VERTEX_POINT('',#722);
#722 = CARTESIAN_POINT('',(59.621843353823,-61.87184335382,158.));
#723 = CIRCLE('',#724,2.25);
#724 = AXIS2_PLACEMENT_3D('',#725,#726,#727);
#725 = CARTESIAN_POINT('',(61.871843353823,-61.87184335382,158.));
#726 = DIRECTION('',(0.,0.,-1.));
#727 = DIRECTION('',(-1.,0.,0.));
#728 = FACE_BOUND('',#729,.T.);
#729 = EDGE_LOOP('',(#730));
#730 = ORIENTED_EDGE('',*,*,#731,.T.);
#731 = EDGE_CURVE('',#732,#732,#734,.T.);
#732 = VERTEX_POINT('',#733);
#733 = CARTESIAN_POINT('',(-64.12184335382,-61.87184335382,158.));
#734 = CIRCLE('',#735,2.25);
#735 = AXIS2_PLACEMENT_3D('',#736,#737,#738);
#736 = CARTESIAN_POINT('',(-61.87184335382,-61.87184335382,158.));
#737 = DIRECTION('',(0.,0.,-1.));
#738 = DIRECTION('',(-1.,0.,0.));
#739 = FACE_BOUND('',#740,.T.);
#740 = EDGE_LOOP('',(#741));
#741 = ORIENTED_EDGE('',*,*,#742,.T.);
#742 = EDGE_CURVE('',#743,#743,#745,.T.);
#743 = VERTEX_POINT('',#744);
#744 = CARTESIAN_POINT('',(-64.12184335382,61.871843353823,158.));
#745 = CIRCLE('',#746,2.25);
#746 = AXIS2_PLACEMENT_3D('',#747,#748,#749);
#747 = CARTESIAN_POINT('',(-61.87184335382,61.871843353823,158.));
#748 = DIRECTION('',(0.,0.,-1.));
#749 = DIRECTION('',(-1.,0.,0.));
#750 = FACE_BOUND('',#751,.T.);
#751 = EDGE_LOOP('',(#752));
#752 = ORIENTED_EDGE('',*,*,#753,.T.);
#753 = EDGE_CURVE('',#754,#754,#756,.T.);
#754 = VERTEX_POINT('',#755);
#755 = CARTESIAN_POINT('',(59.621843353823,61.871843353823,158.));
#756 = CIRCLE('',#757,2.25);
#757 = AXIS2_PLACEMENT_3D('',#758,#759,#760);
#758 = CARTESIAN_POINT('',(61.871843353823,61.871843353823,158.));
#759 = DIRECTION('',(0.,0.,-1.));
#760 = DIRECTION('',(-1.,0.,0.));
#761 = PLANE('',#762);
#762 = AXIS2_PLACEMENT_3D('',#763,#764,#765);
#763 = CARTESIAN_POINT('',(0.,0.,158.));
#764 = DIRECTION('',(0.,0.,1.));
#765 = DIRECTION('',(1.,0.,0.));
#766 = ADVANCED_FACE('',(#767),#778,.F.);
#767 = FACE_BOUND('',#768,.F.);
#768 = EDGE_LOOP('',(#769,#770,#771,#772));
#769 = ORIENTED_EDGE('',*,*,#394,.T.);
#770 = ORIENTED_EDGE('',*,*,#148,.T.);
#771 = ORIENTED_EDGE('',*,*,#583,.T.);
#772 = ORIENTED_EDGE('',*,*,#773,.F.);
#773 = EDGE_CURVE('',#386,#584,#774,.T.);
#774 = LINE('',#775,#776);
#775 = CARTESIAN_POINT('',(76.317008624891,-81.97386287438,70.));
#776 = VECTOR('',#777,1.);
#777 = DIRECTION('',(0.,0.,1.));
#778 = PLANE('',#779);
#779 = AXIS2_PLACEMENT_3D('',#780,#781,#782);
#780 = CARTESIAN_POINT('',(58.33630944789,-63.99316369738,70.));
#781 = DIRECTION('',(0.707106781187,0.707106781187,0.));
#782 = DIRECTION('',(0.,0.,1.));
#783 = ADVANCED_FACE('',(#784,#809),#820,.T.);
#784 = FACE_BOUND('',#785,.T.);
#785 = EDGE_LOOP('',(#786,#794,#802,#808));
#786 = ORIENTED_EDGE('',*,*,#787,.F.);
#787 = EDGE_CURVE('',#788,#185,#790,.T.);
#788 = VERTEX_POINT('',#789);
#789 = CARTESIAN_POINT('',(61.871843353823,-67.17514421272,77.15));
#790 = LINE('',#791,#792);
#791 = CARTESIAN_POINT('',(61.871843353823,-67.17514421272,77.15));
#792 = VECTOR('',#793,1.);
#793 = DIRECTION('',(-0.707106781187,0.707106781187,0.));
#794 = ORIENTED_EDGE('',*,*,#795,.F.);
#795 = EDGE_CURVE('',#796,#788,#798,.T.);
#796 = VERTEX_POINT('',#797);
#797 = CARTESIAN_POINT('',(67.175144212722,-61.87184335382,77.15));
#798 = LINE('',#799,#800);
#799 = CARTESIAN_POINT('',(67.175144212722,-61.87184335382,77.15));
#800 = VECTOR('',#801,1.);
#801 = DIRECTION('',(-0.707106781187,-0.707106781187,0.));
#802 = ORIENTED_EDGE('',*,*,#803,.T.);
#803 = EDGE_CURVE('',#796,#183,#804,.T.);
#804 = LINE('',#805,#806);
#805 = CARTESIAN_POINT('',(67.175144212722,-61.87184335382,77.15));
#806 = VECTOR('',#807,1.);
#807 = DIRECTION('',(-0.707106781187,0.707106781187,0.));
#808 = ORIENTED_EDGE('',*,*,#182,.T.);
#809 = FACE_BOUND('',#810,.T.);
#810 = EDGE_LOOP('',(#811));
#811 = ORIENTED_EDGE('',*,*,#812,.F.);
#812 = EDGE_CURVE('',#813,#813,#815,.T.);
#813 = VERTEX_POINT('',#814);
#814 = CARTESIAN_POINT('',(64.121843353823,-61.87184335382,77.15));
#815 = CIRCLE('',#816,2.25);
#816 = AXIS2_PLACEMENT_3D('',#817,#818,#819);
#817 = CARTESIAN_POINT('',(61.871843353823,-61.87184335382,77.15));
#818 = DIRECTION('',(0.,0.,1.));
#819 = DIRECTION('',(1.,0.,0.));
#820 = PLANE('',#821);
#821 = AXIS2_PLACEMENT_3D('',#822,#823,#824);
#822 = CARTESIAN_POINT('',(67.175144212722,-61.87184335382,77.15));
#823 = DIRECTION('',(0.,0.,1.));
#824 = DIRECTION('',(-0.707106781187,0.707106781187,0.));
#825 = ADVANCED_FACE('',(#826),#844,.T.);
#826 = FACE_BOUND('',#827,.T.);
#827 = EDGE_LOOP('',(#828,#829,#837,#843));
#828 = ORIENTED_EDGE('',*,*,#803,.F.);
#829 = ORIENTED_EDGE('',*,*,#830,.T.);
#830 = EDGE_CURVE('',#796,#831,#833,.T.);
#831 = VERTEX_POINT('',#832);
#832 = CARTESIAN_POINT('',(67.175144212722,-61.87184335382,80.85));
#833 = LINE('',#834,#835);
#834 = CARTESIAN_POINT('',(67.175144212722,-61.87184335382,77.15));
#835 = VECTOR('',#836,1.);
#836 = DIRECTION('',(0.,0.,1.));
#837 = ORIENTED_EDGE('',*,*,#838,.T.);
#838 = EDGE_CURVE('',#831,#194,#839,.T.);
#839 = LINE('',#840,#841);
#840 = CARTESIAN_POINT('',(67.175144212722,-61.87184335382,80.85));
#841 = VECTOR('',#842,1.);
#842 = DIRECTION('',(-0.707106781187,0.707106781187,0.));
#843 = ORIENTED_EDGE('',*,*,#193,.F.);
#844 = PLANE('',#845);
#845 = AXIS2_PLACEMENT_3D('',#846,#847,#848);
#846 = CARTESIAN_POINT('',(67.175144212722,-61.87184335382,77.15));
#847 = DIRECTION('',(-0.707106781187,-0.707106781187,0.));
#848 = DIRECTION('',(0.,0.,1.));
#849 = ADVANCED_FACE('',(#850),#868,.F.);
#850 = FACE_BOUND('',#851,.F.);
#851 = EDGE_LOOP('',(#852,#853,#861,#867));
#852 = ORIENTED_EDGE('',*,*,#787,.F.);
#853 = ORIENTED_EDGE('',*,*,#854,.T.);
#854 = EDGE_CURVE('',#788,#855,#857,.T.);
#855 = VERTEX_POINT('',#856);
#856 = CARTESIAN_POINT('',(61.871843353823,-67.17514421272,80.85));
#857 = LINE('',#858,#859);
#858 = CARTESIAN_POINT('',(61.871843353823,-67.17514421272,77.15));
#859 = VECTOR('',#860,1.);
#860 = DIRECTION('',(0.,0.,1.));
#861 = ORIENTED_EDGE('',*,*,#862,.T.);
#862 = EDGE_CURVE('',#855,#202,#863,.T.);
#863 = LINE('',#864,#865);
#864 = CARTESIAN_POINT('',(61.871843353823,-67.17514421272,80.85));
#865 = VECTOR('',#866,1.);
#866 = DIRECTION('',(-0.707106781187,0.707106781187,0.));
#867 = ORIENTED_EDGE('',*,*,#210,.F.);
#868 = PLANE('',#869);
#869 = AXIS2_PLACEMENT_3D('',#870,#871,#872);
#870 = CARTESIAN_POINT('',(61.871843353823,-67.17514421272,77.15));
#871 = DIRECTION('',(-0.707106781187,-0.707106781187,0.));
#872 = DIRECTION('',(0.,0.,1.));
#873 = ADVANCED_FACE('',(#874,#885),#896,.F.);
#874 = FACE_BOUND('',#875,.F.);
#875 = EDGE_LOOP('',(#876,#877,#883,#884));
#876 = ORIENTED_EDGE('',*,*,#862,.F.);
#877 = ORIENTED_EDGE('',*,*,#878,.F.);
#878 = EDGE_CURVE('',#831,#855,#879,.T.);
#879 = LINE('',#880,#881);
#880 = CARTESIAN_POINT('',(67.175144212722,-61.87184335382,80.85));
#881 = VECTOR('',#882,1.);
#882 = DIRECTION('',(-0.707106781187,-0.707106781187,0.));
#883 = ORIENTED_EDGE('',*,*,#838,.T.);
#884 = ORIENTED_EDGE('',*,*,#201,.T.);
#885 = FACE_BOUND('',#886,.F.);
#886 = EDGE_LOOP('',(#887));
#887 = ORIENTED_EDGE('',*,*,#888,.F.);
#888 = EDGE_CURVE('',#889,#889,#891,.T.);
#889 = VERTEX_POINT('',#890);
#890 = CARTESIAN_POINT('',(64.121843353823,-61.87184335382,80.85));
#891 = CIRCLE('',#892,2.25);
#892 = AXIS2_PLACEMENT_3D('',#893,#894,#895);
#893 = CARTESIAN_POINT('',(61.871843353823,-61.87184335382,80.85));
#894 = DIRECTION('',(0.,0.,1.));
#895 = DIRECTION('',(1.,0.,0.));
#896 = PLANE('',#897);
#897 = AXIS2_PLACEMENT_3D('',#898,#899,#900);
#898 = CARTESIAN_POINT('',(67.175144212722,-61.87184335382,80.85));
#899 = DIRECTION('',(0.,0.,1.));
#900 = DIRECTION('',(-0.707106781187,0.707106781187,0.));
#901 = ADVANCED_FACE('',(#902),#913,.F.);
#902 = FACE_BOUND('',#903,.F.);
#903 = EDGE_LOOP('',(#904,#905,#911,#912));
#904 = ORIENTED_EDGE('',*,*,#720,.T.);
#905 = ORIENTED_EDGE('',*,*,#906,.T.);
#906 = EDGE_CURVE('',#721,#291,#907,.T.);
#907 = LINE('',#908,#909);
#908 = CARTESIAN_POINT('',(59.621843353823,-61.87184335382,158.01));
#909 = VECTOR('',#910,1.);
#910 = DIRECTION('',(0.,0.,-1.));
#911 = ORIENTED_EDGE('',*,*,#290,.F.);
#912 = ORIENTED_EDGE('',*,*,#906,.F.);
#913 = CYLINDRICAL_SURFACE('',#914,2.25);
#914 = AXIS2_PLACEMENT_3D('',#915,#916,#917);
#915 = CARTESIAN_POINT('',(61.871843353823,-61.87184335382,158.01));
#916 = DIRECTION('',(0.,0.,-1.));
#917 = DIRECTION('',(-1.,0.,0.));
#918 = ADVANCED_FACE('',(#919),#935,.T.);
#919 = FACE_BOUND('',#920,.T.);
#920 = EDGE_LOOP('',(#921,#922,#928,#929));
#921 = ORIENTED_EDGE('',*,*,#307,.T.);
#922 = ORIENTED_EDGE('',*,*,#923,.T.);
#923 = EDGE_CURVE('',#310,#687,#924,.T.);
#924 = LINE('',#925,#926);
#925 = CARTESIAN_POINT('',(64.744293354572,70.401147604065,70.));
#926 = VECTOR('',#927,1.);
#927 = DIRECTION('',(0.,0.,1.));
#928 = ORIENTED_EDGE('',*,*,#686,.T.);
#929 = ORIENTED_EDGE('',*,*,#930,.F.);
#930 = EDGE_CURVE('',#308,#678,#931,.T.);
#931 = LINE('',#932,#933);
#932 = CARTESIAN_POINT('',(76.317008624891,81.973862874384,70.));
#933 = VECTOR('',#934,1.);
#934 = DIRECTION('',(0.,0.,1.));
#935 = PLANE('',#936);
#936 = AXIS2_PLACEMENT_3D('',#937,#938,#939);
#937 = CARTESIAN_POINT('',(58.33630944789,63.993163697383,70.));
#938 = DIRECTION('',(-0.707106781187,0.707106781187,0.));
#939 = DIRECTION('',(0.,0.,1.));
#940 = ADVANCED_FACE('',(#941,#953,#989),#1025,.T.);
#941 = FACE_BOUND('',#942,.T.);
#942 = EDGE_LOOP('',(#943,#944,#950,#951,#952));
#943 = ORIENTED_EDGE('',*,*,#435,.T.);
#944 = ORIENTED_EDGE('',*,*,#945,.T.);
#945 = EDGE_CURVE('',#428,#704,#946,.T.);
#946 = LINE('',#947,#948);
#947 = CARTESIAN_POINT('',(70.401147604065,64.744293354572,70.));
#948 = VECTOR('',#949,1.);
#949 = DIRECTION('',(0.,0.,1.));
#950 = ORIENTED_EDGE('',*,*,#703,.F.);
#951 = ORIENTED_EDGE('',*,*,#694,.F.);
#952 = ORIENTED_EDGE('',*,*,#923,.F.);
#953 = FACE_BOUND('',#954,.T.);
#954 = EDGE_LOOP('',(#955,#966,#974,#983));
#955 = ORIENTED_EDGE('',*,*,#956,.F.);
#956 = EDGE_CURVE('',#957,#959,#961,.T.);
#957 = VERTEX_POINT('',#958);
#958 = CARTESIAN_POINT('',(53.43497469167,58.738275550569,77.15));
#959 = VERTEX_POINT('',#960);
#960 = CARTESIAN_POINT('',(58.738275550569,53.43497469167,77.15));
#961 = CIRCLE('',#962,9.);
#962 = AXIS2_PLACEMENT_3D('',#963,#964,#965);
#963 = CARTESIAN_POINT('',(61.871843353823,61.871843353823,77.15));
#964 = DIRECTION('',(0.,0.,1.));
#965 = DIRECTION('',(1.,0.,0.));
#966 = ORIENTED_EDGE('',*,*,#967,.T.);
#967 = EDGE_CURVE('',#957,#968,#970,.T.);
#968 = VERTEX_POINT('',#969);
#969 = CARTESIAN_POINT('',(53.43497469167,58.738275550569,80.85));
#970 = LINE('',#971,#972);
#971 = CARTESIAN_POINT('',(53.43497469167,58.738275550569,70.));
#972 = VECTOR('',#973,1.);
#973 = DIRECTION('',(0.,0.,1.));
#974 = ORIENTED_EDGE('',*,*,#975,.T.);
#975 = EDGE_CURVE('',#968,#976,#978,.T.);
#976 = VERTEX_POINT('',#977);
#977 = CARTESIAN_POINT('',(58.738275550569,53.43497469167,80.85));
#978 = CIRCLE('',#979,9.);
#979 = AXIS2_PLACEMENT_3D('',#980,#981,#982);
#980 = CARTESIAN_POINT('',(61.871843353823,61.871843353823,80.85));
#981 = DIRECTION('',(0.,0.,1.));
#982 = DIRECTION('',(1.,0.,0.));
#983 = ORIENTED_EDGE('',*,*,#984,.F.);
#984 = EDGE_CURVE('',#959,#976,#985,.T.);
#985 = LINE('',#986,#987);
#986 = CARTESIAN_POINT('',(58.738275550569,53.43497469167,70.));
#987 = VECTOR('',#988,1.);
#988 = DIRECTION('',(0.,0.,1.));
#989 = FACE_BOUND('',#990,.T.);
#990 = EDGE_LOOP('',(#991,#1001,#1010,#1018));
#991 = ORIENTED_EDGE('',*,*,#992,.F.);
#992 = EDGE_CURVE('',#993,#995,#997,.T.);
#993 = VERTEX_POINT('',#994);
#994 = CARTESIAN_POINT('',(58.738275550569,53.43497469167,147.15));
#995 = VERTEX_POINT('',#996);
#996 = CARTESIAN_POINT('',(58.738275550569,53.43497469167,150.85));
#997 = LINE('',#998,#999);
#998 = CARTESIAN_POINT('',(58.738275550569,53.43497469167,70.));
#999 = VECTOR('',#1000,1.);
#1000 = DIRECTION('',(0.,0.,1.));
#1001 = ORIENTED_EDGE('',*,*,#1002,.F.);
#1002 = EDGE_CURVE('',#1003,#993,#1005,.T.);
#1003 = VERTEX_POINT('',#1004);
#1004 = CARTESIAN_POINT('',(53.43497469167,58.738275550569,147.15));
#1005 = CIRCLE('',#1006,9.);
#1006 = AXIS2_PLACEMENT_3D('',#1007,#1008,#1009);
#1007 = CARTESIAN_POINT('',(61.871843353823,61.871843353823,147.15));
#1008 = DIRECTION('',(0.,0.,1.));
#1009 = DIRECTION('',(1.,0.,0.));
#1010 = ORIENTED_EDGE('',*,*,#1011,.T.);
#1011 = EDGE_CURVE('',#1003,#1012,#1014,.T.);
#1012 = VERTEX_POINT('',#1013);
#1013 = CARTESIAN_POINT('',(53.43497469167,58.738275550569,150.85));
#1014 = LINE('',#1015,#1016);
#1015 = CARTESIAN_POINT('',(53.43497469167,58.738275550569,70.));
#1016 = VECTOR('',#1017,1.);
#1017 = DIRECTION('',(0.,0.,1.));
#1018 = ORIENTED_EDGE('',*,*,#1019,.T.);
#1019 = EDGE_CURVE('',#1012,#995,#1020,.T.);
#1020 = CIRCLE('',#1021,9.);
#1021 = AXIS2_PLACEMENT_3D('',#1022,#1023,#1024);
#1022 = CARTESIAN_POINT('',(61.871843353823,61.871843353823,150.85));
#1023 = DIRECTION('',(0.,0.,1.));
#1024 = DIRECTION('',(1.,0.,0.));
#1025 = CYLINDRICAL_SURFACE('',#1026,9.);
#1026 = AXIS2_PLACEMENT_3D('',#1027,#1028,#1029);
#1027 = CARTESIAN_POINT('',(61.871843353823,61.871843353823,70.));
#1028 = DIRECTION('',(0.,0.,1.));
#1029 = DIRECTION('',(1.,0.,0.));
#1030 = ADVANCED_FACE('',(#1031),#1042,.F.);
#1031 = FACE_BOUND('',#1032,.F.);
#1032 = EDGE_LOOP('',(#1033,#1034,#1035,#1036));
#1033 = ORIENTED_EDGE('',*,*,#427,.T.);
#1034 = ORIENTED_EDGE('',*,*,#945,.T.);
#1035 = ORIENTED_EDGE('',*,*,#712,.T.);
#1036 = ORIENTED_EDGE('',*,*,#1037,.F.);
#1037 = EDGE_CURVE('',#419,#565,#1038,.T.);
#1038 = LINE('',#1039,#1040);
#1039 = CARTESIAN_POINT('',(81.973862874384,76.317008624891,70.));
#1040 = VECTOR('',#1041,1.);
#1041 = DIRECTION('',(0.,0.,1.));
#1042 = PLANE('',#1043);
#1043 = AXIS2_PLACEMENT_3D('',#1044,#1045,#1046);
#1044 = CARTESIAN_POINT('',(63.993163697383,58.33630944789,70.));
#1045 = DIRECTION('',(-0.707106781187,0.707106781187,0.));
#1046 = DIRECTION('',(0.,0.,1.));
#1047 = ADVANCED_FACE('',(#1048),#1056,.F.);
#1048 = FACE_BOUND('',#1049,.F.);
#1049 = EDGE_LOOP('',(#1050,#1051,#1052,#1053,#1054,#1055));
#1050 = ORIENTED_EDGE('',*,*,#537,.F.);
#1051 = ORIENTED_EDGE('',*,*,#409,.T.);
#1052 = ORIENTED_EDGE('',*,*,#418,.T.);
#1053 = ORIENTED_EDGE('',*,*,#1037,.T.);
#1054 = ORIENTED_EDGE('',*,*,#562,.F.);
#1055 = ORIENTED_EDGE('',*,*,#573,.F.);
#1056 = CYLINDRICAL_SURFACE('',#1057,112.);
#1057 = AXIS2_PLACEMENT_3D('',#1058,#1059,#1060);
#1058 = CARTESIAN_POINT('',(0.,0.,70.));
#1059 = DIRECTION('',(0.,0.,1.));
#1060 = DIRECTION('',(1.,0.,0.));
#1061 = ADVANCED_FACE('',(#1062,#1073,#1109,#1162,#1198,#1236,#1306,
    #1408,#1478,#1576,#1629,#1805,#1841,#1978,#2048,#2215,#2268,#2321,
    #2398,#2451,#2609,#2679,#2749,#2802),#2855,.F.);
#1062 = FACE_BOUND('',#1063,.F.);
#1063 = EDGE_LOOP('',(#1064,#1070,#1071,#1072));
#1064 = ORIENTED_EDGE('',*,*,#1065,.F.);
#1065 = EDGE_CURVE('',#378,#592,#1066,.T.);
#1066 = LINE('',#1067,#1068);
#1067 = CARTESIAN_POINT('',(-76.31700862489,-81.97386287438,70.));
#1068 = VECTOR('',#1069,1.);
#1069 = DIRECTION('',(0.,0.,1.));
#1070 = ORIENTED_EDGE('',*,*,#385,.T.);
#1071 = ORIENTED_EDGE('',*,*,#773,.T.);
#1072 = ORIENTED_EDGE('',*,*,#591,.F.);
#1073 = FACE_BOUND('',#1074,.F.);
#1074 = EDGE_LOOP('',(#1075,#1086,#1094,#1103));
#1075 = ORIENTED_EDGE('',*,*,#1076,.F.);
#1076 = EDGE_CURVE('',#1077,#1079,#1081,.T.);
#1077 = VERTEX_POINT('',#1078);
#1078 = CARTESIAN_POINT('',(-7.,-111.7810359586,88.));
#1079 = VERTEX_POINT('',#1080);
#1080 = CARTESIAN_POINT('',(7.,-111.7810359586,88.));
#1081 = CIRCLE('',#1082,112.);
#1082 = AXIS2_PLACEMENT_3D('',#1083,#1084,#1085);
#1083 = CARTESIAN_POINT('',(0.,0.,88.));
#1084 = DIRECTION('',(0.,0.,1.));
#1085 = DIRECTION('',(1.,0.,0.));
#1086 = ORIENTED_EDGE('',*,*,#1087,.T.);
#1087 = EDGE_CURVE('',#1077,#1088,#1090,.T.);
#1088 = VERTEX_POINT('',#1089);
#1089 = CARTESIAN_POINT('',(-7.,-111.7810359586,96.));
#1090 = LINE('',#1091,#1092);
#1091 = CARTESIAN_POINT('',(-7.,-111.7810359586,70.));
#1092 = VECTOR('',#1093,1.);
#1093 = DIRECTION('',(0.,0.,1.));
#1094 = ORIENTED_EDGE('',*,*,#1095,.T.);
#1095 = EDGE_CURVE('',#1088,#1096,#1098,.T.);
#1096 = VERTEX_POINT('',#1097);
#1097 = CARTESIAN_POINT('',(7.,-111.7810359586,96.));
#1098 = CIRCLE('',#1099,112.);
#1099 = AXIS2_PLACEMENT_3D('',#1100,#1101,#1102);
#1100 = CARTESIAN_POINT('',(0.,0.,96.));
#1101 = DIRECTION('',(0.,0.,1.));
#1102 = DIRECTION('',(1.,0.,0.));
#1103 = ORIENTED_EDGE('',*,*,#1104,.F.);
#1104 = EDGE_CURVE('',#1079,#1096,#1105,.T.);
#1105 = LINE('',#1106,#1107);
#1106 = CARTESIAN_POINT('',(7.,-111.7810359586,70.));
#1107 = VECTOR('',#1108,1.);
#1108 = DIRECTION('',(0.,0.,1.));
#1109 = FACE_BOUND('',#1110,.F.);
#1110 = EDGE_LOOP('',(#1111,#1122,#1130,#1139,#1147,#1156));
#1111 = ORIENTED_EDGE('',*,*,#1112,.F.);
#1112 = EDGE_CURVE('',#1113,#1115,#1117,.T.);
#1113 = VERTEX_POINT('',#1114);
#1114 = CARTESIAN_POINT('',(-23.94966718336,-109.4093846148,119.));
#1115 = VERTEX_POINT('',#1116);
#1116 = CARTESIAN_POINT('',(-16.38661438862,-110.7947601147,119.));
#1117 = CIRCLE('',#1118,112.);
#1118 = AXIS2_PLACEMENT_3D('',#1119,#1120,#1121);
#1119 = CARTESIAN_POINT('',(0.,0.,119.));
#1120 = DIRECTION('',(0.,0.,1.));
#1121 = DIRECTION('',(1.,0.,0.));
#1122 = ORIENTED_EDGE('',*,*,#1123,.T.);
#1123 = EDGE_CURVE('',#1113,#1124,#1126,.T.);
#1124 = VERTEX_POINT('',#1125);
#1125 = CARTESIAN_POINT('',(-23.94966718336,-109.4093846148,121.56));
#1126 = LINE('',#1127,#1128);
#1127 = CARTESIAN_POINT('',(-23.94966718336,-109.4093846148,70.));
#1128 = VECTOR('',#1129,1.);
#1129 = DIRECTION('',(0.,0.,1.));
#1130 = ORIENTED_EDGE('',*,*,#1131,.T.);
#1131 = EDGE_CURVE('',#1124,#1132,#1134,.T.);
#1132 = VERTEX_POINT('',#1133);
#1133 = CARTESIAN_POINT('',(-21.59715510166,-109.8979658206,121.56));
#1134 = CIRCLE('',#1135,112.);
#1135 = AXIS2_PLACEMENT_3D('',#1136,#1137,#1138);
#1136 = CARTESIAN_POINT('',(0.,0.,121.56));
#1137 = DIRECTION('',(0.,0.,1.));
#1138 = DIRECTION('',(1.,0.,0.));
#1139 = ORIENTED_EDGE('',*,*,#1140,.F.);
#1140 = EDGE_CURVE('',#1141,#1132,#1143,.T.);
#1141 = VERTEX_POINT('',#1142);
#1142 = CARTESIAN_POINT('',(-21.59715510166,-109.8979658206,
    121.10084799854));
#1143 = LINE('',#1144,#1145);
#1144 = CARTESIAN_POINT('',(-21.59715510166,-109.8979658206,70.));
#1145 = VECTOR('',#1146,1.);
#1146 = DIRECTION('',(0.,0.,1.));
#1147 = ORIENTED_EDGE('',*,*,#1148,.T.);
#1148 = EDGE_CURVE('',#1141,#1149,#1151,.T.);
#1149 = VERTEX_POINT('',#1150);
#1150 = CARTESIAN_POINT('',(-16.38661438862,-110.7947601147,
    121.10084799854));
#1151 = CIRCLE('',#1152,112.);
#1152 = AXIS2_PLACEMENT_3D('',#1153,#1154,#1155);
#1153 = CARTESIAN_POINT('',(0.,0.,121.10084799854));
#1154 = DIRECTION('',(0.,0.,1.));
#1155 = DIRECTION('',(1.,0.,0.));
#1156 = ORIENTED_EDGE('',*,*,#1157,.F.);
#1157 = EDGE_CURVE('',#1115,#1149,#1158,.T.);
#1158 = LINE('',#1159,#1160);
#1159 = CARTESIAN_POINT('',(-16.38661438862,-110.7947601147,70.));
#1160 = VECTOR('',#1161,1.);
#1161 = DIRECTION('',(0.,0.,1.));
#1162 = FACE_BOUND('',#1163,.F.);
#1163 = EDGE_LOOP('',(#1164,#1175,#1183,#1192));
#1164 = ORIENTED_EDGE('',*,*,#1165,.F.);
#1165 = EDGE_CURVE('',#1166,#1168,#1170,.T.);
#1166 = VERTEX_POINT('',#1167);
#1167 = CARTESIAN_POINT('',(-13.86559679037,-111.1384057184,119.));
#1168 = VERTEX_POINT('',#1169);
#1169 = CARTESIAN_POINT('',(-11.42883195039,-111.4153571113,119.));
#1170 = CIRCLE('',#1171,112.);
#1171 = AXIS2_PLACEMENT_3D('',#1172,#1173,#1174);
#1172 = CARTESIAN_POINT('',(0.,0.,119.));
#1173 = DIRECTION('',(0.,0.,1.));
#1174 = DIRECTION('',(1.,0.,0.));
#1175 = ORIENTED_EDGE('',*,*,#1176,.T.);
#1176 = EDGE_CURVE('',#1166,#1177,#1179,.T.);
#1177 = VERTEX_POINT('',#1178);
#1178 = CARTESIAN_POINT('',(-13.86559679037,-111.1384057184,121.56));
#1179 = LINE('',#1180,#1181);
#1180 = CARTESIAN_POINT('',(-13.86559679037,-111.1384057184,70.));
#1181 = VECTOR('',#1182,1.);
#1182 = DIRECTION('',(0.,0.,1.));
#1183 = ORIENTED_EDGE('',*,*,#1184,.T.);
#1184 = EDGE_CURVE('',#1177,#1185,#1187,.T.);
#1185 = VERTEX_POINT('',#1186);
#1186 = CARTESIAN_POINT('',(-11.42883195039,-111.4153571113,121.56));
#1187 = CIRCLE('',#1188,112.);
#1188 = AXIS2_PLACEMENT_3D('',#1189,#1190,#1191);
#1189 = CARTESIAN_POINT('',(0.,0.,121.56));
#1190 = DIRECTION('',(0.,0.,1.));
#1191 = DIRECTION('',(1.,0.,0.));
#1192 = ORIENTED_EDGE('',*,*,#1193,.F.);
#1193 = EDGE_CURVE('',#1168,#1185,#1194,.T.);
#1194 = LINE('',#1195,#1196);
#1195 = CARTESIAN_POINT('',(-11.42883195039,-111.4153571113,70.));
#1196 = VECTOR('',#1197,1.);
#1197 = DIRECTION('',(0.,0.,1.));
#1198 = FACE_BOUND('',#1199,.F.);
#1199 = EDGE_LOOP('',(#1200,#1211,#1220,#1229));
#1200 = ORIENTED_EDGE('',*,*,#1201,.T.);
#1201 = EDGE_CURVE('',#1202,#1204,#1206,.T.);
#1202 = VERTEX_POINT('',#1203);
#1203 = CARTESIAN_POINT('',(-7.966809519467,-111.7162922141,119.));
#1204 = VERTEX_POINT('',#1205);
#1205 = CARTESIAN_POINT('',(-9.384660439119,-111.6061295289,121.56));
#1206 = ELLIPSE('',#1207,231.1656381236,112.);
#1207 = AXIS2_PLACEMENT_3D('',#1208,#1209,#1210);
#1208 = CARTESIAN_POINT('',(0.,0.,104.61553116257));
#1209 = DIRECTION('',(-0.874790665847,-1.07580849617E-16,-0.484501074248
    ));
#1210 = DIRECTION('',(-0.484501074248,-5.958344006501E-17,0.874790665847
    ));
#1211 = ORIENTED_EDGE('',*,*,#1212,.T.);
#1212 = EDGE_CURVE('',#1204,#1213,#1215,.T.);
#1213 = VERTEX_POINT('',#1214);
#1214 = CARTESIAN_POINT('',(-6.862013200812,-111.7895915317,121.56));
#1215 = CIRCLE('',#1216,112.);
#1216 = AXIS2_PLACEMENT_3D('',#1217,#1218,#1219);
#1217 = CARTESIAN_POINT('',(0.,0.,121.56));
#1218 = DIRECTION('',(0.,0.,1.));
#1219 = DIRECTION('',(1.,0.,0.));
#1220 = ORIENTED_EDGE('',*,*,#1221,.T.);
#1221 = EDGE_CURVE('',#1213,#1222,#1224,.T.);
#1222 = VERTEX_POINT('',#1223);
#1223 = CARTESIAN_POINT('',(-5.378499133765,-111.8707814716,119.));
#1224 = ELLIPSE('',#1225,223.37774064879,112.);
#1225 = AXIS2_PLACEMENT_3D('',#1226,#1227,#1228);
#1226 = CARTESIAN_POINT('',(0.,0.,109.7186874137));
#1227 = DIRECTION('',(0.865219751852,1.11331575292E-16,0.501392841));
#1228 = DIRECTION('',(-0.501392841,-6.451638986417E-17,0.865219751852));
#1229 = ORIENTED_EDGE('',*,*,#1230,.F.);
#1230 = EDGE_CURVE('',#1202,#1222,#1231,.T.);
#1231 = CIRCLE('',#1232,112.);
#1232 = AXIS2_PLACEMENT_3D('',#1233,#1234,#1235);
#1233 = CARTESIAN_POINT('',(0.,0.,119.));
#1234 = DIRECTION('',(0.,0.,1.));
#1235 = DIRECTION('',(1.,0.,0.));
#1236 = FACE_BOUND('',#1237,.F.);
#1237 = EDGE_LOOP('',(#1238,#1249,#1257,#1266,#1274,#1283,#1291,#1300));
#1238 = ORIENTED_EDGE('',*,*,#1239,.F.);
#1239 = EDGE_CURVE('',#1240,#1242,#1244,.T.);
#1240 = VERTEX_POINT('',#1241);
#1241 = CARTESIAN_POINT('',(-3.613567976657,-111.9416907433,119.));
#1242 = VERTEX_POINT('',#1243);
#1243 = CARTESIAN_POINT('',(3.445062460108,-111.9470032856,119.));
#1244 = CIRCLE('',#1245,112.);
#1245 = AXIS2_PLACEMENT_3D('',#1246,#1247,#1248);
#1246 = CARTESIAN_POINT('',(0.,0.,119.));
#1247 = DIRECTION('',(0.,0.,1.));
#1248 = DIRECTION('',(1.,0.,0.));
#1249 = ORIENTED_EDGE('',*,*,#1250,.T.);
#1250 = EDGE_CURVE('',#1240,#1251,#1253,.T.);
#1251 = VERTEX_POINT('',#1252);
#1252 = CARTESIAN_POINT('',(-3.613567976657,-111.9416907433,
    120.68067839883));
#1253 = LINE('',#1254,#1255);
#1254 = CARTESIAN_POINT('',(-3.613567976657,-111.9416907433,70.));
#1255 = VECTOR('',#1256,1.);
#1256 = DIRECTION('',(0.,0.,1.));
#1257 = ORIENTED_EDGE('',*,*,#1258,.T.);
#1258 = EDGE_CURVE('',#1251,#1259,#1261,.T.);
#1259 = VERTEX_POINT('',#1260);
#1260 = CARTESIAN_POINT('',(-1.277468769946,-111.992714377,
    120.94984954864));
#1261 = ELLIPSE('',#1262,112.74101697888,112.);
#1262 = AXIS2_PLACEMENT_3D('',#1263,#1264,#1265);
#1263 = CARTESIAN_POINT('',(0.,0.,121.09704267155));
#1264 = DIRECTION('',(-0.114465155439,2.20585164282E-16,0.993427263664)
  );
#1265 = DIRECTION('',(0.993427263664,-1.914428153423E-15,0.114465155439)
  );
#1266 = ORIENTED_EDGE('',*,*,#1267,.T.);
#1267 = EDGE_CURVE('',#1259,#1268,#1270,.T.);
#1268 = VERTEX_POINT('',#1269);
#1269 = CARTESIAN_POINT('',(-1.277468769946,-111.992714377,121.56));
#1270 = LINE('',#1271,#1272);
#1271 = CARTESIAN_POINT('',(-1.277468769946,-111.992714377,70.));
#1272 = VECTOR('',#1273,1.);
#1273 = DIRECTION('',(0.,0.,1.));
#1274 = ORIENTED_EDGE('',*,*,#1275,.T.);
#1275 = EDGE_CURVE('',#1268,#1276,#1278,.T.);
#1276 = VERTEX_POINT('',#1277);
#1277 = CARTESIAN_POINT('',(1.058630436765,-111.9949967703,121.56));
#1278 = CIRCLE('',#1279,112.);
#1279 = AXIS2_PLACEMENT_3D('',#1280,#1281,#1282);
#1280 = CARTESIAN_POINT('',(0.,0.,121.56));
#1281 = DIRECTION('',(0.,0.,1.));
#1282 = DIRECTION('',(1.,0.,0.));
#1283 = ORIENTED_EDGE('',*,*,#1284,.F.);
#1284 = EDGE_CURVE('',#1285,#1276,#1287,.T.);
#1285 = VERTEX_POINT('',#1286);
#1286 = CARTESIAN_POINT('',(1.058630436765,-111.9949967703,
    120.94984954864));
#1287 = LINE('',#1288,#1289);
#1288 = CARTESIAN_POINT('',(1.058630436765,-111.9949967703,70.));
#1289 = VECTOR('',#1290,1.);
#1290 = DIRECTION('',(0.,0.,1.));
#1291 = ORIENTED_EDGE('',*,*,#1292,.T.);
#1292 = EDGE_CURVE('',#1285,#1293,#1295,.T.);
#1293 = VERTEX_POINT('',#1294);
#1294 = CARTESIAN_POINT('',(3.445062460108,-111.9470032856,
    120.68067839883));
#1295 = ELLIPSE('',#1296,112.71018610177,112.);
#1296 = AXIS2_PLACEMENT_3D('',#1297,#1298,#1299);
#1297 = CARTESIAN_POINT('',(0.,0.,121.0692549074));
#1298 = DIRECTION('',(0.112081593629,2.206455034077E-16,0.993699006928)
  );
#1299 = DIRECTION('',(-0.993699006928,-1.956210743627E-15,0.112081593629
    ));
#1300 = ORIENTED_EDGE('',*,*,#1301,.F.);
#1301 = EDGE_CURVE('',#1242,#1293,#1302,.T.);
#1302 = LINE('',#1303,#1304);
#1303 = CARTESIAN_POINT('',(3.445062460108,-111.9470032856,70.));
#1304 = VECTOR('',#1305,1.);
#1305 = DIRECTION('',(0.,0.,1.));
#1306 = FACE_BOUND('',#1307,.F.);
#1307 = EDGE_LOOP('',(#1308,#1327,#1335,#1350,#1367,#1376,#1391));
#1308 = ORIENTED_EDGE('',*,*,#1309,.F.);
#1309 = EDGE_CURVE('',#1310,#1312,#1314,.T.);
#1310 = VERTEX_POINT('',#1311);
#1311 = CARTESIAN_POINT('',(-29.66479394838,-108.,123.28605166599));
#1312 = VERTEX_POINT('',#1313);
#1313 = CARTESIAN_POINT('',(-27.75690708489,-108.5060095528,
    123.77286404668));
#1314 = B_SPLINE_CURVE_WITH_KNOTS('',6,(#1315,#1316,#1317,#1318,#1319,
    #1320,#1321,#1322,#1323,#1324,#1325,#1326),.UNSPECIFIED.,.F.,.F.,(7,
    5,7),(0.,0.524569167897,1.),.UNSPECIFIED.);
#1315 = CARTESIAN_POINT('',(-29.66479613279,-107.9999994,123.28605152192
    ));
#1316 = CARTESIAN_POINT('',(-29.48551039966,-108.0492445365,
    123.29787584663));
#1317 = CARTESIAN_POINT('',(-29.30716906152,-108.0978461744,
    123.31492784333));
#1318 = CARTESIAN_POINT('',(-29.13017839759,-108.1457011218,
    123.33770343678));
#1319 = CARTESIAN_POINT('',(-28.95513415693,-108.1926597034,
    123.36673676714));
#1320 = CARTESIAN_POINT('',(-28.78281150401,-108.2385338271,
    123.40256519802));
#1321 = CARTESIAN_POINT('',(-28.46123475849,-108.3235114037,
    123.48462615787));
#1322 = CARTESIAN_POINT('',(-28.31132153049,-108.3628492767,
    123.52957227914));
#1323 = CARTESIAN_POINT('',(-28.16512503002,-108.4009485496,
    123.58075013092));
#1324 = CARTESIAN_POINT('',(-28.02345343436,-108.4376245556,
    123.63836955854));
#1325 = CARTESIAN_POINT('',(-27.8871288096,-108.4726975517,
    123.70248012153));
#1326 = CARTESIAN_POINT('',(-27.75690708489,-108.5060095528,
    123.77286404668));
#1327 = ORIENTED_EDGE('',*,*,#1328,.T.);
#1328 = EDGE_CURVE('',#1310,#1329,#1331,.T.);
#1329 = VERTEX_POINT('',#1330);
#1330 = CARTESIAN_POINT('',(-29.66479394838,-108.,125.42215168786));
#1331 = LINE('',#1332,#1333);
#1332 = CARTESIAN_POINT('',(-29.66479394838,-108.,70.));
#1333 = VECTOR('',#1334,1.);
#1334 = DIRECTION('',(0.,0.,1.));
#1335 = ORIENTED_EDGE('',*,*,#1336,.F.);
#1336 = EDGE_CURVE('',#1337,#1329,#1339,.T.);
#1337 = VERTEX_POINT('',#1338);
#1338 = CARTESIAN_POINT('',(-28.89924318409,-108.2073645524,
    125.81462569526));
#1339 = B_SPLINE_CURVE_WITH_KNOTS('',5,(#1340,#1341,#1342,#1343,#1344,
    #1345,#1346,#1347,#1348,#1349),.UNSPECIFIED.,.F.,.F.,(6,4,6),(0.,
    0.324962564324,1.),.UNSPECIFIED.);
#1340 = CARTESIAN_POINT('',(-28.89924318409,-108.2073645524,
    125.81462569526));
#1341 = CARTESIAN_POINT('',(-28.93764164697,-108.1971093676,
    125.77876800581));
#1342 = CARTESIAN_POINT('',(-28.97815985551,-108.1862698076,
    125.74434376153));
#1343 = CARTESIAN_POINT('',(-29.02076735436,-108.174849977,
    125.71147483037));
#1344 = CARTESIAN_POINT('',(-29.06539493647,-108.1628639556,
    125.68026250619));
#1345 = CARTESIAN_POINT('',(-29.20858027602,-108.124321304,
    125.58953580697));
#1346 = CARTESIAN_POINT('',(-29.31348170087,-108.0959681831,
    125.53573200054));
#1347 = CARTESIAN_POINT('',(-29.42550277647,-108.0655428091,
    125.49008275198));
#1348 = CARTESIAN_POINT('',(-29.54310277622,-108.0334254058,
    125.4523982646));
#1349 = CARTESIAN_POINT('',(-29.66479613279,-107.9999994,125.42215114492
    ));
#1350 = ORIENTED_EDGE('',*,*,#1351,.F.);
#1351 = EDGE_CURVE('',#1352,#1337,#1354,.T.);
#1352 = VERTEX_POINT('',#1353);
#1353 = CARTESIAN_POINT('',(-28.40638398491,-108.3377928005,126.84));
#1354 = B_SPLINE_CURVE_WITH_KNOTS('',6,(#1355,#1356,#1357,#1358,#1359,
    #1360,#1361,#1362,#1363,#1364,#1365,#1366),.UNSPECIFIED.,.F.,.F.,(7,
    5,7),(0.,0.67774657313,1.),.UNSPECIFIED.);
#1355 = CARTESIAN_POINT('',(-28.4063838641,-108.3377928322,
    126.84000095602));
#1356 = CARTESIAN_POINT('',(-28.42256021939,-108.3335513598,
    126.71198319685));
#1357 = CARTESIAN_POINT('',(-28.44725675755,-108.3270728099,
    126.58550234336));
#1358 = CARTESIAN_POINT('',(-28.48158108083,-108.3180604568,
    126.46108518846));
#1359 = CARTESIAN_POINT('',(-28.5267791364,-108.306175317,
    126.33963013002));
#1360 = CARTESIAN_POINT('',(-28.58413917869,-108.2910535008,
    126.22238201913));
#1361 = CARTESIAN_POINT('',(-28.68779346132,-108.2636213149,
    126.05766149696));
#1362 = CARTESIAN_POINT('',(-28.72410575061,-108.2539979992,
    126.0058558629));
#1363 = CARTESIAN_POINT('',(-28.7633955052,-108.243569166,
    125.95548846583));
#1364 = CARTESIAN_POINT('',(-28.80569943089,-108.2323198916,
    125.90672417255));
#1365 = CARTESIAN_POINT('',(-28.85100675802,-108.2202471895,
    125.85972186307));
#1366 = CARTESIAN_POINT('',(-28.89924318409,-108.2073645524,
    125.81462569526));
#1367 = ORIENTED_EDGE('',*,*,#1368,.T.);
#1368 = EDGE_CURVE('',#1352,#1369,#1371,.T.);
#1369 = VERTEX_POINT('',#1370);
#1370 = CARTESIAN_POINT('',(-25.98130686854,-108.9448103096,126.84));
#1371 = CIRCLE('',#1372,112.);
#1372 = AXIS2_PLACEMENT_3D('',#1373,#1374,#1375);
#1373 = CARTESIAN_POINT('',(0.,0.,126.84));
#1374 = DIRECTION('',(0.,0.,1.));
#1375 = DIRECTION('',(1.,0.,0.));
#1376 = ORIENTED_EDGE('',*,*,#1377,.F.);
#1377 = EDGE_CURVE('',#1378,#1369,#1380,.T.);
#1378 = VERTEX_POINT('',#1379);
#1379 = CARTESIAN_POINT('',(-26.3957326525,-108.8451436571,
    125.17616485821));
#1380 = B_SPLINE_CURVE_WITH_KNOTS('',5,(#1381,#1382,#1383,#1384,#1385,
    #1386,#1387,#1388,#1389,#1390),.UNSPECIFIED.,.F.,.F.,(6,4,6),(0.,
    0.481876332839,1.),.UNSPECIFIED.);
#1381 = CARTESIAN_POINT('',(-26.3957326525,-108.8451436571,
    125.17616485821));
#1382 = CARTESIAN_POINT('',(-26.32290207422,-108.8628055978,
    125.32888612183));
#1383 = CARTESIAN_POINT('',(-26.25900282918,-108.8782371177,
    125.48438106519));
#1384 = CARTESIAN_POINT('',(-26.20361566399,-108.8915716463,
    125.64210493166));
#1385 = CARTESIAN_POINT('',(-26.15620990237,-108.902958505,
    125.80159469355));
#1386 = CARTESIAN_POINT('',(-26.07330885652,-108.9228374415,
    126.13550683942));
#1387 = CARTESIAN_POINT('',(-26.03897905964,-108.9310470368,
    126.3101439604));
#1388 = CARTESIAN_POINT('',(-26.01261585144,-108.9373418806,
    126.4859777289));
#1389 = CARTESIAN_POINT('',(-25.99358140345,-108.9418830618,
    126.66267339138));
#1390 = CARTESIAN_POINT('',(-25.98130677391,-108.9448103322,
    126.84000136704));
#1391 = ORIENTED_EDGE('',*,*,#1392,.F.);
#1392 = EDGE_CURVE('',#1312,#1378,#1393,.T.);
#1393 = B_SPLINE_CURVE_WITH_KNOTS('',5,(#1394,#1395,#1396,#1397,#1398,
    #1399,#1400,#1401,#1402,#1403,#1404,#1405,#1406,#1407),
  .UNSPECIFIED.,.F.,.F.,(6,4,4,6),(0.,0.214927474406,0.597822072893,1.),
  .UNSPECIFIED.);
#1394 = CARTESIAN_POINT('',(-27.75690708489,-108.5060095528,
    123.77286404668));
#1395 = CARTESIAN_POINT('',(-27.67532055312,-108.526880192,
    123.81698298058));
#1396 = CARTESIAN_POINT('',(-27.59578028246,-108.5471456422,
    123.86318525777));
#1397 = CARTESIAN_POINT('',(-27.51844039642,-108.5667748943,
    123.91144588842));
#1398 = CARTESIAN_POINT('',(-27.44343348347,-108.5857428875,
    123.96171451201));
#1399 = CARTESIAN_POINT('',(-27.24159937508,-108.6366100168,
    124.10691159091));
#1400 = CARTESIAN_POINT('',(-27.1200698987,-108.6670338111,
    124.2060500269));
#1401 = CARTESIAN_POINT('',(-27.00693417975,-108.6951871911,
    124.3108833337));
#1402 = CARTESIAN_POINT('',(-26.90243689418,-108.7210588689,
    124.42079309821));
#1403 = CARTESIAN_POINT('',(-26.70583987298,-108.7695218162,
    124.65512069427));
#1404 = CARTESIAN_POINT('',(-26.61461879056,-108.7918849112,
    124.78000425518));
#1405 = CARTESIAN_POINT('',(-26.53283340917,-108.8118453904,
    124.90895157721));
#1406 = CARTESIAN_POINT('',(-26.46004832164,-108.8295466433,
    125.04120873509));
#1407 = CARTESIAN_POINT('',(-26.3957326525,-108.8451436571,
    125.17616485821));
#1408 = FACE_BOUND('',#1409,.F.);
#1409 = EDGE_LOOP('',(#1410,#1421,#1429,#1438,#1446,#1455,#1463,#1472));
#1410 = ORIENTED_EDGE('',*,*,#1411,.F.);
#1411 = EDGE_CURVE('',#1412,#1414,#1416,.T.);
#1412 = VERTEX_POINT('',#1413);
#1413 = CARTESIAN_POINT('',(-23.94966718336,-109.4093846148,123.16));
#1414 = VERTEX_POINT('',#1415);
#1415 = CARTESIAN_POINT('',(-21.59715510166,-109.8979658206,123.16));
#1416 = CIRCLE('',#1417,112.);
#1417 = AXIS2_PLACEMENT_3D('',#1418,#1419,#1420);
#1418 = CARTESIAN_POINT('',(0.,0.,123.16));
#1419 = DIRECTION('',(0.,0.,1.));
#1420 = DIRECTION('',(1.,0.,0.));
#1421 = ORIENTED_EDGE('',*,*,#1422,.T.);
#1422 = EDGE_CURVE('',#1412,#1423,#1425,.T.);
#1423 = VERTEX_POINT('',#1424);
#1424 = CARTESIAN_POINT('',(-23.94966718336,-109.4093846148,126.84));
#1425 = LINE('',#1426,#1427);
#1426 = CARTESIAN_POINT('',(-23.94966718336,-109.4093846148,70.));
#1427 = VECTOR('',#1428,1.);
#1428 = DIRECTION('',(0.,0.,1.));
#1429 = ORIENTED_EDGE('',*,*,#1430,.T.);
#1430 = EDGE_CURVE('',#1423,#1431,#1433,.T.);
#1431 = VERTEX_POINT('',#1432);
#1432 = CARTESIAN_POINT('',(-21.59715510166,-109.8979658206,126.84));
#1433 = CIRCLE('',#1434,112.);
#1434 = AXIS2_PLACEMENT_3D('',#1435,#1436,#1437);
#1435 = CARTESIAN_POINT('',(0.,0.,126.84));
#1436 = DIRECTION('',(0.,0.,1.));
#1437 = DIRECTION('',(1.,0.,0.));
#1438 = ORIENTED_EDGE('',*,*,#1439,.F.);
#1439 = EDGE_CURVE('',#1440,#1431,#1442,.T.);
#1440 = VERTEX_POINT('',#1441);
#1441 = CARTESIAN_POINT('',(-21.59715510166,-109.8979658206,
    126.27746876994));
#1442 = LINE('',#1443,#1444);
#1443 = CARTESIAN_POINT('',(-21.59715510166,-109.8979658206,70.));
#1444 = VECTOR('',#1445,1.);
#1445 = DIRECTION('',(0.,0.,1.));
#1446 = ORIENTED_EDGE('',*,*,#1447,.T.);
#1447 = EDGE_CURVE('',#1440,#1448,#1450,.T.);
#1448 = VERTEX_POINT('',#1449);
#1449 = CARTESIAN_POINT('',(-16.63882556761,-110.7571644803,
    126.27746876994));
#1450 = CIRCLE('',#1451,112.);
#1451 = AXIS2_PLACEMENT_3D('',#1452,#1453,#1454);
#1452 = CARTESIAN_POINT('',(0.,0.,126.27746876994));
#1453 = DIRECTION('',(0.,0.,1.));
#1454 = DIRECTION('',(1.,0.,0.));
#1455 = ORIENTED_EDGE('',*,*,#1456,.F.);
#1456 = EDGE_CURVE('',#1457,#1448,#1459,.T.);
#1457 = VERTEX_POINT('',#1458);
#1458 = CARTESIAN_POINT('',(-16.63882556761,-110.7571644803,
    124.1766207714));
#1459 = LINE('',#1460,#1461);
#1460 = CARTESIAN_POINT('',(-16.63882556761,-110.7571644803,70.));
#1461 = VECTOR('',#1462,1.);
#1462 = DIRECTION('',(0.,0.,1.));
#1463 = ORIENTED_EDGE('',*,*,#1464,.F.);
#1464 = EDGE_CURVE('',#1465,#1457,#1467,.T.);
#1465 = VERTEX_POINT('',#1466);
#1466 = CARTESIAN_POINT('',(-21.59715510166,-109.8979658206,
    124.1766207714));
#1467 = CIRCLE('',#1468,112.);
#1468 = AXIS2_PLACEMENT_3D('',#1469,#1470,#1471);
#1469 = CARTESIAN_POINT('',(0.,0.,124.1766207714));
#1470 = DIRECTION('',(0.,0.,1.));
#1471 = DIRECTION('',(1.,0.,0.));
#1472 = ORIENTED_EDGE('',*,*,#1473,.F.);
#1473 = EDGE_CURVE('',#1414,#1465,#1474,.T.);
#1474 = LINE('',#1475,#1476);
#1475 = CARTESIAN_POINT('',(-21.59715510166,-109.8979658206,70.));
#1476 = VECTOR('',#1477,1.);
#1477 = DIRECTION('',(0.,0.,1.));
#1478 = FACE_BOUND('',#1479,.F.);
#1479 = EDGE_LOOP('',(#1480,#1501,#1509,#1536,#1559,#1568));
#1480 = ORIENTED_EDGE('',*,*,#1481,.F.);
#1481 = EDGE_CURVE('',#1482,#1484,#1486,.T.);
#1482 = VERTEX_POINT('',#1483);
#1483 = CARTESIAN_POINT('',(-29.66479394838,-108.,128.89884306783));
#1484 = VERTEX_POINT('',#1485);
#1485 = CARTESIAN_POINT('',(-28.80678398832,-108.2320155788,
    128.49594237257));
#1486 = B_SPLINE_CURVE_WITH_KNOTS('',5,(#1487,#1488,#1489,#1490,#1491,
    #1492,#1493,#1494,#1495,#1496,#1497,#1498,#1499,#1500),
  .UNSPECIFIED.,.F.,.F.,(6,4,4,6),(0.,0.240508214477,0.691543068973,1.),
  .UNSPECIFIED.);
#1487 = CARTESIAN_POINT('',(-29.66479613279,-107.9999994,128.89884341429
    ));
#1488 = CARTESIAN_POINT('',(-29.61490035496,-108.0137044748,
    128.89092969282));
#1489 = CARTESIAN_POINT('',(-29.56558775199,-108.0272183786,
    128.88176264575));
#1490 = CARTESIAN_POINT('',(-29.51695371796,-108.0405163738,
    128.87128285887));
#1491 = CARTESIAN_POINT('',(-29.46910834783,-108.0535701386,
    128.85943598276));
#1492 = CARTESIAN_POINT('',(-29.33414433837,-108.0903154718,
    128.82133276866));
#1493 = CARTESIAN_POINT('',(-29.24928383787,-108.1133233595,
    128.79153358864));
#1494 = CARTESIAN_POINT('',(-29.16843008915,-108.1351579501,
    128.75655040686));
#1495 = CARTESIAN_POINT('',(-29.09239188471,-108.1556197454,
    128.71634715665));
#1496 = CARTESIAN_POINT('',(-28.97345420277,-108.1875291004,
    128.6404939659));
#1497 = CARTESIAN_POINT('',(-28.92766766358,-108.1997840958,
    128.60741589751));
#1498 = CARTESIAN_POINT('',(-28.88458263255,-108.2112914757,
    128.57218045624));
#1499 = CARTESIAN_POINT('',(-28.84428359636,-108.2220347694,
    128.53495563666));
#1500 = CARTESIAN_POINT('',(-28.80678398832,-108.2320155788,
    128.49594237257));
#1501 = ORIENTED_EDGE('',*,*,#1502,.T.);
#1502 = EDGE_CURVE('',#1482,#1503,#1505,.T.);
#1503 = VERTEX_POINT('',#1504);
#1504 = CARTESIAN_POINT('',(-29.66479394838,-108.,130.99114294624));
#1505 = LINE('',#1506,#1507);
#1506 = CARTESIAN_POINT('',(-29.66479394838,-108.,70.));
#1507 = VECTOR('',#1508,1.);
#1508 = DIRECTION('',(0.,0.,1.));
#1509 = ORIENTED_EDGE('',*,*,#1510,.F.);
#1510 = EDGE_CURVE('',#1511,#1503,#1513,.T.);
#1511 = VERTEX_POINT('',#1512);
#1512 = CARTESIAN_POINT('',(-26.9751071396,-108.7030063742,
    130.03328166317));
#1513 = B_SPLINE_CURVE_WITH_KNOTS('',6,(#1514,#1515,#1516,#1517,#1518,
    #1519,#1520,#1521,#1522,#1523,#1524,#1525,#1526,#1527,#1528,#1529,
    #1530,#1531,#1532,#1533,#1534,#1535),.UNSPECIFIED.,.F.,.F.,(7,5,5,5,
    7),(0.,0.221097693735,0.521931793797,0.678303942214,1.),
  .UNSPECIFIED.);
#1514 = CARTESIAN_POINT('',(-26.9751071396,-108.7030063742,
    130.03328166317));
#1515 = CARTESIAN_POINT('',(-27.04500714814,-108.6856603938,
    130.10029919713));
#1516 = CARTESIAN_POINT('',(-27.1185537916,-108.6673522152,
    130.16509717354));
#1517 = CARTESIAN_POINT('',(-27.1957128708,-108.6480791345,
    130.22746104549));
#1518 = CARTESIAN_POINT('',(-27.27639942062,-108.6278500827,
    130.2871968335));
#1519 = CARTESIAN_POINT('',(-27.36046753102,-108.6066890768,
    130.34413890823));
#1520 = CARTESIAN_POINT('',(-27.56639227818,-108.5546360352,
    130.47165793642));
#1521 = CARTESIAN_POINT('',(-27.6909696975,-108.5229801248,
    130.53976267536));
#1522 = CARTESIAN_POINT('',(-27.8208726974,-108.4897812658,
    130.60213007876));
#1523 = CARTESIAN_POINT('',(-27.95544138484,-108.4551781015,
    130.65863848617));
#1524 = CARTESIAN_POINT('',(-28.09396074447,-108.4193286501,
    130.70933303474));
#1525 = CARTESIAN_POINT('',(-28.30938403112,-108.3632067295,
    130.77778335521));
#1526 = CARTESIAN_POINT('',(-28.38394150154,-108.3437188884,
    130.7996689231));
#1527 = CARTESIAN_POINT('',(-28.45928360888,-108.3239595247,
    130.82005296745));
#1528 = CARTESIAN_POINT('',(-28.53532081174,-108.3039495365,
    130.83896839604));
#1529 = CARTESIAN_POINT('',(-28.61196986694,-108.2837086373,
    130.85645424956));
#1530 = CARTESIAN_POINT('',(-28.84794441525,-108.2211767059,
    130.90567205138));
#1531 = CARTESIAN_POINT('',(-29.0089909532,-108.1782011787,
    130.93291792674));
#1532 = CARTESIAN_POINT('',(-29.17166103155,-108.1344798445,
    130.95466821006));
#1533 = CARTESIAN_POINT('',(-29.3354298075,-108.090142857,
    130.97135130057));
#1534 = CARTESIAN_POINT('',(-29.49989811093,-108.0452926058,
    130.9833823033));
#1535 = CARTESIAN_POINT('',(-29.66479613279,-107.9999994,130.99114304904
    ));
#1536 = ORIENTED_EDGE('',*,*,#1537,.F.);
#1537 = EDGE_CURVE('',#1538,#1511,#1540,.T.);
#1538 = VERTEX_POINT('',#1539);
#1539 = CARTESIAN_POINT('',(-26.09370578408,-108.917943969,128.44));
#1540 = B_SPLINE_CURVE_WITH_KNOTS('',5,(#1541,#1542,#1543,#1544,#1545,
    #1546,#1547,#1548,#1549,#1550,#1551,#1552,#1553,#1554,#1555,#1556,
    #1557,#1558),.UNSPECIFIED.,.F.,.F.,(6,4,4,4,6),(0.,0.271508829571,
    0.526395480783,0.767926801492,1.),.UNSPECIFIED.);
#1541 = CARTESIAN_POINT('',(-26.09370535484,-108.9179440719,
    128.43999819628));
#1542 = CARTESIAN_POINT('',(-26.11602439645,-108.9125970512,
    128.53378579609));
#1543 = CARTESIAN_POINT('',(-26.14116877512,-108.9065671138,
    128.62711103955));
#1544 = CARTESIAN_POINT('',(-26.16931214322,-108.8998095928,
    128.71988226465));
#1545 = CARTESIAN_POINT('',(-26.20063975172,-108.8922758993,
    128.81198109114));
#1546 = CARTESIAN_POINT('',(-26.26791366486,-108.8760663985,
    128.98895912267));
#1547 = CARTESIAN_POINT('',(-26.30345938165,-108.8674888467,
    129.07393401457));
#1548 = CARTESIAN_POINT('',(-26.34213027314,-108.8581406997,
    129.15807022442));
#1549 = CARTESIAN_POINT('',(-26.38407959616,-108.8479789561,
    129.24122207418));
#1550 = CARTESIAN_POINT('',(-26.47242537681,-108.8265254948,
    129.4009262629));
#1551 = CARTESIAN_POINT('',(-26.51847343768,-108.8153209327,
    129.47759572079));
#1552 = CARTESIAN_POINT('',(-26.5676975027,-108.8033162478,
    129.55308756512));
#1553 = CARTESIAN_POINT('',(-26.62019217604,-108.7904806105,
    129.62723833677));
#1554 = CARTESIAN_POINT('',(-26.72964151104,-108.7636396689,
    129.76966561187));
#1555 = CARTESIAN_POINT('',(-26.7863414977,-108.749699734,
    129.83805907929));
#1556 = CARTESIAN_POINT('',(-26.84615451027,-108.7349533066,
    129.90489867232));
#1557 = CARTESIAN_POINT('',(-26.90909134867,-108.7193884697,
    129.97002399264));
#1558 = CARTESIAN_POINT('',(-26.9751071396,-108.7030063742,
    130.03328166317));
#1559 = ORIENTED_EDGE('',*,*,#1560,.F.);
#1560 = EDGE_CURVE('',#1561,#1538,#1563,.T.);
#1561 = VERTEX_POINT('',#1562);
#1562 = CARTESIAN_POINT('',(-28.75630241981,-108.2454390315,128.44));
#1563 = CIRCLE('',#1564,112.);
#1564 = AXIS2_PLACEMENT_3D('',#1565,#1566,#1567);
#1565 = CARTESIAN_POINT('',(0.,0.,128.44));
#1566 = DIRECTION('',(0.,0.,1.));
#1567 = DIRECTION('',(1.,0.,0.));
#1568 = ORIENTED_EDGE('',*,*,#1569,.F.);
#1569 = EDGE_CURVE('',#1484,#1561,#1570,.T.);
#1570 = B_SPLINE_CURVE_WITH_KNOTS('',4,(#1571,#1572,#1573,#1574,#1575),
  .UNSPECIFIED.,.F.,.F.,(5,5),(0.,1.),.PIECEWISE_BEZIER_KNOTS.);
#1571 = CARTESIAN_POINT('',(-28.80678398832,-108.2320155788,
    128.49594237257));
#1572 = CARTESIAN_POINT('',(-28.7936600838,-108.235508607,
    128.48228872711));
#1573 = CARTESIAN_POINT('',(-28.78087310961,-108.2389096864,
    128.46840629982));
#1574 = CARTESIAN_POINT('',(-28.76842152846,-108.2422194894,
    128.45430620729));
#1575 = CARTESIAN_POINT('',(-28.75630194686,-108.2454391572,
    128.4399994417));
#1576 = FACE_BOUND('',#1577,.F.);
#1577 = EDGE_LOOP('',(#1578,#1589,#1597,#1606,#1614,#1623));
#1578 = ORIENTED_EDGE('',*,*,#1579,.F.);
#1579 = EDGE_CURVE('',#1580,#1582,#1584,.T.);
#1580 = VERTEX_POINT('',#1581);
#1581 = CARTESIAN_POINT('',(-23.94966718336,-109.4093846148,128.44));
#1582 = VERTEX_POINT('',#1583);
#1583 = CARTESIAN_POINT('',(-21.59715510166,-109.8979658206,128.44));
#1584 = CIRCLE('',#1585,112.);
#1585 = AXIS2_PLACEMENT_3D('',#1586,#1587,#1588);
#1586 = CARTESIAN_POINT('',(0.,0.,128.44));
#1587 = DIRECTION('',(0.,0.,1.));
#1588 = DIRECTION('',(1.,0.,0.));
#1589 = ORIENTED_EDGE('',*,*,#1590,.T.);
#1590 = EDGE_CURVE('',#1580,#1591,#1593,.T.);
#1591 = VERTEX_POINT('',#1592);
#1592 = CARTESIAN_POINT('',(-23.94966718336,-109.4093846148,131.));
#1593 = LINE('',#1594,#1595);
#1594 = CARTESIAN_POINT('',(-23.94966718336,-109.4093846148,70.));
#1595 = VECTOR('',#1596,1.);
#1596 = DIRECTION('',(0.,0.,1.));
#1597 = ORIENTED_EDGE('',*,*,#1598,.T.);
#1598 = EDGE_CURVE('',#1591,#1599,#1601,.T.);
#1599 = VERTEX_POINT('',#1600);
#1600 = CARTESIAN_POINT('',(-16.38661438862,-110.7947601147,131.));
#1601 = CIRCLE('',#1602,112.);
#1602 = AXIS2_PLACEMENT_3D('',#1603,#1604,#1605);
#1603 = CARTESIAN_POINT('',(0.,0.,131.));
#1604 = DIRECTION('',(0.,0.,1.));
#1605 = DIRECTION('',(1.,0.,0.));
#1606 = ORIENTED_EDGE('',*,*,#1607,.F.);
#1607 = EDGE_CURVE('',#1608,#1599,#1610,.T.);
#1608 = VERTEX_POINT('',#1609);
#1609 = CARTESIAN_POINT('',(-16.38661438862,-110.7947601147,
    128.89915200145));
#1610 = LINE('',#1611,#1612);
#1611 = CARTESIAN_POINT('',(-16.38661438862,-110.7947601147,70.));
#1612 = VECTOR('',#1613,1.);
#1613 = DIRECTION('',(0.,0.,1.));
#1614 = ORIENTED_EDGE('',*,*,#1615,.F.);
#1615 = EDGE_CURVE('',#1616,#1608,#1618,.T.);
#1616 = VERTEX_POINT('',#1617);
#1617 = CARTESIAN_POINT('',(-21.59715510166,-109.8979658206,
    128.89915200145));
#1618 = CIRCLE('',#1619,112.);
#1619 = AXIS2_PLACEMENT_3D('',#1620,#1621,#1622);
#1620 = CARTESIAN_POINT('',(0.,0.,128.89915200145));
#1621 = DIRECTION('',(0.,0.,1.));
#1622 = DIRECTION('',(1.,0.,0.));
#1623 = ORIENTED_EDGE('',*,*,#1624,.F.);
#1624 = EDGE_CURVE('',#1582,#1616,#1625,.T.);
#1625 = LINE('',#1626,#1627);
#1626 = CARTESIAN_POINT('',(-21.59715510166,-109.8979658206,70.));
#1627 = VECTOR('',#1628,1.);
#1628 = DIRECTION('',(0.,0.,1.));
#1629 = FACE_BOUND('',#1630,.F.);
#1630 = EDGE_LOOP('',(#1631,#1642,#1650,#1659,#1667,#1676,#1718,#1727,
    #1744,#1763,#1772,#1781,#1790,#1799));
#1631 = ORIENTED_EDGE('',*,*,#1632,.F.);
#1632 = EDGE_CURVE('',#1633,#1635,#1637,.T.);
#1633 = VERTEX_POINT('',#1634);
#1634 = CARTESIAN_POINT('',(-13.86559679037,-111.1384057184,123.16));
#1635 = VERTEX_POINT('',#1636);
#1636 = CARTESIAN_POINT('',(-11.42883195039,-111.4153571113,123.16));
#1637 = CIRCLE('',#1638,112.);
#1638 = AXIS2_PLACEMENT_3D('',#1639,#1640,#1641);
#1639 = CARTESIAN_POINT('',(0.,0.,123.16));
#1640 = DIRECTION('',(0.,0.,1.));
#1641 = DIRECTION('',(1.,0.,0.));
#1642 = ORIENTED_EDGE('',*,*,#1643,.T.);
#1643 = EDGE_CURVE('',#1633,#1644,#1646,.T.);
#1644 = VERTEX_POINT('',#1645);
#1645 = CARTESIAN_POINT('',(-13.86559679037,-111.1384057184,126.84));
#1646 = LINE('',#1647,#1648);
#1647 = CARTESIAN_POINT('',(-13.86559679037,-111.1384057184,70.));
#1648 = VECTOR('',#1649,1.);
#1649 = DIRECTION('',(0.,0.,1.));
#1650 = ORIENTED_EDGE('',*,*,#1651,.T.);
#1651 = EDGE_CURVE('',#1644,#1652,#1654,.T.);
#1652 = VERTEX_POINT('',#1653);
#1653 = CARTESIAN_POINT('',(-11.42883195039,-111.4153571113,126.84));
#1654 = CIRCLE('',#1655,112.);
#1655 = AXIS2_PLACEMENT_3D('',#1656,#1657,#1658);
#1656 = CARTESIAN_POINT('',(0.,0.,126.84));
#1657 = DIRECTION('',(0.,0.,1.));
#1658 = DIRECTION('',(1.,0.,0.));
#1659 = ORIENTED_EDGE('',*,*,#1660,.F.);
#1660 = EDGE_CURVE('',#1661,#1652,#1663,.T.);
#1661 = VERTEX_POINT('',#1662);
#1662 = CARTESIAN_POINT('',(-11.42883195039,-111.4153571113,
    125.58812802042));
#1663 = LINE('',#1664,#1665);
#1664 = CARTESIAN_POINT('',(-11.42883195039,-111.4153571113,70.));
#1665 = VECTOR('',#1666,1.);
#1666 = DIRECTION('',(0.,0.,1.));
#1667 = ORIENTED_EDGE('',*,*,#1668,.T.);
#1668 = EDGE_CURVE('',#1661,#1669,#1671,.T.);
#1669 = VERTEX_POINT('',#1670);
#1670 = CARTESIAN_POINT('',(-10.70611835506,-111.4871249506,
    125.58812802042));
#1671 = CIRCLE('',#1672,112.);
#1672 = AXIS2_PLACEMENT_3D('',#1673,#1674,#1675);
#1673 = CARTESIAN_POINT('',(0.,0.,125.58812802042));
#1674 = DIRECTION('',(0.,0.,1.));
#1675 = DIRECTION('',(1.,0.,0.));
#1676 = ORIENTED_EDGE('',*,*,#1677,.F.);
#1677 = EDGE_CURVE('',#1678,#1669,#1680,.T.);
#1678 = VERTEX_POINT('',#1679);
#1679 = CARTESIAN_POINT('',(-8.78631987038,-111.6548278541,126.84));
#1680 = B_SPLINE_CURVE_WITH_KNOTS('',6,(#1681,#1682,#1683,#1684,#1685,
    #1686,#1687,#1688,#1689,#1690,#1691,#1692,#1693,#1694,#1695,#1696,
    #1697,#1698,#1699,#1700,#1701,#1702,#1703,#1704,#1705,#1706,#1707,
    #1708,#1709,#1710,#1711,#1712,#1713,#1714,#1715,#1716,#1717),
  .UNSPECIFIED.,.F.,.F.,(7,5,5,5,5,5,5,7),(0.,0.255347237717,
    0.359357504049,0.419451459232,0.544360423345,0.713278086418,
    0.803373139381,1.),.UNSPECIFIED.);
#1681 = CARTESIAN_POINT('',(-8.78631950767,-111.6548278826,
    126.84000177512));
#1682 = CARTESIAN_POINT('',(-8.804324687927,-111.6534110226,
    126.75188312839));
#1683 = CARTESIAN_POINT('',(-8.827134554308,-111.65161257,
    126.66445889092));
#1684 = CARTESIAN_POINT('',(-8.855346107002,-111.6493820204,
    126.57793199354));
#1685 = CARTESIAN_POINT('',(-8.889654186928,-111.646658905,
    126.49268667113));
#1686 = CARTESIAN_POINT('',(-8.930838936864,-111.6433720045,
    126.40928637126));
#1687 = CARTESIAN_POINT('',(-8.999513809313,-111.6378481915,
    126.29551189594));
#1688 = CARTESIAN_POINT('',(-9.020650877465,-111.6361437719,
    126.26301066691));
#1689 = CARTESIAN_POINT('',(-9.043094635652,-111.6343289618,
    126.23099005021));
#1690 = CARTESIAN_POINT('',(-9.066887710256,-111.6323991351,
    126.19950852079));
#1691 = CARTESIAN_POINT('',(-9.092064593671,-111.6303501418,
    126.16862961418));
#1692 = CARTESIAN_POINT('',(-9.134006048815,-111.6269240414,
    126.120966054));
#1693 = CARTESIAN_POINT('',(-9.149833958664,-111.6256285441,
    126.10373540458));
#1694 = CARTESIAN_POINT('',(-9.166135407794,-111.6242915178,
    126.08674128953));
#1695 = CARTESIAN_POINT('',(-9.18291300683,-111.6229124382,
    126.0699968748));
#1696 = CARTESIAN_POINT('',(-9.200167645026,-111.6214909048,
    126.05351541071));
#1697 = CARTESIAN_POINT('',(-9.254753137412,-111.61698308,
    126.00362677583));
#1698 = CARTESIAN_POINT('',(-9.293667881494,-111.6137546844,
    125.97113409605));
#1699 = CARTESIAN_POINT('',(-9.334628662598,-111.6103395496,
    125.93995618132));
#1700 = CARTESIAN_POINT('',(-9.377590089657,-111.6067380558,
    125.91020533374));
#1701 = CARTESIAN_POINT('',(-9.422468097728,-111.602953761,
    125.88197690324));
#1702 = CARTESIAN_POINT('',(-9.532238240725,-111.5936398058,
    125.81932767951));
#1703 = CARTESIAN_POINT('',(-9.598628010643,-111.5879635407,
    125.78621964462));
#1704 = CARTESIAN_POINT('',(-9.667972335638,-111.5819849859,
    125.75620986432));
#1705 = CARTESIAN_POINT('',(-9.73988233621,-111.5757295736,
    125.72935571413));
#1706 = CARTESIAN_POINT('',(-9.813938859537,-111.569226905,
    125.70561673928));
#1707 = CARTESIAN_POINT('',(-9.930141444926,-111.558925853,
    125.67383412143));
#1708 = CARTESIAN_POINT('',(-9.971057608097,-111.5552810322,
    125.66363416501));
#1709 = CARTESIAN_POINT('',(-10.01241138681,-111.5515788873,
    125.65427273303));
#1710 = CARTESIAN_POINT('',(-10.05414786103,-111.5478236262,
    125.64572773235));
#1711 = CARTESIAN_POINT('',(-10.09621669628,-111.544019191,
    125.63797361454));
#1712 = CARTESIAN_POINT('',(-10.23101313225,-111.5317667127,
    125.6157271182));
#1713 = CARTESIAN_POINT('',(-10.32480965645,-111.5231482847,
    125.604111345));
#1714 = CARTESIAN_POINT('',(-10.41952090878,-111.5143488543,
    125.59584384195));
#1715 = CARTESIAN_POINT('',(-10.51479501969,-111.5053981826,
    125.59061508367));
#1716 = CARTESIAN_POINT('',(-10.61037742811,-111.4963189602,
    125.58812802042));
#1717 = CARTESIAN_POINT('',(-10.70611835506,-111.4871249506,
    125.58812802042));
#1718 = ORIENTED_EDGE('',*,*,#1719,.T.);
#1719 = EDGE_CURVE('',#1678,#1720,#1722,.T.);
#1720 = VERTEX_POINT('',#1721);
#1721 = CARTESIAN_POINT('',(-6.315456308413,-111.821800252,126.84));
#1722 = CIRCLE('',#1723,112.);
#1723 = AXIS2_PLACEMENT_3D('',#1724,#1725,#1726);
#1724 = CARTESIAN_POINT('',(0.,0.,126.84));
#1725 = DIRECTION('',(0.,0.,1.));
#1726 = DIRECTION('',(1.,0.,0.));
#1727 = ORIENTED_EDGE('',*,*,#1728,.F.);
#1728 = EDGE_CURVE('',#1729,#1720,#1731,.T.);
#1729 = VERTEX_POINT('',#1730);
#1730 = CARTESIAN_POINT('',(-6.832132761922,-111.791421683,
    125.34467037476));
#1731 = B_SPLINE_CURVE_WITH_KNOTS('',6,(#1732,#1733,#1734,#1735,#1736,
    #1737,#1738,#1739,#1740,#1741,#1742,#1743),.UNSPECIFIED.,.F.,.F.,(7,
    5,7),(0.,0.47613136942,1.),.UNSPECIFIED.);
#1732 = CARTESIAN_POINT('',(-6.832132761922,-111.791421683,
    125.34467037476));
#1733 = CARTESIAN_POINT('',(-6.758782114573,-111.7959045079,
    125.45418186228));
#1734 = CARTESIAN_POINT('',(-6.692510613223,-111.7998967185,
    125.56640654038));
#1735 = CARTESIAN_POINT('',(-6.633072006483,-111.8034343739,
    125.68091948047));
#1736 = CARTESIAN_POINT('',(-6.580123266592,-111.8065546787,
    125.79733410993));
#1737 = CARTESIAN_POINT('',(-6.533290785076,-111.8092921262,
    125.91532243735));
#1738 = CARTESIAN_POINT('',(-6.446986613625,-111.8143032649,
    126.1658858541));
#1739 = CARTESIAN_POINT('',(-6.408726962988,-111.8165027588,
    126.29872873114));
#1740 = CARTESIAN_POINT('',(-6.376913858697,-111.8183185896,
    126.43281127295));
#1741 = CARTESIAN_POINT('',(-6.351059738065,-111.8197869517,
    126.56785243701));
#1742 = CARTESIAN_POINT('',(-6.330709746402,-111.8209387705,
    126.70363363939));
#1743 = CARTESIAN_POINT('',(-6.315456156569,-111.8218002606,
    126.84000135749));
#1744 = ORIENTED_EDGE('',*,*,#1745,.F.);
#1745 = EDGE_CURVE('',#1746,#1729,#1748,.T.);
#1746 = VERTEX_POINT('',#1747);
#1747 = CARTESIAN_POINT('',(-8.319686331722,-111.69056728,124.0754080423
    ));
#1748 = B_SPLINE_CURVE_WITH_KNOTS('',5,(#1749,#1750,#1751,#1752,#1753,
    #1754,#1755,#1756,#1757,#1758,#1759,#1760,#1761,#1762),
  .UNSPECIFIED.,.F.,.F.,(6,4,4,6),(0.,0.11172260104,0.545465858787,1.),
  .UNSPECIFIED.);
#1749 = CARTESIAN_POINT('',(-8.319686331722,-111.69056728,124.0754080423
    ));
#1750 = CARTESIAN_POINT('',(-8.276430096514,-111.6937893812,
    124.0962695619));
#1751 = CARTESIAN_POINT('',(-8.233655060331,-111.6969545808,
    124.11762696874));
#1752 = CARTESIAN_POINT('',(-8.19137599207,-111.700062722,124.1394758844
    ));
#1753 = CARTESIAN_POINT('',(-8.149606559532,-111.7031137579,
    124.16181071132));
#1754 = CARTESIAN_POINT('',(-7.94822424666,-111.7177314023,
    124.27319565168));
#1755 = CARTESIAN_POINT('',(-7.795945250329,-111.7284962946,
    124.36899587623));
#1756 = CARTESIAN_POINT('',(-7.652303097714,-111.7384028378,
    124.47160513888));
#1757 = CARTESIAN_POINT('',(-7.517654502171,-111.7474863747,
    124.58038936599));
#1758 = CARTESIAN_POINT('',(-7.260467294041,-111.7644979853,
    124.81429276915));
#1759 = CARTESIAN_POINT('',(-7.138804493176,-111.7723507242,
    124.93995866346));
#1760 = CARTESIAN_POINT('',(-7.027130486642,-111.7794073936,
    125.07077613805));
#1761 = CARTESIAN_POINT('',(-6.925073188888,-111.7857416288,
    125.20591162107));
#1762 = CARTESIAN_POINT('',(-6.832132761922,-111.791421683,
    125.34467037476));
#1763 = ORIENTED_EDGE('',*,*,#1764,.T.);
#1764 = EDGE_CURVE('',#1746,#1765,#1767,.T.);
#1765 = VERTEX_POINT('',#1766);
#1766 = CARTESIAN_POINT('',(-7.789209492717,-111.7288155109,123.16));
#1767 = ELLIPSE('',#1768,223.37774064879,112.);
#1768 = AXIS2_PLACEMENT_3D('',#1769,#1770,#1771);
#1769 = CARTESIAN_POINT('',(0.,0.,109.7186874137));
#1770 = DIRECTION('',(0.865219751852,1.11331575292E-16,0.501392841));
#1771 = DIRECTION('',(-0.501392841,-6.451638986417E-17,0.865219751852));
#1772 = ORIENTED_EDGE('',*,*,#1773,.F.);
#1773 = EDGE_CURVE('',#1774,#1765,#1776,.T.);
#1774 = VERTEX_POINT('',#1775);
#1775 = CARTESIAN_POINT('',(-10.2708172639,-111.528069618,123.16));
#1776 = CIRCLE('',#1777,112.);
#1777 = AXIS2_PLACEMENT_3D('',#1778,#1779,#1780);
#1778 = CARTESIAN_POINT('',(0.,0.,123.16));
#1779 = DIRECTION('',(0.,0.,1.));
#1780 = DIRECTION('',(1.,0.,0.));
#1781 = ORIENTED_EDGE('',*,*,#1782,.T.);
#1782 = EDGE_CURVE('',#1774,#1783,#1785,.T.);
#1783 = VERTEX_POINT('',#1784);
#1784 = CARTESIAN_POINT('',(-10.47086714689,-111.5094657022,
    123.52119996352));
#1785 = ELLIPSE('',#1786,231.1656381236,112.);
#1786 = AXIS2_PLACEMENT_3D('',#1787,#1788,#1789);
#1787 = CARTESIAN_POINT('',(0.,0.,104.61553116257));
#1788 = DIRECTION('',(-0.874790665847,-1.07580849617E-16,-0.484501074248
    ));
#1789 = DIRECTION('',(-0.484501074248,-5.958344006501E-17,0.874790665847
    ));
#1790 = ORIENTED_EDGE('',*,*,#1791,.F.);
#1791 = EDGE_CURVE('',#1792,#1783,#1794,.T.);
#1792 = VERTEX_POINT('',#1793);
#1793 = CARTESIAN_POINT('',(-11.42883195039,-111.4153571113,
    123.52119996352));
#1794 = CIRCLE('',#1795,112.);
#1795 = AXIS2_PLACEMENT_3D('',#1796,#1797,#1798);
#1796 = CARTESIAN_POINT('',(0.,0.,123.52119996352));
#1797 = DIRECTION('',(0.,0.,1.));
#1798 = DIRECTION('',(1.,0.,0.));
#1799 = ORIENTED_EDGE('',*,*,#1800,.F.);
#1800 = EDGE_CURVE('',#1635,#1792,#1801,.T.);
#1801 = LINE('',#1802,#1803);
#1802 = CARTESIAN_POINT('',(-11.42883195039,-111.4153571113,70.));
#1803 = VECTOR('',#1804,1.);
#1804 = DIRECTION('',(0.,0.,1.));
#1805 = FACE_BOUND('',#1806,.F.);
#1806 = EDGE_LOOP('',(#1807,#1818,#1826,#1835));
#1807 = ORIENTED_EDGE('',*,*,#1808,.F.);
#1808 = EDGE_CURVE('',#1809,#1811,#1813,.T.);
#1809 = VERTEX_POINT('',#1810);
#1810 = CARTESIAN_POINT('',(-1.277468769946,-111.992714377,123.16));
#1811 = VERTEX_POINT('',#1812);
#1812 = CARTESIAN_POINT('',(1.058630436765,-111.9949967703,123.16));
#1813 = CIRCLE('',#1814,112.);
#1814 = AXIS2_PLACEMENT_3D('',#1815,#1816,#1817);
#1815 = CARTESIAN_POINT('',(0.,0.,123.16));
#1816 = DIRECTION('',(0.,0.,1.));
#1817 = DIRECTION('',(1.,0.,0.));
#1818 = ORIENTED_EDGE('',*,*,#1819,.T.);
#1819 = EDGE_CURVE('',#1809,#1820,#1822,.T.);
#1820 = VERTEX_POINT('',#1821);
#1821 = CARTESIAN_POINT('',(-1.277468769946,-111.992714377,126.84));
#1822 = LINE('',#1823,#1824);
#1823 = CARTESIAN_POINT('',(-1.277468769946,-111.992714377,70.));
#1824 = VECTOR('',#1825,1.);
#1825 = DIRECTION('',(0.,0.,1.));
#1826 = ORIENTED_EDGE('',*,*,#1827,.T.);
#1827 = EDGE_CURVE('',#1820,#1828,#1830,.T.);
#1828 = VERTEX_POINT('',#1829);
#1829 = CARTESIAN_POINT('',(1.058630436765,-111.9949967703,126.84));
#1830 = CIRCLE('',#1831,112.);
#1831 = AXIS2_PLACEMENT_3D('',#1832,#1833,#1834);
#1832 = CARTESIAN_POINT('',(0.,0.,126.84));
#1833 = DIRECTION('',(0.,0.,1.));
#1834 = DIRECTION('',(1.,0.,0.));
#1835 = ORIENTED_EDGE('',*,*,#1836,.F.);
#1836 = EDGE_CURVE('',#1811,#1828,#1837,.T.);
#1837 = LINE('',#1838,#1839);
#1838 = CARTESIAN_POINT('',(1.058630436765,-111.9949967703,70.));
#1839 = VECTOR('',#1840,1.);
#1840 = DIRECTION('',(0.,0.,1.));
#1841 = FACE_BOUND('',#1842,.F.);
#1842 = EDGE_LOOP('',(#1843,#1854,#1862,#1871,#1898,#1921,#1930,#1941,
    #1963,#1972));
#1843 = ORIENTED_EDGE('',*,*,#1844,.F.);
#1844 = EDGE_CURVE('',#1845,#1847,#1849,.T.);
#1845 = VERTEX_POINT('',#1846);
#1846 = CARTESIAN_POINT('',(-13.86559679037,-111.1384057184,128.44));
#1847 = VERTEX_POINT('',#1848);
#1848 = CARTESIAN_POINT('',(-11.42883195039,-111.4153571113,128.44));
#1849 = CIRCLE('',#1850,112.);
#1850 = AXIS2_PLACEMENT_3D('',#1851,#1852,#1853);
#1851 = CARTESIAN_POINT('',(0.,0.,128.44));
#1852 = DIRECTION('',(0.,0.,1.));
#1853 = DIRECTION('',(1.,0.,0.));
#1854 = ORIENTED_EDGE('',*,*,#1855,.T.);
#1855 = EDGE_CURVE('',#1845,#1856,#1858,.T.);
#1856 = VERTEX_POINT('',#1857);
#1857 = CARTESIAN_POINT('',(-13.86559679037,-111.1384057184,131.));
#1858 = LINE('',#1859,#1860);
#1859 = CARTESIAN_POINT('',(-13.86559679037,-111.1384057184,70.));
#1860 = VECTOR('',#1861,1.);
#1861 = DIRECTION('',(0.,0.,1.));
#1862 = ORIENTED_EDGE('',*,*,#1863,.T.);
#1863 = EDGE_CURVE('',#1856,#1864,#1866,.T.);
#1864 = VERTEX_POINT('',#1865);
#1865 = CARTESIAN_POINT('',(-10.65578553843,-111.4919469493,131.));
#1866 = CIRCLE('',#1867,112.);
#1867 = AXIS2_PLACEMENT_3D('',#1868,#1869,#1870);
#1868 = CARTESIAN_POINT('',(0.,0.,131.));
#1869 = DIRECTION('',(0.,0.,1.));
#1870 = DIRECTION('',(1.,0.,0.));
#1871 = ORIENTED_EDGE('',*,*,#1872,.F.);
#1872 = EDGE_CURVE('',#1873,#1864,#1875,.T.);
#1873 = VERTEX_POINT('',#1874);
#1874 = CARTESIAN_POINT('',(-7.403847907358,-111.7550134721,
    130.04203519649));
#1875 = B_SPLINE_CURVE_WITH_KNOTS('',6,(#1876,#1877,#1878,#1879,#1880,
    #1881,#1882,#1883,#1884,#1885,#1886,#1887,#1888,#1889,#1890,#1891,
    #1892,#1893,#1894,#1895,#1896,#1897),.UNSPECIFIED.,.F.,.F.,(7,5,5,5,
    7),(0.,0.225215202231,0.519431686203,0.674733699527,1.),
  .UNSPECIFIED.);
#1876 = CARTESIAN_POINT('',(-7.403847907358,-111.7550134721,
    130.04203519649));
#1877 = CARTESIAN_POINT('',(-7.491023460043,-111.7492380307,
    130.11678759255));
#1878 = CARTESIAN_POINT('',(-7.582759927062,-111.7430784462,
    130.18876314761));
#1879 = CARTESIAN_POINT('',(-7.679011971653,-111.7365217117,
    130.25768037225));
#1880 = CARTESIAN_POINT('',(-7.779663635656,-111.72955811,
    130.32328552942));
#1881 = CARTESIAN_POINT('',(-7.884512025558,-111.7221838079,
    130.38536503146));
#1882 = CARTESIAN_POINT('',(-8.135305344686,-111.7042393541,
    130.52004099107));
#1883 = CARTESIAN_POINT('',(-8.284035183794,-111.6933797966,
    130.59005135951));
#1884 = CARTESIAN_POINT('',(-8.438743610476,-111.6818359395,
    130.65341315171));
#1885 = CARTESIAN_POINT('',(-8.598625591071,-111.6696313805,
    130.71001446007));
#1886 = CARTESIAN_POINT('',(-8.762820769549,-111.6568012124,
    130.75994047066));
#1887 = CARTESIAN_POINT('',(-9.01895786279,-111.6363125507,
    130.82635028585));
#1888 = CARTESIAN_POINT('',(-9.108420887239,-111.6290716078,
    130.8474966698));
#1889 = CARTESIAN_POINT('',(-9.198738343077,-111.6216740945,
    130.86687944258));
#1890 = CARTESIAN_POINT('',(-9.289800505211,-111.614125968,
    130.88454272679));
#1891 = CARTESIAN_POINT('',(-9.381506510444,-111.6064330974,
    130.9005376441));
#1892 = CARTESIAN_POINT('',(-9.666995139356,-111.5821975566,
    130.94503888291));
#1893 = CARTESIAN_POINT('',(-9.862632894434,-111.5651852112,
    130.96807719242));
#1894 = CARTESIAN_POINT('',(-10.05988593829,-111.5476121808,
    130.98454551872));
#1895 = CARTESIAN_POINT('',(-10.25811390051,-111.5295243482,
    130.99500844653));
#1896 = CARTESIAN_POINT('',(-10.45684618025,-111.5109604762,131.));
#1897 = CARTESIAN_POINT('',(-10.65578553843,-111.4919469493,131.));
#1898 = ORIENTED_EDGE('',*,*,#1899,.F.);
#1899 = EDGE_CURVE('',#1900,#1873,#1902,.T.);
#1900 = VERTEX_POINT('',#1901);
#1901 = CARTESIAN_POINT('',(-6.411350094729,-111.8163431255,128.44));
#1902 = B_SPLINE_CURVE_WITH_KNOTS('',5,(#1903,#1904,#1905,#1906,#1907,
    #1908,#1909,#1910,#1911,#1912,#1913,#1914,#1915,#1916,#1917,#1918,
    #1919,#1920),.UNSPECIFIED.,.F.,.F.,(6,4,4,4,6),(0.,0.267283547376,
    0.520532647959,0.763392436499,1.),.UNSPECIFIED.);
#1903 = CARTESIAN_POINT('',(-6.411349645796,-111.8163431512,
    128.43999825992));
#1904 = CARTESIAN_POINT('',(-6.435507066007,-111.8149580078,
    128.53363301174));
#1905 = CARTESIAN_POINT('',(-6.462942933268,-111.8133783385,
    128.62675721723));
#1906 = CARTESIAN_POINT('',(-6.493836388558,-111.8115903201,
    128.71926593936));
#1907 = CARTESIAN_POINT('',(-6.528370537701,-111.8095785408,
    128.81102842616));
#1908 = CARTESIAN_POINT('',(-6.603045900205,-111.805192676,
    128.98798374648));
#1909 = CARTESIAN_POINT('',(-6.642797282853,-111.8028431716,
    129.07326804364));
#1910 = CARTESIAN_POINT('',(-6.686112298575,-111.80026399,
    129.15761333945));
#1911 = CARTESIAN_POINT('',(-6.733121551874,-111.7974403285,
    129.24086685397));
#1912 = CARTESIAN_POINT('',(-6.832632039493,-111.7914018211,
    129.40149165037));
#1913 = CARTESIAN_POINT('',(-6.884829104234,-111.7882077591,
    129.47896455579));
#1914 = CARTESIAN_POINT('',(-6.940591329715,-111.7847631182,
    129.55513067794));
#1915 = CARTESIAN_POINT('',(-6.999969628475,-111.7810556799,
    129.62983119092));
#1916 = CARTESIAN_POINT('',(-7.124330312853,-111.7731975871,
    129.77410126588));
#1917 = CARTESIAN_POINT('',(-7.189130193043,-111.7690607292,
    129.84375474327));
#1918 = CARTESIAN_POINT('',(-7.257356383261,-111.7646556363,
    129.91171858525));
#1919 = CARTESIAN_POINT('',(-7.328962813676,-111.759974662,
    129.97785320969));
#1920 = CARTESIAN_POINT('',(-7.403847907358,-111.7550134721,
    130.04203519649));
#1921 = ORIENTED_EDGE('',*,*,#1922,.F.);
#1922 = EDGE_CURVE('',#1923,#1900,#1925,.T.);
#1923 = VERTEX_POINT('',#1924);
#1924 = CARTESIAN_POINT('',(-9.089075162358,-111.6305903983,128.44));
#1925 = CIRCLE('',#1926,112.);
#1926 = AXIS2_PLACEMENT_3D('',#1927,#1928,#1929);
#1927 = CARTESIAN_POINT('',(0.,0.,128.44));
#1928 = DIRECTION('',(0.,0.,1.));
#1929 = DIRECTION('',(1.,0.,0.));
#1930 = ORIENTED_EDGE('',*,*,#1931,.F.);
#1931 = EDGE_CURVE('',#1932,#1923,#1934,.T.);
#1932 = VERTEX_POINT('',#1933);
#1933 = CARTESIAN_POINT('',(-9.252484726908,-111.6171650167,
    128.57964803501));
#1934 = B_SPLINE_CURVE_WITH_KNOTS('',5,(#1935,#1936,#1937,#1938,#1939,
    #1940),.UNSPECIFIED.,.F.,.F.,(6,6),(0.,1.),
  .PIECEWISE_BEZIER_KNOTS.);
#1935 = CARTESIAN_POINT('',(-9.252484726908,-111.6171650167,
    128.57964803501));
#1936 = CARTESIAN_POINT('',(-9.216022937042,-111.6201875102,
    128.5545489374));
#1937 = CARTESIAN_POINT('',(-9.18142007226,-111.6230409157,
    128.52791319709));
#1938 = CARTESIAN_POINT('',(-9.14873422946,-111.6257234881,
    128.49985458121));
#1939 = CARTESIAN_POINT('',(-9.11796381473,-111.6282382553,
    128.47050589774));
#1940 = CARTESIAN_POINT('',(-9.089074654629,-111.6305904397,
    128.43999946384));
#1941 = ORIENTED_EDGE('',*,*,#1942,.F.);
#1942 = EDGE_CURVE('',#1943,#1932,#1945,.T.);
#1943 = VERTEX_POINT('',#1944);
#1944 = CARTESIAN_POINT('',(-10.75645117169,-111.4822800188,
    128.9330719431));
#1945 = B_SPLINE_CURVE_WITH_KNOTS('',6,(#1946,#1947,#1948,#1949,#1950,
    #1951,#1952,#1953,#1954,#1955,#1956,#1957,#1958,#1959,#1960,#1961,
    #1962),.UNSPECIFIED.,.F.,.F.,(7,5,5,7),(0.,0.43812258001,
    0.724936220498,1.),.UNSPECIFIED.);
#1946 = CARTESIAN_POINT('',(-10.75645117169,-111.4822800188,
    128.9330719431));
#1947 = CARTESIAN_POINT('',(-10.63216826347,-111.4942715481,
    128.9330719431));
#1948 = CARTESIAN_POINT('',(-10.50877666494,-111.5060092647,
    128.92973907541));
#1949 = CARTESIAN_POINT('',(-10.38654990705,-111.5174713864,
    128.9227085355));
#1950 = CARTESIAN_POINT('',(-10.26592457816,-111.5286227303,
    128.91156039503));
#1951 = CARTESIAN_POINT('',(-10.14749491713,-111.539418136,
    128.89583426007));
#1952 = CARTESIAN_POINT('',(-9.956361821364,-111.5566072623,
    128.86152725421));
#1953 = CARTESIAN_POINT('',(-9.881999058457,-111.5632329057,
    128.84580912127));
#1954 = CARTESIAN_POINT('',(-9.809107507969,-111.5696680784,
    128.82782955144));
#1955 = CARTESIAN_POINT('',(-9.737935368551,-111.5758954776,
    128.80748040914));
#1956 = CARTESIAN_POINT('',(-9.668750527943,-111.5818971664,
    128.78468084523));
#1957 = CARTESIAN_POINT('',(-9.53764348247,-111.593178585,128.7351473829
    ));
#1958 = CARTESIAN_POINT('',(-9.475533771494,-111.5984783378,
    128.7086108284));
#1959 = CARTESIAN_POINT('',(-9.415748690984,-111.6035388408,
    128.67975986874));
#1960 = CARTESIAN_POINT('',(-9.358519513804,-111.6083465053,
    128.64860343534));
#1961 = CARTESIAN_POINT('',(-9.304045909297,-111.6128908618,
    128.61519608605));
#1962 = CARTESIAN_POINT('',(-9.252484726908,-111.6171650167,
    128.57964803501));
#1963 = ORIENTED_EDGE('',*,*,#1964,.F.);
#1964 = EDGE_CURVE('',#1965,#1943,#1967,.T.);
#1965 = VERTEX_POINT('',#1966);
#1966 = CARTESIAN_POINT('',(-11.42883195039,-111.4153571113,
    128.9330719431));
#1967 = CIRCLE('',#1968,112.);
#1968 = AXIS2_PLACEMENT_3D('',#1969,#1970,#1971);
#1969 = CARTESIAN_POINT('',(0.,0.,128.9330719431));
#1970 = DIRECTION('',(0.,0.,1.));
#1971 = DIRECTION('',(1.,0.,0.));
#1972 = ORIENTED_EDGE('',*,*,#1973,.F.);
#1973 = EDGE_CURVE('',#1847,#1965,#1974,.T.);
#1974 = LINE('',#1975,#1976);
#1975 = CARTESIAN_POINT('',(-11.42883195039,-111.4153571113,70.));
#1976 = VECTOR('',#1977,1.);
#1977 = DIRECTION('',(0.,0.,1.));
#1978 = FACE_BOUND('',#1979,.F.);
#1979 = EDGE_LOOP('',(#1980,#1991,#1999,#2008,#2016,#2025,#2033,#2042));
#1980 = ORIENTED_EDGE('',*,*,#1981,.F.);
#1981 = EDGE_CURVE('',#1982,#1984,#1986,.T.);
#1982 = VERTEX_POINT('',#1983);
#1983 = CARTESIAN_POINT('',(-1.277468769946,-111.992714377,128.44));
#1984 = VERTEX_POINT('',#1985);
#1985 = CARTESIAN_POINT('',(1.058630436765,-111.9949967703,128.44));
#1986 = CIRCLE('',#1987,112.);
#1987 = AXIS2_PLACEMENT_3D('',#1988,#1989,#1990);
#1988 = CARTESIAN_POINT('',(0.,0.,128.44));
#1989 = DIRECTION('',(0.,0.,1.));
#1990 = DIRECTION('',(1.,0.,0.));
#1991 = ORIENTED_EDGE('',*,*,#1992,.T.);
#1992 = EDGE_CURVE('',#1982,#1993,#1995,.T.);
#1993 = VERTEX_POINT('',#1994);
#1994 = CARTESIAN_POINT('',(-1.277468769946,-111.992714377,
    129.05069754718));
#1995 = LINE('',#1996,#1997);
#1996 = CARTESIAN_POINT('',(-1.277468769946,-111.992714377,70.));
#1997 = VECTOR('',#1998,1.);
#1998 = DIRECTION('',(0.,0.,1.));
#1999 = ORIENTED_EDGE('',*,*,#2000,.T.);
#2000 = EDGE_CURVE('',#1993,#2001,#2003,.T.);
#2001 = VERTEX_POINT('',#2002);
#2002 = CARTESIAN_POINT('',(-3.613567976657,-111.9416907433,
    129.31932160116));
#2003 = ELLIPSE('',#2004,112.73801762543,112.);
#2004 = AXIS2_PLACEMENT_3D('',#2005,#2006,#2007);
#2005 = CARTESIAN_POINT('',(0.,0.,128.90380359729));
#2006 = DIRECTION('',(-0.114235541797,-2.20591032869E-16,-0.99345369343)
  );
#2007 = DIRECTION('',(-0.99345369343,-1.91837822882E-15,0.114235541797)
  );
#2008 = ORIENTED_EDGE('',*,*,#2009,.T.);
#2009 = EDGE_CURVE('',#2001,#2010,#2012,.T.);
#2010 = VERTEX_POINT('',#2011);
#2011 = CARTESIAN_POINT('',(-3.613567976657,-111.9416907433,131.));
#2012 = LINE('',#2013,#2014);
#2013 = CARTESIAN_POINT('',(-3.613567976657,-111.9416907433,70.));
#2014 = VECTOR('',#2015,1.);
#2015 = DIRECTION('',(0.,0.,1.));
#2016 = ORIENTED_EDGE('',*,*,#2017,.T.);
#2017 = EDGE_CURVE('',#2010,#2018,#2020,.T.);
#2018 = VERTEX_POINT('',#2019);
#2019 = CARTESIAN_POINT('',(3.445062460108,-111.9470032856,131.));
#2020 = CIRCLE('',#2021,112.);
#2021 = AXIS2_PLACEMENT_3D('',#2022,#2023,#2024);
#2022 = CARTESIAN_POINT('',(0.,0.,131.));
#2023 = DIRECTION('',(0.,0.,1.));
#2024 = DIRECTION('',(1.,0.,0.));
#2025 = ORIENTED_EDGE('',*,*,#2026,.F.);
#2026 = EDGE_CURVE('',#2027,#2018,#2029,.T.);
#2027 = VERTEX_POINT('',#2028);
#2028 = CARTESIAN_POINT('',(3.445062460108,-111.9470032856,
    129.31932160116));
#2029 = LINE('',#2030,#2031);
#2030 = CARTESIAN_POINT('',(3.445062460108,-111.9470032856,70.));
#2031 = VECTOR('',#2032,1.);
#2032 = DIRECTION('',(0.,0.,1.));
#2033 = ORIENTED_EDGE('',*,*,#2034,.T.);
#2034 = EDGE_CURVE('',#2027,#2035,#2037,.T.);
#2035 = VERTEX_POINT('',#2036);
#2036 = CARTESIAN_POINT('',(1.058630436765,-111.9949967703,
    129.05069754718));
#2037 = ELLIPSE('',#2038,112.70731114964,112.);
#2038 = AXIS2_PLACEMENT_3D('',#2039,#2040,#2041);
#2039 = CARTESIAN_POINT('',(0.,0.,128.93153488225));
#2040 = DIRECTION('',(0.111856638692,-2.206511316607E-16,-0.993724354326
    ));
#2041 = DIRECTION('',(0.993724354326,-1.960244880456E-15,0.111856638692)
  );
#2042 = ORIENTED_EDGE('',*,*,#2043,.F.);
#2043 = EDGE_CURVE('',#1984,#2035,#2044,.T.);
#2044 = LINE('',#2045,#2046);
#2045 = CARTESIAN_POINT('',(1.058630436765,-111.9949967703,70.));
#2046 = VECTOR('',#2047,1.);
#2047 = DIRECTION('',(0.,0.,1.));
#2048 = FACE_BOUND('',#2049,.F.);
#2049 = EDGE_LOOP('',(#2050,#2084,#2099,#2108,#2131,#2144,#2154,#2162,
    #2171,#2179,#2198));
#2050 = ORIENTED_EDGE('',*,*,#2051,.F.);
#2051 = EDGE_CURVE('',#2052,#2054,#2056,.T.);
#2052 = VERTEX_POINT('',#2053);
#2053 = CARTESIAN_POINT('',(6.764292878636,-111.7955470573,
    120.45363362815));
#2054 = VERTEX_POINT('',#2055);
#2055 = CARTESIAN_POINT('',(10.722531230054,-111.4855476015,
    118.83204157928));
#2056 = B_SPLINE_CURVE_WITH_KNOTS('',6,(#2057,#2058,#2059,#2060,#2061,
    #2062,#2063,#2064,#2065,#2066,#2067,#2068,#2069,#2070,#2071,#2072,
    #2073,#2074,#2075,#2076,#2077,#2078,#2079,#2080,#2081,#2082,#2083),
  .UNSPECIFIED.,.F.,.F.,(7,5,5,5,5,7),(0.,0.181913156257,0.486513251042,
    0.699816902813,0.804526580219,1.),.UNSPECIFIED.);
#2057 = CARTESIAN_POINT('',(6.764292878636,-111.7955470573,
    120.45363362815));
#2058 = CARTESIAN_POINT('',(6.836982883866,-111.7911488814,
    120.36314510421));
#2059 = CARTESIAN_POINT('',(6.913373421376,-111.7864698674,
    120.27422665839));
#2060 = CARTESIAN_POINT('',(6.993612001891,-111.7814902608,
    120.18706695584));
#2061 = CARTESIAN_POINT('',(7.077831013213,-111.7761893877,
    120.10188472179));
#2062 = CARTESIAN_POINT('',(7.166130535021,-111.7705468923,
    120.01891988018));
#2063 = CARTESIAN_POINT('',(7.413329372654,-111.7544925354,
    119.8036414676));
#2064 = CARTESIAN_POINT('',(7.579743927314,-111.7434264684,
    119.67572618558));
#2065 = CARTESIAN_POINT('',(7.757931824524,-111.7312644549,
    119.55597953046));
#2066 = CARTESIAN_POINT('',(7.947661443057,-111.7179382296,
    119.44566392791));
#2067 = CARTESIAN_POINT('',(8.148150217905,-111.7034102027,
    119.34584063742));
#2068 = CARTESIAN_POINT('',(8.504627415956,-111.6767343224,
    119.19505308236));
#2069 = CARTESIAN_POINT('',(8.655986301392,-111.6651749675,
    119.13839381653));
#2070 = CARTESIAN_POINT('',(8.811368605854,-111.6530544471,
    119.0873970272));
#2071 = CARTESIAN_POINT('',(8.970213173145,-111.6403918654,
    119.04212675038));
#2072 = CARTESIAN_POINT('',(9.131934615848,-111.627213777,
    119.00252480226));
#2073 = CARTESIAN_POINT('',(9.37645439594,-111.6068484903,
    118.95171235267));
#2074 = CARTESIAN_POINT('',(9.45752152982,-111.6000264888,
    118.93631095473));
#2075 = CARTESIAN_POINT('',(9.539079329372,-111.5930916092,
    118.92222061751));
#2076 = CARTESIAN_POINT('',(9.621065733424,-111.5860475447,
    118.90941776702));
#2077 = CARTESIAN_POINT('',(9.703422520628,-111.5788979997,
    118.89787479816));
#2078 = CARTESIAN_POINT('',(9.94043135858,-111.558109643,118.86830841691
    ));
#2079 = CARTESIAN_POINT('',(10.095867182501,-111.5442180085,
    118.85334119144));
#2080 = CARTESIAN_POINT('',(10.252059344243,-111.529994812,
    118.84246067367));
#2081 = CARTESIAN_POINT('',(10.408715841051,-111.5154624156,
    118.83543950186));
#2082 = CARTESIAN_POINT('',(10.565599556671,-111.5006410805,
    118.83204157928));
#2083 = CARTESIAN_POINT('',(10.722531230054,-111.4855476015,
    118.83204157928));
#2084 = ORIENTED_EDGE('',*,*,#2085,.F.);
#2085 = EDGE_CURVE('',#2086,#2052,#2088,.T.);
#2086 = VERTEX_POINT('',#2087);
#2087 = CARTESIAN_POINT('',(6.087377774417,-111.8344483235,121.56));
#2088 = B_SPLINE_CURVE_WITH_KNOTS('',5,(#2089,#2090,#2091,#2092,#2093,
    #2094,#2095,#2096,#2097,#2098),.UNSPECIFIED.,.F.,.F.,(6,4,6),(0.,
    0.513240627044,1.),.UNSPECIFIED.);
#2089 = CARTESIAN_POINT('',(6.087376691734,-111.8344483824,
    121.56000237679));
#2090 = CARTESIAN_POINT('',(6.141226550008,-111.831517225,121.4417866858
    ));
#2091 = CARTESIAN_POINT('',(6.19875069332,-111.8283535603,
    121.32446847241));
#2092 = CARTESIAN_POINT('',(6.260126354352,-111.8249388686,
    121.20817444496));
#2093 = CARTESIAN_POINT('',(6.325532489455,-111.8212524491,
    121.0930579859));
#2094 = CARTESIAN_POINT('',(6.461149190972,-111.8134961579,
    120.87140246449));
#2095 = CARTESIAN_POINT('',(6.530937330587,-111.809455907,
    120.76472799428));
#2096 = CARTESIAN_POINT('',(6.604642848851,-111.8051315591,
    120.65942286587));
#2097 = CARTESIAN_POINT('',(6.682395437223,-111.8005023377,
    120.55566132302));
#2098 = CARTESIAN_POINT('',(6.764292878636,-111.7955470573,
    120.45363362815));
#2099 = ORIENTED_EDGE('',*,*,#2100,.T.);
#2100 = EDGE_CURVE('',#2086,#2101,#2103,.T.);
#2101 = VERTEX_POINT('',#2102);
#2102 = CARTESIAN_POINT('',(8.955648361211,-111.6413738827,121.56));
#2103 = CIRCLE('',#2104,112.);
#2104 = AXIS2_PLACEMENT_3D('',#2105,#2106,#2107);
#2105 = CARTESIAN_POINT('',(0.,0.,121.56));
#2106 = DIRECTION('',(0.,0.,1.));
#2107 = DIRECTION('',(1.,0.,0.));
#2108 = ORIENTED_EDGE('',*,*,#2109,.F.);
#2109 = EDGE_CURVE('',#2110,#2101,#2112,.T.);
#2110 = VERTEX_POINT('',#2111);
#2111 = CARTESIAN_POINT('',(10.772864046686,-111.4806951908,
    120.89896963618));
#2112 = B_SPLINE_CURVE_WITH_KNOTS('',5,(#2113,#2114,#2115,#2116,#2117,
    #2118,#2119,#2120,#2121,#2122,#2123,#2124,#2125,#2126,#2127,#2128,
    #2129,#2130),.UNSPECIFIED.,.F.,.F.,(6,4,4,4,6),(0.,0.170814797356,
    0.48728785904,0.817834563617,1.),.UNSPECIFIED.);
#2113 = CARTESIAN_POINT('',(10.772864046686,-111.4806951908,
    120.89896963618));
#2114 = CARTESIAN_POINT('',(10.699826521801,-111.4877531242,
    120.89896963618));
#2115 = CARTESIAN_POINT('',(10.626899992737,-111.4947399596,
    120.90067295597));
#2116 = CARTESIAN_POINT('',(10.554187400998,-111.5016461325,
    120.90417909593));
#2117 = CARTESIAN_POINT('',(10.481817901626,-111.5084602367,
    120.90958493689));
#2118 = CARTESIAN_POINT('',(10.276781059437,-111.5276004311,
    120.93064386695));
#2119 = CARTESIAN_POINT('',(10.145277702657,-111.5396758082,
    120.9511086009));
#2120 = CARTESIAN_POINT('',(10.016504938433,-111.5513057106,
    120.97884314841));
#2121 = CARTESIAN_POINT('',(9.891611221409,-111.5624064145,
    121.01406629336));
#2122 = CARTESIAN_POINT('',(9.646383872019,-111.5838836653,
    121.10060810938));
#2123 = CARTESIAN_POINT('',(9.526437763477,-111.5942113965,
    121.15259494925));
#2124 = CARTESIAN_POINT('',(9.413058971869,-111.6038174477,
    121.21193229099));
#2125 = CARTESIAN_POINT('',(9.306731500347,-111.6126993366,
    121.27770894058));
#2126 = CARTESIAN_POINT('',(9.152886659494,-111.6253899161,
    121.38813066557));
#2127 = CARTESIAN_POINT('',(9.100384616298,-111.629687093,
    121.42901482682));
#2128 = CARTESIAN_POINT('',(9.050043124063,-111.6337776995,
    121.47139003065));
#2129 = CARTESIAN_POINT('',(9.001818914365,-111.6376701735,
    121.51509845242));
#2130 = CARTESIAN_POINT('',(8.955647312594,-111.6413739668,
    121.56000101979));
#2131 = ORIENTED_EDGE('',*,*,#2132,.F.);
#2132 = EDGE_CURVE('',#2133,#2110,#2135,.T.);
#2133 = VERTEX_POINT('',#2134);
#2134 = CARTESIAN_POINT('',(11.461657700374,-111.411985005,
    120.94930245281));
#2135 = B_SPLINE_CURVE_WITH_KNOTS('',4,(#2136,#2137,#2138,#2139,#2140,
    #2141,#2142,#2143),.UNSPECIFIED.,.F.,.F.,(5,3,5),(0.,0.560946529739,
    1.),.UNSPECIFIED.);
#2136 = CARTESIAN_POINT('',(11.461657700374,-111.411985005,
    120.94930245281));
#2137 = CARTESIAN_POINT('',(11.370486670029,-111.4213643473,
    120.93491525763));
#2138 = CARTESIAN_POINT('',(11.277095019247,-111.4308716161,
    120.92335686509));
#2139 = CARTESIAN_POINT('',(11.181644926572,-111.4404791209,
    120.91456498166));
#2140 = CARTESIAN_POINT('',(11.008106093426,-111.4577384617,
    120.90366402773));
#2141 = CARTESIAN_POINT('',(10.930751583356,-111.465361632,
    120.90051809613));
#2142 = CARTESIAN_POINT('',(10.852312931606,-111.4730176998,
    120.89896963618));
#2143 = CARTESIAN_POINT('',(10.772864046686,-111.4806951908,
    120.89896963618));
#2144 = ORIENTED_EDGE('',*,*,#2145,.F.);
#2145 = EDGE_CURVE('',#2146,#2133,#2148,.T.);
#2146 = VERTEX_POINT('',#2147);
#2147 = CARTESIAN_POINT('',(12.083705662442,-111.3462350394,
    121.06747515273));
#2148 = B_SPLINE_CURVE_WITH_KNOTS('',4,(#2149,#2150,#2151,#2152,#2153),
  .UNSPECIFIED.,.F.,.F.,(5,5),(0.,1.),.PIECEWISE_BEZIER_KNOTS.);
#2149 = CARTESIAN_POINT('',(12.083705662442,-111.3462350394,
    121.06747515273));
#2150 = CARTESIAN_POINT('',(11.931748878307,-111.3627259522,
    121.03367644667));
#2151 = CARTESIAN_POINT('',(11.777362968705,-111.3792007264,
    121.00273220926));
#2152 = CARTESIAN_POINT('',(11.620635454502,-111.3956299548,
    120.97461911571));
#2153 = CARTESIAN_POINT('',(11.461657700374,-111.411985005,
    120.94930245281));
#2154 = ORIENTED_EDGE('',*,*,#2155,.T.);
#2155 = EDGE_CURVE('',#2146,#2156,#2158,.T.);
#2156 = VERTEX_POINT('',#2157);
#2157 = CARTESIAN_POINT('',(12.083705662442,-111.3462350394,121.56));
#2158 = LINE('',#2159,#2160);
#2159 = CARTESIAN_POINT('',(12.083705662442,-111.3462350394,70.));
#2160 = VECTOR('',#2161,1.);
#2161 = DIRECTION('',(0.,0.,1.));
#2162 = ORIENTED_EDGE('',*,*,#2163,.T.);
#2163 = EDGE_CURVE('',#2156,#2164,#2166,.T.);
#2164 = VERTEX_POINT('',#2165);
#2165 = CARTESIAN_POINT('',(14.285766390079,-111.0851784832,121.56));
#2166 = CIRCLE('',#2167,112.);
#2167 = AXIS2_PLACEMENT_3D('',#2168,#2169,#2170);
#2168 = CARTESIAN_POINT('',(0.,0.,121.56));
#2169 = DIRECTION('',(0.,0.,1.));
#2170 = DIRECTION('',(1.,0.,0.));
#2171 = ORIENTED_EDGE('',*,*,#2172,.F.);
#2172 = EDGE_CURVE('',#2173,#2164,#2175,.T.);
#2173 = VERTEX_POINT('',#2174);
#2174 = CARTESIAN_POINT('',(14.285766390079,-111.0851784832,
    119.52083523297));
#2175 = LINE('',#2176,#2177);
#2176 = CARTESIAN_POINT('',(14.285766390079,-111.0851784832,70.));
#2177 = VECTOR('',#2178,1.);
#2178 = DIRECTION('',(0.,0.,1.));
#2179 = ORIENTED_EDGE('',*,*,#2180,.F.);
#2180 = EDGE_CURVE('',#2181,#2173,#2183,.T.);
#2181 = VERTEX_POINT('',#2182);
#2182 = CARTESIAN_POINT('',(12.571168049603,-111.292253701,
    118.98358712501));
#2183 = B_SPLINE_CURVE_WITH_KNOTS('',4,(#2184,#2185,#2186,#2187,#2188,
    #2189,#2190,#2191,#2192,#2193,#2194,#2195,#2196,#2197),
  .UNSPECIFIED.,.F.,.F.,(5,3,3,3,5),(0.,0.238738383808,0.483854160718,
    0.737576657417,1.),.UNSPECIFIED.);
#2184 = CARTESIAN_POINT('',(12.571168049603,-111.292253701,
    118.98358712501));
#2185 = CARTESIAN_POINT('',(12.678072359726,-111.2801781791,
    119.00279649323));
#2186 = CARTESIAN_POINT('',(12.784429373345,-111.2680258012,
    119.02438013987));
#2187 = CARTESIAN_POINT('',(12.890144657686,-111.2558104016,
    119.04822481445));
#2188 = CARTESIAN_POINT('',(13.102968388733,-111.2309489394,
    119.10088745062));
#2189 = CARTESIAN_POINT('',(13.210038479274,-111.2183000836,
    119.12982160817));
#2190 = CARTESIAN_POINT('',(13.31629527818,-111.2056093544,
    119.16088044256));
#2191 = CARTESIAN_POINT('',(13.530803878937,-111.1797167818,
    119.22815015983));
#2192 = CARTESIAN_POINT('',(13.638994441154,-111.1665126526,
    119.26450389998));
#2193 = CARTESIAN_POINT('',(13.746227042508,-111.1532847379,
    119.30285353677));
#2194 = CARTESIAN_POINT('',(13.96238485354,-111.1263428491,
    119.38465960524));
#2195 = CARTESIAN_POINT('',(14.07124164235,-111.1126277907,
    119.42824618044));
#2196 = CARTESIAN_POINT('',(14.179034983928,-111.0989043461,
    119.47368105728));
#2197 = CARTESIAN_POINT('',(14.285766390079,-111.0851784832,
    119.52083523297));
#2198 = ORIENTED_EDGE('',*,*,#2199,.F.);
#2199 = EDGE_CURVE('',#2054,#2181,#2200,.T.);
#2200 = B_SPLINE_CURVE_WITH_KNOTS('',4,(#2201,#2202,#2203,#2204,#2205,
    #2206,#2207,#2208,#2209,#2210,#2211,#2212,#2213,#2214),
  .UNSPECIFIED.,.F.,.F.,(5,3,3,3,5),(0.,0.261289094638,0.514541389226,
    0.760505653391,1.),.UNSPECIFIED.);
#2201 = CARTESIAN_POINT('',(10.722531230054,-111.4855476015,
    118.83204157928));
#2202 = CARTESIAN_POINT('',(10.846550721651,-111.4736195723,
    118.83204157928));
#2203 = CARTESIAN_POINT('',(10.970212482388,-111.4615403031,
    118.83357000347));
#2204 = CARTESIAN_POINT('',(11.093450588205,-111.4493183908,
    118.83670117723));
#2205 = CARTESIAN_POINT('',(11.335139462518,-111.4249922928,
    118.84617715789));
#2206 = CARTESIAN_POINT('',(11.453620786241,-111.4128960698,
    118.85242006437));
#2207 = CARTESIAN_POINT('',(11.571551271683,-111.4006872021,
    118.86031305942));
#2208 = CARTESIAN_POINT('',(11.802751921203,-111.37642554,
    118.87926617555));
#2209 = CARTESIAN_POINT('',(11.916058482213,-111.3643783794,
    118.89022849422));
#2210 = CARTESIAN_POINT('',(12.028674759357,-111.3522502574,
    118.90288079194));
#2211 = CARTESIAN_POINT('',(12.249386322967,-111.3281839051,
    118.93131225207));
#2212 = CARTESIAN_POINT('',(12.357522625239,-111.3162490766,
    118.94700026491));
#2213 = CARTESIAN_POINT('',(12.464818177832,-111.3042665956,
    118.96440814423));
#2214 = CARTESIAN_POINT('',(12.571168049603,-111.292253701,
    118.98358712501));
#2215 = FACE_BOUND('',#2216,.F.);
#2216 = EDGE_LOOP('',(#2217,#2228,#2236,#2245,#2253,#2262));
#2217 = ORIENTED_EDGE('',*,*,#2218,.F.);
#2218 = EDGE_CURVE('',#2219,#2221,#2223,.T.);
#2219 = VERTEX_POINT('',#2220);
#2220 = CARTESIAN_POINT('',(16.38661438862,-110.7947601147,119.));
#2221 = VERTEX_POINT('',#2222);
#2222 = CARTESIAN_POINT('',(23.949667183368,-109.4093846148,119.));
#2223 = CIRCLE('',#2224,112.);
#2224 = AXIS2_PLACEMENT_3D('',#2225,#2226,#2227);
#2225 = CARTESIAN_POINT('',(0.,0.,119.));
#2226 = DIRECTION('',(0.,0.,1.));
#2227 = DIRECTION('',(1.,0.,0.));
#2228 = ORIENTED_EDGE('',*,*,#2229,.T.);
#2229 = EDGE_CURVE('',#2219,#2230,#2232,.T.);
#2230 = VERTEX_POINT('',#2231);
#2231 = CARTESIAN_POINT('',(16.38661438862,-110.7947601147,121.56));
#2232 = LINE('',#2233,#2234);
#2233 = CARTESIAN_POINT('',(16.38661438862,-110.7947601147,70.));
#2234 = VECTOR('',#2235,1.);
#2235 = DIRECTION('',(0.,0.,1.));
#2236 = ORIENTED_EDGE('',*,*,#2237,.T.);
#2237 = EDGE_CURVE('',#2230,#2238,#2240,.T.);
#2238 = VERTEX_POINT('',#2239);
#2239 = CARTESIAN_POINT('',(18.73912647032,-110.4212168884,121.56));
#2240 = CIRCLE('',#2241,112.);
#2241 = AXIS2_PLACEMENT_3D('',#2242,#2243,#2244);
#2242 = CARTESIAN_POINT('',(0.,0.,121.56));
#2243 = DIRECTION('',(0.,0.,1.));
#2244 = DIRECTION('',(1.,0.,0.));
#2245 = ORIENTED_EDGE('',*,*,#2246,.F.);
#2246 = EDGE_CURVE('',#2247,#2238,#2249,.T.);
#2247 = VERTEX_POINT('',#2248);
#2248 = CARTESIAN_POINT('',(18.73912647032,-110.4212168884,
    121.10084799854));
#2249 = LINE('',#2250,#2251);
#2250 = CARTESIAN_POINT('',(18.73912647032,-110.4212168884,70.));
#2251 = VECTOR('',#2252,1.);
#2252 = DIRECTION('',(0.,0.,1.));
#2253 = ORIENTED_EDGE('',*,*,#2254,.T.);
#2254 = EDGE_CURVE('',#2247,#2255,#2257,.T.);
#2255 = VERTEX_POINT('',#2256);
#2256 = CARTESIAN_POINT('',(23.949667183368,-109.4093846148,
    121.10084799854));
#2257 = CIRCLE('',#2258,112.);
#2258 = AXIS2_PLACEMENT_3D('',#2259,#2260,#2261);
#2259 = CARTESIAN_POINT('',(0.,0.,121.10084799854));
#2260 = DIRECTION('',(0.,0.,1.));
#2261 = DIRECTION('',(1.,0.,0.));
#2262 = ORIENTED_EDGE('',*,*,#2263,.F.);
#2263 = EDGE_CURVE('',#2221,#2255,#2264,.T.);
#2264 = LINE('',#2265,#2266);
#2265 = CARTESIAN_POINT('',(23.949667183368,-109.4093846148,70.));
#2266 = VECTOR('',#2267,1.);
#2267 = DIRECTION('',(0.,0.,1.));
#2268 = FACE_BOUND('',#2269,.F.);
#2269 = EDGE_LOOP('',(#2270,#2281,#2289,#2298,#2306,#2315));
#2270 = ORIENTED_EDGE('',*,*,#2271,.F.);
#2271 = EDGE_CURVE('',#2272,#2274,#2276,.T.);
#2272 = VERTEX_POINT('',#2273);
#2273 = CARTESIAN_POINT('',(26.470684781618,-108.8269398962,119.));
#2274 = VERTEX_POINT('',#2275);
#2275 = CARTESIAN_POINT('',(29.664793948383,-108.,119.));
#2276 = CIRCLE('',#2277,112.);
#2277 = AXIS2_PLACEMENT_3D('',#2278,#2279,#2280);
#2278 = CARTESIAN_POINT('',(0.,0.,119.));
#2279 = DIRECTION('',(0.,0.,1.));
#2280 = DIRECTION('',(1.,0.,0.));
#2281 = ORIENTED_EDGE('',*,*,#2282,.T.);
#2282 = EDGE_CURVE('',#2272,#2283,#2285,.T.);
#2283 = VERTEX_POINT('',#2284);
#2284 = CARTESIAN_POINT('',(26.470684781618,-108.8269398962,121.56));
#2285 = LINE('',#2286,#2287);
#2286 = CARTESIAN_POINT('',(26.470684781618,-108.8269398962,70.));
#2287 = VECTOR('',#2288,1.);
#2288 = DIRECTION('',(0.,0.,1.));
#2289 = ORIENTED_EDGE('',*,*,#2290,.T.);
#2290 = EDGE_CURVE('',#2283,#2291,#2293,.T.);
#2291 = VERTEX_POINT('',#2292);
#2292 = CARTESIAN_POINT('',(28.823196863317,-108.2276458331,121.56));
#2293 = CIRCLE('',#2294,112.);
#2294 = AXIS2_PLACEMENT_3D('',#2295,#2296,#2297);
#2295 = CARTESIAN_POINT('',(0.,0.,121.56));
#2296 = DIRECTION('',(0.,0.,1.));
#2297 = DIRECTION('',(1.,0.,0.));
#2298 = ORIENTED_EDGE('',*,*,#2299,.F.);
#2299 = EDGE_CURVE('',#2300,#2291,#2302,.T.);
#2300 = VERTEX_POINT('',#2301);
#2301 = CARTESIAN_POINT('',(28.823196863317,-108.2276458331,
    121.10084799854));
#2302 = LINE('',#2303,#2304);
#2303 = CARTESIAN_POINT('',(28.823196863317,-108.2276458331,70.));
#2304 = VECTOR('',#2305,1.);
#2305 = DIRECTION('',(0.,0.,1.));
#2306 = ORIENTED_EDGE('',*,*,#2307,.T.);
#2307 = EDGE_CURVE('',#2300,#2308,#2310,.T.);
#2308 = VERTEX_POINT('',#2309);
#2309 = CARTESIAN_POINT('',(29.664793948383,-108.,121.10084799854));
#2310 = CIRCLE('',#2311,112.);
#2311 = AXIS2_PLACEMENT_3D('',#2312,#2313,#2314);
#2312 = CARTESIAN_POINT('',(0.,0.,121.10084799854));
#2313 = DIRECTION('',(0.,0.,1.));
#2314 = DIRECTION('',(1.,0.,0.));
#2315 = ORIENTED_EDGE('',*,*,#2316,.F.);
#2316 = EDGE_CURVE('',#2274,#2308,#2317,.T.);
#2317 = LINE('',#2318,#2319);
#2318 = CARTESIAN_POINT('',(29.664793948383,-108.,70.));
#2319 = VECTOR('',#2320,1.);
#2320 = DIRECTION('',(0.,0.,1.));
#2321 = FACE_BOUND('',#2322,.F.);
#2322 = EDGE_LOOP('',(#2323,#2337,#2352,#2361,#2376,#2391));
#2323 = ORIENTED_EDGE('',*,*,#2324,.F.);
#2324 = EDGE_CURVE('',#2325,#2327,#2329,.T.);
#2325 = VERTEX_POINT('',#2326);
#2326 = CARTESIAN_POINT('',(5.462204796207,-111.8667256996,
    124.86541442509));
#2327 = VERTEX_POINT('',#2328);
#2328 = CARTESIAN_POINT('',(5.602468664582,-111.8597887753,123.16));
#2329 = B_SPLINE_CURVE_WITH_KNOTS('',6,(#2330,#2331,#2332,#2333,#2334,
    #2335,#2336),.UNSPECIFIED.,.F.,.F.,(7,7),(0.,1.),
  .PIECEWISE_BEZIER_KNOTS.);
#2330 = CARTESIAN_POINT('',(5.462204796207,-111.8667256996,
    124.86541442509));
#2331 = CARTESIAN_POINT('',(5.462204796207,-111.8667256996,
    124.58016939089));
#2332 = CARTESIAN_POINT('',(5.470373147766,-111.8663268515,124.295056196
    ));
#2333 = CARTESIAN_POINT('',(5.487481747469,-111.8654915028,
    124.01020208119));
#2334 = CARTESIAN_POINT('',(5.514444725383,-111.8641704097,
    123.72583569111));
#2335 = CARTESIAN_POINT('',(5.552337385564,-111.8622995877,
    123.44228805012));
#2336 = CARTESIAN_POINT('',(5.602469177414,-111.8597887496,
    123.15999711225));
#2337 = ORIENTED_EDGE('',*,*,#2338,.F.);
#2338 = EDGE_CURVE('',#2339,#2325,#2341,.T.);
#2339 = VERTEX_POINT('',#2340);
#2340 = CARTESIAN_POINT('',(5.646392311176,-111.8575802253,126.84));
#2341 = B_SPLINE_CURVE_WITH_KNOTS('',5,(#2342,#2343,#2344,#2345,#2346,
    #2347,#2348,#2349,#2350,#2351),.UNSPECIFIED.,.F.,.F.,(6,4,6),(0.,
    0.48218184696,1.),.UNSPECIFIED.);
#2342 = CARTESIAN_POINT('',(5.646392921256,-111.8575801945,
    126.84000299059));
#2343 = CARTESIAN_POINT('',(5.607885680278,-111.8595239788,
    126.65124185163));
#2344 = CARTESIAN_POINT('',(5.575212909259,-111.8611566412,
    126.4618049401));
#2345 = CARTESIAN_POINT('',(5.547911961336,-111.8625115707,
    126.27186491563));
#2346 = CARTESIAN_POINT('',(5.525585038763,-111.8636143885,
    126.08155355649));
#2347 = CARTESIAN_POINT('',(5.488874940685,-111.8654218876,
    125.68628690905));
#2348 = CARTESIAN_POINT('',(5.475201108473,-111.8660911046,
    125.48129215723));
#2349 = CARTESIAN_POINT('',(5.466431995817,-111.866519299,
    125.27609497881));
#2350 = CARTESIAN_POINT('',(5.462204796207,-111.8667256996,
    125.07078265065));
#2351 = CARTESIAN_POINT('',(5.462204796207,-111.8667256996,
    124.86541442509));
#2352 = ORIENTED_EDGE('',*,*,#2353,.T.);
#2353 = EDGE_CURVE('',#2339,#2354,#2356,.T.);
#2354 = VERTEX_POINT('',#2355);
#2355 = CARTESIAN_POINT('',(8.150570093375,-111.7030358009,126.84));
#2356 = CIRCLE('',#2357,112.);
#2357 = AXIS2_PLACEMENT_3D('',#2358,#2359,#2360);
#2358 = CARTESIAN_POINT('',(0.,0.,126.84));
#2359 = DIRECTION('',(0.,0.,1.));
#2360 = DIRECTION('',(1.,0.,0.));
#2361 = ORIENTED_EDGE('',*,*,#2362,.F.);
#2362 = EDGE_CURVE('',#2363,#2354,#2365,.T.);
#2363 = VERTEX_POINT('',#2364);
#2364 = CARTESIAN_POINT('',(7.898969636181,-111.7211093692,
    124.91574724172));
#2365 = B_SPLINE_CURVE_WITH_KNOTS('',5,(#2366,#2367,#2368,#2369,#2370,
    #2371,#2372,#2373,#2374,#2375),.UNSPECIFIED.,.F.,.F.,(6,4,6),(0.,
    0.531174476801,1.),.UNSPECIFIED.);
#2366 = CARTESIAN_POINT('',(7.898969636181,-111.7211093692,
    124.91574724172));
#2367 = CARTESIAN_POINT('',(7.898969636181,-111.7211093692,
    125.12238309376));
#2368 = CARTESIAN_POINT('',(7.904532377793,-111.7207160907,
    125.32882312368));
#2369 = CARTESIAN_POINT('',(7.916289756161,-111.7198847228,
    125.53495921376));
#2370 = CARTESIAN_POINT('',(7.935020037314,-111.7185578882,
    125.74058856422));
#2371 = CARTESIAN_POINT('',(7.985394659068,-111.7149678097,
    126.12617823635));
#2372 = CARTESIAN_POINT('',(8.015263133744,-111.7128329103,
    126.30630303222));
#2373 = CARTESIAN_POINT('',(8.052112702153,-111.7101874264,
    126.48557895924));
#2374 = CARTESIAN_POINT('',(8.09683222341,-111.7069568609,
    126.66365281466));
#2375 = CARTESIAN_POINT('',(8.150570633902,-111.7030357615,
    126.8400017738));
#2376 = ORIENTED_EDGE('',*,*,#2377,.F.);
#2377 = EDGE_CURVE('',#2378,#2363,#2380,.T.);
#2378 = VERTEX_POINT('',#2379);
#2379 = CARTESIAN_POINT('',(8.102927864618,-111.7065018699,123.16));
#2380 = B_SPLINE_CURVE_WITH_KNOTS('',5,(#2381,#2382,#2383,#2384,#2385,
    #2386,#2387,#2388,#2389,#2390),.UNSPECIFIED.,.F.,.F.,(6,4,6),(0.,
    0.474849944113,1.),.UNSPECIFIED.);
#2381 = CARTESIAN_POINT('',(8.102928319898,-111.7065018369,
    123.15999827879));
#2382 = CARTESIAN_POINT('',(8.05962161046,-111.7096432043,
    123.32372079221));
#2383 = CARTESIAN_POINT('',(8.023330168014,-111.7122546175,
    123.48866702814));
#2384 = CARTESIAN_POINT('',(7.993283952904,-111.7144055152,123.654502655
    ));
#2385 = CARTESIAN_POINT('',(7.968864172462,-111.7161473496,
    123.82099092625));
#2386 = CARTESIAN_POINT('',(7.928194306189,-111.7190413202,
    124.17266915295));
#2387 = CARTESIAN_POINT('',(7.913084745653,-111.7201113619,
    124.35796215914));
#2388 = CARTESIAN_POINT('',(7.903524299618,-111.7207873529,
    124.54365866424));
#2389 = CARTESIAN_POINT('',(7.898969636181,-111.7211093692,
    124.72961547838));
#2390 = CARTESIAN_POINT('',(7.898969636181,-111.7211093692,
    124.91574724172));
#2391 = ORIENTED_EDGE('',*,*,#2392,.F.);
#2392 = EDGE_CURVE('',#2327,#2378,#2393,.T.);
#2393 = CIRCLE('',#2394,112.);
#2394 = AXIS2_PLACEMENT_3D('',#2395,#2396,#2397);
#2395 = CARTESIAN_POINT('',(0.,0.,123.16));
#2396 = DIRECTION('',(0.,0.,1.));
#2397 = DIRECTION('',(1.,0.,0.));
#2398 = FACE_BOUND('',#2399,.F.);
#2399 = EDGE_LOOP('',(#2400,#2411,#2419,#2428,#2436,#2445));
#2400 = ORIENTED_EDGE('',*,*,#2401,.F.);
#2401 = EDGE_CURVE('',#2402,#2404,#2406,.T.);
#2402 = VERTEX_POINT('',#2403);
#2403 = CARTESIAN_POINT('',(12.083705662442,-111.3462350394,123.16));
#2404 = VERTEX_POINT('',#2405);
#2405 = CARTESIAN_POINT('',(14.285766390079,-111.0851784832,123.16));
#2406 = CIRCLE('',#2407,112.);
#2407 = AXIS2_PLACEMENT_3D('',#2408,#2409,#2410);
#2408 = CARTESIAN_POINT('',(0.,0.,123.16));
#2409 = DIRECTION('',(0.,0.,1.));
#2410 = DIRECTION('',(1.,0.,0.));
#2411 = ORIENTED_EDGE('',*,*,#2412,.T.);
#2412 = EDGE_CURVE('',#2402,#2413,#2415,.T.);
#2413 = VERTEX_POINT('',#2414);
#2414 = CARTESIAN_POINT('',(12.083705662442,-111.3462350394,
    123.73949120087));
#2415 = LINE('',#2416,#2417);
#2416 = CARTESIAN_POINT('',(12.083705662442,-111.3462350394,70.));
#2417 = VECTOR('',#2418,1.);
#2418 = DIRECTION('',(0.,0.,1.));
#2419 = ORIENTED_EDGE('',*,*,#2420,.F.);
#2420 = EDGE_CURVE('',#2421,#2413,#2423,.T.);
#2421 = VERTEX_POINT('',#2422);
#2422 = CARTESIAN_POINT('',(10.419987234431,-111.5142316748,
    123.73949120087));
#2423 = CIRCLE('',#2424,112.);
#2424 = AXIS2_PLACEMENT_3D('',#2425,#2426,#2427);
#2425 = CARTESIAN_POINT('',(0.,0.,123.73949120087));
#2426 = DIRECTION('',(0.,0.,1.));
#2427 = DIRECTION('',(1.,0.,0.));
#2428 = ORIENTED_EDGE('',*,*,#2429,.T.);
#2429 = EDGE_CURVE('',#2421,#2430,#2432,.T.);
#2430 = VERTEX_POINT('',#2431);
#2431 = CARTESIAN_POINT('',(10.419987234431,-111.5142316748,
    125.75608644114));
#2432 = LINE('',#2433,#2434);
#2433 = CARTESIAN_POINT('',(10.419987234431,-111.5142316748,70.));
#2434 = VECTOR('',#2435,1.);
#2435 = DIRECTION('',(0.,0.,1.));
#2436 = ORIENTED_EDGE('',*,*,#2437,.T.);
#2437 = EDGE_CURVE('',#2430,#2438,#2440,.T.);
#2438 = VERTEX_POINT('',#2439);
#2439 = CARTESIAN_POINT('',(14.285766390079,-111.0851784832,
    125.75608644114));
#2440 = CIRCLE('',#2441,112.);
#2441 = AXIS2_PLACEMENT_3D('',#2442,#2443,#2444);
#2442 = CARTESIAN_POINT('',(0.,0.,125.75608644114));
#2443 = DIRECTION('',(0.,0.,1.));
#2444 = DIRECTION('',(1.,0.,0.));
#2445 = ORIENTED_EDGE('',*,*,#2446,.F.);
#2446 = EDGE_CURVE('',#2404,#2438,#2447,.T.);
#2447 = LINE('',#2448,#2449);
#2448 = CARTESIAN_POINT('',(14.285766390079,-111.0851784832,70.));
#2449 = VECTOR('',#2450,1.);
#2450 = DIRECTION('',(0.,0.,1.));
#2451 = FACE_BOUND('',#2452,.F.);
#2452 = EDGE_LOOP('',(#2453,#2470,#2502,#2521,#2536,#2545,#2560,#2579,
    #2602));
#2453 = ORIENTED_EDGE('',*,*,#2454,.F.);
#2454 = EDGE_CURVE('',#2455,#2457,#2459,.T.);
#2455 = VERTEX_POINT('',#2456);
#2456 = CARTESIAN_POINT('',(6.865505607732,-111.7893771015,
    129.49548645937));
#2457 = VERTEX_POINT('',#2458);
#2458 = CARTESIAN_POINT('',(6.180584331112,-111.8293359424,128.44));
#2459 = B_SPLINE_CURVE_WITH_KNOTS('',5,(#2460,#2461,#2462,#2463,#2464,
    #2465,#2466,#2467,#2468,#2469),.UNSPECIFIED.,.F.,.F.,(6,4,6),(0.,
    0.481367507754,1.),.UNSPECIFIED.);
#2460 = CARTESIAN_POINT('',(6.865505607732,-111.7893771015,
    129.49548645937));
#2461 = CARTESIAN_POINT('',(6.784825382092,-111.7943320494,
    129.39936218274));
#2462 = CARTESIAN_POINT('',(6.707900519087,-111.7989833013,
    129.30160080899));
#2463 = CARTESIAN_POINT('',(6.634653494298,-111.8033492495,129.202369654
    ));
#2464 = CARTESIAN_POINT('',(6.564978525246,-111.8074481283,
    129.10182342232));
#2465 = CARTESIAN_POINT('',(6.427410319824,-111.8154439432,
    128.89049737929));
#2466 = CARTESIAN_POINT('',(6.360072981867,-111.819300659,
    128.77952853866));
#2467 = CARTESIAN_POINT('',(6.296597183715,-111.8228886838,
    128.6673606474));
#2468 = CARTESIAN_POINT('',(6.236821250913,-111.8262278406,
    128.5541423024));
#2469 = CARTESIAN_POINT('',(6.180583126261,-111.829336009,
    128.43999755455));
#2470 = ORIENTED_EDGE('',*,*,#2471,.F.);
#2471 = EDGE_CURVE('',#2472,#2455,#2474,.T.);
#2472 = VERTEX_POINT('',#2473);
#2473 = CARTESIAN_POINT('',(10.89048965077,-111.469265877,
    131.16795842071));
#2474 = B_SPLINE_CURVE_WITH_KNOTS('',6,(#2475,#2476,#2477,#2478,#2479,
    #2480,#2481,#2482,#2483,#2484,#2485,#2486,#2487,#2488,#2489,#2490,
    #2491,#2492,#2493,#2494,#2495,#2496,#2497,#2498,#2499,#2500,#2501),
  .UNSPECIFIED.,.F.,.F.,(7,5,5,5,5,7),(0.,0.16461774581,0.453490813412,
    0.677636577327,0.788611428046,1.),.UNSPECIFIED.);
#2475 = CARTESIAN_POINT('',(10.89048965077,-111.469265877,
    131.16795842071));
#2476 = CARTESIAN_POINT('',(10.756092954613,-111.4823963647,
    131.16795842071));
#2477 = CARTESIAN_POINT('',(10.621726177744,-111.4953276273,
    131.16532124131));
#2478 = CARTESIAN_POINT('',(10.487516326955,-111.5080475153,
    131.15990809352));
#2479 = CARTESIAN_POINT('',(10.353619526915,-111.5205422935,
    131.15157921839));
#2480 = CARTESIAN_POINT('',(10.2202197429,-111.5327972375,131.1402036737
    ));
#2481 = CARTESIAN_POINT('',(9.85467767283,-111.5658549487,
    131.10016372412));
#2482 = CARTESIAN_POINT('',(9.623930001974,-111.5861345007,
    131.06492239589));
#2483 = CARTESIAN_POINT('',(9.396567733156,-111.6055402437,
    131.01934433142));
#2484 = CARTESIAN_POINT('',(9.173967402369,-111.6239893309,
    130.96303607154));
#2485 = CARTESIAN_POINT('',(8.957529043904,-111.6414197167,
    130.89595912606));
#2486 = CARTESIAN_POINT('',(8.586470021089,-111.6704928674,
    130.75859828189));
#2487 = CARTESIAN_POINT('',(8.428817746787,-111.6825609591,
    130.69238327117));
#2488 = CARTESIAN_POINT('',(8.276245557165,-111.6939765159,
    130.62018763809));
#2489 = CARTESIAN_POINT('',(8.129175345755,-111.7047413121,
    130.54235710534));
#2490 = CARTESIAN_POINT('',(7.987873636762,-111.71487052,130.45932861477
    ));
#2491 = CARTESIAN_POINT('',(7.785454402637,-111.7290974414,
    130.32815821749));
#2492 = CARTESIAN_POINT('',(7.719868431554,-111.7336586154,
    130.28356500456));
#2493 = CARTESIAN_POINT('',(7.655741330179,-111.7380726887,
    130.23787251518));
#2494 = CARTESIAN_POINT('',(7.593077199735,-111.742343218,
    130.19113858462));
#2495 = CARTESIAN_POINT('',(7.53187208033,-111.7464741714,
    130.14342062562));
#2496 = CARTESIAN_POINT('',(7.358289784304,-111.7580806282,
    130.00211135115));
#2497 = CARTESIAN_POINT('',(7.249723613514,-111.7652000574,
    129.90608223812));
#2498 = CARTESIAN_POINT('',(7.146337049243,-111.7718577461,
    129.80706799998));
#2499 = CARTESIAN_POINT('',(7.047975553161,-111.7780855347,
    129.7054265615));
#2500 = CARTESIAN_POINT('',(6.954438187178,-111.7839153381,
    129.60147745172));
#2501 = CARTESIAN_POINT('',(6.865505607732,-111.7893771015,
    129.49548645937));
#2502 = ORIENTED_EDGE('',*,*,#2503,.F.);
#2503 = EDGE_CURVE('',#2504,#2472,#2506,.T.);
#2504 = VERTEX_POINT('',#2505);
#2505 = CARTESIAN_POINT('',(12.671833682867,-111.2808367649,
    130.96608005835));
#2506 = B_SPLINE_CURVE_WITH_KNOTS('',4,(#2507,#2508,#2509,#2510,#2511,
    #2512,#2513,#2514,#2515,#2516,#2517,#2518,#2519,#2520),
  .UNSPECIFIED.,.F.,.F.,(5,3,3,3,5),(0.,0.24748582206,0.495472375399,
    0.746236851452,1.),.UNSPECIFIED.);
#2507 = CARTESIAN_POINT('',(12.671833682867,-111.2808367649,
    130.96608005835));
#2508 = CARTESIAN_POINT('',(12.566240660071,-111.2928609127,
    130.99144713219));
#2509 = CARTESIAN_POINT('',(12.459611497151,-111.3048677254,
    131.01468353463));
#2510 = CARTESIAN_POINT('',(12.352043527605,-111.3168402079,
    131.03576842168));
#2511 = CARTESIAN_POINT('',(12.135019568142,-111.3407079259,
    131.07367886131));
#2512 = CARTESIAN_POINT('',(12.025559861795,-111.3526029984,
    131.0904956799));
#2513 = CARTESIAN_POINT('',(11.915367100086,-111.3644307941,
    131.10515784829));
#2514 = CARTESIAN_POINT('',(11.692483918629,-111.3880537528,
    131.13036364977));
#2515 = CARTESIAN_POINT('',(11.579779045987,-111.3998470979,
    131.1408591906));
#2516 = CARTESIAN_POINT('',(11.466539867841,-111.4115412285,
    131.14920337611));
#2517 = CARTESIAN_POINT('',(11.237836621686,-111.4348437322,
    131.16175483134));
#2518 = CARTESIAN_POINT('',(11.122361915387,-111.4464494255,
    131.16591126104));
#2519 = CARTESIAN_POINT('',(11.006548663003,-111.4579269715,
    131.16795842071));
#2520 = CARTESIAN_POINT('',(10.89048965077,-111.469265877,
    131.16795842071));
#2521 = ORIENTED_EDGE('',*,*,#2522,.F.);
#2522 = EDGE_CURVE('',#2523,#2504,#2525,.T.);
#2523 = VERTEX_POINT('',#2524);
#2524 = CARTESIAN_POINT('',(14.184553660983,-111.0981477678,
    130.42883195039));
#2525 = B_SPLINE_CURVE_WITH_KNOTS('',5,(#2526,#2527,#2528,#2529,#2530,
    #2531,#2532,#2533,#2534,#2535),.UNSPECIFIED.,.F.,.F.,(6,4,6),(0.,
    0.568832508245,1.),.UNSPECIFIED.);
#2526 = CARTESIAN_POINT('',(14.184553660983,-111.0981477678,
    130.42883195039));
#2527 = CARTESIAN_POINT('',(14.027900669441,-111.1181485761,
    130.50709471427));
#2528 = CARTESIAN_POINT('',(13.866147156464,-111.1385199943,
    130.58049302632));
#2529 = CARTESIAN_POINT('',(13.699674415082,-111.1591770092,
    130.64894966226));
#2530 = CARTESIAN_POINT('',(13.528899911779,-111.1800333257,
    130.71247917112));
#2531 = CARTESIAN_POINT('',(13.221864455379,-111.2169055428,
    130.8156310377));
#2532 = CARTESIAN_POINT('',(13.087251497919,-111.2328715155,
    130.85731883284));
#2533 = CARTESIAN_POINT('',(12.950591781571,-111.248870117,
    130.89625157358));
#2534 = CARTESIAN_POINT('',(12.812063454987,-111.2648684419,
    130.93248334212));
#2535 = CARTESIAN_POINT('',(12.671833682867,-111.2808367649,
    130.96608005835));
#2536 = ORIENTED_EDGE('',*,*,#2537,.T.);
#2537 = EDGE_CURVE('',#2523,#2538,#2540,.T.);
#2538 = VERTEX_POINT('',#2539);
#2539 = CARTESIAN_POINT('',(13.428467219841,-111.1920692681,
    128.47898240175));
#2540 = ELLIPSE('',#2541,309.78836933555,112.);
#2541 = AXIS2_PLACEMENT_3D('',#2542,#2543,#2544);
#2542 = CARTESIAN_POINT('',(0.,0.,93.848695012811));
#2543 = DIRECTION('',(0.932357709714,-8.027737066095E-17,-0.361537136595
    ));
#2544 = DIRECTION('',(0.361537136595,-3.112887942016E-17,0.932357709714)
  );
#2545 = ORIENTED_EDGE('',*,*,#2546,.F.);
#2546 = EDGE_CURVE('',#2547,#2538,#2549,.T.);
#2547 = VERTEX_POINT('',#2548);
#2548 = CARTESIAN_POINT('',(12.318956870612,-111.3204532043,
    128.92431840977));
#2549 = B_SPLINE_CURVE_WITH_KNOTS('',5,(#2550,#2551,#2552,#2553,#2554,
    #2555,#2556,#2557,#2558,#2559),.UNSPECIFIED.,.F.,.F.,(6,4,6),(0.,
    0.348787494684,1.),.UNSPECIFIED.);
#2550 = CARTESIAN_POINT('',(12.318956870612,-111.3204532043,
    128.92431840977));
#2551 = CARTESIAN_POINT('',(12.402588034409,-111.3111984028,
    128.90403241186));
#2552 = CARTESIAN_POINT('',(12.485300174069,-111.3019657923,
    128.88174647535));
#2553 = CARTESIAN_POINT('',(12.567019961336,-111.2927669966,
    128.85748557518));
#2554 = CARTESIAN_POINT('',(12.647683736974,-111.2836129341,
    128.83128736095));
#2555 = CARTESIAN_POINT('',(12.87577039435,-111.257525082,
    128.75076496724));
#2556 = CARTESIAN_POINT('',(13.020438132366,-111.2407273398,
    128.69174772841));
#2557 = CARTESIAN_POINT('',(13.16088242326,-111.2241876098,
    128.62647685875));
#2558 = CARTESIAN_POINT('',(13.296917524864,-111.2079562893,
    128.55539729809));
#2559 = CARTESIAN_POINT('',(13.428467219841,-111.1920692681,
    128.47898240175));
#2560 = ORIENTED_EDGE('',*,*,#2561,.F.);
#2561 = EDGE_CURVE('',#2562,#2547,#2564,.T.);
#2562 = VERTEX_POINT('',#2563);
#2563 = CARTESIAN_POINT('',(11.142700829762,-111.4443368602,
    129.06711042217));
#2564 = B_SPLINE_CURVE_WITH_KNOTS('',4,(#2565,#2566,#2567,#2568,#2569,
    #2570,#2571,#2572,#2573,#2574,#2575,#2576,#2577,#2578),
  .UNSPECIFIED.,.F.,.F.,(5,3,3,3,5),(0.,0.248290491436,0.496715184897,
    0.747291335727,1.),.UNSPECIFIED.);
#2565 = CARTESIAN_POINT('',(11.142700829762,-111.4443368602,
    129.06711042217));
#2566 = CARTESIAN_POINT('',(11.216574644397,-111.4369506274,
    129.06711042217));
#2567 = CARTESIAN_POINT('',(11.290440961969,-111.4294991988,
    129.06560848176));
#2568 = CARTESIAN_POINT('',(11.364246814302,-111.4219878767,
    129.06260534309));
#2569 = CARTESIAN_POINT('',(11.51167477444,-111.4068527419,
    129.05362102125));
#2570 = CARTESIAN_POINT('',(11.585296891004,-111.399228856,
    129.04763818678));
#2571 = CARTESIAN_POINT('',(11.658755877907,-111.3915563958,
    129.04017937747));
#2572 = CARTESIAN_POINT('',(11.805887818208,-111.3760590616,
    129.02228253535));
#2573 = CARTESIAN_POINT('',(11.879557220191,-111.3682334292,
    129.01181918473));
#2574 = CARTESIAN_POINT('',(11.952964663141,-111.3603701603,
    128.9999051343));
#2575 = CARTESIAN_POINT('',(12.099794378555,-111.3445125496,
    128.97313283888));
#2576 = CARTESIAN_POINT('',(12.17321153077,-111.3365176504,
    128.9582503033));
#2577 = CARTESIAN_POINT('',(12.246277248513,-111.328496085,
    128.94196434593));
#2578 = CARTESIAN_POINT('',(12.318956870612,-111.3204532043,
    128.92431840977));
#2579 = ORIENTED_EDGE('',*,*,#2580,.F.);
#2580 = EDGE_CURVE('',#2581,#2562,#2583,.T.);
#2581 = VERTEX_POINT('',#2582);
#2582 = CARTESIAN_POINT('',(9.1449463925,-111.6260272314,128.44));
#2583 = B_SPLINE_CURVE_WITH_KNOTS('',5,(#2584,#2585,#2586,#2587,#2588,
    #2589,#2590,#2591,#2592,#2593,#2594,#2595,#2596,#2597,#2598,#2599,
    #2600,#2601),.UNSPECIFIED.,.F.,.F.,(6,4,4,4,6),(0.,0.13445459849,
    0.408015242135,0.786421895938,1.),.UNSPECIFIED.);
#2584 = CARTESIAN_POINT('',(9.144945184656,-111.6260273304,
    128.43999900671));
#2585 = CARTESIAN_POINT('',(9.184840740029,-111.6227588931,
    128.47280762728));
#2586 = CARTESIAN_POINT('',(9.225905257732,-111.619376751,
    128.50484025932));
#2587 = CARTESIAN_POINT('',(9.268147872148,-111.615878029,
    128.53604020444));
#2588 = CARTESIAN_POINT('',(9.31156634247,-111.612260678,128.56635092446
    ));
#2589 = CARTESIAN_POINT('',(9.446850739463,-111.6009197815,
    128.65546215922));
#2590 = CARTESIAN_POINT('',(9.542376696174,-111.5928190284,
    128.71130250699));
#2591 = CARTESIAN_POINT('',(9.642575936972,-111.584214054,
    128.76274688991));
#2592 = CARTESIAN_POINT('',(9.747123727099,-111.57511103,128.80939440511
    ));
#2593 = CARTESIAN_POINT('',(10.005251974393,-111.5523085999,
    128.90860693541));
#2594 = CARTESIAN_POINT('',(10.162334162443,-111.5381789643,
    128.9566128204));
#2595 = CARTESIAN_POINT('',(10.325073750726,-111.523246403,
    128.99441535581));
#2596 = CARTESIAN_POINT('',(10.491714608291,-111.5076352941,
    129.02238420659));
#2597 = CARTESIAN_POINT('',(10.756018891171,-111.4823628813,
    129.05192070912));
#2598 = CARTESIAN_POINT('',(10.852132597942,-111.4730697441,
    129.05968427718));
#2599 = CARTESIAN_POINT('',(10.948748539836,-111.4636223891,
    129.06469102033));
#2600 = CARTESIAN_POINT('',(11.045657271609,-111.4540397071,
    129.06711042217));
#2601 = CARTESIAN_POINT('',(11.142700829762,-111.4443368602,
    129.06711042217));
#2602 = ORIENTED_EDGE('',*,*,#2603,.F.);
#2603 = EDGE_CURVE('',#2457,#2581,#2604,.T.);
#2604 = CIRCLE('',#2605,112.);
#2605 = AXIS2_PLACEMENT_3D('',#2606,#2607,#2608);
#2606 = CARTESIAN_POINT('',(0.,0.,128.44));
#2607 = DIRECTION('',(0.,0.,1.));
#2608 = DIRECTION('',(1.,0.,0.));
#2609 = FACE_BOUND('',#2610,.F.);
#2610 = EDGE_LOOP('',(#2611,#2622,#2630,#2639,#2647,#2656,#2664,#2673));
#2611 = ORIENTED_EDGE('',*,*,#2612,.F.);
#2612 = EDGE_CURVE('',#2613,#2615,#2617,.T.);
#2613 = VERTEX_POINT('',#2614);
#2614 = CARTESIAN_POINT('',(16.38661438862,-110.7947601147,123.16));
#2615 = VERTEX_POINT('',#2616);
#2616 = CARTESIAN_POINT('',(18.73912647032,-110.4212168884,123.16));
#2617 = CIRCLE('',#2618,112.);
#2618 = AXIS2_PLACEMENT_3D('',#2619,#2620,#2621);
#2619 = CARTESIAN_POINT('',(0.,0.,123.16));
#2620 = DIRECTION('',(0.,0.,1.));
#2621 = DIRECTION('',(1.,0.,0.));
#2622 = ORIENTED_EDGE('',*,*,#2623,.T.);
#2623 = EDGE_CURVE('',#2613,#2624,#2626,.T.);
#2624 = VERTEX_POINT('',#2625);
#2625 = CARTESIAN_POINT('',(16.38661438862,-110.7947601147,126.84));
#2626 = LINE('',#2627,#2628);
#2627 = CARTESIAN_POINT('',(16.38661438862,-110.7947601147,70.));
#2628 = VECTOR('',#2629,1.);
#2629 = DIRECTION('',(0.,0.,1.));
#2630 = ORIENTED_EDGE('',*,*,#2631,.T.);
#2631 = EDGE_CURVE('',#2624,#2632,#2634,.T.);
#2632 = VERTEX_POINT('',#2633);
#2633 = CARTESIAN_POINT('',(18.73912647032,-110.4212168884,126.84));
#2634 = CIRCLE('',#2635,112.);
#2635 = AXIS2_PLACEMENT_3D('',#2636,#2637,#2638);
#2636 = CARTESIAN_POINT('',(0.,0.,126.84));
#2637 = DIRECTION('',(0.,0.,1.));
#2638 = DIRECTION('',(1.,0.,0.));
#2639 = ORIENTED_EDGE('',*,*,#2640,.F.);
#2640 = EDGE_CURVE('',#2641,#2632,#2643,.T.);
#2641 = VERTEX_POINT('',#2642);
#2642 = CARTESIAN_POINT('',(18.73912647032,-110.4212168884,
    126.27746876994));
#2643 = LINE('',#2644,#2645);
#2644 = CARTESIAN_POINT('',(18.73912647032,-110.4212168884,70.));
#2645 = VECTOR('',#2646,1.);
#2646 = DIRECTION('',(0.,0.,1.));
#2647 = ORIENTED_EDGE('',*,*,#2648,.T.);
#2648 = EDGE_CURVE('',#2641,#2649,#2651,.T.);
#2649 = VERTEX_POINT('',#2650);
#2650 = CARTESIAN_POINT('',(23.697456004377,-109.4642890577,
    126.27746876994));
#2651 = CIRCLE('',#2652,112.);
#2652 = AXIS2_PLACEMENT_3D('',#2653,#2654,#2655);
#2653 = CARTESIAN_POINT('',(0.,0.,126.27746876994));
#2654 = DIRECTION('',(0.,0.,1.));
#2655 = DIRECTION('',(1.,0.,0.));
#2656 = ORIENTED_EDGE('',*,*,#2657,.F.);
#2657 = EDGE_CURVE('',#2658,#2649,#2660,.T.);
#2658 = VERTEX_POINT('',#2659);
#2659 = CARTESIAN_POINT('',(23.697456004377,-109.4642890577,
    124.1766207714));
#2660 = LINE('',#2661,#2662);
#2661 = CARTESIAN_POINT('',(23.697456004377,-109.4642890577,70.));
#2662 = VECTOR('',#2663,1.);
#2663 = DIRECTION('',(0.,0.,1.));
#2664 = ORIENTED_EDGE('',*,*,#2665,.F.);
#2665 = EDGE_CURVE('',#2666,#2658,#2668,.T.);
#2666 = VERTEX_POINT('',#2667);
#2667 = CARTESIAN_POINT('',(18.73912647032,-110.4212168884,
    124.1766207714));
#2668 = CIRCLE('',#2669,112.);
#2669 = AXIS2_PLACEMENT_3D('',#2670,#2671,#2672);
#2670 = CARTESIAN_POINT('',(0.,0.,124.1766207714));
#2671 = DIRECTION('',(0.,0.,1.));
#2672 = DIRECTION('',(1.,0.,0.));
#2673 = ORIENTED_EDGE('',*,*,#2674,.F.);
#2674 = EDGE_CURVE('',#2615,#2666,#2675,.T.);
#2675 = LINE('',#2676,#2677);
#2676 = CARTESIAN_POINT('',(18.73912647032,-110.4212168884,70.));
#2677 = VECTOR('',#2678,1.);
#2678 = DIRECTION('',(0.,0.,1.));
#2679 = FACE_BOUND('',#2680,.F.);
#2680 = EDGE_LOOP('',(#2681,#2692,#2700,#2709,#2717,#2726,#2734,#2743));
#2681 = ORIENTED_EDGE('',*,*,#2682,.F.);
#2682 = EDGE_CURVE('',#2683,#2685,#2687,.T.);
#2683 = VERTEX_POINT('',#2684);
#2684 = CARTESIAN_POINT('',(26.470684781618,-108.8269398962,123.16));
#2685 = VERTEX_POINT('',#2686);
#2686 = CARTESIAN_POINT('',(28.823196863317,-108.2276458331,123.16));
#2687 = CIRCLE('',#2688,112.);
#2688 = AXIS2_PLACEMENT_3D('',#2689,#2690,#2691);
#2689 = CARTESIAN_POINT('',(0.,0.,123.16));
#2690 = DIRECTION('',(0.,0.,1.));
#2691 = DIRECTION('',(1.,0.,0.));
#2692 = ORIENTED_EDGE('',*,*,#2693,.T.);
#2693 = EDGE_CURVE('',#2683,#2694,#2696,.T.);
#2694 = VERTEX_POINT('',#2695);
#2695 = CARTESIAN_POINT('',(26.470684781618,-108.8269398962,126.84));
#2696 = LINE('',#2697,#2698);
#2697 = CARTESIAN_POINT('',(26.470684781618,-108.8269398962,70.));
#2698 = VECTOR('',#2699,1.);
#2699 = DIRECTION('',(0.,0.,1.));
#2700 = ORIENTED_EDGE('',*,*,#2701,.T.);
#2701 = EDGE_CURVE('',#2694,#2702,#2704,.T.);
#2702 = VERTEX_POINT('',#2703);
#2703 = CARTESIAN_POINT('',(28.823196863317,-108.2276458331,126.84));
#2704 = CIRCLE('',#2705,112.);
#2705 = AXIS2_PLACEMENT_3D('',#2706,#2707,#2708);
#2706 = CARTESIAN_POINT('',(0.,0.,126.84));
#2707 = DIRECTION('',(0.,0.,1.));
#2708 = DIRECTION('',(1.,0.,0.));
#2709 = ORIENTED_EDGE('',*,*,#2710,.F.);
#2710 = EDGE_CURVE('',#2711,#2702,#2713,.T.);
#2711 = VERTEX_POINT('',#2712);
#2712 = CARTESIAN_POINT('',(28.823196863317,-108.2276458331,
    126.27746876994));
#2713 = LINE('',#2714,#2715);
#2714 = CARTESIAN_POINT('',(28.823196863317,-108.2276458331,70.));
#2715 = VECTOR('',#2716,1.);
#2716 = DIRECTION('',(0.,0.,1.));
#2717 = ORIENTED_EDGE('',*,*,#2718,.T.);
#2718 = EDGE_CURVE('',#2711,#2719,#2721,.T.);
#2719 = VERTEX_POINT('',#2720);
#2720 = CARTESIAN_POINT('',(29.664793948383,-108.,126.27746876994));
#2721 = CIRCLE('',#2722,112.);
#2722 = AXIS2_PLACEMENT_3D('',#2723,#2724,#2725);
#2723 = CARTESIAN_POINT('',(0.,0.,126.27746876994));
#2724 = DIRECTION('',(0.,0.,1.));
#2725 = DIRECTION('',(1.,0.,0.));
#2726 = ORIENTED_EDGE('',*,*,#2727,.F.);
#2727 = EDGE_CURVE('',#2728,#2719,#2730,.T.);
#2728 = VERTEX_POINT('',#2729);
#2729 = CARTESIAN_POINT('',(29.664793948383,-108.,124.1766207714));
#2730 = LINE('',#2731,#2732);
#2731 = CARTESIAN_POINT('',(29.664793948383,-108.,70.));
#2732 = VECTOR('',#2733,1.);
#2733 = DIRECTION('',(0.,0.,1.));
#2734 = ORIENTED_EDGE('',*,*,#2735,.F.);
#2735 = EDGE_CURVE('',#2736,#2728,#2738,.T.);
#2736 = VERTEX_POINT('',#2737);
#2737 = CARTESIAN_POINT('',(28.823196863317,-108.2276458331,
    124.1766207714));
#2738 = CIRCLE('',#2739,112.);
#2739 = AXIS2_PLACEMENT_3D('',#2740,#2741,#2742);
#2740 = CARTESIAN_POINT('',(0.,0.,124.1766207714));
#2741 = DIRECTION('',(0.,0.,1.));
#2742 = DIRECTION('',(1.,0.,0.));
#2743 = ORIENTED_EDGE('',*,*,#2744,.F.);
#2744 = EDGE_CURVE('',#2685,#2736,#2745,.T.);
#2745 = LINE('',#2746,#2747);
#2746 = CARTESIAN_POINT('',(28.823196863317,-108.2276458331,70.));
#2747 = VECTOR('',#2748,1.);
#2748 = DIRECTION('',(0.,0.,1.));
#2749 = FACE_BOUND('',#2750,.F.);
#2750 = EDGE_LOOP('',(#2751,#2762,#2770,#2779,#2787,#2796));
#2751 = ORIENTED_EDGE('',*,*,#2752,.F.);
#2752 = EDGE_CURVE('',#2753,#2755,#2757,.T.);
#2753 = VERTEX_POINT('',#2754);
#2754 = CARTESIAN_POINT('',(16.38661438862,-110.7947601147,128.44));
#2755 = VERTEX_POINT('',#2756);
#2756 = CARTESIAN_POINT('',(18.73912647032,-110.4212168884,128.44));
#2757 = CIRCLE('',#2758,112.);
#2758 = AXIS2_PLACEMENT_3D('',#2759,#2760,#2761);
#2759 = CARTESIAN_POINT('',(0.,0.,128.44));
#2760 = DIRECTION('',(0.,0.,1.));
#2761 = DIRECTION('',(1.,0.,0.));
#2762 = ORIENTED_EDGE('',*,*,#2763,.T.);
#2763 = EDGE_CURVE('',#2753,#2764,#2766,.T.);
#2764 = VERTEX_POINT('',#2765);
#2765 = CARTESIAN_POINT('',(16.38661438862,-110.7947601147,131.));
#2766 = LINE('',#2767,#2768);
#2767 = CARTESIAN_POINT('',(16.38661438862,-110.7947601147,70.));
#2768 = VECTOR('',#2769,1.);
#2769 = DIRECTION('',(0.,0.,1.));
#2770 = ORIENTED_EDGE('',*,*,#2771,.T.);
#2771 = EDGE_CURVE('',#2764,#2772,#2774,.T.);
#2772 = VERTEX_POINT('',#2773);
#2773 = CARTESIAN_POINT('',(23.949667183368,-109.4093846148,131.));
#2774 = CIRCLE('',#2775,112.);
#2775 = AXIS2_PLACEMENT_3D('',#2776,#2777,#2778);
#2776 = CARTESIAN_POINT('',(0.,0.,131.));
#2777 = DIRECTION('',(0.,0.,1.));
#2778 = DIRECTION('',(1.,0.,0.));
#2779 = ORIENTED_EDGE('',*,*,#2780,.F.);
#2780 = EDGE_CURVE('',#2781,#2772,#2783,.T.);
#2781 = VERTEX_POINT('',#2782);
#2782 = CARTESIAN_POINT('',(23.949667183368,-109.4093846148,
    128.89915200145));
#2783 = LINE('',#2784,#2785);
#2784 = CARTESIAN_POINT('',(23.949667183368,-109.4093846148,70.));
#2785 = VECTOR('',#2786,1.);
#2786 = DIRECTION('',(0.,0.,1.));
#2787 = ORIENTED_EDGE('',*,*,#2788,.F.);
#2788 = EDGE_CURVE('',#2789,#2781,#2791,.T.);
#2789 = VERTEX_POINT('',#2790);
#2790 = CARTESIAN_POINT('',(18.73912647032,-110.4212168884,
    128.89915200145));
#2791 = CIRCLE('',#2792,112.);
#2792 = AXIS2_PLACEMENT_3D('',#2793,#2794,#2795);
#2793 = CARTESIAN_POINT('',(0.,0.,128.89915200145));
#2794 = DIRECTION('',(0.,0.,1.));
#2795 = DIRECTION('',(1.,0.,0.));
#2796 = ORIENTED_EDGE('',*,*,#2797,.F.);
#2797 = EDGE_CURVE('',#2755,#2789,#2798,.T.);
#2798 = LINE('',#2799,#2800);
#2799 = CARTESIAN_POINT('',(18.73912647032,-110.4212168884,70.));
#2800 = VECTOR('',#2801,1.);
#2801 = DIRECTION('',(0.,0.,1.));
#2802 = FACE_BOUND('',#2803,.F.);
#2803 = EDGE_LOOP('',(#2804,#2815,#2823,#2832,#2840,#2849));
#2804 = ORIENTED_EDGE('',*,*,#2805,.F.);
#2805 = EDGE_CURVE('',#2806,#2808,#2810,.T.);
#2806 = VERTEX_POINT('',#2807);
#2807 = CARTESIAN_POINT('',(26.470684781618,-108.8269398962,128.44));
#2808 = VERTEX_POINT('',#2809);
#2809 = CARTESIAN_POINT('',(28.823196863317,-108.2276458331,128.44));
#2810 = CIRCLE('',#2811,112.);
#2811 = AXIS2_PLACEMENT_3D('',#2812,#2813,#2814);
#2812 = CARTESIAN_POINT('',(0.,0.,128.44));
#2813 = DIRECTION('',(0.,0.,1.));
#2814 = DIRECTION('',(1.,0.,0.));
#2815 = ORIENTED_EDGE('',*,*,#2816,.T.);
#2816 = EDGE_CURVE('',#2806,#2817,#2819,.T.);
#2817 = VERTEX_POINT('',#2818);
#2818 = CARTESIAN_POINT('',(26.470684781618,-108.8269398962,131.));
#2819 = LINE('',#2820,#2821);
#2820 = CARTESIAN_POINT('',(26.470684781618,-108.8269398962,70.));
#2821 = VECTOR('',#2822,1.);
#2822 = DIRECTION('',(0.,0.,1.));
#2823 = ORIENTED_EDGE('',*,*,#2824,.T.);
#2824 = EDGE_CURVE('',#2817,#2825,#2827,.T.);
#2825 = VERTEX_POINT('',#2826);
#2826 = CARTESIAN_POINT('',(29.664793948383,-108.,131.));
#2827 = CIRCLE('',#2828,112.);
#2828 = AXIS2_PLACEMENT_3D('',#2829,#2830,#2831);
#2829 = CARTESIAN_POINT('',(0.,0.,131.));
#2830 = DIRECTION('',(0.,0.,1.));
#2831 = DIRECTION('',(1.,0.,0.));
#2832 = ORIENTED_EDGE('',*,*,#2833,.F.);
#2833 = EDGE_CURVE('',#2834,#2825,#2836,.T.);
#2834 = VERTEX_POINT('',#2835);
#2835 = CARTESIAN_POINT('',(29.664793948383,-108.,128.89915200145));
#2836 = LINE('',#2837,#2838);
#2837 = CARTESIAN_POINT('',(29.664793948383,-108.,70.));
#2838 = VECTOR('',#2839,1.);
#2839 = DIRECTION('',(0.,0.,1.));
#2840 = ORIENTED_EDGE('',*,*,#2841,.F.);
#2841 = EDGE_CURVE('',#2842,#2834,#2844,.T.);
#2842 = VERTEX_POINT('',#2843);
#2843 = CARTESIAN_POINT('',(28.823196863317,-108.2276458331,
    128.89915200145));
#2844 = CIRCLE('',#2845,112.);
#2845 = AXIS2_PLACEMENT_3D('',#2846,#2847,#2848);
#2846 = CARTESIAN_POINT('',(0.,0.,128.89915200145));
#2847 = DIRECTION('',(0.,0.,1.));
#2848 = DIRECTION('',(1.,0.,0.));
#2849 = ORIENTED_EDGE('',*,*,#2850,.F.);
#2850 = EDGE_CURVE('',#2808,#2842,#2851,.T.);
#2851 = LINE('',#2852,#2853);
#2852 = CARTESIAN_POINT('',(28.823196863317,-108.2276458331,70.));
#2853 = VECTOR('',#2854,1.);
#2854 = DIRECTION('',(0.,0.,1.));
#2855 = CYLINDRICAL_SURFACE('',#2856,112.);
#2856 = AXIS2_PLACEMENT_3D('',#2857,#2858,#2859);
#2857 = CARTESIAN_POINT('',(0.,0.,70.));
#2858 = DIRECTION('',(0.,0.,1.));
#2859 = DIRECTION('',(1.,0.,0.));
#2860 = ADVANCED_FACE('',(#2861),#2872,.T.);
#2861 = FACE_BOUND('',#2862,.T.);
#2862 = EDGE_LOOP('',(#2863,#2864,#2870,#2871));
#2863 = ORIENTED_EDGE('',*,*,#377,.T.);
#2864 = ORIENTED_EDGE('',*,*,#2865,.T.);
#2865 = EDGE_CURVE('',#369,#601,#2866,.T.);
#2866 = LINE('',#2867,#2868);
#2867 = CARTESIAN_POINT('',(-64.74429335457,-70.40114760406,70.));
#2868 = VECTOR('',#2869,1.);
#2869 = DIRECTION('',(0.,0.,1.));
#2870 = ORIENTED_EDGE('',*,*,#600,.T.);
#2871 = ORIENTED_EDGE('',*,*,#1065,.F.);
#2872 = PLANE('',#2873);
#2873 = AXIS2_PLACEMENT_3D('',#2874,#2875,#2876);
#2874 = CARTESIAN_POINT('',(-58.33630944789,-63.99316369738,70.));
#2875 = DIRECTION('',(0.707106781187,-0.707106781187,0.));
#2876 = DIRECTION('',(0.,0.,1.));
#2877 = ADVANCED_FACE('',(#2878,#2890,#2926),#2962,.T.);
#2878 = FACE_BOUND('',#2879,.T.);
#2879 = EDGE_LOOP('',(#2880,#2881,#2887,#2888,#2889));
#2880 = ORIENTED_EDGE('',*,*,#368,.T.);
#2881 = ORIENTED_EDGE('',*,*,#2882,.T.);
#2882 = EDGE_CURVE('',#361,#618,#2883,.T.);
#2883 = LINE('',#2884,#2885);
#2884 = CARTESIAN_POINT('',(-70.40114760406,-64.74429335457,70.));
#2885 = VECTOR('',#2886,1.);
#2886 = DIRECTION('',(0.,0.,1.));
#2887 = ORIENTED_EDGE('',*,*,#617,.F.);
#2888 = ORIENTED_EDGE('',*,*,#608,.F.);
#2889 = ORIENTED_EDGE('',*,*,#2865,.F.);
#2890 = FACE_BOUND('',#2891,.T.);
#2891 = EDGE_LOOP('',(#2892,#2903,#2911,#2920));
#2892 = ORIENTED_EDGE('',*,*,#2893,.F.);
#2893 = EDGE_CURVE('',#2894,#2896,#2898,.T.);
#2894 = VERTEX_POINT('',#2895);
#2895 = CARTESIAN_POINT('',(-53.43497469167,-58.73827555056,77.15));
#2896 = VERTEX_POINT('',#2897);
#2897 = CARTESIAN_POINT('',(-58.73827555056,-53.43497469167,77.15));
#2898 = CIRCLE('',#2899,9.);
#2899 = AXIS2_PLACEMENT_3D('',#2900,#2901,#2902);
#2900 = CARTESIAN_POINT('',(-61.87184335382,-61.87184335382,77.15));
#2901 = DIRECTION('',(0.,0.,1.));
#2902 = DIRECTION('',(1.,0.,0.));
#2903 = ORIENTED_EDGE('',*,*,#2904,.T.);
#2904 = EDGE_CURVE('',#2894,#2905,#2907,.T.);
#2905 = VERTEX_POINT('',#2906);
#2906 = CARTESIAN_POINT('',(-53.43497469167,-58.73827555056,80.85));
#2907 = LINE('',#2908,#2909);
#2908 = CARTESIAN_POINT('',(-53.43497469167,-58.73827555056,70.));
#2909 = VECTOR('',#2910,1.);
#2910 = DIRECTION('',(0.,0.,1.));
#2911 = ORIENTED_EDGE('',*,*,#2912,.T.);
#2912 = EDGE_CURVE('',#2905,#2913,#2915,.T.);
#2913 = VERTEX_POINT('',#2914);
#2914 = CARTESIAN_POINT('',(-58.73827555056,-53.43497469167,80.85));
#2915 = CIRCLE('',#2916,9.);
#2916 = AXIS2_PLACEMENT_3D('',#2917,#2918,#2919);
#2917 = CARTESIAN_POINT('',(-61.87184335382,-61.87184335382,80.85));
#2918 = DIRECTION('',(0.,0.,1.));
#2919 = DIRECTION('',(1.,0.,0.));
#2920 = ORIENTED_EDGE('',*,*,#2921,.F.);
#2921 = EDGE_CURVE('',#2896,#2913,#2922,.T.);
#2922 = LINE('',#2923,#2924);
#2923 = CARTESIAN_POINT('',(-58.73827555056,-53.43497469167,70.));
#2924 = VECTOR('',#2925,1.);
#2925 = DIRECTION('',(0.,0.,1.));
#2926 = FACE_BOUND('',#2927,.T.);
#2927 = EDGE_LOOP('',(#2928,#2938,#2947,#2955));
#2928 = ORIENTED_EDGE('',*,*,#2929,.F.);
#2929 = EDGE_CURVE('',#2930,#2932,#2934,.T.);
#2930 = VERTEX_POINT('',#2931);
#2931 = CARTESIAN_POINT('',(-58.73827555056,-53.43497469167,147.15));
#2932 = VERTEX_POINT('',#2933);
#2933 = CARTESIAN_POINT('',(-58.73827555056,-53.43497469167,150.85));
#2934 = LINE('',#2935,#2936);
#2935 = CARTESIAN_POINT('',(-58.73827555056,-53.43497469167,70.));
#2936 = VECTOR('',#2937,1.);
#2937 = DIRECTION('',(0.,0.,1.));
#2938 = ORIENTED_EDGE('',*,*,#2939,.F.);
#2939 = EDGE_CURVE('',#2940,#2930,#2942,.T.);
#2940 = VERTEX_POINT('',#2941);
#2941 = CARTESIAN_POINT('',(-53.43497469167,-58.73827555056,147.15));
#2942 = CIRCLE('',#2943,9.);
#2943 = AXIS2_PLACEMENT_3D('',#2944,#2945,#2946);
#2944 = CARTESIAN_POINT('',(-61.87184335382,-61.87184335382,147.15));
#2945 = DIRECTION('',(0.,0.,1.));
#2946 = DIRECTION('',(1.,0.,0.));
#2947 = ORIENTED_EDGE('',*,*,#2948,.T.);
#2948 = EDGE_CURVE('',#2940,#2949,#2951,.T.);
#2949 = VERTEX_POINT('',#2950);
#2950 = CARTESIAN_POINT('',(-53.43497469167,-58.73827555056,150.85));
#2951 = LINE('',#2952,#2953);
#2952 = CARTESIAN_POINT('',(-53.43497469167,-58.73827555056,70.));
#2953 = VECTOR('',#2954,1.);
#2954 = DIRECTION('',(0.,0.,1.));
#2955 = ORIENTED_EDGE('',*,*,#2956,.T.);
#2956 = EDGE_CURVE('',#2949,#2932,#2957,.T.);
#2957 = CIRCLE('',#2958,9.);
#2958 = AXIS2_PLACEMENT_3D('',#2959,#2960,#2961);
#2959 = CARTESIAN_POINT('',(-61.87184335382,-61.87184335382,150.85));
#2960 = DIRECTION('',(0.,0.,1.));
#2961 = DIRECTION('',(1.,0.,0.));
#2962 = CYLINDRICAL_SURFACE('',#2963,9.);
#2963 = AXIS2_PLACEMENT_3D('',#2964,#2965,#2966);
#2964 = CARTESIAN_POINT('',(-61.87184335382,-61.87184335382,70.));
#2965 = DIRECTION('',(0.,0.,1.));
#2966 = DIRECTION('',(1.,0.,0.));
#2967 = ADVANCED_FACE('',(#2968),#2979,.F.);
#2968 = FACE_BOUND('',#2969,.F.);
#2969 = EDGE_LOOP('',(#2970,#2971,#2972,#2973));
#2970 = ORIENTED_EDGE('',*,*,#360,.T.);
#2971 = ORIENTED_EDGE('',*,*,#2882,.T.);
#2972 = ORIENTED_EDGE('',*,*,#626,.T.);
#2973 = ORIENTED_EDGE('',*,*,#2974,.F.);
#2974 = EDGE_CURVE('',#352,#627,#2975,.T.);
#2975 = LINE('',#2976,#2977);
#2976 = CARTESIAN_POINT('',(-81.97386287438,-76.31700862489,70.));
#2977 = VECTOR('',#2978,1.);
#2978 = DIRECTION('',(0.,0.,1.));
#2979 = PLANE('',#2980);
#2980 = AXIS2_PLACEMENT_3D('',#2981,#2982,#2983);
#2981 = CARTESIAN_POINT('',(-63.99316369738,-58.33630944789,70.));
#2982 = DIRECTION('',(0.707106781187,-0.707106781187,0.));
#2983 = DIRECTION('',(0.,0.,1.));
#2984 = ADVANCED_FACE('',(#2985),#2996,.F.);
#2985 = FACE_BOUND('',#2986,.F.);
#2986 = EDGE_LOOP('',(#2987,#2993,#2994,#2995));
#2987 = ORIENTED_EDGE('',*,*,#2988,.F.);
#2988 = EDGE_CURVE('',#344,#635,#2989,.T.);
#2989 = LINE('',#2990,#2991);
#2990 = CARTESIAN_POINT('',(-81.97386287438,76.317008624891,70.));
#2991 = VECTOR('',#2992,1.);
#2992 = DIRECTION('',(0.,0.,1.));
#2993 = ORIENTED_EDGE('',*,*,#351,.T.);
#2994 = ORIENTED_EDGE('',*,*,#2974,.T.);
#2995 = ORIENTED_EDGE('',*,*,#634,.F.);
#2996 = CYLINDRICAL_SURFACE('',#2997,112.);
#2997 = AXIS2_PLACEMENT_3D('',#2998,#2999,#3000);
#2998 = CARTESIAN_POINT('',(0.,0.,70.));
#2999 = DIRECTION('',(0.,0.,1.));
#3000 = DIRECTION('',(1.,0.,0.));
#3001 = ADVANCED_FACE('',(#3002),#3013,.T.);
#3002 = FACE_BOUND('',#3003,.T.);
#3003 = EDGE_LOOP('',(#3004,#3005,#3011,#3012));
#3004 = ORIENTED_EDGE('',*,*,#343,.T.);
#3005 = ORIENTED_EDGE('',*,*,#3006,.T.);
#3006 = EDGE_CURVE('',#335,#644,#3007,.T.);
#3007 = LINE('',#3008,#3009);
#3008 = CARTESIAN_POINT('',(-70.40114760406,64.744293354572,70.));
#3009 = VECTOR('',#3010,1.);
#3010 = DIRECTION('',(0.,0.,1.));
#3011 = ORIENTED_EDGE('',*,*,#643,.T.);
#3012 = ORIENTED_EDGE('',*,*,#2988,.F.);
#3013 = PLANE('',#3014);
#3014 = AXIS2_PLACEMENT_3D('',#3015,#3016,#3017);
#3015 = CARTESIAN_POINT('',(-63.99316369738,58.33630944789,70.));
#3016 = DIRECTION('',(-0.707106781187,-0.707106781187,0.));
#3017 = DIRECTION('',(0.,0.,1.));
#3018 = ADVANCED_FACE('',(#3019,#3031,#3067),#3103,.T.);
#3019 = FACE_BOUND('',#3020,.T.);
#3020 = EDGE_LOOP('',(#3021,#3022,#3028,#3029,#3030));
#3021 = ORIENTED_EDGE('',*,*,#334,.T.);
#3022 = ORIENTED_EDGE('',*,*,#3023,.T.);
#3023 = EDGE_CURVE('',#327,#661,#3024,.T.);
#3024 = LINE('',#3025,#3026);
#3025 = CARTESIAN_POINT('',(-64.74429335457,70.401147604065,70.));
#3026 = VECTOR('',#3027,1.);
#3027 = DIRECTION('',(0.,0.,1.));
#3028 = ORIENTED_EDGE('',*,*,#660,.F.);
#3029 = ORIENTED_EDGE('',*,*,#651,.F.);
#3030 = ORIENTED_EDGE('',*,*,#3006,.F.);
#3031 = FACE_BOUND('',#3032,.T.);
#3032 = EDGE_LOOP('',(#3033,#3044,#3052,#3061));
#3033 = ORIENTED_EDGE('',*,*,#3034,.F.);
#3034 = EDGE_CURVE('',#3035,#3037,#3039,.T.);
#3035 = VERTEX_POINT('',#3036);
#3036 = CARTESIAN_POINT('',(-58.73827555056,53.43497469167,77.15));
#3037 = VERTEX_POINT('',#3038);
#3038 = CARTESIAN_POINT('',(-53.43497469167,58.738275550569,77.15));
#3039 = CIRCLE('',#3040,9.);
#3040 = AXIS2_PLACEMENT_3D('',#3041,#3042,#3043);
#3041 = CARTESIAN_POINT('',(-61.87184335382,61.871843353823,77.15));
#3042 = DIRECTION('',(0.,0.,1.));
#3043 = DIRECTION('',(1.,0.,0.));
#3044 = ORIENTED_EDGE('',*,*,#3045,.T.);
#3045 = EDGE_CURVE('',#3035,#3046,#3048,.T.);
#3046 = VERTEX_POINT('',#3047);
#3047 = CARTESIAN_POINT('',(-58.73827555056,53.43497469167,80.85));
#3048 = LINE('',#3049,#3050);
#3049 = CARTESIAN_POINT('',(-58.73827555056,53.43497469167,70.));
#3050 = VECTOR('',#3051,1.);
#3051 = DIRECTION('',(0.,0.,1.));
#3052 = ORIENTED_EDGE('',*,*,#3053,.T.);
#3053 = EDGE_CURVE('',#3046,#3054,#3056,.T.);
#3054 = VERTEX_POINT('',#3055);
#3055 = CARTESIAN_POINT('',(-53.43497469167,58.738275550569,80.85));
#3056 = CIRCLE('',#3057,9.);
#3057 = AXIS2_PLACEMENT_3D('',#3058,#3059,#3060);
#3058 = CARTESIAN_POINT('',(-61.87184335382,61.871843353823,80.85));
#3059 = DIRECTION('',(0.,0.,1.));
#3060 = DIRECTION('',(1.,0.,0.));
#3061 = ORIENTED_EDGE('',*,*,#3062,.F.);
#3062 = EDGE_CURVE('',#3037,#3054,#3063,.T.);
#3063 = LINE('',#3064,#3065);
#3064 = CARTESIAN_POINT('',(-53.43497469167,58.738275550569,70.));
#3065 = VECTOR('',#3066,1.);
#3066 = DIRECTION('',(0.,0.,1.));
#3067 = FACE_BOUND('',#3068,.T.);
#3068 = EDGE_LOOP('',(#3069,#3079,#3088,#3096));
#3069 = ORIENTED_EDGE('',*,*,#3070,.F.);
#3070 = EDGE_CURVE('',#3071,#3073,#3075,.T.);
#3071 = VERTEX_POINT('',#3072);
#3072 = CARTESIAN_POINT('',(-53.43497469167,58.738275550569,147.15));
#3073 = VERTEX_POINT('',#3074);
#3074 = CARTESIAN_POINT('',(-53.43497469167,58.738275550569,150.85));
#3075 = LINE('',#3076,#3077);
#3076 = CARTESIAN_POINT('',(-53.43497469167,58.738275550569,70.));
#3077 = VECTOR('',#3078,1.);
#3078 = DIRECTION('',(0.,0.,1.));
#3079 = ORIENTED_EDGE('',*,*,#3080,.F.);
#3080 = EDGE_CURVE('',#3081,#3071,#3083,.T.);
#3081 = VERTEX_POINT('',#3082);
#3082 = CARTESIAN_POINT('',(-58.73827555056,53.43497469167,147.15));
#3083 = CIRCLE('',#3084,9.);
#3084 = AXIS2_PLACEMENT_3D('',#3085,#3086,#3087);
#3085 = CARTESIAN_POINT('',(-61.87184335382,61.871843353823,147.15));
#3086 = DIRECTION('',(0.,0.,1.));
#3087 = DIRECTION('',(1.,0.,0.));
#3088 = ORIENTED_EDGE('',*,*,#3089,.T.);
#3089 = EDGE_CURVE('',#3081,#3090,#3092,.T.);
#3090 = VERTEX_POINT('',#3091);
#3091 = CARTESIAN_POINT('',(-58.73827555056,53.43497469167,150.85));
#3092 = LINE('',#3093,#3094);
#3093 = CARTESIAN_POINT('',(-58.73827555056,53.43497469167,70.));
#3094 = VECTOR('',#3095,1.);
#3095 = DIRECTION('',(0.,0.,1.));
#3096 = ORIENTED_EDGE('',*,*,#3097,.T.);
#3097 = EDGE_CURVE('',#3090,#3073,#3098,.T.);
#3098 = CIRCLE('',#3099,9.);
#3099 = AXIS2_PLACEMENT_3D('',#3100,#3101,#3102);
#3100 = CARTESIAN_POINT('',(-61.87184335382,61.871843353823,150.85));
#3101 = DIRECTION('',(0.,0.,1.));
#3102 = DIRECTION('',(1.,0.,0.));
#3103 = CYLINDRICAL_SURFACE('',#3104,9.);
#3104 = AXIS2_PLACEMENT_3D('',#3105,#3106,#3107);
#3105 = CARTESIAN_POINT('',(-61.87184335382,61.871843353823,70.));
#3106 = DIRECTION('',(0.,0.,1.));
#3107 = DIRECTION('',(1.,0.,0.));
#3108 = ADVANCED_FACE('',(#3109),#3120,.F.);
#3109 = FACE_BOUND('',#3110,.F.);
#3110 = EDGE_LOOP('',(#3111,#3112,#3113,#3114));
#3111 = ORIENTED_EDGE('',*,*,#326,.T.);
#3112 = ORIENTED_EDGE('',*,*,#3023,.T.);
#3113 = ORIENTED_EDGE('',*,*,#669,.T.);
#3114 = ORIENTED_EDGE('',*,*,#3115,.F.);
#3115 = EDGE_CURVE('',#318,#670,#3116,.T.);
#3116 = LINE('',#3117,#3118);
#3117 = CARTESIAN_POINT('',(-76.31700862489,81.973862874384,70.));
#3118 = VECTOR('',#3119,1.);
#3119 = DIRECTION('',(0.,0.,1.));
#3120 = PLANE('',#3121);
#3121 = AXIS2_PLACEMENT_3D('',#3122,#3123,#3124);
#3122 = CARTESIAN_POINT('',(-58.33630944789,63.993163697383,70.));
#3123 = DIRECTION('',(-0.707106781187,-0.707106781187,0.));
#3124 = DIRECTION('',(0.,0.,1.));
#3125 = ADVANCED_FACE('',(#3126,#3132,#3168,#3204,#3240),#3276,.F.);
#3126 = FACE_BOUND('',#3127,.F.);
#3127 = EDGE_LOOP('',(#3128,#3129,#3130,#3131));
#3128 = ORIENTED_EDGE('',*,*,#930,.F.);
#3129 = ORIENTED_EDGE('',*,*,#317,.T.);
#3130 = ORIENTED_EDGE('',*,*,#3115,.T.);
#3131 = ORIENTED_EDGE('',*,*,#677,.F.);
#3132 = FACE_BOUND('',#3133,.F.);
#3133 = EDGE_LOOP('',(#3134,#3144,#3153,#3161));
#3134 = ORIENTED_EDGE('',*,*,#3135,.F.);
#3135 = EDGE_CURVE('',#3136,#3138,#3140,.T.);
#3136 = VERTEX_POINT('',#3137);
#3137 = CARTESIAN_POINT('',(-14.,111.12155506471,109.));
#3138 = VERTEX_POINT('',#3139);
#3139 = CARTESIAN_POINT('',(-14.,111.12155506471,111.));
#3140 = LINE('',#3141,#3142);
#3141 = CARTESIAN_POINT('',(-14.,111.12155506471,70.));
#3142 = VECTOR('',#3143,1.);
#3143 = DIRECTION('',(0.,0.,1.));
#3144 = ORIENTED_EDGE('',*,*,#3145,.F.);
#3145 = EDGE_CURVE('',#3146,#3136,#3148,.T.);
#3146 = VERTEX_POINT('',#3147);
#3147 = CARTESIAN_POINT('',(14.,111.12155506471,109.));
#3148 = CIRCLE('',#3149,112.);
#3149 = AXIS2_PLACEMENT_3D('',#3150,#3151,#3152);
#3150 = CARTESIAN_POINT('',(0.,0.,109.));
#3151 = DIRECTION('',(0.,0.,1.));
#3152 = DIRECTION('',(1.,0.,0.));
#3153 = ORIENTED_EDGE('',*,*,#3154,.T.);
#3154 = EDGE_CURVE('',#3146,#3155,#3157,.T.);
#3155 = VERTEX_POINT('',#3156);
#3156 = CARTESIAN_POINT('',(14.,111.12155506471,111.));
#3157 = LINE('',#3158,#3159);
#3158 = CARTESIAN_POINT('',(14.,111.12155506471,70.));
#3159 = VECTOR('',#3160,1.);
#3160 = DIRECTION('',(0.,0.,1.));
#3161 = ORIENTED_EDGE('',*,*,#3162,.T.);
#3162 = EDGE_CURVE('',#3155,#3138,#3163,.T.);
#3163 = CIRCLE('',#3164,112.);
#3164 = AXIS2_PLACEMENT_3D('',#3165,#3166,#3167);
#3165 = CARTESIAN_POINT('',(0.,0.,111.));
#3166 = DIRECTION('',(0.,0.,1.));
#3167 = DIRECTION('',(1.,0.,0.));
#3168 = FACE_BOUND('',#3169,.F.);
#3169 = EDGE_LOOP('',(#3170,#3180,#3189,#3197));
#3170 = ORIENTED_EDGE('',*,*,#3171,.F.);
#3171 = EDGE_CURVE('',#3172,#3174,#3176,.T.);
#3172 = VERTEX_POINT('',#3173);
#3173 = CARTESIAN_POINT('',(-14.,111.12155506471,119.));
#3174 = VERTEX_POINT('',#3175);
#3175 = CARTESIAN_POINT('',(-14.,111.12155506471,121.));
#3176 = LINE('',#3177,#3178);
#3177 = CARTESIAN_POINT('',(-14.,111.12155506471,70.));
#3178 = VECTOR('',#3179,1.);
#3179 = DIRECTION('',(0.,0.,1.));
#3180 = ORIENTED_EDGE('',*,*,#3181,.F.);
#3181 = EDGE_CURVE('',#3182,#3172,#3184,.T.);
#3182 = VERTEX_POINT('',#3183);
#3183 = CARTESIAN_POINT('',(14.,111.12155506471,119.));
#3184 = CIRCLE('',#3185,112.);
#3185 = AXIS2_PLACEMENT_3D('',#3186,#3187,#3188);
#3186 = CARTESIAN_POINT('',(0.,0.,119.));
#3187 = DIRECTION('',(0.,0.,1.));
#3188 = DIRECTION('',(1.,0.,0.));
#3189 = ORIENTED_EDGE('',*,*,#3190,.T.);
#3190 = EDGE_CURVE('',#3182,#3191,#3193,.T.);
#3191 = VERTEX_POINT('',#3192);
#3192 = CARTESIAN_POINT('',(14.,111.12155506471,121.));
#3193 = LINE('',#3194,#3195);
#3194 = CARTESIAN_POINT('',(14.,111.12155506471,70.));
#3195 = VECTOR('',#3196,1.);
#3196 = DIRECTION('',(0.,0.,1.));
#3197 = ORIENTED_EDGE('',*,*,#3198,.T.);
#3198 = EDGE_CURVE('',#3191,#3174,#3199,.T.);
#3199 = CIRCLE('',#3200,112.);
#3200 = AXIS2_PLACEMENT_3D('',#3201,#3202,#3203);
#3201 = CARTESIAN_POINT('',(0.,0.,121.));
#3202 = DIRECTION('',(0.,0.,1.));
#3203 = DIRECTION('',(1.,0.,0.));
#3204 = FACE_BOUND('',#3205,.F.);
#3205 = EDGE_LOOP('',(#3206,#3216,#3225,#3233));
#3206 = ORIENTED_EDGE('',*,*,#3207,.F.);
#3207 = EDGE_CURVE('',#3208,#3210,#3212,.T.);
#3208 = VERTEX_POINT('',#3209);
#3209 = CARTESIAN_POINT('',(-14.,111.12155506471,129.));
#3210 = VERTEX_POINT('',#3211);
#3211 = CARTESIAN_POINT('',(-14.,111.12155506471,131.));
#3212 = LINE('',#3213,#3214);
#3213 = CARTESIAN_POINT('',(-14.,111.12155506471,70.));
#3214 = VECTOR('',#3215,1.);
#3215 = DIRECTION('',(0.,0.,1.));
#3216 = ORIENTED_EDGE('',*,*,#3217,.F.);
#3217 = EDGE_CURVE('',#3218,#3208,#3220,.T.);
#3218 = VERTEX_POINT('',#3219);
#3219 = CARTESIAN_POINT('',(14.,111.12155506471,129.));
#3220 = CIRCLE('',#3221,112.);
#3221 = AXIS2_PLACEMENT_3D('',#3222,#3223,#3224);
#3222 = CARTESIAN_POINT('',(0.,0.,129.));
#3223 = DIRECTION('',(0.,0.,1.));
#3224 = DIRECTION('',(1.,0.,0.));
#3225 = ORIENTED_EDGE('',*,*,#3226,.T.);
#3226 = EDGE_CURVE('',#3218,#3227,#3229,.T.);
#3227 = VERTEX_POINT('',#3228);
#3228 = CARTESIAN_POINT('',(14.,111.12155506471,131.));
#3229 = LINE('',#3230,#3231);
#3230 = CARTESIAN_POINT('',(14.,111.12155506471,70.));
#3231 = VECTOR('',#3232,1.);
#3232 = DIRECTION('',(0.,0.,1.));
#3233 = ORIENTED_EDGE('',*,*,#3234,.T.);
#3234 = EDGE_CURVE('',#3227,#3210,#3235,.T.);
#3235 = CIRCLE('',#3236,112.);
#3236 = AXIS2_PLACEMENT_3D('',#3237,#3238,#3239);
#3237 = CARTESIAN_POINT('',(0.,0.,131.));
#3238 = DIRECTION('',(0.,0.,1.));
#3239 = DIRECTION('',(1.,0.,0.));
#3240 = FACE_BOUND('',#3241,.F.);
#3241 = EDGE_LOOP('',(#3242,#3252,#3261,#3269));
#3242 = ORIENTED_EDGE('',*,*,#3243,.F.);
#3243 = EDGE_CURVE('',#3244,#3246,#3248,.T.);
#3244 = VERTEX_POINT('',#3245);
#3245 = CARTESIAN_POINT('',(-14.,111.12155506471,139.));
#3246 = VERTEX_POINT('',#3247);
#3247 = CARTESIAN_POINT('',(-14.,111.12155506471,141.));
#3248 = LINE('',#3249,#3250);
#3249 = CARTESIAN_POINT('',(-14.,111.12155506471,70.));
#3250 = VECTOR('',#3251,1.);
#3251 = DIRECTION('',(0.,0.,1.));
#3252 = ORIENTED_EDGE('',*,*,#3253,.F.);
#3253 = EDGE_CURVE('',#3254,#3244,#3256,.T.);
#3254 = VERTEX_POINT('',#3255);
#3255 = CARTESIAN_POINT('',(14.,111.12155506471,139.));
#3256 = CIRCLE('',#3257,112.);
#3257 = AXIS2_PLACEMENT_3D('',#3258,#3259,#3260);
#3258 = CARTESIAN_POINT('',(0.,0.,139.));
#3259 = DIRECTION('',(0.,0.,1.));
#3260 = DIRECTION('',(1.,0.,0.));
#3261 = ORIENTED_EDGE('',*,*,#3262,.T.);
#3262 = EDGE_CURVE('',#3254,#3263,#3265,.T.);
#3263 = VERTEX_POINT('',#3264);
#3264 = CARTESIAN_POINT('',(14.,111.12155506471,141.));
#3265 = LINE('',#3266,#3267);
#3266 = CARTESIAN_POINT('',(14.,111.12155506471,70.));
#3267 = VECTOR('',#3268,1.);
#3268 = DIRECTION('',(0.,0.,1.));
#3269 = ORIENTED_EDGE('',*,*,#3270,.T.);
#3270 = EDGE_CURVE('',#3263,#3246,#3271,.T.);
#3271 = CIRCLE('',#3272,112.);
#3272 = AXIS2_PLACEMENT_3D('',#3273,#3274,#3275);
#3273 = CARTESIAN_POINT('',(0.,0.,141.));
#3274 = DIRECTION('',(0.,0.,1.));
#3275 = DIRECTION('',(1.,0.,0.));
#3276 = CYLINDRICAL_SURFACE('',#3277,112.);
#3277 = AXIS2_PLACEMENT_3D('',#3278,#3279,#3280);
#3278 = CARTESIAN_POINT('',(0.,0.,70.));
#3279 = DIRECTION('',(0.,0.,1.));
#3280 = DIRECTION('',(1.,0.,0.));
#3281 = ADVANCED_FACE('',(#3282),#3318,.F.);
#3282 = FACE_BOUND('',#3283,.F.);
#3283 = EDGE_LOOP('',(#3284,#3292,#3301,#3310,#3316,#3317));
#3284 = ORIENTED_EDGE('',*,*,#3285,.F.);
#3285 = EDGE_CURVE('',#3286,#456,#3288,.T.);
#3286 = VERTEX_POINT('',#3287);
#3287 = CARTESIAN_POINT('',(13.,-76.40189788218,70.));
#3288 = LINE('',#3289,#3290);
#3289 = CARTESIAN_POINT('',(13.,-76.40189788218,70.));
#3290 = VECTOR('',#3291,1.);
#3291 = DIRECTION('',(0.,0.,1.));
#3292 = ORIENTED_EDGE('',*,*,#3293,.T.);
#3293 = EDGE_CURVE('',#3286,#3294,#3296,.T.);
#3294 = VERTEX_POINT('',#3295);
#3295 = CARTESIAN_POINT('',(77.5,-1.898202538678E-14,70.));
#3296 = CIRCLE('',#3297,77.5);
#3297 = AXIS2_PLACEMENT_3D('',#3298,#3299,#3300);
#3298 = CARTESIAN_POINT('',(0.,0.,70.));
#3299 = DIRECTION('',(0.,0.,1.));
#3300 = DIRECTION('',(1.,0.,0.));
#3301 = ORIENTED_EDGE('',*,*,#3302,.T.);
#3302 = EDGE_CURVE('',#3294,#3303,#3305,.T.);
#3303 = VERTEX_POINT('',#3304);
#3304 = CARTESIAN_POINT('',(23.,74.008445464014,70.));
#3305 = CIRCLE('',#3306,77.5);
#3306 = AXIS2_PLACEMENT_3D('',#3307,#3308,#3309);
#3307 = CARTESIAN_POINT('',(0.,0.,70.));
#3308 = DIRECTION('',(0.,0.,1.));
#3309 = DIRECTION('',(1.,0.,0.));
#3310 = ORIENTED_EDGE('',*,*,#3311,.T.);
#3311 = EDGE_CURVE('',#3303,#447,#3312,.T.);
#3312 = LINE('',#3313,#3314);
#3313 = CARTESIAN_POINT('',(23.,74.008445464014,70.));
#3314 = VECTOR('',#3315,1.);
#3315 = DIRECTION('',(0.,0.,1.));
#3316 = ORIENTED_EDGE('',*,*,#444,.F.);
#3317 = ORIENTED_EDGE('',*,*,#455,.F.);
#3318 = CYLINDRICAL_SURFACE('',#3319,77.5);
#3319 = AXIS2_PLACEMENT_3D('',#3320,#3321,#3322);
#3320 = CARTESIAN_POINT('',(0.,0.,70.));
#3321 = DIRECTION('',(0.,0.,1.));
#3322 = DIRECTION('',(1.,0.,0.));
#3323 = ADVANCED_FACE('',(#3324),#3342,.F.);
#3324 = FACE_BOUND('',#3325,.F.);
#3325 = EDGE_LOOP('',(#3326,#3334,#3335,#3336));
#3326 = ORIENTED_EDGE('',*,*,#3327,.T.);
#3327 = EDGE_CURVE('',#3328,#506,#3330,.T.);
#3328 = VERTEX_POINT('',#3329);
#3329 = CARTESIAN_POINT('',(23.,83.,70.));
#3330 = LINE('',#3331,#3332);
#3331 = CARTESIAN_POINT('',(23.,83.,69.));
#3332 = VECTOR('',#3333,1.);
#3333 = DIRECTION('',(0.,0.,1.));
#3334 = ORIENTED_EDGE('',*,*,#513,.F.);
#3335 = ORIENTED_EDGE('',*,*,#3311,.F.);
#3336 = ORIENTED_EDGE('',*,*,#3337,.T.);
#3337 = EDGE_CURVE('',#3303,#3328,#3338,.T.);
#3338 = LINE('',#3339,#3340);
#3339 = CARTESIAN_POINT('',(23.,18.5,70.));
#3340 = VECTOR('',#3341,1.);
#3341 = DIRECTION('',(0.,1.,0.));
#3342 = PLANE('',#3343);
#3343 = AXIS2_PLACEMENT_3D('',#3344,#3345,#3346);
#3344 = CARTESIAN_POINT('',(23.,37.,69.));
#3345 = DIRECTION('',(1.,0.,0.));
#3346 = DIRECTION('',(0.,0.,1.));
#3347 = ADVANCED_FACE('',(#3348),#3366,.F.);
#3348 = FACE_BOUND('',#3349,.F.);
#3349 = EDGE_LOOP('',(#3350,#3358,#3364,#3365));
#3350 = ORIENTED_EDGE('',*,*,#3351,.F.);
#3351 = EDGE_CURVE('',#3352,#465,#3354,.T.);
#3352 = VERTEX_POINT('',#3353);
#3353 = CARTESIAN_POINT('',(13.,-79.,70.));
#3354 = LINE('',#3355,#3356);
#3355 = CARTESIAN_POINT('',(13.,-79.,69.));
#3356 = VECTOR('',#3357,1.);
#3357 = DIRECTION('',(0.,0.,1.));
#3358 = ORIENTED_EDGE('',*,*,#3359,.T.);
#3359 = EDGE_CURVE('',#3352,#3286,#3360,.T.);
#3360 = LINE('',#3361,#3362);
#3361 = CARTESIAN_POINT('',(13.,-39.5,70.));
#3362 = VECTOR('',#3363,1.);
#3363 = DIRECTION('',(0.,1.,0.));
#3364 = ORIENTED_EDGE('',*,*,#3285,.T.);
#3365 = ORIENTED_EDGE('',*,*,#464,.F.);
#3366 = PLANE('',#3367);
#3367 = AXIS2_PLACEMENT_3D('',#3368,#3369,#3370);
#3368 = CARTESIAN_POINT('',(13.,-79.,69.));
#3369 = DIRECTION('',(1.,0.,0.));
#3370 = DIRECTION('',(0.,0.,1.));
#3371 = ADVANCED_FACE('',(#3372),#3390,.F.);
#3372 = FACE_BOUND('',#3373,.F.);
#3373 = EDGE_LOOP('',(#3374,#3375,#3383,#3389));
#3374 = ORIENTED_EDGE('',*,*,#3327,.F.);
#3375 = ORIENTED_EDGE('',*,*,#3376,.T.);
#3376 = EDGE_CURVE('',#3328,#3377,#3379,.T.);
#3377 = VERTEX_POINT('',#3378);
#3378 = CARTESIAN_POINT('',(-23.,83.,70.));
#3379 = LINE('',#3380,#3381);
#3380 = CARTESIAN_POINT('',(-11.5,83.,70.));
#3381 = VECTOR('',#3382,1.);
#3382 = DIRECTION('',(-1.,0.,0.));
#3383 = ORIENTED_EDGE('',*,*,#3384,.T.);
#3384 = EDGE_CURVE('',#3377,#498,#3385,.T.);
#3385 = LINE('',#3386,#3387);
#3386 = CARTESIAN_POINT('',(-23.,83.,69.));
#3387 = VECTOR('',#3388,1.);
#3388 = DIRECTION('',(0.,0.,1.));
#3389 = ORIENTED_EDGE('',*,*,#505,.F.);
#3390 = PLANE('',#3391);
#3391 = AXIS2_PLACEMENT_3D('',#3392,#3393,#3394);
#3392 = CARTESIAN_POINT('',(-23.,83.,69.));
#3393 = DIRECTION('',(0.,1.,0.));
#3394 = DIRECTION('',(0.,0.,1.));
#3395 = ADVANCED_FACE('',(#3396),#3414,.T.);
#3396 = FACE_BOUND('',#3397,.T.);
#3397 = EDGE_LOOP('',(#3398,#3399,#3407,#3413));
#3398 = ORIENTED_EDGE('',*,*,#3351,.F.);
#3399 = ORIENTED_EDGE('',*,*,#3400,.T.);
#3400 = EDGE_CURVE('',#3352,#3401,#3403,.T.);
#3401 = VERTEX_POINT('',#3402);
#3402 = CARTESIAN_POINT('',(-13.,-79.,70.));
#3403 = LINE('',#3404,#3405);
#3404 = CARTESIAN_POINT('',(-6.5,-79.,70.));
#3405 = VECTOR('',#3406,1.);
#3406 = DIRECTION('',(-1.,0.,0.));
#3407 = ORIENTED_EDGE('',*,*,#3408,.T.);
#3408 = EDGE_CURVE('',#3401,#473,#3409,.T.);
#3409 = LINE('',#3410,#3411);
#3410 = CARTESIAN_POINT('',(-13.,-79.,69.));
#3411 = VECTOR('',#3412,1.);
#3412 = DIRECTION('',(0.,0.,1.));
#3413 = ORIENTED_EDGE('',*,*,#472,.F.);
#3414 = PLANE('',#3415);
#3415 = AXIS2_PLACEMENT_3D('',#3416,#3417,#3418);
#3416 = CARTESIAN_POINT('',(-13.,-79.,69.));
#3417 = DIRECTION('',(0.,1.,0.));
#3418 = DIRECTION('',(0.,0.,1.));
#3419 = ADVANCED_FACE('',(#3420),#3438,.T.);
#3420 = FACE_BOUND('',#3421,.T.);
#3421 = EDGE_LOOP('',(#3422,#3423,#3424,#3432));
#3422 = ORIENTED_EDGE('',*,*,#3384,.T.);
#3423 = ORIENTED_EDGE('',*,*,#497,.F.);
#3424 = ORIENTED_EDGE('',*,*,#3425,.F.);
#3425 = EDGE_CURVE('',#3426,#489,#3428,.T.);
#3426 = VERTEX_POINT('',#3427);
#3427 = CARTESIAN_POINT('',(-23.,74.008445464014,70.));
#3428 = LINE('',#3429,#3430);
#3429 = CARTESIAN_POINT('',(-23.,74.008445464014,70.));
#3430 = VECTOR('',#3431,1.);
#3431 = DIRECTION('',(0.,0.,1.));
#3432 = ORIENTED_EDGE('',*,*,#3433,.T.);
#3433 = EDGE_CURVE('',#3426,#3377,#3434,.T.);
#3434 = LINE('',#3435,#3436);
#3435 = CARTESIAN_POINT('',(-23.,18.5,70.));
#3436 = VECTOR('',#3437,1.);
#3437 = DIRECTION('',(0.,1.,0.));
#3438 = PLANE('',#3439);
#3439 = AXIS2_PLACEMENT_3D('',#3440,#3441,#3442);
#3440 = CARTESIAN_POINT('',(-23.,37.,69.));
#3441 = DIRECTION('',(1.,0.,0.));
#3442 = DIRECTION('',(0.,0.,1.));
#3443 = ADVANCED_FACE('',(#3444),#3462,.T.);
#3444 = FACE_BOUND('',#3445,.T.);
#3445 = EDGE_LOOP('',(#3446,#3447,#3455,#3461));
#3446 = ORIENTED_EDGE('',*,*,#3408,.F.);
#3447 = ORIENTED_EDGE('',*,*,#3448,.T.);
#3448 = EDGE_CURVE('',#3401,#3449,#3451,.T.);
#3449 = VERTEX_POINT('',#3450);
#3450 = CARTESIAN_POINT('',(-13.,-76.40189788218,70.));
#3451 = LINE('',#3452,#3453);
#3452 = CARTESIAN_POINT('',(-13.,-39.5,70.));
#3453 = VECTOR('',#3454,1.);
#3454 = DIRECTION('',(0.,1.,0.));
#3455 = ORIENTED_EDGE('',*,*,#3456,.T.);
#3456 = EDGE_CURVE('',#3449,#481,#3457,.T.);
#3457 = LINE('',#3458,#3459);
#3458 = CARTESIAN_POINT('',(-13.,-76.40189788218,70.));
#3459 = VECTOR('',#3460,1.);
#3460 = DIRECTION('',(0.,0.,1.));
#3461 = ORIENTED_EDGE('',*,*,#480,.F.);
#3462 = PLANE('',#3463);
#3463 = AXIS2_PLACEMENT_3D('',#3464,#3465,#3466);
#3464 = CARTESIAN_POINT('',(-13.,-79.,69.));
#3465 = DIRECTION('',(1.,0.,0.));
#3466 = DIRECTION('',(0.,0.,1.));
#3467 = ADVANCED_FACE('',(#3468),#3480,.F.);
#3468 = FACE_BOUND('',#3469,.F.);
#3469 = EDGE_LOOP('',(#3470,#3477,#3478,#3479));
#3470 = ORIENTED_EDGE('',*,*,#3471,.T.);
#3471 = EDGE_CURVE('',#3426,#3449,#3472,.T.);
#3472 = CIRCLE('',#3473,77.5);
#3473 = AXIS2_PLACEMENT_3D('',#3474,#3475,#3476);
#3474 = CARTESIAN_POINT('',(0.,0.,70.));
#3475 = DIRECTION('',(0.,0.,1.));
#3476 = DIRECTION('',(1.,0.,0.));
#3477 = ORIENTED_EDGE('',*,*,#3456,.T.);
#3478 = ORIENTED_EDGE('',*,*,#488,.F.);
#3479 = ORIENTED_EDGE('',*,*,#3425,.F.);
#3480 = CYLINDRICAL_SURFACE('',#3481,77.5);
#3481 = AXIS2_PLACEMENT_3D('',#3482,#3483,#3484);
#3482 = CARTESIAN_POINT('',(0.,0.,70.));
#3483 = DIRECTION('',(0.,0.,1.));
#3484 = DIRECTION('',(1.,0.,0.));
#3485 = ADVANCED_FACE('',(#3486),#3505,.T.);
#3486 = FACE_BOUND('',#3487,.T.);
#3487 = EDGE_LOOP('',(#3488,#3496,#3497,#3498));
#3488 = ORIENTED_EDGE('',*,*,#3489,.T.);
#3489 = EDGE_CURVE('',#3490,#552,#3492,.T.);
#3490 = VERTEX_POINT('',#3491);
#3491 = CARTESIAN_POINT('',(116.,-2.841180574022E-14,149.4));
#3492 = LINE('',#3493,#3494);
#3493 = CARTESIAN_POINT('',(116.,-2.841180574022E-14,70.));
#3494 = VECTOR('',#3495,1.);
#3495 = DIRECTION('',(0.,0.,1.));
#3496 = ORIENTED_EDGE('',*,*,#551,.F.);
#3497 = ORIENTED_EDGE('',*,*,#3489,.F.);
#3498 = ORIENTED_EDGE('',*,*,#3499,.T.);
#3499 = EDGE_CURVE('',#3490,#3490,#3500,.T.);
#3500 = CIRCLE('',#3501,116.);
#3501 = AXIS2_PLACEMENT_3D('',#3502,#3503,#3504);
#3502 = CARTESIAN_POINT('',(0.,0.,149.4));
#3503 = DIRECTION('',(0.,0.,1.));
#3504 = DIRECTION('',(1.,0.,0.));
#3505 = CYLINDRICAL_SURFACE('',#3506,116.);
#3506 = AXIS2_PLACEMENT_3D('',#3507,#3508,#3509);
#3507 = CARTESIAN_POINT('',(0.,0.,70.));
#3508 = DIRECTION('',(0.,0.,1.));
#3509 = DIRECTION('',(1.,0.,0.));
#3510 = ADVANCED_FACE('',(#3511),#3530,.F.);
#3511 = FACE_BOUND('',#3512,.F.);
#3512 = EDGE_LOOP('',(#3513,#3514,#3522,#3529));
#3513 = ORIENTED_EDGE('',*,*,#731,.T.);
#3514 = ORIENTED_EDGE('',*,*,#3515,.T.);
#3515 = EDGE_CURVE('',#732,#3516,#3518,.T.);
#3516 = VERTEX_POINT('',#3517);
#3517 = CARTESIAN_POINT('',(-64.12184335382,-61.87184335382,150.85));
#3518 = LINE('',#3519,#3520);
#3519 = CARTESIAN_POINT('',(-64.12184335382,-61.87184335382,158.01));
#3520 = VECTOR('',#3521,1.);
#3521 = DIRECTION('',(0.,0.,-1.));
#3522 = ORIENTED_EDGE('',*,*,#3523,.F.);
#3523 = EDGE_CURVE('',#3516,#3516,#3524,.T.);
#3524 = CIRCLE('',#3525,2.25);
#3525 = AXIS2_PLACEMENT_3D('',#3526,#3527,#3528);
#3526 = CARTESIAN_POINT('',(-61.87184335382,-61.87184335382,150.85));
#3527 = DIRECTION('',(0.,0.,-1.));
#3528 = DIRECTION('',(-1.,0.,0.));
#3529 = ORIENTED_EDGE('',*,*,#3515,.F.);
#3530 = CYLINDRICAL_SURFACE('',#3531,2.25);
#3531 = AXIS2_PLACEMENT_3D('',#3532,#3533,#3534);
#3532 = CARTESIAN_POINT('',(-61.87184335382,-61.87184335382,158.01));
#3533 = DIRECTION('',(0.,0.,-1.));
#3534 = DIRECTION('',(-1.,0.,0.));
#3535 = ADVANCED_FACE('',(#3536),#3555,.F.);
#3536 = FACE_BOUND('',#3537,.F.);
#3537 = EDGE_LOOP('',(#3538,#3539,#3547,#3554));
#3538 = ORIENTED_EDGE('',*,*,#742,.T.);
#3539 = ORIENTED_EDGE('',*,*,#3540,.T.);
#3540 = EDGE_CURVE('',#743,#3541,#3543,.T.);
#3541 = VERTEX_POINT('',#3542);
#3542 = CARTESIAN_POINT('',(-64.12184335382,61.871843353823,150.85));
#3543 = LINE('',#3544,#3545);
#3544 = CARTESIAN_POINT('',(-64.12184335382,61.871843353823,158.01));
#3545 = VECTOR('',#3546,1.);
#3546 = DIRECTION('',(0.,0.,-1.));
#3547 = ORIENTED_EDGE('',*,*,#3548,.F.);
#3548 = EDGE_CURVE('',#3541,#3541,#3549,.T.);
#3549 = CIRCLE('',#3550,2.25);
#3550 = AXIS2_PLACEMENT_3D('',#3551,#3552,#3553);
#3551 = CARTESIAN_POINT('',(-61.87184335382,61.871843353823,150.85));
#3552 = DIRECTION('',(0.,0.,-1.));
#3553 = DIRECTION('',(-1.,0.,0.));
#3554 = ORIENTED_EDGE('',*,*,#3540,.F.);
#3555 = CYLINDRICAL_SURFACE('',#3556,2.25);
#3556 = AXIS2_PLACEMENT_3D('',#3557,#3558,#3559);
#3557 = CARTESIAN_POINT('',(-61.87184335382,61.871843353823,158.01));
#3558 = DIRECTION('',(0.,0.,-1.));
#3559 = DIRECTION('',(-1.,0.,0.));
#3560 = ADVANCED_FACE('',(#3561),#3580,.F.);
#3561 = FACE_BOUND('',#3562,.F.);
#3562 = EDGE_LOOP('',(#3563,#3564,#3572,#3579));
#3563 = ORIENTED_EDGE('',*,*,#753,.T.);
#3564 = ORIENTED_EDGE('',*,*,#3565,.T.);
#3565 = EDGE_CURVE('',#754,#3566,#3568,.T.);
#3566 = VERTEX_POINT('',#3567);
#3567 = CARTESIAN_POINT('',(59.621843353823,61.871843353823,150.85));
#3568 = LINE('',#3569,#3570);
#3569 = CARTESIAN_POINT('',(59.621843353823,61.871843353823,158.01));
#3570 = VECTOR('',#3571,1.);
#3571 = DIRECTION('',(0.,0.,-1.));
#3572 = ORIENTED_EDGE('',*,*,#3573,.F.);
#3573 = EDGE_CURVE('',#3566,#3566,#3574,.T.);
#3574 = CIRCLE('',#3575,2.25);
#3575 = AXIS2_PLACEMENT_3D('',#3576,#3577,#3578);
#3576 = CARTESIAN_POINT('',(61.871843353823,61.871843353823,150.85));
#3577 = DIRECTION('',(0.,0.,-1.));
#3578 = DIRECTION('',(-1.,0.,0.));
#3579 = ORIENTED_EDGE('',*,*,#3565,.F.);
#3580 = CYLINDRICAL_SURFACE('',#3581,2.25);
#3581 = AXIS2_PLACEMENT_3D('',#3582,#3583,#3584);
#3582 = CARTESIAN_POINT('',(61.871843353823,61.871843353823,158.01));
#3583 = DIRECTION('',(0.,0.,-1.));
#3584 = DIRECTION('',(-1.,0.,0.));
#3585 = ADVANCED_FACE('',(#3586),#3592,.T.);
#3586 = FACE_BOUND('',#3587,.T.);
#3587 = EDGE_LOOP('',(#3588,#3589,#3590,#3591));
#3588 = ORIENTED_EDGE('',*,*,#830,.F.);
#3589 = ORIENTED_EDGE('',*,*,#795,.T.);
#3590 = ORIENTED_EDGE('',*,*,#854,.T.);
#3591 = ORIENTED_EDGE('',*,*,#878,.F.);
#3592 = PLANE('',#3593);
#3593 = AXIS2_PLACEMENT_3D('',#3594,#3595,#3596);
#3594 = CARTESIAN_POINT('',(67.175144212722,-61.87184335382,77.15));
#3595 = DIRECTION('',(-0.707106781187,0.707106781187,0.));
#3596 = DIRECTION('',(0.,0.,1.));
#3597 = ADVANCED_FACE('',(#3598),#3617,.F.);
#3598 = FACE_BOUND('',#3599,.F.);
#3599 = EDGE_LOOP('',(#3600,#3609,#3615,#3616));
#3600 = ORIENTED_EDGE('',*,*,#3601,.T.);
#3601 = EDGE_CURVE('',#3602,#3602,#3604,.T.);
#3602 = VERTEX_POINT('',#3603);
#3603 = CARTESIAN_POINT('',(64.121843353823,-61.87184335382,74.));
#3604 = CIRCLE('',#3605,2.25);
#3605 = AXIS2_PLACEMENT_3D('',#3606,#3607,#3608);
#3606 = CARTESIAN_POINT('',(61.871843353823,-61.87184335382,74.));
#3607 = DIRECTION('',(0.,0.,1.));
#3608 = DIRECTION('',(1.,0.,0.));
#3609 = ORIENTED_EDGE('',*,*,#3610,.T.);
#3610 = EDGE_CURVE('',#3602,#813,#3611,.T.);
#3611 = LINE('',#3612,#3613);
#3612 = CARTESIAN_POINT('',(64.121843353823,-61.87184335382,69.99));
#3613 = VECTOR('',#3614,1.);
#3614 = DIRECTION('',(0.,0.,1.));
#3615 = ORIENTED_EDGE('',*,*,#812,.F.);
#3616 = ORIENTED_EDGE('',*,*,#3610,.F.);
#3617 = CYLINDRICAL_SURFACE('',#3618,2.25);
#3618 = AXIS2_PLACEMENT_3D('',#3619,#3620,#3621);
#3619 = CARTESIAN_POINT('',(61.871843353823,-61.87184335382,69.99));
#3620 = DIRECTION('',(0.,0.,1.));
#3621 = DIRECTION('',(1.,0.,0.));
#3622 = ADVANCED_FACE('',(#3623),#3641,.F.);
#3623 = FACE_BOUND('',#3624,.F.);
#3624 = EDGE_LOOP('',(#3625,#3634,#3639,#3640));
#3625 = ORIENTED_EDGE('',*,*,#3626,.F.);
#3626 = EDGE_CURVE('',#3627,#3627,#3629,.T.);
#3627 = VERTEX_POINT('',#3628);
#3628 = CARTESIAN_POINT('',(64.121843353823,-61.87184335382,82.01));
#3629 = CIRCLE('',#3630,2.25);
#3630 = AXIS2_PLACEMENT_3D('',#3631,#3632,#3633);
#3631 = CARTESIAN_POINT('',(61.871843353823,-61.87184335382,82.01));
#3632 = DIRECTION('',(0.,0.,1.));
#3633 = DIRECTION('',(1.,0.,0.));
#3634 = ORIENTED_EDGE('',*,*,#3635,.F.);
#3635 = EDGE_CURVE('',#889,#3627,#3636,.T.);
#3636 = B_SPLINE_CURVE_WITH_KNOTS('',1,(#3637,#3638),.UNSPECIFIED.,.F.,
  .F.,(2,2),(10.86,12.02),.PIECEWISE_BEZIER_KNOTS.);
#3637 = CARTESIAN_POINT('',(64.121843353823,-61.87184335382,80.85));
#3638 = CARTESIAN_POINT('',(64.121843353823,-61.87184335382,82.01));
#3639 = ORIENTED_EDGE('',*,*,#888,.T.);
#3640 = ORIENTED_EDGE('',*,*,#3635,.T.);
#3641 = CYLINDRICAL_SURFACE('',#3642,2.25);
#3642 = AXIS2_PLACEMENT_3D('',#3643,#3644,#3645);
#3643 = CARTESIAN_POINT('',(61.871843353823,-61.87184335382,69.99));
#3644 = DIRECTION('',(0.,0.,1.));
#3645 = DIRECTION('',(1.,0.,0.));
#3646 = ADVANCED_FACE('',(#3647,#3672),#3683,.T.);
#3647 = FACE_BOUND('',#3648,.T.);
#3648 = EDGE_LOOP('',(#3649,#3657,#3665,#3671));
#3649 = ORIENTED_EDGE('',*,*,#3650,.F.);
#3650 = EDGE_CURVE('',#3651,#959,#3653,.T.);
#3651 = VERTEX_POINT('',#3652);
#3652 = CARTESIAN_POINT('',(67.175144212722,61.871843353823,77.15));
#3653 = LINE('',#3654,#3655);
#3654 = CARTESIAN_POINT('',(67.175144212722,61.871843353823,77.15));
#3655 = VECTOR('',#3656,1.);
#3656 = DIRECTION('',(-0.707106781187,-0.707106781187,0.));
#3657 = ORIENTED_EDGE('',*,*,#3658,.F.);
#3658 = EDGE_CURVE('',#3659,#3651,#3661,.T.);
#3659 = VERTEX_POINT('',#3660);
#3660 = CARTESIAN_POINT('',(61.871843353823,67.175144212722,77.15));
#3661 = LINE('',#3662,#3663);
#3662 = CARTESIAN_POINT('',(61.871843353823,67.175144212722,77.15));
#3663 = VECTOR('',#3664,1.);
#3664 = DIRECTION('',(0.707106781187,-0.707106781187,0.));
#3665 = ORIENTED_EDGE('',*,*,#3666,.T.);
#3666 = EDGE_CURVE('',#3659,#957,#3667,.T.);
#3667 = LINE('',#3668,#3669);
#3668 = CARTESIAN_POINT('',(61.871843353823,67.175144212722,77.15));
#3669 = VECTOR('',#3670,1.);
#3670 = DIRECTION('',(-0.707106781187,-0.707106781187,0.));
#3671 = ORIENTED_EDGE('',*,*,#956,.T.);
#3672 = FACE_BOUND('',#3673,.T.);
#3673 = EDGE_LOOP('',(#3674));
#3674 = ORIENTED_EDGE('',*,*,#3675,.F.);
#3675 = EDGE_CURVE('',#3676,#3676,#3678,.T.);
#3676 = VERTEX_POINT('',#3677);
#3677 = CARTESIAN_POINT('',(64.121843353823,61.871843353823,77.15));
#3678 = CIRCLE('',#3679,2.25);
#3679 = AXIS2_PLACEMENT_3D('',#3680,#3681,#3682);
#3680 = CARTESIAN_POINT('',(61.871843353823,61.871843353823,77.15));
#3681 = DIRECTION('',(0.,0.,1.));
#3682 = DIRECTION('',(1.,0.,0.));
#3683 = PLANE('',#3684);
#3684 = AXIS2_PLACEMENT_3D('',#3685,#3686,#3687);
#3685 = CARTESIAN_POINT('',(61.871843353823,67.175144212722,77.15));
#3686 = DIRECTION('',(0.,0.,1.));
#3687 = DIRECTION('',(-0.707106781187,-0.707106781187,0.));
#3688 = ADVANCED_FACE('',(#3689),#3707,.T.);
#3689 = FACE_BOUND('',#3690,.T.);
#3690 = EDGE_LOOP('',(#3691,#3692,#3700,#3706));
#3691 = ORIENTED_EDGE('',*,*,#3666,.F.);
#3692 = ORIENTED_EDGE('',*,*,#3693,.T.);
#3693 = EDGE_CURVE('',#3659,#3694,#3696,.T.);
#3694 = VERTEX_POINT('',#3695);
#3695 = CARTESIAN_POINT('',(61.871843353823,67.175144212722,80.85));
#3696 = LINE('',#3697,#3698);
#3697 = CARTESIAN_POINT('',(61.871843353823,67.175144212722,77.15));
#3698 = VECTOR('',#3699,1.);
#3699 = DIRECTION('',(0.,0.,1.));
#3700 = ORIENTED_EDGE('',*,*,#3701,.T.);
#3701 = EDGE_CURVE('',#3694,#968,#3702,.T.);
#3702 = LINE('',#3703,#3704);
#3703 = CARTESIAN_POINT('',(61.871843353823,67.175144212722,80.85));
#3704 = VECTOR('',#3705,1.);
#3705 = DIRECTION('',(-0.707106781187,-0.707106781187,0.));
#3706 = ORIENTED_EDGE('',*,*,#967,.F.);
#3707 = PLANE('',#3708);
#3708 = AXIS2_PLACEMENT_3D('',#3709,#3710,#3711);
#3709 = CARTESIAN_POINT('',(61.871843353823,67.175144212722,77.15));
#3710 = DIRECTION('',(0.707106781187,-0.707106781187,0.));
#3711 = DIRECTION('',(0.,0.,1.));
#3712 = ADVANCED_FACE('',(#3713),#3731,.F.);
#3713 = FACE_BOUND('',#3714,.F.);
#3714 = EDGE_LOOP('',(#3715,#3716,#3724,#3730));
#3715 = ORIENTED_EDGE('',*,*,#3650,.F.);
#3716 = ORIENTED_EDGE('',*,*,#3717,.T.);
#3717 = EDGE_CURVE('',#3651,#3718,#3720,.T.);
#3718 = VERTEX_POINT('',#3719);
#3719 = CARTESIAN_POINT('',(67.175144212722,61.871843353823,80.85));
#3720 = LINE('',#3721,#3722);
#3721 = CARTESIAN_POINT('',(67.175144212722,61.871843353823,77.15));
#3722 = VECTOR('',#3723,1.);
#3723 = DIRECTION('',(0.,0.,1.));
#3724 = ORIENTED_EDGE('',*,*,#3725,.T.);
#3725 = EDGE_CURVE('',#3718,#976,#3726,.T.);
#3726 = LINE('',#3727,#3728);
#3727 = CARTESIAN_POINT('',(67.175144212722,61.871843353823,80.85));
#3728 = VECTOR('',#3729,1.);
#3729 = DIRECTION('',(-0.707106781187,-0.707106781187,0.));
#3730 = ORIENTED_EDGE('',*,*,#984,.F.);
#3731 = PLANE('',#3732);
#3732 = AXIS2_PLACEMENT_3D('',#3733,#3734,#3735);
#3733 = CARTESIAN_POINT('',(67.175144212722,61.871843353823,77.15));
#3734 = DIRECTION('',(0.707106781187,-0.707106781187,0.));
#3735 = DIRECTION('',(0.,0.,1.));
#3736 = ADVANCED_FACE('',(#3737,#3748),#3759,.F.);
#3737 = FACE_BOUND('',#3738,.F.);
#3738 = EDGE_LOOP('',(#3739,#3740,#3746,#3747));
#3739 = ORIENTED_EDGE('',*,*,#3725,.F.);
#3740 = ORIENTED_EDGE('',*,*,#3741,.F.);
#3741 = EDGE_CURVE('',#3694,#3718,#3742,.T.);
#3742 = LINE('',#3743,#3744);
#3743 = CARTESIAN_POINT('',(61.871843353823,67.175144212722,80.85));
#3744 = VECTOR('',#3745,1.);
#3745 = DIRECTION('',(0.707106781187,-0.707106781187,0.));
#3746 = ORIENTED_EDGE('',*,*,#3701,.T.);
#3747 = ORIENTED_EDGE('',*,*,#975,.T.);
#3748 = FACE_BOUND('',#3749,.F.);
#3749 = EDGE_LOOP('',(#3750));
#3750 = ORIENTED_EDGE('',*,*,#3751,.F.);
#3751 = EDGE_CURVE('',#3752,#3752,#3754,.T.);
#3752 = VERTEX_POINT('',#3753);
#3753 = CARTESIAN_POINT('',(64.121843353823,61.871843353823,80.85));
#3754 = CIRCLE('',#3755,2.25);
#3755 = AXIS2_PLACEMENT_3D('',#3756,#3757,#3758);
#3756 = CARTESIAN_POINT('',(61.871843353823,61.871843353823,80.85));
#3757 = DIRECTION('',(0.,0.,1.));
#3758 = DIRECTION('',(1.,0.,0.));
#3759 = PLANE('',#3760);
#3760 = AXIS2_PLACEMENT_3D('',#3761,#3762,#3763);
#3761 = CARTESIAN_POINT('',(61.871843353823,67.175144212722,80.85));
#3762 = DIRECTION('',(0.,0.,1.));
#3763 = DIRECTION('',(-0.707106781187,-0.707106781187,0.));
#3764 = ADVANCED_FACE('',(#3765),#3790,.T.);
#3765 = FACE_BOUND('',#3766,.T.);
#3766 = EDGE_LOOP('',(#3767,#3775,#3783,#3789));
#3767 = ORIENTED_EDGE('',*,*,#3768,.F.);
#3768 = EDGE_CURVE('',#3769,#995,#3771,.T.);
#3769 = VERTEX_POINT('',#3770);
#3770 = CARTESIAN_POINT('',(67.175144212722,61.871843353823,150.85));
#3771 = LINE('',#3772,#3773);
#3772 = CARTESIAN_POINT('',(67.175144212722,61.871843353823,150.85));
#3773 = VECTOR('',#3774,1.);
#3774 = DIRECTION('',(-0.707106781187,-0.707106781187,0.));
#3775 = ORIENTED_EDGE('',*,*,#3776,.T.);
#3776 = EDGE_CURVE('',#3769,#3777,#3779,.T.);
#3777 = VERTEX_POINT('',#3778);
#3778 = CARTESIAN_POINT('',(67.175144212722,61.871843353823,147.15));
#3779 = LINE('',#3780,#3781);
#3780 = CARTESIAN_POINT('',(67.175144212722,61.871843353823,150.85));
#3781 = VECTOR('',#3782,1.);
#3782 = DIRECTION('',(0.,0.,-1.));
#3783 = ORIENTED_EDGE('',*,*,#3784,.T.);
#3784 = EDGE_CURVE('',#3777,#993,#3785,.T.);
#3785 = LINE('',#3786,#3787);
#3786 = CARTESIAN_POINT('',(67.175144212722,61.871843353823,147.15));
#3787 = VECTOR('',#3788,1.);
#3788 = DIRECTION('',(-0.707106781187,-0.707106781187,0.));
#3789 = ORIENTED_EDGE('',*,*,#992,.T.);
#3790 = PLANE('',#3791);
#3791 = AXIS2_PLACEMENT_3D('',#3792,#3793,#3794);
#3792 = CARTESIAN_POINT('',(67.175144212722,61.871843353823,150.85));
#3793 = DIRECTION('',(-0.707106781187,0.707106781187,0.));
#3794 = DIRECTION('',(0.,0.,-1.));
#3795 = ADVANCED_FACE('',(#3796,#3814),#3825,.F.);
#3796 = FACE_BOUND('',#3797,.F.);
#3797 = EDGE_LOOP('',(#3798,#3806,#3812,#3813));
#3798 = ORIENTED_EDGE('',*,*,#3799,.F.);
#3799 = EDGE_CURVE('',#3800,#1003,#3802,.T.);
#3800 = VERTEX_POINT('',#3801);
#3801 = CARTESIAN_POINT('',(61.871843353823,67.175144212722,147.15));
#3802 = LINE('',#3803,#3804);
#3803 = CARTESIAN_POINT('',(61.871843353823,67.175144212722,147.15));
#3804 = VECTOR('',#3805,1.);
#3805 = DIRECTION('',(-0.707106781187,-0.707106781187,0.));
#3806 = ORIENTED_EDGE('',*,*,#3807,.F.);
#3807 = EDGE_CURVE('',#3777,#3800,#3808,.T.);
#3808 = LINE('',#3809,#3810);
#3809 = CARTESIAN_POINT('',(67.175144212722,61.871843353823,147.15));
#3810 = VECTOR('',#3811,1.);
#3811 = DIRECTION('',(-0.707106781187,0.707106781187,0.));
#3812 = ORIENTED_EDGE('',*,*,#3784,.T.);
#3813 = ORIENTED_EDGE('',*,*,#1002,.F.);
#3814 = FACE_BOUND('',#3815,.F.);
#3815 = EDGE_LOOP('',(#3816));
#3816 = ORIENTED_EDGE('',*,*,#3817,.F.);
#3817 = EDGE_CURVE('',#3818,#3818,#3820,.T.);
#3818 = VERTEX_POINT('',#3819);
#3819 = CARTESIAN_POINT('',(59.621843353823,61.871843353823,147.15));
#3820 = CIRCLE('',#3821,2.25);
#3821 = AXIS2_PLACEMENT_3D('',#3822,#3823,#3824);
#3822 = CARTESIAN_POINT('',(61.871843353823,61.871843353823,147.15));
#3823 = DIRECTION('',(0.,0.,-1.));
#3824 = DIRECTION('',(-1.,0.,0.));
#3825 = PLANE('',#3826);
#3826 = AXIS2_PLACEMENT_3D('',#3827,#3828,#3829);
#3827 = CARTESIAN_POINT('',(67.175144212722,61.871843353823,147.15));
#3828 = DIRECTION('',(0.,0.,-1.));
#3829 = DIRECTION('',(-0.707106781187,-0.707106781187,0.));
#3830 = ADVANCED_FACE('',(#3831,#3849),#3852,.T.);
#3831 = FACE_BOUND('',#3832,.T.);
#3832 = EDGE_LOOP('',(#3833,#3841,#3847,#3848));
#3833 = ORIENTED_EDGE('',*,*,#3834,.F.);
#3834 = EDGE_CURVE('',#3835,#1012,#3837,.T.);
#3835 = VERTEX_POINT('',#3836);
#3836 = CARTESIAN_POINT('',(61.871843353823,67.175144212722,150.85));
#3837 = LINE('',#3838,#3839);
#3838 = CARTESIAN_POINT('',(61.871843353823,67.175144212722,150.85));
#3839 = VECTOR('',#3840,1.);
#3840 = DIRECTION('',(-0.707106781187,-0.707106781187,0.));
#3841 = ORIENTED_EDGE('',*,*,#3842,.F.);
#3842 = EDGE_CURVE('',#3769,#3835,#3843,.T.);
#3843 = LINE('',#3844,#3845);
#3844 = CARTESIAN_POINT('',(67.175144212722,61.871843353823,150.85));
#3845 = VECTOR('',#3846,1.);
#3846 = DIRECTION('',(-0.707106781187,0.707106781187,0.));
#3847 = ORIENTED_EDGE('',*,*,#3768,.T.);
#3848 = ORIENTED_EDGE('',*,*,#1019,.F.);
#3849 = FACE_BOUND('',#3850,.T.);
#3850 = EDGE_LOOP('',(#3851));
#3851 = ORIENTED_EDGE('',*,*,#3573,.F.);
#3852 = PLANE('',#3853);
#3853 = AXIS2_PLACEMENT_3D('',#3854,#3855,#3856);
#3854 = CARTESIAN_POINT('',(67.175144212722,61.871843353823,150.85));
#3855 = DIRECTION('',(0.,0.,-1.));
#3856 = DIRECTION('',(-0.707106781187,-0.707106781187,0.));
#3857 = ADVANCED_FACE('',(#3858),#3869,.F.);
#3858 = FACE_BOUND('',#3859,.F.);
#3859 = EDGE_LOOP('',(#3860,#3861,#3867,#3868));
#3860 = ORIENTED_EDGE('',*,*,#3834,.F.);
#3861 = ORIENTED_EDGE('',*,*,#3862,.T.);
#3862 = EDGE_CURVE('',#3835,#3800,#3863,.T.);
#3863 = LINE('',#3864,#3865);
#3864 = CARTESIAN_POINT('',(61.871843353823,67.175144212722,150.85));
#3865 = VECTOR('',#3866,1.);
#3866 = DIRECTION('',(0.,0.,-1.));
#3867 = ORIENTED_EDGE('',*,*,#3799,.T.);
#3868 = ORIENTED_EDGE('',*,*,#1011,.T.);
#3869 = PLANE('',#3870);
#3870 = AXIS2_PLACEMENT_3D('',#3871,#3872,#3873);
#3871 = CARTESIAN_POINT('',(61.871843353823,67.175144212722,150.85));
#3872 = DIRECTION('',(-0.707106781187,0.707106781187,0.));
#3873 = DIRECTION('',(0.,0.,-1.));
#3874 = ADVANCED_FACE('',(#3875),#3901,.T.);
#3875 = FACE_BOUND('',#3876,.T.);
#3876 = EDGE_LOOP('',(#3877,#3885,#3894,#3900));
#3877 = ORIENTED_EDGE('',*,*,#3878,.F.);
#3878 = EDGE_CURVE('',#3879,#1077,#3881,.T.);
#3879 = VERTEX_POINT('',#3880);
#3880 = CARTESIAN_POINT('',(-7.,-115.7886004751,88.));
#3881 = LINE('',#3882,#3883);
#3882 = CARTESIAN_POINT('',(-7.,-121.,88.));
#3883 = VECTOR('',#3884,1.);
#3884 = DIRECTION('',(0.,1.,0.));
#3885 = ORIENTED_EDGE('',*,*,#3886,.T.);
#3886 = EDGE_CURVE('',#3879,#3887,#3889,.T.);
#3887 = VERTEX_POINT('',#3888);
#3888 = CARTESIAN_POINT('',(7.,-115.7886004751,88.));
#3889 = CIRCLE('',#3890,116.);
#3890 = AXIS2_PLACEMENT_3D('',#3891,#3892,#3893);
#3891 = CARTESIAN_POINT('',(0.,0.,88.));
#3892 = DIRECTION('',(0.,0.,1.));
#3893 = DIRECTION('',(1.,0.,0.));
#3894 = ORIENTED_EDGE('',*,*,#3895,.T.);
#3895 = EDGE_CURVE('',#3887,#1079,#3896,.T.);
#3896 = LINE('',#3897,#3898);
#3897 = CARTESIAN_POINT('',(7.,-121.,88.));
#3898 = VECTOR('',#3899,1.);
#3899 = DIRECTION('',(0.,1.,0.));
#3900 = ORIENTED_EDGE('',*,*,#1076,.F.);
#3901 = PLANE('',#3902);
#3902 = AXIS2_PLACEMENT_3D('',#3903,#3904,#3905);
#3903 = CARTESIAN_POINT('',(-7.,-121.,88.));
#3904 = DIRECTION('',(0.,0.,1.));
#3905 = DIRECTION('',(1.,0.,0.));
#3906 = ADVANCED_FACE('',(#3907),#3925,.T.);
#3907 = FACE_BOUND('',#3908,.T.);
#3908 = EDGE_LOOP('',(#3909,#3917,#3923,#3924));
#3909 = ORIENTED_EDGE('',*,*,#3910,.F.);
#3910 = EDGE_CURVE('',#3911,#1088,#3913,.T.);
#3911 = VERTEX_POINT('',#3912);
#3912 = CARTESIAN_POINT('',(-7.,-115.7886004751,96.));
#3913 = LINE('',#3914,#3915);
#3914 = CARTESIAN_POINT('',(-7.,-121.,96.));
#3915 = VECTOR('',#3916,1.);
#3916 = DIRECTION('',(0.,1.,0.));
#3917 = ORIENTED_EDGE('',*,*,#3918,.F.);
#3918 = EDGE_CURVE('',#3879,#3911,#3919,.T.);
#3919 = LINE('',#3920,#3921);
#3920 = CARTESIAN_POINT('',(-7.,-115.7886004751,70.));
#3921 = VECTOR('',#3922,1.);
#3922 = DIRECTION('',(0.,0.,1.));
#3923 = ORIENTED_EDGE('',*,*,#3878,.T.);
#3924 = ORIENTED_EDGE('',*,*,#1087,.T.);
#3925 = PLANE('',#3926);
#3926 = AXIS2_PLACEMENT_3D('',#3927,#3928,#3929);
#3927 = CARTESIAN_POINT('',(-7.,-121.,88.));
#3928 = DIRECTION('',(1.,0.,0.));
#3929 = DIRECTION('',(0.,0.,1.));
#3930 = ADVANCED_FACE('',(#3931),#3949,.F.);
#3931 = FACE_BOUND('',#3932,.F.);
#3932 = EDGE_LOOP('',(#3933,#3941,#3947,#3948));
#3933 = ORIENTED_EDGE('',*,*,#3934,.F.);
#3934 = EDGE_CURVE('',#3935,#1096,#3937,.T.);
#3935 = VERTEX_POINT('',#3936);
#3936 = CARTESIAN_POINT('',(7.,-115.7886004751,96.));
#3937 = LINE('',#3938,#3939);
#3938 = CARTESIAN_POINT('',(7.,-121.,96.));
#3939 = VECTOR('',#3940,1.);
#3940 = DIRECTION('',(0.,1.,0.));
#3941 = ORIENTED_EDGE('',*,*,#3942,.F.);
#3942 = EDGE_CURVE('',#3887,#3935,#3943,.T.);
#3943 = LINE('',#3944,#3945);
#3944 = CARTESIAN_POINT('',(7.,-115.7886004751,70.));
#3945 = VECTOR('',#3946,1.);
#3946 = DIRECTION('',(0.,0.,1.));
#3947 = ORIENTED_EDGE('',*,*,#3895,.T.);
#3948 = ORIENTED_EDGE('',*,*,#1104,.T.);
#3949 = PLANE('',#3950);
#3950 = AXIS2_PLACEMENT_3D('',#3951,#3952,#3953);
#3951 = CARTESIAN_POINT('',(7.,-121.,88.));
#3952 = DIRECTION('',(1.,0.,0.));
#3953 = DIRECTION('',(0.,0.,1.));
#3954 = ADVANCED_FACE('',(#3955),#3967,.F.);
#3955 = FACE_BOUND('',#3956,.F.);
#3956 = EDGE_LOOP('',(#3957,#3958,#3965,#3966));
#3957 = ORIENTED_EDGE('',*,*,#3910,.F.);
#3958 = ORIENTED_EDGE('',*,*,#3959,.T.);
#3959 = EDGE_CURVE('',#3911,#3935,#3960,.T.);
#3960 = CIRCLE('',#3961,116.);
#3961 = AXIS2_PLACEMENT_3D('',#3962,#3963,#3964);
#3962 = CARTESIAN_POINT('',(0.,0.,96.));
#3963 = DIRECTION('',(0.,0.,1.));
#3964 = DIRECTION('',(1.,0.,0.));
#3965 = ORIENTED_EDGE('',*,*,#3934,.T.);
#3966 = ORIENTED_EDGE('',*,*,#1095,.F.);
#3967 = PLANE('',#3968);
#3968 = AXIS2_PLACEMENT_3D('',#3969,#3970,#3971);
#3969 = CARTESIAN_POINT('',(-7.,-121.,96.));
#3970 = DIRECTION('',(0.,0.,1.));
#3971 = DIRECTION('',(1.,0.,0.));
#3972 = ADVANCED_FACE('',(#3973),#3999,.F.);
#3973 = FACE_BOUND('',#3974,.F.);
#3974 = EDGE_LOOP('',(#3975,#3976,#3984,#3993));
#3975 = ORIENTED_EDGE('',*,*,#1112,.T.);
#3976 = ORIENTED_EDGE('',*,*,#3977,.T.);
#3977 = EDGE_CURVE('',#1115,#3978,#3980,.T.);
#3978 = VERTEX_POINT('',#3979);
#3979 = CARTESIAN_POINT('',(-16.38661438862,-114.8367487735,119.));
#3980 = LINE('',#3981,#3982);
#3981 = CARTESIAN_POINT('',(-16.38661438862,-108.,119.));
#3982 = VECTOR('',#3983,1.);
#3983 = DIRECTION('',(0.,-1.,2.22044604925E-16));
#3984 = ORIENTED_EDGE('',*,*,#3985,.F.);
#3985 = EDGE_CURVE('',#3986,#3978,#3988,.T.);
#3986 = VERTEX_POINT('',#3987);
#3987 = CARTESIAN_POINT('',(-23.94966718336,-113.5007200056,119.));
#3988 = CIRCLE('',#3989,116.);
#3989 = AXIS2_PLACEMENT_3D('',#3990,#3991,#3992);
#3990 = CARTESIAN_POINT('',(0.,0.,119.));
#3991 = DIRECTION('',(0.,0.,1.));
#3992 = DIRECTION('',(1.,0.,0.));
#3993 = ORIENTED_EDGE('',*,*,#3994,.F.);
#3994 = EDGE_CURVE('',#1113,#3986,#3995,.T.);
#3995 = LINE('',#3996,#3997);
#3996 = CARTESIAN_POINT('',(-23.94966718336,-108.,119.));
#3997 = VECTOR('',#3998,1.);
#3998 = DIRECTION('',(0.,-1.,2.22044604925E-16));
#3999 = PLANE('',#4000);
#4000 = AXIS2_PLACEMENT_3D('',#4001,#4002,#4003);
#4001 = CARTESIAN_POINT('',(-16.38661438862,-108.,119.));
#4002 = DIRECTION('',(0.,-2.22044604925E-16,-1.));
#4003 = DIRECTION('',(-1.,0.,0.));
#4004 = ADVANCED_FACE('',(#4005),#4023,.F.);
#4005 = FACE_BOUND('',#4006,.F.);
#4006 = EDGE_LOOP('',(#4007,#4008,#4016,#4022));
#4007 = ORIENTED_EDGE('',*,*,#1157,.T.);
#4008 = ORIENTED_EDGE('',*,*,#4009,.T.);
#4009 = EDGE_CURVE('',#1149,#4010,#4012,.T.);
#4010 = VERTEX_POINT('',#4011);
#4011 = CARTESIAN_POINT('',(-16.38661438862,-114.8367487735,
    121.10084799854));
#4012 = LINE('',#4013,#4014);
#4013 = CARTESIAN_POINT('',(-16.38661438862,-108.,121.10084799854));
#4014 = VECTOR('',#4015,1.);
#4015 = DIRECTION('',(0.,-1.,2.22044604925E-16));
#4016 = ORIENTED_EDGE('',*,*,#4017,.F.);
#4017 = EDGE_CURVE('',#3978,#4010,#4018,.T.);
#4018 = LINE('',#4019,#4020);
#4019 = CARTESIAN_POINT('',(-16.38661438862,-114.8367487735,70.));
#4020 = VECTOR('',#4021,1.);
#4021 = DIRECTION('',(0.,0.,1.));
#4022 = ORIENTED_EDGE('',*,*,#3977,.F.);
#4023 = PLANE('',#4024);
#4024 = AXIS2_PLACEMENT_3D('',#4025,#4026,#4027);
#4025 = CARTESIAN_POINT('',(-16.38661438862,-108.,121.10084799854));
#4026 = DIRECTION('',(1.,0.,0.));
#4027 = DIRECTION('',(0.,-2.22044604925E-16,-1.));
#4028 = ADVANCED_FACE('',(#4029),#4048,.F.);
#4029 = FACE_BOUND('',#4030,.F.);
#4030 = EDGE_LOOP('',(#4031,#4032,#4040,#4047));
#4031 = ORIENTED_EDGE('',*,*,#1148,.F.);
#4032 = ORIENTED_EDGE('',*,*,#4033,.T.);
#4033 = EDGE_CURVE('',#1141,#4034,#4036,.T.);
#4034 = VERTEX_POINT('',#4035);
#4035 = CARTESIAN_POINT('',(-21.59715510166,-113.9717635711,
    121.10084799854));
#4036 = LINE('',#4037,#4038);
#4037 = CARTESIAN_POINT('',(-21.59715510166,-108.,121.10084799854));
#4038 = VECTOR('',#4039,1.);
#4039 = DIRECTION('',(0.,-1.,2.22044604925E-16));
#4040 = ORIENTED_EDGE('',*,*,#4041,.T.);
#4041 = EDGE_CURVE('',#4034,#4010,#4042,.T.);
#4042 = CIRCLE('',#4043,116.);
#4043 = AXIS2_PLACEMENT_3D('',#4044,#4045,#4046);
#4044 = CARTESIAN_POINT('',(0.,0.,121.10084799854));
#4045 = DIRECTION('',(0.,0.,1.));
#4046 = DIRECTION('',(1.,0.,0.));
#4047 = ORIENTED_EDGE('',*,*,#4009,.F.);
#4048 = PLANE('',#4049);
#4049 = AXIS2_PLACEMENT_3D('',#4050,#4051,#4052);
#4050 = CARTESIAN_POINT('',(-21.59715510166,-108.,121.10084799854));
#4051 = DIRECTION('',(0.,2.22044604925E-16,1.));
#4052 = DIRECTION('',(1.,0.,0.));
#4053 = ADVANCED_FACE('',(#4054),#4072,.F.);
#4054 = FACE_BOUND('',#4055,.F.);
#4055 = EDGE_LOOP('',(#4056,#4057,#4065,#4071));
#4056 = ORIENTED_EDGE('',*,*,#1140,.T.);
#4057 = ORIENTED_EDGE('',*,*,#4058,.T.);
#4058 = EDGE_CURVE('',#1132,#4059,#4061,.T.);
#4059 = VERTEX_POINT('',#4060);
#4060 = CARTESIAN_POINT('',(-21.59715510166,-113.9717635711,121.56));
#4061 = LINE('',#4062,#4063);
#4062 = CARTESIAN_POINT('',(-21.59715510166,-107.,121.56));
#4063 = VECTOR('',#4064,1.);
#4064 = DIRECTION('',(0.,-1.,3.330669073875E-16));
#4065 = ORIENTED_EDGE('',*,*,#4066,.F.);
#4066 = EDGE_CURVE('',#4034,#4059,#4067,.T.);
#4067 = LINE('',#4068,#4069);
#4068 = CARTESIAN_POINT('',(-21.59715510166,-113.9717635711,70.));
#4069 = VECTOR('',#4070,1.);
#4070 = DIRECTION('',(0.,0.,1.));
#4071 = ORIENTED_EDGE('',*,*,#4033,.F.);
#4072 = PLANE('',#4073);
#4073 = AXIS2_PLACEMENT_3D('',#4074,#4075,#4076);
#4074 = CARTESIAN_POINT('',(-21.59715510166,-108.,124.1766207714));
#4075 = DIRECTION('',(1.,0.,0.));
#4076 = DIRECTION('',(0.,-2.22044604925E-16,-1.));
#4077 = ADVANCED_FACE('',(#4078),#4097,.F.);
#4078 = FACE_BOUND('',#4079,.F.);
#4079 = EDGE_LOOP('',(#4080,#4088,#4095,#4096));
#4080 = ORIENTED_EDGE('',*,*,#4081,.F.);
#4081 = EDGE_CURVE('',#4082,#1124,#4084,.T.);
#4082 = VERTEX_POINT('',#4083);
#4083 = CARTESIAN_POINT('',(-23.94966718336,-113.5007200056,121.56));
#4084 = LINE('',#4085,#4086);
#4085 = CARTESIAN_POINT('',(-23.94966718336,-107.,121.56));
#4086 = VECTOR('',#4087,1.);
#4087 = DIRECTION('',(0.,1.,-3.330669073875E-16));
#4088 = ORIENTED_EDGE('',*,*,#4089,.T.);
#4089 = EDGE_CURVE('',#4082,#4059,#4090,.T.);
#4090 = CIRCLE('',#4091,116.);
#4091 = AXIS2_PLACEMENT_3D('',#4092,#4093,#4094);
#4092 = CARTESIAN_POINT('',(0.,0.,121.56));
#4093 = DIRECTION('',(0.,0.,1.));
#4094 = DIRECTION('',(1.,0.,0.));
#4095 = ORIENTED_EDGE('',*,*,#4058,.F.);
#4096 = ORIENTED_EDGE('',*,*,#1131,.F.);
#4097 = PLANE('',#4098);
#4098 = AXIS2_PLACEMENT_3D('',#4099,#4100,#4101);
#4099 = CARTESIAN_POINT('',(-36.03373757636,-106.,121.56));
#4100 = DIRECTION('',(0.,3.330669073875E-16,1.));
#4101 = DIRECTION('',(0.,-1.,3.330669073875E-16));
#4102 = ADVANCED_FACE('',(#4103),#4114,.F.);
#4103 = FACE_BOUND('',#4104,.F.);
#4104 = EDGE_LOOP('',(#4105,#4106,#4107,#4113));
#4105 = ORIENTED_EDGE('',*,*,#1123,.F.);
#4106 = ORIENTED_EDGE('',*,*,#3994,.T.);
#4107 = ORIENTED_EDGE('',*,*,#4108,.T.);
#4108 = EDGE_CURVE('',#3986,#4082,#4109,.T.);
#4109 = LINE('',#4110,#4111);
#4110 = CARTESIAN_POINT('',(-23.94966718336,-113.5007200056,70.));
#4111 = VECTOR('',#4112,1.);
#4112 = DIRECTION('',(0.,0.,1.));
#4113 = ORIENTED_EDGE('',*,*,#4081,.T.);
#4114 = PLANE('',#4115);
#4115 = AXIS2_PLACEMENT_3D('',#4116,#4117,#4118);
#4116 = CARTESIAN_POINT('',(-23.94966718336,-108.,119.));
#4117 = DIRECTION('',(-1.,0.,0.));
#4118 = DIRECTION('',(0.,2.22044604925E-16,1.));
#4119 = ADVANCED_FACE('',(#4120),#4146,.F.);
#4120 = FACE_BOUND('',#4121,.F.);
#4121 = EDGE_LOOP('',(#4122,#4123,#4131,#4140));
#4122 = ORIENTED_EDGE('',*,*,#1165,.T.);
#4123 = ORIENTED_EDGE('',*,*,#4124,.T.);
#4124 = EDGE_CURVE('',#1168,#4125,#4127,.T.);
#4125 = VERTEX_POINT('',#4126);
#4126 = CARTESIAN_POINT('',(-11.42883195039,-115.4356175547,119.));
#4127 = LINE('',#4128,#4129);
#4128 = CARTESIAN_POINT('',(-11.42883195039,-108.,119.));
#4129 = VECTOR('',#4130,1.);
#4130 = DIRECTION('',(0.,-1.,2.22044604925E-16));
#4131 = ORIENTED_EDGE('',*,*,#4132,.F.);
#4132 = EDGE_CURVE('',#4133,#4125,#4135,.T.);
#4133 = VERTEX_POINT('',#4134);
#4134 = CARTESIAN_POINT('',(-13.86559679037,-115.1683343009,119.));
#4135 = CIRCLE('',#4136,116.);
#4136 = AXIS2_PLACEMENT_3D('',#4137,#4138,#4139);
#4137 = CARTESIAN_POINT('',(0.,0.,119.));
#4138 = DIRECTION('',(0.,0.,1.));
#4139 = DIRECTION('',(1.,0.,0.));
#4140 = ORIENTED_EDGE('',*,*,#4141,.F.);
#4141 = EDGE_CURVE('',#1166,#4133,#4142,.T.);
#4142 = LINE('',#4143,#4144);
#4143 = CARTESIAN_POINT('',(-13.86559679037,-108.,119.));
#4144 = VECTOR('',#4145,1.);
#4145 = DIRECTION('',(0.,-1.,2.22044604925E-16));
#4146 = PLANE('',#4147);
#4147 = AXIS2_PLACEMENT_3D('',#4148,#4149,#4150);
#4148 = CARTESIAN_POINT('',(-11.42883195039,-108.,119.));
#4149 = DIRECTION('',(0.,-2.22044604925E-16,-1.));
#4150 = DIRECTION('',(-1.,0.,0.));
#4151 = ADVANCED_FACE('',(#4152),#4170,.F.);
#4152 = FACE_BOUND('',#4153,.F.);
#4153 = EDGE_LOOP('',(#4154,#4155,#4163,#4169));
#4154 = ORIENTED_EDGE('',*,*,#1193,.T.);
#4155 = ORIENTED_EDGE('',*,*,#4156,.T.);
#4156 = EDGE_CURVE('',#1185,#4157,#4159,.T.);
#4157 = VERTEX_POINT('',#4158);
#4158 = CARTESIAN_POINT('',(-11.42883195039,-115.4356175547,121.56));
#4159 = LINE('',#4160,#4161);
#4160 = CARTESIAN_POINT('',(-11.42883195039,-107.,121.56));
#4161 = VECTOR('',#4162,1.);
#4162 = DIRECTION('',(0.,-1.,3.330669073875E-16));
#4163 = ORIENTED_EDGE('',*,*,#4164,.F.);
#4164 = EDGE_CURVE('',#4125,#4157,#4165,.T.);
#4165 = LINE('',#4166,#4167);
#4166 = CARTESIAN_POINT('',(-11.42883195039,-115.4356175547,70.));
#4167 = VECTOR('',#4168,1.);
#4168 = DIRECTION('',(0.,0.,1.));
#4169 = ORIENTED_EDGE('',*,*,#4124,.F.);
#4170 = PLANE('',#4171);
#4171 = AXIS2_PLACEMENT_3D('',#4172,#4173,#4174);
#4172 = CARTESIAN_POINT('',(-11.42883195039,-108.,123.52119996352));
#4173 = DIRECTION('',(1.,0.,0.));
#4174 = DIRECTION('',(0.,-2.22044604925E-16,-1.));
#4175 = ADVANCED_FACE('',(#4176),#4195,.F.);
#4176 = FACE_BOUND('',#4177,.F.);
#4177 = EDGE_LOOP('',(#4178,#4186,#4193,#4194));
#4178 = ORIENTED_EDGE('',*,*,#4179,.F.);
#4179 = EDGE_CURVE('',#4180,#1177,#4182,.T.);
#4180 = VERTEX_POINT('',#4181);
#4181 = CARTESIAN_POINT('',(-13.86559679037,-115.1683343009,121.56));
#4182 = LINE('',#4183,#4184);
#4183 = CARTESIAN_POINT('',(-13.86559679037,-107.,121.56));
#4184 = VECTOR('',#4185,1.);
#4185 = DIRECTION('',(0.,1.,-3.330669073875E-16));
#4186 = ORIENTED_EDGE('',*,*,#4187,.T.);
#4187 = EDGE_CURVE('',#4180,#4157,#4188,.T.);
#4188 = CIRCLE('',#4189,116.);
#4189 = AXIS2_PLACEMENT_3D('',#4190,#4191,#4192);
#4190 = CARTESIAN_POINT('',(0.,0.,121.56));
#4191 = DIRECTION('',(0.,0.,1.));
#4192 = DIRECTION('',(1.,0.,0.));
#4193 = ORIENTED_EDGE('',*,*,#4156,.F.);
#4194 = ORIENTED_EDGE('',*,*,#1184,.F.);
#4195 = PLANE('',#4196);
#4196 = AXIS2_PLACEMENT_3D('',#4197,#4198,#4199);
#4197 = CARTESIAN_POINT('',(-36.03373757636,-106.,121.56));
#4198 = DIRECTION('',(0.,3.330669073875E-16,1.));
#4199 = DIRECTION('',(0.,-1.,3.330669073875E-16));
#4200 = ADVANCED_FACE('',(#4201),#4212,.F.);
#4201 = FACE_BOUND('',#4202,.F.);
#4202 = EDGE_LOOP('',(#4203,#4204,#4205,#4211));
#4203 = ORIENTED_EDGE('',*,*,#1176,.F.);
#4204 = ORIENTED_EDGE('',*,*,#4141,.T.);
#4205 = ORIENTED_EDGE('',*,*,#4206,.T.);
#4206 = EDGE_CURVE('',#4133,#4180,#4207,.T.);
#4207 = LINE('',#4208,#4209);
#4208 = CARTESIAN_POINT('',(-13.86559679037,-115.1683343009,70.));
#4209 = VECTOR('',#4210,1.);
#4210 = DIRECTION('',(0.,0.,1.));
#4211 = ORIENTED_EDGE('',*,*,#4179,.T.);
#4212 = PLANE('',#4213);
#4213 = AXIS2_PLACEMENT_3D('',#4214,#4215,#4216);
#4214 = CARTESIAN_POINT('',(-13.86559679037,-108.,119.));
#4215 = DIRECTION('',(-1.,0.,0.));
#4216 = DIRECTION('',(0.,2.22044604925E-16,1.));
#4217 = ADVANCED_FACE('',(#4218),#4244,.F.);
#4218 = FACE_BOUND('',#4219,.F.);
#4219 = EDGE_LOOP('',(#4220,#4221,#4229,#4238));
#4220 = ORIENTED_EDGE('',*,*,#1201,.F.);
#4221 = ORIENTED_EDGE('',*,*,#4222,.T.);
#4222 = EDGE_CURVE('',#1202,#4223,#4225,.T.);
#4223 = VERTEX_POINT('',#4224);
#4224 = CARTESIAN_POINT('',(-7.966809519467,-115.7260988112,119.));
#4225 = LINE('',#4226,#4227);
#4226 = CARTESIAN_POINT('',(-7.966809519467,-108.,119.));
#4227 = VECTOR('',#4228,1.);
#4228 = DIRECTION('',(0.,-1.,2.22044604925E-16));
#4229 = ORIENTED_EDGE('',*,*,#4230,.T.);
#4230 = EDGE_CURVE('',#4223,#4231,#4233,.T.);
#4231 = VERTEX_POINT('',#4232);
#4232 = CARTESIAN_POINT('',(-9.384660439119,-115.6197567392,121.56));
#4233 = ELLIPSE('',#4234,239.42155377087,116.);
#4234 = AXIS2_PLACEMENT_3D('',#4235,#4236,#4237);
#4235 = CARTESIAN_POINT('',(0.,0.,104.61553116257));
#4236 = DIRECTION('',(-0.874790665847,-1.07580849617E-16,-0.484501074248
    ));
#4237 = DIRECTION('',(-0.484501074248,-5.958344006501E-17,0.874790665847
    ));
#4238 = ORIENTED_EDGE('',*,*,#4239,.T.);
#4239 = EDGE_CURVE('',#4231,#1204,#4240,.T.);
#4240 = LINE('',#4241,#4242);
#4241 = CARTESIAN_POINT('',(-9.384660439119,-107.,121.56));
#4242 = VECTOR('',#4243,1.);
#4243 = DIRECTION('',(6.148948189387E-17,1.,-3.330669073875E-16));
#4244 = PLANE('',#4245);
#4245 = AXIS2_PLACEMENT_3D('',#4246,#4247,#4248);
#4246 = CARTESIAN_POINT('',(-7.966809519467,-108.,119.));
#4247 = DIRECTION('',(-0.874790665847,-1.07580849617E-16,-0.484501074248
    ));
#4248 = DIRECTION('',(-0.484501074248,1.942425477901E-16,0.874790665847)
  );
#4249 = ADVANCED_FACE('',(#4250),#4269,.F.);
#4250 = FACE_BOUND('',#4251,.F.);
#4251 = EDGE_LOOP('',(#4252,#4253,#4261,#4268));
#4252 = ORIENTED_EDGE('',*,*,#1230,.T.);
#4253 = ORIENTED_EDGE('',*,*,#4254,.T.);
#4254 = EDGE_CURVE('',#1222,#4255,#4257,.T.);
#4255 = VERTEX_POINT('',#4256);
#4256 = CARTESIAN_POINT('',(-5.378499133765,-115.8752421661,119.));
#4257 = LINE('',#4258,#4259);
#4258 = CARTESIAN_POINT('',(-5.378499133765,-108.,119.));
#4259 = VECTOR('',#4260,1.);
#4260 = DIRECTION('',(0.,-1.,2.22044604925E-16));
#4261 = ORIENTED_EDGE('',*,*,#4262,.F.);
#4262 = EDGE_CURVE('',#4223,#4255,#4263,.T.);
#4263 = CIRCLE('',#4264,116.);
#4264 = AXIS2_PLACEMENT_3D('',#4265,#4266,#4267);
#4265 = CARTESIAN_POINT('',(0.,0.,119.));
#4266 = DIRECTION('',(0.,0.,1.));
#4267 = DIRECTION('',(1.,0.,0.));
#4268 = ORIENTED_EDGE('',*,*,#4222,.F.);
#4269 = PLANE('',#4270);
#4270 = AXIS2_PLACEMENT_3D('',#4271,#4272,#4273);
#4271 = CARTESIAN_POINT('',(-5.378499133765,-108.,119.));
#4272 = DIRECTION('',(0.,-2.22044604925E-16,-1.));
#4273 = DIRECTION('',(-1.,0.,0.));
#4274 = ADVANCED_FACE('',(#4275),#4294,.F.);
#4275 = FACE_BOUND('',#4276,.F.);
#4276 = EDGE_LOOP('',(#4277,#4278,#4286,#4293));
#4277 = ORIENTED_EDGE('',*,*,#1221,.F.);
#4278 = ORIENTED_EDGE('',*,*,#4279,.T.);
#4279 = EDGE_CURVE('',#1213,#4280,#4282,.T.);
#4280 = VERTEX_POINT('',#4281);
#4281 = CARTESIAN_POINT('',(-6.862013200812,-115.7968599523,121.56));
#4282 = LINE('',#4283,#4284);
#4283 = CARTESIAN_POINT('',(-6.862013200812,-107.,121.56));
#4284 = VECTOR('',#4285,1.);
#4285 = DIRECTION('',(-6.433716697623E-17,-1.,3.330669073875E-16));
#4286 = ORIENTED_EDGE('',*,*,#4287,.T.);
#4287 = EDGE_CURVE('',#4280,#4255,#4288,.T.);
#4288 = ELLIPSE('',#4289,231.35551710054,116.);
#4289 = AXIS2_PLACEMENT_3D('',#4290,#4291,#4292);
#4290 = CARTESIAN_POINT('',(0.,0.,109.7186874137));
#4291 = DIRECTION('',(0.865219751852,1.11331575292E-16,0.501392841));
#4292 = DIRECTION('',(-0.501392841,-6.451638986417E-17,0.865219751852));
#4293 = ORIENTED_EDGE('',*,*,#4254,.F.);
#4294 = PLANE('',#4295);
#4295 = AXIS2_PLACEMENT_3D('',#4296,#4297,#4298);
#4296 = CARTESIAN_POINT('',(-8.319686331722,-108.,124.0754080423));
#4297 = DIRECTION('',(0.865219751852,1.11331575292E-16,0.501392841));
#4298 = DIRECTION('',(0.501392841,-1.921173779732E-16,-0.865219751852));
#4299 = ADVANCED_FACE('',(#4300),#4312,.F.);
#4300 = FACE_BOUND('',#4301,.F.);
#4301 = EDGE_LOOP('',(#4302,#4303,#4304,#4305));
#4302 = ORIENTED_EDGE('',*,*,#4279,.F.);
#4303 = ORIENTED_EDGE('',*,*,#1212,.F.);
#4304 = ORIENTED_EDGE('',*,*,#4239,.F.);
#4305 = ORIENTED_EDGE('',*,*,#4306,.T.);
#4306 = EDGE_CURVE('',#4231,#4280,#4307,.T.);
#4307 = CIRCLE('',#4308,116.);
#4308 = AXIS2_PLACEMENT_3D('',#4309,#4310,#4311);
#4309 = CARTESIAN_POINT('',(0.,0.,121.56));
#4310 = DIRECTION('',(0.,0.,1.));
#4311 = DIRECTION('',(1.,0.,0.));
#4312 = PLANE('',#4313);
#4313 = AXIS2_PLACEMENT_3D('',#4314,#4315,#4316);
#4314 = CARTESIAN_POINT('',(-36.03373757636,-106.,121.56));
#4315 = DIRECTION('',(0.,3.330669073875E-16,1.));
#4316 = DIRECTION('',(0.,-1.,3.330669073875E-16));
#4317 = ADVANCED_FACE('',(#4318),#4344,.F.);
#4318 = FACE_BOUND('',#4319,.F.);
#4319 = EDGE_LOOP('',(#4320,#4321,#4329,#4338));
#4320 = ORIENTED_EDGE('',*,*,#1239,.T.);
#4321 = ORIENTED_EDGE('',*,*,#4322,.T.);
#4322 = EDGE_CURVE('',#1242,#4323,#4325,.T.);
#4323 = VERTEX_POINT('',#4324);
#4324 = CARTESIAN_POINT('',(3.445062460108,-115.9488315794,119.));
#4325 = LINE('',#4326,#4327);
#4326 = CARTESIAN_POINT('',(3.445062460108,-108.,119.));
#4327 = VECTOR('',#4328,1.);
#4328 = DIRECTION('',(0.,-1.,2.22044604925E-16));
#4329 = ORIENTED_EDGE('',*,*,#4330,.F.);
#4330 = EDGE_CURVE('',#4331,#4323,#4333,.T.);
#4331 = VERTEX_POINT('',#4332);
#4332 = CARTESIAN_POINT('',(-3.613567976657,-115.9437024011,119.));
#4333 = CIRCLE('',#4334,116.);
#4334 = AXIS2_PLACEMENT_3D('',#4335,#4336,#4337);
#4335 = CARTESIAN_POINT('',(0.,0.,119.));
#4336 = DIRECTION('',(0.,0.,1.));
#4337 = DIRECTION('',(1.,0.,0.));
#4338 = ORIENTED_EDGE('',*,*,#4339,.F.);
#4339 = EDGE_CURVE('',#1240,#4331,#4340,.T.);
#4340 = LINE('',#4341,#4342);
#4341 = CARTESIAN_POINT('',(-3.613567976657,-108.,119.));
#4342 = VECTOR('',#4343,1.);
#4343 = DIRECTION('',(0.,-1.,2.22044604925E-16));
#4344 = PLANE('',#4345);
#4345 = AXIS2_PLACEMENT_3D('',#4346,#4347,#4348);
#4346 = CARTESIAN_POINT('',(3.445062460108,-108.,119.));
#4347 = DIRECTION('',(0.,-2.22044604925E-16,-1.));
#4348 = DIRECTION('',(-1.,0.,0.));
#4349 = ADVANCED_FACE('',(#4350),#4368,.F.);
#4350 = FACE_BOUND('',#4351,.F.);
#4351 = EDGE_LOOP('',(#4352,#4353,#4361,#4367));
#4352 = ORIENTED_EDGE('',*,*,#1301,.T.);
#4353 = ORIENTED_EDGE('',*,*,#4354,.T.);
#4354 = EDGE_CURVE('',#1293,#4355,#4357,.T.);
#4355 = VERTEX_POINT('',#4356);
#4356 = CARTESIAN_POINT('',(3.445062460108,-115.9488315794,
    120.68067839883));
#4357 = LINE('',#4358,#4359);
#4358 = CARTESIAN_POINT('',(3.445062460108,-108.,120.68067839883));
#4359 = VECTOR('',#4360,1.);
#4360 = DIRECTION('',(0.,-1.,2.22044604925E-16));
#4361 = ORIENTED_EDGE('',*,*,#4362,.F.);
#4362 = EDGE_CURVE('',#4323,#4355,#4363,.T.);
#4363 = LINE('',#4364,#4365);
#4364 = CARTESIAN_POINT('',(3.445062460108,-115.9488315794,70.));
#4365 = VECTOR('',#4366,1.);
#4366 = DIRECTION('',(0.,0.,1.));
#4367 = ORIENTED_EDGE('',*,*,#4322,.F.);
#4368 = PLANE('',#4369);
#4369 = AXIS2_PLACEMENT_3D('',#4370,#4371,#4372);
#4370 = CARTESIAN_POINT('',(3.445062460108,-108.,120.68067839883));
#4371 = DIRECTION('',(1.,0.,0.));
#4372 = DIRECTION('',(0.,-2.22044604925E-16,-1.));
#4373 = ADVANCED_FACE('',(#4374),#4393,.F.);
#4374 = FACE_BOUND('',#4375,.F.);
#4375 = EDGE_LOOP('',(#4376,#4377,#4385,#4392));
#4376 = ORIENTED_EDGE('',*,*,#1292,.F.);
#4377 = ORIENTED_EDGE('',*,*,#4378,.T.);
#4378 = EDGE_CURVE('',#1285,#4379,#4381,.T.);
#4379 = VERTEX_POINT('',#4380);
#4380 = CARTESIAN_POINT('',(1.058630436765,-115.9951693028,
    120.94984954864));
#4381 = LINE('',#4382,#4383);
#4382 = CARTESIAN_POINT('',(1.058630436765,-108.,120.94984954864));
#4383 = VECTOR('',#4384,1.);
#4384 = DIRECTION('',(0.,-1.,2.22044604925E-16));
#4385 = ORIENTED_EDGE('',*,*,#4386,.T.);
#4386 = EDGE_CURVE('',#4379,#4355,#4387,.T.);
#4387 = ELLIPSE('',#4388,116.73554989112,116.);
#4388 = AXIS2_PLACEMENT_3D('',#4389,#4390,#4391);
#4389 = CARTESIAN_POINT('',(0.,0.,121.0692549074));
#4390 = DIRECTION('',(0.112081593629,2.206455034077E-16,0.993699006928)
  );
#4391 = DIRECTION('',(-0.993699006928,-1.956210743627E-15,0.112081593629
    ));
#4392 = ORIENTED_EDGE('',*,*,#4354,.F.);
#4393 = PLANE('',#4394);
#4394 = AXIS2_PLACEMENT_3D('',#4395,#4396,#4397);
#4395 = CARTESIAN_POINT('',(1.058630436765,-108.,120.94984954864));
#4396 = DIRECTION('',(0.112081593629,2.206455034077E-16,0.993699006928)
  );
#4397 = DIRECTION('',(0.993699006928,-2.488711317666E-17,-0.112081593629
    ));
#4398 = ADVANCED_FACE('',(#4399),#4417,.F.);
#4399 = FACE_BOUND('',#4400,.F.);
#4400 = EDGE_LOOP('',(#4401,#4402,#4410,#4416));
#4401 = ORIENTED_EDGE('',*,*,#1284,.T.);
#4402 = ORIENTED_EDGE('',*,*,#4403,.T.);
#4403 = EDGE_CURVE('',#1276,#4404,#4406,.T.);
#4404 = VERTEX_POINT('',#4405);
#4405 = CARTESIAN_POINT('',(1.058630436765,-115.9951693028,121.56));
#4406 = LINE('',#4407,#4408);
#4407 = CARTESIAN_POINT('',(1.058630436765,-107.,121.56));
#4408 = VECTOR('',#4409,1.);
#4409 = DIRECTION('',(0.,-1.,3.330669073875E-16));
#4410 = ORIENTED_EDGE('',*,*,#4411,.F.);
#4411 = EDGE_CURVE('',#4379,#4404,#4412,.T.);
#4412 = LINE('',#4413,#4414);
#4413 = CARTESIAN_POINT('',(1.058630436765,-115.9951693028,70.));
#4414 = VECTOR('',#4415,1.);
#4415 = DIRECTION('',(0.,0.,1.));
#4416 = ORIENTED_EDGE('',*,*,#4378,.F.);
#4417 = PLANE('',#4418);
#4418 = AXIS2_PLACEMENT_3D('',#4419,#4420,#4421);
#4419 = CARTESIAN_POINT('',(1.058630436765,-108.,129.05069754718));
#4420 = DIRECTION('',(1.,0.,0.));
#4421 = DIRECTION('',(0.,-2.22044604925E-16,-1.));
#4422 = ADVANCED_FACE('',(#4423),#4442,.F.);
#4423 = FACE_BOUND('',#4424,.F.);
#4424 = EDGE_LOOP('',(#4425,#4426,#4427,#4435));
#4425 = ORIENTED_EDGE('',*,*,#4403,.F.);
#4426 = ORIENTED_EDGE('',*,*,#1275,.F.);
#4427 = ORIENTED_EDGE('',*,*,#4428,.F.);
#4428 = EDGE_CURVE('',#4429,#1268,#4431,.T.);
#4429 = VERTEX_POINT('',#4430);
#4430 = CARTESIAN_POINT('',(-1.277468769946,-115.9929656209,121.56));
#4431 = LINE('',#4432,#4433);
#4432 = CARTESIAN_POINT('',(-1.277468769946,-107.,121.56));
#4433 = VECTOR('',#4434,1.);
#4434 = DIRECTION('',(0.,1.,-3.330669073875E-16));
#4435 = ORIENTED_EDGE('',*,*,#4436,.T.);
#4436 = EDGE_CURVE('',#4429,#4404,#4437,.T.);
#4437 = CIRCLE('',#4438,116.);
#4438 = AXIS2_PLACEMENT_3D('',#4439,#4440,#4441);
#4439 = CARTESIAN_POINT('',(0.,0.,121.56));
#4440 = DIRECTION('',(0.,0.,1.));
#4441 = DIRECTION('',(1.,0.,0.));
#4442 = PLANE('',#4443);
#4443 = AXIS2_PLACEMENT_3D('',#4444,#4445,#4446);
#4444 = CARTESIAN_POINT('',(-36.03373757636,-106.,121.56));
#4445 = DIRECTION('',(0.,3.330669073875E-16,1.));
#4446 = DIRECTION('',(0.,-1.,3.330669073875E-16));
#4447 = ADVANCED_FACE('',(#4448),#4466,.F.);
#4448 = FACE_BOUND('',#4449,.F.);
#4449 = EDGE_LOOP('',(#4450,#4451,#4459,#4465));
#4450 = ORIENTED_EDGE('',*,*,#1267,.F.);
#4451 = ORIENTED_EDGE('',*,*,#4452,.T.);
#4452 = EDGE_CURVE('',#1259,#4453,#4455,.T.);
#4453 = VERTEX_POINT('',#4454);
#4454 = CARTESIAN_POINT('',(-1.277468769946,-115.9929656209,
    120.94984954864));
#4455 = LINE('',#4456,#4457);
#4456 = CARTESIAN_POINT('',(-1.277468769946,-108.,120.94984954864));
#4457 = VECTOR('',#4458,1.);
#4458 = DIRECTION('',(0.,-1.,2.22044604925E-16));
#4459 = ORIENTED_EDGE('',*,*,#4460,.T.);
#4460 = EDGE_CURVE('',#4453,#4429,#4461,.T.);
#4461 = LINE('',#4462,#4463);
#4462 = CARTESIAN_POINT('',(-1.277468769946,-115.9929656209,70.));
#4463 = VECTOR('',#4464,1.);
#4464 = DIRECTION('',(0.,0.,1.));
#4465 = ORIENTED_EDGE('',*,*,#4428,.T.);
#4466 = PLANE('',#4467);
#4467 = AXIS2_PLACEMENT_3D('',#4468,#4469,#4470);
#4468 = CARTESIAN_POINT('',(-1.277468769946,-108.,120.94984954864));
#4469 = DIRECTION('',(-1.,0.,0.));
#4470 = DIRECTION('',(0.,2.22044604925E-16,1.));
#4471 = ADVANCED_FACE('',(#4472),#4491,.F.);
#4472 = FACE_BOUND('',#4473,.F.);
#4473 = EDGE_LOOP('',(#4474,#4475,#4483,#4490));
#4474 = ORIENTED_EDGE('',*,*,#1258,.F.);
#4475 = ORIENTED_EDGE('',*,*,#4476,.T.);
#4476 = EDGE_CURVE('',#1251,#4477,#4479,.T.);
#4477 = VERTEX_POINT('',#4478);
#4478 = CARTESIAN_POINT('',(-3.613567976657,-115.9437024011,
    120.68067839883));
#4479 = LINE('',#4480,#4481);
#4480 = CARTESIAN_POINT('',(-3.613567976657,-108.,120.68067839883));
#4481 = VECTOR('',#4482,1.);
#4482 = DIRECTION('',(0.,-1.,2.22044604925E-16));
#4483 = ORIENTED_EDGE('',*,*,#4484,.T.);
#4484 = EDGE_CURVE('',#4477,#4453,#4485,.T.);
#4485 = ELLIPSE('',#4486,116.76748187098,116.);
#4486 = AXIS2_PLACEMENT_3D('',#4487,#4488,#4489);
#4487 = CARTESIAN_POINT('',(0.,0.,121.09704267155));
#4488 = DIRECTION('',(-0.114465155439,2.20585164282E-16,0.993427263664)
  );
#4489 = DIRECTION('',(0.993427263664,-1.914428153423E-15,0.114465155439)
  );
#4490 = ORIENTED_EDGE('',*,*,#4452,.F.);
#4491 = PLANE('',#4492);
#4492 = AXIS2_PLACEMENT_3D('',#4493,#4494,#4495);
#4493 = CARTESIAN_POINT('',(-3.613567976657,-108.,120.68067839883));
#4494 = DIRECTION('',(-0.114465155439,2.20585164282E-16,0.993427263664)
  );
#4495 = DIRECTION('',(0.993427263664,2.541637021703E-17,0.114465155439)
  );
#4496 = ADVANCED_FACE('',(#4497),#4508,.F.);
#4497 = FACE_BOUND('',#4498,.F.);
#4498 = EDGE_LOOP('',(#4499,#4500,#4501,#4507));
#4499 = ORIENTED_EDGE('',*,*,#1250,.F.);
#4500 = ORIENTED_EDGE('',*,*,#4339,.T.);
#4501 = ORIENTED_EDGE('',*,*,#4502,.T.);
#4502 = EDGE_CURVE('',#4331,#4477,#4503,.T.);
#4503 = LINE('',#4504,#4505);
#4504 = CARTESIAN_POINT('',(-3.613567976657,-115.9437024011,70.));
#4505 = VECTOR('',#4506,1.);
#4506 = DIRECTION('',(0.,0.,1.));
#4507 = ORIENTED_EDGE('',*,*,#4476,.F.);
#4508 = PLANE('',#4509);
#4509 = AXIS2_PLACEMENT_3D('',#4510,#4511,#4512);
#4510 = CARTESIAN_POINT('',(-3.613567976657,-108.,119.));
#4511 = DIRECTION('',(-1.,0.,0.));
#4512 = DIRECTION('',(0.,2.22044604925E-16,1.));
#4513 = ADVANCED_FACE('',(#4514),#4561,.F.);
#4514 = FACE_BOUND('',#4515,.F.);
#4515 = EDGE_LOOP('',(#4516,#4517,#4525,#4547,#4555));
#4516 = ORIENTED_EDGE('',*,*,#1309,.T.);
#4517 = ORIENTED_EDGE('',*,*,#4518,.T.);
#4518 = EDGE_CURVE('',#1312,#4519,#4521,.T.);
#4519 = VERTEX_POINT('',#4520);
#4520 = CARTESIAN_POINT('',(-27.75690708489,-112.6301651826,
    123.77286404668));
#4521 = LINE('',#4522,#4523);
#4522 = CARTESIAN_POINT('',(-27.75690708489,-108.,123.77286404668));
#4523 = VECTOR('',#4524,1.);
#4524 = DIRECTION('',(0.,-1.,2.22044604925E-16));
#4525 = ORIENTED_EDGE('',*,*,#4526,.F.);
#4526 = EDGE_CURVE('',#4527,#4519,#4529,.T.);
#4527 = VERTEX_POINT('',#4528);
#4528 = CARTESIAN_POINT('',(-30.20187836236,-111.9993149237,
    123.26898878453));
#4529 = B_SPLINE_CURVE_WITH_KNOTS('',6,(#4530,#4531,#4532,#4533,#4534,
    #4535,#4536,#4537,#4538,#4539,#4540,#4541,#4542,#4543,#4544,#4545,
    #4546),.UNSPECIFIED.,.F.,.F.,(7,5,5,7),(0.,0.480527324981,
    0.74668369086,1.),.UNSPECIFIED.);
#4530 = CARTESIAN_POINT('',(-30.20187836236,-111.9993149237,
    123.26898878453));
#4531 = CARTESIAN_POINT('',(-29.99301771271,-112.0556365533,
    123.26898878453));
#4532 = CARTESIAN_POINT('',(-29.78454610249,-112.1113518919,
    123.27475195531));
#4533 = CARTESIAN_POINT('',(-29.57680969801,-112.1663722642,
    123.28692585815));
#4534 = CARTESIAN_POINT('',(-29.37041812431,-112.2205432792,
    123.30626028325));
#4535 = CARTESIAN_POINT('',(-29.16624305174,-112.2736535942,
    123.33358456588));
#4536 = CARTESIAN_POINT('',(-28.85413858555,-112.3541360434,
    123.38968159887));
#4537 = CARTESIAN_POINT('',(-28.74391814481,-112.3824176063,
    123.41236823201));
#4538 = CARTESIAN_POINT('',(-28.63492706301,-112.4102461685,
    123.43787536269));
#4539 = CARTESIAN_POINT('',(-28.52739829669,-112.4375683765,
    123.46632566343));
#4540 = CARTESIAN_POINT('',(-28.42159022145,-112.4643262062,
    123.49782017684));
#4541 = CARTESIAN_POINT('',(-28.21897560998,-112.515331383,
    123.56535793472));
#4542 = CARTESIAN_POINT('',(-28.12197750071,-112.5396384647,
    123.60110953331));
#4543 = CARTESIAN_POINT('',(-28.02702959451,-112.5633263774,
    123.63973173091));
#4544 = CARTESIAN_POINT('',(-27.93437857849,-112.5863423513,
    123.68124948319));
#4545 = CARTESIAN_POINT('',(-27.84426359618,-112.6086367887,
    123.72564846751));
#4546 = CARTESIAN_POINT('',(-27.75690708489,-112.6301651826,
    123.77286404668));
#4547 = ORIENTED_EDGE('',*,*,#4548,.F.);
#4548 = EDGE_CURVE('',#4549,#4527,#4551,.T.);
#4549 = VERTEX_POINT('',#4550);
#4550 = CARTESIAN_POINT('',(-30.20187836236,-108.,123.26898878453));
#4551 = LINE('',#4552,#4553);
#4552 = CARTESIAN_POINT('',(-30.20187836236,-108.,123.26898878453));
#4553 = VECTOR('',#4554,1.);
#4554 = DIRECTION('',(0.,-1.,2.22044604925E-16));
#4555 = ORIENTED_EDGE('',*,*,#4556,.F.);
#4556 = EDGE_CURVE('',#1310,#4549,#4557,.T.);
#4557 = B_SPLINE_CURVE_WITH_KNOTS('',2,(#4558,#4559,#4560),
  .UNSPECIFIED.,.F.,.F.,(3,3),(0.,1.),.PIECEWISE_BEZIER_KNOTS.);
#4558 = CARTESIAN_POINT('',(-27.75690708489,-108.,123.77286404668));
#4559 = CARTESIAN_POINT('',(-28.68915838424,-108.,123.26898878453));
#4560 = CARTESIAN_POINT('',(-30.20187836236,-108.,123.26898878453));
#4561 = SURFACE_OF_LINEAR_EXTRUSION('',#4562,#4566);
#4562 = B_SPLINE_CURVE_WITH_KNOTS('',2,(#4563,#4564,#4565),
  .UNSPECIFIED.,.F.,.F.,(3,3),(0.,1.),.PIECEWISE_BEZIER_KNOTS.);
#4563 = CARTESIAN_POINT('',(-27.75690708489,-108.,123.77286404668));
#4564 = CARTESIAN_POINT('',(-28.68915838424,-108.,123.26898878453));
#4565 = CARTESIAN_POINT('',(-30.20187836236,-108.,123.26898878453));
#4566 = VECTOR('',#4567,1.);
#4567 = DIRECTION('',(-0.,1.,-2.22044604925E-16));
#4568 = ADVANCED_FACE('',(#4569),#4598,.F.);
#4569 = FACE_BOUND('',#4570,.F.);
#4570 = EDGE_LOOP('',(#4571,#4572,#4580,#4597));
#4571 = ORIENTED_EDGE('',*,*,#1392,.T.);
#4572 = ORIENTED_EDGE('',*,*,#4573,.T.);
#4573 = EDGE_CURVE('',#1378,#4574,#4576,.T.);
#4574 = VERTEX_POINT('',#4575);
#4575 = CARTESIAN_POINT('',(-26.3957326525,-112.9569178834,
    125.17616485821));
#4576 = LINE('',#4577,#4578);
#4577 = CARTESIAN_POINT('',(-26.3957326525,-108.,125.17616485821));
#4578 = VECTOR('',#4579,1.);
#4579 = DIRECTION('',(0.,-1.,2.22044604925E-16));
#4580 = ORIENTED_EDGE('',*,*,#4581,.F.);
#4581 = EDGE_CURVE('',#4519,#4574,#4582,.T.);
#4582 = B_SPLINE_CURVE_WITH_KNOTS('',5,(#4583,#4584,#4585,#4586,#4587,
    #4588,#4589,#4590,#4591,#4592,#4593,#4594,#4595,#4596),
  .UNSPECIFIED.,.F.,.F.,(6,4,4,6),(0.,0.208903054356,0.59458746278,1.),
  .UNSPECIFIED.);
#4583 = CARTESIAN_POINT('',(-27.75690708489,-112.6301651826,
    123.77286404668));
#4584 = CARTESIAN_POINT('',(-27.67751720921,-112.6497302556,
    123.81579511141));
#4585 = CARTESIAN_POINT('',(-27.60007565815,-112.6687409501,
    123.86069305278));
#4586 = CARTESIAN_POINT('',(-27.52472326982,-112.6871700251,
    123.90753374808));
#4587 = CARTESIAN_POINT('',(-27.45158146187,-112.7049953996,
    123.95627048048));
#4588 = CARTESIAN_POINT('',(-27.24998473294,-112.7539641926,
    124.10018603307));
#4589 = CARTESIAN_POINT('',(-27.12708461151,-112.783616345,
    124.19977457058));
#4590 = CARTESIAN_POINT('',(-27.01272002065,-112.8110432386,
    124.30514334738));
#4591 = CARTESIAN_POINT('',(-26.90713842293,-112.836234458,
    124.41566011333));
#4592 = CARTESIAN_POINT('',(-26.70852928717,-112.8834151117,
    124.65143859814));
#4593 = CARTESIAN_POINT('',(-26.61640908892,-112.9051774902,
    124.77717957669));
#4594 = CARTESIAN_POINT('',(-26.5338869988,-112.9245850074,
    124.90703624993));
#4595 = CARTESIAN_POINT('',(-26.46051071804,-112.941780568,
    125.04023847036));
#4596 = CARTESIAN_POINT('',(-26.3957326525,-112.9569178834,
    125.17616485821));
#4597 = ORIENTED_EDGE('',*,*,#4518,.F.);
#4598 = SURFACE_OF_LINEAR_EXTRUSION('',#4599,#4603);
#4599 = B_SPLINE_CURVE_WITH_KNOTS('',2,(#4600,#4601,#4602),
  .UNSPECIFIED.,.F.,.F.,(3,3),(0.,1.),.PIECEWISE_BEZIER_KNOTS.);
#4600 = CARTESIAN_POINT('',(-26.3957326525,-108.,125.17616485821));
#4601 = CARTESIAN_POINT('',(-26.8241086897,-108.,124.27728640466));
#4602 = CARTESIAN_POINT('',(-27.75690708489,-108.,123.77286404668));
#4603 = VECTOR('',#4604,1.);
#4604 = DIRECTION('',(-0.,1.,-2.22044604925E-16));
#4605 = ADVANCED_FACE('',(#4606),#4633,.F.);
#4606 = FACE_BOUND('',#4607,.F.);
#4607 = EDGE_LOOP('',(#4608,#4609,#4619,#4632));
#4608 = ORIENTED_EDGE('',*,*,#1377,.T.);
#4609 = ORIENTED_EDGE('',*,*,#4610,.F.);
#4610 = EDGE_CURVE('',#4611,#1369,#4613,.T.);
#4611 = VERTEX_POINT('',#4612);
#4612 = CARTESIAN_POINT('',(-25.98130686854,-113.0529596844,126.84));
#4613 = B_SPLINE_CURVE_WITH_KNOTS('',4,(#4614,#4615,#4616,#4617,#4618),
  .UNSPECIFIED.,.F.,.F.,(5,5),(0.,1.),.PIECEWISE_BEZIER_KNOTS.);
#4614 = CARTESIAN_POINT('',(-25.98130686854,-128.0000006,126.84));
#4615 = CARTESIAN_POINT('',(-25.98130686854,-123.0000003,126.84));
#4616 = CARTESIAN_POINT('',(-25.98130686854,-118.,126.84));
#4617 = CARTESIAN_POINT('',(-25.98130686854,-112.9999997,126.84));
#4618 = CARTESIAN_POINT('',(-25.98130686854,-107.9999994,126.84));
#4619 = ORIENTED_EDGE('',*,*,#4620,.F.);
#4620 = EDGE_CURVE('',#4574,#4611,#4621,.T.);
#4621 = B_SPLINE_CURVE_WITH_KNOTS('',5,(#4622,#4623,#4624,#4625,#4626,
    #4627,#4628,#4629,#4630,#4631),.UNSPECIFIED.,.F.,.F.,(6,4,6),(0.,
    0.481831912863,1.),.UNSPECIFIED.);
#4622 = CARTESIAN_POINT('',(-26.3957326525,-112.9569178834,
    125.17616485821));
#4623 = CARTESIAN_POINT('',(-26.32289125386,-112.9739394357,
    125.32890881148));
#4624 = CARTESIAN_POINT('',(-26.25899073495,-112.9888097552,
    125.48441281134));
#4625 = CARTESIAN_POINT('',(-26.20360665632,-113.0016585364,
    125.6421342267));
#4626 = CARTESIAN_POINT('',(-26.15620553496,-113.0126302352,
    125.8016124104));
#4627 = CARTESIAN_POINT('',(-26.07330632466,-113.0317859764,
    126.13551690226));
#4628 = CARTESIAN_POINT('',(-26.03897678873,-113.0396971028,
    126.31015740298));
#4629 = CARTESIAN_POINT('',(-26.01261452388,-113.0457629573,
    126.48598940645));
#4630 = CARTESIAN_POINT('',(-25.99358093764,-113.0501389147,
    126.6626801208));
#4631 = CARTESIAN_POINT('',(-25.98130677391,-113.0529597061,
    126.84000136704));
#4632 = ORIENTED_EDGE('',*,*,#4573,.F.);
#4633 = SURFACE_OF_LINEAR_EXTRUSION('',#4634,#4638);
#4634 = B_SPLINE_CURVE_WITH_KNOTS('',2,(#4635,#4636,#4637),
  .UNSPECIFIED.,.F.,.F.,(3,3),(0.,1.),.PIECEWISE_BEZIER_KNOTS.);
#4635 = CARTESIAN_POINT('',(-25.96680951946,-108.,127.26880641925));
#4636 = CARTESIAN_POINT('',(-25.96680951946,-108.,126.07559040758));
#4637 = CARTESIAN_POINT('',(-26.3957326525,-108.,125.17616485821));
#4638 = VECTOR('',#4639,1.);
#4639 = DIRECTION('',(-0.,1.,-2.22044604925E-16));
#4640 = ADVANCED_FACE('',(#4641),#4662,.F.);
#4641 = FACE_BOUND('',#4642,.F.);
#4642 = EDGE_LOOP('',(#4643,#4652,#4653,#4654));
#4643 = ORIENTED_EDGE('',*,*,#4644,.T.);
#4644 = EDGE_CURVE('',#4645,#4611,#4647,.T.);
#4645 = VERTEX_POINT('',#4646);
#4646 = CARTESIAN_POINT('',(-28.40638398491,-112.4681170327,126.84));
#4647 = CIRCLE('',#4648,116.);
#4648 = AXIS2_PLACEMENT_3D('',#4649,#4650,#4651);
#4649 = CARTESIAN_POINT('',(0.,0.,126.84));
#4650 = DIRECTION('',(0.,0.,1.));
#4651 = DIRECTION('',(1.,0.,0.));
#4652 = ORIENTED_EDGE('',*,*,#4610,.T.);
#4653 = ORIENTED_EDGE('',*,*,#1368,.F.);
#4654 = ORIENTED_EDGE('',*,*,#4655,.F.);
#4655 = EDGE_CURVE('',#4645,#1352,#4656,.T.);
#4656 = B_SPLINE_CURVE_WITH_KNOTS('',4,(#4657,#4658,#4659,#4660,#4661),
  .UNSPECIFIED.,.F.,.F.,(5,5),(0.,1.),.PIECEWISE_BEZIER_KNOTS.);
#4657 = CARTESIAN_POINT('',(-28.40638398491,-128.0000006,126.84));
#4658 = CARTESIAN_POINT('',(-28.40638398491,-123.0000003,126.84));
#4659 = CARTESIAN_POINT('',(-28.40638398491,-118.,126.84));
#4660 = CARTESIAN_POINT('',(-28.40638398491,-112.9999997,126.84));
#4661 = CARTESIAN_POINT('',(-28.40638398491,-107.9999994,126.84));
#4662 = PLANE('',#4663);
#4663 = AXIS2_PLACEMENT_3D('',#4664,#4665,#4666);
#4664 = CARTESIAN_POINT('',(-36.03373757636,-106.,126.84));
#4665 = DIRECTION('',(0.,3.330669073875E-16,1.));
#4666 = DIRECTION('',(0.,-1.,3.330669073875E-16));
#4667 = ADVANCED_FACE('',(#4668),#4695,.F.);
#4668 = FACE_BOUND('',#4669,.F.);
#4669 = EDGE_LOOP('',(#4670,#4671,#4679,#4694));
#4670 = ORIENTED_EDGE('',*,*,#1351,.T.);
#4671 = ORIENTED_EDGE('',*,*,#4672,.T.);
#4672 = EDGE_CURVE('',#1337,#4673,#4675,.T.);
#4673 = VERTEX_POINT('',#4674);
#4674 = CARTESIAN_POINT('',(-28.89924318409,-112.3424841428,
    125.81462569526));
#4675 = LINE('',#4676,#4677);
#4676 = CARTESIAN_POINT('',(-28.89924318409,-108.,125.81462569526));
#4677 = VECTOR('',#4678,1.);
#4678 = DIRECTION('',(0.,-1.,2.22044604925E-16));
#4679 = ORIENTED_EDGE('',*,*,#4680,.F.);
#4680 = EDGE_CURVE('',#4645,#4673,#4681,.T.);
#4681 = B_SPLINE_CURVE_WITH_KNOTS('',6,(#4682,#4683,#4684,#4685,#4686,
    #4687,#4688,#4689,#4690,#4691,#4692,#4693),.UNSPECIFIED.,.F.,.F.,(7,
    5,7),(0.,0.679818241034,1.),.UNSPECIFIED.);
#4682 = CARTESIAN_POINT('',(-28.4063838641,-112.4681170633,
    126.84000095602));
#4683 = CARTESIAN_POINT('',(-28.4226024481,-112.4640206906,
    126.71164900383));
#4684 = CARTESIAN_POINT('',(-28.44738624221,-112.4577580215,
    126.58483807116));
#4685 = CARTESIAN_POINT('',(-28.48185314637,-112.4490406067,
    126.46009481552));
#4686 = CARTESIAN_POINT('',(-28.52726310951,-112.4375383182,
    126.33832093612));
#4687 = CARTESIAN_POINT('',(-28.58492352504,-112.4228956411,
    126.22076864629));
#4688 = CARTESIAN_POINT('',(-28.68886251689,-112.3963982829,
    126.05614004644));
#4689 = CARTESIAN_POINT('',(-28.72502017856,-112.3871679444,
    126.00468703198));
#4690 = CARTESIAN_POINT('',(-28.7641241678,-112.3771698408,
    125.95465086118));
#4691 = CARTESIAN_POINT('',(-28.80621206356,-112.3663894738,
    125.90619335349));
#4692 = CARTESIAN_POINT('',(-28.85127525101,-112.354823526,
    125.85947084935));
#4693 = CARTESIAN_POINT('',(-28.89924318409,-112.3424841428,
    125.81462569526));
#4694 = ORIENTED_EDGE('',*,*,#4655,.T.);
#4695 = SURFACE_OF_LINEAR_EXTRUSION('',#4696,#4700);
#4696 = B_SPLINE_CURVE_WITH_KNOTS('',2,(#4697,#4698,#4699),
  .UNSPECIFIED.,.F.,.F.,(3,3),(0.,1.),.PIECEWISE_BEZIER_KNOTS.);
#4697 = CARTESIAN_POINT('',(-28.89924318409,-108.,125.81462569526));
#4698 = CARTESIAN_POINT('',(-28.38661438862,-108.,126.29388164493));
#4699 = CARTESIAN_POINT('',(-28.38661438862,-108.,127.16814078599));
#4700 = VECTOR('',#4701,1.);
#4701 = DIRECTION('',(-0.,1.,-2.22044604925E-16));
#4702 = ADVANCED_FACE('',(#4703),#4744,.F.);
#4703 = FACE_BOUND('',#4704,.F.);
#4704 = EDGE_LOOP('',(#4705,#4713,#4721,#4742,#4743));
#4705 = ORIENTED_EDGE('',*,*,#4706,.F.);
#4706 = EDGE_CURVE('',#4707,#1329,#4709,.T.);
#4707 = VERTEX_POINT('',#4708);
#4708 = CARTESIAN_POINT('',(-30.45408954135,-108.,125.33591684143));
#4709 = B_SPLINE_CURVE_WITH_KNOTS('',2,(#4710,#4711,#4712),
  .UNSPECIFIED.,.F.,.F.,(3,3),(0.,1.),.PIECEWISE_BEZIER_KNOTS.);
#4710 = CARTESIAN_POINT('',(-30.45408954135,-108.,125.33591684143));
#4711 = CARTESIAN_POINT('',(-29.41187197957,-108.,125.33591684143));
#4712 = CARTESIAN_POINT('',(-28.89924318409,-108.,125.81462569526));
#4713 = ORIENTED_EDGE('',*,*,#4714,.T.);
#4714 = EDGE_CURVE('',#4707,#4715,#4717,.T.);
#4715 = VERTEX_POINT('',#4716);
#4716 = CARTESIAN_POINT('',(-30.45408954135,-111.9309985223,
    125.33591684143));
#4717 = LINE('',#4718,#4719);
#4718 = CARTESIAN_POINT('',(-30.45408954135,-108.,125.33591684143));
#4719 = VECTOR('',#4720,1.);
#4720 = DIRECTION('',(0.,-1.,2.22044604925E-16));
#4721 = ORIENTED_EDGE('',*,*,#4722,.F.);
#4722 = EDGE_CURVE('',#4673,#4715,#4723,.T.);
#4723 = B_SPLINE_CURVE_WITH_KNOTS('',5,(#4724,#4725,#4726,#4727,#4728,
    #4729,#4730,#4731,#4732,#4733,#4734,#4735,#4736,#4737,#4738,#4739,
    #4740,#4741),.UNSPECIFIED.,.F.,.F.,(6,4,4,4,6),(0.,0.182562829743,
    0.414894776642,0.65722809811,1.),.UNSPECIFIED.);
#4724 = CARTESIAN_POINT('',(-28.89924318409,-112.3424841428,
    125.81462569526));
#4725 = CARTESIAN_POINT('',(-28.93863978064,-112.3323496702,
    125.77783591727));
#4726 = CARTESIAN_POINT('',(-28.9802740751,-112.321621153,
    125.74254917462));
#4727 = CARTESIAN_POINT('',(-29.02411488462,-112.3103024313,
    125.70889779782));
#4728 = CARTESIAN_POINT('',(-29.07008816641,-112.2984079612,
    125.67699164179));
#4729 = CARTESIAN_POINT('',(-29.17912233892,-112.2701331528,
    125.60862562161));
#4730 = CARTESIAN_POINT('',(-29.24343204968,-112.25341203,125.5732910729
    ));
#4731 = CARTESIAN_POINT('',(-29.31072685084,-112.2358630402,
    125.54107172799));
#4732 = CARTESIAN_POINT('',(-29.38066247517,-112.2175665557,
    125.51200672742));
#4733 = CARTESIAN_POINT('',(-29.52815895385,-112.1788477831,
    125.45897597477));
#4734 = CARTESIAN_POINT('',(-29.60592593684,-112.1583659305,
    125.43528111706));
#4735 = CARTESIAN_POINT('',(-29.68573986297,-112.1372702773,
    125.41490799861));
#4736 = CARTESIAN_POINT('',(-29.76720204212,-112.1156591268,
    125.39768805079));
#4737 = CARTESIAN_POINT('',(-29.96707674991,-112.0624334644,
    125.36325401837));
#4738 = CARTESIAN_POINT('',(-30.08680010543,-112.0303879994,
    125.34900262899));
#4739 = CARTESIAN_POINT('',(-30.20826893122,-111.9976989511,
    125.34010277187));
#4740 = CARTESIAN_POINT('',(-30.33082364929,-111.9645365999,
    125.33591684143));
#4741 = CARTESIAN_POINT('',(-30.45408954135,-111.9309985223,
    125.33591684143));
#4742 = ORIENTED_EDGE('',*,*,#4672,.F.);
#4743 = ORIENTED_EDGE('',*,*,#1336,.T.);
#4744 = SURFACE_OF_LINEAR_EXTRUSION('',#4745,#4749);
#4745 = B_SPLINE_CURVE_WITH_KNOTS('',2,(#4746,#4747,#4748),
  .UNSPECIFIED.,.F.,.F.,(3,3),(0.,1.),.PIECEWISE_BEZIER_KNOTS.);
#4746 = CARTESIAN_POINT('',(-30.45408954135,-108.,125.33591684143));
#4747 = CARTESIAN_POINT('',(-29.41187197957,-108.,125.33591684143));
#4748 = CARTESIAN_POINT('',(-28.89924318409,-108.,125.81462569526));
#4749 = VECTOR('',#4750,1.);
#4750 = DIRECTION('',(-0.,1.,-2.22044604925E-16));
#4751 = ADVANCED_FACE('',(#4752),#4811,.T.);
#4752 = FACE_BOUND('',#4753,.T.);
#4753 = EDGE_LOOP('',(#4754,#4764,#4772,#4780,#4786,#4787,#4788,#4789,
    #4797,#4805));
#4754 = ORIENTED_EDGE('',*,*,#4755,.F.);
#4755 = EDGE_CURVE('',#4756,#4758,#4760,.T.);
#4756 = VERTEX_POINT('',#4757);
#4757 = CARTESIAN_POINT('',(-34.03373757636,-108.,123.16));
#4758 = VERTEX_POINT('',#4759);
#4759 = CARTESIAN_POINT('',(-34.03373757636,-108.,126.84));
#4760 = LINE('',#4761,#4762);
#4761 = CARTESIAN_POINT('',(-34.03373757636,-108.,119.));
#4762 = VECTOR('',#4763,1.);
#4763 = DIRECTION('',(0.,2.22044604925E-16,1.));
#4764 = ORIENTED_EDGE('',*,*,#4765,.F.);
#4765 = EDGE_CURVE('',#4766,#4756,#4768,.T.);
#4766 = VERTEX_POINT('',#4767);
#4767 = CARTESIAN_POINT('',(-31.68122549466,-108.,123.16));
#4768 = LINE('',#4769,#4770);
#4769 = CARTESIAN_POINT('',(-33.44317742857,-108.,123.16));
#4770 = VECTOR('',#4771,1.);
#4771 = DIRECTION('',(-1.,0.,0.));
#4772 = ORIENTED_EDGE('',*,*,#4773,.F.);
#4773 = EDGE_CURVE('',#4774,#4766,#4776,.T.);
#4774 = VERTEX_POINT('',#4775);
#4775 = CARTESIAN_POINT('',(-31.68122549466,-108.,123.26898878453));
#4776 = LINE('',#4777,#4778);
#4777 = CARTESIAN_POINT('',(-31.68122549466,-108.,123.26898878453));
#4778 = VECTOR('',#4779,1.);
#4779 = DIRECTION('',(0.,-2.22044604925E-16,-1.));
#4780 = ORIENTED_EDGE('',*,*,#4781,.F.);
#4781 = EDGE_CURVE('',#4549,#4774,#4782,.T.);
#4782 = LINE('',#4783,#4784);
#4783 = CARTESIAN_POINT('',(-30.20187836236,-108.,123.26898878453));
#4784 = VECTOR('',#4785,1.);
#4785 = DIRECTION('',(-1.,0.,0.));
#4786 = ORIENTED_EDGE('',*,*,#4556,.F.);
#4787 = ORIENTED_EDGE('',*,*,#1328,.T.);
#4788 = ORIENTED_EDGE('',*,*,#4706,.F.);
#4789 = ORIENTED_EDGE('',*,*,#4790,.F.);
#4790 = EDGE_CURVE('',#4791,#4707,#4793,.T.);
#4791 = VERTEX_POINT('',#4792);
#4792 = CARTESIAN_POINT('',(-31.68122549466,-108.,125.33591684143));
#4793 = LINE('',#4794,#4795);
#4794 = CARTESIAN_POINT('',(-31.68122549466,-108.,125.33591684143));
#4795 = VECTOR('',#4796,1.);
#4796 = DIRECTION('',(1.,0.,0.));
#4797 = ORIENTED_EDGE('',*,*,#4798,.F.);
#4798 = EDGE_CURVE('',#4799,#4791,#4801,.T.);
#4799 = VERTEX_POINT('',#4800);
#4800 = CARTESIAN_POINT('',(-31.68122549466,-108.,126.84));
#4801 = LINE('',#4802,#4803);
#4802 = CARTESIAN_POINT('',(-31.68122549466,-108.,128.9330719431));
#4803 = VECTOR('',#4804,1.);
#4804 = DIRECTION('',(0.,-2.22044604925E-16,-1.));
#4805 = ORIENTED_EDGE('',*,*,#4806,.T.);
#4806 = EDGE_CURVE('',#4799,#4758,#4807,.T.);
#4807 = LINE('',#4808,#4809);
#4808 = CARTESIAN_POINT('',(-33.44317742857,-108.,126.84));
#4809 = VECTOR('',#4810,1.);
#4810 = DIRECTION('',(-1.,0.,0.));
#4811 = PLANE('',#4812);
#4812 = AXIS2_PLACEMENT_3D('',#4813,#4814,#4815);
#4813 = CARTESIAN_POINT('',(-30.85261728077,-108.,125.90372291114));
#4814 = DIRECTION('',(0.,-1.,2.22044604925E-16));
#4815 = DIRECTION('',(1.,0.,0.));
#4816 = ADVANCED_FACE('',(#4817),#4843,.T.);
#4817 = FACE_BOUND('',#4818,.T.);
#4818 = EDGE_LOOP('',(#4819,#4827,#4836,#4842));
#4819 = ORIENTED_EDGE('',*,*,#4820,.F.);
#4820 = EDGE_CURVE('',#4821,#1412,#4823,.T.);
#4821 = VERTEX_POINT('',#4822);
#4822 = CARTESIAN_POINT('',(-23.94966718336,-113.5007200056,123.16));
#4823 = LINE('',#4824,#4825);
#4824 = CARTESIAN_POINT('',(-23.94966718336,-107.,123.16));
#4825 = VECTOR('',#4826,1.);
#4826 = DIRECTION('',(0.,1.,-3.330669073875E-16));
#4827 = ORIENTED_EDGE('',*,*,#4828,.T.);
#4828 = EDGE_CURVE('',#4821,#4829,#4831,.T.);
#4829 = VERTEX_POINT('',#4830);
#4830 = CARTESIAN_POINT('',(-21.59715510166,-113.9717635711,123.16));
#4831 = CIRCLE('',#4832,116.);
#4832 = AXIS2_PLACEMENT_3D('',#4833,#4834,#4835);
#4833 = CARTESIAN_POINT('',(0.,0.,123.16));
#4834 = DIRECTION('',(0.,0.,1.));
#4835 = DIRECTION('',(1.,0.,0.));
#4836 = ORIENTED_EDGE('',*,*,#4837,.F.);
#4837 = EDGE_CURVE('',#1414,#4829,#4838,.T.);
#4838 = LINE('',#4839,#4840);
#4839 = CARTESIAN_POINT('',(-21.59715510166,-107.,123.16));
#4840 = VECTOR('',#4841,1.);
#4841 = DIRECTION('',(0.,-1.,3.330669073875E-16));
#4842 = ORIENTED_EDGE('',*,*,#1411,.F.);
#4843 = PLANE('',#4844);
#4844 = AXIS2_PLACEMENT_3D('',#4845,#4846,#4847);
#4845 = CARTESIAN_POINT('',(-36.03373757636,-106.,123.16));
#4846 = DIRECTION('',(0.,3.330669073875E-16,1.));
#4847 = DIRECTION('',(0.,-1.,3.330669073875E-16));
#4848 = ADVANCED_FACE('',(#4849),#4867,.F.);
#4849 = FACE_BOUND('',#4850,.F.);
#4850 = EDGE_LOOP('',(#4851,#4852,#4860,#4866));
#4851 = ORIENTED_EDGE('',*,*,#1473,.T.);
#4852 = ORIENTED_EDGE('',*,*,#4853,.T.);
#4853 = EDGE_CURVE('',#1465,#4854,#4856,.T.);
#4854 = VERTEX_POINT('',#4855);
#4855 = CARTESIAN_POINT('',(-21.59715510166,-113.9717635711,
    124.1766207714));
#4856 = LINE('',#4857,#4858);
#4857 = CARTESIAN_POINT('',(-21.59715510166,-108.,124.1766207714));
#4858 = VECTOR('',#4859,1.);
#4859 = DIRECTION('',(0.,-1.,2.22044604925E-16));
#4860 = ORIENTED_EDGE('',*,*,#4861,.F.);
#4861 = EDGE_CURVE('',#4829,#4854,#4862,.T.);
#4862 = LINE('',#4863,#4864);
#4863 = CARTESIAN_POINT('',(-21.59715510166,-113.9717635711,70.));
#4864 = VECTOR('',#4865,1.);
#4865 = DIRECTION('',(0.,0.,1.));
#4866 = ORIENTED_EDGE('',*,*,#4837,.F.);
#4867 = PLANE('',#4868);
#4868 = AXIS2_PLACEMENT_3D('',#4869,#4870,#4871);
#4869 = CARTESIAN_POINT('',(-21.59715510166,-108.,124.1766207714));
#4870 = DIRECTION('',(1.,0.,0.));
#4871 = DIRECTION('',(0.,-2.22044604925E-16,-1.));
#4872 = ADVANCED_FACE('',(#4873),#4892,.F.);
#4873 = FACE_BOUND('',#4874,.F.);
#4874 = EDGE_LOOP('',(#4875,#4876,#4884,#4891));
#4875 = ORIENTED_EDGE('',*,*,#1464,.T.);
#4876 = ORIENTED_EDGE('',*,*,#4877,.T.);
#4877 = EDGE_CURVE('',#1457,#4878,#4880,.T.);
#4878 = VERTEX_POINT('',#4879);
#4879 = CARTESIAN_POINT('',(-16.63882556761,-114.8004768445,
    124.1766207714));
#4880 = LINE('',#4881,#4882);
#4881 = CARTESIAN_POINT('',(-16.63882556761,-108.,124.1766207714));
#4882 = VECTOR('',#4883,1.);
#4883 = DIRECTION('',(0.,-1.,2.22044604925E-16));
#4884 = ORIENTED_EDGE('',*,*,#4885,.F.);
#4885 = EDGE_CURVE('',#4854,#4878,#4886,.T.);
#4886 = CIRCLE('',#4887,116.);
#4887 = AXIS2_PLACEMENT_3D('',#4888,#4889,#4890);
#4888 = CARTESIAN_POINT('',(0.,0.,124.1766207714));
#4889 = DIRECTION('',(0.,0.,1.));
#4890 = DIRECTION('',(1.,0.,0.));
#4891 = ORIENTED_EDGE('',*,*,#4853,.F.);
#4892 = PLANE('',#4893);
#4893 = AXIS2_PLACEMENT_3D('',#4894,#4895,#4896);
#4894 = CARTESIAN_POINT('',(-16.63882556761,-108.,124.1766207714));
#4895 = DIRECTION('',(0.,-2.22044604925E-16,-1.));
#4896 = DIRECTION('',(-1.,0.,0.));
#4897 = ADVANCED_FACE('',(#4898),#4916,.F.);
#4898 = FACE_BOUND('',#4899,.F.);
#4899 = EDGE_LOOP('',(#4900,#4901,#4909,#4915));
#4900 = ORIENTED_EDGE('',*,*,#1456,.T.);
#4901 = ORIENTED_EDGE('',*,*,#4902,.T.);
#4902 = EDGE_CURVE('',#1448,#4903,#4905,.T.);
#4903 = VERTEX_POINT('',#4904);
#4904 = CARTESIAN_POINT('',(-16.63882556761,-114.8004768445,
    126.27746876994));
#4905 = LINE('',#4906,#4907);
#4906 = CARTESIAN_POINT('',(-16.63882556761,-108.,126.27746876994));
#4907 = VECTOR('',#4908,1.);
#4908 = DIRECTION('',(0.,-1.,2.22044604925E-16));
#4909 = ORIENTED_EDGE('',*,*,#4910,.F.);
#4910 = EDGE_CURVE('',#4878,#4903,#4911,.T.);
#4911 = LINE('',#4912,#4913);
#4912 = CARTESIAN_POINT('',(-16.63882556761,-114.8004768445,70.));
#4913 = VECTOR('',#4914,1.);
#4914 = DIRECTION('',(0.,0.,1.));
#4915 = ORIENTED_EDGE('',*,*,#4877,.F.);
#4916 = PLANE('',#4917);
#4917 = AXIS2_PLACEMENT_3D('',#4918,#4919,#4920);
#4918 = CARTESIAN_POINT('',(-16.63882556761,-108.,126.27746876994));
#4919 = DIRECTION('',(1.,0.,0.));
#4920 = DIRECTION('',(0.,-2.22044604925E-16,-1.));
#4921 = ADVANCED_FACE('',(#4922),#4941,.F.);
#4922 = FACE_BOUND('',#4923,.F.);
#4923 = EDGE_LOOP('',(#4924,#4925,#4933,#4940));
#4924 = ORIENTED_EDGE('',*,*,#1447,.F.);
#4925 = ORIENTED_EDGE('',*,*,#4926,.T.);
#4926 = EDGE_CURVE('',#1440,#4927,#4929,.T.);
#4927 = VERTEX_POINT('',#4928);
#4928 = CARTESIAN_POINT('',(-21.59715510166,-113.9717635711,
    126.27746876994));
#4929 = LINE('',#4930,#4931);
#4930 = CARTESIAN_POINT('',(-21.59715510166,-108.,126.27746876994));
#4931 = VECTOR('',#4932,1.);
#4932 = DIRECTION('',(0.,-1.,2.22044604925E-16));
#4933 = ORIENTED_EDGE('',*,*,#4934,.T.);
#4934 = EDGE_CURVE('',#4927,#4903,#4935,.T.);
#4935 = CIRCLE('',#4936,116.);
#4936 = AXIS2_PLACEMENT_3D('',#4937,#4938,#4939);
#4937 = CARTESIAN_POINT('',(0.,0.,126.27746876994));
#4938 = DIRECTION('',(0.,0.,1.));
#4939 = DIRECTION('',(1.,0.,0.));
#4940 = ORIENTED_EDGE('',*,*,#4902,.F.);
#4941 = PLANE('',#4942);
#4942 = AXIS2_PLACEMENT_3D('',#4943,#4944,#4945);
#4943 = CARTESIAN_POINT('',(-21.59715510166,-108.,126.27746876994));
#4944 = DIRECTION('',(0.,2.22044604925E-16,1.));
#4945 = DIRECTION('',(1.,0.,0.));
#4946 = ADVANCED_FACE('',(#4947),#4965,.F.);
#4947 = FACE_BOUND('',#4948,.F.);
#4948 = EDGE_LOOP('',(#4949,#4950,#4958,#4964));
#4949 = ORIENTED_EDGE('',*,*,#1439,.T.);
#4950 = ORIENTED_EDGE('',*,*,#4951,.T.);
#4951 = EDGE_CURVE('',#1431,#4952,#4954,.T.);
#4952 = VERTEX_POINT('',#4953);
#4953 = CARTESIAN_POINT('',(-21.59715510166,-113.9717635711,126.84));
#4954 = LINE('',#4955,#4956);
#4955 = CARTESIAN_POINT('',(-21.59715510166,-107.,126.84));
#4956 = VECTOR('',#4957,1.);
#4957 = DIRECTION('',(0.,-1.,3.330669073875E-16));
#4958 = ORIENTED_EDGE('',*,*,#4959,.F.);
#4959 = EDGE_CURVE('',#4927,#4952,#4960,.T.);
#4960 = LINE('',#4961,#4962);
#4961 = CARTESIAN_POINT('',(-21.59715510166,-113.9717635711,70.));
#4962 = VECTOR('',#4963,1.);
#4963 = DIRECTION('',(0.,0.,1.));
#4964 = ORIENTED_EDGE('',*,*,#4926,.F.);
#4965 = PLANE('',#4966);
#4966 = AXIS2_PLACEMENT_3D('',#4967,#4968,#4969);
#4967 = CARTESIAN_POINT('',(-21.59715510166,-108.,128.89915200145));
#4968 = DIRECTION('',(1.,0.,0.));
#4969 = DIRECTION('',(0.,-2.22044604925E-16,-1.));
#4970 = ADVANCED_FACE('',(#4971),#4990,.F.);
#4971 = FACE_BOUND('',#4972,.F.);
#4972 = EDGE_LOOP('',(#4973,#4981,#4988,#4989));
#4973 = ORIENTED_EDGE('',*,*,#4974,.F.);
#4974 = EDGE_CURVE('',#4975,#1423,#4977,.T.);
#4975 = VERTEX_POINT('',#4976);
#4976 = CARTESIAN_POINT('',(-23.94966718336,-113.5007200056,126.84));
#4977 = LINE('',#4978,#4979);
#4978 = CARTESIAN_POINT('',(-23.94966718336,-107.,126.84));
#4979 = VECTOR('',#4980,1.);
#4980 = DIRECTION('',(0.,1.,-3.330669073875E-16));
#4981 = ORIENTED_EDGE('',*,*,#4982,.T.);
#4982 = EDGE_CURVE('',#4975,#4952,#4983,.T.);
#4983 = CIRCLE('',#4984,116.);
#4984 = AXIS2_PLACEMENT_3D('',#4985,#4986,#4987);
#4985 = CARTESIAN_POINT('',(0.,0.,126.84));
#4986 = DIRECTION('',(0.,0.,1.));
#4987 = DIRECTION('',(1.,0.,0.));
#4988 = ORIENTED_EDGE('',*,*,#4951,.F.);
#4989 = ORIENTED_EDGE('',*,*,#1430,.F.);
#4990 = PLANE('',#4991);
#4991 = AXIS2_PLACEMENT_3D('',#4992,#4993,#4994);
#4992 = CARTESIAN_POINT('',(-36.03373757636,-106.,126.84));
#4993 = DIRECTION('',(0.,3.330669073875E-16,1.));
#4994 = DIRECTION('',(0.,-1.,3.330669073875E-16));
#4995 = ADVANCED_FACE('',(#4996),#5007,.F.);
#4996 = FACE_BOUND('',#4997,.F.);
#4997 = EDGE_LOOP('',(#4998,#4999,#5000,#5006));
#4998 = ORIENTED_EDGE('',*,*,#1422,.F.);
#4999 = ORIENTED_EDGE('',*,*,#4820,.F.);
#5000 = ORIENTED_EDGE('',*,*,#5001,.T.);
#5001 = EDGE_CURVE('',#4821,#4975,#5002,.T.);
#5002 = LINE('',#5003,#5004);
#5003 = CARTESIAN_POINT('',(-23.94966718336,-113.5007200056,70.));
#5004 = VECTOR('',#5005,1.);
#5005 = DIRECTION('',(0.,0.,1.));
#5006 = ORIENTED_EDGE('',*,*,#4974,.T.);
#5007 = PLANE('',#5008);
#5008 = AXIS2_PLACEMENT_3D('',#5009,#5010,#5011);
#5009 = CARTESIAN_POINT('',(-23.94966718336,-108.,119.));
#5010 = DIRECTION('',(-1.,0.,0.));
#5011 = DIRECTION('',(0.,2.22044604925E-16,1.));
#5012 = ADVANCED_FACE('',(#5013),#5061,.F.);
#5013 = FACE_BOUND('',#5014,.F.);
#5014 = EDGE_LOOP('',(#5015,#5016,#5024,#5047,#5055));
#5015 = ORIENTED_EDGE('',*,*,#1481,.T.);
#5016 = ORIENTED_EDGE('',*,*,#5017,.T.);
#5017 = EDGE_CURVE('',#1484,#5018,#5020,.T.);
#5018 = VERTEX_POINT('',#5019);
#5019 = CARTESIAN_POINT('',(-28.80678398832,-112.3662280057,
    128.49594237257));
#5020 = LINE('',#5021,#5022);
#5021 = CARTESIAN_POINT('',(-28.80678398832,-108.,128.49594237257));
#5022 = VECTOR('',#5023,1.);
#5023 = DIRECTION('',(0.,-1.,2.22044604925E-16));
#5024 = ORIENTED_EDGE('',*,*,#5025,.F.);
#5025 = EDGE_CURVE('',#5026,#5018,#5028,.T.);
#5026 = VERTEX_POINT('',#5027);
#5027 = CARTESIAN_POINT('',(-30.1345855749,-112.0174395004,
    128.9330719431));
#5028 = B_SPLINE_CURVE_WITH_KNOTS('',5,(#5029,#5030,#5031,#5032,#5033,
    #5034,#5035,#5036,#5037,#5038,#5039,#5040,#5041,#5042,#5043,#5044,
    #5045,#5046),.UNSPECIFIED.,.F.,.F.,(6,4,4,4,6),(0.,0.321453354375,
    0.478898381196,0.78178019469,1.),.UNSPECIFIED.);
#5029 = CARTESIAN_POINT('',(-30.1345855749,-112.0174395004,
    128.9330719431));
#5030 = CARTESIAN_POINT('',(-30.03331712933,-112.0446824248,
    128.9330719431));
#5031 = CARTESIAN_POINT('',(-29.93280409405,-112.0715994214,
    128.92967037014));
#5032 = CARTESIAN_POINT('',(-29.8333639069,-112.0981088368,
    128.92246213138));
#5033 = CARTESIAN_POINT('',(-29.73552011176,-112.1240768734,
    128.91096845337));
#5034 = CARTESIAN_POINT('',(-29.59314489786,-112.1617052254,
    128.88683363796));
#5035 = CARTESIAN_POINT('',(-29.54688517044,-112.1739050852,
    128.87777038011));
#5036 = CARTESIAN_POINT('',(-29.5012562639,-112.1859133354,
    128.86753027416));
#5037 = CARTESIAN_POINT('',(-29.4563517474,-112.1977068319,
    128.85606998926));
#5038 = CARTESIAN_POINT('',(-29.32747176382,-112.2314888297,
    128.81890915865));
#5039 = CARTESIAN_POINT('',(-29.24570036642,-112.2528371368,
    128.7898271843));
#5040 = CARTESIAN_POINT('',(-29.1677173407,-112.2731190641,
    128.75591413288));
#5041 = CARTESIAN_POINT('',(-29.09424446084,-112.2921632846,
    128.71715105276));
#5042 = CARTESIAN_POINT('',(-28.9765066388,-112.3225919231,
    128.64269401091));
#5043 = CARTESIAN_POINT('',(-28.92980827676,-112.3346319689,
    128.60916467876));
#5044 = CARTESIAN_POINT('',(-28.88590951815,-112.3459257522,
    128.57340571228));
#5045 = CARTESIAN_POINT('',(-28.84489755031,-112.356457017,
    128.5355943726));
#5046 = CARTESIAN_POINT('',(-28.80678398832,-112.3662280057,
    128.49594237257));
#5047 = ORIENTED_EDGE('',*,*,#5048,.F.);
#5048 = EDGE_CURVE('',#5049,#5026,#5051,.T.);
#5049 = VERTEX_POINT('',#5050);
#5050 = CARTESIAN_POINT('',(-30.1345855749,-108.,128.9330719431));
#5051 = LINE('',#5052,#5053);
#5052 = CARTESIAN_POINT('',(-30.1345855749,-108.,128.9330719431));
#5053 = VECTOR('',#5054,1.);
#5054 = DIRECTION('',(0.,-1.,2.22044604925E-16));
#5055 = ORIENTED_EDGE('',*,*,#5056,.F.);
#5056 = EDGE_CURVE('',#1482,#5049,#5057,.T.);
#5057 = B_SPLINE_CURVE_WITH_KNOTS('',2,(#5058,#5059,#5060),
  .UNSPECIFIED.,.F.,.F.,(3,3),(0.,1.),.PIECEWISE_BEZIER_KNOTS.);
#5058 = CARTESIAN_POINT('',(-28.80678398832,-108.,128.49594237257));
#5059 = CARTESIAN_POINT('',(-29.22695358803,-108.,128.9330719431));
#5060 = CARTESIAN_POINT('',(-30.1345855749,-108.,128.9330719431));
#5061 = SURFACE_OF_LINEAR_EXTRUSION('',#5062,#5066);
#5062 = B_SPLINE_CURVE_WITH_KNOTS('',2,(#5063,#5064,#5065),
  .UNSPECIFIED.,.F.,.F.,(3,3),(0.,1.),.PIECEWISE_BEZIER_KNOTS.);
#5063 = CARTESIAN_POINT('',(-28.80678398832,-108.,128.49594237257));
#5064 = CARTESIAN_POINT('',(-29.22695358803,-108.,128.9330719431));
#5065 = CARTESIAN_POINT('',(-30.1345855749,-108.,128.9330719431));
#5066 = VECTOR('',#5067,1.);
#5067 = DIRECTION('',(-0.,1.,-2.22044604925E-16));
#5068 = ADVANCED_FACE('',(#5069),#5091,.F.);
#5069 = FACE_BOUND('',#5070,.F.);
#5070 = EDGE_LOOP('',(#5071,#5072,#5082,#5090));
#5071 = ORIENTED_EDGE('',*,*,#1569,.T.);
#5072 = ORIENTED_EDGE('',*,*,#5073,.F.);
#5073 = EDGE_CURVE('',#5074,#1561,#5076,.T.);
#5074 = VERTEX_POINT('',#5075);
#5075 = CARTESIAN_POINT('',(-28.75630241981,-112.3791576367,128.44));
#5076 = B_SPLINE_CURVE_WITH_KNOTS('',4,(#5077,#5078,#5079,#5080,#5081),
  .UNSPECIFIED.,.F.,.F.,(5,5),(0.,1.),.PIECEWISE_BEZIER_KNOTS.);
#5077 = CARTESIAN_POINT('',(-28.75630241981,-128.0000006,128.44));
#5078 = CARTESIAN_POINT('',(-28.75630241981,-123.0000003,128.44));
#5079 = CARTESIAN_POINT('',(-28.75630241981,-118.,128.44));
#5080 = CARTESIAN_POINT('',(-28.75630241981,-112.9999997,128.44));
#5081 = CARTESIAN_POINT('',(-28.75630241981,-107.9999994,128.44));
#5082 = ORIENTED_EDGE('',*,*,#5083,.F.);
#5083 = EDGE_CURVE('',#5018,#5074,#5084,.T.);
#5084 = B_SPLINE_CURVE_WITH_KNOTS('',4,(#5085,#5086,#5087,#5088,#5089),
  .UNSPECIFIED.,.F.,.F.,(5,5),(0.,1.),.PIECEWISE_BEZIER_KNOTS.);
#5085 = CARTESIAN_POINT('',(-28.80678398832,-112.3662280057,
    128.49594237257));
#5086 = CARTESIAN_POINT('',(-28.79365899202,-112.3695927973,
    128.48228759126));
#5087 = CARTESIAN_POINT('',(-28.78087173417,-112.372868826,
    128.46840477244));
#5088 = CARTESIAN_POINT('',(-28.7684205541,-112.3760567705,
    128.4543050571));
#5089 = CARTESIAN_POINT('',(-28.75630194686,-112.3791577577,
    128.4399994417));
#5090 = ORIENTED_EDGE('',*,*,#5017,.F.);
#5091 = SURFACE_OF_LINEAR_EXTRUSION('',#5092,#5096);
#5092 = B_SPLINE_CURVE_WITH_KNOTS('',2,(#5093,#5094,#5095),
  .UNSPECIFIED.,.F.,.F.,(3,3),(0.,1.),.PIECEWISE_BEZIER_KNOTS.);
#5093 = CARTESIAN_POINT('',(-28.38661438862,-108.,127.16814078599));
#5094 = CARTESIAN_POINT('',(-28.38661438862,-108.,128.05881280204));
#5095 = CARTESIAN_POINT('',(-28.80678398832,-108.,128.49594237257));
#5096 = VECTOR('',#5097,1.);
#5097 = DIRECTION('',(-0.,1.,-2.22044604925E-16));
#5098 = ADVANCED_FACE('',(#5099),#5120,.T.);
#5099 = FACE_BOUND('',#5100,.T.);
#5100 = EDGE_LOOP('',(#5101,#5110,#5118,#5119));
#5101 = ORIENTED_EDGE('',*,*,#5102,.T.);
#5102 = EDGE_CURVE('',#5074,#5103,#5105,.T.);
#5103 = VERTEX_POINT('',#5104);
#5104 = CARTESIAN_POINT('',(-26.09370578408,-113.0270698481,128.44));
#5105 = CIRCLE('',#5106,116.);
#5106 = AXIS2_PLACEMENT_3D('',#5107,#5108,#5109);
#5107 = CARTESIAN_POINT('',(0.,0.,128.44));
#5108 = DIRECTION('',(0.,0.,1.));
#5109 = DIRECTION('',(1.,0.,0.));
#5110 = ORIENTED_EDGE('',*,*,#5111,.T.);
#5111 = EDGE_CURVE('',#5103,#1538,#5112,.T.);
#5112 = B_SPLINE_CURVE_WITH_KNOTS('',4,(#5113,#5114,#5115,#5116,#5117),
  .UNSPECIFIED.,.F.,.F.,(5,5),(0.,1.),.PIECEWISE_BEZIER_KNOTS.);
#5113 = CARTESIAN_POINT('',(-26.09370578408,-128.0000006,128.44));
#5114 = CARTESIAN_POINT('',(-26.09370578408,-123.0000003,128.44));
#5115 = CARTESIAN_POINT('',(-26.09370578408,-118.,128.44));
#5116 = CARTESIAN_POINT('',(-26.09370578408,-112.9999997,128.44));
#5117 = CARTESIAN_POINT('',(-26.09370578408,-107.9999994,128.44));
#5118 = ORIENTED_EDGE('',*,*,#1560,.F.);
#5119 = ORIENTED_EDGE('',*,*,#5073,.F.);
#5120 = PLANE('',#5121);
#5121 = AXIS2_PLACEMENT_3D('',#5122,#5123,#5124);
#5122 = CARTESIAN_POINT('',(-36.03373757636,-106.,128.44));
#5123 = DIRECTION('',(0.,3.330669073875E-16,1.));
#5124 = DIRECTION('',(0.,-1.,3.330669073875E-16));
#5125 = ADVANCED_FACE('',(#5126),#5159,.F.);
#5126 = FACE_BOUND('',#5127,.F.);
#5127 = EDGE_LOOP('',(#5128,#5129,#5137,#5158));
#5128 = ORIENTED_EDGE('',*,*,#1537,.T.);
#5129 = ORIENTED_EDGE('',*,*,#5130,.T.);
#5130 = EDGE_CURVE('',#1511,#5131,#5133,.T.);
#5131 = VERTEX_POINT('',#5132);
#5132 = CARTESIAN_POINT('',(-26.9751071396,-112.8199609768,
    130.03328166317));
#5133 = LINE('',#5134,#5135);
#5134 = CARTESIAN_POINT('',(-26.9751071396,-108.,130.03328166317));
#5135 = VECTOR('',#5136,1.);
#5136 = DIRECTION('',(0.,-1.,2.22044604925E-16));
#5137 = ORIENTED_EDGE('',*,*,#5138,.F.);
#5138 = EDGE_CURVE('',#5103,#5131,#5139,.T.);
#5139 = B_SPLINE_CURVE_WITH_KNOTS('',5,(#5140,#5141,#5142,#5143,#5144,
    #5145,#5146,#5147,#5148,#5149,#5150,#5151,#5152,#5153,#5154,#5155,
    #5156,#5157),.UNSPECIFIED.,.F.,.F.,(6,4,4,4,6),(0.,0.271616721517,
    0.526553322109,0.768056779939,1.),.UNSPECIFIED.);
#5140 = CARTESIAN_POINT('',(-26.09370535484,-113.0270699472,
    128.43999819628));
#5141 = CARTESIAN_POINT('',(-26.11602290102,-113.021917664,
    128.53377951205));
#5142 = CARTESIAN_POINT('',(-26.14116601399,-113.0161072619,
    128.62710109173));
#5143 = CARTESIAN_POINT('',(-26.16930876706,-113.0095956123,
    128.71987184919));
#5144 = CARTESIAN_POINT('',(-26.20063705417,-113.0023357595,
    128.81197407702));
#5145 = CARTESIAN_POINT('',(-26.26791035329,-112.9867160498,
    128.98895033362));
#5146 = CARTESIAN_POINT('',(-26.30345329351,-112.9784512175,
    129.0739197837));
#5147 = CARTESIAN_POINT('',(-26.34212313321,-112.9694434898,
    129.15805554861));
#5148 = CARTESIAN_POINT('',(-26.38407428876,-112.9596511806,
    129.24121262425));
#5149 = CARTESIAN_POINT('',(-26.47241920239,-112.9389789653,
    129.40091496454));
#5150 = CARTESIAN_POINT('',(-26.51846217409,-112.9281836053,
    129.47757732934));
#5151 = CARTESIAN_POINT('',(-26.56768470846,-112.9166165347,
    129.55306895088));
#5152 = CARTESIAN_POINT('',(-26.62018316998,-112.9042476565,
    129.62722681174));
#5153 = CARTESIAN_POINT('',(-26.72963086537,-112.878385306,
    129.76965157165));
#5154 = CARTESIAN_POINT('',(-26.78632208895,-112.8649556285,
    129.83803607048));
#5155 = CARTESIAN_POINT('',(-26.84613245237,-112.8507475836,
    129.90487514555));
#5156 = CARTESIAN_POINT('',(-26.90907498015,-112.8357491809,
    129.970008308));
#5157 = CARTESIAN_POINT('',(-26.9751071396,-112.8199609768,
    130.03328166317));
#5158 = ORIENTED_EDGE('',*,*,#5111,.T.);
#5159 = SURFACE_OF_LINEAR_EXTRUSION('',#5160,#5164);
#5160 = B_SPLINE_CURVE_WITH_KNOTS('',2,(#5161,#5162,#5163),
  .UNSPECIFIED.,.F.,.F.,(3,3),(0.,1.),.PIECEWISE_BEZIER_KNOTS.);
#5161 = CARTESIAN_POINT('',(-26.9751071396,-108.,130.03328166317));
#5162 = CARTESIAN_POINT('',(-25.96680951946,-108.,129.06711042217));
#5163 = CARTESIAN_POINT('',(-25.96680951946,-108.,127.26880641925));
#5164 = VECTOR('',#5165,1.);
#5165 = DIRECTION('',(-0.,1.,-2.22044604925E-16));
#5166 = ADVANCED_FACE('',(#5167),#5212,.F.);
#5167 = FACE_BOUND('',#5168,.F.);
#5168 = EDGE_LOOP('',(#5169,#5177,#5185,#5210,#5211));
#5169 = ORIENTED_EDGE('',*,*,#5170,.F.);
#5170 = EDGE_CURVE('',#5171,#1503,#5173,.T.);
#5171 = VERTEX_POINT('',#5172);
#5172 = CARTESIAN_POINT('',(-30.05087991246,-108.,131.));
#5173 = B_SPLINE_CURVE_WITH_KNOTS('',2,(#5174,#5175,#5176),
  .UNSPECIFIED.,.F.,.F.,(3,3),(0.,1.),.PIECEWISE_BEZIER_KNOTS.);
#5174 = CARTESIAN_POINT('',(-30.05087991246,-108.,131.));
#5175 = CARTESIAN_POINT('',(-27.98340475973,-108.,131.));
#5176 = CARTESIAN_POINT('',(-26.9751071396,-108.,130.03328166317));
#5177 = ORIENTED_EDGE('',*,*,#5178,.T.);
#5178 = EDGE_CURVE('',#5171,#5179,#5181,.T.);
#5179 = VERTEX_POINT('',#5180);
#5180 = CARTESIAN_POINT('',(-30.05087991246,-112.0399242077,131.));
#5181 = LINE('',#5182,#5183);
#5182 = CARTESIAN_POINT('',(-30.05087991246,-108.,131.));
#5183 = VECTOR('',#5184,1.);
#5184 = DIRECTION('',(0.,-1.,2.22044604925E-16));
#5185 = ORIENTED_EDGE('',*,*,#5186,.F.);
#5186 = EDGE_CURVE('',#5131,#5179,#5187,.T.);
#5187 = B_SPLINE_CURVE_WITH_KNOTS('',6,(#5188,#5189,#5190,#5191,#5192,
    #5193,#5194,#5195,#5196,#5197,#5198,#5199,#5200,#5201,#5202,#5203,
    #5204,#5205,#5206,#5207,#5208,#5209),.UNSPECIFIED.,.F.,.F.,(7,5,5,5,
    7),(0.,0.200478245299,0.490358180325,0.647930928245,1.),
  .UNSPECIFIED.);
#5188 = CARTESIAN_POINT('',(-26.9751071396,-112.8199609768,
    130.03328166317));
#5189 = CARTESIAN_POINT('',(-27.04629318462,-112.8029404852,
    130.10153220118));
#5190 = CARTESIAN_POINT('',(-27.12127266475,-112.7849559954,
    130.16749167047));
#5191 = CARTESIAN_POINT('',(-27.2000122669,-112.7660041041,
    130.23093260968));
#5192 = CARTESIAN_POINT('',(-27.28242421968,-112.7460934073,
    130.2916491801));
#5193 = CARTESIAN_POINT('',(-27.36835491123,-112.7252482005,
    130.34946581524));
#5194 = CARTESIAN_POINT('',(-27.58657843093,-112.6720831463,
    130.48345465834));
#5195 = CARTESIAN_POINT('',(-27.72249312336,-112.6387830536,
    130.55633631282));
#5196 = CARTESIAN_POINT('',(-27.86459783154,-112.6037490479,
    130.62245392171));
#5197 = CARTESIAN_POINT('',(-28.01204102847,-112.5671546113,
    130.68167907677));
#5198 = CARTESIAN_POINT('',(-28.16390797033,-112.5291960396,
    130.73410850108));
#5199 = CARTESIAN_POINT('',(-28.40375131169,-112.4688156663,
    130.80491584393));
#5200 = CARTESIAN_POINT('',(-28.48926373477,-112.4472070583,
    130.82791705265));
#5201 = CARTESIAN_POINT('',(-28.57569271161,-112.4252829355,
    130.84902541935));
#5202 = CARTESIAN_POINT('',(-28.66291363541,-112.403071608,
    130.86829484688));
#5203 = CARTESIAN_POINT('',(-28.7508132464,-112.3805992236,
    130.88578734668));
#5204 = CARTESIAN_POINT('',(-29.03698175247,-112.3071473538,
    130.9368283112));
#5205 = CARTESIAN_POINT('',(-29.23752602923,-112.2552280654,
    130.96353780674));
#5206 = CARTESIAN_POINT('',(-29.43987956625,-112.2023744745,
    130.98244782778));
#5207 = CARTESIAN_POINT('',(-29.64322483126,-112.1487864957,
    130.9943593749));
#5208 = CARTESIAN_POINT('',(-29.84699605049,-112.0946090845,131.));
#5209 = CARTESIAN_POINT('',(-30.05087991246,-112.0399242077,131.));
#5210 = ORIENTED_EDGE('',*,*,#5130,.F.);
#5211 = ORIENTED_EDGE('',*,*,#1510,.T.);
#5212 = SURFACE_OF_LINEAR_EXTRUSION('',#5213,#5217);
#5213 = B_SPLINE_CURVE_WITH_KNOTS('',2,(#5214,#5215,#5216),
  .UNSPECIFIED.,.F.,.F.,(3,3),(0.,1.),.PIECEWISE_BEZIER_KNOTS.);
#5214 = CARTESIAN_POINT('',(-30.05087991246,-108.,131.));
#5215 = CARTESIAN_POINT('',(-27.98340475973,-108.,131.));
#5216 = CARTESIAN_POINT('',(-26.9751071396,-108.,130.03328166317));
#5217 = VECTOR('',#5218,1.);
#5218 = DIRECTION('',(-0.,1.,-2.22044604925E-16));
#5219 = ADVANCED_FACE('',(#5220),#5263,.T.);
#5220 = FACE_BOUND('',#5221,.T.);
#5221 = EDGE_LOOP('',(#5222,#5232,#5240,#5248,#5254,#5255,#5256,#5257));
#5222 = ORIENTED_EDGE('',*,*,#5223,.F.);
#5223 = EDGE_CURVE('',#5224,#5226,#5228,.T.);
#5224 = VERTEX_POINT('',#5225);
#5225 = CARTESIAN_POINT('',(-34.03373757636,-108.,128.44));
#5226 = VERTEX_POINT('',#5227);
#5227 = CARTESIAN_POINT('',(-34.03373757636,-108.,131.));
#5228 = LINE('',#5229,#5230);
#5229 = CARTESIAN_POINT('',(-34.03373757636,-108.,119.));
#5230 = VECTOR('',#5231,1.);
#5231 = DIRECTION('',(0.,2.22044604925E-16,1.));
#5232 = ORIENTED_EDGE('',*,*,#5233,.F.);
#5233 = EDGE_CURVE('',#5234,#5224,#5236,.T.);
#5234 = VERTEX_POINT('',#5235);
#5235 = CARTESIAN_POINT('',(-31.68122549466,-108.,128.44));
#5236 = LINE('',#5237,#5238);
#5237 = CARTESIAN_POINT('',(-33.44317742857,-108.,128.44));
#5238 = VECTOR('',#5239,1.);
#5239 = DIRECTION('',(-1.,0.,0.));
#5240 = ORIENTED_EDGE('',*,*,#5241,.F.);
#5241 = EDGE_CURVE('',#5242,#5234,#5244,.T.);
#5242 = VERTEX_POINT('',#5243);
#5243 = CARTESIAN_POINT('',(-31.68122549466,-108.,128.9330719431));
#5244 = LINE('',#5245,#5246);
#5245 = CARTESIAN_POINT('',(-31.68122549466,-108.,128.9330719431));
#5246 = VECTOR('',#5247,1.);
#5247 = DIRECTION('',(0.,-2.22044604925E-16,-1.));
#5248 = ORIENTED_EDGE('',*,*,#5249,.F.);
#5249 = EDGE_CURVE('',#5049,#5242,#5250,.T.);
#5250 = LINE('',#5251,#5252);
#5251 = CARTESIAN_POINT('',(-30.1345855749,-108.,128.9330719431));
#5252 = VECTOR('',#5253,1.);
#5253 = DIRECTION('',(-1.,0.,0.));
#5254 = ORIENTED_EDGE('',*,*,#5056,.F.);
#5255 = ORIENTED_EDGE('',*,*,#1502,.T.);
#5256 = ORIENTED_EDGE('',*,*,#5170,.F.);
#5257 = ORIENTED_EDGE('',*,*,#5258,.F.);
#5258 = EDGE_CURVE('',#5226,#5171,#5259,.T.);
#5259 = LINE('',#5260,#5261);
#5260 = CARTESIAN_POINT('',(-34.03373757636,-108.,131.));
#5261 = VECTOR('',#5262,1.);
#5262 = DIRECTION('',(1.,0.,0.));
#5263 = PLANE('',#5264);
#5264 = AXIS2_PLACEMENT_3D('',#5265,#5266,#5267);
#5265 = CARTESIAN_POINT('',(-30.85261728077,-108.,125.90372291114));
#5266 = DIRECTION('',(0.,-1.,2.22044604925E-16));
#5267 = DIRECTION('',(1.,0.,0.));
#5268 = ADVANCED_FACE('',(#5269),#5295,.T.);
#5269 = FACE_BOUND('',#5270,.T.);
#5270 = EDGE_LOOP('',(#5271,#5279,#5288,#5294));
#5271 = ORIENTED_EDGE('',*,*,#5272,.F.);
#5272 = EDGE_CURVE('',#5273,#1580,#5275,.T.);
#5273 = VERTEX_POINT('',#5274);
#5274 = CARTESIAN_POINT('',(-23.94966718336,-113.5007200056,128.44));
#5275 = LINE('',#5276,#5277);
#5276 = CARTESIAN_POINT('',(-23.94966718336,-107.,128.44));
#5277 = VECTOR('',#5278,1.);
#5278 = DIRECTION('',(0.,1.,-3.330669073875E-16));
#5279 = ORIENTED_EDGE('',*,*,#5280,.T.);
#5280 = EDGE_CURVE('',#5273,#5281,#5283,.T.);
#5281 = VERTEX_POINT('',#5282);
#5282 = CARTESIAN_POINT('',(-21.59715510166,-113.9717635711,128.44));
#5283 = CIRCLE('',#5284,116.);
#5284 = AXIS2_PLACEMENT_3D('',#5285,#5286,#5287);
#5285 = CARTESIAN_POINT('',(0.,0.,128.44));
#5286 = DIRECTION('',(0.,0.,1.));
#5287 = DIRECTION('',(1.,0.,0.));
#5288 = ORIENTED_EDGE('',*,*,#5289,.F.);
#5289 = EDGE_CURVE('',#1582,#5281,#5290,.T.);
#5290 = LINE('',#5291,#5292);
#5291 = CARTESIAN_POINT('',(-21.59715510166,-107.,128.44));
#5292 = VECTOR('',#5293,1.);
#5293 = DIRECTION('',(0.,-1.,3.330669073875E-16));
#5294 = ORIENTED_EDGE('',*,*,#1579,.F.);
#5295 = PLANE('',#5296);
#5296 = AXIS2_PLACEMENT_3D('',#5297,#5298,#5299);
#5297 = CARTESIAN_POINT('',(-36.03373757636,-106.,128.44));
#5298 = DIRECTION('',(0.,3.330669073875E-16,1.));
#5299 = DIRECTION('',(0.,-1.,3.330669073875E-16));
#5300 = ADVANCED_FACE('',(#5301),#5319,.F.);
#5301 = FACE_BOUND('',#5302,.F.);
#5302 = EDGE_LOOP('',(#5303,#5304,#5312,#5318));
#5303 = ORIENTED_EDGE('',*,*,#1624,.T.);
#5304 = ORIENTED_EDGE('',*,*,#5305,.T.);
#5305 = EDGE_CURVE('',#1616,#5306,#5308,.T.);
#5306 = VERTEX_POINT('',#5307);
#5307 = CARTESIAN_POINT('',(-21.59715510166,-113.9717635711,
    128.89915200145));
#5308 = LINE('',#5309,#5310);
#5309 = CARTESIAN_POINT('',(-21.59715510166,-108.,128.89915200145));
#5310 = VECTOR('',#5311,1.);
#5311 = DIRECTION('',(0.,-1.,2.22044604925E-16));
#5312 = ORIENTED_EDGE('',*,*,#5313,.F.);
#5313 = EDGE_CURVE('',#5281,#5306,#5314,.T.);
#5314 = LINE('',#5315,#5316);
#5315 = CARTESIAN_POINT('',(-21.59715510166,-113.9717635711,70.));
#5316 = VECTOR('',#5317,1.);
#5317 = DIRECTION('',(0.,0.,1.));
#5318 = ORIENTED_EDGE('',*,*,#5289,.F.);
#5319 = PLANE('',#5320);
#5320 = AXIS2_PLACEMENT_3D('',#5321,#5322,#5323);
#5321 = CARTESIAN_POINT('',(-21.59715510166,-108.,128.89915200145));
#5322 = DIRECTION('',(1.,0.,0.));
#5323 = DIRECTION('',(0.,-2.22044604925E-16,-1.));
#5324 = ADVANCED_FACE('',(#5325),#5344,.F.);
#5325 = FACE_BOUND('',#5326,.F.);
#5326 = EDGE_LOOP('',(#5327,#5328,#5336,#5343));
#5327 = ORIENTED_EDGE('',*,*,#1615,.T.);
#5328 = ORIENTED_EDGE('',*,*,#5329,.T.);
#5329 = EDGE_CURVE('',#1608,#5330,#5332,.T.);
#5330 = VERTEX_POINT('',#5331);
#5331 = CARTESIAN_POINT('',(-16.38661438862,-114.8367487735,
    128.89915200145));
#5332 = LINE('',#5333,#5334);
#5333 = CARTESIAN_POINT('',(-16.38661438862,-108.,128.89915200145));
#5334 = VECTOR('',#5335,1.);
#5335 = DIRECTION('',(0.,-1.,2.22044604925E-16));
#5336 = ORIENTED_EDGE('',*,*,#5337,.F.);
#5337 = EDGE_CURVE('',#5306,#5330,#5338,.T.);
#5338 = CIRCLE('',#5339,116.);
#5339 = AXIS2_PLACEMENT_3D('',#5340,#5341,#5342);
#5340 = CARTESIAN_POINT('',(0.,0.,128.89915200145));
#5341 = DIRECTION('',(0.,0.,1.));
#5342 = DIRECTION('',(1.,0.,0.));
#5343 = ORIENTED_EDGE('',*,*,#5305,.F.);
#5344 = PLANE('',#5345);
#5345 = AXIS2_PLACEMENT_3D('',#5346,#5347,#5348);
#5346 = CARTESIAN_POINT('',(-16.38661438862,-108.,128.89915200145));
#5347 = DIRECTION('',(0.,-2.22044604925E-16,-1.));
#5348 = DIRECTION('',(-1.,0.,0.));
#5349 = ADVANCED_FACE('',(#5350),#5368,.F.);
#5350 = FACE_BOUND('',#5351,.F.);
#5351 = EDGE_LOOP('',(#5352,#5353,#5361,#5367));
#5352 = ORIENTED_EDGE('',*,*,#1607,.T.);
#5353 = ORIENTED_EDGE('',*,*,#5354,.T.);
#5354 = EDGE_CURVE('',#1599,#5355,#5357,.T.);
#5355 = VERTEX_POINT('',#5356);
#5356 = CARTESIAN_POINT('',(-16.38661438862,-114.8367487735,131.));
#5357 = LINE('',#5358,#5359);
#5358 = CARTESIAN_POINT('',(-16.38661438862,-108.,131.));
#5359 = VECTOR('',#5360,1.);
#5360 = DIRECTION('',(0.,-1.,2.22044604925E-16));
#5361 = ORIENTED_EDGE('',*,*,#5362,.F.);
#5362 = EDGE_CURVE('',#5330,#5355,#5363,.T.);
#5363 = LINE('',#5364,#5365);
#5364 = CARTESIAN_POINT('',(-16.38661438862,-114.8367487735,70.));
#5365 = VECTOR('',#5366,1.);
#5366 = DIRECTION('',(0.,0.,1.));
#5367 = ORIENTED_EDGE('',*,*,#5329,.F.);
#5368 = PLANE('',#5369);
#5369 = AXIS2_PLACEMENT_3D('',#5370,#5371,#5372);
#5370 = CARTESIAN_POINT('',(-16.38661438862,-108.,131.));
#5371 = DIRECTION('',(1.,0.,0.));
#5372 = DIRECTION('',(0.,-2.22044604925E-16,-1.));
#5373 = ADVANCED_FACE('',(#5374),#5393,.F.);
#5374 = FACE_BOUND('',#5375,.F.);
#5375 = EDGE_LOOP('',(#5376,#5377,#5385,#5392));
#5376 = ORIENTED_EDGE('',*,*,#1598,.F.);
#5377 = ORIENTED_EDGE('',*,*,#5378,.T.);
#5378 = EDGE_CURVE('',#1591,#5379,#5381,.T.);
#5379 = VERTEX_POINT('',#5380);
#5380 = CARTESIAN_POINT('',(-23.94966718336,-113.5007200056,131.));
#5381 = LINE('',#5382,#5383);
#5382 = CARTESIAN_POINT('',(-23.94966718336,-108.,131.));
#5383 = VECTOR('',#5384,1.);
#5384 = DIRECTION('',(0.,-1.,2.22044604925E-16));
#5385 = ORIENTED_EDGE('',*,*,#5386,.T.);
#5386 = EDGE_CURVE('',#5379,#5355,#5387,.T.);
#5387 = CIRCLE('',#5388,116.);
#5388 = AXIS2_PLACEMENT_3D('',#5389,#5390,#5391);
#5389 = CARTESIAN_POINT('',(0.,0.,131.));
#5390 = DIRECTION('',(0.,0.,1.));
#5391 = DIRECTION('',(1.,0.,0.));
#5392 = ORIENTED_EDGE('',*,*,#5354,.F.);
#5393 = PLANE('',#5394);
#5394 = AXIS2_PLACEMENT_3D('',#5395,#5396,#5397);
#5395 = CARTESIAN_POINT('',(-23.94966718336,-108.,131.));
#5396 = DIRECTION('',(0.,2.22044604925E-16,1.));
#5397 = DIRECTION('',(1.,0.,0.));
#5398 = ADVANCED_FACE('',(#5399),#5410,.F.);
#5399 = FACE_BOUND('',#5400,.F.);
#5400 = EDGE_LOOP('',(#5401,#5402,#5403,#5409));
#5401 = ORIENTED_EDGE('',*,*,#1590,.F.);
#5402 = ORIENTED_EDGE('',*,*,#5272,.F.);
#5403 = ORIENTED_EDGE('',*,*,#5404,.T.);
#5404 = EDGE_CURVE('',#5273,#5379,#5405,.T.);
#5405 = LINE('',#5406,#5407);
#5406 = CARTESIAN_POINT('',(-23.94966718336,-113.5007200056,70.));
#5407 = VECTOR('',#5408,1.);
#5408 = DIRECTION('',(0.,0.,1.));
#5409 = ORIENTED_EDGE('',*,*,#5378,.F.);
#5410 = PLANE('',#5411);
#5411 = AXIS2_PLACEMENT_3D('',#5412,#5413,#5414);
#5412 = CARTESIAN_POINT('',(-23.94966718336,-108.,119.));
#5413 = DIRECTION('',(-1.,0.,0.));
#5414 = DIRECTION('',(0.,2.22044604925E-16,1.));
#5415 = ADVANCED_FACE('',(#5416),#5442,.T.);
#5416 = FACE_BOUND('',#5417,.T.);
#5417 = EDGE_LOOP('',(#5418,#5426,#5435,#5441));
#5418 = ORIENTED_EDGE('',*,*,#5419,.F.);
#5419 = EDGE_CURVE('',#5420,#1633,#5422,.T.);
#5420 = VERTEX_POINT('',#5421);
#5421 = CARTESIAN_POINT('',(-13.86559679037,-115.1683343009,123.16));
#5422 = LINE('',#5423,#5424);
#5423 = CARTESIAN_POINT('',(-13.86559679037,-107.,123.16));
#5424 = VECTOR('',#5425,1.);
#5425 = DIRECTION('',(0.,1.,-3.330669073875E-16));
#5426 = ORIENTED_EDGE('',*,*,#5427,.T.);
#5427 = EDGE_CURVE('',#5420,#5428,#5430,.T.);
#5428 = VERTEX_POINT('',#5429);
#5429 = CARTESIAN_POINT('',(-11.42883195039,-115.4356175547,123.16));
#5430 = CIRCLE('',#5431,116.);
#5431 = AXIS2_PLACEMENT_3D('',#5432,#5433,#5434);
#5432 = CARTESIAN_POINT('',(0.,0.,123.16));
#5433 = DIRECTION('',(0.,0.,1.));
#5434 = DIRECTION('',(1.,0.,0.));
#5435 = ORIENTED_EDGE('',*,*,#5436,.F.);
#5436 = EDGE_CURVE('',#1635,#5428,#5437,.T.);
#5437 = LINE('',#5438,#5439);
#5438 = CARTESIAN_POINT('',(-11.42883195039,-107.,123.16));
#5439 = VECTOR('',#5440,1.);
#5440 = DIRECTION('',(0.,-1.,3.330669073875E-16));
#5441 = ORIENTED_EDGE('',*,*,#1632,.F.);
#5442 = PLANE('',#5443);
#5443 = AXIS2_PLACEMENT_3D('',#5444,#5445,#5446);
#5444 = CARTESIAN_POINT('',(-36.03373757636,-106.,123.16));
#5445 = DIRECTION('',(0.,3.330669073875E-16,1.));
#5446 = DIRECTION('',(0.,-1.,3.330669073875E-16));
#5447 = ADVANCED_FACE('',(#5448),#5466,.F.);
#5448 = FACE_BOUND('',#5449,.F.);
#5449 = EDGE_LOOP('',(#5450,#5451,#5459,#5465));
#5450 = ORIENTED_EDGE('',*,*,#1800,.T.);
#5451 = ORIENTED_EDGE('',*,*,#5452,.T.);
#5452 = EDGE_CURVE('',#1792,#5453,#5455,.T.);
#5453 = VERTEX_POINT('',#5454);
#5454 = CARTESIAN_POINT('',(-11.42883195039,-115.4356175547,
    123.52119996352));
#5455 = LINE('',#5456,#5457);
#5456 = CARTESIAN_POINT('',(-11.42883195039,-108.,123.52119996352));
#5457 = VECTOR('',#5458,1.);
#5458 = DIRECTION('',(0.,-1.,2.22044604925E-16));
#5459 = ORIENTED_EDGE('',*,*,#5460,.F.);
#5460 = EDGE_CURVE('',#5428,#5453,#5461,.T.);
#5461 = LINE('',#5462,#5463);
#5462 = CARTESIAN_POINT('',(-11.42883195039,-115.4356175547,70.));
#5463 = VECTOR('',#5464,1.);
#5464 = DIRECTION('',(0.,0.,1.));
#5465 = ORIENTED_EDGE('',*,*,#5436,.F.);
#5466 = PLANE('',#5467);
#5467 = AXIS2_PLACEMENT_3D('',#5468,#5469,#5470);
#5468 = CARTESIAN_POINT('',(-11.42883195039,-108.,123.52119996352));
#5469 = DIRECTION('',(1.,0.,0.));
#5470 = DIRECTION('',(0.,-2.22044604925E-16,-1.));
#5471 = ADVANCED_FACE('',(#5472),#5491,.F.);
#5472 = FACE_BOUND('',#5473,.F.);
#5473 = EDGE_LOOP('',(#5474,#5475,#5483,#5490));
#5474 = ORIENTED_EDGE('',*,*,#1791,.T.);
#5475 = ORIENTED_EDGE('',*,*,#5476,.T.);
#5476 = EDGE_CURVE('',#1783,#5477,#5479,.T.);
#5477 = VERTEX_POINT('',#5478);
#5478 = CARTESIAN_POINT('',(-10.47086714689,-115.526451262,
    123.52119996352));
#5479 = LINE('',#5480,#5481);
#5480 = CARTESIAN_POINT('',(-10.47086714689,-108.,123.52119996352));
#5481 = VECTOR('',#5482,1.);
#5482 = DIRECTION('',(0.,-1.,2.22044604925E-16));
#5483 = ORIENTED_EDGE('',*,*,#5484,.F.);
#5484 = EDGE_CURVE('',#5453,#5477,#5485,.T.);
#5485 = CIRCLE('',#5486,116.);
#5486 = AXIS2_PLACEMENT_3D('',#5487,#5488,#5489);
#5487 = CARTESIAN_POINT('',(0.,0.,123.52119996352));
#5488 = DIRECTION('',(0.,0.,1.));
#5489 = DIRECTION('',(1.,0.,0.));
#5490 = ORIENTED_EDGE('',*,*,#5452,.F.);
#5491 = PLANE('',#5492);
#5492 = AXIS2_PLACEMENT_3D('',#5493,#5494,#5495);
#5493 = CARTESIAN_POINT('',(-10.47086714689,-108.,123.52119996352));
#5494 = DIRECTION('',(0.,-2.22044604925E-16,-1.));
#5495 = DIRECTION('',(-1.,0.,0.));
#5496 = ADVANCED_FACE('',(#5497),#5516,.F.);
#5497 = FACE_BOUND('',#5498,.F.);
#5498 = EDGE_LOOP('',(#5499,#5500,#5508,#5515));
#5499 = ORIENTED_EDGE('',*,*,#1782,.F.);
#5500 = ORIENTED_EDGE('',*,*,#5501,.F.);
#5501 = EDGE_CURVE('',#5502,#1774,#5504,.T.);
#5502 = VERTEX_POINT('',#5503);
#5503 = CARTESIAN_POINT('',(-10.2708172639,-115.5444084009,123.16));
#5504 = LINE('',#5505,#5506);
#5505 = CARTESIAN_POINT('',(-10.2708172639,-107.,123.16));
#5506 = VECTOR('',#5507,1.);
#5507 = DIRECTION('',(6.148948189387E-17,1.,-3.330669073875E-16));
#5508 = ORIENTED_EDGE('',*,*,#5509,.T.);
#5509 = EDGE_CURVE('',#5502,#5477,#5510,.T.);
#5510 = ELLIPSE('',#5511,239.42155377087,116.);
#5511 = AXIS2_PLACEMENT_3D('',#5512,#5513,#5514);
#5512 = CARTESIAN_POINT('',(0.,0.,104.61553116257));
#5513 = DIRECTION('',(-0.874790665847,-1.07580849617E-16,-0.484501074248
    ));
#5514 = DIRECTION('',(-0.484501074248,-5.958344006501E-17,0.874790665847
    ));
#5515 = ORIENTED_EDGE('',*,*,#5476,.F.);
#5516 = PLANE('',#5517);
#5517 = AXIS2_PLACEMENT_3D('',#5518,#5519,#5520);
#5518 = CARTESIAN_POINT('',(-7.966809519467,-108.,119.));
#5519 = DIRECTION('',(-0.874790665847,-1.07580849617E-16,-0.484501074248
    ));
#5520 = DIRECTION('',(-0.484501074248,1.942425477901E-16,0.874790665847)
  );
#5521 = ADVANCED_FACE('',(#5522),#5541,.T.);
#5522 = FACE_BOUND('',#5523,.T.);
#5523 = EDGE_LOOP('',(#5524,#5532,#5533,#5534));
#5524 = ORIENTED_EDGE('',*,*,#5525,.F.);
#5525 = EDGE_CURVE('',#1765,#5526,#5528,.T.);
#5526 = VERTEX_POINT('',#5527);
#5527 = CARTESIAN_POINT('',(-7.789209492717,-115.738188233,123.16));
#5528 = LINE('',#5529,#5530);
#5529 = CARTESIAN_POINT('',(-7.789209492717,-107.,123.16));
#5530 = VECTOR('',#5531,1.);
#5531 = DIRECTION('',(-6.433716697623E-17,-1.,3.330669073875E-16));
#5532 = ORIENTED_EDGE('',*,*,#1773,.F.);
#5533 = ORIENTED_EDGE('',*,*,#5501,.F.);
#5534 = ORIENTED_EDGE('',*,*,#5535,.T.);
#5535 = EDGE_CURVE('',#5502,#5526,#5536,.T.);
#5536 = CIRCLE('',#5537,116.);
#5537 = AXIS2_PLACEMENT_3D('',#5538,#5539,#5540);
#5538 = CARTESIAN_POINT('',(0.,0.,123.16));
#5539 = DIRECTION('',(0.,0.,1.));
#5540 = DIRECTION('',(1.,0.,0.));
#5541 = PLANE('',#5542);
#5542 = AXIS2_PLACEMENT_3D('',#5543,#5544,#5545);
#5543 = CARTESIAN_POINT('',(-36.03373757636,-106.,123.16));
#5544 = DIRECTION('',(0.,3.330669073875E-16,1.));
#5545 = DIRECTION('',(0.,-1.,3.330669073875E-16));
#5546 = ADVANCED_FACE('',(#5547),#5566,.F.);
#5547 = FACE_BOUND('',#5548,.F.);
#5548 = EDGE_LOOP('',(#5549,#5550,#5558,#5565));
#5549 = ORIENTED_EDGE('',*,*,#1764,.F.);
#5550 = ORIENTED_EDGE('',*,*,#5551,.T.);
#5551 = EDGE_CURVE('',#1746,#5552,#5554,.T.);
#5552 = VERTEX_POINT('',#5553);
#5553 = CARTESIAN_POINT('',(-8.319686331722,-115.701265418,
    124.0754080423));
#5554 = LINE('',#5555,#5556);
#5555 = CARTESIAN_POINT('',(-8.319686331722,-108.,124.0754080423));
#5556 = VECTOR('',#5557,1.);
#5557 = DIRECTION('',(0.,-1.,2.22044604925E-16));
#5558 = ORIENTED_EDGE('',*,*,#5559,.T.);
#5559 = EDGE_CURVE('',#5552,#5526,#5560,.T.);
#5560 = ELLIPSE('',#5561,231.35551710054,116.);
#5561 = AXIS2_PLACEMENT_3D('',#5562,#5563,#5564);
#5562 = CARTESIAN_POINT('',(0.,0.,109.7186874137));
#5563 = DIRECTION('',(0.865219751852,1.11331575292E-16,0.501392841));
#5564 = DIRECTION('',(-0.501392841,-6.451638986417E-17,0.865219751852));
#5565 = ORIENTED_EDGE('',*,*,#5525,.F.);
#5566 = PLANE('',#5567);
#5567 = AXIS2_PLACEMENT_3D('',#5568,#5569,#5570);
#5568 = CARTESIAN_POINT('',(-8.319686331722,-108.,124.0754080423));
#5569 = DIRECTION('',(0.865219751852,1.11331575292E-16,0.501392841));
#5570 = DIRECTION('',(0.501392841,-1.921173779732E-16,-0.865219751852));
#5571 = ADVANCED_FACE('',(#5572),#5601,.F.);
#5572 = FACE_BOUND('',#5573,.F.);
#5573 = EDGE_LOOP('',(#5574,#5575,#5583,#5600));
#5574 = ORIENTED_EDGE('',*,*,#1745,.T.);
#5575 = ORIENTED_EDGE('',*,*,#5576,.T.);
#5576 = EDGE_CURVE('',#1729,#5577,#5579,.T.);
#5577 = VERTEX_POINT('',#5578);
#5578 = CARTESIAN_POINT('',(-6.832132761922,-115.7986267704,
    125.34467037476));
#5579 = LINE('',#5580,#5581);
#5580 = CARTESIAN_POINT('',(-6.832132761922,-108.,125.34467037476));
#5581 = VECTOR('',#5582,1.);
#5582 = DIRECTION('',(0.,-1.,2.22044604925E-16));
#5583 = ORIENTED_EDGE('',*,*,#5584,.F.);
#5584 = EDGE_CURVE('',#5552,#5577,#5585,.T.);
#5585 = B_SPLINE_CURVE_WITH_KNOTS('',5,(#5586,#5587,#5588,#5589,#5590,
    #5591,#5592,#5593,#5594,#5595,#5596,#5597,#5598,#5599),
  .UNSPECIFIED.,.F.,.F.,(6,4,4,6),(0.,0.111712534462,0.545444365645,1.),
  .UNSPECIFIED.);
#5586 = CARTESIAN_POINT('',(-8.319686331722,-115.701265418,
    124.0754080423));
#5587 = CARTESIAN_POINT('',(-8.276429466597,-115.7043758728,
    124.09626986569));
#5588 = CARTESIAN_POINT('',(-8.233654145285,-115.7074313806,
    124.11762743128));
#5589 = CARTESIAN_POINT('',(-8.191375115543,-115.7104317919,
    124.13947634855));
#5590 = CARTESIAN_POINT('',(-8.149606022905,-115.7133770629,
    124.16181100934));
#5591 = CARTESIAN_POINT('',(-7.948216515948,-115.7274886355,
    124.27319992285));
#5592 = CARTESIAN_POINT('',(-7.795934926037,-115.7378807234,
    124.36900270748));
#5593 = CARTESIAN_POINT('',(-7.652294109293,-115.7474440149,
    124.47161219275));
#5594 = CARTESIAN_POINT('',(-7.517649408563,-115.7562127127,
    124.58039402049));
#5595 = CARTESIAN_POINT('',(-7.260463460001,-115.7726352015,
    124.81429623299));
#5596 = CARTESIAN_POINT('',(-7.138799657999,-115.7802161407,
    124.93996394535));
#5597 = CARTESIAN_POINT('',(-7.027126472158,-115.7870284999,
    125.07078130887));
#5598 = CARTESIAN_POINT('',(-6.92507096866,-115.7931434051,
    125.20591493584));
#5599 = CARTESIAN_POINT('',(-6.832132761922,-115.7986267704,
    125.34467037476));
#5600 = ORIENTED_EDGE('',*,*,#5551,.F.);
#5601 = SURFACE_OF_LINEAR_EXTRUSION('',#5602,#5606);
#5602 = B_SPLINE_CURVE_WITH_KNOTS('',2,(#5603,#5604,#5605),
  .UNSPECIFIED.,.F.,.F.,(3,3),(0.,1.),.PIECEWISE_BEZIER_KNOTS.);
#5603 = CARTESIAN_POINT('',(-6.832132761922,-108.,125.34467037476));
#5604 = CARTESIAN_POINT('',(-7.37813440321,-108.,124.52949758366));
#5605 = CARTESIAN_POINT('',(-8.319686331722,-108.,124.0754080423));
#5606 = VECTOR('',#5607,1.);
#5607 = DIRECTION('',(-0.,1.,-2.22044604925E-16));
#5608 = ADVANCED_FACE('',(#5609),#5638,.F.);
#5609 = FACE_BOUND('',#5610,.F.);
#5610 = EDGE_LOOP('',(#5611,#5612,#5622,#5637));
#5611 = ORIENTED_EDGE('',*,*,#1728,.T.);
#5612 = ORIENTED_EDGE('',*,*,#5613,.F.);
#5613 = EDGE_CURVE('',#5614,#1720,#5616,.T.);
#5614 = VERTEX_POINT('',#5615);
#5615 = CARTESIAN_POINT('',(-6.315456308413,-115.8279543617,126.84));
#5616 = B_SPLINE_CURVE_WITH_KNOTS('',4,(#5617,#5618,#5619,#5620,#5621),
  .UNSPECIFIED.,.F.,.F.,(5,5),(0.,1.),.PIECEWISE_BEZIER_KNOTS.);
#5617 = CARTESIAN_POINT('',(-6.315456308413,-128.0000006,126.84));
#5618 = CARTESIAN_POINT('',(-6.315456308413,-123.0000003,126.84));
#5619 = CARTESIAN_POINT('',(-6.315456308413,-118.,126.84));
#5620 = CARTESIAN_POINT('',(-6.315456308413,-112.9999997,126.84));
#5621 = CARTESIAN_POINT('',(-6.315456308413,-107.9999994,126.84));
#5622 = ORIENTED_EDGE('',*,*,#5623,.F.);
#5623 = EDGE_CURVE('',#5577,#5614,#5624,.T.);
#5624 = B_SPLINE_CURVE_WITH_KNOTS('',6,(#5625,#5626,#5627,#5628,#5629,
    #5630,#5631,#5632,#5633,#5634,#5635,#5636),.UNSPECIFIED.,.F.,.F.,(7,
    5,7),(0.,0.476126673786,1.),.UNSPECIFIED.);
#5625 = CARTESIAN_POINT('',(-6.832132761922,-115.7986267704,
    125.34467037476));
#5626 = CARTESIAN_POINT('',(-6.758780884229,-115.8029545399,
    125.45418369917));
#5627 = CARTESIAN_POINT('',(-6.692509044279,-115.8068086326,
    125.56640932839));
#5628 = CARTESIAN_POINT('',(-6.633070600177,-115.8102238796,
    125.6809224326));
#5629 = CARTESIAN_POINT('',(-6.580122275593,-115.8132362091,
    125.79733656061));
#5630 = CARTESIAN_POINT('',(-6.533290304353,-115.8158789269,
    125.91532384234));
#5631 = CARTESIAN_POINT('',(-6.446986345133,-115.8207167032,
    126.16588662334));
#5632 = CARTESIAN_POINT('',(-6.408726657817,-115.8228401165,
    126.29872987578));
#5633 = CARTESIAN_POINT('',(-6.376913620714,-115.8245931352,
    126.43281243933));
#5634 = CARTESIAN_POINT('',(-6.351059593236,-115.826010704,
    126.56785337106));
#5635 = CARTESIAN_POINT('',(-6.330709687434,-115.8271226795,
    126.70363416657));
#5636 = CARTESIAN_POINT('',(-6.315456156569,-115.8279543699,
    126.84000135749));
#5637 = ORIENTED_EDGE('',*,*,#5576,.F.);
#5638 = SURFACE_OF_LINEAR_EXTRUSION('',#5639,#5643);
#5639 = B_SPLINE_CURVE_WITH_KNOTS('',2,(#5640,#5641,#5642),
  .UNSPECIFIED.,.F.,.F.,(3,3),(0.,1.),.PIECEWISE_BEZIER_KNOTS.);
#5640 = CARTESIAN_POINT('',(-6.286131120635,-108.,127.38643202334));
#5641 = CARTESIAN_POINT('',(-6.286131120635,-108.,126.15984316586));
#5642 = CARTESIAN_POINT('',(-6.832132761922,-108.,125.34467037476));
#5643 = VECTOR('',#5644,1.);
#5644 = DIRECTION('',(-0.,1.,-2.22044604925E-16));
#5645 = ADVANCED_FACE('',(#5646),#5667,.F.);
#5646 = FACE_BOUND('',#5647,.F.);
#5647 = EDGE_LOOP('',(#5648,#5657,#5658,#5659));
#5648 = ORIENTED_EDGE('',*,*,#5649,.T.);
#5649 = EDGE_CURVE('',#5650,#5614,#5652,.T.);
#5650 = VERTEX_POINT('',#5651);
#5651 = CARTESIAN_POINT('',(-8.78631987038,-115.6667652488,126.84));
#5652 = CIRCLE('',#5653,116.);
#5653 = AXIS2_PLACEMENT_3D('',#5654,#5655,#5656);
#5654 = CARTESIAN_POINT('',(0.,0.,126.84));
#5655 = DIRECTION('',(0.,0.,1.));
#5656 = DIRECTION('',(1.,0.,0.));
#5657 = ORIENTED_EDGE('',*,*,#5613,.T.);
#5658 = ORIENTED_EDGE('',*,*,#1719,.F.);
#5659 = ORIENTED_EDGE('',*,*,#5660,.F.);
#5660 = EDGE_CURVE('',#5650,#1678,#5661,.T.);
#5661 = B_SPLINE_CURVE_WITH_KNOTS('',4,(#5662,#5663,#5664,#5665,#5666),
  .UNSPECIFIED.,.F.,.F.,(5,5),(0.,1.),.PIECEWISE_BEZIER_KNOTS.);
#5662 = CARTESIAN_POINT('',(-8.78631987038,-128.0000006,126.84));
#5663 = CARTESIAN_POINT('',(-8.78631987038,-123.0000003,126.84));
#5664 = CARTESIAN_POINT('',(-8.78631987038,-118.,126.84));
#5665 = CARTESIAN_POINT('',(-8.78631987038,-112.9999997,126.84));
#5666 = CARTESIAN_POINT('',(-8.78631987038,-107.9999994,126.84));
#5667 = PLANE('',#5668);
#5668 = AXIS2_PLACEMENT_3D('',#5669,#5670,#5671);
#5669 = CARTESIAN_POINT('',(-36.03373757636,-106.,126.84));
#5670 = DIRECTION('',(0.,3.330669073875E-16,1.));
#5671 = DIRECTION('',(0.,-1.,3.330669073875E-16));
#5672 = ADVANCED_FACE('',(#5673),#5725,.F.);
#5673 = FACE_BOUND('',#5674,.F.);
#5674 = EDGE_LOOP('',(#5675,#5676,#5684,#5724));
#5675 = ORIENTED_EDGE('',*,*,#1677,.T.);
#5676 = ORIENTED_EDGE('',*,*,#5677,.T.);
#5677 = EDGE_CURVE('',#1669,#5678,#5680,.T.);
#5678 = VERTEX_POINT('',#5679);
#5679 = CARTESIAN_POINT('',(-10.70611835506,-115.5048874713,
    125.58812802042));
#5680 = LINE('',#5681,#5682);
#5681 = CARTESIAN_POINT('',(-10.70611835506,-108.,125.58812802042));
#5682 = VECTOR('',#5683,1.);
#5683 = DIRECTION('',(0.,-1.,2.22044604925E-16));
#5684 = ORIENTED_EDGE('',*,*,#5685,.F.);
#5685 = EDGE_CURVE('',#5650,#5678,#5686,.T.);
#5686 = B_SPLINE_CURVE_WITH_KNOTS('',6,(#5687,#5688,#5689,#5690,#5691,
    #5692,#5693,#5694,#5695,#5696,#5697,#5698,#5699,#5700,#5701,#5702,
    #5703,#5704,#5705,#5706,#5707,#5708,#5709,#5710,#5711,#5712,#5713,
    #5714,#5715,#5716,#5717,#5718,#5719,#5720,#5721,#5722,#5723),
  .UNSPECIFIED.,.F.,.F.,(7,5,5,5,5,5,5,7),(0.,0.255405742204,
    0.359433779483,0.419535068835,0.544449988669,0.713352842198,
    0.803430280521,1.),.UNSPECIFIED.);
#5687 = CARTESIAN_POINT('',(-8.78631950767,-115.6667652764,
    126.84000177512));
#5688 = CARTESIAN_POINT('',(-8.804324326088,-115.665397588,
    126.75188489926));
#5689 = CARTESIAN_POINT('',(-8.827133714249,-115.6636615532,
    126.66446203129));
#5690 = CARTESIAN_POINT('',(-8.855344751304,-115.6615084149,
    126.57793589829));
#5691 = CARTESIAN_POINT('',(-8.889652474966,-115.6588797888,
    126.49269046263));
#5692 = CARTESIAN_POINT('',(-8.930837414267,-115.6557069013,
    126.40928884338));
#5693 = CARTESIAN_POINT('',(-8.999513545432,-115.6503746357,
    126.29551235364));
#5694 = CARTESIAN_POINT('',(-9.020650261151,-115.6487293793,
    126.2630116112));
#5695 = CARTESIAN_POINT('',(-9.043093831316,-115.6469775518,
    126.23099116002));
#5696 = CARTESIAN_POINT('',(-9.066886955128,-115.6451146825,
    126.19950945368));
#5697 = CARTESIAN_POINT('',(-9.092064214172,-115.6431367587,
    126.16863001489));
#5698 = CARTESIAN_POINT('',(-9.134006197162,-115.6398295058,
    126.12096590307));
#5699 = CARTESIAN_POINT('',(-9.149833923822,-115.6385789791,
    126.10373545093));
#5700 = CARTESIAN_POINT('',(-9.166135308377,-115.6372883565,
    126.08674139042));
#5701 = CARTESIAN_POINT('',(-9.182912982731,-115.6359571302,
    126.06999688741));
#5702 = CARTESIAN_POINT('',(-9.200167858712,-115.6345849119,
    126.05351519409));
#5703 = CARTESIAN_POINT('',(-9.254751916331,-115.630233649,
    126.00362793617));
#5704 = CARTESIAN_POINT('',(-9.293665297349,-115.6271174139,
    125.97113623317));
#5705 = CARTESIAN_POINT('',(-9.334625429472,-115.6238208726,
    125.93995853097));
#5706 = CARTESIAN_POINT('',(-9.377587152704,-115.620344374,
    125.91020719596));
#5707 = CARTESIAN_POINT('',(-9.422466615488,-115.6166913353,
    125.88197768866));
#5708 = CARTESIAN_POINT('',(-9.532234752695,-115.6077009071,
    125.81932975209));
#5709 = CARTESIAN_POINT('',(-9.598621287123,-115.6022220028,
    125.78622291035));
#5710 = CARTESIAN_POINT('',(-9.667964403749,-115.5964511657,
    125.75621302162));
#5711 = CARTESIAN_POINT('',(-9.739875556326,-115.5904129161,
    125.72935788917));
#5712 = CARTESIAN_POINT('',(-9.81393571025,-115.5841358138,
    125.70561749364));
#5713 = CARTESIAN_POINT('',(-9.93014304802,-115.5741922086,
    125.67383374004));
#5714 = CARTESIAN_POINT('',(-9.97105857874,-115.5706740713,
    125.66363395238));
#5715 = CARTESIAN_POINT('',(-10.01241228387,-115.5671005633,
    125.65427253219));
#5716 = CARTESIAN_POINT('',(-10.05414923472,-115.5634757467,
    125.64572743627));
#5717 = CARTESIAN_POINT('',(-10.09621907926,-115.5598034279,
    125.63797315903));
#5718 = CARTESIAN_POINT('',(-10.23101154838,-115.5479771031,
    125.61572751541));
#5719 = CARTESIAN_POINT('',(-10.32480476131,-115.5396585392,
    125.60411195253));
#5720 = CARTESIAN_POINT('',(-10.41951472676,-115.5311651434,
    125.59584428363));
#5721 = CARTESIAN_POINT('',(-10.51478937186,-115.5225256572,
    125.59061526684));
#5722 = CARTESIAN_POINT('',(-10.61037391114,-115.5137619992,
    125.58812802042));
#5723 = CARTESIAN_POINT('',(-10.70611835506,-115.5048874713,
    125.58812802042));
#5724 = ORIENTED_EDGE('',*,*,#5660,.T.);
#5725 = SURFACE_OF_LINEAR_EXTRUSION('',#5726,#5730);
#5726 = B_SPLINE_CURVE_WITH_KNOTS('',2,(#5727,#5728,#5729),
  .UNSPECIFIED.,.F.,.F.,(3,3),(0.,1.),.PIECEWISE_BEZIER_KNOTS.);
#5727 = CARTESIAN_POINT('',(-10.70611835506,-108.,125.58812802042));
#5728 = CARTESIAN_POINT('',(-8.739855931431,-108.,125.58812802042));
#5729 = CARTESIAN_POINT('',(-8.739855931431,-108.,127.33609920671));
#5730 = VECTOR('',#5731,1.);
#5731 = DIRECTION('',(-0.,1.,-2.22044604925E-16));
#5732 = ADVANCED_FACE('',(#5733),#5752,.F.);
#5733 = FACE_BOUND('',#5734,.F.);
#5734 = EDGE_LOOP('',(#5735,#5736,#5744,#5751));
#5735 = ORIENTED_EDGE('',*,*,#1668,.F.);
#5736 = ORIENTED_EDGE('',*,*,#5737,.T.);
#5737 = EDGE_CURVE('',#1661,#5738,#5740,.T.);
#5738 = VERTEX_POINT('',#5739);
#5739 = CARTESIAN_POINT('',(-11.42883195039,-115.4356175547,
    125.58812802042));
#5740 = LINE('',#5741,#5742);
#5741 = CARTESIAN_POINT('',(-11.42883195039,-108.,125.58812802042));
#5742 = VECTOR('',#5743,1.);
#5743 = DIRECTION('',(0.,-1.,2.22044604925E-16));
#5744 = ORIENTED_EDGE('',*,*,#5745,.T.);
#5745 = EDGE_CURVE('',#5738,#5678,#5746,.T.);
#5746 = CIRCLE('',#5747,116.);
#5747 = AXIS2_PLACEMENT_3D('',#5748,#5749,#5750);
#5748 = CARTESIAN_POINT('',(0.,0.,125.58812802042));
#5749 = DIRECTION('',(0.,0.,1.));
#5750 = DIRECTION('',(1.,0.,0.));
#5751 = ORIENTED_EDGE('',*,*,#5677,.F.);
#5752 = PLANE('',#5753);
#5753 = AXIS2_PLACEMENT_3D('',#5754,#5755,#5756);
#5754 = CARTESIAN_POINT('',(-11.42883195039,-108.,125.58812802042));
#5755 = DIRECTION('',(0.,2.22044604925E-16,1.));
#5756 = DIRECTION('',(1.,0.,0.));
#5757 = ADVANCED_FACE('',(#5758),#5776,.F.);
#5758 = FACE_BOUND('',#5759,.F.);
#5759 = EDGE_LOOP('',(#5760,#5761,#5769,#5775));
#5760 = ORIENTED_EDGE('',*,*,#1660,.T.);
#5761 = ORIENTED_EDGE('',*,*,#5762,.T.);
#5762 = EDGE_CURVE('',#1652,#5763,#5765,.T.);
#5763 = VERTEX_POINT('',#5764);
#5764 = CARTESIAN_POINT('',(-11.42883195039,-115.4356175547,126.84));
#5765 = LINE('',#5766,#5767);
#5766 = CARTESIAN_POINT('',(-11.42883195039,-107.,126.84));
#5767 = VECTOR('',#5768,1.);
#5768 = DIRECTION('',(0.,-1.,3.330669073875E-16));
#5769 = ORIENTED_EDGE('',*,*,#5770,.F.);
#5770 = EDGE_CURVE('',#5738,#5763,#5771,.T.);
#5771 = LINE('',#5772,#5773);
#5772 = CARTESIAN_POINT('',(-11.42883195039,-115.4356175547,70.));
#5773 = VECTOR('',#5774,1.);
#5774 = DIRECTION('',(0.,0.,1.));
#5775 = ORIENTED_EDGE('',*,*,#5737,.F.);
#5776 = PLANE('',#5777);
#5777 = AXIS2_PLACEMENT_3D('',#5778,#5779,#5780);
#5778 = CARTESIAN_POINT('',(-11.42883195039,-108.,128.9330719431));
#5779 = DIRECTION('',(1.,0.,0.));
#5780 = DIRECTION('',(0.,-2.22044604925E-16,-1.));
#5781 = ADVANCED_FACE('',(#5782),#5801,.F.);
#5782 = FACE_BOUND('',#5783,.F.);
#5783 = EDGE_LOOP('',(#5784,#5792,#5799,#5800));
#5784 = ORIENTED_EDGE('',*,*,#5785,.F.);
#5785 = EDGE_CURVE('',#5786,#1644,#5788,.T.);
#5786 = VERTEX_POINT('',#5787);
#5787 = CARTESIAN_POINT('',(-13.86559679037,-115.1683343009,126.84));
#5788 = LINE('',#5789,#5790);
#5789 = CARTESIAN_POINT('',(-13.86559679037,-107.,126.84));
#5790 = VECTOR('',#5791,1.);
#5791 = DIRECTION('',(0.,1.,-3.330669073875E-16));
#5792 = ORIENTED_EDGE('',*,*,#5793,.T.);
#5793 = EDGE_CURVE('',#5786,#5763,#5794,.T.);
#5794 = CIRCLE('',#5795,116.);
#5795 = AXIS2_PLACEMENT_3D('',#5796,#5797,#5798);
#5796 = CARTESIAN_POINT('',(0.,0.,126.84));
#5797 = DIRECTION('',(0.,0.,1.));
#5798 = DIRECTION('',(1.,0.,0.));
#5799 = ORIENTED_EDGE('',*,*,#5762,.F.);
#5800 = ORIENTED_EDGE('',*,*,#1651,.F.);
#5801 = PLANE('',#5802);
#5802 = AXIS2_PLACEMENT_3D('',#5803,#5804,#5805);
#5803 = CARTESIAN_POINT('',(-36.03373757636,-106.,126.84));
#5804 = DIRECTION('',(0.,3.330669073875E-16,1.));
#5805 = DIRECTION('',(0.,-1.,3.330669073875E-16));
#5806 = ADVANCED_FACE('',(#5807),#5818,.F.);
#5807 = FACE_BOUND('',#5808,.F.);
#5808 = EDGE_LOOP('',(#5809,#5810,#5811,#5817));
#5809 = ORIENTED_EDGE('',*,*,#1643,.F.);
#5810 = ORIENTED_EDGE('',*,*,#5419,.F.);
#5811 = ORIENTED_EDGE('',*,*,#5812,.T.);
#5812 = EDGE_CURVE('',#5420,#5786,#5813,.T.);
#5813 = LINE('',#5814,#5815);
#5814 = CARTESIAN_POINT('',(-13.86559679037,-115.1683343009,70.));
#5815 = VECTOR('',#5816,1.);
#5816 = DIRECTION('',(0.,0.,1.));
#5817 = ORIENTED_EDGE('',*,*,#5785,.T.);
#5818 = PLANE('',#5819);
#5819 = AXIS2_PLACEMENT_3D('',#5820,#5821,#5822);
#5820 = CARTESIAN_POINT('',(-13.86559679037,-108.,119.));
#5821 = DIRECTION('',(-1.,0.,0.));
#5822 = DIRECTION('',(0.,2.22044604925E-16,1.));
#5823 = ADVANCED_FACE('',(#5824),#5850,.T.);
#5824 = FACE_BOUND('',#5825,.T.);
#5825 = EDGE_LOOP('',(#5826,#5834,#5835,#5843));
#5826 = ORIENTED_EDGE('',*,*,#5827,.F.);
#5827 = EDGE_CURVE('',#1811,#5828,#5830,.T.);
#5828 = VERTEX_POINT('',#5829);
#5829 = CARTESIAN_POINT('',(1.058630436765,-115.9951693028,123.16));
#5830 = LINE('',#5831,#5832);
#5831 = CARTESIAN_POINT('',(1.058630436765,-107.,123.16));
#5832 = VECTOR('',#5833,1.);
#5833 = DIRECTION('',(0.,-1.,3.330669073875E-16));
#5834 = ORIENTED_EDGE('',*,*,#1808,.F.);
#5835 = ORIENTED_EDGE('',*,*,#5836,.F.);
#5836 = EDGE_CURVE('',#5837,#1809,#5839,.T.);
#5837 = VERTEX_POINT('',#5838);
#5838 = CARTESIAN_POINT('',(-1.277468769946,-115.9929656209,123.16));
#5839 = LINE('',#5840,#5841);
#5840 = CARTESIAN_POINT('',(-1.277468769946,-107.,123.16));
#5841 = VECTOR('',#5842,1.);
#5842 = DIRECTION('',(0.,1.,-3.330669073875E-16));
#5843 = ORIENTED_EDGE('',*,*,#5844,.T.);
#5844 = EDGE_CURVE('',#5837,#5828,#5845,.T.);
#5845 = CIRCLE('',#5846,116.);
#5846 = AXIS2_PLACEMENT_3D('',#5847,#5848,#5849);
#5847 = CARTESIAN_POINT('',(0.,0.,123.16));
#5848 = DIRECTION('',(0.,0.,1.));
#5849 = DIRECTION('',(1.,0.,0.));
#5850 = PLANE('',#5851);
#5851 = AXIS2_PLACEMENT_3D('',#5852,#5853,#5854);
#5852 = CARTESIAN_POINT('',(-36.03373757636,-106.,123.16));
#5853 = DIRECTION('',(0.,3.330669073875E-16,1.));
#5854 = DIRECTION('',(0.,-1.,3.330669073875E-16));
#5855 = ADVANCED_FACE('',(#5856),#5874,.F.);
#5856 = FACE_BOUND('',#5857,.F.);
#5857 = EDGE_LOOP('',(#5858,#5859,#5867,#5873));
#5858 = ORIENTED_EDGE('',*,*,#1836,.T.);
#5859 = ORIENTED_EDGE('',*,*,#5860,.T.);
#5860 = EDGE_CURVE('',#1828,#5861,#5863,.T.);
#5861 = VERTEX_POINT('',#5862);
#5862 = CARTESIAN_POINT('',(1.058630436765,-115.9951693028,126.84));
#5863 = LINE('',#5864,#5865);
#5864 = CARTESIAN_POINT('',(1.058630436765,-107.,126.84));
#5865 = VECTOR('',#5866,1.);
#5866 = DIRECTION('',(0.,-1.,3.330669073875E-16));
#5867 = ORIENTED_EDGE('',*,*,#5868,.F.);
#5868 = EDGE_CURVE('',#5828,#5861,#5869,.T.);
#5869 = LINE('',#5870,#5871);
#5870 = CARTESIAN_POINT('',(1.058630436765,-115.9951693028,70.));
#5871 = VECTOR('',#5872,1.);
#5872 = DIRECTION('',(0.,0.,1.));
#5873 = ORIENTED_EDGE('',*,*,#5827,.F.);
#5874 = PLANE('',#5875);
#5875 = AXIS2_PLACEMENT_3D('',#5876,#5877,#5878);
#5876 = CARTESIAN_POINT('',(1.058630436765,-108.,129.05069754718));
#5877 = DIRECTION('',(1.,0.,0.));
#5878 = DIRECTION('',(0.,-2.22044604925E-16,-1.));
#5879 = ADVANCED_FACE('',(#5880),#5899,.F.);
#5880 = FACE_BOUND('',#5881,.F.);
#5881 = EDGE_LOOP('',(#5882,#5883,#5884,#5892));
#5882 = ORIENTED_EDGE('',*,*,#5860,.F.);
#5883 = ORIENTED_EDGE('',*,*,#1827,.F.);
#5884 = ORIENTED_EDGE('',*,*,#5885,.F.);
#5885 = EDGE_CURVE('',#5886,#1820,#5888,.T.);
#5886 = VERTEX_POINT('',#5887);
#5887 = CARTESIAN_POINT('',(-1.277468769946,-115.9929656209,126.84));
#5888 = LINE('',#5889,#5890);
#5889 = CARTESIAN_POINT('',(-1.277468769946,-107.,126.84));
#5890 = VECTOR('',#5891,1.);
#5891 = DIRECTION('',(0.,1.,-3.330669073875E-16));
#5892 = ORIENTED_EDGE('',*,*,#5893,.T.);
#5893 = EDGE_CURVE('',#5886,#5861,#5894,.T.);
#5894 = CIRCLE('',#5895,116.);
#5895 = AXIS2_PLACEMENT_3D('',#5896,#5897,#5898);
#5896 = CARTESIAN_POINT('',(0.,0.,126.84));
#5897 = DIRECTION('',(0.,0.,1.));
#5898 = DIRECTION('',(1.,0.,0.));
#5899 = PLANE('',#5900);
#5900 = AXIS2_PLACEMENT_3D('',#5901,#5902,#5903);
#5901 = CARTESIAN_POINT('',(-36.03373757636,-106.,126.84));
#5902 = DIRECTION('',(0.,3.330669073875E-16,1.));
#5903 = DIRECTION('',(0.,-1.,3.330669073875E-16));
#5904 = ADVANCED_FACE('',(#5905),#5916,.F.);
#5905 = FACE_BOUND('',#5906,.F.);
#5906 = EDGE_LOOP('',(#5907,#5908,#5909,#5915));
#5907 = ORIENTED_EDGE('',*,*,#1819,.F.);
#5908 = ORIENTED_EDGE('',*,*,#5836,.F.);
#5909 = ORIENTED_EDGE('',*,*,#5910,.T.);
#5910 = EDGE_CURVE('',#5837,#5886,#5911,.T.);
#5911 = LINE('',#5912,#5913);
#5912 = CARTESIAN_POINT('',(-1.277468769946,-115.9929656209,70.));
#5913 = VECTOR('',#5914,1.);
#5914 = DIRECTION('',(0.,0.,1.));
#5915 = ORIENTED_EDGE('',*,*,#5885,.T.);
#5916 = PLANE('',#5917);
#5917 = AXIS2_PLACEMENT_3D('',#5918,#5919,#5920);
#5918 = CARTESIAN_POINT('',(-1.277468769946,-108.,120.94984954864));
#5919 = DIRECTION('',(-1.,0.,0.));
#5920 = DIRECTION('',(0.,2.22044604925E-16,1.));
#5921 = ADVANCED_FACE('',(#5922),#5948,.T.);
#5922 = FACE_BOUND('',#5923,.T.);
#5923 = EDGE_LOOP('',(#5924,#5932,#5941,#5947));
#5924 = ORIENTED_EDGE('',*,*,#5925,.F.);
#5925 = EDGE_CURVE('',#5926,#1845,#5928,.T.);
#5926 = VERTEX_POINT('',#5927);
#5927 = CARTESIAN_POINT('',(-13.86559679037,-115.1683343009,128.44));
#5928 = LINE('',#5929,#5930);
#5929 = CARTESIAN_POINT('',(-13.86559679037,-107.,128.44));
#5930 = VECTOR('',#5931,1.);
#5931 = DIRECTION('',(0.,1.,-3.330669073875E-16));
#5932 = ORIENTED_EDGE('',*,*,#5933,.T.);
#5933 = EDGE_CURVE('',#5926,#5934,#5936,.T.);
#5934 = VERTEX_POINT('',#5935);
#5935 = CARTESIAN_POINT('',(-11.42883195039,-115.4356175547,128.44));
#5936 = CIRCLE('',#5937,116.);
#5937 = AXIS2_PLACEMENT_3D('',#5938,#5939,#5940);
#5938 = CARTESIAN_POINT('',(0.,0.,128.44));
#5939 = DIRECTION('',(0.,0.,1.));
#5940 = DIRECTION('',(1.,0.,0.));
#5941 = ORIENTED_EDGE('',*,*,#5942,.F.);
#5942 = EDGE_CURVE('',#1847,#5934,#5943,.T.);
#5943 = LINE('',#5944,#5945);
#5944 = CARTESIAN_POINT('',(-11.42883195039,-107.,128.44));
#5945 = VECTOR('',#5946,1.);
#5946 = DIRECTION('',(0.,-1.,3.330669073875E-16));
#5947 = ORIENTED_EDGE('',*,*,#1844,.F.);
#5948 = PLANE('',#5949);
#5949 = AXIS2_PLACEMENT_3D('',#5950,#5951,#5952);
#5950 = CARTESIAN_POINT('',(-36.03373757636,-106.,128.44));
#5951 = DIRECTION('',(0.,3.330669073875E-16,1.));
#5952 = DIRECTION('',(0.,-1.,3.330669073875E-16));
#5953 = ADVANCED_FACE('',(#5954),#5972,.F.);
#5954 = FACE_BOUND('',#5955,.F.);
#5955 = EDGE_LOOP('',(#5956,#5957,#5965,#5971));
#5956 = ORIENTED_EDGE('',*,*,#1973,.T.);
#5957 = ORIENTED_EDGE('',*,*,#5958,.T.);
#5958 = EDGE_CURVE('',#1965,#5959,#5961,.T.);
#5959 = VERTEX_POINT('',#5960);
#5960 = CARTESIAN_POINT('',(-11.42883195039,-115.4356175547,
    128.9330719431));
#5961 = LINE('',#5962,#5963);
#5962 = CARTESIAN_POINT('',(-11.42883195039,-108.,128.9330719431));
#5963 = VECTOR('',#5964,1.);
#5964 = DIRECTION('',(0.,-1.,2.22044604925E-16));
#5965 = ORIENTED_EDGE('',*,*,#5966,.F.);
#5966 = EDGE_CURVE('',#5934,#5959,#5967,.T.);
#5967 = LINE('',#5968,#5969);
#5968 = CARTESIAN_POINT('',(-11.42883195039,-115.4356175547,70.));
#5969 = VECTOR('',#5970,1.);
#5970 = DIRECTION('',(0.,0.,1.));
#5971 = ORIENTED_EDGE('',*,*,#5942,.F.);
#5972 = PLANE('',#5973);
#5973 = AXIS2_PLACEMENT_3D('',#5974,#5975,#5976);
#5974 = CARTESIAN_POINT('',(-11.42883195039,-108.,128.9330719431));
#5975 = DIRECTION('',(1.,0.,0.));
#5976 = DIRECTION('',(0.,-2.22044604925E-16,-1.));
#5977 = ADVANCED_FACE('',(#5978),#5997,.F.);
#5978 = FACE_BOUND('',#5979,.F.);
#5979 = EDGE_LOOP('',(#5980,#5981,#5989,#5996));
#5980 = ORIENTED_EDGE('',*,*,#1964,.T.);
#5981 = ORIENTED_EDGE('',*,*,#5982,.T.);
#5982 = EDGE_CURVE('',#1943,#5983,#5985,.T.);
#5983 = VERTEX_POINT('',#5984);
#5984 = CARTESIAN_POINT('',(-10.75645117169,-115.5002110742,
    128.9330719431));
#5985 = LINE('',#5986,#5987);
#5986 = CARTESIAN_POINT('',(-10.75645117169,-108.,128.9330719431));
#5987 = VECTOR('',#5988,1.);
#5988 = DIRECTION('',(0.,-1.,2.22044604925E-16));
#5989 = ORIENTED_EDGE('',*,*,#5990,.F.);
#5990 = EDGE_CURVE('',#5959,#5983,#5991,.T.);
#5991 = CIRCLE('',#5992,116.);
#5992 = AXIS2_PLACEMENT_3D('',#5993,#5994,#5995);
#5993 = CARTESIAN_POINT('',(0.,0.,128.9330719431));
#5994 = DIRECTION('',(0.,0.,1.));
#5995 = DIRECTION('',(1.,0.,0.));
#5996 = ORIENTED_EDGE('',*,*,#5958,.F.);
#5997 = PLANE('',#5998);
#5998 = AXIS2_PLACEMENT_3D('',#5999,#6000,#6001);
#5999 = CARTESIAN_POINT('',(-10.75645117169,-108.,128.9330719431));
#6000 = DIRECTION('',(0.,-2.22044604925E-16,-1.));
#6001 = DIRECTION('',(-1.,0.,0.));
#6002 = ADVANCED_FACE('',(#6003),#6035,.F.);
#6003 = FACE_BOUND('',#6004,.F.);
#6004 = EDGE_LOOP('',(#6005,#6006,#6014,#6034));
#6005 = ORIENTED_EDGE('',*,*,#1942,.T.);
#6006 = ORIENTED_EDGE('',*,*,#6007,.T.);
#6007 = EDGE_CURVE('',#1932,#6008,#6010,.T.);
#6008 = VERTEX_POINT('',#6009);
#6009 = CARTESIAN_POINT('',(-9.252484726908,-115.6304091767,
    128.57964803501));
#6010 = LINE('',#6011,#6012);
#6011 = CARTESIAN_POINT('',(-9.252484726908,-108.,128.57964803501));
#6012 = VECTOR('',#6013,1.);
#6013 = DIRECTION('',(0.,-1.,2.22044604925E-16));
#6014 = ORIENTED_EDGE('',*,*,#6015,.F.);
#6015 = EDGE_CURVE('',#5983,#6008,#6016,.T.);
#6016 = B_SPLINE_CURVE_WITH_KNOTS('',6,(#6017,#6018,#6019,#6020,#6021,
    #6022,#6023,#6024,#6025,#6026,#6027,#6028,#6029,#6030,#6031,#6032,
    #6033),.UNSPECIFIED.,.F.,.F.,(7,5,5,7),(0.,0.43807999541,
    0.72489974724,1.),.UNSPECIFIED.);
#6017 = CARTESIAN_POINT('',(-10.75645117169,-115.5002110742,
    128.9330719431));
#6018 = CARTESIAN_POINT('',(-10.63216098773,-115.5117861292,
    128.9330719431));
#6019 = CARTESIAN_POINT('',(-10.50876482114,-115.5231160318,
    128.92973868516));
#6020 = CARTESIAN_POINT('',(-10.38653643462,-115.5341797416,
    128.92270756261));
#6021 = CARTESIAN_POINT('',(-10.26591259331,-115.5449432892,
    128.91155895319));
#6022 = CARTESIAN_POINT('',(-10.14748760148,-115.5553630838,
    128.89583293044));
#6023 = CARTESIAN_POINT('',(-9.956358334074,-115.571954603,
    128.86152663909));
#6024 = CARTESIAN_POINT('',(-9.881993259404,-115.5783502508,
    128.84580785875));
#6025 = CARTESIAN_POINT('',(-9.809101029411,-115.584561933,
    128.82782783706));
#6026 = CARTESIAN_POINT('',(-9.73792980572,-115.5905729524,
    128.80747863467));
#6027 = CARTESIAN_POINT('',(-9.668747359843,-115.5963660058,
    128.78467962706));
#6028 = CARTESIAN_POINT('',(-9.537640378702,-115.6072556732,
    128.73514623063));
#6029 = CARTESIAN_POINT('',(-9.475528688416,-115.6123715739,
    128.70860860507));
#6030 = CARTESIAN_POINT('',(-9.41574316467,-115.617256423,
    128.67975704088));
#6031 = CARTESIAN_POINT('',(-9.358514874781,-115.6218971209,
    128.64860067112));
#6032 = CARTESIAN_POINT('',(-9.304043213964,-115.6262835828,
    128.61519422779));
#6033 = CARTESIAN_POINT('',(-9.252484726908,-115.6304091767,
    128.57964803501));
#6034 = ORIENTED_EDGE('',*,*,#5982,.F.);
#6035 = SURFACE_OF_LINEAR_EXTRUSION('',#6036,#6040);
#6036 = B_SPLINE_CURVE_WITH_KNOTS('',2,(#6037,#6038,#6039),
  .UNSPECIFIED.,.F.,.F.,(3,3),(0.,1.),.PIECEWISE_BEZIER_KNOTS.);
#6037 = CARTESIAN_POINT('',(-9.252484726908,-108.,128.57964803501));
#6038 = CARTESIAN_POINT('',(-9.765113522385,-108.,128.9330719431));
#6039 = CARTESIAN_POINT('',(-10.75645117169,-108.,128.9330719431));
#6040 = VECTOR('',#6041,1.);
#6041 = DIRECTION('',(-0.,1.,-2.22044604925E-16));
#6042 = ADVANCED_FACE('',(#6043),#6066,.F.);
#6043 = FACE_BOUND('',#6044,.F.);
#6044 = EDGE_LOOP('',(#6045,#6046,#6056,#6065));
#6045 = ORIENTED_EDGE('',*,*,#1931,.T.);
#6046 = ORIENTED_EDGE('',*,*,#6047,.F.);
#6047 = EDGE_CURVE('',#6048,#1923,#6050,.T.);
#6048 = VERTEX_POINT('',#6049);
#6049 = CARTESIAN_POINT('',(-9.089075162358,-115.6433686498,128.44));
#6050 = B_SPLINE_CURVE_WITH_KNOTS('',4,(#6051,#6052,#6053,#6054,#6055),
  .UNSPECIFIED.,.F.,.F.,(5,5),(0.,1.),.PIECEWISE_BEZIER_KNOTS.);
#6051 = CARTESIAN_POINT('',(-9.089075162358,-128.0000006,128.44));
#6052 = CARTESIAN_POINT('',(-9.089075162358,-123.0000003,128.44));
#6053 = CARTESIAN_POINT('',(-9.089075162358,-118.,128.44));
#6054 = CARTESIAN_POINT('',(-9.089075162358,-112.9999997,128.44));
#6055 = CARTESIAN_POINT('',(-9.089075162358,-107.9999994,128.44));
#6056 = ORIENTED_EDGE('',*,*,#6057,.F.);
#6057 = EDGE_CURVE('',#6008,#6048,#6058,.T.);
#6058 = B_SPLINE_CURVE_WITH_KNOTS('',5,(#6059,#6060,#6061,#6062,#6063,
    #6064),.UNSPECIFIED.,.F.,.F.,(6,6),(0.,1.),
  .PIECEWISE_BEZIER_KNOTS.);
#6059 = CARTESIAN_POINT('',(-9.252484726908,-115.6304091767,
    128.57964803501));
#6060 = CARTESIAN_POINT('',(-9.216021716544,-115.6333268646,
    128.55454809725));
#6061 = CARTESIAN_POINT('',(-9.181418418314,-115.6360812759,
    128.5279118699));
#6062 = CARTESIAN_POINT('',(-9.148732750338,-115.6386707403,
    128.49985320999));
#6063 = CARTESIAN_POINT('',(-9.117962937659,-115.6410981941,
    128.47050497157));
#6064 = CARTESIAN_POINT('',(-9.089074654629,-115.6433686897,
    128.43999946384));
#6065 = ORIENTED_EDGE('',*,*,#6007,.F.);
#6066 = SURFACE_OF_LINEAR_EXTRUSION('',#6067,#6071);
#6067 = B_SPLINE_CURVE_WITH_KNOTS('',2,(#6068,#6069,#6070),
  .UNSPECIFIED.,.F.,.F.,(3,3),(0.,1.),.PIECEWISE_BEZIER_KNOTS.);
#6068 = CARTESIAN_POINT('',(-8.739855931431,-108.,127.33609920671));
#6069 = CARTESIAN_POINT('',(-8.739855931431,-108.,128.22677122275));
#6070 = CARTESIAN_POINT('',(-9.252484726908,-108.,128.57964803501));
#6071 = VECTOR('',#6072,1.);
#6072 = DIRECTION('',(-0.,1.,-2.22044604925E-16));
#6073 = ADVANCED_FACE('',(#6074),#6095,.T.);
#6074 = FACE_BOUND('',#6075,.T.);
#6075 = EDGE_LOOP('',(#6076,#6085,#6093,#6094));
#6076 = ORIENTED_EDGE('',*,*,#6077,.T.);
#6077 = EDGE_CURVE('',#6048,#6078,#6080,.T.);
#6078 = VERTEX_POINT('',#6079);
#6079 = CARTESIAN_POINT('',(-6.411350094729,-115.8226859901,128.44));
#6080 = CIRCLE('',#6081,116.);
#6081 = AXIS2_PLACEMENT_3D('',#6082,#6083,#6084);
#6082 = CARTESIAN_POINT('',(0.,0.,128.44));
#6083 = DIRECTION('',(0.,0.,1.));
#6084 = DIRECTION('',(1.,0.,0.));
#6085 = ORIENTED_EDGE('',*,*,#6086,.T.);
#6086 = EDGE_CURVE('',#6078,#1900,#6087,.T.);
#6087 = B_SPLINE_CURVE_WITH_KNOTS('',4,(#6088,#6089,#6090,#6091,#6092),
  .UNSPECIFIED.,.F.,.F.,(5,5),(0.,1.),.PIECEWISE_BEZIER_KNOTS.);
#6088 = CARTESIAN_POINT('',(-6.411350094729,-128.0000006,128.44));
#6089 = CARTESIAN_POINT('',(-6.411350094729,-123.0000003,128.44));
#6090 = CARTESIAN_POINT('',(-6.411350094729,-118.,128.44));
#6091 = CARTESIAN_POINT('',(-6.411350094729,-112.9999997,128.44));
#6092 = CARTESIAN_POINT('',(-6.411350094729,-107.9999994,128.44));
#6093 = ORIENTED_EDGE('',*,*,#1922,.F.);
#6094 = ORIENTED_EDGE('',*,*,#6047,.F.);
#6095 = PLANE('',#6096);
#6096 = AXIS2_PLACEMENT_3D('',#6097,#6098,#6099);
#6097 = CARTESIAN_POINT('',(-36.03373757636,-106.,128.44));
#6098 = DIRECTION('',(0.,3.330669073875E-16,1.));
#6099 = DIRECTION('',(0.,-1.,3.330669073875E-16));
#6100 = ADVANCED_FACE('',(#6101),#6134,.F.);
#6101 = FACE_BOUND('',#6102,.F.);
#6102 = EDGE_LOOP('',(#6103,#6104,#6112,#6133));
#6103 = ORIENTED_EDGE('',*,*,#1899,.T.);
#6104 = ORIENTED_EDGE('',*,*,#6105,.T.);
#6105 = EDGE_CURVE('',#1873,#6106,#6108,.T.);
#6106 = VERTEX_POINT('',#6107);
#6107 = CARTESIAN_POINT('',(-7.403847907358,-115.763478853,
    130.04203519649));
#6108 = LINE('',#6109,#6110);
#6109 = CARTESIAN_POINT('',(-7.403847907358,-108.,130.04203519649));
#6110 = VECTOR('',#6111,1.);
#6111 = DIRECTION('',(0.,-1.,2.22044604925E-16));
#6112 = ORIENTED_EDGE('',*,*,#6113,.F.);
#6113 = EDGE_CURVE('',#6078,#6106,#6114,.T.);
#6114 = B_SPLINE_CURVE_WITH_KNOTS('',5,(#6115,#6116,#6117,#6118,#6119,
    #6120,#6121,#6122,#6123,#6124,#6125,#6126,#6127,#6128,#6129,#6130,
    #6131,#6132),.UNSPECIFIED.,.F.,.F.,(6,4,4,4,6),(0.,0.267292154161,
    0.520545558902,0.763403409351,1.),.UNSPECIFIED.);
#6115 = CARTESIAN_POINT('',(-6.411349645796,-115.8226860149,
    128.43999825992));
#6116 = CARTESIAN_POINT('',(-6.435506948946,-115.8213487905,
    128.53363255801));
#6117 = CARTESIAN_POINT('',(-6.462942714042,-115.8198237696,
    128.62675649573));
#6118 = CARTESIAN_POINT('',(-6.493836117091,-115.8180976059,
    128.71926518044));
#6119 = CARTESIAN_POINT('',(-6.528370318557,-115.8161554189,
    128.81102791336));
#6120 = CARTESIAN_POINT('',(-6.603045616468,-115.8119212894,
    128.98798306797));
#6121 = CARTESIAN_POINT('',(-6.642796757696,-115.8096530847,
    129.07326694242));
#6122 = CARTESIAN_POINT('',(-6.686111679442,-115.8071631453,
    129.15761220177));
#6123 = CARTESIAN_POINT('',(-6.733121091688,-115.8044371759,
    129.24086612351));
#6124 = CARTESIAN_POINT('',(-6.832631472345,-115.7986076264,
    129.40149072308));
#6125 = CARTESIAN_POINT('',(-6.88482806352,-115.795524124,
    129.47896304101));
#6126 = CARTESIAN_POINT('',(-6.940590146063,-115.7921987031,
    129.5551291449));
#6127 = CARTESIAN_POINT('',(-6.999968803385,-115.7886195596,
    129.6298302522));
#6128 = CARTESIAN_POINT('',(-7.124329253823,-115.7810334759,
    129.77410001932));
#6129 = CARTESIAN_POINT('',(-7.189128239934,-115.7770398758,
    129.84375267858));
#6130 = CARTESIAN_POINT('',(-7.257354149852,-115.7727873025,
    129.91171645906));
#6131 = CARTESIAN_POINT('',(-7.328961147609,-115.7682683616,
    129.97785178175));
#6132 = CARTESIAN_POINT('',(-7.403847907358,-115.763478853,
    130.04203519649));
#6133 = ORIENTED_EDGE('',*,*,#6086,.T.);
#6134 = SURFACE_OF_LINEAR_EXTRUSION('',#6135,#6139);
#6135 = B_SPLINE_CURVE_WITH_KNOTS('',2,(#6136,#6137,#6138),
  .UNSPECIFIED.,.F.,.F.,(3,3),(0.,1.),.PIECEWISE_BEZIER_KNOTS.);
#6136 = CARTESIAN_POINT('',(-7.403847907358,-108.,130.04203519649));
#6137 = CARTESIAN_POINT('',(-6.286131120635,-108.,129.08407039299));
#6138 = CARTESIAN_POINT('',(-6.286131120635,-108.,127.38643202334));
#6139 = VECTOR('',#6140,1.);
#6140 = DIRECTION('',(-0.,1.,-2.22044604925E-16));
#6141 = ADVANCED_FACE('',(#6142),#6179,.F.);
#6142 = FACE_BOUND('',#6143,.F.);
#6143 = EDGE_LOOP('',(#6144,#6145,#6153,#6178));
#6144 = ORIENTED_EDGE('',*,*,#1872,.T.);
#6145 = ORIENTED_EDGE('',*,*,#6146,.T.);
#6146 = EDGE_CURVE('',#1864,#6147,#6149,.T.);
#6147 = VERTEX_POINT('',#6148);
#6148 = CARTESIAN_POINT('',(-10.65578553843,-115.5095417468,131.));
#6149 = LINE('',#6150,#6151);
#6150 = CARTESIAN_POINT('',(-10.65578553843,-108.,131.));
#6151 = VECTOR('',#6152,1.);
#6152 = DIRECTION('',(0.,-1.,2.22044604925E-16));
#6153 = ORIENTED_EDGE('',*,*,#6154,.F.);
#6154 = EDGE_CURVE('',#6106,#6147,#6155,.T.);
#6155 = B_SPLINE_CURVE_WITH_KNOTS('',6,(#6156,#6157,#6158,#6159,#6160,
    #6161,#6162,#6163,#6164,#6165,#6166,#6167,#6168,#6169,#6170,#6171,
    #6172,#6173,#6174,#6175,#6176,#6177),.UNSPECIFIED.,.F.,.F.,(7,5,5,5,
    7),(0.,0.225258047818,0.520473651941,0.674789051999,1.),
  .UNSPECIFIED.);
#6156 = CARTESIAN_POINT('',(-7.403847907358,-115.763478853,
    130.04203519649));
#6157 = CARTESIAN_POINT('',(-7.491019798977,-115.7579036281,
    130.11678445321));
#6158 = CARTESIAN_POINT('',(-7.582753517232,-115.7519575335,
    130.18875821214));
#6159 = CARTESIAN_POINT('',(-7.679004153694,-115.7456279886,
    130.25767501306));
#6160 = CARTESIAN_POINT('',(-7.779656225232,-115.7389055834,
    130.3232810385));
#6161 = CARTESIAN_POINT('',(-7.884507312096,-115.7317865852,
    130.3853625312));
#6162 = CARTESIAN_POINT('',(-8.135768419825,-115.7144315983,
    130.52028962185));
#6163 = CARTESIAN_POINT('',(-8.285008325321,-115.7039117979,
    130.59050958121));
#6164 = CARTESIAN_POINT('',(-8.440268380072,-115.6927268688,
    130.65403791547));
#6165 = CARTESIAN_POINT('',(-8.600735997446,-115.6808997946,
    130.71076177694));
#6166 = CARTESIAN_POINT('',(-8.765542629858,-115.6684647937,
    130.76076780755));
#6167 = CARTESIAN_POINT('',(-9.021778100714,-115.6486718607,
    130.82701606089));
#6168 = CARTESIAN_POINT('',(-9.110696507303,-115.6417225949,
    130.84798452539));
#6169 = CARTESIAN_POINT('',(-9.200457961604,-115.6346241286,
    130.86721276161));
#6170 = CARTESIAN_POINT('',(-9.290954945826,-115.6273820985,
    130.88474403907));
#6171 = CARTESIAN_POINT('',(-9.382088575521,-115.620002058,
    130.90062843885));
#6172 = CARTESIAN_POINT('',(-9.666983804682,-115.5966565533,
    130.94503698136));
#6173 = CARTESIAN_POINT('',(-9.862611928871,-115.5802358858,
    130.96807486571));
#6174 = CARTESIAN_POINT('',(-10.05986141462,-115.5632737385,
    130.98454385986));
#6175 = CARTESIAN_POINT('',(-10.25809184371,-115.5458143815,
    130.99500775495));
#6176 = CARTESIAN_POINT('',(-10.45683240079,-115.5278952259,131.));
#6177 = CARTESIAN_POINT('',(-10.65578553843,-115.5095417468,131.));
#6178 = ORIENTED_EDGE('',*,*,#6105,.F.);
#6179 = SURFACE_OF_LINEAR_EXTRUSION('',#6180,#6184);
#6180 = B_SPLINE_CURVE_WITH_KNOTS('',2,(#6181,#6182,#6183),
  .UNSPECIFIED.,.F.,.F.,(3,3),(0.,1.),.PIECEWISE_BEZIER_KNOTS.);
#6181 = CARTESIAN_POINT('',(-10.65578553843,-108.,131.));
#6182 = CARTESIAN_POINT('',(-8.521017598249,-108.,131.));
#6183 = CARTESIAN_POINT('',(-7.403847907358,-108.,130.04203519649));
#6184 = VECTOR('',#6185,1.);
#6185 = DIRECTION('',(-0.,1.,-2.22044604925E-16));
#6186 = ADVANCED_FACE('',(#6187),#6206,.F.);
#6187 = FACE_BOUND('',#6188,.F.);
#6188 = EDGE_LOOP('',(#6189,#6190,#6198,#6205));
#6189 = ORIENTED_EDGE('',*,*,#1863,.F.);
#6190 = ORIENTED_EDGE('',*,*,#6191,.T.);
#6191 = EDGE_CURVE('',#1856,#6192,#6194,.T.);
#6192 = VERTEX_POINT('',#6193);
#6193 = CARTESIAN_POINT('',(-13.86559679037,-115.1683343009,131.));
#6194 = LINE('',#6195,#6196);
#6195 = CARTESIAN_POINT('',(-13.86559679037,-108.,131.));
#6196 = VECTOR('',#6197,1.);
#6197 = DIRECTION('',(0.,-1.,2.22044604925E-16));
#6198 = ORIENTED_EDGE('',*,*,#6199,.T.);
#6199 = EDGE_CURVE('',#6192,#6147,#6200,.T.);
#6200 = CIRCLE('',#6201,116.);
#6201 = AXIS2_PLACEMENT_3D('',#6202,#6203,#6204);
#6202 = CARTESIAN_POINT('',(0.,0.,131.));
#6203 = DIRECTION('',(0.,0.,1.));
#6204 = DIRECTION('',(1.,0.,0.));
#6205 = ORIENTED_EDGE('',*,*,#6146,.F.);
#6206 = PLANE('',#6207);
#6207 = AXIS2_PLACEMENT_3D('',#6208,#6209,#6210);
#6208 = CARTESIAN_POINT('',(-13.86559679037,-108.,131.));
#6209 = DIRECTION('',(0.,2.22044604925E-16,1.));
#6210 = DIRECTION('',(1.,0.,0.));
#6211 = ADVANCED_FACE('',(#6212),#6223,.F.);
#6212 = FACE_BOUND('',#6213,.F.);
#6213 = EDGE_LOOP('',(#6214,#6215,#6216,#6222));
#6214 = ORIENTED_EDGE('',*,*,#1855,.F.);
#6215 = ORIENTED_EDGE('',*,*,#5925,.F.);
#6216 = ORIENTED_EDGE('',*,*,#6217,.T.);
#6217 = EDGE_CURVE('',#5926,#6192,#6218,.T.);
#6218 = LINE('',#6219,#6220);
#6219 = CARTESIAN_POINT('',(-13.86559679037,-115.1683343009,70.));
#6220 = VECTOR('',#6221,1.);
#6221 = DIRECTION('',(0.,0.,1.));
#6222 = ORIENTED_EDGE('',*,*,#6191,.F.);
#6223 = PLANE('',#6224);
#6224 = AXIS2_PLACEMENT_3D('',#6225,#6226,#6227);
#6225 = CARTESIAN_POINT('',(-13.86559679037,-108.,119.));
#6226 = DIRECTION('',(-1.,0.,0.));
#6227 = DIRECTION('',(0.,2.22044604925E-16,1.));
#6228 = ADVANCED_FACE('',(#6229),#6255,.T.);
#6229 = FACE_BOUND('',#6230,.T.);
#6230 = EDGE_LOOP('',(#6231,#6239,#6240,#6248));
#6231 = ORIENTED_EDGE('',*,*,#6232,.F.);
#6232 = EDGE_CURVE('',#1984,#6233,#6235,.T.);
#6233 = VERTEX_POINT('',#6234);
#6234 = CARTESIAN_POINT('',(1.058630436765,-115.9951693028,128.44));
#6235 = LINE('',#6236,#6237);
#6236 = CARTESIAN_POINT('',(1.058630436765,-107.,128.44));
#6237 = VECTOR('',#6238,1.);
#6238 = DIRECTION('',(0.,-1.,3.330669073875E-16));
#6239 = ORIENTED_EDGE('',*,*,#1981,.F.);
#6240 = ORIENTED_EDGE('',*,*,#6241,.F.);
#6241 = EDGE_CURVE('',#6242,#1982,#6244,.T.);
#6242 = VERTEX_POINT('',#6243);
#6243 = CARTESIAN_POINT('',(-1.277468769946,-115.9929656209,128.44));
#6244 = LINE('',#6245,#6246);
#6245 = CARTESIAN_POINT('',(-1.277468769946,-107.,128.44));
#6246 = VECTOR('',#6247,1.);
#6247 = DIRECTION('',(0.,1.,-3.330669073875E-16));
#6248 = ORIENTED_EDGE('',*,*,#6249,.T.);
#6249 = EDGE_CURVE('',#6242,#6233,#6250,.T.);
#6250 = CIRCLE('',#6251,116.);
#6251 = AXIS2_PLACEMENT_3D('',#6252,#6253,#6254);
#6252 = CARTESIAN_POINT('',(0.,0.,128.44));
#6253 = DIRECTION('',(0.,0.,1.));
#6254 = DIRECTION('',(1.,0.,0.));
#6255 = PLANE('',#6256);
#6256 = AXIS2_PLACEMENT_3D('',#6257,#6258,#6259);
#6257 = CARTESIAN_POINT('',(-36.03373757636,-106.,128.44));
#6258 = DIRECTION('',(0.,3.330669073875E-16,1.));
#6259 = DIRECTION('',(0.,-1.,3.330669073875E-16));
#6260 = ADVANCED_FACE('',(#6261),#6279,.F.);
#6261 = FACE_BOUND('',#6262,.F.);
#6262 = EDGE_LOOP('',(#6263,#6264,#6272,#6278));
#6263 = ORIENTED_EDGE('',*,*,#2043,.T.);
#6264 = ORIENTED_EDGE('',*,*,#6265,.T.);
#6265 = EDGE_CURVE('',#2035,#6266,#6268,.T.);
#6266 = VERTEX_POINT('',#6267);
#6267 = CARTESIAN_POINT('',(1.058630436765,-115.9951693028,
    129.05069754718));
#6268 = LINE('',#6269,#6270);
#6269 = CARTESIAN_POINT('',(1.058630436765,-108.,129.05069754718));
#6270 = VECTOR('',#6271,1.);
#6271 = DIRECTION('',(0.,-1.,2.22044604925E-16));
#6272 = ORIENTED_EDGE('',*,*,#6273,.F.);
#6273 = EDGE_CURVE('',#6233,#6266,#6274,.T.);
#6274 = LINE('',#6275,#6276);
#6275 = CARTESIAN_POINT('',(1.058630436765,-115.9951693028,70.));
#6276 = VECTOR('',#6277,1.);
#6277 = DIRECTION('',(0.,0.,1.));
#6278 = ORIENTED_EDGE('',*,*,#6232,.F.);
#6279 = PLANE('',#6280);
#6280 = AXIS2_PLACEMENT_3D('',#6281,#6282,#6283);
#6281 = CARTESIAN_POINT('',(1.058630436765,-108.,129.05069754718));
#6282 = DIRECTION('',(1.,0.,0.));
#6283 = DIRECTION('',(0.,-2.22044604925E-16,-1.));
#6284 = ADVANCED_FACE('',(#6285),#6304,.F.);
#6285 = FACE_BOUND('',#6286,.F.);
#6286 = EDGE_LOOP('',(#6287,#6288,#6296,#6303));
#6287 = ORIENTED_EDGE('',*,*,#2034,.F.);
#6288 = ORIENTED_EDGE('',*,*,#6289,.T.);
#6289 = EDGE_CURVE('',#2027,#6290,#6292,.T.);
#6290 = VERTEX_POINT('',#6291);
#6291 = CARTESIAN_POINT('',(3.445062460108,-115.9488315794,
    129.31932160116));
#6292 = LINE('',#6293,#6294);
#6293 = CARTESIAN_POINT('',(3.445062460108,-108.,129.31932160116));
#6294 = VECTOR('',#6295,1.);
#6295 = DIRECTION('',(0.,-1.,2.22044604925E-16));
#6296 = ORIENTED_EDGE('',*,*,#6297,.T.);
#6297 = EDGE_CURVE('',#6290,#6266,#6298,.T.);
#6298 = ELLIPSE('',#6299,116.73257226213,116.);
#6299 = AXIS2_PLACEMENT_3D('',#6300,#6301,#6302);
#6300 = CARTESIAN_POINT('',(0.,0.,128.93153488225));
#6301 = DIRECTION('',(0.111856638692,-2.206511316607E-16,-0.993724354326
    ));
#6302 = DIRECTION('',(0.993724354326,-1.960244880456E-15,0.111856638692)
  );
#6303 = ORIENTED_EDGE('',*,*,#6265,.F.);
#6304 = PLANE('',#6305);
#6305 = AXIS2_PLACEMENT_3D('',#6306,#6307,#6308);
#6306 = CARTESIAN_POINT('',(3.445062460108,-108.,129.31932160116));
#6307 = DIRECTION('',(0.111856638692,-2.206511316607E-16,-0.993724354326
    ));
#6308 = DIRECTION('',(-0.993724354326,-2.483716314658E-17,
    -0.111856638692));
#6309 = ADVANCED_FACE('',(#6310),#6328,.F.);
#6310 = FACE_BOUND('',#6311,.F.);
#6311 = EDGE_LOOP('',(#6312,#6313,#6321,#6327));
#6312 = ORIENTED_EDGE('',*,*,#2026,.T.);
#6313 = ORIENTED_EDGE('',*,*,#6314,.T.);
#6314 = EDGE_CURVE('',#2018,#6315,#6317,.T.);
#6315 = VERTEX_POINT('',#6316);
#6316 = CARTESIAN_POINT('',(3.445062460108,-115.9488315794,131.));
#6317 = LINE('',#6318,#6319);
#6318 = CARTESIAN_POINT('',(3.445062460108,-108.,131.));
#6319 = VECTOR('',#6320,1.);
#6320 = DIRECTION('',(0.,-1.,2.22044604925E-16));
#6321 = ORIENTED_EDGE('',*,*,#6322,.F.);
#6322 = EDGE_CURVE('',#6290,#6315,#6323,.T.);
#6323 = LINE('',#6324,#6325);
#6324 = CARTESIAN_POINT('',(3.445062460108,-115.9488315794,70.));
#6325 = VECTOR('',#6326,1.);
#6326 = DIRECTION('',(0.,0.,1.));
#6327 = ORIENTED_EDGE('',*,*,#6289,.F.);
#6328 = PLANE('',#6329);
#6329 = AXIS2_PLACEMENT_3D('',#6330,#6331,#6332);
#6330 = CARTESIAN_POINT('',(3.445062460108,-108.,131.));
#6331 = DIRECTION('',(1.,0.,0.));
#6332 = DIRECTION('',(0.,-2.22044604925E-16,-1.));
#6333 = ADVANCED_FACE('',(#6334),#6353,.F.);
#6334 = FACE_BOUND('',#6335,.F.);
#6335 = EDGE_LOOP('',(#6336,#6337,#6345,#6352));
#6336 = ORIENTED_EDGE('',*,*,#2017,.F.);
#6337 = ORIENTED_EDGE('',*,*,#6338,.T.);
#6338 = EDGE_CURVE('',#2010,#6339,#6341,.T.);
#6339 = VERTEX_POINT('',#6340);
#6340 = CARTESIAN_POINT('',(-3.613567976657,-115.9437024011,131.));
#6341 = LINE('',#6342,#6343);
#6342 = CARTESIAN_POINT('',(-3.613567976657,-108.,131.));
#6343 = VECTOR('',#6344,1.);
#6344 = DIRECTION('',(0.,-1.,2.22044604925E-16));
#6345 = ORIENTED_EDGE('',*,*,#6346,.T.);
#6346 = EDGE_CURVE('',#6339,#6315,#6347,.T.);
#6347 = CIRCLE('',#6348,116.);
#6348 = AXIS2_PLACEMENT_3D('',#6349,#6350,#6351);
#6349 = CARTESIAN_POINT('',(0.,0.,131.));
#6350 = DIRECTION('',(0.,0.,1.));
#6351 = DIRECTION('',(1.,0.,0.));
#6352 = ORIENTED_EDGE('',*,*,#6314,.F.);
#6353 = PLANE('',#6354);
#6354 = AXIS2_PLACEMENT_3D('',#6355,#6356,#6357);
#6355 = CARTESIAN_POINT('',(-3.613567976657,-108.,131.));
#6356 = DIRECTION('',(0.,2.22044604925E-16,1.));
#6357 = DIRECTION('',(1.,0.,0.));
#6358 = ADVANCED_FACE('',(#6359),#6377,.F.);
#6359 = FACE_BOUND('',#6360,.F.);
#6360 = EDGE_LOOP('',(#6361,#6362,#6370,#6376));
#6361 = ORIENTED_EDGE('',*,*,#2009,.F.);
#6362 = ORIENTED_EDGE('',*,*,#6363,.T.);
#6363 = EDGE_CURVE('',#2001,#6364,#6366,.T.);
#6364 = VERTEX_POINT('',#6365);
#6365 = CARTESIAN_POINT('',(-3.613567976657,-115.9437024011,
    129.31932160116));
#6366 = LINE('',#6367,#6368);
#6367 = CARTESIAN_POINT('',(-3.613567976657,-108.,129.31932160116));
#6368 = VECTOR('',#6369,1.);
#6369 = DIRECTION('',(0.,-1.,2.22044604925E-16));
#6370 = ORIENTED_EDGE('',*,*,#6371,.T.);
#6371 = EDGE_CURVE('',#6364,#6339,#6372,.T.);
#6372 = LINE('',#6373,#6374);
#6373 = CARTESIAN_POINT('',(-3.613567976657,-115.9437024011,70.));
#6374 = VECTOR('',#6375,1.);
#6375 = DIRECTION('',(0.,0.,1.));
#6376 = ORIENTED_EDGE('',*,*,#6338,.F.);
#6377 = PLANE('',#6378);
#6378 = AXIS2_PLACEMENT_3D('',#6379,#6380,#6381);
#6379 = CARTESIAN_POINT('',(-3.613567976657,-108.,129.31932160116));
#6380 = DIRECTION('',(-1.,0.,0.));
#6381 = DIRECTION('',(0.,2.22044604925E-16,1.));
#6382 = ADVANCED_FACE('',(#6383),#6402,.F.);
#6383 = FACE_BOUND('',#6384,.F.);
#6384 = EDGE_LOOP('',(#6385,#6386,#6394,#6401));
#6385 = ORIENTED_EDGE('',*,*,#2000,.F.);
#6386 = ORIENTED_EDGE('',*,*,#6387,.T.);
#6387 = EDGE_CURVE('',#1993,#6388,#6390,.T.);
#6388 = VERTEX_POINT('',#6389);
#6389 = CARTESIAN_POINT('',(-1.277468769946,-115.9929656209,
    129.05069754718));
#6390 = LINE('',#6391,#6392);
#6391 = CARTESIAN_POINT('',(-1.277468769946,-108.,129.05069754718));
#6392 = VECTOR('',#6393,1.);
#6393 = DIRECTION('',(0.,-1.,2.22044604925E-16));
#6394 = ORIENTED_EDGE('',*,*,#6395,.T.);
#6395 = EDGE_CURVE('',#6388,#6364,#6396,.T.);
#6396 = ELLIPSE('',#6397,116.76437539777,116.);
#6397 = AXIS2_PLACEMENT_3D('',#6398,#6399,#6400);
#6398 = CARTESIAN_POINT('',(0.,0.,128.90380359729));
#6399 = DIRECTION('',(-0.114235541797,-2.20591032869E-16,-0.99345369343)
  );
#6400 = DIRECTION('',(-0.99345369343,-1.91837822882E-15,0.114235541797)
  );
#6401 = ORIENTED_EDGE('',*,*,#6363,.F.);
#6402 = PLANE('',#6403);
#6403 = AXIS2_PLACEMENT_3D('',#6404,#6405,#6406);
#6404 = CARTESIAN_POINT('',(-1.277468769946,-108.,129.05069754718));
#6405 = DIRECTION('',(-0.114235541797,-2.20591032869E-16,-0.99345369343)
  );
#6406 = DIRECTION('',(-0.99345369343,2.536538574677E-17,0.114235541797)
  );
#6407 = ADVANCED_FACE('',(#6408),#6419,.F.);
#6408 = FACE_BOUND('',#6409,.F.);
#6409 = EDGE_LOOP('',(#6410,#6411,#6412,#6418));
#6410 = ORIENTED_EDGE('',*,*,#1992,.F.);
#6411 = ORIENTED_EDGE('',*,*,#6241,.F.);
#6412 = ORIENTED_EDGE('',*,*,#6413,.T.);
#6413 = EDGE_CURVE('',#6242,#6388,#6414,.T.);
#6414 = LINE('',#6415,#6416);
#6415 = CARTESIAN_POINT('',(-1.277468769946,-115.9929656209,70.));
#6416 = VECTOR('',#6417,1.);
#6417 = DIRECTION('',(0.,0.,1.));
#6418 = ORIENTED_EDGE('',*,*,#6387,.F.);
#6419 = PLANE('',#6420);
#6420 = AXIS2_PLACEMENT_3D('',#6421,#6422,#6423);
#6421 = CARTESIAN_POINT('',(-1.277468769946,-108.,120.94984954864));
#6422 = DIRECTION('',(-1.,0.,0.));
#6423 = DIRECTION('',(0.,2.22044604925E-16,1.));
#6424 = ADVANCED_FACE('',(#6425),#6474,.F.);
#6425 = FACE_BOUND('',#6426,.F.);
#6426 = EDGE_LOOP('',(#6427,#6428,#6436,#6468));
#6427 = ORIENTED_EDGE('',*,*,#2051,.T.);
#6428 = ORIENTED_EDGE('',*,*,#6429,.T.);
#6429 = EDGE_CURVE('',#2054,#6430,#6432,.T.);
#6430 = VERTEX_POINT('',#6431);
#6431 = CARTESIAN_POINT('',(10.722531230054,-115.50336499,
    118.83204157928));
#6432 = LINE('',#6433,#6434);
#6433 = CARTESIAN_POINT('',(10.722531230054,-108.,118.83204157928));
#6434 = VECTOR('',#6435,1.);
#6435 = DIRECTION('',(0.,-1.,2.22044604925E-16));
#6436 = ORIENTED_EDGE('',*,*,#6437,.F.);
#6437 = EDGE_CURVE('',#6438,#6430,#6440,.T.);
#6438 = VERTEX_POINT('',#6439);
#6439 = CARTESIAN_POINT('',(6.764292878636,-115.8026093913,
    120.45363362815));
#6440 = B_SPLINE_CURVE_WITH_KNOTS('',6,(#6441,#6442,#6443,#6444,#6445,
    #6446,#6447,#6448,#6449,#6450,#6451,#6452,#6453,#6454,#6455,#6456,
    #6457,#6458,#6459,#6460,#6461,#6462,#6463,#6464,#6465,#6466,#6467),
  .UNSPECIFIED.,.F.,.F.,(7,5,5,5,5,7),(0.,0.181952398738,0.486588275129,
    0.699883311645,0.805592845608,1.),.UNSPECIFIED.);
#6441 = CARTESIAN_POINT('',(6.764292878636,-115.8026093913,
    120.45363362815));
#6442 = CARTESIAN_POINT('',(6.836981301755,-115.7983634958,
    120.36314707371));
#6443 = CARTESIAN_POINT('',(6.913370641463,-115.7938464735,
    120.27422985006));
#6444 = CARTESIAN_POINT('',(6.993608590814,-115.7890392452,
    120.18707054507));
#6445 = CARTESIAN_POINT('',(7.077827769372,-115.7839218408,
    120.10188782129));
#6446 = CARTESIAN_POINT('',(7.16612855169,-115.778474593,120.01892156682
    ));
#6447 = CARTESIAN_POINT('',(7.413319475169,-115.7629765443,
    119.80365015501));
#6448 = CARTESIAN_POINT('',(7.579725116084,-115.7522942561,
    119.67574035823));
#6449 = CARTESIAN_POINT('',(7.757907669529,-115.7405538665,
    119.55599482198));
#6450 = CARTESIAN_POINT('',(7.947637707795,-115.7276893453,
    119.44567619745));
#6451 = CARTESIAN_POINT('',(8.148135140929,-115.7136642223,
    119.34584679351));
#6452 = CARTESIAN_POINT('',(8.504621102861,-115.6879124416,
    119.19505590776));
#6453 = CARTESIAN_POINT('',(8.655973443425,-115.6767543863,
    119.13839854957));
#6454 = CARTESIAN_POINT('',(8.811353437774,-115.6650544277,
    119.08740163614));
#6455 = CARTESIAN_POINT('',(8.970200510775,-115.6528309541,
    119.04212982696));
#6456 = CARTESIAN_POINT('',(9.131929603324,-115.6401095583,
    119.00252560683));
#6457 = CARTESIAN_POINT('',(9.377240588703,-115.6203875172,
    118.95154909532));
#6458 = CARTESIAN_POINT('',(9.459098118262,-115.613737471,
    118.93601163525));
#6459 = CARTESIAN_POINT('',(9.541456397574,-115.6069763166,
    118.92181035888));
#6460 = CARTESIAN_POINT('',(9.624251588769,-115.6001077218,
    118.90892102078));
#6461 = CARTESIAN_POINT('',(9.70742384014,-115.5931353655,
    118.89731519429));
#6462 = CARTESIAN_POINT('',(9.944468953625,-115.5730560484,
    118.86792100599));
#6463 = CARTESIAN_POINT('',(10.099105577076,-115.5597107503,
    118.85311651511));
#6464 = CARTESIAN_POINT('',(10.254489926629,-115.5460488953,
    118.84235221892));
#6465 = CARTESIAN_POINT('',(10.410335062676,-115.5320917042,
    118.83540458995));
#6466 = CARTESIAN_POINT('',(10.566407727412,-115.517858413,
    118.83204157928));
#6467 = CARTESIAN_POINT('',(10.722531230054,-115.50336499,
    118.83204157928));
#6468 = ORIENTED_EDGE('',*,*,#6469,.F.);
#6469 = EDGE_CURVE('',#2052,#6438,#6470,.T.);
#6470 = LINE('',#6471,#6472);
#6471 = CARTESIAN_POINT('',(6.764292878636,-108.,120.45363362815));
#6472 = VECTOR('',#6473,1.);
#6473 = DIRECTION('',(0.,-1.,2.22044604925E-16));
#6474 = SURFACE_OF_LINEAR_EXTRUSION('',#6475,#6479);
#6475 = B_SPLINE_CURVE_WITH_KNOTS('',2,(#6476,#6477,#6478),
  .UNSPECIFIED.,.F.,.F.,(3,3),(0.,1.),.PIECEWISE_BEZIER_KNOTS.);
#6476 = CARTESIAN_POINT('',(10.722531230054,-108.,118.83204157928));
#6477 = CARTESIAN_POINT('',(8.066928056898,-108.,118.83204157928));
#6478 = CARTESIAN_POINT('',(6.764292878636,-108.,120.45363362815));
#6479 = VECTOR('',#6480,1.);
#6480 = DIRECTION('',(-0.,1.,-2.22044604925E-16));
#6481 = ADVANCED_FACE('',(#6482),#6511,.F.);
#6482 = FACE_BOUND('',#6483,.F.);
#6483 = EDGE_LOOP('',(#6484,#6485,#6493,#6510));
#6484 = ORIENTED_EDGE('',*,*,#2199,.T.);
#6485 = ORIENTED_EDGE('',*,*,#6486,.T.);
#6486 = EDGE_CURVE('',#2181,#6487,#6489,.T.);
#6487 = VERTEX_POINT('',#6488);
#6488 = CARTESIAN_POINT('',(12.571168049603,-115.3168059472,
    118.98358712501));
#6489 = LINE('',#6490,#6491);
#6490 = CARTESIAN_POINT('',(12.571168049603,-108.,118.98358712501));
#6491 = VECTOR('',#6492,1.);
#6492 = DIRECTION('',(0.,-1.,2.22044604925E-16));
#6493 = ORIENTED_EDGE('',*,*,#6494,.F.);
#6494 = EDGE_CURVE('',#6430,#6487,#6495,.T.);
#6495 = B_SPLINE_CURVE_WITH_KNOTS('',4,(#6496,#6497,#6498,#6499,#6500,
    #6501,#6502,#6503,#6504,#6505,#6506,#6507,#6508,#6509),
  .UNSPECIFIED.,.F.,.F.,(5,3,3,3,5),(0.,0.26130031202,0.514554873792,
    0.760514613852,1.),.UNSPECIFIED.);
#6496 = CARTESIAN_POINT('',(10.722531230054,-115.50336499,
    118.83204157928));
#6497 = CARTESIAN_POINT('',(10.846548408058,-115.4918520954,
    118.83204157928));
#6498 = CARTESIAN_POINT('',(10.970209457844,-115.480193192,
    118.83356994629));
#6499 = CARTESIAN_POINT('',(11.093448380736,-115.4683965804,
    118.8367010906));
#6500 = CARTESIAN_POINT('',(11.335137575438,-115.4449173415,
    118.84617708398));
#6501 = CARTESIAN_POINT('',(11.453618349691,-115.4332424089,
    118.85241991789));
#6502 = CARTESIAN_POINT('',(11.571549519739,-115.4214587488,
    118.86031291578));
#6503 = CARTESIAN_POINT('',(11.802750512275,-115.3980423977,
    118.87926606008));
#6504 = CARTESIAN_POINT('',(11.916056704106,-115.3864151488,
    118.89022830677));
#6505 = CARTESIAN_POINT('',(12.028673509434,-115.3747097831,
    118.9028806311));
#6506 = CARTESIAN_POINT('',(12.249385441215,-115.3514826232,
    118.93131213831));
#6507 = CARTESIAN_POINT('',(12.35752157557,-115.3399641121,
    118.94700010105));
#6508 = CARTESIAN_POINT('',(12.464817489065,-115.3283996672,
    118.96440802001));
#6509 = CARTESIAN_POINT('',(12.571168049603,-115.3168059472,
    118.98358712501));
#6510 = ORIENTED_EDGE('',*,*,#6429,.F.);
#6511 = SURFACE_OF_LINEAR_EXTRUSION('',#6512,#6516);
#6512 = B_SPLINE_CURVE_WITH_KNOTS('',2,(#6513,#6514,#6515),
  .UNSPECIFIED.,.F.,.F.,(3,3),(0.,1.),.PIECEWISE_BEZIER_KNOTS.);
#6513 = CARTESIAN_POINT('',(12.571168049603,-108.,118.98358712501));
#6514 = CARTESIAN_POINT('',(11.730828850187,-108.,118.83204157928));
#6515 = CARTESIAN_POINT('',(10.722531230054,-108.,118.83204157928));
#6516 = VECTOR('',#6517,1.);
#6517 = DIRECTION('',(-0.,1.,-2.22044604925E-16));
#6518 = ADVANCED_FACE('',(#6519),#6548,.F.);
#6519 = FACE_BOUND('',#6520,.F.);
#6520 = EDGE_LOOP('',(#6521,#6522,#6530,#6547));
#6521 = ORIENTED_EDGE('',*,*,#2180,.T.);
#6522 = ORIENTED_EDGE('',*,*,#6523,.T.);
#6523 = EDGE_CURVE('',#2173,#6524,#6526,.T.);
#6524 = VERTEX_POINT('',#6525);
#6525 = CARTESIAN_POINT('',(14.285766390079,-115.1169704198,
    119.52083523297));
#6526 = LINE('',#6527,#6528);
#6527 = CARTESIAN_POINT('',(14.285766390079,-108.,119.52083523297));
#6528 = VECTOR('',#6529,1.);
#6529 = DIRECTION('',(0.,-1.,2.22044604925E-16));
#6530 = ORIENTED_EDGE('',*,*,#6531,.F.);
#6531 = EDGE_CURVE('',#6487,#6524,#6532,.T.);
#6532 = B_SPLINE_CURVE_WITH_KNOTS('',4,(#6533,#6534,#6535,#6536,#6537,
    #6538,#6539,#6540,#6541,#6542,#6543,#6544,#6545,#6546),
  .UNSPECIFIED.,.F.,.F.,(5,3,3,3,5),(0.,0.238743048488,0.483859578498,
    0.737580218432,1.),.UNSPECIFIED.);
#6533 = CARTESIAN_POINT('',(12.571168049603,-115.3168059472,
    118.98358712501));
#6534 = CARTESIAN_POINT('',(12.678071257054,-115.3051519807,
    119.0027962951));
#6535 = CARTESIAN_POINT('',(12.784428020641,-115.2934238659,
    119.02437984597));
#6536 = CARTESIAN_POINT('',(12.890143749385,-115.2816349703,
    119.04822458821));
#6537 = CARTESIAN_POINT('',(13.102967728573,-115.2576418647,
    119.10088728879));
#6538 = CARTESIAN_POINT('',(13.210037678017,-115.2454349638,
    119.12982137923));
#6539 = CARTESIAN_POINT('',(13.316294798069,-115.2331877269,
    119.16088028897));
#6540 = CARTESIAN_POINT('',(13.530803623728,-115.2082003096,
    119.22815008293));
#6541 = CARTESIAN_POINT('',(13.638994133645,-115.1954579302,
    119.26450379032));
#6542 = CARTESIAN_POINT('',(13.74622694738,-115.1826927045,
    119.30285349615));
#6543 = CARTESIAN_POINT('',(13.962384860586,-115.1566935174,
    119.38465961268));
#6544 = CARTESIAN_POINT('',(14.071241564325,-115.143458518,
    119.42824614818));
#6545 = CARTESIAN_POINT('',(14.179034924272,-115.1302155633,
    119.47368103093));
#6546 = CARTESIAN_POINT('',(14.285766390079,-115.1169704198,
    119.52083523297));
#6547 = ORIENTED_EDGE('',*,*,#6486,.F.);
#6548 = SURFACE_OF_LINEAR_EXTRUSION('',#6549,#6553);
#6549 = B_SPLINE_CURVE_WITH_KNOTS('',2,(#6550,#6551,#6552),
  .UNSPECIFIED.,.F.,.F.,(3,3),(0.,1.),.PIECEWISE_BEZIER_KNOTS.);
#6550 = CARTESIAN_POINT('',(14.285766390079,-108.,119.52083523297));
#6551 = CARTESIAN_POINT('',(13.41150724902,-108.,119.1345855749));
#6552 = CARTESIAN_POINT('',(12.571168049603,-108.,118.98358712501));
#6553 = VECTOR('',#6554,1.);
#6554 = DIRECTION('',(-0.,1.,-2.22044604925E-16));
#6555 = ADVANCED_FACE('',(#6556),#6574,.F.);
#6556 = FACE_BOUND('',#6557,.F.);
#6557 = EDGE_LOOP('',(#6558,#6559,#6567,#6573));
#6558 = ORIENTED_EDGE('',*,*,#2172,.T.);
#6559 = ORIENTED_EDGE('',*,*,#6560,.T.);
#6560 = EDGE_CURVE('',#2164,#6561,#6563,.T.);
#6561 = VERTEX_POINT('',#6562);
#6562 = CARTESIAN_POINT('',(14.285766390079,-115.1169704198,121.56));
#6563 = LINE('',#6564,#6565);
#6564 = CARTESIAN_POINT('',(14.285766390079,-107.,121.56));
#6565 = VECTOR('',#6566,1.);
#6566 = DIRECTION('',(0.,-1.,3.330669073875E-16));
#6567 = ORIENTED_EDGE('',*,*,#6568,.F.);
#6568 = EDGE_CURVE('',#6524,#6561,#6569,.T.);
#6569 = LINE('',#6570,#6571);
#6570 = CARTESIAN_POINT('',(14.285766390079,-115.1169704198,70.));
#6571 = VECTOR('',#6572,1.);
#6572 = DIRECTION('',(0.,0.,1.));
#6573 = ORIENTED_EDGE('',*,*,#6523,.F.);
#6574 = PLANE('',#6575);
#6575 = AXIS2_PLACEMENT_3D('',#6576,#6577,#6578);
#6576 = CARTESIAN_POINT('',(14.285766390079,-108.,125.75608644114));
#6577 = DIRECTION('',(1.,0.,0.));
#6578 = DIRECTION('',(0.,-2.22044604925E-16,-1.));
#6579 = ADVANCED_FACE('',(#6580),#6599,.F.);
#6580 = FACE_BOUND('',#6581,.F.);
#6581 = EDGE_LOOP('',(#6582,#6583,#6584,#6592));
#6582 = ORIENTED_EDGE('',*,*,#6560,.F.);
#6583 = ORIENTED_EDGE('',*,*,#2163,.F.);
#6584 = ORIENTED_EDGE('',*,*,#6585,.F.);
#6585 = EDGE_CURVE('',#6586,#2156,#6588,.T.);
#6586 = VERTEX_POINT('',#6587);
#6587 = CARTESIAN_POINT('',(12.083705662442,-115.368904205,121.56));
#6588 = LINE('',#6589,#6590);
#6589 = CARTESIAN_POINT('',(12.083705662442,-107.,121.56));
#6590 = VECTOR('',#6591,1.);
#6591 = DIRECTION('',(0.,1.,-3.330669073875E-16));
#6592 = ORIENTED_EDGE('',*,*,#6593,.T.);
#6593 = EDGE_CURVE('',#6586,#6561,#6594,.T.);
#6594 = CIRCLE('',#6595,116.);
#6595 = AXIS2_PLACEMENT_3D('',#6596,#6597,#6598);
#6596 = CARTESIAN_POINT('',(0.,0.,121.56));
#6597 = DIRECTION('',(0.,0.,1.));
#6598 = DIRECTION('',(1.,0.,0.));
#6599 = PLANE('',#6600);
#6600 = AXIS2_PLACEMENT_3D('',#6601,#6602,#6603);
#6601 = CARTESIAN_POINT('',(-36.03373757636,-106.,121.56));
#6602 = DIRECTION('',(0.,3.330669073875E-16,1.));
#6603 = DIRECTION('',(0.,-1.,3.330669073875E-16));
#6604 = ADVANCED_FACE('',(#6605),#6623,.F.);
#6605 = FACE_BOUND('',#6606,.F.);
#6606 = EDGE_LOOP('',(#6607,#6608,#6616,#6622));
#6607 = ORIENTED_EDGE('',*,*,#2155,.F.);
#6608 = ORIENTED_EDGE('',*,*,#6609,.T.);
#6609 = EDGE_CURVE('',#2146,#6610,#6612,.T.);
#6610 = VERTEX_POINT('',#6611);
#6611 = CARTESIAN_POINT('',(12.083705662442,-115.368904205,
    121.06747515273));
#6612 = LINE('',#6613,#6614);
#6613 = CARTESIAN_POINT('',(12.083705662442,-108.,121.06747515273));
#6614 = VECTOR('',#6615,1.);
#6615 = DIRECTION('',(0.,-1.,2.22044604925E-16));
#6616 = ORIENTED_EDGE('',*,*,#6617,.T.);
#6617 = EDGE_CURVE('',#6610,#6586,#6618,.T.);
#6618 = LINE('',#6619,#6620);
#6619 = CARTESIAN_POINT('',(12.083705662442,-115.368904205,70.));
#6620 = VECTOR('',#6621,1.);
#6621 = DIRECTION('',(0.,0.,1.));
#6622 = ORIENTED_EDGE('',*,*,#6585,.T.);
#6623 = PLANE('',#6624);
#6624 = AXIS2_PLACEMENT_3D('',#6625,#6626,#6627);
#6625 = CARTESIAN_POINT('',(12.083705662442,-108.,121.06747515273));
#6626 = DIRECTION('',(-1.,0.,0.));
#6627 = DIRECTION('',(0.,2.22044604925E-16,1.));
#6628 = ADVANCED_FACE('',(#6629),#6649,.F.);
#6629 = FACE_BOUND('',#6630,.F.);
#6630 = EDGE_LOOP('',(#6631,#6632,#6640,#6648));
#6631 = ORIENTED_EDGE('',*,*,#2145,.T.);
#6632 = ORIENTED_EDGE('',*,*,#6633,.T.);
#6633 = EDGE_CURVE('',#2133,#6634,#6636,.T.);
#6634 = VERTEX_POINT('',#6635);
#6635 = CARTESIAN_POINT('',(11.461657700374,-115.4323628916,
    120.94930245281));
#6636 = LINE('',#6637,#6638);
#6637 = CARTESIAN_POINT('',(11.461657700374,-108.,120.94930245281));
#6638 = VECTOR('',#6639,1.);
#6639 = DIRECTION('',(0.,-1.,2.22044604925E-16));
#6640 = ORIENTED_EDGE('',*,*,#6641,.F.);
#6641 = EDGE_CURVE('',#6610,#6634,#6642,.T.);
#6642 = B_SPLINE_CURVE_WITH_KNOTS('',4,(#6643,#6644,#6645,#6646,#6647),
  .UNSPECIFIED.,.F.,.F.,(5,5),(0.,1.),.PIECEWISE_BEZIER_KNOTS.);
#6643 = CARTESIAN_POINT('',(12.083705662442,-115.368904205,
    121.06747515273));
#6644 = CARTESIAN_POINT('',(11.93174866029,-115.3848201374,
    121.03367639818));
#6645 = CARTESIAN_POINT('',(11.77736259613,-115.400720702,
    121.00273213621));
#6646 = CARTESIAN_POINT('',(11.620635110587,-115.4165775035,
    120.97461906094));
#6647 = CARTESIAN_POINT('',(11.461657700374,-115.4323628916,
    120.94930245281));
#6648 = ORIENTED_EDGE('',*,*,#6609,.F.);
#6649 = SURFACE_OF_LINEAR_EXTRUSION('',#6650,#6654);
#6650 = B_SPLINE_CURVE_WITH_KNOTS('',2,(#6651,#6652,#6653),
  .UNSPECIFIED.,.F.,.F.,(3,3),(0.,1.),.PIECEWISE_BEZIER_KNOTS.);
#6651 = CARTESIAN_POINT('',(11.461657700374,-108.,120.94930245281));
#6652 = CARTESIAN_POINT('',(11.781161666819,-108.,121.00018236527));
#6653 = CARTESIAN_POINT('',(12.083705662442,-108.,121.06747515273));
#6654 = VECTOR('',#6655,1.);
#6655 = DIRECTION('',(-0.,1.,-2.22044604925E-16));
#6656 = ADVANCED_FACE('',(#6657),#6680,.F.);
#6657 = FACE_BOUND('',#6658,.F.);
#6658 = EDGE_LOOP('',(#6659,#6660,#6668,#6679));
#6659 = ORIENTED_EDGE('',*,*,#2132,.T.);
#6660 = ORIENTED_EDGE('',*,*,#6661,.T.);
#6661 = EDGE_CURVE('',#2110,#6662,#6664,.T.);
#6662 = VERTEX_POINT('',#6663);
#6663 = CARTESIAN_POINT('',(10.772864046686,-115.4986813787,
    120.89896963618));
#6664 = LINE('',#6665,#6666);
#6665 = CARTESIAN_POINT('',(10.772864046686,-108.,120.89896963618));
#6666 = VECTOR('',#6667,1.);
#6667 = DIRECTION('',(0.,-1.,2.22044604925E-16));
#6668 = ORIENTED_EDGE('',*,*,#6669,.F.);
#6669 = EDGE_CURVE('',#6634,#6662,#6670,.T.);
#6670 = B_SPLINE_CURVE_WITH_KNOTS('',4,(#6671,#6672,#6673,#6674,#6675,
    #6676,#6677,#6678),.UNSPECIFIED.,.F.,.F.,(5,3,5),(0.,0.560948843807,
    1.),.UNSPECIFIED.);
#6671 = CARTESIAN_POINT('',(11.461657700374,-115.4323628916,
    120.94930245281));
#6672 = CARTESIAN_POINT('',(11.370487332114,-115.4414154964,
    120.93491536211));
#6673 = CARTESIAN_POINT('',(11.277095864929,-115.4505916906,
    120.92335695239));
#6674 = CARTESIAN_POINT('',(11.18164552033,-115.4598647459,
    120.91456501883));
#6675 = CARTESIAN_POINT('',(11.008106334603,-115.4765233877,
    120.90366404298));
#6676 = CARTESIAN_POINT('',(10.93075187984,-115.4838812647,
    120.90051810389));
#6677 = CARTESIAN_POINT('',(10.852313131505,-115.4912709548,
    120.89896963618));
#6678 = CARTESIAN_POINT('',(10.772864046686,-115.4986813787,
    120.89896963618));
#6679 = ORIENTED_EDGE('',*,*,#6633,.F.);
#6680 = SURFACE_OF_LINEAR_EXTRUSION('',#6681,#6685);
#6681 = B_SPLINE_CURVE_WITH_KNOTS('',2,(#6682,#6683,#6684),
  .UNSPECIFIED.,.F.,.F.,(3,3),(0.,1.),.PIECEWISE_BEZIER_KNOTS.);
#6682 = CARTESIAN_POINT('',(10.772864046686,-108.,120.89896963618));
#6683 = CARTESIAN_POINT('',(11.142700829762,-108.,120.89896963618));
#6684 = CARTESIAN_POINT('',(11.461657700374,-108.,120.94930245281));
#6685 = VECTOR('',#6686,1.);
#6686 = DIRECTION('',(-0.,1.,-2.22044604925E-16));
#6687 = ADVANCED_FACE('',(#6688),#6723,.F.);
#6688 = FACE_BOUND('',#6689,.F.);
#6689 = EDGE_LOOP('',(#6690,#6691,#6701,#6722));
#6690 = ORIENTED_EDGE('',*,*,#2109,.T.);
#6691 = ORIENTED_EDGE('',*,*,#6692,.F.);
#6692 = EDGE_CURVE('',#6693,#2101,#6695,.T.);
#6693 = VERTEX_POINT('',#6694);
#6694 = CARTESIAN_POINT('',(8.955648361211,-115.6537779859,121.56));
#6695 = B_SPLINE_CURVE_WITH_KNOTS('',4,(#6696,#6697,#6698,#6699,#6700),
  .UNSPECIFIED.,.F.,.F.,(5,5),(0.,1.),.PIECEWISE_BEZIER_KNOTS.);
#6696 = CARTESIAN_POINT('',(8.955648361211,-128.0000006,121.56));
#6697 = CARTESIAN_POINT('',(8.955648361211,-123.0000003,121.56));
#6698 = CARTESIAN_POINT('',(8.955648361211,-118.,121.56));
#6699 = CARTESIAN_POINT('',(8.955648361211,-112.9999997,121.56));
#6700 = CARTESIAN_POINT('',(8.955648361211,-107.9999994,121.56));
#6701 = ORIENTED_EDGE('',*,*,#6702,.F.);
#6702 = EDGE_CURVE('',#6662,#6693,#6703,.T.);
#6703 = B_SPLINE_CURVE_WITH_KNOTS('',5,(#6704,#6705,#6706,#6707,#6708,
    #6709,#6710,#6711,#6712,#6713,#6714,#6715,#6716,#6717,#6718,#6719,
    #6720,#6721),.UNSPECIFIED.,.F.,.F.,(6,4,4,4,6),(0.,0.170783007103,
    0.486263861151,0.81678672031,1.),.UNSPECIFIED.);
#6704 = CARTESIAN_POINT('',(10.772864046686,-115.4986813787,
    120.89896963618));
#6705 = CARTESIAN_POINT('',(10.69982473648,-115.5054939462,
    120.89896963618));
#6706 = CARTESIAN_POINT('',(10.626897259946,-115.5122378448,
    120.90067303922));
#6707 = CARTESIAN_POINT('',(10.554184668153,-115.5189038339,
    120.90417927547));
#6708 = CARTESIAN_POINT('',(10.48181621269,-115.5254808965,
    120.90958512105));
#6709 = CARTESIAN_POINT('',(10.277178311833,-115.5439196837,
    120.93060304619));
#6710 = CARTESIAN_POINT('',(10.146066154871,-115.5555412432,
    120.95098617247));
#6711 = CARTESIAN_POINT('',(10.017669393556,-115.5667353789,
    120.97859310336));
#6712 = CARTESIAN_POINT('',(9.893125838323,-115.5774219957,
    121.01364026625));
#6713 = CARTESIAN_POINT('',(9.648158779378,-115.5981351643,
    121.09986976254));
#6714 = CARTESIAN_POINT('',(9.528152716069,-115.6081110963,
    121.15176369276));
#6715 = CARTESIAN_POINT('',(9.414710382801,-115.6173905151,
    121.21101061312));
#6716 = CARTESIAN_POINT('',(9.308317806319,-115.625970839,121.2767006605
    ));
#6717 = CARTESIAN_POINT('',(9.154053672406,-115.6382564172,
    121.38722236618));
#6718 = CARTESIAN_POINT('',(9.10122251566,-115.6424309569,
    121.42830970398));
#6719 = CARTESIAN_POINT('',(9.050577448746,-115.6464037163,
    121.47090579294));
#6720 = CARTESIAN_POINT('',(9.002074362821,-115.6501829897,
    121.51485002501));
#6721 = CARTESIAN_POINT('',(8.955647312594,-115.6537780671,
    121.56000101979));
#6722 = ORIENTED_EDGE('',*,*,#6661,.F.);
#6723 = SURFACE_OF_LINEAR_EXTRUSION('',#6724,#6728);
#6724 = B_SPLINE_CURVE_WITH_KNOTS('',2,(#6725,#6726,#6727),
  .UNSPECIFIED.,.F.,.F.,(3,3),(0.,1.),.PIECEWISE_BEZIER_KNOTS.);
#6725 = CARTESIAN_POINT('',(8.604723260691,-108.,121.99152001458));
#6726 = CARTESIAN_POINT('',(9.310476885201,-108.,120.89896963618));
#6727 = CARTESIAN_POINT('',(10.772864046686,-108.,120.89896963618));
#6728 = VECTOR('',#6729,1.);
#6729 = DIRECTION('',(-0.,1.,-2.22044604925E-16));
#6730 = ADVANCED_FACE('',(#6731),#6752,.F.);
#6731 = FACE_BOUND('',#6732,.F.);
#6732 = EDGE_LOOP('',(#6733,#6743,#6750,#6751));
#6733 = ORIENTED_EDGE('',*,*,#6734,.F.);
#6734 = EDGE_CURVE('',#6735,#2086,#6737,.T.);
#6735 = VERTEX_POINT('',#6736);
#6736 = CARTESIAN_POINT('',(6.087377774417,-115.8401650198,121.56));
#6737 = B_SPLINE_CURVE_WITH_KNOTS('',4,(#6738,#6739,#6740,#6741,#6742),
  .UNSPECIFIED.,.F.,.F.,(5,5),(0.,1.),.PIECEWISE_BEZIER_KNOTS.);
#6738 = CARTESIAN_POINT('',(6.087377774417,-128.0000006,121.56));
#6739 = CARTESIAN_POINT('',(6.087377774417,-123.0000003,121.56));
#6740 = CARTESIAN_POINT('',(6.087377774417,-118.,121.56));
#6741 = CARTESIAN_POINT('',(6.087377774417,-112.9999997,121.56));
#6742 = CARTESIAN_POINT('',(6.087377774417,-107.9999994,121.56));
#6743 = ORIENTED_EDGE('',*,*,#6744,.T.);
#6744 = EDGE_CURVE('',#6735,#6693,#6745,.T.);
#6745 = CIRCLE('',#6746,116.);
#6746 = AXIS2_PLACEMENT_3D('',#6747,#6748,#6749);
#6747 = CARTESIAN_POINT('',(0.,0.,121.56));
#6748 = DIRECTION('',(0.,0.,1.));
#6749 = DIRECTION('',(1.,0.,0.));
#6750 = ORIENTED_EDGE('',*,*,#6692,.T.);
#6751 = ORIENTED_EDGE('',*,*,#2100,.F.);
#6752 = PLANE('',#6753);
#6753 = AXIS2_PLACEMENT_3D('',#6754,#6755,#6756);
#6754 = CARTESIAN_POINT('',(-36.03373757636,-106.,121.56));
#6755 = DIRECTION('',(0.,3.330669073875E-16,1.));
#6756 = DIRECTION('',(0.,-1.,3.330669073875E-16));
#6757 = ADVANCED_FACE('',(#6758),#6776,.F.);
#6758 = FACE_BOUND('',#6759,.F.);
#6759 = EDGE_LOOP('',(#6760,#6761,#6762,#6775));
#6760 = ORIENTED_EDGE('',*,*,#2085,.T.);
#6761 = ORIENTED_EDGE('',*,*,#6469,.T.);
#6762 = ORIENTED_EDGE('',*,*,#6763,.F.);
#6763 = EDGE_CURVE('',#6735,#6438,#6764,.T.);
#6764 = B_SPLINE_CURVE_WITH_KNOTS('',5,(#6765,#6766,#6767,#6768,#6769,
    #6770,#6771,#6772,#6773,#6774),.UNSPECIFIED.,.F.,.F.,(6,4,6),(0.,
    0.51324571494,1.),.UNSPECIFIED.);
#6765 = CARTESIAN_POINT('',(6.087376691734,-115.8401650767,
    121.56000237679));
#6766 = CARTESIAN_POINT('',(6.141226175958,-115.8373352975,
    121.44178750695));
#6767 = CARTESIAN_POINT('',(6.198750053092,-115.834281052,
    121.32446975328));
#6768 = CARTESIAN_POINT('',(6.260125625109,-115.8309844592,
    121.20817576768));
#6769 = CARTESIAN_POINT('',(6.325531946686,-115.8274255311,
    121.09305886639));
#6770 = CARTESIAN_POINT('',(6.461148498052,-115.8199375364,
    120.8714036033));
#6771 = CARTESIAN_POINT('',(6.530936104128,-115.8160370778,
    120.76472984005));
#6772 = CARTESIAN_POINT('',(6.604641439585,-115.8118623436,
    120.65942480294));
#6773 = CARTESIAN_POINT('',(6.682394359999,-115.8073932694,
    120.55566266503));
#6774 = CARTESIAN_POINT('',(6.764292878636,-115.8026093913,
    120.45363362815));
#6775 = ORIENTED_EDGE('',*,*,#6734,.T.);
#6776 = SURFACE_OF_LINEAR_EXTRUSION('',#6777,#6781);
#6777 = B_SPLINE_CURVE_WITH_KNOTS('',2,(#6778,#6779,#6780),
  .UNSPECIFIED.,.F.,.F.,(3,3),(0.,1.),.PIECEWISE_BEZIER_KNOTS.);
#6778 = CARTESIAN_POINT('',(6.764292878636,-108.,120.45363362815));
#6779 = CARTESIAN_POINT('',(5.462204796207,-108.,122.07577277286));
#6780 = CARTESIAN_POINT('',(5.462204796207,-108.,124.86541442509));
#6781 = VECTOR('',#6782,1.);
#6782 = DIRECTION('',(-0.,1.,-2.22044604925E-16));
#6783 = ADVANCED_FACE('',(#6784),#6810,.F.);
#6784 = FACE_BOUND('',#6785,.F.);
#6785 = EDGE_LOOP('',(#6786,#6787,#6795,#6804));
#6786 = ORIENTED_EDGE('',*,*,#2218,.T.);
#6787 = ORIENTED_EDGE('',*,*,#6788,.T.);
#6788 = EDGE_CURVE('',#2221,#6789,#6791,.T.);
#6789 = VERTEX_POINT('',#6790);
#6790 = CARTESIAN_POINT('',(23.949667183368,-113.5007200056,119.));
#6791 = LINE('',#6792,#6793);
#6792 = CARTESIAN_POINT('',(23.949667183368,-108.,119.));
#6793 = VECTOR('',#6794,1.);
#6794 = DIRECTION('',(0.,-1.,2.22044604925E-16));
#6795 = ORIENTED_EDGE('',*,*,#6796,.F.);
#6796 = EDGE_CURVE('',#6797,#6789,#6799,.T.);
#6797 = VERTEX_POINT('',#6798);
#6798 = CARTESIAN_POINT('',(16.38661438862,-114.8367487735,119.));
#6799 = CIRCLE('',#6800,116.);
#6800 = AXIS2_PLACEMENT_3D('',#6801,#6802,#6803);
#6801 = CARTESIAN_POINT('',(0.,0.,119.));
#6802 = DIRECTION('',(0.,0.,1.));
#6803 = DIRECTION('',(1.,0.,0.));
#6804 = ORIENTED_EDGE('',*,*,#6805,.F.);
#6805 = EDGE_CURVE('',#2219,#6797,#6806,.T.);
#6806 = LINE('',#6807,#6808);
#6807 = CARTESIAN_POINT('',(16.38661438862,-108.,119.));
#6808 = VECTOR('',#6809,1.);
#6809 = DIRECTION('',(0.,-1.,2.22044604925E-16));
#6810 = PLANE('',#6811);
#6811 = AXIS2_PLACEMENT_3D('',#6812,#6813,#6814);
#6812 = CARTESIAN_POINT('',(23.949667183368,-108.,119.));
#6813 = DIRECTION('',(0.,-2.22044604925E-16,-1.));
#6814 = DIRECTION('',(-1.,0.,0.));
#6815 = ADVANCED_FACE('',(#6816),#6834,.F.);
#6816 = FACE_BOUND('',#6817,.F.);
#6817 = EDGE_LOOP('',(#6818,#6819,#6827,#6833));
#6818 = ORIENTED_EDGE('',*,*,#2263,.T.);
#6819 = ORIENTED_EDGE('',*,*,#6820,.T.);
#6820 = EDGE_CURVE('',#2255,#6821,#6823,.T.);
#6821 = VERTEX_POINT('',#6822);
#6822 = CARTESIAN_POINT('',(23.949667183368,-113.5007200056,
    121.10084799854));
#6823 = LINE('',#6824,#6825);
#6824 = CARTESIAN_POINT('',(23.949667183368,-108.,121.10084799854));
#6825 = VECTOR('',#6826,1.);
#6826 = DIRECTION('',(0.,-1.,2.22044604925E-16));
#6827 = ORIENTED_EDGE('',*,*,#6828,.F.);
#6828 = EDGE_CURVE('',#6789,#6821,#6829,.T.);
#6829 = LINE('',#6830,#6831);
#6830 = CARTESIAN_POINT('',(23.949667183368,-113.5007200056,70.));
#6831 = VECTOR('',#6832,1.);
#6832 = DIRECTION('',(0.,0.,1.));
#6833 = ORIENTED_EDGE('',*,*,#6788,.F.);
#6834 = PLANE('',#6835);
#6835 = AXIS2_PLACEMENT_3D('',#6836,#6837,#6838);
#6836 = CARTESIAN_POINT('',(23.949667183368,-108.,121.10084799854));
#6837 = DIRECTION('',(1.,0.,0.));
#6838 = DIRECTION('',(0.,-2.22044604925E-16,-1.));
#6839 = ADVANCED_FACE('',(#6840),#6859,.F.);
#6840 = FACE_BOUND('',#6841,.F.);
#6841 = EDGE_LOOP('',(#6842,#6843,#6851,#6858));
#6842 = ORIENTED_EDGE('',*,*,#2254,.F.);
#6843 = ORIENTED_EDGE('',*,*,#6844,.T.);
#6844 = EDGE_CURVE('',#2247,#6845,#6847,.T.);
#6845 = VERTEX_POINT('',#6846);
#6846 = CARTESIAN_POINT('',(18.73912647032,-114.4763955544,
    121.10084799854));
#6847 = LINE('',#6848,#6849);
#6848 = CARTESIAN_POINT('',(18.73912647032,-108.,121.10084799854));
#6849 = VECTOR('',#6850,1.);
#6850 = DIRECTION('',(0.,-1.,2.22044604925E-16));
#6851 = ORIENTED_EDGE('',*,*,#6852,.T.);
#6852 = EDGE_CURVE('',#6845,#6821,#6853,.T.);
#6853 = CIRCLE('',#6854,116.);
#6854 = AXIS2_PLACEMENT_3D('',#6855,#6856,#6857);
#6855 = CARTESIAN_POINT('',(0.,0.,121.10084799854));
#6856 = DIRECTION('',(0.,0.,1.));
#6857 = DIRECTION('',(1.,0.,0.));
#6858 = ORIENTED_EDGE('',*,*,#6820,.F.);
#6859 = PLANE('',#6860);
#6860 = AXIS2_PLACEMENT_3D('',#6861,#6862,#6863);
#6861 = CARTESIAN_POINT('',(18.73912647032,-108.,121.10084799854));
#6862 = DIRECTION('',(0.,2.22044604925E-16,1.));
#6863 = DIRECTION('',(1.,0.,0.));
#6864 = ADVANCED_FACE('',(#6865),#6883,.F.);
#6865 = FACE_BOUND('',#6866,.F.);
#6866 = EDGE_LOOP('',(#6867,#6868,#6876,#6882));
#6867 = ORIENTED_EDGE('',*,*,#2246,.T.);
#6868 = ORIENTED_EDGE('',*,*,#6869,.T.);
#6869 = EDGE_CURVE('',#2238,#6870,#6872,.T.);
#6870 = VERTEX_POINT('',#6871);
#6871 = CARTESIAN_POINT('',(18.73912647032,-114.4763955544,121.56));
#6872 = LINE('',#6873,#6874);
#6873 = CARTESIAN_POINT('',(18.73912647032,-107.,121.56));
#6874 = VECTOR('',#6875,1.);
#6875 = DIRECTION('',(0.,-1.,3.330669073875E-16));
#6876 = ORIENTED_EDGE('',*,*,#6877,.F.);
#6877 = EDGE_CURVE('',#6845,#6870,#6878,.T.);
#6878 = LINE('',#6879,#6880);
#6879 = CARTESIAN_POINT('',(18.73912647032,-114.4763955544,70.));
#6880 = VECTOR('',#6881,1.);
#6881 = DIRECTION('',(0.,0.,1.));
#6882 = ORIENTED_EDGE('',*,*,#6844,.F.);
#6883 = PLANE('',#6884);
#6884 = AXIS2_PLACEMENT_3D('',#6885,#6886,#6887);
#6885 = CARTESIAN_POINT('',(18.73912647032,-108.,124.1766207714));
#6886 = DIRECTION('',(1.,0.,0.));
#6887 = DIRECTION('',(0.,-2.22044604925E-16,-1.));
#6888 = ADVANCED_FACE('',(#6889),#6908,.F.);
#6889 = FACE_BOUND('',#6890,.F.);
#6890 = EDGE_LOOP('',(#6891,#6899,#6906,#6907));
#6891 = ORIENTED_EDGE('',*,*,#6892,.F.);
#6892 = EDGE_CURVE('',#6893,#2230,#6895,.T.);
#6893 = VERTEX_POINT('',#6894);
#6894 = CARTESIAN_POINT('',(16.38661438862,-114.8367487735,121.56));
#6895 = LINE('',#6896,#6897);
#6896 = CARTESIAN_POINT('',(16.38661438862,-107.,121.56));
#6897 = VECTOR('',#6898,1.);
#6898 = DIRECTION('',(0.,1.,-3.330669073875E-16));
#6899 = ORIENTED_EDGE('',*,*,#6900,.T.);
#6900 = EDGE_CURVE('',#6893,#6870,#6901,.T.);
#6901 = CIRCLE('',#6902,116.);
#6902 = AXIS2_PLACEMENT_3D('',#6903,#6904,#6905);
#6903 = CARTESIAN_POINT('',(0.,0.,121.56));
#6904 = DIRECTION('',(0.,0.,1.));
#6905 = DIRECTION('',(1.,0.,0.));
#6906 = ORIENTED_EDGE('',*,*,#6869,.F.);
#6907 = ORIENTED_EDGE('',*,*,#2237,.F.);
#6908 = PLANE('',#6909);
#6909 = AXIS2_PLACEMENT_3D('',#6910,#6911,#6912);
#6910 = CARTESIAN_POINT('',(-36.03373757636,-106.,121.56));
#6911 = DIRECTION('',(0.,3.330669073875E-16,1.));
#6912 = DIRECTION('',(0.,-1.,3.330669073875E-16));
#6913 = ADVANCED_FACE('',(#6914),#6925,.F.);
#6914 = FACE_BOUND('',#6915,.F.);
#6915 = EDGE_LOOP('',(#6916,#6917,#6918,#6924));
#6916 = ORIENTED_EDGE('',*,*,#2229,.F.);
#6917 = ORIENTED_EDGE('',*,*,#6805,.T.);
#6918 = ORIENTED_EDGE('',*,*,#6919,.T.);
#6919 = EDGE_CURVE('',#6797,#6893,#6920,.T.);
#6920 = LINE('',#6921,#6922);
#6921 = CARTESIAN_POINT('',(16.38661438862,-114.8367487735,70.));
#6922 = VECTOR('',#6923,1.);
#6923 = DIRECTION('',(0.,0.,1.));
#6924 = ORIENTED_EDGE('',*,*,#6892,.T.);
#6925 = PLANE('',#6926);
#6926 = AXIS2_PLACEMENT_3D('',#6927,#6928,#6929);
#6927 = CARTESIAN_POINT('',(16.38661438862,-108.,119.));
#6928 = DIRECTION('',(-1.,0.,0.));
#6929 = DIRECTION('',(0.,2.22044604925E-16,1.));
#6930 = ADVANCED_FACE('',(#6931),#6965,.F.);
#6931 = FACE_BOUND('',#6932,.F.);
#6932 = EDGE_LOOP('',(#6933,#6941,#6949,#6958,#6964));
#6933 = ORIENTED_EDGE('',*,*,#6934,.F.);
#6934 = EDGE_CURVE('',#6935,#2274,#6937,.T.);
#6935 = VERTEX_POINT('',#6936);
#6936 = CARTESIAN_POINT('',(34.033737576365,-108.,119.));
#6937 = LINE('',#6938,#6939);
#6938 = CARTESIAN_POINT('',(34.033737576365,-108.,119.));
#6939 = VECTOR('',#6940,1.);
#6940 = DIRECTION('',(-1.,0.,0.));
#6941 = ORIENTED_EDGE('',*,*,#6942,.T.);
#6942 = EDGE_CURVE('',#6935,#6943,#6945,.T.);
#6943 = VERTEX_POINT('',#6944);
#6944 = CARTESIAN_POINT('',(34.033737576365,-110.8950165994,119.));
#6945 = LINE('',#6946,#6947);
#6946 = CARTESIAN_POINT('',(34.033737576365,-108.,119.));
#6947 = VECTOR('',#6948,1.);
#6948 = DIRECTION('',(0.,-1.,2.22044604925E-16));
#6949 = ORIENTED_EDGE('',*,*,#6950,.F.);
#6950 = EDGE_CURVE('',#6951,#6943,#6953,.T.);
#6951 = VERTEX_POINT('',#6952);
#6952 = CARTESIAN_POINT('',(26.470684781618,-112.9393768673,119.));
#6953 = CIRCLE('',#6954,116.);
#6954 = AXIS2_PLACEMENT_3D('',#6955,#6956,#6957);
#6955 = CARTESIAN_POINT('',(0.,0.,119.));
#6956 = DIRECTION('',(0.,0.,1.));
#6957 = DIRECTION('',(1.,0.,0.));
#6958 = ORIENTED_EDGE('',*,*,#6959,.F.);
#6959 = EDGE_CURVE('',#2272,#6951,#6960,.T.);
#6960 = LINE('',#6961,#6962);
#6961 = CARTESIAN_POINT('',(26.470684781618,-108.,119.));
#6962 = VECTOR('',#6963,1.);
#6963 = DIRECTION('',(0.,-1.,2.22044604925E-16));
#6964 = ORIENTED_EDGE('',*,*,#2271,.T.);
#6965 = PLANE('',#6966);
#6966 = AXIS2_PLACEMENT_3D('',#6967,#6968,#6969);
#6967 = CARTESIAN_POINT('',(34.033737576365,-108.,119.));
#6968 = DIRECTION('',(0.,-2.22044604925E-16,-1.));
#6969 = DIRECTION('',(-1.,0.,0.));
#6970 = ADVANCED_FACE('',(#6971),#6989,.T.);
#6971 = FACE_BOUND('',#6972,.T.);
#6972 = EDGE_LOOP('',(#6973,#6974,#6975,#6983));
#6973 = ORIENTED_EDGE('',*,*,#2316,.F.);
#6974 = ORIENTED_EDGE('',*,*,#6934,.F.);
#6975 = ORIENTED_EDGE('',*,*,#6976,.F.);
#6976 = EDGE_CURVE('',#6977,#6935,#6979,.T.);
#6977 = VERTEX_POINT('',#6978);
#6978 = CARTESIAN_POINT('',(34.033737576365,-108.,121.10084799854));
#6979 = LINE('',#6980,#6981);
#6980 = CARTESIAN_POINT('',(34.033737576365,-108.,121.10084799854));
#6981 = VECTOR('',#6982,1.);
#6982 = DIRECTION('',(0.,-2.22044604925E-16,-1.));
#6983 = ORIENTED_EDGE('',*,*,#6984,.F.);
#6984 = EDGE_CURVE('',#2308,#6977,#6985,.T.);
#6985 = LINE('',#6986,#6987);
#6986 = CARTESIAN_POINT('',(28.823196863317,-108.,121.10084799854));
#6987 = VECTOR('',#6988,1.);
#6988 = DIRECTION('',(1.,0.,0.));
#6989 = PLANE('',#6990);
#6990 = AXIS2_PLACEMENT_3D('',#6991,#6992,#6993);
#6991 = CARTESIAN_POINT('',(30.125330051329,-108.,125.03786377323));
#6992 = DIRECTION('',(0.,-1.,2.22044604925E-16));
#6993 = DIRECTION('',(1.,0.,0.));
#6994 = ADVANCED_FACE('',(#6995),#7022,.F.);
#6995 = FACE_BOUND('',#6996,.F.);
#6996 = EDGE_LOOP('',(#6997,#6998,#7006,#7015,#7021));
#6997 = ORIENTED_EDGE('',*,*,#2307,.F.);
#6998 = ORIENTED_EDGE('',*,*,#6999,.T.);
#6999 = EDGE_CURVE('',#2300,#7000,#7002,.T.);
#7000 = VERTEX_POINT('',#7001);
#7001 = CARTESIAN_POINT('',(28.823196863317,-112.3620190392,
    121.10084799854));
#7002 = LINE('',#7003,#7004);
#7003 = CARTESIAN_POINT('',(28.823196863317,-108.,121.10084799854));
#7004 = VECTOR('',#7005,1.);
#7005 = DIRECTION('',(0.,-1.,2.22044604925E-16));
#7006 = ORIENTED_EDGE('',*,*,#7007,.T.);
#7007 = EDGE_CURVE('',#7000,#7008,#7010,.T.);
#7008 = VERTEX_POINT('',#7009);
#7009 = CARTESIAN_POINT('',(34.033737576365,-110.8950165994,
    121.10084799854));
#7010 = CIRCLE('',#7011,116.);
#7011 = AXIS2_PLACEMENT_3D('',#7012,#7013,#7014);
#7012 = CARTESIAN_POINT('',(0.,0.,121.10084799854));
#7013 = DIRECTION('',(0.,0.,1.));
#7014 = DIRECTION('',(1.,0.,0.));
#7015 = ORIENTED_EDGE('',*,*,#7016,.F.);
#7016 = EDGE_CURVE('',#6977,#7008,#7017,.T.);
#7017 = LINE('',#7018,#7019);
#7018 = CARTESIAN_POINT('',(34.033737576365,-108.,121.10084799854));
#7019 = VECTOR('',#7020,1.);
#7020 = DIRECTION('',(0.,-1.,2.22044604925E-16));
#7021 = ORIENTED_EDGE('',*,*,#6984,.F.);
#7022 = PLANE('',#7023);
#7023 = AXIS2_PLACEMENT_3D('',#7024,#7025,#7026);
#7024 = CARTESIAN_POINT('',(28.823196863317,-108.,121.10084799854));
#7025 = DIRECTION('',(0.,2.22044604925E-16,1.));
#7026 = DIRECTION('',(1.,0.,0.));
#7027 = ADVANCED_FACE('',(#7028),#7046,.F.);
#7028 = FACE_BOUND('',#7029,.F.);
#7029 = EDGE_LOOP('',(#7030,#7031,#7039,#7045));
#7030 = ORIENTED_EDGE('',*,*,#2299,.T.);
#7031 = ORIENTED_EDGE('',*,*,#7032,.T.);
#7032 = EDGE_CURVE('',#2291,#7033,#7035,.T.);
#7033 = VERTEX_POINT('',#7034);
#7034 = CARTESIAN_POINT('',(28.823196863317,-112.3620190392,121.56));
#7035 = LINE('',#7036,#7037);
#7036 = CARTESIAN_POINT('',(28.823196863317,-107.,121.56));
#7037 = VECTOR('',#7038,1.);
#7038 = DIRECTION('',(0.,-1.,3.330669073875E-16));
#7039 = ORIENTED_EDGE('',*,*,#7040,.F.);
#7040 = EDGE_CURVE('',#7000,#7033,#7041,.T.);
#7041 = LINE('',#7042,#7043);
#7042 = CARTESIAN_POINT('',(28.823196863317,-112.3620190392,70.));
#7043 = VECTOR('',#7044,1.);
#7044 = DIRECTION('',(0.,0.,1.));
#7045 = ORIENTED_EDGE('',*,*,#6999,.F.);
#7046 = PLANE('',#7047);
#7047 = AXIS2_PLACEMENT_3D('',#7048,#7049,#7050);
#7048 = CARTESIAN_POINT('',(28.823196863317,-108.,124.1766207714));
#7049 = DIRECTION('',(1.,0.,0.));
#7050 = DIRECTION('',(0.,-2.22044604925E-16,-1.));
#7051 = ADVANCED_FACE('',(#7052),#7071,.F.);
#7052 = FACE_BOUND('',#7053,.F.);
#7053 = EDGE_LOOP('',(#7054,#7062,#7069,#7070));
#7054 = ORIENTED_EDGE('',*,*,#7055,.F.);
#7055 = EDGE_CURVE('',#7056,#2283,#7058,.T.);
#7056 = VERTEX_POINT('',#7057);
#7057 = CARTESIAN_POINT('',(26.470684781618,-112.9393768673,121.56));
#7058 = LINE('',#7059,#7060);
#7059 = CARTESIAN_POINT('',(26.470684781618,-107.,121.56));
#7060 = VECTOR('',#7061,1.);
#7061 = DIRECTION('',(0.,1.,-3.330669073875E-16));
#7062 = ORIENTED_EDGE('',*,*,#7063,.T.);
#7063 = EDGE_CURVE('',#7056,#7033,#7064,.T.);
#7064 = CIRCLE('',#7065,116.);
#7065 = AXIS2_PLACEMENT_3D('',#7066,#7067,#7068);
#7066 = CARTESIAN_POINT('',(0.,0.,121.56));
#7067 = DIRECTION('',(0.,0.,1.));
#7068 = DIRECTION('',(1.,0.,0.));
#7069 = ORIENTED_EDGE('',*,*,#7032,.F.);
#7070 = ORIENTED_EDGE('',*,*,#2290,.F.);
#7071 = PLANE('',#7072);
#7072 = AXIS2_PLACEMENT_3D('',#7073,#7074,#7075);
#7073 = CARTESIAN_POINT('',(-36.03373757636,-106.,121.56));
#7074 = DIRECTION('',(0.,3.330669073875E-16,1.));
#7075 = DIRECTION('',(0.,-1.,3.330669073875E-16));
#7076 = ADVANCED_FACE('',(#7077),#7088,.F.);
#7077 = FACE_BOUND('',#7078,.F.);
#7078 = EDGE_LOOP('',(#7079,#7080,#7081,#7087));
#7079 = ORIENTED_EDGE('',*,*,#2282,.F.);
#7080 = ORIENTED_EDGE('',*,*,#6959,.T.);
#7081 = ORIENTED_EDGE('',*,*,#7082,.T.);
#7082 = EDGE_CURVE('',#6951,#7056,#7083,.T.);
#7083 = LINE('',#7084,#7085);
#7084 = CARTESIAN_POINT('',(26.470684781618,-112.9393768673,70.));
#7085 = VECTOR('',#7086,1.);
#7086 = DIRECTION('',(0.,0.,1.));
#7087 = ORIENTED_EDGE('',*,*,#7055,.T.);
#7088 = PLANE('',#7089);
#7089 = AXIS2_PLACEMENT_3D('',#7090,#7091,#7092);
#7090 = CARTESIAN_POINT('',(26.470684781618,-108.,119.));
#7091 = DIRECTION('',(-1.,0.,0.));
#7092 = DIRECTION('',(0.,2.22044604925E-16,1.));
#7093 = ADVANCED_FACE('',(#7094),#7125,.F.);
#7094 = FACE_BOUND('',#7095,.F.);
#7095 = EDGE_LOOP('',(#7096,#7097,#7107,#7119));
#7096 = ORIENTED_EDGE('',*,*,#2324,.T.);
#7097 = ORIENTED_EDGE('',*,*,#7098,.F.);
#7098 = EDGE_CURVE('',#7099,#2327,#7101,.T.);
#7099 = VERTEX_POINT('',#7100);
#7100 = CARTESIAN_POINT('',(5.602468664582,-115.864629395,123.16));
#7101 = B_SPLINE_CURVE_WITH_KNOTS('',4,(#7102,#7103,#7104,#7105,#7106),
  .UNSPECIFIED.,.F.,.F.,(5,5),(0.,1.),.PIECEWISE_BEZIER_KNOTS.);
#7102 = CARTESIAN_POINT('',(5.602468664582,-128.0000006,123.16));
#7103 = CARTESIAN_POINT('',(5.602468664582,-123.0000003,123.16));
#7104 = CARTESIAN_POINT('',(5.602468664582,-118.,123.16));
#7105 = CARTESIAN_POINT('',(5.602468664582,-112.9999997,123.16));
#7106 = CARTESIAN_POINT('',(5.602468664582,-107.9999994,123.16));
#7107 = ORIENTED_EDGE('',*,*,#7108,.F.);
#7108 = EDGE_CURVE('',#7109,#7099,#7111,.T.);
#7109 = VERTEX_POINT('',#7110);
#7110 = CARTESIAN_POINT('',(5.462204796207,-115.8713265599,
    124.86541442509));
#7111 = B_SPLINE_CURVE_WITH_KNOTS('',6,(#7112,#7113,#7114,#7115,#7116,
    #7117,#7118),.UNSPECIFIED.,.F.,.F.,(7,7),(0.,1.),
  .PIECEWISE_BEZIER_KNOTS.);
#7112 = CARTESIAN_POINT('',(5.462204796207,-115.8713265599,
    124.86541442509));
#7113 = CARTESIAN_POINT('',(5.462204796207,-115.8713265599,
    124.58016961422));
#7114 = CARTESIAN_POINT('',(5.470373135031,-115.8709414969,
    124.2950566352));
#7115 = CARTESIAN_POINT('',(5.487481707857,-115.8701350197,
    124.01020269552));
#7116 = CARTESIAN_POINT('',(5.514444650997,-115.868859587,
    123.72583636916));
#7117 = CARTESIAN_POINT('',(5.552337292859,-115.8670534261,
    123.44228857214));
#7118 = CARTESIAN_POINT('',(5.602469177414,-115.8646293702,
    123.15999711225));
#7119 = ORIENTED_EDGE('',*,*,#7120,.F.);
#7120 = EDGE_CURVE('',#2325,#7109,#7121,.T.);
#7121 = LINE('',#7122,#7123);
#7122 = CARTESIAN_POINT('',(5.462204796207,-108.,124.86541442509));
#7123 = VECTOR('',#7124,1.);
#7124 = DIRECTION('',(0.,-1.,2.22044604925E-16));
#7125 = SURFACE_OF_LINEAR_EXTRUSION('',#7126,#7130);
#7126 = B_SPLINE_CURVE_WITH_KNOTS('',2,(#7127,#7128,#7129),
  .UNSPECIFIED.,.F.,.F.,(3,3),(0.,1.),.PIECEWISE_BEZIER_KNOTS.);
#7127 = CARTESIAN_POINT('',(6.764292878636,-108.,120.45363362815));
#7128 = CARTESIAN_POINT('',(5.462204796207,-108.,122.07577277286));
#7129 = CARTESIAN_POINT('',(5.462204796207,-108.,124.86541442509));
#7130 = VECTOR('',#7131,1.);
#7131 = DIRECTION('',(-0.,1.,-2.22044604925E-16));
#7132 = ADVANCED_FACE('',(#7133),#7154,.T.);
#7133 = FACE_BOUND('',#7134,.T.);
#7134 = EDGE_LOOP('',(#7135,#7136,#7145,#7153));
#7135 = ORIENTED_EDGE('',*,*,#7098,.F.);
#7136 = ORIENTED_EDGE('',*,*,#7137,.T.);
#7137 = EDGE_CURVE('',#7099,#7138,#7140,.T.);
#7138 = VERTEX_POINT('',#7139);
#7139 = CARTESIAN_POINT('',(8.102927864618,-115.716647722,123.16));
#7140 = CIRCLE('',#7141,116.);
#7141 = AXIS2_PLACEMENT_3D('',#7142,#7143,#7144);
#7142 = CARTESIAN_POINT('',(0.,0.,123.16));
#7143 = DIRECTION('',(0.,0.,1.));
#7144 = DIRECTION('',(1.,0.,0.));
#7145 = ORIENTED_EDGE('',*,*,#7146,.T.);
#7146 = EDGE_CURVE('',#7138,#2378,#7147,.T.);
#7147 = B_SPLINE_CURVE_WITH_KNOTS('',4,(#7148,#7149,#7150,#7151,#7152),
  .UNSPECIFIED.,.F.,.F.,(5,5),(0.,1.),.PIECEWISE_BEZIER_KNOTS.);
#7148 = CARTESIAN_POINT('',(8.102927864618,-128.0000006,123.16));
#7149 = CARTESIAN_POINT('',(8.102927864618,-123.0000003,123.16));
#7150 = CARTESIAN_POINT('',(8.102927864618,-118.,123.16));
#7151 = CARTESIAN_POINT('',(8.102927864618,-112.9999997,123.16));
#7152 = CARTESIAN_POINT('',(8.102927864618,-107.9999994,123.16));
#7153 = ORIENTED_EDGE('',*,*,#2392,.F.);
#7154 = PLANE('',#7155);
#7155 = AXIS2_PLACEMENT_3D('',#7156,#7157,#7158);
#7156 = CARTESIAN_POINT('',(-36.03373757636,-106.,123.16));
#7157 = DIRECTION('',(0.,3.330669073875E-16,1.));
#7158 = DIRECTION('',(0.,-1.,3.330669073875E-16));
#7159 = ADVANCED_FACE('',(#7160),#7185,.F.);
#7160 = FACE_BOUND('',#7161,.F.);
#7161 = EDGE_LOOP('',(#7162,#7163,#7171,#7184));
#7162 = ORIENTED_EDGE('',*,*,#2377,.T.);
#7163 = ORIENTED_EDGE('',*,*,#7164,.T.);
#7164 = EDGE_CURVE('',#2363,#7165,#7167,.T.);
#7165 = VERTEX_POINT('',#7166);
#7166 = CARTESIAN_POINT('',(7.898969636181,-115.730749063,
    124.91574724172));
#7167 = LINE('',#7168,#7169);
#7168 = CARTESIAN_POINT('',(7.898969636181,-108.,124.91574724172));
#7169 = VECTOR('',#7170,1.);
#7170 = DIRECTION('',(0.,-1.,2.22044604925E-16));
#7171 = ORIENTED_EDGE('',*,*,#7172,.F.);
#7172 = EDGE_CURVE('',#7138,#7165,#7173,.T.);
#7173 = B_SPLINE_CURVE_WITH_KNOTS('',5,(#7174,#7175,#7176,#7177,#7178,
    #7179,#7180,#7181,#7182,#7183),.UNSPECIFIED.,.F.,.F.,(6,4,6),(0.,
    0.474848582834,1.),.UNSPECIFIED.);
#7174 = CARTESIAN_POINT('',(8.102928319898,-115.7166476901,
    123.15999827879));
#7175 = CARTESIAN_POINT('',(8.059621373914,-115.7196802103,
    123.32372168648));
#7176 = CARTESIAN_POINT('',(8.023329938582,-115.7222011319,
    123.48866819698));
#7177 = CARTESIAN_POINT('',(7.993283798761,-115.7242774949,
    123.65450367065));
#7178 = CARTESIAN_POINT('',(7.968864107613,-115.72595897,123.82099150171
    ));
#7179 = CARTESIAN_POINT('',(7.928194278047,-115.7287526667,
    124.17266938004));
#7180 = CARTESIAN_POINT('',(7.913084729037,-115.729785634,
    124.35796244543));
#7181 = CARTESIAN_POINT('',(7.903524293979,-115.7304382038,
    124.54365888623));
#7182 = CARTESIAN_POINT('',(7.898969636181,-115.730749063,124.7296155907
    ));
#7183 = CARTESIAN_POINT('',(7.898969636181,-115.730749063,
    124.91574724172));
#7184 = ORIENTED_EDGE('',*,*,#7146,.T.);
#7185 = SURFACE_OF_LINEAR_EXTRUSION('',#7186,#7190);
#7186 = B_SPLINE_CURVE_WITH_KNOTS('',2,(#7187,#7188,#7189),
  .UNSPECIFIED.,.F.,.F.,(3,3),(0.,1.),.PIECEWISE_BEZIER_KNOTS.);
#7187 = CARTESIAN_POINT('',(7.898969636181,-108.,124.91574724172));
#7188 = CARTESIAN_POINT('',(7.898969636181,-108.,123.08407039299));
#7189 = CARTESIAN_POINT('',(8.604723260691,-108.,121.99152001458));
#7190 = VECTOR('',#7191,1.);
#7191 = DIRECTION('',(-0.,1.,-2.22044604925E-16));
#7192 = ADVANCED_FACE('',(#7193),#7220,.F.);
#7193 = FACE_BOUND('',#7194,.F.);
#7194 = EDGE_LOOP('',(#7195,#7196,#7206,#7219));
#7195 = ORIENTED_EDGE('',*,*,#2362,.T.);
#7196 = ORIENTED_EDGE('',*,*,#7197,.F.);
#7197 = EDGE_CURVE('',#7198,#2354,#7200,.T.);
#7198 = VERTEX_POINT('',#7199);
#7199 = CARTESIAN_POINT('',(8.150570093375,-115.7133017727,126.84));
#7200 = B_SPLINE_CURVE_WITH_KNOTS('',4,(#7201,#7202,#7203,#7204,#7205),
  .UNSPECIFIED.,.F.,.F.,(5,5),(0.,1.),.PIECEWISE_BEZIER_KNOTS.);
#7201 = CARTESIAN_POINT('',(8.150570093375,-128.0000006,126.84));
#7202 = CARTESIAN_POINT('',(8.150570093375,-123.0000003,126.84));
#7203 = CARTESIAN_POINT('',(8.150570093375,-118.,126.84));
#7204 = CARTESIAN_POINT('',(8.150570093375,-112.9999997,126.84));
#7205 = CARTESIAN_POINT('',(8.150570093375,-107.9999994,126.84));
#7206 = ORIENTED_EDGE('',*,*,#7207,.F.);
#7207 = EDGE_CURVE('',#7165,#7198,#7208,.T.);
#7208 = B_SPLINE_CURVE_WITH_KNOTS('',5,(#7209,#7210,#7211,#7212,#7213,
    #7214,#7215,#7216,#7217,#7218),.UNSPECIFIED.,.F.,.F.,(6,4,6),(0.,
    0.531176229476,1.),.UNSPECIFIED.);
#7209 = CARTESIAN_POINT('',(7.898969636181,-115.730749063,
    124.91574724172));
#7210 = CARTESIAN_POINT('',(7.898969636181,-115.730749063,
    125.12238292254));
#7211 = CARTESIAN_POINT('',(7.904532368259,-115.7303694108,
    125.32882278621));
#7212 = CARTESIAN_POINT('',(7.916289728429,-115.729566848,
    125.53495876921));
#7213 = CARTESIAN_POINT('',(7.935019986801,-115.7282859856,
    125.74058818513));
#7214 = CARTESIAN_POINT('',(7.985394545081,-115.7248203038,
    126.12617735717));
#7215 = CARTESIAN_POINT('',(8.015262874556,-115.7227593884,
    126.30630152968));
#7216 = CARTESIAN_POINT('',(8.052112319336,-115.7202055827,
    126.48557723688));
#7217 = CARTESIAN_POINT('',(8.096831820578,-115.7170869692,
    126.66365149272));
#7218 = CARTESIAN_POINT('',(8.150570633902,-115.7133017346,
    126.8400017738));
#7219 = ORIENTED_EDGE('',*,*,#7164,.F.);
#7220 = SURFACE_OF_LINEAR_EXTRUSION('',#7221,#7225);
#7221 = B_SPLINE_CURVE_WITH_KNOTS('',2,(#7222,#7223,#7224),
  .UNSPECIFIED.,.F.,.F.,(3,3),(0.,1.),.PIECEWISE_BEZIER_KNOTS.);
#7222 = CARTESIAN_POINT('',(8.705388893955,-108.,127.97456004376));
#7223 = CARTESIAN_POINT('',(7.898969636181,-108.,126.88255676119));
#7224 = CARTESIAN_POINT('',(7.898969636181,-108.,124.91574724172));
#7225 = VECTOR('',#7226,1.);
#7226 = DIRECTION('',(-0.,1.,-2.22044604925E-16));
#7227 = ADVANCED_FACE('',(#7228),#7249,.F.);
#7228 = FACE_BOUND('',#7229,.F.);
#7229 = EDGE_LOOP('',(#7230,#7239,#7240,#7241));
#7230 = ORIENTED_EDGE('',*,*,#7231,.T.);
#7231 = EDGE_CURVE('',#7232,#7198,#7234,.T.);
#7232 = VERTEX_POINT('',#7233);
#7233 = CARTESIAN_POINT('',(5.646392311176,-115.8624971846,126.84));
#7234 = CIRCLE('',#7235,116.);
#7235 = AXIS2_PLACEMENT_3D('',#7236,#7237,#7238);
#7236 = CARTESIAN_POINT('',(0.,0.,126.84));
#7237 = DIRECTION('',(0.,0.,1.));
#7238 = DIRECTION('',(1.,0.,0.));
#7239 = ORIENTED_EDGE('',*,*,#7197,.T.);
#7240 = ORIENTED_EDGE('',*,*,#2353,.F.);
#7241 = ORIENTED_EDGE('',*,*,#7242,.F.);
#7242 = EDGE_CURVE('',#7232,#2339,#7243,.T.);
#7243 = B_SPLINE_CURVE_WITH_KNOTS('',4,(#7244,#7245,#7246,#7247,#7248),
  .UNSPECIFIED.,.F.,.F.,(5,5),(0.,1.),.PIECEWISE_BEZIER_KNOTS.);
#7244 = CARTESIAN_POINT('',(5.646392311176,-128.0000006,126.84));
#7245 = CARTESIAN_POINT('',(5.646392311176,-123.0000003,126.84));
#7246 = CARTESIAN_POINT('',(5.646392311176,-118.,126.84));
#7247 = CARTESIAN_POINT('',(5.646392311176,-112.9999997,126.84));
#7248 = CARTESIAN_POINT('',(5.646392311176,-107.9999994,126.84));
#7249 = PLANE('',#7250);
#7250 = AXIS2_PLACEMENT_3D('',#7251,#7252,#7253);
#7251 = CARTESIAN_POINT('',(-36.03373757636,-106.,126.84));
#7252 = DIRECTION('',(0.,3.330669073875E-16,1.));
#7253 = DIRECTION('',(0.,-1.,3.330669073875E-16));
#7254 = ADVANCED_FACE('',(#7255),#7273,.F.);
#7255 = FACE_BOUND('',#7256,.F.);
#7256 = EDGE_LOOP('',(#7257,#7258,#7259,#7272));
#7257 = ORIENTED_EDGE('',*,*,#2338,.T.);
#7258 = ORIENTED_EDGE('',*,*,#7120,.T.);
#7259 = ORIENTED_EDGE('',*,*,#7260,.F.);
#7260 = EDGE_CURVE('',#7232,#7109,#7261,.T.);
#7261 = B_SPLINE_CURVE_WITH_KNOTS('',5,(#7262,#7263,#7264,#7265,#7266,
    #7267,#7268,#7269,#7270,#7271),.UNSPECIFIED.,.F.,.F.,(6,4,6),(0.,
    0.482181402603,1.),.UNSPECIFIED.);
#7262 = CARTESIAN_POINT('',(5.646392921256,-115.8624971549,
    126.84000299059));
#7263 = CARTESIAN_POINT('',(5.607885619473,-115.8643737531,
    126.65124155357));
#7264 = CARTESIAN_POINT('',(5.575212849128,-115.8659499833,
    126.46180455316));
#7265 = CARTESIAN_POINT('',(5.54791192209,-115.8672580809,
    126.27186458755));
#7266 = CARTESIAN_POINT('',(5.525585024576,-115.8683227813,
    126.08155338959));
#7267 = CARTESIAN_POINT('',(5.488874935048,-115.8700678092,
    125.68628686355));
#7268 = CARTESIAN_POINT('',(5.475201104499,-115.8707138971,
    125.48129208043));
#7269 = CARTESIAN_POINT('',(5.46643199448,-115.8711272928,
    125.27609491549));
#7270 = CARTESIAN_POINT('',(5.462204796207,-115.8713265599,
    125.07078261869));
#7271 = CARTESIAN_POINT('',(5.462204796207,-115.8713265599,
    124.86541442509));
#7272 = ORIENTED_EDGE('',*,*,#7242,.T.);
#7273 = SURFACE_OF_LINEAR_EXTRUSION('',#7274,#7278);
#7274 = B_SPLINE_CURVE_WITH_KNOTS('',2,(#7275,#7276,#7277),
  .UNSPECIFIED.,.F.,.F.,(3,3),(0.,1.),.PIECEWISE_BEZIER_KNOTS.);
#7275 = CARTESIAN_POINT('',(5.462204796207,-108.,124.86541442509));
#7276 = CARTESIAN_POINT('',(5.462204796207,-108.,127.82356159387));
#7277 = CARTESIAN_POINT('',(6.865505607732,-108.,129.49548645937));
#7278 = VECTOR('',#7279,1.);
#7279 = DIRECTION('',(-0.,1.,-2.22044604925E-16));
#7280 = ADVANCED_FACE('',(#7281),#7307,.T.);
#7281 = FACE_BOUND('',#7282,.T.);
#7282 = EDGE_LOOP('',(#7283,#7291,#7292,#7300));
#7283 = ORIENTED_EDGE('',*,*,#7284,.F.);
#7284 = EDGE_CURVE('',#2404,#7285,#7287,.T.);
#7285 = VERTEX_POINT('',#7286);
#7286 = CARTESIAN_POINT('',(14.285766390079,-115.1169704198,123.16));
#7287 = LINE('',#7288,#7289);
#7288 = CARTESIAN_POINT('',(14.285766390079,-107.,123.16));
#7289 = VECTOR('',#7290,1.);
#7290 = DIRECTION('',(0.,-1.,3.330669073875E-16));
#7291 = ORIENTED_EDGE('',*,*,#2401,.F.);
#7292 = ORIENTED_EDGE('',*,*,#7293,.F.);
#7293 = EDGE_CURVE('',#7294,#2402,#7296,.T.);
#7294 = VERTEX_POINT('',#7295);
#7295 = CARTESIAN_POINT('',(12.083705662442,-115.368904205,123.16));
#7296 = LINE('',#7297,#7298);
#7297 = CARTESIAN_POINT('',(12.083705662442,-107.,123.16));
#7298 = VECTOR('',#7299,1.);
#7299 = DIRECTION('',(0.,1.,-3.330669073875E-16));
#7300 = ORIENTED_EDGE('',*,*,#7301,.T.);
#7301 = EDGE_CURVE('',#7294,#7285,#7302,.T.);
#7302 = CIRCLE('',#7303,116.);
#7303 = AXIS2_PLACEMENT_3D('',#7304,#7305,#7306);
#7304 = CARTESIAN_POINT('',(0.,0.,123.16));
#7305 = DIRECTION('',(0.,0.,1.));
#7306 = DIRECTION('',(1.,0.,0.));
#7307 = PLANE('',#7308);
#7308 = AXIS2_PLACEMENT_3D('',#7309,#7310,#7311);
#7309 = CARTESIAN_POINT('',(-36.03373757636,-106.,123.16));
#7310 = DIRECTION('',(0.,3.330669073875E-16,1.));
#7311 = DIRECTION('',(0.,-1.,3.330669073875E-16));
#7312 = ADVANCED_FACE('',(#7313),#7331,.F.);
#7313 = FACE_BOUND('',#7314,.F.);
#7314 = EDGE_LOOP('',(#7315,#7316,#7324,#7330));
#7315 = ORIENTED_EDGE('',*,*,#2446,.T.);
#7316 = ORIENTED_EDGE('',*,*,#7317,.T.);
#7317 = EDGE_CURVE('',#2438,#7318,#7320,.T.);
#7318 = VERTEX_POINT('',#7319);
#7319 = CARTESIAN_POINT('',(14.285766390079,-115.1169704198,
    125.75608644114));
#7320 = LINE('',#7321,#7322);
#7321 = CARTESIAN_POINT('',(14.285766390079,-108.,125.75608644114));
#7322 = VECTOR('',#7323,1.);
#7323 = DIRECTION('',(0.,-1.,2.22044604925E-16));
#7324 = ORIENTED_EDGE('',*,*,#7325,.F.);
#7325 = EDGE_CURVE('',#7285,#7318,#7326,.T.);
#7326 = LINE('',#7327,#7328);
#7327 = CARTESIAN_POINT('',(14.285766390079,-115.1169704198,70.));
#7328 = VECTOR('',#7329,1.);
#7329 = DIRECTION('',(0.,0.,1.));
#7330 = ORIENTED_EDGE('',*,*,#7284,.F.);
#7331 = PLANE('',#7332);
#7332 = AXIS2_PLACEMENT_3D('',#7333,#7334,#7335);
#7333 = CARTESIAN_POINT('',(14.285766390079,-108.,125.75608644114));
#7334 = DIRECTION('',(1.,0.,0.));
#7335 = DIRECTION('',(0.,-2.22044604925E-16,-1.));
#7336 = ADVANCED_FACE('',(#7337),#7356,.F.);
#7337 = FACE_BOUND('',#7338,.F.);
#7338 = EDGE_LOOP('',(#7339,#7340,#7348,#7355));
#7339 = ORIENTED_EDGE('',*,*,#2437,.F.);
#7340 = ORIENTED_EDGE('',*,*,#7341,.T.);
#7341 = EDGE_CURVE('',#2430,#7342,#7344,.T.);
#7342 = VERTEX_POINT('',#7343);
#7343 = CARTESIAN_POINT('',(10.419987234431,-115.5310515231,
    125.75608644114));
#7344 = LINE('',#7345,#7346);
#7345 = CARTESIAN_POINT('',(10.419987234431,-108.,125.75608644114));
#7346 = VECTOR('',#7347,1.);
#7347 = DIRECTION('',(0.,-1.,2.22044604925E-16));
#7348 = ORIENTED_EDGE('',*,*,#7349,.T.);
#7349 = EDGE_CURVE('',#7342,#7318,#7350,.T.);
#7350 = CIRCLE('',#7351,116.);
#7351 = AXIS2_PLACEMENT_3D('',#7352,#7353,#7354);
#7352 = CARTESIAN_POINT('',(0.,0.,125.75608644114));
#7353 = DIRECTION('',(0.,0.,1.));
#7354 = DIRECTION('',(1.,0.,0.));
#7355 = ORIENTED_EDGE('',*,*,#7317,.F.);
#7356 = PLANE('',#7357);
#7357 = AXIS2_PLACEMENT_3D('',#7358,#7359,#7360);
#7358 = CARTESIAN_POINT('',(10.419987234431,-108.,125.75608644114));
#7359 = DIRECTION('',(0.,2.22044604925E-16,1.));
#7360 = DIRECTION('',(1.,0.,0.));
#7361 = ADVANCED_FACE('',(#7362),#7380,.F.);
#7362 = FACE_BOUND('',#7363,.F.);
#7363 = EDGE_LOOP('',(#7364,#7365,#7373,#7379));
#7364 = ORIENTED_EDGE('',*,*,#2429,.F.);
#7365 = ORIENTED_EDGE('',*,*,#7366,.T.);
#7366 = EDGE_CURVE('',#2421,#7367,#7369,.T.);
#7367 = VERTEX_POINT('',#7368);
#7368 = CARTESIAN_POINT('',(10.419987234431,-115.5310515231,
    123.73949120087));
#7369 = LINE('',#7370,#7371);
#7370 = CARTESIAN_POINT('',(10.419987234431,-108.,123.73949120087));
#7371 = VECTOR('',#7372,1.);
#7372 = DIRECTION('',(0.,-1.,2.22044604925E-16));
#7373 = ORIENTED_EDGE('',*,*,#7374,.T.);
#7374 = EDGE_CURVE('',#7367,#7342,#7375,.T.);
#7375 = LINE('',#7376,#7377);
#7376 = CARTESIAN_POINT('',(10.419987234431,-115.5310515231,70.));
#7377 = VECTOR('',#7378,1.);
#7378 = DIRECTION('',(0.,0.,1.));
#7379 = ORIENTED_EDGE('',*,*,#7341,.F.);
#7380 = PLANE('',#7381);
#7381 = AXIS2_PLACEMENT_3D('',#7382,#7383,#7384);
#7382 = CARTESIAN_POINT('',(10.419987234431,-108.,123.73949120087));
#7383 = DIRECTION('',(-1.,0.,0.));
#7384 = DIRECTION('',(0.,2.22044604925E-16,1.));
#7385 = ADVANCED_FACE('',(#7386),#7405,.F.);
#7386 = FACE_BOUND('',#7387,.F.);
#7387 = EDGE_LOOP('',(#7388,#7389,#7397,#7404));
#7388 = ORIENTED_EDGE('',*,*,#2420,.T.);
#7389 = ORIENTED_EDGE('',*,*,#7390,.T.);
#7390 = EDGE_CURVE('',#2413,#7391,#7393,.T.);
#7391 = VERTEX_POINT('',#7392);
#7392 = CARTESIAN_POINT('',(12.083705662442,-115.368904205,
    123.73949120087));
#7393 = LINE('',#7394,#7395);
#7394 = CARTESIAN_POINT('',(12.083705662442,-108.,123.73949120087));
#7395 = VECTOR('',#7396,1.);
#7396 = DIRECTION('',(0.,-1.,2.22044604925E-16));
#7397 = ORIENTED_EDGE('',*,*,#7398,.F.);
#7398 = EDGE_CURVE('',#7367,#7391,#7399,.T.);
#7399 = CIRCLE('',#7400,116.);
#7400 = AXIS2_PLACEMENT_3D('',#7401,#7402,#7403);
#7401 = CARTESIAN_POINT('',(0.,0.,123.73949120087));
#7402 = DIRECTION('',(0.,0.,1.));
#7403 = DIRECTION('',(1.,0.,0.));
#7404 = ORIENTED_EDGE('',*,*,#7366,.F.);
#7405 = PLANE('',#7406);
#7406 = AXIS2_PLACEMENT_3D('',#7407,#7408,#7409);
#7407 = CARTESIAN_POINT('',(12.083705662442,-108.,123.73949120087));
#7408 = DIRECTION('',(0.,-2.22044604925E-16,-1.));
#7409 = DIRECTION('',(-1.,0.,0.));
#7410 = ADVANCED_FACE('',(#7411),#7422,.F.);
#7411 = FACE_BOUND('',#7412,.F.);
#7412 = EDGE_LOOP('',(#7413,#7414,#7415,#7421));
#7413 = ORIENTED_EDGE('',*,*,#2412,.F.);
#7414 = ORIENTED_EDGE('',*,*,#7293,.F.);
#7415 = ORIENTED_EDGE('',*,*,#7416,.T.);
#7416 = EDGE_CURVE('',#7294,#7391,#7417,.T.);
#7417 = LINE('',#7418,#7419);
#7418 = CARTESIAN_POINT('',(12.083705662442,-115.368904205,70.));
#7419 = VECTOR('',#7420,1.);
#7420 = DIRECTION('',(0.,0.,1.));
#7421 = ORIENTED_EDGE('',*,*,#7390,.F.);
#7422 = PLANE('',#7423);
#7423 = AXIS2_PLACEMENT_3D('',#7424,#7425,#7426);
#7424 = CARTESIAN_POINT('',(12.083705662442,-108.,121.06747515273));
#7425 = DIRECTION('',(-1.,0.,0.));
#7426 = DIRECTION('',(0.,2.22044604925E-16,1.));
#7427 = ADVANCED_FACE('',(#7428),#7462,.F.);
#7428 = FACE_BOUND('',#7429,.F.);
#7429 = EDGE_LOOP('',(#7430,#7431,#7441,#7456));
#7430 = ORIENTED_EDGE('',*,*,#2454,.T.);
#7431 = ORIENTED_EDGE('',*,*,#7432,.F.);
#7432 = EDGE_CURVE('',#7433,#2457,#7435,.T.);
#7433 = VERTEX_POINT('',#7434);
#7434 = CARTESIAN_POINT('',(6.180584331112,-115.8352294309,128.44));
#7435 = B_SPLINE_CURVE_WITH_KNOTS('',4,(#7436,#7437,#7438,#7439,#7440),
  .UNSPECIFIED.,.F.,.F.,(5,5),(0.,1.),.PIECEWISE_BEZIER_KNOTS.);
#7436 = CARTESIAN_POINT('',(6.180584331112,-128.0000006,128.44));
#7437 = CARTESIAN_POINT('',(6.180584331112,-123.0000003,128.44));
#7438 = CARTESIAN_POINT('',(6.180584331112,-118.,128.44));
#7439 = CARTESIAN_POINT('',(6.180584331112,-112.9999997,128.44));
#7440 = CARTESIAN_POINT('',(6.180584331112,-107.9999994,128.44));
#7441 = ORIENTED_EDGE('',*,*,#7442,.F.);
#7442 = EDGE_CURVE('',#7443,#7433,#7445,.T.);
#7443 = VERTEX_POINT('',#7444);
#7444 = CARTESIAN_POINT('',(6.865505607732,-115.7966529427,
    129.49548645937));
#7445 = B_SPLINE_CURVE_WITH_KNOTS('',5,(#7446,#7447,#7448,#7449,#7450,
    #7451,#7452,#7453,#7454,#7455),.UNSPECIFIED.,.F.,.F.,(6,4,6),(0.,
    0.481362021336,1.),.UNSPECIFIED.);
#7446 = CARTESIAN_POINT('',(6.865505607732,-115.7966529427,
    129.49548645937));
#7447 = CARTESIAN_POINT('',(6.784824289425,-115.8014364838,
    129.39936088091));
#7448 = CARTESIAN_POINT('',(6.707899079994,-115.8059268105,
    129.30159892891));
#7449 = CARTESIAN_POINT('',(6.634652239506,-115.8101416896,
    129.20236786816));
#7450 = CARTESIAN_POINT('',(6.564977827277,-115.8140987316,
    129.10182234136));
#7451 = CARTESIAN_POINT('',(6.427409736544,-115.8218179388,
    128.89049649274));
#7452 = CARTESIAN_POINT('',(6.36007217374,-115.8255412623,
    128.77952717019));
#7453 = CARTESIAN_POINT('',(6.29659646327,-115.8290051819,
    128.66735930799));
#7454 = CARTESIAN_POINT('',(6.23682082506,-115.8322288384,
    128.55414143806));
#7455 = CARTESIAN_POINT('',(6.180583126261,-115.8352294952,
    128.43999755455));
#7456 = ORIENTED_EDGE('',*,*,#7457,.F.);
#7457 = EDGE_CURVE('',#2455,#7443,#7458,.T.);
#7458 = LINE('',#7459,#7460);
#7459 = CARTESIAN_POINT('',(6.865505607732,-108.,129.49548645937));
#7460 = VECTOR('',#7461,1.);
#7461 = DIRECTION('',(0.,-1.,2.22044604925E-16));
#7462 = SURFACE_OF_LINEAR_EXTRUSION('',#7463,#7467);
#7463 = B_SPLINE_CURVE_WITH_KNOTS('',2,(#7464,#7465,#7466),
  .UNSPECIFIED.,.F.,.F.,(3,3),(0.,1.),.PIECEWISE_BEZIER_KNOTS.);
#7464 = CARTESIAN_POINT('',(5.462204796207,-108.,124.86541442509));
#7465 = CARTESIAN_POINT('',(5.462204796207,-108.,127.82356159387));
#7466 = CARTESIAN_POINT('',(6.865505607732,-108.,129.49548645937));
#7467 = VECTOR('',#7468,1.);
#7468 = DIRECTION('',(-0.,1.,-2.22044604925E-16));
#7469 = ADVANCED_FACE('',(#7470),#7491,.T.);
#7470 = FACE_BOUND('',#7471,.T.);
#7471 = EDGE_LOOP('',(#7472,#7481,#7489,#7490));
#7472 = ORIENTED_EDGE('',*,*,#7473,.T.);
#7473 = EDGE_CURVE('',#7433,#7474,#7476,.T.);
#7474 = VERTEX_POINT('',#7475);
#7475 = CARTESIAN_POINT('',(9.1449463925,-115.6389638291,128.44));
#7476 = CIRCLE('',#7477,116.);
#7477 = AXIS2_PLACEMENT_3D('',#7478,#7479,#7480);
#7478 = CARTESIAN_POINT('',(0.,0.,128.44));
#7479 = DIRECTION('',(0.,0.,1.));
#7480 = DIRECTION('',(1.,0.,0.));
#7481 = ORIENTED_EDGE('',*,*,#7482,.T.);
#7482 = EDGE_CURVE('',#7474,#2581,#7483,.T.);
#7483 = B_SPLINE_CURVE_WITH_KNOTS('',4,(#7484,#7485,#7486,#7487,#7488),
  .UNSPECIFIED.,.F.,.F.,(5,5),(0.,1.),.PIECEWISE_BEZIER_KNOTS.);
#7484 = CARTESIAN_POINT('',(9.1449463925,-128.0000006,128.44));
#7485 = CARTESIAN_POINT('',(9.1449463925,-123.0000003,128.44));
#7486 = CARTESIAN_POINT('',(9.1449463925,-118.,128.44));
#7487 = CARTESIAN_POINT('',(9.1449463925,-112.9999997,128.44));
#7488 = CARTESIAN_POINT('',(9.1449463925,-107.9999994,128.44));
#7489 = ORIENTED_EDGE('',*,*,#2603,.F.);
#7490 = ORIENTED_EDGE('',*,*,#7432,.F.);
#7491 = PLANE('',#7492);
#7492 = AXIS2_PLACEMENT_3D('',#7493,#7494,#7495);
#7493 = CARTESIAN_POINT('',(-36.03373757636,-106.,128.44));
#7494 = DIRECTION('',(0.,3.330669073875E-16,1.));
#7495 = DIRECTION('',(0.,-1.,3.330669073875E-16));
#7496 = ADVANCED_FACE('',(#7497),#7530,.F.);
#7497 = FACE_BOUND('',#7498,.F.);
#7498 = EDGE_LOOP('',(#7499,#7500,#7508,#7529));
#7499 = ORIENTED_EDGE('',*,*,#2580,.T.);
#7500 = ORIENTED_EDGE('',*,*,#7501,.T.);
#7501 = EDGE_CURVE('',#2562,#7502,#7504,.T.);
#7502 = VERTEX_POINT('',#7503);
#7503 = CARTESIAN_POINT('',(11.142700829762,-115.4635882788,
    129.06711042217));
#7504 = LINE('',#7505,#7506);
#7505 = CARTESIAN_POINT('',(11.142700829762,-108.,129.06711042217));
#7506 = VECTOR('',#7507,1.);
#7507 = DIRECTION('',(0.,-1.,2.22044604925E-16));
#7508 = ORIENTED_EDGE('',*,*,#7509,.F.);
#7509 = EDGE_CURVE('',#7474,#7502,#7510,.T.);
#7510 = B_SPLINE_CURVE_WITH_KNOTS('',5,(#7511,#7512,#7513,#7514,#7515,
    #7516,#7517,#7518,#7519,#7520,#7521,#7522,#7523,#7524,#7525,#7526,
    #7527,#7528),.UNSPECIFIED.,.F.,.F.,(6,4,4,4,6),(0.,0.134482121829,
    0.409040765291,0.786460570779,1.),.UNSPECIFIED.);
#7511 = CARTESIAN_POINT('',(9.144945184656,-115.6389639246,
    128.43999900671));
#7512 = CARTESIAN_POINT('',(9.184839721861,-115.6358089901,
    128.47280678998));
#7513 = CARTESIAN_POINT('',(9.225903650472,-115.6325442715,
    128.50483902643));
#7514 = CARTESIAN_POINT('',(9.268146198546,-115.6291669863,
    128.5360390137));
#7515 = CARTESIAN_POINT('',(9.311565224458,-115.6256751489,
    128.56635019307));
#7516 = CARTESIAN_POINT('',(9.447165793955,-115.6147023396,
    128.65566967393));
#7517 = CARTESIAN_POINT('',(9.543043063735,-115.606853776,
    128.71169216102));
#7518 = CARTESIAN_POINT('',(9.643629163911,-115.5985148399,
    128.76328784182));
#7519 = CARTESIAN_POINT('',(9.748596128246,-115.5896915246,
    128.81005133928));
#7520 = CARTESIAN_POINT('',(10.006845430862,-115.5676665691,
    128.90909235623));
#7521 = CARTESIAN_POINT('',(10.163561994101,-115.5540575082,
    128.95689692871));
#7522 = CARTESIAN_POINT('',(10.325905460303,-115.539677523,
    128.99455458763));
#7523 = CARTESIAN_POINT('',(10.492133729567,-115.524645744,
    129.02243113037));
#7524 = CARTESIAN_POINT('',(10.756016833211,-115.5002912179,
    129.05192043037));
#7525 = CARTESIAN_POINT('',(10.852128469164,-115.4913215717,
    129.05968397152));
#7526 = CARTESIAN_POINT('',(10.948744172343,-115.4822029694,
    129.06469087428));
#7527 = CARTESIAN_POINT('',(11.045654341502,-115.4729536553,
    129.06711042217));
#7528 = CARTESIAN_POINT('',(11.142700829762,-115.4635882788,
    129.06711042217));
#7529 = ORIENTED_EDGE('',*,*,#7482,.T.);
#7530 = SURFACE_OF_LINEAR_EXTRUSION('',#7531,#7535);
#7531 = B_SPLINE_CURVE_WITH_KNOTS('',2,(#7532,#7533,#7534),
  .UNSPECIFIED.,.F.,.F.,(3,3),(0.,1.),.PIECEWISE_BEZIER_KNOTS.);
#7532 = CARTESIAN_POINT('',(11.142700829762,-108.,129.06711042217));
#7533 = CARTESIAN_POINT('',(9.512355247561,-108.,129.06711042217));
#7534 = CARTESIAN_POINT('',(8.705388893955,-108.,127.97456004376));
#7535 = VECTOR('',#7536,1.);
#7536 = DIRECTION('',(-0.,1.,-2.22044604925E-16));
#7537 = ADVANCED_FACE('',(#7538),#7567,.F.);
#7538 = FACE_BOUND('',#7539,.F.);
#7539 = EDGE_LOOP('',(#7540,#7541,#7549,#7566));
#7540 = ORIENTED_EDGE('',*,*,#2561,.T.);
#7541 = ORIENTED_EDGE('',*,*,#7542,.T.);
#7542 = EDGE_CURVE('',#2547,#7543,#7545,.T.);
#7543 = VERTEX_POINT('',#7544);
#7544 = CARTESIAN_POINT('',(12.318956870612,-115.3440215252,
    128.92431840977));
#7545 = LINE('',#7546,#7547);
#7546 = CARTESIAN_POINT('',(12.318956870612,-108.,128.92431840977));
#7547 = VECTOR('',#7548,1.);
#7548 = DIRECTION('',(0.,-1.,2.22044604925E-16));
#7549 = ORIENTED_EDGE('',*,*,#7550,.F.);
#7550 = EDGE_CURVE('',#7502,#7543,#7551,.T.);
#7551 = B_SPLINE_CURVE_WITH_KNOTS('',4,(#7552,#7553,#7554,#7555,#7556,
    #7557,#7558,#7559,#7560,#7561,#7562,#7563,#7564,#7565),
  .UNSPECIFIED.,.F.,.F.,(5,3,3,3,5),(0.,0.248296341995,0.496722445493,
    0.747296385891,1.),.UNSPECIFIED.);
#7552 = CARTESIAN_POINT('',(11.142700829762,-115.4635882788,
    129.06711042217));
#7553 = CARTESIAN_POINT('',(11.216573909041,-115.4564592294,
    129.06711042217));
#7554 = CARTESIAN_POINT('',(11.29044000838,-115.4492672481,
    129.06560851173));
#7555 = CARTESIAN_POINT('',(11.364246125975,-115.4420174556,
    129.06260538526));
#7556 = CARTESIAN_POINT('',(11.511674173928,-115.4274094298,
    129.05362105762));
#7557 = CARTESIAN_POINT('',(11.585296117748,-115.4200511276,
    129.04763825846));
#7558 = CARTESIAN_POINT('',(11.658755331484,-115.4126459493,
    129.04017944439));
#7559 = CARTESIAN_POINT('',(11.805887358534,-115.3976886195,
    129.02228259081));
#7560 = CARTESIAN_POINT('',(11.879556632966,-115.3901357374,
    129.01181927517));
#7561 = CARTESIAN_POINT('',(11.952964261323,-115.3825465469,
    128.99990520825));
#7562 = CARTESIAN_POINT('',(12.099794052342,-115.3672417907,
    128.97313289767));
#7563 = CARTESIAN_POINT('',(12.173211106359,-115.3595256882,
    128.95825039437));
#7564 = CARTESIAN_POINT('',(12.246276948783,-115.3517838766,
    128.9419644187));
#7565 = CARTESIAN_POINT('',(12.318956870612,-115.3440215252,
    128.92431840977));
#7566 = ORIENTED_EDGE('',*,*,#7501,.F.);
#7567 = SURFACE_OF_LINEAR_EXTRUSION('',#7568,#7572);
#7568 = B_SPLINE_CURVE_WITH_KNOTS('',2,(#7569,#7570,#7571),
  .UNSPECIFIED.,.F.,.F.,(3,3),(0.,1.),.PIECEWISE_BEZIER_KNOTS.);
#7569 = CARTESIAN_POINT('',(12.318956870612,-108.,128.92431840977));
#7570 = CARTESIAN_POINT('',(11.730828850187,-108.,129.06711042217));
#7571 = CARTESIAN_POINT('',(11.142700829762,-108.,129.06711042217));
#7572 = VECTOR('',#7573,1.);
#7573 = DIRECTION('',(-0.,1.,-2.22044604925E-16));
#7574 = ADVANCED_FACE('',(#7575),#7600,.F.);
#7575 = FACE_BOUND('',#7576,.F.);
#7576 = EDGE_LOOP('',(#7577,#7578,#7586,#7599));
#7577 = ORIENTED_EDGE('',*,*,#2546,.T.);
#7578 = ORIENTED_EDGE('',*,*,#7579,.T.);
#7579 = EDGE_CURVE('',#2538,#7580,#7582,.T.);
#7580 = VERTEX_POINT('',#7581);
#7581 = CARTESIAN_POINT('',(13.428467219841,-115.2201209343,
    128.47898240175));
#7582 = LINE('',#7583,#7584);
#7583 = CARTESIAN_POINT('',(13.428467219841,-108.,128.47898240175));
#7584 = VECTOR('',#7585,1.);
#7585 = DIRECTION('',(0.,-1.,2.22044604925E-16));
#7586 = ORIENTED_EDGE('',*,*,#7587,.F.);
#7587 = EDGE_CURVE('',#7543,#7580,#7588,.T.);
#7588 = B_SPLINE_CURVE_WITH_KNOTS('',5,(#7589,#7590,#7591,#7592,#7593,
    #7594,#7595,#7596,#7597,#7598),.UNSPECIFIED.,.F.,.F.,(6,4,6),(0.,
    0.348779890442,1.),.UNSPECIFIED.);
#7589 = CARTESIAN_POINT('',(12.318956870612,-115.3440215252,
    128.92431840977));
#7590 = CARTESIAN_POINT('',(12.402588567123,-115.3350895039,
    128.90403228264));
#7591 = CARTESIAN_POINT('',(12.485301051739,-115.3261789821,
    128.88174623377));
#7592 = CARTESIAN_POINT('',(12.567020907673,-115.317301188,
    128.85748527987));
#7593 = CARTESIAN_POINT('',(12.647684405984,-115.3084666664,
    128.83128712465));
#7594 = CARTESIAN_POINT('',(12.875774103149,-115.2832892191,
    128.75076365813));
#7595 = CARTESIAN_POINT('',(13.02044391613,-115.2670778683,
    128.69174528928));
#7596 = CARTESIAN_POINT('',(13.160888276089,-115.2511159481,
    128.6264739269));
#7597 = CARTESIAN_POINT('',(13.296921405068,-115.2354520991,
    128.55539504415));
#7598 = CARTESIAN_POINT('',(13.428467219841,-115.2201209343,
    128.47898240175));
#7599 = ORIENTED_EDGE('',*,*,#7542,.F.);
#7600 = SURFACE_OF_LINEAR_EXTRUSION('',#7601,#7605);
#7601 = B_SPLINE_CURVE_WITH_KNOTS('',2,(#7602,#7603,#7604),
  .UNSPECIFIED.,.F.,.F.,(3,3),(0.,1.),.PIECEWISE_BEZIER_KNOTS.);
#7602 = CARTESIAN_POINT('',(13.428467219841,-108.,128.47898240175));
#7603 = CARTESIAN_POINT('',(12.90763198687,-108.,128.78152639737));
#7604 = CARTESIAN_POINT('',(12.318956870612,-108.,128.92431840977));
#7605 = VECTOR('',#7606,1.);
#7606 = DIRECTION('',(-0.,1.,-2.22044604925E-16));
#7607 = ADVANCED_FACE('',(#7608),#7627,.F.);
#7608 = FACE_BOUND('',#7609,.F.);
#7609 = EDGE_LOOP('',(#7610,#7611,#7619,#7626));
#7610 = ORIENTED_EDGE('',*,*,#2537,.F.);
#7611 = ORIENTED_EDGE('',*,*,#7612,.T.);
#7612 = EDGE_CURVE('',#2523,#7613,#7615,.T.);
#7613 = VERTEX_POINT('',#7614);
#7614 = CARTESIAN_POINT('',(14.184553660983,-115.1294855258,
    130.42883195039));
#7615 = LINE('',#7616,#7617);
#7616 = CARTESIAN_POINT('',(14.184553660983,-108.,130.42883195039));
#7617 = VECTOR('',#7618,1.);
#7618 = DIRECTION('',(0.,-1.,2.22044604925E-16));
#7619 = ORIENTED_EDGE('',*,*,#7620,.T.);
#7620 = EDGE_CURVE('',#7613,#7580,#7621,.T.);
#7621 = ELLIPSE('',#7622,320.85223966897,116.);
#7622 = AXIS2_PLACEMENT_3D('',#7623,#7624,#7625);
#7623 = CARTESIAN_POINT('',(0.,0.,93.848695012811));
#7624 = DIRECTION('',(0.932357709714,-8.027737066095E-17,-0.361537136595
    ));
#7625 = DIRECTION('',(0.361537136595,-3.112887942016E-17,0.932357709714)
  );
#7626 = ORIENTED_EDGE('',*,*,#7579,.F.);
#7627 = PLANE('',#7628);
#7628 = AXIS2_PLACEMENT_3D('',#7629,#7630,#7631);
#7629 = CARTESIAN_POINT('',(14.184553660983,-108.,130.42883195039));
#7630 = DIRECTION('',(0.932357709714,-8.027737066096E-17,-0.361537136595
    ));
#7631 = DIRECTION('',(-0.361537136595,-2.070249993022E-16,
    -0.932357709714));
#7632 = ADVANCED_FACE('',(#7633),#7658,.F.);
#7633 = FACE_BOUND('',#7634,.F.);
#7634 = EDGE_LOOP('',(#7635,#7636,#7644,#7657));
#7635 = ORIENTED_EDGE('',*,*,#2522,.T.);
#7636 = ORIENTED_EDGE('',*,*,#7637,.T.);
#7637 = EDGE_CURVE('',#2504,#7638,#7640,.T.);
#7638 = VERTEX_POINT('',#7639);
#7639 = CARTESIAN_POINT('',(12.671833682867,-115.3057875005,
    130.96608005835));
#7640 = LINE('',#7641,#7642);
#7641 = CARTESIAN_POINT('',(12.671833682867,-108.,130.96608005835));
#7642 = VECTOR('',#7643,1.);
#7643 = DIRECTION('',(0.,-1.,2.22044604925E-16));
#7644 = ORIENTED_EDGE('',*,*,#7645,.F.);
#7645 = EDGE_CURVE('',#7613,#7638,#7646,.T.);
#7646 = B_SPLINE_CURVE_WITH_KNOTS('',5,(#7647,#7648,#7649,#7650,#7651,
    #7652,#7653,#7654,#7655,#7656),.UNSPECIFIED.,.F.,.F.,(6,4,6),(0.,
    0.569841158915,1.),.UNSPECIFIED.);
#7647 = CARTESIAN_POINT('',(14.184553660983,-115.1294855258,
    130.42883195039));
#7648 = CARTESIAN_POINT('',(14.027629569001,-115.1488193931,
    130.5072301542));
#7649 = CARTESIAN_POINT('',(13.865584149397,-115.1685128185,
    130.58074862247));
#7650 = CARTESIAN_POINT('',(13.698800970866,-115.188483303,
    130.64930898686));
#7651 = CARTESIAN_POINT('',(13.527700290923,-115.2086470615,
    130.71292545842));
#7652 = CARTESIAN_POINT('',(13.220613562831,-115.2442322231,
    130.81601829604));
#7653 = CARTESIAN_POINT('',(13.086299230222,-115.259604716,
    130.85759007178));
#7654 = CARTESIAN_POINT('',(12.949948145019,-115.27500863,
    130.89641990605));
#7655 = CARTESIAN_POINT('',(12.81173751953,-115.2904123993,
    130.93256143082));
#7656 = CARTESIAN_POINT('',(12.671833682867,-115.3057875005,
    130.96608005835));
#7657 = ORIENTED_EDGE('',*,*,#7612,.F.);
#7658 = SURFACE_OF_LINEAR_EXTRUSION('',#7659,#7663);
#7659 = B_SPLINE_CURVE_WITH_KNOTS('',2,(#7660,#7661,#7662),
  .UNSPECIFIED.,.F.,.F.,(3,3),(0.,1.),.PIECEWISE_BEZIER_KNOTS.);
#7660 = CARTESIAN_POINT('',(12.671833682867,-108.,130.96608005835));
#7661 = CARTESIAN_POINT('',(13.512172882283,-108.,130.76474879183));
#7662 = CARTESIAN_POINT('',(14.184553660983,-108.,130.42883195039));
#7663 = VECTOR('',#7664,1.);
#7664 = DIRECTION('',(-0.,1.,-2.22044604925E-16));
#7665 = ADVANCED_FACE('',(#7666),#7695,.F.);
#7666 = FACE_BOUND('',#7667,.F.);
#7667 = EDGE_LOOP('',(#7668,#7669,#7677,#7694));
#7668 = ORIENTED_EDGE('',*,*,#2503,.T.);
#7669 = ORIENTED_EDGE('',*,*,#7670,.T.);
#7670 = EDGE_CURVE('',#2472,#7671,#7673,.T.);
#7671 = VERTEX_POINT('',#7672);
#7672 = CARTESIAN_POINT('',(10.89048965077,-115.4876497083,
    131.16795842071));
#7673 = LINE('',#7674,#7675);
#7674 = CARTESIAN_POINT('',(10.89048965077,-108.,131.16795842071));
#7675 = VECTOR('',#7676,1.);
#7676 = DIRECTION('',(0.,-1.,2.22044604925E-16));
#7677 = ORIENTED_EDGE('',*,*,#7678,.F.);
#7678 = EDGE_CURVE('',#7638,#7671,#7679,.T.);
#7679 = B_SPLINE_CURVE_WITH_KNOTS('',4,(#7680,#7681,#7682,#7683,#7684,
    #7685,#7686,#7687,#7688,#7689,#7690,#7691,#7692,#7693),
  .UNSPECIFIED.,.F.,.F.,(5,3,3,3,5),(0.,0.247477988209,0.495460464122,
    0.746226854284,1.),.UNSPECIFIED.);
#7680 = CARTESIAN_POINT('',(12.671833682867,-115.3057875005,
    130.96608005835));
#7681 = CARTESIAN_POINT('',(12.5662401963,-115.3173919752,130.9914472436
    ));
#7682 = CARTESIAN_POINT('',(12.459610754608,-115.3289798133,
    131.01468369199));
#7683 = CARTESIAN_POINT('',(12.352042880281,-115.340534592,
    131.03576853457));
#7684 = CARTESIAN_POINT('',(12.135018587028,-115.363569881,
    131.07367903287));
#7685 = CARTESIAN_POINT('',(12.02555842735,-115.3750502327,
    131.09049588848));
#7686 = CARTESIAN_POINT('',(11.915365946035,-115.3864656876,
    131.10515797836));
#7687 = CARTESIAN_POINT('',(11.692482446883,-115.4092654163,
    131.13036381665));
#7688 = CARTESIAN_POINT('',(11.579776964765,-115.4206479322,
    131.14085936623));
#7689 = CARTESIAN_POINT('',(11.466538250491,-115.4319346907,
    131.1492034641));
#7690 = CARTESIAN_POINT('',(11.237834715495,-115.4544257771,
    131.16175493673));
#7691 = CARTESIAN_POINT('',(11.122359257093,-115.4656275112,
    131.16591133378));
#7692 = CARTESIAN_POINT('',(11.006546610229,-115.4767055328,
    131.16795842071));
#7693 = CARTESIAN_POINT('',(10.89048965077,-115.4876497083,
    131.16795842071));
#7694 = ORIENTED_EDGE('',*,*,#7637,.F.);
#7695 = SURFACE_OF_LINEAR_EXTRUSION('',#7696,#7700);
#7696 = B_SPLINE_CURVE_WITH_KNOTS('',2,(#7697,#7698,#7699),
  .UNSPECIFIED.,.F.,.F.,(3,3),(0.,1.),.PIECEWISE_BEZIER_KNOTS.);
#7697 = CARTESIAN_POINT('',(10.89048965077,-108.,131.16795842071));
#7698 = CARTESIAN_POINT('',(11.83149448345,-108.,131.16795842071));
#7699 = CARTESIAN_POINT('',(12.671833682867,-108.,130.96608005835));
#7700 = VECTOR('',#7701,1.);
#7701 = DIRECTION('',(-0.,1.,-2.22044604925E-16));
#7702 = ADVANCED_FACE('',(#7703),#7738,.F.);
#7703 = FACE_BOUND('',#7704,.F.);
#7704 = EDGE_LOOP('',(#7705,#7706,#7707,#7737));
#7705 = ORIENTED_EDGE('',*,*,#2471,.T.);
#7706 = ORIENTED_EDGE('',*,*,#7457,.T.);
#7707 = ORIENTED_EDGE('',*,*,#7708,.F.);
#7708 = EDGE_CURVE('',#7671,#7443,#7709,.T.);
#7709 = B_SPLINE_CURVE_WITH_KNOTS('',6,(#7710,#7711,#7712,#7713,#7714,
    #7715,#7716,#7717,#7718,#7719,#7720,#7721,#7722,#7723,#7724,#7725,
    #7726,#7727,#7728,#7729,#7730,#7731,#7732,#7733,#7734,#7735,#7736),
  .UNSPECIFIED.,.F.,.F.,(7,5,5,5,5,7),(0.,0.163569163407,0.453412641276,
    0.676589331758,0.788563840348,1.),.UNSPECIFIED.);
#7710 = CARTESIAN_POINT('',(10.89048965077,-115.4876497083,
    131.16795842071));
#7711 = CARTESIAN_POINT('',(10.75690688044,-115.5002465685,
    131.16795842071));
#7712 = CARTESIAN_POINT('',(10.62335618573,-115.5126533412,
    131.16535308889));
#7713 = CARTESIAN_POINT('',(10.489962393631,-115.5248585072,
    131.16000631942));
#7714 = CARTESIAN_POINT('',(10.356878703656,-115.5368490581,
    131.15178111516));
#7715 = CARTESIAN_POINT('',(10.22428545218,-115.5486110534,
    131.14054906249));
#7716 = CARTESIAN_POINT('',(9.85866901582,-115.5805419906,131.1007730186
    ));
#7717 = CARTESIAN_POINT('',(9.627058682288,-115.6001980054,
    131.06555003473));
#7718 = CARTESIAN_POINT('',(9.398853279709,-115.6190048889,
    131.01992295566));
#7719 = CARTESIAN_POINT('',(9.175442808956,-115.6368818068,
    130.96349338451));
#7720 = CARTESIAN_POINT('',(8.958241043227,-115.6537682845,
    130.89622227598));
#7721 = CARTESIAN_POINT('',(8.587177463723,-115.6818334455,
    130.75886049233));
#7722 = CARTESIAN_POINT('',(8.430191288912,-115.69343508,130.69296002268
    ));
#7723 = CARTESIAN_POINT('',(8.278242965109,-115.7044121208,
    130.62113196717));
#7724 = CARTESIAN_POINT('',(8.131748798578,-115.7147662491,
    130.54371745895));
#7725 = CARTESIAN_POINT('',(7.990972401924,-115.7245118629,
    130.4611473166));
#7726 = CARTESIAN_POINT('',(7.788366935659,-115.7382648203,
    130.33013685922));
#7727 = CARTESIAN_POINT('',(7.722147140845,-115.7427121228,
    130.28518762041));
#7728 = CARTESIAN_POINT('',(7.657412779202,-115.7470147665,
    130.23911844347));
#7729 = CARTESIAN_POINT('',(7.594168104701,-115.7511762766,
    130.1919887328));
#7730 = CARTESIAN_POINT('',(7.532409016298,-115.7552005904,
    130.14385746017));
#7731 = CARTESIAN_POINT('',(7.358293237956,-115.7664395766,
    130.00211467704));
#7732 = CARTESIAN_POINT('',(7.249723697837,-115.7733127204,
    129.90608258891));
#7733 = CARTESIAN_POINT('',(7.146335521996,-115.7797400285,
    129.80706658972));
#7734 = CARTESIAN_POINT('',(7.047973702319,-115.7857522666,
    129.70542456719));
#7735 = CARTESIAN_POINT('',(6.954436939173,-115.7913802639,
    129.60147596433));
#7736 = CARTESIAN_POINT('',(6.865505607732,-115.7966529427,
    129.49548645937));
#7737 = ORIENTED_EDGE('',*,*,#7670,.F.);
#7738 = SURFACE_OF_LINEAR_EXTRUSION('',#7739,#7743);
#7739 = B_SPLINE_CURVE_WITH_KNOTS('',2,(#7740,#7741,#7742),
  .UNSPECIFIED.,.F.,.F.,(3,3),(0.,1.),.PIECEWISE_BEZIER_KNOTS.);
#7740 = CARTESIAN_POINT('',(6.865505607732,-108.,129.49548645937));
#7741 = CARTESIAN_POINT('',(8.268806419258,-108.,131.16795842071));
#7742 = CARTESIAN_POINT('',(10.89048965077,-108.,131.16795842071));
#7743 = VECTOR('',#7744,1.);
#7744 = DIRECTION('',(-0.,1.,-2.22044604925E-16));
#7745 = ADVANCED_FACE('',(#7746),#7772,.T.);
#7746 = FACE_BOUND('',#7747,.T.);
#7747 = EDGE_LOOP('',(#7748,#7756,#7765,#7771));
#7748 = ORIENTED_EDGE('',*,*,#7749,.F.);
#7749 = EDGE_CURVE('',#7750,#2613,#7752,.T.);
#7750 = VERTEX_POINT('',#7751);
#7751 = CARTESIAN_POINT('',(16.38661438862,-114.8367487735,123.16));
#7752 = LINE('',#7753,#7754);
#7753 = CARTESIAN_POINT('',(16.38661438862,-107.,123.16));
#7754 = VECTOR('',#7755,1.);
#7755 = DIRECTION('',(0.,1.,-3.330669073875E-16));
#7756 = ORIENTED_EDGE('',*,*,#7757,.T.);
#7757 = EDGE_CURVE('',#7750,#7758,#7760,.T.);
#7758 = VERTEX_POINT('',#7759);
#7759 = CARTESIAN_POINT('',(18.73912647032,-114.4763955544,123.16));
#7760 = CIRCLE('',#7761,116.);
#7761 = AXIS2_PLACEMENT_3D('',#7762,#7763,#7764);
#7762 = CARTESIAN_POINT('',(0.,0.,123.16));
#7763 = DIRECTION('',(0.,0.,1.));
#7764 = DIRECTION('',(1.,0.,0.));
#7765 = ORIENTED_EDGE('',*,*,#7766,.F.);
#7766 = EDGE_CURVE('',#2615,#7758,#7767,.T.);
#7767 = LINE('',#7768,#7769);
#7768 = CARTESIAN_POINT('',(18.73912647032,-107.,123.16));
#7769 = VECTOR('',#7770,1.);
#7770 = DIRECTION('',(0.,-1.,3.330669073875E-16));
#7771 = ORIENTED_EDGE('',*,*,#2612,.F.);
#7772 = PLANE('',#7773);
#7773 = AXIS2_PLACEMENT_3D('',#7774,#7775,#7776);
#7774 = CARTESIAN_POINT('',(-36.03373757636,-106.,123.16));
#7775 = DIRECTION('',(0.,3.330669073875E-16,1.));
#7776 = DIRECTION('',(0.,-1.,3.330669073875E-16));
#7777 = ADVANCED_FACE('',(#7778),#7796,.F.);
#7778 = FACE_BOUND('',#7779,.F.);
#7779 = EDGE_LOOP('',(#7780,#7781,#7789,#7795));
#7780 = ORIENTED_EDGE('',*,*,#2674,.T.);
#7781 = ORIENTED_EDGE('',*,*,#7782,.T.);
#7782 = EDGE_CURVE('',#2666,#7783,#7785,.T.);
#7783 = VERTEX_POINT('',#7784);
#7784 = CARTESIAN_POINT('',(18.73912647032,-114.4763955544,
    124.1766207714));
#7785 = LINE('',#7786,#7787);
#7786 = CARTESIAN_POINT('',(18.73912647032,-108.,124.1766207714));
#7787 = VECTOR('',#7788,1.);
#7788 = DIRECTION('',(0.,-1.,2.22044604925E-16));
#7789 = ORIENTED_EDGE('',*,*,#7790,.F.);
#7790 = EDGE_CURVE('',#7758,#7783,#7791,.T.);
#7791 = LINE('',#7792,#7793);
#7792 = CARTESIAN_POINT('',(18.73912647032,-114.4763955544,70.));
#7793 = VECTOR('',#7794,1.);
#7794 = DIRECTION('',(0.,0.,1.));
#7795 = ORIENTED_EDGE('',*,*,#7766,.F.);
#7796 = PLANE('',#7797);
#7797 = AXIS2_PLACEMENT_3D('',#7798,#7799,#7800);
#7798 = CARTESIAN_POINT('',(18.73912647032,-108.,124.1766207714));
#7799 = DIRECTION('',(1.,0.,0.));
#7800 = DIRECTION('',(0.,-2.22044604925E-16,-1.));
#7801 = ADVANCED_FACE('',(#7802),#7821,.F.);
#7802 = FACE_BOUND('',#7803,.F.);
#7803 = EDGE_LOOP('',(#7804,#7805,#7813,#7820));
#7804 = ORIENTED_EDGE('',*,*,#2665,.T.);
#7805 = ORIENTED_EDGE('',*,*,#7806,.T.);
#7806 = EDGE_CURVE('',#2658,#7807,#7809,.T.);
#7807 = VERTEX_POINT('',#7808);
#7808 = CARTESIAN_POINT('',(23.697456004377,-113.5536462599,
    124.1766207714));
#7809 = LINE('',#7810,#7811);
#7810 = CARTESIAN_POINT('',(23.697456004377,-108.,124.1766207714));
#7811 = VECTOR('',#7812,1.);
#7812 = DIRECTION('',(0.,-1.,2.22044604925E-16));
#7813 = ORIENTED_EDGE('',*,*,#7814,.F.);
#7814 = EDGE_CURVE('',#7783,#7807,#7815,.T.);
#7815 = CIRCLE('',#7816,116.);
#7816 = AXIS2_PLACEMENT_3D('',#7817,#7818,#7819);
#7817 = CARTESIAN_POINT('',(0.,0.,124.1766207714));
#7818 = DIRECTION('',(0.,0.,1.));
#7819 = DIRECTION('',(1.,0.,0.));
#7820 = ORIENTED_EDGE('',*,*,#7782,.F.);
#7821 = PLANE('',#7822);
#7822 = AXIS2_PLACEMENT_3D('',#7823,#7824,#7825);
#7823 = CARTESIAN_POINT('',(23.697456004377,-108.,124.1766207714));
#7824 = DIRECTION('',(0.,-2.22044604925E-16,-1.));
#7825 = DIRECTION('',(-1.,0.,0.));
#7826 = ADVANCED_FACE('',(#7827),#7845,.F.);
#7827 = FACE_BOUND('',#7828,.F.);
#7828 = EDGE_LOOP('',(#7829,#7830,#7838,#7844));
#7829 = ORIENTED_EDGE('',*,*,#2657,.T.);
#7830 = ORIENTED_EDGE('',*,*,#7831,.T.);
#7831 = EDGE_CURVE('',#2649,#7832,#7834,.T.);
#7832 = VERTEX_POINT('',#7833);
#7833 = CARTESIAN_POINT('',(23.697456004377,-113.5536462599,
    126.27746876994));
#7834 = LINE('',#7835,#7836);
#7835 = CARTESIAN_POINT('',(23.697456004377,-108.,126.27746876994));
#7836 = VECTOR('',#7837,1.);
#7837 = DIRECTION('',(0.,-1.,2.22044604925E-16));
#7838 = ORIENTED_EDGE('',*,*,#7839,.F.);
#7839 = EDGE_CURVE('',#7807,#7832,#7840,.T.);
#7840 = LINE('',#7841,#7842);
#7841 = CARTESIAN_POINT('',(23.697456004377,-113.5536462599,70.));
#7842 = VECTOR('',#7843,1.);
#7843 = DIRECTION('',(0.,0.,1.));
#7844 = ORIENTED_EDGE('',*,*,#7806,.F.);
#7845 = PLANE('',#7846);
#7846 = AXIS2_PLACEMENT_3D('',#7847,#7848,#7849);
#7847 = CARTESIAN_POINT('',(23.697456004377,-108.,126.27746876994));
#7848 = DIRECTION('',(1.,0.,0.));
#7849 = DIRECTION('',(0.,-2.22044604925E-16,-1.));
#7850 = ADVANCED_FACE('',(#7851),#7870,.F.);
#7851 = FACE_BOUND('',#7852,.F.);
#7852 = EDGE_LOOP('',(#7853,#7854,#7862,#7869));
#7853 = ORIENTED_EDGE('',*,*,#2648,.F.);
#7854 = ORIENTED_EDGE('',*,*,#7855,.T.);
#7855 = EDGE_CURVE('',#2641,#7856,#7858,.T.);
#7856 = VERTEX_POINT('',#7857);
#7857 = CARTESIAN_POINT('',(18.73912647032,-114.4763955544,
    126.27746876994));
#7858 = LINE('',#7859,#7860);
#7859 = CARTESIAN_POINT('',(18.73912647032,-108.,126.27746876994));
#7860 = VECTOR('',#7861,1.);
#7861 = DIRECTION('',(0.,-1.,2.22044604925E-16));
#7862 = ORIENTED_EDGE('',*,*,#7863,.T.);
#7863 = EDGE_CURVE('',#7856,#7832,#7864,.T.);
#7864 = CIRCLE('',#7865,116.);
#7865 = AXIS2_PLACEMENT_3D('',#7866,#7867,#7868);
#7866 = CARTESIAN_POINT('',(0.,0.,126.27746876994));
#7867 = DIRECTION('',(0.,0.,1.));
#7868 = DIRECTION('',(1.,0.,0.));
#7869 = ORIENTED_EDGE('',*,*,#7831,.F.);
#7870 = PLANE('',#7871);
#7871 = AXIS2_PLACEMENT_3D('',#7872,#7873,#7874);
#7872 = CARTESIAN_POINT('',(18.73912647032,-108.,126.27746876994));
#7873 = DIRECTION('',(0.,2.22044604925E-16,1.));
#7874 = DIRECTION('',(1.,0.,0.));
#7875 = ADVANCED_FACE('',(#7876),#7894,.F.);
#7876 = FACE_BOUND('',#7877,.F.);
#7877 = EDGE_LOOP('',(#7878,#7879,#7887,#7893));
#7878 = ORIENTED_EDGE('',*,*,#2640,.T.);
#7879 = ORIENTED_EDGE('',*,*,#7880,.T.);
#7880 = EDGE_CURVE('',#2632,#7881,#7883,.T.);
#7881 = VERTEX_POINT('',#7882);
#7882 = CARTESIAN_POINT('',(18.73912647032,-114.4763955544,126.84));
#7883 = LINE('',#7884,#7885);
#7884 = CARTESIAN_POINT('',(18.73912647032,-107.,126.84));
#7885 = VECTOR('',#7886,1.);
#7886 = DIRECTION('',(0.,-1.,3.330669073875E-16));
#7887 = ORIENTED_EDGE('',*,*,#7888,.F.);
#7888 = EDGE_CURVE('',#7856,#7881,#7889,.T.);
#7889 = LINE('',#7890,#7891);
#7890 = CARTESIAN_POINT('',(18.73912647032,-114.4763955544,70.));
#7891 = VECTOR('',#7892,1.);
#7892 = DIRECTION('',(0.,0.,1.));
#7893 = ORIENTED_EDGE('',*,*,#7855,.F.);
#7894 = PLANE('',#7895);
#7895 = AXIS2_PLACEMENT_3D('',#7896,#7897,#7898);
#7896 = CARTESIAN_POINT('',(18.73912647032,-108.,128.89915200145));
#7897 = DIRECTION('',(1.,0.,0.));
#7898 = DIRECTION('',(0.,-2.22044604925E-16,-1.));
#7899 = ADVANCED_FACE('',(#7900),#7919,.F.);
#7900 = FACE_BOUND('',#7901,.F.);
#7901 = EDGE_LOOP('',(#7902,#7910,#7917,#7918));
#7902 = ORIENTED_EDGE('',*,*,#7903,.F.);
#7903 = EDGE_CURVE('',#7904,#2624,#7906,.T.);
#7904 = VERTEX_POINT('',#7905);
#7905 = CARTESIAN_POINT('',(16.38661438862,-114.8367487735,126.84));
#7906 = LINE('',#7907,#7908);
#7907 = CARTESIAN_POINT('',(16.38661438862,-107.,126.84));
#7908 = VECTOR('',#7909,1.);
#7909 = DIRECTION('',(0.,1.,-3.330669073875E-16));
#7910 = ORIENTED_EDGE('',*,*,#7911,.T.);
#7911 = EDGE_CURVE('',#7904,#7881,#7912,.T.);
#7912 = CIRCLE('',#7913,116.);
#7913 = AXIS2_PLACEMENT_3D('',#7914,#7915,#7916);
#7914 = CARTESIAN_POINT('',(0.,0.,126.84));
#7915 = DIRECTION('',(0.,0.,1.));
#7916 = DIRECTION('',(1.,0.,0.));
#7917 = ORIENTED_EDGE('',*,*,#7880,.F.);
#7918 = ORIENTED_EDGE('',*,*,#2631,.F.);
#7919 = PLANE('',#7920);
#7920 = AXIS2_PLACEMENT_3D('',#7921,#7922,#7923);
#7921 = CARTESIAN_POINT('',(-36.03373757636,-106.,126.84));
#7922 = DIRECTION('',(0.,3.330669073875E-16,1.));
#7923 = DIRECTION('',(0.,-1.,3.330669073875E-16));
#7924 = ADVANCED_FACE('',(#7925),#7936,.F.);
#7925 = FACE_BOUND('',#7926,.F.);
#7926 = EDGE_LOOP('',(#7927,#7928,#7929,#7935));
#7927 = ORIENTED_EDGE('',*,*,#2623,.F.);
#7928 = ORIENTED_EDGE('',*,*,#7749,.F.);
#7929 = ORIENTED_EDGE('',*,*,#7930,.T.);
#7930 = EDGE_CURVE('',#7750,#7904,#7931,.T.);
#7931 = LINE('',#7932,#7933);
#7932 = CARTESIAN_POINT('',(16.38661438862,-114.8367487735,70.));
#7933 = VECTOR('',#7934,1.);
#7934 = DIRECTION('',(0.,0.,1.));
#7935 = ORIENTED_EDGE('',*,*,#7903,.T.);
#7936 = PLANE('',#7937);
#7937 = AXIS2_PLACEMENT_3D('',#7938,#7939,#7940);
#7938 = CARTESIAN_POINT('',(16.38661438862,-108.,119.));
#7939 = DIRECTION('',(-1.,0.,0.));
#7940 = DIRECTION('',(0.,2.22044604925E-16,1.));
#7941 = ADVANCED_FACE('',(#7942),#7968,.T.);
#7942 = FACE_BOUND('',#7943,.T.);
#7943 = EDGE_LOOP('',(#7944,#7952,#7961,#7967));
#7944 = ORIENTED_EDGE('',*,*,#7945,.F.);
#7945 = EDGE_CURVE('',#7946,#2683,#7948,.T.);
#7946 = VERTEX_POINT('',#7947);
#7947 = CARTESIAN_POINT('',(26.470684781618,-112.9393768673,123.16));
#7948 = LINE('',#7949,#7950);
#7949 = CARTESIAN_POINT('',(26.470684781618,-107.,123.16));
#7950 = VECTOR('',#7951,1.);
#7951 = DIRECTION('',(0.,1.,-3.330669073875E-16));
#7952 = ORIENTED_EDGE('',*,*,#7953,.T.);
#7953 = EDGE_CURVE('',#7946,#7954,#7956,.T.);
#7954 = VERTEX_POINT('',#7955);
#7955 = CARTESIAN_POINT('',(28.823196863317,-112.3620190392,123.16));
#7956 = CIRCLE('',#7957,116.);
#7957 = AXIS2_PLACEMENT_3D('',#7958,#7959,#7960);
#7958 = CARTESIAN_POINT('',(0.,0.,123.16));
#7959 = DIRECTION('',(0.,0.,1.));
#7960 = DIRECTION('',(1.,0.,0.));
#7961 = ORIENTED_EDGE('',*,*,#7962,.F.);
#7962 = EDGE_CURVE('',#2685,#7954,#7963,.T.);
#7963 = LINE('',#7964,#7965);
#7964 = CARTESIAN_POINT('',(28.823196863317,-107.,123.16));
#7965 = VECTOR('',#7966,1.);
#7966 = DIRECTION('',(0.,-1.,3.330669073875E-16));
#7967 = ORIENTED_EDGE('',*,*,#2682,.F.);
#7968 = PLANE('',#7969);
#7969 = AXIS2_PLACEMENT_3D('',#7970,#7971,#7972);
#7970 = CARTESIAN_POINT('',(-36.03373757636,-106.,123.16));
#7971 = DIRECTION('',(0.,3.330669073875E-16,1.));
#7972 = DIRECTION('',(0.,-1.,3.330669073875E-16));
#7973 = ADVANCED_FACE('',(#7974),#7992,.F.);
#7974 = FACE_BOUND('',#7975,.F.);
#7975 = EDGE_LOOP('',(#7976,#7977,#7985,#7991));
#7976 = ORIENTED_EDGE('',*,*,#2744,.T.);
#7977 = ORIENTED_EDGE('',*,*,#7978,.T.);
#7978 = EDGE_CURVE('',#2736,#7979,#7981,.T.);
#7979 = VERTEX_POINT('',#7980);
#7980 = CARTESIAN_POINT('',(28.823196863317,-112.3620190392,
    124.1766207714));
#7981 = LINE('',#7982,#7983);
#7982 = CARTESIAN_POINT('',(28.823196863317,-108.,124.1766207714));
#7983 = VECTOR('',#7984,1.);
#7984 = DIRECTION('',(0.,-1.,2.22044604925E-16));
#7985 = ORIENTED_EDGE('',*,*,#7986,.F.);
#7986 = EDGE_CURVE('',#7954,#7979,#7987,.T.);
#7987 = LINE('',#7988,#7989);
#7988 = CARTESIAN_POINT('',(28.823196863317,-112.3620190392,70.));
#7989 = VECTOR('',#7990,1.);
#7990 = DIRECTION('',(0.,0.,1.));
#7991 = ORIENTED_EDGE('',*,*,#7962,.F.);
#7992 = PLANE('',#7993);
#7993 = AXIS2_PLACEMENT_3D('',#7994,#7995,#7996);
#7994 = CARTESIAN_POINT('',(28.823196863317,-108.,124.1766207714));
#7995 = DIRECTION('',(1.,0.,0.));
#7996 = DIRECTION('',(0.,-2.22044604925E-16,-1.));
#7997 = ADVANCED_FACE('',(#7998),#8025,.F.);
#7998 = FACE_BOUND('',#7999,.F.);
#7999 = EDGE_LOOP('',(#8000,#8008,#8016,#8023,#8024));
#8000 = ORIENTED_EDGE('',*,*,#8001,.F.);
#8001 = EDGE_CURVE('',#8002,#2728,#8004,.T.);
#8002 = VERTEX_POINT('',#8003);
#8003 = CARTESIAN_POINT('',(33.781526397374,-108.,124.1766207714));
#8004 = LINE('',#8005,#8006);
#8005 = CARTESIAN_POINT('',(33.781526397374,-108.,124.1766207714));
#8006 = VECTOR('',#8007,1.);
#8007 = DIRECTION('',(-1.,0.,0.));
#8008 = ORIENTED_EDGE('',*,*,#8009,.T.);
#8009 = EDGE_CURVE('',#8002,#8010,#8012,.T.);
#8010 = VERTEX_POINT('',#8011);
#8011 = CARTESIAN_POINT('',(33.781526397374,-110.9721067397,
    124.1766207714));
#8012 = LINE('',#8013,#8014);
#8013 = CARTESIAN_POINT('',(33.781526397374,-108.,124.1766207714));
#8014 = VECTOR('',#8015,1.);
#8015 = DIRECTION('',(0.,-1.,2.22044604925E-16));
#8016 = ORIENTED_EDGE('',*,*,#8017,.F.);
#8017 = EDGE_CURVE('',#7979,#8010,#8018,.T.);
#8018 = CIRCLE('',#8019,116.);
#8019 = AXIS2_PLACEMENT_3D('',#8020,#8021,#8022);
#8020 = CARTESIAN_POINT('',(0.,0.,124.1766207714));
#8021 = DIRECTION('',(0.,0.,1.));
#8022 = DIRECTION('',(1.,0.,0.));
#8023 = ORIENTED_EDGE('',*,*,#7978,.F.);
#8024 = ORIENTED_EDGE('',*,*,#2735,.T.);
#8025 = PLANE('',#8026);
#8026 = AXIS2_PLACEMENT_3D('',#8027,#8028,#8029);
#8027 = CARTESIAN_POINT('',(33.781526397374,-108.,124.1766207714));
#8028 = DIRECTION('',(0.,-2.22044604925E-16,-1.));
#8029 = DIRECTION('',(-1.,0.,0.));
#8030 = ADVANCED_FACE('',(#8031),#8049,.T.);
#8031 = FACE_BOUND('',#8032,.T.);
#8032 = EDGE_LOOP('',(#8033,#8034,#8035,#8043));
#8033 = ORIENTED_EDGE('',*,*,#2727,.F.);
#8034 = ORIENTED_EDGE('',*,*,#8001,.F.);
#8035 = ORIENTED_EDGE('',*,*,#8036,.F.);
#8036 = EDGE_CURVE('',#8037,#8002,#8039,.T.);
#8037 = VERTEX_POINT('',#8038);
#8038 = CARTESIAN_POINT('',(33.781526397374,-108.,126.27746876994));
#8039 = LINE('',#8040,#8041);
#8040 = CARTESIAN_POINT('',(33.781526397374,-108.,126.27746876994));
#8041 = VECTOR('',#8042,1.);
#8042 = DIRECTION('',(0.,-2.22044604925E-16,-1.));
#8043 = ORIENTED_EDGE('',*,*,#8044,.F.);
#8044 = EDGE_CURVE('',#2719,#8037,#8045,.T.);
#8045 = LINE('',#8046,#8047);
#8046 = CARTESIAN_POINT('',(28.823196863317,-108.,126.27746876994));
#8047 = VECTOR('',#8048,1.);
#8048 = DIRECTION('',(1.,0.,0.));
#8049 = PLANE('',#8050);
#8050 = AXIS2_PLACEMENT_3D('',#8051,#8052,#8053);
#8051 = CARTESIAN_POINT('',(30.125330051329,-108.,125.03786377323));
#8052 = DIRECTION('',(0.,-1.,2.22044604925E-16));
#8053 = DIRECTION('',(1.,0.,0.));
#8054 = ADVANCED_FACE('',(#8055),#8082,.F.);
#8055 = FACE_BOUND('',#8056,.F.);
#8056 = EDGE_LOOP('',(#8057,#8058,#8066,#8075,#8081));
#8057 = ORIENTED_EDGE('',*,*,#2718,.F.);
#8058 = ORIENTED_EDGE('',*,*,#8059,.T.);
#8059 = EDGE_CURVE('',#2711,#8060,#8062,.T.);
#8060 = VERTEX_POINT('',#8061);
#8061 = CARTESIAN_POINT('',(28.823196863317,-112.3620190392,
    126.27746876994));
#8062 = LINE('',#8063,#8064);
#8063 = CARTESIAN_POINT('',(28.823196863317,-108.,126.27746876994));
#8064 = VECTOR('',#8065,1.);
#8065 = DIRECTION('',(0.,-1.,2.22044604925E-16));
#8066 = ORIENTED_EDGE('',*,*,#8067,.T.);
#8067 = EDGE_CURVE('',#8060,#8068,#8070,.T.);
#8068 = VERTEX_POINT('',#8069);
#8069 = CARTESIAN_POINT('',(33.781526397374,-110.9721067397,
    126.27746876994));
#8070 = CIRCLE('',#8071,116.);
#8071 = AXIS2_PLACEMENT_3D('',#8072,#8073,#8074);
#8072 = CARTESIAN_POINT('',(0.,0.,126.27746876994));
#8073 = DIRECTION('',(0.,0.,1.));
#8074 = DIRECTION('',(1.,0.,0.));
#8075 = ORIENTED_EDGE('',*,*,#8076,.F.);
#8076 = EDGE_CURVE('',#8037,#8068,#8077,.T.);
#8077 = LINE('',#8078,#8079);
#8078 = CARTESIAN_POINT('',(33.781526397374,-108.,126.27746876994));
#8079 = VECTOR('',#8080,1.);
#8080 = DIRECTION('',(0.,-1.,2.22044604925E-16));
#8081 = ORIENTED_EDGE('',*,*,#8044,.F.);
#8082 = PLANE('',#8083);
#8083 = AXIS2_PLACEMENT_3D('',#8084,#8085,#8086);
#8084 = CARTESIAN_POINT('',(28.823196863317,-108.,126.27746876994));
#8085 = DIRECTION('',(0.,2.22044604925E-16,1.));
#8086 = DIRECTION('',(1.,0.,0.));
#8087 = ADVANCED_FACE('',(#8088),#8106,.F.);
#8088 = FACE_BOUND('',#8089,.F.);
#8089 = EDGE_LOOP('',(#8090,#8091,#8099,#8105));
#8090 = ORIENTED_EDGE('',*,*,#2710,.T.);
#8091 = ORIENTED_EDGE('',*,*,#8092,.T.);
#8092 = EDGE_CURVE('',#2702,#8093,#8095,.T.);
#8093 = VERTEX_POINT('',#8094);
#8094 = CARTESIAN_POINT('',(28.823196863317,-112.3620190392,126.84));
#8095 = LINE('',#8096,#8097);
#8096 = CARTESIAN_POINT('',(28.823196863317,-107.,126.84));
#8097 = VECTOR('',#8098,1.);
#8098 = DIRECTION('',(0.,-1.,3.330669073875E-16));
#8099 = ORIENTED_EDGE('',*,*,#8100,.F.);
#8100 = EDGE_CURVE('',#8060,#8093,#8101,.T.);
#8101 = LINE('',#8102,#8103);
#8102 = CARTESIAN_POINT('',(28.823196863317,-112.3620190392,70.));
#8103 = VECTOR('',#8104,1.);
#8104 = DIRECTION('',(0.,0.,1.));
#8105 = ORIENTED_EDGE('',*,*,#8059,.F.);
#8106 = PLANE('',#8107);
#8107 = AXIS2_PLACEMENT_3D('',#8108,#8109,#8110);
#8108 = CARTESIAN_POINT('',(28.823196863317,-108.,128.89915200145));
#8109 = DIRECTION('',(1.,0.,0.));
#8110 = DIRECTION('',(0.,-2.22044604925E-16,-1.));
#8111 = ADVANCED_FACE('',(#8112),#8131,.F.);
#8112 = FACE_BOUND('',#8113,.F.);
#8113 = EDGE_LOOP('',(#8114,#8122,#8129,#8130));
#8114 = ORIENTED_EDGE('',*,*,#8115,.F.);
#8115 = EDGE_CURVE('',#8116,#2694,#8118,.T.);
#8116 = VERTEX_POINT('',#8117);
#8117 = CARTESIAN_POINT('',(26.470684781618,-112.9393768673,126.84));
#8118 = LINE('',#8119,#8120);
#8119 = CARTESIAN_POINT('',(26.470684781618,-107.,126.84));
#8120 = VECTOR('',#8121,1.);
#8121 = DIRECTION('',(0.,1.,-3.330669073875E-16));
#8122 = ORIENTED_EDGE('',*,*,#8123,.T.);
#8123 = EDGE_CURVE('',#8116,#8093,#8124,.T.);
#8124 = CIRCLE('',#8125,116.);
#8125 = AXIS2_PLACEMENT_3D('',#8126,#8127,#8128);
#8126 = CARTESIAN_POINT('',(0.,0.,126.84));
#8127 = DIRECTION('',(0.,0.,1.));
#8128 = DIRECTION('',(1.,0.,0.));
#8129 = ORIENTED_EDGE('',*,*,#8092,.F.);
#8130 = ORIENTED_EDGE('',*,*,#2701,.F.);
#8131 = PLANE('',#8132);
#8132 = AXIS2_PLACEMENT_3D('',#8133,#8134,#8135);
#8133 = CARTESIAN_POINT('',(-36.03373757636,-106.,126.84));
#8134 = DIRECTION('',(0.,3.330669073875E-16,1.));
#8135 = DIRECTION('',(0.,-1.,3.330669073875E-16));
#8136 = ADVANCED_FACE('',(#8137),#8148,.F.);
#8137 = FACE_BOUND('',#8138,.F.);
#8138 = EDGE_LOOP('',(#8139,#8140,#8141,#8147));
#8139 = ORIENTED_EDGE('',*,*,#2693,.F.);
#8140 = ORIENTED_EDGE('',*,*,#7945,.F.);
#8141 = ORIENTED_EDGE('',*,*,#8142,.T.);
#8142 = EDGE_CURVE('',#7946,#8116,#8143,.T.);
#8143 = LINE('',#8144,#8145);
#8144 = CARTESIAN_POINT('',(26.470684781618,-112.9393768673,70.));
#8145 = VECTOR('',#8146,1.);
#8146 = DIRECTION('',(0.,0.,1.));
#8147 = ORIENTED_EDGE('',*,*,#8115,.T.);
#8148 = PLANE('',#8149);
#8149 = AXIS2_PLACEMENT_3D('',#8150,#8151,#8152);
#8150 = CARTESIAN_POINT('',(26.470684781618,-108.,119.));
#8151 = DIRECTION('',(-1.,0.,0.));
#8152 = DIRECTION('',(0.,2.22044604925E-16,1.));
#8153 = ADVANCED_FACE('',(#8154),#8180,.T.);
#8154 = FACE_BOUND('',#8155,.T.);
#8155 = EDGE_LOOP('',(#8156,#8164,#8173,#8179));
#8156 = ORIENTED_EDGE('',*,*,#8157,.F.);
#8157 = EDGE_CURVE('',#8158,#2753,#8160,.T.);
#8158 = VERTEX_POINT('',#8159);
#8159 = CARTESIAN_POINT('',(16.38661438862,-114.8367487735,128.44));
#8160 = LINE('',#8161,#8162);
#8161 = CARTESIAN_POINT('',(16.38661438862,-107.,128.44));
#8162 = VECTOR('',#8163,1.);
#8163 = DIRECTION('',(0.,1.,-3.330669073875E-16));
#8164 = ORIENTED_EDGE('',*,*,#8165,.T.);
#8165 = EDGE_CURVE('',#8158,#8166,#8168,.T.);
#8166 = VERTEX_POINT('',#8167);
#8167 = CARTESIAN_POINT('',(18.73912647032,-114.4763955544,128.44));
#8168 = CIRCLE('',#8169,116.);
#8169 = AXIS2_PLACEMENT_3D('',#8170,#8171,#8172);
#8170 = CARTESIAN_POINT('',(0.,0.,128.44));
#8171 = DIRECTION('',(0.,0.,1.));
#8172 = DIRECTION('',(1.,0.,0.));
#8173 = ORIENTED_EDGE('',*,*,#8174,.F.);
#8174 = EDGE_CURVE('',#2755,#8166,#8175,.T.);
#8175 = LINE('',#8176,#8177);
#8176 = CARTESIAN_POINT('',(18.73912647032,-107.,128.44));
#8177 = VECTOR('',#8178,1.);
#8178 = DIRECTION('',(0.,-1.,3.330669073875E-16));
#8179 = ORIENTED_EDGE('',*,*,#2752,.F.);
#8180 = PLANE('',#8181);
#8181 = AXIS2_PLACEMENT_3D('',#8182,#8183,#8184);
#8182 = CARTESIAN_POINT('',(-36.03373757636,-106.,128.44));
#8183 = DIRECTION('',(0.,3.330669073875E-16,1.));
#8184 = DIRECTION('',(0.,-1.,3.330669073875E-16));
#8185 = ADVANCED_FACE('',(#8186),#8204,.F.);
#8186 = FACE_BOUND('',#8187,.F.);
#8187 = EDGE_LOOP('',(#8188,#8189,#8197,#8203));
#8188 = ORIENTED_EDGE('',*,*,#2797,.T.);
#8189 = ORIENTED_EDGE('',*,*,#8190,.T.);
#8190 = EDGE_CURVE('',#2789,#8191,#8193,.T.);
#8191 = VERTEX_POINT('',#8192);
#8192 = CARTESIAN_POINT('',(18.73912647032,-114.4763955544,
    128.89915200145));
#8193 = LINE('',#8194,#8195);
#8194 = CARTESIAN_POINT('',(18.73912647032,-108.,128.89915200145));
#8195 = VECTOR('',#8196,1.);
#8196 = DIRECTION('',(0.,-1.,2.22044604925E-16));
#8197 = ORIENTED_EDGE('',*,*,#8198,.F.);
#8198 = EDGE_CURVE('',#8166,#8191,#8199,.T.);
#8199 = LINE('',#8200,#8201);
#8200 = CARTESIAN_POINT('',(18.73912647032,-114.4763955544,70.));
#8201 = VECTOR('',#8202,1.);
#8202 = DIRECTION('',(0.,0.,1.));
#8203 = ORIENTED_EDGE('',*,*,#8174,.F.);
#8204 = PLANE('',#8205);
#8205 = AXIS2_PLACEMENT_3D('',#8206,#8207,#8208);
#8206 = CARTESIAN_POINT('',(18.73912647032,-108.,128.89915200145));
#8207 = DIRECTION('',(1.,0.,0.));
#8208 = DIRECTION('',(0.,-2.22044604925E-16,-1.));
#8209 = ADVANCED_FACE('',(#8210),#8229,.F.);
#8210 = FACE_BOUND('',#8211,.F.);
#8211 = EDGE_LOOP('',(#8212,#8213,#8221,#8228));
#8212 = ORIENTED_EDGE('',*,*,#2788,.T.);
#8213 = ORIENTED_EDGE('',*,*,#8214,.T.);
#8214 = EDGE_CURVE('',#2781,#8215,#8217,.T.);
#8215 = VERTEX_POINT('',#8216);
#8216 = CARTESIAN_POINT('',(23.949667183368,-113.5007200056,
    128.89915200145));
#8217 = LINE('',#8218,#8219);
#8218 = CARTESIAN_POINT('',(23.949667183368,-108.,128.89915200145));
#8219 = VECTOR('',#8220,1.);
#8220 = DIRECTION('',(0.,-1.,2.22044604925E-16));
#8221 = ORIENTED_EDGE('',*,*,#8222,.F.);
#8222 = EDGE_CURVE('',#8191,#8215,#8223,.T.);
#8223 = CIRCLE('',#8224,116.);
#8224 = AXIS2_PLACEMENT_3D('',#8225,#8226,#8227);
#8225 = CARTESIAN_POINT('',(0.,0.,128.89915200145));
#8226 = DIRECTION('',(0.,0.,1.));
#8227 = DIRECTION('',(1.,0.,0.));
#8228 = ORIENTED_EDGE('',*,*,#8190,.F.);
#8229 = PLANE('',#8230);
#8230 = AXIS2_PLACEMENT_3D('',#8231,#8232,#8233);
#8231 = CARTESIAN_POINT('',(23.949667183368,-108.,128.89915200145));
#8232 = DIRECTION('',(0.,-2.22044604925E-16,-1.));
#8233 = DIRECTION('',(-1.,0.,0.));
#8234 = ADVANCED_FACE('',(#8235),#8253,.F.);
#8235 = FACE_BOUND('',#8236,.F.);
#8236 = EDGE_LOOP('',(#8237,#8238,#8246,#8252));
#8237 = ORIENTED_EDGE('',*,*,#2780,.T.);
#8238 = ORIENTED_EDGE('',*,*,#8239,.T.);
#8239 = EDGE_CURVE('',#2772,#8240,#8242,.T.);
#8240 = VERTEX_POINT('',#8241);
#8241 = CARTESIAN_POINT('',(23.949667183368,-113.5007200056,131.));
#8242 = LINE('',#8243,#8244);
#8243 = CARTESIAN_POINT('',(23.949667183368,-108.,131.));
#8244 = VECTOR('',#8245,1.);
#8245 = DIRECTION('',(0.,-1.,2.22044604925E-16));
#8246 = ORIENTED_EDGE('',*,*,#8247,.F.);
#8247 = EDGE_CURVE('',#8215,#8240,#8248,.T.);
#8248 = LINE('',#8249,#8250);
#8249 = CARTESIAN_POINT('',(23.949667183368,-113.5007200056,70.));
#8250 = VECTOR('',#8251,1.);
#8251 = DIRECTION('',(0.,0.,1.));
#8252 = ORIENTED_EDGE('',*,*,#8214,.F.);
#8253 = PLANE('',#8254);
#8254 = AXIS2_PLACEMENT_3D('',#8255,#8256,#8257);
#8255 = CARTESIAN_POINT('',(23.949667183368,-108.,131.));
#8256 = DIRECTION('',(1.,0.,0.));
#8257 = DIRECTION('',(0.,-2.22044604925E-16,-1.));
#8258 = ADVANCED_FACE('',(#8259),#8278,.F.);
#8259 = FACE_BOUND('',#8260,.F.);
#8260 = EDGE_LOOP('',(#8261,#8262,#8270,#8277));
#8261 = ORIENTED_EDGE('',*,*,#2771,.F.);
#8262 = ORIENTED_EDGE('',*,*,#8263,.T.);
#8263 = EDGE_CURVE('',#2764,#8264,#8266,.T.);
#8264 = VERTEX_POINT('',#8265);
#8265 = CARTESIAN_POINT('',(16.38661438862,-114.8367487735,131.));
#8266 = LINE('',#8267,#8268);
#8267 = CARTESIAN_POINT('',(16.38661438862,-108.,131.));
#8268 = VECTOR('',#8269,1.);
#8269 = DIRECTION('',(0.,-1.,2.22044604925E-16));
#8270 = ORIENTED_EDGE('',*,*,#8271,.T.);
#8271 = EDGE_CURVE('',#8264,#8240,#8272,.T.);
#8272 = CIRCLE('',#8273,116.);
#8273 = AXIS2_PLACEMENT_3D('',#8274,#8275,#8276);
#8274 = CARTESIAN_POINT('',(0.,0.,131.));
#8275 = DIRECTION('',(0.,0.,1.));
#8276 = DIRECTION('',(1.,0.,0.));
#8277 = ORIENTED_EDGE('',*,*,#8239,.F.);
#8278 = PLANE('',#8279);
#8279 = AXIS2_PLACEMENT_3D('',#8280,#8281,#8282);
#8280 = CARTESIAN_POINT('',(16.38661438862,-108.,131.));
#8281 = DIRECTION('',(0.,2.22044604925E-16,1.));
#8282 = DIRECTION('',(1.,0.,0.));
#8283 = ADVANCED_FACE('',(#8284),#8295,.F.);
#8284 = FACE_BOUND('',#8285,.F.);
#8285 = EDGE_LOOP('',(#8286,#8287,#8288,#8294));
#8286 = ORIENTED_EDGE('',*,*,#2763,.F.);
#8287 = ORIENTED_EDGE('',*,*,#8157,.F.);
#8288 = ORIENTED_EDGE('',*,*,#8289,.T.);
#8289 = EDGE_CURVE('',#8158,#8264,#8290,.T.);
#8290 = LINE('',#8291,#8292);
#8291 = CARTESIAN_POINT('',(16.38661438862,-114.8367487735,70.));
#8292 = VECTOR('',#8293,1.);
#8293 = DIRECTION('',(0.,0.,1.));
#8294 = ORIENTED_EDGE('',*,*,#8263,.F.);
#8295 = PLANE('',#8296);
#8296 = AXIS2_PLACEMENT_3D('',#8297,#8298,#8299);
#8297 = CARTESIAN_POINT('',(16.38661438862,-108.,119.));
#8298 = DIRECTION('',(-1.,0.,0.));
#8299 = DIRECTION('',(0.,2.22044604925E-16,1.));
#8300 = ADVANCED_FACE('',(#8301),#8327,.T.);
#8301 = FACE_BOUND('',#8302,.T.);
#8302 = EDGE_LOOP('',(#8303,#8311,#8320,#8326));
#8303 = ORIENTED_EDGE('',*,*,#8304,.F.);
#8304 = EDGE_CURVE('',#8305,#2806,#8307,.T.);
#8305 = VERTEX_POINT('',#8306);
#8306 = CARTESIAN_POINT('',(26.470684781618,-112.9393768673,128.44));
#8307 = LINE('',#8308,#8309);
#8308 = CARTESIAN_POINT('',(26.470684781618,-107.,128.44));
#8309 = VECTOR('',#8310,1.);
#8310 = DIRECTION('',(0.,1.,-3.330669073875E-16));
#8311 = ORIENTED_EDGE('',*,*,#8312,.T.);
#8312 = EDGE_CURVE('',#8305,#8313,#8315,.T.);
#8313 = VERTEX_POINT('',#8314);
#8314 = CARTESIAN_POINT('',(28.823196863317,-112.3620190392,128.44));
#8315 = CIRCLE('',#8316,116.);
#8316 = AXIS2_PLACEMENT_3D('',#8317,#8318,#8319);
#8317 = CARTESIAN_POINT('',(0.,0.,128.44));
#8318 = DIRECTION('',(0.,0.,1.));
#8319 = DIRECTION('',(1.,0.,0.));
#8320 = ORIENTED_EDGE('',*,*,#8321,.F.);
#8321 = EDGE_CURVE('',#2808,#8313,#8322,.T.);
#8322 = LINE('',#8323,#8324);
#8323 = CARTESIAN_POINT('',(28.823196863317,-107.,128.44));
#8324 = VECTOR('',#8325,1.);
#8325 = DIRECTION('',(0.,-1.,3.330669073875E-16));
#8326 = ORIENTED_EDGE('',*,*,#2805,.F.);
#8327 = PLANE('',#8328);
#8328 = AXIS2_PLACEMENT_3D('',#8329,#8330,#8331);
#8329 = CARTESIAN_POINT('',(-36.03373757636,-106.,128.44));
#8330 = DIRECTION('',(0.,3.330669073875E-16,1.));
#8331 = DIRECTION('',(0.,-1.,3.330669073875E-16));
#8332 = ADVANCED_FACE('',(#8333),#8351,.F.);
#8333 = FACE_BOUND('',#8334,.F.);
#8334 = EDGE_LOOP('',(#8335,#8336,#8344,#8350));
#8335 = ORIENTED_EDGE('',*,*,#2850,.T.);
#8336 = ORIENTED_EDGE('',*,*,#8337,.T.);
#8337 = EDGE_CURVE('',#2842,#8338,#8340,.T.);
#8338 = VERTEX_POINT('',#8339);
#8339 = CARTESIAN_POINT('',(28.823196863317,-112.3620190392,
    128.89915200145));
#8340 = LINE('',#8341,#8342);
#8341 = CARTESIAN_POINT('',(28.823196863317,-108.,128.89915200145));
#8342 = VECTOR('',#8343,1.);
#8343 = DIRECTION('',(0.,-1.,2.22044604925E-16));
#8344 = ORIENTED_EDGE('',*,*,#8345,.F.);
#8345 = EDGE_CURVE('',#8313,#8338,#8346,.T.);
#8346 = LINE('',#8347,#8348);
#8347 = CARTESIAN_POINT('',(28.823196863317,-112.3620190392,70.));
#8348 = VECTOR('',#8349,1.);
#8349 = DIRECTION('',(0.,0.,1.));
#8350 = ORIENTED_EDGE('',*,*,#8321,.F.);
#8351 = PLANE('',#8352);
#8352 = AXIS2_PLACEMENT_3D('',#8353,#8354,#8355);
#8353 = CARTESIAN_POINT('',(28.823196863317,-108.,128.89915200145));
#8354 = DIRECTION('',(1.,0.,0.));
#8355 = DIRECTION('',(0.,-2.22044604925E-16,-1.));
#8356 = ADVANCED_FACE('',(#8357),#8384,.F.);
#8357 = FACE_BOUND('',#8358,.F.);
#8358 = EDGE_LOOP('',(#8359,#8367,#8375,#8382,#8383));
#8359 = ORIENTED_EDGE('',*,*,#8360,.F.);
#8360 = EDGE_CURVE('',#8361,#2834,#8363,.T.);
#8361 = VERTEX_POINT('',#8362);
#8362 = CARTESIAN_POINT('',(34.033737576365,-108.,128.89915200145));
#8363 = LINE('',#8364,#8365);
#8364 = CARTESIAN_POINT('',(34.033737576365,-108.,128.89915200145));
#8365 = VECTOR('',#8366,1.);
#8366 = DIRECTION('',(-1.,0.,0.));
#8367 = ORIENTED_EDGE('',*,*,#8368,.T.);
#8368 = EDGE_CURVE('',#8361,#8369,#8371,.T.);
#8369 = VERTEX_POINT('',#8370);
#8370 = CARTESIAN_POINT('',(34.033737576365,-110.8950165994,
    128.89915200145));
#8371 = LINE('',#8372,#8373);
#8372 = CARTESIAN_POINT('',(34.033737576365,-108.,128.89915200145));
#8373 = VECTOR('',#8374,1.);
#8374 = DIRECTION('',(0.,-1.,2.22044604925E-16));
#8375 = ORIENTED_EDGE('',*,*,#8376,.F.);
#8376 = EDGE_CURVE('',#8338,#8369,#8377,.T.);
#8377 = CIRCLE('',#8378,116.);
#8378 = AXIS2_PLACEMENT_3D('',#8379,#8380,#8381);
#8379 = CARTESIAN_POINT('',(0.,0.,128.89915200145));
#8380 = DIRECTION('',(0.,0.,1.));
#8381 = DIRECTION('',(1.,0.,0.));
#8382 = ORIENTED_EDGE('',*,*,#8337,.F.);
#8383 = ORIENTED_EDGE('',*,*,#2841,.T.);
#8384 = PLANE('',#8385);
#8385 = AXIS2_PLACEMENT_3D('',#8386,#8387,#8388);
#8386 = CARTESIAN_POINT('',(34.033737576365,-108.,128.89915200145));
#8387 = DIRECTION('',(0.,-2.22044604925E-16,-1.));
#8388 = DIRECTION('',(-1.,0.,0.));
#8389 = ADVANCED_FACE('',(#8390),#8408,.T.);
#8390 = FACE_BOUND('',#8391,.T.);
#8391 = EDGE_LOOP('',(#8392,#8400,#8401,#8402));
#8392 = ORIENTED_EDGE('',*,*,#8393,.F.);
#8393 = EDGE_CURVE('',#2825,#8394,#8396,.T.);
#8394 = VERTEX_POINT('',#8395);
#8395 = CARTESIAN_POINT('',(34.033737576365,-108.,131.));
#8396 = LINE('',#8397,#8398);
#8397 = CARTESIAN_POINT('',(26.470684781618,-108.,131.));
#8398 = VECTOR('',#8399,1.);
#8399 = DIRECTION('',(1.,0.,0.));
#8400 = ORIENTED_EDGE('',*,*,#2833,.F.);
#8401 = ORIENTED_EDGE('',*,*,#8360,.F.);
#8402 = ORIENTED_EDGE('',*,*,#8403,.F.);
#8403 = EDGE_CURVE('',#8394,#8361,#8404,.T.);
#8404 = LINE('',#8405,#8406);
#8405 = CARTESIAN_POINT('',(34.033737576365,-108.,131.));
#8406 = VECTOR('',#8407,1.);
#8407 = DIRECTION('',(0.,-2.22044604925E-16,-1.));
#8408 = PLANE('',#8409);
#8409 = AXIS2_PLACEMENT_3D('',#8410,#8411,#8412);
#8410 = CARTESIAN_POINT('',(30.125330051329,-108.,125.03786377323));
#8411 = DIRECTION('',(0.,-1.,2.22044604925E-16));
#8412 = DIRECTION('',(1.,0.,0.));
#8413 = ADVANCED_FACE('',(#8414),#8441,.F.);
#8414 = FACE_BOUND('',#8415,.F.);
#8415 = EDGE_LOOP('',(#8416,#8417,#8425,#8434,#8440));
#8416 = ORIENTED_EDGE('',*,*,#2824,.F.);
#8417 = ORIENTED_EDGE('',*,*,#8418,.T.);
#8418 = EDGE_CURVE('',#2817,#8419,#8421,.T.);
#8419 = VERTEX_POINT('',#8420);
#8420 = CARTESIAN_POINT('',(26.470684781618,-112.9393768673,131.));
#8421 = LINE('',#8422,#8423);
#8422 = CARTESIAN_POINT('',(26.470684781618,-108.,131.));
#8423 = VECTOR('',#8424,1.);
#8424 = DIRECTION('',(0.,-1.,2.22044604925E-16));
#8425 = ORIENTED_EDGE('',*,*,#8426,.T.);
#8426 = EDGE_CURVE('',#8419,#8427,#8429,.T.);
#8427 = VERTEX_POINT('',#8428);
#8428 = CARTESIAN_POINT('',(34.033737576365,-110.8950165994,131.));
#8429 = CIRCLE('',#8430,116.);
#8430 = AXIS2_PLACEMENT_3D('',#8431,#8432,#8433);
#8431 = CARTESIAN_POINT('',(0.,0.,131.));
#8432 = DIRECTION('',(0.,0.,1.));
#8433 = DIRECTION('',(1.,0.,0.));
#8434 = ORIENTED_EDGE('',*,*,#8435,.F.);
#8435 = EDGE_CURVE('',#8394,#8427,#8436,.T.);
#8436 = LINE('',#8437,#8438);
#8437 = CARTESIAN_POINT('',(34.033737576365,-108.,131.));
#8438 = VECTOR('',#8439,1.);
#8439 = DIRECTION('',(0.,-1.,2.22044604925E-16));
#8440 = ORIENTED_EDGE('',*,*,#8393,.F.);
#8441 = PLANE('',#8442);
#8442 = AXIS2_PLACEMENT_3D('',#8443,#8444,#8445);
#8443 = CARTESIAN_POINT('',(26.470684781618,-108.,131.));
#8444 = DIRECTION('',(0.,2.22044604925E-16,1.));
#8445 = DIRECTION('',(1.,0.,0.));
#8446 = ADVANCED_FACE('',(#8447),#8458,.F.);
#8447 = FACE_BOUND('',#8448,.F.);
#8448 = EDGE_LOOP('',(#8449,#8450,#8451,#8457));
#8449 = ORIENTED_EDGE('',*,*,#2816,.F.);
#8450 = ORIENTED_EDGE('',*,*,#8304,.F.);
#8451 = ORIENTED_EDGE('',*,*,#8452,.T.);
#8452 = EDGE_CURVE('',#8305,#8419,#8453,.T.);
#8453 = LINE('',#8454,#8455);
#8454 = CARTESIAN_POINT('',(26.470684781618,-112.9393768673,70.));
#8455 = VECTOR('',#8456,1.);
#8456 = DIRECTION('',(0.,0.,1.));
#8457 = ORIENTED_EDGE('',*,*,#8418,.F.);
#8458 = PLANE('',#8459);
#8459 = AXIS2_PLACEMENT_3D('',#8460,#8461,#8462);
#8460 = CARTESIAN_POINT('',(26.470684781618,-108.,119.));
#8461 = DIRECTION('',(-1.,0.,0.));
#8462 = DIRECTION('',(0.,2.22044604925E-16,1.));
#8463 = ADVANCED_FACE('',(#8464,#8489),#8500,.T.);
#8464 = FACE_BOUND('',#8465,.T.);
#8465 = EDGE_LOOP('',(#8466,#8474,#8482,#8488));
#8466 = ORIENTED_EDGE('',*,*,#8467,.F.);
#8467 = EDGE_CURVE('',#8468,#2896,#8470,.T.);
#8468 = VERTEX_POINT('',#8469);
#8469 = CARTESIAN_POINT('',(-67.17514421272,-61.87184335382,77.15));
#8470 = LINE('',#8471,#8472);
#8471 = CARTESIAN_POINT('',(-67.17514421272,-61.87184335382,77.15));
#8472 = VECTOR('',#8473,1.);
#8473 = DIRECTION('',(0.707106781187,0.707106781187,0.));
#8474 = ORIENTED_EDGE('',*,*,#8475,.F.);
#8475 = EDGE_CURVE('',#8476,#8468,#8478,.T.);
#8476 = VERTEX_POINT('',#8477);
#8477 = CARTESIAN_POINT('',(-61.87184335382,-67.17514421272,77.15));
#8478 = LINE('',#8479,#8480);
#8479 = CARTESIAN_POINT('',(-61.87184335382,-67.17514421272,77.15));
#8480 = VECTOR('',#8481,1.);
#8481 = DIRECTION('',(-0.707106781187,0.707106781187,0.));
#8482 = ORIENTED_EDGE('',*,*,#8483,.T.);
#8483 = EDGE_CURVE('',#8476,#2894,#8484,.T.);
#8484 = LINE('',#8485,#8486);
#8485 = CARTESIAN_POINT('',(-61.87184335382,-67.17514421272,77.15));
#8486 = VECTOR('',#8487,1.);
#8487 = DIRECTION('',(0.707106781187,0.707106781187,0.));
#8488 = ORIENTED_EDGE('',*,*,#2893,.T.);
#8489 = FACE_BOUND('',#8490,.T.);
#8490 = EDGE_LOOP('',(#8491));
#8491 = ORIENTED_EDGE('',*,*,#8492,.F.);
#8492 = EDGE_CURVE('',#8493,#8493,#8495,.T.);
#8493 = VERTEX_POINT('',#8494);
#8494 = CARTESIAN_POINT('',(-59.62184335382,-61.87184335382,77.15));
#8495 = CIRCLE('',#8496,2.25);
#8496 = AXIS2_PLACEMENT_3D('',#8497,#8498,#8499);
#8497 = CARTESIAN_POINT('',(-61.87184335382,-61.87184335382,77.15));
#8498 = DIRECTION('',(0.,0.,1.));
#8499 = DIRECTION('',(1.,0.,0.));
#8500 = PLANE('',#8501);
#8501 = AXIS2_PLACEMENT_3D('',#8502,#8503,#8504);
#8502 = CARTESIAN_POINT('',(-61.87184335382,-67.17514421272,77.15));
#8503 = DIRECTION('',(0.,0.,1.));
#8504 = DIRECTION('',(0.707106781187,0.707106781187,0.));
#8505 = ADVANCED_FACE('',(#8506),#8524,.T.);
#8506 = FACE_BOUND('',#8507,.T.);
#8507 = EDGE_LOOP('',(#8508,#8509,#8517,#8523));
#8508 = ORIENTED_EDGE('',*,*,#8483,.F.);
#8509 = ORIENTED_EDGE('',*,*,#8510,.T.);
#8510 = EDGE_CURVE('',#8476,#8511,#8513,.T.);
#8511 = VERTEX_POINT('',#8512);
#8512 = CARTESIAN_POINT('',(-61.87184335382,-67.17514421272,80.85));
#8513 = LINE('',#8514,#8515);
#8514 = CARTESIAN_POINT('',(-61.87184335382,-67.17514421272,77.15));
#8515 = VECTOR('',#8516,1.);
#8516 = DIRECTION('',(0.,0.,1.));
#8517 = ORIENTED_EDGE('',*,*,#8518,.T.);
#8518 = EDGE_CURVE('',#8511,#2905,#8519,.T.);
#8519 = LINE('',#8520,#8521);
#8520 = CARTESIAN_POINT('',(-61.87184335382,-67.17514421272,80.85));
#8521 = VECTOR('',#8522,1.);
#8522 = DIRECTION('',(0.707106781187,0.707106781187,0.));
#8523 = ORIENTED_EDGE('',*,*,#2904,.F.);
#8524 = PLANE('',#8525);
#8525 = AXIS2_PLACEMENT_3D('',#8526,#8527,#8528);
#8526 = CARTESIAN_POINT('',(-61.87184335382,-67.17514421272,77.15));
#8527 = DIRECTION('',(-0.707106781187,0.707106781187,0.));
#8528 = DIRECTION('',(0.,0.,1.));
#8529 = ADVANCED_FACE('',(#8530),#8548,.F.);
#8530 = FACE_BOUND('',#8531,.F.);
#8531 = EDGE_LOOP('',(#8532,#8533,#8541,#8547));
#8532 = ORIENTED_EDGE('',*,*,#8467,.F.);
#8533 = ORIENTED_EDGE('',*,*,#8534,.T.);
#8534 = EDGE_CURVE('',#8468,#8535,#8537,.T.);
#8535 = VERTEX_POINT('',#8536);
#8536 = CARTESIAN_POINT('',(-67.17514421272,-61.87184335382,80.85));
#8537 = LINE('',#8538,#8539);
#8538 = CARTESIAN_POINT('',(-67.17514421272,-61.87184335382,77.15));
#8539 = VECTOR('',#8540,1.);
#8540 = DIRECTION('',(0.,0.,1.));
#8541 = ORIENTED_EDGE('',*,*,#8542,.T.);
#8542 = EDGE_CURVE('',#8535,#2913,#8543,.T.);
#8543 = LINE('',#8544,#8545);
#8544 = CARTESIAN_POINT('',(-67.17514421272,-61.87184335382,80.85));
#8545 = VECTOR('',#8546,1.);
#8546 = DIRECTION('',(0.707106781187,0.707106781187,0.));
#8547 = ORIENTED_EDGE('',*,*,#2921,.F.);
#8548 = PLANE('',#8549);
#8549 = AXIS2_PLACEMENT_3D('',#8550,#8551,#8552);
#8550 = CARTESIAN_POINT('',(-67.17514421272,-61.87184335382,77.15));
#8551 = DIRECTION('',(-0.707106781187,0.707106781187,0.));
#8552 = DIRECTION('',(0.,0.,1.));
#8553 = ADVANCED_FACE('',(#8554,#8565),#8576,.F.);
#8554 = FACE_BOUND('',#8555,.F.);
#8555 = EDGE_LOOP('',(#8556,#8557,#8563,#8564));
#8556 = ORIENTED_EDGE('',*,*,#8542,.F.);
#8557 = ORIENTED_EDGE('',*,*,#8558,.F.);
#8558 = EDGE_CURVE('',#8511,#8535,#8559,.T.);
#8559 = LINE('',#8560,#8561);
#8560 = CARTESIAN_POINT('',(-61.87184335382,-67.17514421272,80.85));
#8561 = VECTOR('',#8562,1.);
#8562 = DIRECTION('',(-0.707106781187,0.707106781187,0.));
#8563 = ORIENTED_EDGE('',*,*,#8518,.T.);
#8564 = ORIENTED_EDGE('',*,*,#2912,.T.);
#8565 = FACE_BOUND('',#8566,.F.);
#8566 = EDGE_LOOP('',(#8567));
#8567 = ORIENTED_EDGE('',*,*,#8568,.F.);
#8568 = EDGE_CURVE('',#8569,#8569,#8571,.T.);
#8569 = VERTEX_POINT('',#8570);
#8570 = CARTESIAN_POINT('',(-59.62184335382,-61.87184335382,80.85));
#8571 = CIRCLE('',#8572,2.25);
#8572 = AXIS2_PLACEMENT_3D('',#8573,#8574,#8575);
#8573 = CARTESIAN_POINT('',(-61.87184335382,-61.87184335382,80.85));
#8574 = DIRECTION('',(0.,0.,1.));
#8575 = DIRECTION('',(1.,0.,0.));
#8576 = PLANE('',#8577);
#8577 = AXIS2_PLACEMENT_3D('',#8578,#8579,#8580);
#8578 = CARTESIAN_POINT('',(-61.87184335382,-67.17514421272,80.85));
#8579 = DIRECTION('',(0.,0.,1.));
#8580 = DIRECTION('',(0.707106781187,0.707106781187,0.));
#8581 = ADVANCED_FACE('',(#8582),#8607,.T.);
#8582 = FACE_BOUND('',#8583,.T.);
#8583 = EDGE_LOOP('',(#8584,#8592,#8600,#8606));
#8584 = ORIENTED_EDGE('',*,*,#8585,.F.);
#8585 = EDGE_CURVE('',#8586,#2932,#8588,.T.);
#8586 = VERTEX_POINT('',#8587);
#8587 = CARTESIAN_POINT('',(-67.17514421272,-61.87184335382,150.85));
#8588 = LINE('',#8589,#8590);
#8589 = CARTESIAN_POINT('',(-67.17514421272,-61.87184335382,150.85));
#8590 = VECTOR('',#8591,1.);
#8591 = DIRECTION('',(0.707106781187,0.707106781187,0.));
#8592 = ORIENTED_EDGE('',*,*,#8593,.T.);
#8593 = EDGE_CURVE('',#8586,#8594,#8596,.T.);
#8594 = VERTEX_POINT('',#8595);
#8595 = CARTESIAN_POINT('',(-67.17514421272,-61.87184335382,147.15));
#8596 = LINE('',#8597,#8598);
#8597 = CARTESIAN_POINT('',(-67.17514421272,-61.87184335382,150.85));
#8598 = VECTOR('',#8599,1.);
#8599 = DIRECTION('',(0.,0.,-1.));
#8600 = ORIENTED_EDGE('',*,*,#8601,.T.);
#8601 = EDGE_CURVE('',#8594,#2930,#8602,.T.);
#8602 = LINE('',#8603,#8604);
#8603 = CARTESIAN_POINT('',(-67.17514421272,-61.87184335382,147.15));
#8604 = VECTOR('',#8605,1.);
#8605 = DIRECTION('',(0.707106781187,0.707106781187,0.));
#8606 = ORIENTED_EDGE('',*,*,#2929,.T.);
#8607 = PLANE('',#8608);
#8608 = AXIS2_PLACEMENT_3D('',#8609,#8610,#8611);
#8609 = CARTESIAN_POINT('',(-67.17514421272,-61.87184335382,150.85));
#8610 = DIRECTION('',(0.707106781187,-0.707106781187,0.));
#8611 = DIRECTION('',(0.,0.,-1.));
#8612 = ADVANCED_FACE('',(#8613,#8631),#8642,.F.);
#8613 = FACE_BOUND('',#8614,.F.);
#8614 = EDGE_LOOP('',(#8615,#8623,#8629,#8630));
#8615 = ORIENTED_EDGE('',*,*,#8616,.F.);
#8616 = EDGE_CURVE('',#8617,#2940,#8619,.T.);
#8617 = VERTEX_POINT('',#8618);
#8618 = CARTESIAN_POINT('',(-61.87184335382,-67.17514421272,147.15));
#8619 = LINE('',#8620,#8621);
#8620 = CARTESIAN_POINT('',(-61.87184335382,-67.17514421272,147.15));
#8621 = VECTOR('',#8622,1.);
#8622 = DIRECTION('',(0.707106781187,0.707106781187,0.));
#8623 = ORIENTED_EDGE('',*,*,#8624,.F.);
#8624 = EDGE_CURVE('',#8594,#8617,#8625,.T.);
#8625 = LINE('',#8626,#8627);
#8626 = CARTESIAN_POINT('',(-67.17514421272,-61.87184335382,147.15));
#8627 = VECTOR('',#8628,1.);
#8628 = DIRECTION('',(0.707106781187,-0.707106781187,0.));
#8629 = ORIENTED_EDGE('',*,*,#8601,.T.);
#8630 = ORIENTED_EDGE('',*,*,#2939,.F.);
#8631 = FACE_BOUND('',#8632,.F.);
#8632 = EDGE_LOOP('',(#8633));
#8633 = ORIENTED_EDGE('',*,*,#8634,.F.);
#8634 = EDGE_CURVE('',#8635,#8635,#8637,.T.);
#8635 = VERTEX_POINT('',#8636);
#8636 = CARTESIAN_POINT('',(-64.12184335382,-61.87184335382,147.15));
#8637 = CIRCLE('',#8638,2.25);
#8638 = AXIS2_PLACEMENT_3D('',#8639,#8640,#8641);
#8639 = CARTESIAN_POINT('',(-61.87184335382,-61.87184335382,147.15));
#8640 = DIRECTION('',(0.,0.,-1.));
#8641 = DIRECTION('',(-1.,0.,0.));
#8642 = PLANE('',#8643);
#8643 = AXIS2_PLACEMENT_3D('',#8644,#8645,#8646);
#8644 = CARTESIAN_POINT('',(-67.17514421272,-61.87184335382,147.15));
#8645 = DIRECTION('',(0.,0.,-1.));
#8646 = DIRECTION('',(0.707106781187,0.707106781187,0.));
#8647 = ADVANCED_FACE('',(#8648,#8666),#8669,.T.);
#8648 = FACE_BOUND('',#8649,.T.);
#8649 = EDGE_LOOP('',(#8650,#8658,#8664,#8665));
#8650 = ORIENTED_EDGE('',*,*,#8651,.F.);
#8651 = EDGE_CURVE('',#8652,#2949,#8654,.T.);
#8652 = VERTEX_POINT('',#8653);
#8653 = CARTESIAN_POINT('',(-61.87184335382,-67.17514421272,150.85));
#8654 = LINE('',#8655,#8656);
#8655 = CARTESIAN_POINT('',(-61.87184335382,-67.17514421272,150.85));
#8656 = VECTOR('',#8657,1.);
#8657 = DIRECTION('',(0.707106781187,0.707106781187,0.));
#8658 = ORIENTED_EDGE('',*,*,#8659,.F.);
#8659 = EDGE_CURVE('',#8586,#8652,#8660,.T.);
#8660 = LINE('',#8661,#8662);
#8661 = CARTESIAN_POINT('',(-67.17514421272,-61.87184335382,150.85));
#8662 = VECTOR('',#8663,1.);
#8663 = DIRECTION('',(0.707106781187,-0.707106781187,0.));
#8664 = ORIENTED_EDGE('',*,*,#8585,.T.);
#8665 = ORIENTED_EDGE('',*,*,#2956,.F.);
#8666 = FACE_BOUND('',#8667,.T.);
#8667 = EDGE_LOOP('',(#8668));
#8668 = ORIENTED_EDGE('',*,*,#3523,.F.);
#8669 = PLANE('',#8670);
#8670 = AXIS2_PLACEMENT_3D('',#8671,#8672,#8673);
#8671 = CARTESIAN_POINT('',(-67.17514421272,-61.87184335382,150.85));
#8672 = DIRECTION('',(0.,0.,-1.));
#8673 = DIRECTION('',(0.707106781187,0.707106781187,0.));
#8674 = ADVANCED_FACE('',(#8675),#8686,.F.);
#8675 = FACE_BOUND('',#8676,.F.);
#8676 = EDGE_LOOP('',(#8677,#8678,#8684,#8685));
#8677 = ORIENTED_EDGE('',*,*,#8651,.F.);
#8678 = ORIENTED_EDGE('',*,*,#8679,.T.);
#8679 = EDGE_CURVE('',#8652,#8617,#8680,.T.);
#8680 = LINE('',#8681,#8682);
#8681 = CARTESIAN_POINT('',(-61.87184335382,-67.17514421272,150.85));
#8682 = VECTOR('',#8683,1.);
#8683 = DIRECTION('',(0.,0.,-1.));
#8684 = ORIENTED_EDGE('',*,*,#8616,.T.);
#8685 = ORIENTED_EDGE('',*,*,#2948,.T.);
#8686 = PLANE('',#8687);
#8687 = AXIS2_PLACEMENT_3D('',#8688,#8689,#8690);
#8688 = CARTESIAN_POINT('',(-61.87184335382,-67.17514421272,150.85));
#8689 = DIRECTION('',(0.707106781187,-0.707106781187,0.));
#8690 = DIRECTION('',(0.,0.,-1.));
#8691 = ADVANCED_FACE('',(#8692,#8717),#8728,.T.);
#8692 = FACE_BOUND('',#8693,.T.);
#8693 = EDGE_LOOP('',(#8694,#8702,#8710,#8716));
#8694 = ORIENTED_EDGE('',*,*,#8695,.F.);
#8695 = EDGE_CURVE('',#8696,#3037,#8698,.T.);
#8696 = VERTEX_POINT('',#8697);
#8697 = CARTESIAN_POINT('',(-61.87184335382,67.175144212722,77.15));
#8698 = LINE('',#8699,#8700);
#8699 = CARTESIAN_POINT('',(-61.87184335382,67.175144212722,77.15));
#8700 = VECTOR('',#8701,1.);
#8701 = DIRECTION('',(0.707106781187,-0.707106781187,0.));
#8702 = ORIENTED_EDGE('',*,*,#8703,.F.);
#8703 = EDGE_CURVE('',#8704,#8696,#8706,.T.);
#8704 = VERTEX_POINT('',#8705);
#8705 = CARTESIAN_POINT('',(-67.17514421272,61.871843353823,77.15));
#8706 = LINE('',#8707,#8708);
#8707 = CARTESIAN_POINT('',(-67.17514421272,61.871843353823,77.15));
#8708 = VECTOR('',#8709,1.);
#8709 = DIRECTION('',(0.707106781187,0.707106781187,0.));
#8710 = ORIENTED_EDGE('',*,*,#8711,.T.);
#8711 = EDGE_CURVE('',#8704,#3035,#8712,.T.);
#8712 = LINE('',#8713,#8714);
#8713 = CARTESIAN_POINT('',(-67.17514421272,61.871843353823,77.15));
#8714 = VECTOR('',#8715,1.);
#8715 = DIRECTION('',(0.707106781187,-0.707106781187,0.));
#8716 = ORIENTED_EDGE('',*,*,#3034,.T.);
#8717 = FACE_BOUND('',#8718,.T.);
#8718 = EDGE_LOOP('',(#8719));
#8719 = ORIENTED_EDGE('',*,*,#8720,.F.);
#8720 = EDGE_CURVE('',#8721,#8721,#8723,.T.);
#8721 = VERTEX_POINT('',#8722);
#8722 = CARTESIAN_POINT('',(-59.62184335382,61.871843353823,77.15));
#8723 = CIRCLE('',#8724,2.25);
#8724 = AXIS2_PLACEMENT_3D('',#8725,#8726,#8727);
#8725 = CARTESIAN_POINT('',(-61.87184335382,61.871843353823,77.15));
#8726 = DIRECTION('',(0.,0.,1.));
#8727 = DIRECTION('',(1.,0.,0.));
#8728 = PLANE('',#8729);
#8729 = AXIS2_PLACEMENT_3D('',#8730,#8731,#8732);
#8730 = CARTESIAN_POINT('',(-67.17514421272,61.871843353823,77.15));
#8731 = DIRECTION('',(0.,0.,1.));
#8732 = DIRECTION('',(0.707106781187,-0.707106781187,0.));
#8733 = ADVANCED_FACE('',(#8734),#8752,.T.);
#8734 = FACE_BOUND('',#8735,.T.);
#8735 = EDGE_LOOP('',(#8736,#8737,#8745,#8751));
#8736 = ORIENTED_EDGE('',*,*,#8711,.F.);
#8737 = ORIENTED_EDGE('',*,*,#8738,.T.);
#8738 = EDGE_CURVE('',#8704,#8739,#8741,.T.);
#8739 = VERTEX_POINT('',#8740);
#8740 = CARTESIAN_POINT('',(-67.17514421272,61.871843353823,80.85));
#8741 = LINE('',#8742,#8743);
#8742 = CARTESIAN_POINT('',(-67.17514421272,61.871843353823,77.15));
#8743 = VECTOR('',#8744,1.);
#8744 = DIRECTION('',(0.,0.,1.));
#8745 = ORIENTED_EDGE('',*,*,#8746,.T.);
#8746 = EDGE_CURVE('',#8739,#3046,#8747,.T.);
#8747 = LINE('',#8748,#8749);
#8748 = CARTESIAN_POINT('',(-67.17514421272,61.871843353823,80.85));
#8749 = VECTOR('',#8750,1.);
#8750 = DIRECTION('',(0.707106781187,-0.707106781187,0.));
#8751 = ORIENTED_EDGE('',*,*,#3045,.F.);
#8752 = PLANE('',#8753);
#8753 = AXIS2_PLACEMENT_3D('',#8754,#8755,#8756);
#8754 = CARTESIAN_POINT('',(-67.17514421272,61.871843353823,77.15));
#8755 = DIRECTION('',(0.707106781187,0.707106781187,0.));
#8756 = DIRECTION('',(0.,0.,1.));
#8757 = ADVANCED_FACE('',(#8758),#8776,.F.);
#8758 = FACE_BOUND('',#8759,.F.);
#8759 = EDGE_LOOP('',(#8760,#8761,#8769,#8775));
#8760 = ORIENTED_EDGE('',*,*,#8695,.F.);
#8761 = ORIENTED_EDGE('',*,*,#8762,.T.);
#8762 = EDGE_CURVE('',#8696,#8763,#8765,.T.);
#8763 = VERTEX_POINT('',#8764);
#8764 = CARTESIAN_POINT('',(-61.87184335382,67.175144212722,80.85));
#8765 = LINE('',#8766,#8767);
#8766 = CARTESIAN_POINT('',(-61.87184335382,67.175144212722,77.15));
#8767 = VECTOR('',#8768,1.);
#8768 = DIRECTION('',(0.,0.,1.));
#8769 = ORIENTED_EDGE('',*,*,#8770,.T.);
#8770 = EDGE_CURVE('',#8763,#3054,#8771,.T.);
#8771 = LINE('',#8772,#8773);
#8772 = CARTESIAN_POINT('',(-61.87184335382,67.175144212722,80.85));
#8773 = VECTOR('',#8774,1.);
#8774 = DIRECTION('',(0.707106781187,-0.707106781187,0.));
#8775 = ORIENTED_EDGE('',*,*,#3062,.F.);
#8776 = PLANE('',#8777);
#8777 = AXIS2_PLACEMENT_3D('',#8778,#8779,#8780);
#8778 = CARTESIAN_POINT('',(-61.87184335382,67.175144212722,77.15));
#8779 = DIRECTION('',(0.707106781187,0.707106781187,0.));
#8780 = DIRECTION('',(0.,0.,1.));
#8781 = ADVANCED_FACE('',(#8782,#8793),#8804,.F.);
#8782 = FACE_BOUND('',#8783,.F.);
#8783 = EDGE_LOOP('',(#8784,#8785,#8791,#8792));
#8784 = ORIENTED_EDGE('',*,*,#8770,.F.);
#8785 = ORIENTED_EDGE('',*,*,#8786,.F.);
#8786 = EDGE_CURVE('',#8739,#8763,#8787,.T.);
#8787 = LINE('',#8788,#8789);
#8788 = CARTESIAN_POINT('',(-67.17514421272,61.871843353823,80.85));
#8789 = VECTOR('',#8790,1.);
#8790 = DIRECTION('',(0.707106781187,0.707106781187,0.));
#8791 = ORIENTED_EDGE('',*,*,#8746,.T.);
#8792 = ORIENTED_EDGE('',*,*,#3053,.T.);
#8793 = FACE_BOUND('',#8794,.F.);
#8794 = EDGE_LOOP('',(#8795));
#8795 = ORIENTED_EDGE('',*,*,#8796,.F.);
#8796 = EDGE_CURVE('',#8797,#8797,#8799,.T.);
#8797 = VERTEX_POINT('',#8798);
#8798 = CARTESIAN_POINT('',(-59.62184335382,61.871843353823,80.85));
#8799 = CIRCLE('',#8800,2.25);
#8800 = AXIS2_PLACEMENT_3D('',#8801,#8802,#8803);
#8801 = CARTESIAN_POINT('',(-61.87184335382,61.871843353823,80.85));
#8802 = DIRECTION('',(0.,0.,1.));
#8803 = DIRECTION('',(1.,0.,0.));
#8804 = PLANE('',#8805);
#8805 = AXIS2_PLACEMENT_3D('',#8806,#8807,#8808);
#8806 = CARTESIAN_POINT('',(-67.17514421272,61.871843353823,80.85));
#8807 = DIRECTION('',(0.,0.,1.));
#8808 = DIRECTION('',(0.707106781187,-0.707106781187,0.));
#8809 = ADVANCED_FACE('',(#8810),#8835,.T.);
#8810 = FACE_BOUND('',#8811,.T.);
#8811 = EDGE_LOOP('',(#8812,#8820,#8828,#8834));
#8812 = ORIENTED_EDGE('',*,*,#8813,.F.);
#8813 = EDGE_CURVE('',#8814,#3073,#8816,.T.);
#8814 = VERTEX_POINT('',#8815);
#8815 = CARTESIAN_POINT('',(-61.87184335382,67.175144212722,150.85));
#8816 = LINE('',#8817,#8818);
#8817 = CARTESIAN_POINT('',(-61.87184335382,67.175144212722,150.85));
#8818 = VECTOR('',#8819,1.);
#8819 = DIRECTION('',(0.707106781187,-0.707106781187,0.));
#8820 = ORIENTED_EDGE('',*,*,#8821,.T.);
#8821 = EDGE_CURVE('',#8814,#8822,#8824,.T.);
#8822 = VERTEX_POINT('',#8823);
#8823 = CARTESIAN_POINT('',(-61.87184335382,67.175144212722,147.15));
#8824 = LINE('',#8825,#8826);
#8825 = CARTESIAN_POINT('',(-61.87184335382,67.175144212722,150.85));
#8826 = VECTOR('',#8827,1.);
#8827 = DIRECTION('',(0.,0.,-1.));
#8828 = ORIENTED_EDGE('',*,*,#8829,.T.);
#8829 = EDGE_CURVE('',#8822,#3071,#8830,.T.);
#8830 = LINE('',#8831,#8832);
#8831 = CARTESIAN_POINT('',(-61.87184335382,67.175144212722,147.15));
#8832 = VECTOR('',#8833,1.);
#8833 = DIRECTION('',(0.707106781187,-0.707106781187,0.));
#8834 = ORIENTED_EDGE('',*,*,#3070,.T.);
#8835 = PLANE('',#8836);
#8836 = AXIS2_PLACEMENT_3D('',#8837,#8838,#8839);
#8837 = CARTESIAN_POINT('',(-61.87184335382,67.175144212722,150.85));
#8838 = DIRECTION('',(-0.707106781187,-0.707106781187,0.));
#8839 = DIRECTION('',(0.,0.,-1.));
#8840 = ADVANCED_FACE('',(#8841,#8859),#8870,.F.);
#8841 = FACE_BOUND('',#8842,.F.);
#8842 = EDGE_LOOP('',(#8843,#8851,#8857,#8858));
#8843 = ORIENTED_EDGE('',*,*,#8844,.F.);
#8844 = EDGE_CURVE('',#8845,#3081,#8847,.T.);
#8845 = VERTEX_POINT('',#8846);
#8846 = CARTESIAN_POINT('',(-67.17514421272,61.871843353823,147.15));
#8847 = LINE('',#8848,#8849);
#8848 = CARTESIAN_POINT('',(-67.17514421272,61.871843353823,147.15));
#8849 = VECTOR('',#8850,1.);
#8850 = DIRECTION('',(0.707106781187,-0.707106781187,0.));
#8851 = ORIENTED_EDGE('',*,*,#8852,.F.);
#8852 = EDGE_CURVE('',#8822,#8845,#8853,.T.);
#8853 = LINE('',#8854,#8855);
#8854 = CARTESIAN_POINT('',(-61.87184335382,67.175144212722,147.15));
#8855 = VECTOR('',#8856,1.);
#8856 = DIRECTION('',(-0.707106781187,-0.707106781187,0.));
#8857 = ORIENTED_EDGE('',*,*,#8829,.T.);
#8858 = ORIENTED_EDGE('',*,*,#3080,.F.);
#8859 = FACE_BOUND('',#8860,.F.);
#8860 = EDGE_LOOP('',(#8861));
#8861 = ORIENTED_EDGE('',*,*,#8862,.F.);
#8862 = EDGE_CURVE('',#8863,#8863,#8865,.T.);
#8863 = VERTEX_POINT('',#8864);
#8864 = CARTESIAN_POINT('',(-64.12184335382,61.871843353823,147.15));
#8865 = CIRCLE('',#8866,2.25);
#8866 = AXIS2_PLACEMENT_3D('',#8867,#8868,#8869);
#8867 = CARTESIAN_POINT('',(-61.87184335382,61.871843353823,147.15));
#8868 = DIRECTION('',(0.,0.,-1.));
#8869 = DIRECTION('',(-1.,0.,0.));
#8870 = PLANE('',#8871);
#8871 = AXIS2_PLACEMENT_3D('',#8872,#8873,#8874);
#8872 = CARTESIAN_POINT('',(-61.87184335382,67.175144212722,147.15));
#8873 = DIRECTION('',(0.,0.,-1.));
#8874 = DIRECTION('',(0.707106781187,-0.707106781187,0.));
#8875 = ADVANCED_FACE('',(#8876,#8894),#8897,.T.);
#8876 = FACE_BOUND('',#8877,.T.);
#8877 = EDGE_LOOP('',(#8878,#8886,#8892,#8893));
#8878 = ORIENTED_EDGE('',*,*,#8879,.F.);
#8879 = EDGE_CURVE('',#8880,#3090,#8882,.T.);
#8880 = VERTEX_POINT('',#8881);
#8881 = CARTESIAN_POINT('',(-67.17514421272,61.871843353823,150.85));
#8882 = LINE('',#8883,#8884);
#8883 = CARTESIAN_POINT('',(-67.17514421272,61.871843353823,150.85));
#8884 = VECTOR('',#8885,1.);
#8885 = DIRECTION('',(0.707106781187,-0.707106781187,0.));
#8886 = ORIENTED_EDGE('',*,*,#8887,.F.);
#8887 = EDGE_CURVE('',#8814,#8880,#8888,.T.);
#8888 = LINE('',#8889,#8890);
#8889 = CARTESIAN_POINT('',(-61.87184335382,67.175144212722,150.85));
#8890 = VECTOR('',#8891,1.);
#8891 = DIRECTION('',(-0.707106781187,-0.707106781187,0.));
#8892 = ORIENTED_EDGE('',*,*,#8813,.T.);
#8893 = ORIENTED_EDGE('',*,*,#3097,.F.);
#8894 = FACE_BOUND('',#8895,.T.);
#8895 = EDGE_LOOP('',(#8896));
#8896 = ORIENTED_EDGE('',*,*,#3548,.F.);
#8897 = PLANE('',#8898);
#8898 = AXIS2_PLACEMENT_3D('',#8899,#8900,#8901);
#8899 = CARTESIAN_POINT('',(-61.87184335382,67.175144212722,150.85));
#8900 = DIRECTION('',(0.,0.,-1.));
#8901 = DIRECTION('',(0.707106781187,-0.707106781187,0.));
#8902 = ADVANCED_FACE('',(#8903),#8914,.F.);
#8903 = FACE_BOUND('',#8904,.F.);
#8904 = EDGE_LOOP('',(#8905,#8906,#8912,#8913));
#8905 = ORIENTED_EDGE('',*,*,#8879,.F.);
#8906 = ORIENTED_EDGE('',*,*,#8907,.T.);
#8907 = EDGE_CURVE('',#8880,#8845,#8908,.T.);
#8908 = LINE('',#8909,#8910);
#8909 = CARTESIAN_POINT('',(-67.17514421272,61.871843353823,150.85));
#8910 = VECTOR('',#8911,1.);
#8911 = DIRECTION('',(0.,0.,-1.));
#8912 = ORIENTED_EDGE('',*,*,#8844,.T.);
#8913 = ORIENTED_EDGE('',*,*,#3089,.T.);
#8914 = PLANE('',#8915);
#8915 = AXIS2_PLACEMENT_3D('',#8916,#8917,#8918);
#8916 = CARTESIAN_POINT('',(-67.17514421272,61.871843353823,150.85));
#8917 = DIRECTION('',(-0.707106781187,-0.707106781187,0.));
#8918 = DIRECTION('',(0.,0.,-1.));
#8919 = ADVANCED_FACE('',(#8920),#8945,.T.);
#8920 = FACE_BOUND('',#8921,.T.);
#8921 = EDGE_LOOP('',(#8922,#8930,#8931,#8939));
#8922 = ORIENTED_EDGE('',*,*,#8923,.F.);
#8923 = EDGE_CURVE('',#3138,#8924,#8926,.T.);
#8924 = VERTEX_POINT('',#8925);
#8925 = CARTESIAN_POINT('',(-14.,115.15207336387,111.));
#8926 = LINE('',#8927,#8928);
#8927 = CARTESIAN_POINT('',(-14.,111.,111.));
#8928 = VECTOR('',#8929,1.);
#8929 = DIRECTION('',(0.,1.,0.));
#8930 = ORIENTED_EDGE('',*,*,#3135,.F.);
#8931 = ORIENTED_EDGE('',*,*,#8932,.T.);
#8932 = EDGE_CURVE('',#3136,#8933,#8935,.T.);
#8933 = VERTEX_POINT('',#8934);
#8934 = CARTESIAN_POINT('',(-14.,115.15207336387,109.));
#8935 = LINE('',#8936,#8937);
#8936 = CARTESIAN_POINT('',(-14.,111.,109.));
#8937 = VECTOR('',#8938,1.);
#8938 = DIRECTION('',(0.,1.,0.));
#8939 = ORIENTED_EDGE('',*,*,#8940,.T.);
#8940 = EDGE_CURVE('',#8933,#8924,#8941,.T.);
#8941 = LINE('',#8942,#8943);
#8942 = CARTESIAN_POINT('',(-14.,115.15207336387,70.));
#8943 = VECTOR('',#8944,1.);
#8944 = DIRECTION('',(0.,0.,1.));
#8945 = PLANE('',#8946);
#8946 = AXIS2_PLACEMENT_3D('',#8947,#8948,#8949);
#8947 = CARTESIAN_POINT('',(-14.,111.,109.));
#8948 = DIRECTION('',(1.,0.,0.));
#8949 = DIRECTION('',(0.,0.,1.));
#8950 = ADVANCED_FACE('',(#8951),#8970,.T.);
#8951 = FACE_BOUND('',#8952,.T.);
#8952 = EDGE_LOOP('',(#8953,#8954,#8955,#8963));
#8953 = ORIENTED_EDGE('',*,*,#8932,.F.);
#8954 = ORIENTED_EDGE('',*,*,#3145,.F.);
#8955 = ORIENTED_EDGE('',*,*,#8956,.T.);
#8956 = EDGE_CURVE('',#3146,#8957,#8959,.T.);
#8957 = VERTEX_POINT('',#8958);
#8958 = CARTESIAN_POINT('',(14.,115.15207336387,109.));
#8959 = LINE('',#8960,#8961);
#8960 = CARTESIAN_POINT('',(14.,111.,109.));
#8961 = VECTOR('',#8962,1.);
#8962 = DIRECTION('',(0.,1.,0.));
#8963 = ORIENTED_EDGE('',*,*,#8964,.T.);
#8964 = EDGE_CURVE('',#8957,#8933,#8965,.T.);
#8965 = CIRCLE('',#8966,116.);
#8966 = AXIS2_PLACEMENT_3D('',#8967,#8968,#8969);
#8967 = CARTESIAN_POINT('',(0.,0.,109.));
#8968 = DIRECTION('',(0.,0.,1.));
#8969 = DIRECTION('',(1.,0.,0.));
#8970 = PLANE('',#8971);
#8971 = AXIS2_PLACEMENT_3D('',#8972,#8973,#8974);
#8972 = CARTESIAN_POINT('',(-14.,111.,109.));
#8973 = DIRECTION('',(0.,0.,1.));
#8974 = DIRECTION('',(1.,0.,0.));
#8975 = ADVANCED_FACE('',(#8976),#8995,.F.);
#8976 = FACE_BOUND('',#8977,.F.);
#8977 = EDGE_LOOP('',(#8978,#8979,#8980,#8988));
#8978 = ORIENTED_EDGE('',*,*,#8923,.F.);
#8979 = ORIENTED_EDGE('',*,*,#3162,.F.);
#8980 = ORIENTED_EDGE('',*,*,#8981,.T.);
#8981 = EDGE_CURVE('',#3155,#8982,#8984,.T.);
#8982 = VERTEX_POINT('',#8983);
#8983 = CARTESIAN_POINT('',(14.,115.15207336387,111.));
#8984 = LINE('',#8985,#8986);
#8985 = CARTESIAN_POINT('',(14.,111.,111.));
#8986 = VECTOR('',#8987,1.);
#8987 = DIRECTION('',(0.,1.,0.));
#8988 = ORIENTED_EDGE('',*,*,#8989,.T.);
#8989 = EDGE_CURVE('',#8982,#8924,#8990,.T.);
#8990 = CIRCLE('',#8991,116.);
#8991 = AXIS2_PLACEMENT_3D('',#8992,#8993,#8994);
#8992 = CARTESIAN_POINT('',(0.,0.,111.));
#8993 = DIRECTION('',(0.,0.,1.));
#8994 = DIRECTION('',(1.,0.,0.));
#8995 = PLANE('',#8996);
#8996 = AXIS2_PLACEMENT_3D('',#8997,#8998,#8999);
#8997 = CARTESIAN_POINT('',(-14.,111.,111.));
#8998 = DIRECTION('',(0.,0.,1.));
#8999 = DIRECTION('',(1.,0.,0.));
#9000 = ADVANCED_FACE('',(#9001),#9012,.F.);
#9001 = FACE_BOUND('',#9002,.F.);
#9002 = EDGE_LOOP('',(#9003,#9004,#9005,#9006));
#9003 = ORIENTED_EDGE('',*,*,#8981,.F.);
#9004 = ORIENTED_EDGE('',*,*,#3154,.F.);
#9005 = ORIENTED_EDGE('',*,*,#8956,.T.);
#9006 = ORIENTED_EDGE('',*,*,#9007,.T.);
#9007 = EDGE_CURVE('',#8957,#8982,#9008,.T.);
#9008 = LINE('',#9009,#9010);
#9009 = CARTESIAN_POINT('',(14.,115.15207336387,70.));
#9010 = VECTOR('',#9011,1.);
#9011 = DIRECTION('',(0.,0.,1.));
#9012 = PLANE('',#9013);
#9013 = AXIS2_PLACEMENT_3D('',#9014,#9015,#9016);
#9014 = CARTESIAN_POINT('',(14.,111.,109.));
#9015 = DIRECTION('',(1.,0.,0.));
#9016 = DIRECTION('',(0.,0.,1.));
#9017 = ADVANCED_FACE('',(#9018),#9043,.T.);
#9018 = FACE_BOUND('',#9019,.T.);
#9019 = EDGE_LOOP('',(#9020,#9028,#9029,#9037));
#9020 = ORIENTED_EDGE('',*,*,#9021,.F.);
#9021 = EDGE_CURVE('',#3174,#9022,#9024,.T.);
#9022 = VERTEX_POINT('',#9023);
#9023 = CARTESIAN_POINT('',(-14.,115.15207336387,121.));
#9024 = LINE('',#9025,#9026);
#9025 = CARTESIAN_POINT('',(-14.,111.,121.));
#9026 = VECTOR('',#9027,1.);
#9027 = DIRECTION('',(0.,1.,0.));
#9028 = ORIENTED_EDGE('',*,*,#3171,.F.);
#9029 = ORIENTED_EDGE('',*,*,#9030,.T.);
#9030 = EDGE_CURVE('',#3172,#9031,#9033,.T.);
#9031 = VERTEX_POINT('',#9032);
#9032 = CARTESIAN_POINT('',(-14.,115.15207336387,119.));
#9033 = LINE('',#9034,#9035);
#9034 = CARTESIAN_POINT('',(-14.,111.,119.));
#9035 = VECTOR('',#9036,1.);
#9036 = DIRECTION('',(0.,1.,0.));
#9037 = ORIENTED_EDGE('',*,*,#9038,.T.);
#9038 = EDGE_CURVE('',#9031,#9022,#9039,.T.);
#9039 = LINE('',#9040,#9041);
#9040 = CARTESIAN_POINT('',(-14.,115.15207336387,70.));
#9041 = VECTOR('',#9042,1.);
#9042 = DIRECTION('',(0.,0.,1.));
#9043 = PLANE('',#9044);
#9044 = AXIS2_PLACEMENT_3D('',#9045,#9046,#9047);
#9045 = CARTESIAN_POINT('',(-14.,111.,119.));
#9046 = DIRECTION('',(1.,0.,0.));
#9047 = DIRECTION('',(0.,0.,1.));
#9048 = ADVANCED_FACE('',(#9049),#9068,.T.);
#9049 = FACE_BOUND('',#9050,.T.);
#9050 = EDGE_LOOP('',(#9051,#9052,#9053,#9061));
#9051 = ORIENTED_EDGE('',*,*,#9030,.F.);
#9052 = ORIENTED_EDGE('',*,*,#3181,.F.);
#9053 = ORIENTED_EDGE('',*,*,#9054,.T.);
#9054 = EDGE_CURVE('',#3182,#9055,#9057,.T.);
#9055 = VERTEX_POINT('',#9056);
#9056 = CARTESIAN_POINT('',(14.,115.15207336387,119.));
#9057 = LINE('',#9058,#9059);
#9058 = CARTESIAN_POINT('',(14.,111.,119.));
#9059 = VECTOR('',#9060,1.);
#9060 = DIRECTION('',(0.,1.,0.));
#9061 = ORIENTED_EDGE('',*,*,#9062,.T.);
#9062 = EDGE_CURVE('',#9055,#9031,#9063,.T.);
#9063 = CIRCLE('',#9064,116.);
#9064 = AXIS2_PLACEMENT_3D('',#9065,#9066,#9067);
#9065 = CARTESIAN_POINT('',(0.,0.,119.));
#9066 = DIRECTION('',(0.,0.,1.));
#9067 = DIRECTION('',(1.,0.,0.));
#9068 = PLANE('',#9069);
#9069 = AXIS2_PLACEMENT_3D('',#9070,#9071,#9072);
#9070 = CARTESIAN_POINT('',(-14.,111.,119.));
#9071 = DIRECTION('',(0.,0.,1.));
#9072 = DIRECTION('',(1.,0.,0.));
#9073 = ADVANCED_FACE('',(#9074),#9093,.F.);
#9074 = FACE_BOUND('',#9075,.F.);
#9075 = EDGE_LOOP('',(#9076,#9077,#9078,#9086));
#9076 = ORIENTED_EDGE('',*,*,#9021,.F.);
#9077 = ORIENTED_EDGE('',*,*,#3198,.F.);
#9078 = ORIENTED_EDGE('',*,*,#9079,.T.);
#9079 = EDGE_CURVE('',#3191,#9080,#9082,.T.);
#9080 = VERTEX_POINT('',#9081);
#9081 = CARTESIAN_POINT('',(14.,115.15207336387,121.));
#9082 = LINE('',#9083,#9084);
#9083 = CARTESIAN_POINT('',(14.,111.,121.));
#9084 = VECTOR('',#9085,1.);
#9085 = DIRECTION('',(0.,1.,0.));
#9086 = ORIENTED_EDGE('',*,*,#9087,.T.);
#9087 = EDGE_CURVE('',#9080,#9022,#9088,.T.);
#9088 = CIRCLE('',#9089,116.);
#9089 = AXIS2_PLACEMENT_3D('',#9090,#9091,#9092);
#9090 = CARTESIAN_POINT('',(0.,0.,121.));
#9091 = DIRECTION('',(0.,0.,1.));
#9092 = DIRECTION('',(1.,0.,0.));
#9093 = PLANE('',#9094);
#9094 = AXIS2_PLACEMENT_3D('',#9095,#9096,#9097);
#9095 = CARTESIAN_POINT('',(-14.,111.,121.));
#9096 = DIRECTION('',(0.,0.,1.));
#9097 = DIRECTION('',(1.,0.,0.));
#9098 = ADVANCED_FACE('',(#9099),#9110,.F.);
#9099 = FACE_BOUND('',#9100,.F.);
#9100 = EDGE_LOOP('',(#9101,#9102,#9103,#9104));
#9101 = ORIENTED_EDGE('',*,*,#9079,.F.);
#9102 = ORIENTED_EDGE('',*,*,#3190,.F.);
#9103 = ORIENTED_EDGE('',*,*,#9054,.T.);
#9104 = ORIENTED_EDGE('',*,*,#9105,.T.);
#9105 = EDGE_CURVE('',#9055,#9080,#9106,.T.);
#9106 = LINE('',#9107,#9108);
#9107 = CARTESIAN_POINT('',(14.,115.15207336387,70.));
#9108 = VECTOR('',#9109,1.);
#9109 = DIRECTION('',(0.,0.,1.));
#9110 = PLANE('',#9111);
#9111 = AXIS2_PLACEMENT_3D('',#9112,#9113,#9114);
#9112 = CARTESIAN_POINT('',(14.,111.,119.));
#9113 = DIRECTION('',(1.,0.,0.));
#9114 = DIRECTION('',(0.,0.,1.));
#9115 = ADVANCED_FACE('',(#9116),#9141,.T.);
#9116 = FACE_BOUND('',#9117,.T.);
#9117 = EDGE_LOOP('',(#9118,#9126,#9127,#9135));
#9118 = ORIENTED_EDGE('',*,*,#9119,.F.);
#9119 = EDGE_CURVE('',#3210,#9120,#9122,.T.);
#9120 = VERTEX_POINT('',#9121);
#9121 = CARTESIAN_POINT('',(-14.,115.15207336387,131.));
#9122 = LINE('',#9123,#9124);
#9123 = CARTESIAN_POINT('',(-14.,111.,131.));
#9124 = VECTOR('',#9125,1.);
#9125 = DIRECTION('',(0.,1.,0.));
#9126 = ORIENTED_EDGE('',*,*,#3207,.F.);
#9127 = ORIENTED_EDGE('',*,*,#9128,.T.);
#9128 = EDGE_CURVE('',#3208,#9129,#9131,.T.);
#9129 = VERTEX_POINT('',#9130);
#9130 = CARTESIAN_POINT('',(-14.,115.15207336387,129.));
#9131 = LINE('',#9132,#9133);
#9132 = CARTESIAN_POINT('',(-14.,111.,129.));
#9133 = VECTOR('',#9134,1.);
#9134 = DIRECTION('',(0.,1.,0.));
#9135 = ORIENTED_EDGE('',*,*,#9136,.T.);
#9136 = EDGE_CURVE('',#9129,#9120,#9137,.T.);
#9137 = LINE('',#9138,#9139);
#9138 = CARTESIAN_POINT('',(-14.,115.15207336387,70.));
#9139 = VECTOR('',#9140,1.);
#9140 = DIRECTION('',(0.,0.,1.));
#9141 = PLANE('',#9142);
#9142 = AXIS2_PLACEMENT_3D('',#9143,#9144,#9145);
#9143 = CARTESIAN_POINT('',(-14.,111.,129.));
#9144 = DIRECTION('',(1.,0.,0.));
#9145 = DIRECTION('',(0.,0.,1.));
#9146 = ADVANCED_FACE('',(#9147),#9166,.T.);
#9147 = FACE_BOUND('',#9148,.T.);
#9148 = EDGE_LOOP('',(#9149,#9150,#9151,#9159));
#9149 = ORIENTED_EDGE('',*,*,#9128,.F.);
#9150 = ORIENTED_EDGE('',*,*,#3217,.F.);
#9151 = ORIENTED_EDGE('',*,*,#9152,.T.);
#9152 = EDGE_CURVE('',#3218,#9153,#9155,.T.);
#9153 = VERTEX_POINT('',#9154);
#9154 = CARTESIAN_POINT('',(14.,115.15207336387,129.));
#9155 = LINE('',#9156,#9157);
#9156 = CARTESIAN_POINT('',(14.,111.,129.));
#9157 = VECTOR('',#9158,1.);
#9158 = DIRECTION('',(0.,1.,0.));
#9159 = ORIENTED_EDGE('',*,*,#9160,.T.);
#9160 = EDGE_CURVE('',#9153,#9129,#9161,.T.);
#9161 = CIRCLE('',#9162,116.);
#9162 = AXIS2_PLACEMENT_3D('',#9163,#9164,#9165);
#9163 = CARTESIAN_POINT('',(0.,0.,129.));
#9164 = DIRECTION('',(0.,0.,1.));
#9165 = DIRECTION('',(1.,0.,0.));
#9166 = PLANE('',#9167);
#9167 = AXIS2_PLACEMENT_3D('',#9168,#9169,#9170);
#9168 = CARTESIAN_POINT('',(-14.,111.,129.));
#9169 = DIRECTION('',(0.,0.,1.));
#9170 = DIRECTION('',(1.,0.,0.));
#9171 = ADVANCED_FACE('',(#9172),#9191,.F.);
#9172 = FACE_BOUND('',#9173,.F.);
#9173 = EDGE_LOOP('',(#9174,#9175,#9176,#9184));
#9174 = ORIENTED_EDGE('',*,*,#9119,.F.);
#9175 = ORIENTED_EDGE('',*,*,#3234,.F.);
#9176 = ORIENTED_EDGE('',*,*,#9177,.T.);
#9177 = EDGE_CURVE('',#3227,#9178,#9180,.T.);
#9178 = VERTEX_POINT('',#9179);
#9179 = CARTESIAN_POINT('',(14.,115.15207336387,131.));
#9180 = LINE('',#9181,#9182);
#9181 = CARTESIAN_POINT('',(14.,111.,131.));
#9182 = VECTOR('',#9183,1.);
#9183 = DIRECTION('',(0.,1.,0.));
#9184 = ORIENTED_EDGE('',*,*,#9185,.T.);
#9185 = EDGE_CURVE('',#9178,#9120,#9186,.T.);
#9186 = CIRCLE('',#9187,116.);
#9187 = AXIS2_PLACEMENT_3D('',#9188,#9189,#9190);
#9188 = CARTESIAN_POINT('',(0.,0.,131.));
#9189 = DIRECTION('',(0.,0.,1.));
#9190 = DIRECTION('',(1.,0.,0.));
#9191 = PLANE('',#9192);
#9192 = AXIS2_PLACEMENT_3D('',#9193,#9194,#9195);
#9193 = CARTESIAN_POINT('',(-14.,111.,131.));
#9194 = DIRECTION('',(0.,0.,1.));
#9195 = DIRECTION('',(1.,0.,0.));
#9196 = ADVANCED_FACE('',(#9197),#9208,.F.);
#9197 = FACE_BOUND('',#9198,.F.);
#9198 = EDGE_LOOP('',(#9199,#9200,#9201,#9202));
#9199 = ORIENTED_EDGE('',*,*,#9177,.F.);
#9200 = ORIENTED_EDGE('',*,*,#3226,.F.);
#9201 = ORIENTED_EDGE('',*,*,#9152,.T.);
#9202 = ORIENTED_EDGE('',*,*,#9203,.T.);
#9203 = EDGE_CURVE('',#9153,#9178,#9204,.T.);
#9204 = LINE('',#9205,#9206);
#9205 = CARTESIAN_POINT('',(14.,115.15207336387,70.));
#9206 = VECTOR('',#9207,1.);
#9207 = DIRECTION('',(0.,0.,1.));
#9208 = PLANE('',#9209);
#9209 = AXIS2_PLACEMENT_3D('',#9210,#9211,#9212);
#9210 = CARTESIAN_POINT('',(14.,111.,129.));
#9211 = DIRECTION('',(1.,0.,0.));
#9212 = DIRECTION('',(0.,0.,1.));
#9213 = ADVANCED_FACE('',(#9214),#9239,.T.);
#9214 = FACE_BOUND('',#9215,.T.);
#9215 = EDGE_LOOP('',(#9216,#9224,#9225,#9233));
#9216 = ORIENTED_EDGE('',*,*,#9217,.F.);
#9217 = EDGE_CURVE('',#3246,#9218,#9220,.T.);
#9218 = VERTEX_POINT('',#9219);
#9219 = CARTESIAN_POINT('',(-14.,115.15207336387,141.));
#9220 = LINE('',#9221,#9222);
#9221 = CARTESIAN_POINT('',(-14.,111.,141.));
#9222 = VECTOR('',#9223,1.);
#9223 = DIRECTION('',(0.,1.,0.));
#9224 = ORIENTED_EDGE('',*,*,#3243,.F.);
#9225 = ORIENTED_EDGE('',*,*,#9226,.T.);
#9226 = EDGE_CURVE('',#3244,#9227,#9229,.T.);
#9227 = VERTEX_POINT('',#9228);
#9228 = CARTESIAN_POINT('',(-14.,115.15207336387,139.));
#9229 = LINE('',#9230,#9231);
#9230 = CARTESIAN_POINT('',(-14.,111.,139.));
#9231 = VECTOR('',#9232,1.);
#9232 = DIRECTION('',(0.,1.,0.));
#9233 = ORIENTED_EDGE('',*,*,#9234,.T.);
#9234 = EDGE_CURVE('',#9227,#9218,#9235,.T.);
#9235 = LINE('',#9236,#9237);
#9236 = CARTESIAN_POINT('',(-14.,115.15207336387,70.));
#9237 = VECTOR('',#9238,1.);
#9238 = DIRECTION('',(0.,0.,1.));
#9239 = PLANE('',#9240);
#9240 = AXIS2_PLACEMENT_3D('',#9241,#9242,#9243);
#9241 = CARTESIAN_POINT('',(-14.,111.,139.));
#9242 = DIRECTION('',(1.,0.,0.));
#9243 = DIRECTION('',(0.,0.,1.));
#9244 = ADVANCED_FACE('',(#9245),#9264,.F.);
#9245 = FACE_BOUND('',#9246,.F.);
#9246 = EDGE_LOOP('',(#9247,#9248,#9249,#9257));
#9247 = ORIENTED_EDGE('',*,*,#9217,.F.);
#9248 = ORIENTED_EDGE('',*,*,#3270,.F.);
#9249 = ORIENTED_EDGE('',*,*,#9250,.T.);
#9250 = EDGE_CURVE('',#3263,#9251,#9253,.T.);
#9251 = VERTEX_POINT('',#9252);
#9252 = CARTESIAN_POINT('',(14.,115.15207336387,141.));
#9253 = LINE('',#9254,#9255);
#9254 = CARTESIAN_POINT('',(14.,111.,141.));
#9255 = VECTOR('',#9256,1.);
#9256 = DIRECTION('',(0.,1.,0.));
#9257 = ORIENTED_EDGE('',*,*,#9258,.T.);
#9258 = EDGE_CURVE('',#9251,#9218,#9259,.T.);
#9259 = CIRCLE('',#9260,116.);
#9260 = AXIS2_PLACEMENT_3D('',#9261,#9262,#9263);
#9261 = CARTESIAN_POINT('',(0.,0.,141.));
#9262 = DIRECTION('',(0.,0.,1.));
#9263 = DIRECTION('',(1.,0.,0.));
#9264 = PLANE('',#9265);
#9265 = AXIS2_PLACEMENT_3D('',#9266,#9267,#9268);
#9266 = CARTESIAN_POINT('',(-14.,111.,141.));
#9267 = DIRECTION('',(0.,0.,1.));
#9268 = DIRECTION('',(1.,0.,0.));
#9269 = ADVANCED_FACE('',(#9270),#9288,.F.);
#9270 = FACE_BOUND('',#9271,.F.);
#9271 = EDGE_LOOP('',(#9272,#9273,#9274,#9282));
#9272 = ORIENTED_EDGE('',*,*,#9250,.F.);
#9273 = ORIENTED_EDGE('',*,*,#3262,.F.);
#9274 = ORIENTED_EDGE('',*,*,#9275,.T.);
#9275 = EDGE_CURVE('',#3254,#9276,#9278,.T.);
#9276 = VERTEX_POINT('',#9277);
#9277 = CARTESIAN_POINT('',(14.,115.15207336387,139.));
#9278 = LINE('',#9279,#9280);
#9279 = CARTESIAN_POINT('',(14.,111.,139.));
#9280 = VECTOR('',#9281,1.);
#9281 = DIRECTION('',(0.,1.,0.));
#9282 = ORIENTED_EDGE('',*,*,#9283,.T.);
#9283 = EDGE_CURVE('',#9276,#9251,#9284,.T.);
#9284 = LINE('',#9285,#9286);
#9285 = CARTESIAN_POINT('',(14.,115.15207336387,70.));
#9286 = VECTOR('',#9287,1.);
#9287 = DIRECTION('',(0.,0.,1.));
#9288 = PLANE('',#9289);
#9289 = AXIS2_PLACEMENT_3D('',#9290,#9291,#9292);
#9290 = CARTESIAN_POINT('',(14.,111.,139.));
#9291 = DIRECTION('',(1.,0.,0.));
#9292 = DIRECTION('',(0.,0.,1.));
#9293 = ADVANCED_FACE('',(#9294),#9306,.T.);
#9294 = FACE_BOUND('',#9295,.T.);
#9295 = EDGE_LOOP('',(#9296,#9297,#9298,#9299));
#9296 = ORIENTED_EDGE('',*,*,#9226,.F.);
#9297 = ORIENTED_EDGE('',*,*,#3253,.F.);
#9298 = ORIENTED_EDGE('',*,*,#9275,.T.);
#9299 = ORIENTED_EDGE('',*,*,#9300,.T.);
#9300 = EDGE_CURVE('',#9276,#9227,#9301,.T.);
#9301 = CIRCLE('',#9302,116.);
#9302 = AXIS2_PLACEMENT_3D('',#9303,#9304,#9305);
#9303 = CARTESIAN_POINT('',(0.,0.,139.));
#9304 = DIRECTION('',(0.,0.,1.));
#9305 = DIRECTION('',(1.,0.,0.));
#9306 = PLANE('',#9307);
#9307 = AXIS2_PLACEMENT_3D('',#9308,#9309,#9310);
#9308 = CARTESIAN_POINT('',(-14.,111.,139.));
#9309 = DIRECTION('',(0.,0.,1.));
#9310 = DIRECTION('',(1.,0.,0.));
#9311 = ADVANCED_FACE('',(#9312,#9323),#9334,.F.);
#9312 = FACE_BOUND('',#9313,.T.);
#9313 = EDGE_LOOP('',(#9314));
#9314 = ORIENTED_EDGE('',*,*,#9315,.F.);
#9315 = EDGE_CURVE('',#9316,#9316,#9318,.T.);
#9316 = VERTEX_POINT('',#9317);
#9317 = CARTESIAN_POINT('',(116.,-2.841180574022E-14,70.));
#9318 = CIRCLE('',#9319,116.);
#9319 = AXIS2_PLACEMENT_3D('',#9320,#9321,#9322);
#9320 = CARTESIAN_POINT('',(0.,0.,70.));
#9321 = DIRECTION('',(0.,0.,1.));
#9322 = DIRECTION('',(1.,0.,0.));
#9323 = FACE_BOUND('',#9324,.F.);
#9324 = EDGE_LOOP('',(#9325,#9326,#9327,#9328,#9329,#9330,#9331,#9332,
    #9333));
#9325 = ORIENTED_EDGE('',*,*,#3448,.T.);
#9326 = ORIENTED_EDGE('',*,*,#3471,.F.);
#9327 = ORIENTED_EDGE('',*,*,#3433,.T.);
#9328 = ORIENTED_EDGE('',*,*,#3376,.F.);
#9329 = ORIENTED_EDGE('',*,*,#3337,.F.);
#9330 = ORIENTED_EDGE('',*,*,#3302,.F.);
#9331 = ORIENTED_EDGE('',*,*,#3293,.F.);
#9332 = ORIENTED_EDGE('',*,*,#3359,.F.);
#9333 = ORIENTED_EDGE('',*,*,#3400,.T.);
#9334 = PLANE('',#9335);
#9335 = AXIS2_PLACEMENT_3D('',#9336,#9337,#9338);
#9336 = CARTESIAN_POINT('',(0.,0.,70.));
#9337 = DIRECTION('',(0.,0.,1.));
#9338 = DIRECTION('',(1.,0.,0.));
#9339 = ADVANCED_FACE('',(#9340,#9343),#9354,.F.);
#9340 = FACE_BOUND('',#9341,.F.);
#9341 = EDGE_LOOP('',(#9342));
#9342 = ORIENTED_EDGE('',*,*,#3499,.T.);
#9343 = FACE_BOUND('',#9344,.F.);
#9344 = EDGE_LOOP('',(#9345));
#9345 = ORIENTED_EDGE('',*,*,#9346,.F.);
#9346 = EDGE_CURVE('',#9347,#9347,#9349,.T.);
#9347 = VERTEX_POINT('',#9348);
#9348 = CARTESIAN_POINT('',(114.8,-2.811789050842E-14,149.4));
#9349 = CIRCLE('',#9350,114.8);
#9350 = AXIS2_PLACEMENT_3D('',#9351,#9352,#9353);
#9351 = CARTESIAN_POINT('',(0.,0.,149.4));
#9352 = DIRECTION('',(0.,0.,1.));
#9353 = DIRECTION('',(1.,0.,0.));
#9354 = PLANE('',#9355);
#9355 = AXIS2_PLACEMENT_3D('',#9356,#9357,#9358);
#9356 = CARTESIAN_POINT('',(0.,0.,149.4));
#9357 = DIRECTION('',(0.,0.,1.));
#9358 = DIRECTION('',(1.,0.,0.));
#9359 = ADVANCED_FACE('',(#9360),#9363,.T.);
#9360 = FACE_BOUND('',#9361,.T.);
#9361 = EDGE_LOOP('',(#9362));
#9362 = ORIENTED_EDGE('',*,*,#3601,.T.);
#9363 = PLANE('',#9364);
#9364 = AXIS2_PLACEMENT_3D('',#9365,#9366,#9367);
#9365 = CARTESIAN_POINT('',(0.,0.,74.));
#9366 = DIRECTION('',(0.,0.,1.));
#9367 = DIRECTION('',(1.,0.,0.));
#9368 = ADVANCED_FACE('',(#9369),#9372,.F.);
#9369 = FACE_BOUND('',#9370,.F.);
#9370 = EDGE_LOOP('',(#9371));
#9371 = ORIENTED_EDGE('',*,*,#3626,.T.);
#9372 = PLANE('',#9373);
#9373 = AXIS2_PLACEMENT_3D('',#9374,#9375,#9376);
#9374 = CARTESIAN_POINT('',(61.871843353823,-61.87184335382,82.01));
#9375 = DIRECTION('',(0.,0.,1.));
#9376 = DIRECTION('',(1.,0.,0.));
#9377 = ADVANCED_FACE('',(#9378),#9384,.T.);
#9378 = FACE_BOUND('',#9379,.T.);
#9379 = EDGE_LOOP('',(#9380,#9381,#9382,#9383));
#9380 = ORIENTED_EDGE('',*,*,#3693,.F.);
#9381 = ORIENTED_EDGE('',*,*,#3658,.T.);
#9382 = ORIENTED_EDGE('',*,*,#3717,.T.);
#9383 = ORIENTED_EDGE('',*,*,#3741,.F.);
#9384 = PLANE('',#9385);
#9385 = AXIS2_PLACEMENT_3D('',#9386,#9387,#9388);
#9386 = CARTESIAN_POINT('',(61.871843353823,67.175144212722,77.15));
#9387 = DIRECTION('',(-0.707106781187,-0.707106781187,0.));
#9388 = DIRECTION('',(0.,0.,1.));
#9389 = ADVANCED_FACE('',(#9390),#9409,.F.);
#9390 = FACE_BOUND('',#9391,.F.);
#9391 = EDGE_LOOP('',(#9392,#9401,#9407,#9408));
#9392 = ORIENTED_EDGE('',*,*,#9393,.T.);
#9393 = EDGE_CURVE('',#9394,#9394,#9396,.T.);
#9394 = VERTEX_POINT('',#9395);
#9395 = CARTESIAN_POINT('',(64.121843353823,61.871843353823,74.));
#9396 = CIRCLE('',#9397,2.25);
#9397 = AXIS2_PLACEMENT_3D('',#9398,#9399,#9400);
#9398 = CARTESIAN_POINT('',(61.871843353823,61.871843353823,74.));
#9399 = DIRECTION('',(0.,0.,1.));
#9400 = DIRECTION('',(1.,0.,0.));
#9401 = ORIENTED_EDGE('',*,*,#9402,.T.);
#9402 = EDGE_CURVE('',#9394,#3676,#9403,.T.);
#9403 = LINE('',#9404,#9405);
#9404 = CARTESIAN_POINT('',(64.121843353823,61.871843353823,69.99));
#9405 = VECTOR('',#9406,1.);
#9406 = DIRECTION('',(0.,0.,1.));
#9407 = ORIENTED_EDGE('',*,*,#3675,.F.);
#9408 = ORIENTED_EDGE('',*,*,#9402,.F.);
#9409 = CYLINDRICAL_SURFACE('',#9410,2.25);
#9410 = AXIS2_PLACEMENT_3D('',#9411,#9412,#9413);
#9411 = CARTESIAN_POINT('',(61.871843353823,61.871843353823,69.99));
#9412 = DIRECTION('',(0.,0.,1.));
#9413 = DIRECTION('',(1.,0.,0.));
#9414 = ADVANCED_FACE('',(#9415),#9433,.F.);
#9415 = FACE_BOUND('',#9416,.F.);
#9416 = EDGE_LOOP('',(#9417,#9426,#9431,#9432));
#9417 = ORIENTED_EDGE('',*,*,#9418,.F.);
#9418 = EDGE_CURVE('',#9419,#9419,#9421,.T.);
#9419 = VERTEX_POINT('',#9420);
#9420 = CARTESIAN_POINT('',(64.121843353823,61.871843353823,82.01));
#9421 = CIRCLE('',#9422,2.25);
#9422 = AXIS2_PLACEMENT_3D('',#9423,#9424,#9425);
#9423 = CARTESIAN_POINT('',(61.871843353823,61.871843353823,82.01));
#9424 = DIRECTION('',(0.,0.,1.));
#9425 = DIRECTION('',(1.,0.,0.));
#9426 = ORIENTED_EDGE('',*,*,#9427,.F.);
#9427 = EDGE_CURVE('',#3752,#9419,#9428,.T.);
#9428 = B_SPLINE_CURVE_WITH_KNOTS('',1,(#9429,#9430),.UNSPECIFIED.,.F.,
  .F.,(2,2),(10.86,12.02),.PIECEWISE_BEZIER_KNOTS.);
#9429 = CARTESIAN_POINT('',(64.121843353823,61.871843353823,80.85));
#9430 = CARTESIAN_POINT('',(64.121843353823,61.871843353823,82.01));
#9431 = ORIENTED_EDGE('',*,*,#3751,.T.);
#9432 = ORIENTED_EDGE('',*,*,#9427,.T.);
#9433 = CYLINDRICAL_SURFACE('',#9434,2.25);
#9434 = AXIS2_PLACEMENT_3D('',#9435,#9436,#9437);
#9435 = CARTESIAN_POINT('',(61.871843353823,61.871843353823,69.99));
#9436 = DIRECTION('',(0.,0.,1.));
#9437 = DIRECTION('',(1.,0.,0.));
#9438 = ADVANCED_FACE('',(#9439),#9445,.T.);
#9439 = FACE_BOUND('',#9440,.T.);
#9440 = EDGE_LOOP('',(#9441,#9442,#9443,#9444));
#9441 = ORIENTED_EDGE('',*,*,#3776,.F.);
#9442 = ORIENTED_EDGE('',*,*,#3842,.T.);
#9443 = ORIENTED_EDGE('',*,*,#3862,.T.);
#9444 = ORIENTED_EDGE('',*,*,#3807,.F.);
#9445 = PLANE('',#9446);
#9446 = AXIS2_PLACEMENT_3D('',#9447,#9448,#9449);
#9447 = CARTESIAN_POINT('',(67.175144212722,61.871843353823,150.85));
#9448 = DIRECTION('',(-0.707106781187,-0.707106781187,0.));
#9449 = DIRECTION('',(0.,0.,-1.));
#9450 = ADVANCED_FACE('',(#9451),#9469,.F.);
#9451 = FACE_BOUND('',#9452,.F.);
#9452 = EDGE_LOOP('',(#9453,#9462,#9467,#9468));
#9453 = ORIENTED_EDGE('',*,*,#9454,.F.);
#9454 = EDGE_CURVE('',#9455,#9455,#9457,.T.);
#9455 = VERTEX_POINT('',#9456);
#9456 = CARTESIAN_POINT('',(59.621843353823,61.871843353823,145.99));
#9457 = CIRCLE('',#9458,2.25);
#9458 = AXIS2_PLACEMENT_3D('',#9459,#9460,#9461);
#9459 = CARTESIAN_POINT('',(61.871843353823,61.871843353823,145.99));
#9460 = DIRECTION('',(0.,0.,-1.));
#9461 = DIRECTION('',(-1.,0.,0.));
#9462 = ORIENTED_EDGE('',*,*,#9463,.F.);
#9463 = EDGE_CURVE('',#3818,#9455,#9464,.T.);
#9464 = B_SPLINE_CURVE_WITH_KNOTS('',1,(#9465,#9466),.UNSPECIFIED.,.F.,
  .F.,(2,2),(10.86,12.02),.PIECEWISE_BEZIER_KNOTS.);
#9465 = CARTESIAN_POINT('',(59.621843353823,61.871843353823,147.15));
#9466 = CARTESIAN_POINT('',(59.621843353823,61.871843353823,145.99));
#9467 = ORIENTED_EDGE('',*,*,#3817,.T.);
#9468 = ORIENTED_EDGE('',*,*,#9463,.T.);
#9469 = CYLINDRICAL_SURFACE('',#9470,2.25);
#9470 = AXIS2_PLACEMENT_3D('',#9471,#9472,#9473);
#9471 = CARTESIAN_POINT('',(61.871843353823,61.871843353823,158.01));
#9472 = DIRECTION('',(0.,0.,-1.));
#9473 = DIRECTION('',(-1.,0.,0.));
#9474 = ADVANCED_FACE('',(#9475,#9494,#9500,#9506,#9512,#9518,#9524,
    #9560,#9568,#9574,#9580,#9590,#9603,#9611,#9624,#9690,#9700,#9716,
    #9722,#9730,#9738,#9748,#9763,#9811,#9819,#9831,#9841,#9852,#9860),
  #9873,.T.);
#9475 = FACE_BOUND('',#9476,.T.);
#9476 = EDGE_LOOP('',(#9477,#9478,#9486,#9493));
#9477 = ORIENTED_EDGE('',*,*,#9315,.T.);
#9478 = ORIENTED_EDGE('',*,*,#9479,.T.);
#9479 = EDGE_CURVE('',#9316,#9480,#9482,.T.);
#9480 = VERTEX_POINT('',#9481);
#9481 = CARTESIAN_POINT('',(116.,-2.841180574022E-14,148.));
#9482 = LINE('',#9483,#9484);
#9483 = CARTESIAN_POINT('',(116.,-2.841180574022E-14,70.));
#9484 = VECTOR('',#9485,1.);
#9485 = DIRECTION('',(0.,0.,1.));
#9486 = ORIENTED_EDGE('',*,*,#9487,.F.);
#9487 = EDGE_CURVE('',#9480,#9480,#9488,.T.);
#9488 = CIRCLE('',#9489,116.);
#9489 = AXIS2_PLACEMENT_3D('',#9490,#9491,#9492);
#9490 = CARTESIAN_POINT('',(0.,0.,148.));
#9491 = DIRECTION('',(0.,0.,1.));
#9492 = DIRECTION('',(1.,0.,0.));
#9493 = ORIENTED_EDGE('',*,*,#9479,.F.);
#9494 = FACE_BOUND('',#9495,.T.);
#9495 = EDGE_LOOP('',(#9496,#9497,#9498,#9499));
#9496 = ORIENTED_EDGE('',*,*,#8940,.F.);
#9497 = ORIENTED_EDGE('',*,*,#8964,.F.);
#9498 = ORIENTED_EDGE('',*,*,#9007,.T.);
#9499 = ORIENTED_EDGE('',*,*,#8989,.T.);
#9500 = FACE_BOUND('',#9501,.T.);
#9501 = EDGE_LOOP('',(#9502,#9503,#9504,#9505));
#9502 = ORIENTED_EDGE('',*,*,#3886,.F.);
#9503 = ORIENTED_EDGE('',*,*,#3918,.T.);
#9504 = ORIENTED_EDGE('',*,*,#3959,.T.);
#9505 = ORIENTED_EDGE('',*,*,#3942,.F.);
#9506 = FACE_BOUND('',#9507,.T.);
#9507 = EDGE_LOOP('',(#9508,#9509,#9510,#9511));
#9508 = ORIENTED_EDGE('',*,*,#9038,.F.);
#9509 = ORIENTED_EDGE('',*,*,#9062,.F.);
#9510 = ORIENTED_EDGE('',*,*,#9105,.T.);
#9511 = ORIENTED_EDGE('',*,*,#9087,.T.);
#9512 = FACE_BOUND('',#9513,.T.);
#9513 = EDGE_LOOP('',(#9514,#9515,#9516,#9517));
#9514 = ORIENTED_EDGE('',*,*,#9136,.F.);
#9515 = ORIENTED_EDGE('',*,*,#9160,.F.);
#9516 = ORIENTED_EDGE('',*,*,#9203,.T.);
#9517 = ORIENTED_EDGE('',*,*,#9185,.T.);
#9518 = FACE_BOUND('',#9519,.T.);
#9519 = EDGE_LOOP('',(#9520,#9521,#9522,#9523));
#9520 = ORIENTED_EDGE('',*,*,#9234,.F.);
#9521 = ORIENTED_EDGE('',*,*,#9300,.F.);
#9522 = ORIENTED_EDGE('',*,*,#9283,.T.);
#9523 = ORIENTED_EDGE('',*,*,#9258,.T.);
#9524 = FACE_BOUND('',#9525,.T.);
#9525 = EDGE_LOOP('',(#9526,#9537,#9545,#9554));
#9526 = ORIENTED_EDGE('',*,*,#9527,.F.);
#9527 = EDGE_CURVE('',#9528,#9530,#9532,.T.);
#9528 = VERTEX_POINT('',#9529);
#9529 = CARTESIAN_POINT('',(-34.03373757636,-110.8950165994,119.));
#9530 = VERTEX_POINT('',#9531);
#9531 = CARTESIAN_POINT('',(-31.68122549466,-111.5898738737,119.));
#9532 = CIRCLE('',#9533,116.);
#9533 = AXIS2_PLACEMENT_3D('',#9534,#9535,#9536);
#9534 = CARTESIAN_POINT('',(0.,0.,119.));
#9535 = DIRECTION('',(0.,0.,1.));
#9536 = DIRECTION('',(1.,0.,0.));
#9537 = ORIENTED_EDGE('',*,*,#9538,.T.);
#9538 = EDGE_CURVE('',#9528,#9539,#9541,.T.);
#9539 = VERTEX_POINT('',#9540);
#9540 = CARTESIAN_POINT('',(-34.03373757636,-110.8950165994,121.56));
#9541 = LINE('',#9542,#9543);
#9542 = CARTESIAN_POINT('',(-34.03373757636,-110.8950165994,70.));
#9543 = VECTOR('',#9544,1.);
#9544 = DIRECTION('',(0.,0.,1.));
#9545 = ORIENTED_EDGE('',*,*,#9546,.T.);
#9546 = EDGE_CURVE('',#9539,#9547,#9549,.T.);
#9547 = VERTEX_POINT('',#9548);
#9548 = CARTESIAN_POINT('',(-31.68122549466,-111.5898738737,121.56));
#9549 = CIRCLE('',#9550,116.);
#9550 = AXIS2_PLACEMENT_3D('',#9551,#9552,#9553);
#9551 = CARTESIAN_POINT('',(0.,0.,121.56));
#9552 = DIRECTION('',(0.,0.,1.));
#9553 = DIRECTION('',(1.,0.,0.));
#9554 = ORIENTED_EDGE('',*,*,#9555,.F.);
#9555 = EDGE_CURVE('',#9530,#9547,#9556,.T.);
#9556 = LINE('',#9557,#9558);
#9557 = CARTESIAN_POINT('',(-31.68122549466,-111.5898738737,70.));
#9558 = VECTOR('',#9559,1.);
#9559 = DIRECTION('',(0.,0.,1.));
#9560 = FACE_BOUND('',#9561,.T.);
#9561 = EDGE_LOOP('',(#9562,#9563,#9564,#9565,#9566,#9567));
#9562 = ORIENTED_EDGE('',*,*,#3985,.F.);
#9563 = ORIENTED_EDGE('',*,*,#4108,.T.);
#9564 = ORIENTED_EDGE('',*,*,#4089,.T.);
#9565 = ORIENTED_EDGE('',*,*,#4066,.F.);
#9566 = ORIENTED_EDGE('',*,*,#4041,.T.);
#9567 = ORIENTED_EDGE('',*,*,#4017,.F.);
#9568 = FACE_BOUND('',#9569,.T.);
#9569 = EDGE_LOOP('',(#9570,#9571,#9572,#9573));
#9570 = ORIENTED_EDGE('',*,*,#4132,.F.);
#9571 = ORIENTED_EDGE('',*,*,#4206,.T.);
#9572 = ORIENTED_EDGE('',*,*,#4187,.T.);
#9573 = ORIENTED_EDGE('',*,*,#4164,.F.);
#9574 = FACE_BOUND('',#9575,.T.);
#9575 = EDGE_LOOP('',(#9576,#9577,#9578,#9579));
#9576 = ORIENTED_EDGE('',*,*,#4230,.T.);
#9577 = ORIENTED_EDGE('',*,*,#4306,.T.);
#9578 = ORIENTED_EDGE('',*,*,#4287,.T.);
#9579 = ORIENTED_EDGE('',*,*,#4262,.F.);
#9580 = FACE_BOUND('',#9581,.T.);
#9581 = EDGE_LOOP('',(#9582,#9583,#9584,#9585,#9586,#9587,#9588,#9589));
#9582 = ORIENTED_EDGE('',*,*,#4330,.F.);
#9583 = ORIENTED_EDGE('',*,*,#4502,.T.);
#9584 = ORIENTED_EDGE('',*,*,#4484,.T.);
#9585 = ORIENTED_EDGE('',*,*,#4460,.T.);
#9586 = ORIENTED_EDGE('',*,*,#4436,.T.);
#9587 = ORIENTED_EDGE('',*,*,#4411,.F.);
#9588 = ORIENTED_EDGE('',*,*,#4386,.T.);
#9589 = ORIENTED_EDGE('',*,*,#4362,.F.);
#9590 = FACE_BOUND('',#9591,.T.);
#9591 = EDGE_LOOP('',(#9592,#9593,#9594,#9595,#9596,#9597,#9598,#9599,
    #9600,#9601,#9602));
#9592 = ORIENTED_EDGE('',*,*,#6437,.F.);
#9593 = ORIENTED_EDGE('',*,*,#6763,.F.);
#9594 = ORIENTED_EDGE('',*,*,#6744,.T.);
#9595 = ORIENTED_EDGE('',*,*,#6702,.F.);
#9596 = ORIENTED_EDGE('',*,*,#6669,.F.);
#9597 = ORIENTED_EDGE('',*,*,#6641,.F.);
#9598 = ORIENTED_EDGE('',*,*,#6617,.T.);
#9599 = ORIENTED_EDGE('',*,*,#6593,.T.);
#9600 = ORIENTED_EDGE('',*,*,#6568,.F.);
#9601 = ORIENTED_EDGE('',*,*,#6531,.F.);
#9602 = ORIENTED_EDGE('',*,*,#6494,.F.);
#9603 = FACE_BOUND('',#9604,.T.);
#9604 = EDGE_LOOP('',(#9605,#9606,#9607,#9608,#9609,#9610));
#9605 = ORIENTED_EDGE('',*,*,#6796,.F.);
#9606 = ORIENTED_EDGE('',*,*,#6919,.T.);
#9607 = ORIENTED_EDGE('',*,*,#6900,.T.);
#9608 = ORIENTED_EDGE('',*,*,#6877,.F.);
#9609 = ORIENTED_EDGE('',*,*,#6852,.T.);
#9610 = ORIENTED_EDGE('',*,*,#6828,.F.);
#9611 = FACE_BOUND('',#9612,.T.);
#9612 = EDGE_LOOP('',(#9613,#9614,#9615,#9616,#9617,#9618));
#9613 = ORIENTED_EDGE('',*,*,#6950,.F.);
#9614 = ORIENTED_EDGE('',*,*,#7082,.T.);
#9615 = ORIENTED_EDGE('',*,*,#7063,.T.);
#9616 = ORIENTED_EDGE('',*,*,#7040,.F.);
#9617 = ORIENTED_EDGE('',*,*,#7007,.T.);
#9618 = ORIENTED_EDGE('',*,*,#9619,.F.);
#9619 = EDGE_CURVE('',#6943,#7008,#9620,.T.);
#9620 = LINE('',#9621,#9622);
#9621 = CARTESIAN_POINT('',(34.033737576365,-110.8950165994,70.));
#9622 = VECTOR('',#9623,1.);
#9623 = DIRECTION('',(0.,0.,1.));
#9624 = FACE_BOUND('',#9625,.T.);
#9625 = EDGE_LOOP('',(#9626,#9637,#9645,#9654,#9662,#9669,#9670,#9671,
    #9672,#9673,#9674,#9675,#9684));
#9626 = ORIENTED_EDGE('',*,*,#9627,.F.);
#9627 = EDGE_CURVE('',#9628,#9630,#9632,.T.);
#9628 = VERTEX_POINT('',#9629);
#9629 = CARTESIAN_POINT('',(-34.03373757636,-110.8950165994,123.16));
#9630 = VERTEX_POINT('',#9631);
#9631 = CARTESIAN_POINT('',(-31.68122549466,-111.5898738737,123.16));
#9632 = CIRCLE('',#9633,116.);
#9633 = AXIS2_PLACEMENT_3D('',#9634,#9635,#9636);
#9634 = CARTESIAN_POINT('',(0.,0.,123.16));
#9635 = DIRECTION('',(0.,0.,1.));
#9636 = DIRECTION('',(1.,0.,0.));
#9637 = ORIENTED_EDGE('',*,*,#9638,.T.);
#9638 = EDGE_CURVE('',#9628,#9639,#9641,.T.);
#9639 = VERTEX_POINT('',#9640);
#9640 = CARTESIAN_POINT('',(-34.03373757636,-110.8950165994,126.84));
#9641 = LINE('',#9642,#9643);
#9642 = CARTESIAN_POINT('',(-34.03373757636,-110.8950165994,70.));
#9643 = VECTOR('',#9644,1.);
#9644 = DIRECTION('',(0.,0.,1.));
#9645 = ORIENTED_EDGE('',*,*,#9646,.T.);
#9646 = EDGE_CURVE('',#9639,#9647,#9649,.T.);
#9647 = VERTEX_POINT('',#9648);
#9648 = CARTESIAN_POINT('',(-31.68122549466,-111.5898738737,126.84));
#9649 = CIRCLE('',#9650,116.);
#9650 = AXIS2_PLACEMENT_3D('',#9651,#9652,#9653);
#9651 = CARTESIAN_POINT('',(0.,0.,126.84));
#9652 = DIRECTION('',(0.,0.,1.));
#9653 = DIRECTION('',(1.,0.,0.));
#9654 = ORIENTED_EDGE('',*,*,#9655,.F.);
#9655 = EDGE_CURVE('',#9656,#9647,#9658,.T.);
#9656 = VERTEX_POINT('',#9657);
#9657 = CARTESIAN_POINT('',(-31.68122549466,-111.5898738737,
    125.33591684143));
#9658 = LINE('',#9659,#9660);
#9659 = CARTESIAN_POINT('',(-31.68122549466,-111.5898738737,70.));
#9660 = VECTOR('',#9661,1.);
#9661 = DIRECTION('',(0.,0.,1.));
#9662 = ORIENTED_EDGE('',*,*,#9663,.T.);
#9663 = EDGE_CURVE('',#9656,#4715,#9664,.T.);
#9664 = CIRCLE('',#9665,116.);
#9665 = AXIS2_PLACEMENT_3D('',#9666,#9667,#9668);
#9666 = CARTESIAN_POINT('',(0.,0.,125.33591684143));
#9667 = DIRECTION('',(0.,0.,1.));
#9668 = DIRECTION('',(1.,0.,0.));
#9669 = ORIENTED_EDGE('',*,*,#4722,.F.);
#9670 = ORIENTED_EDGE('',*,*,#4680,.F.);
#9671 = ORIENTED_EDGE('',*,*,#4644,.T.);
#9672 = ORIENTED_EDGE('',*,*,#4620,.F.);
#9673 = ORIENTED_EDGE('',*,*,#4581,.F.);
#9674 = ORIENTED_EDGE('',*,*,#4526,.F.);
#9675 = ORIENTED_EDGE('',*,*,#9676,.F.);
#9676 = EDGE_CURVE('',#9677,#4527,#9679,.T.);
#9677 = VERTEX_POINT('',#9678);
#9678 = CARTESIAN_POINT('',(-31.68122549466,-111.5898738737,
    123.26898878453));
#9679 = CIRCLE('',#9680,116.);
#9680 = AXIS2_PLACEMENT_3D('',#9681,#9682,#9683);
#9681 = CARTESIAN_POINT('',(0.,0.,123.26898878453));
#9682 = DIRECTION('',(0.,0.,1.));
#9683 = DIRECTION('',(1.,0.,0.));
#9684 = ORIENTED_EDGE('',*,*,#9685,.F.);
#9685 = EDGE_CURVE('',#9630,#9677,#9686,.T.);
#9686 = LINE('',#9687,#9688);
#9687 = CARTESIAN_POINT('',(-31.68122549466,-111.5898738737,70.));
#9688 = VECTOR('',#9689,1.);
#9689 = DIRECTION('',(0.,0.,1.));
#9690 = FACE_BOUND('',#9691,.T.);
#9691 = EDGE_LOOP('',(#9692,#9693,#9694,#9695,#9696,#9697,#9698,#9699));
#9692 = ORIENTED_EDGE('',*,*,#4828,.F.);
#9693 = ORIENTED_EDGE('',*,*,#5001,.T.);
#9694 = ORIENTED_EDGE('',*,*,#4982,.T.);
#9695 = ORIENTED_EDGE('',*,*,#4959,.F.);
#9696 = ORIENTED_EDGE('',*,*,#4934,.T.);
#9697 = ORIENTED_EDGE('',*,*,#4910,.F.);
#9698 = ORIENTED_EDGE('',*,*,#4885,.F.);
#9699 = ORIENTED_EDGE('',*,*,#4861,.F.);
#9700 = FACE_BOUND('',#9701,.T.);
#9701 = EDGE_LOOP('',(#9702,#9703,#9704,#9705,#9706,#9707,#9708,#9709,
    #9710,#9711,#9712,#9713,#9714,#9715));
#9702 = ORIENTED_EDGE('',*,*,#5427,.F.);
#9703 = ORIENTED_EDGE('',*,*,#5812,.T.);
#9704 = ORIENTED_EDGE('',*,*,#5793,.T.);
#9705 = ORIENTED_EDGE('',*,*,#5770,.F.);
#9706 = ORIENTED_EDGE('',*,*,#5745,.T.);
#9707 = ORIENTED_EDGE('',*,*,#5685,.F.);
#9708 = ORIENTED_EDGE('',*,*,#5649,.T.);
#9709 = ORIENTED_EDGE('',*,*,#5623,.F.);
#9710 = ORIENTED_EDGE('',*,*,#5584,.F.);
#9711 = ORIENTED_EDGE('',*,*,#5559,.T.);
#9712 = ORIENTED_EDGE('',*,*,#5535,.F.);
#9713 = ORIENTED_EDGE('',*,*,#5509,.T.);
#9714 = ORIENTED_EDGE('',*,*,#5484,.F.);
#9715 = ORIENTED_EDGE('',*,*,#5460,.F.);
#9716 = FACE_BOUND('',#9717,.T.);
#9717 = EDGE_LOOP('',(#9718,#9719,#9720,#9721));
#9718 = ORIENTED_EDGE('',*,*,#5844,.F.);
#9719 = ORIENTED_EDGE('',*,*,#5910,.T.);
#9720 = ORIENTED_EDGE('',*,*,#5893,.T.);
#9721 = ORIENTED_EDGE('',*,*,#5868,.F.);
#9722 = FACE_BOUND('',#9723,.T.);
#9723 = EDGE_LOOP('',(#9724,#9725,#9726,#9727,#9728,#9729));
#9724 = ORIENTED_EDGE('',*,*,#7108,.F.);
#9725 = ORIENTED_EDGE('',*,*,#7260,.F.);
#9726 = ORIENTED_EDGE('',*,*,#7231,.T.);
#9727 = ORIENTED_EDGE('',*,*,#7207,.F.);
#9728 = ORIENTED_EDGE('',*,*,#7172,.F.);
#9729 = ORIENTED_EDGE('',*,*,#7137,.F.);
#9730 = FACE_BOUND('',#9731,.T.);
#9731 = EDGE_LOOP('',(#9732,#9733,#9734,#9735,#9736,#9737));
#9732 = ORIENTED_EDGE('',*,*,#7301,.F.);
#9733 = ORIENTED_EDGE('',*,*,#7416,.T.);
#9734 = ORIENTED_EDGE('',*,*,#7398,.F.);
#9735 = ORIENTED_EDGE('',*,*,#7374,.T.);
#9736 = ORIENTED_EDGE('',*,*,#7349,.T.);
#9737 = ORIENTED_EDGE('',*,*,#7325,.F.);
#9738 = FACE_BOUND('',#9739,.T.);
#9739 = EDGE_LOOP('',(#9740,#9741,#9742,#9743,#9744,#9745,#9746,#9747));
#9740 = ORIENTED_EDGE('',*,*,#7757,.F.);
#9741 = ORIENTED_EDGE('',*,*,#7930,.T.);
#9742 = ORIENTED_EDGE('',*,*,#7911,.T.);
#9743 = ORIENTED_EDGE('',*,*,#7888,.F.);
#9744 = ORIENTED_EDGE('',*,*,#7863,.T.);
#9745 = ORIENTED_EDGE('',*,*,#7839,.F.);
#9746 = ORIENTED_EDGE('',*,*,#7814,.F.);
#9747 = ORIENTED_EDGE('',*,*,#7790,.F.);
#9748 = FACE_BOUND('',#9749,.T.);
#9749 = EDGE_LOOP('',(#9750,#9751,#9752,#9753,#9754,#9755,#9761,#9762));
#9750 = ORIENTED_EDGE('',*,*,#7953,.F.);
#9751 = ORIENTED_EDGE('',*,*,#8142,.T.);
#9752 = ORIENTED_EDGE('',*,*,#8123,.T.);
#9753 = ORIENTED_EDGE('',*,*,#8100,.F.);
#9754 = ORIENTED_EDGE('',*,*,#8067,.T.);
#9755 = ORIENTED_EDGE('',*,*,#9756,.F.);
#9756 = EDGE_CURVE('',#8010,#8068,#9757,.T.);
#9757 = LINE('',#9758,#9759);
#9758 = CARTESIAN_POINT('',(33.781526397374,-110.9721067397,70.));
#9759 = VECTOR('',#9760,1.);
#9760 = DIRECTION('',(0.,0.,1.));
#9761 = ORIENTED_EDGE('',*,*,#8017,.F.);
#9762 = ORIENTED_EDGE('',*,*,#7986,.F.);
#9763 = FACE_BOUND('',#9764,.T.);
#9764 = EDGE_LOOP('',(#9765,#9776,#9784,#9791,#9792,#9793,#9794,#9795,
    #9796,#9805));
#9765 = ORIENTED_EDGE('',*,*,#9766,.F.);
#9766 = EDGE_CURVE('',#9767,#9769,#9771,.T.);
#9767 = VERTEX_POINT('',#9768);
#9768 = CARTESIAN_POINT('',(-34.03373757636,-110.8950165994,128.44));
#9769 = VERTEX_POINT('',#9770);
#9770 = CARTESIAN_POINT('',(-31.68122549466,-111.5898738737,128.44));
#9771 = CIRCLE('',#9772,116.);
#9772 = AXIS2_PLACEMENT_3D('',#9773,#9774,#9775);
#9773 = CARTESIAN_POINT('',(0.,0.,128.44));
#9774 = DIRECTION('',(0.,0.,1.));
#9775 = DIRECTION('',(1.,0.,0.));
#9776 = ORIENTED_EDGE('',*,*,#9777,.T.);
#9777 = EDGE_CURVE('',#9767,#9778,#9780,.T.);
#9778 = VERTEX_POINT('',#9779);
#9779 = CARTESIAN_POINT('',(-34.03373757636,-110.8950165994,131.));
#9780 = LINE('',#9781,#9782);
#9781 = CARTESIAN_POINT('',(-34.03373757636,-110.8950165994,70.));
#9782 = VECTOR('',#9783,1.);
#9783 = DIRECTION('',(0.,0.,1.));
#9784 = ORIENTED_EDGE('',*,*,#9785,.T.);
#9785 = EDGE_CURVE('',#9778,#5179,#9786,.T.);
#9786 = CIRCLE('',#9787,116.);
#9787 = AXIS2_PLACEMENT_3D('',#9788,#9789,#9790);
#9788 = CARTESIAN_POINT('',(0.,0.,131.));
#9789 = DIRECTION('',(0.,0.,1.));
#9790 = DIRECTION('',(1.,0.,0.));
#9791 = ORIENTED_EDGE('',*,*,#5186,.F.);
#9792 = ORIENTED_EDGE('',*,*,#5138,.F.);
#9793 = ORIENTED_EDGE('',*,*,#5102,.F.);
#9794 = ORIENTED_EDGE('',*,*,#5083,.F.);
#9795 = ORIENTED_EDGE('',*,*,#5025,.F.);
#9796 = ORIENTED_EDGE('',*,*,#9797,.F.);
#9797 = EDGE_CURVE('',#9798,#5026,#9800,.T.);
#9798 = VERTEX_POINT('',#9799);
#9799 = CARTESIAN_POINT('',(-31.68122549466,-111.5898738737,
    128.9330719431));
#9800 = CIRCLE('',#9801,116.);
#9801 = AXIS2_PLACEMENT_3D('',#9802,#9803,#9804);
#9802 = CARTESIAN_POINT('',(0.,0.,128.9330719431));
#9803 = DIRECTION('',(0.,0.,1.));
#9804 = DIRECTION('',(1.,0.,0.));
#9805 = ORIENTED_EDGE('',*,*,#9806,.F.);
#9806 = EDGE_CURVE('',#9769,#9798,#9807,.T.);
#9807 = LINE('',#9808,#9809);
#9808 = CARTESIAN_POINT('',(-31.68122549466,-111.5898738737,70.));
#9809 = VECTOR('',#9810,1.);
#9810 = DIRECTION('',(0.,0.,1.));
#9811 = FACE_BOUND('',#9812,.T.);
#9812 = EDGE_LOOP('',(#9813,#9814,#9815,#9816,#9817,#9818));
#9813 = ORIENTED_EDGE('',*,*,#5280,.F.);
#9814 = ORIENTED_EDGE('',*,*,#5404,.T.);
#9815 = ORIENTED_EDGE('',*,*,#5386,.T.);
#9816 = ORIENTED_EDGE('',*,*,#5362,.F.);
#9817 = ORIENTED_EDGE('',*,*,#5337,.F.);
#9818 = ORIENTED_EDGE('',*,*,#5313,.F.);
#9819 = FACE_BOUND('',#9820,.T.);
#9820 = EDGE_LOOP('',(#9821,#9822,#9823,#9824,#9825,#9826,#9827,#9828,
    #9829,#9830));
#9821 = ORIENTED_EDGE('',*,*,#5933,.F.);
#9822 = ORIENTED_EDGE('',*,*,#6217,.T.);
#9823 = ORIENTED_EDGE('',*,*,#6199,.T.);
#9824 = ORIENTED_EDGE('',*,*,#6154,.F.);
#9825 = ORIENTED_EDGE('',*,*,#6113,.F.);
#9826 = ORIENTED_EDGE('',*,*,#6077,.F.);
#9827 = ORIENTED_EDGE('',*,*,#6057,.F.);
#9828 = ORIENTED_EDGE('',*,*,#6015,.F.);
#9829 = ORIENTED_EDGE('',*,*,#5990,.F.);
#9830 = ORIENTED_EDGE('',*,*,#5966,.F.);
#9831 = FACE_BOUND('',#9832,.T.);
#9832 = EDGE_LOOP('',(#9833,#9834,#9835,#9836,#9837,#9838,#9839,#9840));
#9833 = ORIENTED_EDGE('',*,*,#6249,.F.);
#9834 = ORIENTED_EDGE('',*,*,#6413,.T.);
#9835 = ORIENTED_EDGE('',*,*,#6395,.T.);
#9836 = ORIENTED_EDGE('',*,*,#6371,.T.);
#9837 = ORIENTED_EDGE('',*,*,#6346,.T.);
#9838 = ORIENTED_EDGE('',*,*,#6322,.F.);
#9839 = ORIENTED_EDGE('',*,*,#6297,.T.);
#9840 = ORIENTED_EDGE('',*,*,#6273,.F.);
#9841 = FACE_BOUND('',#9842,.T.);
#9842 = EDGE_LOOP('',(#9843,#9844,#9845,#9846,#9847,#9848,#9849,#9850,
    #9851));
#9843 = ORIENTED_EDGE('',*,*,#7442,.F.);
#9844 = ORIENTED_EDGE('',*,*,#7708,.F.);
#9845 = ORIENTED_EDGE('',*,*,#7678,.F.);
#9846 = ORIENTED_EDGE('',*,*,#7645,.F.);
#9847 = ORIENTED_EDGE('',*,*,#7620,.T.);
#9848 = ORIENTED_EDGE('',*,*,#7587,.F.);
#9849 = ORIENTED_EDGE('',*,*,#7550,.F.);
#9850 = ORIENTED_EDGE('',*,*,#7509,.F.);
#9851 = ORIENTED_EDGE('',*,*,#7473,.F.);
#9852 = FACE_BOUND('',#9853,.T.);
#9853 = EDGE_LOOP('',(#9854,#9855,#9856,#9857,#9858,#9859));
#9854 = ORIENTED_EDGE('',*,*,#8165,.F.);
#9855 = ORIENTED_EDGE('',*,*,#8289,.T.);
#9856 = ORIENTED_EDGE('',*,*,#8271,.T.);
#9857 = ORIENTED_EDGE('',*,*,#8247,.F.);
#9858 = ORIENTED_EDGE('',*,*,#8222,.F.);
#9859 = ORIENTED_EDGE('',*,*,#8198,.F.);
#9860 = FACE_BOUND('',#9861,.T.);
#9861 = EDGE_LOOP('',(#9862,#9863,#9864,#9865,#9871,#9872));
#9862 = ORIENTED_EDGE('',*,*,#8312,.F.);
#9863 = ORIENTED_EDGE('',*,*,#8452,.T.);
#9864 = ORIENTED_EDGE('',*,*,#8426,.T.);
#9865 = ORIENTED_EDGE('',*,*,#9866,.F.);
#9866 = EDGE_CURVE('',#8369,#8427,#9867,.T.);
#9867 = LINE('',#9868,#9869);
#9868 = CARTESIAN_POINT('',(34.033737576365,-110.8950165994,70.));
#9869 = VECTOR('',#9870,1.);
#9870 = DIRECTION('',(0.,0.,1.));
#9871 = ORIENTED_EDGE('',*,*,#8376,.F.);
#9872 = ORIENTED_EDGE('',*,*,#8345,.F.);
#9873 = CYLINDRICAL_SURFACE('',#9874,116.);
#9874 = AXIS2_PLACEMENT_3D('',#9875,#9876,#9877);
#9875 = CARTESIAN_POINT('',(0.,0.,70.));
#9876 = DIRECTION('',(0.,0.,1.));
#9877 = DIRECTION('',(1.,0.,0.));
#9878 = ADVANCED_FACE('',(#9879),#9890,.F.);
#9879 = FACE_BOUND('',#9880,.F.);
#9880 = EDGE_LOOP('',(#9881,#9882,#9883,#9884));
#9881 = ORIENTED_EDGE('',*,*,#4781,.F.);
#9882 = ORIENTED_EDGE('',*,*,#4548,.T.);
#9883 = ORIENTED_EDGE('',*,*,#9676,.F.);
#9884 = ORIENTED_EDGE('',*,*,#9885,.F.);
#9885 = EDGE_CURVE('',#4774,#9677,#9886,.T.);
#9886 = LINE('',#9887,#9888);
#9887 = CARTESIAN_POINT('',(-31.68122549466,-108.,123.26898878453));
#9888 = VECTOR('',#9889,1.);
#9889 = DIRECTION('',(0.,-1.,2.22044604925E-16));
#9890 = PLANE('',#9891);
#9891 = AXIS2_PLACEMENT_3D('',#9892,#9893,#9894);
#9892 = CARTESIAN_POINT('',(-30.20187836236,-108.,123.26898878453));
#9893 = DIRECTION('',(0.,-2.22044604925E-16,-1.));
#9894 = DIRECTION('',(-1.,0.,0.));
#9895 = ADVANCED_FACE('',(#9896),#9907,.F.);
#9896 = FACE_BOUND('',#9897,.F.);
#9897 = EDGE_LOOP('',(#9898,#9899,#9905,#9906));
#9898 = ORIENTED_EDGE('',*,*,#4790,.F.);
#9899 = ORIENTED_EDGE('',*,*,#9900,.T.);
#9900 = EDGE_CURVE('',#4791,#9656,#9901,.T.);
#9901 = LINE('',#9902,#9903);
#9902 = CARTESIAN_POINT('',(-31.68122549466,-108.,125.33591684143));
#9903 = VECTOR('',#9904,1.);
#9904 = DIRECTION('',(0.,-1.,2.22044604925E-16));
#9905 = ORIENTED_EDGE('',*,*,#9663,.T.);
#9906 = ORIENTED_EDGE('',*,*,#4714,.F.);
#9907 = PLANE('',#9908);
#9908 = AXIS2_PLACEMENT_3D('',#9909,#9910,#9911);
#9909 = CARTESIAN_POINT('',(-31.68122549466,-108.,125.33591684143));
#9910 = DIRECTION('',(0.,2.22044604925E-16,1.));
#9911 = DIRECTION('',(1.,0.,0.));
#9912 = ADVANCED_FACE('',(#9913),#9929,.F.);
#9913 = FACE_BOUND('',#9914,.F.);
#9914 = EDGE_LOOP('',(#9915,#9916,#9922,#9923));
#9915 = ORIENTED_EDGE('',*,*,#4755,.F.);
#9916 = ORIENTED_EDGE('',*,*,#9917,.F.);
#9917 = EDGE_CURVE('',#9628,#4756,#9918,.T.);
#9918 = LINE('',#9919,#9920);
#9919 = CARTESIAN_POINT('',(-34.03373757636,-107.,123.16));
#9920 = VECTOR('',#9921,1.);
#9921 = DIRECTION('',(0.,1.,-3.330669073875E-16));
#9922 = ORIENTED_EDGE('',*,*,#9638,.T.);
#9923 = ORIENTED_EDGE('',*,*,#9924,.T.);
#9924 = EDGE_CURVE('',#9639,#4758,#9925,.T.);
#9925 = LINE('',#9926,#9927);
#9926 = CARTESIAN_POINT('',(-34.03373757636,-107.,126.84));
#9927 = VECTOR('',#9928,1.);
#9928 = DIRECTION('',(0.,1.,-3.330669073875E-16));
#9929 = PLANE('',#9930);
#9930 = AXIS2_PLACEMENT_3D('',#9931,#9932,#9933);
#9931 = CARTESIAN_POINT('',(-34.03373757636,-108.,119.));
#9932 = DIRECTION('',(-1.,0.,0.));
#9933 = DIRECTION('',(0.,2.22044604925E-16,1.));
#9934 = ADVANCED_FACE('',(#9935),#9946,.F.);
#9935 = FACE_BOUND('',#9936,.F.);
#9936 = EDGE_LOOP('',(#9937,#9938,#9939,#9945));
#9937 = ORIENTED_EDGE('',*,*,#9924,.F.);
#9938 = ORIENTED_EDGE('',*,*,#9646,.T.);
#9939 = ORIENTED_EDGE('',*,*,#9940,.F.);
#9940 = EDGE_CURVE('',#4799,#9647,#9941,.T.);
#9941 = LINE('',#9942,#9943);
#9942 = CARTESIAN_POINT('',(-31.68122549466,-107.,126.84));
#9943 = VECTOR('',#9944,1.);
#9944 = DIRECTION('',(0.,-1.,3.330669073875E-16));
#9945 = ORIENTED_EDGE('',*,*,#4806,.T.);
#9946 = PLANE('',#9947);
#9947 = AXIS2_PLACEMENT_3D('',#9948,#9949,#9950);
#9948 = CARTESIAN_POINT('',(-36.03373757636,-106.,126.84));
#9949 = DIRECTION('',(0.,3.330669073875E-16,1.));
#9950 = DIRECTION('',(0.,-1.,3.330669073875E-16));
#9951 = ADVANCED_FACE('',(#9952),#9958,.F.);
#9952 = FACE_BOUND('',#9953,.F.);
#9953 = EDGE_LOOP('',(#9954,#9955,#9956,#9957));
#9954 = ORIENTED_EDGE('',*,*,#4798,.F.);
#9955 = ORIENTED_EDGE('',*,*,#9940,.T.);
#9956 = ORIENTED_EDGE('',*,*,#9655,.F.);
#9957 = ORIENTED_EDGE('',*,*,#9900,.F.);
#9958 = PLANE('',#9959);
#9959 = AXIS2_PLACEMENT_3D('',#9960,#9961,#9962);
#9960 = CARTESIAN_POINT('',(-31.68122549466,-108.,128.9330719431));
#9961 = DIRECTION('',(1.,0.,0.));
#9962 = DIRECTION('',(0.,-2.22044604925E-16,-1.));
#9963 = ADVANCED_FACE('',(#9964),#9975,.F.);
#9964 = FACE_BOUND('',#9965,.F.);
#9965 = EDGE_LOOP('',(#9966,#9967,#9968,#9969));
#9966 = ORIENTED_EDGE('',*,*,#4773,.F.);
#9967 = ORIENTED_EDGE('',*,*,#9885,.T.);
#9968 = ORIENTED_EDGE('',*,*,#9685,.F.);
#9969 = ORIENTED_EDGE('',*,*,#9970,.F.);
#9970 = EDGE_CURVE('',#4766,#9630,#9971,.T.);
#9971 = LINE('',#9972,#9973);
#9972 = CARTESIAN_POINT('',(-31.68122549466,-107.,123.16));
#9973 = VECTOR('',#9974,1.);
#9974 = DIRECTION('',(0.,-1.,3.330669073875E-16));
#9975 = PLANE('',#9976);
#9976 = AXIS2_PLACEMENT_3D('',#9977,#9978,#9979);
#9977 = CARTESIAN_POINT('',(-31.68122549466,-108.,123.26898878453));
#9978 = DIRECTION('',(1.,0.,0.));
#9979 = DIRECTION('',(0.,-2.22044604925E-16,-1.));
#9980 = ADVANCED_FACE('',(#9981),#9987,.T.);
#9981 = FACE_BOUND('',#9982,.T.);
#9982 = EDGE_LOOP('',(#9983,#9984,#9985,#9986));
#9983 = ORIENTED_EDGE('',*,*,#9917,.F.);
#9984 = ORIENTED_EDGE('',*,*,#9627,.T.);
#9985 = ORIENTED_EDGE('',*,*,#9970,.F.);
#9986 = ORIENTED_EDGE('',*,*,#4765,.T.);
#9987 = PLANE('',#9988);
#9988 = AXIS2_PLACEMENT_3D('',#9989,#9990,#9991);
#9989 = CARTESIAN_POINT('',(-36.03373757636,-106.,123.16));
#9990 = DIRECTION('',(0.,3.330669073875E-16,1.));
#9991 = DIRECTION('',(0.,-1.,3.330669073875E-16));
#9992 = ADVANCED_FACE('',(#9993),#10004,.F.);
#9993 = FACE_BOUND('',#9994,.F.);
#9994 = EDGE_LOOP('',(#9995,#9996,#9997,#9998));
#9995 = ORIENTED_EDGE('',*,*,#5249,.F.);
#9996 = ORIENTED_EDGE('',*,*,#5048,.T.);
#9997 = ORIENTED_EDGE('',*,*,#9797,.F.);
#9998 = ORIENTED_EDGE('',*,*,#9999,.F.);
#9999 = EDGE_CURVE('',#5242,#9798,#10000,.T.);
#10000 = LINE('',#10001,#10002);
#10001 = CARTESIAN_POINT('',(-31.68122549466,-108.,128.9330719431));
#10002 = VECTOR('',#10003,1.);
#10003 = DIRECTION('',(0.,-1.,2.22044604925E-16));
#10004 = PLANE('',#10005);
#10005 = AXIS2_PLACEMENT_3D('',#10006,#10007,#10008);
#10006 = CARTESIAN_POINT('',(-30.1345855749,-108.,128.9330719431));
#10007 = DIRECTION('',(0.,-2.22044604925E-16,-1.));
#10008 = DIRECTION('',(-1.,0.,0.));
#10009 = ADVANCED_FACE('',(#10010),#10021,.F.);
#10010 = FACE_BOUND('',#10011,.F.);
#10011 = EDGE_LOOP('',(#10012,#10013,#10019,#10020));
#10012 = ORIENTED_EDGE('',*,*,#5258,.F.);
#10013 = ORIENTED_EDGE('',*,*,#10014,.T.);
#10014 = EDGE_CURVE('',#5226,#9778,#10015,.T.);
#10015 = LINE('',#10016,#10017);
#10016 = CARTESIAN_POINT('',(-34.03373757636,-108.,131.));
#10017 = VECTOR('',#10018,1.);
#10018 = DIRECTION('',(0.,-1.,2.22044604925E-16));
#10019 = ORIENTED_EDGE('',*,*,#9785,.T.);
#10020 = ORIENTED_EDGE('',*,*,#5178,.F.);
#10021 = PLANE('',#10022);
#10022 = AXIS2_PLACEMENT_3D('',#10023,#10024,#10025);
#10023 = CARTESIAN_POINT('',(-34.03373757636,-108.,131.));
#10024 = DIRECTION('',(0.,2.22044604925E-16,1.));
#10025 = DIRECTION('',(1.,0.,0.));
#10026 = ADVANCED_FACE('',(#10027),#10038,.F.);
#10027 = FACE_BOUND('',#10028,.F.);
#10028 = EDGE_LOOP('',(#10029,#10030,#10036,#10037));
#10029 = ORIENTED_EDGE('',*,*,#5223,.F.);
#10030 = ORIENTED_EDGE('',*,*,#10031,.F.);
#10031 = EDGE_CURVE('',#9767,#5224,#10032,.T.);
#10032 = LINE('',#10033,#10034);
#10033 = CARTESIAN_POINT('',(-34.03373757636,-107.,128.44));
#10034 = VECTOR('',#10035,1.);
#10035 = DIRECTION('',(0.,1.,-3.330669073875E-16));
#10036 = ORIENTED_EDGE('',*,*,#9777,.T.);
#10037 = ORIENTED_EDGE('',*,*,#10014,.F.);
#10038 = PLANE('',#10039);
#10039 = AXIS2_PLACEMENT_3D('',#10040,#10041,#10042);
#10040 = CARTESIAN_POINT('',(-34.03373757636,-108.,119.));
#10041 = DIRECTION('',(-1.,0.,0.));
#10042 = DIRECTION('',(0.,2.22044604925E-16,1.));
#10043 = ADVANCED_FACE('',(#10044),#10055,.F.);
#10044 = FACE_BOUND('',#10045,.F.);
#10045 = EDGE_LOOP('',(#10046,#10047,#10048,#10049));
#10046 = ORIENTED_EDGE('',*,*,#5241,.F.);
#10047 = ORIENTED_EDGE('',*,*,#9999,.T.);
#10048 = ORIENTED_EDGE('',*,*,#9806,.F.);
#10049 = ORIENTED_EDGE('',*,*,#10050,.F.);
#10050 = EDGE_CURVE('',#5234,#9769,#10051,.T.);
#10051 = LINE('',#10052,#10053);
#10052 = CARTESIAN_POINT('',(-31.68122549466,-107.,128.44));
#10053 = VECTOR('',#10054,1.);
#10054 = DIRECTION('',(0.,-1.,3.330669073875E-16));
#10055 = PLANE('',#10056);
#10056 = AXIS2_PLACEMENT_3D('',#10057,#10058,#10059);
#10057 = CARTESIAN_POINT('',(-31.68122549466,-108.,128.9330719431));
#10058 = DIRECTION('',(1.,0.,0.));
#10059 = DIRECTION('',(0.,-2.22044604925E-16,-1.));
#10060 = ADVANCED_FACE('',(#10061),#10067,.T.);
#10061 = FACE_BOUND('',#10062,.T.);
#10062 = EDGE_LOOP('',(#10063,#10064,#10065,#10066));
#10063 = ORIENTED_EDGE('',*,*,#10031,.F.);
#10064 = ORIENTED_EDGE('',*,*,#9766,.T.);
#10065 = ORIENTED_EDGE('',*,*,#10050,.F.);
#10066 = ORIENTED_EDGE('',*,*,#5233,.T.);
#10067 = PLANE('',#10068);
#10068 = AXIS2_PLACEMENT_3D('',#10069,#10070,#10071);
#10069 = CARTESIAN_POINT('',(-36.03373757636,-106.,128.44));
#10070 = DIRECTION('',(0.,3.330669073875E-16,1.));
#10071 = DIRECTION('',(0.,-1.,3.330669073875E-16));
#10072 = ADVANCED_FACE('',(#10073),#10079,.F.);
#10073 = FACE_BOUND('',#10074,.F.);
#10074 = EDGE_LOOP('',(#10075,#10076,#10077,#10078));
#10075 = ORIENTED_EDGE('',*,*,#6976,.F.);
#10076 = ORIENTED_EDGE('',*,*,#7016,.T.);
#10077 = ORIENTED_EDGE('',*,*,#9619,.F.);
#10078 = ORIENTED_EDGE('',*,*,#6942,.F.);
#10079 = PLANE('',#10080);
#10080 = AXIS2_PLACEMENT_3D('',#10081,#10082,#10083);
#10081 = CARTESIAN_POINT('',(34.033737576365,-108.,121.10084799854));
#10082 = DIRECTION('',(1.,0.,0.));
#10083 = DIRECTION('',(0.,-2.22044604925E-16,-1.));
#10084 = ADVANCED_FACE('',(#10085),#10091,.F.);
#10085 = FACE_BOUND('',#10086,.F.);
#10086 = EDGE_LOOP('',(#10087,#10088,#10089,#10090));
#10087 = ORIENTED_EDGE('',*,*,#8036,.F.);
#10088 = ORIENTED_EDGE('',*,*,#8076,.T.);
#10089 = ORIENTED_EDGE('',*,*,#9756,.F.);
#10090 = ORIENTED_EDGE('',*,*,#8009,.F.);
#10091 = PLANE('',#10092);
#10092 = AXIS2_PLACEMENT_3D('',#10093,#10094,#10095);
#10093 = CARTESIAN_POINT('',(33.781526397374,-108.,126.27746876994));
#10094 = DIRECTION('',(1.,0.,0.));
#10095 = DIRECTION('',(0.,-2.22044604925E-16,-1.));
#10096 = ADVANCED_FACE('',(#10097),#10103,.F.);
#10097 = FACE_BOUND('',#10098,.F.);
#10098 = EDGE_LOOP('',(#10099,#10100,#10101,#10102));
#10099 = ORIENTED_EDGE('',*,*,#8403,.F.);
#10100 = ORIENTED_EDGE('',*,*,#8435,.T.);
#10101 = ORIENTED_EDGE('',*,*,#9866,.F.);
#10102 = ORIENTED_EDGE('',*,*,#8368,.F.);
#10103 = PLANE('',#10104);
#10104 = AXIS2_PLACEMENT_3D('',#10105,#10106,#10107);
#10105 = CARTESIAN_POINT('',(34.033737576365,-108.,131.));
#10106 = DIRECTION('',(1.,0.,0.));
#10107 = DIRECTION('',(0.,-2.22044604925E-16,-1.));
#10108 = ADVANCED_FACE('',(#10109),#10115,.T.);
#10109 = FACE_BOUND('',#10110,.T.);
#10110 = EDGE_LOOP('',(#10111,#10112,#10113,#10114));
#10111 = ORIENTED_EDGE('',*,*,#8510,.F.);
#10112 = ORIENTED_EDGE('',*,*,#8475,.T.);
#10113 = ORIENTED_EDGE('',*,*,#8534,.T.);
#10114 = ORIENTED_EDGE('',*,*,#8558,.F.);
#10115 = PLANE('',#10116);
#10116 = AXIS2_PLACEMENT_3D('',#10117,#10118,#10119);
#10117 = CARTESIAN_POINT('',(-61.87184335382,-67.17514421272,77.15));
#10118 = DIRECTION('',(0.707106781187,0.707106781187,0.));
#10119 = DIRECTION('',(0.,0.,1.));
#10120 = ADVANCED_FACE('',(#10121),#10140,.F.);
#10121 = FACE_BOUND('',#10122,.F.);
#10122 = EDGE_LOOP('',(#10123,#10132,#10138,#10139));
#10123 = ORIENTED_EDGE('',*,*,#10124,.T.);
#10124 = EDGE_CURVE('',#10125,#10125,#10127,.T.);
#10125 = VERTEX_POINT('',#10126);
#10126 = CARTESIAN_POINT('',(-59.62184335382,-61.87184335382,74.));
#10127 = CIRCLE('',#10128,2.25);
#10128 = AXIS2_PLACEMENT_3D('',#10129,#10130,#10131);
#10129 = CARTESIAN_POINT('',(-61.87184335382,-61.87184335382,74.));
#10130 = DIRECTION('',(0.,0.,1.));
#10131 = DIRECTION('',(1.,0.,0.));
#10132 = ORIENTED_EDGE('',*,*,#10133,.T.);
#10133 = EDGE_CURVE('',#10125,#8493,#10134,.T.);
#10134 = LINE('',#10135,#10136);
#10135 = CARTESIAN_POINT('',(-59.62184335382,-61.87184335382,69.99));
#10136 = VECTOR('',#10137,1.);
#10137 = DIRECTION('',(0.,0.,1.));
#10138 = ORIENTED_EDGE('',*,*,#8492,.F.);
#10139 = ORIENTED_EDGE('',*,*,#10133,.F.);
#10140 = CYLINDRICAL_SURFACE('',#10141,2.25);
#10141 = AXIS2_PLACEMENT_3D('',#10142,#10143,#10144);
#10142 = CARTESIAN_POINT('',(-61.87184335382,-61.87184335382,69.99));
#10143 = DIRECTION('',(0.,0.,1.));
#10144 = DIRECTION('',(1.,0.,0.));
#10145 = ADVANCED_FACE('',(#10146),#10164,.F.);
#10146 = FACE_BOUND('',#10147,.F.);
#10147 = EDGE_LOOP('',(#10148,#10157,#10162,#10163));
#10148 = ORIENTED_EDGE('',*,*,#10149,.F.);
#10149 = EDGE_CURVE('',#10150,#10150,#10152,.T.);
#10150 = VERTEX_POINT('',#10151);
#10151 = CARTESIAN_POINT('',(-59.62184335382,-61.87184335382,82.01));
#10152 = CIRCLE('',#10153,2.25);
#10153 = AXIS2_PLACEMENT_3D('',#10154,#10155,#10156);
#10154 = CARTESIAN_POINT('',(-61.87184335382,-61.87184335382,82.01));
#10155 = DIRECTION('',(0.,0.,1.));
#10156 = DIRECTION('',(1.,0.,0.));
#10157 = ORIENTED_EDGE('',*,*,#10158,.F.);
#10158 = EDGE_CURVE('',#8569,#10150,#10159,.T.);
#10159 = B_SPLINE_CURVE_WITH_KNOTS('',1,(#10160,#10161),.UNSPECIFIED.,
  .F.,.F.,(2,2),(10.86,12.02),.PIECEWISE_BEZIER_KNOTS.);
#10160 = CARTESIAN_POINT('',(-59.62184335382,-61.87184335382,80.85));
#10161 = CARTESIAN_POINT('',(-59.62184335382,-61.87184335382,82.01));
#10162 = ORIENTED_EDGE('',*,*,#8568,.T.);
#10163 = ORIENTED_EDGE('',*,*,#10158,.T.);
#10164 = CYLINDRICAL_SURFACE('',#10165,2.25);
#10165 = AXIS2_PLACEMENT_3D('',#10166,#10167,#10168);
#10166 = CARTESIAN_POINT('',(-61.87184335382,-61.87184335382,69.99));
#10167 = DIRECTION('',(0.,0.,1.));
#10168 = DIRECTION('',(1.,0.,0.));
#10169 = ADVANCED_FACE('',(#10170),#10176,.T.);
#10170 = FACE_BOUND('',#10171,.T.);
#10171 = EDGE_LOOP('',(#10172,#10173,#10174,#10175));
#10172 = ORIENTED_EDGE('',*,*,#8593,.F.);
#10173 = ORIENTED_EDGE('',*,*,#8659,.T.);
#10174 = ORIENTED_EDGE('',*,*,#8679,.T.);
#10175 = ORIENTED_EDGE('',*,*,#8624,.F.);
#10176 = PLANE('',#10177);
#10177 = AXIS2_PLACEMENT_3D('',#10178,#10179,#10180);
#10178 = CARTESIAN_POINT('',(-67.17514421272,-61.87184335382,150.85));
#10179 = DIRECTION('',(0.707106781187,0.707106781187,0.));
#10180 = DIRECTION('',(0.,0.,-1.));
#10181 = ADVANCED_FACE('',(#10182),#10200,.F.);
#10182 = FACE_BOUND('',#10183,.F.);
#10183 = EDGE_LOOP('',(#10184,#10193,#10198,#10199));
#10184 = ORIENTED_EDGE('',*,*,#10185,.F.);
#10185 = EDGE_CURVE('',#10186,#10186,#10188,.T.);
#10186 = VERTEX_POINT('',#10187);
#10187 = CARTESIAN_POINT('',(-64.12184335382,-61.87184335382,145.99));
#10188 = CIRCLE('',#10189,2.25);
#10189 = AXIS2_PLACEMENT_3D('',#10190,#10191,#10192);
#10190 = CARTESIAN_POINT('',(-61.87184335382,-61.87184335382,145.99));
#10191 = DIRECTION('',(0.,0.,-1.));
#10192 = DIRECTION('',(-1.,0.,0.));
#10193 = ORIENTED_EDGE('',*,*,#10194,.F.);
#10194 = EDGE_CURVE('',#8635,#10186,#10195,.T.);
#10195 = B_SPLINE_CURVE_WITH_KNOTS('',1,(#10196,#10197),.UNSPECIFIED.,
  .F.,.F.,(2,2),(10.86,12.02),.PIECEWISE_BEZIER_KNOTS.);
#10196 = CARTESIAN_POINT('',(-64.12184335382,-61.87184335382,147.15));
#10197 = CARTESIAN_POINT('',(-64.12184335382,-61.87184335382,145.99));
#10198 = ORIENTED_EDGE('',*,*,#8634,.T.);
#10199 = ORIENTED_EDGE('',*,*,#10194,.T.);
#10200 = CYLINDRICAL_SURFACE('',#10201,2.25);
#10201 = AXIS2_PLACEMENT_3D('',#10202,#10203,#10204);
#10202 = CARTESIAN_POINT('',(-61.87184335382,-61.87184335382,158.01));
#10203 = DIRECTION('',(0.,0.,-1.));
#10204 = DIRECTION('',(-1.,0.,0.));
#10205 = ADVANCED_FACE('',(#10206),#10212,.T.);
#10206 = FACE_BOUND('',#10207,.T.);
#10207 = EDGE_LOOP('',(#10208,#10209,#10210,#10211));
#10208 = ORIENTED_EDGE('',*,*,#8738,.F.);
#10209 = ORIENTED_EDGE('',*,*,#8703,.T.);
#10210 = ORIENTED_EDGE('',*,*,#8762,.T.);
#10211 = ORIENTED_EDGE('',*,*,#8786,.F.);
#10212 = PLANE('',#10213);
#10213 = AXIS2_PLACEMENT_3D('',#10214,#10215,#10216);
#10214 = CARTESIAN_POINT('',(-67.17514421272,61.871843353823,77.15));
#10215 = DIRECTION('',(0.707106781187,-0.707106781187,0.));
#10216 = DIRECTION('',(0.,0.,1.));
#10217 = ADVANCED_FACE('',(#10218),#10237,.F.);
#10218 = FACE_BOUND('',#10219,.F.);
#10219 = EDGE_LOOP('',(#10220,#10229,#10235,#10236));
#10220 = ORIENTED_EDGE('',*,*,#10221,.T.);
#10221 = EDGE_CURVE('',#10222,#10222,#10224,.T.);
#10222 = VERTEX_POINT('',#10223);
#10223 = CARTESIAN_POINT('',(-59.62184335382,61.871843353823,74.));
#10224 = CIRCLE('',#10225,2.25);
#10225 = AXIS2_PLACEMENT_3D('',#10226,#10227,#10228);
#10226 = CARTESIAN_POINT('',(-61.87184335382,61.871843353823,74.));
#10227 = DIRECTION('',(0.,0.,1.));
#10228 = DIRECTION('',(1.,0.,0.));
#10229 = ORIENTED_EDGE('',*,*,#10230,.T.);
#10230 = EDGE_CURVE('',#10222,#8721,#10231,.T.);
#10231 = LINE('',#10232,#10233);
#10232 = CARTESIAN_POINT('',(-59.62184335382,61.871843353823,69.99));
#10233 = VECTOR('',#10234,1.);
#10234 = DIRECTION('',(0.,0.,1.));
#10235 = ORIENTED_EDGE('',*,*,#8720,.F.);
#10236 = ORIENTED_EDGE('',*,*,#10230,.F.);
#10237 = CYLINDRICAL_SURFACE('',#10238,2.25);
#10238 = AXIS2_PLACEMENT_3D('',#10239,#10240,#10241);
#10239 = CARTESIAN_POINT('',(-61.87184335382,61.871843353823,69.99));
#10240 = DIRECTION('',(0.,0.,1.));
#10241 = DIRECTION('',(1.,0.,0.));
#10242 = ADVANCED_FACE('',(#10243),#10261,.F.);
#10243 = FACE_BOUND('',#10244,.F.);
#10244 = EDGE_LOOP('',(#10245,#10254,#10259,#10260));
#10245 = ORIENTED_EDGE('',*,*,#10246,.F.);
#10246 = EDGE_CURVE('',#10247,#10247,#10249,.T.);
#10247 = VERTEX_POINT('',#10248);
#10248 = CARTESIAN_POINT('',(-59.62184335382,61.871843353823,82.01));
#10249 = CIRCLE('',#10250,2.25);
#10250 = AXIS2_PLACEMENT_3D('',#10251,#10252,#10253);
#10251 = CARTESIAN_POINT('',(-61.87184335382,61.871843353823,82.01));
#10252 = DIRECTION('',(0.,0.,1.));
#10253 = DIRECTION('',(1.,0.,0.));
#10254 = ORIENTED_EDGE('',*,*,#10255,.F.);
#10255 = EDGE_CURVE('',#8797,#10247,#10256,.T.);
#10256 = B_SPLINE_CURVE_WITH_KNOTS('',1,(#10257,#10258),.UNSPECIFIED.,
  .F.,.F.,(2,2),(10.86,12.02),.PIECEWISE_BEZIER_KNOTS.);
#10257 = CARTESIAN_POINT('',(-59.62184335382,61.871843353823,80.85));
#10258 = CARTESIAN_POINT('',(-59.62184335382,61.871843353823,82.01));
#10259 = ORIENTED_EDGE('',*,*,#8796,.T.);
#10260 = ORIENTED_EDGE('',*,*,#10255,.T.);
#10261 = CYLINDRICAL_SURFACE('',#10262,2.25);
#10262 = AXIS2_PLACEMENT_3D('',#10263,#10264,#10265);
#10263 = CARTESIAN_POINT('',(-61.87184335382,61.871843353823,69.99));
#10264 = DIRECTION('',(0.,0.,1.));
#10265 = DIRECTION('',(1.,0.,0.));
#10266 = ADVANCED_FACE('',(#10267),#10273,.T.);
#10267 = FACE_BOUND('',#10268,.T.);
#10268 = EDGE_LOOP('',(#10269,#10270,#10271,#10272));
#10269 = ORIENTED_EDGE('',*,*,#8821,.F.);
#10270 = ORIENTED_EDGE('',*,*,#8887,.T.);
#10271 = ORIENTED_EDGE('',*,*,#8907,.T.);
#10272 = ORIENTED_EDGE('',*,*,#8852,.F.);
#10273 = PLANE('',#10274);
#10274 = AXIS2_PLACEMENT_3D('',#10275,#10276,#10277);
#10275 = CARTESIAN_POINT('',(-61.87184335382,67.175144212722,150.85));
#10276 = DIRECTION('',(0.707106781187,-0.707106781187,0.));
#10277 = DIRECTION('',(0.,0.,-1.));
#10278 = ADVANCED_FACE('',(#10279),#10297,.F.);
#10279 = FACE_BOUND('',#10280,.F.);
#10280 = EDGE_LOOP('',(#10281,#10290,#10295,#10296));
#10281 = ORIENTED_EDGE('',*,*,#10282,.F.);
#10282 = EDGE_CURVE('',#10283,#10283,#10285,.T.);
#10283 = VERTEX_POINT('',#10284);
#10284 = CARTESIAN_POINT('',(-64.12184335382,61.871843353823,145.99));
#10285 = CIRCLE('',#10286,2.25);
#10286 = AXIS2_PLACEMENT_3D('',#10287,#10288,#10289);
#10287 = CARTESIAN_POINT('',(-61.87184335382,61.871843353823,145.99));
#10288 = DIRECTION('',(0.,0.,-1.));
#10289 = DIRECTION('',(-1.,0.,0.));
#10290 = ORIENTED_EDGE('',*,*,#10291,.F.);
#10291 = EDGE_CURVE('',#8863,#10283,#10292,.T.);
#10292 = B_SPLINE_CURVE_WITH_KNOTS('',1,(#10293,#10294),.UNSPECIFIED.,
  .F.,.F.,(2,2),(10.86,12.02),.PIECEWISE_BEZIER_KNOTS.);
#10293 = CARTESIAN_POINT('',(-64.12184335382,61.871843353823,147.15));
#10294 = CARTESIAN_POINT('',(-64.12184335382,61.871843353823,145.99));
#10295 = ORIENTED_EDGE('',*,*,#8862,.T.);
#10296 = ORIENTED_EDGE('',*,*,#10291,.T.);
#10297 = CYLINDRICAL_SURFACE('',#10298,2.25);
#10298 = AXIS2_PLACEMENT_3D('',#10299,#10300,#10301);
#10299 = CARTESIAN_POINT('',(-61.87184335382,61.871843353823,158.01));
#10300 = DIRECTION('',(0.,0.,-1.));
#10301 = DIRECTION('',(-1.,0.,0.));
#10302 = ADVANCED_FACE('',(#10303),#10322,.T.);
#10303 = FACE_BOUND('',#10304,.T.);
#10304 = EDGE_LOOP('',(#10305,#10306,#10314,#10321));
#10305 = ORIENTED_EDGE('',*,*,#9346,.F.);
#10306 = ORIENTED_EDGE('',*,*,#10307,.F.);
#10307 = EDGE_CURVE('',#10308,#9347,#10310,.T.);
#10308 = VERTEX_POINT('',#10309);
#10309 = CARTESIAN_POINT('',(114.8,-2.811789050842E-14,148.));
#10310 = LINE('',#10311,#10312);
#10311 = CARTESIAN_POINT('',(114.8,-2.811789050842E-14,148.));
#10312 = VECTOR('',#10313,1.);
#10313 = DIRECTION('',(0.,0.,1.));
#10314 = ORIENTED_EDGE('',*,*,#10315,.T.);
#10315 = EDGE_CURVE('',#10308,#10308,#10316,.T.);
#10316 = CIRCLE('',#10317,114.8);
#10317 = AXIS2_PLACEMENT_3D('',#10318,#10319,#10320);
#10318 = CARTESIAN_POINT('',(0.,0.,148.));
#10319 = DIRECTION('',(0.,0.,1.));
#10320 = DIRECTION('',(1.,0.,0.));
#10321 = ORIENTED_EDGE('',*,*,#10307,.T.);
#10322 = CYLINDRICAL_SURFACE('',#10323,114.8);
#10323 = AXIS2_PLACEMENT_3D('',#10324,#10325,#10326);
#10324 = CARTESIAN_POINT('',(0.,0.,148.));
#10325 = DIRECTION('',(0.,0.,1.));
#10326 = DIRECTION('',(1.,0.,0.));
#10327 = ADVANCED_FACE('',(#10328),#10331,.T.);
#10328 = FACE_BOUND('',#10329,.T.);
#10329 = EDGE_LOOP('',(#10330));
#10330 = ORIENTED_EDGE('',*,*,#9393,.T.);
#10331 = PLANE('',#10332);
#10332 = AXIS2_PLACEMENT_3D('',#10333,#10334,#10335);
#10333 = CARTESIAN_POINT('',(0.,0.,74.));
#10334 = DIRECTION('',(0.,0.,1.));
#10335 = DIRECTION('',(1.,0.,0.));
#10336 = ADVANCED_FACE('',(#10337),#10340,.F.);
#10337 = FACE_BOUND('',#10338,.F.);
#10338 = EDGE_LOOP('',(#10339));
#10339 = ORIENTED_EDGE('',*,*,#9418,.T.);
#10340 = PLANE('',#10341);
#10341 = AXIS2_PLACEMENT_3D('',#10342,#10343,#10344);
#10342 = CARTESIAN_POINT('',(61.871843353823,61.871843353823,82.01));
#10343 = DIRECTION('',(0.,0.,1.));
#10344 = DIRECTION('',(1.,0.,0.));
#10345 = ADVANCED_FACE('',(#10346),#10349,.F.);
#10346 = FACE_BOUND('',#10347,.F.);
#10347 = EDGE_LOOP('',(#10348));
#10348 = ORIENTED_EDGE('',*,*,#9454,.T.);
#10349 = PLANE('',#10350);
#10350 = AXIS2_PLACEMENT_3D('',#10351,#10352,#10353);
#10351 = CARTESIAN_POINT('',(61.871843353823,61.871843353823,145.99));
#10352 = DIRECTION('',(0.,0.,-1.));
#10353 = DIRECTION('',(-1.,0.,0.));
#10354 = ADVANCED_FACE('',(#10355,#10358),#10361,.T.);
#10355 = FACE_BOUND('',#10356,.T.);
#10356 = EDGE_LOOP('',(#10357));
#10357 = ORIENTED_EDGE('',*,*,#9487,.T.);
#10358 = FACE_BOUND('',#10359,.T.);
#10359 = EDGE_LOOP('',(#10360));
#10360 = ORIENTED_EDGE('',*,*,#10315,.F.);
#10361 = PLANE('',#10362);
#10362 = AXIS2_PLACEMENT_3D('',#10363,#10364,#10365);
#10363 = CARTESIAN_POINT('',(0.,0.,148.));
#10364 = DIRECTION('',(0.,0.,1.));
#10365 = DIRECTION('',(1.,0.,0.));
#10366 = ADVANCED_FACE('',(#10367),#10392,.F.);
#10367 = FACE_BOUND('',#10368,.F.);
#10368 = EDGE_LOOP('',(#10369,#10379,#10385,#10386));
#10369 = ORIENTED_EDGE('',*,*,#10370,.F.);
#10370 = EDGE_CURVE('',#10371,#10373,#10375,.T.);
#10371 = VERTEX_POINT('',#10372);
#10372 = CARTESIAN_POINT('',(-31.68122549466,-108.,119.));
#10373 = VERTEX_POINT('',#10374);
#10374 = CARTESIAN_POINT('',(-34.03373757636,-108.,119.));
#10375 = LINE('',#10376,#10377);
#10376 = CARTESIAN_POINT('',(-31.68122549466,-108.,119.));
#10377 = VECTOR('',#10378,1.);
#10378 = DIRECTION('',(-1.,0.,0.));
#10379 = ORIENTED_EDGE('',*,*,#10380,.T.);
#10380 = EDGE_CURVE('',#10371,#9530,#10381,.T.);
#10381 = LINE('',#10382,#10383);
#10382 = CARTESIAN_POINT('',(-31.68122549466,-108.,119.));
#10383 = VECTOR('',#10384,1.);
#10384 = DIRECTION('',(0.,-1.,2.22044604925E-16));
#10385 = ORIENTED_EDGE('',*,*,#9527,.F.);
#10386 = ORIENTED_EDGE('',*,*,#10387,.F.);
#10387 = EDGE_CURVE('',#10373,#9528,#10388,.T.);
#10388 = LINE('',#10389,#10390);
#10389 = CARTESIAN_POINT('',(-34.03373757636,-108.,119.));
#10390 = VECTOR('',#10391,1.);
#10391 = DIRECTION('',(0.,-1.,2.22044604925E-16));
#10392 = PLANE('',#10393);
#10393 = AXIS2_PLACEMENT_3D('',#10394,#10395,#10396);
#10394 = CARTESIAN_POINT('',(-31.68122549466,-108.,119.));
#10395 = DIRECTION('',(0.,-2.22044604925E-16,-1.));
#10396 = DIRECTION('',(-1.,0.,0.));
#10397 = ADVANCED_FACE('',(#10398),#10416,.F.);
#10398 = FACE_BOUND('',#10399,.F.);
#10399 = EDGE_LOOP('',(#10400,#10408,#10414,#10415));
#10400 = ORIENTED_EDGE('',*,*,#10401,.F.);
#10401 = EDGE_CURVE('',#10402,#10371,#10404,.T.);
#10402 = VERTEX_POINT('',#10403);
#10403 = CARTESIAN_POINT('',(-31.68122549466,-108.,121.56));
#10404 = LINE('',#10405,#10406);
#10405 = CARTESIAN_POINT('',(-31.68122549466,-108.,123.26898878453));
#10406 = VECTOR('',#10407,1.);
#10407 = DIRECTION('',(0.,-2.22044604925E-16,-1.));
#10408 = ORIENTED_EDGE('',*,*,#10409,.T.);
#10409 = EDGE_CURVE('',#10402,#9547,#10410,.T.);
#10410 = LINE('',#10411,#10412);
#10411 = CARTESIAN_POINT('',(-31.68122549466,-107.,121.56));
#10412 = VECTOR('',#10413,1.);
#10413 = DIRECTION('',(0.,-1.,3.330669073875E-16));
#10414 = ORIENTED_EDGE('',*,*,#9555,.F.);
#10415 = ORIENTED_EDGE('',*,*,#10380,.F.);
#10416 = PLANE('',#10417);
#10417 = AXIS2_PLACEMENT_3D('',#10418,#10419,#10420);
#10418 = CARTESIAN_POINT('',(-31.68122549466,-108.,123.26898878453));
#10419 = DIRECTION('',(1.,0.,0.));
#10420 = DIRECTION('',(0.,-2.22044604925E-16,-1.));
#10421 = ADVANCED_FACE('',(#10422),#10440,.F.);
#10422 = FACE_BOUND('',#10423,.F.);
#10423 = EDGE_LOOP('',(#10424,#10432,#10433,#10434));
#10424 = ORIENTED_EDGE('',*,*,#10425,.F.);
#10425 = EDGE_CURVE('',#9539,#10426,#10428,.T.);
#10426 = VERTEX_POINT('',#10427);
#10427 = CARTESIAN_POINT('',(-34.03373757636,-108.,121.56));
#10428 = LINE('',#10429,#10430);
#10429 = CARTESIAN_POINT('',(-34.03373757636,-107.,121.56));
#10430 = VECTOR('',#10431,1.);
#10431 = DIRECTION('',(0.,1.,-3.330669073875E-16));
#10432 = ORIENTED_EDGE('',*,*,#9546,.T.);
#10433 = ORIENTED_EDGE('',*,*,#10409,.F.);
#10434 = ORIENTED_EDGE('',*,*,#10435,.T.);
#10435 = EDGE_CURVE('',#10402,#10426,#10436,.T.);
#10436 = LINE('',#10437,#10438);
#10437 = CARTESIAN_POINT('',(-33.44317742857,-108.,121.56));
#10438 = VECTOR('',#10439,1.);
#10439 = DIRECTION('',(-1.,0.,0.));
#10440 = PLANE('',#10441);
#10441 = AXIS2_PLACEMENT_3D('',#10442,#10443,#10444);
#10442 = CARTESIAN_POINT('',(-36.03373757636,-106.,121.56));
#10443 = DIRECTION('',(0.,3.330669073875E-16,1.));
#10444 = DIRECTION('',(0.,-1.,3.330669073875E-16));
#10445 = ADVANCED_FACE('',(#10446),#10457,.F.);
#10446 = FACE_BOUND('',#10447,.F.);
#10447 = EDGE_LOOP('',(#10448,#10454,#10455,#10456));
#10448 = ORIENTED_EDGE('',*,*,#10449,.F.);
#10449 = EDGE_CURVE('',#10373,#10426,#10450,.T.);
#10450 = LINE('',#10451,#10452);
#10451 = CARTESIAN_POINT('',(-34.03373757636,-108.,119.));
#10452 = VECTOR('',#10453,1.);
#10453 = DIRECTION('',(0.,2.22044604925E-16,1.));
#10454 = ORIENTED_EDGE('',*,*,#10387,.T.);
#10455 = ORIENTED_EDGE('',*,*,#9538,.T.);
#10456 = ORIENTED_EDGE('',*,*,#10425,.T.);
#10457 = PLANE('',#10458);
#10458 = AXIS2_PLACEMENT_3D('',#10459,#10460,#10461);
#10459 = CARTESIAN_POINT('',(-34.03373757636,-108.,119.));
#10460 = DIRECTION('',(-1.,0.,0.));
#10461 = DIRECTION('',(0.,2.22044604925E-16,1.));
#10462 = ADVANCED_FACE('',(#10463),#10466,.T.);
#10463 = FACE_BOUND('',#10464,.T.);
#10464 = EDGE_LOOP('',(#10465));
#10465 = ORIENTED_EDGE('',*,*,#10124,.T.);
#10466 = PLANE('',#10467);
#10467 = AXIS2_PLACEMENT_3D('',#10468,#10469,#10470);
#10468 = CARTESIAN_POINT('',(0.,0.,74.));
#10469 = DIRECTION('',(0.,0.,1.));
#10470 = DIRECTION('',(1.,0.,0.));
#10471 = ADVANCED_FACE('',(#10472),#10475,.F.);
#10472 = FACE_BOUND('',#10473,.F.);
#10473 = EDGE_LOOP('',(#10474));
#10474 = ORIENTED_EDGE('',*,*,#10149,.T.);
#10475 = PLANE('',#10476);
#10476 = AXIS2_PLACEMENT_3D('',#10477,#10478,#10479);
#10477 = CARTESIAN_POINT('',(-61.87184335382,-61.87184335382,82.01));
#10478 = DIRECTION('',(0.,0.,1.));
#10479 = DIRECTION('',(1.,0.,0.));
#10480 = ADVANCED_FACE('',(#10481),#10484,.F.);
#10481 = FACE_BOUND('',#10482,.F.);
#10482 = EDGE_LOOP('',(#10483));
#10483 = ORIENTED_EDGE('',*,*,#10185,.T.);
#10484 = PLANE('',#10485);
#10485 = AXIS2_PLACEMENT_3D('',#10486,#10487,#10488);
#10486 = CARTESIAN_POINT('',(-61.87184335382,-61.87184335382,145.99));
#10487 = DIRECTION('',(0.,0.,-1.));
#10488 = DIRECTION('',(-1.,0.,0.));
#10489 = ADVANCED_FACE('',(#10490),#10493,.T.);
#10490 = FACE_BOUND('',#10491,.T.);
#10491 = EDGE_LOOP('',(#10492));
#10492 = ORIENTED_EDGE('',*,*,#10221,.T.);
#10493 = PLANE('',#10494);
#10494 = AXIS2_PLACEMENT_3D('',#10495,#10496,#10497);
#10495 = CARTESIAN_POINT('',(0.,0.,74.));
#10496 = DIRECTION('',(0.,0.,1.));
#10497 = DIRECTION('',(1.,0.,0.));
#10498 = ADVANCED_FACE('',(#10499),#10502,.F.);
#10499 = FACE_BOUND('',#10500,.F.);
#10500 = EDGE_LOOP('',(#10501));
#10501 = ORIENTED_EDGE('',*,*,#10246,.T.);
#10502 = PLANE('',#10503);
#10503 = AXIS2_PLACEMENT_3D('',#10504,#10505,#10506);
#10504 = CARTESIAN_POINT('',(-61.87184335382,61.871843353823,82.01));
#10505 = DIRECTION('',(0.,0.,1.));
#10506 = DIRECTION('',(1.,0.,0.));
#10507 = ADVANCED_FACE('',(#10508),#10511,.F.);
#10508 = FACE_BOUND('',#10509,.F.);
#10509 = EDGE_LOOP('',(#10510));
#10510 = ORIENTED_EDGE('',*,*,#10282,.T.);
#10511 = PLANE('',#10512);
#10512 = AXIS2_PLACEMENT_3D('',#10513,#10514,#10515);
#10513 = CARTESIAN_POINT('',(-61.87184335382,61.871843353823,145.99));
#10514 = DIRECTION('',(0.,0.,-1.));
#10515 = DIRECTION('',(-1.,0.,0.));
#10516 = ADVANCED_FACE('',(#10517),#10523,.T.);
#10517 = FACE_BOUND('',#10518,.T.);
#10518 = EDGE_LOOP('',(#10519,#10520,#10521,#10522));
#10519 = ORIENTED_EDGE('',*,*,#10449,.F.);
#10520 = ORIENTED_EDGE('',*,*,#10370,.F.);
#10521 = ORIENTED_EDGE('',*,*,#10401,.F.);
#10522 = ORIENTED_EDGE('',*,*,#10435,.T.);
#10523 = PLANE('',#10524);
#10524 = AXIS2_PLACEMENT_3D('',#10525,#10526,#10527);
#10525 = CARTESIAN_POINT('',(-30.85261728077,-108.,125.90372291114));
#10526 = DIRECTION('',(0.,-1.,2.22044604925E-16));
#10527 = DIRECTION('',(1.,0.,0.));
#10528 = ( GEOMETRIC_REPRESENTATION_CONTEXT(3) 
GLOBAL_UNCERTAINTY_ASSIGNED_CONTEXT((#10532)) 
GLOBAL_UNIT_ASSIGNED_CONTEXT((#10529,#10530,#10531)) 
REPRESENTATION_CONTEXT('Context #1',
  '3D Context with UNIT and UNCERTAINTY') );
#10529 = ( LENGTH_UNIT() NAMED_UNIT(*) SI_UNIT(.MILLI.,.METRE.) );
#10530 = ( NAMED_UNIT(*) PLANE_ANGLE_UNIT() SI_UNIT($,.RADIAN.) );
#10531 = ( NAMED_UNIT(*) SI_UNIT($,.STERADIAN.) SOLID_ANGLE_UNIT() );
#10532 = UNCERTAINTY_MEASURE_WITH_UNIT(LENGTH_MEASURE(1.E-06),#10529,
  'distance_accuracy_value','confusion accuracy');
#10533 = PRODUCT_RELATED_PRODUCT_CATEGORY('part',$,(#7));
ENDSEC;
END-ISO-10303-21;
