ISO-10303-21;
HEADER;
FILE_DESCRIPTION(('FreeCAD Model'),'2;1');
FILE_NAME('Open CASCADE Shape Model','2026-09-19T23:10:23',('FreeCAD'),(
    'FreeCAD'),'Open CASCADE STEP processor 7.9','FreeCAD','Unknown');
FILE_SCHEMA(('AUTOMOTIVE_DESIGN { 1 0 10303 214 1 1 1 1 }'));
ENDSEC;
DATA;
#1 = APPLICATION_PROTOCOL_DEFINITION('international standard',
  'automotive_design',2000,#2);
#2 = APPLICATION_CONTEXT(
  'core data for automotive mechanical design processes');
#3 = SHAPE_DEFINITION_REPRESENTATION(#4,#10);
#4 = PRODUCT_DEFINITION_SHAPE('','',#5);
#5 = PRODUCT_DEFINITION('design','',#6,#9);
#6 = PRODUCT_DEFINITION_FORMATION('','',#7);
#7 = PRODUCT('Open CASCADE STEP translator 7.9 27',
  'Open CASCADE STEP translator 7.9 27','',(#8));
#8 = PRODUCT_CONTEXT('',#2,'mechanical');
#9 = PRODUCT_DEFINITION_CONTEXT('part definition',#2,'design');
#10 = ADVANCED_BREP_SHAPE_REPRESENTATION('',(#11,#15),#5928);
#11 = AXIS2_PLACEMENT_3D('',#12,#13,#14);
#12 = CARTESIAN_POINT('',(0.,0.,0.));
#13 = DIRECTION('',(0.,0.,1.));
#14 = DIRECTION('',(1.,0.,-0.));
#15 = MANIFOLD_SOLID_BREP('',#16);
#16 = CLOSED_SHELL('',(#17,#57,#90,#129,#1551,#2984,#3001,#3018,#3039,
    #3056,#3073,#3090,#3107,#3124,#3145,#3162,#3183,#3200,#3217,#3234,
    #3251,#3268,#3289,#3306,#3327,#3344,#3361,#3378,#3395,#3412,#3433,
    #3450,#3471,#3488,#3505,#3522,#3539,#3556,#3577,#3594,#3615,#3632,
    #3649,#3666,#3683,#3700,#3721,#3738,#3759,#3776,#3793,#3810,#3827,
    #3844,#3865,#3882,#3903,#3920,#3937,#3954,#3971,#3988,#4009,#4026,
    #4047,#4064,#4081,#4098,#4115,#4132,#4153,#4170,#4191,#4208,#4225,
    #4242,#4259,#4276,#4297,#4314,#4335,#4352,#4369,#4386,#4403,#4420,
    #4441,#4458,#4479,#4496,#4513,#4530,#4547,#4564,#4585,#4602,#4623,
    #4640,#4657,#4674,#4691,#4708,#4729,#4746,#4767,#4784,#4801,#4818,
    #4835,#4852,#4873,#4890,#4911,#4928,#4945,#4962,#4979,#4996,#5017,
    #5034,#5055,#5072,#5089,#5106,#5123,#5140,#5161,#5178,#5199,#5216,
    #5233,#5250,#5267,#5284,#5305,#5322,#5343,#5360,#5377,#5394,#5411,
    #5428,#5449,#5466,#5487,#5504,#5521,#5538,#5555,#5572,#5593,#5610,
    #5631,#5648,#5665,#5682,#5699,#5716,#5737,#5754,#5775,#5792,#5804,
    #5829,#5849,#5874,#5894,#5919));
#17 = ADVANCED_FACE('',(#18),#52,.F.);
#18 = FACE_BOUND('',#19,.F.);
#19 = EDGE_LOOP('',(#20,#30,#38,#46));
#20 = ORIENTED_EDGE('',*,*,#21,.T.);
#21 = EDGE_CURVE('',#22,#24,#26,.T.);
#22 = VERTEX_POINT('',#23);
#23 = CARTESIAN_POINT('',(18.118022151178,61.188620320987,17.));
#24 = VERTEX_POINT('',#25);
#25 = CARTESIAN_POINT('',(18.118022151178,61.188620320987,29.));
#26 = LINE('',#27,#28);
#27 = CARTESIAN_POINT('',(18.118022151178,61.188620320987,17.));
#28 = VECTOR('',#29,1.);
#29 = DIRECTION('',(0.,0.,1.));
#30 = ORIENTED_EDGE('',*,*,#31,.T.);
#31 = EDGE_CURVE('',#24,#32,#34,.T.);
#32 = VERTEX_POINT('',#33);
#33 = CARTESIAN_POINT('',(18.787039061049,61.233859167124,29.));
#34 = LINE('',#35,#36);
#35 = CARTESIAN_POINT('',(18.118022151178,61.188620320987,29.));
#36 = VECTOR('',#37,1.);
#37 = DIRECTION('',(0.997721586092,6.74658183596E-02,0.));
#38 = ORIENTED_EDGE('',*,*,#39,.F.);
#39 = EDGE_CURVE('',#40,#32,#42,.T.);
#40 = VERTEX_POINT('',#41);
#41 = CARTESIAN_POINT('',(18.787039061049,61.233859167124,17.));
#42 = LINE('',#43,#44);
#43 = CARTESIAN_POINT('',(18.787039061049,61.233859167124,17.));
#44 = VECTOR('',#45,1.);
#45 = DIRECTION('',(0.,0.,1.));
#46 = ORIENTED_EDGE('',*,*,#47,.F.);
#47 = EDGE_CURVE('',#22,#40,#48,.T.);
#48 = LINE('',#49,#50);
#49 = CARTESIAN_POINT('',(18.118022151178,61.188620320987,17.));
#50 = VECTOR('',#51,1.);
#51 = DIRECTION('',(0.997721586092,6.74658183596E-02,0.));
#52 = PLANE('',#53);
#53 = AXIS2_PLACEMENT_3D('',#54,#55,#56);
#54 = CARTESIAN_POINT('',(18.118022151178,61.188620320987,17.));
#55 = DIRECTION('',(-6.74658183596E-02,0.997721586092,0.));
#56 = DIRECTION('',(0.997721586092,6.74658183596E-02,0.));
#57 = ADVANCED_FACE('',(#58),#85,.F.);
#58 = FACE_BOUND('',#59,.F.);
#59 = EDGE_LOOP('',(#60,#70,#77,#78));
#60 = ORIENTED_EDGE('',*,*,#61,.T.);
#61 = EDGE_CURVE('',#62,#64,#66,.T.);
#62 = VERTEX_POINT('',#63);
#63 = CARTESIAN_POINT('',(17.392093184777,60.41188081164,17.));
#64 = VERTEX_POINT('',#65);
#65 = CARTESIAN_POINT('',(17.392093184777,60.41188081164,29.));
#66 = LINE('',#67,#68);
#67 = CARTESIAN_POINT('',(17.392093184777,60.41188081164,17.));
#68 = VECTOR('',#69,1.);
#69 = DIRECTION('',(0.,0.,1.));
#70 = ORIENTED_EDGE('',*,*,#71,.T.);
#71 = EDGE_CURVE('',#64,#24,#72,.T.);
#72 = CIRCLE('',#73,0.76);
#73 = AXIS2_PLACEMENT_3D('',#74,#75,#76);
#74 = CARTESIAN_POINT('',(18.151891802373,60.429375402184,29.));
#75 = DIRECTION('',(-0.,0.,-1.));
#76 = DIRECTION('',(-0.999735023153,-2.301919808505E-02,0.));
#77 = ORIENTED_EDGE('',*,*,#21,.F.);
#78 = ORIENTED_EDGE('',*,*,#79,.F.);
#79 = EDGE_CURVE('',#62,#22,#80,.T.);
#80 = CIRCLE('',#81,0.76);
#81 = AXIS2_PLACEMENT_3D('',#82,#83,#84);
#82 = CARTESIAN_POINT('',(18.151891802373,60.429375402184,17.));
#83 = DIRECTION('',(-0.,0.,-1.));
#84 = DIRECTION('',(-0.999735023153,-2.301919808505E-02,0.));
#85 = CYLINDRICAL_SURFACE('',#86,0.76);
#86 = AXIS2_PLACEMENT_3D('',#87,#88,#89);
#87 = CARTESIAN_POINT('',(18.151891802373,60.429375402184,17.));
#88 = DIRECTION('',(0.,0.,-1.));
#89 = DIRECTION('',(-0.999735023153,-2.301919808505E-02,0.));
#90 = ADVANCED_FACE('',(#91),#120,.F.);
#91 = FACE_BOUND('',#92,.F.);
#92 = EDGE_LOOP('',(#93,#94,#104,#112));
#93 = ORIENTED_EDGE('',*,*,#39,.T.);
#94 = ORIENTED_EDGE('',*,*,#95,.T.);
#95 = EDGE_CURVE('',#32,#96,#98,.T.);
#96 = VERTEX_POINT('',#97);
#97 = CARTESIAN_POINT('',(21.727043710818,62.72165155253,29.));
#98 = B_SPLINE_CURVE_WITH_KNOTS('',4,(#99,#100,#101,#102,#103),
  .UNSPECIFIED.,.F.,.F.,(5,5),(0.,1.),.PIECEWISE_BEZIER_KNOTS.);
#99 = CARTESIAN_POINT('',(18.787039061049,61.233859167124,29.));
#100 = CARTESIAN_POINT('',(18.936717992142,61.254906536719,29.));
#101 = CARTESIAN_POINT('',(19.532667346722,61.359492447373,29.));
#102 = CARTESIAN_POINT('',(20.538372650312,61.78017660993,29.));
#103 = CARTESIAN_POINT('',(21.727043710818,62.72165155253,29.));
#104 = ORIENTED_EDGE('',*,*,#105,.F.);
#105 = EDGE_CURVE('',#106,#96,#108,.T.);
#106 = VERTEX_POINT('',#107);
#107 = CARTESIAN_POINT('',(21.727043710818,62.72165155253,17.));
#108 = LINE('',#109,#110);
#109 = CARTESIAN_POINT('',(21.727043710818,62.72165155253,17.));
#110 = VECTOR('',#111,1.);
#111 = DIRECTION('',(0.,0.,1.));
#112 = ORIENTED_EDGE('',*,*,#113,.F.);
#113 = EDGE_CURVE('',#40,#106,#114,.T.);
#114 = B_SPLINE_CURVE_WITH_KNOTS('',4,(#115,#116,#117,#118,#119),
  .UNSPECIFIED.,.F.,.F.,(5,5),(0.,1.),.PIECEWISE_BEZIER_KNOTS.);
#115 = CARTESIAN_POINT('',(18.787039061049,61.233859167124,17.));
#116 = CARTESIAN_POINT('',(18.936717992142,61.254906536719,17.));
#117 = CARTESIAN_POINT('',(19.532667346722,61.359492447373,17.));
#118 = CARTESIAN_POINT('',(20.538372650312,61.78017660993,17.));
#119 = CARTESIAN_POINT('',(21.727043710818,62.72165155253,17.));
#120 = SURFACE_OF_LINEAR_EXTRUSION('',#121,#127);
#121 = B_SPLINE_CURVE_WITH_KNOTS('',4,(#122,#123,#124,#125,#126),
  .UNSPECIFIED.,.F.,.F.,(5,5),(0.,1.),.PIECEWISE_BEZIER_KNOTS.);
#122 = CARTESIAN_POINT('',(18.787039061049,61.233859167124,17.));
#123 = CARTESIAN_POINT('',(18.936717992142,61.254906536719,17.));
#124 = CARTESIAN_POINT('',(19.532667346722,61.359492447373,17.));
#125 = CARTESIAN_POINT('',(20.538372650312,61.78017660993,17.));
#126 = CARTESIAN_POINT('',(21.727043710818,62.72165155253,17.));
#127 = VECTOR('',#128,1.);
#128 = DIRECTION('',(0.,-0.,-1.));
#129 = ADVANCED_FACE('',(#130),#1546,.F.);
#130 = FACE_BOUND('',#131,.F.);
#131 = EDGE_LOOP('',(#132,#133,#134,#143,#153,#161,#170,#179,#188,#196,
    #206,#215,#225,#233,#242,#251,#260,#268,#278,#287,#297,#305,#314,
    #323,#332,#340,#350,#359,#369,#377,#386,#395,#404,#412,#422,#431,
    #441,#449,#458,#467,#476,#484,#494,#503,#513,#521,#530,#539,#548,
    #556,#566,#575,#585,#593,#602,#611,#620,#628,#638,#647,#657,#665,
    #674,#683,#692,#700,#710,#719,#729,#737,#746,#755,#764,#772,#782,
    #791,#801,#809,#818,#827,#836,#844,#854,#863,#873,#881,#890,#899,
    #908,#916,#926,#935,#945,#953,#962,#971,#980,#988,#998,#1007,#1017,
    #1025,#1034,#1043,#1052,#1060,#1070,#1079,#1089,#1097,#1106,#1115,
    #1124,#1132,#1142,#1151,#1161,#1169,#1178,#1187,#1196,#1204,#1214,
    #1223,#1233,#1241,#1250,#1259,#1268,#1276,#1286,#1295,#1305,#1313,
    #1322,#1331,#1340,#1348,#1358,#1367,#1377,#1385,#1394,#1403,#1412,
    #1420,#1430,#1439,#1449,#1457,#1466,#1475,#1484,#1492,#1502,#1511,
    #1521,#1529,#1538,#1545));
#132 = ORIENTED_EDGE('',*,*,#47,.T.);
#133 = ORIENTED_EDGE('',*,*,#113,.T.);
#134 = ORIENTED_EDGE('',*,*,#135,.T.);
#135 = EDGE_CURVE('',#106,#136,#138,.T.);
#136 = VERTEX_POINT('',#137);
#137 = CARTESIAN_POINT('',(21.504479720486,64.127302929648,17.));
#138 = CIRCLE('',#139,21.896969596775);
#139 = AXIS2_PLACEMENT_3D('',#140,#141,#142);
#140 = CARTESIAN_POINT('',(-3.618057442067E-04,60.001885562423,17.));
#141 = DIRECTION('',(0.,-0.,1.));
#142 = DIRECTION('',(0.992256276401,0.124207415007,0.));
#143 = ORIENTED_EDGE('',*,*,#144,.T.);
#144 = EDGE_CURVE('',#136,#145,#147,.T.);
#145 = VERTEX_POINT('',#146);
#146 = CARTESIAN_POINT('',(18.248819372209,64.632044542766,17.));
#147 = B_SPLINE_CURVE_WITH_KNOTS('',4,(#148,#149,#150,#151,#152),
  .UNSPECIFIED.,.F.,.F.,(5,5),(0.,1.),.PIECEWISE_BEZIER_KNOTS.);
#148 = CARTESIAN_POINT('',(21.504479720486,64.127302929648,17.));
#149 = CARTESIAN_POINT('',(20.083257968635,64.653657620722,17.));
#150 = CARTESIAN_POINT('',(18.996776830688,64.742972004681,17.));
#151 = CARTESIAN_POINT('',(18.397676489869,64.65828063817,17.));
#152 = CARTESIAN_POINT('',(18.248819372209,64.632044542766,17.));
#153 = ORIENTED_EDGE('',*,*,#154,.T.);
#154 = EDGE_CURVE('',#145,#155,#157,.T.);
#155 = VERTEX_POINT('',#156);
#156 = CARTESIAN_POINT('',(17.598566908302,64.4683316475,17.));
#157 = LINE('',#158,#159);
#158 = CARTESIAN_POINT('',(18.248819372209,64.632044542766,17.));
#159 = VECTOR('',#160,1.);
#160 = DIRECTION('',(-0.969737700313,-0.244149119579,0.));
#161 = ORIENTED_EDGE('',*,*,#162,.T.);
#162 = EDGE_CURVE('',#155,#163,#165,.T.);
#163 = VERTEX_POINT('',#164);
#164 = CARTESIAN_POINT('',(16.668141725848,64.982730432002,17.));
#165 = CIRCLE('',#166,0.76);
#166 = AXIS2_PLACEMENT_3D('',#167,#168,#169);
#167 = CARTESIAN_POINT('',(17.396159277973,65.200882772805,17.));
#168 = DIRECTION('',(0.,0.,-1.));
#169 = DIRECTION('',(0.26632582938,-0.963883059611,0.));
#170 = ORIENTED_EDGE('',*,*,#171,.T.);
#171 = EDGE_CURVE('',#163,#172,#174,.T.);
#172 = VERTEX_POINT('',#173);
#173 = CARTESIAN_POINT('',(16.413585384941,65.766174291695,17.));
#174 = CIRCLE('',#175,17.39696959679);
#175 = AXIS2_PLACEMENT_3D('',#176,#177,#178);
#176 = CARTESIAN_POINT('',(-1.862571161502E-11,59.999999999994,17.));
#177 = DIRECTION('',(0.,-0.,1.));
#178 = DIRECTION('',(0.958106044454,0.286413700058,0.));
#179 = ORIENTED_EDGE('',*,*,#180,.T.);
#180 = EDGE_CURVE('',#172,#181,#183,.T.);
#181 = VERTEX_POINT('',#182);
#182 = CARTESIAN_POINT('',(16.863959150214,66.729221850851,17.));
#183 = CIRCLE('',#184,0.76);
#184 = AXIS2_PLACEMENT_3D('',#185,#186,#187);
#185 = CARTESIAN_POINT('',(17.13079068549,66.017603321173,17.));
#186 = DIRECTION('',(0.,0.,-1.));
#187 = DIRECTION('',(-0.943691184933,-0.330827670365,-0.));
#188 = ORIENTED_EDGE('',*,*,#189,.T.);
#189 = EDGE_CURVE('',#181,#190,#192,.T.);
#190 = VERTEX_POINT('',#191);
#191 = CARTESIAN_POINT('',(17.486252469596,66.978984144934,17.));
#192 = LINE('',#193,#194);
#193 = CARTESIAN_POINT('',(16.863959150214,66.729221850851,17.));
#194 = VECTOR('',#195,1.);
#195 = DIRECTION('',(0.928041531488,0.372476731935,0.));
#196 = ORIENTED_EDGE('',*,*,#197,.T.);
#197 = EDGE_CURVE('',#190,#198,#200,.T.);
#198 = VERTEX_POINT('',#199);
#199 = CARTESIAN_POINT('',(19.822609918505,69.302470188289,17.));
#200 = B_SPLINE_CURVE_WITH_KNOTS('',4,(#201,#202,#203,#204,#205),
  .UNSPECIFIED.,.F.,.F.,(5,5),(0.,1.),.PIECEWISE_BEZIER_KNOTS.);
#201 = CARTESIAN_POINT('',(17.486252469596,66.978984144934,17.));
#202 = CARTESIAN_POINT('',(17.622101597472,67.045254716346,17.));
#203 = CARTESIAN_POINT('',(18.156564290763,67.328880306538,17.));
#204 = CARTESIAN_POINT('',(18.983048317721,68.039754750783,17.));
#205 = CARTESIAN_POINT('',(19.822609918505,69.302470188289,17.));
#206 = ORIENTED_EDGE('',*,*,#207,.T.);
#207 = EDGE_CURVE('',#198,#208,#210,.T.);
#208 = VERTEX_POINT('',#209);
#209 = CARTESIAN_POINT('',(19.176568821511,70.570548034787,17.));
#210 = CIRCLE('',#211,21.896969596769);
#211 = AXIS2_PLACEMENT_3D('',#212,#213,#214);
#212 = CARTESIAN_POINT('',(-9.267685375517E-04,60.001681472308,17.));
#213 = DIRECTION('',(0.,-0.,1.));
#214 = DIRECTION('',(0.905309595441,0.424752323598,0.));
#215 = ORIENTED_EDGE('',*,*,#216,.T.);
#216 = EDGE_CURVE('',#208,#217,#219,.T.);
#217 = VERTEX_POINT('',#218);
#218 = CARTESIAN_POINT('',(15.924278096216,70.044531459459,17.));
#219 = B_SPLINE_CURVE_WITH_KNOTS('',4,(#220,#221,#222,#223,#224),
  .UNSPECIFIED.,.F.,.F.,(5,5),(0.,1.),.PIECEWISE_BEZIER_KNOTS.);
#220 = CARTESIAN_POINT('',(19.176568821511,70.570548034787,17.));
#221 = CARTESIAN_POINT('',(17.662254068702,70.631959419518,17.));
#222 = CARTESIAN_POINT('',(16.60134944014,70.381161310689,17.));
#223 = CARTESIAN_POINT('',(16.057742228618,70.115482848045,17.));
#224 = CARTESIAN_POINT('',(15.924278096216,70.044531459459,17.));
#225 = ORIENTED_EDGE('',*,*,#226,.T.);
#226 = EDGE_CURVE('',#217,#227,#229,.T.);
#227 = VERTEX_POINT('',#228);
#228 = CARTESIAN_POINT('',(15.356441320016,69.687892181633,17.));
#229 = LINE('',#230,#231);
#230 = CARTESIAN_POINT('',(15.924278096216,70.044531459459,17.));
#231 = VECTOR('',#232,1.);
#232 = DIRECTION('',(-0.846829131868,-0.531865040606,0.));
#233 = ORIENTED_EDGE('',*,*,#234,.T.);
#234 = EDGE_CURVE('',#227,#235,#237,.T.);
#235 = VERTEX_POINT('',#236);
#236 = CARTESIAN_POINT('',(14.312596421021,69.889597304235,17.));
#237 = CIRCLE('',#238,0.76);
#238 = AXIS2_PLACEMENT_3D('',#239,#240,#241);
#239 = CARTESIAN_POINT('',(14.937569477276,70.32204230531,17.));
#240 = DIRECTION('',(0.,-0.,-1.));
#241 = DIRECTION('',(0.5511471615,-0.83440805747,0.));
#242 = ORIENTED_EDGE('',*,*,#243,.T.);
#243 = EDGE_CURVE('',#235,#244,#246,.T.);
#244 = VERTEX_POINT('',#245);
#245 = CARTESIAN_POINT('',(13.828401487453,70.556034456782,17.));
#246 = CIRCLE('',#247,17.396969596788);
#247 = AXIS2_PLACEMENT_3D('',#248,#249,#250);
#248 = CARTESIAN_POINT('',(-1.414462432823E-11,59.99999999999,17.));
#249 = DIRECTION('',(0.,-0.,1.));
#250 = DIRECTION('',(0.82270629614,0.568466665946,0.));
#251 = ORIENTED_EDGE('',*,*,#252,.T.);
#252 = EDGE_CURVE('',#244,#253,#255,.T.);
#253 = VERTEX_POINT('',#254);
#254 = CARTESIAN_POINT('',(13.959134329514,71.611120260709,17.));
#255 = CIRCLE('',#256,0.76);
#256 = AXIS2_PLACEMENT_3D('',#257,#258,#259);
#257 = CARTESIAN_POINT('',(14.432808419074,71.016786299977,17.));
#258 = DIRECTION('',(0.,0.,-1.));
#259 = DIRECTION('',(-0.795272278449,-0.606252425258,-0.));
#260 = ORIENTED_EDGE('',*,*,#261,.T.);
#261 = EDGE_CURVE('',#253,#262,#264,.T.);
#262 = VERTEX_POINT('',#263);
#263 = CARTESIAN_POINT('',(14.473789652533,72.040957529196,17.));
#264 = LINE('',#265,#266);
#265 = CARTESIAN_POINT('',(13.959134329514,71.611120260709,17.));
#266 = VECTOR('',#267,1.);
#267 = DIRECTION('',(0.767518305737,0.641027027791,0.));
#268 = ORIENTED_EDGE('',*,*,#269,.T.);
#269 = EDGE_CURVE('',#262,#270,#272,.T.);
#270 = VERTEX_POINT('',#271);
#271 = CARTESIAN_POINT('',(15.977800955123,74.972698227897,17.));
#272 = B_SPLINE_CURVE_WITH_KNOTS('',4,(#273,#274,#275,#276,#277),
  .UNSPECIFIED.,.F.,.F.,(5,5),(0.,1.),.PIECEWISE_BEZIER_KNOTS.);
#273 = CARTESIAN_POINT('',(14.473789652533,72.040957529196,17.));
#274 = CARTESIAN_POINT('',(14.58251111804,72.145964277161,17.));
#275 = CARTESIAN_POINT('',(15.003170217802,72.580866297987,17.));
#276 = CARTESIAN_POINT('',(15.569530953115,73.512345680363,17.));
#277 = CARTESIAN_POINT('',(15.977800955123,74.972698227897,17.));
#278 = ORIENTED_EDGE('',*,*,#279,.T.);
#279 = EDGE_CURVE('',#270,#280,#282,.T.);
#280 = VERTEX_POINT('',#281);
#281 = CARTESIAN_POINT('',(14.971521755274,75.979074248943,17.));
#282 = CIRCLE('',#283,21.896969596773);
#283 = AXIS2_PLACEMENT_3D('',#284,#285,#286);
#284 = CARTESIAN_POINT('',(-1.401012778889E-03,60.001312787965,17.));
#285 = DIRECTION('',(0.,-0.,1.));
#286 = DIRECTION('',(0.729744903617,0.683719515331,0.));
#287 = ORIENTED_EDGE('',*,*,#288,.T.);
#288 = EDGE_CURVE('',#280,#289,#291,.T.);
#289 = VERTEX_POINT('',#290);
#290 = CARTESIAN_POINT('',(12.040957529196,74.473789652533,17.));
#291 = B_SPLINE_CURVE_WITH_KNOTS('',4,(#292,#293,#294,#295,#296),
  .UNSPECIFIED.,.F.,.F.,(5,5),(0.,1.),.PIECEWISE_BEZIER_KNOTS.);
#292 = CARTESIAN_POINT('',(14.971521755274,75.979074248943,17.));
#293 = CARTESIAN_POINT('',(13.512345680363,75.569530953115,17.));
#294 = CARTESIAN_POINT('',(12.580866297987,75.003170217802,17.));
#295 = CARTESIAN_POINT('',(12.145964277161,74.58251111804,17.));
#296 = CARTESIAN_POINT('',(12.040957529196,74.473789652533,17.));
#297 = ORIENTED_EDGE('',*,*,#298,.T.);
#298 = EDGE_CURVE('',#289,#299,#301,.T.);
#299 = VERTEX_POINT('',#300);
#300 = CARTESIAN_POINT('',(11.611120260709,73.959134329514,17.));
#301 = LINE('',#302,#303);
#302 = CARTESIAN_POINT('',(12.040957529196,74.473789652533,17.));
#303 = VECTOR('',#304,1.);
#304 = DIRECTION('',(-0.641027027791,-0.767518305737,0.));
#305 = ORIENTED_EDGE('',*,*,#306,.T.);
#306 = EDGE_CURVE('',#299,#307,#309,.T.);
#307 = VERTEX_POINT('',#308);
#308 = CARTESIAN_POINT('',(10.556034456782,73.828401487453,17.));
#309 = CIRCLE('',#310,0.76);
#310 = AXIS2_PLACEMENT_3D('',#311,#312,#313);
#311 = CARTESIAN_POINT('',(11.016786299977,74.432808419074,17.));
#312 = DIRECTION('',(0.,-0.,-1.));
#313 = DIRECTION('',(0.782018369384,-0.623255381001,0.));
#314 = ORIENTED_EDGE('',*,*,#315,.T.);
#315 = EDGE_CURVE('',#307,#316,#318,.T.);
#316 = VERTEX_POINT('',#317);
#317 = CARTESIAN_POINT('',(9.889597304235,74.312596421021,17.));
#318 = CIRCLE('',#319,17.396969596769);
#319 = AXIS2_PLACEMENT_3D('',#320,#321,#322);
#320 = CARTESIAN_POINT('',(7.456139091368E-13,60.000000000001,17.));
#321 = DIRECTION('',(0.,-0.,1.));
#322 = DIRECTION('',(0.606774323428,0.794874153831,0.));
#323 = ORIENTED_EDGE('',*,*,#324,.T.);
#324 = EDGE_CURVE('',#316,#325,#327,.T.);
#325 = VERTEX_POINT('',#326);
#326 = CARTESIAN_POINT('',(9.687892181633,75.356441320016,17.));
#327 = CIRCLE('',#328,0.76);
#328 = AXIS2_PLACEMENT_3D('',#329,#330,#331);
#329 = CARTESIAN_POINT('',(10.32204230531,74.937569477276,17.));
#330 = DIRECTION('',(0.,0.,-1.));
#331 = DIRECTION('',(-0.569006580362,-0.822332968757,-0.));
#332 = ORIENTED_EDGE('',*,*,#333,.T.);
#333 = EDGE_CURVE('',#325,#334,#336,.T.);
#334 = VERTEX_POINT('',#335);
#335 = CARTESIAN_POINT('',(10.044531459459,75.924278096216,17.));
#336 = LINE('',#337,#338);
#337 = CARTESIAN_POINT('',(9.687892181633,75.356441320016,17.));
#338 = VECTOR('',#339,1.);
#339 = DIRECTION('',(0.531865040606,0.846829131868,0.));
#340 = ORIENTED_EDGE('',*,*,#341,.T.);
#341 = EDGE_CURVE('',#334,#342,#344,.T.);
#342 = VERTEX_POINT('',#343);
#343 = CARTESIAN_POINT('',(10.568973510369,79.177294244035,17.));
#344 = B_SPLINE_CURVE_WITH_KNOTS('',4,(#345,#346,#347,#348,#349),
  .UNSPECIFIED.,.F.,.F.,(5,5),(0.,1.),.PIECEWISE_BEZIER_KNOTS.);
#345 = CARTESIAN_POINT('',(10.044531459459,75.924278096216,17.));
#346 = CARTESIAN_POINT('',(10.115482848045,76.057742228618,17.));
#347 = CARTESIAN_POINT('',(10.381161310689,76.60134944014,17.));
#348 = CARTESIAN_POINT('',(10.631959419518,77.662254068702,17.));
#349 = CARTESIAN_POINT('',(10.568973510369,79.177294244035,17.));
#350 = ORIENTED_EDGE('',*,*,#351,.T.);
#351 = EDGE_CURVE('',#342,#352,#354,.T.);
#352 = VERTEX_POINT('',#353);
#353 = CARTESIAN_POINT('',(9.300957826906,79.823457342855,17.));
#354 = CIRCLE('',#355,21.896969596778);
#355 = AXIS2_PLACEMENT_3D('',#356,#357,#358);
#356 = CARTESIAN_POINT('',(-1.738116125688E-03,60.000815598786,17.));
#357 = DIRECTION('',(0.,-0.,1.));
#358 = DIRECTION('',(0.482747696195,0.87575947715,0.));
#359 = ORIENTED_EDGE('',*,*,#360,.T.);
#360 = EDGE_CURVE('',#352,#361,#363,.T.);
#361 = VERTEX_POINT('',#362);
#362 = CARTESIAN_POINT('',(6.978984144934,77.486252469596,17.));
#363 = B_SPLINE_CURVE_WITH_KNOTS('',4,(#364,#365,#366,#367,#368),
  .UNSPECIFIED.,.F.,.F.,(5,5),(0.,1.),.PIECEWISE_BEZIER_KNOTS.);
#364 = CARTESIAN_POINT('',(9.300957826906,79.823457342855,17.));
#365 = CARTESIAN_POINT('',(8.039754750783,78.983048317721,17.));
#366 = CARTESIAN_POINT('',(7.328880306538,78.156564290763,17.));
#367 = CARTESIAN_POINT('',(7.045254716346,77.622101597472,17.));
#368 = CARTESIAN_POINT('',(6.978984144934,77.486252469596,17.));
#369 = ORIENTED_EDGE('',*,*,#370,.T.);
#370 = EDGE_CURVE('',#361,#371,#373,.T.);
#371 = VERTEX_POINT('',#372);
#372 = CARTESIAN_POINT('',(6.729221850851,76.863959150214,17.));
#373 = LINE('',#374,#375);
#374 = CARTESIAN_POINT('',(6.978984144934,77.486252469596,17.));
#375 = VECTOR('',#376,1.);
#376 = DIRECTION('',(-0.372476731935,-0.928041531488,0.));
#377 = ORIENTED_EDGE('',*,*,#378,.T.);
#378 = EDGE_CURVE('',#371,#379,#381,.T.);
#379 = VERTEX_POINT('',#380);
#380 = CARTESIAN_POINT('',(5.766174291695,76.413585384941,17.));
#381 = CIRCLE('',#382,0.76);
#382 = AXIS2_PLACEMENT_3D('',#383,#384,#385);
#383 = CARTESIAN_POINT('',(6.017603321173,77.13079068549,17.));
#384 = DIRECTION('',(0.,-0.,-1.));
#385 = DIRECTION('',(0.93634017063,-0.351094125364,0.));
#386 = ORIENTED_EDGE('',*,*,#387,.T.);
#387 = EDGE_CURVE('',#379,#388,#390,.T.);
#388 = VERTEX_POINT('',#389);
#389 = CARTESIAN_POINT('',(4.982730432002,76.668141725848,17.));
#390 = CIRCLE('',#391,17.396969596774);
#391 = AXIS2_PLACEMENT_3D('',#392,#393,#394);
#392 = CARTESIAN_POINT('',(-1.162842877117E-12,59.999999999996,17.));
#393 = DIRECTION('',(0.,-0.,1.));
#394 = DIRECTION('',(0.331447052294,0.943473821325,0.));
#395 = ORIENTED_EDGE('',*,*,#396,.T.);
#396 = EDGE_CURVE('',#388,#397,#399,.T.);
#397 = VERTEX_POINT('',#398);
#398 = CARTESIAN_POINT('',(4.4683316475,77.598566908302,17.));
#399 = CIRCLE('',#400,0.76);
#400 = AXIS2_PLACEMENT_3D('',#401,#402,#403);
#401 = CARTESIAN_POINT('',(5.200882772805,77.396159277973,17.));
#402 = DIRECTION('',(0.,0.,-1.));
#403 = DIRECTION('',(-0.287042553688,-0.957917831744,-0.));
#404 = ORIENTED_EDGE('',*,*,#405,.T.);
#405 = EDGE_CURVE('',#397,#406,#408,.T.);
#406 = VERTEX_POINT('',#407);
#407 = CARTESIAN_POINT('',(4.632044542766,78.248819372209,17.));
#408 = LINE('',#409,#410);
#409 = CARTESIAN_POINT('',(4.4683316475,77.598566908302,17.));
#410 = VECTOR('',#411,1.);
#411 = DIRECTION('',(0.244149119579,0.969737700313,0.));
#412 = ORIENTED_EDGE('',*,*,#413,.T.);
#413 = EDGE_CURVE('',#406,#414,#416,.T.);
#414 = VERTEX_POINT('',#415);
#415 = CARTESIAN_POINT('',(4.125581300052,81.504683083502,17.));
#416 = B_SPLINE_CURVE_WITH_KNOTS('',4,(#417,#418,#419,#420,#421),
  .UNSPECIFIED.,.F.,.F.,(5,5),(0.,1.),.PIECEWISE_BEZIER_KNOTS.);
#417 = CARTESIAN_POINT('',(4.632044542766,78.248819372209,17.));
#418 = CARTESIAN_POINT('',(4.65828063817,78.397676489869,17.));
#419 = CARTESIAN_POINT('',(4.742972004681,78.996776830688,17.));
#420 = CARTESIAN_POINT('',(4.653657620722,80.083257968635,17.));
#421 = CARTESIAN_POINT('',(4.125581300052,81.504683083502,17.));
#422 = ORIENTED_EDGE('',*,*,#423,.T.);
#423 = EDGE_CURVE('',#414,#424,#426,.T.);
#424 = VERTEX_POINT('',#425);
#425 = CARTESIAN_POINT('',(2.719951342856,81.7273823139,17.));
#426 = CIRCLE('',#427,21.896969596768);
#427 = AXIS2_PLACEMENT_3D('',#428,#429,#430);
#428 = CARTESIAN_POINT('',(-1.90508055153E-03,60.000238573129,17.));
#429 = DIRECTION('',(0.,-0.,1.));
#430 = DIRECTION('',(0.188495780768,0.982073999571,0.));
#431 = ORIENTED_EDGE('',*,*,#432,.T.);
#432 = EDGE_CURVE('',#424,#433,#435,.T.);
#433 = VERTEX_POINT('',#434);
#434 = CARTESIAN_POINT('',(1.233859167124,78.787039061049,17.));
#435 = B_SPLINE_CURVE_WITH_KNOTS('',4,(#436,#437,#438,#439,#440),
  .UNSPECIFIED.,.F.,.F.,(5,5),(0.,1.),.PIECEWISE_BEZIER_KNOTS.);
#436 = CARTESIAN_POINT('',(2.719951342856,81.7273823139,17.));
#437 = CARTESIAN_POINT('',(1.78017660993,80.538372650312,17.));
#438 = CARTESIAN_POINT('',(1.359492447373,79.532667346722,17.));
#439 = CARTESIAN_POINT('',(1.254906536719,78.936717992142,17.));
#440 = CARTESIAN_POINT('',(1.233859167124,78.787039061049,17.));
#441 = ORIENTED_EDGE('',*,*,#442,.T.);
#442 = EDGE_CURVE('',#433,#443,#445,.T.);
#443 = VERTEX_POINT('',#444);
#444 = CARTESIAN_POINT('',(1.188620320987,78.118022151178,17.));
#445 = LINE('',#446,#447);
#446 = CARTESIAN_POINT('',(1.233859167124,78.787039061049,17.));
#447 = VECTOR('',#448,1.);
#448 = DIRECTION('',(-6.74658183596E-02,-0.997721586092,0.));
#449 = ORIENTED_EDGE('',*,*,#450,.T.);
#450 = EDGE_CURVE('',#443,#451,#453,.T.);
#451 = VERTEX_POINT('',#452);
#452 = CARTESIAN_POINT('',(0.41188081164,77.392093184777,17.));
#453 = CIRCLE('',#454,0.76);
#454 = AXIS2_PLACEMENT_3D('',#455,#456,#457);
#455 = CARTESIAN_POINT('',(0.429375402184,78.151891802373,17.));
#456 = DIRECTION('',(0.,0.,-1.));
#457 = DIRECTION('',(0.999006472109,-4.456533051997E-02,0.));
#458 = ORIENTED_EDGE('',*,*,#459,.T.);
#459 = EDGE_CURVE('',#451,#460,#462,.T.);
#460 = VERTEX_POINT('',#461);
#461 = CARTESIAN_POINT('',(-0.41188081164,77.392093184777,17.));
#462 = CIRCLE('',#463,17.396969596783);
#463 = AXIS2_PLACEMENT_3D('',#464,#465,#466);
#464 = CARTESIAN_POINT('',(-1.786082565104E-14,59.999999999987,17.));
#465 = DIRECTION('',(0.,-0.,1.));
#466 = DIRECTION('',(2.367543435356E-02,0.999719697619,0.));
#467 = ORIENTED_EDGE('',*,*,#468,.T.);
#468 = EDGE_CURVE('',#460,#469,#471,.T.);
#469 = VERTEX_POINT('',#470);
#470 = CARTESIAN_POINT('',(-1.188620320987,78.118022151178,17.));
#471 = CIRCLE('',#472,0.76);
#472 = AXIS2_PLACEMENT_3D('',#473,#474,#475);
#473 = CARTESIAN_POINT('',(-0.429375402184,78.151891802373,17.));
#474 = DIRECTION('',(-0.,0.,-1.));
#475 = DIRECTION('',(2.301919808505E-02,-0.999735023153,-0.));
#476 = ORIENTED_EDGE('',*,*,#477,.T.);
#477 = EDGE_CURVE('',#469,#478,#480,.T.);
#478 = VERTEX_POINT('',#479);
#479 = CARTESIAN_POINT('',(-1.233859167124,78.787039061049,17.));
#480 = LINE('',#481,#482);
#481 = CARTESIAN_POINT('',(-1.188620320987,78.118022151178,17.));
#482 = VECTOR('',#483,1.);
#483 = DIRECTION('',(-6.74658183596E-02,0.997721586092,0.));
#484 = ORIENTED_EDGE('',*,*,#485,.T.);
#485 = EDGE_CURVE('',#478,#486,#488,.T.);
#486 = VERTEX_POINT('',#487);
#487 = CARTESIAN_POINT('',(-2.72165155253,81.727043710818,17.));
#488 = B_SPLINE_CURVE_WITH_KNOTS('',4,(#489,#490,#491,#492,#493),
  .UNSPECIFIED.,.F.,.F.,(5,5),(0.,1.),.PIECEWISE_BEZIER_KNOTS.);
#489 = CARTESIAN_POINT('',(-1.233859167124,78.787039061049,17.));
#490 = CARTESIAN_POINT('',(-1.254906536719,78.936717992142,17.));
#491 = CARTESIAN_POINT('',(-1.359492447373,79.532667346722,17.));
#492 = CARTESIAN_POINT('',(-1.78017660993,80.538372650312,17.));
#493 = CARTESIAN_POINT('',(-2.72165155253,81.727043710818,17.));
#494 = ORIENTED_EDGE('',*,*,#495,.T.);
#495 = EDGE_CURVE('',#486,#496,#498,.T.);
#496 = VERTEX_POINT('',#497);
#497 = CARTESIAN_POINT('',(-4.127302929648,81.504479720486,17.));
#498 = CIRCLE('',#499,21.896969596775);
#499 = AXIS2_PLACEMENT_3D('',#500,#501,#502);
#500 = CARTESIAN_POINT('',(-1.88556242273E-03,59.999638194256,17.));
#501 = DIRECTION('',(0.,0.,1.));
#502 = DIRECTION('',(-0.124207415007,0.992256276401,0.));
#503 = ORIENTED_EDGE('',*,*,#504,.T.);
#504 = EDGE_CURVE('',#496,#505,#507,.T.);
#505 = VERTEX_POINT('',#506);
#506 = CARTESIAN_POINT('',(-4.632044542766,78.248819372209,17.));
#507 = B_SPLINE_CURVE_WITH_KNOTS('',4,(#508,#509,#510,#511,#512),
  .UNSPECIFIED.,.F.,.F.,(5,5),(0.,1.),.PIECEWISE_BEZIER_KNOTS.);
#508 = CARTESIAN_POINT('',(-4.127302929648,81.504479720486,17.));
#509 = CARTESIAN_POINT('',(-4.653657620722,80.083257968635,17.));
#510 = CARTESIAN_POINT('',(-4.742972004681,78.996776830688,17.));
#511 = CARTESIAN_POINT('',(-4.65828063817,78.397676489869,17.));
#512 = CARTESIAN_POINT('',(-4.632044542766,78.248819372209,17.));
#513 = ORIENTED_EDGE('',*,*,#514,.T.);
#514 = EDGE_CURVE('',#505,#515,#517,.T.);
#515 = VERTEX_POINT('',#516);
#516 = CARTESIAN_POINT('',(-4.4683316475,77.598566908302,17.));
#517 = LINE('',#518,#519);
#518 = CARTESIAN_POINT('',(-4.632044542766,78.248819372209,17.));
#519 = VECTOR('',#520,1.);
#520 = DIRECTION('',(0.244149119579,-0.969737700313,0.));
#521 = ORIENTED_EDGE('',*,*,#522,.T.);
#522 = EDGE_CURVE('',#515,#523,#525,.T.);
#523 = VERTEX_POINT('',#524);
#524 = CARTESIAN_POINT('',(-4.982730432002,76.668141725848,17.));
#525 = CIRCLE('',#526,0.76);
#526 = AXIS2_PLACEMENT_3D('',#527,#528,#529);
#527 = CARTESIAN_POINT('',(-5.200882772805,77.396159277973,17.));
#528 = DIRECTION('',(0.,0.,-1.));
#529 = DIRECTION('',(0.963883059611,0.26632582938,0.));
#530 = ORIENTED_EDGE('',*,*,#531,.T.);
#531 = EDGE_CURVE('',#523,#532,#534,.T.);
#532 = VERTEX_POINT('',#533);
#533 = CARTESIAN_POINT('',(-5.766174291695,76.413585384941,17.));
#534 = CIRCLE('',#535,17.39696959679);
#535 = AXIS2_PLACEMENT_3D('',#536,#537,#538);
#536 = CARTESIAN_POINT('',(6.073095026332E-12,59.999999999981,17.));
#537 = DIRECTION('',(0.,0.,1.));
#538 = DIRECTION('',(-0.286413700058,0.958106044454,0.));
#539 = ORIENTED_EDGE('',*,*,#540,.T.);
#540 = EDGE_CURVE('',#532,#541,#543,.T.);
#541 = VERTEX_POINT('',#542);
#542 = CARTESIAN_POINT('',(-6.729221850851,76.863959150214,17.));
#543 = CIRCLE('',#544,0.76);
#544 = AXIS2_PLACEMENT_3D('',#545,#546,#547);
#545 = CARTESIAN_POINT('',(-6.017603321173,77.13079068549,17.));
#546 = DIRECTION('',(0.,0.,-1.));
#547 = DIRECTION('',(0.330827670365,-0.943691184933,0.));
#548 = ORIENTED_EDGE('',*,*,#549,.T.);
#549 = EDGE_CURVE('',#541,#550,#552,.T.);
#550 = VERTEX_POINT('',#551);
#551 = CARTESIAN_POINT('',(-6.978984144934,77.486252469596,17.));
#552 = LINE('',#553,#554);
#553 = CARTESIAN_POINT('',(-6.729221850851,76.863959150214,17.));
#554 = VECTOR('',#555,1.);
#555 = DIRECTION('',(-0.372476731935,0.928041531488,0.));
#556 = ORIENTED_EDGE('',*,*,#557,.T.);
#557 = EDGE_CURVE('',#550,#558,#560,.T.);
#558 = VERTEX_POINT('',#559);
#559 = CARTESIAN_POINT('',(-9.302470188289,79.822609918505,17.));
#560 = B_SPLINE_CURVE_WITH_KNOTS('',4,(#561,#562,#563,#564,#565),
  .UNSPECIFIED.,.F.,.F.,(5,5),(0.,1.),.PIECEWISE_BEZIER_KNOTS.);
#561 = CARTESIAN_POINT('',(-6.978984144934,77.486252469596,17.));
#562 = CARTESIAN_POINT('',(-7.045254716346,77.622101597472,17.));
#563 = CARTESIAN_POINT('',(-7.328880306538,78.156564290763,17.));
#564 = CARTESIAN_POINT('',(-8.039754750783,78.983048317721,17.));
#565 = CARTESIAN_POINT('',(-9.302470188289,79.822609918505,17.));
#566 = ORIENTED_EDGE('',*,*,#567,.T.);
#567 = EDGE_CURVE('',#558,#568,#570,.T.);
#568 = VERTEX_POINT('',#569);
#569 = CARTESIAN_POINT('',(-10.57054803478,79.176568821511,17.));
#570 = CIRCLE('',#571,21.896969596774);
#571 = AXIS2_PLACEMENT_3D('',#572,#573,#574);
#572 = CARTESIAN_POINT('',(-1.681472305835E-03,59.999073231458,17.));
#573 = DIRECTION('',(0.,0.,1.));
#574 = DIRECTION('',(-0.424752323598,0.905309595441,0.));
#575 = ORIENTED_EDGE('',*,*,#576,.T.);
#576 = EDGE_CURVE('',#568,#577,#579,.T.);
#577 = VERTEX_POINT('',#578);
#578 = CARTESIAN_POINT('',(-10.04453145945,75.924278096216,17.));
#579 = B_SPLINE_CURVE_WITH_KNOTS('',4,(#580,#581,#582,#583,#584),
  .UNSPECIFIED.,.F.,.F.,(5,5),(0.,1.),.PIECEWISE_BEZIER_KNOTS.);
#580 = CARTESIAN_POINT('',(-10.57054803478,79.176568821511,17.));
#581 = CARTESIAN_POINT('',(-10.63195941951,77.662254068702,17.));
#582 = CARTESIAN_POINT('',(-10.38116131068,76.60134944014,17.));
#583 = CARTESIAN_POINT('',(-10.11548284804,76.057742228618,17.));
#584 = CARTESIAN_POINT('',(-10.04453145945,75.924278096216,17.));
#585 = ORIENTED_EDGE('',*,*,#586,.T.);
#586 = EDGE_CURVE('',#577,#587,#589,.T.);
#587 = VERTEX_POINT('',#588);
#588 = CARTESIAN_POINT('',(-9.687892181633,75.356441320016,17.));
#589 = LINE('',#590,#591);
#590 = CARTESIAN_POINT('',(-10.04453145945,75.924278096216,17.));
#591 = VECTOR('',#592,1.);
#592 = DIRECTION('',(0.531865040606,-0.846829131868,0.));
#593 = ORIENTED_EDGE('',*,*,#594,.T.);
#594 = EDGE_CURVE('',#587,#595,#597,.T.);
#595 = VERTEX_POINT('',#596);
#596 = CARTESIAN_POINT('',(-9.889597304235,74.312596421021,17.));
#597 = CIRCLE('',#598,0.76);
#598 = AXIS2_PLACEMENT_3D('',#599,#600,#601);
#599 = CARTESIAN_POINT('',(-10.32204230531,74.937569477276,17.));
#600 = DIRECTION('',(0.,0.,-1.));
#601 = DIRECTION('',(0.83440805747,0.5511471615,0.));
#602 = ORIENTED_EDGE('',*,*,#603,.T.);
#603 = EDGE_CURVE('',#595,#604,#606,.T.);
#604 = VERTEX_POINT('',#605);
#605 = CARTESIAN_POINT('',(-10.55603445678,73.828401487453,17.));
#606 = CIRCLE('',#607,17.396969596797);
#607 = AXIS2_PLACEMENT_3D('',#608,#609,#610);
#608 = CARTESIAN_POINT('',(1.578442799005E-11,59.999999999978,17.));
#609 = DIRECTION('',(0.,0.,1.));
#610 = DIRECTION('',(-0.568466665946,0.82270629614,0.));
#611 = ORIENTED_EDGE('',*,*,#612,.T.);
#612 = EDGE_CURVE('',#604,#613,#615,.T.);
#613 = VERTEX_POINT('',#614);
#614 = CARTESIAN_POINT('',(-11.6111202607,73.959134329514,17.));
#615 = CIRCLE('',#616,0.76);
#616 = AXIS2_PLACEMENT_3D('',#617,#618,#619);
#617 = CARTESIAN_POINT('',(-11.01678629997,74.432808419074,17.));
#618 = DIRECTION('',(0.,-0.,-1.));
#619 = DIRECTION('',(0.606252425258,-0.795272278449,0.));
#620 = ORIENTED_EDGE('',*,*,#621,.T.);
#621 = EDGE_CURVE('',#613,#622,#624,.T.);
#622 = VERTEX_POINT('',#623);
#623 = CARTESIAN_POINT('',(-12.04095752919,74.473789652533,17.));
#624 = LINE('',#625,#626);
#625 = CARTESIAN_POINT('',(-11.6111202607,73.959134329514,17.));
#626 = VECTOR('',#627,1.);
#627 = DIRECTION('',(-0.641027027791,0.767518305737,0.));
#628 = ORIENTED_EDGE('',*,*,#629,.T.);
#629 = EDGE_CURVE('',#622,#630,#632,.T.);
#630 = VERTEX_POINT('',#631);
#631 = CARTESIAN_POINT('',(-14.97269822789,75.977800955123,17.));
#632 = B_SPLINE_CURVE_WITH_KNOTS('',4,(#633,#634,#635,#636,#637),
  .UNSPECIFIED.,.F.,.F.,(5,5),(0.,1.),.PIECEWISE_BEZIER_KNOTS.);
#633 = CARTESIAN_POINT('',(-12.04095752919,74.473789652533,17.));
#634 = CARTESIAN_POINT('',(-12.14596427716,74.58251111804,17.));
#635 = CARTESIAN_POINT('',(-12.58086629798,75.003170217802,17.));
#636 = CARTESIAN_POINT('',(-13.51234568036,75.569530953115,17.));
#637 = CARTESIAN_POINT('',(-14.97269822789,75.977800955123,17.));
#638 = ORIENTED_EDGE('',*,*,#639,.T.);
#639 = EDGE_CURVE('',#630,#640,#642,.T.);
#640 = VERTEX_POINT('',#641);
#641 = CARTESIAN_POINT('',(-15.97907424894,74.971521755274,17.));
#642 = CIRCLE('',#643,21.896969596774);
#643 = AXIS2_PLACEMENT_3D('',#644,#645,#646);
#644 = CARTESIAN_POINT('',(-1.312787963879E-03,59.99859898722,17.));
#645 = DIRECTION('',(0.,0.,1.));
#646 = DIRECTION('',(-0.683719515331,0.729744903617,0.));
#647 = ORIENTED_EDGE('',*,*,#648,.T.);
#648 = EDGE_CURVE('',#640,#649,#651,.T.);
#649 = VERTEX_POINT('',#650);
#650 = CARTESIAN_POINT('',(-14.47378965253,72.040957529196,17.));
#651 = B_SPLINE_CURVE_WITH_KNOTS('',4,(#652,#653,#654,#655,#656),
  .UNSPECIFIED.,.F.,.F.,(5,5),(0.,1.),.PIECEWISE_BEZIER_KNOTS.);
#652 = CARTESIAN_POINT('',(-15.97907424894,74.971521755274,17.));
#653 = CARTESIAN_POINT('',(-15.56953095311,73.512345680363,17.));
#654 = CARTESIAN_POINT('',(-15.0031702178,72.580866297987,17.));
#655 = CARTESIAN_POINT('',(-14.58251111804,72.145964277161,17.));
#656 = CARTESIAN_POINT('',(-14.47378965253,72.040957529196,17.));
#657 = ORIENTED_EDGE('',*,*,#658,.T.);
#658 = EDGE_CURVE('',#649,#659,#661,.T.);
#659 = VERTEX_POINT('',#660);
#660 = CARTESIAN_POINT('',(-13.95913432951,71.611120260709,17.));
#661 = LINE('',#662,#663);
#662 = CARTESIAN_POINT('',(-14.47378965253,72.040957529196,17.));
#663 = VECTOR('',#664,1.);
#664 = DIRECTION('',(0.767518305737,-0.641027027791,0.));
#665 = ORIENTED_EDGE('',*,*,#666,.T.);
#666 = EDGE_CURVE('',#659,#667,#669,.T.);
#667 = VERTEX_POINT('',#668);
#668 = CARTESIAN_POINT('',(-13.82840148745,70.556034456782,17.));
#669 = CIRCLE('',#670,0.76);
#670 = AXIS2_PLACEMENT_3D('',#671,#672,#673);
#671 = CARTESIAN_POINT('',(-14.43280841907,71.016786299977,17.));
#672 = DIRECTION('',(0.,0.,-1.));
#673 = DIRECTION('',(0.623255381001,0.782018369384,0.));
#674 = ORIENTED_EDGE('',*,*,#675,.T.);
#675 = EDGE_CURVE('',#667,#676,#678,.T.);
#676 = VERTEX_POINT('',#677);
#677 = CARTESIAN_POINT('',(-14.31259642102,69.889597304235,17.));
#678 = CIRCLE('',#679,17.39696959679);
#679 = AXIS2_PLACEMENT_3D('',#680,#681,#682);
#680 = CARTESIAN_POINT('',(1.604804054259E-11,59.999999999988,17.));
#681 = DIRECTION('',(0.,0.,1.));
#682 = DIRECTION('',(-0.794874153831,0.606774323428,0.));
#683 = ORIENTED_EDGE('',*,*,#684,.T.);
#684 = EDGE_CURVE('',#676,#685,#687,.T.);
#685 = VERTEX_POINT('',#686);
#686 = CARTESIAN_POINT('',(-15.35644132001,69.687892181633,17.));
#687 = CIRCLE('',#688,0.76);
#688 = AXIS2_PLACEMENT_3D('',#689,#690,#691);
#689 = CARTESIAN_POINT('',(-14.93756947727,70.32204230531,17.));
#690 = DIRECTION('',(0.,-0.,-1.));
#691 = DIRECTION('',(0.822332968757,-0.569006580362,0.));
#692 = ORIENTED_EDGE('',*,*,#693,.T.);
#693 = EDGE_CURVE('',#685,#694,#696,.T.);
#694 = VERTEX_POINT('',#695);
#695 = CARTESIAN_POINT('',(-15.92427809621,70.044531459459,17.));
#696 = LINE('',#697,#698);
#697 = CARTESIAN_POINT('',(-15.35644132001,69.687892181633,17.));
#698 = VECTOR('',#699,1.);
#699 = DIRECTION('',(-0.846829131868,0.531865040606,0.));
#700 = ORIENTED_EDGE('',*,*,#701,.T.);
#701 = EDGE_CURVE('',#694,#702,#704,.T.);
#702 = VERTEX_POINT('',#703);
#703 = CARTESIAN_POINT('',(-19.17729424403,70.568973510369,17.));
#704 = B_SPLINE_CURVE_WITH_KNOTS('',4,(#705,#706,#707,#708,#709),
  .UNSPECIFIED.,.F.,.F.,(5,5),(0.,1.),.PIECEWISE_BEZIER_KNOTS.);
#705 = CARTESIAN_POINT('',(-15.92427809621,70.044531459459,17.));
#706 = CARTESIAN_POINT('',(-16.05774222861,70.115482848045,17.));
#707 = CARTESIAN_POINT('',(-16.60134944014,70.381161310689,17.));
#708 = CARTESIAN_POINT('',(-17.6622540687,70.631959419518,17.));
#709 = CARTESIAN_POINT('',(-19.17729424403,70.568973510369,17.));
#710 = ORIENTED_EDGE('',*,*,#711,.T.);
#711 = EDGE_CURVE('',#702,#712,#714,.T.);
#712 = VERTEX_POINT('',#713);
#713 = CARTESIAN_POINT('',(-19.82345734285,69.300957826906,17.));
#714 = CIRCLE('',#715,21.89696959678);
#715 = AXIS2_PLACEMENT_3D('',#716,#717,#718);
#716 = CARTESIAN_POINT('',(-8.155987840602E-04,59.998261883873,17.));
#717 = DIRECTION('',(0.,0.,1.));
#718 = DIRECTION('',(-0.87575947715,0.482747696195,0.));
#719 = ORIENTED_EDGE('',*,*,#720,.T.);
#720 = EDGE_CURVE('',#712,#721,#723,.T.);
#721 = VERTEX_POINT('',#722);
#722 = CARTESIAN_POINT('',(-17.48625246959,66.978984144934,17.));
#723 = B_SPLINE_CURVE_WITH_KNOTS('',4,(#724,#725,#726,#727,#728),
  .UNSPECIFIED.,.F.,.F.,(5,5),(0.,1.),.PIECEWISE_BEZIER_KNOTS.);
#724 = CARTESIAN_POINT('',(-19.82345734285,69.300957826906,17.));
#725 = CARTESIAN_POINT('',(-18.98304831772,68.039754750783,17.));
#726 = CARTESIAN_POINT('',(-18.15656429076,67.328880306538,17.));
#727 = CARTESIAN_POINT('',(-17.62210159747,67.045254716346,17.));
#728 = CARTESIAN_POINT('',(-17.48625246959,66.978984144934,17.));
#729 = ORIENTED_EDGE('',*,*,#730,.T.);
#730 = EDGE_CURVE('',#721,#731,#733,.T.);
#731 = VERTEX_POINT('',#732);
#732 = CARTESIAN_POINT('',(-16.86395915021,66.729221850851,17.));
#733 = LINE('',#734,#735);
#734 = CARTESIAN_POINT('',(-17.48625246959,66.978984144934,17.));
#735 = VECTOR('',#736,1.);
#736 = DIRECTION('',(0.928041531488,-0.372476731935,0.));
#737 = ORIENTED_EDGE('',*,*,#738,.T.);
#738 = EDGE_CURVE('',#731,#739,#741,.T.);
#739 = VERTEX_POINT('',#740);
#740 = CARTESIAN_POINT('',(-16.41358538494,65.766174291695,17.));
#741 = CIRCLE('',#742,0.76);
#742 = AXIS2_PLACEMENT_3D('',#743,#744,#745);
#743 = CARTESIAN_POINT('',(-17.13079068549,66.017603321173,17.));
#744 = DIRECTION('',(0.,0.,-1.));
#745 = DIRECTION('',(0.351094125364,0.93634017063,0.));
#746 = ORIENTED_EDGE('',*,*,#747,.T.);
#747 = EDGE_CURVE('',#739,#748,#750,.T.);
#748 = VERTEX_POINT('',#749);
#749 = CARTESIAN_POINT('',(-16.66814172584,64.982730432002,17.));
#750 = CIRCLE('',#751,17.396969596774);
#751 = AXIS2_PLACEMENT_3D('',#752,#753,#754);
#752 = CARTESIAN_POINT('',(3.642113528549E-12,59.999999999999,17.));
#753 = DIRECTION('',(0.,0.,1.));
#754 = DIRECTION('',(-0.943473821325,0.331447052294,0.));
#755 = ORIENTED_EDGE('',*,*,#756,.T.);
#756 = EDGE_CURVE('',#748,#757,#759,.T.);
#757 = VERTEX_POINT('',#758);
#758 = CARTESIAN_POINT('',(-17.5985669083,64.4683316475,17.));
#759 = CIRCLE('',#760,0.76);
#760 = AXIS2_PLACEMENT_3D('',#761,#762,#763);
#761 = CARTESIAN_POINT('',(-17.39615927797,65.200882772805,17.));
#762 = DIRECTION('',(0.,-0.,-1.));
#763 = DIRECTION('',(0.957917831744,-0.287042553688,0.));
#764 = ORIENTED_EDGE('',*,*,#765,.T.);
#765 = EDGE_CURVE('',#757,#766,#768,.T.);
#766 = VERTEX_POINT('',#767);
#767 = CARTESIAN_POINT('',(-18.2488193722,64.632044542766,17.));
#768 = LINE('',#769,#770);
#769 = CARTESIAN_POINT('',(-17.5985669083,64.4683316475,17.));
#770 = VECTOR('',#771,1.);
#771 = DIRECTION('',(-0.969737700313,0.244149119579,0.));
#772 = ORIENTED_EDGE('',*,*,#773,.T.);
#773 = EDGE_CURVE('',#766,#774,#776,.T.);
#774 = VERTEX_POINT('',#775);
#775 = CARTESIAN_POINT('',(-21.5046830835,64.125581300052,17.));
#776 = B_SPLINE_CURVE_WITH_KNOTS('',4,(#777,#778,#779,#780,#781),
  .UNSPECIFIED.,.F.,.F.,(5,5),(0.,1.),.PIECEWISE_BEZIER_KNOTS.);
#777 = CARTESIAN_POINT('',(-18.2488193722,64.632044542766,17.));
#778 = CARTESIAN_POINT('',(-18.39767648986,64.65828063817,17.));
#779 = CARTESIAN_POINT('',(-18.99677683068,64.742972004681,17.));
#780 = CARTESIAN_POINT('',(-20.08325796863,64.653657620722,17.));
#781 = CARTESIAN_POINT('',(-21.5046830835,64.125581300052,17.));
#782 = ORIENTED_EDGE('',*,*,#783,.T.);
#783 = EDGE_CURVE('',#774,#784,#786,.T.);
#784 = VERTEX_POINT('',#785);
#785 = CARTESIAN_POINT('',(-21.7273823139,62.719951342856,17.));
#786 = CIRCLE('',#787,21.896969596768);
#787 = AXIS2_PLACEMENT_3D('',#788,#789,#790);
#788 = CARTESIAN_POINT('',(-2.385731288323E-04,59.998094919448,17.));
#789 = DIRECTION('',(0.,0.,1.));
#790 = DIRECTION('',(-0.982073999571,0.188495780768,0.));
#791 = ORIENTED_EDGE('',*,*,#792,.T.);
#792 = EDGE_CURVE('',#784,#793,#795,.T.);
#793 = VERTEX_POINT('',#794);
#794 = CARTESIAN_POINT('',(-18.78703906104,61.233859167124,17.));
#795 = B_SPLINE_CURVE_WITH_KNOTS('',4,(#796,#797,#798,#799,#800),
  .UNSPECIFIED.,.F.,.F.,(5,5),(0.,1.),.PIECEWISE_BEZIER_KNOTS.);
#796 = CARTESIAN_POINT('',(-21.7273823139,62.719951342856,17.));
#797 = CARTESIAN_POINT('',(-20.53837265031,61.78017660993,17.));
#798 = CARTESIAN_POINT('',(-19.53266734672,61.359492447373,17.));
#799 = CARTESIAN_POINT('',(-18.93671799214,61.254906536719,17.));
#800 = CARTESIAN_POINT('',(-18.78703906104,61.233859167124,17.));
#801 = ORIENTED_EDGE('',*,*,#802,.T.);
#802 = EDGE_CURVE('',#793,#803,#805,.T.);
#803 = VERTEX_POINT('',#804);
#804 = CARTESIAN_POINT('',(-18.11802215117,61.188620320987,17.));
#805 = LINE('',#806,#807);
#806 = CARTESIAN_POINT('',(-18.78703906104,61.233859167124,17.));
#807 = VECTOR('',#808,1.);
#808 = DIRECTION('',(0.997721586092,-6.74658183596E-02,0.));
#809 = ORIENTED_EDGE('',*,*,#810,.T.);
#810 = EDGE_CURVE('',#803,#811,#813,.T.);
#811 = VERTEX_POINT('',#812);
#812 = CARTESIAN_POINT('',(-17.39209318477,60.41188081164,17.));
#813 = CIRCLE('',#814,0.76);
#814 = AXIS2_PLACEMENT_3D('',#815,#816,#817);
#815 = CARTESIAN_POINT('',(-18.15189180237,60.429375402184,17.));
#816 = DIRECTION('',(0.,0.,-1.));
#817 = DIRECTION('',(4.456533051997E-02,0.999006472109,0.));
#818 = ORIENTED_EDGE('',*,*,#819,.T.);
#819 = EDGE_CURVE('',#811,#820,#822,.T.);
#820 = VERTEX_POINT('',#821);
#821 = CARTESIAN_POINT('',(-17.39209318477,59.58811918836,17.));
#822 = CIRCLE('',#823,17.396969596783);
#823 = AXIS2_PLACEMENT_3D('',#824,#825,#826);
#824 = CARTESIAN_POINT('',(1.272707284241E-11,60.,17.));
#825 = DIRECTION('',(0.,0.,1.));
#826 = DIRECTION('',(-0.999719697619,2.367543435356E-02,0.));
#827 = ORIENTED_EDGE('',*,*,#828,.T.);
#828 = EDGE_CURVE('',#820,#829,#831,.T.);
#829 = VERTEX_POINT('',#830);
#830 = CARTESIAN_POINT('',(-18.11802215117,58.811379679013,17.));
#831 = CIRCLE('',#832,0.76);
#832 = AXIS2_PLACEMENT_3D('',#833,#834,#835);
#833 = CARTESIAN_POINT('',(-18.15189180237,59.570624597816,17.));
#834 = DIRECTION('',(0.,0.,-1.));
#835 = DIRECTION('',(0.999735023153,2.301919808505E-02,0.));
#836 = ORIENTED_EDGE('',*,*,#837,.T.);
#837 = EDGE_CURVE('',#829,#838,#840,.T.);
#838 = VERTEX_POINT('',#839);
#839 = CARTESIAN_POINT('',(-18.78703906104,58.766140832876,17.));
#840 = LINE('',#841,#842);
#841 = CARTESIAN_POINT('',(-18.11802215117,58.811379679013,17.));
#842 = VECTOR('',#843,1.);
#843 = DIRECTION('',(-0.997721586092,-6.74658183596E-02,0.));
#844 = ORIENTED_EDGE('',*,*,#845,.T.);
#845 = EDGE_CURVE('',#838,#846,#848,.T.);
#846 = VERTEX_POINT('',#847);
#847 = CARTESIAN_POINT('',(-21.72704371081,57.27834844747,17.));
#848 = B_SPLINE_CURVE_WITH_KNOTS('',4,(#849,#850,#851,#852,#853),
  .UNSPECIFIED.,.F.,.F.,(5,5),(0.,1.),.PIECEWISE_BEZIER_KNOTS.);
#849 = CARTESIAN_POINT('',(-18.78703906104,58.766140832876,17.));
#850 = CARTESIAN_POINT('',(-18.93671799214,58.745093463281,17.));
#851 = CARTESIAN_POINT('',(-19.53266734672,58.640507552627,17.));
#852 = CARTESIAN_POINT('',(-20.53837265031,58.21982339007,17.));
#853 = CARTESIAN_POINT('',(-21.72704371081,57.27834844747,17.));
#854 = ORIENTED_EDGE('',*,*,#855,.T.);
#855 = EDGE_CURVE('',#846,#856,#858,.T.);
#856 = VERTEX_POINT('',#857);
#857 = CARTESIAN_POINT('',(-21.50447972048,55.872697070352,17.));
#858 = CIRCLE('',#859,21.896969596775);
#859 = AXIS2_PLACEMENT_3D('',#860,#861,#862);
#860 = CARTESIAN_POINT('',(3.618057442063E-04,59.998114437577,17.));
#861 = DIRECTION('',(0.,0.,1.));
#862 = DIRECTION('',(-0.992256276401,-0.124207415007,0.));
#863 = ORIENTED_EDGE('',*,*,#864,.T.);
#864 = EDGE_CURVE('',#856,#865,#867,.T.);
#865 = VERTEX_POINT('',#866);
#866 = CARTESIAN_POINT('',(-18.2488193722,55.367955457234,17.));
#867 = B_SPLINE_CURVE_WITH_KNOTS('',4,(#868,#869,#870,#871,#872),
  .UNSPECIFIED.,.F.,.F.,(5,5),(0.,1.),.PIECEWISE_BEZIER_KNOTS.);
#868 = CARTESIAN_POINT('',(-21.50447972048,55.872697070352,17.));
#869 = CARTESIAN_POINT('',(-20.08325796863,55.346342379278,17.));
#870 = CARTESIAN_POINT('',(-18.99677683068,55.257027995319,17.));
#871 = CARTESIAN_POINT('',(-18.39767648986,55.34171936183,17.));
#872 = CARTESIAN_POINT('',(-18.2488193722,55.367955457234,17.));
#873 = ORIENTED_EDGE('',*,*,#874,.T.);
#874 = EDGE_CURVE('',#865,#875,#877,.T.);
#875 = VERTEX_POINT('',#876);
#876 = CARTESIAN_POINT('',(-17.5985669083,55.5316683525,17.));
#877 = LINE('',#878,#879);
#878 = CARTESIAN_POINT('',(-18.2488193722,55.367955457234,17.));
#879 = VECTOR('',#880,1.);
#880 = DIRECTION('',(0.969737700313,0.244149119579,0.));
#881 = ORIENTED_EDGE('',*,*,#882,.T.);
#882 = EDGE_CURVE('',#875,#883,#885,.T.);
#883 = VERTEX_POINT('',#884);
#884 = CARTESIAN_POINT('',(-16.66814172584,55.017269567998,17.));
#885 = CIRCLE('',#886,0.76);
#886 = AXIS2_PLACEMENT_3D('',#887,#888,#889);
#887 = CARTESIAN_POINT('',(-17.39615927797,54.799117227195,17.));
#888 = DIRECTION('',(0.,0.,-1.));
#889 = DIRECTION('',(-0.26632582938,0.963883059611,0.));
#890 = ORIENTED_EDGE('',*,*,#891,.T.);
#891 = EDGE_CURVE('',#883,#892,#894,.T.);
#892 = VERTEX_POINT('',#893);
#893 = CARTESIAN_POINT('',(-16.41358538494,54.233825708305,17.));
#894 = CIRCLE('',#895,17.39696959679);
#895 = AXIS2_PLACEMENT_3D('',#896,#897,#898);
#896 = CARTESIAN_POINT('',(1.862543373158E-11,60.000000000006,17.));
#897 = DIRECTION('',(0.,0.,1.));
#898 = DIRECTION('',(-0.958106044454,-0.286413700058,0.));
#899 = ORIENTED_EDGE('',*,*,#900,.T.);
#900 = EDGE_CURVE('',#892,#901,#903,.T.);
#901 = VERTEX_POINT('',#902);
#902 = CARTESIAN_POINT('',(-16.86395915021,53.270778149149,17.));
#903 = CIRCLE('',#904,0.76);
#904 = AXIS2_PLACEMENT_3D('',#905,#906,#907);
#905 = CARTESIAN_POINT('',(-17.13079068549,53.982396678827,17.));
#906 = DIRECTION('',(0.,0.,-1.));
#907 = DIRECTION('',(0.943691184933,0.330827670365,0.));
#908 = ORIENTED_EDGE('',*,*,#909,.T.);
#909 = EDGE_CURVE('',#901,#910,#912,.T.);
#910 = VERTEX_POINT('',#911);
#911 = CARTESIAN_POINT('',(-17.48625246959,53.021015855066,17.));
#912 = LINE('',#913,#914);
#913 = CARTESIAN_POINT('',(-16.86395915021,53.270778149149,17.));
#914 = VECTOR('',#915,1.);
#915 = DIRECTION('',(-0.928041531488,-0.372476731935,0.));
#916 = ORIENTED_EDGE('',*,*,#917,.T.);
#917 = EDGE_CURVE('',#910,#918,#920,.T.);
#918 = VERTEX_POINT('',#919);
#919 = CARTESIAN_POINT('',(-19.8226099185,50.697529811711,17.));
#920 = B_SPLINE_CURVE_WITH_KNOTS('',4,(#921,#922,#923,#924,#925),
  .UNSPECIFIED.,.F.,.F.,(5,5),(0.,1.),.PIECEWISE_BEZIER_KNOTS.);
#921 = CARTESIAN_POINT('',(-17.48625246959,53.021015855066,17.));
#922 = CARTESIAN_POINT('',(-17.62210159747,52.954745283654,17.));
#923 = CARTESIAN_POINT('',(-18.15656429076,52.671119693462,17.));
#924 = CARTESIAN_POINT('',(-18.98304831772,51.960245249217,17.));
#925 = CARTESIAN_POINT('',(-19.8226099185,50.697529811711,17.));
#926 = ORIENTED_EDGE('',*,*,#927,.T.);
#927 = EDGE_CURVE('',#918,#928,#930,.T.);
#928 = VERTEX_POINT('',#929);
#929 = CARTESIAN_POINT('',(-19.17656882151,49.429451965213,17.));
#930 = CIRCLE('',#931,21.896969596774);
#931 = AXIS2_PLACEMENT_3D('',#932,#933,#934);
#932 = CARTESIAN_POINT('',(9.267685424361E-04,59.998318527694,17.));
#933 = DIRECTION('',(0.,0.,1.));
#934 = DIRECTION('',(-0.905309595441,-0.424752323598,0.));
#935 = ORIENTED_EDGE('',*,*,#936,.T.);
#936 = EDGE_CURVE('',#928,#937,#939,.T.);
#937 = VERTEX_POINT('',#938);
#938 = CARTESIAN_POINT('',(-15.92427809621,49.955468540541,17.));
#939 = B_SPLINE_CURVE_WITH_KNOTS('',4,(#940,#941,#942,#943,#944),
  .UNSPECIFIED.,.F.,.F.,(5,5),(0.,1.),.PIECEWISE_BEZIER_KNOTS.);
#940 = CARTESIAN_POINT('',(-19.17656882151,49.429451965213,17.));
#941 = CARTESIAN_POINT('',(-17.6622540687,49.368040580482,17.));
#942 = CARTESIAN_POINT('',(-16.60134944014,49.618838689311,17.));
#943 = CARTESIAN_POINT('',(-16.05774222861,49.884517151955,17.));
#944 = CARTESIAN_POINT('',(-15.92427809621,49.955468540541,17.));
#945 = ORIENTED_EDGE('',*,*,#946,.T.);
#946 = EDGE_CURVE('',#937,#947,#949,.T.);
#947 = VERTEX_POINT('',#948);
#948 = CARTESIAN_POINT('',(-15.35644132001,50.312107818367,17.));
#949 = LINE('',#950,#951);
#950 = CARTESIAN_POINT('',(-15.92427809621,49.955468540541,17.));
#951 = VECTOR('',#952,1.);
#952 = DIRECTION('',(0.846829131868,0.531865040606,0.));
#953 = ORIENTED_EDGE('',*,*,#954,.T.);
#954 = EDGE_CURVE('',#947,#955,#957,.T.);
#955 = VERTEX_POINT('',#956);
#956 = CARTESIAN_POINT('',(-14.31259642102,50.110402695765,17.));
#957 = CIRCLE('',#958,0.76);
#958 = AXIS2_PLACEMENT_3D('',#959,#960,#961);
#959 = CARTESIAN_POINT('',(-14.93756947727,49.67795769469,17.));
#960 = DIRECTION('',(0.,0.,-1.));
#961 = DIRECTION('',(-0.5511471615,0.83440805747,0.));
#962 = ORIENTED_EDGE('',*,*,#963,.T.);
#963 = EDGE_CURVE('',#955,#964,#966,.T.);
#964 = VERTEX_POINT('',#965);
#965 = CARTESIAN_POINT('',(-13.82840148745,49.443965543218,17.));
#966 = CIRCLE('',#967,17.396969596797);
#967 = AXIS2_PLACEMENT_3D('',#968,#969,#970);
#968 = CARTESIAN_POINT('',(2.161696925215E-11,60.000000000016,17.));
#969 = DIRECTION('',(0.,0.,1.));
#970 = DIRECTION('',(-0.82270629614,-0.568466665946,0.));
#971 = ORIENTED_EDGE('',*,*,#972,.T.);
#972 = EDGE_CURVE('',#964,#973,#975,.T.);
#973 = VERTEX_POINT('',#974);
#974 = CARTESIAN_POINT('',(-13.95913432951,48.388879739291,17.));
#975 = CIRCLE('',#976,0.76);
#976 = AXIS2_PLACEMENT_3D('',#977,#978,#979);
#977 = CARTESIAN_POINT('',(-14.43280841907,48.983213700023,17.));
#978 = DIRECTION('',(0.,0.,-1.));
#979 = DIRECTION('',(0.795272278449,0.606252425258,0.));
#980 = ORIENTED_EDGE('',*,*,#981,.T.);
#981 = EDGE_CURVE('',#973,#982,#984,.T.);
#982 = VERTEX_POINT('',#983);
#983 = CARTESIAN_POINT('',(-14.47378965253,47.959042470804,17.));
#984 = LINE('',#985,#986);
#985 = CARTESIAN_POINT('',(-13.95913432951,48.388879739291,17.));
#986 = VECTOR('',#987,1.);
#987 = DIRECTION('',(-0.767518305737,-0.641027027791,0.));
#988 = ORIENTED_EDGE('',*,*,#989,.T.);
#989 = EDGE_CURVE('',#982,#990,#992,.T.);
#990 = VERTEX_POINT('',#991);
#991 = CARTESIAN_POINT('',(-15.97780095512,45.027301772103,17.));
#992 = B_SPLINE_CURVE_WITH_KNOTS('',4,(#993,#994,#995,#996,#997),
  .UNSPECIFIED.,.F.,.F.,(5,5),(0.,1.),.PIECEWISE_BEZIER_KNOTS.);
#993 = CARTESIAN_POINT('',(-14.47378965253,47.959042470804,17.));
#994 = CARTESIAN_POINT('',(-14.58251111804,47.854035722839,17.));
#995 = CARTESIAN_POINT('',(-15.0031702178,47.419133702013,17.));
#996 = CARTESIAN_POINT('',(-15.56953095311,46.487654319637,17.));
#997 = CARTESIAN_POINT('',(-15.97780095512,45.027301772103,17.));
#998 = ORIENTED_EDGE('',*,*,#999,.T.);
#999 = EDGE_CURVE('',#990,#1000,#1002,.T.);
#1000 = VERTEX_POINT('',#1001);
#1001 = CARTESIAN_POINT('',(-14.97152175527,44.020925751057,17.));
#1002 = CIRCLE('',#1003,21.89696959677);
#1003 = AXIS2_PLACEMENT_3D('',#1004,#1005,#1006);
#1004 = CARTESIAN_POINT('',(1.401012776739E-03,59.998687212033,17.));
#1005 = DIRECTION('',(0.,0.,1.));
#1006 = DIRECTION('',(-0.729744903617,-0.683719515331,0.));
#1007 = ORIENTED_EDGE('',*,*,#1008,.T.);
#1008 = EDGE_CURVE('',#1000,#1009,#1011,.T.);
#1009 = VERTEX_POINT('',#1010);
#1010 = CARTESIAN_POINT('',(-12.04095752919,45.526210347467,17.));
#1011 = B_SPLINE_CURVE_WITH_KNOTS('',4,(#1012,#1013,#1014,#1015,#1016),
  .UNSPECIFIED.,.F.,.F.,(5,5),(0.,1.),.PIECEWISE_BEZIER_KNOTS.);
#1012 = CARTESIAN_POINT('',(-14.97152175527,44.020925751057,17.));
#1013 = CARTESIAN_POINT('',(-13.51234568036,44.430469046885,17.));
#1014 = CARTESIAN_POINT('',(-12.58086629798,44.996829782198,17.));
#1015 = CARTESIAN_POINT('',(-12.14596427716,45.41748888196,17.));
#1016 = CARTESIAN_POINT('',(-12.04095752919,45.526210347467,17.));
#1017 = ORIENTED_EDGE('',*,*,#1018,.T.);
#1018 = EDGE_CURVE('',#1009,#1019,#1021,.T.);
#1019 = VERTEX_POINT('',#1020);
#1020 = CARTESIAN_POINT('',(-11.6111202607,46.040865670486,17.));
#1021 = LINE('',#1022,#1023);
#1022 = CARTESIAN_POINT('',(-12.04095752919,45.526210347467,17.));
#1023 = VECTOR('',#1024,1.);
#1024 = DIRECTION('',(0.641027027791,0.767518305737,0.));
#1025 = ORIENTED_EDGE('',*,*,#1026,.T.);
#1026 = EDGE_CURVE('',#1019,#1027,#1029,.T.);
#1027 = VERTEX_POINT('',#1028);
#1028 = CARTESIAN_POINT('',(-10.55603445678,46.171598512547,17.));
#1029 = CIRCLE('',#1030,0.76);
#1030 = AXIS2_PLACEMENT_3D('',#1031,#1032,#1033);
#1031 = CARTESIAN_POINT('',(-11.01678629997,45.567191580926,17.));
#1032 = DIRECTION('',(0.,0.,-1.));
#1033 = DIRECTION('',(-0.782018369384,0.623255381001,0.));
#1034 = ORIENTED_EDGE('',*,*,#1035,.T.);
#1035 = EDGE_CURVE('',#1027,#1036,#1038,.T.);
#1036 = VERTEX_POINT('',#1037);
#1037 = CARTESIAN_POINT('',(-9.889597304235,45.687403578979,17.));
#1038 = CIRCLE('',#1039,17.396969596779);
#1039 = AXIS2_PLACEMENT_3D('',#1040,#1041,#1042);
#1040 = CARTESIAN_POINT('',(4.776646135032E-12,60.000000000007,17.));
#1041 = DIRECTION('',(0.,0.,1.));
#1042 = DIRECTION('',(-0.606774323428,-0.794874153831,0.));
#1043 = ORIENTED_EDGE('',*,*,#1044,.T.);
#1044 = EDGE_CURVE('',#1036,#1045,#1047,.T.);
#1045 = VERTEX_POINT('',#1046);
#1046 = CARTESIAN_POINT('',(-9.687892181633,44.643558679984,17.));
#1047 = CIRCLE('',#1048,0.76);
#1048 = AXIS2_PLACEMENT_3D('',#1049,#1050,#1051);
#1049 = CARTESIAN_POINT('',(-10.32204230531,45.062430522724,17.));
#1050 = DIRECTION('',(0.,0.,-1.));
#1051 = DIRECTION('',(0.569006580362,0.822332968757,0.));
#1052 = ORIENTED_EDGE('',*,*,#1053,.T.);
#1053 = EDGE_CURVE('',#1045,#1054,#1056,.T.);
#1054 = VERTEX_POINT('',#1055);
#1055 = CARTESIAN_POINT('',(-10.04453145945,44.075721903784,17.));
#1056 = LINE('',#1057,#1058);
#1057 = CARTESIAN_POINT('',(-9.687892181633,44.643558679984,17.));
#1058 = VECTOR('',#1059,1.);
#1059 = DIRECTION('',(-0.531865040606,-0.846829131868,0.));
#1060 = ORIENTED_EDGE('',*,*,#1061,.T.);
#1061 = EDGE_CURVE('',#1054,#1062,#1064,.T.);
#1062 = VERTEX_POINT('',#1063);
#1063 = CARTESIAN_POINT('',(-10.56897351036,40.822705755965,17.));
#1064 = B_SPLINE_CURVE_WITH_KNOTS('',4,(#1065,#1066,#1067,#1068,#1069),
  .UNSPECIFIED.,.F.,.F.,(5,5),(0.,1.),.PIECEWISE_BEZIER_KNOTS.);
#1065 = CARTESIAN_POINT('',(-10.04453145945,44.075721903784,17.));
#1066 = CARTESIAN_POINT('',(-10.11548284804,43.942257771382,17.));
#1067 = CARTESIAN_POINT('',(-10.38116131068,43.39865055986,17.));
#1068 = CARTESIAN_POINT('',(-10.63195941951,42.337745931298,17.));
#1069 = CARTESIAN_POINT('',(-10.56897351036,40.822705755965,17.));
#1070 = ORIENTED_EDGE('',*,*,#1071,.T.);
#1071 = EDGE_CURVE('',#1062,#1072,#1074,.T.);
#1072 = VERTEX_POINT('',#1073);
#1073 = CARTESIAN_POINT('',(-9.300957826906,40.176542657145,17.));
#1074 = CIRCLE('',#1075,21.89696959678);
#1075 = AXIS2_PLACEMENT_3D('',#1076,#1077,#1078);
#1076 = CARTESIAN_POINT('',(1.738116126865E-03,59.999184401216,17.));
#1077 = DIRECTION('',(0.,0.,1.));
#1078 = DIRECTION('',(-0.482747696195,-0.87575947715,0.));
#1079 = ORIENTED_EDGE('',*,*,#1080,.T.);
#1080 = EDGE_CURVE('',#1072,#1081,#1083,.T.);
#1081 = VERTEX_POINT('',#1082);
#1082 = CARTESIAN_POINT('',(-6.978984144934,42.513747530404,17.));
#1083 = B_SPLINE_CURVE_WITH_KNOTS('',4,(#1084,#1085,#1086,#1087,#1088),
  .UNSPECIFIED.,.F.,.F.,(5,5),(0.,1.),.PIECEWISE_BEZIER_KNOTS.);
#1084 = CARTESIAN_POINT('',(-9.300957826906,40.176542657145,17.));
#1085 = CARTESIAN_POINT('',(-8.039754750783,41.016951682279,17.));
#1086 = CARTESIAN_POINT('',(-7.328880306538,41.843435709237,17.));
#1087 = CARTESIAN_POINT('',(-7.045254716346,42.377898402528,17.));
#1088 = CARTESIAN_POINT('',(-6.978984144934,42.513747530404,17.));
#1089 = ORIENTED_EDGE('',*,*,#1090,.T.);
#1090 = EDGE_CURVE('',#1081,#1091,#1093,.T.);
#1091 = VERTEX_POINT('',#1092);
#1092 = CARTESIAN_POINT('',(-6.729221850851,43.136040849786,17.));
#1093 = LINE('',#1094,#1095);
#1094 = CARTESIAN_POINT('',(-6.978984144934,42.513747530404,17.));
#1095 = VECTOR('',#1096,1.);
#1096 = DIRECTION('',(0.372476731935,0.928041531488,0.));
#1097 = ORIENTED_EDGE('',*,*,#1098,.T.);
#1098 = EDGE_CURVE('',#1091,#1099,#1101,.T.);
#1099 = VERTEX_POINT('',#1100);
#1100 = CARTESIAN_POINT('',(-5.766174291695,43.586414615059,17.));
#1101 = CIRCLE('',#1102,0.76);
#1102 = AXIS2_PLACEMENT_3D('',#1103,#1104,#1105);
#1103 = CARTESIAN_POINT('',(-6.017603321173,42.86920931451,17.));
#1104 = DIRECTION('',(0.,0.,-1.));
#1105 = DIRECTION('',(-0.93634017063,0.351094125364,0.));
#1106 = ORIENTED_EDGE('',*,*,#1107,.T.);
#1107 = EDGE_CURVE('',#1099,#1108,#1110,.T.);
#1108 = VERTEX_POINT('',#1109);
#1109 = CARTESIAN_POINT('',(-4.982730432002,43.331858274152,17.));
#1110 = CIRCLE('',#1111,17.396969596774);
#1111 = AXIS2_PLACEMENT_3D('',#1112,#1113,#1114);
#1112 = CARTESIAN_POINT('',(1.176233129421E-12,60.000000000004,17.));
#1113 = DIRECTION('',(0.,0.,1.));
#1114 = DIRECTION('',(-0.331447052294,-0.943473821325,0.));
#1115 = ORIENTED_EDGE('',*,*,#1116,.T.);
#1116 = EDGE_CURVE('',#1108,#1117,#1119,.T.);
#1117 = VERTEX_POINT('',#1118);
#1118 = CARTESIAN_POINT('',(-4.4683316475,42.401433091698,17.));
#1119 = CIRCLE('',#1120,0.76);
#1120 = AXIS2_PLACEMENT_3D('',#1121,#1122,#1123);
#1121 = CARTESIAN_POINT('',(-5.200882772805,42.603840722027,17.));
#1122 = DIRECTION('',(0.,0.,-1.));
#1123 = DIRECTION('',(0.287042553688,0.957917831744,0.));
#1124 = ORIENTED_EDGE('',*,*,#1125,.T.);
#1125 = EDGE_CURVE('',#1117,#1126,#1128,.T.);
#1126 = VERTEX_POINT('',#1127);
#1127 = CARTESIAN_POINT('',(-4.632044542766,41.751180627791,17.));
#1128 = LINE('',#1129,#1130);
#1129 = CARTESIAN_POINT('',(-4.4683316475,42.401433091698,17.));
#1130 = VECTOR('',#1131,1.);
#1131 = DIRECTION('',(-0.244149119579,-0.969737700313,0.));
#1132 = ORIENTED_EDGE('',*,*,#1133,.T.);
#1133 = EDGE_CURVE('',#1126,#1134,#1136,.T.);
#1134 = VERTEX_POINT('',#1135);
#1135 = CARTESIAN_POINT('',(-4.125581300052,38.495316916498,17.));
#1136 = B_SPLINE_CURVE_WITH_KNOTS('',4,(#1137,#1138,#1139,#1140,#1141),
  .UNSPECIFIED.,.F.,.F.,(5,5),(0.,1.),.PIECEWISE_BEZIER_KNOTS.);
#1137 = CARTESIAN_POINT('',(-4.632044542766,41.751180627791,17.));
#1138 = CARTESIAN_POINT('',(-4.65828063817,41.602323510131,17.));
#1139 = CARTESIAN_POINT('',(-4.742972004681,41.003223169312,17.));
#1140 = CARTESIAN_POINT('',(-4.653657620722,39.916742031365,17.));
#1141 = CARTESIAN_POINT('',(-4.125581300052,38.495316916498,17.));
#1142 = ORIENTED_EDGE('',*,*,#1143,.T.);
#1143 = EDGE_CURVE('',#1134,#1144,#1146,.T.);
#1144 = VERTEX_POINT('',#1145);
#1145 = CARTESIAN_POINT('',(-2.719951342856,38.2726176861,17.));
#1146 = CIRCLE('',#1147,21.896969596778);
#1147 = AXIS2_PLACEMENT_3D('',#1148,#1149,#1150);
#1148 = CARTESIAN_POINT('',(1.905080553048E-03,59.999761426881,17.));
#1149 = DIRECTION('',(0.,0.,1.));
#1150 = DIRECTION('',(-0.188495780768,-0.982073999571,0.));
#1151 = ORIENTED_EDGE('',*,*,#1152,.T.);
#1152 = EDGE_CURVE('',#1144,#1153,#1155,.T.);
#1153 = VERTEX_POINT('',#1154);
#1154 = CARTESIAN_POINT('',(-1.233859167124,41.212960938951,17.));
#1155 = B_SPLINE_CURVE_WITH_KNOTS('',4,(#1156,#1157,#1158,#1159,#1160),
  .UNSPECIFIED.,.F.,.F.,(5,5),(0.,1.),.PIECEWISE_BEZIER_KNOTS.);
#1156 = CARTESIAN_POINT('',(-2.719951342856,38.2726176861,17.));
#1157 = CARTESIAN_POINT('',(-1.78017660993,39.461627349688,17.));
#1158 = CARTESIAN_POINT('',(-1.359492447373,40.467332653278,17.));
#1159 = CARTESIAN_POINT('',(-1.254906536719,41.063282007858,17.));
#1160 = CARTESIAN_POINT('',(-1.233859167124,41.212960938951,17.));
#1161 = ORIENTED_EDGE('',*,*,#1162,.T.);
#1162 = EDGE_CURVE('',#1153,#1163,#1165,.T.);
#1163 = VERTEX_POINT('',#1164);
#1164 = CARTESIAN_POINT('',(-1.188620320987,41.881977848822,17.));
#1165 = LINE('',#1166,#1167);
#1166 = CARTESIAN_POINT('',(-1.233859167124,41.212960938951,17.));
#1167 = VECTOR('',#1168,1.);
#1168 = DIRECTION('',(6.746581835959E-02,0.997721586092,0.));
#1169 = ORIENTED_EDGE('',*,*,#1170,.T.);
#1170 = EDGE_CURVE('',#1163,#1171,#1173,.T.);
#1171 = VERTEX_POINT('',#1172);
#1172 = CARTESIAN_POINT('',(-0.41188081164,42.607906815223,17.));
#1173 = CIRCLE('',#1174,0.76);
#1174 = AXIS2_PLACEMENT_3D('',#1175,#1176,#1177);
#1175 = CARTESIAN_POINT('',(-0.429375402184,41.848108197627,17.));
#1176 = DIRECTION('',(0.,0.,-1.));
#1177 = DIRECTION('',(-0.999006472109,4.456533051997E-02,0.));
#1178 = ORIENTED_EDGE('',*,*,#1179,.T.);
#1179 = EDGE_CURVE('',#1171,#1180,#1182,.T.);
#1180 = VERTEX_POINT('',#1181);
#1181 = CARTESIAN_POINT('',(0.41188081164,42.607906815223,17.));
#1182 = CIRCLE('',#1183,17.396969596783);
#1183 = AXIS2_PLACEMENT_3D('',#1184,#1185,#1186);
#1184 = CARTESIAN_POINT('',(1.610633871203E-14,60.000000000013,17.));
#1185 = DIRECTION('',(0.,0.,1.));
#1186 = DIRECTION('',(-2.367543435356E-02,-0.999719697619,0.));
#1187 = ORIENTED_EDGE('',*,*,#1188,.T.);
#1188 = EDGE_CURVE('',#1180,#1189,#1191,.T.);
#1189 = VERTEX_POINT('',#1190);
#1190 = CARTESIAN_POINT('',(1.188620320987,41.881977848822,17.));
#1191 = CIRCLE('',#1192,0.76);
#1192 = AXIS2_PLACEMENT_3D('',#1193,#1194,#1195);
#1193 = CARTESIAN_POINT('',(0.429375402184,41.848108197627,17.));
#1194 = DIRECTION('',(0.,0.,-1.));
#1195 = DIRECTION('',(-2.301919808505E-02,0.999735023153,0.));
#1196 = ORIENTED_EDGE('',*,*,#1197,.T.);
#1197 = EDGE_CURVE('',#1189,#1198,#1200,.T.);
#1198 = VERTEX_POINT('',#1199);
#1199 = CARTESIAN_POINT('',(1.233859167124,41.212960938951,17.));
#1200 = LINE('',#1201,#1202);
#1201 = CARTESIAN_POINT('',(1.188620320987,41.881977848822,17.));
#1202 = VECTOR('',#1203,1.);
#1203 = DIRECTION('',(6.74658183596E-02,-0.997721586092,0.));
#1204 = ORIENTED_EDGE('',*,*,#1205,.T.);
#1205 = EDGE_CURVE('',#1198,#1206,#1208,.T.);
#1206 = VERTEX_POINT('',#1207);
#1207 = CARTESIAN_POINT('',(2.72165155253,38.272956289182,17.));
#1208 = B_SPLINE_CURVE_WITH_KNOTS('',4,(#1209,#1210,#1211,#1212,#1213),
  .UNSPECIFIED.,.F.,.F.,(5,5),(0.,1.),.PIECEWISE_BEZIER_KNOTS.);
#1209 = CARTESIAN_POINT('',(1.233859167124,41.212960938951,17.));
#1210 = CARTESIAN_POINT('',(1.254906536719,41.063282007858,17.));
#1211 = CARTESIAN_POINT('',(1.359492447373,40.467332653278,17.));
#1212 = CARTESIAN_POINT('',(1.78017660993,39.461627349688,17.));
#1213 = CARTESIAN_POINT('',(2.72165155253,38.272956289182,17.));
#1214 = ORIENTED_EDGE('',*,*,#1215,.T.);
#1215 = EDGE_CURVE('',#1206,#1216,#1218,.T.);
#1216 = VERTEX_POINT('',#1217);
#1217 = CARTESIAN_POINT('',(4.127302929648,38.495520279514,17.));
#1218 = CIRCLE('',#1219,21.896969596775);
#1219 = AXIS2_PLACEMENT_3D('',#1220,#1221,#1222);
#1220 = CARTESIAN_POINT('',(1.885562422728E-03,60.000361805744,17.));
#1221 = DIRECTION('',(-0.,0.,1.));
#1222 = DIRECTION('',(0.124207415007,-0.992256276401,0.));
#1223 = ORIENTED_EDGE('',*,*,#1224,.T.);
#1224 = EDGE_CURVE('',#1216,#1225,#1227,.T.);
#1225 = VERTEX_POINT('',#1226);
#1226 = CARTESIAN_POINT('',(4.632044542766,41.751180627791,17.));
#1227 = B_SPLINE_CURVE_WITH_KNOTS('',4,(#1228,#1229,#1230,#1231,#1232),
  .UNSPECIFIED.,.F.,.F.,(5,5),(0.,1.),.PIECEWISE_BEZIER_KNOTS.);
#1228 = CARTESIAN_POINT('',(4.127302929648,38.495520279514,17.));
#1229 = CARTESIAN_POINT('',(4.653657620722,39.916742031365,17.));
#1230 = CARTESIAN_POINT('',(4.742972004681,41.003223169312,17.));
#1231 = CARTESIAN_POINT('',(4.65828063817,41.602323510131,17.));
#1232 = CARTESIAN_POINT('',(4.632044542766,41.751180627791,17.));
#1233 = ORIENTED_EDGE('',*,*,#1234,.T.);
#1234 = EDGE_CURVE('',#1225,#1235,#1237,.T.);
#1235 = VERTEX_POINT('',#1236);
#1236 = CARTESIAN_POINT('',(4.4683316475,42.401433091698,17.));
#1237 = LINE('',#1238,#1239);
#1238 = CARTESIAN_POINT('',(4.632044542766,41.751180627791,17.));
#1239 = VECTOR('',#1240,1.);
#1240 = DIRECTION('',(-0.244149119579,0.969737700313,0.));
#1241 = ORIENTED_EDGE('',*,*,#1242,.T.);
#1242 = EDGE_CURVE('',#1235,#1243,#1245,.T.);
#1243 = VERTEX_POINT('',#1244);
#1244 = CARTESIAN_POINT('',(4.982730432002,43.331858274152,17.));
#1245 = CIRCLE('',#1246,0.76);
#1246 = AXIS2_PLACEMENT_3D('',#1247,#1248,#1249);
#1247 = CARTESIAN_POINT('',(5.200882772805,42.603840722027,17.));
#1248 = DIRECTION('',(0.,0.,-1.));
#1249 = DIRECTION('',(-0.963883059611,-0.26632582938,-0.));
#1250 = ORIENTED_EDGE('',*,*,#1251,.T.);
#1251 = EDGE_CURVE('',#1243,#1252,#1254,.T.);
#1252 = VERTEX_POINT('',#1253);
#1253 = CARTESIAN_POINT('',(5.766174291695,43.586414615059,17.));
#1254 = CIRCLE('',#1255,17.39696959679);
#1255 = AXIS2_PLACEMENT_3D('',#1256,#1257,#1258);
#1256 = CARTESIAN_POINT('',(-6.074849513271E-12,60.000000000019,17.));
#1257 = DIRECTION('',(-0.,0.,1.));
#1258 = DIRECTION('',(0.286413700058,-0.958106044454,0.));
#1259 = ORIENTED_EDGE('',*,*,#1260,.T.);
#1260 = EDGE_CURVE('',#1252,#1261,#1263,.T.);
#1261 = VERTEX_POINT('',#1262);
#1262 = CARTESIAN_POINT('',(6.729221850851,43.136040849786,17.));
#1263 = CIRCLE('',#1264,0.76);
#1264 = AXIS2_PLACEMENT_3D('',#1265,#1266,#1267);
#1265 = CARTESIAN_POINT('',(6.017603321173,42.86920931451,17.));
#1266 = DIRECTION('',(0.,0.,-1.));
#1267 = DIRECTION('',(-0.330827670365,0.943691184933,0.));
#1268 = ORIENTED_EDGE('',*,*,#1269,.T.);
#1269 = EDGE_CURVE('',#1261,#1270,#1272,.T.);
#1270 = VERTEX_POINT('',#1271);
#1271 = CARTESIAN_POINT('',(6.978984144934,42.513747530404,17.));
#1272 = LINE('',#1273,#1274);
#1273 = CARTESIAN_POINT('',(6.729221850851,43.136040849786,17.));
#1274 = VECTOR('',#1275,1.);
#1275 = DIRECTION('',(0.372476731935,-0.928041531488,0.));
#1276 = ORIENTED_EDGE('',*,*,#1277,.T.);
#1277 = EDGE_CURVE('',#1270,#1278,#1280,.T.);
#1278 = VERTEX_POINT('',#1279);
#1279 = CARTESIAN_POINT('',(9.302470188289,40.177390081495,17.));
#1280 = B_SPLINE_CURVE_WITH_KNOTS('',4,(#1281,#1282,#1283,#1284,#1285),
  .UNSPECIFIED.,.F.,.F.,(5,5),(0.,1.),.PIECEWISE_BEZIER_KNOTS.);
#1281 = CARTESIAN_POINT('',(6.978984144934,42.513747530404,17.));
#1282 = CARTESIAN_POINT('',(7.045254716346,42.377898402528,17.));
#1283 = CARTESIAN_POINT('',(7.328880306538,41.843435709237,17.));
#1284 = CARTESIAN_POINT('',(8.039754750783,41.016951682279,17.));
#1285 = CARTESIAN_POINT('',(9.302470188289,40.177390081495,17.));
#1286 = ORIENTED_EDGE('',*,*,#1287,.T.);
#1287 = EDGE_CURVE('',#1278,#1288,#1290,.T.);
#1288 = VERTEX_POINT('',#1289);
#1289 = CARTESIAN_POINT('',(10.570548034787,40.823431178489,17.));
#1290 = CIRCLE('',#1291,21.89696959677);
#1291 = AXIS2_PLACEMENT_3D('',#1292,#1293,#1294);
#1292 = CARTESIAN_POINT('',(1.681472307698E-03,60.000926768539,17.));
#1293 = DIRECTION('',(-0.,0.,1.));
#1294 = DIRECTION('',(0.424752323598,-0.905309595441,0.));
#1295 = ORIENTED_EDGE('',*,*,#1296,.T.);
#1296 = EDGE_CURVE('',#1288,#1297,#1299,.T.);
#1297 = VERTEX_POINT('',#1298);
#1298 = CARTESIAN_POINT('',(10.044531459459,44.075721903784,17.));
#1299 = B_SPLINE_CURVE_WITH_KNOTS('',4,(#1300,#1301,#1302,#1303,#1304),
  .UNSPECIFIED.,.F.,.F.,(5,5),(0.,1.),.PIECEWISE_BEZIER_KNOTS.);
#1300 = CARTESIAN_POINT('',(10.570548034787,40.823431178489,17.));
#1301 = CARTESIAN_POINT('',(10.631959419518,42.337745931298,17.));
#1302 = CARTESIAN_POINT('',(10.381161310689,43.39865055986,17.));
#1303 = CARTESIAN_POINT('',(10.115482848045,43.942257771382,17.));
#1304 = CARTESIAN_POINT('',(10.044531459459,44.075721903784,17.));
#1305 = ORIENTED_EDGE('',*,*,#1306,.T.);
#1306 = EDGE_CURVE('',#1297,#1307,#1309,.T.);
#1307 = VERTEX_POINT('',#1308);
#1308 = CARTESIAN_POINT('',(9.687892181633,44.643558679984,17.));
#1309 = LINE('',#1310,#1311);
#1310 = CARTESIAN_POINT('',(10.044531459459,44.075721903784,17.));
#1311 = VECTOR('',#1312,1.);
#1312 = DIRECTION('',(-0.531865040606,0.846829131868,0.));
#1313 = ORIENTED_EDGE('',*,*,#1314,.T.);
#1314 = EDGE_CURVE('',#1307,#1315,#1317,.T.);
#1315 = VERTEX_POINT('',#1316);
#1316 = CARTESIAN_POINT('',(9.889597304235,45.687403578979,17.));
#1317 = CIRCLE('',#1318,0.76);
#1318 = AXIS2_PLACEMENT_3D('',#1319,#1320,#1321);
#1319 = CARTESIAN_POINT('',(10.32204230531,45.062430522724,17.));
#1320 = DIRECTION('',(0.,0.,-1.));
#1321 = DIRECTION('',(-0.83440805747,-0.5511471615,-0.));
#1322 = ORIENTED_EDGE('',*,*,#1323,.T.);
#1323 = EDGE_CURVE('',#1315,#1324,#1326,.T.);
#1324 = VERTEX_POINT('',#1325);
#1325 = CARTESIAN_POINT('',(10.556034456782,46.171598512547,17.));
#1326 = CIRCLE('',#1327,17.396969596789);
#1327 = AXIS2_PLACEMENT_3D('',#1328,#1329,#1330);
#1328 = CARTESIAN_POINT('',(-1.109774842008E-11,60.000000000015,17.));
#1329 = DIRECTION('',(-0.,0.,1.));
#1330 = DIRECTION('',(0.568466665946,-0.82270629614,0.));
#1331 = ORIENTED_EDGE('',*,*,#1332,.T.);
#1332 = EDGE_CURVE('',#1324,#1333,#1335,.T.);
#1333 = VERTEX_POINT('',#1334);
#1334 = CARTESIAN_POINT('',(11.611120260709,46.040865670486,17.));
#1335 = CIRCLE('',#1336,0.76);
#1336 = AXIS2_PLACEMENT_3D('',#1337,#1338,#1339);
#1337 = CARTESIAN_POINT('',(11.016786299977,45.567191580926,17.));
#1338 = DIRECTION('',(0.,0.,-1.));
#1339 = DIRECTION('',(-0.606252425258,0.795272278449,0.));
#1340 = ORIENTED_EDGE('',*,*,#1341,.T.);
#1341 = EDGE_CURVE('',#1333,#1342,#1344,.T.);
#1342 = VERTEX_POINT('',#1343);
#1343 = CARTESIAN_POINT('',(12.040957529196,45.526210347467,17.));
#1344 = LINE('',#1345,#1346);
#1345 = CARTESIAN_POINT('',(11.611120260709,46.040865670486,17.));
#1346 = VECTOR('',#1347,1.);
#1347 = DIRECTION('',(0.641027027791,-0.767518305737,0.));
#1348 = ORIENTED_EDGE('',*,*,#1349,.T.);
#1349 = EDGE_CURVE('',#1342,#1350,#1352,.T.);
#1350 = VERTEX_POINT('',#1351);
#1351 = CARTESIAN_POINT('',(14.972698227897,44.022199044877,17.));
#1352 = B_SPLINE_CURVE_WITH_KNOTS('',4,(#1353,#1354,#1355,#1356,#1357),
  .UNSPECIFIED.,.F.,.F.,(5,5),(0.,1.),.PIECEWISE_BEZIER_KNOTS.);
#1353 = CARTESIAN_POINT('',(12.040957529196,45.526210347467,17.));
#1354 = CARTESIAN_POINT('',(12.145964277161,45.41748888196,17.));
#1355 = CARTESIAN_POINT('',(12.580866297987,44.996829782198,17.));
#1356 = CARTESIAN_POINT('',(13.512345680363,44.430469046885,17.));
#1357 = CARTESIAN_POINT('',(14.972698227897,44.022199044877,17.));
#1358 = ORIENTED_EDGE('',*,*,#1359,.T.);
#1359 = EDGE_CURVE('',#1350,#1360,#1362,.T.);
#1360 = VERTEX_POINT('',#1361);
#1361 = CARTESIAN_POINT('',(15.979074248943,45.028478244726,17.));
#1362 = CIRCLE('',#1363,21.896969596772);
#1363 = AXIS2_PLACEMENT_3D('',#1364,#1365,#1366);
#1364 = CARTESIAN_POINT('',(1.312787965428E-03,60.001401012778,17.));
#1365 = DIRECTION('',(-0.,0.,1.));
#1366 = DIRECTION('',(0.683719515331,-0.729744903617,0.));
#1367 = ORIENTED_EDGE('',*,*,#1368,.T.);
#1368 = EDGE_CURVE('',#1360,#1369,#1371,.T.);
#1369 = VERTEX_POINT('',#1370);
#1370 = CARTESIAN_POINT('',(14.473789652533,47.959042470804,17.));
#1371 = B_SPLINE_CURVE_WITH_KNOTS('',4,(#1372,#1373,#1374,#1375,#1376),
  .UNSPECIFIED.,.F.,.F.,(5,5),(0.,1.),.PIECEWISE_BEZIER_KNOTS.);
#1372 = CARTESIAN_POINT('',(15.979074248943,45.028478244726,17.));
#1373 = CARTESIAN_POINT('',(15.569530953115,46.487654319637,17.));
#1374 = CARTESIAN_POINT('',(15.003170217802,47.419133702013,17.));
#1375 = CARTESIAN_POINT('',(14.58251111804,47.854035722839,17.));
#1376 = CARTESIAN_POINT('',(14.473789652533,47.959042470804,17.));
#1377 = ORIENTED_EDGE('',*,*,#1378,.T.);
#1378 = EDGE_CURVE('',#1369,#1379,#1381,.T.);
#1379 = VERTEX_POINT('',#1380);
#1380 = CARTESIAN_POINT('',(13.959134329514,48.388879739291,17.));
#1381 = LINE('',#1382,#1383);
#1382 = CARTESIAN_POINT('',(14.473789652533,47.959042470804,17.));
#1383 = VECTOR('',#1384,1.);
#1384 = DIRECTION('',(-0.767518305737,0.641027027791,0.));
#1385 = ORIENTED_EDGE('',*,*,#1386,.T.);
#1386 = EDGE_CURVE('',#1379,#1387,#1389,.T.);
#1387 = VERTEX_POINT('',#1388);
#1388 = CARTESIAN_POINT('',(13.828401487453,49.443965543218,17.));
#1389 = CIRCLE('',#1390,0.76);
#1390 = AXIS2_PLACEMENT_3D('',#1391,#1392,#1393);
#1391 = CARTESIAN_POINT('',(14.432808419074,48.983213700023,17.));
#1392 = DIRECTION('',(0.,0.,-1.));
#1393 = DIRECTION('',(-0.623255381001,-0.782018369384,-0.));
#1394 = ORIENTED_EDGE('',*,*,#1395,.T.);
#1395 = EDGE_CURVE('',#1387,#1396,#1398,.T.);
#1396 = VERTEX_POINT('',#1397);
#1397 = CARTESIAN_POINT('',(14.312596421021,50.110402695765,17.));
#1398 = CIRCLE('',#1399,17.396969596769);
#1399 = AXIS2_PLACEMENT_3D('',#1400,#1401,#1402);
#1400 = CARTESIAN_POINT('',(9.784201230895E-13,59.999999999999,17.));
#1401 = DIRECTION('',(-0.,0.,1.));
#1402 = DIRECTION('',(0.794874153831,-0.606774323428,0.));
#1403 = ORIENTED_EDGE('',*,*,#1404,.T.);
#1404 = EDGE_CURVE('',#1396,#1405,#1407,.T.);
#1405 = VERTEX_POINT('',#1406);
#1406 = CARTESIAN_POINT('',(15.356441320016,50.312107818367,17.));
#1407 = CIRCLE('',#1408,0.76);
#1408 = AXIS2_PLACEMENT_3D('',#1409,#1410,#1411);
#1409 = CARTESIAN_POINT('',(14.937569477276,49.67795769469,17.));
#1410 = DIRECTION('',(0.,0.,-1.));
#1411 = DIRECTION('',(-0.822332968757,0.569006580362,0.));
#1412 = ORIENTED_EDGE('',*,*,#1413,.T.);
#1413 = EDGE_CURVE('',#1405,#1414,#1416,.T.);
#1414 = VERTEX_POINT('',#1415);
#1415 = CARTESIAN_POINT('',(15.924278096216,49.955468540541,17.));
#1416 = LINE('',#1417,#1418);
#1417 = CARTESIAN_POINT('',(15.356441320016,50.312107818367,17.));
#1418 = VECTOR('',#1419,1.);
#1419 = DIRECTION('',(0.846829131868,-0.531865040606,0.));
#1420 = ORIENTED_EDGE('',*,*,#1421,.T.);
#1421 = EDGE_CURVE('',#1414,#1422,#1424,.T.);
#1422 = VERTEX_POINT('',#1423);
#1423 = CARTESIAN_POINT('',(19.177294244035,49.431026489631,17.));
#1424 = B_SPLINE_CURVE_WITH_KNOTS('',4,(#1425,#1426,#1427,#1428,#1429),
  .UNSPECIFIED.,.F.,.F.,(5,5),(0.,1.),.PIECEWISE_BEZIER_KNOTS.);
#1425 = CARTESIAN_POINT('',(15.924278096216,49.955468540541,17.));
#1426 = CARTESIAN_POINT('',(16.057742228618,49.884517151955,17.));
#1427 = CARTESIAN_POINT('',(16.60134944014,49.618838689311,17.));
#1428 = CARTESIAN_POINT('',(17.662254068702,49.368040580482,17.));
#1429 = CARTESIAN_POINT('',(19.177294244035,49.431026489631,17.));
#1430 = ORIENTED_EDGE('',*,*,#1431,.T.);
#1431 = EDGE_CURVE('',#1422,#1432,#1434,.T.);
#1432 = VERTEX_POINT('',#1433);
#1433 = CARTESIAN_POINT('',(19.823457342855,50.699042173094,17.));
#1434 = CIRCLE('',#1435,21.896969596774);
#1435 = AXIS2_PLACEMENT_3D('',#1436,#1437,#1438);
#1436 = CARTESIAN_POINT('',(8.155987897368E-04,60.001738116124,17.));
#1437 = DIRECTION('',(-0.,0.,1.));
#1438 = DIRECTION('',(0.87575947715,-0.482747696195,0.));
#1439 = ORIENTED_EDGE('',*,*,#1440,.T.);
#1440 = EDGE_CURVE('',#1432,#1441,#1443,.T.);
#1441 = VERTEX_POINT('',#1442);
#1442 = CARTESIAN_POINT('',(17.486252469596,53.021015855066,17.));
#1443 = B_SPLINE_CURVE_WITH_KNOTS('',4,(#1444,#1445,#1446,#1447,#1448),
  .UNSPECIFIED.,.F.,.F.,(5,5),(0.,1.),.PIECEWISE_BEZIER_KNOTS.);
#1444 = CARTESIAN_POINT('',(19.823457342855,50.699042173094,17.));
#1445 = CARTESIAN_POINT('',(18.983048317721,51.960245249217,17.));
#1446 = CARTESIAN_POINT('',(18.156564290763,52.671119693462,17.));
#1447 = CARTESIAN_POINT('',(17.622101597472,52.954745283654,17.));
#1448 = CARTESIAN_POINT('',(17.486252469596,53.021015855066,17.));
#1449 = ORIENTED_EDGE('',*,*,#1450,.T.);
#1450 = EDGE_CURVE('',#1441,#1451,#1453,.T.);
#1451 = VERTEX_POINT('',#1452);
#1452 = CARTESIAN_POINT('',(16.863959150214,53.270778149149,17.));
#1453 = LINE('',#1454,#1455);
#1454 = CARTESIAN_POINT('',(17.486252469596,53.021015855066,17.));
#1455 = VECTOR('',#1456,1.);
#1456 = DIRECTION('',(-0.928041531488,0.372476731935,0.));
#1457 = ORIENTED_EDGE('',*,*,#1458,.T.);
#1458 = EDGE_CURVE('',#1451,#1459,#1461,.T.);
#1459 = VERTEX_POINT('',#1460);
#1460 = CARTESIAN_POINT('',(16.413585384941,54.233825708305,17.));
#1461 = CIRCLE('',#1462,0.76);
#1462 = AXIS2_PLACEMENT_3D('',#1463,#1464,#1465);
#1463 = CARTESIAN_POINT('',(17.13079068549,53.982396678827,17.));
#1464 = DIRECTION('',(0.,0.,-1.));
#1465 = DIRECTION('',(-0.351094125364,-0.93634017063,-0.));
#1466 = ORIENTED_EDGE('',*,*,#1467,.T.);
#1467 = EDGE_CURVE('',#1459,#1468,#1470,.T.);
#1468 = VERTEX_POINT('',#1469);
#1469 = CARTESIAN_POINT('',(16.668141725848,55.017269567998,17.));
#1470 = CIRCLE('',#1471,17.396969596782);
#1471 = AXIS2_PLACEMENT_3D('',#1472,#1473,#1474);
#1472 = CARTESIAN_POINT('',(-1.121527099042E-11,60.000000000004,17.));
#1473 = DIRECTION('',(-0.,0.,1.));
#1474 = DIRECTION('',(0.943473821325,-0.331447052294,0.));
#1475 = ORIENTED_EDGE('',*,*,#1476,.T.);
#1476 = EDGE_CURVE('',#1468,#1477,#1479,.T.);
#1477 = VERTEX_POINT('',#1478);
#1478 = CARTESIAN_POINT('',(17.598566908302,55.5316683525,17.));
#1479 = CIRCLE('',#1480,0.76);
#1480 = AXIS2_PLACEMENT_3D('',#1481,#1482,#1483);
#1481 = CARTESIAN_POINT('',(17.396159277973,54.799117227195,17.));
#1482 = DIRECTION('',(0.,0.,-1.));
#1483 = DIRECTION('',(-0.957917831744,0.287042553688,0.));
#1484 = ORIENTED_EDGE('',*,*,#1485,.T.);
#1485 = EDGE_CURVE('',#1477,#1486,#1488,.T.);
#1486 = VERTEX_POINT('',#1487);
#1487 = CARTESIAN_POINT('',(18.248819372209,55.367955457234,17.));
#1488 = LINE('',#1489,#1490);
#1489 = CARTESIAN_POINT('',(17.598566908302,55.5316683525,17.));
#1490 = VECTOR('',#1491,1.);
#1491 = DIRECTION('',(0.969737700313,-0.244149119579,0.));
#1492 = ORIENTED_EDGE('',*,*,#1493,.T.);
#1493 = EDGE_CURVE('',#1486,#1494,#1496,.T.);
#1494 = VERTEX_POINT('',#1495);
#1495 = CARTESIAN_POINT('',(21.504683083502,55.874418699948,17.));
#1496 = B_SPLINE_CURVE_WITH_KNOTS('',4,(#1497,#1498,#1499,#1500,#1501),
  .UNSPECIFIED.,.F.,.F.,(5,5),(0.,1.),.PIECEWISE_BEZIER_KNOTS.);
#1497 = CARTESIAN_POINT('',(18.248819372209,55.367955457234,17.));
#1498 = CARTESIAN_POINT('',(18.397676489869,55.34171936183,17.));
#1499 = CARTESIAN_POINT('',(18.996776830688,55.257027995319,17.));
#1500 = CARTESIAN_POINT('',(20.083257968635,55.346342379278,17.));
#1501 = CARTESIAN_POINT('',(21.504683083502,55.874418699948,17.));
#1502 = ORIENTED_EDGE('',*,*,#1503,.T.);
#1503 = EDGE_CURVE('',#1494,#1504,#1506,.T.);
#1504 = VERTEX_POINT('',#1505);
#1505 = CARTESIAN_POINT('',(21.7273823139,57.280048657144,17.));
#1506 = CIRCLE('',#1507,21.896969596778);
#1507 = AXIS2_PLACEMENT_3D('',#1508,#1509,#1510);
#1508 = CARTESIAN_POINT('',(2.385731192415E-04,60.001905080553,17.));
#1509 = DIRECTION('',(-0.,0.,1.));
#1510 = DIRECTION('',(0.982073999571,-0.188495780768,0.));
#1511 = ORIENTED_EDGE('',*,*,#1512,.T.);
#1512 = EDGE_CURVE('',#1504,#1513,#1515,.T.);
#1513 = VERTEX_POINT('',#1514);
#1514 = CARTESIAN_POINT('',(18.787039061049,58.766140832876,17.));
#1515 = B_SPLINE_CURVE_WITH_KNOTS('',4,(#1516,#1517,#1518,#1519,#1520),
  .UNSPECIFIED.,.F.,.F.,(5,5),(0.,1.),.PIECEWISE_BEZIER_KNOTS.);
#1516 = CARTESIAN_POINT('',(21.7273823139,57.280048657144,17.));
#1517 = CARTESIAN_POINT('',(20.538372650312,58.21982339007,17.));
#1518 = CARTESIAN_POINT('',(19.532667346722,58.640507552627,17.));
#1519 = CARTESIAN_POINT('',(18.936717992142,58.745093463281,17.));
#1520 = CARTESIAN_POINT('',(18.787039061049,58.766140832876,17.));
#1521 = ORIENTED_EDGE('',*,*,#1522,.T.);
#1522 = EDGE_CURVE('',#1513,#1523,#1525,.T.);
#1523 = VERTEX_POINT('',#1524);
#1524 = CARTESIAN_POINT('',(18.118022151178,58.811379679013,17.));
#1525 = LINE('',#1526,#1527);
#1526 = CARTESIAN_POINT('',(18.787039061049,58.766140832876,17.));
#1527 = VECTOR('',#1528,1.);
#1528 = DIRECTION('',(-0.997721586092,6.746581835959E-02,0.));
#1529 = ORIENTED_EDGE('',*,*,#1530,.T.);
#1530 = EDGE_CURVE('',#1523,#1531,#1533,.T.);
#1531 = VERTEX_POINT('',#1532);
#1532 = CARTESIAN_POINT('',(17.392093184777,59.58811918836,17.));
#1533 = CIRCLE('',#1534,0.76);
#1534 = AXIS2_PLACEMENT_3D('',#1535,#1536,#1537);
#1535 = CARTESIAN_POINT('',(18.151891802373,59.570624597816,17.));
#1536 = DIRECTION('',(0.,0.,-1.));
#1537 = DIRECTION('',(-4.456533051997E-02,-0.999006472109,-0.));
#1538 = ORIENTED_EDGE('',*,*,#1539,.T.);
#1539 = EDGE_CURVE('',#1531,#62,#1540,.T.);
#1540 = CIRCLE('',#1541,17.396969596783);
#1541 = AXIS2_PLACEMENT_3D('',#1542,#1543,#1544);
#1542 = CARTESIAN_POINT('',(-1.272679495897E-11,60.,17.));
#1543 = DIRECTION('',(-0.,0.,1.));
#1544 = DIRECTION('',(0.999719697619,-2.367543435356E-02,0.));
#1545 = ORIENTED_EDGE('',*,*,#79,.T.);
#1546 = PLANE('',#1547);
#1547 = AXIS2_PLACEMENT_3D('',#1548,#1549,#1550);
#1548 = CARTESIAN_POINT('',(1.424441388415E-15,60.,17.));
#1549 = DIRECTION('',(0.,0.,1.));
#1550 = DIRECTION('',(0.987688340595,0.15643446504,0.));
#1551 = ADVANCED_FACE('',(#1552,#2968),#2979,.T.);
#1552 = FACE_BOUND('',#1553,.T.);
#1553 = EDGE_LOOP('',(#1554,#1555,#1556,#1565,#1575,#1583,#1592,#1601,
    #1610,#1618,#1628,#1637,#1647,#1655,#1664,#1673,#1682,#1690,#1700,
    #1709,#1719,#1727,#1736,#1745,#1754,#1762,#1772,#1781,#1791,#1799,
    #1808,#1817,#1826,#1834,#1844,#1853,#1863,#1871,#1880,#1889,#1898,
    #1906,#1916,#1925,#1935,#1943,#1952,#1961,#1970,#1978,#1988,#1997,
    #2007,#2015,#2024,#2033,#2042,#2050,#2060,#2069,#2079,#2087,#2096,
    #2105,#2114,#2122,#2132,#2141,#2151,#2159,#2168,#2177,#2186,#2194,
    #2204,#2213,#2223,#2231,#2240,#2249,#2258,#2266,#2276,#2285,#2295,
    #2303,#2312,#2321,#2330,#2338,#2348,#2357,#2367,#2375,#2384,#2393,
    #2402,#2410,#2420,#2429,#2439,#2447,#2456,#2465,#2474,#2482,#2492,
    #2501,#2511,#2519,#2528,#2537,#2546,#2554,#2564,#2573,#2583,#2591,
    #2600,#2609,#2618,#2626,#2636,#2645,#2655,#2663,#2672,#2681,#2690,
    #2698,#2708,#2717,#2727,#2735,#2744,#2753,#2762,#2770,#2780,#2789,
    #2799,#2807,#2816,#2825,#2834,#2842,#2852,#2861,#2871,#2879,#2888,
    #2897,#2906,#2914,#2924,#2933,#2943,#2951,#2960,#2967));
#1554 = ORIENTED_EDGE('',*,*,#31,.T.);
#1555 = ORIENTED_EDGE('',*,*,#95,.T.);
#1556 = ORIENTED_EDGE('',*,*,#1557,.T.);
#1557 = EDGE_CURVE('',#96,#1558,#1560,.T.);
#1558 = VERTEX_POINT('',#1559);
#1559 = CARTESIAN_POINT('',(21.504479720486,64.127302929648,29.));
#1560 = CIRCLE('',#1561,21.896969596775);
#1561 = AXIS2_PLACEMENT_3D('',#1562,#1563,#1564);
#1562 = CARTESIAN_POINT('',(-3.618057442067E-04,60.001885562423,29.));
#1563 = DIRECTION('',(0.,-0.,1.));
#1564 = DIRECTION('',(0.992256276401,0.124207415007,0.));
#1565 = ORIENTED_EDGE('',*,*,#1566,.T.);
#1566 = EDGE_CURVE('',#1558,#1567,#1569,.T.);
#1567 = VERTEX_POINT('',#1568);
#1568 = CARTESIAN_POINT('',(18.248819372209,64.632044542766,29.));
#1569 = B_SPLINE_CURVE_WITH_KNOTS('',4,(#1570,#1571,#1572,#1573,#1574),
  .UNSPECIFIED.,.F.,.F.,(5,5),(0.,1.),.PIECEWISE_BEZIER_KNOTS.);
#1570 = CARTESIAN_POINT('',(21.504479720486,64.127302929648,29.));
#1571 = CARTESIAN_POINT('',(20.083257968635,64.653657620722,29.));
#1572 = CARTESIAN_POINT('',(18.996776830688,64.742972004681,29.));
#1573 = CARTESIAN_POINT('',(18.397676489869,64.65828063817,29.));
#1574 = CARTESIAN_POINT('',(18.248819372209,64.632044542766,29.));
#1575 = ORIENTED_EDGE('',*,*,#1576,.T.);
#1576 = EDGE_CURVE('',#1567,#1577,#1579,.T.);
#1577 = VERTEX_POINT('',#1578);
#1578 = CARTESIAN_POINT('',(17.598566908302,64.4683316475,29.));
#1579 = LINE('',#1580,#1581);
#1580 = CARTESIAN_POINT('',(18.248819372209,64.632044542766,29.));
#1581 = VECTOR('',#1582,1.);
#1582 = DIRECTION('',(-0.969737700313,-0.244149119579,0.));
#1583 = ORIENTED_EDGE('',*,*,#1584,.T.);
#1584 = EDGE_CURVE('',#1577,#1585,#1587,.T.);
#1585 = VERTEX_POINT('',#1586);
#1586 = CARTESIAN_POINT('',(16.668141725848,64.982730432002,29.));
#1587 = CIRCLE('',#1588,0.76);
#1588 = AXIS2_PLACEMENT_3D('',#1589,#1590,#1591);
#1589 = CARTESIAN_POINT('',(17.396159277973,65.200882772805,29.));
#1590 = DIRECTION('',(0.,0.,-1.));
#1591 = DIRECTION('',(0.26632582938,-0.963883059611,0.));
#1592 = ORIENTED_EDGE('',*,*,#1593,.T.);
#1593 = EDGE_CURVE('',#1585,#1594,#1596,.T.);
#1594 = VERTEX_POINT('',#1595);
#1595 = CARTESIAN_POINT('',(16.413585384941,65.766174291695,29.));
#1596 = CIRCLE('',#1597,17.39696959679);
#1597 = AXIS2_PLACEMENT_3D('',#1598,#1599,#1600);
#1598 = CARTESIAN_POINT('',(-1.862571161502E-11,59.999999999994,29.));
#1599 = DIRECTION('',(0.,-0.,1.));
#1600 = DIRECTION('',(0.958106044454,0.286413700058,0.));
#1601 = ORIENTED_EDGE('',*,*,#1602,.T.);
#1602 = EDGE_CURVE('',#1594,#1603,#1605,.T.);
#1603 = VERTEX_POINT('',#1604);
#1604 = CARTESIAN_POINT('',(16.863959150214,66.729221850851,29.));
#1605 = CIRCLE('',#1606,0.76);
#1606 = AXIS2_PLACEMENT_3D('',#1607,#1608,#1609);
#1607 = CARTESIAN_POINT('',(17.13079068549,66.017603321173,29.));
#1608 = DIRECTION('',(0.,0.,-1.));
#1609 = DIRECTION('',(-0.943691184933,-0.330827670365,-0.));
#1610 = ORIENTED_EDGE('',*,*,#1611,.T.);
#1611 = EDGE_CURVE('',#1603,#1612,#1614,.T.);
#1612 = VERTEX_POINT('',#1613);
#1613 = CARTESIAN_POINT('',(17.486252469596,66.978984144934,29.));
#1614 = LINE('',#1615,#1616);
#1615 = CARTESIAN_POINT('',(16.863959150214,66.729221850851,29.));
#1616 = VECTOR('',#1617,1.);
#1617 = DIRECTION('',(0.928041531488,0.372476731935,0.));
#1618 = ORIENTED_EDGE('',*,*,#1619,.T.);
#1619 = EDGE_CURVE('',#1612,#1620,#1622,.T.);
#1620 = VERTEX_POINT('',#1621);
#1621 = CARTESIAN_POINT('',(19.822609918505,69.302470188289,29.));
#1622 = B_SPLINE_CURVE_WITH_KNOTS('',4,(#1623,#1624,#1625,#1626,#1627),
  .UNSPECIFIED.,.F.,.F.,(5,5),(0.,1.),.PIECEWISE_BEZIER_KNOTS.);
#1623 = CARTESIAN_POINT('',(17.486252469596,66.978984144934,29.));
#1624 = CARTESIAN_POINT('',(17.622101597472,67.045254716346,29.));
#1625 = CARTESIAN_POINT('',(18.156564290763,67.328880306538,29.));
#1626 = CARTESIAN_POINT('',(18.983048317721,68.039754750783,29.));
#1627 = CARTESIAN_POINT('',(19.822609918505,69.302470188289,29.));
#1628 = ORIENTED_EDGE('',*,*,#1629,.T.);
#1629 = EDGE_CURVE('',#1620,#1630,#1632,.T.);
#1630 = VERTEX_POINT('',#1631);
#1631 = CARTESIAN_POINT('',(19.176568821511,70.570548034787,29.));
#1632 = CIRCLE('',#1633,21.896969596769);
#1633 = AXIS2_PLACEMENT_3D('',#1634,#1635,#1636);
#1634 = CARTESIAN_POINT('',(-9.267685375517E-04,60.001681472308,29.));
#1635 = DIRECTION('',(0.,-0.,1.));
#1636 = DIRECTION('',(0.905309595441,0.424752323598,0.));
#1637 = ORIENTED_EDGE('',*,*,#1638,.T.);
#1638 = EDGE_CURVE('',#1630,#1639,#1641,.T.);
#1639 = VERTEX_POINT('',#1640);
#1640 = CARTESIAN_POINT('',(15.924278096216,70.044531459459,29.));
#1641 = B_SPLINE_CURVE_WITH_KNOTS('',4,(#1642,#1643,#1644,#1645,#1646),
  .UNSPECIFIED.,.F.,.F.,(5,5),(0.,1.),.PIECEWISE_BEZIER_KNOTS.);
#1642 = CARTESIAN_POINT('',(19.176568821511,70.570548034787,29.));
#1643 = CARTESIAN_POINT('',(17.662254068702,70.631959419518,29.));
#1644 = CARTESIAN_POINT('',(16.60134944014,70.381161310689,29.));
#1645 = CARTESIAN_POINT('',(16.057742228618,70.115482848045,29.));
#1646 = CARTESIAN_POINT('',(15.924278096216,70.044531459459,29.));
#1647 = ORIENTED_EDGE('',*,*,#1648,.T.);
#1648 = EDGE_CURVE('',#1639,#1649,#1651,.T.);
#1649 = VERTEX_POINT('',#1650);
#1650 = CARTESIAN_POINT('',(15.356441320016,69.687892181633,29.));
#1651 = LINE('',#1652,#1653);
#1652 = CARTESIAN_POINT('',(15.924278096216,70.044531459459,29.));
#1653 = VECTOR('',#1654,1.);
#1654 = DIRECTION('',(-0.846829131868,-0.531865040606,0.));
#1655 = ORIENTED_EDGE('',*,*,#1656,.T.);
#1656 = EDGE_CURVE('',#1649,#1657,#1659,.T.);
#1657 = VERTEX_POINT('',#1658);
#1658 = CARTESIAN_POINT('',(14.312596421021,69.889597304235,29.));
#1659 = CIRCLE('',#1660,0.76);
#1660 = AXIS2_PLACEMENT_3D('',#1661,#1662,#1663);
#1661 = CARTESIAN_POINT('',(14.937569477276,70.32204230531,29.));
#1662 = DIRECTION('',(0.,-0.,-1.));
#1663 = DIRECTION('',(0.5511471615,-0.83440805747,0.));
#1664 = ORIENTED_EDGE('',*,*,#1665,.T.);
#1665 = EDGE_CURVE('',#1657,#1666,#1668,.T.);
#1666 = VERTEX_POINT('',#1667);
#1667 = CARTESIAN_POINT('',(13.828401487453,70.556034456782,29.));
#1668 = CIRCLE('',#1669,17.396969596788);
#1669 = AXIS2_PLACEMENT_3D('',#1670,#1671,#1672);
#1670 = CARTESIAN_POINT('',(-1.414462432823E-11,59.99999999999,29.));
#1671 = DIRECTION('',(0.,-0.,1.));
#1672 = DIRECTION('',(0.82270629614,0.568466665946,0.));
#1673 = ORIENTED_EDGE('',*,*,#1674,.T.);
#1674 = EDGE_CURVE('',#1666,#1675,#1677,.T.);
#1675 = VERTEX_POINT('',#1676);
#1676 = CARTESIAN_POINT('',(13.959134329514,71.611120260709,29.));
#1677 = CIRCLE('',#1678,0.76);
#1678 = AXIS2_PLACEMENT_3D('',#1679,#1680,#1681);
#1679 = CARTESIAN_POINT('',(14.432808419074,71.016786299977,29.));
#1680 = DIRECTION('',(0.,0.,-1.));
#1681 = DIRECTION('',(-0.795272278449,-0.606252425258,-0.));
#1682 = ORIENTED_EDGE('',*,*,#1683,.T.);
#1683 = EDGE_CURVE('',#1675,#1684,#1686,.T.);
#1684 = VERTEX_POINT('',#1685);
#1685 = CARTESIAN_POINT('',(14.473789652533,72.040957529196,29.));
#1686 = LINE('',#1687,#1688);
#1687 = CARTESIAN_POINT('',(13.959134329514,71.611120260709,29.));
#1688 = VECTOR('',#1689,1.);
#1689 = DIRECTION('',(0.767518305737,0.641027027791,0.));
#1690 = ORIENTED_EDGE('',*,*,#1691,.T.);
#1691 = EDGE_CURVE('',#1684,#1692,#1694,.T.);
#1692 = VERTEX_POINT('',#1693);
#1693 = CARTESIAN_POINT('',(15.977800955123,74.972698227897,29.));
#1694 = B_SPLINE_CURVE_WITH_KNOTS('',4,(#1695,#1696,#1697,#1698,#1699),
  .UNSPECIFIED.,.F.,.F.,(5,5),(0.,1.),.PIECEWISE_BEZIER_KNOTS.);
#1695 = CARTESIAN_POINT('',(14.473789652533,72.040957529196,29.));
#1696 = CARTESIAN_POINT('',(14.58251111804,72.145964277161,29.));
#1697 = CARTESIAN_POINT('',(15.003170217802,72.580866297987,29.));
#1698 = CARTESIAN_POINT('',(15.569530953115,73.512345680363,29.));
#1699 = CARTESIAN_POINT('',(15.977800955123,74.972698227897,29.));
#1700 = ORIENTED_EDGE('',*,*,#1701,.T.);
#1701 = EDGE_CURVE('',#1692,#1702,#1704,.T.);
#1702 = VERTEX_POINT('',#1703);
#1703 = CARTESIAN_POINT('',(14.971521755274,75.979074248943,29.));
#1704 = CIRCLE('',#1705,21.896969596773);
#1705 = AXIS2_PLACEMENT_3D('',#1706,#1707,#1708);
#1706 = CARTESIAN_POINT('',(-1.401012778889E-03,60.001312787965,29.));
#1707 = DIRECTION('',(0.,-0.,1.));
#1708 = DIRECTION('',(0.729744903617,0.683719515331,0.));
#1709 = ORIENTED_EDGE('',*,*,#1710,.T.);
#1710 = EDGE_CURVE('',#1702,#1711,#1713,.T.);
#1711 = VERTEX_POINT('',#1712);
#1712 = CARTESIAN_POINT('',(12.040957529196,74.473789652533,29.));
#1713 = B_SPLINE_CURVE_WITH_KNOTS('',4,(#1714,#1715,#1716,#1717,#1718),
  .UNSPECIFIED.,.F.,.F.,(5,5),(0.,1.),.PIECEWISE_BEZIER_KNOTS.);
#1714 = CARTESIAN_POINT('',(14.971521755274,75.979074248943,29.));
#1715 = CARTESIAN_POINT('',(13.512345680363,75.569530953115,29.));
#1716 = CARTESIAN_POINT('',(12.580866297987,75.003170217802,29.));
#1717 = CARTESIAN_POINT('',(12.145964277161,74.58251111804,29.));
#1718 = CARTESIAN_POINT('',(12.040957529196,74.473789652533,29.));
#1719 = ORIENTED_EDGE('',*,*,#1720,.T.);
#1720 = EDGE_CURVE('',#1711,#1721,#1723,.T.);
#1721 = VERTEX_POINT('',#1722);
#1722 = CARTESIAN_POINT('',(11.611120260709,73.959134329514,29.));
#1723 = LINE('',#1724,#1725);
#1724 = CARTESIAN_POINT('',(12.040957529196,74.473789652533,29.));
#1725 = VECTOR('',#1726,1.);
#1726 = DIRECTION('',(-0.641027027791,-0.767518305737,0.));
#1727 = ORIENTED_EDGE('',*,*,#1728,.T.);
#1728 = EDGE_CURVE('',#1721,#1729,#1731,.T.);
#1729 = VERTEX_POINT('',#1730);
#1730 = CARTESIAN_POINT('',(10.556034456782,73.828401487453,29.));
#1731 = CIRCLE('',#1732,0.76);
#1732 = AXIS2_PLACEMENT_3D('',#1733,#1734,#1735);
#1733 = CARTESIAN_POINT('',(11.016786299977,74.432808419074,29.));
#1734 = DIRECTION('',(0.,-0.,-1.));
#1735 = DIRECTION('',(0.782018369384,-0.623255381001,0.));
#1736 = ORIENTED_EDGE('',*,*,#1737,.T.);
#1737 = EDGE_CURVE('',#1729,#1738,#1740,.T.);
#1738 = VERTEX_POINT('',#1739);
#1739 = CARTESIAN_POINT('',(9.889597304235,74.312596421021,29.));
#1740 = CIRCLE('',#1741,17.396969596769);
#1741 = AXIS2_PLACEMENT_3D('',#1742,#1743,#1744);
#1742 = CARTESIAN_POINT('',(7.456139091368E-13,60.000000000001,29.));
#1743 = DIRECTION('',(0.,-0.,1.));
#1744 = DIRECTION('',(0.606774323428,0.794874153831,0.));
#1745 = ORIENTED_EDGE('',*,*,#1746,.T.);
#1746 = EDGE_CURVE('',#1738,#1747,#1749,.T.);
#1747 = VERTEX_POINT('',#1748);
#1748 = CARTESIAN_POINT('',(9.687892181633,75.356441320016,29.));
#1749 = CIRCLE('',#1750,0.76);
#1750 = AXIS2_PLACEMENT_3D('',#1751,#1752,#1753);
#1751 = CARTESIAN_POINT('',(10.32204230531,74.937569477276,29.));
#1752 = DIRECTION('',(0.,0.,-1.));
#1753 = DIRECTION('',(-0.569006580362,-0.822332968757,-0.));
#1754 = ORIENTED_EDGE('',*,*,#1755,.T.);
#1755 = EDGE_CURVE('',#1747,#1756,#1758,.T.);
#1756 = VERTEX_POINT('',#1757);
#1757 = CARTESIAN_POINT('',(10.044531459459,75.924278096216,29.));
#1758 = LINE('',#1759,#1760);
#1759 = CARTESIAN_POINT('',(9.687892181633,75.356441320016,29.));
#1760 = VECTOR('',#1761,1.);
#1761 = DIRECTION('',(0.531865040606,0.846829131868,0.));
#1762 = ORIENTED_EDGE('',*,*,#1763,.T.);
#1763 = EDGE_CURVE('',#1756,#1764,#1766,.T.);
#1764 = VERTEX_POINT('',#1765);
#1765 = CARTESIAN_POINT('',(10.568973510369,79.177294244035,29.));
#1766 = B_SPLINE_CURVE_WITH_KNOTS('',4,(#1767,#1768,#1769,#1770,#1771),
  .UNSPECIFIED.,.F.,.F.,(5,5),(0.,1.),.PIECEWISE_BEZIER_KNOTS.);
#1767 = CARTESIAN_POINT('',(10.044531459459,75.924278096216,29.));
#1768 = CARTESIAN_POINT('',(10.115482848045,76.057742228618,29.));
#1769 = CARTESIAN_POINT('',(10.381161310689,76.60134944014,29.));
#1770 = CARTESIAN_POINT('',(10.631959419518,77.662254068702,29.));
#1771 = CARTESIAN_POINT('',(10.568973510369,79.177294244035,29.));
#1772 = ORIENTED_EDGE('',*,*,#1773,.T.);
#1773 = EDGE_CURVE('',#1764,#1774,#1776,.T.);
#1774 = VERTEX_POINT('',#1775);
#1775 = CARTESIAN_POINT('',(9.300957826906,79.823457342855,29.));
#1776 = CIRCLE('',#1777,21.896969596778);
#1777 = AXIS2_PLACEMENT_3D('',#1778,#1779,#1780);
#1778 = CARTESIAN_POINT('',(-1.738116125688E-03,60.000815598786,29.));
#1779 = DIRECTION('',(0.,-0.,1.));
#1780 = DIRECTION('',(0.482747696195,0.87575947715,0.));
#1781 = ORIENTED_EDGE('',*,*,#1782,.T.);
#1782 = EDGE_CURVE('',#1774,#1783,#1785,.T.);
#1783 = VERTEX_POINT('',#1784);
#1784 = CARTESIAN_POINT('',(6.978984144934,77.486252469596,29.));
#1785 = B_SPLINE_CURVE_WITH_KNOTS('',4,(#1786,#1787,#1788,#1789,#1790),
  .UNSPECIFIED.,.F.,.F.,(5,5),(0.,1.),.PIECEWISE_BEZIER_KNOTS.);
#1786 = CARTESIAN_POINT('',(9.300957826906,79.823457342855,29.));
#1787 = CARTESIAN_POINT('',(8.039754750783,78.983048317721,29.));
#1788 = CARTESIAN_POINT('',(7.328880306538,78.156564290763,29.));
#1789 = CARTESIAN_POINT('',(7.045254716346,77.622101597472,29.));
#1790 = CARTESIAN_POINT('',(6.978984144934,77.486252469596,29.));
#1791 = ORIENTED_EDGE('',*,*,#1792,.T.);
#1792 = EDGE_CURVE('',#1783,#1793,#1795,.T.);
#1793 = VERTEX_POINT('',#1794);
#1794 = CARTESIAN_POINT('',(6.729221850851,76.863959150214,29.));
#1795 = LINE('',#1796,#1797);
#1796 = CARTESIAN_POINT('',(6.978984144934,77.486252469596,29.));
#1797 = VECTOR('',#1798,1.);
#1798 = DIRECTION('',(-0.372476731935,-0.928041531488,0.));
#1799 = ORIENTED_EDGE('',*,*,#1800,.T.);
#1800 = EDGE_CURVE('',#1793,#1801,#1803,.T.);
#1801 = VERTEX_POINT('',#1802);
#1802 = CARTESIAN_POINT('',(5.766174291695,76.413585384941,29.));
#1803 = CIRCLE('',#1804,0.76);
#1804 = AXIS2_PLACEMENT_3D('',#1805,#1806,#1807);
#1805 = CARTESIAN_POINT('',(6.017603321173,77.13079068549,29.));
#1806 = DIRECTION('',(0.,-0.,-1.));
#1807 = DIRECTION('',(0.93634017063,-0.351094125364,0.));
#1808 = ORIENTED_EDGE('',*,*,#1809,.T.);
#1809 = EDGE_CURVE('',#1801,#1810,#1812,.T.);
#1810 = VERTEX_POINT('',#1811);
#1811 = CARTESIAN_POINT('',(4.982730432002,76.668141725848,29.));
#1812 = CIRCLE('',#1813,17.396969596774);
#1813 = AXIS2_PLACEMENT_3D('',#1814,#1815,#1816);
#1814 = CARTESIAN_POINT('',(-1.162842877117E-12,59.999999999996,29.));
#1815 = DIRECTION('',(0.,-0.,1.));
#1816 = DIRECTION('',(0.331447052294,0.943473821325,0.));
#1817 = ORIENTED_EDGE('',*,*,#1818,.T.);
#1818 = EDGE_CURVE('',#1810,#1819,#1821,.T.);
#1819 = VERTEX_POINT('',#1820);
#1820 = CARTESIAN_POINT('',(4.4683316475,77.598566908302,29.));
#1821 = CIRCLE('',#1822,0.76);
#1822 = AXIS2_PLACEMENT_3D('',#1823,#1824,#1825);
#1823 = CARTESIAN_POINT('',(5.200882772805,77.396159277973,29.));
#1824 = DIRECTION('',(0.,0.,-1.));
#1825 = DIRECTION('',(-0.287042553688,-0.957917831744,-0.));
#1826 = ORIENTED_EDGE('',*,*,#1827,.T.);
#1827 = EDGE_CURVE('',#1819,#1828,#1830,.T.);
#1828 = VERTEX_POINT('',#1829);
#1829 = CARTESIAN_POINT('',(4.632044542766,78.248819372209,29.));
#1830 = LINE('',#1831,#1832);
#1831 = CARTESIAN_POINT('',(4.4683316475,77.598566908302,29.));
#1832 = VECTOR('',#1833,1.);
#1833 = DIRECTION('',(0.244149119579,0.969737700313,0.));
#1834 = ORIENTED_EDGE('',*,*,#1835,.T.);
#1835 = EDGE_CURVE('',#1828,#1836,#1838,.T.);
#1836 = VERTEX_POINT('',#1837);
#1837 = CARTESIAN_POINT('',(4.125581300052,81.504683083502,29.));
#1838 = B_SPLINE_CURVE_WITH_KNOTS('',4,(#1839,#1840,#1841,#1842,#1843),
  .UNSPECIFIED.,.F.,.F.,(5,5),(0.,1.),.PIECEWISE_BEZIER_KNOTS.);
#1839 = CARTESIAN_POINT('',(4.632044542766,78.248819372209,29.));
#1840 = CARTESIAN_POINT('',(4.65828063817,78.397676489869,29.));
#1841 = CARTESIAN_POINT('',(4.742972004681,78.996776830688,29.));
#1842 = CARTESIAN_POINT('',(4.653657620722,80.083257968635,29.));
#1843 = CARTESIAN_POINT('',(4.125581300052,81.504683083502,29.));
#1844 = ORIENTED_EDGE('',*,*,#1845,.T.);
#1845 = EDGE_CURVE('',#1836,#1846,#1848,.T.);
#1846 = VERTEX_POINT('',#1847);
#1847 = CARTESIAN_POINT('',(2.719951342856,81.7273823139,29.));
#1848 = CIRCLE('',#1849,21.896969596768);
#1849 = AXIS2_PLACEMENT_3D('',#1850,#1851,#1852);
#1850 = CARTESIAN_POINT('',(-1.90508055153E-03,60.000238573129,29.));
#1851 = DIRECTION('',(0.,-0.,1.));
#1852 = DIRECTION('',(0.188495780768,0.982073999571,0.));
#1853 = ORIENTED_EDGE('',*,*,#1854,.T.);
#1854 = EDGE_CURVE('',#1846,#1855,#1857,.T.);
#1855 = VERTEX_POINT('',#1856);
#1856 = CARTESIAN_POINT('',(1.233859167124,78.787039061049,29.));
#1857 = B_SPLINE_CURVE_WITH_KNOTS('',4,(#1858,#1859,#1860,#1861,#1862),
  .UNSPECIFIED.,.F.,.F.,(5,5),(0.,1.),.PIECEWISE_BEZIER_KNOTS.);
#1858 = CARTESIAN_POINT('',(2.719951342856,81.7273823139,29.));
#1859 = CARTESIAN_POINT('',(1.78017660993,80.538372650312,29.));
#1860 = CARTESIAN_POINT('',(1.359492447373,79.532667346722,29.));
#1861 = CARTESIAN_POINT('',(1.254906536719,78.936717992142,29.));
#1862 = CARTESIAN_POINT('',(1.233859167124,78.787039061049,29.));
#1863 = ORIENTED_EDGE('',*,*,#1864,.T.);
#1864 = EDGE_CURVE('',#1855,#1865,#1867,.T.);
#1865 = VERTEX_POINT('',#1866);
#1866 = CARTESIAN_POINT('',(1.188620320987,78.118022151178,29.));
#1867 = LINE('',#1868,#1869);
#1868 = CARTESIAN_POINT('',(1.233859167124,78.787039061049,29.));
#1869 = VECTOR('',#1870,1.);
#1870 = DIRECTION('',(-6.74658183596E-02,-0.997721586092,0.));
#1871 = ORIENTED_EDGE('',*,*,#1872,.T.);
#1872 = EDGE_CURVE('',#1865,#1873,#1875,.T.);
#1873 = VERTEX_POINT('',#1874);
#1874 = CARTESIAN_POINT('',(0.41188081164,77.392093184777,29.));
#1875 = CIRCLE('',#1876,0.76);
#1876 = AXIS2_PLACEMENT_3D('',#1877,#1878,#1879);
#1877 = CARTESIAN_POINT('',(0.429375402184,78.151891802373,29.));
#1878 = DIRECTION('',(0.,0.,-1.));
#1879 = DIRECTION('',(0.999006472109,-4.456533051997E-02,0.));
#1880 = ORIENTED_EDGE('',*,*,#1881,.T.);
#1881 = EDGE_CURVE('',#1873,#1882,#1884,.T.);
#1882 = VERTEX_POINT('',#1883);
#1883 = CARTESIAN_POINT('',(-0.41188081164,77.392093184777,29.));
#1884 = CIRCLE('',#1885,17.396969596783);
#1885 = AXIS2_PLACEMENT_3D('',#1886,#1887,#1888);
#1886 = CARTESIAN_POINT('',(-1.786082565104E-14,59.999999999987,29.));
#1887 = DIRECTION('',(0.,-0.,1.));
#1888 = DIRECTION('',(2.367543435356E-02,0.999719697619,0.));
#1889 = ORIENTED_EDGE('',*,*,#1890,.T.);
#1890 = EDGE_CURVE('',#1882,#1891,#1893,.T.);
#1891 = VERTEX_POINT('',#1892);
#1892 = CARTESIAN_POINT('',(-1.188620320987,78.118022151178,29.));
#1893 = CIRCLE('',#1894,0.76);
#1894 = AXIS2_PLACEMENT_3D('',#1895,#1896,#1897);
#1895 = CARTESIAN_POINT('',(-0.429375402184,78.151891802373,29.));
#1896 = DIRECTION('',(-0.,0.,-1.));
#1897 = DIRECTION('',(2.301919808505E-02,-0.999735023153,-0.));
#1898 = ORIENTED_EDGE('',*,*,#1899,.T.);
#1899 = EDGE_CURVE('',#1891,#1900,#1902,.T.);
#1900 = VERTEX_POINT('',#1901);
#1901 = CARTESIAN_POINT('',(-1.233859167124,78.787039061049,29.));
#1902 = LINE('',#1903,#1904);
#1903 = CARTESIAN_POINT('',(-1.188620320987,78.118022151178,29.));
#1904 = VECTOR('',#1905,1.);
#1905 = DIRECTION('',(-6.74658183596E-02,0.997721586092,0.));
#1906 = ORIENTED_EDGE('',*,*,#1907,.T.);
#1907 = EDGE_CURVE('',#1900,#1908,#1910,.T.);
#1908 = VERTEX_POINT('',#1909);
#1909 = CARTESIAN_POINT('',(-2.72165155253,81.727043710818,29.));
#1910 = B_SPLINE_CURVE_WITH_KNOTS('',4,(#1911,#1912,#1913,#1914,#1915),
  .UNSPECIFIED.,.F.,.F.,(5,5),(0.,1.),.PIECEWISE_BEZIER_KNOTS.);
#1911 = CARTESIAN_POINT('',(-1.233859167124,78.787039061049,29.));
#1912 = CARTESIAN_POINT('',(-1.254906536719,78.936717992142,29.));
#1913 = CARTESIAN_POINT('',(-1.359492447373,79.532667346722,29.));
#1914 = CARTESIAN_POINT('',(-1.78017660993,80.538372650312,29.));
#1915 = CARTESIAN_POINT('',(-2.72165155253,81.727043710818,29.));
#1916 = ORIENTED_EDGE('',*,*,#1917,.T.);
#1917 = EDGE_CURVE('',#1908,#1918,#1920,.T.);
#1918 = VERTEX_POINT('',#1919);
#1919 = CARTESIAN_POINT('',(-4.127302929648,81.504479720486,29.));
#1920 = CIRCLE('',#1921,21.896969596775);
#1921 = AXIS2_PLACEMENT_3D('',#1922,#1923,#1924);
#1922 = CARTESIAN_POINT('',(-1.88556242273E-03,59.999638194256,29.));
#1923 = DIRECTION('',(0.,0.,1.));
#1924 = DIRECTION('',(-0.124207415007,0.992256276401,0.));
#1925 = ORIENTED_EDGE('',*,*,#1926,.T.);
#1926 = EDGE_CURVE('',#1918,#1927,#1929,.T.);
#1927 = VERTEX_POINT('',#1928);
#1928 = CARTESIAN_POINT('',(-4.632044542766,78.248819372209,29.));
#1929 = B_SPLINE_CURVE_WITH_KNOTS('',4,(#1930,#1931,#1932,#1933,#1934),
  .UNSPECIFIED.,.F.,.F.,(5,5),(0.,1.),.PIECEWISE_BEZIER_KNOTS.);
#1930 = CARTESIAN_POINT('',(-4.127302929648,81.504479720486,29.));
#1931 = CARTESIAN_POINT('',(-4.653657620722,80.083257968635,29.));
#1932 = CARTESIAN_POINT('',(-4.742972004681,78.996776830688,29.));
#1933 = CARTESIAN_POINT('',(-4.65828063817,78.397676489869,29.));
#1934 = CARTESIAN_POINT('',(-4.632044542766,78.248819372209,29.));
#1935 = ORIENTED_EDGE('',*,*,#1936,.T.);
#1936 = EDGE_CURVE('',#1927,#1937,#1939,.T.);
#1937 = VERTEX_POINT('',#1938);
#1938 = CARTESIAN_POINT('',(-4.4683316475,77.598566908302,29.));
#1939 = LINE('',#1940,#1941);
#1940 = CARTESIAN_POINT('',(-4.632044542766,78.248819372209,29.));
#1941 = VECTOR('',#1942,1.);
#1942 = DIRECTION('',(0.244149119579,-0.969737700313,0.));
#1943 = ORIENTED_EDGE('',*,*,#1944,.T.);
#1944 = EDGE_CURVE('',#1937,#1945,#1947,.T.);
#1945 = VERTEX_POINT('',#1946);
#1946 = CARTESIAN_POINT('',(-4.982730432002,76.668141725848,29.));
#1947 = CIRCLE('',#1948,0.76);
#1948 = AXIS2_PLACEMENT_3D('',#1949,#1950,#1951);
#1949 = CARTESIAN_POINT('',(-5.200882772805,77.396159277973,29.));
#1950 = DIRECTION('',(0.,0.,-1.));
#1951 = DIRECTION('',(0.963883059611,0.26632582938,0.));
#1952 = ORIENTED_EDGE('',*,*,#1953,.T.);
#1953 = EDGE_CURVE('',#1945,#1954,#1956,.T.);
#1954 = VERTEX_POINT('',#1955);
#1955 = CARTESIAN_POINT('',(-5.766174291695,76.413585384941,29.));
#1956 = CIRCLE('',#1957,17.39696959679);
#1957 = AXIS2_PLACEMENT_3D('',#1958,#1959,#1960);
#1958 = CARTESIAN_POINT('',(6.073095026332E-12,59.999999999981,29.));
#1959 = DIRECTION('',(0.,0.,1.));
#1960 = DIRECTION('',(-0.286413700058,0.958106044454,0.));
#1961 = ORIENTED_EDGE('',*,*,#1962,.T.);
#1962 = EDGE_CURVE('',#1954,#1963,#1965,.T.);
#1963 = VERTEX_POINT('',#1964);
#1964 = CARTESIAN_POINT('',(-6.729221850851,76.863959150214,29.));
#1965 = CIRCLE('',#1966,0.76);
#1966 = AXIS2_PLACEMENT_3D('',#1967,#1968,#1969);
#1967 = CARTESIAN_POINT('',(-6.017603321173,77.13079068549,29.));
#1968 = DIRECTION('',(0.,0.,-1.));
#1969 = DIRECTION('',(0.330827670365,-0.943691184933,0.));
#1970 = ORIENTED_EDGE('',*,*,#1971,.T.);
#1971 = EDGE_CURVE('',#1963,#1972,#1974,.T.);
#1972 = VERTEX_POINT('',#1973);
#1973 = CARTESIAN_POINT('',(-6.978984144934,77.486252469596,29.));
#1974 = LINE('',#1975,#1976);
#1975 = CARTESIAN_POINT('',(-6.729221850851,76.863959150214,29.));
#1976 = VECTOR('',#1977,1.);
#1977 = DIRECTION('',(-0.372476731935,0.928041531488,0.));
#1978 = ORIENTED_EDGE('',*,*,#1979,.T.);
#1979 = EDGE_CURVE('',#1972,#1980,#1982,.T.);
#1980 = VERTEX_POINT('',#1981);
#1981 = CARTESIAN_POINT('',(-9.302470188289,79.822609918505,29.));
#1982 = B_SPLINE_CURVE_WITH_KNOTS('',4,(#1983,#1984,#1985,#1986,#1987),
  .UNSPECIFIED.,.F.,.F.,(5,5),(0.,1.),.PIECEWISE_BEZIER_KNOTS.);
#1983 = CARTESIAN_POINT('',(-6.978984144934,77.486252469596,29.));
#1984 = CARTESIAN_POINT('',(-7.045254716346,77.622101597472,29.));
#1985 = CARTESIAN_POINT('',(-7.328880306538,78.156564290763,29.));
#1986 = CARTESIAN_POINT('',(-8.039754750783,78.983048317721,29.));
#1987 = CARTESIAN_POINT('',(-9.302470188289,79.822609918505,29.));
#1988 = ORIENTED_EDGE('',*,*,#1989,.T.);
#1989 = EDGE_CURVE('',#1980,#1990,#1992,.T.);
#1990 = VERTEX_POINT('',#1991);
#1991 = CARTESIAN_POINT('',(-10.57054803478,79.176568821511,29.));
#1992 = CIRCLE('',#1993,21.896969596774);
#1993 = AXIS2_PLACEMENT_3D('',#1994,#1995,#1996);
#1994 = CARTESIAN_POINT('',(-1.681472305835E-03,59.999073231458,29.));
#1995 = DIRECTION('',(0.,0.,1.));
#1996 = DIRECTION('',(-0.424752323598,0.905309595441,0.));
#1997 = ORIENTED_EDGE('',*,*,#1998,.T.);
#1998 = EDGE_CURVE('',#1990,#1999,#2001,.T.);
#1999 = VERTEX_POINT('',#2000);
#2000 = CARTESIAN_POINT('',(-10.04453145945,75.924278096216,29.));
#2001 = B_SPLINE_CURVE_WITH_KNOTS('',4,(#2002,#2003,#2004,#2005,#2006),
  .UNSPECIFIED.,.F.,.F.,(5,5),(0.,1.),.PIECEWISE_BEZIER_KNOTS.);
#2002 = CARTESIAN_POINT('',(-10.57054803478,79.176568821511,29.));
#2003 = CARTESIAN_POINT('',(-10.63195941951,77.662254068702,29.));
#2004 = CARTESIAN_POINT('',(-10.38116131068,76.60134944014,29.));
#2005 = CARTESIAN_POINT('',(-10.11548284804,76.057742228618,29.));
#2006 = CARTESIAN_POINT('',(-10.04453145945,75.924278096216,29.));
#2007 = ORIENTED_EDGE('',*,*,#2008,.T.);
#2008 = EDGE_CURVE('',#1999,#2009,#2011,.T.);
#2009 = VERTEX_POINT('',#2010);
#2010 = CARTESIAN_POINT('',(-9.687892181633,75.356441320016,29.));
#2011 = LINE('',#2012,#2013);
#2012 = CARTESIAN_POINT('',(-10.04453145945,75.924278096216,29.));
#2013 = VECTOR('',#2014,1.);
#2014 = DIRECTION('',(0.531865040606,-0.846829131868,0.));
#2015 = ORIENTED_EDGE('',*,*,#2016,.T.);
#2016 = EDGE_CURVE('',#2009,#2017,#2019,.T.);
#2017 = VERTEX_POINT('',#2018);
#2018 = CARTESIAN_POINT('',(-9.889597304235,74.312596421021,29.));
#2019 = CIRCLE('',#2020,0.76);
#2020 = AXIS2_PLACEMENT_3D('',#2021,#2022,#2023);
#2021 = CARTESIAN_POINT('',(-10.32204230531,74.937569477276,29.));
#2022 = DIRECTION('',(0.,0.,-1.));
#2023 = DIRECTION('',(0.83440805747,0.5511471615,0.));
#2024 = ORIENTED_EDGE('',*,*,#2025,.T.);
#2025 = EDGE_CURVE('',#2017,#2026,#2028,.T.);
#2026 = VERTEX_POINT('',#2027);
#2027 = CARTESIAN_POINT('',(-10.55603445678,73.828401487453,29.));
#2028 = CIRCLE('',#2029,17.396969596797);
#2029 = AXIS2_PLACEMENT_3D('',#2030,#2031,#2032);
#2030 = CARTESIAN_POINT('',(1.578442799005E-11,59.999999999978,29.));
#2031 = DIRECTION('',(0.,0.,1.));
#2032 = DIRECTION('',(-0.568466665946,0.82270629614,0.));
#2033 = ORIENTED_EDGE('',*,*,#2034,.T.);
#2034 = EDGE_CURVE('',#2026,#2035,#2037,.T.);
#2035 = VERTEX_POINT('',#2036);
#2036 = CARTESIAN_POINT('',(-11.6111202607,73.959134329514,29.));
#2037 = CIRCLE('',#2038,0.76);
#2038 = AXIS2_PLACEMENT_3D('',#2039,#2040,#2041);
#2039 = CARTESIAN_POINT('',(-11.01678629997,74.432808419074,29.));
#2040 = DIRECTION('',(0.,-0.,-1.));
#2041 = DIRECTION('',(0.606252425258,-0.795272278449,0.));
#2042 = ORIENTED_EDGE('',*,*,#2043,.T.);
#2043 = EDGE_CURVE('',#2035,#2044,#2046,.T.);
#2044 = VERTEX_POINT('',#2045);
#2045 = CARTESIAN_POINT('',(-12.04095752919,74.473789652533,29.));
#2046 = LINE('',#2047,#2048);
#2047 = CARTESIAN_POINT('',(-11.6111202607,73.959134329514,29.));
#2048 = VECTOR('',#2049,1.);
#2049 = DIRECTION('',(-0.641027027791,0.767518305737,0.));
#2050 = ORIENTED_EDGE('',*,*,#2051,.T.);
#2051 = EDGE_CURVE('',#2044,#2052,#2054,.T.);
#2052 = VERTEX_POINT('',#2053);
#2053 = CARTESIAN_POINT('',(-14.97269822789,75.977800955123,29.));
#2054 = B_SPLINE_CURVE_WITH_KNOTS('',4,(#2055,#2056,#2057,#2058,#2059),
  .UNSPECIFIED.,.F.,.F.,(5,5),(0.,1.),.PIECEWISE_BEZIER_KNOTS.);
#2055 = CARTESIAN_POINT('',(-12.04095752919,74.473789652533,29.));
#2056 = CARTESIAN_POINT('',(-12.14596427716,74.58251111804,29.));
#2057 = CARTESIAN_POINT('',(-12.58086629798,75.003170217802,29.));
#2058 = CARTESIAN_POINT('',(-13.51234568036,75.569530953115,29.));
#2059 = CARTESIAN_POINT('',(-14.97269822789,75.977800955123,29.));
#2060 = ORIENTED_EDGE('',*,*,#2061,.T.);
#2061 = EDGE_CURVE('',#2052,#2062,#2064,.T.);
#2062 = VERTEX_POINT('',#2063);
#2063 = CARTESIAN_POINT('',(-15.97907424894,74.971521755274,29.));
#2064 = CIRCLE('',#2065,21.896969596774);
#2065 = AXIS2_PLACEMENT_3D('',#2066,#2067,#2068);
#2066 = CARTESIAN_POINT('',(-1.312787963879E-03,59.99859898722,29.));
#2067 = DIRECTION('',(0.,0.,1.));
#2068 = DIRECTION('',(-0.683719515331,0.729744903617,0.));
#2069 = ORIENTED_EDGE('',*,*,#2070,.T.);
#2070 = EDGE_CURVE('',#2062,#2071,#2073,.T.);
#2071 = VERTEX_POINT('',#2072);
#2072 = CARTESIAN_POINT('',(-14.47378965253,72.040957529196,29.));
#2073 = B_SPLINE_CURVE_WITH_KNOTS('',4,(#2074,#2075,#2076,#2077,#2078),
  .UNSPECIFIED.,.F.,.F.,(5,5),(0.,1.),.PIECEWISE_BEZIER_KNOTS.);
#2074 = CARTESIAN_POINT('',(-15.97907424894,74.971521755274,29.));
#2075 = CARTESIAN_POINT('',(-15.56953095311,73.512345680363,29.));
#2076 = CARTESIAN_POINT('',(-15.0031702178,72.580866297987,29.));
#2077 = CARTESIAN_POINT('',(-14.58251111804,72.145964277161,29.));
#2078 = CARTESIAN_POINT('',(-14.47378965253,72.040957529196,29.));
#2079 = ORIENTED_EDGE('',*,*,#2080,.T.);
#2080 = EDGE_CURVE('',#2071,#2081,#2083,.T.);
#2081 = VERTEX_POINT('',#2082);
#2082 = CARTESIAN_POINT('',(-13.95913432951,71.611120260709,29.));
#2083 = LINE('',#2084,#2085);
#2084 = CARTESIAN_POINT('',(-14.47378965253,72.040957529196,29.));
#2085 = VECTOR('',#2086,1.);
#2086 = DIRECTION('',(0.767518305737,-0.641027027791,0.));
#2087 = ORIENTED_EDGE('',*,*,#2088,.T.);
#2088 = EDGE_CURVE('',#2081,#2089,#2091,.T.);
#2089 = VERTEX_POINT('',#2090);
#2090 = CARTESIAN_POINT('',(-13.82840148745,70.556034456782,29.));
#2091 = CIRCLE('',#2092,0.76);
#2092 = AXIS2_PLACEMENT_3D('',#2093,#2094,#2095);
#2093 = CARTESIAN_POINT('',(-14.43280841907,71.016786299977,29.));
#2094 = DIRECTION('',(0.,0.,-1.));
#2095 = DIRECTION('',(0.623255381001,0.782018369384,0.));
#2096 = ORIENTED_EDGE('',*,*,#2097,.T.);
#2097 = EDGE_CURVE('',#2089,#2098,#2100,.T.);
#2098 = VERTEX_POINT('',#2099);
#2099 = CARTESIAN_POINT('',(-14.31259642102,69.889597304235,29.));
#2100 = CIRCLE('',#2101,17.39696959679);
#2101 = AXIS2_PLACEMENT_3D('',#2102,#2103,#2104);
#2102 = CARTESIAN_POINT('',(1.604804054259E-11,59.999999999988,29.));
#2103 = DIRECTION('',(0.,0.,1.));
#2104 = DIRECTION('',(-0.794874153831,0.606774323428,0.));
#2105 = ORIENTED_EDGE('',*,*,#2106,.T.);
#2106 = EDGE_CURVE('',#2098,#2107,#2109,.T.);
#2107 = VERTEX_POINT('',#2108);
#2108 = CARTESIAN_POINT('',(-15.35644132001,69.687892181633,29.));
#2109 = CIRCLE('',#2110,0.76);
#2110 = AXIS2_PLACEMENT_3D('',#2111,#2112,#2113);
#2111 = CARTESIAN_POINT('',(-14.93756947727,70.32204230531,29.));
#2112 = DIRECTION('',(0.,-0.,-1.));
#2113 = DIRECTION('',(0.822332968757,-0.569006580362,0.));
#2114 = ORIENTED_EDGE('',*,*,#2115,.T.);
#2115 = EDGE_CURVE('',#2107,#2116,#2118,.T.);
#2116 = VERTEX_POINT('',#2117);
#2117 = CARTESIAN_POINT('',(-15.92427809621,70.044531459459,29.));
#2118 = LINE('',#2119,#2120);
#2119 = CARTESIAN_POINT('',(-15.35644132001,69.687892181633,29.));
#2120 = VECTOR('',#2121,1.);
#2121 = DIRECTION('',(-0.846829131868,0.531865040606,0.));
#2122 = ORIENTED_EDGE('',*,*,#2123,.T.);
#2123 = EDGE_CURVE('',#2116,#2124,#2126,.T.);
#2124 = VERTEX_POINT('',#2125);
#2125 = CARTESIAN_POINT('',(-19.17729424403,70.568973510369,29.));
#2126 = B_SPLINE_CURVE_WITH_KNOTS('',4,(#2127,#2128,#2129,#2130,#2131),
  .UNSPECIFIED.,.F.,.F.,(5,5),(0.,1.),.PIECEWISE_BEZIER_KNOTS.);
#2127 = CARTESIAN_POINT('',(-15.92427809621,70.044531459459,29.));
#2128 = CARTESIAN_POINT('',(-16.05774222861,70.115482848045,29.));
#2129 = CARTESIAN_POINT('',(-16.60134944014,70.381161310689,29.));
#2130 = CARTESIAN_POINT('',(-17.6622540687,70.631959419518,29.));
#2131 = CARTESIAN_POINT('',(-19.17729424403,70.568973510369,29.));
#2132 = ORIENTED_EDGE('',*,*,#2133,.T.);
#2133 = EDGE_CURVE('',#2124,#2134,#2136,.T.);
#2134 = VERTEX_POINT('',#2135);
#2135 = CARTESIAN_POINT('',(-19.82345734285,69.300957826906,29.));
#2136 = CIRCLE('',#2137,21.89696959678);
#2137 = AXIS2_PLACEMENT_3D('',#2138,#2139,#2140);
#2138 = CARTESIAN_POINT('',(-8.155987840602E-04,59.998261883873,29.));
#2139 = DIRECTION('',(0.,0.,1.));
#2140 = DIRECTION('',(-0.87575947715,0.482747696195,0.));
#2141 = ORIENTED_EDGE('',*,*,#2142,.T.);
#2142 = EDGE_CURVE('',#2134,#2143,#2145,.T.);
#2143 = VERTEX_POINT('',#2144);
#2144 = CARTESIAN_POINT('',(-17.48625246959,66.978984144934,29.));
#2145 = B_SPLINE_CURVE_WITH_KNOTS('',4,(#2146,#2147,#2148,#2149,#2150),
  .UNSPECIFIED.,.F.,.F.,(5,5),(0.,1.),.PIECEWISE_BEZIER_KNOTS.);
#2146 = CARTESIAN_POINT('',(-19.82345734285,69.300957826906,29.));
#2147 = CARTESIAN_POINT('',(-18.98304831772,68.039754750783,29.));
#2148 = CARTESIAN_POINT('',(-18.15656429076,67.328880306538,29.));
#2149 = CARTESIAN_POINT('',(-17.62210159747,67.045254716346,29.));
#2150 = CARTESIAN_POINT('',(-17.48625246959,66.978984144934,29.));
#2151 = ORIENTED_EDGE('',*,*,#2152,.T.);
#2152 = EDGE_CURVE('',#2143,#2153,#2155,.T.);
#2153 = VERTEX_POINT('',#2154);
#2154 = CARTESIAN_POINT('',(-16.86395915021,66.729221850851,29.));
#2155 = LINE('',#2156,#2157);
#2156 = CARTESIAN_POINT('',(-17.48625246959,66.978984144934,29.));
#2157 = VECTOR('',#2158,1.);
#2158 = DIRECTION('',(0.928041531488,-0.372476731935,0.));
#2159 = ORIENTED_EDGE('',*,*,#2160,.T.);
#2160 = EDGE_CURVE('',#2153,#2161,#2163,.T.);
#2161 = VERTEX_POINT('',#2162);
#2162 = CARTESIAN_POINT('',(-16.41358538494,65.766174291695,29.));
#2163 = CIRCLE('',#2164,0.76);
#2164 = AXIS2_PLACEMENT_3D('',#2165,#2166,#2167);
#2165 = CARTESIAN_POINT('',(-17.13079068549,66.017603321173,29.));
#2166 = DIRECTION('',(0.,0.,-1.));
#2167 = DIRECTION('',(0.351094125364,0.93634017063,0.));
#2168 = ORIENTED_EDGE('',*,*,#2169,.T.);
#2169 = EDGE_CURVE('',#2161,#2170,#2172,.T.);
#2170 = VERTEX_POINT('',#2171);
#2171 = CARTESIAN_POINT('',(-16.66814172584,64.982730432002,29.));
#2172 = CIRCLE('',#2173,17.396969596774);
#2173 = AXIS2_PLACEMENT_3D('',#2174,#2175,#2176);
#2174 = CARTESIAN_POINT('',(3.642113528549E-12,59.999999999999,29.));
#2175 = DIRECTION('',(0.,0.,1.));
#2176 = DIRECTION('',(-0.943473821325,0.331447052294,0.));
#2177 = ORIENTED_EDGE('',*,*,#2178,.T.);
#2178 = EDGE_CURVE('',#2170,#2179,#2181,.T.);
#2179 = VERTEX_POINT('',#2180);
#2180 = CARTESIAN_POINT('',(-17.5985669083,64.4683316475,29.));
#2181 = CIRCLE('',#2182,0.76);
#2182 = AXIS2_PLACEMENT_3D('',#2183,#2184,#2185);
#2183 = CARTESIAN_POINT('',(-17.39615927797,65.200882772805,29.));
#2184 = DIRECTION('',(0.,-0.,-1.));
#2185 = DIRECTION('',(0.957917831744,-0.287042553688,0.));
#2186 = ORIENTED_EDGE('',*,*,#2187,.T.);
#2187 = EDGE_CURVE('',#2179,#2188,#2190,.T.);
#2188 = VERTEX_POINT('',#2189);
#2189 = CARTESIAN_POINT('',(-18.2488193722,64.632044542766,29.));
#2190 = LINE('',#2191,#2192);
#2191 = CARTESIAN_POINT('',(-17.5985669083,64.4683316475,29.));
#2192 = VECTOR('',#2193,1.);
#2193 = DIRECTION('',(-0.969737700313,0.244149119579,0.));
#2194 = ORIENTED_EDGE('',*,*,#2195,.T.);
#2195 = EDGE_CURVE('',#2188,#2196,#2198,.T.);
#2196 = VERTEX_POINT('',#2197);
#2197 = CARTESIAN_POINT('',(-21.5046830835,64.125581300052,29.));
#2198 = B_SPLINE_CURVE_WITH_KNOTS('',4,(#2199,#2200,#2201,#2202,#2203),
  .UNSPECIFIED.,.F.,.F.,(5,5),(0.,1.),.PIECEWISE_BEZIER_KNOTS.);
#2199 = CARTESIAN_POINT('',(-18.2488193722,64.632044542766,29.));
#2200 = CARTESIAN_POINT('',(-18.39767648986,64.65828063817,29.));
#2201 = CARTESIAN_POINT('',(-18.99677683068,64.742972004681,29.));
#2202 = CARTESIAN_POINT('',(-20.08325796863,64.653657620722,29.));
#2203 = CARTESIAN_POINT('',(-21.5046830835,64.125581300052,29.));
#2204 = ORIENTED_EDGE('',*,*,#2205,.T.);
#2205 = EDGE_CURVE('',#2196,#2206,#2208,.T.);
#2206 = VERTEX_POINT('',#2207);
#2207 = CARTESIAN_POINT('',(-21.7273823139,62.719951342856,29.));
#2208 = CIRCLE('',#2209,21.896969596768);
#2209 = AXIS2_PLACEMENT_3D('',#2210,#2211,#2212);
#2210 = CARTESIAN_POINT('',(-2.385731288323E-04,59.998094919448,29.));
#2211 = DIRECTION('',(0.,0.,1.));
#2212 = DIRECTION('',(-0.982073999571,0.188495780768,0.));
#2213 = ORIENTED_EDGE('',*,*,#2214,.T.);
#2214 = EDGE_CURVE('',#2206,#2215,#2217,.T.);
#2215 = VERTEX_POINT('',#2216);
#2216 = CARTESIAN_POINT('',(-18.78703906104,61.233859167124,29.));
#2217 = B_SPLINE_CURVE_WITH_KNOTS('',4,(#2218,#2219,#2220,#2221,#2222),
  .UNSPECIFIED.,.F.,.F.,(5,5),(0.,1.),.PIECEWISE_BEZIER_KNOTS.);
#2218 = CARTESIAN_POINT('',(-21.7273823139,62.719951342856,29.));
#2219 = CARTESIAN_POINT('',(-20.53837265031,61.78017660993,29.));
#2220 = CARTESIAN_POINT('',(-19.53266734672,61.359492447373,29.));
#2221 = CARTESIAN_POINT('',(-18.93671799214,61.254906536719,29.));
#2222 = CARTESIAN_POINT('',(-18.78703906104,61.233859167124,29.));
#2223 = ORIENTED_EDGE('',*,*,#2224,.T.);
#2224 = EDGE_CURVE('',#2215,#2225,#2227,.T.);
#2225 = VERTEX_POINT('',#2226);
#2226 = CARTESIAN_POINT('',(-18.11802215117,61.188620320987,29.));
#2227 = LINE('',#2228,#2229);
#2228 = CARTESIAN_POINT('',(-18.78703906104,61.233859167124,29.));
#2229 = VECTOR('',#2230,1.);
#2230 = DIRECTION('',(0.997721586092,-6.74658183596E-02,0.));
#2231 = ORIENTED_EDGE('',*,*,#2232,.T.);
#2232 = EDGE_CURVE('',#2225,#2233,#2235,.T.);
#2233 = VERTEX_POINT('',#2234);
#2234 = CARTESIAN_POINT('',(-17.39209318477,60.41188081164,29.));
#2235 = CIRCLE('',#2236,0.76);
#2236 = AXIS2_PLACEMENT_3D('',#2237,#2238,#2239);
#2237 = CARTESIAN_POINT('',(-18.15189180237,60.429375402184,29.));
#2238 = DIRECTION('',(0.,0.,-1.));
#2239 = DIRECTION('',(4.456533051997E-02,0.999006472109,0.));
#2240 = ORIENTED_EDGE('',*,*,#2241,.T.);
#2241 = EDGE_CURVE('',#2233,#2242,#2244,.T.);
#2242 = VERTEX_POINT('',#2243);
#2243 = CARTESIAN_POINT('',(-17.39209318477,59.58811918836,29.));
#2244 = CIRCLE('',#2245,17.396969596783);
#2245 = AXIS2_PLACEMENT_3D('',#2246,#2247,#2248);
#2246 = CARTESIAN_POINT('',(1.272707284241E-11,60.,29.));
#2247 = DIRECTION('',(0.,0.,1.));
#2248 = DIRECTION('',(-0.999719697619,2.367543435356E-02,0.));
#2249 = ORIENTED_EDGE('',*,*,#2250,.T.);
#2250 = EDGE_CURVE('',#2242,#2251,#2253,.T.);
#2251 = VERTEX_POINT('',#2252);
#2252 = CARTESIAN_POINT('',(-18.11802215117,58.811379679013,29.));
#2253 = CIRCLE('',#2254,0.76);
#2254 = AXIS2_PLACEMENT_3D('',#2255,#2256,#2257);
#2255 = CARTESIAN_POINT('',(-18.15189180237,59.570624597816,29.));
#2256 = DIRECTION('',(0.,0.,-1.));
#2257 = DIRECTION('',(0.999735023153,2.301919808505E-02,0.));
#2258 = ORIENTED_EDGE('',*,*,#2259,.T.);
#2259 = EDGE_CURVE('',#2251,#2260,#2262,.T.);
#2260 = VERTEX_POINT('',#2261);
#2261 = CARTESIAN_POINT('',(-18.78703906104,58.766140832876,29.));
#2262 = LINE('',#2263,#2264);
#2263 = CARTESIAN_POINT('',(-18.11802215117,58.811379679013,29.));
#2264 = VECTOR('',#2265,1.);
#2265 = DIRECTION('',(-0.997721586092,-6.74658183596E-02,0.));
#2266 = ORIENTED_EDGE('',*,*,#2267,.T.);
#2267 = EDGE_CURVE('',#2260,#2268,#2270,.T.);
#2268 = VERTEX_POINT('',#2269);
#2269 = CARTESIAN_POINT('',(-21.72704371081,57.27834844747,29.));
#2270 = B_SPLINE_CURVE_WITH_KNOTS('',4,(#2271,#2272,#2273,#2274,#2275),
  .UNSPECIFIED.,.F.,.F.,(5,5),(0.,1.),.PIECEWISE_BEZIER_KNOTS.);
#2271 = CARTESIAN_POINT('',(-18.78703906104,58.766140832876,29.));
#2272 = CARTESIAN_POINT('',(-18.93671799214,58.745093463281,29.));
#2273 = CARTESIAN_POINT('',(-19.53266734672,58.640507552627,29.));
#2274 = CARTESIAN_POINT('',(-20.53837265031,58.21982339007,29.));
#2275 = CARTESIAN_POINT('',(-21.72704371081,57.27834844747,29.));
#2276 = ORIENTED_EDGE('',*,*,#2277,.T.);
#2277 = EDGE_CURVE('',#2268,#2278,#2280,.T.);
#2278 = VERTEX_POINT('',#2279);
#2279 = CARTESIAN_POINT('',(-21.50447972048,55.872697070352,29.));
#2280 = CIRCLE('',#2281,21.896969596775);
#2281 = AXIS2_PLACEMENT_3D('',#2282,#2283,#2284);
#2282 = CARTESIAN_POINT('',(3.618057442063E-04,59.998114437577,29.));
#2283 = DIRECTION('',(0.,0.,1.));
#2284 = DIRECTION('',(-0.992256276401,-0.124207415007,0.));
#2285 = ORIENTED_EDGE('',*,*,#2286,.T.);
#2286 = EDGE_CURVE('',#2278,#2287,#2289,.T.);
#2287 = VERTEX_POINT('',#2288);
#2288 = CARTESIAN_POINT('',(-18.2488193722,55.367955457234,29.));
#2289 = B_SPLINE_CURVE_WITH_KNOTS('',4,(#2290,#2291,#2292,#2293,#2294),
  .UNSPECIFIED.,.F.,.F.,(5,5),(0.,1.),.PIECEWISE_BEZIER_KNOTS.);
#2290 = CARTESIAN_POINT('',(-21.50447972048,55.872697070352,29.));
#2291 = CARTESIAN_POINT('',(-20.08325796863,55.346342379278,29.));
#2292 = CARTESIAN_POINT('',(-18.99677683068,55.257027995319,29.));
#2293 = CARTESIAN_POINT('',(-18.39767648986,55.34171936183,29.));
#2294 = CARTESIAN_POINT('',(-18.2488193722,55.367955457234,29.));
#2295 = ORIENTED_EDGE('',*,*,#2296,.T.);
#2296 = EDGE_CURVE('',#2287,#2297,#2299,.T.);
#2297 = VERTEX_POINT('',#2298);
#2298 = CARTESIAN_POINT('',(-17.5985669083,55.5316683525,29.));
#2299 = LINE('',#2300,#2301);
#2300 = CARTESIAN_POINT('',(-18.2488193722,55.367955457234,29.));
#2301 = VECTOR('',#2302,1.);
#2302 = DIRECTION('',(0.969737700313,0.244149119579,0.));
#2303 = ORIENTED_EDGE('',*,*,#2304,.T.);
#2304 = EDGE_CURVE('',#2297,#2305,#2307,.T.);
#2305 = VERTEX_POINT('',#2306);
#2306 = CARTESIAN_POINT('',(-16.66814172584,55.017269567998,29.));
#2307 = CIRCLE('',#2308,0.76);
#2308 = AXIS2_PLACEMENT_3D('',#2309,#2310,#2311);
#2309 = CARTESIAN_POINT('',(-17.39615927797,54.799117227195,29.));
#2310 = DIRECTION('',(0.,0.,-1.));
#2311 = DIRECTION('',(-0.26632582938,0.963883059611,0.));
#2312 = ORIENTED_EDGE('',*,*,#2313,.T.);
#2313 = EDGE_CURVE('',#2305,#2314,#2316,.T.);
#2314 = VERTEX_POINT('',#2315);
#2315 = CARTESIAN_POINT('',(-16.41358538494,54.233825708305,29.));
#2316 = CIRCLE('',#2317,17.39696959679);
#2317 = AXIS2_PLACEMENT_3D('',#2318,#2319,#2320);
#2318 = CARTESIAN_POINT('',(1.862543373158E-11,60.000000000006,29.));
#2319 = DIRECTION('',(0.,0.,1.));
#2320 = DIRECTION('',(-0.958106044454,-0.286413700058,0.));
#2321 = ORIENTED_EDGE('',*,*,#2322,.T.);
#2322 = EDGE_CURVE('',#2314,#2323,#2325,.T.);
#2323 = VERTEX_POINT('',#2324);
#2324 = CARTESIAN_POINT('',(-16.86395915021,53.270778149149,29.));
#2325 = CIRCLE('',#2326,0.76);
#2326 = AXIS2_PLACEMENT_3D('',#2327,#2328,#2329);
#2327 = CARTESIAN_POINT('',(-17.13079068549,53.982396678827,29.));
#2328 = DIRECTION('',(0.,0.,-1.));
#2329 = DIRECTION('',(0.943691184933,0.330827670365,0.));
#2330 = ORIENTED_EDGE('',*,*,#2331,.T.);
#2331 = EDGE_CURVE('',#2323,#2332,#2334,.T.);
#2332 = VERTEX_POINT('',#2333);
#2333 = CARTESIAN_POINT('',(-17.48625246959,53.021015855066,29.));
#2334 = LINE('',#2335,#2336);
#2335 = CARTESIAN_POINT('',(-16.86395915021,53.270778149149,29.));
#2336 = VECTOR('',#2337,1.);
#2337 = DIRECTION('',(-0.928041531488,-0.372476731935,0.));
#2338 = ORIENTED_EDGE('',*,*,#2339,.T.);
#2339 = EDGE_CURVE('',#2332,#2340,#2342,.T.);
#2340 = VERTEX_POINT('',#2341);
#2341 = CARTESIAN_POINT('',(-19.8226099185,50.697529811711,29.));
#2342 = B_SPLINE_CURVE_WITH_KNOTS('',4,(#2343,#2344,#2345,#2346,#2347),
  .UNSPECIFIED.,.F.,.F.,(5,5),(0.,1.),.PIECEWISE_BEZIER_KNOTS.);
#2343 = CARTESIAN_POINT('',(-17.48625246959,53.021015855066,29.));
#2344 = CARTESIAN_POINT('',(-17.62210159747,52.954745283654,29.));
#2345 = CARTESIAN_POINT('',(-18.15656429076,52.671119693462,29.));
#2346 = CARTESIAN_POINT('',(-18.98304831772,51.960245249217,29.));
#2347 = CARTESIAN_POINT('',(-19.8226099185,50.697529811711,29.));
#2348 = ORIENTED_EDGE('',*,*,#2349,.T.);
#2349 = EDGE_CURVE('',#2340,#2350,#2352,.T.);
#2350 = VERTEX_POINT('',#2351);
#2351 = CARTESIAN_POINT('',(-19.17656882151,49.429451965213,29.));
#2352 = CIRCLE('',#2353,21.896969596774);
#2353 = AXIS2_PLACEMENT_3D('',#2354,#2355,#2356);
#2354 = CARTESIAN_POINT('',(9.267685424361E-04,59.998318527694,29.));
#2355 = DIRECTION('',(0.,0.,1.));
#2356 = DIRECTION('',(-0.905309595441,-0.424752323598,0.));
#2357 = ORIENTED_EDGE('',*,*,#2358,.T.);
#2358 = EDGE_CURVE('',#2350,#2359,#2361,.T.);
#2359 = VERTEX_POINT('',#2360);
#2360 = CARTESIAN_POINT('',(-15.92427809621,49.955468540541,29.));
#2361 = B_SPLINE_CURVE_WITH_KNOTS('',4,(#2362,#2363,#2364,#2365,#2366),
  .UNSPECIFIED.,.F.,.F.,(5,5),(0.,1.),.PIECEWISE_BEZIER_KNOTS.);
#2362 = CARTESIAN_POINT('',(-19.17656882151,49.429451965213,29.));
#2363 = CARTESIAN_POINT('',(-17.6622540687,49.368040580482,29.));
#2364 = CARTESIAN_POINT('',(-16.60134944014,49.618838689311,29.));
#2365 = CARTESIAN_POINT('',(-16.05774222861,49.884517151955,29.));
#2366 = CARTESIAN_POINT('',(-15.92427809621,49.955468540541,29.));
#2367 = ORIENTED_EDGE('',*,*,#2368,.T.);
#2368 = EDGE_CURVE('',#2359,#2369,#2371,.T.);
#2369 = VERTEX_POINT('',#2370);
#2370 = CARTESIAN_POINT('',(-15.35644132001,50.312107818367,29.));
#2371 = LINE('',#2372,#2373);
#2372 = CARTESIAN_POINT('',(-15.92427809621,49.955468540541,29.));
#2373 = VECTOR('',#2374,1.);
#2374 = DIRECTION('',(0.846829131868,0.531865040606,0.));
#2375 = ORIENTED_EDGE('',*,*,#2376,.T.);
#2376 = EDGE_CURVE('',#2369,#2377,#2379,.T.);
#2377 = VERTEX_POINT('',#2378);
#2378 = CARTESIAN_POINT('',(-14.31259642102,50.110402695765,29.));
#2379 = CIRCLE('',#2380,0.76);
#2380 = AXIS2_PLACEMENT_3D('',#2381,#2382,#2383);
#2381 = CARTESIAN_POINT('',(-14.93756947727,49.67795769469,29.));
#2382 = DIRECTION('',(0.,0.,-1.));
#2383 = DIRECTION('',(-0.5511471615,0.83440805747,0.));
#2384 = ORIENTED_EDGE('',*,*,#2385,.T.);
#2385 = EDGE_CURVE('',#2377,#2386,#2388,.T.);
#2386 = VERTEX_POINT('',#2387);
#2387 = CARTESIAN_POINT('',(-13.82840148745,49.443965543218,29.));
#2388 = CIRCLE('',#2389,17.396969596797);
#2389 = AXIS2_PLACEMENT_3D('',#2390,#2391,#2392);
#2390 = CARTESIAN_POINT('',(2.161696925215E-11,60.000000000016,29.));
#2391 = DIRECTION('',(0.,0.,1.));
#2392 = DIRECTION('',(-0.82270629614,-0.568466665946,0.));
#2393 = ORIENTED_EDGE('',*,*,#2394,.T.);
#2394 = EDGE_CURVE('',#2386,#2395,#2397,.T.);
#2395 = VERTEX_POINT('',#2396);
#2396 = CARTESIAN_POINT('',(-13.95913432951,48.388879739291,29.));
#2397 = CIRCLE('',#2398,0.76);
#2398 = AXIS2_PLACEMENT_3D('',#2399,#2400,#2401);
#2399 = CARTESIAN_POINT('',(-14.43280841907,48.983213700023,29.));
#2400 = DIRECTION('',(0.,0.,-1.));
#2401 = DIRECTION('',(0.795272278449,0.606252425258,0.));
#2402 = ORIENTED_EDGE('',*,*,#2403,.T.);
#2403 = EDGE_CURVE('',#2395,#2404,#2406,.T.);
#2404 = VERTEX_POINT('',#2405);
#2405 = CARTESIAN_POINT('',(-14.47378965253,47.959042470804,29.));
#2406 = LINE('',#2407,#2408);
#2407 = CARTESIAN_POINT('',(-13.95913432951,48.388879739291,29.));
#2408 = VECTOR('',#2409,1.);
#2409 = DIRECTION('',(-0.767518305737,-0.641027027791,0.));
#2410 = ORIENTED_EDGE('',*,*,#2411,.T.);
#2411 = EDGE_CURVE('',#2404,#2412,#2414,.T.);
#2412 = VERTEX_POINT('',#2413);
#2413 = CARTESIAN_POINT('',(-15.97780095512,45.027301772103,29.));
#2414 = B_SPLINE_CURVE_WITH_KNOTS('',4,(#2415,#2416,#2417,#2418,#2419),
  .UNSPECIFIED.,.F.,.F.,(5,5),(0.,1.),.PIECEWISE_BEZIER_KNOTS.);
#2415 = CARTESIAN_POINT('',(-14.47378965253,47.959042470804,29.));
#2416 = CARTESIAN_POINT('',(-14.58251111804,47.854035722839,29.));
#2417 = CARTESIAN_POINT('',(-15.0031702178,47.419133702013,29.));
#2418 = CARTESIAN_POINT('',(-15.56953095311,46.487654319637,29.));
#2419 = CARTESIAN_POINT('',(-15.97780095512,45.027301772103,29.));
#2420 = ORIENTED_EDGE('',*,*,#2421,.T.);
#2421 = EDGE_CURVE('',#2412,#2422,#2424,.T.);
#2422 = VERTEX_POINT('',#2423);
#2423 = CARTESIAN_POINT('',(-14.97152175527,44.020925751057,29.));
#2424 = CIRCLE('',#2425,21.89696959677);
#2425 = AXIS2_PLACEMENT_3D('',#2426,#2427,#2428);
#2426 = CARTESIAN_POINT('',(1.401012776739E-03,59.998687212033,29.));
#2427 = DIRECTION('',(0.,0.,1.));
#2428 = DIRECTION('',(-0.729744903617,-0.683719515331,0.));
#2429 = ORIENTED_EDGE('',*,*,#2430,.T.);
#2430 = EDGE_CURVE('',#2422,#2431,#2433,.T.);
#2431 = VERTEX_POINT('',#2432);
#2432 = CARTESIAN_POINT('',(-12.04095752919,45.526210347467,29.));
#2433 = B_SPLINE_CURVE_WITH_KNOTS('',4,(#2434,#2435,#2436,#2437,#2438),
  .UNSPECIFIED.,.F.,.F.,(5,5),(0.,1.),.PIECEWISE_BEZIER_KNOTS.);
#2434 = CARTESIAN_POINT('',(-14.97152175527,44.020925751057,29.));
#2435 = CARTESIAN_POINT('',(-13.51234568036,44.430469046885,29.));
#2436 = CARTESIAN_POINT('',(-12.58086629798,44.996829782198,29.));
#2437 = CARTESIAN_POINT('',(-12.14596427716,45.41748888196,29.));
#2438 = CARTESIAN_POINT('',(-12.04095752919,45.526210347467,29.));
#2439 = ORIENTED_EDGE('',*,*,#2440,.T.);
#2440 = EDGE_CURVE('',#2431,#2441,#2443,.T.);
#2441 = VERTEX_POINT('',#2442);
#2442 = CARTESIAN_POINT('',(-11.6111202607,46.040865670486,29.));
#2443 = LINE('',#2444,#2445);
#2444 = CARTESIAN_POINT('',(-12.04095752919,45.526210347467,29.));
#2445 = VECTOR('',#2446,1.);
#2446 = DIRECTION('',(0.641027027791,0.767518305737,0.));
#2447 = ORIENTED_EDGE('',*,*,#2448,.T.);
#2448 = EDGE_CURVE('',#2441,#2449,#2451,.T.);
#2449 = VERTEX_POINT('',#2450);
#2450 = CARTESIAN_POINT('',(-10.55603445678,46.171598512547,29.));
#2451 = CIRCLE('',#2452,0.76);
#2452 = AXIS2_PLACEMENT_3D('',#2453,#2454,#2455);
#2453 = CARTESIAN_POINT('',(-11.01678629997,45.567191580926,29.));
#2454 = DIRECTION('',(0.,0.,-1.));
#2455 = DIRECTION('',(-0.782018369384,0.623255381001,0.));
#2456 = ORIENTED_EDGE('',*,*,#2457,.T.);
#2457 = EDGE_CURVE('',#2449,#2458,#2460,.T.);
#2458 = VERTEX_POINT('',#2459);
#2459 = CARTESIAN_POINT('',(-9.889597304235,45.687403578979,29.));
#2460 = CIRCLE('',#2461,17.396969596779);
#2461 = AXIS2_PLACEMENT_3D('',#2462,#2463,#2464);
#2462 = CARTESIAN_POINT('',(4.776646135032E-12,60.000000000007,29.));
#2463 = DIRECTION('',(0.,0.,1.));
#2464 = DIRECTION('',(-0.606774323428,-0.794874153831,0.));
#2465 = ORIENTED_EDGE('',*,*,#2466,.T.);
#2466 = EDGE_CURVE('',#2458,#2467,#2469,.T.);
#2467 = VERTEX_POINT('',#2468);
#2468 = CARTESIAN_POINT('',(-9.687892181633,44.643558679984,29.));
#2469 = CIRCLE('',#2470,0.76);
#2470 = AXIS2_PLACEMENT_3D('',#2471,#2472,#2473);
#2471 = CARTESIAN_POINT('',(-10.32204230531,45.062430522724,29.));
#2472 = DIRECTION('',(0.,0.,-1.));
#2473 = DIRECTION('',(0.569006580362,0.822332968757,0.));
#2474 = ORIENTED_EDGE('',*,*,#2475,.T.);
#2475 = EDGE_CURVE('',#2467,#2476,#2478,.T.);
#2476 = VERTEX_POINT('',#2477);
#2477 = CARTESIAN_POINT('',(-10.04453145945,44.075721903784,29.));
#2478 = LINE('',#2479,#2480);
#2479 = CARTESIAN_POINT('',(-9.687892181633,44.643558679984,29.));
#2480 = VECTOR('',#2481,1.);
#2481 = DIRECTION('',(-0.531865040606,-0.846829131868,0.));
#2482 = ORIENTED_EDGE('',*,*,#2483,.T.);
#2483 = EDGE_CURVE('',#2476,#2484,#2486,.T.);
#2484 = VERTEX_POINT('',#2485);
#2485 = CARTESIAN_POINT('',(-10.56897351036,40.822705755965,29.));
#2486 = B_SPLINE_CURVE_WITH_KNOTS('',4,(#2487,#2488,#2489,#2490,#2491),
  .UNSPECIFIED.,.F.,.F.,(5,5),(0.,1.),.PIECEWISE_BEZIER_KNOTS.);
#2487 = CARTESIAN_POINT('',(-10.04453145945,44.075721903784,29.));
#2488 = CARTESIAN_POINT('',(-10.11548284804,43.942257771382,29.));
#2489 = CARTESIAN_POINT('',(-10.38116131068,43.39865055986,29.));
#2490 = CARTESIAN_POINT('',(-10.63195941951,42.337745931298,29.));
#2491 = CARTESIAN_POINT('',(-10.56897351036,40.822705755965,29.));
#2492 = ORIENTED_EDGE('',*,*,#2493,.T.);
#2493 = EDGE_CURVE('',#2484,#2494,#2496,.T.);
#2494 = VERTEX_POINT('',#2495);
#2495 = CARTESIAN_POINT('',(-9.300957826906,40.176542657145,29.));
#2496 = CIRCLE('',#2497,21.89696959678);
#2497 = AXIS2_PLACEMENT_3D('',#2498,#2499,#2500);
#2498 = CARTESIAN_POINT('',(1.738116126865E-03,59.999184401216,29.));
#2499 = DIRECTION('',(0.,0.,1.));
#2500 = DIRECTION('',(-0.482747696195,-0.87575947715,0.));
#2501 = ORIENTED_EDGE('',*,*,#2502,.T.);
#2502 = EDGE_CURVE('',#2494,#2503,#2505,.T.);
#2503 = VERTEX_POINT('',#2504);
#2504 = CARTESIAN_POINT('',(-6.978984144934,42.513747530404,29.));
#2505 = B_SPLINE_CURVE_WITH_KNOTS('',4,(#2506,#2507,#2508,#2509,#2510),
  .UNSPECIFIED.,.F.,.F.,(5,5),(0.,1.),.PIECEWISE_BEZIER_KNOTS.);
#2506 = CARTESIAN_POINT('',(-9.300957826906,40.176542657145,29.));
#2507 = CARTESIAN_POINT('',(-8.039754750783,41.016951682279,29.));
#2508 = CARTESIAN_POINT('',(-7.328880306538,41.843435709237,29.));
#2509 = CARTESIAN_POINT('',(-7.045254716346,42.377898402528,29.));
#2510 = CARTESIAN_POINT('',(-6.978984144934,42.513747530404,29.));
#2511 = ORIENTED_EDGE('',*,*,#2512,.T.);
#2512 = EDGE_CURVE('',#2503,#2513,#2515,.T.);
#2513 = VERTEX_POINT('',#2514);
#2514 = CARTESIAN_POINT('',(-6.729221850851,43.136040849786,29.));
#2515 = LINE('',#2516,#2517);
#2516 = CARTESIAN_POINT('',(-6.978984144934,42.513747530404,29.));
#2517 = VECTOR('',#2518,1.);
#2518 = DIRECTION('',(0.372476731935,0.928041531488,0.));
#2519 = ORIENTED_EDGE('',*,*,#2520,.T.);
#2520 = EDGE_CURVE('',#2513,#2521,#2523,.T.);
#2521 = VERTEX_POINT('',#2522);
#2522 = CARTESIAN_POINT('',(-5.766174291695,43.586414615059,29.));
#2523 = CIRCLE('',#2524,0.76);
#2524 = AXIS2_PLACEMENT_3D('',#2525,#2526,#2527);
#2525 = CARTESIAN_POINT('',(-6.017603321173,42.86920931451,29.));
#2526 = DIRECTION('',(0.,0.,-1.));
#2527 = DIRECTION('',(-0.93634017063,0.351094125364,0.));
#2528 = ORIENTED_EDGE('',*,*,#2529,.T.);
#2529 = EDGE_CURVE('',#2521,#2530,#2532,.T.);
#2530 = VERTEX_POINT('',#2531);
#2531 = CARTESIAN_POINT('',(-4.982730432002,43.331858274152,29.));
#2532 = CIRCLE('',#2533,17.396969596774);
#2533 = AXIS2_PLACEMENT_3D('',#2534,#2535,#2536);
#2534 = CARTESIAN_POINT('',(1.176233129421E-12,60.000000000004,29.));
#2535 = DIRECTION('',(0.,0.,1.));
#2536 = DIRECTION('',(-0.331447052294,-0.943473821325,0.));
#2537 = ORIENTED_EDGE('',*,*,#2538,.T.);
#2538 = EDGE_CURVE('',#2530,#2539,#2541,.T.);
#2539 = VERTEX_POINT('',#2540);
#2540 = CARTESIAN_POINT('',(-4.4683316475,42.401433091698,29.));
#2541 = CIRCLE('',#2542,0.76);
#2542 = AXIS2_PLACEMENT_3D('',#2543,#2544,#2545);
#2543 = CARTESIAN_POINT('',(-5.200882772805,42.603840722027,29.));
#2544 = DIRECTION('',(0.,0.,-1.));
#2545 = DIRECTION('',(0.287042553688,0.957917831744,0.));
#2546 = ORIENTED_EDGE('',*,*,#2547,.T.);
#2547 = EDGE_CURVE('',#2539,#2548,#2550,.T.);
#2548 = VERTEX_POINT('',#2549);
#2549 = CARTESIAN_POINT('',(-4.632044542766,41.751180627791,29.));
#2550 = LINE('',#2551,#2552);
#2551 = CARTESIAN_POINT('',(-4.4683316475,42.401433091698,29.));
#2552 = VECTOR('',#2553,1.);
#2553 = DIRECTION('',(-0.244149119579,-0.969737700313,0.));
#2554 = ORIENTED_EDGE('',*,*,#2555,.T.);
#2555 = EDGE_CURVE('',#2548,#2556,#2558,.T.);
#2556 = VERTEX_POINT('',#2557);
#2557 = CARTESIAN_POINT('',(-4.125581300052,38.495316916498,29.));
#2558 = B_SPLINE_CURVE_WITH_KNOTS('',4,(#2559,#2560,#2561,#2562,#2563),
  .UNSPECIFIED.,.F.,.F.,(5,5),(0.,1.),.PIECEWISE_BEZIER_KNOTS.);
#2559 = CARTESIAN_POINT('',(-4.632044542766,41.751180627791,29.));
#2560 = CARTESIAN_POINT('',(-4.65828063817,41.602323510131,29.));
#2561 = CARTESIAN_POINT('',(-4.742972004681,41.003223169312,29.));
#2562 = CARTESIAN_POINT('',(-4.653657620722,39.916742031365,29.));
#2563 = CARTESIAN_POINT('',(-4.125581300052,38.495316916498,29.));
#2564 = ORIENTED_EDGE('',*,*,#2565,.T.);
#2565 = EDGE_CURVE('',#2556,#2566,#2568,.T.);
#2566 = VERTEX_POINT('',#2567);
#2567 = CARTESIAN_POINT('',(-2.719951342856,38.2726176861,29.));
#2568 = CIRCLE('',#2569,21.896969596778);
#2569 = AXIS2_PLACEMENT_3D('',#2570,#2571,#2572);
#2570 = CARTESIAN_POINT('',(1.905080553048E-03,59.999761426881,29.));
#2571 = DIRECTION('',(0.,0.,1.));
#2572 = DIRECTION('',(-0.188495780768,-0.982073999571,0.));
#2573 = ORIENTED_EDGE('',*,*,#2574,.T.);
#2574 = EDGE_CURVE('',#2566,#2575,#2577,.T.);
#2575 = VERTEX_POINT('',#2576);
#2576 = CARTESIAN_POINT('',(-1.233859167124,41.212960938951,29.));
#2577 = B_SPLINE_CURVE_WITH_KNOTS('',4,(#2578,#2579,#2580,#2581,#2582),
  .UNSPECIFIED.,.F.,.F.,(5,5),(0.,1.),.PIECEWISE_BEZIER_KNOTS.);
#2578 = CARTESIAN_POINT('',(-2.719951342856,38.2726176861,29.));
#2579 = CARTESIAN_POINT('',(-1.78017660993,39.461627349688,29.));
#2580 = CARTESIAN_POINT('',(-1.359492447373,40.467332653278,29.));
#2581 = CARTESIAN_POINT('',(-1.254906536719,41.063282007858,29.));
#2582 = CARTESIAN_POINT('',(-1.233859167124,41.212960938951,29.));
#2583 = ORIENTED_EDGE('',*,*,#2584,.T.);
#2584 = EDGE_CURVE('',#2575,#2585,#2587,.T.);
#2585 = VERTEX_POINT('',#2586);
#2586 = CARTESIAN_POINT('',(-1.188620320987,41.881977848822,29.));
#2587 = LINE('',#2588,#2589);
#2588 = CARTESIAN_POINT('',(-1.233859167124,41.212960938951,29.));
#2589 = VECTOR('',#2590,1.);
#2590 = DIRECTION('',(6.746581835959E-02,0.997721586092,0.));
#2591 = ORIENTED_EDGE('',*,*,#2592,.T.);
#2592 = EDGE_CURVE('',#2585,#2593,#2595,.T.);
#2593 = VERTEX_POINT('',#2594);
#2594 = CARTESIAN_POINT('',(-0.41188081164,42.607906815223,29.));
#2595 = CIRCLE('',#2596,0.76);
#2596 = AXIS2_PLACEMENT_3D('',#2597,#2598,#2599);
#2597 = CARTESIAN_POINT('',(-0.429375402184,41.848108197627,29.));
#2598 = DIRECTION('',(0.,0.,-1.));
#2599 = DIRECTION('',(-0.999006472109,4.456533051997E-02,0.));
#2600 = ORIENTED_EDGE('',*,*,#2601,.T.);
#2601 = EDGE_CURVE('',#2593,#2602,#2604,.T.);
#2602 = VERTEX_POINT('',#2603);
#2603 = CARTESIAN_POINT('',(0.41188081164,42.607906815223,29.));
#2604 = CIRCLE('',#2605,17.396969596783);
#2605 = AXIS2_PLACEMENT_3D('',#2606,#2607,#2608);
#2606 = CARTESIAN_POINT('',(1.610633871203E-14,60.000000000013,29.));
#2607 = DIRECTION('',(0.,0.,1.));
#2608 = DIRECTION('',(-2.367543435356E-02,-0.999719697619,0.));
#2609 = ORIENTED_EDGE('',*,*,#2610,.T.);
#2610 = EDGE_CURVE('',#2602,#2611,#2613,.T.);
#2611 = VERTEX_POINT('',#2612);
#2612 = CARTESIAN_POINT('',(1.188620320987,41.881977848822,29.));
#2613 = CIRCLE('',#2614,0.76);
#2614 = AXIS2_PLACEMENT_3D('',#2615,#2616,#2617);
#2615 = CARTESIAN_POINT('',(0.429375402184,41.848108197627,29.));
#2616 = DIRECTION('',(0.,0.,-1.));
#2617 = DIRECTION('',(-2.301919808505E-02,0.999735023153,0.));
#2618 = ORIENTED_EDGE('',*,*,#2619,.T.);
#2619 = EDGE_CURVE('',#2611,#2620,#2622,.T.);
#2620 = VERTEX_POINT('',#2621);
#2621 = CARTESIAN_POINT('',(1.233859167124,41.212960938951,29.));
#2622 = LINE('',#2623,#2624);
#2623 = CARTESIAN_POINT('',(1.188620320987,41.881977848822,29.));
#2624 = VECTOR('',#2625,1.);
#2625 = DIRECTION('',(6.74658183596E-02,-0.997721586092,0.));
#2626 = ORIENTED_EDGE('',*,*,#2627,.T.);
#2627 = EDGE_CURVE('',#2620,#2628,#2630,.T.);
#2628 = VERTEX_POINT('',#2629);
#2629 = CARTESIAN_POINT('',(2.72165155253,38.272956289182,29.));
#2630 = B_SPLINE_CURVE_WITH_KNOTS('',4,(#2631,#2632,#2633,#2634,#2635),
  .UNSPECIFIED.,.F.,.F.,(5,5),(0.,1.),.PIECEWISE_BEZIER_KNOTS.);
#2631 = CARTESIAN_POINT('',(1.233859167124,41.212960938951,29.));
#2632 = CARTESIAN_POINT('',(1.254906536719,41.063282007858,29.));
#2633 = CARTESIAN_POINT('',(1.359492447373,40.467332653278,29.));
#2634 = CARTESIAN_POINT('',(1.78017660993,39.461627349688,29.));
#2635 = CARTESIAN_POINT('',(2.72165155253,38.272956289182,29.));
#2636 = ORIENTED_EDGE('',*,*,#2637,.T.);
#2637 = EDGE_CURVE('',#2628,#2638,#2640,.T.);
#2638 = VERTEX_POINT('',#2639);
#2639 = CARTESIAN_POINT('',(4.127302929648,38.495520279514,29.));
#2640 = CIRCLE('',#2641,21.896969596775);
#2641 = AXIS2_PLACEMENT_3D('',#2642,#2643,#2644);
#2642 = CARTESIAN_POINT('',(1.885562422728E-03,60.000361805744,29.));
#2643 = DIRECTION('',(-0.,0.,1.));
#2644 = DIRECTION('',(0.124207415007,-0.992256276401,0.));
#2645 = ORIENTED_EDGE('',*,*,#2646,.T.);
#2646 = EDGE_CURVE('',#2638,#2647,#2649,.T.);
#2647 = VERTEX_POINT('',#2648);
#2648 = CARTESIAN_POINT('',(4.632044542766,41.751180627791,29.));
#2649 = B_SPLINE_CURVE_WITH_KNOTS('',4,(#2650,#2651,#2652,#2653,#2654),
  .UNSPECIFIED.,.F.,.F.,(5,5),(0.,1.),.PIECEWISE_BEZIER_KNOTS.);
#2650 = CARTESIAN_POINT('',(4.127302929648,38.495520279514,29.));
#2651 = CARTESIAN_POINT('',(4.653657620722,39.916742031365,29.));
#2652 = CARTESIAN_POINT('',(4.742972004681,41.003223169312,29.));
#2653 = CARTESIAN_POINT('',(4.65828063817,41.602323510131,29.));
#2654 = CARTESIAN_POINT('',(4.632044542766,41.751180627791,29.));
#2655 = ORIENTED_EDGE('',*,*,#2656,.T.);
#2656 = EDGE_CURVE('',#2647,#2657,#2659,.T.);
#2657 = VERTEX_POINT('',#2658);
#2658 = CARTESIAN_POINT('',(4.4683316475,42.401433091698,29.));
#2659 = LINE('',#2660,#2661);
#2660 = CARTESIAN_POINT('',(4.632044542766,41.751180627791,29.));
#2661 = VECTOR('',#2662,1.);
#2662 = DIRECTION('',(-0.244149119579,0.969737700313,0.));
#2663 = ORIENTED_EDGE('',*,*,#2664,.T.);
#2664 = EDGE_CURVE('',#2657,#2665,#2667,.T.);
#2665 = VERTEX_POINT('',#2666);
#2666 = CARTESIAN_POINT('',(4.982730432002,43.331858274152,29.));
#2667 = CIRCLE('',#2668,0.76);
#2668 = AXIS2_PLACEMENT_3D('',#2669,#2670,#2671);
#2669 = CARTESIAN_POINT('',(5.200882772805,42.603840722027,29.));
#2670 = DIRECTION('',(0.,0.,-1.));
#2671 = DIRECTION('',(-0.963883059611,-0.26632582938,-0.));
#2672 = ORIENTED_EDGE('',*,*,#2673,.T.);
#2673 = EDGE_CURVE('',#2665,#2674,#2676,.T.);
#2674 = VERTEX_POINT('',#2675);
#2675 = CARTESIAN_POINT('',(5.766174291695,43.586414615059,29.));
#2676 = CIRCLE('',#2677,17.39696959679);
#2677 = AXIS2_PLACEMENT_3D('',#2678,#2679,#2680);
#2678 = CARTESIAN_POINT('',(-6.074849513271E-12,60.000000000019,29.));
#2679 = DIRECTION('',(-0.,0.,1.));
#2680 = DIRECTION('',(0.286413700058,-0.958106044454,0.));
#2681 = ORIENTED_EDGE('',*,*,#2682,.T.);
#2682 = EDGE_CURVE('',#2674,#2683,#2685,.T.);
#2683 = VERTEX_POINT('',#2684);
#2684 = CARTESIAN_POINT('',(6.729221850851,43.136040849786,29.));
#2685 = CIRCLE('',#2686,0.76);
#2686 = AXIS2_PLACEMENT_3D('',#2687,#2688,#2689);
#2687 = CARTESIAN_POINT('',(6.017603321173,42.86920931451,29.));
#2688 = DIRECTION('',(0.,0.,-1.));
#2689 = DIRECTION('',(-0.330827670365,0.943691184933,0.));
#2690 = ORIENTED_EDGE('',*,*,#2691,.T.);
#2691 = EDGE_CURVE('',#2683,#2692,#2694,.T.);
#2692 = VERTEX_POINT('',#2693);
#2693 = CARTESIAN_POINT('',(6.978984144934,42.513747530404,29.));
#2694 = LINE('',#2695,#2696);
#2695 = CARTESIAN_POINT('',(6.729221850851,43.136040849786,29.));
#2696 = VECTOR('',#2697,1.);
#2697 = DIRECTION('',(0.372476731935,-0.928041531488,0.));
#2698 = ORIENTED_EDGE('',*,*,#2699,.T.);
#2699 = EDGE_CURVE('',#2692,#2700,#2702,.T.);
#2700 = VERTEX_POINT('',#2701);
#2701 = CARTESIAN_POINT('',(9.302470188289,40.177390081495,29.));
#2702 = B_SPLINE_CURVE_WITH_KNOTS('',4,(#2703,#2704,#2705,#2706,#2707),
  .UNSPECIFIED.,.F.,.F.,(5,5),(0.,1.),.PIECEWISE_BEZIER_KNOTS.);
#2703 = CARTESIAN_POINT('',(6.978984144934,42.513747530404,29.));
#2704 = CARTESIAN_POINT('',(7.045254716346,42.377898402528,29.));
#2705 = CARTESIAN_POINT('',(7.328880306538,41.843435709237,29.));
#2706 = CARTESIAN_POINT('',(8.039754750783,41.016951682279,29.));
#2707 = CARTESIAN_POINT('',(9.302470188289,40.177390081495,29.));
#2708 = ORIENTED_EDGE('',*,*,#2709,.T.);
#2709 = EDGE_CURVE('',#2700,#2710,#2712,.T.);
#2710 = VERTEX_POINT('',#2711);
#2711 = CARTESIAN_POINT('',(10.570548034787,40.823431178489,29.));
#2712 = CIRCLE('',#2713,21.89696959677);
#2713 = AXIS2_PLACEMENT_3D('',#2714,#2715,#2716);
#2714 = CARTESIAN_POINT('',(1.681472307698E-03,60.000926768539,29.));
#2715 = DIRECTION('',(-0.,0.,1.));
#2716 = DIRECTION('',(0.424752323598,-0.905309595441,0.));
#2717 = ORIENTED_EDGE('',*,*,#2718,.T.);
#2718 = EDGE_CURVE('',#2710,#2719,#2721,.T.);
#2719 = VERTEX_POINT('',#2720);
#2720 = CARTESIAN_POINT('',(10.044531459459,44.075721903784,29.));
#2721 = B_SPLINE_CURVE_WITH_KNOTS('',4,(#2722,#2723,#2724,#2725,#2726),
  .UNSPECIFIED.,.F.,.F.,(5,5),(0.,1.),.PIECEWISE_BEZIER_KNOTS.);
#2722 = CARTESIAN_POINT('',(10.570548034787,40.823431178489,29.));
#2723 = CARTESIAN_POINT('',(10.631959419518,42.337745931298,29.));
#2724 = CARTESIAN_POINT('',(10.381161310689,43.39865055986,29.));
#2725 = CARTESIAN_POINT('',(10.115482848045,43.942257771382,29.));
#2726 = CARTESIAN_POINT('',(10.044531459459,44.075721903784,29.));
#2727 = ORIENTED_EDGE('',*,*,#2728,.T.);
#2728 = EDGE_CURVE('',#2719,#2729,#2731,.T.);
#2729 = VERTEX_POINT('',#2730);
#2730 = CARTESIAN_POINT('',(9.687892181633,44.643558679984,29.));
#2731 = LINE('',#2732,#2733);
#2732 = CARTESIAN_POINT('',(10.044531459459,44.075721903784,29.));
#2733 = VECTOR('',#2734,1.);
#2734 = DIRECTION('',(-0.531865040606,0.846829131868,0.));
#2735 = ORIENTED_EDGE('',*,*,#2736,.T.);
#2736 = EDGE_CURVE('',#2729,#2737,#2739,.T.);
#2737 = VERTEX_POINT('',#2738);
#2738 = CARTESIAN_POINT('',(9.889597304235,45.687403578979,29.));
#2739 = CIRCLE('',#2740,0.76);
#2740 = AXIS2_PLACEMENT_3D('',#2741,#2742,#2743);
#2741 = CARTESIAN_POINT('',(10.32204230531,45.062430522724,29.));
#2742 = DIRECTION('',(0.,0.,-1.));
#2743 = DIRECTION('',(-0.83440805747,-0.5511471615,-0.));
#2744 = ORIENTED_EDGE('',*,*,#2745,.T.);
#2745 = EDGE_CURVE('',#2737,#2746,#2748,.T.);
#2746 = VERTEX_POINT('',#2747);
#2747 = CARTESIAN_POINT('',(10.556034456782,46.171598512547,29.));
#2748 = CIRCLE('',#2749,17.396969596789);
#2749 = AXIS2_PLACEMENT_3D('',#2750,#2751,#2752);
#2750 = CARTESIAN_POINT('',(-1.109774842008E-11,60.000000000015,29.));
#2751 = DIRECTION('',(-0.,0.,1.));
#2752 = DIRECTION('',(0.568466665946,-0.82270629614,0.));
#2753 = ORIENTED_EDGE('',*,*,#2754,.T.);
#2754 = EDGE_CURVE('',#2746,#2755,#2757,.T.);
#2755 = VERTEX_POINT('',#2756);
#2756 = CARTESIAN_POINT('',(11.611120260709,46.040865670486,29.));
#2757 = CIRCLE('',#2758,0.76);
#2758 = AXIS2_PLACEMENT_3D('',#2759,#2760,#2761);
#2759 = CARTESIAN_POINT('',(11.016786299977,45.567191580926,29.));
#2760 = DIRECTION('',(0.,0.,-1.));
#2761 = DIRECTION('',(-0.606252425258,0.795272278449,0.));
#2762 = ORIENTED_EDGE('',*,*,#2763,.T.);
#2763 = EDGE_CURVE('',#2755,#2764,#2766,.T.);
#2764 = VERTEX_POINT('',#2765);
#2765 = CARTESIAN_POINT('',(12.040957529196,45.526210347467,29.));
#2766 = LINE('',#2767,#2768);
#2767 = CARTESIAN_POINT('',(11.611120260709,46.040865670486,29.));
#2768 = VECTOR('',#2769,1.);
#2769 = DIRECTION('',(0.641027027791,-0.767518305737,0.));
#2770 = ORIENTED_EDGE('',*,*,#2771,.T.);
#2771 = EDGE_CURVE('',#2764,#2772,#2774,.T.);
#2772 = VERTEX_POINT('',#2773);
#2773 = CARTESIAN_POINT('',(14.972698227897,44.022199044877,29.));
#2774 = B_SPLINE_CURVE_WITH_KNOTS('',4,(#2775,#2776,#2777,#2778,#2779),
  .UNSPECIFIED.,.F.,.F.,(5,5),(0.,1.),.PIECEWISE_BEZIER_KNOTS.);
#2775 = CARTESIAN_POINT('',(12.040957529196,45.526210347467,29.));
#2776 = CARTESIAN_POINT('',(12.145964277161,45.41748888196,29.));
#2777 = CARTESIAN_POINT('',(12.580866297987,44.996829782198,29.));
#2778 = CARTESIAN_POINT('',(13.512345680363,44.430469046885,29.));
#2779 = CARTESIAN_POINT('',(14.972698227897,44.022199044877,29.));
#2780 = ORIENTED_EDGE('',*,*,#2781,.T.);
#2781 = EDGE_CURVE('',#2772,#2782,#2784,.T.);
#2782 = VERTEX_POINT('',#2783);
#2783 = CARTESIAN_POINT('',(15.979074248943,45.028478244726,29.));
#2784 = CIRCLE('',#2785,21.896969596772);
#2785 = AXIS2_PLACEMENT_3D('',#2786,#2787,#2788);
#2786 = CARTESIAN_POINT('',(1.312787965428E-03,60.001401012778,29.));
#2787 = DIRECTION('',(-0.,0.,1.));
#2788 = DIRECTION('',(0.683719515331,-0.729744903617,0.));
#2789 = ORIENTED_EDGE('',*,*,#2790,.T.);
#2790 = EDGE_CURVE('',#2782,#2791,#2793,.T.);
#2791 = VERTEX_POINT('',#2792);
#2792 = CARTESIAN_POINT('',(14.473789652533,47.959042470804,29.));
#2793 = B_SPLINE_CURVE_WITH_KNOTS('',4,(#2794,#2795,#2796,#2797,#2798),
  .UNSPECIFIED.,.F.,.F.,(5,5),(0.,1.),.PIECEWISE_BEZIER_KNOTS.);
#2794 = CARTESIAN_POINT('',(15.979074248943,45.028478244726,29.));
#2795 = CARTESIAN_POINT('',(15.569530953115,46.487654319637,29.));
#2796 = CARTESIAN_POINT('',(15.003170217802,47.419133702013,29.));
#2797 = CARTESIAN_POINT('',(14.58251111804,47.854035722839,29.));
#2798 = CARTESIAN_POINT('',(14.473789652533,47.959042470804,29.));
#2799 = ORIENTED_EDGE('',*,*,#2800,.T.);
#2800 = EDGE_CURVE('',#2791,#2801,#2803,.T.);
#2801 = VERTEX_POINT('',#2802);
#2802 = CARTESIAN_POINT('',(13.959134329514,48.388879739291,29.));
#2803 = LINE('',#2804,#2805);
#2804 = CARTESIAN_POINT('',(14.473789652533,47.959042470804,29.));
#2805 = VECTOR('',#2806,1.);
#2806 = DIRECTION('',(-0.767518305737,0.641027027791,0.));
#2807 = ORIENTED_EDGE('',*,*,#2808,.T.);
#2808 = EDGE_CURVE('',#2801,#2809,#2811,.T.);
#2809 = VERTEX_POINT('',#2810);
#2810 = CARTESIAN_POINT('',(13.828401487453,49.443965543218,29.));
#2811 = CIRCLE('',#2812,0.76);
#2812 = AXIS2_PLACEMENT_3D('',#2813,#2814,#2815);
#2813 = CARTESIAN_POINT('',(14.432808419074,48.983213700023,29.));
#2814 = DIRECTION('',(0.,0.,-1.));
#2815 = DIRECTION('',(-0.623255381001,-0.782018369384,-0.));
#2816 = ORIENTED_EDGE('',*,*,#2817,.T.);
#2817 = EDGE_CURVE('',#2809,#2818,#2820,.T.);
#2818 = VERTEX_POINT('',#2819);
#2819 = CARTESIAN_POINT('',(14.312596421021,50.110402695765,29.));
#2820 = CIRCLE('',#2821,17.396969596769);
#2821 = AXIS2_PLACEMENT_3D('',#2822,#2823,#2824);
#2822 = CARTESIAN_POINT('',(9.784201230895E-13,59.999999999999,29.));
#2823 = DIRECTION('',(-0.,0.,1.));
#2824 = DIRECTION('',(0.794874153831,-0.606774323428,0.));
#2825 = ORIENTED_EDGE('',*,*,#2826,.T.);
#2826 = EDGE_CURVE('',#2818,#2827,#2829,.T.);
#2827 = VERTEX_POINT('',#2828);
#2828 = CARTESIAN_POINT('',(15.356441320016,50.312107818367,29.));
#2829 = CIRCLE('',#2830,0.76);
#2830 = AXIS2_PLACEMENT_3D('',#2831,#2832,#2833);
#2831 = CARTESIAN_POINT('',(14.937569477276,49.67795769469,29.));
#2832 = DIRECTION('',(0.,0.,-1.));
#2833 = DIRECTION('',(-0.822332968757,0.569006580362,0.));
#2834 = ORIENTED_EDGE('',*,*,#2835,.T.);
#2835 = EDGE_CURVE('',#2827,#2836,#2838,.T.);
#2836 = VERTEX_POINT('',#2837);
#2837 = CARTESIAN_POINT('',(15.924278096216,49.955468540541,29.));
#2838 = LINE('',#2839,#2840);
#2839 = CARTESIAN_POINT('',(15.356441320016,50.312107818367,29.));
#2840 = VECTOR('',#2841,1.);
#2841 = DIRECTION('',(0.846829131868,-0.531865040606,0.));
#2842 = ORIENTED_EDGE('',*,*,#2843,.T.);
#2843 = EDGE_CURVE('',#2836,#2844,#2846,.T.);
#2844 = VERTEX_POINT('',#2845);
#2845 = CARTESIAN_POINT('',(19.177294244035,49.431026489631,29.));
#2846 = B_SPLINE_CURVE_WITH_KNOTS('',4,(#2847,#2848,#2849,#2850,#2851),
  .UNSPECIFIED.,.F.,.F.,(5,5),(0.,1.),.PIECEWISE_BEZIER_KNOTS.);
#2847 = CARTESIAN_POINT('',(15.924278096216,49.955468540541,29.));
#2848 = CARTESIAN_POINT('',(16.057742228618,49.884517151955,29.));
#2849 = CARTESIAN_POINT('',(16.60134944014,49.618838689311,29.));
#2850 = CARTESIAN_POINT('',(17.662254068702,49.368040580482,29.));
#2851 = CARTESIAN_POINT('',(19.177294244035,49.431026489631,29.));
#2852 = ORIENTED_EDGE('',*,*,#2853,.T.);
#2853 = EDGE_CURVE('',#2844,#2854,#2856,.T.);
#2854 = VERTEX_POINT('',#2855);
#2855 = CARTESIAN_POINT('',(19.823457342855,50.699042173094,29.));
#2856 = CIRCLE('',#2857,21.896969596774);
#2857 = AXIS2_PLACEMENT_3D('',#2858,#2859,#2860);
#2858 = CARTESIAN_POINT('',(8.155987897368E-04,60.001738116124,29.));
#2859 = DIRECTION('',(-0.,0.,1.));
#2860 = DIRECTION('',(0.87575947715,-0.482747696195,0.));
#2861 = ORIENTED_EDGE('',*,*,#2862,.T.);
#2862 = EDGE_CURVE('',#2854,#2863,#2865,.T.);
#2863 = VERTEX_POINT('',#2864);
#2864 = CARTESIAN_POINT('',(17.486252469596,53.021015855066,29.));
#2865 = B_SPLINE_CURVE_WITH_KNOTS('',4,(#2866,#2867,#2868,#2869,#2870),
  .UNSPECIFIED.,.F.,.F.,(5,5),(0.,1.),.PIECEWISE_BEZIER_KNOTS.);
#2866 = CARTESIAN_POINT('',(19.823457342855,50.699042173094,29.));
#2867 = CARTESIAN_POINT('',(18.983048317721,51.960245249217,29.));
#2868 = CARTESIAN_POINT('',(18.156564290763,52.671119693462,29.));
#2869 = CARTESIAN_POINT('',(17.622101597472,52.954745283654,29.));
#2870 = CARTESIAN_POINT('',(17.486252469596,53.021015855066,29.));
#2871 = ORIENTED_EDGE('',*,*,#2872,.T.);
#2872 = EDGE_CURVE('',#2863,#2873,#2875,.T.);
#2873 = VERTEX_POINT('',#2874);
#2874 = CARTESIAN_POINT('',(16.863959150214,53.270778149149,29.));
#2875 = LINE('',#2876,#2877);
#2876 = CARTESIAN_POINT('',(17.486252469596,53.021015855066,29.));
#2877 = VECTOR('',#2878,1.);
#2878 = DIRECTION('',(-0.928041531488,0.372476731935,0.));
#2879 = ORIENTED_EDGE('',*,*,#2880,.T.);
#2880 = EDGE_CURVE('',#2873,#2881,#2883,.T.);
#2881 = VERTEX_POINT('',#2882);
#2882 = CARTESIAN_POINT('',(16.413585384941,54.233825708305,29.));
#2883 = CIRCLE('',#2884,0.76);
#2884 = AXIS2_PLACEMENT_3D('',#2885,#2886,#2887);
#2885 = CARTESIAN_POINT('',(17.13079068549,53.982396678827,29.));
#2886 = DIRECTION('',(0.,0.,-1.));
#2887 = DIRECTION('',(-0.351094125364,-0.93634017063,-0.));
#2888 = ORIENTED_EDGE('',*,*,#2889,.T.);
#2889 = EDGE_CURVE('',#2881,#2890,#2892,.T.);
#2890 = VERTEX_POINT('',#2891);
#2891 = CARTESIAN_POINT('',(16.668141725848,55.017269567998,29.));
#2892 = CIRCLE('',#2893,17.396969596782);
#2893 = AXIS2_PLACEMENT_3D('',#2894,#2895,#2896);
#2894 = CARTESIAN_POINT('',(-1.121527099042E-11,60.000000000004,29.));
#2895 = DIRECTION('',(-0.,0.,1.));
#2896 = DIRECTION('',(0.943473821325,-0.331447052294,0.));
#2897 = ORIENTED_EDGE('',*,*,#2898,.T.);
#2898 = EDGE_CURVE('',#2890,#2899,#2901,.T.);
#2899 = VERTEX_POINT('',#2900);
#2900 = CARTESIAN_POINT('',(17.598566908302,55.5316683525,29.));
#2901 = CIRCLE('',#2902,0.76);
#2902 = AXIS2_PLACEMENT_3D('',#2903,#2904,#2905);
#2903 = CARTESIAN_POINT('',(17.396159277973,54.799117227195,29.));
#2904 = DIRECTION('',(0.,0.,-1.));
#2905 = DIRECTION('',(-0.957917831744,0.287042553688,0.));
#2906 = ORIENTED_EDGE('',*,*,#2907,.T.);
#2907 = EDGE_CURVE('',#2899,#2908,#2910,.T.);
#2908 = VERTEX_POINT('',#2909);
#2909 = CARTESIAN_POINT('',(18.248819372209,55.367955457234,29.));
#2910 = LINE('',#2911,#2912);
#2911 = CARTESIAN_POINT('',(17.598566908302,55.5316683525,29.));
#2912 = VECTOR('',#2913,1.);
#2913 = DIRECTION('',(0.969737700313,-0.244149119579,0.));
#2914 = ORIENTED_EDGE('',*,*,#2915,.T.);
#2915 = EDGE_CURVE('',#2908,#2916,#2918,.T.);
#2916 = VERTEX_POINT('',#2917);
#2917 = CARTESIAN_POINT('',(21.504683083502,55.874418699948,29.));
#2918 = B_SPLINE_CURVE_WITH_KNOTS('',4,(#2919,#2920,#2921,#2922,#2923),
  .UNSPECIFIED.,.F.,.F.,(5,5),(0.,1.),.PIECEWISE_BEZIER_KNOTS.);
#2919 = CARTESIAN_POINT('',(18.248819372209,55.367955457234,29.));
#2920 = CARTESIAN_POINT('',(18.397676489869,55.34171936183,29.));
#2921 = CARTESIAN_POINT('',(18.996776830688,55.257027995319,29.));
#2922 = CARTESIAN_POINT('',(20.083257968635,55.346342379278,29.));
#2923 = CARTESIAN_POINT('',(21.504683083502,55.874418699948,29.));
#2924 = ORIENTED_EDGE('',*,*,#2925,.T.);
#2925 = EDGE_CURVE('',#2916,#2926,#2928,.T.);
#2926 = VERTEX_POINT('',#2927);
#2927 = CARTESIAN_POINT('',(21.7273823139,57.280048657144,29.));
#2928 = CIRCLE('',#2929,21.896969596778);
#2929 = AXIS2_PLACEMENT_3D('',#2930,#2931,#2932);
#2930 = CARTESIAN_POINT('',(2.385731192415E-04,60.001905080553,29.));
#2931 = DIRECTION('',(-0.,0.,1.));
#2932 = DIRECTION('',(0.982073999571,-0.188495780768,0.));
#2933 = ORIENTED_EDGE('',*,*,#2934,.T.);
#2934 = EDGE_CURVE('',#2926,#2935,#2937,.T.);
#2935 = VERTEX_POINT('',#2936);
#2936 = CARTESIAN_POINT('',(18.787039061049,58.766140832876,29.));
#2937 = B_SPLINE_CURVE_WITH_KNOTS('',4,(#2938,#2939,#2940,#2941,#2942),
  .UNSPECIFIED.,.F.,.F.,(5,5),(0.,1.),.PIECEWISE_BEZIER_KNOTS.);
#2938 = CARTESIAN_POINT('',(21.7273823139,57.280048657144,29.));
#2939 = CARTESIAN_POINT('',(20.538372650312,58.21982339007,29.));
#2940 = CARTESIAN_POINT('',(19.532667346722,58.640507552627,29.));
#2941 = CARTESIAN_POINT('',(18.936717992142,58.745093463281,29.));
#2942 = CARTESIAN_POINT('',(18.787039061049,58.766140832876,29.));
#2943 = ORIENTED_EDGE('',*,*,#2944,.T.);
#2944 = EDGE_CURVE('',#2935,#2945,#2947,.T.);
#2945 = VERTEX_POINT('',#2946);
#2946 = CARTESIAN_POINT('',(18.118022151178,58.811379679013,29.));
#2947 = LINE('',#2948,#2949);
#2948 = CARTESIAN_POINT('',(18.787039061049,58.766140832876,29.));
#2949 = VECTOR('',#2950,1.);
#2950 = DIRECTION('',(-0.997721586092,6.746581835959E-02,0.));
#2951 = ORIENTED_EDGE('',*,*,#2952,.T.);
#2952 = EDGE_CURVE('',#2945,#2953,#2955,.T.);
#2953 = VERTEX_POINT('',#2954);
#2954 = CARTESIAN_POINT('',(17.392093184777,59.58811918836,29.));
#2955 = CIRCLE('',#2956,0.76);
#2956 = AXIS2_PLACEMENT_3D('',#2957,#2958,#2959);
#2957 = CARTESIAN_POINT('',(18.151891802373,59.570624597816,29.));
#2958 = DIRECTION('',(0.,0.,-1.));
#2959 = DIRECTION('',(-4.456533051997E-02,-0.999006472109,-0.));
#2960 = ORIENTED_EDGE('',*,*,#2961,.T.);
#2961 = EDGE_CURVE('',#2953,#64,#2962,.T.);
#2962 = CIRCLE('',#2963,17.396969596783);
#2963 = AXIS2_PLACEMENT_3D('',#2964,#2965,#2966);
#2964 = CARTESIAN_POINT('',(-1.272679495897E-11,60.,29.));
#2965 = DIRECTION('',(-0.,0.,1.));
#2966 = DIRECTION('',(0.999719697619,-2.367543435356E-02,0.));
#2967 = ORIENTED_EDGE('',*,*,#71,.T.);
#2968 = FACE_BOUND('',#2969,.T.);
#2969 = EDGE_LOOP('',(#2970));
#2970 = ORIENTED_EDGE('',*,*,#2971,.F.);
#2971 = EDGE_CURVE('',#2972,#2972,#2974,.T.);
#2972 = VERTEX_POINT('',#2973);
#2973 = CARTESIAN_POINT('',(8.889195065356,61.407910185362,29.));
#2974 = CIRCLE('',#2975,9.);
#2975 = AXIS2_PLACEMENT_3D('',#2976,#2977,#2978);
#2976 = CARTESIAN_POINT('',(0.,60.,29.));
#2977 = DIRECTION('',(0.,-0.,1.));
#2978 = DIRECTION('',(0.987688340595,0.15643446504,0.));
#2979 = PLANE('',#2980);
#2980 = AXIS2_PLACEMENT_3D('',#2981,#2982,#2983);
#2981 = CARTESIAN_POINT('',(1.424441388415E-15,60.,29.));
#2982 = DIRECTION('',(0.,0.,1.));
#2983 = DIRECTION('',(0.987688340595,0.15643446504,0.));
#2984 = ADVANCED_FACE('',(#2985),#2996,.T.);
#2985 = FACE_BOUND('',#2986,.F.);
#2986 = EDGE_LOOP('',(#2987,#2993,#2994,#2995));
#2987 = ORIENTED_EDGE('',*,*,#2988,.T.);
#2988 = EDGE_CURVE('',#1531,#2953,#2989,.T.);
#2989 = LINE('',#2990,#2991);
#2990 = CARTESIAN_POINT('',(17.392093184777,59.58811918836,17.));
#2991 = VECTOR('',#2992,1.);
#2992 = DIRECTION('',(0.,0.,1.));
#2993 = ORIENTED_EDGE('',*,*,#2961,.T.);
#2994 = ORIENTED_EDGE('',*,*,#61,.F.);
#2995 = ORIENTED_EDGE('',*,*,#1539,.F.);
#2996 = CYLINDRICAL_SURFACE('',#2997,17.396969596783);
#2997 = AXIS2_PLACEMENT_3D('',#2998,#2999,#3000);
#2998 = CARTESIAN_POINT('',(-1.272679495897E-11,60.,17.));
#2999 = DIRECTION('',(0.,0.,-1.));
#3000 = DIRECTION('',(0.999719697619,-2.367543435356E-02,0.));
#3001 = ADVANCED_FACE('',(#3002),#3013,.T.);
#3002 = FACE_BOUND('',#3003,.F.);
#3003 = EDGE_LOOP('',(#3004,#3005,#3006,#3012));
#3004 = ORIENTED_EDGE('',*,*,#105,.T.);
#3005 = ORIENTED_EDGE('',*,*,#1557,.T.);
#3006 = ORIENTED_EDGE('',*,*,#3007,.F.);
#3007 = EDGE_CURVE('',#136,#1558,#3008,.T.);
#3008 = LINE('',#3009,#3010);
#3009 = CARTESIAN_POINT('',(21.504479720486,64.127302929648,17.));
#3010 = VECTOR('',#3011,1.);
#3011 = DIRECTION('',(0.,0.,1.));
#3012 = ORIENTED_EDGE('',*,*,#135,.F.);
#3013 = CYLINDRICAL_SURFACE('',#3014,21.896969596775);
#3014 = AXIS2_PLACEMENT_3D('',#3015,#3016,#3017);
#3015 = CARTESIAN_POINT('',(-3.618057442067E-04,60.001885562423,17.));
#3016 = DIRECTION('',(0.,0.,-1.));
#3017 = DIRECTION('',(0.992256276401,0.124207415007,0.));
#3018 = ADVANCED_FACE('',(#3019),#3030,.F.);
#3019 = FACE_BOUND('',#3020,.F.);
#3020 = EDGE_LOOP('',(#3021,#3022,#3023,#3029));
#3021 = ORIENTED_EDGE('',*,*,#3007,.T.);
#3022 = ORIENTED_EDGE('',*,*,#1566,.T.);
#3023 = ORIENTED_EDGE('',*,*,#3024,.F.);
#3024 = EDGE_CURVE('',#145,#1567,#3025,.T.);
#3025 = LINE('',#3026,#3027);
#3026 = CARTESIAN_POINT('',(18.248819372209,64.632044542766,17.));
#3027 = VECTOR('',#3028,1.);
#3028 = DIRECTION('',(0.,0.,1.));
#3029 = ORIENTED_EDGE('',*,*,#144,.F.);
#3030 = SURFACE_OF_LINEAR_EXTRUSION('',#3031,#3037);
#3031 = B_SPLINE_CURVE_WITH_KNOTS('',4,(#3032,#3033,#3034,#3035,#3036),
  .UNSPECIFIED.,.F.,.F.,(5,5),(0.,1.),.PIECEWISE_BEZIER_KNOTS.);
#3032 = CARTESIAN_POINT('',(21.504479720486,64.127302929648,17.));
#3033 = CARTESIAN_POINT('',(20.083257968635,64.653657620722,17.));
#3034 = CARTESIAN_POINT('',(18.996776830688,64.742972004681,17.));
#3035 = CARTESIAN_POINT('',(18.397676489869,64.65828063817,17.));
#3036 = CARTESIAN_POINT('',(18.248819372209,64.632044542766,17.));
#3037 = VECTOR('',#3038,1.);
#3038 = DIRECTION('',(0.,-0.,-1.));
#3039 = ADVANCED_FACE('',(#3040),#3051,.F.);
#3040 = FACE_BOUND('',#3041,.F.);
#3041 = EDGE_LOOP('',(#3042,#3043,#3044,#3050));
#3042 = ORIENTED_EDGE('',*,*,#3024,.T.);
#3043 = ORIENTED_EDGE('',*,*,#1576,.T.);
#3044 = ORIENTED_EDGE('',*,*,#3045,.F.);
#3045 = EDGE_CURVE('',#155,#1577,#3046,.T.);
#3046 = LINE('',#3047,#3048);
#3047 = CARTESIAN_POINT('',(17.598566908302,64.4683316475,17.));
#3048 = VECTOR('',#3049,1.);
#3049 = DIRECTION('',(0.,0.,1.));
#3050 = ORIENTED_EDGE('',*,*,#154,.F.);
#3051 = PLANE('',#3052);
#3052 = AXIS2_PLACEMENT_3D('',#3053,#3054,#3055);
#3053 = CARTESIAN_POINT('',(18.248819372209,64.632044542766,17.));
#3054 = DIRECTION('',(0.244149119579,-0.969737700313,0.));
#3055 = DIRECTION('',(-0.969737700313,-0.244149119579,0.));
#3056 = ADVANCED_FACE('',(#3057),#3068,.F.);
#3057 = FACE_BOUND('',#3058,.F.);
#3058 = EDGE_LOOP('',(#3059,#3060,#3061,#3067));
#3059 = ORIENTED_EDGE('',*,*,#3045,.T.);
#3060 = ORIENTED_EDGE('',*,*,#1584,.T.);
#3061 = ORIENTED_EDGE('',*,*,#3062,.F.);
#3062 = EDGE_CURVE('',#163,#1585,#3063,.T.);
#3063 = LINE('',#3064,#3065);
#3064 = CARTESIAN_POINT('',(16.668141725848,64.982730432002,17.));
#3065 = VECTOR('',#3066,1.);
#3066 = DIRECTION('',(0.,0.,1.));
#3067 = ORIENTED_EDGE('',*,*,#162,.F.);
#3068 = CYLINDRICAL_SURFACE('',#3069,0.76);
#3069 = AXIS2_PLACEMENT_3D('',#3070,#3071,#3072);
#3070 = CARTESIAN_POINT('',(17.396159277973,65.200882772805,17.));
#3071 = DIRECTION('',(0.,0.,-1.));
#3072 = DIRECTION('',(0.26632582938,-0.963883059611,0.));
#3073 = ADVANCED_FACE('',(#3074),#3085,.T.);
#3074 = FACE_BOUND('',#3075,.F.);
#3075 = EDGE_LOOP('',(#3076,#3077,#3078,#3084));
#3076 = ORIENTED_EDGE('',*,*,#3062,.T.);
#3077 = ORIENTED_EDGE('',*,*,#1593,.T.);
#3078 = ORIENTED_EDGE('',*,*,#3079,.F.);
#3079 = EDGE_CURVE('',#172,#1594,#3080,.T.);
#3080 = LINE('',#3081,#3082);
#3081 = CARTESIAN_POINT('',(16.413585384941,65.766174291695,17.));
#3082 = VECTOR('',#3083,1.);
#3083 = DIRECTION('',(0.,0.,1.));
#3084 = ORIENTED_EDGE('',*,*,#171,.F.);
#3085 = CYLINDRICAL_SURFACE('',#3086,17.39696959679);
#3086 = AXIS2_PLACEMENT_3D('',#3087,#3088,#3089);
#3087 = CARTESIAN_POINT('',(-1.862571161502E-11,59.999999999994,17.));
#3088 = DIRECTION('',(-0.,0.,-1.));
#3089 = DIRECTION('',(0.958106044454,0.286413700058,0.));
#3090 = ADVANCED_FACE('',(#3091),#3102,.F.);
#3091 = FACE_BOUND('',#3092,.F.);
#3092 = EDGE_LOOP('',(#3093,#3094,#3095,#3101));
#3093 = ORIENTED_EDGE('',*,*,#3079,.T.);
#3094 = ORIENTED_EDGE('',*,*,#1602,.T.);
#3095 = ORIENTED_EDGE('',*,*,#3096,.F.);
#3096 = EDGE_CURVE('',#181,#1603,#3097,.T.);
#3097 = LINE('',#3098,#3099);
#3098 = CARTESIAN_POINT('',(16.863959150214,66.729221850851,17.));
#3099 = VECTOR('',#3100,1.);
#3100 = DIRECTION('',(0.,0.,1.));
#3101 = ORIENTED_EDGE('',*,*,#180,.F.);
#3102 = CYLINDRICAL_SURFACE('',#3103,0.76);
#3103 = AXIS2_PLACEMENT_3D('',#3104,#3105,#3106);
#3104 = CARTESIAN_POINT('',(17.13079068549,66.017603321173,17.));
#3105 = DIRECTION('',(0.,0.,-1.));
#3106 = DIRECTION('',(-0.943691184933,-0.330827670365,-0.));
#3107 = ADVANCED_FACE('',(#3108),#3119,.F.);
#3108 = FACE_BOUND('',#3109,.F.);
#3109 = EDGE_LOOP('',(#3110,#3111,#3112,#3118));
#3110 = ORIENTED_EDGE('',*,*,#3096,.T.);
#3111 = ORIENTED_EDGE('',*,*,#1611,.T.);
#3112 = ORIENTED_EDGE('',*,*,#3113,.F.);
#3113 = EDGE_CURVE('',#190,#1612,#3114,.T.);
#3114 = LINE('',#3115,#3116);
#3115 = CARTESIAN_POINT('',(17.486252469596,66.978984144934,17.));
#3116 = VECTOR('',#3117,1.);
#3117 = DIRECTION('',(0.,0.,1.));
#3118 = ORIENTED_EDGE('',*,*,#189,.F.);
#3119 = PLANE('',#3120);
#3120 = AXIS2_PLACEMENT_3D('',#3121,#3122,#3123);
#3121 = CARTESIAN_POINT('',(16.863959150214,66.729221850851,17.));
#3122 = DIRECTION('',(-0.372476731935,0.928041531488,0.));
#3123 = DIRECTION('',(0.928041531488,0.372476731935,0.));
#3124 = ADVANCED_FACE('',(#3125),#3136,.F.);
#3125 = FACE_BOUND('',#3126,.F.);
#3126 = EDGE_LOOP('',(#3127,#3128,#3129,#3135));
#3127 = ORIENTED_EDGE('',*,*,#3113,.T.);
#3128 = ORIENTED_EDGE('',*,*,#1619,.T.);
#3129 = ORIENTED_EDGE('',*,*,#3130,.F.);
#3130 = EDGE_CURVE('',#198,#1620,#3131,.T.);
#3131 = LINE('',#3132,#3133);
#3132 = CARTESIAN_POINT('',(19.822609918505,69.302470188289,17.));
#3133 = VECTOR('',#3134,1.);
#3134 = DIRECTION('',(0.,0.,1.));
#3135 = ORIENTED_EDGE('',*,*,#197,.F.);
#3136 = SURFACE_OF_LINEAR_EXTRUSION('',#3137,#3143);
#3137 = B_SPLINE_CURVE_WITH_KNOTS('',4,(#3138,#3139,#3140,#3141,#3142),
  .UNSPECIFIED.,.F.,.F.,(5,5),(0.,1.),.PIECEWISE_BEZIER_KNOTS.);
#3138 = CARTESIAN_POINT('',(17.486252469596,66.978984144934,17.));
#3139 = CARTESIAN_POINT('',(17.622101597472,67.045254716346,17.));
#3140 = CARTESIAN_POINT('',(18.156564290763,67.328880306538,17.));
#3141 = CARTESIAN_POINT('',(18.983048317721,68.039754750783,17.));
#3142 = CARTESIAN_POINT('',(19.822609918505,69.302470188289,17.));
#3143 = VECTOR('',#3144,1.);
#3144 = DIRECTION('',(0.,-0.,-1.));
#3145 = ADVANCED_FACE('',(#3146),#3157,.T.);
#3146 = FACE_BOUND('',#3147,.F.);
#3147 = EDGE_LOOP('',(#3148,#3149,#3150,#3156));
#3148 = ORIENTED_EDGE('',*,*,#3130,.T.);
#3149 = ORIENTED_EDGE('',*,*,#1629,.T.);
#3150 = ORIENTED_EDGE('',*,*,#3151,.F.);
#3151 = EDGE_CURVE('',#208,#1630,#3152,.T.);
#3152 = LINE('',#3153,#3154);
#3153 = CARTESIAN_POINT('',(19.176568821511,70.570548034787,17.));
#3154 = VECTOR('',#3155,1.);
#3155 = DIRECTION('',(0.,0.,1.));
#3156 = ORIENTED_EDGE('',*,*,#207,.F.);
#3157 = CYLINDRICAL_SURFACE('',#3158,21.896969596769);
#3158 = AXIS2_PLACEMENT_3D('',#3159,#3160,#3161);
#3159 = CARTESIAN_POINT('',(-9.267685375517E-04,60.001681472308,17.));
#3160 = DIRECTION('',(-0.,0.,-1.));
#3161 = DIRECTION('',(0.905309595441,0.424752323598,0.));
#3162 = ADVANCED_FACE('',(#3163),#3174,.F.);
#3163 = FACE_BOUND('',#3164,.F.);
#3164 = EDGE_LOOP('',(#3165,#3166,#3167,#3173));
#3165 = ORIENTED_EDGE('',*,*,#3151,.T.);
#3166 = ORIENTED_EDGE('',*,*,#1638,.T.);
#3167 = ORIENTED_EDGE('',*,*,#3168,.F.);
#3168 = EDGE_CURVE('',#217,#1639,#3169,.T.);
#3169 = LINE('',#3170,#3171);
#3170 = CARTESIAN_POINT('',(15.924278096216,70.044531459459,17.));
#3171 = VECTOR('',#3172,1.);
#3172 = DIRECTION('',(0.,0.,1.));
#3173 = ORIENTED_EDGE('',*,*,#216,.F.);
#3174 = SURFACE_OF_LINEAR_EXTRUSION('',#3175,#3181);
#3175 = B_SPLINE_CURVE_WITH_KNOTS('',4,(#3176,#3177,#3178,#3179,#3180),
  .UNSPECIFIED.,.F.,.F.,(5,5),(0.,1.),.PIECEWISE_BEZIER_KNOTS.);
#3176 = CARTESIAN_POINT('',(19.176568821511,70.570548034787,17.));
#3177 = CARTESIAN_POINT('',(17.662254068702,70.631959419518,17.));
#3178 = CARTESIAN_POINT('',(16.60134944014,70.381161310689,17.));
#3179 = CARTESIAN_POINT('',(16.057742228618,70.115482848045,17.));
#3180 = CARTESIAN_POINT('',(15.924278096216,70.044531459459,17.));
#3181 = VECTOR('',#3182,1.);
#3182 = DIRECTION('',(0.,-0.,-1.));
#3183 = ADVANCED_FACE('',(#3184),#3195,.F.);
#3184 = FACE_BOUND('',#3185,.F.);
#3185 = EDGE_LOOP('',(#3186,#3187,#3188,#3194));
#3186 = ORIENTED_EDGE('',*,*,#3168,.T.);
#3187 = ORIENTED_EDGE('',*,*,#1648,.T.);
#3188 = ORIENTED_EDGE('',*,*,#3189,.F.);
#3189 = EDGE_CURVE('',#227,#1649,#3190,.T.);
#3190 = LINE('',#3191,#3192);
#3191 = CARTESIAN_POINT('',(15.356441320016,69.687892181633,17.));
#3192 = VECTOR('',#3193,1.);
#3193 = DIRECTION('',(0.,0.,1.));
#3194 = ORIENTED_EDGE('',*,*,#226,.F.);
#3195 = PLANE('',#3196);
#3196 = AXIS2_PLACEMENT_3D('',#3197,#3198,#3199);
#3197 = CARTESIAN_POINT('',(15.924278096216,70.044531459459,17.));
#3198 = DIRECTION('',(0.531865040606,-0.846829131868,0.));
#3199 = DIRECTION('',(-0.846829131868,-0.531865040606,0.));
#3200 = ADVANCED_FACE('',(#3201),#3212,.F.);
#3201 = FACE_BOUND('',#3202,.F.);
#3202 = EDGE_LOOP('',(#3203,#3204,#3205,#3211));
#3203 = ORIENTED_EDGE('',*,*,#3189,.T.);
#3204 = ORIENTED_EDGE('',*,*,#1656,.T.);
#3205 = ORIENTED_EDGE('',*,*,#3206,.F.);
#3206 = EDGE_CURVE('',#235,#1657,#3207,.T.);
#3207 = LINE('',#3208,#3209);
#3208 = CARTESIAN_POINT('',(14.312596421021,69.889597304235,17.));
#3209 = VECTOR('',#3210,1.);
#3210 = DIRECTION('',(0.,0.,1.));
#3211 = ORIENTED_EDGE('',*,*,#234,.F.);
#3212 = CYLINDRICAL_SURFACE('',#3213,0.76);
#3213 = AXIS2_PLACEMENT_3D('',#3214,#3215,#3216);
#3214 = CARTESIAN_POINT('',(14.937569477276,70.32204230531,17.));
#3215 = DIRECTION('',(0.,0.,-1.));
#3216 = DIRECTION('',(0.5511471615,-0.83440805747,0.));
#3217 = ADVANCED_FACE('',(#3218),#3229,.T.);
#3218 = FACE_BOUND('',#3219,.F.);
#3219 = EDGE_LOOP('',(#3220,#3221,#3222,#3228));
#3220 = ORIENTED_EDGE('',*,*,#3206,.T.);
#3221 = ORIENTED_EDGE('',*,*,#1665,.T.);
#3222 = ORIENTED_EDGE('',*,*,#3223,.F.);
#3223 = EDGE_CURVE('',#244,#1666,#3224,.T.);
#3224 = LINE('',#3225,#3226);
#3225 = CARTESIAN_POINT('',(13.828401487453,70.556034456782,17.));
#3226 = VECTOR('',#3227,1.);
#3227 = DIRECTION('',(0.,0.,1.));
#3228 = ORIENTED_EDGE('',*,*,#243,.F.);
#3229 = CYLINDRICAL_SURFACE('',#3230,17.396969596788);
#3230 = AXIS2_PLACEMENT_3D('',#3231,#3232,#3233);
#3231 = CARTESIAN_POINT('',(-1.414462432823E-11,59.99999999999,17.));
#3232 = DIRECTION('',(-0.,0.,-1.));
#3233 = DIRECTION('',(0.82270629614,0.568466665946,0.));
#3234 = ADVANCED_FACE('',(#3235),#3246,.F.);
#3235 = FACE_BOUND('',#3236,.F.);
#3236 = EDGE_LOOP('',(#3237,#3238,#3239,#3245));
#3237 = ORIENTED_EDGE('',*,*,#3223,.T.);
#3238 = ORIENTED_EDGE('',*,*,#1674,.T.);
#3239 = ORIENTED_EDGE('',*,*,#3240,.F.);
#3240 = EDGE_CURVE('',#253,#1675,#3241,.T.);
#3241 = LINE('',#3242,#3243);
#3242 = CARTESIAN_POINT('',(13.959134329514,71.611120260709,17.));
#3243 = VECTOR('',#3244,1.);
#3244 = DIRECTION('',(0.,0.,1.));
#3245 = ORIENTED_EDGE('',*,*,#252,.F.);
#3246 = CYLINDRICAL_SURFACE('',#3247,0.76);
#3247 = AXIS2_PLACEMENT_3D('',#3248,#3249,#3250);
#3248 = CARTESIAN_POINT('',(14.432808419074,71.016786299977,17.));
#3249 = DIRECTION('',(0.,0.,-1.));
#3250 = DIRECTION('',(-0.795272278449,-0.606252425258,-0.));
#3251 = ADVANCED_FACE('',(#3252),#3263,.F.);
#3252 = FACE_BOUND('',#3253,.F.);
#3253 = EDGE_LOOP('',(#3254,#3255,#3256,#3262));
#3254 = ORIENTED_EDGE('',*,*,#3240,.T.);
#3255 = ORIENTED_EDGE('',*,*,#1683,.T.);
#3256 = ORIENTED_EDGE('',*,*,#3257,.F.);
#3257 = EDGE_CURVE('',#262,#1684,#3258,.T.);
#3258 = LINE('',#3259,#3260);
#3259 = CARTESIAN_POINT('',(14.473789652533,72.040957529196,17.));
#3260 = VECTOR('',#3261,1.);
#3261 = DIRECTION('',(0.,0.,1.));
#3262 = ORIENTED_EDGE('',*,*,#261,.F.);
#3263 = PLANE('',#3264);
#3264 = AXIS2_PLACEMENT_3D('',#3265,#3266,#3267);
#3265 = CARTESIAN_POINT('',(13.959134329514,71.611120260709,17.));
#3266 = DIRECTION('',(-0.641027027791,0.767518305737,0.));
#3267 = DIRECTION('',(0.767518305737,0.641027027791,0.));
#3268 = ADVANCED_FACE('',(#3269),#3280,.F.);
#3269 = FACE_BOUND('',#3270,.F.);
#3270 = EDGE_LOOP('',(#3271,#3272,#3273,#3279));
#3271 = ORIENTED_EDGE('',*,*,#3257,.T.);
#3272 = ORIENTED_EDGE('',*,*,#1691,.T.);
#3273 = ORIENTED_EDGE('',*,*,#3274,.F.);
#3274 = EDGE_CURVE('',#270,#1692,#3275,.T.);
#3275 = LINE('',#3276,#3277);
#3276 = CARTESIAN_POINT('',(15.977800955123,74.972698227897,17.));
#3277 = VECTOR('',#3278,1.);
#3278 = DIRECTION('',(0.,0.,1.));
#3279 = ORIENTED_EDGE('',*,*,#269,.F.);
#3280 = SURFACE_OF_LINEAR_EXTRUSION('',#3281,#3287);
#3281 = B_SPLINE_CURVE_WITH_KNOTS('',4,(#3282,#3283,#3284,#3285,#3286),
  .UNSPECIFIED.,.F.,.F.,(5,5),(0.,1.),.PIECEWISE_BEZIER_KNOTS.);
#3282 = CARTESIAN_POINT('',(14.473789652533,72.040957529196,17.));
#3283 = CARTESIAN_POINT('',(14.58251111804,72.145964277161,17.));
#3284 = CARTESIAN_POINT('',(15.003170217802,72.580866297987,17.));
#3285 = CARTESIAN_POINT('',(15.569530953115,73.512345680363,17.));
#3286 = CARTESIAN_POINT('',(15.977800955123,74.972698227897,17.));
#3287 = VECTOR('',#3288,1.);
#3288 = DIRECTION('',(0.,-0.,-1.));
#3289 = ADVANCED_FACE('',(#3290),#3301,.T.);
#3290 = FACE_BOUND('',#3291,.F.);
#3291 = EDGE_LOOP('',(#3292,#3293,#3294,#3300));
#3292 = ORIENTED_EDGE('',*,*,#3274,.T.);
#3293 = ORIENTED_EDGE('',*,*,#1701,.T.);
#3294 = ORIENTED_EDGE('',*,*,#3295,.F.);
#3295 = EDGE_CURVE('',#280,#1702,#3296,.T.);
#3296 = LINE('',#3297,#3298);
#3297 = CARTESIAN_POINT('',(14.971521755274,75.979074248943,17.));
#3298 = VECTOR('',#3299,1.);
#3299 = DIRECTION('',(0.,0.,1.));
#3300 = ORIENTED_EDGE('',*,*,#279,.F.);
#3301 = CYLINDRICAL_SURFACE('',#3302,21.896969596773);
#3302 = AXIS2_PLACEMENT_3D('',#3303,#3304,#3305);
#3303 = CARTESIAN_POINT('',(-1.401012778889E-03,60.001312787965,17.));
#3304 = DIRECTION('',(-0.,0.,-1.));
#3305 = DIRECTION('',(0.729744903617,0.683719515331,0.));
#3306 = ADVANCED_FACE('',(#3307),#3318,.F.);
#3307 = FACE_BOUND('',#3308,.F.);
#3308 = EDGE_LOOP('',(#3309,#3310,#3311,#3317));
#3309 = ORIENTED_EDGE('',*,*,#3295,.T.);
#3310 = ORIENTED_EDGE('',*,*,#1710,.T.);
#3311 = ORIENTED_EDGE('',*,*,#3312,.F.);
#3312 = EDGE_CURVE('',#289,#1711,#3313,.T.);
#3313 = LINE('',#3314,#3315);
#3314 = CARTESIAN_POINT('',(12.040957529196,74.473789652533,17.));
#3315 = VECTOR('',#3316,1.);
#3316 = DIRECTION('',(0.,0.,1.));
#3317 = ORIENTED_EDGE('',*,*,#288,.F.);
#3318 = SURFACE_OF_LINEAR_EXTRUSION('',#3319,#3325);
#3319 = B_SPLINE_CURVE_WITH_KNOTS('',4,(#3320,#3321,#3322,#3323,#3324),
  .UNSPECIFIED.,.F.,.F.,(5,5),(0.,1.),.PIECEWISE_BEZIER_KNOTS.);
#3320 = CARTESIAN_POINT('',(14.971521755274,75.979074248943,17.));
#3321 = CARTESIAN_POINT('',(13.512345680363,75.569530953115,17.));
#3322 = CARTESIAN_POINT('',(12.580866297987,75.003170217802,17.));
#3323 = CARTESIAN_POINT('',(12.145964277161,74.58251111804,17.));
#3324 = CARTESIAN_POINT('',(12.040957529196,74.473789652533,17.));
#3325 = VECTOR('',#3326,1.);
#3326 = DIRECTION('',(0.,-0.,-1.));
#3327 = ADVANCED_FACE('',(#3328),#3339,.F.);
#3328 = FACE_BOUND('',#3329,.F.);
#3329 = EDGE_LOOP('',(#3330,#3331,#3332,#3338));
#3330 = ORIENTED_EDGE('',*,*,#3312,.T.);
#3331 = ORIENTED_EDGE('',*,*,#1720,.T.);
#3332 = ORIENTED_EDGE('',*,*,#3333,.F.);
#3333 = EDGE_CURVE('',#299,#1721,#3334,.T.);
#3334 = LINE('',#3335,#3336);
#3335 = CARTESIAN_POINT('',(11.611120260709,73.959134329514,17.));
#3336 = VECTOR('',#3337,1.);
#3337 = DIRECTION('',(0.,0.,1.));
#3338 = ORIENTED_EDGE('',*,*,#298,.F.);
#3339 = PLANE('',#3340);
#3340 = AXIS2_PLACEMENT_3D('',#3341,#3342,#3343);
#3341 = CARTESIAN_POINT('',(12.040957529196,74.473789652533,17.));
#3342 = DIRECTION('',(0.767518305737,-0.641027027791,0.));
#3343 = DIRECTION('',(-0.641027027791,-0.767518305737,0.));
#3344 = ADVANCED_FACE('',(#3345),#3356,.F.);
#3345 = FACE_BOUND('',#3346,.F.);
#3346 = EDGE_LOOP('',(#3347,#3348,#3349,#3355));
#3347 = ORIENTED_EDGE('',*,*,#3333,.T.);
#3348 = ORIENTED_EDGE('',*,*,#1728,.T.);
#3349 = ORIENTED_EDGE('',*,*,#3350,.F.);
#3350 = EDGE_CURVE('',#307,#1729,#3351,.T.);
#3351 = LINE('',#3352,#3353);
#3352 = CARTESIAN_POINT('',(10.556034456782,73.828401487453,17.));
#3353 = VECTOR('',#3354,1.);
#3354 = DIRECTION('',(0.,0.,1.));
#3355 = ORIENTED_EDGE('',*,*,#306,.F.);
#3356 = CYLINDRICAL_SURFACE('',#3357,0.76);
#3357 = AXIS2_PLACEMENT_3D('',#3358,#3359,#3360);
#3358 = CARTESIAN_POINT('',(11.016786299977,74.432808419074,17.));
#3359 = DIRECTION('',(0.,0.,-1.));
#3360 = DIRECTION('',(0.782018369384,-0.623255381001,0.));
#3361 = ADVANCED_FACE('',(#3362),#3373,.T.);
#3362 = FACE_BOUND('',#3363,.F.);
#3363 = EDGE_LOOP('',(#3364,#3365,#3366,#3372));
#3364 = ORIENTED_EDGE('',*,*,#3350,.T.);
#3365 = ORIENTED_EDGE('',*,*,#1737,.T.);
#3366 = ORIENTED_EDGE('',*,*,#3367,.F.);
#3367 = EDGE_CURVE('',#316,#1738,#3368,.T.);
#3368 = LINE('',#3369,#3370);
#3369 = CARTESIAN_POINT('',(9.889597304235,74.312596421021,17.));
#3370 = VECTOR('',#3371,1.);
#3371 = DIRECTION('',(0.,0.,1.));
#3372 = ORIENTED_EDGE('',*,*,#315,.F.);
#3373 = CYLINDRICAL_SURFACE('',#3374,17.396969596769);
#3374 = AXIS2_PLACEMENT_3D('',#3375,#3376,#3377);
#3375 = CARTESIAN_POINT('',(7.456139091368E-13,60.000000000001,17.));
#3376 = DIRECTION('',(-0.,0.,-1.));
#3377 = DIRECTION('',(0.606774323428,0.794874153831,0.));
#3378 = ADVANCED_FACE('',(#3379),#3390,.F.);
#3379 = FACE_BOUND('',#3380,.F.);
#3380 = EDGE_LOOP('',(#3381,#3382,#3383,#3389));
#3381 = ORIENTED_EDGE('',*,*,#3367,.T.);
#3382 = ORIENTED_EDGE('',*,*,#1746,.T.);
#3383 = ORIENTED_EDGE('',*,*,#3384,.F.);
#3384 = EDGE_CURVE('',#325,#1747,#3385,.T.);
#3385 = LINE('',#3386,#3387);
#3386 = CARTESIAN_POINT('',(9.687892181633,75.356441320016,17.));
#3387 = VECTOR('',#3388,1.);
#3388 = DIRECTION('',(0.,0.,1.));
#3389 = ORIENTED_EDGE('',*,*,#324,.F.);
#3390 = CYLINDRICAL_SURFACE('',#3391,0.76);
#3391 = AXIS2_PLACEMENT_3D('',#3392,#3393,#3394);
#3392 = CARTESIAN_POINT('',(10.32204230531,74.937569477276,17.));
#3393 = DIRECTION('',(0.,0.,-1.));
#3394 = DIRECTION('',(-0.569006580362,-0.822332968757,-0.));
#3395 = ADVANCED_FACE('',(#3396),#3407,.F.);
#3396 = FACE_BOUND('',#3397,.F.);
#3397 = EDGE_LOOP('',(#3398,#3399,#3400,#3406));
#3398 = ORIENTED_EDGE('',*,*,#3384,.T.);
#3399 = ORIENTED_EDGE('',*,*,#1755,.T.);
#3400 = ORIENTED_EDGE('',*,*,#3401,.F.);
#3401 = EDGE_CURVE('',#334,#1756,#3402,.T.);
#3402 = LINE('',#3403,#3404);
#3403 = CARTESIAN_POINT('',(10.044531459459,75.924278096216,17.));
#3404 = VECTOR('',#3405,1.);
#3405 = DIRECTION('',(0.,0.,1.));
#3406 = ORIENTED_EDGE('',*,*,#333,.F.);
#3407 = PLANE('',#3408);
#3408 = AXIS2_PLACEMENT_3D('',#3409,#3410,#3411);
#3409 = CARTESIAN_POINT('',(9.687892181633,75.356441320016,17.));
#3410 = DIRECTION('',(-0.846829131868,0.531865040606,0.));
#3411 = DIRECTION('',(0.531865040606,0.846829131868,0.));
#3412 = ADVANCED_FACE('',(#3413),#3424,.F.);
#3413 = FACE_BOUND('',#3414,.F.);
#3414 = EDGE_LOOP('',(#3415,#3416,#3417,#3423));
#3415 = ORIENTED_EDGE('',*,*,#3401,.T.);
#3416 = ORIENTED_EDGE('',*,*,#1763,.T.);
#3417 = ORIENTED_EDGE('',*,*,#3418,.F.);
#3418 = EDGE_CURVE('',#342,#1764,#3419,.T.);
#3419 = LINE('',#3420,#3421);
#3420 = CARTESIAN_POINT('',(10.568973510369,79.177294244035,17.));
#3421 = VECTOR('',#3422,1.);
#3422 = DIRECTION('',(0.,0.,1.));
#3423 = ORIENTED_EDGE('',*,*,#341,.F.);
#3424 = SURFACE_OF_LINEAR_EXTRUSION('',#3425,#3431);
#3425 = B_SPLINE_CURVE_WITH_KNOTS('',4,(#3426,#3427,#3428,#3429,#3430),
  .UNSPECIFIED.,.F.,.F.,(5,5),(0.,1.),.PIECEWISE_BEZIER_KNOTS.);
#3426 = CARTESIAN_POINT('',(10.044531459459,75.924278096216,17.));
#3427 = CARTESIAN_POINT('',(10.115482848045,76.057742228618,17.));
#3428 = CARTESIAN_POINT('',(10.381161310689,76.60134944014,17.));
#3429 = CARTESIAN_POINT('',(10.631959419518,77.662254068702,17.));
#3430 = CARTESIAN_POINT('',(10.568973510369,79.177294244035,17.));
#3431 = VECTOR('',#3432,1.);
#3432 = DIRECTION('',(0.,-0.,-1.));
#3433 = ADVANCED_FACE('',(#3434),#3445,.T.);
#3434 = FACE_BOUND('',#3435,.F.);
#3435 = EDGE_LOOP('',(#3436,#3437,#3438,#3444));
#3436 = ORIENTED_EDGE('',*,*,#3418,.T.);
#3437 = ORIENTED_EDGE('',*,*,#1773,.T.);
#3438 = ORIENTED_EDGE('',*,*,#3439,.F.);
#3439 = EDGE_CURVE('',#352,#1774,#3440,.T.);
#3440 = LINE('',#3441,#3442);
#3441 = CARTESIAN_POINT('',(9.300957826906,79.823457342855,17.));
#3442 = VECTOR('',#3443,1.);
#3443 = DIRECTION('',(0.,0.,1.));
#3444 = ORIENTED_EDGE('',*,*,#351,.F.);
#3445 = CYLINDRICAL_SURFACE('',#3446,21.896969596778);
#3446 = AXIS2_PLACEMENT_3D('',#3447,#3448,#3449);
#3447 = CARTESIAN_POINT('',(-1.738116125688E-03,60.000815598786,17.));
#3448 = DIRECTION('',(-0.,0.,-1.));
#3449 = DIRECTION('',(0.482747696195,0.87575947715,0.));
#3450 = ADVANCED_FACE('',(#3451),#3462,.F.);
#3451 = FACE_BOUND('',#3452,.F.);
#3452 = EDGE_LOOP('',(#3453,#3454,#3455,#3461));
#3453 = ORIENTED_EDGE('',*,*,#3439,.T.);
#3454 = ORIENTED_EDGE('',*,*,#1782,.T.);
#3455 = ORIENTED_EDGE('',*,*,#3456,.F.);
#3456 = EDGE_CURVE('',#361,#1783,#3457,.T.);
#3457 = LINE('',#3458,#3459);
#3458 = CARTESIAN_POINT('',(6.978984144934,77.486252469596,17.));
#3459 = VECTOR('',#3460,1.);
#3460 = DIRECTION('',(0.,0.,1.));
#3461 = ORIENTED_EDGE('',*,*,#360,.F.);
#3462 = SURFACE_OF_LINEAR_EXTRUSION('',#3463,#3469);
#3463 = B_SPLINE_CURVE_WITH_KNOTS('',4,(#3464,#3465,#3466,#3467,#3468),
  .UNSPECIFIED.,.F.,.F.,(5,5),(0.,1.),.PIECEWISE_BEZIER_KNOTS.);
#3464 = CARTESIAN_POINT('',(9.300957826906,79.823457342855,17.));
#3465 = CARTESIAN_POINT('',(8.039754750783,78.983048317721,17.));
#3466 = CARTESIAN_POINT('',(7.328880306538,78.156564290763,17.));
#3467 = CARTESIAN_POINT('',(7.045254716346,77.622101597472,17.));
#3468 = CARTESIAN_POINT('',(6.978984144934,77.486252469596,17.));
#3469 = VECTOR('',#3470,1.);
#3470 = DIRECTION('',(0.,-0.,-1.));
#3471 = ADVANCED_FACE('',(#3472),#3483,.F.);
#3472 = FACE_BOUND('',#3473,.F.);
#3473 = EDGE_LOOP('',(#3474,#3475,#3476,#3482));
#3474 = ORIENTED_EDGE('',*,*,#3456,.T.);
#3475 = ORIENTED_EDGE('',*,*,#1792,.T.);
#3476 = ORIENTED_EDGE('',*,*,#3477,.F.);
#3477 = EDGE_CURVE('',#371,#1793,#3478,.T.);
#3478 = LINE('',#3479,#3480);
#3479 = CARTESIAN_POINT('',(6.729221850851,76.863959150214,17.));
#3480 = VECTOR('',#3481,1.);
#3481 = DIRECTION('',(0.,0.,1.));
#3482 = ORIENTED_EDGE('',*,*,#370,.F.);
#3483 = PLANE('',#3484);
#3484 = AXIS2_PLACEMENT_3D('',#3485,#3486,#3487);
#3485 = CARTESIAN_POINT('',(6.978984144934,77.486252469596,17.));
#3486 = DIRECTION('',(0.928041531488,-0.372476731935,0.));
#3487 = DIRECTION('',(-0.372476731935,-0.928041531488,0.));
#3488 = ADVANCED_FACE('',(#3489),#3500,.F.);
#3489 = FACE_BOUND('',#3490,.F.);
#3490 = EDGE_LOOP('',(#3491,#3492,#3493,#3499));
#3491 = ORIENTED_EDGE('',*,*,#3477,.T.);
#3492 = ORIENTED_EDGE('',*,*,#1800,.T.);
#3493 = ORIENTED_EDGE('',*,*,#3494,.F.);
#3494 = EDGE_CURVE('',#379,#1801,#3495,.T.);
#3495 = LINE('',#3496,#3497);
#3496 = CARTESIAN_POINT('',(5.766174291695,76.413585384941,17.));
#3497 = VECTOR('',#3498,1.);
#3498 = DIRECTION('',(0.,0.,1.));
#3499 = ORIENTED_EDGE('',*,*,#378,.F.);
#3500 = CYLINDRICAL_SURFACE('',#3501,0.76);
#3501 = AXIS2_PLACEMENT_3D('',#3502,#3503,#3504);
#3502 = CARTESIAN_POINT('',(6.017603321173,77.13079068549,17.));
#3503 = DIRECTION('',(0.,0.,-1.));
#3504 = DIRECTION('',(0.93634017063,-0.351094125364,0.));
#3505 = ADVANCED_FACE('',(#3506),#3517,.T.);
#3506 = FACE_BOUND('',#3507,.F.);
#3507 = EDGE_LOOP('',(#3508,#3509,#3510,#3516));
#3508 = ORIENTED_EDGE('',*,*,#3494,.T.);
#3509 = ORIENTED_EDGE('',*,*,#1809,.T.);
#3510 = ORIENTED_EDGE('',*,*,#3511,.F.);
#3511 = EDGE_CURVE('',#388,#1810,#3512,.T.);
#3512 = LINE('',#3513,#3514);
#3513 = CARTESIAN_POINT('',(4.982730432002,76.668141725848,17.));
#3514 = VECTOR('',#3515,1.);
#3515 = DIRECTION('',(0.,0.,1.));
#3516 = ORIENTED_EDGE('',*,*,#387,.F.);
#3517 = CYLINDRICAL_SURFACE('',#3518,17.396969596774);
#3518 = AXIS2_PLACEMENT_3D('',#3519,#3520,#3521);
#3519 = CARTESIAN_POINT('',(-1.162842877117E-12,59.999999999996,17.));
#3520 = DIRECTION('',(-0.,0.,-1.));
#3521 = DIRECTION('',(0.331447052294,0.943473821325,0.));
#3522 = ADVANCED_FACE('',(#3523),#3534,.F.);
#3523 = FACE_BOUND('',#3524,.F.);
#3524 = EDGE_LOOP('',(#3525,#3526,#3527,#3533));
#3525 = ORIENTED_EDGE('',*,*,#3511,.T.);
#3526 = ORIENTED_EDGE('',*,*,#1818,.T.);
#3527 = ORIENTED_EDGE('',*,*,#3528,.F.);
#3528 = EDGE_CURVE('',#397,#1819,#3529,.T.);
#3529 = LINE('',#3530,#3531);
#3530 = CARTESIAN_POINT('',(4.4683316475,77.598566908302,17.));
#3531 = VECTOR('',#3532,1.);
#3532 = DIRECTION('',(0.,0.,1.));
#3533 = ORIENTED_EDGE('',*,*,#396,.F.);
#3534 = CYLINDRICAL_SURFACE('',#3535,0.76);
#3535 = AXIS2_PLACEMENT_3D('',#3536,#3537,#3538);
#3536 = CARTESIAN_POINT('',(5.200882772805,77.396159277973,17.));
#3537 = DIRECTION('',(0.,0.,-1.));
#3538 = DIRECTION('',(-0.287042553688,-0.957917831744,-0.));
#3539 = ADVANCED_FACE('',(#3540),#3551,.F.);
#3540 = FACE_BOUND('',#3541,.F.);
#3541 = EDGE_LOOP('',(#3542,#3543,#3544,#3550));
#3542 = ORIENTED_EDGE('',*,*,#3528,.T.);
#3543 = ORIENTED_EDGE('',*,*,#1827,.T.);
#3544 = ORIENTED_EDGE('',*,*,#3545,.F.);
#3545 = EDGE_CURVE('',#406,#1828,#3546,.T.);
#3546 = LINE('',#3547,#3548);
#3547 = CARTESIAN_POINT('',(4.632044542766,78.248819372209,17.));
#3548 = VECTOR('',#3549,1.);
#3549 = DIRECTION('',(0.,0.,1.));
#3550 = ORIENTED_EDGE('',*,*,#405,.F.);
#3551 = PLANE('',#3552);
#3552 = AXIS2_PLACEMENT_3D('',#3553,#3554,#3555);
#3553 = CARTESIAN_POINT('',(4.4683316475,77.598566908302,17.));
#3554 = DIRECTION('',(-0.969737700313,0.244149119579,0.));
#3555 = DIRECTION('',(0.244149119579,0.969737700313,0.));
#3556 = ADVANCED_FACE('',(#3557),#3568,.F.);
#3557 = FACE_BOUND('',#3558,.F.);
#3558 = EDGE_LOOP('',(#3559,#3560,#3561,#3567));
#3559 = ORIENTED_EDGE('',*,*,#3545,.T.);
#3560 = ORIENTED_EDGE('',*,*,#1835,.T.);
#3561 = ORIENTED_EDGE('',*,*,#3562,.F.);
#3562 = EDGE_CURVE('',#414,#1836,#3563,.T.);
#3563 = LINE('',#3564,#3565);
#3564 = CARTESIAN_POINT('',(4.125581300052,81.504683083502,17.));
#3565 = VECTOR('',#3566,1.);
#3566 = DIRECTION('',(0.,0.,1.));
#3567 = ORIENTED_EDGE('',*,*,#413,.F.);
#3568 = SURFACE_OF_LINEAR_EXTRUSION('',#3569,#3575);
#3569 = B_SPLINE_CURVE_WITH_KNOTS('',4,(#3570,#3571,#3572,#3573,#3574),
  .UNSPECIFIED.,.F.,.F.,(5,5),(0.,1.),.PIECEWISE_BEZIER_KNOTS.);
#3570 = CARTESIAN_POINT('',(4.632044542766,78.248819372209,17.));
#3571 = CARTESIAN_POINT('',(4.65828063817,78.397676489869,17.));
#3572 = CARTESIAN_POINT('',(4.742972004681,78.996776830688,17.));
#3573 = CARTESIAN_POINT('',(4.653657620722,80.083257968635,17.));
#3574 = CARTESIAN_POINT('',(4.125581300052,81.504683083502,17.));
#3575 = VECTOR('',#3576,1.);
#3576 = DIRECTION('',(0.,-0.,-1.));
#3577 = ADVANCED_FACE('',(#3578),#3589,.T.);
#3578 = FACE_BOUND('',#3579,.F.);
#3579 = EDGE_LOOP('',(#3580,#3581,#3582,#3588));
#3580 = ORIENTED_EDGE('',*,*,#3562,.T.);
#3581 = ORIENTED_EDGE('',*,*,#1845,.T.);
#3582 = ORIENTED_EDGE('',*,*,#3583,.F.);
#3583 = EDGE_CURVE('',#424,#1846,#3584,.T.);
#3584 = LINE('',#3585,#3586);
#3585 = CARTESIAN_POINT('',(2.719951342856,81.7273823139,17.));
#3586 = VECTOR('',#3587,1.);
#3587 = DIRECTION('',(0.,0.,1.));
#3588 = ORIENTED_EDGE('',*,*,#423,.F.);
#3589 = CYLINDRICAL_SURFACE('',#3590,21.896969596768);
#3590 = AXIS2_PLACEMENT_3D('',#3591,#3592,#3593);
#3591 = CARTESIAN_POINT('',(-1.90508055153E-03,60.000238573129,17.));
#3592 = DIRECTION('',(-0.,0.,-1.));
#3593 = DIRECTION('',(0.188495780768,0.982073999571,0.));
#3594 = ADVANCED_FACE('',(#3595),#3606,.F.);
#3595 = FACE_BOUND('',#3596,.F.);
#3596 = EDGE_LOOP('',(#3597,#3598,#3599,#3605));
#3597 = ORIENTED_EDGE('',*,*,#3583,.T.);
#3598 = ORIENTED_EDGE('',*,*,#1854,.T.);
#3599 = ORIENTED_EDGE('',*,*,#3600,.F.);
#3600 = EDGE_CURVE('',#433,#1855,#3601,.T.);
#3601 = LINE('',#3602,#3603);
#3602 = CARTESIAN_POINT('',(1.233859167124,78.787039061049,17.));
#3603 = VECTOR('',#3604,1.);
#3604 = DIRECTION('',(0.,0.,1.));
#3605 = ORIENTED_EDGE('',*,*,#432,.F.);
#3606 = SURFACE_OF_LINEAR_EXTRUSION('',#3607,#3613);
#3607 = B_SPLINE_CURVE_WITH_KNOTS('',4,(#3608,#3609,#3610,#3611,#3612),
  .UNSPECIFIED.,.F.,.F.,(5,5),(0.,1.),.PIECEWISE_BEZIER_KNOTS.);
#3608 = CARTESIAN_POINT('',(2.719951342856,81.7273823139,17.));
#3609 = CARTESIAN_POINT('',(1.78017660993,80.538372650312,17.));
#3610 = CARTESIAN_POINT('',(1.359492447373,79.532667346722,17.));
#3611 = CARTESIAN_POINT('',(1.254906536719,78.936717992142,17.));
#3612 = CARTESIAN_POINT('',(1.233859167124,78.787039061049,17.));
#3613 = VECTOR('',#3614,1.);
#3614 = DIRECTION('',(0.,-0.,-1.));
#3615 = ADVANCED_FACE('',(#3616),#3627,.F.);
#3616 = FACE_BOUND('',#3617,.F.);
#3617 = EDGE_LOOP('',(#3618,#3619,#3620,#3626));
#3618 = ORIENTED_EDGE('',*,*,#3600,.T.);
#3619 = ORIENTED_EDGE('',*,*,#1864,.T.);
#3620 = ORIENTED_EDGE('',*,*,#3621,.F.);
#3621 = EDGE_CURVE('',#443,#1865,#3622,.T.);
#3622 = LINE('',#3623,#3624);
#3623 = CARTESIAN_POINT('',(1.188620320987,78.118022151178,17.));
#3624 = VECTOR('',#3625,1.);
#3625 = DIRECTION('',(0.,0.,1.));
#3626 = ORIENTED_EDGE('',*,*,#442,.F.);
#3627 = PLANE('',#3628);
#3628 = AXIS2_PLACEMENT_3D('',#3629,#3630,#3631);
#3629 = CARTESIAN_POINT('',(1.233859167124,78.787039061049,17.));
#3630 = DIRECTION('',(0.997721586092,-6.74658183596E-02,0.));
#3631 = DIRECTION('',(-6.74658183596E-02,-0.997721586092,0.));
#3632 = ADVANCED_FACE('',(#3633),#3644,.F.);
#3633 = FACE_BOUND('',#3634,.F.);
#3634 = EDGE_LOOP('',(#3635,#3636,#3637,#3643));
#3635 = ORIENTED_EDGE('',*,*,#3621,.T.);
#3636 = ORIENTED_EDGE('',*,*,#1872,.T.);
#3637 = ORIENTED_EDGE('',*,*,#3638,.F.);
#3638 = EDGE_CURVE('',#451,#1873,#3639,.T.);
#3639 = LINE('',#3640,#3641);
#3640 = CARTESIAN_POINT('',(0.41188081164,77.392093184777,17.));
#3641 = VECTOR('',#3642,1.);
#3642 = DIRECTION('',(0.,0.,1.));
#3643 = ORIENTED_EDGE('',*,*,#450,.F.);
#3644 = CYLINDRICAL_SURFACE('',#3645,0.76);
#3645 = AXIS2_PLACEMENT_3D('',#3646,#3647,#3648);
#3646 = CARTESIAN_POINT('',(0.429375402184,78.151891802373,17.));
#3647 = DIRECTION('',(0.,0.,-1.));
#3648 = DIRECTION('',(0.999006472109,-4.456533051997E-02,0.));
#3649 = ADVANCED_FACE('',(#3650),#3661,.T.);
#3650 = FACE_BOUND('',#3651,.F.);
#3651 = EDGE_LOOP('',(#3652,#3653,#3654,#3660));
#3652 = ORIENTED_EDGE('',*,*,#3638,.T.);
#3653 = ORIENTED_EDGE('',*,*,#1881,.T.);
#3654 = ORIENTED_EDGE('',*,*,#3655,.F.);
#3655 = EDGE_CURVE('',#460,#1882,#3656,.T.);
#3656 = LINE('',#3657,#3658);
#3657 = CARTESIAN_POINT('',(-0.41188081164,77.392093184777,17.));
#3658 = VECTOR('',#3659,1.);
#3659 = DIRECTION('',(0.,0.,1.));
#3660 = ORIENTED_EDGE('',*,*,#459,.F.);
#3661 = CYLINDRICAL_SURFACE('',#3662,17.396969596783);
#3662 = AXIS2_PLACEMENT_3D('',#3663,#3664,#3665);
#3663 = CARTESIAN_POINT('',(-1.786082565104E-14,59.999999999987,17.));
#3664 = DIRECTION('',(-0.,0.,-1.));
#3665 = DIRECTION('',(2.367543435356E-02,0.999719697619,0.));
#3666 = ADVANCED_FACE('',(#3667),#3678,.F.);
#3667 = FACE_BOUND('',#3668,.F.);
#3668 = EDGE_LOOP('',(#3669,#3670,#3671,#3677));
#3669 = ORIENTED_EDGE('',*,*,#3655,.T.);
#3670 = ORIENTED_EDGE('',*,*,#1890,.T.);
#3671 = ORIENTED_EDGE('',*,*,#3672,.F.);
#3672 = EDGE_CURVE('',#469,#1891,#3673,.T.);
#3673 = LINE('',#3674,#3675);
#3674 = CARTESIAN_POINT('',(-1.188620320987,78.118022151178,17.));
#3675 = VECTOR('',#3676,1.);
#3676 = DIRECTION('',(0.,0.,1.));
#3677 = ORIENTED_EDGE('',*,*,#468,.F.);
#3678 = CYLINDRICAL_SURFACE('',#3679,0.76);
#3679 = AXIS2_PLACEMENT_3D('',#3680,#3681,#3682);
#3680 = CARTESIAN_POINT('',(-0.429375402184,78.151891802373,17.));
#3681 = DIRECTION('',(0.,0.,-1.));
#3682 = DIRECTION('',(2.301919808505E-02,-0.999735023153,-0.));
#3683 = ADVANCED_FACE('',(#3684),#3695,.F.);
#3684 = FACE_BOUND('',#3685,.F.);
#3685 = EDGE_LOOP('',(#3686,#3687,#3688,#3694));
#3686 = ORIENTED_EDGE('',*,*,#3672,.T.);
#3687 = ORIENTED_EDGE('',*,*,#1899,.T.);
#3688 = ORIENTED_EDGE('',*,*,#3689,.F.);
#3689 = EDGE_CURVE('',#478,#1900,#3690,.T.);
#3690 = LINE('',#3691,#3692);
#3691 = CARTESIAN_POINT('',(-1.233859167124,78.787039061049,17.));
#3692 = VECTOR('',#3693,1.);
#3693 = DIRECTION('',(0.,0.,1.));
#3694 = ORIENTED_EDGE('',*,*,#477,.F.);
#3695 = PLANE('',#3696);
#3696 = AXIS2_PLACEMENT_3D('',#3697,#3698,#3699);
#3697 = CARTESIAN_POINT('',(-1.188620320987,78.118022151178,17.));
#3698 = DIRECTION('',(-0.997721586092,-6.74658183596E-02,0.));
#3699 = DIRECTION('',(-6.74658183596E-02,0.997721586092,0.));
#3700 = ADVANCED_FACE('',(#3701),#3712,.F.);
#3701 = FACE_BOUND('',#3702,.F.);
#3702 = EDGE_LOOP('',(#3703,#3704,#3705,#3711));
#3703 = ORIENTED_EDGE('',*,*,#3689,.T.);
#3704 = ORIENTED_EDGE('',*,*,#1907,.T.);
#3705 = ORIENTED_EDGE('',*,*,#3706,.F.);
#3706 = EDGE_CURVE('',#486,#1908,#3707,.T.);
#3707 = LINE('',#3708,#3709);
#3708 = CARTESIAN_POINT('',(-2.72165155253,81.727043710818,17.));
#3709 = VECTOR('',#3710,1.);
#3710 = DIRECTION('',(0.,0.,1.));
#3711 = ORIENTED_EDGE('',*,*,#485,.F.);
#3712 = SURFACE_OF_LINEAR_EXTRUSION('',#3713,#3719);
#3713 = B_SPLINE_CURVE_WITH_KNOTS('',4,(#3714,#3715,#3716,#3717,#3718),
  .UNSPECIFIED.,.F.,.F.,(5,5),(0.,1.),.PIECEWISE_BEZIER_KNOTS.);
#3714 = CARTESIAN_POINT('',(-1.233859167124,78.787039061049,17.));
#3715 = CARTESIAN_POINT('',(-1.254906536719,78.936717992142,17.));
#3716 = CARTESIAN_POINT('',(-1.359492447373,79.532667346722,17.));
#3717 = CARTESIAN_POINT('',(-1.78017660993,80.538372650312,17.));
#3718 = CARTESIAN_POINT('',(-2.72165155253,81.727043710818,17.));
#3719 = VECTOR('',#3720,1.);
#3720 = DIRECTION('',(0.,-0.,-1.));
#3721 = ADVANCED_FACE('',(#3722),#3733,.T.);
#3722 = FACE_BOUND('',#3723,.F.);
#3723 = EDGE_LOOP('',(#3724,#3725,#3726,#3732));
#3724 = ORIENTED_EDGE('',*,*,#3706,.T.);
#3725 = ORIENTED_EDGE('',*,*,#1917,.T.);
#3726 = ORIENTED_EDGE('',*,*,#3727,.F.);
#3727 = EDGE_CURVE('',#496,#1918,#3728,.T.);
#3728 = LINE('',#3729,#3730);
#3729 = CARTESIAN_POINT('',(-4.127302929648,81.504479720486,17.));
#3730 = VECTOR('',#3731,1.);
#3731 = DIRECTION('',(0.,0.,1.));
#3732 = ORIENTED_EDGE('',*,*,#495,.F.);
#3733 = CYLINDRICAL_SURFACE('',#3734,21.896969596775);
#3734 = AXIS2_PLACEMENT_3D('',#3735,#3736,#3737);
#3735 = CARTESIAN_POINT('',(-1.88556242273E-03,59.999638194256,17.));
#3736 = DIRECTION('',(-0.,0.,-1.));
#3737 = DIRECTION('',(-0.124207415007,0.992256276401,0.));
#3738 = ADVANCED_FACE('',(#3739),#3750,.F.);
#3739 = FACE_BOUND('',#3740,.F.);
#3740 = EDGE_LOOP('',(#3741,#3742,#3743,#3749));
#3741 = ORIENTED_EDGE('',*,*,#3727,.T.);
#3742 = ORIENTED_EDGE('',*,*,#1926,.T.);
#3743 = ORIENTED_EDGE('',*,*,#3744,.F.);
#3744 = EDGE_CURVE('',#505,#1927,#3745,.T.);
#3745 = LINE('',#3746,#3747);
#3746 = CARTESIAN_POINT('',(-4.632044542766,78.248819372209,17.));
#3747 = VECTOR('',#3748,1.);
#3748 = DIRECTION('',(0.,0.,1.));
#3749 = ORIENTED_EDGE('',*,*,#504,.F.);
#3750 = SURFACE_OF_LINEAR_EXTRUSION('',#3751,#3757);
#3751 = B_SPLINE_CURVE_WITH_KNOTS('',4,(#3752,#3753,#3754,#3755,#3756),
  .UNSPECIFIED.,.F.,.F.,(5,5),(0.,1.),.PIECEWISE_BEZIER_KNOTS.);
#3752 = CARTESIAN_POINT('',(-4.127302929648,81.504479720486,17.));
#3753 = CARTESIAN_POINT('',(-4.653657620722,80.083257968635,17.));
#3754 = CARTESIAN_POINT('',(-4.742972004681,78.996776830688,17.));
#3755 = CARTESIAN_POINT('',(-4.65828063817,78.397676489869,17.));
#3756 = CARTESIAN_POINT('',(-4.632044542766,78.248819372209,17.));
#3757 = VECTOR('',#3758,1.);
#3758 = DIRECTION('',(0.,-0.,-1.));
#3759 = ADVANCED_FACE('',(#3760),#3771,.F.);
#3760 = FACE_BOUND('',#3761,.F.);
#3761 = EDGE_LOOP('',(#3762,#3763,#3764,#3770));
#3762 = ORIENTED_EDGE('',*,*,#3744,.T.);
#3763 = ORIENTED_EDGE('',*,*,#1936,.T.);
#3764 = ORIENTED_EDGE('',*,*,#3765,.F.);
#3765 = EDGE_CURVE('',#515,#1937,#3766,.T.);
#3766 = LINE('',#3767,#3768);
#3767 = CARTESIAN_POINT('',(-4.4683316475,77.598566908302,17.));
#3768 = VECTOR('',#3769,1.);
#3769 = DIRECTION('',(0.,0.,1.));
#3770 = ORIENTED_EDGE('',*,*,#514,.F.);
#3771 = PLANE('',#3772);
#3772 = AXIS2_PLACEMENT_3D('',#3773,#3774,#3775);
#3773 = CARTESIAN_POINT('',(-4.632044542766,78.248819372209,17.));
#3774 = DIRECTION('',(0.969737700313,0.244149119579,0.));
#3775 = DIRECTION('',(0.244149119579,-0.969737700313,0.));
#3776 = ADVANCED_FACE('',(#3777),#3788,.F.);
#3777 = FACE_BOUND('',#3778,.F.);
#3778 = EDGE_LOOP('',(#3779,#3780,#3781,#3787));
#3779 = ORIENTED_EDGE('',*,*,#3765,.T.);
#3780 = ORIENTED_EDGE('',*,*,#1944,.T.);
#3781 = ORIENTED_EDGE('',*,*,#3782,.F.);
#3782 = EDGE_CURVE('',#523,#1945,#3783,.T.);
#3783 = LINE('',#3784,#3785);
#3784 = CARTESIAN_POINT('',(-4.982730432002,76.668141725848,17.));
#3785 = VECTOR('',#3786,1.);
#3786 = DIRECTION('',(0.,0.,1.));
#3787 = ORIENTED_EDGE('',*,*,#522,.F.);
#3788 = CYLINDRICAL_SURFACE('',#3789,0.76);
#3789 = AXIS2_PLACEMENT_3D('',#3790,#3791,#3792);
#3790 = CARTESIAN_POINT('',(-5.200882772805,77.396159277973,17.));
#3791 = DIRECTION('',(0.,0.,-1.));
#3792 = DIRECTION('',(0.963883059611,0.26632582938,0.));
#3793 = ADVANCED_FACE('',(#3794),#3805,.T.);
#3794 = FACE_BOUND('',#3795,.F.);
#3795 = EDGE_LOOP('',(#3796,#3797,#3798,#3804));
#3796 = ORIENTED_EDGE('',*,*,#3782,.T.);
#3797 = ORIENTED_EDGE('',*,*,#1953,.T.);
#3798 = ORIENTED_EDGE('',*,*,#3799,.F.);
#3799 = EDGE_CURVE('',#532,#1954,#3800,.T.);
#3800 = LINE('',#3801,#3802);
#3801 = CARTESIAN_POINT('',(-5.766174291695,76.413585384941,17.));
#3802 = VECTOR('',#3803,1.);
#3803 = DIRECTION('',(0.,0.,1.));
#3804 = ORIENTED_EDGE('',*,*,#531,.F.);
#3805 = CYLINDRICAL_SURFACE('',#3806,17.39696959679);
#3806 = AXIS2_PLACEMENT_3D('',#3807,#3808,#3809);
#3807 = CARTESIAN_POINT('',(6.073095026332E-12,59.999999999981,17.));
#3808 = DIRECTION('',(0.,-0.,-1.));
#3809 = DIRECTION('',(-0.286413700058,0.958106044454,0.));
#3810 = ADVANCED_FACE('',(#3811),#3822,.F.);
#3811 = FACE_BOUND('',#3812,.F.);
#3812 = EDGE_LOOP('',(#3813,#3814,#3815,#3821));
#3813 = ORIENTED_EDGE('',*,*,#3799,.T.);
#3814 = ORIENTED_EDGE('',*,*,#1962,.T.);
#3815 = ORIENTED_EDGE('',*,*,#3816,.F.);
#3816 = EDGE_CURVE('',#541,#1963,#3817,.T.);
#3817 = LINE('',#3818,#3819);
#3818 = CARTESIAN_POINT('',(-6.729221850851,76.863959150214,17.));
#3819 = VECTOR('',#3820,1.);
#3820 = DIRECTION('',(0.,0.,1.));
#3821 = ORIENTED_EDGE('',*,*,#540,.F.);
#3822 = CYLINDRICAL_SURFACE('',#3823,0.76);
#3823 = AXIS2_PLACEMENT_3D('',#3824,#3825,#3826);
#3824 = CARTESIAN_POINT('',(-6.017603321173,77.13079068549,17.));
#3825 = DIRECTION('',(0.,0.,-1.));
#3826 = DIRECTION('',(0.330827670365,-0.943691184933,0.));
#3827 = ADVANCED_FACE('',(#3828),#3839,.F.);
#3828 = FACE_BOUND('',#3829,.F.);
#3829 = EDGE_LOOP('',(#3830,#3831,#3832,#3838));
#3830 = ORIENTED_EDGE('',*,*,#3816,.T.);
#3831 = ORIENTED_EDGE('',*,*,#1971,.T.);
#3832 = ORIENTED_EDGE('',*,*,#3833,.F.);
#3833 = EDGE_CURVE('',#550,#1972,#3834,.T.);
#3834 = LINE('',#3835,#3836);
#3835 = CARTESIAN_POINT('',(-6.978984144934,77.486252469596,17.));
#3836 = VECTOR('',#3837,1.);
#3837 = DIRECTION('',(0.,0.,1.));
#3838 = ORIENTED_EDGE('',*,*,#549,.F.);
#3839 = PLANE('',#3840);
#3840 = AXIS2_PLACEMENT_3D('',#3841,#3842,#3843);
#3841 = CARTESIAN_POINT('',(-6.729221850851,76.863959150214,17.));
#3842 = DIRECTION('',(-0.928041531488,-0.372476731935,0.));
#3843 = DIRECTION('',(-0.372476731935,0.928041531488,0.));
#3844 = ADVANCED_FACE('',(#3845),#3856,.F.);
#3845 = FACE_BOUND('',#3846,.F.);
#3846 = EDGE_LOOP('',(#3847,#3848,#3849,#3855));
#3847 = ORIENTED_EDGE('',*,*,#3833,.T.);
#3848 = ORIENTED_EDGE('',*,*,#1979,.T.);
#3849 = ORIENTED_EDGE('',*,*,#3850,.F.);
#3850 = EDGE_CURVE('',#558,#1980,#3851,.T.);
#3851 = LINE('',#3852,#3853);
#3852 = CARTESIAN_POINT('',(-9.302470188289,79.822609918505,17.));
#3853 = VECTOR('',#3854,1.);
#3854 = DIRECTION('',(0.,0.,1.));
#3855 = ORIENTED_EDGE('',*,*,#557,.F.);
#3856 = SURFACE_OF_LINEAR_EXTRUSION('',#3857,#3863);
#3857 = B_SPLINE_CURVE_WITH_KNOTS('',4,(#3858,#3859,#3860,#3861,#3862),
  .UNSPECIFIED.,.F.,.F.,(5,5),(0.,1.),.PIECEWISE_BEZIER_KNOTS.);
#3858 = CARTESIAN_POINT('',(-6.978984144934,77.486252469596,17.));
#3859 = CARTESIAN_POINT('',(-7.045254716346,77.622101597472,17.));
#3860 = CARTESIAN_POINT('',(-7.328880306538,78.156564290763,17.));
#3861 = CARTESIAN_POINT('',(-8.039754750783,78.983048317721,17.));
#3862 = CARTESIAN_POINT('',(-9.302470188289,79.822609918505,17.));
#3863 = VECTOR('',#3864,1.);
#3864 = DIRECTION('',(0.,-0.,-1.));
#3865 = ADVANCED_FACE('',(#3866),#3877,.T.);
#3866 = FACE_BOUND('',#3867,.F.);
#3867 = EDGE_LOOP('',(#3868,#3869,#3870,#3876));
#3868 = ORIENTED_EDGE('',*,*,#3850,.T.);
#3869 = ORIENTED_EDGE('',*,*,#1989,.T.);
#3870 = ORIENTED_EDGE('',*,*,#3871,.F.);
#3871 = EDGE_CURVE('',#568,#1990,#3872,.T.);
#3872 = LINE('',#3873,#3874);
#3873 = CARTESIAN_POINT('',(-10.57054803478,79.176568821511,17.));
#3874 = VECTOR('',#3875,1.);
#3875 = DIRECTION('',(0.,0.,1.));
#3876 = ORIENTED_EDGE('',*,*,#567,.F.);
#3877 = CYLINDRICAL_SURFACE('',#3878,21.896969596774);
#3878 = AXIS2_PLACEMENT_3D('',#3879,#3880,#3881);
#3879 = CARTESIAN_POINT('',(-1.681472305835E-03,59.999073231458,17.));
#3880 = DIRECTION('',(0.,-0.,-1.));
#3881 = DIRECTION('',(-0.424752323598,0.905309595441,0.));
#3882 = ADVANCED_FACE('',(#3883),#3894,.F.);
#3883 = FACE_BOUND('',#3884,.F.);
#3884 = EDGE_LOOP('',(#3885,#3886,#3887,#3893));
#3885 = ORIENTED_EDGE('',*,*,#3871,.T.);
#3886 = ORIENTED_EDGE('',*,*,#1998,.T.);
#3887 = ORIENTED_EDGE('',*,*,#3888,.F.);
#3888 = EDGE_CURVE('',#577,#1999,#3889,.T.);
#3889 = LINE('',#3890,#3891);
#3890 = CARTESIAN_POINT('',(-10.04453145945,75.924278096216,17.));
#3891 = VECTOR('',#3892,1.);
#3892 = DIRECTION('',(0.,0.,1.));
#3893 = ORIENTED_EDGE('',*,*,#576,.F.);
#3894 = SURFACE_OF_LINEAR_EXTRUSION('',#3895,#3901);
#3895 = B_SPLINE_CURVE_WITH_KNOTS('',4,(#3896,#3897,#3898,#3899,#3900),
  .UNSPECIFIED.,.F.,.F.,(5,5),(0.,1.),.PIECEWISE_BEZIER_KNOTS.);
#3896 = CARTESIAN_POINT('',(-10.57054803478,79.176568821511,17.));
#3897 = CARTESIAN_POINT('',(-10.63195941951,77.662254068702,17.));
#3898 = CARTESIAN_POINT('',(-10.38116131068,76.60134944014,17.));
#3899 = CARTESIAN_POINT('',(-10.11548284804,76.057742228618,17.));
#3900 = CARTESIAN_POINT('',(-10.04453145945,75.924278096216,17.));
#3901 = VECTOR('',#3902,1.);
#3902 = DIRECTION('',(0.,-0.,-1.));
#3903 = ADVANCED_FACE('',(#3904),#3915,.F.);
#3904 = FACE_BOUND('',#3905,.F.);
#3905 = EDGE_LOOP('',(#3906,#3907,#3908,#3914));
#3906 = ORIENTED_EDGE('',*,*,#3888,.T.);
#3907 = ORIENTED_EDGE('',*,*,#2008,.T.);
#3908 = ORIENTED_EDGE('',*,*,#3909,.F.);
#3909 = EDGE_CURVE('',#587,#2009,#3910,.T.);
#3910 = LINE('',#3911,#3912);
#3911 = CARTESIAN_POINT('',(-9.687892181633,75.356441320016,17.));
#3912 = VECTOR('',#3913,1.);
#3913 = DIRECTION('',(0.,0.,1.));
#3914 = ORIENTED_EDGE('',*,*,#586,.F.);
#3915 = PLANE('',#3916);
#3916 = AXIS2_PLACEMENT_3D('',#3917,#3918,#3919);
#3917 = CARTESIAN_POINT('',(-10.04453145945,75.924278096216,17.));
#3918 = DIRECTION('',(0.846829131868,0.531865040606,0.));
#3919 = DIRECTION('',(0.531865040606,-0.846829131868,0.));
#3920 = ADVANCED_FACE('',(#3921),#3932,.F.);
#3921 = FACE_BOUND('',#3922,.F.);
#3922 = EDGE_LOOP('',(#3923,#3924,#3925,#3931));
#3923 = ORIENTED_EDGE('',*,*,#3909,.T.);
#3924 = ORIENTED_EDGE('',*,*,#2016,.T.);
#3925 = ORIENTED_EDGE('',*,*,#3926,.F.);
#3926 = EDGE_CURVE('',#595,#2017,#3927,.T.);
#3927 = LINE('',#3928,#3929);
#3928 = CARTESIAN_POINT('',(-9.889597304235,74.312596421021,17.));
#3929 = VECTOR('',#3930,1.);
#3930 = DIRECTION('',(0.,0.,1.));
#3931 = ORIENTED_EDGE('',*,*,#594,.F.);
#3932 = CYLINDRICAL_SURFACE('',#3933,0.76);
#3933 = AXIS2_PLACEMENT_3D('',#3934,#3935,#3936);
#3934 = CARTESIAN_POINT('',(-10.32204230531,74.937569477276,17.));
#3935 = DIRECTION('',(0.,0.,-1.));
#3936 = DIRECTION('',(0.83440805747,0.5511471615,0.));
#3937 = ADVANCED_FACE('',(#3938),#3949,.T.);
#3938 = FACE_BOUND('',#3939,.F.);
#3939 = EDGE_LOOP('',(#3940,#3941,#3942,#3948));
#3940 = ORIENTED_EDGE('',*,*,#3926,.T.);
#3941 = ORIENTED_EDGE('',*,*,#2025,.T.);
#3942 = ORIENTED_EDGE('',*,*,#3943,.F.);
#3943 = EDGE_CURVE('',#604,#2026,#3944,.T.);
#3944 = LINE('',#3945,#3946);
#3945 = CARTESIAN_POINT('',(-10.55603445678,73.828401487453,17.));
#3946 = VECTOR('',#3947,1.);
#3947 = DIRECTION('',(0.,0.,1.));
#3948 = ORIENTED_EDGE('',*,*,#603,.F.);
#3949 = CYLINDRICAL_SURFACE('',#3950,17.396969596797);
#3950 = AXIS2_PLACEMENT_3D('',#3951,#3952,#3953);
#3951 = CARTESIAN_POINT('',(1.578442799005E-11,59.999999999978,17.));
#3952 = DIRECTION('',(0.,-0.,-1.));
#3953 = DIRECTION('',(-0.568466665946,0.82270629614,0.));
#3954 = ADVANCED_FACE('',(#3955),#3966,.F.);
#3955 = FACE_BOUND('',#3956,.F.);
#3956 = EDGE_LOOP('',(#3957,#3958,#3959,#3965));
#3957 = ORIENTED_EDGE('',*,*,#3943,.T.);
#3958 = ORIENTED_EDGE('',*,*,#2034,.T.);
#3959 = ORIENTED_EDGE('',*,*,#3960,.F.);
#3960 = EDGE_CURVE('',#613,#2035,#3961,.T.);
#3961 = LINE('',#3962,#3963);
#3962 = CARTESIAN_POINT('',(-11.6111202607,73.959134329514,17.));
#3963 = VECTOR('',#3964,1.);
#3964 = DIRECTION('',(0.,0.,1.));
#3965 = ORIENTED_EDGE('',*,*,#612,.F.);
#3966 = CYLINDRICAL_SURFACE('',#3967,0.76);
#3967 = AXIS2_PLACEMENT_3D('',#3968,#3969,#3970);
#3968 = CARTESIAN_POINT('',(-11.01678629997,74.432808419074,17.));
#3969 = DIRECTION('',(0.,0.,-1.));
#3970 = DIRECTION('',(0.606252425258,-0.795272278449,0.));
#3971 = ADVANCED_FACE('',(#3972),#3983,.F.);
#3972 = FACE_BOUND('',#3973,.F.);
#3973 = EDGE_LOOP('',(#3974,#3975,#3976,#3982));
#3974 = ORIENTED_EDGE('',*,*,#3960,.T.);
#3975 = ORIENTED_EDGE('',*,*,#2043,.T.);
#3976 = ORIENTED_EDGE('',*,*,#3977,.F.);
#3977 = EDGE_CURVE('',#622,#2044,#3978,.T.);
#3978 = LINE('',#3979,#3980);
#3979 = CARTESIAN_POINT('',(-12.04095752919,74.473789652533,17.));
#3980 = VECTOR('',#3981,1.);
#3981 = DIRECTION('',(0.,0.,1.));
#3982 = ORIENTED_EDGE('',*,*,#621,.F.);
#3983 = PLANE('',#3984);
#3984 = AXIS2_PLACEMENT_3D('',#3985,#3986,#3987);
#3985 = CARTESIAN_POINT('',(-11.6111202607,73.959134329514,17.));
#3986 = DIRECTION('',(-0.767518305737,-0.641027027791,0.));
#3987 = DIRECTION('',(-0.641027027791,0.767518305737,0.));
#3988 = ADVANCED_FACE('',(#3989),#4000,.F.);
#3989 = FACE_BOUND('',#3990,.F.);
#3990 = EDGE_LOOP('',(#3991,#3992,#3993,#3999));
#3991 = ORIENTED_EDGE('',*,*,#3977,.T.);
#3992 = ORIENTED_EDGE('',*,*,#2051,.T.);
#3993 = ORIENTED_EDGE('',*,*,#3994,.F.);
#3994 = EDGE_CURVE('',#630,#2052,#3995,.T.);
#3995 = LINE('',#3996,#3997);
#3996 = CARTESIAN_POINT('',(-14.97269822789,75.977800955123,17.));
#3997 = VECTOR('',#3998,1.);
#3998 = DIRECTION('',(0.,0.,1.));
#3999 = ORIENTED_EDGE('',*,*,#629,.F.);
#4000 = SURFACE_OF_LINEAR_EXTRUSION('',#4001,#4007);
#4001 = B_SPLINE_CURVE_WITH_KNOTS('',4,(#4002,#4003,#4004,#4005,#4006),
  .UNSPECIFIED.,.F.,.F.,(5,5),(0.,1.),.PIECEWISE_BEZIER_KNOTS.);
#4002 = CARTESIAN_POINT('',(-12.04095752919,74.473789652533,17.));
#4003 = CARTESIAN_POINT('',(-12.14596427716,74.58251111804,17.));
#4004 = CARTESIAN_POINT('',(-12.58086629798,75.003170217802,17.));
#4005 = CARTESIAN_POINT('',(-13.51234568036,75.569530953115,17.));
#4006 = CARTESIAN_POINT('',(-14.97269822789,75.977800955123,17.));
#4007 = VECTOR('',#4008,1.);
#4008 = DIRECTION('',(0.,-0.,-1.));
#4009 = ADVANCED_FACE('',(#4010),#4021,.T.);
#4010 = FACE_BOUND('',#4011,.F.);
#4011 = EDGE_LOOP('',(#4012,#4013,#4014,#4020));
#4012 = ORIENTED_EDGE('',*,*,#3994,.T.);
#4013 = ORIENTED_EDGE('',*,*,#2061,.T.);
#4014 = ORIENTED_EDGE('',*,*,#4015,.F.);
#4015 = EDGE_CURVE('',#640,#2062,#4016,.T.);
#4016 = LINE('',#4017,#4018);
#4017 = CARTESIAN_POINT('',(-15.97907424894,74.971521755274,17.));
#4018 = VECTOR('',#4019,1.);
#4019 = DIRECTION('',(0.,0.,1.));
#4020 = ORIENTED_EDGE('',*,*,#639,.F.);
#4021 = CYLINDRICAL_SURFACE('',#4022,21.896969596774);
#4022 = AXIS2_PLACEMENT_3D('',#4023,#4024,#4025);
#4023 = CARTESIAN_POINT('',(-1.312787963879E-03,59.99859898722,17.));
#4024 = DIRECTION('',(0.,-0.,-1.));
#4025 = DIRECTION('',(-0.683719515331,0.729744903617,0.));
#4026 = ADVANCED_FACE('',(#4027),#4038,.F.);
#4027 = FACE_BOUND('',#4028,.F.);
#4028 = EDGE_LOOP('',(#4029,#4030,#4031,#4037));
#4029 = ORIENTED_EDGE('',*,*,#4015,.T.);
#4030 = ORIENTED_EDGE('',*,*,#2070,.T.);
#4031 = ORIENTED_EDGE('',*,*,#4032,.F.);
#4032 = EDGE_CURVE('',#649,#2071,#4033,.T.);
#4033 = LINE('',#4034,#4035);
#4034 = CARTESIAN_POINT('',(-14.47378965253,72.040957529196,17.));
#4035 = VECTOR('',#4036,1.);
#4036 = DIRECTION('',(0.,0.,1.));
#4037 = ORIENTED_EDGE('',*,*,#648,.F.);
#4038 = SURFACE_OF_LINEAR_EXTRUSION('',#4039,#4045);
#4039 = B_SPLINE_CURVE_WITH_KNOTS('',4,(#4040,#4041,#4042,#4043,#4044),
  .UNSPECIFIED.,.F.,.F.,(5,5),(0.,1.),.PIECEWISE_BEZIER_KNOTS.);
#4040 = CARTESIAN_POINT('',(-15.97907424894,74.971521755274,17.));
#4041 = CARTESIAN_POINT('',(-15.56953095311,73.512345680363,17.));
#4042 = CARTESIAN_POINT('',(-15.0031702178,72.580866297987,17.));
#4043 = CARTESIAN_POINT('',(-14.58251111804,72.145964277161,17.));
#4044 = CARTESIAN_POINT('',(-14.47378965253,72.040957529196,17.));
#4045 = VECTOR('',#4046,1.);
#4046 = DIRECTION('',(0.,-0.,-1.));
#4047 = ADVANCED_FACE('',(#4048),#4059,.F.);
#4048 = FACE_BOUND('',#4049,.F.);
#4049 = EDGE_LOOP('',(#4050,#4051,#4052,#4058));
#4050 = ORIENTED_EDGE('',*,*,#4032,.T.);
#4051 = ORIENTED_EDGE('',*,*,#2080,.T.);
#4052 = ORIENTED_EDGE('',*,*,#4053,.F.);
#4053 = EDGE_CURVE('',#659,#2081,#4054,.T.);
#4054 = LINE('',#4055,#4056);
#4055 = CARTESIAN_POINT('',(-13.95913432951,71.611120260709,17.));
#4056 = VECTOR('',#4057,1.);
#4057 = DIRECTION('',(0.,0.,1.));
#4058 = ORIENTED_EDGE('',*,*,#658,.F.);
#4059 = PLANE('',#4060);
#4060 = AXIS2_PLACEMENT_3D('',#4061,#4062,#4063);
#4061 = CARTESIAN_POINT('',(-14.47378965253,72.040957529196,17.));
#4062 = DIRECTION('',(0.641027027791,0.767518305737,0.));
#4063 = DIRECTION('',(0.767518305737,-0.641027027791,0.));
#4064 = ADVANCED_FACE('',(#4065),#4076,.F.);
#4065 = FACE_BOUND('',#4066,.F.);
#4066 = EDGE_LOOP('',(#4067,#4068,#4069,#4075));
#4067 = ORIENTED_EDGE('',*,*,#4053,.T.);
#4068 = ORIENTED_EDGE('',*,*,#2088,.T.);
#4069 = ORIENTED_EDGE('',*,*,#4070,.F.);
#4070 = EDGE_CURVE('',#667,#2089,#4071,.T.);
#4071 = LINE('',#4072,#4073);
#4072 = CARTESIAN_POINT('',(-13.82840148745,70.556034456782,17.));
#4073 = VECTOR('',#4074,1.);
#4074 = DIRECTION('',(0.,0.,1.));
#4075 = ORIENTED_EDGE('',*,*,#666,.F.);
#4076 = CYLINDRICAL_SURFACE('',#4077,0.76);
#4077 = AXIS2_PLACEMENT_3D('',#4078,#4079,#4080);
#4078 = CARTESIAN_POINT('',(-14.43280841907,71.016786299977,17.));
#4079 = DIRECTION('',(0.,0.,-1.));
#4080 = DIRECTION('',(0.623255381001,0.782018369384,0.));
#4081 = ADVANCED_FACE('',(#4082),#4093,.T.);
#4082 = FACE_BOUND('',#4083,.F.);
#4083 = EDGE_LOOP('',(#4084,#4085,#4086,#4092));
#4084 = ORIENTED_EDGE('',*,*,#4070,.T.);
#4085 = ORIENTED_EDGE('',*,*,#2097,.T.);
#4086 = ORIENTED_EDGE('',*,*,#4087,.F.);
#4087 = EDGE_CURVE('',#676,#2098,#4088,.T.);
#4088 = LINE('',#4089,#4090);
#4089 = CARTESIAN_POINT('',(-14.31259642102,69.889597304235,17.));
#4090 = VECTOR('',#4091,1.);
#4091 = DIRECTION('',(0.,0.,1.));
#4092 = ORIENTED_EDGE('',*,*,#675,.F.);
#4093 = CYLINDRICAL_SURFACE('',#4094,17.39696959679);
#4094 = AXIS2_PLACEMENT_3D('',#4095,#4096,#4097);
#4095 = CARTESIAN_POINT('',(1.604804054259E-11,59.999999999988,17.));
#4096 = DIRECTION('',(0.,-0.,-1.));
#4097 = DIRECTION('',(-0.794874153831,0.606774323428,0.));
#4098 = ADVANCED_FACE('',(#4099),#4110,.F.);
#4099 = FACE_BOUND('',#4100,.F.);
#4100 = EDGE_LOOP('',(#4101,#4102,#4103,#4109));
#4101 = ORIENTED_EDGE('',*,*,#4087,.T.);
#4102 = ORIENTED_EDGE('',*,*,#2106,.T.);
#4103 = ORIENTED_EDGE('',*,*,#4104,.F.);
#4104 = EDGE_CURVE('',#685,#2107,#4105,.T.);
#4105 = LINE('',#4106,#4107);
#4106 = CARTESIAN_POINT('',(-15.35644132001,69.687892181633,17.));
#4107 = VECTOR('',#4108,1.);
#4108 = DIRECTION('',(0.,0.,1.));
#4109 = ORIENTED_EDGE('',*,*,#684,.F.);
#4110 = CYLINDRICAL_SURFACE('',#4111,0.76);
#4111 = AXIS2_PLACEMENT_3D('',#4112,#4113,#4114);
#4112 = CARTESIAN_POINT('',(-14.93756947727,70.32204230531,17.));
#4113 = DIRECTION('',(0.,0.,-1.));
#4114 = DIRECTION('',(0.822332968757,-0.569006580362,0.));
#4115 = ADVANCED_FACE('',(#4116),#4127,.F.);
#4116 = FACE_BOUND('',#4117,.F.);
#4117 = EDGE_LOOP('',(#4118,#4119,#4120,#4126));
#4118 = ORIENTED_EDGE('',*,*,#4104,.T.);
#4119 = ORIENTED_EDGE('',*,*,#2115,.T.);
#4120 = ORIENTED_EDGE('',*,*,#4121,.F.);
#4121 = EDGE_CURVE('',#694,#2116,#4122,.T.);
#4122 = LINE('',#4123,#4124);
#4123 = CARTESIAN_POINT('',(-15.92427809621,70.044531459459,17.));
#4124 = VECTOR('',#4125,1.);
#4125 = DIRECTION('',(0.,0.,1.));
#4126 = ORIENTED_EDGE('',*,*,#693,.F.);
#4127 = PLANE('',#4128);
#4128 = AXIS2_PLACEMENT_3D('',#4129,#4130,#4131);
#4129 = CARTESIAN_POINT('',(-15.35644132001,69.687892181633,17.));
#4130 = DIRECTION('',(-0.531865040606,-0.846829131868,0.));
#4131 = DIRECTION('',(-0.846829131868,0.531865040606,0.));
#4132 = ADVANCED_FACE('',(#4133),#4144,.F.);
#4133 = FACE_BOUND('',#4134,.F.);
#4134 = EDGE_LOOP('',(#4135,#4136,#4137,#4143));
#4135 = ORIENTED_EDGE('',*,*,#4121,.T.);
#4136 = ORIENTED_EDGE('',*,*,#2123,.T.);
#4137 = ORIENTED_EDGE('',*,*,#4138,.F.);
#4138 = EDGE_CURVE('',#702,#2124,#4139,.T.);
#4139 = LINE('',#4140,#4141);
#4140 = CARTESIAN_POINT('',(-19.17729424403,70.568973510369,17.));
#4141 = VECTOR('',#4142,1.);
#4142 = DIRECTION('',(0.,0.,1.));
#4143 = ORIENTED_EDGE('',*,*,#701,.F.);
#4144 = SURFACE_OF_LINEAR_EXTRUSION('',#4145,#4151);
#4145 = B_SPLINE_CURVE_WITH_KNOTS('',4,(#4146,#4147,#4148,#4149,#4150),
  .UNSPECIFIED.,.F.,.F.,(5,5),(0.,1.),.PIECEWISE_BEZIER_KNOTS.);
#4146 = CARTESIAN_POINT('',(-15.92427809621,70.044531459459,17.));
#4147 = CARTESIAN_POINT('',(-16.05774222861,70.115482848045,17.));
#4148 = CARTESIAN_POINT('',(-16.60134944014,70.381161310689,17.));
#4149 = CARTESIAN_POINT('',(-17.6622540687,70.631959419518,17.));
#4150 = CARTESIAN_POINT('',(-19.17729424403,70.568973510369,17.));
#4151 = VECTOR('',#4152,1.);
#4152 = DIRECTION('',(0.,-0.,-1.));
#4153 = ADVANCED_FACE('',(#4154),#4165,.T.);
#4154 = FACE_BOUND('',#4155,.F.);
#4155 = EDGE_LOOP('',(#4156,#4157,#4158,#4164));
#4156 = ORIENTED_EDGE('',*,*,#4138,.T.);
#4157 = ORIENTED_EDGE('',*,*,#2133,.T.);
#4158 = ORIENTED_EDGE('',*,*,#4159,.F.);
#4159 = EDGE_CURVE('',#712,#2134,#4160,.T.);
#4160 = LINE('',#4161,#4162);
#4161 = CARTESIAN_POINT('',(-19.82345734285,69.300957826906,17.));
#4162 = VECTOR('',#4163,1.);
#4163 = DIRECTION('',(0.,0.,1.));
#4164 = ORIENTED_EDGE('',*,*,#711,.F.);
#4165 = CYLINDRICAL_SURFACE('',#4166,21.89696959678);
#4166 = AXIS2_PLACEMENT_3D('',#4167,#4168,#4169);
#4167 = CARTESIAN_POINT('',(-8.155987840602E-04,59.998261883873,17.));
#4168 = DIRECTION('',(0.,-0.,-1.));
#4169 = DIRECTION('',(-0.87575947715,0.482747696195,0.));
#4170 = ADVANCED_FACE('',(#4171),#4182,.F.);
#4171 = FACE_BOUND('',#4172,.F.);
#4172 = EDGE_LOOP('',(#4173,#4174,#4175,#4181));
#4173 = ORIENTED_EDGE('',*,*,#4159,.T.);
#4174 = ORIENTED_EDGE('',*,*,#2142,.T.);
#4175 = ORIENTED_EDGE('',*,*,#4176,.F.);
#4176 = EDGE_CURVE('',#721,#2143,#4177,.T.);
#4177 = LINE('',#4178,#4179);
#4178 = CARTESIAN_POINT('',(-17.48625246959,66.978984144934,17.));
#4179 = VECTOR('',#4180,1.);
#4180 = DIRECTION('',(0.,0.,1.));
#4181 = ORIENTED_EDGE('',*,*,#720,.F.);
#4182 = SURFACE_OF_LINEAR_EXTRUSION('',#4183,#4189);
#4183 = B_SPLINE_CURVE_WITH_KNOTS('',4,(#4184,#4185,#4186,#4187,#4188),
  .UNSPECIFIED.,.F.,.F.,(5,5),(0.,1.),.PIECEWISE_BEZIER_KNOTS.);
#4184 = CARTESIAN_POINT('',(-19.82345734285,69.300957826906,17.));
#4185 = CARTESIAN_POINT('',(-18.98304831772,68.039754750783,17.));
#4186 = CARTESIAN_POINT('',(-18.15656429076,67.328880306538,17.));
#4187 = CARTESIAN_POINT('',(-17.62210159747,67.045254716346,17.));
#4188 = CARTESIAN_POINT('',(-17.48625246959,66.978984144934,17.));
#4189 = VECTOR('',#4190,1.);
#4190 = DIRECTION('',(0.,-0.,-1.));
#4191 = ADVANCED_FACE('',(#4192),#4203,.F.);
#4192 = FACE_BOUND('',#4193,.F.);
#4193 = EDGE_LOOP('',(#4194,#4195,#4196,#4202));
#4194 = ORIENTED_EDGE('',*,*,#4176,.T.);
#4195 = ORIENTED_EDGE('',*,*,#2152,.T.);
#4196 = ORIENTED_EDGE('',*,*,#4197,.F.);
#4197 = EDGE_CURVE('',#731,#2153,#4198,.T.);
#4198 = LINE('',#4199,#4200);
#4199 = CARTESIAN_POINT('',(-16.86395915021,66.729221850851,17.));
#4200 = VECTOR('',#4201,1.);
#4201 = DIRECTION('',(0.,0.,1.));
#4202 = ORIENTED_EDGE('',*,*,#730,.F.);
#4203 = PLANE('',#4204);
#4204 = AXIS2_PLACEMENT_3D('',#4205,#4206,#4207);
#4205 = CARTESIAN_POINT('',(-17.48625246959,66.978984144934,17.));
#4206 = DIRECTION('',(0.372476731935,0.928041531488,0.));
#4207 = DIRECTION('',(0.928041531488,-0.372476731935,0.));
#4208 = ADVANCED_FACE('',(#4209),#4220,.F.);
#4209 = FACE_BOUND('',#4210,.F.);
#4210 = EDGE_LOOP('',(#4211,#4212,#4213,#4219));
#4211 = ORIENTED_EDGE('',*,*,#4197,.T.);
#4212 = ORIENTED_EDGE('',*,*,#2160,.T.);
#4213 = ORIENTED_EDGE('',*,*,#4214,.F.);
#4214 = EDGE_CURVE('',#739,#2161,#4215,.T.);
#4215 = LINE('',#4216,#4217);
#4216 = CARTESIAN_POINT('',(-16.41358538494,65.766174291695,17.));
#4217 = VECTOR('',#4218,1.);
#4218 = DIRECTION('',(0.,0.,1.));
#4219 = ORIENTED_EDGE('',*,*,#738,.F.);
#4220 = CYLINDRICAL_SURFACE('',#4221,0.76);
#4221 = AXIS2_PLACEMENT_3D('',#4222,#4223,#4224);
#4222 = CARTESIAN_POINT('',(-17.13079068549,66.017603321173,17.));
#4223 = DIRECTION('',(0.,0.,-1.));
#4224 = DIRECTION('',(0.351094125364,0.93634017063,0.));
#4225 = ADVANCED_FACE('',(#4226),#4237,.T.);
#4226 = FACE_BOUND('',#4227,.F.);
#4227 = EDGE_LOOP('',(#4228,#4229,#4230,#4236));
#4228 = ORIENTED_EDGE('',*,*,#4214,.T.);
#4229 = ORIENTED_EDGE('',*,*,#2169,.T.);
#4230 = ORIENTED_EDGE('',*,*,#4231,.F.);
#4231 = EDGE_CURVE('',#748,#2170,#4232,.T.);
#4232 = LINE('',#4233,#4234);
#4233 = CARTESIAN_POINT('',(-16.66814172584,64.982730432002,17.));
#4234 = VECTOR('',#4235,1.);
#4235 = DIRECTION('',(0.,0.,1.));
#4236 = ORIENTED_EDGE('',*,*,#747,.F.);
#4237 = CYLINDRICAL_SURFACE('',#4238,17.396969596774);
#4238 = AXIS2_PLACEMENT_3D('',#4239,#4240,#4241);
#4239 = CARTESIAN_POINT('',(3.642113528549E-12,59.999999999999,17.));
#4240 = DIRECTION('',(0.,-0.,-1.));
#4241 = DIRECTION('',(-0.943473821325,0.331447052294,0.));
#4242 = ADVANCED_FACE('',(#4243),#4254,.F.);
#4243 = FACE_BOUND('',#4244,.F.);
#4244 = EDGE_LOOP('',(#4245,#4246,#4247,#4253));
#4245 = ORIENTED_EDGE('',*,*,#4231,.T.);
#4246 = ORIENTED_EDGE('',*,*,#2178,.T.);
#4247 = ORIENTED_EDGE('',*,*,#4248,.F.);
#4248 = EDGE_CURVE('',#757,#2179,#4249,.T.);
#4249 = LINE('',#4250,#4251);
#4250 = CARTESIAN_POINT('',(-17.5985669083,64.4683316475,17.));
#4251 = VECTOR('',#4252,1.);
#4252 = DIRECTION('',(0.,0.,1.));
#4253 = ORIENTED_EDGE('',*,*,#756,.F.);
#4254 = CYLINDRICAL_SURFACE('',#4255,0.76);
#4255 = AXIS2_PLACEMENT_3D('',#4256,#4257,#4258);
#4256 = CARTESIAN_POINT('',(-17.39615927797,65.200882772805,17.));
#4257 = DIRECTION('',(0.,0.,-1.));
#4258 = DIRECTION('',(0.957917831744,-0.287042553688,0.));
#4259 = ADVANCED_FACE('',(#4260),#4271,.F.);
#4260 = FACE_BOUND('',#4261,.F.);
#4261 = EDGE_LOOP('',(#4262,#4263,#4264,#4270));
#4262 = ORIENTED_EDGE('',*,*,#4248,.T.);
#4263 = ORIENTED_EDGE('',*,*,#2187,.T.);
#4264 = ORIENTED_EDGE('',*,*,#4265,.F.);
#4265 = EDGE_CURVE('',#766,#2188,#4266,.T.);
#4266 = LINE('',#4267,#4268);
#4267 = CARTESIAN_POINT('',(-18.2488193722,64.632044542766,17.));
#4268 = VECTOR('',#4269,1.);
#4269 = DIRECTION('',(0.,0.,1.));
#4270 = ORIENTED_EDGE('',*,*,#765,.F.);
#4271 = PLANE('',#4272);
#4272 = AXIS2_PLACEMENT_3D('',#4273,#4274,#4275);
#4273 = CARTESIAN_POINT('',(-17.5985669083,64.4683316475,17.));
#4274 = DIRECTION('',(-0.244149119579,-0.969737700313,0.));
#4275 = DIRECTION('',(-0.969737700313,0.244149119579,0.));
#4276 = ADVANCED_FACE('',(#4277),#4288,.F.);
#4277 = FACE_BOUND('',#4278,.F.);
#4278 = EDGE_LOOP('',(#4279,#4280,#4281,#4287));
#4279 = ORIENTED_EDGE('',*,*,#4265,.T.);
#4280 = ORIENTED_EDGE('',*,*,#2195,.T.);
#4281 = ORIENTED_EDGE('',*,*,#4282,.F.);
#4282 = EDGE_CURVE('',#774,#2196,#4283,.T.);
#4283 = LINE('',#4284,#4285);
#4284 = CARTESIAN_POINT('',(-21.5046830835,64.125581300052,17.));
#4285 = VECTOR('',#4286,1.);
#4286 = DIRECTION('',(0.,0.,1.));
#4287 = ORIENTED_EDGE('',*,*,#773,.F.);
#4288 = SURFACE_OF_LINEAR_EXTRUSION('',#4289,#4295);
#4289 = B_SPLINE_CURVE_WITH_KNOTS('',4,(#4290,#4291,#4292,#4293,#4294),
  .UNSPECIFIED.,.F.,.F.,(5,5),(0.,1.),.PIECEWISE_BEZIER_KNOTS.);
#4290 = CARTESIAN_POINT('',(-18.2488193722,64.632044542766,17.));
#4291 = CARTESIAN_POINT('',(-18.39767648986,64.65828063817,17.));
#4292 = CARTESIAN_POINT('',(-18.99677683068,64.742972004681,17.));
#4293 = CARTESIAN_POINT('',(-20.08325796863,64.653657620722,17.));
#4294 = CARTESIAN_POINT('',(-21.5046830835,64.125581300052,17.));
#4295 = VECTOR('',#4296,1.);
#4296 = DIRECTION('',(0.,-0.,-1.));
#4297 = ADVANCED_FACE('',(#4298),#4309,.T.);
#4298 = FACE_BOUND('',#4299,.F.);
#4299 = EDGE_LOOP('',(#4300,#4301,#4302,#4308));
#4300 = ORIENTED_EDGE('',*,*,#4282,.T.);
#4301 = ORIENTED_EDGE('',*,*,#2205,.T.);
#4302 = ORIENTED_EDGE('',*,*,#4303,.F.);
#4303 = EDGE_CURVE('',#784,#2206,#4304,.T.);
#4304 = LINE('',#4305,#4306);
#4305 = CARTESIAN_POINT('',(-21.7273823139,62.719951342856,17.));
#4306 = VECTOR('',#4307,1.);
#4307 = DIRECTION('',(0.,0.,1.));
#4308 = ORIENTED_EDGE('',*,*,#783,.F.);
#4309 = CYLINDRICAL_SURFACE('',#4310,21.896969596768);
#4310 = AXIS2_PLACEMENT_3D('',#4311,#4312,#4313);
#4311 = CARTESIAN_POINT('',(-2.385731288323E-04,59.998094919448,17.));
#4312 = DIRECTION('',(0.,-0.,-1.));
#4313 = DIRECTION('',(-0.982073999571,0.188495780768,0.));
#4314 = ADVANCED_FACE('',(#4315),#4326,.F.);
#4315 = FACE_BOUND('',#4316,.F.);
#4316 = EDGE_LOOP('',(#4317,#4318,#4319,#4325));
#4317 = ORIENTED_EDGE('',*,*,#4303,.T.);
#4318 = ORIENTED_EDGE('',*,*,#2214,.T.);
#4319 = ORIENTED_EDGE('',*,*,#4320,.F.);
#4320 = EDGE_CURVE('',#793,#2215,#4321,.T.);
#4321 = LINE('',#4322,#4323);
#4322 = CARTESIAN_POINT('',(-18.78703906104,61.233859167124,17.));
#4323 = VECTOR('',#4324,1.);
#4324 = DIRECTION('',(0.,0.,1.));
#4325 = ORIENTED_EDGE('',*,*,#792,.F.);
#4326 = SURFACE_OF_LINEAR_EXTRUSION('',#4327,#4333);
#4327 = B_SPLINE_CURVE_WITH_KNOTS('',4,(#4328,#4329,#4330,#4331,#4332),
  .UNSPECIFIED.,.F.,.F.,(5,5),(0.,1.),.PIECEWISE_BEZIER_KNOTS.);
#4328 = CARTESIAN_POINT('',(-21.7273823139,62.719951342856,17.));
#4329 = CARTESIAN_POINT('',(-20.53837265031,61.78017660993,17.));
#4330 = CARTESIAN_POINT('',(-19.53266734672,61.359492447373,17.));
#4331 = CARTESIAN_POINT('',(-18.93671799214,61.254906536719,17.));
#4332 = CARTESIAN_POINT('',(-18.78703906104,61.233859167124,17.));
#4333 = VECTOR('',#4334,1.);
#4334 = DIRECTION('',(0.,-0.,-1.));
#4335 = ADVANCED_FACE('',(#4336),#4347,.F.);
#4336 = FACE_BOUND('',#4337,.F.);
#4337 = EDGE_LOOP('',(#4338,#4339,#4340,#4346));
#4338 = ORIENTED_EDGE('',*,*,#4320,.T.);
#4339 = ORIENTED_EDGE('',*,*,#2224,.T.);
#4340 = ORIENTED_EDGE('',*,*,#4341,.F.);
#4341 = EDGE_CURVE('',#803,#2225,#4342,.T.);
#4342 = LINE('',#4343,#4344);
#4343 = CARTESIAN_POINT('',(-18.11802215117,61.188620320987,17.));
#4344 = VECTOR('',#4345,1.);
#4345 = DIRECTION('',(0.,0.,1.));
#4346 = ORIENTED_EDGE('',*,*,#802,.F.);
#4347 = PLANE('',#4348);
#4348 = AXIS2_PLACEMENT_3D('',#4349,#4350,#4351);
#4349 = CARTESIAN_POINT('',(-18.78703906104,61.233859167124,17.));
#4350 = DIRECTION('',(6.74658183596E-02,0.997721586092,0.));
#4351 = DIRECTION('',(0.997721586092,-6.74658183596E-02,0.));
#4352 = ADVANCED_FACE('',(#4353),#4364,.F.);
#4353 = FACE_BOUND('',#4354,.F.);
#4354 = EDGE_LOOP('',(#4355,#4356,#4357,#4363));
#4355 = ORIENTED_EDGE('',*,*,#4341,.T.);
#4356 = ORIENTED_EDGE('',*,*,#2232,.T.);
#4357 = ORIENTED_EDGE('',*,*,#4358,.F.);
#4358 = EDGE_CURVE('',#811,#2233,#4359,.T.);
#4359 = LINE('',#4360,#4361);
#4360 = CARTESIAN_POINT('',(-17.39209318477,60.41188081164,17.));
#4361 = VECTOR('',#4362,1.);
#4362 = DIRECTION('',(0.,0.,1.));
#4363 = ORIENTED_EDGE('',*,*,#810,.F.);
#4364 = CYLINDRICAL_SURFACE('',#4365,0.76);
#4365 = AXIS2_PLACEMENT_3D('',#4366,#4367,#4368);
#4366 = CARTESIAN_POINT('',(-18.15189180237,60.429375402184,17.));
#4367 = DIRECTION('',(0.,0.,-1.));
#4368 = DIRECTION('',(4.456533051997E-02,0.999006472109,0.));
#4369 = ADVANCED_FACE('',(#4370),#4381,.T.);
#4370 = FACE_BOUND('',#4371,.F.);
#4371 = EDGE_LOOP('',(#4372,#4373,#4374,#4380));
#4372 = ORIENTED_EDGE('',*,*,#4358,.T.);
#4373 = ORIENTED_EDGE('',*,*,#2241,.T.);
#4374 = ORIENTED_EDGE('',*,*,#4375,.F.);
#4375 = EDGE_CURVE('',#820,#2242,#4376,.T.);
#4376 = LINE('',#4377,#4378);
#4377 = CARTESIAN_POINT('',(-17.39209318477,59.58811918836,17.));
#4378 = VECTOR('',#4379,1.);
#4379 = DIRECTION('',(0.,0.,1.));
#4380 = ORIENTED_EDGE('',*,*,#819,.F.);
#4381 = CYLINDRICAL_SURFACE('',#4382,17.396969596783);
#4382 = AXIS2_PLACEMENT_3D('',#4383,#4384,#4385);
#4383 = CARTESIAN_POINT('',(1.272707284241E-11,60.,17.));
#4384 = DIRECTION('',(0.,-0.,-1.));
#4385 = DIRECTION('',(-0.999719697619,2.367543435356E-02,0.));
#4386 = ADVANCED_FACE('',(#4387),#4398,.F.);
#4387 = FACE_BOUND('',#4388,.F.);
#4388 = EDGE_LOOP('',(#4389,#4390,#4391,#4397));
#4389 = ORIENTED_EDGE('',*,*,#4375,.T.);
#4390 = ORIENTED_EDGE('',*,*,#2250,.T.);
#4391 = ORIENTED_EDGE('',*,*,#4392,.F.);
#4392 = EDGE_CURVE('',#829,#2251,#4393,.T.);
#4393 = LINE('',#4394,#4395);
#4394 = CARTESIAN_POINT('',(-18.11802215117,58.811379679013,17.));
#4395 = VECTOR('',#4396,1.);
#4396 = DIRECTION('',(0.,0.,1.));
#4397 = ORIENTED_EDGE('',*,*,#828,.F.);
#4398 = CYLINDRICAL_SURFACE('',#4399,0.76);
#4399 = AXIS2_PLACEMENT_3D('',#4400,#4401,#4402);
#4400 = CARTESIAN_POINT('',(-18.15189180237,59.570624597816,17.));
#4401 = DIRECTION('',(0.,0.,-1.));
#4402 = DIRECTION('',(0.999735023153,2.301919808505E-02,0.));
#4403 = ADVANCED_FACE('',(#4404),#4415,.F.);
#4404 = FACE_BOUND('',#4405,.F.);
#4405 = EDGE_LOOP('',(#4406,#4407,#4408,#4414));
#4406 = ORIENTED_EDGE('',*,*,#4392,.T.);
#4407 = ORIENTED_EDGE('',*,*,#2259,.T.);
#4408 = ORIENTED_EDGE('',*,*,#4409,.F.);
#4409 = EDGE_CURVE('',#838,#2260,#4410,.T.);
#4410 = LINE('',#4411,#4412);
#4411 = CARTESIAN_POINT('',(-18.78703906104,58.766140832876,17.));
#4412 = VECTOR('',#4413,1.);
#4413 = DIRECTION('',(0.,0.,1.));
#4414 = ORIENTED_EDGE('',*,*,#837,.F.);
#4415 = PLANE('',#4416);
#4416 = AXIS2_PLACEMENT_3D('',#4417,#4418,#4419);
#4417 = CARTESIAN_POINT('',(-18.11802215117,58.811379679013,17.));
#4418 = DIRECTION('',(6.74658183596E-02,-0.997721586092,0.));
#4419 = DIRECTION('',(-0.997721586092,-6.74658183596E-02,0.));
#4420 = ADVANCED_FACE('',(#4421),#4432,.F.);
#4421 = FACE_BOUND('',#4422,.F.);
#4422 = EDGE_LOOP('',(#4423,#4424,#4425,#4431));
#4423 = ORIENTED_EDGE('',*,*,#4409,.T.);
#4424 = ORIENTED_EDGE('',*,*,#2267,.T.);
#4425 = ORIENTED_EDGE('',*,*,#4426,.F.);
#4426 = EDGE_CURVE('',#846,#2268,#4427,.T.);
#4427 = LINE('',#4428,#4429);
#4428 = CARTESIAN_POINT('',(-21.72704371081,57.27834844747,17.));
#4429 = VECTOR('',#4430,1.);
#4430 = DIRECTION('',(0.,0.,1.));
#4431 = ORIENTED_EDGE('',*,*,#845,.F.);
#4432 = SURFACE_OF_LINEAR_EXTRUSION('',#4433,#4439);
#4433 = B_SPLINE_CURVE_WITH_KNOTS('',4,(#4434,#4435,#4436,#4437,#4438),
  .UNSPECIFIED.,.F.,.F.,(5,5),(0.,1.),.PIECEWISE_BEZIER_KNOTS.);
#4434 = CARTESIAN_POINT('',(-18.78703906104,58.766140832876,17.));
#4435 = CARTESIAN_POINT('',(-18.93671799214,58.745093463281,17.));
#4436 = CARTESIAN_POINT('',(-19.53266734672,58.640507552627,17.));
#4437 = CARTESIAN_POINT('',(-20.53837265031,58.21982339007,17.));
#4438 = CARTESIAN_POINT('',(-21.72704371081,57.27834844747,17.));
#4439 = VECTOR('',#4440,1.);
#4440 = DIRECTION('',(0.,-0.,-1.));
#4441 = ADVANCED_FACE('',(#4442),#4453,.T.);
#4442 = FACE_BOUND('',#4443,.F.);
#4443 = EDGE_LOOP('',(#4444,#4445,#4446,#4452));
#4444 = ORIENTED_EDGE('',*,*,#4426,.T.);
#4445 = ORIENTED_EDGE('',*,*,#2277,.T.);
#4446 = ORIENTED_EDGE('',*,*,#4447,.F.);
#4447 = EDGE_CURVE('',#856,#2278,#4448,.T.);
#4448 = LINE('',#4449,#4450);
#4449 = CARTESIAN_POINT('',(-21.50447972048,55.872697070352,17.));
#4450 = VECTOR('',#4451,1.);
#4451 = DIRECTION('',(0.,0.,1.));
#4452 = ORIENTED_EDGE('',*,*,#855,.F.);
#4453 = CYLINDRICAL_SURFACE('',#4454,21.896969596775);
#4454 = AXIS2_PLACEMENT_3D('',#4455,#4456,#4457);
#4455 = CARTESIAN_POINT('',(3.618057442063E-04,59.998114437577,17.));
#4456 = DIRECTION('',(0.,-0.,-1.));
#4457 = DIRECTION('',(-0.992256276401,-0.124207415007,0.));
#4458 = ADVANCED_FACE('',(#4459),#4470,.F.);
#4459 = FACE_BOUND('',#4460,.F.);
#4460 = EDGE_LOOP('',(#4461,#4462,#4463,#4469));
#4461 = ORIENTED_EDGE('',*,*,#4447,.T.);
#4462 = ORIENTED_EDGE('',*,*,#2286,.T.);
#4463 = ORIENTED_EDGE('',*,*,#4464,.F.);
#4464 = EDGE_CURVE('',#865,#2287,#4465,.T.);
#4465 = LINE('',#4466,#4467);
#4466 = CARTESIAN_POINT('',(-18.2488193722,55.367955457234,17.));
#4467 = VECTOR('',#4468,1.);
#4468 = DIRECTION('',(0.,0.,1.));
#4469 = ORIENTED_EDGE('',*,*,#864,.F.);
#4470 = SURFACE_OF_LINEAR_EXTRUSION('',#4471,#4477);
#4471 = B_SPLINE_CURVE_WITH_KNOTS('',4,(#4472,#4473,#4474,#4475,#4476),
  .UNSPECIFIED.,.F.,.F.,(5,5),(0.,1.),.PIECEWISE_BEZIER_KNOTS.);
#4472 = CARTESIAN_POINT('',(-21.50447972048,55.872697070352,17.));
#4473 = CARTESIAN_POINT('',(-20.08325796863,55.346342379278,17.));
#4474 = CARTESIAN_POINT('',(-18.99677683068,55.257027995319,17.));
#4475 = CARTESIAN_POINT('',(-18.39767648986,55.34171936183,17.));
#4476 = CARTESIAN_POINT('',(-18.2488193722,55.367955457234,17.));
#4477 = VECTOR('',#4478,1.);
#4478 = DIRECTION('',(0.,-0.,-1.));
#4479 = ADVANCED_FACE('',(#4480),#4491,.F.);
#4480 = FACE_BOUND('',#4481,.F.);
#4481 = EDGE_LOOP('',(#4482,#4483,#4484,#4490));
#4482 = ORIENTED_EDGE('',*,*,#4464,.T.);
#4483 = ORIENTED_EDGE('',*,*,#2296,.T.);
#4484 = ORIENTED_EDGE('',*,*,#4485,.F.);
#4485 = EDGE_CURVE('',#875,#2297,#4486,.T.);
#4486 = LINE('',#4487,#4488);
#4487 = CARTESIAN_POINT('',(-17.5985669083,55.5316683525,17.));
#4488 = VECTOR('',#4489,1.);
#4489 = DIRECTION('',(0.,0.,1.));
#4490 = ORIENTED_EDGE('',*,*,#874,.F.);
#4491 = PLANE('',#4492);
#4492 = AXIS2_PLACEMENT_3D('',#4493,#4494,#4495);
#4493 = CARTESIAN_POINT('',(-18.2488193722,55.367955457234,17.));
#4494 = DIRECTION('',(-0.244149119579,0.969737700313,0.));
#4495 = DIRECTION('',(0.969737700313,0.244149119579,0.));
#4496 = ADVANCED_FACE('',(#4497),#4508,.F.);
#4497 = FACE_BOUND('',#4498,.F.);
#4498 = EDGE_LOOP('',(#4499,#4500,#4501,#4507));
#4499 = ORIENTED_EDGE('',*,*,#4485,.T.);
#4500 = ORIENTED_EDGE('',*,*,#2304,.T.);
#4501 = ORIENTED_EDGE('',*,*,#4502,.F.);
#4502 = EDGE_CURVE('',#883,#2305,#4503,.T.);
#4503 = LINE('',#4504,#4505);
#4504 = CARTESIAN_POINT('',(-16.66814172584,55.017269567998,17.));
#4505 = VECTOR('',#4506,1.);
#4506 = DIRECTION('',(0.,0.,1.));
#4507 = ORIENTED_EDGE('',*,*,#882,.F.);
#4508 = CYLINDRICAL_SURFACE('',#4509,0.76);
#4509 = AXIS2_PLACEMENT_3D('',#4510,#4511,#4512);
#4510 = CARTESIAN_POINT('',(-17.39615927797,54.799117227195,17.));
#4511 = DIRECTION('',(0.,0.,-1.));
#4512 = DIRECTION('',(-0.26632582938,0.963883059611,0.));
#4513 = ADVANCED_FACE('',(#4514),#4525,.T.);
#4514 = FACE_BOUND('',#4515,.F.);
#4515 = EDGE_LOOP('',(#4516,#4517,#4518,#4524));
#4516 = ORIENTED_EDGE('',*,*,#4502,.T.);
#4517 = ORIENTED_EDGE('',*,*,#2313,.T.);
#4518 = ORIENTED_EDGE('',*,*,#4519,.F.);
#4519 = EDGE_CURVE('',#892,#2314,#4520,.T.);
#4520 = LINE('',#4521,#4522);
#4521 = CARTESIAN_POINT('',(-16.41358538494,54.233825708305,17.));
#4522 = VECTOR('',#4523,1.);
#4523 = DIRECTION('',(0.,0.,1.));
#4524 = ORIENTED_EDGE('',*,*,#891,.F.);
#4525 = CYLINDRICAL_SURFACE('',#4526,17.39696959679);
#4526 = AXIS2_PLACEMENT_3D('',#4527,#4528,#4529);
#4527 = CARTESIAN_POINT('',(1.862543373158E-11,60.000000000006,17.));
#4528 = DIRECTION('',(0.,-0.,-1.));
#4529 = DIRECTION('',(-0.958106044454,-0.286413700058,0.));
#4530 = ADVANCED_FACE('',(#4531),#4542,.F.);
#4531 = FACE_BOUND('',#4532,.F.);
#4532 = EDGE_LOOP('',(#4533,#4534,#4535,#4541));
#4533 = ORIENTED_EDGE('',*,*,#4519,.T.);
#4534 = ORIENTED_EDGE('',*,*,#2322,.T.);
#4535 = ORIENTED_EDGE('',*,*,#4536,.F.);
#4536 = EDGE_CURVE('',#901,#2323,#4537,.T.);
#4537 = LINE('',#4538,#4539);
#4538 = CARTESIAN_POINT('',(-16.86395915021,53.270778149149,17.));
#4539 = VECTOR('',#4540,1.);
#4540 = DIRECTION('',(0.,0.,1.));
#4541 = ORIENTED_EDGE('',*,*,#900,.F.);
#4542 = CYLINDRICAL_SURFACE('',#4543,0.76);
#4543 = AXIS2_PLACEMENT_3D('',#4544,#4545,#4546);
#4544 = CARTESIAN_POINT('',(-17.13079068549,53.982396678827,17.));
#4545 = DIRECTION('',(0.,0.,-1.));
#4546 = DIRECTION('',(0.943691184933,0.330827670365,0.));
#4547 = ADVANCED_FACE('',(#4548),#4559,.F.);
#4548 = FACE_BOUND('',#4549,.F.);
#4549 = EDGE_LOOP('',(#4550,#4551,#4552,#4558));
#4550 = ORIENTED_EDGE('',*,*,#4536,.T.);
#4551 = ORIENTED_EDGE('',*,*,#2331,.T.);
#4552 = ORIENTED_EDGE('',*,*,#4553,.F.);
#4553 = EDGE_CURVE('',#910,#2332,#4554,.T.);
#4554 = LINE('',#4555,#4556);
#4555 = CARTESIAN_POINT('',(-17.48625246959,53.021015855066,17.));
#4556 = VECTOR('',#4557,1.);
#4557 = DIRECTION('',(0.,0.,1.));
#4558 = ORIENTED_EDGE('',*,*,#909,.F.);
#4559 = PLANE('',#4560);
#4560 = AXIS2_PLACEMENT_3D('',#4561,#4562,#4563);
#4561 = CARTESIAN_POINT('',(-16.86395915021,53.270778149149,17.));
#4562 = DIRECTION('',(0.372476731935,-0.928041531488,0.));
#4563 = DIRECTION('',(-0.928041531488,-0.372476731935,0.));
#4564 = ADVANCED_FACE('',(#4565),#4576,.F.);
#4565 = FACE_BOUND('',#4566,.F.);
#4566 = EDGE_LOOP('',(#4567,#4568,#4569,#4575));
#4567 = ORIENTED_EDGE('',*,*,#4553,.T.);
#4568 = ORIENTED_EDGE('',*,*,#2339,.T.);
#4569 = ORIENTED_EDGE('',*,*,#4570,.F.);
#4570 = EDGE_CURVE('',#918,#2340,#4571,.T.);
#4571 = LINE('',#4572,#4573);
#4572 = CARTESIAN_POINT('',(-19.8226099185,50.697529811711,17.));
#4573 = VECTOR('',#4574,1.);
#4574 = DIRECTION('',(0.,0.,1.));
#4575 = ORIENTED_EDGE('',*,*,#917,.F.);
#4576 = SURFACE_OF_LINEAR_EXTRUSION('',#4577,#4583);
#4577 = B_SPLINE_CURVE_WITH_KNOTS('',4,(#4578,#4579,#4580,#4581,#4582),
  .UNSPECIFIED.,.F.,.F.,(5,5),(0.,1.),.PIECEWISE_BEZIER_KNOTS.);
#4578 = CARTESIAN_POINT('',(-17.48625246959,53.021015855066,17.));
#4579 = CARTESIAN_POINT('',(-17.62210159747,52.954745283654,17.));
#4580 = CARTESIAN_POINT('',(-18.15656429076,52.671119693462,17.));
#4581 = CARTESIAN_POINT('',(-18.98304831772,51.960245249217,17.));
#4582 = CARTESIAN_POINT('',(-19.8226099185,50.697529811711,17.));
#4583 = VECTOR('',#4584,1.);
#4584 = DIRECTION('',(0.,-0.,-1.));
#4585 = ADVANCED_FACE('',(#4586),#4597,.T.);
#4586 = FACE_BOUND('',#4587,.F.);
#4587 = EDGE_LOOP('',(#4588,#4589,#4590,#4596));
#4588 = ORIENTED_EDGE('',*,*,#4570,.T.);
#4589 = ORIENTED_EDGE('',*,*,#2349,.T.);
#4590 = ORIENTED_EDGE('',*,*,#4591,.F.);
#4591 = EDGE_CURVE('',#928,#2350,#4592,.T.);
#4592 = LINE('',#4593,#4594);
#4593 = CARTESIAN_POINT('',(-19.17656882151,49.429451965213,17.));
#4594 = VECTOR('',#4595,1.);
#4595 = DIRECTION('',(0.,0.,1.));
#4596 = ORIENTED_EDGE('',*,*,#927,.F.);
#4597 = CYLINDRICAL_SURFACE('',#4598,21.896969596774);
#4598 = AXIS2_PLACEMENT_3D('',#4599,#4600,#4601);
#4599 = CARTESIAN_POINT('',(9.267685424361E-04,59.998318527694,17.));
#4600 = DIRECTION('',(0.,-0.,-1.));
#4601 = DIRECTION('',(-0.905309595441,-0.424752323598,0.));
#4602 = ADVANCED_FACE('',(#4603),#4614,.F.);
#4603 = FACE_BOUND('',#4604,.F.);
#4604 = EDGE_LOOP('',(#4605,#4606,#4607,#4613));
#4605 = ORIENTED_EDGE('',*,*,#4591,.T.);
#4606 = ORIENTED_EDGE('',*,*,#2358,.T.);
#4607 = ORIENTED_EDGE('',*,*,#4608,.F.);
#4608 = EDGE_CURVE('',#937,#2359,#4609,.T.);
#4609 = LINE('',#4610,#4611);
#4610 = CARTESIAN_POINT('',(-15.92427809621,49.955468540541,17.));
#4611 = VECTOR('',#4612,1.);
#4612 = DIRECTION('',(0.,0.,1.));
#4613 = ORIENTED_EDGE('',*,*,#936,.F.);
#4614 = SURFACE_OF_LINEAR_EXTRUSION('',#4615,#4621);
#4615 = B_SPLINE_CURVE_WITH_KNOTS('',4,(#4616,#4617,#4618,#4619,#4620),
  .UNSPECIFIED.,.F.,.F.,(5,5),(0.,1.),.PIECEWISE_BEZIER_KNOTS.);
#4616 = CARTESIAN_POINT('',(-19.17656882151,49.429451965213,17.));
#4617 = CARTESIAN_POINT('',(-17.6622540687,49.368040580482,17.));
#4618 = CARTESIAN_POINT('',(-16.60134944014,49.618838689311,17.));
#4619 = CARTESIAN_POINT('',(-16.05774222861,49.884517151955,17.));
#4620 = CARTESIAN_POINT('',(-15.92427809621,49.955468540541,17.));
#4621 = VECTOR('',#4622,1.);
#4622 = DIRECTION('',(0.,-0.,-1.));
#4623 = ADVANCED_FACE('',(#4624),#4635,.F.);
#4624 = FACE_BOUND('',#4625,.F.);
#4625 = EDGE_LOOP('',(#4626,#4627,#4628,#4634));
#4626 = ORIENTED_EDGE('',*,*,#4608,.T.);
#4627 = ORIENTED_EDGE('',*,*,#2368,.T.);
#4628 = ORIENTED_EDGE('',*,*,#4629,.F.);
#4629 = EDGE_CURVE('',#947,#2369,#4630,.T.);
#4630 = LINE('',#4631,#4632);
#4631 = CARTESIAN_POINT('',(-15.35644132001,50.312107818367,17.));
#4632 = VECTOR('',#4633,1.);
#4633 = DIRECTION('',(0.,0.,1.));
#4634 = ORIENTED_EDGE('',*,*,#946,.F.);
#4635 = PLANE('',#4636);
#4636 = AXIS2_PLACEMENT_3D('',#4637,#4638,#4639);
#4637 = CARTESIAN_POINT('',(-15.92427809621,49.955468540541,17.));
#4638 = DIRECTION('',(-0.531865040606,0.846829131868,0.));
#4639 = DIRECTION('',(0.846829131868,0.531865040606,0.));
#4640 = ADVANCED_FACE('',(#4641),#4652,.F.);
#4641 = FACE_BOUND('',#4642,.F.);
#4642 = EDGE_LOOP('',(#4643,#4644,#4645,#4651));
#4643 = ORIENTED_EDGE('',*,*,#4629,.T.);
#4644 = ORIENTED_EDGE('',*,*,#2376,.T.);
#4645 = ORIENTED_EDGE('',*,*,#4646,.F.);
#4646 = EDGE_CURVE('',#955,#2377,#4647,.T.);
#4647 = LINE('',#4648,#4649);
#4648 = CARTESIAN_POINT('',(-14.31259642102,50.110402695765,17.));
#4649 = VECTOR('',#4650,1.);
#4650 = DIRECTION('',(0.,0.,1.));
#4651 = ORIENTED_EDGE('',*,*,#954,.F.);
#4652 = CYLINDRICAL_SURFACE('',#4653,0.76);
#4653 = AXIS2_PLACEMENT_3D('',#4654,#4655,#4656);
#4654 = CARTESIAN_POINT('',(-14.93756947727,49.67795769469,17.));
#4655 = DIRECTION('',(0.,0.,-1.));
#4656 = DIRECTION('',(-0.5511471615,0.83440805747,0.));
#4657 = ADVANCED_FACE('',(#4658),#4669,.T.);
#4658 = FACE_BOUND('',#4659,.F.);
#4659 = EDGE_LOOP('',(#4660,#4661,#4662,#4668));
#4660 = ORIENTED_EDGE('',*,*,#4646,.T.);
#4661 = ORIENTED_EDGE('',*,*,#2385,.T.);
#4662 = ORIENTED_EDGE('',*,*,#4663,.F.);
#4663 = EDGE_CURVE('',#964,#2386,#4664,.T.);
#4664 = LINE('',#4665,#4666);
#4665 = CARTESIAN_POINT('',(-13.82840148745,49.443965543218,17.));
#4666 = VECTOR('',#4667,1.);
#4667 = DIRECTION('',(0.,0.,1.));
#4668 = ORIENTED_EDGE('',*,*,#963,.F.);
#4669 = CYLINDRICAL_SURFACE('',#4670,17.396969596797);
#4670 = AXIS2_PLACEMENT_3D('',#4671,#4672,#4673);
#4671 = CARTESIAN_POINT('',(2.161696925215E-11,60.000000000016,17.));
#4672 = DIRECTION('',(0.,-0.,-1.));
#4673 = DIRECTION('',(-0.82270629614,-0.568466665946,0.));
#4674 = ADVANCED_FACE('',(#4675),#4686,.F.);
#4675 = FACE_BOUND('',#4676,.F.);
#4676 = EDGE_LOOP('',(#4677,#4678,#4679,#4685));
#4677 = ORIENTED_EDGE('',*,*,#4663,.T.);
#4678 = ORIENTED_EDGE('',*,*,#2394,.T.);
#4679 = ORIENTED_EDGE('',*,*,#4680,.F.);
#4680 = EDGE_CURVE('',#973,#2395,#4681,.T.);
#4681 = LINE('',#4682,#4683);
#4682 = CARTESIAN_POINT('',(-13.95913432951,48.388879739291,17.));
#4683 = VECTOR('',#4684,1.);
#4684 = DIRECTION('',(0.,0.,1.));
#4685 = ORIENTED_EDGE('',*,*,#972,.F.);
#4686 = CYLINDRICAL_SURFACE('',#4687,0.76);
#4687 = AXIS2_PLACEMENT_3D('',#4688,#4689,#4690);
#4688 = CARTESIAN_POINT('',(-14.43280841907,48.983213700023,17.));
#4689 = DIRECTION('',(0.,0.,-1.));
#4690 = DIRECTION('',(0.795272278449,0.606252425258,0.));
#4691 = ADVANCED_FACE('',(#4692),#4703,.F.);
#4692 = FACE_BOUND('',#4693,.F.);
#4693 = EDGE_LOOP('',(#4694,#4695,#4696,#4702));
#4694 = ORIENTED_EDGE('',*,*,#4680,.T.);
#4695 = ORIENTED_EDGE('',*,*,#2403,.T.);
#4696 = ORIENTED_EDGE('',*,*,#4697,.F.);
#4697 = EDGE_CURVE('',#982,#2404,#4698,.T.);
#4698 = LINE('',#4699,#4700);
#4699 = CARTESIAN_POINT('',(-14.47378965253,47.959042470804,17.));
#4700 = VECTOR('',#4701,1.);
#4701 = DIRECTION('',(0.,0.,1.));
#4702 = ORIENTED_EDGE('',*,*,#981,.F.);
#4703 = PLANE('',#4704);
#4704 = AXIS2_PLACEMENT_3D('',#4705,#4706,#4707);
#4705 = CARTESIAN_POINT('',(-13.95913432951,48.388879739291,17.));
#4706 = DIRECTION('',(0.641027027791,-0.767518305737,0.));
#4707 = DIRECTION('',(-0.767518305737,-0.641027027791,0.));
#4708 = ADVANCED_FACE('',(#4709),#4720,.F.);
#4709 = FACE_BOUND('',#4710,.F.);
#4710 = EDGE_LOOP('',(#4711,#4712,#4713,#4719));
#4711 = ORIENTED_EDGE('',*,*,#4697,.T.);
#4712 = ORIENTED_EDGE('',*,*,#2411,.T.);
#4713 = ORIENTED_EDGE('',*,*,#4714,.F.);
#4714 = EDGE_CURVE('',#990,#2412,#4715,.T.);
#4715 = LINE('',#4716,#4717);
#4716 = CARTESIAN_POINT('',(-15.97780095512,45.027301772103,17.));
#4717 = VECTOR('',#4718,1.);
#4718 = DIRECTION('',(0.,0.,1.));
#4719 = ORIENTED_EDGE('',*,*,#989,.F.);
#4720 = SURFACE_OF_LINEAR_EXTRUSION('',#4721,#4727);
#4721 = B_SPLINE_CURVE_WITH_KNOTS('',4,(#4722,#4723,#4724,#4725,#4726),
  .UNSPECIFIED.,.F.,.F.,(5,5),(0.,1.),.PIECEWISE_BEZIER_KNOTS.);
#4722 = CARTESIAN_POINT('',(-14.47378965253,47.959042470804,17.));
#4723 = CARTESIAN_POINT('',(-14.58251111804,47.854035722839,17.));
#4724 = CARTESIAN_POINT('',(-15.0031702178,47.419133702013,17.));
#4725 = CARTESIAN_POINT('',(-15.56953095311,46.487654319637,17.));
#4726 = CARTESIAN_POINT('',(-15.97780095512,45.027301772103,17.));
#4727 = VECTOR('',#4728,1.);
#4728 = DIRECTION('',(0.,-0.,-1.));
#4729 = ADVANCED_FACE('',(#4730),#4741,.T.);
#4730 = FACE_BOUND('',#4731,.F.);
#4731 = EDGE_LOOP('',(#4732,#4733,#4734,#4740));
#4732 = ORIENTED_EDGE('',*,*,#4714,.T.);
#4733 = ORIENTED_EDGE('',*,*,#2421,.T.);
#4734 = ORIENTED_EDGE('',*,*,#4735,.F.);
#4735 = EDGE_CURVE('',#1000,#2422,#4736,.T.);
#4736 = LINE('',#4737,#4738);
#4737 = CARTESIAN_POINT('',(-14.97152175527,44.020925751057,17.));
#4738 = VECTOR('',#4739,1.);
#4739 = DIRECTION('',(0.,0.,1.));
#4740 = ORIENTED_EDGE('',*,*,#999,.F.);
#4741 = CYLINDRICAL_SURFACE('',#4742,21.89696959677);
#4742 = AXIS2_PLACEMENT_3D('',#4743,#4744,#4745);
#4743 = CARTESIAN_POINT('',(1.401012776739E-03,59.998687212033,17.));
#4744 = DIRECTION('',(0.,-0.,-1.));
#4745 = DIRECTION('',(-0.729744903617,-0.683719515331,0.));
#4746 = ADVANCED_FACE('',(#4747),#4758,.F.);
#4747 = FACE_BOUND('',#4748,.F.);
#4748 = EDGE_LOOP('',(#4749,#4750,#4751,#4757));
#4749 = ORIENTED_EDGE('',*,*,#4735,.T.);
#4750 = ORIENTED_EDGE('',*,*,#2430,.T.);
#4751 = ORIENTED_EDGE('',*,*,#4752,.F.);
#4752 = EDGE_CURVE('',#1009,#2431,#4753,.T.);
#4753 = LINE('',#4754,#4755);
#4754 = CARTESIAN_POINT('',(-12.04095752919,45.526210347467,17.));
#4755 = VECTOR('',#4756,1.);
#4756 = DIRECTION('',(0.,0.,1.));
#4757 = ORIENTED_EDGE('',*,*,#1008,.F.);
#4758 = SURFACE_OF_LINEAR_EXTRUSION('',#4759,#4765);
#4759 = B_SPLINE_CURVE_WITH_KNOTS('',4,(#4760,#4761,#4762,#4763,#4764),
  .UNSPECIFIED.,.F.,.F.,(5,5),(0.,1.),.PIECEWISE_BEZIER_KNOTS.);
#4760 = CARTESIAN_POINT('',(-14.97152175527,44.020925751057,17.));
#4761 = CARTESIAN_POINT('',(-13.51234568036,44.430469046885,17.));
#4762 = CARTESIAN_POINT('',(-12.58086629798,44.996829782198,17.));
#4763 = CARTESIAN_POINT('',(-12.14596427716,45.41748888196,17.));
#4764 = CARTESIAN_POINT('',(-12.04095752919,45.526210347467,17.));
#4765 = VECTOR('',#4766,1.);
#4766 = DIRECTION('',(0.,-0.,-1.));
#4767 = ADVANCED_FACE('',(#4768),#4779,.F.);
#4768 = FACE_BOUND('',#4769,.F.);
#4769 = EDGE_LOOP('',(#4770,#4771,#4772,#4778));
#4770 = ORIENTED_EDGE('',*,*,#4752,.T.);
#4771 = ORIENTED_EDGE('',*,*,#2440,.T.);
#4772 = ORIENTED_EDGE('',*,*,#4773,.F.);
#4773 = EDGE_CURVE('',#1019,#2441,#4774,.T.);
#4774 = LINE('',#4775,#4776);
#4775 = CARTESIAN_POINT('',(-11.6111202607,46.040865670486,17.));
#4776 = VECTOR('',#4777,1.);
#4777 = DIRECTION('',(0.,0.,1.));
#4778 = ORIENTED_EDGE('',*,*,#1018,.F.);
#4779 = PLANE('',#4780);
#4780 = AXIS2_PLACEMENT_3D('',#4781,#4782,#4783);
#4781 = CARTESIAN_POINT('',(-12.04095752919,45.526210347467,17.));
#4782 = DIRECTION('',(-0.767518305737,0.641027027791,0.));
#4783 = DIRECTION('',(0.641027027791,0.767518305737,0.));
#4784 = ADVANCED_FACE('',(#4785),#4796,.F.);
#4785 = FACE_BOUND('',#4786,.F.);
#4786 = EDGE_LOOP('',(#4787,#4788,#4789,#4795));
#4787 = ORIENTED_EDGE('',*,*,#4773,.T.);
#4788 = ORIENTED_EDGE('',*,*,#2448,.T.);
#4789 = ORIENTED_EDGE('',*,*,#4790,.F.);
#4790 = EDGE_CURVE('',#1027,#2449,#4791,.T.);
#4791 = LINE('',#4792,#4793);
#4792 = CARTESIAN_POINT('',(-10.55603445678,46.171598512547,17.));
#4793 = VECTOR('',#4794,1.);
#4794 = DIRECTION('',(0.,0.,1.));
#4795 = ORIENTED_EDGE('',*,*,#1026,.F.);
#4796 = CYLINDRICAL_SURFACE('',#4797,0.76);
#4797 = AXIS2_PLACEMENT_3D('',#4798,#4799,#4800);
#4798 = CARTESIAN_POINT('',(-11.01678629997,45.567191580926,17.));
#4799 = DIRECTION('',(0.,0.,-1.));
#4800 = DIRECTION('',(-0.782018369384,0.623255381001,0.));
#4801 = ADVANCED_FACE('',(#4802),#4813,.T.);
#4802 = FACE_BOUND('',#4803,.F.);
#4803 = EDGE_LOOP('',(#4804,#4805,#4806,#4812));
#4804 = ORIENTED_EDGE('',*,*,#4790,.T.);
#4805 = ORIENTED_EDGE('',*,*,#2457,.T.);
#4806 = ORIENTED_EDGE('',*,*,#4807,.F.);
#4807 = EDGE_CURVE('',#1036,#2458,#4808,.T.);
#4808 = LINE('',#4809,#4810);
#4809 = CARTESIAN_POINT('',(-9.889597304235,45.687403578979,17.));
#4810 = VECTOR('',#4811,1.);
#4811 = DIRECTION('',(0.,0.,1.));
#4812 = ORIENTED_EDGE('',*,*,#1035,.F.);
#4813 = CYLINDRICAL_SURFACE('',#4814,17.396969596779);
#4814 = AXIS2_PLACEMENT_3D('',#4815,#4816,#4817);
#4815 = CARTESIAN_POINT('',(4.776646135032E-12,60.000000000007,17.));
#4816 = DIRECTION('',(0.,-0.,-1.));
#4817 = DIRECTION('',(-0.606774323428,-0.794874153831,0.));
#4818 = ADVANCED_FACE('',(#4819),#4830,.F.);
#4819 = FACE_BOUND('',#4820,.F.);
#4820 = EDGE_LOOP('',(#4821,#4822,#4823,#4829));
#4821 = ORIENTED_EDGE('',*,*,#4807,.T.);
#4822 = ORIENTED_EDGE('',*,*,#2466,.T.);
#4823 = ORIENTED_EDGE('',*,*,#4824,.F.);
#4824 = EDGE_CURVE('',#1045,#2467,#4825,.T.);
#4825 = LINE('',#4826,#4827);
#4826 = CARTESIAN_POINT('',(-9.687892181633,44.643558679984,17.));
#4827 = VECTOR('',#4828,1.);
#4828 = DIRECTION('',(0.,0.,1.));
#4829 = ORIENTED_EDGE('',*,*,#1044,.F.);
#4830 = CYLINDRICAL_SURFACE('',#4831,0.76);
#4831 = AXIS2_PLACEMENT_3D('',#4832,#4833,#4834);
#4832 = CARTESIAN_POINT('',(-10.32204230531,45.062430522724,17.));
#4833 = DIRECTION('',(0.,0.,-1.));
#4834 = DIRECTION('',(0.569006580362,0.822332968757,0.));
#4835 = ADVANCED_FACE('',(#4836),#4847,.F.);
#4836 = FACE_BOUND('',#4837,.F.);
#4837 = EDGE_LOOP('',(#4838,#4839,#4840,#4846));
#4838 = ORIENTED_EDGE('',*,*,#4824,.T.);
#4839 = ORIENTED_EDGE('',*,*,#2475,.T.);
#4840 = ORIENTED_EDGE('',*,*,#4841,.F.);
#4841 = EDGE_CURVE('',#1054,#2476,#4842,.T.);
#4842 = LINE('',#4843,#4844);
#4843 = CARTESIAN_POINT('',(-10.04453145945,44.075721903784,17.));
#4844 = VECTOR('',#4845,1.);
#4845 = DIRECTION('',(0.,0.,1.));
#4846 = ORIENTED_EDGE('',*,*,#1053,.F.);
#4847 = PLANE('',#4848);
#4848 = AXIS2_PLACEMENT_3D('',#4849,#4850,#4851);
#4849 = CARTESIAN_POINT('',(-9.687892181633,44.643558679984,17.));
#4850 = DIRECTION('',(0.846829131868,-0.531865040606,0.));
#4851 = DIRECTION('',(-0.531865040606,-0.846829131868,0.));
#4852 = ADVANCED_FACE('',(#4853),#4864,.F.);
#4853 = FACE_BOUND('',#4854,.F.);
#4854 = EDGE_LOOP('',(#4855,#4856,#4857,#4863));
#4855 = ORIENTED_EDGE('',*,*,#4841,.T.);
#4856 = ORIENTED_EDGE('',*,*,#2483,.T.);
#4857 = ORIENTED_EDGE('',*,*,#4858,.F.);
#4858 = EDGE_CURVE('',#1062,#2484,#4859,.T.);
#4859 = LINE('',#4860,#4861);
#4860 = CARTESIAN_POINT('',(-10.56897351036,40.822705755965,17.));
#4861 = VECTOR('',#4862,1.);
#4862 = DIRECTION('',(0.,0.,1.));
#4863 = ORIENTED_EDGE('',*,*,#1061,.F.);
#4864 = SURFACE_OF_LINEAR_EXTRUSION('',#4865,#4871);
#4865 = B_SPLINE_CURVE_WITH_KNOTS('',4,(#4866,#4867,#4868,#4869,#4870),
  .UNSPECIFIED.,.F.,.F.,(5,5),(0.,1.),.PIECEWISE_BEZIER_KNOTS.);
#4866 = CARTESIAN_POINT('',(-10.04453145945,44.075721903784,17.));
#4867 = CARTESIAN_POINT('',(-10.11548284804,43.942257771382,17.));
#4868 = CARTESIAN_POINT('',(-10.38116131068,43.39865055986,17.));
#4869 = CARTESIAN_POINT('',(-10.63195941951,42.337745931298,17.));
#4870 = CARTESIAN_POINT('',(-10.56897351036,40.822705755965,17.));
#4871 = VECTOR('',#4872,1.);
#4872 = DIRECTION('',(0.,-0.,-1.));
#4873 = ADVANCED_FACE('',(#4874),#4885,.T.);
#4874 = FACE_BOUND('',#4875,.F.);
#4875 = EDGE_LOOP('',(#4876,#4877,#4878,#4884));
#4876 = ORIENTED_EDGE('',*,*,#4858,.T.);
#4877 = ORIENTED_EDGE('',*,*,#2493,.T.);
#4878 = ORIENTED_EDGE('',*,*,#4879,.F.);
#4879 = EDGE_CURVE('',#1072,#2494,#4880,.T.);
#4880 = LINE('',#4881,#4882);
#4881 = CARTESIAN_POINT('',(-9.300957826906,40.176542657145,17.));
#4882 = VECTOR('',#4883,1.);
#4883 = DIRECTION('',(0.,0.,1.));
#4884 = ORIENTED_EDGE('',*,*,#1071,.F.);
#4885 = CYLINDRICAL_SURFACE('',#4886,21.89696959678);
#4886 = AXIS2_PLACEMENT_3D('',#4887,#4888,#4889);
#4887 = CARTESIAN_POINT('',(1.738116126865E-03,59.999184401216,17.));
#4888 = DIRECTION('',(0.,-0.,-1.));
#4889 = DIRECTION('',(-0.482747696195,-0.87575947715,0.));
#4890 = ADVANCED_FACE('',(#4891),#4902,.F.);
#4891 = FACE_BOUND('',#4892,.F.);
#4892 = EDGE_LOOP('',(#4893,#4894,#4895,#4901));
#4893 = ORIENTED_EDGE('',*,*,#4879,.T.);
#4894 = ORIENTED_EDGE('',*,*,#2502,.T.);
#4895 = ORIENTED_EDGE('',*,*,#4896,.F.);
#4896 = EDGE_CURVE('',#1081,#2503,#4897,.T.);
#4897 = LINE('',#4898,#4899);
#4898 = CARTESIAN_POINT('',(-6.978984144934,42.513747530404,17.));
#4899 = VECTOR('',#4900,1.);
#4900 = DIRECTION('',(0.,0.,1.));
#4901 = ORIENTED_EDGE('',*,*,#1080,.F.);
#4902 = SURFACE_OF_LINEAR_EXTRUSION('',#4903,#4909);
#4903 = B_SPLINE_CURVE_WITH_KNOTS('',4,(#4904,#4905,#4906,#4907,#4908),
  .UNSPECIFIED.,.F.,.F.,(5,5),(0.,1.),.PIECEWISE_BEZIER_KNOTS.);
#4904 = CARTESIAN_POINT('',(-9.300957826906,40.176542657145,17.));
#4905 = CARTESIAN_POINT('',(-8.039754750783,41.016951682279,17.));
#4906 = CARTESIAN_POINT('',(-7.328880306538,41.843435709237,17.));
#4907 = CARTESIAN_POINT('',(-7.045254716346,42.377898402528,17.));
#4908 = CARTESIAN_POINT('',(-6.978984144934,42.513747530404,17.));
#4909 = VECTOR('',#4910,1.);
#4910 = DIRECTION('',(0.,-0.,-1.));
#4911 = ADVANCED_FACE('',(#4912),#4923,.F.);
#4912 = FACE_BOUND('',#4913,.F.);
#4913 = EDGE_LOOP('',(#4914,#4915,#4916,#4922));
#4914 = ORIENTED_EDGE('',*,*,#4896,.T.);
#4915 = ORIENTED_EDGE('',*,*,#2512,.T.);
#4916 = ORIENTED_EDGE('',*,*,#4917,.F.);
#4917 = EDGE_CURVE('',#1091,#2513,#4918,.T.);
#4918 = LINE('',#4919,#4920);
#4919 = CARTESIAN_POINT('',(-6.729221850851,43.136040849786,17.));
#4920 = VECTOR('',#4921,1.);
#4921 = DIRECTION('',(0.,0.,1.));
#4922 = ORIENTED_EDGE('',*,*,#1090,.F.);
#4923 = PLANE('',#4924);
#4924 = AXIS2_PLACEMENT_3D('',#4925,#4926,#4927);
#4925 = CARTESIAN_POINT('',(-6.978984144934,42.513747530404,17.));
#4926 = DIRECTION('',(-0.928041531488,0.372476731935,0.));
#4927 = DIRECTION('',(0.372476731935,0.928041531488,0.));
#4928 = ADVANCED_FACE('',(#4929),#4940,.F.);
#4929 = FACE_BOUND('',#4930,.F.);
#4930 = EDGE_LOOP('',(#4931,#4932,#4933,#4939));
#4931 = ORIENTED_EDGE('',*,*,#4917,.T.);
#4932 = ORIENTED_EDGE('',*,*,#2520,.T.);
#4933 = ORIENTED_EDGE('',*,*,#4934,.F.);
#4934 = EDGE_CURVE('',#1099,#2521,#4935,.T.);
#4935 = LINE('',#4936,#4937);
#4936 = CARTESIAN_POINT('',(-5.766174291695,43.586414615059,17.));
#4937 = VECTOR('',#4938,1.);
#4938 = DIRECTION('',(0.,0.,1.));
#4939 = ORIENTED_EDGE('',*,*,#1098,.F.);
#4940 = CYLINDRICAL_SURFACE('',#4941,0.76);
#4941 = AXIS2_PLACEMENT_3D('',#4942,#4943,#4944);
#4942 = CARTESIAN_POINT('',(-6.017603321173,42.86920931451,17.));
#4943 = DIRECTION('',(0.,0.,-1.));
#4944 = DIRECTION('',(-0.93634017063,0.351094125364,0.));
#4945 = ADVANCED_FACE('',(#4946),#4957,.T.);
#4946 = FACE_BOUND('',#4947,.F.);
#4947 = EDGE_LOOP('',(#4948,#4949,#4950,#4956));
#4948 = ORIENTED_EDGE('',*,*,#4934,.T.);
#4949 = ORIENTED_EDGE('',*,*,#2529,.T.);
#4950 = ORIENTED_EDGE('',*,*,#4951,.F.);
#4951 = EDGE_CURVE('',#1108,#2530,#4952,.T.);
#4952 = LINE('',#4953,#4954);
#4953 = CARTESIAN_POINT('',(-4.982730432002,43.331858274152,17.));
#4954 = VECTOR('',#4955,1.);
#4955 = DIRECTION('',(0.,0.,1.));
#4956 = ORIENTED_EDGE('',*,*,#1107,.F.);
#4957 = CYLINDRICAL_SURFACE('',#4958,17.396969596774);
#4958 = AXIS2_PLACEMENT_3D('',#4959,#4960,#4961);
#4959 = CARTESIAN_POINT('',(1.176233129421E-12,60.000000000004,17.));
#4960 = DIRECTION('',(0.,-0.,-1.));
#4961 = DIRECTION('',(-0.331447052294,-0.943473821325,0.));
#4962 = ADVANCED_FACE('',(#4963),#4974,.F.);
#4963 = FACE_BOUND('',#4964,.F.);
#4964 = EDGE_LOOP('',(#4965,#4966,#4967,#4973));
#4965 = ORIENTED_EDGE('',*,*,#4951,.T.);
#4966 = ORIENTED_EDGE('',*,*,#2538,.T.);
#4967 = ORIENTED_EDGE('',*,*,#4968,.F.);
#4968 = EDGE_CURVE('',#1117,#2539,#4969,.T.);
#4969 = LINE('',#4970,#4971);
#4970 = CARTESIAN_POINT('',(-4.4683316475,42.401433091698,17.));
#4971 = VECTOR('',#4972,1.);
#4972 = DIRECTION('',(0.,0.,1.));
#4973 = ORIENTED_EDGE('',*,*,#1116,.F.);
#4974 = CYLINDRICAL_SURFACE('',#4975,0.76);
#4975 = AXIS2_PLACEMENT_3D('',#4976,#4977,#4978);
#4976 = CARTESIAN_POINT('',(-5.200882772805,42.603840722027,17.));
#4977 = DIRECTION('',(0.,0.,-1.));
#4978 = DIRECTION('',(0.287042553688,0.957917831744,0.));
#4979 = ADVANCED_FACE('',(#4980),#4991,.F.);
#4980 = FACE_BOUND('',#4981,.F.);
#4981 = EDGE_LOOP('',(#4982,#4983,#4984,#4990));
#4982 = ORIENTED_EDGE('',*,*,#4968,.T.);
#4983 = ORIENTED_EDGE('',*,*,#2547,.T.);
#4984 = ORIENTED_EDGE('',*,*,#4985,.F.);
#4985 = EDGE_CURVE('',#1126,#2548,#4986,.T.);
#4986 = LINE('',#4987,#4988);
#4987 = CARTESIAN_POINT('',(-4.632044542766,41.751180627791,17.));
#4988 = VECTOR('',#4989,1.);
#4989 = DIRECTION('',(0.,0.,1.));
#4990 = ORIENTED_EDGE('',*,*,#1125,.F.);
#4991 = PLANE('',#4992);
#4992 = AXIS2_PLACEMENT_3D('',#4993,#4994,#4995);
#4993 = CARTESIAN_POINT('',(-4.4683316475,42.401433091698,17.));
#4994 = DIRECTION('',(0.969737700313,-0.244149119579,0.));
#4995 = DIRECTION('',(-0.244149119579,-0.969737700313,0.));
#4996 = ADVANCED_FACE('',(#4997),#5008,.F.);
#4997 = FACE_BOUND('',#4998,.F.);
#4998 = EDGE_LOOP('',(#4999,#5000,#5001,#5007));
#4999 = ORIENTED_EDGE('',*,*,#4985,.T.);
#5000 = ORIENTED_EDGE('',*,*,#2555,.T.);
#5001 = ORIENTED_EDGE('',*,*,#5002,.F.);
#5002 = EDGE_CURVE('',#1134,#2556,#5003,.T.);
#5003 = LINE('',#5004,#5005);
#5004 = CARTESIAN_POINT('',(-4.125581300052,38.495316916498,17.));
#5005 = VECTOR('',#5006,1.);
#5006 = DIRECTION('',(0.,0.,1.));
#5007 = ORIENTED_EDGE('',*,*,#1133,.F.);
#5008 = SURFACE_OF_LINEAR_EXTRUSION('',#5009,#5015);
#5009 = B_SPLINE_CURVE_WITH_KNOTS('',4,(#5010,#5011,#5012,#5013,#5014),
  .UNSPECIFIED.,.F.,.F.,(5,5),(0.,1.),.PIECEWISE_BEZIER_KNOTS.);
#5010 = CARTESIAN_POINT('',(-4.632044542766,41.751180627791,17.));
#5011 = CARTESIAN_POINT('',(-4.65828063817,41.602323510131,17.));
#5012 = CARTESIAN_POINT('',(-4.742972004681,41.003223169312,17.));
#5013 = CARTESIAN_POINT('',(-4.653657620722,39.916742031365,17.));
#5014 = CARTESIAN_POINT('',(-4.125581300052,38.495316916498,17.));
#5015 = VECTOR('',#5016,1.);
#5016 = DIRECTION('',(0.,-0.,-1.));
#5017 = ADVANCED_FACE('',(#5018),#5029,.T.);
#5018 = FACE_BOUND('',#5019,.F.);
#5019 = EDGE_LOOP('',(#5020,#5021,#5022,#5028));
#5020 = ORIENTED_EDGE('',*,*,#5002,.T.);
#5021 = ORIENTED_EDGE('',*,*,#2565,.T.);
#5022 = ORIENTED_EDGE('',*,*,#5023,.F.);
#5023 = EDGE_CURVE('',#1144,#2566,#5024,.T.);
#5024 = LINE('',#5025,#5026);
#5025 = CARTESIAN_POINT('',(-2.719951342856,38.2726176861,17.));
#5026 = VECTOR('',#5027,1.);
#5027 = DIRECTION('',(0.,0.,1.));
#5028 = ORIENTED_EDGE('',*,*,#1143,.F.);
#5029 = CYLINDRICAL_SURFACE('',#5030,21.896969596778);
#5030 = AXIS2_PLACEMENT_3D('',#5031,#5032,#5033);
#5031 = CARTESIAN_POINT('',(1.905080553048E-03,59.999761426881,17.));
#5032 = DIRECTION('',(0.,-0.,-1.));
#5033 = DIRECTION('',(-0.188495780768,-0.982073999571,0.));
#5034 = ADVANCED_FACE('',(#5035),#5046,.F.);
#5035 = FACE_BOUND('',#5036,.F.);
#5036 = EDGE_LOOP('',(#5037,#5038,#5039,#5045));
#5037 = ORIENTED_EDGE('',*,*,#5023,.T.);
#5038 = ORIENTED_EDGE('',*,*,#2574,.T.);
#5039 = ORIENTED_EDGE('',*,*,#5040,.F.);
#5040 = EDGE_CURVE('',#1153,#2575,#5041,.T.);
#5041 = LINE('',#5042,#5043);
#5042 = CARTESIAN_POINT('',(-1.233859167124,41.212960938951,17.));
#5043 = VECTOR('',#5044,1.);
#5044 = DIRECTION('',(0.,0.,1.));
#5045 = ORIENTED_EDGE('',*,*,#1152,.F.);
#5046 = SURFACE_OF_LINEAR_EXTRUSION('',#5047,#5053);
#5047 = B_SPLINE_CURVE_WITH_KNOTS('',4,(#5048,#5049,#5050,#5051,#5052),
  .UNSPECIFIED.,.F.,.F.,(5,5),(0.,1.),.PIECEWISE_BEZIER_KNOTS.);
#5048 = CARTESIAN_POINT('',(-2.719951342856,38.2726176861,17.));
#5049 = CARTESIAN_POINT('',(-1.78017660993,39.461627349688,17.));
#5050 = CARTESIAN_POINT('',(-1.359492447373,40.467332653278,17.));
#5051 = CARTESIAN_POINT('',(-1.254906536719,41.063282007858,17.));
#5052 = CARTESIAN_POINT('',(-1.233859167124,41.212960938951,17.));
#5053 = VECTOR('',#5054,1.);
#5054 = DIRECTION('',(0.,-0.,-1.));
#5055 = ADVANCED_FACE('',(#5056),#5067,.F.);
#5056 = FACE_BOUND('',#5057,.F.);
#5057 = EDGE_LOOP('',(#5058,#5059,#5060,#5066));
#5058 = ORIENTED_EDGE('',*,*,#5040,.T.);
#5059 = ORIENTED_EDGE('',*,*,#2584,.T.);
#5060 = ORIENTED_EDGE('',*,*,#5061,.F.);
#5061 = EDGE_CURVE('',#1163,#2585,#5062,.T.);
#5062 = LINE('',#5063,#5064);
#5063 = CARTESIAN_POINT('',(-1.188620320987,41.881977848822,17.));
#5064 = VECTOR('',#5065,1.);
#5065 = DIRECTION('',(0.,0.,1.));
#5066 = ORIENTED_EDGE('',*,*,#1162,.F.);
#5067 = PLANE('',#5068);
#5068 = AXIS2_PLACEMENT_3D('',#5069,#5070,#5071);
#5069 = CARTESIAN_POINT('',(-1.233859167124,41.212960938951,17.));
#5070 = DIRECTION('',(-0.997721586092,6.746581835959E-02,0.));
#5071 = DIRECTION('',(6.746581835959E-02,0.997721586092,0.));
#5072 = ADVANCED_FACE('',(#5073),#5084,.F.);
#5073 = FACE_BOUND('',#5074,.F.);
#5074 = EDGE_LOOP('',(#5075,#5076,#5077,#5083));
#5075 = ORIENTED_EDGE('',*,*,#5061,.T.);
#5076 = ORIENTED_EDGE('',*,*,#2592,.T.);
#5077 = ORIENTED_EDGE('',*,*,#5078,.F.);
#5078 = EDGE_CURVE('',#1171,#2593,#5079,.T.);
#5079 = LINE('',#5080,#5081);
#5080 = CARTESIAN_POINT('',(-0.41188081164,42.607906815223,17.));
#5081 = VECTOR('',#5082,1.);
#5082 = DIRECTION('',(0.,0.,1.));
#5083 = ORIENTED_EDGE('',*,*,#1170,.F.);
#5084 = CYLINDRICAL_SURFACE('',#5085,0.76);
#5085 = AXIS2_PLACEMENT_3D('',#5086,#5087,#5088);
#5086 = CARTESIAN_POINT('',(-0.429375402184,41.848108197627,17.));
#5087 = DIRECTION('',(0.,0.,-1.));
#5088 = DIRECTION('',(-0.999006472109,4.456533051997E-02,0.));
#5089 = ADVANCED_FACE('',(#5090),#5101,.T.);
#5090 = FACE_BOUND('',#5091,.F.);
#5091 = EDGE_LOOP('',(#5092,#5093,#5094,#5100));
#5092 = ORIENTED_EDGE('',*,*,#5078,.T.);
#5093 = ORIENTED_EDGE('',*,*,#2601,.T.);
#5094 = ORIENTED_EDGE('',*,*,#5095,.F.);
#5095 = EDGE_CURVE('',#1180,#2602,#5096,.T.);
#5096 = LINE('',#5097,#5098);
#5097 = CARTESIAN_POINT('',(0.41188081164,42.607906815223,17.));
#5098 = VECTOR('',#5099,1.);
#5099 = DIRECTION('',(0.,0.,1.));
#5100 = ORIENTED_EDGE('',*,*,#1179,.F.);
#5101 = CYLINDRICAL_SURFACE('',#5102,17.396969596783);
#5102 = AXIS2_PLACEMENT_3D('',#5103,#5104,#5105);
#5103 = CARTESIAN_POINT('',(1.610633871203E-14,60.000000000013,17.));
#5104 = DIRECTION('',(0.,-0.,-1.));
#5105 = DIRECTION('',(-2.367543435356E-02,-0.999719697619,0.));
#5106 = ADVANCED_FACE('',(#5107),#5118,.F.);
#5107 = FACE_BOUND('',#5108,.F.);
#5108 = EDGE_LOOP('',(#5109,#5110,#5111,#5117));
#5109 = ORIENTED_EDGE('',*,*,#5095,.T.);
#5110 = ORIENTED_EDGE('',*,*,#2610,.T.);
#5111 = ORIENTED_EDGE('',*,*,#5112,.F.);
#5112 = EDGE_CURVE('',#1189,#2611,#5113,.T.);
#5113 = LINE('',#5114,#5115);
#5114 = CARTESIAN_POINT('',(1.188620320987,41.881977848822,17.));
#5115 = VECTOR('',#5116,1.);
#5116 = DIRECTION('',(0.,0.,1.));
#5117 = ORIENTED_EDGE('',*,*,#1188,.F.);
#5118 = CYLINDRICAL_SURFACE('',#5119,0.76);
#5119 = AXIS2_PLACEMENT_3D('',#5120,#5121,#5122);
#5120 = CARTESIAN_POINT('',(0.429375402184,41.848108197627,17.));
#5121 = DIRECTION('',(0.,0.,-1.));
#5122 = DIRECTION('',(-2.301919808505E-02,0.999735023153,0.));
#5123 = ADVANCED_FACE('',(#5124),#5135,.F.);
#5124 = FACE_BOUND('',#5125,.F.);
#5125 = EDGE_LOOP('',(#5126,#5127,#5128,#5134));
#5126 = ORIENTED_EDGE('',*,*,#5112,.T.);
#5127 = ORIENTED_EDGE('',*,*,#2619,.T.);
#5128 = ORIENTED_EDGE('',*,*,#5129,.F.);
#5129 = EDGE_CURVE('',#1198,#2620,#5130,.T.);
#5130 = LINE('',#5131,#5132);
#5131 = CARTESIAN_POINT('',(1.233859167124,41.212960938951,17.));
#5132 = VECTOR('',#5133,1.);
#5133 = DIRECTION('',(0.,0.,1.));
#5134 = ORIENTED_EDGE('',*,*,#1197,.F.);
#5135 = PLANE('',#5136);
#5136 = AXIS2_PLACEMENT_3D('',#5137,#5138,#5139);
#5137 = CARTESIAN_POINT('',(1.188620320987,41.881977848822,17.));
#5138 = DIRECTION('',(0.997721586092,6.74658183596E-02,0.));
#5139 = DIRECTION('',(6.74658183596E-02,-0.997721586092,0.));
#5140 = ADVANCED_FACE('',(#5141),#5152,.F.);
#5141 = FACE_BOUND('',#5142,.F.);
#5142 = EDGE_LOOP('',(#5143,#5144,#5145,#5151));
#5143 = ORIENTED_EDGE('',*,*,#5129,.T.);
#5144 = ORIENTED_EDGE('',*,*,#2627,.T.);
#5145 = ORIENTED_EDGE('',*,*,#5146,.F.);
#5146 = EDGE_CURVE('',#1206,#2628,#5147,.T.);
#5147 = LINE('',#5148,#5149);
#5148 = CARTESIAN_POINT('',(2.72165155253,38.272956289182,17.));
#5149 = VECTOR('',#5150,1.);
#5150 = DIRECTION('',(0.,0.,1.));
#5151 = ORIENTED_EDGE('',*,*,#1205,.F.);
#5152 = SURFACE_OF_LINEAR_EXTRUSION('',#5153,#5159);
#5153 = B_SPLINE_CURVE_WITH_KNOTS('',4,(#5154,#5155,#5156,#5157,#5158),
  .UNSPECIFIED.,.F.,.F.,(5,5),(0.,1.),.PIECEWISE_BEZIER_KNOTS.);
#5154 = CARTESIAN_POINT('',(1.233859167124,41.212960938951,17.));
#5155 = CARTESIAN_POINT('',(1.254906536719,41.063282007858,17.));
#5156 = CARTESIAN_POINT('',(1.359492447373,40.467332653278,17.));
#5157 = CARTESIAN_POINT('',(1.78017660993,39.461627349688,17.));
#5158 = CARTESIAN_POINT('',(2.72165155253,38.272956289182,17.));
#5159 = VECTOR('',#5160,1.);
#5160 = DIRECTION('',(0.,-0.,-1.));
#5161 = ADVANCED_FACE('',(#5162),#5173,.T.);
#5162 = FACE_BOUND('',#5163,.F.);
#5163 = EDGE_LOOP('',(#5164,#5165,#5166,#5172));
#5164 = ORIENTED_EDGE('',*,*,#5146,.T.);
#5165 = ORIENTED_EDGE('',*,*,#2637,.T.);
#5166 = ORIENTED_EDGE('',*,*,#5167,.F.);
#5167 = EDGE_CURVE('',#1216,#2638,#5168,.T.);
#5168 = LINE('',#5169,#5170);
#5169 = CARTESIAN_POINT('',(4.127302929648,38.495520279514,17.));
#5170 = VECTOR('',#5171,1.);
#5171 = DIRECTION('',(0.,0.,1.));
#5172 = ORIENTED_EDGE('',*,*,#1215,.F.);
#5173 = CYLINDRICAL_SURFACE('',#5174,21.896969596775);
#5174 = AXIS2_PLACEMENT_3D('',#5175,#5176,#5177);
#5175 = CARTESIAN_POINT('',(1.885562422728E-03,60.000361805744,17.));
#5176 = DIRECTION('',(0.,-0.,-1.));
#5177 = DIRECTION('',(0.124207415007,-0.992256276401,0.));
#5178 = ADVANCED_FACE('',(#5179),#5190,.F.);
#5179 = FACE_BOUND('',#5180,.F.);
#5180 = EDGE_LOOP('',(#5181,#5182,#5183,#5189));
#5181 = ORIENTED_EDGE('',*,*,#5167,.T.);
#5182 = ORIENTED_EDGE('',*,*,#2646,.T.);
#5183 = ORIENTED_EDGE('',*,*,#5184,.F.);
#5184 = EDGE_CURVE('',#1225,#2647,#5185,.T.);
#5185 = LINE('',#5186,#5187);
#5186 = CARTESIAN_POINT('',(4.632044542766,41.751180627791,17.));
#5187 = VECTOR('',#5188,1.);
#5188 = DIRECTION('',(0.,0.,1.));
#5189 = ORIENTED_EDGE('',*,*,#1224,.F.);
#5190 = SURFACE_OF_LINEAR_EXTRUSION('',#5191,#5197);
#5191 = B_SPLINE_CURVE_WITH_KNOTS('',4,(#5192,#5193,#5194,#5195,#5196),
  .UNSPECIFIED.,.F.,.F.,(5,5),(0.,1.),.PIECEWISE_BEZIER_KNOTS.);
#5192 = CARTESIAN_POINT('',(4.127302929648,38.495520279514,17.));
#5193 = CARTESIAN_POINT('',(4.653657620722,39.916742031365,17.));
#5194 = CARTESIAN_POINT('',(4.742972004681,41.003223169312,17.));
#5195 = CARTESIAN_POINT('',(4.65828063817,41.602323510131,17.));
#5196 = CARTESIAN_POINT('',(4.632044542766,41.751180627791,17.));
#5197 = VECTOR('',#5198,1.);
#5198 = DIRECTION('',(0.,-0.,-1.));
#5199 = ADVANCED_FACE('',(#5200),#5211,.F.);
#5200 = FACE_BOUND('',#5201,.F.);
#5201 = EDGE_LOOP('',(#5202,#5203,#5204,#5210));
#5202 = ORIENTED_EDGE('',*,*,#5184,.T.);
#5203 = ORIENTED_EDGE('',*,*,#2656,.T.);
#5204 = ORIENTED_EDGE('',*,*,#5205,.F.);
#5205 = EDGE_CURVE('',#1235,#2657,#5206,.T.);
#5206 = LINE('',#5207,#5208);
#5207 = CARTESIAN_POINT('',(4.4683316475,42.401433091698,17.));
#5208 = VECTOR('',#5209,1.);
#5209 = DIRECTION('',(0.,0.,1.));
#5210 = ORIENTED_EDGE('',*,*,#1234,.F.);
#5211 = PLANE('',#5212);
#5212 = AXIS2_PLACEMENT_3D('',#5213,#5214,#5215);
#5213 = CARTESIAN_POINT('',(4.632044542766,41.751180627791,17.));
#5214 = DIRECTION('',(-0.969737700313,-0.244149119579,0.));
#5215 = DIRECTION('',(-0.244149119579,0.969737700313,0.));
#5216 = ADVANCED_FACE('',(#5217),#5228,.F.);
#5217 = FACE_BOUND('',#5218,.F.);
#5218 = EDGE_LOOP('',(#5219,#5220,#5221,#5227));
#5219 = ORIENTED_EDGE('',*,*,#5205,.T.);
#5220 = ORIENTED_EDGE('',*,*,#2664,.T.);
#5221 = ORIENTED_EDGE('',*,*,#5222,.F.);
#5222 = EDGE_CURVE('',#1243,#2665,#5223,.T.);
#5223 = LINE('',#5224,#5225);
#5224 = CARTESIAN_POINT('',(4.982730432002,43.331858274152,17.));
#5225 = VECTOR('',#5226,1.);
#5226 = DIRECTION('',(0.,0.,1.));
#5227 = ORIENTED_EDGE('',*,*,#1242,.F.);
#5228 = CYLINDRICAL_SURFACE('',#5229,0.76);
#5229 = AXIS2_PLACEMENT_3D('',#5230,#5231,#5232);
#5230 = CARTESIAN_POINT('',(5.200882772805,42.603840722027,17.));
#5231 = DIRECTION('',(0.,0.,-1.));
#5232 = DIRECTION('',(-0.963883059611,-0.26632582938,-0.));
#5233 = ADVANCED_FACE('',(#5234),#5245,.T.);
#5234 = FACE_BOUND('',#5235,.F.);
#5235 = EDGE_LOOP('',(#5236,#5237,#5238,#5244));
#5236 = ORIENTED_EDGE('',*,*,#5222,.T.);
#5237 = ORIENTED_EDGE('',*,*,#2673,.T.);
#5238 = ORIENTED_EDGE('',*,*,#5239,.F.);
#5239 = EDGE_CURVE('',#1252,#2674,#5240,.T.);
#5240 = LINE('',#5241,#5242);
#5241 = CARTESIAN_POINT('',(5.766174291695,43.586414615059,17.));
#5242 = VECTOR('',#5243,1.);
#5243 = DIRECTION('',(0.,0.,1.));
#5244 = ORIENTED_EDGE('',*,*,#1251,.F.);
#5245 = CYLINDRICAL_SURFACE('',#5246,17.39696959679);
#5246 = AXIS2_PLACEMENT_3D('',#5247,#5248,#5249);
#5247 = CARTESIAN_POINT('',(-6.074849513271E-12,60.000000000019,17.));
#5248 = DIRECTION('',(0.,0.,-1.));
#5249 = DIRECTION('',(0.286413700058,-0.958106044454,0.));
#5250 = ADVANCED_FACE('',(#5251),#5262,.F.);
#5251 = FACE_BOUND('',#5252,.F.);
#5252 = EDGE_LOOP('',(#5253,#5254,#5255,#5261));
#5253 = ORIENTED_EDGE('',*,*,#5239,.T.);
#5254 = ORIENTED_EDGE('',*,*,#2682,.T.);
#5255 = ORIENTED_EDGE('',*,*,#5256,.F.);
#5256 = EDGE_CURVE('',#1261,#2683,#5257,.T.);
#5257 = LINE('',#5258,#5259);
#5258 = CARTESIAN_POINT('',(6.729221850851,43.136040849786,17.));
#5259 = VECTOR('',#5260,1.);
#5260 = DIRECTION('',(0.,0.,1.));
#5261 = ORIENTED_EDGE('',*,*,#1260,.F.);
#5262 = CYLINDRICAL_SURFACE('',#5263,0.76);
#5263 = AXIS2_PLACEMENT_3D('',#5264,#5265,#5266);
#5264 = CARTESIAN_POINT('',(6.017603321173,42.86920931451,17.));
#5265 = DIRECTION('',(0.,0.,-1.));
#5266 = DIRECTION('',(-0.330827670365,0.943691184933,0.));
#5267 = ADVANCED_FACE('',(#5268),#5279,.F.);
#5268 = FACE_BOUND('',#5269,.F.);
#5269 = EDGE_LOOP('',(#5270,#5271,#5272,#5278));
#5270 = ORIENTED_EDGE('',*,*,#5256,.T.);
#5271 = ORIENTED_EDGE('',*,*,#2691,.T.);
#5272 = ORIENTED_EDGE('',*,*,#5273,.F.);
#5273 = EDGE_CURVE('',#1270,#2692,#5274,.T.);
#5274 = LINE('',#5275,#5276);
#5275 = CARTESIAN_POINT('',(6.978984144934,42.513747530404,17.));
#5276 = VECTOR('',#5277,1.);
#5277 = DIRECTION('',(0.,0.,1.));
#5278 = ORIENTED_EDGE('',*,*,#1269,.F.);
#5279 = PLANE('',#5280);
#5280 = AXIS2_PLACEMENT_3D('',#5281,#5282,#5283);
#5281 = CARTESIAN_POINT('',(6.729221850851,43.136040849786,17.));
#5282 = DIRECTION('',(0.928041531488,0.372476731935,0.));
#5283 = DIRECTION('',(0.372476731935,-0.928041531488,0.));
#5284 = ADVANCED_FACE('',(#5285),#5296,.F.);
#5285 = FACE_BOUND('',#5286,.F.);
#5286 = EDGE_LOOP('',(#5287,#5288,#5289,#5295));
#5287 = ORIENTED_EDGE('',*,*,#5273,.T.);
#5288 = ORIENTED_EDGE('',*,*,#2699,.T.);
#5289 = ORIENTED_EDGE('',*,*,#5290,.F.);
#5290 = EDGE_CURVE('',#1278,#2700,#5291,.T.);
#5291 = LINE('',#5292,#5293);
#5292 = CARTESIAN_POINT('',(9.302470188289,40.177390081495,17.));
#5293 = VECTOR('',#5294,1.);
#5294 = DIRECTION('',(0.,0.,1.));
#5295 = ORIENTED_EDGE('',*,*,#1277,.F.);
#5296 = SURFACE_OF_LINEAR_EXTRUSION('',#5297,#5303);
#5297 = B_SPLINE_CURVE_WITH_KNOTS('',4,(#5298,#5299,#5300,#5301,#5302),
  .UNSPECIFIED.,.F.,.F.,(5,5),(0.,1.),.PIECEWISE_BEZIER_KNOTS.);
#5298 = CARTESIAN_POINT('',(6.978984144934,42.513747530404,17.));
#5299 = CARTESIAN_POINT('',(7.045254716346,42.377898402528,17.));
#5300 = CARTESIAN_POINT('',(7.328880306538,41.843435709237,17.));
#5301 = CARTESIAN_POINT('',(8.039754750783,41.016951682279,17.));
#5302 = CARTESIAN_POINT('',(9.302470188289,40.177390081495,17.));
#5303 = VECTOR('',#5304,1.);
#5304 = DIRECTION('',(0.,-0.,-1.));
#5305 = ADVANCED_FACE('',(#5306),#5317,.T.);
#5306 = FACE_BOUND('',#5307,.F.);
#5307 = EDGE_LOOP('',(#5308,#5309,#5310,#5316));
#5308 = ORIENTED_EDGE('',*,*,#5290,.T.);
#5309 = ORIENTED_EDGE('',*,*,#2709,.T.);
#5310 = ORIENTED_EDGE('',*,*,#5311,.F.);
#5311 = EDGE_CURVE('',#1288,#2710,#5312,.T.);
#5312 = LINE('',#5313,#5314);
#5313 = CARTESIAN_POINT('',(10.570548034787,40.823431178489,17.));
#5314 = VECTOR('',#5315,1.);
#5315 = DIRECTION('',(0.,0.,1.));
#5316 = ORIENTED_EDGE('',*,*,#1287,.F.);
#5317 = CYLINDRICAL_SURFACE('',#5318,21.89696959677);
#5318 = AXIS2_PLACEMENT_3D('',#5319,#5320,#5321);
#5319 = CARTESIAN_POINT('',(1.681472307698E-03,60.000926768539,17.));
#5320 = DIRECTION('',(0.,0.,-1.));
#5321 = DIRECTION('',(0.424752323598,-0.905309595441,0.));
#5322 = ADVANCED_FACE('',(#5323),#5334,.F.);
#5323 = FACE_BOUND('',#5324,.F.);
#5324 = EDGE_LOOP('',(#5325,#5326,#5327,#5333));
#5325 = ORIENTED_EDGE('',*,*,#5311,.T.);
#5326 = ORIENTED_EDGE('',*,*,#2718,.T.);
#5327 = ORIENTED_EDGE('',*,*,#5328,.F.);
#5328 = EDGE_CURVE('',#1297,#2719,#5329,.T.);
#5329 = LINE('',#5330,#5331);
#5330 = CARTESIAN_POINT('',(10.044531459459,44.075721903784,17.));
#5331 = VECTOR('',#5332,1.);
#5332 = DIRECTION('',(0.,0.,1.));
#5333 = ORIENTED_EDGE('',*,*,#1296,.F.);
#5334 = SURFACE_OF_LINEAR_EXTRUSION('',#5335,#5341);
#5335 = B_SPLINE_CURVE_WITH_KNOTS('',4,(#5336,#5337,#5338,#5339,#5340),
  .UNSPECIFIED.,.F.,.F.,(5,5),(0.,1.),.PIECEWISE_BEZIER_KNOTS.);
#5336 = CARTESIAN_POINT('',(10.570548034787,40.823431178489,17.));
#5337 = CARTESIAN_POINT('',(10.631959419518,42.337745931298,17.));
#5338 = CARTESIAN_POINT('',(10.381161310689,43.39865055986,17.));
#5339 = CARTESIAN_POINT('',(10.115482848045,43.942257771382,17.));
#5340 = CARTESIAN_POINT('',(10.044531459459,44.075721903784,17.));
#5341 = VECTOR('',#5342,1.);
#5342 = DIRECTION('',(0.,-0.,-1.));
#5343 = ADVANCED_FACE('',(#5344),#5355,.F.);
#5344 = FACE_BOUND('',#5345,.F.);
#5345 = EDGE_LOOP('',(#5346,#5347,#5348,#5354));
#5346 = ORIENTED_EDGE('',*,*,#5328,.T.);
#5347 = ORIENTED_EDGE('',*,*,#2728,.T.);
#5348 = ORIENTED_EDGE('',*,*,#5349,.F.);
#5349 = EDGE_CURVE('',#1307,#2729,#5350,.T.);
#5350 = LINE('',#5351,#5352);
#5351 = CARTESIAN_POINT('',(9.687892181633,44.643558679984,17.));
#5352 = VECTOR('',#5353,1.);
#5353 = DIRECTION('',(0.,0.,1.));
#5354 = ORIENTED_EDGE('',*,*,#1306,.F.);
#5355 = PLANE('',#5356);
#5356 = AXIS2_PLACEMENT_3D('',#5357,#5358,#5359);
#5357 = CARTESIAN_POINT('',(10.044531459459,44.075721903784,17.));
#5358 = DIRECTION('',(-0.846829131868,-0.531865040606,0.));
#5359 = DIRECTION('',(-0.531865040606,0.846829131868,0.));
#5360 = ADVANCED_FACE('',(#5361),#5372,.F.);
#5361 = FACE_BOUND('',#5362,.F.);
#5362 = EDGE_LOOP('',(#5363,#5364,#5365,#5371));
#5363 = ORIENTED_EDGE('',*,*,#5349,.T.);
#5364 = ORIENTED_EDGE('',*,*,#2736,.T.);
#5365 = ORIENTED_EDGE('',*,*,#5366,.F.);
#5366 = EDGE_CURVE('',#1315,#2737,#5367,.T.);
#5367 = LINE('',#5368,#5369);
#5368 = CARTESIAN_POINT('',(9.889597304235,45.687403578979,17.));
#5369 = VECTOR('',#5370,1.);
#5370 = DIRECTION('',(0.,0.,1.));
#5371 = ORIENTED_EDGE('',*,*,#1314,.F.);
#5372 = CYLINDRICAL_SURFACE('',#5373,0.76);
#5373 = AXIS2_PLACEMENT_3D('',#5374,#5375,#5376);
#5374 = CARTESIAN_POINT('',(10.32204230531,45.062430522724,17.));
#5375 = DIRECTION('',(0.,0.,-1.));
#5376 = DIRECTION('',(-0.83440805747,-0.5511471615,-0.));
#5377 = ADVANCED_FACE('',(#5378),#5389,.T.);
#5378 = FACE_BOUND('',#5379,.F.);
#5379 = EDGE_LOOP('',(#5380,#5381,#5382,#5388));
#5380 = ORIENTED_EDGE('',*,*,#5366,.T.);
#5381 = ORIENTED_EDGE('',*,*,#2745,.T.);
#5382 = ORIENTED_EDGE('',*,*,#5383,.F.);
#5383 = EDGE_CURVE('',#1324,#2746,#5384,.T.);
#5384 = LINE('',#5385,#5386);
#5385 = CARTESIAN_POINT('',(10.556034456782,46.171598512547,17.));
#5386 = VECTOR('',#5387,1.);
#5387 = DIRECTION('',(0.,0.,1.));
#5388 = ORIENTED_EDGE('',*,*,#1323,.F.);
#5389 = CYLINDRICAL_SURFACE('',#5390,17.396969596789);
#5390 = AXIS2_PLACEMENT_3D('',#5391,#5392,#5393);
#5391 = CARTESIAN_POINT('',(-1.109774842008E-11,60.000000000015,17.));
#5392 = DIRECTION('',(0.,0.,-1.));
#5393 = DIRECTION('',(0.568466665946,-0.82270629614,0.));
#5394 = ADVANCED_FACE('',(#5395),#5406,.F.);
#5395 = FACE_BOUND('',#5396,.F.);
#5396 = EDGE_LOOP('',(#5397,#5398,#5399,#5405));
#5397 = ORIENTED_EDGE('',*,*,#5383,.T.);
#5398 = ORIENTED_EDGE('',*,*,#2754,.T.);
#5399 = ORIENTED_EDGE('',*,*,#5400,.F.);
#5400 = EDGE_CURVE('',#1333,#2755,#5401,.T.);
#5401 = LINE('',#5402,#5403);
#5402 = CARTESIAN_POINT('',(11.611120260709,46.040865670486,17.));
#5403 = VECTOR('',#5404,1.);
#5404 = DIRECTION('',(0.,0.,1.));
#5405 = ORIENTED_EDGE('',*,*,#1332,.F.);
#5406 = CYLINDRICAL_SURFACE('',#5407,0.76);
#5407 = AXIS2_PLACEMENT_3D('',#5408,#5409,#5410);
#5408 = CARTESIAN_POINT('',(11.016786299977,45.567191580926,17.));
#5409 = DIRECTION('',(0.,0.,-1.));
#5410 = DIRECTION('',(-0.606252425258,0.795272278449,0.));
#5411 = ADVANCED_FACE('',(#5412),#5423,.F.);
#5412 = FACE_BOUND('',#5413,.F.);
#5413 = EDGE_LOOP('',(#5414,#5415,#5416,#5422));
#5414 = ORIENTED_EDGE('',*,*,#5400,.T.);
#5415 = ORIENTED_EDGE('',*,*,#2763,.T.);
#5416 = ORIENTED_EDGE('',*,*,#5417,.F.);
#5417 = EDGE_CURVE('',#1342,#2764,#5418,.T.);
#5418 = LINE('',#5419,#5420);
#5419 = CARTESIAN_POINT('',(12.040957529196,45.526210347467,17.));
#5420 = VECTOR('',#5421,1.);
#5421 = DIRECTION('',(0.,0.,1.));
#5422 = ORIENTED_EDGE('',*,*,#1341,.F.);
#5423 = PLANE('',#5424);
#5424 = AXIS2_PLACEMENT_3D('',#5425,#5426,#5427);
#5425 = CARTESIAN_POINT('',(11.611120260709,46.040865670486,17.));
#5426 = DIRECTION('',(0.767518305737,0.641027027791,0.));
#5427 = DIRECTION('',(0.641027027791,-0.767518305737,0.));
#5428 = ADVANCED_FACE('',(#5429),#5440,.F.);
#5429 = FACE_BOUND('',#5430,.F.);
#5430 = EDGE_LOOP('',(#5431,#5432,#5433,#5439));
#5431 = ORIENTED_EDGE('',*,*,#5417,.T.);
#5432 = ORIENTED_EDGE('',*,*,#2771,.T.);
#5433 = ORIENTED_EDGE('',*,*,#5434,.F.);
#5434 = EDGE_CURVE('',#1350,#2772,#5435,.T.);
#5435 = LINE('',#5436,#5437);
#5436 = CARTESIAN_POINT('',(14.972698227897,44.022199044877,17.));
#5437 = VECTOR('',#5438,1.);
#5438 = DIRECTION('',(0.,0.,1.));
#5439 = ORIENTED_EDGE('',*,*,#1349,.F.);
#5440 = SURFACE_OF_LINEAR_EXTRUSION('',#5441,#5447);
#5441 = B_SPLINE_CURVE_WITH_KNOTS('',4,(#5442,#5443,#5444,#5445,#5446),
  .UNSPECIFIED.,.F.,.F.,(5,5),(0.,1.),.PIECEWISE_BEZIER_KNOTS.);
#5442 = CARTESIAN_POINT('',(12.040957529196,45.526210347467,17.));
#5443 = CARTESIAN_POINT('',(12.145964277161,45.41748888196,17.));
#5444 = CARTESIAN_POINT('',(12.580866297987,44.996829782198,17.));
#5445 = CARTESIAN_POINT('',(13.512345680363,44.430469046885,17.));
#5446 = CARTESIAN_POINT('',(14.972698227897,44.022199044877,17.));
#5447 = VECTOR('',#5448,1.);
#5448 = DIRECTION('',(0.,-0.,-1.));
#5449 = ADVANCED_FACE('',(#5450),#5461,.T.);
#5450 = FACE_BOUND('',#5451,.F.);
#5451 = EDGE_LOOP('',(#5452,#5453,#5454,#5460));
#5452 = ORIENTED_EDGE('',*,*,#5434,.T.);
#5453 = ORIENTED_EDGE('',*,*,#2781,.T.);
#5454 = ORIENTED_EDGE('',*,*,#5455,.F.);
#5455 = EDGE_CURVE('',#1360,#2782,#5456,.T.);
#5456 = LINE('',#5457,#5458);
#5457 = CARTESIAN_POINT('',(15.979074248943,45.028478244726,17.));
#5458 = VECTOR('',#5459,1.);
#5459 = DIRECTION('',(0.,0.,1.));
#5460 = ORIENTED_EDGE('',*,*,#1359,.F.);
#5461 = CYLINDRICAL_SURFACE('',#5462,21.896969596772);
#5462 = AXIS2_PLACEMENT_3D('',#5463,#5464,#5465);
#5463 = CARTESIAN_POINT('',(1.312787965428E-03,60.001401012778,17.));
#5464 = DIRECTION('',(0.,0.,-1.));
#5465 = DIRECTION('',(0.683719515331,-0.729744903617,0.));
#5466 = ADVANCED_FACE('',(#5467),#5478,.F.);
#5467 = FACE_BOUND('',#5468,.F.);
#5468 = EDGE_LOOP('',(#5469,#5470,#5471,#5477));
#5469 = ORIENTED_EDGE('',*,*,#5455,.T.);
#5470 = ORIENTED_EDGE('',*,*,#2790,.T.);
#5471 = ORIENTED_EDGE('',*,*,#5472,.F.);
#5472 = EDGE_CURVE('',#1369,#2791,#5473,.T.);
#5473 = LINE('',#5474,#5475);
#5474 = CARTESIAN_POINT('',(14.473789652533,47.959042470804,17.));
#5475 = VECTOR('',#5476,1.);
#5476 = DIRECTION('',(0.,0.,1.));
#5477 = ORIENTED_EDGE('',*,*,#1368,.F.);
#5478 = SURFACE_OF_LINEAR_EXTRUSION('',#5479,#5485);
#5479 = B_SPLINE_CURVE_WITH_KNOTS('',4,(#5480,#5481,#5482,#5483,#5484),
  .UNSPECIFIED.,.F.,.F.,(5,5),(0.,1.),.PIECEWISE_BEZIER_KNOTS.);
#5480 = CARTESIAN_POINT('',(15.979074248943,45.028478244726,17.));
#5481 = CARTESIAN_POINT('',(15.569530953115,46.487654319637,17.));
#5482 = CARTESIAN_POINT('',(15.003170217802,47.419133702013,17.));
#5483 = CARTESIAN_POINT('',(14.58251111804,47.854035722839,17.));
#5484 = CARTESIAN_POINT('',(14.473789652533,47.959042470804,17.));
#5485 = VECTOR('',#5486,1.);
#5486 = DIRECTION('',(0.,-0.,-1.));
#5487 = ADVANCED_FACE('',(#5488),#5499,.F.);
#5488 = FACE_BOUND('',#5489,.F.);
#5489 = EDGE_LOOP('',(#5490,#5491,#5492,#5498));
#5490 = ORIENTED_EDGE('',*,*,#5472,.T.);
#5491 = ORIENTED_EDGE('',*,*,#2800,.T.);
#5492 = ORIENTED_EDGE('',*,*,#5493,.F.);
#5493 = EDGE_CURVE('',#1379,#2801,#5494,.T.);
#5494 = LINE('',#5495,#5496);
#5495 = CARTESIAN_POINT('',(13.959134329514,48.388879739291,17.));
#5496 = VECTOR('',#5497,1.);
#5497 = DIRECTION('',(0.,0.,1.));
#5498 = ORIENTED_EDGE('',*,*,#1378,.F.);
#5499 = PLANE('',#5500);
#5500 = AXIS2_PLACEMENT_3D('',#5501,#5502,#5503);
#5501 = CARTESIAN_POINT('',(14.473789652533,47.959042470804,17.));
#5502 = DIRECTION('',(-0.641027027791,-0.767518305737,0.));
#5503 = DIRECTION('',(-0.767518305737,0.641027027791,0.));
#5504 = ADVANCED_FACE('',(#5505),#5516,.F.);
#5505 = FACE_BOUND('',#5506,.F.);
#5506 = EDGE_LOOP('',(#5507,#5508,#5509,#5515));
#5507 = ORIENTED_EDGE('',*,*,#5493,.T.);
#5508 = ORIENTED_EDGE('',*,*,#2808,.T.);
#5509 = ORIENTED_EDGE('',*,*,#5510,.F.);
#5510 = EDGE_CURVE('',#1387,#2809,#5511,.T.);
#5511 = LINE('',#5512,#5513);
#5512 = CARTESIAN_POINT('',(13.828401487453,49.443965543218,17.));
#5513 = VECTOR('',#5514,1.);
#5514 = DIRECTION('',(0.,0.,1.));
#5515 = ORIENTED_EDGE('',*,*,#1386,.F.);
#5516 = CYLINDRICAL_SURFACE('',#5517,0.76);
#5517 = AXIS2_PLACEMENT_3D('',#5518,#5519,#5520);
#5518 = CARTESIAN_POINT('',(14.432808419074,48.983213700023,17.));
#5519 = DIRECTION('',(0.,0.,-1.));
#5520 = DIRECTION('',(-0.623255381001,-0.782018369384,-0.));
#5521 = ADVANCED_FACE('',(#5522),#5533,.T.);
#5522 = FACE_BOUND('',#5523,.F.);
#5523 = EDGE_LOOP('',(#5524,#5525,#5526,#5532));
#5524 = ORIENTED_EDGE('',*,*,#5510,.T.);
#5525 = ORIENTED_EDGE('',*,*,#2817,.T.);
#5526 = ORIENTED_EDGE('',*,*,#5527,.F.);
#5527 = EDGE_CURVE('',#1396,#2818,#5528,.T.);
#5528 = LINE('',#5529,#5530);
#5529 = CARTESIAN_POINT('',(14.312596421021,50.110402695765,17.));
#5530 = VECTOR('',#5531,1.);
#5531 = DIRECTION('',(0.,0.,1.));
#5532 = ORIENTED_EDGE('',*,*,#1395,.F.);
#5533 = CYLINDRICAL_SURFACE('',#5534,17.396969596769);
#5534 = AXIS2_PLACEMENT_3D('',#5535,#5536,#5537);
#5535 = CARTESIAN_POINT('',(9.784201230895E-13,59.999999999999,17.));
#5536 = DIRECTION('',(0.,0.,-1.));
#5537 = DIRECTION('',(0.794874153831,-0.606774323428,0.));
#5538 = ADVANCED_FACE('',(#5539),#5550,.F.);
#5539 = FACE_BOUND('',#5540,.F.);
#5540 = EDGE_LOOP('',(#5541,#5542,#5543,#5549));
#5541 = ORIENTED_EDGE('',*,*,#5527,.T.);
#5542 = ORIENTED_EDGE('',*,*,#2826,.T.);
#5543 = ORIENTED_EDGE('',*,*,#5544,.F.);
#5544 = EDGE_CURVE('',#1405,#2827,#5545,.T.);
#5545 = LINE('',#5546,#5547);
#5546 = CARTESIAN_POINT('',(15.356441320016,50.312107818367,17.));
#5547 = VECTOR('',#5548,1.);
#5548 = DIRECTION('',(0.,0.,1.));
#5549 = ORIENTED_EDGE('',*,*,#1404,.F.);
#5550 = CYLINDRICAL_SURFACE('',#5551,0.76);
#5551 = AXIS2_PLACEMENT_3D('',#5552,#5553,#5554);
#5552 = CARTESIAN_POINT('',(14.937569477276,49.67795769469,17.));
#5553 = DIRECTION('',(0.,0.,-1.));
#5554 = DIRECTION('',(-0.822332968757,0.569006580362,0.));
#5555 = ADVANCED_FACE('',(#5556),#5567,.F.);
#5556 = FACE_BOUND('',#5557,.F.);
#5557 = EDGE_LOOP('',(#5558,#5559,#5560,#5566));
#5558 = ORIENTED_EDGE('',*,*,#5544,.T.);
#5559 = ORIENTED_EDGE('',*,*,#2835,.T.);
#5560 = ORIENTED_EDGE('',*,*,#5561,.F.);
#5561 = EDGE_CURVE('',#1414,#2836,#5562,.T.);
#5562 = LINE('',#5563,#5564);
#5563 = CARTESIAN_POINT('',(15.924278096216,49.955468540541,17.));
#5564 = VECTOR('',#5565,1.);
#5565 = DIRECTION('',(0.,0.,1.));
#5566 = ORIENTED_EDGE('',*,*,#1413,.F.);
#5567 = PLANE('',#5568);
#5568 = AXIS2_PLACEMENT_3D('',#5569,#5570,#5571);
#5569 = CARTESIAN_POINT('',(15.356441320016,50.312107818367,17.));
#5570 = DIRECTION('',(0.531865040606,0.846829131868,0.));
#5571 = DIRECTION('',(0.846829131868,-0.531865040606,0.));
#5572 = ADVANCED_FACE('',(#5573),#5584,.F.);
#5573 = FACE_BOUND('',#5574,.F.);
#5574 = EDGE_LOOP('',(#5575,#5576,#5577,#5583));
#5575 = ORIENTED_EDGE('',*,*,#5561,.T.);
#5576 = ORIENTED_EDGE('',*,*,#2843,.T.);
#5577 = ORIENTED_EDGE('',*,*,#5578,.F.);
#5578 = EDGE_CURVE('',#1422,#2844,#5579,.T.);
#5579 = LINE('',#5580,#5581);
#5580 = CARTESIAN_POINT('',(19.177294244035,49.431026489631,17.));
#5581 = VECTOR('',#5582,1.);
#5582 = DIRECTION('',(0.,0.,1.));
#5583 = ORIENTED_EDGE('',*,*,#1421,.F.);
#5584 = SURFACE_OF_LINEAR_EXTRUSION('',#5585,#5591);
#5585 = B_SPLINE_CURVE_WITH_KNOTS('',4,(#5586,#5587,#5588,#5589,#5590),
  .UNSPECIFIED.,.F.,.F.,(5,5),(0.,1.),.PIECEWISE_BEZIER_KNOTS.);
#5586 = CARTESIAN_POINT('',(15.924278096216,49.955468540541,17.));
#5587 = CARTESIAN_POINT('',(16.057742228618,49.884517151955,17.));
#5588 = CARTESIAN_POINT('',(16.60134944014,49.618838689311,17.));
#5589 = CARTESIAN_POINT('',(17.662254068702,49.368040580482,17.));
#5590 = CARTESIAN_POINT('',(19.177294244035,49.431026489631,17.));
#5591 = VECTOR('',#5592,1.);
#5592 = DIRECTION('',(0.,-0.,-1.));
#5593 = ADVANCED_FACE('',(#5594),#5605,.T.);
#5594 = FACE_BOUND('',#5595,.F.);
#5595 = EDGE_LOOP('',(#5596,#5597,#5598,#5604));
#5596 = ORIENTED_EDGE('',*,*,#5578,.T.);
#5597 = ORIENTED_EDGE('',*,*,#2853,.T.);
#5598 = ORIENTED_EDGE('',*,*,#5599,.F.);
#5599 = EDGE_CURVE('',#1432,#2854,#5600,.T.);
#5600 = LINE('',#5601,#5602);
#5601 = CARTESIAN_POINT('',(19.823457342855,50.699042173094,17.));
#5602 = VECTOR('',#5603,1.);
#5603 = DIRECTION('',(0.,0.,1.));
#5604 = ORIENTED_EDGE('',*,*,#1431,.F.);
#5605 = CYLINDRICAL_SURFACE('',#5606,21.896969596774);
#5606 = AXIS2_PLACEMENT_3D('',#5607,#5608,#5609);
#5607 = CARTESIAN_POINT('',(8.155987897368E-04,60.001738116124,17.));
#5608 = DIRECTION('',(0.,0.,-1.));
#5609 = DIRECTION('',(0.87575947715,-0.482747696195,0.));
#5610 = ADVANCED_FACE('',(#5611),#5622,.F.);
#5611 = FACE_BOUND('',#5612,.F.);
#5612 = EDGE_LOOP('',(#5613,#5614,#5615,#5621));
#5613 = ORIENTED_EDGE('',*,*,#5599,.T.);
#5614 = ORIENTED_EDGE('',*,*,#2862,.T.);
#5615 = ORIENTED_EDGE('',*,*,#5616,.F.);
#5616 = EDGE_CURVE('',#1441,#2863,#5617,.T.);
#5617 = LINE('',#5618,#5619);
#5618 = CARTESIAN_POINT('',(17.486252469596,53.021015855066,17.));
#5619 = VECTOR('',#5620,1.);
#5620 = DIRECTION('',(0.,0.,1.));
#5621 = ORIENTED_EDGE('',*,*,#1440,.F.);
#5622 = SURFACE_OF_LINEAR_EXTRUSION('',#5623,#5629);
#5623 = B_SPLINE_CURVE_WITH_KNOTS('',4,(#5624,#5625,#5626,#5627,#5628),
  .UNSPECIFIED.,.F.,.F.,(5,5),(0.,1.),.PIECEWISE_BEZIER_KNOTS.);
#5624 = CARTESIAN_POINT('',(19.823457342855,50.699042173094,17.));
#5625 = CARTESIAN_POINT('',(18.983048317721,51.960245249217,17.));
#5626 = CARTESIAN_POINT('',(18.156564290763,52.671119693462,17.));
#5627 = CARTESIAN_POINT('',(17.622101597472,52.954745283654,17.));
#5628 = CARTESIAN_POINT('',(17.486252469596,53.021015855066,17.));
#5629 = VECTOR('',#5630,1.);
#5630 = DIRECTION('',(0.,-0.,-1.));
#5631 = ADVANCED_FACE('',(#5632),#5643,.F.);
#5632 = FACE_BOUND('',#5633,.F.);
#5633 = EDGE_LOOP('',(#5634,#5635,#5636,#5642));
#5634 = ORIENTED_EDGE('',*,*,#5616,.T.);
#5635 = ORIENTED_EDGE('',*,*,#2872,.T.);
#5636 = ORIENTED_EDGE('',*,*,#5637,.F.);
#5637 = EDGE_CURVE('',#1451,#2873,#5638,.T.);
#5638 = LINE('',#5639,#5640);
#5639 = CARTESIAN_POINT('',(16.863959150214,53.270778149149,17.));
#5640 = VECTOR('',#5641,1.);
#5641 = DIRECTION('',(0.,0.,1.));
#5642 = ORIENTED_EDGE('',*,*,#1450,.F.);
#5643 = PLANE('',#5644);
#5644 = AXIS2_PLACEMENT_3D('',#5645,#5646,#5647);
#5645 = CARTESIAN_POINT('',(17.486252469596,53.021015855066,17.));
#5646 = DIRECTION('',(-0.372476731935,-0.928041531488,0.));
#5647 = DIRECTION('',(-0.928041531488,0.372476731935,0.));
#5648 = ADVANCED_FACE('',(#5649),#5660,.F.);
#5649 = FACE_BOUND('',#5650,.F.);
#5650 = EDGE_LOOP('',(#5651,#5652,#5653,#5659));
#5651 = ORIENTED_EDGE('',*,*,#5637,.T.);
#5652 = ORIENTED_EDGE('',*,*,#2880,.T.);
#5653 = ORIENTED_EDGE('',*,*,#5654,.F.);
#5654 = EDGE_CURVE('',#1459,#2881,#5655,.T.);
#5655 = LINE('',#5656,#5657);
#5656 = CARTESIAN_POINT('',(16.413585384941,54.233825708305,17.));
#5657 = VECTOR('',#5658,1.);
#5658 = DIRECTION('',(0.,0.,1.));
#5659 = ORIENTED_EDGE('',*,*,#1458,.F.);
#5660 = CYLINDRICAL_SURFACE('',#5661,0.76);
#5661 = AXIS2_PLACEMENT_3D('',#5662,#5663,#5664);
#5662 = CARTESIAN_POINT('',(17.13079068549,53.982396678827,17.));
#5663 = DIRECTION('',(0.,0.,-1.));
#5664 = DIRECTION('',(-0.351094125364,-0.93634017063,-0.));
#5665 = ADVANCED_FACE('',(#5666),#5677,.T.);
#5666 = FACE_BOUND('',#5667,.F.);
#5667 = EDGE_LOOP('',(#5668,#5669,#5670,#5676));
#5668 = ORIENTED_EDGE('',*,*,#5654,.T.);
#5669 = ORIENTED_EDGE('',*,*,#2889,.T.);
#5670 = ORIENTED_EDGE('',*,*,#5671,.F.);
#5671 = EDGE_CURVE('',#1468,#2890,#5672,.T.);
#5672 = LINE('',#5673,#5674);
#5673 = CARTESIAN_POINT('',(16.668141725848,55.017269567998,17.));
#5674 = VECTOR('',#5675,1.);
#5675 = DIRECTION('',(0.,0.,1.));
#5676 = ORIENTED_EDGE('',*,*,#1467,.F.);
#5677 = CYLINDRICAL_SURFACE('',#5678,17.396969596782);
#5678 = AXIS2_PLACEMENT_3D('',#5679,#5680,#5681);
#5679 = CARTESIAN_POINT('',(-1.121527099042E-11,60.000000000004,17.));
#5680 = DIRECTION('',(0.,0.,-1.));
#5681 = DIRECTION('',(0.943473821325,-0.331447052294,0.));
#5682 = ADVANCED_FACE('',(#5683),#5694,.F.);
#5683 = FACE_BOUND('',#5684,.F.);
#5684 = EDGE_LOOP('',(#5685,#5686,#5687,#5693));
#5685 = ORIENTED_EDGE('',*,*,#5671,.T.);
#5686 = ORIENTED_EDGE('',*,*,#2898,.T.);
#5687 = ORIENTED_EDGE('',*,*,#5688,.F.);
#5688 = EDGE_CURVE('',#1477,#2899,#5689,.T.);
#5689 = LINE('',#5690,#5691);
#5690 = CARTESIAN_POINT('',(17.598566908302,55.5316683525,17.));
#5691 = VECTOR('',#5692,1.);
#5692 = DIRECTION('',(0.,0.,1.));
#5693 = ORIENTED_EDGE('',*,*,#1476,.F.);
#5694 = CYLINDRICAL_SURFACE('',#5695,0.76);
#5695 = AXIS2_PLACEMENT_3D('',#5696,#5697,#5698);
#5696 = CARTESIAN_POINT('',(17.396159277973,54.799117227195,17.));
#5697 = DIRECTION('',(0.,0.,-1.));
#5698 = DIRECTION('',(-0.957917831744,0.287042553688,0.));
#5699 = ADVANCED_FACE('',(#5700),#5711,.F.);
#5700 = FACE_BOUND('',#5701,.F.);
#5701 = EDGE_LOOP('',(#5702,#5703,#5704,#5710));
#5702 = ORIENTED_EDGE('',*,*,#5688,.T.);
#5703 = ORIENTED_EDGE('',*,*,#2907,.T.);
#5704 = ORIENTED_EDGE('',*,*,#5705,.F.);
#5705 = EDGE_CURVE('',#1486,#2908,#5706,.T.);
#5706 = LINE('',#5707,#5708);
#5707 = CARTESIAN_POINT('',(18.248819372209,55.367955457234,17.));
#5708 = VECTOR('',#5709,1.);
#5709 = DIRECTION('',(0.,0.,1.));
#5710 = ORIENTED_EDGE('',*,*,#1485,.F.);
#5711 = PLANE('',#5712);
#5712 = AXIS2_PLACEMENT_3D('',#5713,#5714,#5715);
#5713 = CARTESIAN_POINT('',(17.598566908302,55.5316683525,17.));
#5714 = DIRECTION('',(0.244149119579,0.969737700313,0.));
#5715 = DIRECTION('',(0.969737700313,-0.244149119579,0.));
#5716 = ADVANCED_FACE('',(#5717),#5728,.F.);
#5717 = FACE_BOUND('',#5718,.F.);
#5718 = EDGE_LOOP('',(#5719,#5720,#5721,#5727));
#5719 = ORIENTED_EDGE('',*,*,#5705,.T.);
#5720 = ORIENTED_EDGE('',*,*,#2915,.T.);
#5721 = ORIENTED_EDGE('',*,*,#5722,.F.);
#5722 = EDGE_CURVE('',#1494,#2916,#5723,.T.);
#5723 = LINE('',#5724,#5725);
#5724 = CARTESIAN_POINT('',(21.504683083502,55.874418699948,17.));
#5725 = VECTOR('',#5726,1.);
#5726 = DIRECTION('',(0.,0.,1.));
#5727 = ORIENTED_EDGE('',*,*,#1493,.F.);
#5728 = SURFACE_OF_LINEAR_EXTRUSION('',#5729,#5735);
#5729 = B_SPLINE_CURVE_WITH_KNOTS('',4,(#5730,#5731,#5732,#5733,#5734),
  .UNSPECIFIED.,.F.,.F.,(5,5),(0.,1.),.PIECEWISE_BEZIER_KNOTS.);
#5730 = CARTESIAN_POINT('',(18.248819372209,55.367955457234,17.));
#5731 = CARTESIAN_POINT('',(18.397676489869,55.34171936183,17.));
#5732 = CARTESIAN_POINT('',(18.996776830688,55.257027995319,17.));
#5733 = CARTESIAN_POINT('',(20.083257968635,55.346342379278,17.));
#5734 = CARTESIAN_POINT('',(21.504683083502,55.874418699948,17.));
#5735 = VECTOR('',#5736,1.);
#5736 = DIRECTION('',(0.,-0.,-1.));
#5737 = ADVANCED_FACE('',(#5738),#5749,.T.);
#5738 = FACE_BOUND('',#5739,.F.);
#5739 = EDGE_LOOP('',(#5740,#5741,#5742,#5748));
#5740 = ORIENTED_EDGE('',*,*,#5722,.T.);
#5741 = ORIENTED_EDGE('',*,*,#2925,.T.);
#5742 = ORIENTED_EDGE('',*,*,#5743,.F.);
#5743 = EDGE_CURVE('',#1504,#2926,#5744,.T.);
#5744 = LINE('',#5745,#5746);
#5745 = CARTESIAN_POINT('',(21.7273823139,57.280048657144,17.));
#5746 = VECTOR('',#5747,1.);
#5747 = DIRECTION('',(0.,0.,1.));
#5748 = ORIENTED_EDGE('',*,*,#1503,.F.);
#5749 = CYLINDRICAL_SURFACE('',#5750,21.896969596778);
#5750 = AXIS2_PLACEMENT_3D('',#5751,#5752,#5753);
#5751 = CARTESIAN_POINT('',(2.385731192415E-04,60.001905080553,17.));
#5752 = DIRECTION('',(0.,0.,-1.));
#5753 = DIRECTION('',(0.982073999571,-0.188495780768,0.));
#5754 = ADVANCED_FACE('',(#5755),#5766,.F.);
#5755 = FACE_BOUND('',#5756,.F.);
#5756 = EDGE_LOOP('',(#5757,#5758,#5759,#5765));
#5757 = ORIENTED_EDGE('',*,*,#5743,.T.);
#5758 = ORIENTED_EDGE('',*,*,#2934,.T.);
#5759 = ORIENTED_EDGE('',*,*,#5760,.F.);
#5760 = EDGE_CURVE('',#1513,#2935,#5761,.T.);
#5761 = LINE('',#5762,#5763);
#5762 = CARTESIAN_POINT('',(18.787039061049,58.766140832876,17.));
#5763 = VECTOR('',#5764,1.);
#5764 = DIRECTION('',(0.,0.,1.));
#5765 = ORIENTED_EDGE('',*,*,#1512,.F.);
#5766 = SURFACE_OF_LINEAR_EXTRUSION('',#5767,#5773);
#5767 = B_SPLINE_CURVE_WITH_KNOTS('',4,(#5768,#5769,#5770,#5771,#5772),
  .UNSPECIFIED.,.F.,.F.,(5,5),(0.,1.),.PIECEWISE_BEZIER_KNOTS.);
#5768 = CARTESIAN_POINT('',(21.7273823139,57.280048657144,17.));
#5769 = CARTESIAN_POINT('',(20.538372650312,58.21982339007,17.));
#5770 = CARTESIAN_POINT('',(19.532667346722,58.640507552627,17.));
#5771 = CARTESIAN_POINT('',(18.936717992142,58.745093463281,17.));
#5772 = CARTESIAN_POINT('',(18.787039061049,58.766140832876,17.));
#5773 = VECTOR('',#5774,1.);
#5774 = DIRECTION('',(0.,-0.,-1.));
#5775 = ADVANCED_FACE('',(#5776),#5787,.F.);
#5776 = FACE_BOUND('',#5777,.F.);
#5777 = EDGE_LOOP('',(#5778,#5779,#5780,#5786));
#5778 = ORIENTED_EDGE('',*,*,#5760,.T.);
#5779 = ORIENTED_EDGE('',*,*,#2944,.T.);
#5780 = ORIENTED_EDGE('',*,*,#5781,.F.);
#5781 = EDGE_CURVE('',#1523,#2945,#5782,.T.);
#5782 = LINE('',#5783,#5784);
#5783 = CARTESIAN_POINT('',(18.118022151178,58.811379679013,17.));
#5784 = VECTOR('',#5785,1.);
#5785 = DIRECTION('',(0.,0.,1.));
#5786 = ORIENTED_EDGE('',*,*,#1522,.F.);
#5787 = PLANE('',#5788);
#5788 = AXIS2_PLACEMENT_3D('',#5789,#5790,#5791);
#5789 = CARTESIAN_POINT('',(18.787039061049,58.766140832876,17.));
#5790 = DIRECTION('',(-6.746581835959E-02,-0.997721586092,0.));
#5791 = DIRECTION('',(-0.997721586092,6.746581835959E-02,0.));
#5792 = ADVANCED_FACE('',(#5793),#5799,.F.);
#5793 = FACE_BOUND('',#5794,.F.);
#5794 = EDGE_LOOP('',(#5795,#5796,#5797,#5798));
#5795 = ORIENTED_EDGE('',*,*,#5781,.T.);
#5796 = ORIENTED_EDGE('',*,*,#2952,.T.);
#5797 = ORIENTED_EDGE('',*,*,#2988,.F.);
#5798 = ORIENTED_EDGE('',*,*,#1530,.F.);
#5799 = CYLINDRICAL_SURFACE('',#5800,0.76);
#5800 = AXIS2_PLACEMENT_3D('',#5801,#5802,#5803);
#5801 = CARTESIAN_POINT('',(18.151891802373,59.570624597816,17.));
#5802 = DIRECTION('',(0.,0.,-1.));
#5803 = DIRECTION('',(-4.456533051997E-02,-0.999006472109,-0.));
#5804 = ADVANCED_FACE('',(#5805),#5824,.T.);
#5805 = FACE_BOUND('',#5806,.T.);
#5806 = EDGE_LOOP('',(#5807,#5816,#5822,#5823));
#5807 = ORIENTED_EDGE('',*,*,#5808,.F.);
#5808 = EDGE_CURVE('',#5809,#5809,#5811,.T.);
#5809 = VERTEX_POINT('',#5810);
#5810 = CARTESIAN_POINT('',(8.889195065356,61.407910185362,39.));
#5811 = CIRCLE('',#5812,9.);
#5812 = AXIS2_PLACEMENT_3D('',#5813,#5814,#5815);
#5813 = CARTESIAN_POINT('',(0.,60.,39.));
#5814 = DIRECTION('',(0.,-0.,1.));
#5815 = DIRECTION('',(0.987688340595,0.15643446504,0.));
#5816 = ORIENTED_EDGE('',*,*,#5817,.F.);
#5817 = EDGE_CURVE('',#2972,#5809,#5818,.T.);
#5818 = LINE('',#5819,#5820);
#5819 = CARTESIAN_POINT('',(8.889195065356,61.407910185362,29.));
#5820 = VECTOR('',#5821,1.);
#5821 = DIRECTION('',(0.,0.,1.));
#5822 = ORIENTED_EDGE('',*,*,#2971,.T.);
#5823 = ORIENTED_EDGE('',*,*,#5817,.T.);
#5824 = CYLINDRICAL_SURFACE('',#5825,9.);
#5825 = AXIS2_PLACEMENT_3D('',#5826,#5827,#5828);
#5826 = CARTESIAN_POINT('',(0.,60.,29.));
#5827 = DIRECTION('',(0.,0.,1.));
#5828 = DIRECTION('',(0.987688340595,0.15643446504,0.));
#5829 = ADVANCED_FACE('',(#5830,#5833),#5844,.T.);
#5830 = FACE_BOUND('',#5831,.T.);
#5831 = EDGE_LOOP('',(#5832));
#5832 = ORIENTED_EDGE('',*,*,#5808,.T.);
#5833 = FACE_BOUND('',#5834,.T.);
#5834 = EDGE_LOOP('',(#5835));
#5835 = ORIENTED_EDGE('',*,*,#5836,.T.);
#5836 = EDGE_CURVE('',#5837,#5837,#5839,.T.);
#5837 = VERTEX_POINT('',#5838);
#5838 = CARTESIAN_POINT('',(-3.35,60.,39.));
#5839 = CIRCLE('',#5840,3.35);
#5840 = AXIS2_PLACEMENT_3D('',#5841,#5842,#5843);
#5841 = CARTESIAN_POINT('',(0.,60.,39.));
#5842 = DIRECTION('',(0.,0.,-1.));
#5843 = DIRECTION('',(-1.,0.,0.));
#5844 = PLANE('',#5845);
#5845 = AXIS2_PLACEMENT_3D('',#5846,#5847,#5848);
#5846 = CARTESIAN_POINT('',(0.,60.,39.));
#5847 = DIRECTION('',(0.,0.,1.));
#5848 = DIRECTION('',(0.987688340595,0.15643446504,0.));
#5849 = ADVANCED_FACE('',(#5850),#5869,.F.);
#5850 = FACE_BOUND('',#5851,.F.);
#5851 = EDGE_LOOP('',(#5852,#5861,#5867,#5868));
#5852 = ORIENTED_EDGE('',*,*,#5853,.F.);
#5853 = EDGE_CURVE('',#5854,#5854,#5856,.T.);
#5854 = VERTEX_POINT('',#5855);
#5855 = CARTESIAN_POINT('',(-3.35,60.,31.99));
#5856 = CIRCLE('',#5857,3.35);
#5857 = AXIS2_PLACEMENT_3D('',#5858,#5859,#5860);
#5858 = CARTESIAN_POINT('',(0.,60.,31.99));
#5859 = DIRECTION('',(0.,0.,-1.));
#5860 = DIRECTION('',(-1.,0.,0.));
#5861 = ORIENTED_EDGE('',*,*,#5862,.F.);
#5862 = EDGE_CURVE('',#5837,#5854,#5863,.T.);
#5863 = LINE('',#5864,#5865);
#5864 = CARTESIAN_POINT('',(-3.35,60.,39.));
#5865 = VECTOR('',#5866,1.);
#5866 = DIRECTION('',(0.,0.,-1.));
#5867 = ORIENTED_EDGE('',*,*,#5836,.T.);
#5868 = ORIENTED_EDGE('',*,*,#5862,.T.);
#5869 = CYLINDRICAL_SURFACE('',#5870,3.35);
#5870 = AXIS2_PLACEMENT_3D('',#5871,#5872,#5873);
#5871 = CARTESIAN_POINT('',(0.,60.,39.));
#5872 = DIRECTION('',(0.,0.,-1.));
#5873 = DIRECTION('',(-1.,0.,0.));
#5874 = ADVANCED_FACE('',(#5875,#5878),#5889,.F.);
#5875 = FACE_BOUND('',#5876,.F.);
#5876 = EDGE_LOOP('',(#5877));
#5877 = ORIENTED_EDGE('',*,*,#5853,.T.);
#5878 = FACE_BOUND('',#5879,.F.);
#5879 = EDGE_LOOP('',(#5880));
#5880 = ORIENTED_EDGE('',*,*,#5881,.F.);
#5881 = EDGE_CURVE('',#5882,#5882,#5884,.T.);
#5882 = VERTEX_POINT('',#5883);
#5883 = CARTESIAN_POINT('',(-1.7,60.,31.99));
#5884 = CIRCLE('',#5885,1.7);
#5885 = AXIS2_PLACEMENT_3D('',#5886,#5887,#5888);
#5886 = CARTESIAN_POINT('',(0.,60.,31.99));
#5887 = DIRECTION('',(0.,0.,-1.));
#5888 = DIRECTION('',(-1.,0.,0.));
#5889 = PLANE('',#5890);
#5890 = AXIS2_PLACEMENT_3D('',#5891,#5892,#5893);
#5891 = CARTESIAN_POINT('',(0.,60.,31.99));
#5892 = DIRECTION('',(0.,0.,-1.));
#5893 = DIRECTION('',(-1.,0.,0.));
#5894 = ADVANCED_FACE('',(#5895),#5914,.F.);
#5895 = FACE_BOUND('',#5896,.F.);
#5896 = EDGE_LOOP('',(#5897,#5898,#5906,#5913));
#5897 = ORIENTED_EDGE('',*,*,#5881,.T.);
#5898 = ORIENTED_EDGE('',*,*,#5899,.T.);
#5899 = EDGE_CURVE('',#5882,#5900,#5902,.T.);
#5900 = VERTEX_POINT('',#5901);
#5901 = CARTESIAN_POINT('',(-1.7,60.,19.99));
#5902 = LINE('',#5903,#5904);
#5903 = CARTESIAN_POINT('',(-1.7,60.,32.01));
#5904 = VECTOR('',#5905,1.);
#5905 = DIRECTION('',(0.,0.,-1.));
#5906 = ORIENTED_EDGE('',*,*,#5907,.F.);
#5907 = EDGE_CURVE('',#5900,#5900,#5908,.T.);
#5908 = CIRCLE('',#5909,1.7);
#5909 = AXIS2_PLACEMENT_3D('',#5910,#5911,#5912);
#5910 = CARTESIAN_POINT('',(0.,60.,19.99));
#5911 = DIRECTION('',(0.,0.,-1.));
#5912 = DIRECTION('',(-1.,0.,0.));
#5913 = ORIENTED_EDGE('',*,*,#5899,.F.);
#5914 = CYLINDRICAL_SURFACE('',#5915,1.7);
#5915 = AXIS2_PLACEMENT_3D('',#5916,#5917,#5918);
#5916 = CARTESIAN_POINT('',(0.,60.,32.01));
#5917 = DIRECTION('',(0.,0.,-1.));
#5918 = DIRECTION('',(-1.,0.,0.));
#5919 = ADVANCED_FACE('',(#5920),#5923,.F.);
#5920 = FACE_BOUND('',#5921,.F.);
#5921 = EDGE_LOOP('',(#5922));
#5922 = ORIENTED_EDGE('',*,*,#5907,.T.);
#5923 = PLANE('',#5924);
#5924 = AXIS2_PLACEMENT_3D('',#5925,#5926,#5927);
#5925 = CARTESIAN_POINT('',(0.,60.,19.99));
#5926 = DIRECTION('',(0.,0.,-1.));
#5927 = DIRECTION('',(-1.,0.,0.));
#5928 = ( GEOMETRIC_REPRESENTATION_CONTEXT(3) 
GLOBAL_UNCERTAINTY_ASSIGNED_CONTEXT((#5932)) 
GLOBAL_UNIT_ASSIGNED_CONTEXT((#5929,#5930,#5931)) REPRESENTATION_CONTEXT
('Context #1','3D Context with UNIT and UNCERTAINTY') );
#5929 = ( LENGTH_UNIT() NAMED_UNIT(*) SI_UNIT(.MILLI.,.METRE.) );
#5930 = ( NAMED_UNIT(*) PLANE_ANGLE_UNIT() SI_UNIT($,.RADIAN.) );
#5931 = ( NAMED_UNIT(*) SI_UNIT($,.STERADIAN.) SOLID_ANGLE_UNIT() );
#5932 = UNCERTAINTY_MEASURE_WITH_UNIT(LENGTH_MEASURE(1.E-07),#5929,
  'distance_accuracy_value','confusion accuracy');
#5933 = PRODUCT_RELATED_PRODUCT_CATEGORY('part',$,(#7));
ENDSEC;
END-ISO-10303-21;
