ISO-10303-21;
HEADER;
FILE_DESCRIPTION(('FreeCAD Model'),'2;1');
FILE_NAME('Open CASCADE Shape Model','2026-09-28T17:52:20',('FreeCAD'),(
    'FreeCAD'),'Open CASCADE STEP processor 7.9','FreeCAD','Unknown');
FILE_SCHEMA(('AUTOMOTIVE_DESIGN { 1 0 10303 214 1 1 1 1 }'));
ENDSEC;
DATA;
#1 = APPLICATION_PROTOCOL_DEFINITION('international standard',
  'automotive_design',2000,#2);
#2 = APPLICATION_CONTEXT(
  'core data for automotive mechanical design processes');
#3 = SHAPE_DEFINITION_REPRESENTATION(#4,#10);
#4 = PRODUCT_DEFINITION_SHAPE('','',#5);
#5 = PRODUCT_DEFINITION('design','',#6,#9);
#6 = PRODUCT_DEFINITION_FORMATION('','',#7);
#7 = PRODUCT('Open CASCADE STEP translator 7.9 2',
  'Open CASCADE STEP translator 7.9 2','',(#8));
#8 = PRODUCT_CONTEXT('',#2,'mechanical');
#9 = PRODUCT_DEFINITION_CONTEXT('part definition',#2,'design');
#10 = ADVANCED_BREP_SHAPE_REPRESENTATION('',(#11,#15),#2554);
#11 = AXIS2_PLACEMENT_3D('',#12,#13,#14);
#12 = CARTESIAN_POINT('',(0.,0.,0.));
#13 = DIRECTION('',(0.,0.,1.));
#14 = DIRECTION('',(1.,0.,-0.));
#15 = MANIFOLD_SOLID_BREP('',#16);
#16 = CLOSED_SHELL('',(#17,#59,#452,#476,#540,#591,#608,#659,#683,#707,
    #731,#756,#815,#839,#863,#922,#947,#971,#995,#1020,#1079,#1103,#1127
    ,#1186,#1211,#1228,#1259,#1283,#1307,#1331,#1355,#1372,#1403,#1427,
    #1451,#1475,#1499,#1516,#1547,#1571,#1595,#1619,#1643,#1660,#1691,
    #1715,#1739,#1763,#1787,#1804,#1848,#1873,#1898,#1942,#1965,#2000,
    #2108,#2132,#2161,#2197,#2214,#2238,#2267,#2284,#2301,#2337,#2354,
    #2371,#2388,#2413,#2430,#2455,#2472,#2489,#2506,#2518,#2530,#2542));
#17 = ADVANCED_FACE('',(#18),#54,.T.);
#18 = FACE_BOUND('',#19,.T.);
#19 = EDGE_LOOP('',(#20,#31,#39,#48));
#20 = ORIENTED_EDGE('',*,*,#21,.T.);
#21 = EDGE_CURVE('',#22,#24,#26,.T.);
#22 = VERTEX_POINT('',#23);
#23 = CARTESIAN_POINT('',(117.38824472663,-12.,75.));
#24 = VERTEX_POINT('',#25);
#25 = CARTESIAN_POINT('',(118.,-2.890166445988E-14,75.));
#26 = CIRCLE('',#27,118.);
#27 = AXIS2_PLACEMENT_3D('',#28,#29,#30);
#28 = CARTESIAN_POINT('',(0.,0.,75.));
#29 = DIRECTION('',(0.,0.,1.));
#30 = DIRECTION('',(1.,0.,0.));
#31 = ORIENTED_EDGE('',*,*,#32,.T.);
#32 = EDGE_CURVE('',#24,#33,#35,.T.);
#33 = VERTEX_POINT('',#34);
#34 = CARTESIAN_POINT('',(118.,-2.890166445988E-14,79.8));
#35 = LINE('',#36,#37);
#36 = CARTESIAN_POINT('',(118.,-2.890166445988E-14,75.));
#37 = VECTOR('',#38,1.);
#38 = DIRECTION('',(0.,0.,1.));
#39 = ORIENTED_EDGE('',*,*,#40,.F.);
#40 = EDGE_CURVE('',#41,#33,#43,.T.);
#41 = VERTEX_POINT('',#42);
#42 = CARTESIAN_POINT('',(117.38824472663,-12.,79.8));
#43 = CIRCLE('',#44,118.);
#44 = AXIS2_PLACEMENT_3D('',#45,#46,#47);
#45 = CARTESIAN_POINT('',(0.,0.,79.8));
#46 = DIRECTION('',(0.,0.,1.));
#47 = DIRECTION('',(1.,0.,0.));
#48 = ORIENTED_EDGE('',*,*,#49,.F.);
#49 = EDGE_CURVE('',#22,#41,#50,.T.);
#50 = LINE('',#51,#52);
#51 = CARTESIAN_POINT('',(117.38824472663,-12.,75.));
#52 = VECTOR('',#53,1.);
#53 = DIRECTION('',(0.,0.,1.));
#54 = CYLINDRICAL_SURFACE('',#55,118.);
#55 = AXIS2_PLACEMENT_3D('',#56,#57,#58);
#56 = CARTESIAN_POINT('',(0.,0.,75.));
#57 = DIRECTION('',(0.,0.,1.));
#58 = DIRECTION('',(1.,0.,0.));
#59 = ADVANCED_FACE('',(#60,#247,#297,#347,#397),#447,.F.);
#60 = FACE_BOUND('',#61,.F.);
#61 = EDGE_LOOP('',(#62,#70,#71,#80,#88,#96,#105,#113,#122,#130,#139,
    #147,#156,#164,#173,#181,#190,#198,#207,#215,#224,#232,#241));
#62 = ORIENTED_EDGE('',*,*,#63,.F.);
#63 = EDGE_CURVE('',#22,#64,#66,.T.);
#64 = VERTEX_POINT('',#65);
#65 = CARTESIAN_POINT('',(92.5,-12.,75.));
#66 = LINE('',#67,#68);
#67 = CARTESIAN_POINT('',(-69.,-12.,75.));
#68 = VECTOR('',#69,1.);
#69 = DIRECTION('',(-1.,0.,0.));
#70 = ORIENTED_EDGE('',*,*,#21,.T.);
#71 = ORIENTED_EDGE('',*,*,#72,.T.);
#72 = EDGE_CURVE('',#24,#73,#75,.T.);
#73 = VERTEX_POINT('',#74);
#74 = CARTESIAN_POINT('',(-117.3882447266,-12.,75.));
#75 = CIRCLE('',#76,118.);
#76 = AXIS2_PLACEMENT_3D('',#77,#78,#79);
#77 = CARTESIAN_POINT('',(0.,0.,75.));
#78 = DIRECTION('',(0.,0.,1.));
#79 = DIRECTION('',(1.,0.,0.));
#80 = ORIENTED_EDGE('',*,*,#81,.F.);
#81 = EDGE_CURVE('',#82,#73,#84,.T.);
#82 = VERTEX_POINT('',#83);
#83 = CARTESIAN_POINT('',(-92.5,-12.,75.));
#84 = LINE('',#85,#86);
#85 = CARTESIAN_POINT('',(-69.,-12.,75.));
#86 = VECTOR('',#87,1.);
#87 = DIRECTION('',(-1.,0.,0.));
#88 = ORIENTED_EDGE('',*,*,#89,.T.);
#89 = EDGE_CURVE('',#82,#90,#92,.T.);
#90 = VERTEX_POINT('',#91);
#91 = CARTESIAN_POINT('',(-92.5,-8.980575505988E-13,75.));
#92 = LINE('',#93,#94);
#93 = CARTESIAN_POINT('',(-92.5,-7.,75.));
#94 = VECTOR('',#95,1.);
#95 = DIRECTION('',(0.,1.,0.));
#96 = ORIENTED_EDGE('',*,*,#97,.F.);
#97 = EDGE_CURVE('',#98,#90,#100,.T.);
#98 = VERTEX_POINT('',#99);
#99 = CARTESIAN_POINT('',(-74.37489168102,54.996595234936,75.));
#100 = CIRCLE('',#101,92.5);
#101 = AXIS2_PLACEMENT_3D('',#102,#103,#104);
#102 = CARTESIAN_POINT('',(0.,0.,75.));
#103 = DIRECTION('',(0.,0.,1.));
#104 = DIRECTION('',(1.,0.,0.));
#105 = ORIENTED_EDGE('',*,*,#106,.T.);
#106 = EDGE_CURVE('',#98,#107,#109,.T.);
#107 = VERTEX_POINT('',#108);
#108 = CARTESIAN_POINT('',(-74.37489168102,72.124891681028,75.));
#109 = LINE('',#110,#111);
#110 = CARTESIAN_POINT('',(-74.37489168102,0.,75.));
#111 = VECTOR('',#112,1.);
#112 = DIRECTION('',(0.,1.,0.));
#113 = ORIENTED_EDGE('',*,*,#114,.F.);
#114 = EDGE_CURVE('',#115,#107,#117,.T.);
#115 = VERTEX_POINT('',#116);
#116 = CARTESIAN_POINT('',(-69.87489168102,72.124891681028,75.));
#117 = CIRCLE('',#118,2.25);
#118 = AXIS2_PLACEMENT_3D('',#119,#120,#121);
#119 = CARTESIAN_POINT('',(-72.12489168102,72.124891681028,75.));
#120 = DIRECTION('',(0.,0.,1.));
#121 = DIRECTION('',(1.,0.,0.));
#122 = ORIENTED_EDGE('',*,*,#123,.F.);
#123 = EDGE_CURVE('',#124,#115,#126,.T.);
#124 = VERTEX_POINT('',#125);
#125 = CARTESIAN_POINT('',(-69.87489168102,60.611463540857,75.));
#126 = LINE('',#127,#128);
#127 = CARTESIAN_POINT('',(-69.87489168102,0.,75.));
#128 = VECTOR('',#129,1.);
#129 = DIRECTION('',(0.,1.,0.));
#130 = ORIENTED_EDGE('',*,*,#131,.F.);
#131 = EDGE_CURVE('',#132,#124,#134,.T.);
#132 = VERTEX_POINT('',#133);
#133 = CARTESIAN_POINT('',(-28.64954260045,87.951428122485,75.));
#134 = CIRCLE('',#135,92.5);
#135 = AXIS2_PLACEMENT_3D('',#136,#137,#138);
#136 = CARTESIAN_POINT('',(0.,0.,75.));
#137 = DIRECTION('',(0.,0.,1.));
#138 = DIRECTION('',(1.,0.,0.));
#139 = ORIENTED_EDGE('',*,*,#140,.T.);
#140 = EDGE_CURVE('',#132,#141,#143,.T.);
#141 = VERTEX_POINT('',#142);
#142 = CARTESIAN_POINT('',(-28.64954260045,98.524434281485,75.));
#143 = LINE('',#144,#145);
#144 = CARTESIAN_POINT('',(-28.64954260045,0.,75.));
#145 = VECTOR('',#146,1.);
#146 = DIRECTION('',(0.,1.,0.));
#147 = ORIENTED_EDGE('',*,*,#148,.F.);
#148 = EDGE_CURVE('',#149,#141,#151,.T.);
#149 = VERTEX_POINT('',#150);
#150 = CARTESIAN_POINT('',(-24.14954260045,98.524434281485,75.));
#151 = CIRCLE('',#152,2.25);
#152 = AXIS2_PLACEMENT_3D('',#153,#154,#155);
#153 = CARTESIAN_POINT('',(-26.39954260045,98.524434281485,75.));
#154 = DIRECTION('',(0.,0.,1.));
#155 = DIRECTION('',(1.,0.,0.));
#156 = ORIENTED_EDGE('',*,*,#157,.F.);
#157 = EDGE_CURVE('',#158,#149,#160,.T.);
#158 = VERTEX_POINT('',#159);
#159 = CARTESIAN_POINT('',(-24.14954260045,89.291934642434,75.));
#160 = LINE('',#161,#162);
#161 = CARTESIAN_POINT('',(-24.14954260045,0.,75.));
#162 = VECTOR('',#163,1.);
#163 = DIRECTION('',(0.,1.,0.));
#164 = ORIENTED_EDGE('',*,*,#165,.F.);
#165 = EDGE_CURVE('',#166,#158,#168,.T.);
#166 = VERTEX_POINT('',#167);
#167 = CARTESIAN_POINT('',(24.149542600457,89.291934642434,75.));
#168 = CIRCLE('',#169,92.5);
#169 = AXIS2_PLACEMENT_3D('',#170,#171,#172);
#170 = CARTESIAN_POINT('',(0.,0.,75.));
#171 = DIRECTION('',(0.,0.,1.));
#172 = DIRECTION('',(1.,0.,0.));
#173 = ORIENTED_EDGE('',*,*,#174,.T.);
#174 = EDGE_CURVE('',#166,#175,#177,.T.);
#175 = VERTEX_POINT('',#176);
#176 = CARTESIAN_POINT('',(24.149542600457,98.524434281485,75.));
#177 = LINE('',#178,#179);
#178 = CARTESIAN_POINT('',(24.149542600457,0.,75.));
#179 = VECTOR('',#180,1.);
#180 = DIRECTION('',(0.,1.,0.));
#181 = ORIENTED_EDGE('',*,*,#182,.F.);
#182 = EDGE_CURVE('',#183,#175,#185,.T.);
#183 = VERTEX_POINT('',#184);
#184 = CARTESIAN_POINT('',(28.649542600457,98.524434281485,75.));
#185 = CIRCLE('',#186,2.25);
#186 = AXIS2_PLACEMENT_3D('',#187,#188,#189);
#187 = CARTESIAN_POINT('',(26.399542600457,98.524434281485,75.));
#188 = DIRECTION('',(0.,0.,1.));
#189 = DIRECTION('',(1.,0.,0.));
#190 = ORIENTED_EDGE('',*,*,#191,.F.);
#191 = EDGE_CURVE('',#192,#183,#194,.T.);
#192 = VERTEX_POINT('',#193);
#193 = CARTESIAN_POINT('',(28.649542600457,87.951428122485,75.));
#194 = LINE('',#195,#196);
#195 = CARTESIAN_POINT('',(28.649542600457,0.,75.));
#196 = VECTOR('',#197,1.);
#197 = DIRECTION('',(0.,1.,0.));
#198 = ORIENTED_EDGE('',*,*,#199,.F.);
#199 = EDGE_CURVE('',#200,#192,#202,.T.);
#200 = VERTEX_POINT('',#201);
#201 = CARTESIAN_POINT('',(69.874891681028,60.611463540857,75.));
#202 = CIRCLE('',#203,92.5);
#203 = AXIS2_PLACEMENT_3D('',#204,#205,#206);
#204 = CARTESIAN_POINT('',(0.,0.,75.));
#205 = DIRECTION('',(0.,0.,1.));
#206 = DIRECTION('',(1.,0.,0.));
#207 = ORIENTED_EDGE('',*,*,#208,.T.);
#208 = EDGE_CURVE('',#200,#209,#211,.T.);
#209 = VERTEX_POINT('',#210);
#210 = CARTESIAN_POINT('',(69.874891681028,72.124891681028,75.));
#211 = LINE('',#212,#213);
#212 = CARTESIAN_POINT('',(69.874891681028,0.,75.));
#213 = VECTOR('',#214,1.);
#214 = DIRECTION('',(0.,1.,0.));
#215 = ORIENTED_EDGE('',*,*,#216,.F.);
#216 = EDGE_CURVE('',#217,#209,#219,.T.);
#217 = VERTEX_POINT('',#218);
#218 = CARTESIAN_POINT('',(74.374891681028,72.124891681028,75.));
#219 = CIRCLE('',#220,2.25);
#220 = AXIS2_PLACEMENT_3D('',#221,#222,#223);
#221 = CARTESIAN_POINT('',(72.124891681028,72.124891681028,75.));
#222 = DIRECTION('',(0.,0.,1.));
#223 = DIRECTION('',(1.,0.,0.));
#224 = ORIENTED_EDGE('',*,*,#225,.F.);
#225 = EDGE_CURVE('',#226,#217,#228,.T.);
#226 = VERTEX_POINT('',#227);
#227 = CARTESIAN_POINT('',(74.374891681028,54.996595234936,75.));
#228 = LINE('',#229,#230);
#229 = CARTESIAN_POINT('',(74.374891681028,0.,75.));
#230 = VECTOR('',#231,1.);
#231 = DIRECTION('',(0.,1.,0.));
#232 = ORIENTED_EDGE('',*,*,#233,.F.);
#233 = EDGE_CURVE('',#234,#226,#236,.T.);
#234 = VERTEX_POINT('',#235);
#235 = CARTESIAN_POINT('',(92.5,-2.265596578423E-14,75.));
#236 = CIRCLE('',#237,92.5);
#237 = AXIS2_PLACEMENT_3D('',#238,#239,#240);
#238 = CARTESIAN_POINT('',(0.,0.,75.));
#239 = DIRECTION('',(0.,0.,1.));
#240 = DIRECTION('',(1.,0.,0.));
#241 = ORIENTED_EDGE('',*,*,#242,.F.);
#242 = EDGE_CURVE('',#64,#234,#243,.T.);
#243 = LINE('',#244,#245);
#244 = CARTESIAN_POINT('',(92.5,-7.,75.));
#245 = VECTOR('',#246,1.);
#246 = DIRECTION('',(0.,1.,0.));
#247 = FACE_BOUND('',#248,.F.);
#248 = EDGE_LOOP('',(#249,#259,#267,#275,#283,#291));
#249 = ORIENTED_EDGE('',*,*,#250,.T.);
#250 = EDGE_CURVE('',#251,#253,#255,.T.);
#251 = VERTEX_POINT('',#252);
#252 = CARTESIAN_POINT('',(-116.2,-3.863804003998,75.));
#253 = VERTEX_POINT('',#254);
#254 = CARTESIAN_POINT('',(-112.5,-1.727608007997,75.));
#255 = LINE('',#256,#257);
#256 = CARTESIAN_POINT('',(-69.93846189432,22.84530747444,75.));
#257 = VECTOR('',#258,1.);
#258 = DIRECTION('',(0.866025403784,0.5,0.));
#259 = ORIENTED_EDGE('',*,*,#260,.T.);
#260 = EDGE_CURVE('',#253,#261,#263,.T.);
#261 = VERTEX_POINT('',#262);
#262 = CARTESIAN_POINT('',(-108.8,-3.863804003998,75.));
#263 = LINE('',#264,#265);
#264 = CARTESIAN_POINT('',(-68.83653810567,-26.93671948643,75.));
#265 = VECTOR('',#266,1.);
#266 = DIRECTION('',(0.866025403784,-0.5,0.));
#267 = ORIENTED_EDGE('',*,*,#268,.T.);
#268 = EDGE_CURVE('',#261,#269,#271,.T.);
#269 = VERTEX_POINT('',#270);
#270 = CARTESIAN_POINT('',(-108.8,-8.136195996002,75.));
#271 = LINE('',#272,#273);
#272 = CARTESIAN_POINT('',(-108.8,-4.068097998001,75.));
#273 = VECTOR('',#274,1.);
#274 = DIRECTION('',(-4.157757159748E-16,-1.,0.));
#275 = ORIENTED_EDGE('',*,*,#276,.T.);
#276 = EDGE_CURVE('',#269,#277,#279,.T.);
#277 = VERTEX_POINT('',#278);
#278 = CARTESIAN_POINT('',(-112.5,-10.272391992,75.));
#279 = LINE('',#280,#281);
#280 = CARTESIAN_POINT('',(-68.08846189432,15.368621488435,75.));
#281 = VECTOR('',#282,1.);
#282 = DIRECTION('',(-0.866025403784,-0.5,0.));
#283 = ORIENTED_EDGE('',*,*,#284,.T.);
#284 = EDGE_CURVE('',#277,#285,#287,.T.);
#285 = VERTEX_POINT('',#286);
#286 = CARTESIAN_POINT('',(-116.2,-8.136195996002,75.));
#287 = LINE('',#288,#289);
#288 = CARTESIAN_POINT('',(-74.38653810567,-32.27720947643,75.));
#289 = VECTOR('',#290,1.);
#290 = DIRECTION('',(-0.866025403784,0.5,0.));
#291 = ORIENTED_EDGE('',*,*,#292,.T.);
#292 = EDGE_CURVE('',#285,#251,#293,.T.);
#293 = LINE('',#294,#295);
#294 = CARTESIAN_POINT('',(-116.2,-1.931902001999,75.));
#295 = VECTOR('',#296,1.);
#296 = DIRECTION('',(-1.039439289937E-16,1.,0.));
#297 = FACE_BOUND('',#298,.F.);
#298 = EDGE_LOOP('',(#299,#309,#317,#325,#333,#341));
#299 = ORIENTED_EDGE('',*,*,#300,.T.);
#300 = EDGE_CURVE('',#301,#303,#305,.T.);
#301 = VERTEX_POINT('',#302);
#302 = CARTESIAN_POINT('',(108.8,-3.863804003998,75.));
#303 = VERTEX_POINT('',#304);
#304 = CARTESIAN_POINT('',(112.5,-1.727608007997,75.));
#305 = LINE('',#306,#307);
#306 = CARTESIAN_POINT('',(70.686538105677,-25.86862148843,75.));
#307 = VECTOR('',#308,1.);
#308 = DIRECTION('',(0.866025403784,0.5,0.));
#309 = ORIENTED_EDGE('',*,*,#310,.T.);
#310 = EDGE_CURVE('',#303,#311,#313,.T.);
#311 = VERTEX_POINT('',#312);
#312 = CARTESIAN_POINT('',(116.2,-3.863804003998,75.));
#313 = LINE('',#314,#315);
#314 = CARTESIAN_POINT('',(71.788461894323,21.777209476439,75.));
#315 = VECTOR('',#316,1.);
#316 = DIRECTION('',(0.866025403784,-0.5,0.));
#317 = ORIENTED_EDGE('',*,*,#318,.T.);
#318 = EDGE_CURVE('',#311,#319,#321,.T.);
#319 = VERTEX_POINT('',#320);
#320 = CARTESIAN_POINT('',(116.2,-8.136195996002,75.));
#321 = LINE('',#322,#323);
#322 = CARTESIAN_POINT('',(116.2,-4.068097998001,75.));
#323 = VECTOR('',#324,1.);
#324 = DIRECTION('',(-4.157757159748E-16,-1.,0.));
#325 = ORIENTED_EDGE('',*,*,#326,.T.);
#326 = EDGE_CURVE('',#319,#327,#329,.T.);
#327 = VERTEX_POINT('',#328);
#328 = CARTESIAN_POINT('',(112.5,-10.272391992,75.));
#329 = LINE('',#330,#331);
#330 = CARTESIAN_POINT('',(72.536538105677,-33.34530747444,75.));
#331 = VECTOR('',#332,1.);
#332 = DIRECTION('',(-0.866025403784,-0.5,0.));
#333 = ORIENTED_EDGE('',*,*,#334,.T.);
#334 = EDGE_CURVE('',#327,#335,#337,.T.);
#335 = VERTEX_POINT('',#336);
#336 = CARTESIAN_POINT('',(108.8,-8.136195996002,75.));
#337 = LINE('',#338,#339);
#338 = CARTESIAN_POINT('',(66.238461894323,16.436719486435,75.));
#339 = VECTOR('',#340,1.);
#340 = DIRECTION('',(-0.866025403784,0.5,0.));
#341 = ORIENTED_EDGE('',*,*,#342,.T.);
#342 = EDGE_CURVE('',#335,#301,#343,.T.);
#343 = LINE('',#344,#345);
#344 = CARTESIAN_POINT('',(108.8,-1.931902001999,75.));
#345 = VECTOR('',#346,1.);
#346 = DIRECTION('',(-1.039439289937E-16,1.,0.));
#347 = FACE_BOUND('',#348,.F.);
#348 = EDGE_LOOP('',(#349,#359,#367,#375,#383,#391));
#349 = ORIENTED_EDGE('',*,*,#350,.T.);
#350 = EDGE_CURVE('',#351,#353,#355,.T.);
#351 = VERTEX_POINT('',#352);
#352 = CARTESIAN_POINT('',(-116.2,8.136195996002,75.));
#353 = VERTEX_POINT('',#354);
#354 = CARTESIAN_POINT('',(-112.5,10.272391992003,75.));
#355 = LINE('',#356,#357);
#356 = CARTESIAN_POINT('',(-72.53653810567,33.34530747444,75.));
#357 = VECTOR('',#358,1.);
#358 = DIRECTION('',(0.866025403784,0.5,0.));
#359 = ORIENTED_EDGE('',*,*,#360,.T.);
#360 = EDGE_CURVE('',#353,#361,#363,.T.);
#361 = VERTEX_POINT('',#362);
#362 = CARTESIAN_POINT('',(-108.8,8.136195996002,75.));
#363 = LINE('',#364,#365);
#364 = CARTESIAN_POINT('',(-66.23846189432,-16.43671948643,75.));
#365 = VECTOR('',#366,1.);
#366 = DIRECTION('',(0.866025403784,-0.5,0.));
#367 = ORIENTED_EDGE('',*,*,#368,.T.);
#368 = EDGE_CURVE('',#361,#369,#371,.T.);
#369 = VERTEX_POINT('',#370);
#370 = CARTESIAN_POINT('',(-108.8,3.863804003998,75.));
#371 = LINE('',#372,#373);
#372 = CARTESIAN_POINT('',(-108.8,1.931902001999,75.));
#373 = VECTOR('',#374,1.);
#374 = DIRECTION('',(-4.157757159748E-16,-1.,0.));
#375 = ORIENTED_EDGE('',*,*,#376,.T.);
#376 = EDGE_CURVE('',#369,#377,#379,.T.);
#377 = VERTEX_POINT('',#378);
#378 = CARTESIAN_POINT('',(-112.5,1.727608007997,75.));
#379 = LINE('',#380,#381);
#380 = CARTESIAN_POINT('',(-70.68653810567,25.868621488435,75.));
#381 = VECTOR('',#382,1.);
#382 = DIRECTION('',(-0.866025403784,-0.5,0.));
#383 = ORIENTED_EDGE('',*,*,#384,.T.);
#384 = EDGE_CURVE('',#377,#385,#387,.T.);
#385 = VERTEX_POINT('',#386);
#386 = CARTESIAN_POINT('',(-116.2,3.863804003998,75.));
#387 = LINE('',#388,#389);
#388 = CARTESIAN_POINT('',(-71.78846189432,-21.77720947643,75.));
#389 = VECTOR('',#390,1.);
#390 = DIRECTION('',(-0.866025403784,0.5,0.));
#391 = ORIENTED_EDGE('',*,*,#392,.T.);
#392 = EDGE_CURVE('',#385,#351,#393,.T.);
#393 = LINE('',#394,#395);
#394 = CARTESIAN_POINT('',(-116.2,4.068097998001,75.));
#395 = VECTOR('',#396,1.);
#396 = DIRECTION('',(-1.039439289937E-16,1.,0.));
#397 = FACE_BOUND('',#398,.F.);
#398 = EDGE_LOOP('',(#399,#409,#417,#425,#433,#441));
#399 = ORIENTED_EDGE('',*,*,#400,.T.);
#400 = EDGE_CURVE('',#401,#403,#405,.T.);
#401 = VERTEX_POINT('',#402);
#402 = CARTESIAN_POINT('',(108.8,8.136195996002,75.));
#403 = VERTEX_POINT('',#404);
#404 = CARTESIAN_POINT('',(112.5,10.272391992003,75.));
#405 = LINE('',#406,#407);
#406 = CARTESIAN_POINT('',(68.088461894323,-15.36862148843,75.));
#407 = VECTOR('',#408,1.);
#408 = DIRECTION('',(0.866025403784,0.5,0.));
#409 = ORIENTED_EDGE('',*,*,#410,.T.);
#410 = EDGE_CURVE('',#403,#411,#413,.T.);
#411 = VERTEX_POINT('',#412);
#412 = CARTESIAN_POINT('',(116.2,8.136195996002,75.));
#413 = LINE('',#414,#415);
#414 = CARTESIAN_POINT('',(74.386538105677,32.277209476439,75.));
#415 = VECTOR('',#416,1.);
#416 = DIRECTION('',(0.866025403784,-0.5,0.));
#417 = ORIENTED_EDGE('',*,*,#418,.T.);
#418 = EDGE_CURVE('',#411,#419,#421,.T.);
#419 = VERTEX_POINT('',#420);
#420 = CARTESIAN_POINT('',(116.2,3.863804003998,75.));
#421 = LINE('',#422,#423);
#422 = CARTESIAN_POINT('',(116.2,1.931902001999,75.));
#423 = VECTOR('',#424,1.);
#424 = DIRECTION('',(-4.157757159748E-16,-1.,0.));
#425 = ORIENTED_EDGE('',*,*,#426,.T.);
#426 = EDGE_CURVE('',#419,#427,#429,.T.);
#427 = VERTEX_POINT('',#428);
#428 = CARTESIAN_POINT('',(112.5,1.727608007997,75.));
#429 = LINE('',#430,#431);
#430 = CARTESIAN_POINT('',(69.938461894323,-22.84530747444,75.));
#431 = VECTOR('',#432,1.);
#432 = DIRECTION('',(-0.866025403784,-0.5,0.));
#433 = ORIENTED_EDGE('',*,*,#434,.T.);
#434 = EDGE_CURVE('',#427,#435,#437,.T.);
#435 = VERTEX_POINT('',#436);
#436 = CARTESIAN_POINT('',(108.8,3.863804003998,75.));
#437 = LINE('',#438,#439);
#438 = CARTESIAN_POINT('',(68.836538105677,26.936719486435,75.));
#439 = VECTOR('',#440,1.);
#440 = DIRECTION('',(-0.866025403784,0.5,0.));
#441 = ORIENTED_EDGE('',*,*,#442,.T.);
#442 = EDGE_CURVE('',#435,#401,#443,.T.);
#443 = LINE('',#444,#445);
#444 = CARTESIAN_POINT('',(108.8,4.068097998001,75.));
#445 = VECTOR('',#446,1.);
#446 = DIRECTION('',(-1.039439289937E-16,1.,0.));
#447 = PLANE('',#448);
#448 = AXIS2_PLACEMENT_3D('',#449,#450,#451);
#449 = CARTESIAN_POINT('',(0.,0.,75.));
#450 = DIRECTION('',(0.,0.,1.));
#451 = DIRECTION('',(1.,0.,0.));
#452 = ADVANCED_FACE('',(#453),#471,.F.);
#453 = FACE_BOUND('',#454,.F.);
#454 = EDGE_LOOP('',(#455,#463,#469,#470));
#455 = ORIENTED_EDGE('',*,*,#456,.F.);
#456 = EDGE_CURVE('',#457,#64,#459,.T.);
#457 = VERTEX_POINT('',#458);
#458 = CARTESIAN_POINT('',(92.5,-12.,79.8));
#459 = LINE('',#460,#461);
#460 = CARTESIAN_POINT('',(92.5,-12.,74.));
#461 = VECTOR('',#462,1.);
#462 = DIRECTION('',(0.,0.,-1.));
#463 = ORIENTED_EDGE('',*,*,#464,.T.);
#464 = EDGE_CURVE('',#457,#41,#465,.T.);
#465 = LINE('',#466,#467);
#466 = CARTESIAN_POINT('',(-138.,-12.,79.8));
#467 = VECTOR('',#468,1.);
#468 = DIRECTION('',(1.,0.,0.));
#469 = ORIENTED_EDGE('',*,*,#49,.F.);
#470 = ORIENTED_EDGE('',*,*,#63,.T.);
#471 = PLANE('',#472);
#472 = AXIS2_PLACEMENT_3D('',#473,#474,#475);
#473 = CARTESIAN_POINT('',(-138.,-12.,74.));
#474 = DIRECTION('',(0.,1.,0.));
#475 = DIRECTION('',(0.,0.,1.));
#476 = ADVANCED_FACE('',(#477,#513,#524),#535,.T.);
#477 = FACE_BOUND('',#478,.T.);
#478 = EDGE_LOOP('',(#479,#490,#496,#497,#498,#507));
#479 = ORIENTED_EDGE('',*,*,#480,.F.);
#480 = EDGE_CURVE('',#481,#483,#485,.T.);
#481 = VERTEX_POINT('',#482);
#482 = CARTESIAN_POINT('',(92.5,-2.265596578423E-14,79.8));
#483 = VERTEX_POINT('',#484);
#484 = CARTESIAN_POINT('',(91.691929852087,12.2,79.8));
#485 = CIRCLE('',#486,92.5);
#486 = AXIS2_PLACEMENT_3D('',#487,#488,#489);
#487 = CARTESIAN_POINT('',(0.,0.,79.8));
#488 = DIRECTION('',(0.,0.,1.));
#489 = DIRECTION('',(1.,0.,0.));
#490 = ORIENTED_EDGE('',*,*,#491,.F.);
#491 = EDGE_CURVE('',#457,#481,#492,.T.);
#492 = LINE('',#493,#494);
#493 = CARTESIAN_POINT('',(92.5,-13.,79.8));
#494 = VECTOR('',#495,1.);
#495 = DIRECTION('',(0.,1.,0.));
#496 = ORIENTED_EDGE('',*,*,#464,.T.);
#497 = ORIENTED_EDGE('',*,*,#40,.T.);
#498 = ORIENTED_EDGE('',*,*,#499,.T.);
#499 = EDGE_CURVE('',#33,#500,#502,.T.);
#500 = VERTEX_POINT('',#501);
#501 = CARTESIAN_POINT('',(117.36762756399,12.2,79.8));
#502 = CIRCLE('',#503,118.);
#503 = AXIS2_PLACEMENT_3D('',#504,#505,#506);
#504 = CARTESIAN_POINT('',(0.,0.,79.8));
#505 = DIRECTION('',(0.,0.,1.));
#506 = DIRECTION('',(1.,0.,0.));
#507 = ORIENTED_EDGE('',*,*,#508,.F.);
#508 = EDGE_CURVE('',#483,#500,#509,.T.);
#509 = LINE('',#510,#511);
#510 = CARTESIAN_POINT('',(-138.,12.2,79.8));
#511 = VECTOR('',#512,1.);
#512 = DIRECTION('',(1.,0.,0.));
#513 = FACE_BOUND('',#514,.T.);
#514 = EDGE_LOOP('',(#515));
#515 = ORIENTED_EDGE('',*,*,#516,.T.);
#516 = EDGE_CURVE('',#517,#517,#519,.T.);
#517 = VERTEX_POINT('',#518);
#518 = CARTESIAN_POINT('',(110.25,-6.,79.8));
#519 = CIRCLE('',#520,2.25);
#520 = AXIS2_PLACEMENT_3D('',#521,#522,#523);
#521 = CARTESIAN_POINT('',(112.5,-6.,79.8));
#522 = DIRECTION('',(0.,0.,-1.));
#523 = DIRECTION('',(-1.,0.,0.));
#524 = FACE_BOUND('',#525,.T.);
#525 = EDGE_LOOP('',(#526));
#526 = ORIENTED_EDGE('',*,*,#527,.T.);
#527 = EDGE_CURVE('',#528,#528,#530,.T.);
#528 = VERTEX_POINT('',#529);
#529 = CARTESIAN_POINT('',(110.25,6.,79.8));
#530 = CIRCLE('',#531,2.25);
#531 = AXIS2_PLACEMENT_3D('',#532,#533,#534);
#532 = CARTESIAN_POINT('',(112.5,6.,79.8));
#533 = DIRECTION('',(0.,0.,-1.));
#534 = DIRECTION('',(-1.,0.,0.));
#535 = PLANE('',#536);
#536 = AXIS2_PLACEMENT_3D('',#537,#538,#539);
#537 = CARTESIAN_POINT('',(-138.,-12.,79.8));
#538 = DIRECTION('',(0.,0.,1.));
#539 = DIRECTION('',(1.,0.,0.));
#540 = ADVANCED_FACE('',(#541),#586,.T.);
#541 = FACE_BOUND('',#542,.T.);
#542 = EDGE_LOOP('',(#543,#544,#545,#553,#562,#570,#579,#585));
#543 = ORIENTED_EDGE('',*,*,#32,.F.);
#544 = ORIENTED_EDGE('',*,*,#72,.T.);
#545 = ORIENTED_EDGE('',*,*,#546,.T.);
#546 = EDGE_CURVE('',#73,#547,#549,.T.);
#547 = VERTEX_POINT('',#548);
#548 = CARTESIAN_POINT('',(-117.3882447266,-12.,79.8));
#549 = LINE('',#550,#551);
#550 = CARTESIAN_POINT('',(-117.3882447266,-12.,75.));
#551 = VECTOR('',#552,1.);
#552 = DIRECTION('',(0.,0.,1.));
#553 = ORIENTED_EDGE('',*,*,#554,.F.);
#554 = EDGE_CURVE('',#555,#547,#557,.T.);
#555 = VERTEX_POINT('',#556);
#556 = CARTESIAN_POINT('',(-117.3676275639,12.2,79.8));
#557 = CIRCLE('',#558,118.);
#558 = AXIS2_PLACEMENT_3D('',#559,#560,#561);
#559 = CARTESIAN_POINT('',(0.,0.,79.8));
#560 = DIRECTION('',(0.,0.,1.));
#561 = DIRECTION('',(1.,0.,0.));
#562 = ORIENTED_EDGE('',*,*,#563,.T.);
#563 = EDGE_CURVE('',#555,#564,#566,.T.);
#564 = VERTEX_POINT('',#565);
#565 = CARTESIAN_POINT('',(-117.3676275639,12.2,80.5));
#566 = LINE('',#567,#568);
#567 = CARTESIAN_POINT('',(-117.3676275639,12.2,75.));
#568 = VECTOR('',#569,1.);
#569 = DIRECTION('',(0.,0.,1.));
#570 = ORIENTED_EDGE('',*,*,#571,.F.);
#571 = EDGE_CURVE('',#572,#564,#574,.T.);
#572 = VERTEX_POINT('',#573);
#573 = CARTESIAN_POINT('',(117.36762756399,12.2,80.5));
#574 = CIRCLE('',#575,118.);
#575 = AXIS2_PLACEMENT_3D('',#576,#577,#578);
#576 = CARTESIAN_POINT('',(0.,0.,80.5));
#577 = DIRECTION('',(0.,0.,1.));
#578 = DIRECTION('',(1.,0.,0.));
#579 = ORIENTED_EDGE('',*,*,#580,.F.);
#580 = EDGE_CURVE('',#500,#572,#581,.T.);
#581 = LINE('',#582,#583);
#582 = CARTESIAN_POINT('',(117.36762756399,12.2,75.));
#583 = VECTOR('',#584,1.);
#584 = DIRECTION('',(0.,0.,1.));
#585 = ORIENTED_EDGE('',*,*,#499,.F.);
#586 = CYLINDRICAL_SURFACE('',#587,118.);
#587 = AXIS2_PLACEMENT_3D('',#588,#589,#590);
#588 = CARTESIAN_POINT('',(0.,0.,75.));
#589 = DIRECTION('',(0.,0.,1.));
#590 = DIRECTION('',(1.,0.,0.));
#591 = ADVANCED_FACE('',(#592),#603,.F.);
#592 = FACE_BOUND('',#593,.F.);
#593 = EDGE_LOOP('',(#594,#600,#601,#602));
#594 = ORIENTED_EDGE('',*,*,#595,.T.);
#595 = EDGE_CURVE('',#234,#481,#596,.T.);
#596 = LINE('',#597,#598);
#597 = CARTESIAN_POINT('',(92.5,-2.265596578423E-14,75.));
#598 = VECTOR('',#599,1.);
#599 = DIRECTION('',(0.,0.,1.));
#600 = ORIENTED_EDGE('',*,*,#491,.F.);
#601 = ORIENTED_EDGE('',*,*,#456,.T.);
#602 = ORIENTED_EDGE('',*,*,#242,.T.);
#603 = PLANE('',#604);
#604 = AXIS2_PLACEMENT_3D('',#605,#606,#607);
#605 = CARTESIAN_POINT('',(92.5,-14.,74.));
#606 = DIRECTION('',(1.,0.,0.));
#607 = DIRECTION('',(0.,0.,1.));
#608 = ADVANCED_FACE('',(#609),#654,.F.);
#609 = FACE_BOUND('',#610,.F.);
#610 = EDGE_LOOP('',(#611,#622,#628,#629,#630,#631,#639,#648));
#611 = ORIENTED_EDGE('',*,*,#612,.F.);
#612 = EDGE_CURVE('',#613,#615,#617,.T.);
#613 = VERTEX_POINT('',#614);
#614 = CARTESIAN_POINT('',(91.691929852087,12.2,83.));
#615 = VERTEX_POINT('',#616);
#616 = CARTESIAN_POINT('',(76.224891681028,52.402441624561,83.));
#617 = CIRCLE('',#618,92.5);
#618 = AXIS2_PLACEMENT_3D('',#619,#620,#621);
#619 = CARTESIAN_POINT('',(0.,0.,83.));
#620 = DIRECTION('',(0.,0.,1.));
#621 = DIRECTION('',(1.,0.,0.));
#622 = ORIENTED_EDGE('',*,*,#623,.F.);
#623 = EDGE_CURVE('',#483,#613,#624,.T.);
#624 = LINE('',#625,#626);
#625 = CARTESIAN_POINT('',(91.691929852087,12.2,75.));
#626 = VECTOR('',#627,1.);
#627 = DIRECTION('',(0.,0.,1.));
#628 = ORIENTED_EDGE('',*,*,#480,.F.);
#629 = ORIENTED_EDGE('',*,*,#595,.F.);
#630 = ORIENTED_EDGE('',*,*,#233,.T.);
#631 = ORIENTED_EDGE('',*,*,#632,.T.);
#632 = EDGE_CURVE('',#226,#633,#635,.T.);
#633 = VERTEX_POINT('',#634);
#634 = CARTESIAN_POINT('',(74.374891681028,54.996595234936,79.5));
#635 = LINE('',#636,#637);
#636 = CARTESIAN_POINT('',(74.374891681028,54.996595234936,75.));
#637 = VECTOR('',#638,1.);
#638 = DIRECTION('',(0.,0.,1.));
#639 = ORIENTED_EDGE('',*,*,#640,.F.);
#640 = EDGE_CURVE('',#641,#633,#643,.T.);
#641 = VERTEX_POINT('',#642);
#642 = CARTESIAN_POINT('',(76.224891681028,52.402441624561,79.5));
#643 = CIRCLE('',#644,92.5);
#644 = AXIS2_PLACEMENT_3D('',#645,#646,#647);
#645 = CARTESIAN_POINT('',(0.,0.,79.5));
#646 = DIRECTION('',(0.,0.,1.));
#647 = DIRECTION('',(1.,0.,0.));
#648 = ORIENTED_EDGE('',*,*,#649,.T.);
#649 = EDGE_CURVE('',#641,#615,#650,.T.);
#650 = LINE('',#651,#652);
#651 = CARTESIAN_POINT('',(76.224891681028,52.402441624561,75.));
#652 = VECTOR('',#653,1.);
#653 = DIRECTION('',(0.,0.,1.));
#654 = CYLINDRICAL_SURFACE('',#655,92.5);
#655 = AXIS2_PLACEMENT_3D('',#656,#657,#658);
#656 = CARTESIAN_POINT('',(0.,0.,75.));
#657 = DIRECTION('',(0.,0.,1.));
#658 = DIRECTION('',(1.,0.,0.));
#659 = ADVANCED_FACE('',(#660),#678,.F.);
#660 = FACE_BOUND('',#661,.F.);
#661 = EDGE_LOOP('',(#662,#663,#664,#672));
#662 = ORIENTED_EDGE('',*,*,#81,.T.);
#663 = ORIENTED_EDGE('',*,*,#546,.T.);
#664 = ORIENTED_EDGE('',*,*,#665,.T.);
#665 = EDGE_CURVE('',#547,#666,#668,.T.);
#666 = VERTEX_POINT('',#667);
#667 = CARTESIAN_POINT('',(-92.5,-12.,79.8));
#668 = LINE('',#669,#670);
#669 = CARTESIAN_POINT('',(-138.,-12.,79.8));
#670 = VECTOR('',#671,1.);
#671 = DIRECTION('',(1.,0.,0.));
#672 = ORIENTED_EDGE('',*,*,#673,.T.);
#673 = EDGE_CURVE('',#666,#82,#674,.T.);
#674 = LINE('',#675,#676);
#675 = CARTESIAN_POINT('',(-92.5,-12.,74.));
#676 = VECTOR('',#677,1.);
#677 = DIRECTION('',(0.,0.,-1.));
#678 = PLANE('',#679);
#679 = AXIS2_PLACEMENT_3D('',#680,#681,#682);
#680 = CARTESIAN_POINT('',(-138.,-12.,74.));
#681 = DIRECTION('',(0.,1.,0.));
#682 = DIRECTION('',(0.,0.,1.));
#683 = ADVANCED_FACE('',(#684),#702,.F.);
#684 = FACE_BOUND('',#685,.F.);
#685 = EDGE_LOOP('',(#686,#694,#700,#701));
#686 = ORIENTED_EDGE('',*,*,#687,.T.);
#687 = EDGE_CURVE('',#217,#688,#690,.T.);
#688 = VERTEX_POINT('',#689);
#689 = CARTESIAN_POINT('',(74.374891681028,72.124891681028,79.5));
#690 = LINE('',#691,#692);
#691 = CARTESIAN_POINT('',(74.374891681028,72.124891681028,74.));
#692 = VECTOR('',#693,1.);
#693 = DIRECTION('',(0.,0.,1.));
#694 = ORIENTED_EDGE('',*,*,#695,.T.);
#695 = EDGE_CURVE('',#688,#633,#696,.T.);
#696 = LINE('',#697,#698);
#697 = CARTESIAN_POINT('',(74.374891681028,36.062445840514,79.5));
#698 = VECTOR('',#699,1.);
#699 = DIRECTION('',(0.,-1.,0.));
#700 = ORIENTED_EDGE('',*,*,#632,.F.);
#701 = ORIENTED_EDGE('',*,*,#225,.T.);
#702 = PLANE('',#703);
#703 = AXIS2_PLACEMENT_3D('',#704,#705,#706);
#704 = CARTESIAN_POINT('',(74.374891681028,0.,74.));
#705 = DIRECTION('',(1.,0.,0.));
#706 = DIRECTION('',(0.,0.,1.));
#707 = ADVANCED_FACE('',(#708),#726,.T.);
#708 = FACE_BOUND('',#709,.T.);
#709 = EDGE_LOOP('',(#710,#718,#724,#725));
#710 = ORIENTED_EDGE('',*,*,#711,.T.);
#711 = EDGE_CURVE('',#90,#712,#714,.T.);
#712 = VERTEX_POINT('',#713);
#713 = CARTESIAN_POINT('',(-92.5,7.450725258464E-13,79.8));
#714 = LINE('',#715,#716);
#715 = CARTESIAN_POINT('',(-92.5,0.,74.));
#716 = VECTOR('',#717,1.);
#717 = DIRECTION('',(0.,0.,1.));
#718 = ORIENTED_EDGE('',*,*,#719,.F.);
#719 = EDGE_CURVE('',#666,#712,#720,.T.);
#720 = LINE('',#721,#722);
#721 = CARTESIAN_POINT('',(-92.5,-13.,79.8));
#722 = VECTOR('',#723,1.);
#723 = DIRECTION('',(0.,1.,0.));
#724 = ORIENTED_EDGE('',*,*,#673,.T.);
#725 = ORIENTED_EDGE('',*,*,#89,.T.);
#726 = PLANE('',#727);
#727 = AXIS2_PLACEMENT_3D('',#728,#729,#730);
#728 = CARTESIAN_POINT('',(-92.5,-14.,74.));
#729 = DIRECTION('',(1.,0.,0.));
#730 = DIRECTION('',(0.,0.,1.));
#731 = ADVANCED_FACE('',(#732),#751,.F.);
#732 = FACE_BOUND('',#733,.F.);
#733 = EDGE_LOOP('',(#734,#743,#744,#745));
#734 = ORIENTED_EDGE('',*,*,#735,.F.);
#735 = EDGE_CURVE('',#688,#736,#738,.T.);
#736 = VERTEX_POINT('',#737);
#737 = CARTESIAN_POINT('',(69.874891681028,72.124891681028,79.5));
#738 = CIRCLE('',#739,2.25);
#739 = AXIS2_PLACEMENT_3D('',#740,#741,#742);
#740 = CARTESIAN_POINT('',(72.124891681028,72.124891681028,79.5));
#741 = DIRECTION('',(0.,0.,1.));
#742 = DIRECTION('',(1.,0.,0.));
#743 = ORIENTED_EDGE('',*,*,#687,.F.);
#744 = ORIENTED_EDGE('',*,*,#216,.T.);
#745 = ORIENTED_EDGE('',*,*,#746,.T.);
#746 = EDGE_CURVE('',#209,#736,#747,.T.);
#747 = LINE('',#748,#749);
#748 = CARTESIAN_POINT('',(69.874891681028,72.124891681028,74.));
#749 = VECTOR('',#750,1.);
#750 = DIRECTION('',(0.,0.,1.));
#751 = CYLINDRICAL_SURFACE('',#752,2.25);
#752 = AXIS2_PLACEMENT_3D('',#753,#754,#755);
#753 = CARTESIAN_POINT('',(72.124891681028,72.124891681028,74.));
#754 = DIRECTION('',(0.,0.,1.));
#755 = DIRECTION('',(1.,0.,0.));
#756 = ADVANCED_FACE('',(#757),#810,.F.);
#757 = FACE_BOUND('',#758,.F.);
#758 = EDGE_LOOP('',(#759,#770,#778,#787,#793,#794,#795,#804));
#759 = ORIENTED_EDGE('',*,*,#760,.F.);
#760 = EDGE_CURVE('',#761,#763,#765,.T.);
#761 = VERTEX_POINT('',#762);
#762 = CARTESIAN_POINT('',(-76.22489168102,52.402441624561,83.));
#763 = VERTEX_POINT('',#764);
#764 = CARTESIAN_POINT('',(-91.69192985208,12.2,83.));
#765 = CIRCLE('',#766,92.5);
#766 = AXIS2_PLACEMENT_3D('',#767,#768,#769);
#767 = CARTESIAN_POINT('',(0.,0.,83.));
#768 = DIRECTION('',(0.,0.,1.));
#769 = DIRECTION('',(1.,0.,0.));
#770 = ORIENTED_EDGE('',*,*,#771,.F.);
#771 = EDGE_CURVE('',#772,#761,#774,.T.);
#772 = VERTEX_POINT('',#773);
#773 = CARTESIAN_POINT('',(-76.22489168102,52.402441624561,79.5));
#774 = LINE('',#775,#776);
#775 = CARTESIAN_POINT('',(-76.22489168102,52.402441624561,75.));
#776 = VECTOR('',#777,1.);
#777 = DIRECTION('',(0.,0.,1.));
#778 = ORIENTED_EDGE('',*,*,#779,.F.);
#779 = EDGE_CURVE('',#780,#772,#782,.T.);
#780 = VERTEX_POINT('',#781);
#781 = CARTESIAN_POINT('',(-74.37489168102,54.996595234936,79.5));
#782 = CIRCLE('',#783,92.5);
#783 = AXIS2_PLACEMENT_3D('',#784,#785,#786);
#784 = CARTESIAN_POINT('',(0.,0.,79.5));
#785 = DIRECTION('',(0.,0.,1.));
#786 = DIRECTION('',(1.,0.,0.));
#787 = ORIENTED_EDGE('',*,*,#788,.F.);
#788 = EDGE_CURVE('',#98,#780,#789,.T.);
#789 = LINE('',#790,#791);
#790 = CARTESIAN_POINT('',(-74.37489168102,54.996595234936,75.));
#791 = VECTOR('',#792,1.);
#792 = DIRECTION('',(0.,0.,1.));
#793 = ORIENTED_EDGE('',*,*,#97,.T.);
#794 = ORIENTED_EDGE('',*,*,#711,.T.);
#795 = ORIENTED_EDGE('',*,*,#796,.F.);
#796 = EDGE_CURVE('',#797,#712,#799,.T.);
#797 = VERTEX_POINT('',#798);
#798 = CARTESIAN_POINT('',(-91.69192985208,12.2,79.8));
#799 = CIRCLE('',#800,92.5);
#800 = AXIS2_PLACEMENT_3D('',#801,#802,#803);
#801 = CARTESIAN_POINT('',(0.,0.,79.8));
#802 = DIRECTION('',(0.,0.,1.));
#803 = DIRECTION('',(1.,0.,0.));
#804 = ORIENTED_EDGE('',*,*,#805,.T.);
#805 = EDGE_CURVE('',#797,#763,#806,.T.);
#806 = LINE('',#807,#808);
#807 = CARTESIAN_POINT('',(-91.69192985208,12.2,75.));
#808 = VECTOR('',#809,1.);
#809 = DIRECTION('',(0.,0.,1.));
#810 = CYLINDRICAL_SURFACE('',#811,92.5);
#811 = AXIS2_PLACEMENT_3D('',#812,#813,#814);
#812 = CARTESIAN_POINT('',(0.,0.,75.));
#813 = DIRECTION('',(0.,0.,1.));
#814 = DIRECTION('',(1.,0.,0.));
#815 = ADVANCED_FACE('',(#816),#834,.T.);
#816 = FACE_BOUND('',#817,.T.);
#817 = EDGE_LOOP('',(#818,#819,#827,#833));
#818 = ORIENTED_EDGE('',*,*,#746,.T.);
#819 = ORIENTED_EDGE('',*,*,#820,.T.);
#820 = EDGE_CURVE('',#736,#821,#823,.T.);
#821 = VERTEX_POINT('',#822);
#822 = CARTESIAN_POINT('',(69.874891681028,60.611463540857,79.5));
#823 = LINE('',#824,#825);
#824 = CARTESIAN_POINT('',(69.874891681028,0.,79.5));
#825 = VECTOR('',#826,1.);
#826 = DIRECTION('',(0.,-1.,0.));
#827 = ORIENTED_EDGE('',*,*,#828,.F.);
#828 = EDGE_CURVE('',#200,#821,#829,.T.);
#829 = LINE('',#830,#831);
#830 = CARTESIAN_POINT('',(69.874891681028,60.611463540857,75.));
#831 = VECTOR('',#832,1.);
#832 = DIRECTION('',(0.,0.,1.));
#833 = ORIENTED_EDGE('',*,*,#208,.T.);
#834 = PLANE('',#835);
#835 = AXIS2_PLACEMENT_3D('',#836,#837,#838);
#836 = CARTESIAN_POINT('',(69.874891681028,0.,74.));
#837 = DIRECTION('',(1.,0.,0.));
#838 = DIRECTION('',(0.,0.,1.));
#839 = ADVANCED_FACE('',(#840),#858,.T.);
#840 = FACE_BOUND('',#841,.T.);
#841 = EDGE_LOOP('',(#842,#850,#856,#857));
#842 = ORIENTED_EDGE('',*,*,#843,.T.);
#843 = EDGE_CURVE('',#107,#844,#846,.T.);
#844 = VERTEX_POINT('',#845);
#845 = CARTESIAN_POINT('',(-74.37489168102,72.124891681028,79.5));
#846 = LINE('',#847,#848);
#847 = CARTESIAN_POINT('',(-74.37489168102,72.124891681028,74.));
#848 = VECTOR('',#849,1.);
#849 = DIRECTION('',(0.,0.,1.));
#850 = ORIENTED_EDGE('',*,*,#851,.T.);
#851 = EDGE_CURVE('',#844,#780,#852,.T.);
#852 = LINE('',#853,#854);
#853 = CARTESIAN_POINT('',(-74.37489168102,0.,79.5));
#854 = VECTOR('',#855,1.);
#855 = DIRECTION('',(0.,-1.,0.));
#856 = ORIENTED_EDGE('',*,*,#788,.F.);
#857 = ORIENTED_EDGE('',*,*,#106,.T.);
#858 = PLANE('',#859);
#859 = AXIS2_PLACEMENT_3D('',#860,#861,#862);
#860 = CARTESIAN_POINT('',(-74.37489168102,0.,74.));
#861 = DIRECTION('',(1.,0.,0.));
#862 = DIRECTION('',(0.,0.,1.));
#863 = ADVANCED_FACE('',(#864),#917,.F.);
#864 = FACE_BOUND('',#865,.F.);
#865 = EDGE_LOOP('',(#866,#877,#885,#892,#893,#894,#902,#911));
#866 = ORIENTED_EDGE('',*,*,#867,.F.);
#867 = EDGE_CURVE('',#868,#870,#872,.T.);
#868 = VERTEX_POINT('',#869);
#869 = CARTESIAN_POINT('',(68.024891681028,62.680651813653,83.));
#870 = VERTEX_POINT('',#871);
#871 = CARTESIAN_POINT('',(30.499542600457,87.327131529456,83.));
#872 = CIRCLE('',#873,92.5);
#873 = AXIS2_PLACEMENT_3D('',#874,#875,#876);
#874 = CARTESIAN_POINT('',(0.,0.,83.));
#875 = DIRECTION('',(0.,0.,1.));
#876 = DIRECTION('',(1.,0.,0.));
#877 = ORIENTED_EDGE('',*,*,#878,.F.);
#878 = EDGE_CURVE('',#879,#868,#881,.T.);
#879 = VERTEX_POINT('',#880);
#880 = CARTESIAN_POINT('',(68.024891681028,62.680651813653,79.5));
#881 = LINE('',#882,#883);
#882 = CARTESIAN_POINT('',(68.024891681028,62.680651813653,75.));
#883 = VECTOR('',#884,1.);
#884 = DIRECTION('',(0.,0.,1.));
#885 = ORIENTED_EDGE('',*,*,#886,.F.);
#886 = EDGE_CURVE('',#821,#879,#887,.T.);
#887 = CIRCLE('',#888,92.5);
#888 = AXIS2_PLACEMENT_3D('',#889,#890,#891);
#889 = CARTESIAN_POINT('',(0.,0.,79.5));
#890 = DIRECTION('',(0.,0.,1.));
#891 = DIRECTION('',(1.,0.,0.));
#892 = ORIENTED_EDGE('',*,*,#828,.F.);
#893 = ORIENTED_EDGE('',*,*,#199,.T.);
#894 = ORIENTED_EDGE('',*,*,#895,.T.);
#895 = EDGE_CURVE('',#192,#896,#898,.T.);
#896 = VERTEX_POINT('',#897);
#897 = CARTESIAN_POINT('',(28.649542600457,87.951428122485,79.5));
#898 = LINE('',#899,#900);
#899 = CARTESIAN_POINT('',(28.649542600457,87.951428122485,75.));
#900 = VECTOR('',#901,1.);
#901 = DIRECTION('',(0.,0.,1.));
#902 = ORIENTED_EDGE('',*,*,#903,.F.);
#903 = EDGE_CURVE('',#904,#896,#906,.T.);
#904 = VERTEX_POINT('',#905);
#905 = CARTESIAN_POINT('',(30.499542600457,87.327131529456,79.5));
#906 = CIRCLE('',#907,92.5);
#907 = AXIS2_PLACEMENT_3D('',#908,#909,#910);
#908 = CARTESIAN_POINT('',(0.,0.,79.5));
#909 = DIRECTION('',(0.,0.,1.));
#910 = DIRECTION('',(1.,0.,0.));
#911 = ORIENTED_EDGE('',*,*,#912,.T.);
#912 = EDGE_CURVE('',#904,#870,#913,.T.);
#913 = LINE('',#914,#915);
#914 = CARTESIAN_POINT('',(30.499542600457,87.327131529456,75.));
#915 = VECTOR('',#916,1.);
#916 = DIRECTION('',(0.,0.,1.));
#917 = CYLINDRICAL_SURFACE('',#918,92.5);
#918 = AXIS2_PLACEMENT_3D('',#919,#920,#921);
#919 = CARTESIAN_POINT('',(0.,0.,75.));
#920 = DIRECTION('',(0.,0.,1.));
#921 = DIRECTION('',(1.,0.,0.));
#922 = ADVANCED_FACE('',(#923),#942,.F.);
#923 = FACE_BOUND('',#924,.F.);
#924 = EDGE_LOOP('',(#925,#934,#940,#941));
#925 = ORIENTED_EDGE('',*,*,#926,.F.);
#926 = EDGE_CURVE('',#927,#844,#929,.T.);
#927 = VERTEX_POINT('',#928);
#928 = CARTESIAN_POINT('',(-69.87489168102,72.124891681028,79.5));
#929 = CIRCLE('',#930,2.25);
#930 = AXIS2_PLACEMENT_3D('',#931,#932,#933);
#931 = CARTESIAN_POINT('',(-72.12489168102,72.124891681028,79.5));
#932 = DIRECTION('',(0.,0.,1.));
#933 = DIRECTION('',(1.,0.,0.));
#934 = ORIENTED_EDGE('',*,*,#935,.F.);
#935 = EDGE_CURVE('',#115,#927,#936,.T.);
#936 = LINE('',#937,#938);
#937 = CARTESIAN_POINT('',(-69.87489168102,72.124891681028,74.));
#938 = VECTOR('',#939,1.);
#939 = DIRECTION('',(0.,0.,1.));
#940 = ORIENTED_EDGE('',*,*,#114,.T.);
#941 = ORIENTED_EDGE('',*,*,#843,.T.);
#942 = CYLINDRICAL_SURFACE('',#943,2.25);
#943 = AXIS2_PLACEMENT_3D('',#944,#945,#946);
#944 = CARTESIAN_POINT('',(-72.12489168102,72.124891681028,74.));
#945 = DIRECTION('',(0.,0.,1.));
#946 = DIRECTION('',(1.,0.,0.));
#947 = ADVANCED_FACE('',(#948),#966,.F.);
#948 = FACE_BOUND('',#949,.F.);
#949 = EDGE_LOOP('',(#950,#958,#964,#965));
#950 = ORIENTED_EDGE('',*,*,#951,.T.);
#951 = EDGE_CURVE('',#183,#952,#954,.T.);
#952 = VERTEX_POINT('',#953);
#953 = CARTESIAN_POINT('',(28.649542600457,98.524434281485,79.5));
#954 = LINE('',#955,#956);
#955 = CARTESIAN_POINT('',(28.649542600457,98.524434281485,74.));
#956 = VECTOR('',#957,1.);
#957 = DIRECTION('',(0.,0.,1.));
#958 = ORIENTED_EDGE('',*,*,#959,.T.);
#959 = EDGE_CURVE('',#952,#896,#960,.T.);
#960 = LINE('',#961,#962);
#961 = CARTESIAN_POINT('',(28.649542600457,49.262217140742,79.5));
#962 = VECTOR('',#963,1.);
#963 = DIRECTION('',(0.,-1.,0.));
#964 = ORIENTED_EDGE('',*,*,#895,.F.);
#965 = ORIENTED_EDGE('',*,*,#191,.T.);
#966 = PLANE('',#967);
#967 = AXIS2_PLACEMENT_3D('',#968,#969,#970);
#968 = CARTESIAN_POINT('',(28.649542600457,0.,74.));
#969 = DIRECTION('',(1.,0.,0.));
#970 = DIRECTION('',(0.,0.,1.));
#971 = ADVANCED_FACE('',(#972),#990,.F.);
#972 = FACE_BOUND('',#973,.F.);
#973 = EDGE_LOOP('',(#974,#975,#983,#989));
#974 = ORIENTED_EDGE('',*,*,#935,.T.);
#975 = ORIENTED_EDGE('',*,*,#976,.T.);
#976 = EDGE_CURVE('',#927,#977,#979,.T.);
#977 = VERTEX_POINT('',#978);
#978 = CARTESIAN_POINT('',(-69.87489168102,60.611463540857,79.5));
#979 = LINE('',#980,#981);
#980 = CARTESIAN_POINT('',(-69.87489168102,36.062445840514,79.5));
#981 = VECTOR('',#982,1.);
#982 = DIRECTION('',(0.,-1.,0.));
#983 = ORIENTED_EDGE('',*,*,#984,.F.);
#984 = EDGE_CURVE('',#124,#977,#985,.T.);
#985 = LINE('',#986,#987);
#986 = CARTESIAN_POINT('',(-69.87489168102,60.611463540857,75.));
#987 = VECTOR('',#988,1.);
#988 = DIRECTION('',(0.,0.,1.));
#989 = ORIENTED_EDGE('',*,*,#123,.T.);
#990 = PLANE('',#991);
#991 = AXIS2_PLACEMENT_3D('',#992,#993,#994);
#992 = CARTESIAN_POINT('',(-69.87489168102,0.,74.));
#993 = DIRECTION('',(1.,0.,0.));
#994 = DIRECTION('',(0.,0.,1.));
#995 = ADVANCED_FACE('',(#996),#1015,.F.);
#996 = FACE_BOUND('',#997,.F.);
#997 = EDGE_LOOP('',(#998,#1007,#1008,#1009));
#998 = ORIENTED_EDGE('',*,*,#999,.F.);
#999 = EDGE_CURVE('',#952,#1000,#1002,.T.);
#1000 = VERTEX_POINT('',#1001);
#1001 = CARTESIAN_POINT('',(24.149542600457,98.524434281485,79.5));
#1002 = CIRCLE('',#1003,2.25);
#1003 = AXIS2_PLACEMENT_3D('',#1004,#1005,#1006);
#1004 = CARTESIAN_POINT('',(26.399542600457,98.524434281485,79.5));
#1005 = DIRECTION('',(0.,0.,1.));
#1006 = DIRECTION('',(1.,0.,0.));
#1007 = ORIENTED_EDGE('',*,*,#951,.F.);
#1008 = ORIENTED_EDGE('',*,*,#182,.T.);
#1009 = ORIENTED_EDGE('',*,*,#1010,.T.);
#1010 = EDGE_CURVE('',#175,#1000,#1011,.T.);
#1011 = LINE('',#1012,#1013);
#1012 = CARTESIAN_POINT('',(24.149542600457,98.524434281485,74.));
#1013 = VECTOR('',#1014,1.);
#1014 = DIRECTION('',(0.,0.,1.));
#1015 = CYLINDRICAL_SURFACE('',#1016,2.25);
#1016 = AXIS2_PLACEMENT_3D('',#1017,#1018,#1019);
#1017 = CARTESIAN_POINT('',(26.399542600457,98.524434281485,74.));
#1018 = DIRECTION('',(0.,0.,1.));
#1019 = DIRECTION('',(1.,0.,0.));
#1020 = ADVANCED_FACE('',(#1021),#1074,.F.);
#1021 = FACE_BOUND('',#1022,.F.);
#1022 = EDGE_LOOP('',(#1023,#1034,#1042,#1051,#1057,#1058,#1059,#1068));
#1023 = ORIENTED_EDGE('',*,*,#1024,.F.);
#1024 = EDGE_CURVE('',#1025,#1027,#1029,.T.);
#1025 = VERTEX_POINT('',#1026);
#1026 = CARTESIAN_POINT('',(-30.49954260045,87.327131529456,83.));
#1027 = VERTEX_POINT('',#1028);
#1028 = CARTESIAN_POINT('',(-68.02489168102,62.680651813653,83.));
#1029 = CIRCLE('',#1030,92.5);
#1030 = AXIS2_PLACEMENT_3D('',#1031,#1032,#1033);
#1031 = CARTESIAN_POINT('',(0.,0.,83.));
#1032 = DIRECTION('',(0.,0.,1.));
#1033 = DIRECTION('',(1.,0.,0.));
#1034 = ORIENTED_EDGE('',*,*,#1035,.F.);
#1035 = EDGE_CURVE('',#1036,#1025,#1038,.T.);
#1036 = VERTEX_POINT('',#1037);
#1037 = CARTESIAN_POINT('',(-30.49954260045,87.327131529456,79.5));
#1038 = LINE('',#1039,#1040);
#1039 = CARTESIAN_POINT('',(-30.49954260045,87.327131529456,75.));
#1040 = VECTOR('',#1041,1.);
#1041 = DIRECTION('',(0.,0.,1.));
#1042 = ORIENTED_EDGE('',*,*,#1043,.F.);
#1043 = EDGE_CURVE('',#1044,#1036,#1046,.T.);
#1044 = VERTEX_POINT('',#1045);
#1045 = CARTESIAN_POINT('',(-28.64954260045,87.951428122485,79.5));
#1046 = CIRCLE('',#1047,92.5);
#1047 = AXIS2_PLACEMENT_3D('',#1048,#1049,#1050);
#1048 = CARTESIAN_POINT('',(0.,0.,79.5));
#1049 = DIRECTION('',(0.,0.,1.));
#1050 = DIRECTION('',(1.,0.,0.));
#1051 = ORIENTED_EDGE('',*,*,#1052,.F.);
#1052 = EDGE_CURVE('',#132,#1044,#1053,.T.);
#1053 = LINE('',#1054,#1055);
#1054 = CARTESIAN_POINT('',(-28.64954260045,87.951428122485,75.));
#1055 = VECTOR('',#1056,1.);
#1056 = DIRECTION('',(0.,0.,1.));
#1057 = ORIENTED_EDGE('',*,*,#131,.T.);
#1058 = ORIENTED_EDGE('',*,*,#984,.T.);
#1059 = ORIENTED_EDGE('',*,*,#1060,.F.);
#1060 = EDGE_CURVE('',#1061,#977,#1063,.T.);
#1061 = VERTEX_POINT('',#1062);
#1062 = CARTESIAN_POINT('',(-68.02489168102,62.680651813653,79.5));
#1063 = CIRCLE('',#1064,92.5);
#1064 = AXIS2_PLACEMENT_3D('',#1065,#1066,#1067);
#1065 = CARTESIAN_POINT('',(0.,0.,79.5));
#1066 = DIRECTION('',(0.,0.,1.));
#1067 = DIRECTION('',(1.,0.,0.));
#1068 = ORIENTED_EDGE('',*,*,#1069,.T.);
#1069 = EDGE_CURVE('',#1061,#1027,#1070,.T.);
#1070 = LINE('',#1071,#1072);
#1071 = CARTESIAN_POINT('',(-68.02489168102,62.680651813653,75.));
#1072 = VECTOR('',#1073,1.);
#1073 = DIRECTION('',(0.,0.,1.));
#1074 = CYLINDRICAL_SURFACE('',#1075,92.5);
#1075 = AXIS2_PLACEMENT_3D('',#1076,#1077,#1078);
#1076 = CARTESIAN_POINT('',(0.,0.,75.));
#1077 = DIRECTION('',(0.,0.,1.));
#1078 = DIRECTION('',(1.,0.,0.));
#1079 = ADVANCED_FACE('',(#1080),#1098,.T.);
#1080 = FACE_BOUND('',#1081,.T.);
#1081 = EDGE_LOOP('',(#1082,#1083,#1091,#1097));
#1082 = ORIENTED_EDGE('',*,*,#1010,.T.);
#1083 = ORIENTED_EDGE('',*,*,#1084,.T.);
#1084 = EDGE_CURVE('',#1000,#1085,#1087,.T.);
#1085 = VERTEX_POINT('',#1086);
#1086 = CARTESIAN_POINT('',(24.149542600457,89.291934642434,79.5));
#1087 = LINE('',#1088,#1089);
#1088 = CARTESIAN_POINT('',(24.149542600457,0.,79.5));
#1089 = VECTOR('',#1090,1.);
#1090 = DIRECTION('',(0.,-1.,0.));
#1091 = ORIENTED_EDGE('',*,*,#1092,.F.);
#1092 = EDGE_CURVE('',#166,#1085,#1093,.T.);
#1093 = LINE('',#1094,#1095);
#1094 = CARTESIAN_POINT('',(24.149542600457,89.291934642434,75.));
#1095 = VECTOR('',#1096,1.);
#1096 = DIRECTION('',(0.,0.,1.));
#1097 = ORIENTED_EDGE('',*,*,#174,.T.);
#1098 = PLANE('',#1099);
#1099 = AXIS2_PLACEMENT_3D('',#1100,#1101,#1102);
#1100 = CARTESIAN_POINT('',(24.149542600457,0.,74.));
#1101 = DIRECTION('',(1.,0.,0.));
#1102 = DIRECTION('',(0.,0.,1.));
#1103 = ADVANCED_FACE('',(#1104),#1122,.T.);
#1104 = FACE_BOUND('',#1105,.T.);
#1105 = EDGE_LOOP('',(#1106,#1114,#1120,#1121));
#1106 = ORIENTED_EDGE('',*,*,#1107,.T.);
#1107 = EDGE_CURVE('',#141,#1108,#1110,.T.);
#1108 = VERTEX_POINT('',#1109);
#1109 = CARTESIAN_POINT('',(-28.64954260045,98.524434281485,79.5));
#1110 = LINE('',#1111,#1112);
#1111 = CARTESIAN_POINT('',(-28.64954260045,98.524434281485,74.));
#1112 = VECTOR('',#1113,1.);
#1113 = DIRECTION('',(0.,0.,1.));
#1114 = ORIENTED_EDGE('',*,*,#1115,.T.);
#1115 = EDGE_CURVE('',#1108,#1044,#1116,.T.);
#1116 = LINE('',#1117,#1118);
#1117 = CARTESIAN_POINT('',(-28.64954260045,0.,79.5));
#1118 = VECTOR('',#1119,1.);
#1119 = DIRECTION('',(0.,-1.,0.));
#1120 = ORIENTED_EDGE('',*,*,#1052,.F.);
#1121 = ORIENTED_EDGE('',*,*,#140,.T.);
#1122 = PLANE('',#1123);
#1123 = AXIS2_PLACEMENT_3D('',#1124,#1125,#1126);
#1124 = CARTESIAN_POINT('',(-28.64954260045,0.,74.));
#1125 = DIRECTION('',(1.,0.,0.));
#1126 = DIRECTION('',(0.,0.,1.));
#1127 = ADVANCED_FACE('',(#1128),#1181,.F.);
#1128 = FACE_BOUND('',#1129,.F.);
#1129 = EDGE_LOOP('',(#1130,#1141,#1149,#1156,#1157,#1158,#1166,#1175));
#1130 = ORIENTED_EDGE('',*,*,#1131,.F.);
#1131 = EDGE_CURVE('',#1132,#1134,#1136,.T.);
#1132 = VERTEX_POINT('',#1133);
#1133 = CARTESIAN_POINT('',(22.299542600457,89.77182408646,83.));
#1134 = VERTEX_POINT('',#1135);
#1135 = CARTESIAN_POINT('',(-22.29954260045,89.77182408646,83.));
#1136 = CIRCLE('',#1137,92.5);
#1137 = AXIS2_PLACEMENT_3D('',#1138,#1139,#1140);
#1138 = CARTESIAN_POINT('',(0.,0.,83.));
#1139 = DIRECTION('',(0.,0.,1.));
#1140 = DIRECTION('',(1.,0.,0.));
#1141 = ORIENTED_EDGE('',*,*,#1142,.F.);
#1142 = EDGE_CURVE('',#1143,#1132,#1145,.T.);
#1143 = VERTEX_POINT('',#1144);
#1144 = CARTESIAN_POINT('',(22.299542600457,89.77182408646,79.5));
#1145 = LINE('',#1146,#1147);
#1146 = CARTESIAN_POINT('',(22.299542600457,89.77182408646,75.));
#1147 = VECTOR('',#1148,1.);
#1148 = DIRECTION('',(0.,0.,1.));
#1149 = ORIENTED_EDGE('',*,*,#1150,.F.);
#1150 = EDGE_CURVE('',#1085,#1143,#1151,.T.);
#1151 = CIRCLE('',#1152,92.5);
#1152 = AXIS2_PLACEMENT_3D('',#1153,#1154,#1155);
#1153 = CARTESIAN_POINT('',(0.,0.,79.5));
#1154 = DIRECTION('',(0.,0.,1.));
#1155 = DIRECTION('',(1.,0.,0.));
#1156 = ORIENTED_EDGE('',*,*,#1092,.F.);
#1157 = ORIENTED_EDGE('',*,*,#165,.T.);
#1158 = ORIENTED_EDGE('',*,*,#1159,.T.);
#1159 = EDGE_CURVE('',#158,#1160,#1162,.T.);
#1160 = VERTEX_POINT('',#1161);
#1161 = CARTESIAN_POINT('',(-24.14954260045,89.291934642434,79.5));
#1162 = LINE('',#1163,#1164);
#1163 = CARTESIAN_POINT('',(-24.14954260045,89.291934642434,75.));
#1164 = VECTOR('',#1165,1.);
#1165 = DIRECTION('',(0.,0.,1.));
#1166 = ORIENTED_EDGE('',*,*,#1167,.F.);
#1167 = EDGE_CURVE('',#1168,#1160,#1170,.T.);
#1168 = VERTEX_POINT('',#1169);
#1169 = CARTESIAN_POINT('',(-22.29954260045,89.77182408646,79.5));
#1170 = CIRCLE('',#1171,92.5);
#1171 = AXIS2_PLACEMENT_3D('',#1172,#1173,#1174);
#1172 = CARTESIAN_POINT('',(0.,0.,79.5));
#1173 = DIRECTION('',(0.,0.,1.));
#1174 = DIRECTION('',(1.,0.,0.));
#1175 = ORIENTED_EDGE('',*,*,#1176,.T.);
#1176 = EDGE_CURVE('',#1168,#1134,#1177,.T.);
#1177 = LINE('',#1178,#1179);
#1178 = CARTESIAN_POINT('',(-22.29954260045,89.77182408646,75.));
#1179 = VECTOR('',#1180,1.);
#1180 = DIRECTION('',(0.,0.,1.));
#1181 = CYLINDRICAL_SURFACE('',#1182,92.5);
#1182 = AXIS2_PLACEMENT_3D('',#1183,#1184,#1185);
#1183 = CARTESIAN_POINT('',(0.,0.,75.));
#1184 = DIRECTION('',(0.,0.,1.));
#1185 = DIRECTION('',(1.,0.,0.));
#1186 = ADVANCED_FACE('',(#1187),#1206,.F.);
#1187 = FACE_BOUND('',#1188,.F.);
#1188 = EDGE_LOOP('',(#1189,#1198,#1204,#1205));
#1189 = ORIENTED_EDGE('',*,*,#1190,.F.);
#1190 = EDGE_CURVE('',#1191,#1108,#1193,.T.);
#1191 = VERTEX_POINT('',#1192);
#1192 = CARTESIAN_POINT('',(-24.14954260045,98.524434281485,79.5));
#1193 = CIRCLE('',#1194,2.25);
#1194 = AXIS2_PLACEMENT_3D('',#1195,#1196,#1197);
#1195 = CARTESIAN_POINT('',(-26.39954260045,98.524434281485,79.5));
#1196 = DIRECTION('',(0.,0.,1.));
#1197 = DIRECTION('',(1.,0.,0.));
#1198 = ORIENTED_EDGE('',*,*,#1199,.F.);
#1199 = EDGE_CURVE('',#149,#1191,#1200,.T.);
#1200 = LINE('',#1201,#1202);
#1201 = CARTESIAN_POINT('',(-24.14954260045,98.524434281485,74.));
#1202 = VECTOR('',#1203,1.);
#1203 = DIRECTION('',(0.,0.,1.));
#1204 = ORIENTED_EDGE('',*,*,#148,.T.);
#1205 = ORIENTED_EDGE('',*,*,#1107,.T.);
#1206 = CYLINDRICAL_SURFACE('',#1207,2.25);
#1207 = AXIS2_PLACEMENT_3D('',#1208,#1209,#1210);
#1208 = CARTESIAN_POINT('',(-26.39954260045,98.524434281485,74.));
#1209 = DIRECTION('',(0.,0.,1.));
#1210 = DIRECTION('',(1.,0.,0.));
#1211 = ADVANCED_FACE('',(#1212),#1223,.F.);
#1212 = FACE_BOUND('',#1213,.F.);
#1213 = EDGE_LOOP('',(#1214,#1215,#1221,#1222));
#1214 = ORIENTED_EDGE('',*,*,#1199,.T.);
#1215 = ORIENTED_EDGE('',*,*,#1216,.T.);
#1216 = EDGE_CURVE('',#1191,#1160,#1217,.T.);
#1217 = LINE('',#1218,#1219);
#1218 = CARTESIAN_POINT('',(-24.14954260045,49.262217140742,79.5));
#1219 = VECTOR('',#1220,1.);
#1220 = DIRECTION('',(0.,-1.,0.));
#1221 = ORIENTED_EDGE('',*,*,#1159,.F.);
#1222 = ORIENTED_EDGE('',*,*,#157,.T.);
#1223 = PLANE('',#1224);
#1224 = AXIS2_PLACEMENT_3D('',#1225,#1226,#1227);
#1225 = CARTESIAN_POINT('',(-24.14954260045,0.,74.));
#1226 = DIRECTION('',(1.,0.,0.));
#1227 = DIRECTION('',(0.,0.,1.));
#1228 = ADVANCED_FACE('',(#1229),#1254,.T.);
#1229 = FACE_BOUND('',#1230,.T.);
#1230 = EDGE_LOOP('',(#1231,#1232,#1240,#1248));
#1231 = ORIENTED_EDGE('',*,*,#250,.T.);
#1232 = ORIENTED_EDGE('',*,*,#1233,.T.);
#1233 = EDGE_CURVE('',#253,#1234,#1236,.T.);
#1234 = VERTEX_POINT('',#1235);
#1235 = CARTESIAN_POINT('',(-112.5,-1.727608007997,78.49));
#1236 = LINE('',#1237,#1238);
#1237 = CARTESIAN_POINT('',(-112.5,-1.727608007997,74.99));
#1238 = VECTOR('',#1239,1.);
#1239 = DIRECTION('',(0.,0.,1.));
#1240 = ORIENTED_EDGE('',*,*,#1241,.T.);
#1241 = EDGE_CURVE('',#1234,#1242,#1244,.T.);
#1242 = VERTEX_POINT('',#1243);
#1243 = CARTESIAN_POINT('',(-116.2,-3.863804003998,78.49));
#1244 = LINE('',#1245,#1246);
#1245 = CARTESIAN_POINT('',(-112.5,-1.727608007997,78.49));
#1246 = VECTOR('',#1247,1.);
#1247 = DIRECTION('',(-0.866025403784,-0.5,0.));
#1248 = ORIENTED_EDGE('',*,*,#1249,.F.);
#1249 = EDGE_CURVE('',#251,#1242,#1250,.T.);
#1250 = LINE('',#1251,#1252);
#1251 = CARTESIAN_POINT('',(-116.2,-3.863804003998,74.99));
#1252 = VECTOR('',#1253,1.);
#1253 = DIRECTION('',(0.,0.,1.));
#1254 = PLANE('',#1255);
#1255 = AXIS2_PLACEMENT_3D('',#1256,#1257,#1258);
#1256 = CARTESIAN_POINT('',(-112.5,-1.727608007997,74.99));
#1257 = DIRECTION('',(0.5,-0.866025403784,0.));
#1258 = DIRECTION('',(-0.866025403784,-0.5,0.));
#1259 = ADVANCED_FACE('',(#1260),#1278,.T.);
#1260 = FACE_BOUND('',#1261,.T.);
#1261 = EDGE_LOOP('',(#1262,#1263,#1264,#1272));
#1262 = ORIENTED_EDGE('',*,*,#292,.T.);
#1263 = ORIENTED_EDGE('',*,*,#1249,.T.);
#1264 = ORIENTED_EDGE('',*,*,#1265,.T.);
#1265 = EDGE_CURVE('',#1242,#1266,#1268,.T.);
#1266 = VERTEX_POINT('',#1267);
#1267 = CARTESIAN_POINT('',(-116.2,-8.136195996002,78.49));
#1268 = LINE('',#1269,#1270);
#1269 = CARTESIAN_POINT('',(-116.2,-3.863804003998,78.49));
#1270 = VECTOR('',#1271,1.);
#1271 = DIRECTION('',(1.039439289937E-16,-1.,0.));
#1272 = ORIENTED_EDGE('',*,*,#1273,.F.);
#1273 = EDGE_CURVE('',#285,#1266,#1274,.T.);
#1274 = LINE('',#1275,#1276);
#1275 = CARTESIAN_POINT('',(-116.2,-8.136195996002,74.99));
#1276 = VECTOR('',#1277,1.);
#1277 = DIRECTION('',(0.,0.,1.));
#1278 = PLANE('',#1279);
#1279 = AXIS2_PLACEMENT_3D('',#1280,#1281,#1282);
#1280 = CARTESIAN_POINT('',(-116.2,-3.863804003998,74.99));
#1281 = DIRECTION('',(1.,1.039439289937E-16,0.));
#1282 = DIRECTION('',(1.039439289937E-16,-1.,0.));
#1283 = ADVANCED_FACE('',(#1284),#1302,.T.);
#1284 = FACE_BOUND('',#1285,.T.);
#1285 = EDGE_LOOP('',(#1286,#1287,#1295,#1301));
#1286 = ORIENTED_EDGE('',*,*,#260,.T.);
#1287 = ORIENTED_EDGE('',*,*,#1288,.T.);
#1288 = EDGE_CURVE('',#261,#1289,#1291,.T.);
#1289 = VERTEX_POINT('',#1290);
#1290 = CARTESIAN_POINT('',(-108.8,-3.863804003998,78.49));
#1291 = LINE('',#1292,#1293);
#1292 = CARTESIAN_POINT('',(-108.8,-3.863804003998,74.99));
#1293 = VECTOR('',#1294,1.);
#1294 = DIRECTION('',(0.,0.,1.));
#1295 = ORIENTED_EDGE('',*,*,#1296,.T.);
#1296 = EDGE_CURVE('',#1289,#1234,#1297,.T.);
#1297 = LINE('',#1298,#1299);
#1298 = CARTESIAN_POINT('',(-108.8,-3.863804003998,78.49));
#1299 = VECTOR('',#1300,1.);
#1300 = DIRECTION('',(-0.866025403784,0.5,0.));
#1301 = ORIENTED_EDGE('',*,*,#1233,.F.);
#1302 = PLANE('',#1303);
#1303 = AXIS2_PLACEMENT_3D('',#1304,#1305,#1306);
#1304 = CARTESIAN_POINT('',(-108.8,-3.863804003998,74.99));
#1305 = DIRECTION('',(-0.5,-0.866025403784,0.));
#1306 = DIRECTION('',(-0.866025403784,0.5,0.));
#1307 = ADVANCED_FACE('',(#1308),#1326,.T.);
#1308 = FACE_BOUND('',#1309,.T.);
#1309 = EDGE_LOOP('',(#1310,#1311,#1312,#1320));
#1310 = ORIENTED_EDGE('',*,*,#284,.T.);
#1311 = ORIENTED_EDGE('',*,*,#1273,.T.);
#1312 = ORIENTED_EDGE('',*,*,#1313,.T.);
#1313 = EDGE_CURVE('',#1266,#1314,#1316,.T.);
#1314 = VERTEX_POINT('',#1315);
#1315 = CARTESIAN_POINT('',(-112.5,-10.272391992,78.49));
#1316 = LINE('',#1317,#1318);
#1317 = CARTESIAN_POINT('',(-116.2,-8.136195996002,78.49));
#1318 = VECTOR('',#1319,1.);
#1319 = DIRECTION('',(0.866025403784,-0.5,0.));
#1320 = ORIENTED_EDGE('',*,*,#1321,.F.);
#1321 = EDGE_CURVE('',#277,#1314,#1322,.T.);
#1322 = LINE('',#1323,#1324);
#1323 = CARTESIAN_POINT('',(-112.5,-10.272391992,74.99));
#1324 = VECTOR('',#1325,1.);
#1325 = DIRECTION('',(0.,0.,1.));
#1326 = PLANE('',#1327);
#1327 = AXIS2_PLACEMENT_3D('',#1328,#1329,#1330);
#1328 = CARTESIAN_POINT('',(-116.2,-8.136195996002,74.99));
#1329 = DIRECTION('',(0.5,0.866025403784,0.));
#1330 = DIRECTION('',(0.866025403784,-0.5,0.));
#1331 = ADVANCED_FACE('',(#1332),#1350,.T.);
#1332 = FACE_BOUND('',#1333,.T.);
#1333 = EDGE_LOOP('',(#1334,#1335,#1343,#1349));
#1334 = ORIENTED_EDGE('',*,*,#268,.T.);
#1335 = ORIENTED_EDGE('',*,*,#1336,.T.);
#1336 = EDGE_CURVE('',#269,#1337,#1339,.T.);
#1337 = VERTEX_POINT('',#1338);
#1338 = CARTESIAN_POINT('',(-108.8,-8.136195996002,78.49));
#1339 = LINE('',#1340,#1341);
#1340 = CARTESIAN_POINT('',(-108.8,-8.136195996002,74.99));
#1341 = VECTOR('',#1342,1.);
#1342 = DIRECTION('',(0.,0.,1.));
#1343 = ORIENTED_EDGE('',*,*,#1344,.T.);
#1344 = EDGE_CURVE('',#1337,#1289,#1345,.T.);
#1345 = LINE('',#1346,#1347);
#1346 = CARTESIAN_POINT('',(-108.8,-8.136195996002,78.49));
#1347 = VECTOR('',#1348,1.);
#1348 = DIRECTION('',(4.157757159748E-16,1.,0.));
#1349 = ORIENTED_EDGE('',*,*,#1288,.F.);
#1350 = PLANE('',#1351);
#1351 = AXIS2_PLACEMENT_3D('',#1352,#1353,#1354);
#1352 = CARTESIAN_POINT('',(-108.8,-8.136195996002,74.99));
#1353 = DIRECTION('',(-1.,4.157757159748E-16,0.));
#1354 = DIRECTION('',(4.157757159748E-16,1.,0.));
#1355 = ADVANCED_FACE('',(#1356),#1367,.T.);
#1356 = FACE_BOUND('',#1357,.T.);
#1357 = EDGE_LOOP('',(#1358,#1359,#1360,#1366));
#1358 = ORIENTED_EDGE('',*,*,#276,.T.);
#1359 = ORIENTED_EDGE('',*,*,#1321,.T.);
#1360 = ORIENTED_EDGE('',*,*,#1361,.T.);
#1361 = EDGE_CURVE('',#1314,#1337,#1362,.T.);
#1362 = LINE('',#1363,#1364);
#1363 = CARTESIAN_POINT('',(-112.5,-10.272391992,78.49));
#1364 = VECTOR('',#1365,1.);
#1365 = DIRECTION('',(0.866025403784,0.5,0.));
#1366 = ORIENTED_EDGE('',*,*,#1336,.F.);
#1367 = PLANE('',#1368);
#1368 = AXIS2_PLACEMENT_3D('',#1369,#1370,#1371);
#1369 = CARTESIAN_POINT('',(-112.5,-10.272391992,74.99));
#1370 = DIRECTION('',(-0.5,0.866025403784,0.));
#1371 = DIRECTION('',(0.866025403784,0.5,0.));
#1372 = ADVANCED_FACE('',(#1373),#1398,.T.);
#1373 = FACE_BOUND('',#1374,.T.);
#1374 = EDGE_LOOP('',(#1375,#1376,#1384,#1392));
#1375 = ORIENTED_EDGE('',*,*,#300,.T.);
#1376 = ORIENTED_EDGE('',*,*,#1377,.T.);
#1377 = EDGE_CURVE('',#303,#1378,#1380,.T.);
#1378 = VERTEX_POINT('',#1379);
#1379 = CARTESIAN_POINT('',(112.5,-1.727608007997,78.49));
#1380 = LINE('',#1381,#1382);
#1381 = CARTESIAN_POINT('',(112.5,-1.727608007997,74.99));
#1382 = VECTOR('',#1383,1.);
#1383 = DIRECTION('',(0.,0.,1.));
#1384 = ORIENTED_EDGE('',*,*,#1385,.T.);
#1385 = EDGE_CURVE('',#1378,#1386,#1388,.T.);
#1386 = VERTEX_POINT('',#1387);
#1387 = CARTESIAN_POINT('',(108.8,-3.863804003998,78.49));
#1388 = LINE('',#1389,#1390);
#1389 = CARTESIAN_POINT('',(112.5,-1.727608007997,78.49));
#1390 = VECTOR('',#1391,1.);
#1391 = DIRECTION('',(-0.866025403784,-0.5,0.));
#1392 = ORIENTED_EDGE('',*,*,#1393,.F.);
#1393 = EDGE_CURVE('',#301,#1386,#1394,.T.);
#1394 = LINE('',#1395,#1396);
#1395 = CARTESIAN_POINT('',(108.8,-3.863804003998,74.99));
#1396 = VECTOR('',#1397,1.);
#1397 = DIRECTION('',(0.,0.,1.));
#1398 = PLANE('',#1399);
#1399 = AXIS2_PLACEMENT_3D('',#1400,#1401,#1402);
#1400 = CARTESIAN_POINT('',(112.5,-1.727608007997,74.99));
#1401 = DIRECTION('',(0.5,-0.866025403784,0.));
#1402 = DIRECTION('',(-0.866025403784,-0.5,0.));
#1403 = ADVANCED_FACE('',(#1404),#1422,.T.);
#1404 = FACE_BOUND('',#1405,.T.);
#1405 = EDGE_LOOP('',(#1406,#1407,#1408,#1416));
#1406 = ORIENTED_EDGE('',*,*,#342,.T.);
#1407 = ORIENTED_EDGE('',*,*,#1393,.T.);
#1408 = ORIENTED_EDGE('',*,*,#1409,.T.);
#1409 = EDGE_CURVE('',#1386,#1410,#1412,.T.);
#1410 = VERTEX_POINT('',#1411);
#1411 = CARTESIAN_POINT('',(108.8,-8.136195996002,78.49));
#1412 = LINE('',#1413,#1414);
#1413 = CARTESIAN_POINT('',(108.8,-3.863804003998,78.49));
#1414 = VECTOR('',#1415,1.);
#1415 = DIRECTION('',(1.039439289937E-16,-1.,0.));
#1416 = ORIENTED_EDGE('',*,*,#1417,.F.);
#1417 = EDGE_CURVE('',#335,#1410,#1418,.T.);
#1418 = LINE('',#1419,#1420);
#1419 = CARTESIAN_POINT('',(108.8,-8.136195996002,74.99));
#1420 = VECTOR('',#1421,1.);
#1421 = DIRECTION('',(0.,0.,1.));
#1422 = PLANE('',#1423);
#1423 = AXIS2_PLACEMENT_3D('',#1424,#1425,#1426);
#1424 = CARTESIAN_POINT('',(108.8,-3.863804003998,74.99));
#1425 = DIRECTION('',(1.,1.039439289937E-16,0.));
#1426 = DIRECTION('',(1.039439289937E-16,-1.,0.));
#1427 = ADVANCED_FACE('',(#1428),#1446,.T.);
#1428 = FACE_BOUND('',#1429,.T.);
#1429 = EDGE_LOOP('',(#1430,#1431,#1439,#1445));
#1430 = ORIENTED_EDGE('',*,*,#310,.T.);
#1431 = ORIENTED_EDGE('',*,*,#1432,.T.);
#1432 = EDGE_CURVE('',#311,#1433,#1435,.T.);
#1433 = VERTEX_POINT('',#1434);
#1434 = CARTESIAN_POINT('',(116.2,-3.863804003998,78.49));
#1435 = LINE('',#1436,#1437);
#1436 = CARTESIAN_POINT('',(116.2,-3.863804003998,74.99));
#1437 = VECTOR('',#1438,1.);
#1438 = DIRECTION('',(0.,0.,1.));
#1439 = ORIENTED_EDGE('',*,*,#1440,.T.);
#1440 = EDGE_CURVE('',#1433,#1378,#1441,.T.);
#1441 = LINE('',#1442,#1443);
#1442 = CARTESIAN_POINT('',(116.2,-3.863804003998,78.49));
#1443 = VECTOR('',#1444,1.);
#1444 = DIRECTION('',(-0.866025403784,0.5,0.));
#1445 = ORIENTED_EDGE('',*,*,#1377,.F.);
#1446 = PLANE('',#1447);
#1447 = AXIS2_PLACEMENT_3D('',#1448,#1449,#1450);
#1448 = CARTESIAN_POINT('',(116.2,-3.863804003998,74.99));
#1449 = DIRECTION('',(-0.5,-0.866025403784,0.));
#1450 = DIRECTION('',(-0.866025403784,0.5,0.));
#1451 = ADVANCED_FACE('',(#1452),#1470,.T.);
#1452 = FACE_BOUND('',#1453,.T.);
#1453 = EDGE_LOOP('',(#1454,#1455,#1456,#1464));
#1454 = ORIENTED_EDGE('',*,*,#334,.T.);
#1455 = ORIENTED_EDGE('',*,*,#1417,.T.);
#1456 = ORIENTED_EDGE('',*,*,#1457,.T.);
#1457 = EDGE_CURVE('',#1410,#1458,#1460,.T.);
#1458 = VERTEX_POINT('',#1459);
#1459 = CARTESIAN_POINT('',(112.5,-10.272391992,78.49));
#1460 = LINE('',#1461,#1462);
#1461 = CARTESIAN_POINT('',(108.8,-8.136195996002,78.49));
#1462 = VECTOR('',#1463,1.);
#1463 = DIRECTION('',(0.866025403784,-0.5,0.));
#1464 = ORIENTED_EDGE('',*,*,#1465,.F.);
#1465 = EDGE_CURVE('',#327,#1458,#1466,.T.);
#1466 = LINE('',#1467,#1468);
#1467 = CARTESIAN_POINT('',(112.5,-10.272391992,74.99));
#1468 = VECTOR('',#1469,1.);
#1469 = DIRECTION('',(0.,0.,1.));
#1470 = PLANE('',#1471);
#1471 = AXIS2_PLACEMENT_3D('',#1472,#1473,#1474);
#1472 = CARTESIAN_POINT('',(108.8,-8.136195996002,74.99));
#1473 = DIRECTION('',(0.5,0.866025403784,0.));
#1474 = DIRECTION('',(0.866025403784,-0.5,0.));
#1475 = ADVANCED_FACE('',(#1476),#1494,.T.);
#1476 = FACE_BOUND('',#1477,.T.);
#1477 = EDGE_LOOP('',(#1478,#1479,#1487,#1493));
#1478 = ORIENTED_EDGE('',*,*,#318,.T.);
#1479 = ORIENTED_EDGE('',*,*,#1480,.T.);
#1480 = EDGE_CURVE('',#319,#1481,#1483,.T.);
#1481 = VERTEX_POINT('',#1482);
#1482 = CARTESIAN_POINT('',(116.2,-8.136195996002,78.49));
#1483 = LINE('',#1484,#1485);
#1484 = CARTESIAN_POINT('',(116.2,-8.136195996002,74.99));
#1485 = VECTOR('',#1486,1.);
#1486 = DIRECTION('',(0.,0.,1.));
#1487 = ORIENTED_EDGE('',*,*,#1488,.T.);
#1488 = EDGE_CURVE('',#1481,#1433,#1489,.T.);
#1489 = LINE('',#1490,#1491);
#1490 = CARTESIAN_POINT('',(116.2,-8.136195996002,78.49));
#1491 = VECTOR('',#1492,1.);
#1492 = DIRECTION('',(4.157757159748E-16,1.,0.));
#1493 = ORIENTED_EDGE('',*,*,#1432,.F.);
#1494 = PLANE('',#1495);
#1495 = AXIS2_PLACEMENT_3D('',#1496,#1497,#1498);
#1496 = CARTESIAN_POINT('',(116.2,-8.136195996002,74.99));
#1497 = DIRECTION('',(-1.,4.157757159748E-16,0.));
#1498 = DIRECTION('',(4.157757159748E-16,1.,0.));
#1499 = ADVANCED_FACE('',(#1500),#1511,.T.);
#1500 = FACE_BOUND('',#1501,.T.);
#1501 = EDGE_LOOP('',(#1502,#1503,#1504,#1510));
#1502 = ORIENTED_EDGE('',*,*,#326,.T.);
#1503 = ORIENTED_EDGE('',*,*,#1465,.T.);
#1504 = ORIENTED_EDGE('',*,*,#1505,.T.);
#1505 = EDGE_CURVE('',#1458,#1481,#1506,.T.);
#1506 = LINE('',#1507,#1508);
#1507 = CARTESIAN_POINT('',(112.5,-10.272391992,78.49));
#1508 = VECTOR('',#1509,1.);
#1509 = DIRECTION('',(0.866025403784,0.5,0.));
#1510 = ORIENTED_EDGE('',*,*,#1480,.F.);
#1511 = PLANE('',#1512);
#1512 = AXIS2_PLACEMENT_3D('',#1513,#1514,#1515);
#1513 = CARTESIAN_POINT('',(112.5,-10.272391992,74.99));
#1514 = DIRECTION('',(-0.5,0.866025403784,0.));
#1515 = DIRECTION('',(0.866025403784,0.5,0.));
#1516 = ADVANCED_FACE('',(#1517),#1542,.T.);
#1517 = FACE_BOUND('',#1518,.T.);
#1518 = EDGE_LOOP('',(#1519,#1520,#1528,#1536));
#1519 = ORIENTED_EDGE('',*,*,#350,.T.);
#1520 = ORIENTED_EDGE('',*,*,#1521,.T.);
#1521 = EDGE_CURVE('',#353,#1522,#1524,.T.);
#1522 = VERTEX_POINT('',#1523);
#1523 = CARTESIAN_POINT('',(-112.5,10.272391992003,78.49));
#1524 = LINE('',#1525,#1526);
#1525 = CARTESIAN_POINT('',(-112.5,10.272391992003,74.99));
#1526 = VECTOR('',#1527,1.);
#1527 = DIRECTION('',(0.,0.,1.));
#1528 = ORIENTED_EDGE('',*,*,#1529,.T.);
#1529 = EDGE_CURVE('',#1522,#1530,#1532,.T.);
#1530 = VERTEX_POINT('',#1531);
#1531 = CARTESIAN_POINT('',(-116.2,8.136195996002,78.49));
#1532 = LINE('',#1533,#1534);
#1533 = CARTESIAN_POINT('',(-112.5,10.272391992003,78.49));
#1534 = VECTOR('',#1535,1.);
#1535 = DIRECTION('',(-0.866025403784,-0.5,0.));
#1536 = ORIENTED_EDGE('',*,*,#1537,.F.);
#1537 = EDGE_CURVE('',#351,#1530,#1538,.T.);
#1538 = LINE('',#1539,#1540);
#1539 = CARTESIAN_POINT('',(-116.2,8.136195996002,74.99));
#1540 = VECTOR('',#1541,1.);
#1541 = DIRECTION('',(0.,0.,1.));
#1542 = PLANE('',#1543);
#1543 = AXIS2_PLACEMENT_3D('',#1544,#1545,#1546);
#1544 = CARTESIAN_POINT('',(-112.5,10.272391992003,74.99));
#1545 = DIRECTION('',(0.5,-0.866025403784,0.));
#1546 = DIRECTION('',(-0.866025403784,-0.5,0.));
#1547 = ADVANCED_FACE('',(#1548),#1566,.T.);
#1548 = FACE_BOUND('',#1549,.T.);
#1549 = EDGE_LOOP('',(#1550,#1551,#1552,#1560));
#1550 = ORIENTED_EDGE('',*,*,#392,.T.);
#1551 = ORIENTED_EDGE('',*,*,#1537,.T.);
#1552 = ORIENTED_EDGE('',*,*,#1553,.T.);
#1553 = EDGE_CURVE('',#1530,#1554,#1556,.T.);
#1554 = VERTEX_POINT('',#1555);
#1555 = CARTESIAN_POINT('',(-116.2,3.863804003998,78.49));
#1556 = LINE('',#1557,#1558);
#1557 = CARTESIAN_POINT('',(-116.2,8.136195996002,78.49));
#1558 = VECTOR('',#1559,1.);
#1559 = DIRECTION('',(1.039439289937E-16,-1.,0.));
#1560 = ORIENTED_EDGE('',*,*,#1561,.F.);
#1561 = EDGE_CURVE('',#385,#1554,#1562,.T.);
#1562 = LINE('',#1563,#1564);
#1563 = CARTESIAN_POINT('',(-116.2,3.863804003998,74.99));
#1564 = VECTOR('',#1565,1.);
#1565 = DIRECTION('',(0.,0.,1.));
#1566 = PLANE('',#1567);
#1567 = AXIS2_PLACEMENT_3D('',#1568,#1569,#1570);
#1568 = CARTESIAN_POINT('',(-116.2,8.136195996002,74.99));
#1569 = DIRECTION('',(1.,1.039439289937E-16,0.));
#1570 = DIRECTION('',(1.039439289937E-16,-1.,0.));
#1571 = ADVANCED_FACE('',(#1572),#1590,.T.);
#1572 = FACE_BOUND('',#1573,.T.);
#1573 = EDGE_LOOP('',(#1574,#1575,#1583,#1589));
#1574 = ORIENTED_EDGE('',*,*,#360,.T.);
#1575 = ORIENTED_EDGE('',*,*,#1576,.T.);
#1576 = EDGE_CURVE('',#361,#1577,#1579,.T.);
#1577 = VERTEX_POINT('',#1578);
#1578 = CARTESIAN_POINT('',(-108.8,8.136195996002,78.49));
#1579 = LINE('',#1580,#1581);
#1580 = CARTESIAN_POINT('',(-108.8,8.136195996002,74.99));
#1581 = VECTOR('',#1582,1.);
#1582 = DIRECTION('',(0.,0.,1.));
#1583 = ORIENTED_EDGE('',*,*,#1584,.T.);
#1584 = EDGE_CURVE('',#1577,#1522,#1585,.T.);
#1585 = LINE('',#1586,#1587);
#1586 = CARTESIAN_POINT('',(-108.8,8.136195996002,78.49));
#1587 = VECTOR('',#1588,1.);
#1588 = DIRECTION('',(-0.866025403784,0.5,0.));
#1589 = ORIENTED_EDGE('',*,*,#1521,.F.);
#1590 = PLANE('',#1591);
#1591 = AXIS2_PLACEMENT_3D('',#1592,#1593,#1594);
#1592 = CARTESIAN_POINT('',(-108.8,8.136195996002,74.99));
#1593 = DIRECTION('',(-0.5,-0.866025403784,0.));
#1594 = DIRECTION('',(-0.866025403784,0.5,0.));
#1595 = ADVANCED_FACE('',(#1596),#1614,.T.);
#1596 = FACE_BOUND('',#1597,.T.);
#1597 = EDGE_LOOP('',(#1598,#1599,#1600,#1608));
#1598 = ORIENTED_EDGE('',*,*,#384,.T.);
#1599 = ORIENTED_EDGE('',*,*,#1561,.T.);
#1600 = ORIENTED_EDGE('',*,*,#1601,.T.);
#1601 = EDGE_CURVE('',#1554,#1602,#1604,.T.);
#1602 = VERTEX_POINT('',#1603);
#1603 = CARTESIAN_POINT('',(-112.5,1.727608007997,78.49));
#1604 = LINE('',#1605,#1606);
#1605 = CARTESIAN_POINT('',(-116.2,3.863804003998,78.49));
#1606 = VECTOR('',#1607,1.);
#1607 = DIRECTION('',(0.866025403784,-0.5,0.));
#1608 = ORIENTED_EDGE('',*,*,#1609,.F.);
#1609 = EDGE_CURVE('',#377,#1602,#1610,.T.);
#1610 = LINE('',#1611,#1612);
#1611 = CARTESIAN_POINT('',(-112.5,1.727608007997,74.99));
#1612 = VECTOR('',#1613,1.);
#1613 = DIRECTION('',(0.,0.,1.));
#1614 = PLANE('',#1615);
#1615 = AXIS2_PLACEMENT_3D('',#1616,#1617,#1618);
#1616 = CARTESIAN_POINT('',(-116.2,3.863804003998,74.99));
#1617 = DIRECTION('',(0.5,0.866025403784,0.));
#1618 = DIRECTION('',(0.866025403784,-0.5,0.));
#1619 = ADVANCED_FACE('',(#1620),#1638,.T.);
#1620 = FACE_BOUND('',#1621,.T.);
#1621 = EDGE_LOOP('',(#1622,#1623,#1631,#1637));
#1622 = ORIENTED_EDGE('',*,*,#368,.T.);
#1623 = ORIENTED_EDGE('',*,*,#1624,.T.);
#1624 = EDGE_CURVE('',#369,#1625,#1627,.T.);
#1625 = VERTEX_POINT('',#1626);
#1626 = CARTESIAN_POINT('',(-108.8,3.863804003998,78.49));
#1627 = LINE('',#1628,#1629);
#1628 = CARTESIAN_POINT('',(-108.8,3.863804003998,74.99));
#1629 = VECTOR('',#1630,1.);
#1630 = DIRECTION('',(0.,0.,1.));
#1631 = ORIENTED_EDGE('',*,*,#1632,.T.);
#1632 = EDGE_CURVE('',#1625,#1577,#1633,.T.);
#1633 = LINE('',#1634,#1635);
#1634 = CARTESIAN_POINT('',(-108.8,3.863804003998,78.49));
#1635 = VECTOR('',#1636,1.);
#1636 = DIRECTION('',(4.157757159748E-16,1.,0.));
#1637 = ORIENTED_EDGE('',*,*,#1576,.F.);
#1638 = PLANE('',#1639);
#1639 = AXIS2_PLACEMENT_3D('',#1640,#1641,#1642);
#1640 = CARTESIAN_POINT('',(-108.8,3.863804003998,74.99));
#1641 = DIRECTION('',(-1.,4.157757159748E-16,0.));
#1642 = DIRECTION('',(4.157757159748E-16,1.,0.));
#1643 = ADVANCED_FACE('',(#1644),#1655,.T.);
#1644 = FACE_BOUND('',#1645,.T.);
#1645 = EDGE_LOOP('',(#1646,#1647,#1648,#1654));
#1646 = ORIENTED_EDGE('',*,*,#376,.T.);
#1647 = ORIENTED_EDGE('',*,*,#1609,.T.);
#1648 = ORIENTED_EDGE('',*,*,#1649,.T.);
#1649 = EDGE_CURVE('',#1602,#1625,#1650,.T.);
#1650 = LINE('',#1651,#1652);
#1651 = CARTESIAN_POINT('',(-112.5,1.727608007997,78.49));
#1652 = VECTOR('',#1653,1.);
#1653 = DIRECTION('',(0.866025403784,0.5,0.));
#1654 = ORIENTED_EDGE('',*,*,#1624,.F.);
#1655 = PLANE('',#1656);
#1656 = AXIS2_PLACEMENT_3D('',#1657,#1658,#1659);
#1657 = CARTESIAN_POINT('',(-112.5,1.727608007997,74.99));
#1658 = DIRECTION('',(-0.5,0.866025403784,0.));
#1659 = DIRECTION('',(0.866025403784,0.5,0.));
#1660 = ADVANCED_FACE('',(#1661),#1686,.T.);
#1661 = FACE_BOUND('',#1662,.T.);
#1662 = EDGE_LOOP('',(#1663,#1664,#1672,#1680));
#1663 = ORIENTED_EDGE('',*,*,#400,.T.);
#1664 = ORIENTED_EDGE('',*,*,#1665,.T.);
#1665 = EDGE_CURVE('',#403,#1666,#1668,.T.);
#1666 = VERTEX_POINT('',#1667);
#1667 = CARTESIAN_POINT('',(112.5,10.272391992003,78.49));
#1668 = LINE('',#1669,#1670);
#1669 = CARTESIAN_POINT('',(112.5,10.272391992003,74.99));
#1670 = VECTOR('',#1671,1.);
#1671 = DIRECTION('',(0.,0.,1.));
#1672 = ORIENTED_EDGE('',*,*,#1673,.T.);
#1673 = EDGE_CURVE('',#1666,#1674,#1676,.T.);
#1674 = VERTEX_POINT('',#1675);
#1675 = CARTESIAN_POINT('',(108.8,8.136195996002,78.49));
#1676 = LINE('',#1677,#1678);
#1677 = CARTESIAN_POINT('',(112.5,10.272391992003,78.49));
#1678 = VECTOR('',#1679,1.);
#1679 = DIRECTION('',(-0.866025403784,-0.5,0.));
#1680 = ORIENTED_EDGE('',*,*,#1681,.F.);
#1681 = EDGE_CURVE('',#401,#1674,#1682,.T.);
#1682 = LINE('',#1683,#1684);
#1683 = CARTESIAN_POINT('',(108.8,8.136195996002,74.99));
#1684 = VECTOR('',#1685,1.);
#1685 = DIRECTION('',(0.,0.,1.));
#1686 = PLANE('',#1687);
#1687 = AXIS2_PLACEMENT_3D('',#1688,#1689,#1690);
#1688 = CARTESIAN_POINT('',(112.5,10.272391992003,74.99));
#1689 = DIRECTION('',(0.5,-0.866025403784,0.));
#1690 = DIRECTION('',(-0.866025403784,-0.5,0.));
#1691 = ADVANCED_FACE('',(#1692),#1710,.T.);
#1692 = FACE_BOUND('',#1693,.T.);
#1693 = EDGE_LOOP('',(#1694,#1695,#1696,#1704));
#1694 = ORIENTED_EDGE('',*,*,#442,.T.);
#1695 = ORIENTED_EDGE('',*,*,#1681,.T.);
#1696 = ORIENTED_EDGE('',*,*,#1697,.T.);
#1697 = EDGE_CURVE('',#1674,#1698,#1700,.T.);
#1698 = VERTEX_POINT('',#1699);
#1699 = CARTESIAN_POINT('',(108.8,3.863804003998,78.49));
#1700 = LINE('',#1701,#1702);
#1701 = CARTESIAN_POINT('',(108.8,8.136195996002,78.49));
#1702 = VECTOR('',#1703,1.);
#1703 = DIRECTION('',(1.039439289937E-16,-1.,0.));
#1704 = ORIENTED_EDGE('',*,*,#1705,.F.);
#1705 = EDGE_CURVE('',#435,#1698,#1706,.T.);
#1706 = LINE('',#1707,#1708);
#1707 = CARTESIAN_POINT('',(108.8,3.863804003998,74.99));
#1708 = VECTOR('',#1709,1.);
#1709 = DIRECTION('',(0.,0.,1.));
#1710 = PLANE('',#1711);
#1711 = AXIS2_PLACEMENT_3D('',#1712,#1713,#1714);
#1712 = CARTESIAN_POINT('',(108.8,8.136195996002,74.99));
#1713 = DIRECTION('',(1.,1.039439289937E-16,0.));
#1714 = DIRECTION('',(1.039439289937E-16,-1.,0.));
#1715 = ADVANCED_FACE('',(#1716),#1734,.T.);
#1716 = FACE_BOUND('',#1717,.T.);
#1717 = EDGE_LOOP('',(#1718,#1719,#1720,#1728));
#1718 = ORIENTED_EDGE('',*,*,#434,.T.);
#1719 = ORIENTED_EDGE('',*,*,#1705,.T.);
#1720 = ORIENTED_EDGE('',*,*,#1721,.T.);
#1721 = EDGE_CURVE('',#1698,#1722,#1724,.T.);
#1722 = VERTEX_POINT('',#1723);
#1723 = CARTESIAN_POINT('',(112.5,1.727608007997,78.49));
#1724 = LINE('',#1725,#1726);
#1725 = CARTESIAN_POINT('',(108.8,3.863804003998,78.49));
#1726 = VECTOR('',#1727,1.);
#1727 = DIRECTION('',(0.866025403784,-0.5,0.));
#1728 = ORIENTED_EDGE('',*,*,#1729,.F.);
#1729 = EDGE_CURVE('',#427,#1722,#1730,.T.);
#1730 = LINE('',#1731,#1732);
#1731 = CARTESIAN_POINT('',(112.5,1.727608007997,74.99));
#1732 = VECTOR('',#1733,1.);
#1733 = DIRECTION('',(0.,0.,1.));
#1734 = PLANE('',#1735);
#1735 = AXIS2_PLACEMENT_3D('',#1736,#1737,#1738);
#1736 = CARTESIAN_POINT('',(108.8,3.863804003998,74.99));
#1737 = DIRECTION('',(0.5,0.866025403784,0.));
#1738 = DIRECTION('',(0.866025403784,-0.5,0.));
#1739 = ADVANCED_FACE('',(#1740),#1758,.T.);
#1740 = FACE_BOUND('',#1741,.T.);
#1741 = EDGE_LOOP('',(#1742,#1743,#1744,#1752));
#1742 = ORIENTED_EDGE('',*,*,#426,.T.);
#1743 = ORIENTED_EDGE('',*,*,#1729,.T.);
#1744 = ORIENTED_EDGE('',*,*,#1745,.T.);
#1745 = EDGE_CURVE('',#1722,#1746,#1748,.T.);
#1746 = VERTEX_POINT('',#1747);
#1747 = CARTESIAN_POINT('',(116.2,3.863804003998,78.49));
#1748 = LINE('',#1749,#1750);
#1749 = CARTESIAN_POINT('',(112.5,1.727608007997,78.49));
#1750 = VECTOR('',#1751,1.);
#1751 = DIRECTION('',(0.866025403784,0.5,0.));
#1752 = ORIENTED_EDGE('',*,*,#1753,.F.);
#1753 = EDGE_CURVE('',#419,#1746,#1754,.T.);
#1754 = LINE('',#1755,#1756);
#1755 = CARTESIAN_POINT('',(116.2,3.863804003998,74.99));
#1756 = VECTOR('',#1757,1.);
#1757 = DIRECTION('',(0.,0.,1.));
#1758 = PLANE('',#1759);
#1759 = AXIS2_PLACEMENT_3D('',#1760,#1761,#1762);
#1760 = CARTESIAN_POINT('',(112.5,1.727608007997,74.99));
#1761 = DIRECTION('',(-0.5,0.866025403784,0.));
#1762 = DIRECTION('',(0.866025403784,0.5,0.));
#1763 = ADVANCED_FACE('',(#1764),#1782,.T.);
#1764 = FACE_BOUND('',#1765,.T.);
#1765 = EDGE_LOOP('',(#1766,#1767,#1768,#1776));
#1766 = ORIENTED_EDGE('',*,*,#418,.T.);
#1767 = ORIENTED_EDGE('',*,*,#1753,.T.);
#1768 = ORIENTED_EDGE('',*,*,#1769,.T.);
#1769 = EDGE_CURVE('',#1746,#1770,#1772,.T.);
#1770 = VERTEX_POINT('',#1771);
#1771 = CARTESIAN_POINT('',(116.2,8.136195996002,78.49));
#1772 = LINE('',#1773,#1774);
#1773 = CARTESIAN_POINT('',(116.2,3.863804003998,78.49));
#1774 = VECTOR('',#1775,1.);
#1775 = DIRECTION('',(4.157757159748E-16,1.,0.));
#1776 = ORIENTED_EDGE('',*,*,#1777,.F.);
#1777 = EDGE_CURVE('',#411,#1770,#1778,.T.);
#1778 = LINE('',#1779,#1780);
#1779 = CARTESIAN_POINT('',(116.2,8.136195996002,74.99));
#1780 = VECTOR('',#1781,1.);
#1781 = DIRECTION('',(0.,0.,1.));
#1782 = PLANE('',#1783);
#1783 = AXIS2_PLACEMENT_3D('',#1784,#1785,#1786);
#1784 = CARTESIAN_POINT('',(116.2,3.863804003998,74.99));
#1785 = DIRECTION('',(-1.,4.157757159748E-16,0.));
#1786 = DIRECTION('',(4.157757159748E-16,1.,0.));
#1787 = ADVANCED_FACE('',(#1788),#1799,.T.);
#1788 = FACE_BOUND('',#1789,.T.);
#1789 = EDGE_LOOP('',(#1790,#1791,#1792,#1798));
#1790 = ORIENTED_EDGE('',*,*,#410,.T.);
#1791 = ORIENTED_EDGE('',*,*,#1777,.T.);
#1792 = ORIENTED_EDGE('',*,*,#1793,.T.);
#1793 = EDGE_CURVE('',#1770,#1666,#1794,.T.);
#1794 = LINE('',#1795,#1796);
#1795 = CARTESIAN_POINT('',(116.2,8.136195996002,78.49));
#1796 = VECTOR('',#1797,1.);
#1797 = DIRECTION('',(-0.866025403784,0.5,0.));
#1798 = ORIENTED_EDGE('',*,*,#1665,.F.);
#1799 = PLANE('',#1800);
#1800 = AXIS2_PLACEMENT_3D('',#1801,#1802,#1803);
#1801 = CARTESIAN_POINT('',(116.2,8.136195996002,74.99));
#1802 = DIRECTION('',(-0.5,-0.866025403784,0.));
#1803 = DIRECTION('',(-0.866025403784,0.5,0.));
#1804 = ADVANCED_FACE('',(#1805),#1843,.F.);
#1805 = FACE_BOUND('',#1806,.F.);
#1806 = EDGE_LOOP('',(#1807,#1808,#1809,#1817,#1842));
#1807 = ORIENTED_EDGE('',*,*,#508,.F.);
#1808 = ORIENTED_EDGE('',*,*,#623,.T.);
#1809 = ORIENTED_EDGE('',*,*,#1810,.F.);
#1810 = EDGE_CURVE('',#1811,#613,#1813,.T.);
#1811 = VERTEX_POINT('',#1812);
#1812 = CARTESIAN_POINT('',(114.85386367031,12.2,83.));
#1813 = LINE('',#1814,#1815);
#1814 = CARTESIAN_POINT('',(-69.,12.2,83.));
#1815 = VECTOR('',#1816,1.);
#1816 = DIRECTION('',(-1.,0.,0.));
#1817 = ORIENTED_EDGE('',*,*,#1818,.F.);
#1818 = EDGE_CURVE('',#572,#1811,#1819,.T.);
#1819 = B_SPLINE_CURVE_WITH_KNOTS('',6,(#1820,#1821,#1822,#1823,#1824,
    #1825,#1826,#1827,#1828,#1829,#1830,#1831,#1832,#1833,#1834,#1835,
    #1836,#1837,#1838,#1839,#1840,#1841),.UNSPECIFIED.,.F.,.F.,(7,5,5,5,
    7),(0.,0.338959814795,0.508866167924,0.677982901194,1.),
  .UNSPECIFIED.);
#1820 = CARTESIAN_POINT('',(117.36762756399,12.2,80.5));
#1821 = CARTESIAN_POINT('',(117.36762756399,12.2,80.722371881096));
#1822 = CARTESIAN_POINT('',(117.34376391214,12.2,80.944785288766));
#1823 = CARTESIAN_POINT('',(117.29602096247,12.2,81.16394906562));
#1824 = CARTESIAN_POINT('',(117.2250317111,12.2,81.37672832851));
#1825 = CARTESIAN_POINT('',(117.13189796859,12.2,81.58012849727));
#1826 = CARTESIAN_POINT('',(116.96141308737,12.2,81.867225291035));
#1827 = CARTESIAN_POINT('',(116.8993506962,12.2,81.960038978785));
#1828 = CARTESIAN_POINT('',(116.83235918524,12.2,82.04946356236));
#1829 = CARTESIAN_POINT('',(116.76067649569,12.2,82.135178599765));
#1830 = CARTESIAN_POINT('',(116.68456778757,12.2,82.216886946488));
#1831 = CARTESIAN_POINT('',(116.52445402846,12.2,82.371383278969));
#1832 = CARTESIAN_POINT('',(116.44048566086,12.2,82.44421256092));
#1833 = CARTESIAN_POINT('',(116.35270669387,12.2,82.512533446578));
#1834 = CARTESIAN_POINT('',(116.26142468457,12.2,82.576104903372));
#1835 = CARTESIAN_POINT('',(116.16696642723,12.2,82.634714276116));
#1836 = CARTESIAN_POINT('',(115.8844270433,12.2,82.789976754144));
#1837 = CARTESIAN_POINT('',(115.68888684453,12.2,82.873131475798));
#1838 = CARTESIAN_POINT('',(115.48547035835,12.2,82.936342501157));
#1839 = CARTESIAN_POINT('',(115.27672461603,12.2,82.978784576969));
#1840 = CARTESIAN_POINT('',(115.06528129704,12.2,83.));
#1841 = CARTESIAN_POINT('',(114.85386367031,12.2,83.));
#1842 = ORIENTED_EDGE('',*,*,#580,.F.);
#1843 = PLANE('',#1844);
#1844 = AXIS2_PLACEMENT_3D('',#1845,#1846,#1847);
#1845 = CARTESIAN_POINT('',(-138.,12.2,74.));
#1846 = DIRECTION('',(0.,1.,0.));
#1847 = DIRECTION('',(0.,0.,1.));
#1848 = ADVANCED_FACE('',(#1849),#1868,.F.);
#1849 = FACE_BOUND('',#1850,.F.);
#1850 = EDGE_LOOP('',(#1851,#1860,#1866,#1867));
#1851 = ORIENTED_EDGE('',*,*,#1852,.F.);
#1852 = EDGE_CURVE('',#1853,#1853,#1855,.T.);
#1853 = VERTEX_POINT('',#1854);
#1854 = CARTESIAN_POINT('',(110.25,-6.,78.49));
#1855 = CIRCLE('',#1856,2.25);
#1856 = AXIS2_PLACEMENT_3D('',#1857,#1858,#1859);
#1857 = CARTESIAN_POINT('',(112.5,-6.,78.49));
#1858 = DIRECTION('',(0.,0.,-1.));
#1859 = DIRECTION('',(-1.,0.,0.));
#1860 = ORIENTED_EDGE('',*,*,#1861,.F.);
#1861 = EDGE_CURVE('',#517,#1853,#1862,.T.);
#1862 = LINE('',#1863,#1864);
#1863 = CARTESIAN_POINT('',(110.25,-6.,79.81));
#1864 = VECTOR('',#1865,1.);
#1865 = DIRECTION('',(0.,0.,-1.));
#1866 = ORIENTED_EDGE('',*,*,#516,.T.);
#1867 = ORIENTED_EDGE('',*,*,#1861,.T.);
#1868 = CYLINDRICAL_SURFACE('',#1869,2.25);
#1869 = AXIS2_PLACEMENT_3D('',#1870,#1871,#1872);
#1870 = CARTESIAN_POINT('',(112.5,-6.,79.81));
#1871 = DIRECTION('',(0.,0.,-1.));
#1872 = DIRECTION('',(-1.,0.,0.));
#1873 = ADVANCED_FACE('',(#1874),#1893,.F.);
#1874 = FACE_BOUND('',#1875,.F.);
#1875 = EDGE_LOOP('',(#1876,#1885,#1891,#1892));
#1876 = ORIENTED_EDGE('',*,*,#1877,.F.);
#1877 = EDGE_CURVE('',#1878,#1878,#1880,.T.);
#1878 = VERTEX_POINT('',#1879);
#1879 = CARTESIAN_POINT('',(110.25,6.,78.49));
#1880 = CIRCLE('',#1881,2.25);
#1881 = AXIS2_PLACEMENT_3D('',#1882,#1883,#1884);
#1882 = CARTESIAN_POINT('',(112.5,6.,78.49));
#1883 = DIRECTION('',(0.,0.,-1.));
#1884 = DIRECTION('',(-1.,0.,0.));
#1885 = ORIENTED_EDGE('',*,*,#1886,.F.);
#1886 = EDGE_CURVE('',#528,#1878,#1887,.T.);
#1887 = LINE('',#1888,#1889);
#1888 = CARTESIAN_POINT('',(110.25,6.,79.81));
#1889 = VECTOR('',#1890,1.);
#1890 = DIRECTION('',(0.,0.,-1.));
#1891 = ORIENTED_EDGE('',*,*,#527,.T.);
#1892 = ORIENTED_EDGE('',*,*,#1886,.T.);
#1893 = CYLINDRICAL_SURFACE('',#1894,2.25);
#1894 = AXIS2_PLACEMENT_3D('',#1895,#1896,#1897);
#1895 = CARTESIAN_POINT('',(112.5,6.,79.81));
#1896 = DIRECTION('',(0.,0.,-1.));
#1897 = DIRECTION('',(-1.,0.,0.));
#1898 = ADVANCED_FACE('',(#1899),#1937,.T.);
#1899 = FACE_BOUND('',#1900,.T.);
#1900 = EDGE_LOOP('',(#1901,#1902,#1903,#1930));
#1901 = ORIENTED_EDGE('',*,*,#1818,.F.);
#1902 = ORIENTED_EDGE('',*,*,#571,.T.);
#1903 = ORIENTED_EDGE('',*,*,#1904,.T.);
#1904 = EDGE_CURVE('',#564,#1905,#1907,.T.);
#1905 = VERTEX_POINT('',#1906);
#1906 = CARTESIAN_POINT('',(-114.8538636703,12.2,83.));
#1907 = B_SPLINE_CURVE_WITH_KNOTS('',6,(#1908,#1909,#1910,#1911,#1912,
    #1913,#1914,#1915,#1916,#1917,#1918,#1919,#1920,#1921,#1922,#1923,
    #1924,#1925,#1926,#1927,#1928,#1929),.UNSPECIFIED.,.F.,.F.,(7,5,5,5,
    7),(0.,0.338959814595,0.508866167724,0.677982900993,1.),
  .UNSPECIFIED.);
#1908 = CARTESIAN_POINT('',(-117.3676275639,12.2,80.5));
#1909 = CARTESIAN_POINT('',(-117.3676275639,12.2,80.722371880965));
#1910 = CARTESIAN_POINT('',(-117.3437639121,12.2,80.944785288504));
#1911 = CARTESIAN_POINT('',(-117.2960209625,12.2,81.163949065231));
#1912 = CARTESIAN_POINT('',(-117.2250317112,12.2,81.376728328008));
#1913 = CARTESIAN_POINT('',(-117.1318979688,12.2,81.58012849667));
#1914 = CARTESIAN_POINT('',(-116.9614130878,12.2,81.867225290376));
#1915 = CARTESIAN_POINT('',(-116.8993506966,12.2,81.960038978145));
#1916 = CARTESIAN_POINT('',(-116.8323591857,12.2,82.049463561741));
#1917 = CARTESIAN_POINT('',(-116.7606764962,12.2,82.135178599168));
#1918 = CARTESIAN_POINT('',(-116.6845677881,12.2,82.216886945915));
#1919 = CARTESIAN_POINT('',(-116.524454029,12.2,82.371383278447));
#1920 = CARTESIAN_POINT('',(-116.4404856614,12.2,82.444212560424));
#1921 = CARTESIAN_POINT('',(-116.3527066945,12.2,82.512533446109));
#1922 = CARTESIAN_POINT('',(-116.2614246852,12.2,82.576104902932));
#1923 = CARTESIAN_POINT('',(-116.1669664279,12.2,82.634714275705));
#1924 = CARTESIAN_POINT('',(-115.8844270439,12.2,82.789976753885));
#1925 = CARTESIAN_POINT('',(-115.688886845,12.2,82.87313147564));
#1926 = CARTESIAN_POINT('',(-115.4854703587,12.2,82.936342501078));
#1927 = CARTESIAN_POINT('',(-115.2767246162,12.2,82.978784576943));
#1928 = CARTESIAN_POINT('',(-115.0652812971,12.2,83.));
#1929 = CARTESIAN_POINT('',(-114.8538636703,12.2,83.));
#1930 = ORIENTED_EDGE('',*,*,#1931,.F.);
#1931 = EDGE_CURVE('',#1811,#1905,#1932,.T.);
#1932 = CIRCLE('',#1933,115.5);
#1933 = AXIS2_PLACEMENT_3D('',#1934,#1935,#1936);
#1934 = CARTESIAN_POINT('',(0.,0.,83.));
#1935 = DIRECTION('',(0.,0.,1.));
#1936 = DIRECTION('',(1.,0.,0.));
#1937 = TOROIDAL_SURFACE('',#1938,115.5,2.5);
#1938 = AXIS2_PLACEMENT_3D('',#1939,#1940,#1941);
#1939 = CARTESIAN_POINT('',(0.,0.,80.5));
#1940 = DIRECTION('',(0.,0.,1.));
#1941 = DIRECTION('',(1.,0.,0.));
#1942 = ADVANCED_FACE('',(#1943),#1960,.F.);
#1943 = FACE_BOUND('',#1944,.F.);
#1944 = EDGE_LOOP('',(#1945,#1951,#1952,#1953,#1959));
#1945 = ORIENTED_EDGE('',*,*,#1946,.F.);
#1946 = EDGE_CURVE('',#555,#797,#1947,.T.);
#1947 = LINE('',#1948,#1949);
#1948 = CARTESIAN_POINT('',(-138.,12.2,79.8));
#1949 = VECTOR('',#1950,1.);
#1950 = DIRECTION('',(1.,0.,0.));
#1951 = ORIENTED_EDGE('',*,*,#563,.T.);
#1952 = ORIENTED_EDGE('',*,*,#1904,.T.);
#1953 = ORIENTED_EDGE('',*,*,#1954,.F.);
#1954 = EDGE_CURVE('',#763,#1905,#1955,.T.);
#1955 = LINE('',#1956,#1957);
#1956 = CARTESIAN_POINT('',(-69.,12.2,83.));
#1957 = VECTOR('',#1958,1.);
#1958 = DIRECTION('',(-1.,0.,0.));
#1959 = ORIENTED_EDGE('',*,*,#805,.F.);
#1960 = PLANE('',#1961);
#1961 = AXIS2_PLACEMENT_3D('',#1962,#1963,#1964);
#1962 = CARTESIAN_POINT('',(-138.,12.2,74.));
#1963 = DIRECTION('',(0.,1.,0.));
#1964 = DIRECTION('',(0.,0.,1.));
#1965 = ADVANCED_FACE('',(#1966,#1973,#1984),#1995,.T.);
#1966 = FACE_BOUND('',#1967,.T.);
#1967 = EDGE_LOOP('',(#1968,#1969,#1970,#1971,#1972));
#1968 = ORIENTED_EDGE('',*,*,#1946,.F.);
#1969 = ORIENTED_EDGE('',*,*,#554,.T.);
#1970 = ORIENTED_EDGE('',*,*,#665,.T.);
#1971 = ORIENTED_EDGE('',*,*,#719,.T.);
#1972 = ORIENTED_EDGE('',*,*,#796,.F.);
#1973 = FACE_BOUND('',#1974,.T.);
#1974 = EDGE_LOOP('',(#1975));
#1975 = ORIENTED_EDGE('',*,*,#1976,.T.);
#1976 = EDGE_CURVE('',#1977,#1977,#1979,.T.);
#1977 = VERTEX_POINT('',#1978);
#1978 = CARTESIAN_POINT('',(-114.75,-6.,79.8));
#1979 = CIRCLE('',#1980,2.25);
#1980 = AXIS2_PLACEMENT_3D('',#1981,#1982,#1983);
#1981 = CARTESIAN_POINT('',(-112.5,-6.,79.8));
#1982 = DIRECTION('',(0.,0.,-1.));
#1983 = DIRECTION('',(-1.,0.,0.));
#1984 = FACE_BOUND('',#1985,.T.);
#1985 = EDGE_LOOP('',(#1986));
#1986 = ORIENTED_EDGE('',*,*,#1987,.T.);
#1987 = EDGE_CURVE('',#1988,#1988,#1990,.T.);
#1988 = VERTEX_POINT('',#1989);
#1989 = CARTESIAN_POINT('',(-114.75,6.,79.8));
#1990 = CIRCLE('',#1991,2.25);
#1991 = AXIS2_PLACEMENT_3D('',#1992,#1993,#1994);
#1992 = CARTESIAN_POINT('',(-112.5,6.,79.8));
#1993 = DIRECTION('',(0.,0.,-1.));
#1994 = DIRECTION('',(-1.,0.,0.));
#1995 = PLANE('',#1996);
#1996 = AXIS2_PLACEMENT_3D('',#1997,#1998,#1999);
#1997 = CARTESIAN_POINT('',(-138.,-12.,79.8));
#1998 = DIRECTION('',(0.,0.,1.));
#1999 = DIRECTION('',(1.,0.,0.));
#2000 = ADVANCED_FACE('',(#2001),#2103,.T.);
#2001 = FACE_BOUND('',#2002,.T.);
#2002 = EDGE_LOOP('',(#2003,#2004,#2005,#2006,#2007,#2015,#2024,#2030,
    #2031,#2039,#2048,#2054,#2055,#2063,#2072,#2078,#2079,#2087,#2096,
    #2102));
#2003 = ORIENTED_EDGE('',*,*,#1810,.F.);
#2004 = ORIENTED_EDGE('',*,*,#1931,.T.);
#2005 = ORIENTED_EDGE('',*,*,#1954,.F.);
#2006 = ORIENTED_EDGE('',*,*,#760,.F.);
#2007 = ORIENTED_EDGE('',*,*,#2008,.T.);
#2008 = EDGE_CURVE('',#761,#2009,#2011,.T.);
#2009 = VERTEX_POINT('',#2010);
#2010 = CARTESIAN_POINT('',(-76.22489168102,72.124891681028,83.));
#2011 = LINE('',#2012,#2013);
#2012 = CARTESIAN_POINT('',(-76.22489168102,0.,83.));
#2013 = VECTOR('',#2014,1.);
#2014 = DIRECTION('',(0.,1.,0.));
#2015 = ORIENTED_EDGE('',*,*,#2016,.F.);
#2016 = EDGE_CURVE('',#2017,#2009,#2019,.T.);
#2017 = VERTEX_POINT('',#2018);
#2018 = CARTESIAN_POINT('',(-68.02489168102,72.124891681028,83.));
#2019 = CIRCLE('',#2020,4.1);
#2020 = AXIS2_PLACEMENT_3D('',#2021,#2022,#2023);
#2021 = CARTESIAN_POINT('',(-72.12489168102,72.124891681028,83.));
#2022 = DIRECTION('',(0.,0.,1.));
#2023 = DIRECTION('',(1.,0.,0.));
#2024 = ORIENTED_EDGE('',*,*,#2025,.F.);
#2025 = EDGE_CURVE('',#1027,#2017,#2026,.T.);
#2026 = LINE('',#2027,#2028);
#2027 = CARTESIAN_POINT('',(-68.02489168102,0.,83.));
#2028 = VECTOR('',#2029,1.);
#2029 = DIRECTION('',(0.,1.,0.));
#2030 = ORIENTED_EDGE('',*,*,#1024,.F.);
#2031 = ORIENTED_EDGE('',*,*,#2032,.T.);
#2032 = EDGE_CURVE('',#1025,#2033,#2035,.T.);
#2033 = VERTEX_POINT('',#2034);
#2034 = CARTESIAN_POINT('',(-30.49954260045,98.524434281485,83.));
#2035 = LINE('',#2036,#2037);
#2036 = CARTESIAN_POINT('',(-30.49954260045,0.,83.));
#2037 = VECTOR('',#2038,1.);
#2038 = DIRECTION('',(0.,1.,0.));
#2039 = ORIENTED_EDGE('',*,*,#2040,.F.);
#2040 = EDGE_CURVE('',#2041,#2033,#2043,.T.);
#2041 = VERTEX_POINT('',#2042);
#2042 = CARTESIAN_POINT('',(-22.29954260045,98.524434281485,83.));
#2043 = CIRCLE('',#2044,4.1);
#2044 = AXIS2_PLACEMENT_3D('',#2045,#2046,#2047);
#2045 = CARTESIAN_POINT('',(-26.39954260045,98.524434281485,83.));
#2046 = DIRECTION('',(0.,0.,1.));
#2047 = DIRECTION('',(1.,0.,0.));
#2048 = ORIENTED_EDGE('',*,*,#2049,.F.);
#2049 = EDGE_CURVE('',#1134,#2041,#2050,.T.);
#2050 = LINE('',#2051,#2052);
#2051 = CARTESIAN_POINT('',(-22.29954260045,0.,83.));
#2052 = VECTOR('',#2053,1.);
#2053 = DIRECTION('',(0.,1.,0.));
#2054 = ORIENTED_EDGE('',*,*,#1131,.F.);
#2055 = ORIENTED_EDGE('',*,*,#2056,.T.);
#2056 = EDGE_CURVE('',#1132,#2057,#2059,.T.);
#2057 = VERTEX_POINT('',#2058);
#2058 = CARTESIAN_POINT('',(22.299542600457,98.524434281485,83.));
#2059 = LINE('',#2060,#2061);
#2060 = CARTESIAN_POINT('',(22.299542600457,0.,83.));
#2061 = VECTOR('',#2062,1.);
#2062 = DIRECTION('',(0.,1.,0.));
#2063 = ORIENTED_EDGE('',*,*,#2064,.F.);
#2064 = EDGE_CURVE('',#2065,#2057,#2067,.T.);
#2065 = VERTEX_POINT('',#2066);
#2066 = CARTESIAN_POINT('',(30.499542600457,98.524434281485,83.));
#2067 = CIRCLE('',#2068,4.1);
#2068 = AXIS2_PLACEMENT_3D('',#2069,#2070,#2071);
#2069 = CARTESIAN_POINT('',(26.399542600457,98.524434281485,83.));
#2070 = DIRECTION('',(0.,0.,1.));
#2071 = DIRECTION('',(1.,0.,0.));
#2072 = ORIENTED_EDGE('',*,*,#2073,.F.);
#2073 = EDGE_CURVE('',#870,#2065,#2074,.T.);
#2074 = LINE('',#2075,#2076);
#2075 = CARTESIAN_POINT('',(30.499542600457,0.,83.));
#2076 = VECTOR('',#2077,1.);
#2077 = DIRECTION('',(0.,1.,0.));
#2078 = ORIENTED_EDGE('',*,*,#867,.F.);
#2079 = ORIENTED_EDGE('',*,*,#2080,.T.);
#2080 = EDGE_CURVE('',#868,#2081,#2083,.T.);
#2081 = VERTEX_POINT('',#2082);
#2082 = CARTESIAN_POINT('',(68.024891681028,72.124891681028,83.));
#2083 = LINE('',#2084,#2085);
#2084 = CARTESIAN_POINT('',(68.024891681028,0.,83.));
#2085 = VECTOR('',#2086,1.);
#2086 = DIRECTION('',(0.,1.,0.));
#2087 = ORIENTED_EDGE('',*,*,#2088,.F.);
#2088 = EDGE_CURVE('',#2089,#2081,#2091,.T.);
#2089 = VERTEX_POINT('',#2090);
#2090 = CARTESIAN_POINT('',(76.224891681028,72.124891681028,83.));
#2091 = CIRCLE('',#2092,4.1);
#2092 = AXIS2_PLACEMENT_3D('',#2093,#2094,#2095);
#2093 = CARTESIAN_POINT('',(72.124891681028,72.124891681028,83.));
#2094 = DIRECTION('',(0.,0.,1.));
#2095 = DIRECTION('',(1.,0.,0.));
#2096 = ORIENTED_EDGE('',*,*,#2097,.F.);
#2097 = EDGE_CURVE('',#615,#2089,#2098,.T.);
#2098 = LINE('',#2099,#2100);
#2099 = CARTESIAN_POINT('',(76.224891681028,0.,83.));
#2100 = VECTOR('',#2101,1.);
#2101 = DIRECTION('',(0.,1.,0.));
#2102 = ORIENTED_EDGE('',*,*,#612,.F.);
#2103 = PLANE('',#2104);
#2104 = AXIS2_PLACEMENT_3D('',#2105,#2106,#2107);
#2105 = CARTESIAN_POINT('',(0.,0.,83.));
#2106 = DIRECTION('',(0.,0.,1.));
#2107 = DIRECTION('',(1.,0.,0.));
#2108 = ADVANCED_FACE('',(#2109),#2127,.F.);
#2109 = FACE_BOUND('',#2110,.F.);
#2110 = EDGE_LOOP('',(#2111,#2112,#2120,#2126));
#2111 = ORIENTED_EDGE('',*,*,#649,.F.);
#2112 = ORIENTED_EDGE('',*,*,#2113,.T.);
#2113 = EDGE_CURVE('',#641,#2114,#2116,.T.);
#2114 = VERTEX_POINT('',#2115);
#2115 = CARTESIAN_POINT('',(76.224891681028,72.124891681028,79.5));
#2116 = LINE('',#2117,#2118);
#2117 = CARTESIAN_POINT('',(76.224891681028,0.,79.5));
#2118 = VECTOR('',#2119,1.);
#2119 = DIRECTION('',(0.,1.,0.));
#2120 = ORIENTED_EDGE('',*,*,#2121,.T.);
#2121 = EDGE_CURVE('',#2114,#2089,#2122,.T.);
#2122 = LINE('',#2123,#2124);
#2123 = CARTESIAN_POINT('',(76.224891681028,72.124891681028,79.5));
#2124 = VECTOR('',#2125,1.);
#2125 = DIRECTION('',(0.,0.,1.));
#2126 = ORIENTED_EDGE('',*,*,#2097,.F.);
#2127 = PLANE('',#2128);
#2128 = AXIS2_PLACEMENT_3D('',#2129,#2130,#2131);
#2129 = CARTESIAN_POINT('',(76.224891681028,0.,79.5));
#2130 = DIRECTION('',(1.,0.,0.));
#2131 = DIRECTION('',(0.,0.,1.));
#2132 = ADVANCED_FACE('',(#2133),#2156,.F.);
#2133 = FACE_BOUND('',#2134,.F.);
#2134 = EDGE_LOOP('',(#2135,#2136,#2144,#2151,#2152,#2153,#2154,#2155));
#2135 = ORIENTED_EDGE('',*,*,#886,.T.);
#2136 = ORIENTED_EDGE('',*,*,#2137,.T.);
#2137 = EDGE_CURVE('',#879,#2138,#2140,.T.);
#2138 = VERTEX_POINT('',#2139);
#2139 = CARTESIAN_POINT('',(68.024891681028,72.124891681028,79.5));
#2140 = LINE('',#2141,#2142);
#2141 = CARTESIAN_POINT('',(68.024891681028,0.,79.5));
#2142 = VECTOR('',#2143,1.);
#2143 = DIRECTION('',(0.,1.,0.));
#2144 = ORIENTED_EDGE('',*,*,#2145,.F.);
#2145 = EDGE_CURVE('',#2114,#2138,#2146,.T.);
#2146 = CIRCLE('',#2147,4.1);
#2147 = AXIS2_PLACEMENT_3D('',#2148,#2149,#2150);
#2148 = CARTESIAN_POINT('',(72.124891681028,72.124891681028,79.5));
#2149 = DIRECTION('',(0.,0.,1.));
#2150 = DIRECTION('',(1.,0.,0.));
#2151 = ORIENTED_EDGE('',*,*,#2113,.F.);
#2152 = ORIENTED_EDGE('',*,*,#640,.T.);
#2153 = ORIENTED_EDGE('',*,*,#695,.F.);
#2154 = ORIENTED_EDGE('',*,*,#735,.T.);
#2155 = ORIENTED_EDGE('',*,*,#820,.T.);
#2156 = PLANE('',#2157);
#2157 = AXIS2_PLACEMENT_3D('',#2158,#2159,#2160);
#2158 = CARTESIAN_POINT('',(72.124891681028,37.962666397173,79.5));
#2159 = DIRECTION('',(-0.,-0.,-1.));
#2160 = DIRECTION('',(-1.,0.,0.));
#2161 = ADVANCED_FACE('',(#2162),#2192,.F.);
#2162 = FACE_BOUND('',#2163,.F.);
#2163 = EDGE_LOOP('',(#2164,#2165,#2173,#2182,#2188,#2189,#2190,#2191));
#2164 = ORIENTED_EDGE('',*,*,#779,.T.);
#2165 = ORIENTED_EDGE('',*,*,#2166,.T.);
#2166 = EDGE_CURVE('',#772,#2167,#2169,.T.);
#2167 = VERTEX_POINT('',#2168);
#2168 = CARTESIAN_POINT('',(-76.22489168102,72.124891681028,79.5));
#2169 = LINE('',#2170,#2171);
#2170 = CARTESIAN_POINT('',(-76.22489168102,0.,79.5));
#2171 = VECTOR('',#2172,1.);
#2172 = DIRECTION('',(0.,1.,0.));
#2173 = ORIENTED_EDGE('',*,*,#2174,.F.);
#2174 = EDGE_CURVE('',#2175,#2167,#2177,.T.);
#2175 = VERTEX_POINT('',#2176);
#2176 = CARTESIAN_POINT('',(-68.02489168102,72.124891681028,79.5));
#2177 = CIRCLE('',#2178,4.1);
#2178 = AXIS2_PLACEMENT_3D('',#2179,#2180,#2181);
#2179 = CARTESIAN_POINT('',(-72.12489168102,72.124891681028,79.5));
#2180 = DIRECTION('',(0.,0.,1.));
#2181 = DIRECTION('',(1.,0.,0.));
#2182 = ORIENTED_EDGE('',*,*,#2183,.F.);
#2183 = EDGE_CURVE('',#1061,#2175,#2184,.T.);
#2184 = LINE('',#2185,#2186);
#2185 = CARTESIAN_POINT('',(-68.02489168102,0.,79.5));
#2186 = VECTOR('',#2187,1.);
#2187 = DIRECTION('',(0.,1.,0.));
#2188 = ORIENTED_EDGE('',*,*,#1060,.T.);
#2189 = ORIENTED_EDGE('',*,*,#976,.F.);
#2190 = ORIENTED_EDGE('',*,*,#926,.T.);
#2191 = ORIENTED_EDGE('',*,*,#851,.T.);
#2192 = PLANE('',#2193);
#2193 = AXIS2_PLACEMENT_3D('',#2194,#2195,#2196);
#2194 = CARTESIAN_POINT('',(-72.12489168102,37.962666397173,79.5));
#2195 = DIRECTION('',(-0.,-0.,-1.));
#2196 = DIRECTION('',(-1.,0.,0.));
#2197 = ADVANCED_FACE('',(#2198),#2209,.T.);
#2198 = FACE_BOUND('',#2199,.T.);
#2199 = EDGE_LOOP('',(#2200,#2201,#2202,#2208));
#2200 = ORIENTED_EDGE('',*,*,#771,.F.);
#2201 = ORIENTED_EDGE('',*,*,#2166,.T.);
#2202 = ORIENTED_EDGE('',*,*,#2203,.T.);
#2203 = EDGE_CURVE('',#2167,#2009,#2204,.T.);
#2204 = LINE('',#2205,#2206);
#2205 = CARTESIAN_POINT('',(-76.22489168102,72.124891681028,79.5));
#2206 = VECTOR('',#2207,1.);
#2207 = DIRECTION('',(0.,0.,1.));
#2208 = ORIENTED_EDGE('',*,*,#2008,.F.);
#2209 = PLANE('',#2210);
#2210 = AXIS2_PLACEMENT_3D('',#2211,#2212,#2213);
#2211 = CARTESIAN_POINT('',(-76.22489168102,0.,79.5));
#2212 = DIRECTION('',(1.,0.,0.));
#2213 = DIRECTION('',(0.,0.,1.));
#2214 = ADVANCED_FACE('',(#2215),#2233,.F.);
#2215 = FACE_BOUND('',#2216,.F.);
#2216 = EDGE_LOOP('',(#2217,#2218,#2226,#2232));
#2217 = ORIENTED_EDGE('',*,*,#912,.F.);
#2218 = ORIENTED_EDGE('',*,*,#2219,.T.);
#2219 = EDGE_CURVE('',#904,#2220,#2222,.T.);
#2220 = VERTEX_POINT('',#2221);
#2221 = CARTESIAN_POINT('',(30.499542600457,98.524434281485,79.5));
#2222 = LINE('',#2223,#2224);
#2223 = CARTESIAN_POINT('',(30.499542600457,0.,79.5));
#2224 = VECTOR('',#2225,1.);
#2225 = DIRECTION('',(0.,1.,0.));
#2226 = ORIENTED_EDGE('',*,*,#2227,.T.);
#2227 = EDGE_CURVE('',#2220,#2065,#2228,.T.);
#2228 = LINE('',#2229,#2230);
#2229 = CARTESIAN_POINT('',(30.499542600457,98.524434281485,79.5));
#2230 = VECTOR('',#2231,1.);
#2231 = DIRECTION('',(0.,0.,1.));
#2232 = ORIENTED_EDGE('',*,*,#2073,.F.);
#2233 = PLANE('',#2234);
#2234 = AXIS2_PLACEMENT_3D('',#2235,#2236,#2237);
#2235 = CARTESIAN_POINT('',(30.499542600457,0.,79.5));
#2236 = DIRECTION('',(1.,0.,0.));
#2237 = DIRECTION('',(0.,0.,1.));
#2238 = ADVANCED_FACE('',(#2239),#2262,.F.);
#2239 = FACE_BOUND('',#2240,.F.);
#2240 = EDGE_LOOP('',(#2241,#2242,#2250,#2257,#2258,#2259,#2260,#2261));
#2241 = ORIENTED_EDGE('',*,*,#1150,.T.);
#2242 = ORIENTED_EDGE('',*,*,#2243,.T.);
#2243 = EDGE_CURVE('',#1143,#2244,#2246,.T.);
#2244 = VERTEX_POINT('',#2245);
#2245 = CARTESIAN_POINT('',(22.299542600457,98.524434281485,79.5));
#2246 = LINE('',#2247,#2248);
#2247 = CARTESIAN_POINT('',(22.299542600457,0.,79.5));
#2248 = VECTOR('',#2249,1.);
#2249 = DIRECTION('',(0.,1.,0.));
#2250 = ORIENTED_EDGE('',*,*,#2251,.F.);
#2251 = EDGE_CURVE('',#2220,#2244,#2252,.T.);
#2252 = CIRCLE('',#2253,4.1);
#2253 = AXIS2_PLACEMENT_3D('',#2254,#2255,#2256);
#2254 = CARTESIAN_POINT('',(26.399542600457,98.524434281485,79.5));
#2255 = DIRECTION('',(0.,0.,1.));
#2256 = DIRECTION('',(1.,0.,0.));
#2257 = ORIENTED_EDGE('',*,*,#2219,.F.);
#2258 = ORIENTED_EDGE('',*,*,#903,.T.);
#2259 = ORIENTED_EDGE('',*,*,#959,.F.);
#2260 = ORIENTED_EDGE('',*,*,#999,.T.);
#2261 = ORIENTED_EDGE('',*,*,#1084,.T.);
#2262 = PLANE('',#2263);
#2263 = AXIS2_PLACEMENT_3D('',#2264,#2265,#2266);
#2264 = CARTESIAN_POINT('',(26.399542600457,51.167131678299,79.5));
#2265 = DIRECTION('',(-0.,-0.,-1.));
#2266 = DIRECTION('',(-1.,0.,0.));
#2267 = ADVANCED_FACE('',(#2268),#2279,.T.);
#2268 = FACE_BOUND('',#2269,.T.);
#2269 = EDGE_LOOP('',(#2270,#2271,#2272,#2278));
#2270 = ORIENTED_EDGE('',*,*,#878,.F.);
#2271 = ORIENTED_EDGE('',*,*,#2137,.T.);
#2272 = ORIENTED_EDGE('',*,*,#2273,.T.);
#2273 = EDGE_CURVE('',#2138,#2081,#2274,.T.);
#2274 = LINE('',#2275,#2276);
#2275 = CARTESIAN_POINT('',(68.024891681028,72.124891681028,79.5));
#2276 = VECTOR('',#2277,1.);
#2277 = DIRECTION('',(0.,0.,1.));
#2278 = ORIENTED_EDGE('',*,*,#2080,.F.);
#2279 = PLANE('',#2280);
#2280 = AXIS2_PLACEMENT_3D('',#2281,#2282,#2283);
#2281 = CARTESIAN_POINT('',(68.024891681028,0.,79.5));
#2282 = DIRECTION('',(1.,0.,0.));
#2283 = DIRECTION('',(0.,0.,1.));
#2284 = ADVANCED_FACE('',(#2285),#2296,.F.);
#2285 = FACE_BOUND('',#2286,.F.);
#2286 = EDGE_LOOP('',(#2287,#2288,#2289,#2295));
#2287 = ORIENTED_EDGE('',*,*,#1069,.F.);
#2288 = ORIENTED_EDGE('',*,*,#2183,.T.);
#2289 = ORIENTED_EDGE('',*,*,#2290,.T.);
#2290 = EDGE_CURVE('',#2175,#2017,#2291,.T.);
#2291 = LINE('',#2292,#2293);
#2292 = CARTESIAN_POINT('',(-68.02489168102,72.124891681028,79.5));
#2293 = VECTOR('',#2294,1.);
#2294 = DIRECTION('',(0.,0.,1.));
#2295 = ORIENTED_EDGE('',*,*,#2025,.F.);
#2296 = PLANE('',#2297);
#2297 = AXIS2_PLACEMENT_3D('',#2298,#2299,#2300);
#2298 = CARTESIAN_POINT('',(-68.02489168102,0.,79.5));
#2299 = DIRECTION('',(1.,0.,0.));
#2300 = DIRECTION('',(0.,0.,1.));
#2301 = ADVANCED_FACE('',(#2302),#2332,.F.);
#2302 = FACE_BOUND('',#2303,.F.);
#2303 = EDGE_LOOP('',(#2304,#2305,#2313,#2322,#2328,#2329,#2330,#2331));
#2304 = ORIENTED_EDGE('',*,*,#1043,.T.);
#2305 = ORIENTED_EDGE('',*,*,#2306,.T.);
#2306 = EDGE_CURVE('',#1036,#2307,#2309,.T.);
#2307 = VERTEX_POINT('',#2308);
#2308 = CARTESIAN_POINT('',(-30.49954260045,98.524434281485,79.5));
#2309 = LINE('',#2310,#2311);
#2310 = CARTESIAN_POINT('',(-30.49954260045,0.,79.5));
#2311 = VECTOR('',#2312,1.);
#2312 = DIRECTION('',(0.,1.,0.));
#2313 = ORIENTED_EDGE('',*,*,#2314,.F.);
#2314 = EDGE_CURVE('',#2315,#2307,#2317,.T.);
#2315 = VERTEX_POINT('',#2316);
#2316 = CARTESIAN_POINT('',(-22.29954260045,98.524434281485,79.5));
#2317 = CIRCLE('',#2318,4.1);
#2318 = AXIS2_PLACEMENT_3D('',#2319,#2320,#2321);
#2319 = CARTESIAN_POINT('',(-26.39954260045,98.524434281485,79.5));
#2320 = DIRECTION('',(0.,0.,1.));
#2321 = DIRECTION('',(1.,0.,0.));
#2322 = ORIENTED_EDGE('',*,*,#2323,.F.);
#2323 = EDGE_CURVE('',#1168,#2315,#2324,.T.);
#2324 = LINE('',#2325,#2326);
#2325 = CARTESIAN_POINT('',(-22.29954260045,0.,79.5));
#2326 = VECTOR('',#2327,1.);
#2327 = DIRECTION('',(0.,1.,0.));
#2328 = ORIENTED_EDGE('',*,*,#1167,.T.);
#2329 = ORIENTED_EDGE('',*,*,#1216,.F.);
#2330 = ORIENTED_EDGE('',*,*,#1190,.T.);
#2331 = ORIENTED_EDGE('',*,*,#1115,.T.);
#2332 = PLANE('',#2333);
#2333 = AXIS2_PLACEMENT_3D('',#2334,#2335,#2336);
#2334 = CARTESIAN_POINT('',(-26.39954260045,51.167131678299,79.5));
#2335 = DIRECTION('',(-0.,-0.,-1.));
#2336 = DIRECTION('',(-1.,0.,0.));
#2337 = ADVANCED_FACE('',(#2338),#2349,.T.);
#2338 = FACE_BOUND('',#2339,.T.);
#2339 = EDGE_LOOP('',(#2340,#2341,#2342,#2348));
#2340 = ORIENTED_EDGE('',*,*,#1035,.F.);
#2341 = ORIENTED_EDGE('',*,*,#2306,.T.);
#2342 = ORIENTED_EDGE('',*,*,#2343,.T.);
#2343 = EDGE_CURVE('',#2307,#2033,#2344,.T.);
#2344 = LINE('',#2345,#2346);
#2345 = CARTESIAN_POINT('',(-30.49954260045,98.524434281485,79.5));
#2346 = VECTOR('',#2347,1.);
#2347 = DIRECTION('',(0.,0.,1.));
#2348 = ORIENTED_EDGE('',*,*,#2032,.F.);
#2349 = PLANE('',#2350);
#2350 = AXIS2_PLACEMENT_3D('',#2351,#2352,#2353);
#2351 = CARTESIAN_POINT('',(-30.49954260045,0.,79.5));
#2352 = DIRECTION('',(1.,0.,0.));
#2353 = DIRECTION('',(0.,0.,1.));
#2354 = ADVANCED_FACE('',(#2355),#2366,.F.);
#2355 = FACE_BOUND('',#2356,.F.);
#2356 = EDGE_LOOP('',(#2357,#2358,#2359,#2365));
#2357 = ORIENTED_EDGE('',*,*,#1176,.F.);
#2358 = ORIENTED_EDGE('',*,*,#2323,.T.);
#2359 = ORIENTED_EDGE('',*,*,#2360,.T.);
#2360 = EDGE_CURVE('',#2315,#2041,#2361,.T.);
#2361 = LINE('',#2362,#2363);
#2362 = CARTESIAN_POINT('',(-22.29954260045,98.524434281485,79.5));
#2363 = VECTOR('',#2364,1.);
#2364 = DIRECTION('',(0.,0.,1.));
#2365 = ORIENTED_EDGE('',*,*,#2049,.F.);
#2366 = PLANE('',#2367);
#2367 = AXIS2_PLACEMENT_3D('',#2368,#2369,#2370);
#2368 = CARTESIAN_POINT('',(-22.29954260045,0.,79.5));
#2369 = DIRECTION('',(1.,0.,0.));
#2370 = DIRECTION('',(0.,0.,1.));
#2371 = ADVANCED_FACE('',(#2372),#2383,.T.);
#2372 = FACE_BOUND('',#2373,.T.);
#2373 = EDGE_LOOP('',(#2374,#2375,#2376,#2382));
#2374 = ORIENTED_EDGE('',*,*,#1142,.F.);
#2375 = ORIENTED_EDGE('',*,*,#2243,.T.);
#2376 = ORIENTED_EDGE('',*,*,#2377,.T.);
#2377 = EDGE_CURVE('',#2244,#2057,#2378,.T.);
#2378 = LINE('',#2379,#2380);
#2379 = CARTESIAN_POINT('',(22.299542600457,98.524434281485,79.5));
#2380 = VECTOR('',#2381,1.);
#2381 = DIRECTION('',(0.,0.,1.));
#2382 = ORIENTED_EDGE('',*,*,#2056,.F.);
#2383 = PLANE('',#2384);
#2384 = AXIS2_PLACEMENT_3D('',#2385,#2386,#2387);
#2385 = CARTESIAN_POINT('',(22.299542600457,0.,79.5));
#2386 = DIRECTION('',(1.,0.,0.));
#2387 = DIRECTION('',(0.,0.,1.));
#2388 = ADVANCED_FACE('',(#2389,#2397),#2408,.F.);
#2389 = FACE_BOUND('',#2390,.F.);
#2390 = EDGE_LOOP('',(#2391,#2392,#2393,#2394,#2395,#2396));
#2391 = ORIENTED_EDGE('',*,*,#1296,.T.);
#2392 = ORIENTED_EDGE('',*,*,#1241,.T.);
#2393 = ORIENTED_EDGE('',*,*,#1265,.T.);
#2394 = ORIENTED_EDGE('',*,*,#1313,.T.);
#2395 = ORIENTED_EDGE('',*,*,#1361,.T.);
#2396 = ORIENTED_EDGE('',*,*,#1344,.T.);
#2397 = FACE_BOUND('',#2398,.F.);
#2398 = EDGE_LOOP('',(#2399));
#2399 = ORIENTED_EDGE('',*,*,#2400,.T.);
#2400 = EDGE_CURVE('',#2401,#2401,#2403,.T.);
#2401 = VERTEX_POINT('',#2402);
#2402 = CARTESIAN_POINT('',(-114.75,-6.,78.49));
#2403 = CIRCLE('',#2404,2.25);
#2404 = AXIS2_PLACEMENT_3D('',#2405,#2406,#2407);
#2405 = CARTESIAN_POINT('',(-112.5,-6.,78.49));
#2406 = DIRECTION('',(0.,0.,-1.));
#2407 = DIRECTION('',(-1.,0.,0.));
#2408 = PLANE('',#2409);
#2409 = AXIS2_PLACEMENT_3D('',#2410,#2411,#2412);
#2410 = CARTESIAN_POINT('',(-112.5,-6.,78.49));
#2411 = DIRECTION('',(0.,0.,1.));
#2412 = DIRECTION('',(1.,0.,0.));
#2413 = ADVANCED_FACE('',(#2414,#2422),#2425,.F.);
#2414 = FACE_BOUND('',#2415,.F.);
#2415 = EDGE_LOOP('',(#2416,#2417,#2418,#2419,#2420,#2421));
#2416 = ORIENTED_EDGE('',*,*,#1440,.T.);
#2417 = ORIENTED_EDGE('',*,*,#1385,.T.);
#2418 = ORIENTED_EDGE('',*,*,#1409,.T.);
#2419 = ORIENTED_EDGE('',*,*,#1457,.T.);
#2420 = ORIENTED_EDGE('',*,*,#1505,.T.);
#2421 = ORIENTED_EDGE('',*,*,#1488,.T.);
#2422 = FACE_BOUND('',#2423,.F.);
#2423 = EDGE_LOOP('',(#2424));
#2424 = ORIENTED_EDGE('',*,*,#1852,.T.);
#2425 = PLANE('',#2426);
#2426 = AXIS2_PLACEMENT_3D('',#2427,#2428,#2429);
#2427 = CARTESIAN_POINT('',(112.5,-6.,78.49));
#2428 = DIRECTION('',(0.,0.,1.));
#2429 = DIRECTION('',(1.,0.,0.));
#2430 = ADVANCED_FACE('',(#2431,#2439),#2450,.F.);
#2431 = FACE_BOUND('',#2432,.F.);
#2432 = EDGE_LOOP('',(#2433,#2434,#2435,#2436,#2437,#2438));
#2433 = ORIENTED_EDGE('',*,*,#1584,.T.);
#2434 = ORIENTED_EDGE('',*,*,#1529,.T.);
#2435 = ORIENTED_EDGE('',*,*,#1553,.T.);
#2436 = ORIENTED_EDGE('',*,*,#1601,.T.);
#2437 = ORIENTED_EDGE('',*,*,#1649,.T.);
#2438 = ORIENTED_EDGE('',*,*,#1632,.T.);
#2439 = FACE_BOUND('',#2440,.F.);
#2440 = EDGE_LOOP('',(#2441));
#2441 = ORIENTED_EDGE('',*,*,#2442,.T.);
#2442 = EDGE_CURVE('',#2443,#2443,#2445,.T.);
#2443 = VERTEX_POINT('',#2444);
#2444 = CARTESIAN_POINT('',(-114.75,6.,78.49));
#2445 = CIRCLE('',#2446,2.25);
#2446 = AXIS2_PLACEMENT_3D('',#2447,#2448,#2449);
#2447 = CARTESIAN_POINT('',(-112.5,6.,78.49));
#2448 = DIRECTION('',(0.,0.,-1.));
#2449 = DIRECTION('',(-1.,0.,0.));
#2450 = PLANE('',#2451);
#2451 = AXIS2_PLACEMENT_3D('',#2452,#2453,#2454);
#2452 = CARTESIAN_POINT('',(-112.5,6.,78.49));
#2453 = DIRECTION('',(0.,0.,1.));
#2454 = DIRECTION('',(1.,0.,0.));
#2455 = ADVANCED_FACE('',(#2456,#2464),#2467,.F.);
#2456 = FACE_BOUND('',#2457,.F.);
#2457 = EDGE_LOOP('',(#2458,#2459,#2460,#2461,#2462,#2463));
#2458 = ORIENTED_EDGE('',*,*,#1793,.T.);
#2459 = ORIENTED_EDGE('',*,*,#1673,.T.);
#2460 = ORIENTED_EDGE('',*,*,#1697,.T.);
#2461 = ORIENTED_EDGE('',*,*,#1721,.T.);
#2462 = ORIENTED_EDGE('',*,*,#1745,.T.);
#2463 = ORIENTED_EDGE('',*,*,#1769,.T.);
#2464 = FACE_BOUND('',#2465,.F.);
#2465 = EDGE_LOOP('',(#2466));
#2466 = ORIENTED_EDGE('',*,*,#1877,.T.);
#2467 = PLANE('',#2468);
#2468 = AXIS2_PLACEMENT_3D('',#2469,#2470,#2471);
#2469 = CARTESIAN_POINT('',(112.5,6.,78.49));
#2470 = DIRECTION('',(0.,0.,1.));
#2471 = DIRECTION('',(1.,0.,0.));
#2472 = ADVANCED_FACE('',(#2473),#2484,.F.);
#2473 = FACE_BOUND('',#2474,.F.);
#2474 = EDGE_LOOP('',(#2475,#2476,#2482,#2483));
#2475 = ORIENTED_EDGE('',*,*,#2400,.F.);
#2476 = ORIENTED_EDGE('',*,*,#2477,.F.);
#2477 = EDGE_CURVE('',#1977,#2401,#2478,.T.);
#2478 = LINE('',#2479,#2480);
#2479 = CARTESIAN_POINT('',(-114.75,-6.,79.81));
#2480 = VECTOR('',#2481,1.);
#2481 = DIRECTION('',(0.,0.,-1.));
#2482 = ORIENTED_EDGE('',*,*,#1976,.T.);
#2483 = ORIENTED_EDGE('',*,*,#2477,.T.);
#2484 = CYLINDRICAL_SURFACE('',#2485,2.25);
#2485 = AXIS2_PLACEMENT_3D('',#2486,#2487,#2488);
#2486 = CARTESIAN_POINT('',(-112.5,-6.,79.81));
#2487 = DIRECTION('',(0.,0.,-1.));
#2488 = DIRECTION('',(-1.,0.,0.));
#2489 = ADVANCED_FACE('',(#2490),#2501,.F.);
#2490 = FACE_BOUND('',#2491,.F.);
#2491 = EDGE_LOOP('',(#2492,#2493,#2499,#2500));
#2492 = ORIENTED_EDGE('',*,*,#2442,.F.);
#2493 = ORIENTED_EDGE('',*,*,#2494,.F.);
#2494 = EDGE_CURVE('',#1988,#2443,#2495,.T.);
#2495 = LINE('',#2496,#2497);
#2496 = CARTESIAN_POINT('',(-114.75,6.,79.81));
#2497 = VECTOR('',#2498,1.);
#2498 = DIRECTION('',(0.,0.,-1.));
#2499 = ORIENTED_EDGE('',*,*,#1987,.T.);
#2500 = ORIENTED_EDGE('',*,*,#2494,.T.);
#2501 = CYLINDRICAL_SURFACE('',#2502,2.25);
#2502 = AXIS2_PLACEMENT_3D('',#2503,#2504,#2505);
#2503 = CARTESIAN_POINT('',(-112.5,6.,79.81));
#2504 = DIRECTION('',(0.,0.,-1.));
#2505 = DIRECTION('',(-1.,0.,0.));
#2506 = ADVANCED_FACE('',(#2507),#2513,.F.);
#2507 = FACE_BOUND('',#2508,.F.);
#2508 = EDGE_LOOP('',(#2509,#2510,#2511,#2512));
#2509 = ORIENTED_EDGE('',*,*,#2088,.F.);
#2510 = ORIENTED_EDGE('',*,*,#2121,.F.);
#2511 = ORIENTED_EDGE('',*,*,#2145,.T.);
#2512 = ORIENTED_EDGE('',*,*,#2273,.T.);
#2513 = CYLINDRICAL_SURFACE('',#2514,4.1);
#2514 = AXIS2_PLACEMENT_3D('',#2515,#2516,#2517);
#2515 = CARTESIAN_POINT('',(72.124891681028,72.124891681028,79.5));
#2516 = DIRECTION('',(0.,0.,1.));
#2517 = DIRECTION('',(1.,0.,0.));
#2518 = ADVANCED_FACE('',(#2519),#2525,.F.);
#2519 = FACE_BOUND('',#2520,.F.);
#2520 = EDGE_LOOP('',(#2521,#2522,#2523,#2524));
#2521 = ORIENTED_EDGE('',*,*,#2064,.F.);
#2522 = ORIENTED_EDGE('',*,*,#2227,.F.);
#2523 = ORIENTED_EDGE('',*,*,#2251,.T.);
#2524 = ORIENTED_EDGE('',*,*,#2377,.T.);
#2525 = CYLINDRICAL_SURFACE('',#2526,4.1);
#2526 = AXIS2_PLACEMENT_3D('',#2527,#2528,#2529);
#2527 = CARTESIAN_POINT('',(26.399542600457,98.524434281485,79.5));
#2528 = DIRECTION('',(0.,0.,1.));
#2529 = DIRECTION('',(1.,0.,0.));
#2530 = ADVANCED_FACE('',(#2531),#2537,.F.);
#2531 = FACE_BOUND('',#2532,.F.);
#2532 = EDGE_LOOP('',(#2533,#2534,#2535,#2536));
#2533 = ORIENTED_EDGE('',*,*,#2040,.F.);
#2534 = ORIENTED_EDGE('',*,*,#2360,.F.);
#2535 = ORIENTED_EDGE('',*,*,#2314,.T.);
#2536 = ORIENTED_EDGE('',*,*,#2343,.T.);
#2537 = CYLINDRICAL_SURFACE('',#2538,4.1);
#2538 = AXIS2_PLACEMENT_3D('',#2539,#2540,#2541);
#2539 = CARTESIAN_POINT('',(-26.39954260045,98.524434281485,79.5));
#2540 = DIRECTION('',(0.,0.,1.));
#2541 = DIRECTION('',(1.,0.,0.));
#2542 = ADVANCED_FACE('',(#2543),#2549,.F.);
#2543 = FACE_BOUND('',#2544,.F.);
#2544 = EDGE_LOOP('',(#2545,#2546,#2547,#2548));
#2545 = ORIENTED_EDGE('',*,*,#2016,.F.);
#2546 = ORIENTED_EDGE('',*,*,#2290,.F.);
#2547 = ORIENTED_EDGE('',*,*,#2174,.T.);
#2548 = ORIENTED_EDGE('',*,*,#2203,.T.);
#2549 = CYLINDRICAL_SURFACE('',#2550,4.1);
#2550 = AXIS2_PLACEMENT_3D('',#2551,#2552,#2553);
#2551 = CARTESIAN_POINT('',(-72.12489168102,72.124891681028,79.5));
#2552 = DIRECTION('',(0.,0.,1.));
#2553 = DIRECTION('',(1.,0.,0.));
#2554 = ( GEOMETRIC_REPRESENTATION_CONTEXT(3) 
GLOBAL_UNCERTAINTY_ASSIGNED_CONTEXT((#2558)) 
GLOBAL_UNIT_ASSIGNED_CONTEXT((#2555,#2556,#2557)) REPRESENTATION_CONTEXT
('Context #1','3D Context with UNIT and UNCERTAINTY') );
#2555 = ( LENGTH_UNIT() NAMED_UNIT(*) SI_UNIT(.MILLI.,.METRE.) );
#2556 = ( NAMED_UNIT(*) PLANE_ANGLE_UNIT() SI_UNIT($,.RADIAN.) );
#2557 = ( NAMED_UNIT(*) SI_UNIT($,.STERADIAN.) SOLID_ANGLE_UNIT() );
#2558 = UNCERTAINTY_MEASURE_WITH_UNIT(LENGTH_MEASURE(2.E-07),#2555,
  'distance_accuracy_value','confusion accuracy');
#2559 = PRODUCT_RELATED_PRODUCT_CATEGORY('part',$,(#7));
ENDSEC;
END-ISO-10303-21;
