ISO-10303-21;
HEADER;
FILE_DESCRIPTION(('FreeCAD Model'),'2;1');
FILE_NAME('Open CASCADE Shape Model','2026-09-19T23:10:20',('FreeCAD'),(
    'FreeCAD'),'Open CASCADE STEP processor 7.9','FreeCAD','Unknown');
FILE_SCHEMA(('AUTOMOTIVE_DESIGN { 1 0 10303 214 1 1 1 1 }'));
ENDSEC;
DATA;
#1 = APPLICATION_PROTOCOL_DEFINITION('international standard',
  'automotive_design',2000,#2);
#2 = APPLICATION_CONTEXT(
  'core data for automotive mechanical design processes');
#3 = SHAPE_DEFINITION_REPRESENTATION(#4,#10);
#4 = PRODUCT_DEFINITION_SHAPE('','',#5);
#5 = PRODUCT_DEFINITION('design','',#6,#9);
#6 = PRODUCT_DEFINITION_FORMATION('','',#7);
#7 = PRODUCT('Open CASCADE STEP translator 7.9 1',
  'Open CASCADE STEP translator 7.9 1','',(#8));
#8 = PRODUCT_CONTEXT('',#2,'mechanical');
#9 = PRODUCT_DEFINITION_CONTEXT('part definition',#2,'design');
#10 = ADVANCED_BREP_SHAPE_REPRESENTATION('',(#11,#15),#6470);
#11 = AXIS2_PLACEMENT_3D('',#12,#13,#14);
#12 = CARTESIAN_POINT('',(0.,0.,0.));
#13 = DIRECTION('',(0.,0.,1.));
#14 = DIRECTION('',(1.,0.,-0.));
#15 = MANIFOLD_SOLID_BREP('',#16);
#16 = CLOSED_SHELL('',(#17,#84,#136,#184,#220,#287,#305,#479,#624,#648,
    #691,#1380,#1423,#1440,#1465,#1490,#1525,#1550,#1575,#1602,#1637,
    #1662,#1687,#1712,#1737,#1764,#1789,#1816,#1908,#1928,#1939,#1950,
    #1960,#1970,#2122,#2132,#2163,#2187,#2211,#2228,#2259,#2283,#2307,
    #2324,#2355,#2379,#2403,#2420,#2451,#2486,#2521,#2538,#2569,#2604,
    #2639,#2656,#2687,#2722,#2757,#2774,#2805,#2840,#2875,#2892,#2923,
    #2958,#2993,#3010,#3041,#3076,#3111,#3128,#3159,#3194,#3229,#3246,
    #3277,#3312,#3347,#3364,#3395,#3430,#3465,#3482,#3513,#3548,#3583,
    #3600,#3631,#3666,#3701,#3718,#3749,#3784,#3819,#3836,#3868,#3893,
    #3905,#3925,#3945,#3965,#3985,#4005,#4072,#4089,#4106,#4123,#4140,
    #4157,#4174,#4191,#4208,#4225,#4242,#4259,#4276,#4293,#4310,#4327,
    #4344,#4361,#4378,#4390,#4402,#4414,#4426,#4451,#4463,#4488,#4500,
    #4525,#4537,#4562,#4574,#4599,#4611,#4636,#4648,#4673,#4685,#4710,
    #4722,#4747,#4759,#4784,#4796,#4821,#4833,#4858,#4898,#4948,#4981,
    #5077,#5095,#5120,#5145,#5170,#5195,#5220,#5245,#5270,#5295,#5320,
    #5345,#5370,#5395,#5564,#5578,#5587,#5667,#5698,#5722,#5746,#5777,
    #5801,#5825,#5842,#5851,#5860,#5869,#5878,#5887,#5896,#5905,#5914,
    #5923,#5932,#5941,#5950,#6012,#6045,#6078,#6111,#6144,#6165,#6182,
    #6204,#6216,#6238,#6250,#6282,#6300,#6332,#6350,#6382,#6400,#6432,
    #6450,#6460));
#17 = ADVANCED_FACE('',(#18),#79,.T.);
#18 = FACE_BOUND('',#19,.T.);
#19 = EDGE_LOOP('',(#20,#31,#39,#46,#47,#56,#64,#73));
#20 = ORIENTED_EDGE('',*,*,#21,.F.);
#21 = EDGE_CURVE('',#22,#24,#26,.T.);
#22 = VERTEX_POINT('',#23);
#23 = CARTESIAN_POINT('',(126.,0.,7.));
#24 = VERTEX_POINT('',#25);
#25 = CARTESIAN_POINT('',(-5.,-125.9007545648,7.));
#26 = CIRCLE('',#27,126.);
#27 = AXIS2_PLACEMENT_3D('',#28,#29,#30);
#28 = CARTESIAN_POINT('',(0.,0.,7.));
#29 = DIRECTION('',(0.,0.,1.));
#30 = DIRECTION('',(1.,0.,0.));
#31 = ORIENTED_EDGE('',*,*,#32,.F.);
#32 = EDGE_CURVE('',#33,#22,#35,.T.);
#33 = VERTEX_POINT('',#34);
#34 = CARTESIAN_POINT('',(126.,-3.086109933851E-14,0.));
#35 = LINE('',#36,#37);
#36 = CARTESIAN_POINT('',(126.,-3.086109933851E-14,0.));
#37 = VECTOR('',#38,1.);
#38 = DIRECTION('',(0.,0.,1.));
#39 = ORIENTED_EDGE('',*,*,#40,.T.);
#40 = EDGE_CURVE('',#33,#33,#41,.T.);
#41 = CIRCLE('',#42,126.);
#42 = AXIS2_PLACEMENT_3D('',#43,#44,#45);
#43 = CARTESIAN_POINT('',(0.,0.,0.));
#44 = DIRECTION('',(0.,0.,1.));
#45 = DIRECTION('',(1.,0.,0.));
#46 = ORIENTED_EDGE('',*,*,#32,.T.);
#47 = ORIENTED_EDGE('',*,*,#48,.F.);
#48 = EDGE_CURVE('',#49,#22,#51,.T.);
#49 = VERTEX_POINT('',#50);
#50 = CARTESIAN_POINT('',(5.,-125.9007545648,7.));
#51 = CIRCLE('',#52,126.);
#52 = AXIS2_PLACEMENT_3D('',#53,#54,#55);
#53 = CARTESIAN_POINT('',(0.,0.,7.));
#54 = DIRECTION('',(0.,0.,1.));
#55 = DIRECTION('',(1.,0.,0.));
#56 = ORIENTED_EDGE('',*,*,#57,.F.);
#57 = EDGE_CURVE('',#58,#49,#60,.T.);
#58 = VERTEX_POINT('',#59);
#59 = CARTESIAN_POINT('',(5.,-125.9007545648,6.));
#60 = LINE('',#61,#62);
#61 = CARTESIAN_POINT('',(5.,-125.9007545648,0.));
#62 = VECTOR('',#63,1.);
#63 = DIRECTION('',(0.,0.,1.));
#64 = ORIENTED_EDGE('',*,*,#65,.F.);
#65 = EDGE_CURVE('',#66,#58,#68,.T.);
#66 = VERTEX_POINT('',#67);
#67 = CARTESIAN_POINT('',(-5.,-125.9007545648,6.));
#68 = CIRCLE('',#69,126.);
#69 = AXIS2_PLACEMENT_3D('',#70,#71,#72);
#70 = CARTESIAN_POINT('',(0.,0.,6.));
#71 = DIRECTION('',(0.,0.,1.));
#72 = DIRECTION('',(1.,0.,0.));
#73 = ORIENTED_EDGE('',*,*,#74,.T.);
#74 = EDGE_CURVE('',#66,#24,#75,.T.);
#75 = LINE('',#76,#77);
#76 = CARTESIAN_POINT('',(-5.,-125.9007545648,0.));
#77 = VECTOR('',#78,1.);
#78 = DIRECTION('',(0.,0.,1.));
#79 = CYLINDRICAL_SURFACE('',#80,126.);
#80 = AXIS2_PLACEMENT_3D('',#81,#82,#83);
#81 = CARTESIAN_POINT('',(0.,0.,0.));
#82 = DIRECTION('',(0.,0.,1.));
#83 = DIRECTION('',(1.,0.,0.));
#84 = ADVANCED_FACE('',(#85),#131,.T.);
#85 = FACE_BOUND('',#86,.T.);
#86 = EDGE_LOOP('',(#87,#96,#97,#124));
#87 = ORIENTED_EDGE('',*,*,#88,.F.);
#88 = EDGE_CURVE('',#22,#89,#91,.T.);
#89 = VERTEX_POINT('',#90);
#90 = CARTESIAN_POINT('',(123.,0.,10.));
#91 = CIRCLE('',#92,3.);
#92 = AXIS2_PLACEMENT_3D('',#93,#94,#95);
#93 = CARTESIAN_POINT('',(123.,0.,7.));
#94 = DIRECTION('',(0.,-1.,0.));
#95 = DIRECTION('',(1.,0.,0.));
#96 = ORIENTED_EDGE('',*,*,#21,.T.);
#97 = ORIENTED_EDGE('',*,*,#98,.T.);
#98 = EDGE_CURVE('',#24,#99,#101,.T.);
#99 = VERTEX_POINT('',#100);
#100 = CARTESIAN_POINT('',(-5.,-122.8983319658,10.));
#101 = B_SPLINE_CURVE_WITH_KNOTS('',6,(#102,#103,#104,#105,#106,#107,
    #108,#109,#110,#111,#112,#113,#114,#115,#116,#117,#118,#119,#120,
    #121,#122,#123),.UNSPECIFIED.,.F.,.F.,(7,5,5,5,7),(0.,0.342523968892
    ,0.512513999026,0.681536315462,1.),.UNSPECIFIED.);
#102 = CARTESIAN_POINT('',(-5.,-125.9007545648,7.));
#103 = CARTESIAN_POINT('',(-5.,-125.9007545648,7.269107858979));
#104 = CARTESIAN_POINT('',(-5.,-125.8717639838,7.538266072688));
#105 = CARTESIAN_POINT('',(-5.,-125.813763656,7.803457865605));
#106 = CARTESIAN_POINT('',(-5.,-125.727512452,8.060851929679));
#107 = CARTESIAN_POINT('',(-5.,-125.6143325232,8.306774595384));
#108 = CARTESIAN_POINT('',(-5.,-125.4078035596,8.652446953583));
#109 = CARTESIAN_POINT('',(-5.,-125.3331750537,8.763440605963));
#110 = CARTESIAN_POINT('',(-5.,-125.2526663056,8.870364383754));
#111 = CARTESIAN_POINT('',(-5.,-125.1665579756,8.972833071302));
#112 = CARTESIAN_POINT('',(-5.,-125.0751638252,9.070488114634));
#113 = CARTESIAN_POINT('',(-5.,-124.8830448668,9.254981579335));
#114 = CARTESIAN_POINT('',(-5.,-124.7823740673,9.341880404516));
#115 = CARTESIAN_POINT('',(-5.,-124.6771583228,9.423369204654));
#116 = CARTESIAN_POINT('',(-5.,-124.5677631449,9.49915571019));
#117 = CARTESIAN_POINT('',(-5.,-124.4545783062,9.568981176168));
#118 = CARTESIAN_POINT('',(-5.,-124.1183983033,9.752527330576));
#119 = CARTESIAN_POINT('',(-5.,-123.8867595354,9.850492621444));
#120 = CARTESIAN_POINT('',(-5.,-123.6459090315,9.924976442614));
#121 = CARTESIAN_POINT('',(-5.,-123.3988157946,9.974996310126));
#122 = CARTESIAN_POINT('',(-5.,-123.1485569139,10.));
#123 = CARTESIAN_POINT('',(-5.,-122.8983319658,10.));
#124 = ORIENTED_EDGE('',*,*,#125,.F.);
#125 = EDGE_CURVE('',#89,#99,#126,.T.);
#126 = CIRCLE('',#127,123.);
#127 = AXIS2_PLACEMENT_3D('',#128,#129,#130);
#128 = CARTESIAN_POINT('',(0.,0.,10.));
#129 = DIRECTION('',(0.,0.,1.));
#130 = DIRECTION('',(1.,0.,0.));
#131 = TOROIDAL_SURFACE('',#132,123.,3.);
#132 = AXIS2_PLACEMENT_3D('',#133,#134,#135);
#133 = CARTESIAN_POINT('',(0.,0.,7.));
#134 = DIRECTION('',(0.,0.,1.));
#135 = DIRECTION('',(1.,0.,0.));
#136 = ADVANCED_FACE('',(#137),#179,.T.);
#137 = FACE_BOUND('',#138,.T.);
#138 = EDGE_LOOP('',(#139,#149,#157,#163,#164,#165,#173));
#139 = ORIENTED_EDGE('',*,*,#140,.F.);
#140 = EDGE_CURVE('',#141,#143,#145,.T.);
#141 = VERTEX_POINT('',#142);
#142 = CARTESIAN_POINT('',(-5.,-115.8921912813,14.));
#143 = VERTEX_POINT('',#144);
#144 = CARTESIAN_POINT('',(-5.,-91.86402995732,14.));
#145 = LINE('',#146,#147);
#146 = CARTESIAN_POINT('',(-5.,-131.,14.));
#147 = VECTOR('',#148,1.);
#148 = DIRECTION('',(0.,1.,0.));
#149 = ORIENTED_EDGE('',*,*,#150,.F.);
#150 = EDGE_CURVE('',#151,#141,#153,.T.);
#151 = VERTEX_POINT('',#152);
#152 = CARTESIAN_POINT('',(-5.,-115.8921912813,10.));
#153 = LINE('',#154,#155);
#154 = CARTESIAN_POINT('',(-5.,-115.8921912813,0.));
#155 = VECTOR('',#156,1.);
#156 = DIRECTION('',(0.,0.,1.));
#157 = ORIENTED_EDGE('',*,*,#158,.F.);
#158 = EDGE_CURVE('',#99,#151,#159,.T.);
#159 = LINE('',#160,#161);
#160 = CARTESIAN_POINT('',(-5.,-65.5,10.));
#161 = VECTOR('',#162,1.);
#162 = DIRECTION('',(0.,1.,0.));
#163 = ORIENTED_EDGE('',*,*,#98,.F.);
#164 = ORIENTED_EDGE('',*,*,#74,.F.);
#165 = ORIENTED_EDGE('',*,*,#166,.T.);
#166 = EDGE_CURVE('',#66,#167,#169,.T.);
#167 = VERTEX_POINT('',#168);
#168 = CARTESIAN_POINT('',(-4.999999999998,-91.86402995732,6.));
#169 = LINE('',#170,#171);
#170 = CARTESIAN_POINT('',(-5.,-131.,6.));
#171 = VECTOR('',#172,1.);
#172 = DIRECTION('',(0.,1.,0.));
#173 = ORIENTED_EDGE('',*,*,#174,.T.);
#174 = EDGE_CURVE('',#167,#143,#175,.T.);
#175 = LINE('',#176,#177);
#176 = CARTESIAN_POINT('',(-5.,-91.86402995732,6.));
#177 = VECTOR('',#178,1.);
#178 = DIRECTION('',(0.,0.,1.));
#179 = PLANE('',#180);
#180 = AXIS2_PLACEMENT_3D('',#181,#182,#183);
#181 = CARTESIAN_POINT('',(-5.,-131.,6.));
#182 = DIRECTION('',(1.,0.,0.));
#183 = DIRECTION('',(0.,0.,1.));
#184 = ADVANCED_FACE('',(#185,#204),#215,.T.);
#185 = FACE_BOUND('',#186,.T.);
#186 = EDGE_LOOP('',(#187,#196,#197,#198));
#187 = ORIENTED_EDGE('',*,*,#188,.F.);
#188 = EDGE_CURVE('',#167,#189,#191,.T.);
#189 = VERTEX_POINT('',#190);
#190 = CARTESIAN_POINT('',(5.000000000002,-91.86402995732,6.));
#191 = CIRCLE('',#192,92.);
#192 = AXIS2_PLACEMENT_3D('',#193,#194,#195);
#193 = CARTESIAN_POINT('',(0.,0.,6.));
#194 = DIRECTION('',(0.,0.,1.));
#195 = DIRECTION('',(1.,0.,0.));
#196 = ORIENTED_EDGE('',*,*,#166,.F.);
#197 = ORIENTED_EDGE('',*,*,#65,.T.);
#198 = ORIENTED_EDGE('',*,*,#199,.T.);
#199 = EDGE_CURVE('',#58,#189,#200,.T.);
#200 = LINE('',#201,#202);
#201 = CARTESIAN_POINT('',(5.,-131.,6.));
#202 = VECTOR('',#203,1.);
#203 = DIRECTION('',(0.,1.,0.));
#204 = FACE_BOUND('',#205,.T.);
#205 = EDGE_LOOP('',(#206));
#206 = ORIENTED_EDGE('',*,*,#207,.F.);
#207 = EDGE_CURVE('',#208,#208,#210,.T.);
#208 = VERTEX_POINT('',#209);
#209 = CARTESIAN_POINT('',(3.3,-118.,6.));
#210 = CIRCLE('',#211,3.3);
#211 = AXIS2_PLACEMENT_3D('',#212,#213,#214);
#212 = CARTESIAN_POINT('',(-2.167624834491E-14,-118.,6.));
#213 = DIRECTION('',(0.,0.,1.));
#214 = DIRECTION('',(1.,0.,0.));
#215 = PLANE('',#216);
#216 = AXIS2_PLACEMENT_3D('',#217,#218,#219);
#217 = CARTESIAN_POINT('',(-5.,-131.,6.));
#218 = DIRECTION('',(0.,0.,1.));
#219 = DIRECTION('',(1.,0.,0.));
#220 = ADVANCED_FACE('',(#221),#282,.F.);
#221 = FACE_BOUND('',#222,.F.);
#222 = EDGE_LOOP('',(#223,#233,#241,#249,#274,#275,#276));
#223 = ORIENTED_EDGE('',*,*,#224,.F.);
#224 = EDGE_CURVE('',#225,#227,#229,.T.);
#225 = VERTEX_POINT('',#226);
#226 = CARTESIAN_POINT('',(5.,-115.8921912813,14.));
#227 = VERTEX_POINT('',#228);
#228 = CARTESIAN_POINT('',(5.,-91.86402995732,14.));
#229 = LINE('',#230,#231);
#230 = CARTESIAN_POINT('',(5.,-131.,14.));
#231 = VECTOR('',#232,1.);
#232 = DIRECTION('',(0.,1.,0.));
#233 = ORIENTED_EDGE('',*,*,#234,.F.);
#234 = EDGE_CURVE('',#235,#225,#237,.T.);
#235 = VERTEX_POINT('',#236);
#236 = CARTESIAN_POINT('',(5.,-115.8921912813,10.));
#237 = LINE('',#238,#239);
#238 = CARTESIAN_POINT('',(5.,-115.8921912813,0.));
#239 = VECTOR('',#240,1.);
#240 = DIRECTION('',(0.,0.,1.));
#241 = ORIENTED_EDGE('',*,*,#242,.F.);
#242 = EDGE_CURVE('',#243,#235,#245,.T.);
#243 = VERTEX_POINT('',#244);
#244 = CARTESIAN_POINT('',(5.,-122.8983319658,10.));
#245 = LINE('',#246,#247);
#246 = CARTESIAN_POINT('',(5.,-65.5,10.));
#247 = VECTOR('',#248,1.);
#248 = DIRECTION('',(0.,1.,0.));
#249 = ORIENTED_EDGE('',*,*,#250,.F.);
#250 = EDGE_CURVE('',#49,#243,#251,.T.);
#251 = B_SPLINE_CURVE_WITH_KNOTS('',6,(#252,#253,#254,#255,#256,#257,
    #258,#259,#260,#261,#262,#263,#264,#265,#266,#267,#268,#269,#270,
    #271,#272,#273),.UNSPECIFIED.,.F.,.F.,(7,5,5,5,7),(0.,0.342523969827
    ,0.512513999961,0.681536316397,1.),.UNSPECIFIED.);
#252 = CARTESIAN_POINT('',(5.,-125.9007545648,7.));
#253 = CARTESIAN_POINT('',(5.,-125.9007545648,7.269107859713));
#254 = CARTESIAN_POINT('',(5.,-125.8717639836,7.538266074157));
#255 = CARTESIAN_POINT('',(5.,-125.8137636556,7.803457867777));
#256 = CARTESIAN_POINT('',(5.,-125.727512451,8.060851932489));
#257 = CARTESIAN_POINT('',(5.,-125.6143325216,8.30677459874));
#258 = CARTESIAN_POINT('',(5.,-125.4078035571,8.652446957267));
#259 = CARTESIAN_POINT('',(5.,-125.3331750511,8.763440609537));
#260 = CARTESIAN_POINT('',(5.,-125.2526663029,8.870364387209));
#261 = CARTESIAN_POINT('',(5.,-125.1665579727,8.972833074632));
#262 = CARTESIAN_POINT('',(5.,-125.0751638222,9.07048811783));
#263 = CARTESIAN_POINT('',(5.,-124.8830448635,9.254981582248));
#264 = CARTESIAN_POINT('',(5.,-124.7823740638,9.341880407282));
#265 = CARTESIAN_POINT('',(5.,-124.6771583192,9.423369207265));
#266 = CARTESIAN_POINT('',(5.,-124.5677631412,9.499155712641));
#267 = CARTESIAN_POINT('',(5.,-124.4545783024,9.568981178453));
#268 = CARTESIAN_POINT('',(5.,-124.1183982999,9.752527332015));
#269 = CARTESIAN_POINT('',(5.,-123.8867595326,9.850492622319));
#270 = CARTESIAN_POINT('',(5.,-123.6459090293,9.924976443055));
#271 = CARTESIAN_POINT('',(5.,-123.3988157931,9.974996310273));
#272 = CARTESIAN_POINT('',(5.,-123.1485569131,10.));
#273 = CARTESIAN_POINT('',(5.,-122.8983319658,10.));
#274 = ORIENTED_EDGE('',*,*,#57,.F.);
#275 = ORIENTED_EDGE('',*,*,#199,.T.);
#276 = ORIENTED_EDGE('',*,*,#277,.T.);
#277 = EDGE_CURVE('',#189,#227,#278,.T.);
#278 = LINE('',#279,#280);
#279 = CARTESIAN_POINT('',(5.,-91.86402995732,6.));
#280 = VECTOR('',#281,1.);
#281 = DIRECTION('',(0.,0.,1.));
#282 = PLANE('',#283);
#283 = AXIS2_PLACEMENT_3D('',#284,#285,#286);
#284 = CARTESIAN_POINT('',(5.,-131.,6.));
#285 = DIRECTION('',(1.,0.,0.));
#286 = DIRECTION('',(0.,0.,1.));
#287 = ADVANCED_FACE('',(#288),#300,.T.);
#288 = FACE_BOUND('',#289,.T.);
#289 = EDGE_LOOP('',(#290,#291,#292,#299));
#290 = ORIENTED_EDGE('',*,*,#48,.T.);
#291 = ORIENTED_EDGE('',*,*,#88,.T.);
#292 = ORIENTED_EDGE('',*,*,#293,.F.);
#293 = EDGE_CURVE('',#243,#89,#294,.T.);
#294 = CIRCLE('',#295,123.);
#295 = AXIS2_PLACEMENT_3D('',#296,#297,#298);
#296 = CARTESIAN_POINT('',(0.,0.,10.));
#297 = DIRECTION('',(0.,0.,1.));
#298 = DIRECTION('',(1.,0.,0.));
#299 = ORIENTED_EDGE('',*,*,#250,.F.);
#300 = TOROIDAL_SURFACE('',#301,123.,3.);
#301 = AXIS2_PLACEMENT_3D('',#302,#303,#304);
#302 = CARTESIAN_POINT('',(0.,0.,7.));
#303 = DIRECTION('',(0.,0.,1.));
#304 = DIRECTION('',(1.,0.,0.));
#305 = ADVANCED_FACE('',(#306,#309,#320,#331,#342,#353,#364,#375,#386,
    #397,#408,#419,#430,#441,#452,#463),#474,.F.);
#306 = FACE_BOUND('',#307,.F.);
#307 = EDGE_LOOP('',(#308));
#308 = ORIENTED_EDGE('',*,*,#40,.T.);
#309 = FACE_BOUND('',#310,.F.);
#310 = EDGE_LOOP('',(#311));
#311 = ORIENTED_EDGE('',*,*,#312,.F.);
#312 = EDGE_CURVE('',#313,#313,#315,.T.);
#313 = VERTEX_POINT('',#314);
#314 = CARTESIAN_POINT('',(3.3,-118.,0.));
#315 = CIRCLE('',#316,3.3);
#316 = AXIS2_PLACEMENT_3D('',#317,#318,#319);
#317 = CARTESIAN_POINT('',(-2.167624834491E-14,-118.,0.));
#318 = DIRECTION('',(0.,0.,1.));
#319 = DIRECTION('',(1.,0.,0.));
#320 = FACE_BOUND('',#321,.F.);
#321 = EDGE_LOOP('',(#322));
#322 = ORIENTED_EDGE('',*,*,#323,.F.);
#323 = EDGE_CURVE('',#324,#324,#326,.T.);
#324 = VERTEX_POINT('',#325);
#325 = CARTESIAN_POINT('',(-18.7055236082,-77.27406610312,0.));
#326 = CIRCLE('',#327,2.);
#327 = AXIS2_PLACEMENT_3D('',#328,#329,#330);
#328 = CARTESIAN_POINT('',(-20.7055236082,-77.27406610312,0.));
#329 = DIRECTION('',(0.,0.,1.));
#330 = DIRECTION('',(1.,0.,0.));
#331 = FACE_BOUND('',#332,.F.);
#332 = EDGE_LOOP('',(#333));
#333 = ORIENTED_EDGE('',*,*,#334,.F.);
#334 = EDGE_CURVE('',#335,#335,#337,.T.);
#335 = VERTEX_POINT('',#336);
#336 = CARTESIAN_POINT('',(4.1,-85.5,0.));
#337 = CIRCLE('',#338,4.1);
#338 = AXIS2_PLACEMENT_3D('',#339,#340,#341);
#339 = CARTESIAN_POINT('',(-1.570609519906E-14,-85.5,0.));
#340 = DIRECTION('',(0.,0.,1.));
#341 = DIRECTION('',(1.,0.,0.));
#342 = FACE_BOUND('',#343,.F.);
#343 = EDGE_LOOP('',(#344));
#344 = ORIENTED_EDGE('',*,*,#345,.F.);
#345 = EDGE_CURVE('',#346,#346,#348,.T.);
#346 = VERTEX_POINT('',#347);
#347 = CARTESIAN_POINT('',(-98.89099764656,-59.,0.));
#348 = CIRCLE('',#349,3.3);
#349 = AXIS2_PLACEMENT_3D('',#350,#351,#352);
#350 = CARTESIAN_POINT('',(-102.1909976465,-59.,0.));
#351 = DIRECTION('',(0.,0.,1.));
#352 = DIRECTION('',(1.,0.,0.));
#353 = FACE_BOUND('',#354,.F.);
#354 = EDGE_LOOP('',(#355));
#355 = ORIENTED_EDGE('',*,*,#356,.F.);
#356 = EDGE_CURVE('',#357,#357,#359,.T.);
#357 = VERTEX_POINT('',#358);
#358 = CARTESIAN_POINT('',(-69.94517202357,-42.75,0.));
#359 = CIRCLE('',#360,4.1);
#360 = AXIS2_PLACEMENT_3D('',#361,#362,#363);
#361 = CARTESIAN_POINT('',(-74.04517202357,-42.75,0.));
#362 = DIRECTION('',(0.,0.,1.));
#363 = DIRECTION('',(1.,0.,0.));
#364 = FACE_BOUND('',#365,.F.);
#365 = EDGE_LOOP('',(#366));
#366 = ORIENTED_EDGE('',*,*,#367,.F.);
#367 = EDGE_CURVE('',#368,#368,#370,.T.);
#368 = VERTEX_POINT('',#369);
#369 = CARTESIAN_POINT('',(78.145172023569,-42.75,0.));
#370 = CIRCLE('',#371,4.1);
#371 = AXIS2_PLACEMENT_3D('',#372,#373,#374);
#372 = CARTESIAN_POINT('',(74.045172023569,-42.75,0.));
#373 = DIRECTION('',(0.,0.,1.));
#374 = DIRECTION('',(1.,0.,0.));
#375 = FACE_BOUND('',#376,.F.);
#376 = EDGE_LOOP('',(#377));
#377 = ORIENTED_EDGE('',*,*,#378,.F.);
#378 = EDGE_CURVE('',#379,#379,#381,.T.);
#379 = VERTEX_POINT('',#380);
#380 = CARTESIAN_POINT('',(105.49099764656,-59.,0.));
#381 = CIRCLE('',#382,3.3);
#382 = AXIS2_PLACEMENT_3D('',#383,#384,#385);
#383 = CARTESIAN_POINT('',(102.19099764656,-59.,0.));
#384 = DIRECTION('',(0.,0.,1.));
#385 = DIRECTION('',(1.,0.,0.));
#386 = FACE_BOUND('',#387,.F.);
#387 = EDGE_LOOP('',(#388));
#388 = ORIENTED_EDGE('',*,*,#389,.F.);
#389 = EDGE_CURVE('',#390,#390,#392,.T.);
#390 = VERTEX_POINT('',#391);
#391 = CARTESIAN_POINT('',(-98.89099764656,59.,0.));
#392 = CIRCLE('',#393,3.3);
#393 = AXIS2_PLACEMENT_3D('',#394,#395,#396);
#394 = CARTESIAN_POINT('',(-102.1909976465,59.,0.));
#395 = DIRECTION('',(0.,0.,1.));
#396 = DIRECTION('',(1.,0.,0.));
#397 = FACE_BOUND('',#398,.F.);
#398 = EDGE_LOOP('',(#399));
#399 = ORIENTED_EDGE('',*,*,#400,.F.);
#400 = EDGE_CURVE('',#401,#401,#403,.T.);
#401 = VERTEX_POINT('',#402);
#402 = CARTESIAN_POINT('',(-69.94517202357,42.75,0.));
#403 = CIRCLE('',#404,4.1);
#404 = AXIS2_PLACEMENT_3D('',#405,#406,#407);
#405 = CARTESIAN_POINT('',(-74.04517202357,42.75,0.));
#406 = DIRECTION('',(0.,0.,1.));
#407 = DIRECTION('',(1.,0.,0.));
#408 = FACE_BOUND('',#409,.F.);
#409 = EDGE_LOOP('',(#410));
#410 = ORIENTED_EDGE('',*,*,#411,.F.);
#411 = EDGE_CURVE('',#412,#412,#414,.T.);
#412 = VERTEX_POINT('',#413);
#413 = CARTESIAN_POINT('',(-54.56854249492,56.568542494924,0.));
#414 = CIRCLE('',#415,2.);
#415 = AXIS2_PLACEMENT_3D('',#416,#417,#418);
#416 = CARTESIAN_POINT('',(-56.56854249492,56.568542494924,0.));
#417 = DIRECTION('',(0.,0.,1.));
#418 = DIRECTION('',(1.,0.,0.));
#419 = FACE_BOUND('',#420,.F.);
#420 = EDGE_LOOP('',(#421));
#421 = ORIENTED_EDGE('',*,*,#422,.F.);
#422 = EDGE_CURVE('',#423,#423,#425,.T.);
#423 = VERTEX_POINT('',#424);
#424 = CARTESIAN_POINT('',(79.274066103125,20.705523608202,0.));
#425 = CIRCLE('',#426,2.);
#426 = AXIS2_PLACEMENT_3D('',#427,#428,#429);
#427 = CARTESIAN_POINT('',(77.274066103125,20.705523608202,0.));
#428 = DIRECTION('',(0.,0.,1.));
#429 = DIRECTION('',(1.,0.,0.));
#430 = FACE_BOUND('',#431,.F.);
#431 = EDGE_LOOP('',(#432));
#432 = ORIENTED_EDGE('',*,*,#433,.F.);
#433 = EDGE_CURVE('',#434,#434,#436,.T.);
#434 = VERTEX_POINT('',#435);
#435 = CARTESIAN_POINT('',(78.14517202357,42.75,0.));
#436 = CIRCLE('',#437,4.1);
#437 = AXIS2_PLACEMENT_3D('',#438,#439,#440);
#438 = CARTESIAN_POINT('',(74.04517202357,42.75,0.));
#439 = DIRECTION('',(0.,0.,1.));
#440 = DIRECTION('',(1.,0.,0.));
#441 = FACE_BOUND('',#442,.F.);
#442 = EDGE_LOOP('',(#443));
#443 = ORIENTED_EDGE('',*,*,#444,.F.);
#444 = EDGE_CURVE('',#445,#445,#447,.T.);
#445 = VERTEX_POINT('',#446);
#446 = CARTESIAN_POINT('',(105.49099764656,59.,0.));
#447 = CIRCLE('',#448,3.3);
#448 = AXIS2_PLACEMENT_3D('',#449,#450,#451);
#449 = CARTESIAN_POINT('',(102.19099764656,59.,0.));
#450 = DIRECTION('',(0.,0.,1.));
#451 = DIRECTION('',(1.,0.,0.));
#452 = FACE_BOUND('',#453,.F.);
#453 = EDGE_LOOP('',(#454));
#454 = ORIENTED_EDGE('',*,*,#455,.F.);
#455 = EDGE_CURVE('',#456,#456,#458,.T.);
#456 = VERTEX_POINT('',#457);
#457 = CARTESIAN_POINT('',(4.1,85.5,0.));
#458 = CIRCLE('',#459,4.1);
#459 = AXIS2_PLACEMENT_3D('',#460,#461,#462);
#460 = CARTESIAN_POINT('',(5.235365066355E-15,85.5,0.));
#461 = DIRECTION('',(0.,0.,1.));
#462 = DIRECTION('',(1.,0.,0.));
#463 = FACE_BOUND('',#464,.F.);
#464 = EDGE_LOOP('',(#465));
#465 = ORIENTED_EDGE('',*,*,#466,.F.);
#466 = EDGE_CURVE('',#467,#467,#469,.T.);
#467 = VERTEX_POINT('',#468);
#468 = CARTESIAN_POINT('',(3.3,118.,0.));
#469 = CIRCLE('',#470,3.3);
#470 = AXIS2_PLACEMENT_3D('',#471,#472,#473);
#471 = CARTESIAN_POINT('',(7.225416114969E-15,118.,0.));
#472 = DIRECTION('',(0.,0.,1.));
#473 = DIRECTION('',(1.,0.,0.));
#474 = PLANE('',#475);
#475 = AXIS2_PLACEMENT_3D('',#476,#477,#478);
#476 = CARTESIAN_POINT('',(0.,0.,0.));
#477 = DIRECTION('',(0.,0.,1.));
#478 = DIRECTION('',(1.,0.,0.));
#479 = ADVANCED_FACE('',(#480),#619,.T.);
#480 = FACE_BOUND('',#481,.T.);
#481 = EDGE_LOOP('',(#482,#483,#484,#485,#486,#495,#504,#513,#522,#531,
    #540,#549,#558,#567,#576,#585,#594,#603,#612));
#482 = ORIENTED_EDGE('',*,*,#242,.F.);
#483 = ORIENTED_EDGE('',*,*,#293,.T.);
#484 = ORIENTED_EDGE('',*,*,#125,.T.);
#485 = ORIENTED_EDGE('',*,*,#158,.T.);
#486 = ORIENTED_EDGE('',*,*,#487,.F.);
#487 = EDGE_CURVE('',#488,#151,#490,.T.);
#488 = VERTEX_POINT('',#489);
#489 = CARTESIAN_POINT('',(-99.1324746138,-60.23912745835,10.));
#490 = CIRCLE('',#491,116.);
#491 = AXIS2_PLACEMENT_3D('',#492,#493,#494);
#492 = CARTESIAN_POINT('',(0.,0.,10.));
#493 = DIRECTION('',(0.,0.,1.));
#494 = DIRECTION('',(1.,0.,0.));
#495 = ORIENTED_EDGE('',*,*,#496,.F.);
#496 = EDGE_CURVE('',#497,#488,#499,.T.);
#497 = VERTEX_POINT('',#498);
#498 = CARTESIAN_POINT('',(-101.7348519876,-55.73167762638,10.));
#499 = CIRCLE('',#500,3.3);
#500 = AXIS2_PLACEMENT_3D('',#501,#502,#503);
#501 = CARTESIAN_POINT('',(-102.1909976465,-59.,10.));
#502 = DIRECTION('',(0.,0.,1.));
#503 = DIRECTION('',(1.,0.,0.));
#504 = ORIENTED_EDGE('',*,*,#505,.F.);
#505 = EDGE_CURVE('',#506,#497,#508,.T.);
#506 = VERTEX_POINT('',#507);
#507 = CARTESIAN_POINT('',(-101.7348519876,55.731677626388,10.));
#508 = CIRCLE('',#509,116.);
#509 = AXIS2_PLACEMENT_3D('',#510,#511,#512);
#510 = CARTESIAN_POINT('',(0.,0.,10.));
#511 = DIRECTION('',(0.,0.,1.));
#512 = DIRECTION('',(1.,0.,0.));
#513 = ORIENTED_EDGE('',*,*,#514,.F.);
#514 = EDGE_CURVE('',#515,#506,#517,.T.);
#515 = VERTEX_POINT('',#516);
#516 = CARTESIAN_POINT('',(-99.1324746138,60.239127458358,10.));
#517 = CIRCLE('',#518,3.3);
#518 = AXIS2_PLACEMENT_3D('',#519,#520,#521);
#519 = CARTESIAN_POINT('',(-102.1909976465,59.,10.));
#520 = DIRECTION('',(0.,0.,1.));
#521 = DIRECTION('',(1.,0.,0.));
#522 = ORIENTED_EDGE('',*,*,#523,.F.);
#523 = EDGE_CURVE('',#524,#515,#526,.T.);
#524 = VERTEX_POINT('',#525);
#525 = CARTESIAN_POINT('',(-2.602377373846,115.97080508474,10.));
#526 = CIRCLE('',#527,116.);
#527 = AXIS2_PLACEMENT_3D('',#528,#529,#530);
#528 = CARTESIAN_POINT('',(0.,0.,10.));
#529 = DIRECTION('',(0.,0.,1.));
#530 = DIRECTION('',(1.,0.,0.));
#531 = ORIENTED_EDGE('',*,*,#532,.F.);
#532 = EDGE_CURVE('',#533,#524,#535,.T.);
#533 = VERTEX_POINT('',#534);
#534 = CARTESIAN_POINT('',(3.3,118.,10.));
#535 = CIRCLE('',#536,3.3);
#536 = AXIS2_PLACEMENT_3D('',#537,#538,#539);
#537 = CARTESIAN_POINT('',(7.225416114969E-15,118.,10.));
#538 = DIRECTION('',(0.,0.,1.));
#539 = DIRECTION('',(1.,0.,0.));
#540 = ORIENTED_EDGE('',*,*,#541,.F.);
#541 = EDGE_CURVE('',#542,#533,#544,.T.);
#542 = VERTEX_POINT('',#543);
#543 = CARTESIAN_POINT('',(2.602377373846,115.97080508474,10.));
#544 = CIRCLE('',#545,3.3);
#545 = AXIS2_PLACEMENT_3D('',#546,#547,#548);
#546 = CARTESIAN_POINT('',(7.225416114969E-15,118.,10.));
#547 = DIRECTION('',(0.,0.,1.));
#548 = DIRECTION('',(1.,0.,0.));
#549 = ORIENTED_EDGE('',*,*,#550,.F.);
#550 = EDGE_CURVE('',#551,#542,#553,.T.);
#551 = VERTEX_POINT('',#552);
#552 = CARTESIAN_POINT('',(99.1324746138,60.239127458358,10.));
#553 = CIRCLE('',#554,116.);
#554 = AXIS2_PLACEMENT_3D('',#555,#556,#557);
#555 = CARTESIAN_POINT('',(0.,0.,10.));
#556 = DIRECTION('',(0.,0.,1.));
#557 = DIRECTION('',(1.,0.,0.));
#558 = ORIENTED_EDGE('',*,*,#559,.F.);
#559 = EDGE_CURVE('',#560,#551,#562,.T.);
#560 = VERTEX_POINT('',#561);
#561 = CARTESIAN_POINT('',(105.49099764656,59.,10.));
#562 = CIRCLE('',#563,3.3);
#563 = AXIS2_PLACEMENT_3D('',#564,#565,#566);
#564 = CARTESIAN_POINT('',(102.19099764656,59.,10.));
#565 = DIRECTION('',(0.,0.,1.));
#566 = DIRECTION('',(1.,0.,0.));
#567 = ORIENTED_EDGE('',*,*,#568,.F.);
#568 = EDGE_CURVE('',#569,#560,#571,.T.);
#569 = VERTEX_POINT('',#570);
#570 = CARTESIAN_POINT('',(101.73485198764,55.731677626388,10.));
#571 = CIRCLE('',#572,3.3);
#572 = AXIS2_PLACEMENT_3D('',#573,#574,#575);
#573 = CARTESIAN_POINT('',(102.19099764656,59.,10.));
#574 = DIRECTION('',(0.,0.,1.));
#575 = DIRECTION('',(1.,0.,0.));
#576 = ORIENTED_EDGE('',*,*,#577,.F.);
#577 = EDGE_CURVE('',#578,#569,#580,.T.);
#578 = VERTEX_POINT('',#579);
#579 = CARTESIAN_POINT('',(116.,-2.841180574022E-14,10.));
#580 = CIRCLE('',#581,116.);
#581 = AXIS2_PLACEMENT_3D('',#582,#583,#584);
#582 = CARTESIAN_POINT('',(0.,0.,10.));
#583 = DIRECTION('',(0.,0.,1.));
#584 = DIRECTION('',(1.,0.,0.));
#585 = ORIENTED_EDGE('',*,*,#586,.F.);
#586 = EDGE_CURVE('',#587,#578,#589,.T.);
#587 = VERTEX_POINT('',#588);
#588 = CARTESIAN_POINT('',(101.73485198764,-55.73167762638,10.));
#589 = CIRCLE('',#590,116.);
#590 = AXIS2_PLACEMENT_3D('',#591,#592,#593);
#591 = CARTESIAN_POINT('',(0.,0.,10.));
#592 = DIRECTION('',(0.,0.,1.));
#593 = DIRECTION('',(1.,0.,0.));
#594 = ORIENTED_EDGE('',*,*,#595,.F.);
#595 = EDGE_CURVE('',#596,#587,#598,.T.);
#596 = VERTEX_POINT('',#597);
#597 = CARTESIAN_POINT('',(105.49099764656,-59.,10.));
#598 = CIRCLE('',#599,3.3);
#599 = AXIS2_PLACEMENT_3D('',#600,#601,#602);
#600 = CARTESIAN_POINT('',(102.19099764656,-59.,10.));
#601 = DIRECTION('',(0.,0.,1.));
#602 = DIRECTION('',(1.,0.,0.));
#603 = ORIENTED_EDGE('',*,*,#604,.F.);
#604 = EDGE_CURVE('',#605,#596,#607,.T.);
#605 = VERTEX_POINT('',#606);
#606 = CARTESIAN_POINT('',(99.1324746138,-60.23912745835,10.));
#607 = CIRCLE('',#608,3.3);
#608 = AXIS2_PLACEMENT_3D('',#609,#610,#611);
#609 = CARTESIAN_POINT('',(102.19099764656,-59.,10.));
#610 = DIRECTION('',(0.,0.,1.));
#611 = DIRECTION('',(1.,0.,0.));
#612 = ORIENTED_EDGE('',*,*,#613,.F.);
#613 = EDGE_CURVE('',#235,#605,#614,.T.);
#614 = CIRCLE('',#615,116.);
#615 = AXIS2_PLACEMENT_3D('',#616,#617,#618);
#616 = CARTESIAN_POINT('',(0.,0.,10.));
#617 = DIRECTION('',(0.,0.,1.));
#618 = DIRECTION('',(1.,0.,0.));
#619 = PLANE('',#620);
#620 = AXIS2_PLACEMENT_3D('',#621,#622,#623);
#621 = CARTESIAN_POINT('',(0.,0.,10.));
#622 = DIRECTION('',(0.,0.,1.));
#623 = DIRECTION('',(1.,0.,0.));
#624 = ADVANCED_FACE('',(#625),#643,.F.);
#625 = FACE_BOUND('',#626,.F.);
#626 = EDGE_LOOP('',(#627,#628,#635,#636));
#627 = ORIENTED_EDGE('',*,*,#140,.F.);
#628 = ORIENTED_EDGE('',*,*,#629,.T.);
#629 = EDGE_CURVE('',#141,#225,#630,.T.);
#630 = CIRCLE('',#631,116.);
#631 = AXIS2_PLACEMENT_3D('',#632,#633,#634);
#632 = CARTESIAN_POINT('',(0.,0.,14.));
#633 = DIRECTION('',(0.,0.,1.));
#634 = DIRECTION('',(1.,0.,0.));
#635 = ORIENTED_EDGE('',*,*,#224,.T.);
#636 = ORIENTED_EDGE('',*,*,#637,.F.);
#637 = EDGE_CURVE('',#143,#227,#638,.T.);
#638 = CIRCLE('',#639,92.);
#639 = AXIS2_PLACEMENT_3D('',#640,#641,#642);
#640 = CARTESIAN_POINT('',(0.,0.,14.));
#641 = DIRECTION('',(0.,0.,1.));
#642 = DIRECTION('',(1.,0.,0.));
#643 = PLANE('',#644);
#644 = AXIS2_PLACEMENT_3D('',#645,#646,#647);
#645 = CARTESIAN_POINT('',(-5.,-131.,14.));
#646 = DIRECTION('',(0.,0.,1.));
#647 = DIRECTION('',(1.,0.,0.));
#648 = ADVANCED_FACE('',(#649),#686,.F.);
#649 = FACE_BOUND('',#650,.F.);
#650 = EDGE_LOOP('',(#651,#661,#668,#669,#676,#677,#678,#679));
#651 = ORIENTED_EDGE('',*,*,#652,.T.);
#652 = EDGE_CURVE('',#653,#655,#657,.T.);
#653 = VERTEX_POINT('',#654);
#654 = CARTESIAN_POINT('',(92.,-2.253350110431E-14,6.));
#655 = VERTEX_POINT('',#656);
#656 = CARTESIAN_POINT('',(92.,-2.253350110431E-14,40.));
#657 = LINE('',#658,#659);
#658 = CARTESIAN_POINT('',(92.,-2.253350110431E-14,6.));
#659 = VECTOR('',#660,1.);
#660 = DIRECTION('',(0.,0.,1.));
#661 = ORIENTED_EDGE('',*,*,#662,.F.);
#662 = EDGE_CURVE('',#655,#655,#663,.T.);
#663 = CIRCLE('',#664,92.);
#664 = AXIS2_PLACEMENT_3D('',#665,#666,#667);
#665 = CARTESIAN_POINT('',(0.,0.,40.));
#666 = DIRECTION('',(0.,0.,1.));
#667 = DIRECTION('',(1.,0.,0.));
#668 = ORIENTED_EDGE('',*,*,#652,.F.);
#669 = ORIENTED_EDGE('',*,*,#670,.T.);
#670 = EDGE_CURVE('',#653,#167,#671,.T.);
#671 = CIRCLE('',#672,92.);
#672 = AXIS2_PLACEMENT_3D('',#673,#674,#675);
#673 = CARTESIAN_POINT('',(0.,0.,6.));
#674 = DIRECTION('',(0.,0.,1.));
#675 = DIRECTION('',(1.,0.,0.));
#676 = ORIENTED_EDGE('',*,*,#174,.T.);
#677 = ORIENTED_EDGE('',*,*,#637,.T.);
#678 = ORIENTED_EDGE('',*,*,#277,.F.);
#679 = ORIENTED_EDGE('',*,*,#680,.T.);
#680 = EDGE_CURVE('',#189,#653,#681,.T.);
#681 = CIRCLE('',#682,92.);
#682 = AXIS2_PLACEMENT_3D('',#683,#684,#685);
#683 = CARTESIAN_POINT('',(0.,0.,6.));
#684 = DIRECTION('',(0.,0.,1.));
#685 = DIRECTION('',(1.,0.,0.));
#686 = CYLINDRICAL_SURFACE('',#687,92.);
#687 = AXIS2_PLACEMENT_3D('',#688,#689,#690);
#688 = CARTESIAN_POINT('',(0.,0.,6.));
#689 = DIRECTION('',(0.,0.,1.));
#690 = DIRECTION('',(1.,0.,0.));
#691 = ADVANCED_FACE('',(#692,#835,#871,#907,#943,#979,#1015,#1051,#1087
    ,#1123,#1159,#1195,#1231,#1267,#1303,#1339),#1375,.T.);
#692 = FACE_BOUND('',#693,.T.);
#693 = EDGE_LOOP('',(#694,#695,#696,#704,#713,#719,#720,#728,#735,#736,
    #737,#745,#754,#760,#761,#769,#778,#784,#785,#793,#802,#808,#809,
    #817,#826,#832,#833,#834));
#694 = ORIENTED_EDGE('',*,*,#234,.F.);
#695 = ORIENTED_EDGE('',*,*,#613,.T.);
#696 = ORIENTED_EDGE('',*,*,#697,.T.);
#697 = EDGE_CURVE('',#605,#698,#700,.T.);
#698 = VERTEX_POINT('',#699);
#699 = CARTESIAN_POINT('',(99.1324746138,-60.23912745835,12.));
#700 = LINE('',#701,#702);
#701 = CARTESIAN_POINT('',(99.1324746138,-60.23912745835,0.));
#702 = VECTOR('',#703,1.);
#703 = DIRECTION('',(0.,0.,1.));
#704 = ORIENTED_EDGE('',*,*,#705,.T.);
#705 = EDGE_CURVE('',#698,#706,#708,.T.);
#706 = VERTEX_POINT('',#707);
#707 = CARTESIAN_POINT('',(101.73485198764,-55.73167762638,12.));
#708 = CIRCLE('',#709,116.);
#709 = AXIS2_PLACEMENT_3D('',#710,#711,#712);
#710 = CARTESIAN_POINT('',(0.,0.,12.));
#711 = DIRECTION('',(0.,0.,1.));
#712 = DIRECTION('',(1.,0.,0.));
#713 = ORIENTED_EDGE('',*,*,#714,.F.);
#714 = EDGE_CURVE('',#587,#706,#715,.T.);
#715 = LINE('',#716,#717);
#716 = CARTESIAN_POINT('',(101.73485198764,-55.73167762638,0.));
#717 = VECTOR('',#718,1.);
#718 = DIRECTION('',(0.,0.,1.));
#719 = ORIENTED_EDGE('',*,*,#586,.T.);
#720 = ORIENTED_EDGE('',*,*,#721,.T.);
#721 = EDGE_CURVE('',#578,#722,#724,.T.);
#722 = VERTEX_POINT('',#723);
#723 = CARTESIAN_POINT('',(116.,-2.841180574022E-14,56.));
#724 = LINE('',#725,#726);
#725 = CARTESIAN_POINT('',(116.,-2.841180574022E-14,0.));
#726 = VECTOR('',#727,1.);
#727 = DIRECTION('',(0.,0.,1.));
#728 = ORIENTED_EDGE('',*,*,#729,.F.);
#729 = EDGE_CURVE('',#722,#722,#730,.T.);
#730 = CIRCLE('',#731,116.);
#731 = AXIS2_PLACEMENT_3D('',#732,#733,#734);
#732 = CARTESIAN_POINT('',(0.,0.,56.));
#733 = DIRECTION('',(0.,0.,1.));
#734 = DIRECTION('',(1.,0.,0.));
#735 = ORIENTED_EDGE('',*,*,#721,.F.);
#736 = ORIENTED_EDGE('',*,*,#577,.T.);
#737 = ORIENTED_EDGE('',*,*,#738,.T.);
#738 = EDGE_CURVE('',#569,#739,#741,.T.);
#739 = VERTEX_POINT('',#740);
#740 = CARTESIAN_POINT('',(101.73485198764,55.731677626388,12.));
#741 = LINE('',#742,#743);
#742 = CARTESIAN_POINT('',(101.73485198764,55.731677626388,0.));
#743 = VECTOR('',#744,1.);
#744 = DIRECTION('',(0.,0.,1.));
#745 = ORIENTED_EDGE('',*,*,#746,.T.);
#746 = EDGE_CURVE('',#739,#747,#749,.T.);
#747 = VERTEX_POINT('',#748);
#748 = CARTESIAN_POINT('',(99.1324746138,60.239127458357,12.));
#749 = CIRCLE('',#750,116.);
#750 = AXIS2_PLACEMENT_3D('',#751,#752,#753);
#751 = CARTESIAN_POINT('',(0.,0.,12.));
#752 = DIRECTION('',(0.,0.,1.));
#753 = DIRECTION('',(1.,0.,0.));
#754 = ORIENTED_EDGE('',*,*,#755,.F.);
#755 = EDGE_CURVE('',#551,#747,#756,.T.);
#756 = LINE('',#757,#758);
#757 = CARTESIAN_POINT('',(99.1324746138,60.239127458358,0.));
#758 = VECTOR('',#759,1.);
#759 = DIRECTION('',(0.,0.,1.));
#760 = ORIENTED_EDGE('',*,*,#550,.T.);
#761 = ORIENTED_EDGE('',*,*,#762,.T.);
#762 = EDGE_CURVE('',#542,#763,#765,.T.);
#763 = VERTEX_POINT('',#764);
#764 = CARTESIAN_POINT('',(2.602377373846,115.97080508474,12.));
#765 = LINE('',#766,#767);
#766 = CARTESIAN_POINT('',(2.602377373846,115.97080508474,0.));
#767 = VECTOR('',#768,1.);
#768 = DIRECTION('',(0.,0.,1.));
#769 = ORIENTED_EDGE('',*,*,#770,.T.);
#770 = EDGE_CURVE('',#763,#771,#773,.T.);
#771 = VERTEX_POINT('',#772);
#772 = CARTESIAN_POINT('',(-2.602377373846,115.97080508474,12.));
#773 = CIRCLE('',#774,116.);
#774 = AXIS2_PLACEMENT_3D('',#775,#776,#777);
#775 = CARTESIAN_POINT('',(0.,0.,12.));
#776 = DIRECTION('',(0.,0.,1.));
#777 = DIRECTION('',(1.,0.,0.));
#778 = ORIENTED_EDGE('',*,*,#779,.F.);
#779 = EDGE_CURVE('',#524,#771,#780,.T.);
#780 = LINE('',#781,#782);
#781 = CARTESIAN_POINT('',(-2.602377373846,115.97080508474,0.));
#782 = VECTOR('',#783,1.);
#783 = DIRECTION('',(0.,0.,1.));
#784 = ORIENTED_EDGE('',*,*,#523,.T.);
#785 = ORIENTED_EDGE('',*,*,#786,.T.);
#786 = EDGE_CURVE('',#515,#787,#789,.T.);
#787 = VERTEX_POINT('',#788);
#788 = CARTESIAN_POINT('',(-99.1324746138,60.239127458357,12.));
#789 = LINE('',#790,#791);
#790 = CARTESIAN_POINT('',(-99.1324746138,60.239127458358,0.));
#791 = VECTOR('',#792,1.);
#792 = DIRECTION('',(0.,0.,1.));
#793 = ORIENTED_EDGE('',*,*,#794,.T.);
#794 = EDGE_CURVE('',#787,#795,#797,.T.);
#795 = VERTEX_POINT('',#796);
#796 = CARTESIAN_POINT('',(-101.7348519876,55.731677626388,12.));
#797 = CIRCLE('',#798,116.);
#798 = AXIS2_PLACEMENT_3D('',#799,#800,#801);
#799 = CARTESIAN_POINT('',(0.,0.,12.));
#800 = DIRECTION('',(0.,0.,1.));
#801 = DIRECTION('',(1.,0.,0.));
#802 = ORIENTED_EDGE('',*,*,#803,.F.);
#803 = EDGE_CURVE('',#506,#795,#804,.T.);
#804 = LINE('',#805,#806);
#805 = CARTESIAN_POINT('',(-101.7348519876,55.731677626388,0.));
#806 = VECTOR('',#807,1.);
#807 = DIRECTION('',(0.,0.,1.));
#808 = ORIENTED_EDGE('',*,*,#505,.T.);
#809 = ORIENTED_EDGE('',*,*,#810,.T.);
#810 = EDGE_CURVE('',#497,#811,#813,.T.);
#811 = VERTEX_POINT('',#812);
#812 = CARTESIAN_POINT('',(-101.7348519876,-55.73167762638,12.));
#813 = LINE('',#814,#815);
#814 = CARTESIAN_POINT('',(-101.7348519876,-55.73167762638,0.));
#815 = VECTOR('',#816,1.);
#816 = DIRECTION('',(0.,0.,1.));
#817 = ORIENTED_EDGE('',*,*,#818,.T.);
#818 = EDGE_CURVE('',#811,#819,#821,.T.);
#819 = VERTEX_POINT('',#820);
#820 = CARTESIAN_POINT('',(-99.1324746138,-60.23912745835,12.));
#821 = CIRCLE('',#822,116.);
#822 = AXIS2_PLACEMENT_3D('',#823,#824,#825);
#823 = CARTESIAN_POINT('',(0.,0.,12.));
#824 = DIRECTION('',(0.,0.,1.));
#825 = DIRECTION('',(1.,0.,0.));
#826 = ORIENTED_EDGE('',*,*,#827,.F.);
#827 = EDGE_CURVE('',#488,#819,#828,.T.);
#828 = LINE('',#829,#830);
#829 = CARTESIAN_POINT('',(-99.1324746138,-60.23912745835,0.));
#830 = VECTOR('',#831,1.);
#831 = DIRECTION('',(0.,0.,1.));
#832 = ORIENTED_EDGE('',*,*,#487,.T.);
#833 = ORIENTED_EDGE('',*,*,#150,.T.);
#834 = ORIENTED_EDGE('',*,*,#629,.T.);
#835 = FACE_BOUND('',#836,.T.);
#836 = EDGE_LOOP('',(#837,#848,#856,#865));
#837 = ORIENTED_EDGE('',*,*,#838,.F.);
#838 = EDGE_CURVE('',#839,#841,#843,.T.);
#839 = VERTEX_POINT('',#840);
#840 = CARTESIAN_POINT('',(105.5062498047,48.21235580376,19.));
#841 = VERTEX_POINT('',#842);
#842 = CARTESIAN_POINT('',(94.5062498047,67.264914687017,19.));
#843 = CIRCLE('',#844,116.);
#844 = AXIS2_PLACEMENT_3D('',#845,#846,#847);
#845 = CARTESIAN_POINT('',(0.,0.,19.));
#846 = DIRECTION('',(0.,0.,1.));
#847 = DIRECTION('',(1.,0.,0.));
#848 = ORIENTED_EDGE('',*,*,#849,.T.);
#849 = EDGE_CURVE('',#839,#850,#852,.T.);
#850 = VERTEX_POINT('',#851);
#851 = CARTESIAN_POINT('',(105.5062498047,48.21235580376,33.));
#852 = LINE('',#853,#854);
#853 = CARTESIAN_POINT('',(105.5062498047,48.21235580376,0.));
#854 = VECTOR('',#855,1.);
#855 = DIRECTION('',(0.,0.,1.));
#856 = ORIENTED_EDGE('',*,*,#857,.T.);
#857 = EDGE_CURVE('',#850,#858,#860,.T.);
#858 = VERTEX_POINT('',#859);
#859 = CARTESIAN_POINT('',(94.5062498047,67.264914687017,33.));
#860 = CIRCLE('',#861,116.);
#861 = AXIS2_PLACEMENT_3D('',#862,#863,#864);
#862 = CARTESIAN_POINT('',(0.,0.,33.));
#863 = DIRECTION('',(0.,0.,1.));
#864 = DIRECTION('',(1.,0.,0.));
#865 = ORIENTED_EDGE('',*,*,#866,.F.);
#866 = EDGE_CURVE('',#841,#858,#867,.T.);
#867 = LINE('',#868,#869);
#868 = CARTESIAN_POINT('',(94.5062498047,67.264914687017,0.));
#869 = VECTOR('',#870,1.);
#870 = DIRECTION('',(0.,0.,1.));
#871 = FACE_BOUND('',#872,.T.);
#872 = EDGE_LOOP('',(#873,#884,#892,#901));
#873 = ORIENTED_EDGE('',*,*,#874,.F.);
#874 = EDGE_CURVE('',#875,#877,#879,.T.);
#875 = VERTEX_POINT('',#876);
#876 = CARTESIAN_POINT('',(-94.5062498047,67.264914687017,19.));
#877 = VERTEX_POINT('',#878);
#878 = CARTESIAN_POINT('',(-105.5062498047,48.212355803759,19.));
#879 = CIRCLE('',#880,116.);
#880 = AXIS2_PLACEMENT_3D('',#881,#882,#883);
#881 = CARTESIAN_POINT('',(0.,0.,19.));
#882 = DIRECTION('',(0.,0.,1.));
#883 = DIRECTION('',(1.,0.,0.));
#884 = ORIENTED_EDGE('',*,*,#885,.T.);
#885 = EDGE_CURVE('',#875,#886,#888,.T.);
#886 = VERTEX_POINT('',#887);
#887 = CARTESIAN_POINT('',(-94.5062498047,67.264914687017,33.));
#888 = LINE('',#889,#890);
#889 = CARTESIAN_POINT('',(-94.5062498047,67.264914687017,0.));
#890 = VECTOR('',#891,1.);
#891 = DIRECTION('',(0.,0.,1.));
#892 = ORIENTED_EDGE('',*,*,#893,.T.);
#893 = EDGE_CURVE('',#886,#894,#896,.T.);
#894 = VERTEX_POINT('',#895);
#895 = CARTESIAN_POINT('',(-105.5062498047,48.212355803759,33.));
#896 = CIRCLE('',#897,116.);
#897 = AXIS2_PLACEMENT_3D('',#898,#899,#900);
#898 = CARTESIAN_POINT('',(0.,0.,33.));
#899 = DIRECTION('',(0.,0.,1.));
#900 = DIRECTION('',(1.,0.,0.));
#901 = ORIENTED_EDGE('',*,*,#902,.F.);
#902 = EDGE_CURVE('',#877,#894,#903,.T.);
#903 = LINE('',#904,#905);
#904 = CARTESIAN_POINT('',(-105.5062498047,48.21235580376,0.));
#905 = VECTOR('',#906,1.);
#906 = DIRECTION('',(0.,0.,1.));
#907 = FACE_BOUND('',#908,.T.);
#908 = EDGE_LOOP('',(#909,#920,#928,#937));
#909 = ORIENTED_EDGE('',*,*,#910,.F.);
#910 = EDGE_CURVE('',#911,#913,#915,.T.);
#911 = VERTEX_POINT('',#912);
#912 = CARTESIAN_POINT('',(-11.,-115.4772704907,19.));
#913 = VERTEX_POINT('',#914);
#914 = CARTESIAN_POINT('',(11.,-115.4772704907,19.));
#915 = CIRCLE('',#916,116.);
#916 = AXIS2_PLACEMENT_3D('',#917,#918,#919);
#917 = CARTESIAN_POINT('',(0.,0.,19.));
#918 = DIRECTION('',(0.,0.,1.));
#919 = DIRECTION('',(1.,0.,0.));
#920 = ORIENTED_EDGE('',*,*,#921,.T.);
#921 = EDGE_CURVE('',#911,#922,#924,.T.);
#922 = VERTEX_POINT('',#923);
#923 = CARTESIAN_POINT('',(-11.,-115.4772704907,33.));
#924 = LINE('',#925,#926);
#925 = CARTESIAN_POINT('',(-11.,-115.4772704907,0.));
#926 = VECTOR('',#927,1.);
#927 = DIRECTION('',(0.,0.,1.));
#928 = ORIENTED_EDGE('',*,*,#929,.T.);
#929 = EDGE_CURVE('',#922,#930,#932,.T.);
#930 = VERTEX_POINT('',#931);
#931 = CARTESIAN_POINT('',(11.,-115.4772704907,33.));
#932 = CIRCLE('',#933,116.);
#933 = AXIS2_PLACEMENT_3D('',#934,#935,#936);
#934 = CARTESIAN_POINT('',(0.,0.,33.));
#935 = DIRECTION('',(0.,0.,1.));
#936 = DIRECTION('',(1.,0.,0.));
#937 = ORIENTED_EDGE('',*,*,#938,.F.);
#938 = EDGE_CURVE('',#913,#930,#939,.T.);
#939 = LINE('',#940,#941);
#940 = CARTESIAN_POINT('',(11.,-115.4772704907,0.));
#941 = VECTOR('',#942,1.);
#942 = DIRECTION('',(0.,0.,1.));
#943 = FACE_BOUND('',#944,.T.);
#944 = EDGE_LOOP('',(#945,#955,#964,#972));
#945 = ORIENTED_EDGE('',*,*,#946,.F.);
#946 = EDGE_CURVE('',#947,#949,#951,.T.);
#947 = VERTEX_POINT('',#948);
#948 = CARTESIAN_POINT('',(111.01826028091,33.629538863916,45.15));
#949 = VERTEX_POINT('',#950);
#950 = CARTESIAN_POINT('',(111.01826028091,33.629538863916,48.85));
#951 = LINE('',#952,#953);
#952 = CARTESIAN_POINT('',(111.01826028091,33.629538863916,0.));
#953 = VECTOR('',#954,1.);
#954 = DIRECTION('',(0.,0.,1.));
#955 = ORIENTED_EDGE('',*,*,#956,.F.);
#956 = EDGE_CURVE('',#957,#947,#959,.T.);
#957 = VERTEX_POINT('',#958);
#958 = CARTESIAN_POINT('',(112.95940311918,26.385095166748,45.15));
#959 = CIRCLE('',#960,116.);
#960 = AXIS2_PLACEMENT_3D('',#961,#962,#963);
#961 = CARTESIAN_POINT('',(0.,0.,45.15));
#962 = DIRECTION('',(0.,0.,1.));
#963 = DIRECTION('',(1.,0.,0.));
#964 = ORIENTED_EDGE('',*,*,#965,.T.);
#965 = EDGE_CURVE('',#957,#966,#968,.T.);
#966 = VERTEX_POINT('',#967);
#967 = CARTESIAN_POINT('',(112.95940311918,26.385095166748,48.85));
#968 = LINE('',#969,#970);
#969 = CARTESIAN_POINT('',(112.95940311918,26.385095166748,0.));
#970 = VECTOR('',#971,1.);
#971 = DIRECTION('',(0.,0.,1.));
#972 = ORIENTED_EDGE('',*,*,#973,.T.);
#973 = EDGE_CURVE('',#966,#949,#974,.T.);
#974 = CIRCLE('',#975,116.);
#975 = AXIS2_PLACEMENT_3D('',#976,#977,#978);
#976 = CARTESIAN_POINT('',(0.,0.,48.85));
#977 = DIRECTION('',(0.,0.,1.));
#978 = DIRECTION('',(1.,0.,0.));
#979 = FACE_BOUND('',#980,.T.);
#980 = EDGE_LOOP('',(#981,#991,#1000,#1008));
#981 = ORIENTED_EDGE('',*,*,#982,.F.);
#982 = EDGE_CURVE('',#983,#985,#987,.T.);
#983 = VERTEX_POINT('',#984);
#984 = CARTESIAN_POINT('',(79.329864255265,84.633165114164,45.15));
#985 = VERTEX_POINT('',#986);
#986 = CARTESIAN_POINT('',(79.329864255265,84.633165114164,48.85));
#987 = LINE('',#988,#989);
#988 = CARTESIAN_POINT('',(79.329864255265,84.633165114164,0.));
#989 = VECTOR('',#990,1.);
#990 = DIRECTION('',(0.,0.,1.));
#991 = ORIENTED_EDGE('',*,*,#992,.F.);
#992 = EDGE_CURVE('',#993,#983,#995,.T.);
#993 = VERTEX_POINT('',#994);
#994 = CARTESIAN_POINT('',(84.633165114164,79.329864255265,45.15));
#995 = CIRCLE('',#996,116.);
#996 = AXIS2_PLACEMENT_3D('',#997,#998,#999);
#997 = CARTESIAN_POINT('',(0.,0.,45.15));
#998 = DIRECTION('',(0.,0.,1.));
#999 = DIRECTION('',(1.,0.,0.));
#1000 = ORIENTED_EDGE('',*,*,#1001,.T.);
#1001 = EDGE_CURVE('',#993,#1002,#1004,.T.);
#1002 = VERTEX_POINT('',#1003);
#1003 = CARTESIAN_POINT('',(84.633165114164,79.329864255265,48.85));
#1004 = LINE('',#1005,#1006);
#1005 = CARTESIAN_POINT('',(84.633165114164,79.329864255265,0.));
#1006 = VECTOR('',#1007,1.);
#1007 = DIRECTION('',(0.,0.,1.));
#1008 = ORIENTED_EDGE('',*,*,#1009,.T.);
#1009 = EDGE_CURVE('',#1002,#985,#1010,.T.);
#1010 = CIRCLE('',#1011,116.);
#1011 = AXIS2_PLACEMENT_3D('',#1012,#1013,#1014);
#1012 = CARTESIAN_POINT('',(0.,0.,48.85));
#1013 = DIRECTION('',(0.,0.,1.));
#1014 = DIRECTION('',(1.,0.,0.));
#1015 = FACE_BOUND('',#1016,.T.);
#1016 = EDGE_LOOP('',(#1017,#1027,#1036,#1044));
#1017 = ORIENTED_EDGE('',*,*,#1018,.F.);
#1018 = EDGE_CURVE('',#1019,#1021,#1023,.T.);
#1019 = VERTEX_POINT('',#1020);
#1020 = CARTESIAN_POINT('',(26.385095166748,112.95940311918,45.15));
#1021 = VERTEX_POINT('',#1022);
#1022 = CARTESIAN_POINT('',(26.385095166748,112.95940311918,48.85));
#1023 = LINE('',#1024,#1025);
#1024 = CARTESIAN_POINT('',(26.385095166748,112.95940311918,0.));
#1025 = VECTOR('',#1026,1.);
#1026 = DIRECTION('',(0.,0.,1.));
#1027 = ORIENTED_EDGE('',*,*,#1028,.F.);
#1028 = EDGE_CURVE('',#1029,#1019,#1031,.T.);
#1029 = VERTEX_POINT('',#1030);
#1030 = CARTESIAN_POINT('',(33.629538863916,111.01826028091,45.15));
#1031 = CIRCLE('',#1032,116.);
#1032 = AXIS2_PLACEMENT_3D('',#1033,#1034,#1035);
#1033 = CARTESIAN_POINT('',(0.,0.,45.15));
#1034 = DIRECTION('',(0.,0.,1.));
#1035 = DIRECTION('',(1.,0.,0.));
#1036 = ORIENTED_EDGE('',*,*,#1037,.T.);
#1037 = EDGE_CURVE('',#1029,#1038,#1040,.T.);
#1038 = VERTEX_POINT('',#1039);
#1039 = CARTESIAN_POINT('',(33.629538863916,111.01826028091,48.85));
#1040 = LINE('',#1041,#1042);
#1041 = CARTESIAN_POINT('',(33.629538863916,111.01826028091,0.));
#1042 = VECTOR('',#1043,1.);
#1043 = DIRECTION('',(0.,0.,1.));
#1044 = ORIENTED_EDGE('',*,*,#1045,.T.);
#1045 = EDGE_CURVE('',#1038,#1021,#1046,.T.);
#1046 = CIRCLE('',#1047,116.);
#1047 = AXIS2_PLACEMENT_3D('',#1048,#1049,#1050);
#1048 = CARTESIAN_POINT('',(0.,0.,48.85));
#1049 = DIRECTION('',(0.,0.,1.));
#1050 = DIRECTION('',(1.,0.,0.));
#1051 = FACE_BOUND('',#1052,.T.);
#1052 = EDGE_LOOP('',(#1053,#1063,#1072,#1080));
#1053 = ORIENTED_EDGE('',*,*,#1054,.F.);
#1054 = EDGE_CURVE('',#1055,#1057,#1059,.T.);
#1055 = VERTEX_POINT('',#1056);
#1056 = CARTESIAN_POINT('',(-33.62953886391,111.01826028091,45.15));
#1057 = VERTEX_POINT('',#1058);
#1058 = CARTESIAN_POINT('',(-33.62953886391,111.01826028091,48.85));
#1059 = LINE('',#1060,#1061);
#1060 = CARTESIAN_POINT('',(-33.62953886391,111.01826028091,0.));
#1061 = VECTOR('',#1062,1.);
#1062 = DIRECTION('',(0.,0.,1.));
#1063 = ORIENTED_EDGE('',*,*,#1064,.F.);
#1064 = EDGE_CURVE('',#1065,#1055,#1067,.T.);
#1065 = VERTEX_POINT('',#1066);
#1066 = CARTESIAN_POINT('',(-26.38509516674,112.95940311918,45.15));
#1067 = CIRCLE('',#1068,116.);
#1068 = AXIS2_PLACEMENT_3D('',#1069,#1070,#1071);
#1069 = CARTESIAN_POINT('',(0.,0.,45.15));
#1070 = DIRECTION('',(0.,0.,1.));
#1071 = DIRECTION('',(1.,0.,0.));
#1072 = ORIENTED_EDGE('',*,*,#1073,.T.);
#1073 = EDGE_CURVE('',#1065,#1074,#1076,.T.);
#1074 = VERTEX_POINT('',#1075);
#1075 = CARTESIAN_POINT('',(-26.38509516674,112.95940311918,48.85));
#1076 = LINE('',#1077,#1078);
#1077 = CARTESIAN_POINT('',(-26.38509516674,112.95940311918,0.));
#1078 = VECTOR('',#1079,1.);
#1079 = DIRECTION('',(0.,0.,1.));
#1080 = ORIENTED_EDGE('',*,*,#1081,.T.);
#1081 = EDGE_CURVE('',#1074,#1057,#1082,.T.);
#1082 = CIRCLE('',#1083,116.);
#1083 = AXIS2_PLACEMENT_3D('',#1084,#1085,#1086);
#1084 = CARTESIAN_POINT('',(0.,0.,48.85));
#1085 = DIRECTION('',(0.,0.,1.));
#1086 = DIRECTION('',(1.,0.,0.));
#1087 = FACE_BOUND('',#1088,.T.);
#1088 = EDGE_LOOP('',(#1089,#1099,#1108,#1116));
#1089 = ORIENTED_EDGE('',*,*,#1090,.F.);
#1090 = EDGE_CURVE('',#1091,#1093,#1095,.T.);
#1091 = VERTEX_POINT('',#1092);
#1092 = CARTESIAN_POINT('',(-84.63316511416,79.329864255265,45.15));
#1093 = VERTEX_POINT('',#1094);
#1094 = CARTESIAN_POINT('',(-84.63316511416,79.329864255265,48.85));
#1095 = LINE('',#1096,#1097);
#1096 = CARTESIAN_POINT('',(-84.63316511416,79.329864255265,0.));
#1097 = VECTOR('',#1098,1.);
#1098 = DIRECTION('',(0.,0.,1.));
#1099 = ORIENTED_EDGE('',*,*,#1100,.F.);
#1100 = EDGE_CURVE('',#1101,#1091,#1103,.T.);
#1101 = VERTEX_POINT('',#1102);
#1102 = CARTESIAN_POINT('',(-79.32986425526,84.633165114164,45.15));
#1103 = CIRCLE('',#1104,116.);
#1104 = AXIS2_PLACEMENT_3D('',#1105,#1106,#1107);
#1105 = CARTESIAN_POINT('',(0.,0.,45.15));
#1106 = DIRECTION('',(0.,0.,1.));
#1107 = DIRECTION('',(1.,0.,0.));
#1108 = ORIENTED_EDGE('',*,*,#1109,.T.);
#1109 = EDGE_CURVE('',#1101,#1110,#1112,.T.);
#1110 = VERTEX_POINT('',#1111);
#1111 = CARTESIAN_POINT('',(-79.32986425526,84.633165114164,48.85));
#1112 = LINE('',#1113,#1114);
#1113 = CARTESIAN_POINT('',(-79.32986425526,84.633165114164,0.));
#1114 = VECTOR('',#1115,1.);
#1115 = DIRECTION('',(0.,0.,1.));
#1116 = ORIENTED_EDGE('',*,*,#1117,.T.);
#1117 = EDGE_CURVE('',#1110,#1093,#1118,.T.);
#1118 = CIRCLE('',#1119,116.);
#1119 = AXIS2_PLACEMENT_3D('',#1120,#1121,#1122);
#1120 = CARTESIAN_POINT('',(0.,0.,48.85));
#1121 = DIRECTION('',(0.,0.,1.));
#1122 = DIRECTION('',(1.,0.,0.));
#1123 = FACE_BOUND('',#1124,.T.);
#1124 = EDGE_LOOP('',(#1125,#1135,#1144,#1152));
#1125 = ORIENTED_EDGE('',*,*,#1126,.F.);
#1126 = EDGE_CURVE('',#1127,#1129,#1131,.T.);
#1127 = VERTEX_POINT('',#1128);
#1128 = CARTESIAN_POINT('',(-112.9594031191,26.385095166748,45.15));
#1129 = VERTEX_POINT('',#1130);
#1130 = CARTESIAN_POINT('',(-112.9594031191,26.385095166748,48.85));
#1131 = LINE('',#1132,#1133);
#1132 = CARTESIAN_POINT('',(-112.9594031191,26.385095166748,0.));
#1133 = VECTOR('',#1134,1.);
#1134 = DIRECTION('',(0.,0.,1.));
#1135 = ORIENTED_EDGE('',*,*,#1136,.F.);
#1136 = EDGE_CURVE('',#1137,#1127,#1139,.T.);
#1137 = VERTEX_POINT('',#1138);
#1138 = CARTESIAN_POINT('',(-111.0182602809,33.629538863916,45.15));
#1139 = CIRCLE('',#1140,116.);
#1140 = AXIS2_PLACEMENT_3D('',#1141,#1142,#1143);
#1141 = CARTESIAN_POINT('',(0.,0.,45.15));
#1142 = DIRECTION('',(0.,0.,1.));
#1143 = DIRECTION('',(1.,0.,0.));
#1144 = ORIENTED_EDGE('',*,*,#1145,.T.);
#1145 = EDGE_CURVE('',#1137,#1146,#1148,.T.);
#1146 = VERTEX_POINT('',#1147);
#1147 = CARTESIAN_POINT('',(-111.0182602809,33.629538863916,48.85));
#1148 = LINE('',#1149,#1150);
#1149 = CARTESIAN_POINT('',(-111.0182602809,33.629538863916,0.));
#1150 = VECTOR('',#1151,1.);
#1151 = DIRECTION('',(0.,0.,1.));
#1152 = ORIENTED_EDGE('',*,*,#1153,.T.);
#1153 = EDGE_CURVE('',#1146,#1129,#1154,.T.);
#1154 = CIRCLE('',#1155,116.);
#1155 = AXIS2_PLACEMENT_3D('',#1156,#1157,#1158);
#1156 = CARTESIAN_POINT('',(0.,0.,48.85));
#1157 = DIRECTION('',(0.,0.,1.));
#1158 = DIRECTION('',(1.,0.,0.));
#1159 = FACE_BOUND('',#1160,.T.);
#1160 = EDGE_LOOP('',(#1161,#1171,#1180,#1188));
#1161 = ORIENTED_EDGE('',*,*,#1162,.F.);
#1162 = EDGE_CURVE('',#1163,#1165,#1167,.T.);
#1163 = VERTEX_POINT('',#1164);
#1164 = CARTESIAN_POINT('',(-111.0182602809,-33.62953886391,45.15));
#1165 = VERTEX_POINT('',#1166);
#1166 = CARTESIAN_POINT('',(-111.0182602809,-33.62953886391,48.85));
#1167 = LINE('',#1168,#1169);
#1168 = CARTESIAN_POINT('',(-111.0182602809,-33.62953886391,0.));
#1169 = VECTOR('',#1170,1.);
#1170 = DIRECTION('',(0.,0.,1.));
#1171 = ORIENTED_EDGE('',*,*,#1172,.F.);
#1172 = EDGE_CURVE('',#1173,#1163,#1175,.T.);
#1173 = VERTEX_POINT('',#1174);
#1174 = CARTESIAN_POINT('',(-112.9594031191,-26.38509516674,45.15));
#1175 = CIRCLE('',#1176,116.);
#1176 = AXIS2_PLACEMENT_3D('',#1177,#1178,#1179);
#1177 = CARTESIAN_POINT('',(0.,0.,45.15));
#1178 = DIRECTION('',(0.,0.,1.));
#1179 = DIRECTION('',(1.,0.,0.));
#1180 = ORIENTED_EDGE('',*,*,#1181,.T.);
#1181 = EDGE_CURVE('',#1173,#1182,#1184,.T.);
#1182 = VERTEX_POINT('',#1183);
#1183 = CARTESIAN_POINT('',(-112.9594031191,-26.38509516674,48.85));
#1184 = LINE('',#1185,#1186);
#1185 = CARTESIAN_POINT('',(-112.9594031191,-26.38509516674,0.));
#1186 = VECTOR('',#1187,1.);
#1187 = DIRECTION('',(0.,0.,1.));
#1188 = ORIENTED_EDGE('',*,*,#1189,.T.);
#1189 = EDGE_CURVE('',#1182,#1165,#1190,.T.);
#1190 = CIRCLE('',#1191,116.);
#1191 = AXIS2_PLACEMENT_3D('',#1192,#1193,#1194);
#1192 = CARTESIAN_POINT('',(0.,0.,48.85));
#1193 = DIRECTION('',(0.,0.,1.));
#1194 = DIRECTION('',(1.,0.,0.));
#1195 = FACE_BOUND('',#1196,.T.);
#1196 = EDGE_LOOP('',(#1197,#1207,#1216,#1224));
#1197 = ORIENTED_EDGE('',*,*,#1198,.F.);
#1198 = EDGE_CURVE('',#1199,#1201,#1203,.T.);
#1199 = VERTEX_POINT('',#1200);
#1200 = CARTESIAN_POINT('',(-79.32986425526,-84.63316511416,45.15));
#1201 = VERTEX_POINT('',#1202);
#1202 = CARTESIAN_POINT('',(-79.32986425526,-84.63316511416,48.85));
#1203 = LINE('',#1204,#1205);
#1204 = CARTESIAN_POINT('',(-79.32986425526,-84.63316511416,0.));
#1205 = VECTOR('',#1206,1.);
#1206 = DIRECTION('',(0.,0.,1.));
#1207 = ORIENTED_EDGE('',*,*,#1208,.F.);
#1208 = EDGE_CURVE('',#1209,#1199,#1211,.T.);
#1209 = VERTEX_POINT('',#1210);
#1210 = CARTESIAN_POINT('',(-84.63316511416,-79.32986425526,45.15));
#1211 = CIRCLE('',#1212,116.);
#1212 = AXIS2_PLACEMENT_3D('',#1213,#1214,#1215);
#1213 = CARTESIAN_POINT('',(0.,0.,45.15));
#1214 = DIRECTION('',(0.,0.,1.));
#1215 = DIRECTION('',(1.,0.,0.));
#1216 = ORIENTED_EDGE('',*,*,#1217,.T.);
#1217 = EDGE_CURVE('',#1209,#1218,#1220,.T.);
#1218 = VERTEX_POINT('',#1219);
#1219 = CARTESIAN_POINT('',(-84.63316511416,-79.32986425526,48.85));
#1220 = LINE('',#1221,#1222);
#1221 = CARTESIAN_POINT('',(-84.63316511416,-79.32986425526,0.));
#1222 = VECTOR('',#1223,1.);
#1223 = DIRECTION('',(0.,0.,1.));
#1224 = ORIENTED_EDGE('',*,*,#1225,.T.);
#1225 = EDGE_CURVE('',#1218,#1201,#1226,.T.);
#1226 = CIRCLE('',#1227,116.);
#1227 = AXIS2_PLACEMENT_3D('',#1228,#1229,#1230);
#1228 = CARTESIAN_POINT('',(0.,0.,48.85));
#1229 = DIRECTION('',(0.,0.,1.));
#1230 = DIRECTION('',(1.,0.,0.));
#1231 = FACE_BOUND('',#1232,.T.);
#1232 = EDGE_LOOP('',(#1233,#1243,#1252,#1260));
#1233 = ORIENTED_EDGE('',*,*,#1234,.F.);
#1234 = EDGE_CURVE('',#1235,#1237,#1239,.T.);
#1235 = VERTEX_POINT('',#1236);
#1236 = CARTESIAN_POINT('',(-26.38509516674,-112.9594031191,45.15));
#1237 = VERTEX_POINT('',#1238);
#1238 = CARTESIAN_POINT('',(-26.38509516674,-112.9594031191,48.85));
#1239 = LINE('',#1240,#1241);
#1240 = CARTESIAN_POINT('',(-26.38509516674,-112.9594031191,0.));
#1241 = VECTOR('',#1242,1.);
#1242 = DIRECTION('',(0.,0.,1.));
#1243 = ORIENTED_EDGE('',*,*,#1244,.F.);
#1244 = EDGE_CURVE('',#1245,#1235,#1247,.T.);
#1245 = VERTEX_POINT('',#1246);
#1246 = CARTESIAN_POINT('',(-33.62953886391,-111.0182602809,45.15));
#1247 = CIRCLE('',#1248,116.);
#1248 = AXIS2_PLACEMENT_3D('',#1249,#1250,#1251);
#1249 = CARTESIAN_POINT('',(0.,0.,45.15));
#1250 = DIRECTION('',(0.,0.,1.));
#1251 = DIRECTION('',(1.,0.,0.));
#1252 = ORIENTED_EDGE('',*,*,#1253,.T.);
#1253 = EDGE_CURVE('',#1245,#1254,#1256,.T.);
#1254 = VERTEX_POINT('',#1255);
#1255 = CARTESIAN_POINT('',(-33.62953886391,-111.0182602809,48.85));
#1256 = LINE('',#1257,#1258);
#1257 = CARTESIAN_POINT('',(-33.62953886391,-111.0182602809,0.));
#1258 = VECTOR('',#1259,1.);
#1259 = DIRECTION('',(0.,0.,1.));
#1260 = ORIENTED_EDGE('',*,*,#1261,.T.);
#1261 = EDGE_CURVE('',#1254,#1237,#1262,.T.);
#1262 = CIRCLE('',#1263,116.);
#1263 = AXIS2_PLACEMENT_3D('',#1264,#1265,#1266);
#1264 = CARTESIAN_POINT('',(0.,0.,48.85));
#1265 = DIRECTION('',(0.,0.,1.));
#1266 = DIRECTION('',(1.,0.,0.));
#1267 = FACE_BOUND('',#1268,.T.);
#1268 = EDGE_LOOP('',(#1269,#1279,#1288,#1296));
#1269 = ORIENTED_EDGE('',*,*,#1270,.F.);
#1270 = EDGE_CURVE('',#1271,#1273,#1275,.T.);
#1271 = VERTEX_POINT('',#1272);
#1272 = CARTESIAN_POINT('',(33.629538863916,-111.0182602809,45.15));
#1273 = VERTEX_POINT('',#1274);
#1274 = CARTESIAN_POINT('',(33.629538863916,-111.0182602809,48.85));
#1275 = LINE('',#1276,#1277);
#1276 = CARTESIAN_POINT('',(33.629538863916,-111.0182602809,0.));
#1277 = VECTOR('',#1278,1.);
#1278 = DIRECTION('',(0.,0.,1.));
#1279 = ORIENTED_EDGE('',*,*,#1280,.F.);
#1280 = EDGE_CURVE('',#1281,#1271,#1283,.T.);
#1281 = VERTEX_POINT('',#1282);
#1282 = CARTESIAN_POINT('',(26.385095166748,-112.9594031191,45.15));
#1283 = CIRCLE('',#1284,116.);
#1284 = AXIS2_PLACEMENT_3D('',#1285,#1286,#1287);
#1285 = CARTESIAN_POINT('',(0.,0.,45.15));
#1286 = DIRECTION('',(0.,0.,1.));
#1287 = DIRECTION('',(1.,0.,0.));
#1288 = ORIENTED_EDGE('',*,*,#1289,.T.);
#1289 = EDGE_CURVE('',#1281,#1290,#1292,.T.);
#1290 = VERTEX_POINT('',#1291);
#1291 = CARTESIAN_POINT('',(26.385095166748,-112.9594031191,48.85));
#1292 = LINE('',#1293,#1294);
#1293 = CARTESIAN_POINT('',(26.385095166748,-112.9594031191,0.));
#1294 = VECTOR('',#1295,1.);
#1295 = DIRECTION('',(0.,0.,1.));
#1296 = ORIENTED_EDGE('',*,*,#1297,.T.);
#1297 = EDGE_CURVE('',#1290,#1273,#1298,.T.);
#1298 = CIRCLE('',#1299,116.);
#1299 = AXIS2_PLACEMENT_3D('',#1300,#1301,#1302);
#1300 = CARTESIAN_POINT('',(0.,0.,48.85));
#1301 = DIRECTION('',(0.,0.,1.));
#1302 = DIRECTION('',(1.,0.,0.));
#1303 = FACE_BOUND('',#1304,.T.);
#1304 = EDGE_LOOP('',(#1305,#1315,#1324,#1332));
#1305 = ORIENTED_EDGE('',*,*,#1306,.F.);
#1306 = EDGE_CURVE('',#1307,#1309,#1311,.T.);
#1307 = VERTEX_POINT('',#1308);
#1308 = CARTESIAN_POINT('',(84.633165114164,-79.32986425526,45.15));
#1309 = VERTEX_POINT('',#1310);
#1310 = CARTESIAN_POINT('',(84.633165114164,-79.32986425526,48.85));
#1311 = LINE('',#1312,#1313);
#1312 = CARTESIAN_POINT('',(84.633165114164,-79.32986425526,0.));
#1313 = VECTOR('',#1314,1.);
#1314 = DIRECTION('',(0.,0.,1.));
#1315 = ORIENTED_EDGE('',*,*,#1316,.F.);
#1316 = EDGE_CURVE('',#1317,#1307,#1319,.T.);
#1317 = VERTEX_POINT('',#1318);
#1318 = CARTESIAN_POINT('',(79.329864255265,-84.63316511416,45.15));
#1319 = CIRCLE('',#1320,116.);
#1320 = AXIS2_PLACEMENT_3D('',#1321,#1322,#1323);
#1321 = CARTESIAN_POINT('',(0.,0.,45.15));
#1322 = DIRECTION('',(0.,0.,1.));
#1323 = DIRECTION('',(1.,0.,0.));
#1324 = ORIENTED_EDGE('',*,*,#1325,.T.);
#1325 = EDGE_CURVE('',#1317,#1326,#1328,.T.);
#1326 = VERTEX_POINT('',#1327);
#1327 = CARTESIAN_POINT('',(79.329864255265,-84.63316511416,48.85));
#1328 = LINE('',#1329,#1330);
#1329 = CARTESIAN_POINT('',(79.329864255265,-84.63316511416,0.));
#1330 = VECTOR('',#1331,1.);
#1331 = DIRECTION('',(0.,0.,1.));
#1332 = ORIENTED_EDGE('',*,*,#1333,.T.);
#1333 = EDGE_CURVE('',#1326,#1309,#1334,.T.);
#1334 = CIRCLE('',#1335,116.);
#1335 = AXIS2_PLACEMENT_3D('',#1336,#1337,#1338);
#1336 = CARTESIAN_POINT('',(0.,0.,48.85));
#1337 = DIRECTION('',(0.,0.,1.));
#1338 = DIRECTION('',(1.,0.,0.));
#1339 = FACE_BOUND('',#1340,.T.);
#1340 = EDGE_LOOP('',(#1341,#1351,#1360,#1368));
#1341 = ORIENTED_EDGE('',*,*,#1342,.F.);
#1342 = EDGE_CURVE('',#1343,#1345,#1347,.T.);
#1343 = VERTEX_POINT('',#1344);
#1344 = CARTESIAN_POINT('',(112.95940311918,-26.38509516674,45.15));
#1345 = VERTEX_POINT('',#1346);
#1346 = CARTESIAN_POINT('',(112.95940311918,-26.38509516674,48.85));
#1347 = LINE('',#1348,#1349);
#1348 = CARTESIAN_POINT('',(112.95940311918,-26.38509516674,0.));
#1349 = VECTOR('',#1350,1.);
#1350 = DIRECTION('',(0.,0.,1.));
#1351 = ORIENTED_EDGE('',*,*,#1352,.F.);
#1352 = EDGE_CURVE('',#1353,#1343,#1355,.T.);
#1353 = VERTEX_POINT('',#1354);
#1354 = CARTESIAN_POINT('',(111.01826028091,-33.62953886391,45.15));
#1355 = CIRCLE('',#1356,116.);
#1356 = AXIS2_PLACEMENT_3D('',#1357,#1358,#1359);
#1357 = CARTESIAN_POINT('',(0.,0.,45.15));
#1358 = DIRECTION('',(0.,0.,1.));
#1359 = DIRECTION('',(1.,0.,0.));
#1360 = ORIENTED_EDGE('',*,*,#1361,.T.);
#1361 = EDGE_CURVE('',#1353,#1362,#1364,.T.);
#1362 = VERTEX_POINT('',#1363);
#1363 = CARTESIAN_POINT('',(111.01826028091,-33.62953886391,48.85));
#1364 = LINE('',#1365,#1366);
#1365 = CARTESIAN_POINT('',(111.01826028091,-33.62953886391,0.));
#1366 = VECTOR('',#1367,1.);
#1367 = DIRECTION('',(0.,0.,1.));
#1368 = ORIENTED_EDGE('',*,*,#1369,.T.);
#1369 = EDGE_CURVE('',#1362,#1345,#1370,.T.);
#1370 = CIRCLE('',#1371,116.);
#1371 = AXIS2_PLACEMENT_3D('',#1372,#1373,#1374);
#1372 = CARTESIAN_POINT('',(0.,0.,48.85));
#1373 = DIRECTION('',(0.,0.,1.));
#1374 = DIRECTION('',(1.,0.,0.));
#1375 = CYLINDRICAL_SURFACE('',#1376,116.);
#1376 = AXIS2_PLACEMENT_3D('',#1377,#1378,#1379);
#1377 = CARTESIAN_POINT('',(0.,0.,0.));
#1378 = DIRECTION('',(0.,0.,1.));
#1379 = DIRECTION('',(1.,0.,0.));
#1380 = ADVANCED_FACE('',(#1381,#1407),#1418,.T.);
#1381 = FACE_BOUND('',#1382,.T.);
#1382 = EDGE_LOOP('',(#1383,#1391,#1392,#1400));
#1383 = ORIENTED_EDGE('',*,*,#1384,.F.);
#1384 = EDGE_CURVE('',#167,#1385,#1387,.T.);
#1385 = VERTEX_POINT('',#1386);
#1386 = CARTESIAN_POINT('',(-5.,-24.49489742783,6.));
#1387 = LINE('',#1388,#1389);
#1388 = CARTESIAN_POINT('',(-5.,-131.,6.));
#1389 = VECTOR('',#1390,1.);
#1390 = DIRECTION('',(0.,1.,0.));
#1391 = ORIENTED_EDGE('',*,*,#188,.T.);
#1392 = ORIENTED_EDGE('',*,*,#1393,.T.);
#1393 = EDGE_CURVE('',#189,#1394,#1396,.T.);
#1394 = VERTEX_POINT('',#1395);
#1395 = CARTESIAN_POINT('',(5.,-24.49489742783,6.));
#1396 = LINE('',#1397,#1398);
#1397 = CARTESIAN_POINT('',(5.,-131.,6.));
#1398 = VECTOR('',#1399,1.);
#1399 = DIRECTION('',(0.,1.,0.));
#1400 = ORIENTED_EDGE('',*,*,#1401,.F.);
#1401 = EDGE_CURVE('',#1385,#1394,#1402,.T.);
#1402 = CIRCLE('',#1403,25.);
#1403 = AXIS2_PLACEMENT_3D('',#1404,#1405,#1406);
#1404 = CARTESIAN_POINT('',(0.,0.,6.));
#1405 = DIRECTION('',(0.,0.,1.));
#1406 = DIRECTION('',(1.,0.,0.));
#1407 = FACE_BOUND('',#1408,.T.);
#1408 = EDGE_LOOP('',(#1409));
#1409 = ORIENTED_EDGE('',*,*,#1410,.F.);
#1410 = EDGE_CURVE('',#1411,#1411,#1413,.T.);
#1411 = VERTEX_POINT('',#1412);
#1412 = CARTESIAN_POINT('',(2.25,-85.5,6.));
#1413 = CIRCLE('',#1414,2.25);
#1414 = AXIS2_PLACEMENT_3D('',#1415,#1416,#1417);
#1415 = CARTESIAN_POINT('',(-1.570609519906E-14,-85.5,6.));
#1416 = DIRECTION('',(0.,0.,1.));
#1417 = DIRECTION('',(1.,0.,0.));
#1418 = PLANE('',#1419);
#1419 = AXIS2_PLACEMENT_3D('',#1420,#1421,#1422);
#1420 = CARTESIAN_POINT('',(0.,0.,6.));
#1421 = DIRECTION('',(0.,0.,1.));
#1422 = DIRECTION('',(1.,0.,0.));
#1423 = ADVANCED_FACE('',(#1424),#1435,.F.);
#1424 = FACE_BOUND('',#1425,.F.);
#1425 = EDGE_LOOP('',(#1426,#1427,#1433,#1434));
#1426 = ORIENTED_EDGE('',*,*,#207,.F.);
#1427 = ORIENTED_EDGE('',*,*,#1428,.F.);
#1428 = EDGE_CURVE('',#313,#208,#1429,.T.);
#1429 = LINE('',#1430,#1431);
#1430 = CARTESIAN_POINT('',(3.3,-118.,0.));
#1431 = VECTOR('',#1432,1.);
#1432 = DIRECTION('',(0.,0.,1.));
#1433 = ORIENTED_EDGE('',*,*,#312,.T.);
#1434 = ORIENTED_EDGE('',*,*,#1428,.T.);
#1435 = CYLINDRICAL_SURFACE('',#1436,3.3);
#1436 = AXIS2_PLACEMENT_3D('',#1437,#1438,#1439);
#1437 = CARTESIAN_POINT('',(-2.167624834491E-14,-118.,0.));
#1438 = DIRECTION('',(0.,0.,1.));
#1439 = DIRECTION('',(1.,0.,0.));
#1440 = ADVANCED_FACE('',(#1441),#1460,.F.);
#1441 = FACE_BOUND('',#1442,.F.);
#1442 = EDGE_LOOP('',(#1443,#1452,#1458,#1459));
#1443 = ORIENTED_EDGE('',*,*,#1444,.F.);
#1444 = EDGE_CURVE('',#1445,#1445,#1447,.T.);
#1445 = VERTEX_POINT('',#1446);
#1446 = CARTESIAN_POINT('',(-18.7055236082,-77.27406610312,6.));
#1447 = CIRCLE('',#1448,2.);
#1448 = AXIS2_PLACEMENT_3D('',#1449,#1450,#1451);
#1449 = CARTESIAN_POINT('',(-20.7055236082,-77.27406610312,6.));
#1450 = DIRECTION('',(0.,0.,1.));
#1451 = DIRECTION('',(1.,0.,0.));
#1452 = ORIENTED_EDGE('',*,*,#1453,.F.);
#1453 = EDGE_CURVE('',#324,#1445,#1454,.T.);
#1454 = LINE('',#1455,#1456);
#1455 = CARTESIAN_POINT('',(-18.7055236082,-77.27406610312,0.));
#1456 = VECTOR('',#1457,1.);
#1457 = DIRECTION('',(0.,0.,1.));
#1458 = ORIENTED_EDGE('',*,*,#323,.T.);
#1459 = ORIENTED_EDGE('',*,*,#1453,.T.);
#1460 = CYLINDRICAL_SURFACE('',#1461,2.);
#1461 = AXIS2_PLACEMENT_3D('',#1462,#1463,#1464);
#1462 = CARTESIAN_POINT('',(-20.7055236082,-77.27406610312,0.));
#1463 = DIRECTION('',(0.,0.,1.));
#1464 = DIRECTION('',(1.,0.,0.));
#1465 = ADVANCED_FACE('',(#1466),#1485,.F.);
#1466 = FACE_BOUND('',#1467,.F.);
#1467 = EDGE_LOOP('',(#1468,#1477,#1483,#1484));
#1468 = ORIENTED_EDGE('',*,*,#1469,.F.);
#1469 = EDGE_CURVE('',#1470,#1470,#1472,.T.);
#1470 = VERTEX_POINT('',#1471);
#1471 = CARTESIAN_POINT('',(4.1,-85.5,5.01));
#1472 = CIRCLE('',#1473,4.1);
#1473 = AXIS2_PLACEMENT_3D('',#1474,#1475,#1476);
#1474 = CARTESIAN_POINT('',(-1.570609519906E-14,-85.5,5.01));
#1475 = DIRECTION('',(0.,0.,1.));
#1476 = DIRECTION('',(1.,0.,0.));
#1477 = ORIENTED_EDGE('',*,*,#1478,.F.);
#1478 = EDGE_CURVE('',#335,#1470,#1479,.T.);
#1479 = LINE('',#1480,#1481);
#1480 = CARTESIAN_POINT('',(4.1,-85.5,0.));
#1481 = VECTOR('',#1482,1.);
#1482 = DIRECTION('',(0.,0.,1.));
#1483 = ORIENTED_EDGE('',*,*,#334,.T.);
#1484 = ORIENTED_EDGE('',*,*,#1478,.T.);
#1485 = CYLINDRICAL_SURFACE('',#1486,4.1);
#1486 = AXIS2_PLACEMENT_3D('',#1487,#1488,#1489);
#1487 = CARTESIAN_POINT('',(-1.570609519906E-14,-85.5,0.));
#1488 = DIRECTION('',(0.,0.,1.));
#1489 = DIRECTION('',(1.,0.,0.));
#1490 = ADVANCED_FACE('',(#1491),#1520,.F.);
#1491 = FACE_BOUND('',#1492,.F.);
#1492 = EDGE_LOOP('',(#1493,#1501,#1508,#1509,#1510,#1511,#1518,#1519));
#1493 = ORIENTED_EDGE('',*,*,#1494,.T.);
#1494 = EDGE_CURVE('',#346,#1495,#1497,.T.);
#1495 = VERTEX_POINT('',#1496);
#1496 = CARTESIAN_POINT('',(-98.89099764656,-59.,12.));
#1497 = LINE('',#1498,#1499);
#1498 = CARTESIAN_POINT('',(-98.89099764656,-59.,0.));
#1499 = VECTOR('',#1500,1.);
#1500 = DIRECTION('',(0.,0.,1.));
#1501 = ORIENTED_EDGE('',*,*,#1502,.F.);
#1502 = EDGE_CURVE('',#819,#1495,#1503,.T.);
#1503 = CIRCLE('',#1504,3.3);
#1504 = AXIS2_PLACEMENT_3D('',#1505,#1506,#1507);
#1505 = CARTESIAN_POINT('',(-102.1909976465,-59.,12.));
#1506 = DIRECTION('',(0.,0.,1.));
#1507 = DIRECTION('',(1.,0.,0.));
#1508 = ORIENTED_EDGE('',*,*,#827,.F.);
#1509 = ORIENTED_EDGE('',*,*,#496,.F.);
#1510 = ORIENTED_EDGE('',*,*,#810,.T.);
#1511 = ORIENTED_EDGE('',*,*,#1512,.F.);
#1512 = EDGE_CURVE('',#1495,#811,#1513,.T.);
#1513 = CIRCLE('',#1514,3.3);
#1514 = AXIS2_PLACEMENT_3D('',#1515,#1516,#1517);
#1515 = CARTESIAN_POINT('',(-102.1909976465,-59.,12.));
#1516 = DIRECTION('',(0.,0.,1.));
#1517 = DIRECTION('',(1.,0.,0.));
#1518 = ORIENTED_EDGE('',*,*,#1494,.F.);
#1519 = ORIENTED_EDGE('',*,*,#345,.T.);
#1520 = CYLINDRICAL_SURFACE('',#1521,3.3);
#1521 = AXIS2_PLACEMENT_3D('',#1522,#1523,#1524);
#1522 = CARTESIAN_POINT('',(-102.1909976465,-59.,0.));
#1523 = DIRECTION('',(0.,0.,1.));
#1524 = DIRECTION('',(1.,0.,0.));
#1525 = ADVANCED_FACE('',(#1526),#1545,.F.);
#1526 = FACE_BOUND('',#1527,.F.);
#1527 = EDGE_LOOP('',(#1528,#1537,#1543,#1544));
#1528 = ORIENTED_EDGE('',*,*,#1529,.F.);
#1529 = EDGE_CURVE('',#1530,#1530,#1532,.T.);
#1530 = VERTEX_POINT('',#1531);
#1531 = CARTESIAN_POINT('',(-69.94517202357,-42.75,5.01));
#1532 = CIRCLE('',#1533,4.1);
#1533 = AXIS2_PLACEMENT_3D('',#1534,#1535,#1536);
#1534 = CARTESIAN_POINT('',(-74.04517202357,-42.75,5.01));
#1535 = DIRECTION('',(0.,0.,1.));
#1536 = DIRECTION('',(1.,0.,0.));
#1537 = ORIENTED_EDGE('',*,*,#1538,.F.);
#1538 = EDGE_CURVE('',#357,#1530,#1539,.T.);
#1539 = LINE('',#1540,#1541);
#1540 = CARTESIAN_POINT('',(-69.94517202357,-42.75,0.));
#1541 = VECTOR('',#1542,1.);
#1542 = DIRECTION('',(0.,0.,1.));
#1543 = ORIENTED_EDGE('',*,*,#356,.T.);
#1544 = ORIENTED_EDGE('',*,*,#1538,.T.);
#1545 = CYLINDRICAL_SURFACE('',#1546,4.1);
#1546 = AXIS2_PLACEMENT_3D('',#1547,#1548,#1549);
#1547 = CARTESIAN_POINT('',(-74.04517202357,-42.75,0.));
#1548 = DIRECTION('',(0.,0.,1.));
#1549 = DIRECTION('',(1.,0.,0.));
#1550 = ADVANCED_FACE('',(#1551),#1570,.F.);
#1551 = FACE_BOUND('',#1552,.F.);
#1552 = EDGE_LOOP('',(#1553,#1562,#1568,#1569));
#1553 = ORIENTED_EDGE('',*,*,#1554,.F.);
#1554 = EDGE_CURVE('',#1555,#1555,#1557,.T.);
#1555 = VERTEX_POINT('',#1556);
#1556 = CARTESIAN_POINT('',(78.145172023569,-42.75,5.01));
#1557 = CIRCLE('',#1558,4.1);
#1558 = AXIS2_PLACEMENT_3D('',#1559,#1560,#1561);
#1559 = CARTESIAN_POINT('',(74.045172023569,-42.75,5.01));
#1560 = DIRECTION('',(0.,0.,1.));
#1561 = DIRECTION('',(1.,0.,0.));
#1562 = ORIENTED_EDGE('',*,*,#1563,.F.);
#1563 = EDGE_CURVE('',#368,#1555,#1564,.T.);
#1564 = LINE('',#1565,#1566);
#1565 = CARTESIAN_POINT('',(78.145172023569,-42.75,0.));
#1566 = VECTOR('',#1567,1.);
#1567 = DIRECTION('',(0.,0.,1.));
#1568 = ORIENTED_EDGE('',*,*,#367,.T.);
#1569 = ORIENTED_EDGE('',*,*,#1563,.T.);
#1570 = CYLINDRICAL_SURFACE('',#1571,4.1);
#1571 = AXIS2_PLACEMENT_3D('',#1572,#1573,#1574);
#1572 = CARTESIAN_POINT('',(74.045172023569,-42.75,0.));
#1573 = DIRECTION('',(0.,0.,1.));
#1574 = DIRECTION('',(1.,0.,0.));
#1575 = ADVANCED_FACE('',(#1576),#1597,.F.);
#1576 = FACE_BOUND('',#1577,.F.);
#1577 = EDGE_LOOP('',(#1578,#1585,#1586,#1587,#1593,#1594,#1595,#1596));
#1578 = ORIENTED_EDGE('',*,*,#1579,.F.);
#1579 = EDGE_CURVE('',#706,#698,#1580,.T.);
#1580 = CIRCLE('',#1581,3.3);
#1581 = AXIS2_PLACEMENT_3D('',#1582,#1583,#1584);
#1582 = CARTESIAN_POINT('',(102.19099764656,-59.,12.));
#1583 = DIRECTION('',(0.,0.,1.));
#1584 = DIRECTION('',(1.,0.,0.));
#1585 = ORIENTED_EDGE('',*,*,#714,.F.);
#1586 = ORIENTED_EDGE('',*,*,#595,.F.);
#1587 = ORIENTED_EDGE('',*,*,#1588,.F.);
#1588 = EDGE_CURVE('',#379,#596,#1589,.T.);
#1589 = LINE('',#1590,#1591);
#1590 = CARTESIAN_POINT('',(105.49099764656,-59.,0.));
#1591 = VECTOR('',#1592,1.);
#1592 = DIRECTION('',(0.,0.,1.));
#1593 = ORIENTED_EDGE('',*,*,#378,.T.);
#1594 = ORIENTED_EDGE('',*,*,#1588,.T.);
#1595 = ORIENTED_EDGE('',*,*,#604,.F.);
#1596 = ORIENTED_EDGE('',*,*,#697,.T.);
#1597 = CYLINDRICAL_SURFACE('',#1598,3.3);
#1598 = AXIS2_PLACEMENT_3D('',#1599,#1600,#1601);
#1599 = CARTESIAN_POINT('',(102.19099764656,-59.,0.));
#1600 = DIRECTION('',(0.,0.,1.));
#1601 = DIRECTION('',(1.,0.,0.));
#1602 = ADVANCED_FACE('',(#1603),#1632,.F.);
#1603 = FACE_BOUND('',#1604,.F.);
#1604 = EDGE_LOOP('',(#1605,#1613,#1620,#1621,#1622,#1623,#1630,#1631));
#1605 = ORIENTED_EDGE('',*,*,#1606,.T.);
#1606 = EDGE_CURVE('',#390,#1607,#1609,.T.);
#1607 = VERTEX_POINT('',#1608);
#1608 = CARTESIAN_POINT('',(-98.89099764656,59.,12.));
#1609 = LINE('',#1610,#1611);
#1610 = CARTESIAN_POINT('',(-98.89099764656,59.,0.));
#1611 = VECTOR('',#1612,1.);
#1612 = DIRECTION('',(0.,0.,1.));
#1613 = ORIENTED_EDGE('',*,*,#1614,.F.);
#1614 = EDGE_CURVE('',#795,#1607,#1615,.T.);
#1615 = CIRCLE('',#1616,3.3);
#1616 = AXIS2_PLACEMENT_3D('',#1617,#1618,#1619);
#1617 = CARTESIAN_POINT('',(-102.1909976465,59.,12.));
#1618 = DIRECTION('',(0.,0.,1.));
#1619 = DIRECTION('',(1.,0.,0.));
#1620 = ORIENTED_EDGE('',*,*,#803,.F.);
#1621 = ORIENTED_EDGE('',*,*,#514,.F.);
#1622 = ORIENTED_EDGE('',*,*,#786,.T.);
#1623 = ORIENTED_EDGE('',*,*,#1624,.F.);
#1624 = EDGE_CURVE('',#1607,#787,#1625,.T.);
#1625 = CIRCLE('',#1626,3.3);
#1626 = AXIS2_PLACEMENT_3D('',#1627,#1628,#1629);
#1627 = CARTESIAN_POINT('',(-102.1909976465,59.,12.));
#1628 = DIRECTION('',(0.,0.,1.));
#1629 = DIRECTION('',(1.,0.,0.));
#1630 = ORIENTED_EDGE('',*,*,#1606,.F.);
#1631 = ORIENTED_EDGE('',*,*,#389,.T.);
#1632 = CYLINDRICAL_SURFACE('',#1633,3.3);
#1633 = AXIS2_PLACEMENT_3D('',#1634,#1635,#1636);
#1634 = CARTESIAN_POINT('',(-102.1909976465,59.,0.));
#1635 = DIRECTION('',(0.,0.,1.));
#1636 = DIRECTION('',(1.,0.,0.));
#1637 = ADVANCED_FACE('',(#1638),#1657,.F.);
#1638 = FACE_BOUND('',#1639,.F.);
#1639 = EDGE_LOOP('',(#1640,#1649,#1655,#1656));
#1640 = ORIENTED_EDGE('',*,*,#1641,.F.);
#1641 = EDGE_CURVE('',#1642,#1642,#1644,.T.);
#1642 = VERTEX_POINT('',#1643);
#1643 = CARTESIAN_POINT('',(-69.94517202357,42.75,5.01));
#1644 = CIRCLE('',#1645,4.1);
#1645 = AXIS2_PLACEMENT_3D('',#1646,#1647,#1648);
#1646 = CARTESIAN_POINT('',(-74.04517202357,42.75,5.01));
#1647 = DIRECTION('',(0.,0.,1.));
#1648 = DIRECTION('',(1.,0.,0.));
#1649 = ORIENTED_EDGE('',*,*,#1650,.F.);
#1650 = EDGE_CURVE('',#401,#1642,#1651,.T.);
#1651 = LINE('',#1652,#1653);
#1652 = CARTESIAN_POINT('',(-69.94517202357,42.75,0.));
#1653 = VECTOR('',#1654,1.);
#1654 = DIRECTION('',(0.,0.,1.));
#1655 = ORIENTED_EDGE('',*,*,#400,.T.);
#1656 = ORIENTED_EDGE('',*,*,#1650,.T.);
#1657 = CYLINDRICAL_SURFACE('',#1658,4.1);
#1658 = AXIS2_PLACEMENT_3D('',#1659,#1660,#1661);
#1659 = CARTESIAN_POINT('',(-74.04517202357,42.75,0.));
#1660 = DIRECTION('',(0.,0.,1.));
#1661 = DIRECTION('',(1.,0.,0.));
#1662 = ADVANCED_FACE('',(#1663),#1682,.F.);
#1663 = FACE_BOUND('',#1664,.F.);
#1664 = EDGE_LOOP('',(#1665,#1674,#1680,#1681));
#1665 = ORIENTED_EDGE('',*,*,#1666,.F.);
#1666 = EDGE_CURVE('',#1667,#1667,#1669,.T.);
#1667 = VERTEX_POINT('',#1668);
#1668 = CARTESIAN_POINT('',(-54.56854249492,56.568542494924,6.));
#1669 = CIRCLE('',#1670,2.);
#1670 = AXIS2_PLACEMENT_3D('',#1671,#1672,#1673);
#1671 = CARTESIAN_POINT('',(-56.56854249492,56.568542494924,6.));
#1672 = DIRECTION('',(0.,0.,1.));
#1673 = DIRECTION('',(1.,0.,0.));
#1674 = ORIENTED_EDGE('',*,*,#1675,.F.);
#1675 = EDGE_CURVE('',#412,#1667,#1676,.T.);
#1676 = LINE('',#1677,#1678);
#1677 = CARTESIAN_POINT('',(-54.56854249492,56.568542494924,0.));
#1678 = VECTOR('',#1679,1.);
#1679 = DIRECTION('',(0.,0.,1.));
#1680 = ORIENTED_EDGE('',*,*,#411,.T.);
#1681 = ORIENTED_EDGE('',*,*,#1675,.T.);
#1682 = CYLINDRICAL_SURFACE('',#1683,2.);
#1683 = AXIS2_PLACEMENT_3D('',#1684,#1685,#1686);
#1684 = CARTESIAN_POINT('',(-56.56854249492,56.568542494924,0.));
#1685 = DIRECTION('',(0.,0.,1.));
#1686 = DIRECTION('',(1.,0.,0.));
#1687 = ADVANCED_FACE('',(#1688),#1707,.F.);
#1688 = FACE_BOUND('',#1689,.F.);
#1689 = EDGE_LOOP('',(#1690,#1699,#1705,#1706));
#1690 = ORIENTED_EDGE('',*,*,#1691,.F.);
#1691 = EDGE_CURVE('',#1692,#1692,#1694,.T.);
#1692 = VERTEX_POINT('',#1693);
#1693 = CARTESIAN_POINT('',(79.274066103125,20.705523608202,6.));
#1694 = CIRCLE('',#1695,2.);
#1695 = AXIS2_PLACEMENT_3D('',#1696,#1697,#1698);
#1696 = CARTESIAN_POINT('',(77.274066103125,20.705523608202,6.));
#1697 = DIRECTION('',(0.,0.,1.));
#1698 = DIRECTION('',(1.,0.,0.));
#1699 = ORIENTED_EDGE('',*,*,#1700,.F.);
#1700 = EDGE_CURVE('',#423,#1692,#1701,.T.);
#1701 = LINE('',#1702,#1703);
#1702 = CARTESIAN_POINT('',(79.274066103125,20.705523608202,0.));
#1703 = VECTOR('',#1704,1.);
#1704 = DIRECTION('',(0.,0.,1.));
#1705 = ORIENTED_EDGE('',*,*,#422,.T.);
#1706 = ORIENTED_EDGE('',*,*,#1700,.T.);
#1707 = CYLINDRICAL_SURFACE('',#1708,2.);
#1708 = AXIS2_PLACEMENT_3D('',#1709,#1710,#1711);
#1709 = CARTESIAN_POINT('',(77.274066103125,20.705523608202,0.));
#1710 = DIRECTION('',(0.,0.,1.));
#1711 = DIRECTION('',(1.,0.,0.));
#1712 = ADVANCED_FACE('',(#1713),#1732,.F.);
#1713 = FACE_BOUND('',#1714,.F.);
#1714 = EDGE_LOOP('',(#1715,#1724,#1730,#1731));
#1715 = ORIENTED_EDGE('',*,*,#1716,.F.);
#1716 = EDGE_CURVE('',#1717,#1717,#1719,.T.);
#1717 = VERTEX_POINT('',#1718);
#1718 = CARTESIAN_POINT('',(78.14517202357,42.75,5.01));
#1719 = CIRCLE('',#1720,4.1);
#1720 = AXIS2_PLACEMENT_3D('',#1721,#1722,#1723);
#1721 = CARTESIAN_POINT('',(74.04517202357,42.75,5.01));
#1722 = DIRECTION('',(0.,0.,1.));
#1723 = DIRECTION('',(1.,0.,0.));
#1724 = ORIENTED_EDGE('',*,*,#1725,.F.);
#1725 = EDGE_CURVE('',#434,#1717,#1726,.T.);
#1726 = LINE('',#1727,#1728);
#1727 = CARTESIAN_POINT('',(78.14517202357,42.75,0.));
#1728 = VECTOR('',#1729,1.);
#1729 = DIRECTION('',(0.,0.,1.));
#1730 = ORIENTED_EDGE('',*,*,#433,.T.);
#1731 = ORIENTED_EDGE('',*,*,#1725,.T.);
#1732 = CYLINDRICAL_SURFACE('',#1733,4.1);
#1733 = AXIS2_PLACEMENT_3D('',#1734,#1735,#1736);
#1734 = CARTESIAN_POINT('',(74.04517202357,42.75,0.));
#1735 = DIRECTION('',(0.,0.,1.));
#1736 = DIRECTION('',(1.,0.,0.));
#1737 = ADVANCED_FACE('',(#1738),#1759,.F.);
#1738 = FACE_BOUND('',#1739,.F.);
#1739 = EDGE_LOOP('',(#1740,#1747,#1748,#1749,#1755,#1756,#1757,#1758));
#1740 = ORIENTED_EDGE('',*,*,#1741,.F.);
#1741 = EDGE_CURVE('',#747,#739,#1742,.T.);
#1742 = CIRCLE('',#1743,3.3);
#1743 = AXIS2_PLACEMENT_3D('',#1744,#1745,#1746);
#1744 = CARTESIAN_POINT('',(102.19099764656,59.,12.));
#1745 = DIRECTION('',(0.,0.,1.));
#1746 = DIRECTION('',(1.,0.,0.));
#1747 = ORIENTED_EDGE('',*,*,#755,.F.);
#1748 = ORIENTED_EDGE('',*,*,#559,.F.);
#1749 = ORIENTED_EDGE('',*,*,#1750,.F.);
#1750 = EDGE_CURVE('',#445,#560,#1751,.T.);
#1751 = LINE('',#1752,#1753);
#1752 = CARTESIAN_POINT('',(105.49099764656,59.,0.));
#1753 = VECTOR('',#1754,1.);
#1754 = DIRECTION('',(0.,0.,1.));
#1755 = ORIENTED_EDGE('',*,*,#444,.T.);
#1756 = ORIENTED_EDGE('',*,*,#1750,.T.);
#1757 = ORIENTED_EDGE('',*,*,#568,.F.);
#1758 = ORIENTED_EDGE('',*,*,#738,.T.);
#1759 = CYLINDRICAL_SURFACE('',#1760,3.3);
#1760 = AXIS2_PLACEMENT_3D('',#1761,#1762,#1763);
#1761 = CARTESIAN_POINT('',(102.19099764656,59.,0.));
#1762 = DIRECTION('',(0.,0.,1.));
#1763 = DIRECTION('',(1.,0.,0.));
#1764 = ADVANCED_FACE('',(#1765),#1784,.F.);
#1765 = FACE_BOUND('',#1766,.F.);
#1766 = EDGE_LOOP('',(#1767,#1776,#1782,#1783));
#1767 = ORIENTED_EDGE('',*,*,#1768,.F.);
#1768 = EDGE_CURVE('',#1769,#1769,#1771,.T.);
#1769 = VERTEX_POINT('',#1770);
#1770 = CARTESIAN_POINT('',(4.1,85.5,5.01));
#1771 = CIRCLE('',#1772,4.1);
#1772 = AXIS2_PLACEMENT_3D('',#1773,#1774,#1775);
#1773 = CARTESIAN_POINT('',(5.235365066355E-15,85.5,5.01));
#1774 = DIRECTION('',(0.,0.,1.));
#1775 = DIRECTION('',(1.,0.,0.));
#1776 = ORIENTED_EDGE('',*,*,#1777,.F.);
#1777 = EDGE_CURVE('',#456,#1769,#1778,.T.);
#1778 = LINE('',#1779,#1780);
#1779 = CARTESIAN_POINT('',(4.1,85.5,0.));
#1780 = VECTOR('',#1781,1.);
#1781 = DIRECTION('',(0.,0.,1.));
#1782 = ORIENTED_EDGE('',*,*,#455,.T.);
#1783 = ORIENTED_EDGE('',*,*,#1777,.T.);
#1784 = CYLINDRICAL_SURFACE('',#1785,4.1);
#1785 = AXIS2_PLACEMENT_3D('',#1786,#1787,#1788);
#1786 = CARTESIAN_POINT('',(5.235365066355E-15,85.5,0.));
#1787 = DIRECTION('',(0.,0.,1.));
#1788 = DIRECTION('',(1.,0.,0.));
#1789 = ADVANCED_FACE('',(#1790),#1811,.F.);
#1790 = FACE_BOUND('',#1791,.F.);
#1791 = EDGE_LOOP('',(#1792,#1799,#1800,#1801,#1807,#1808,#1809,#1810));
#1792 = ORIENTED_EDGE('',*,*,#1793,.F.);
#1793 = EDGE_CURVE('',#771,#763,#1794,.T.);
#1794 = CIRCLE('',#1795,3.3);
#1795 = AXIS2_PLACEMENT_3D('',#1796,#1797,#1798);
#1796 = CARTESIAN_POINT('',(7.225416114969E-15,118.,12.));
#1797 = DIRECTION('',(0.,0.,1.));
#1798 = DIRECTION('',(1.,0.,0.));
#1799 = ORIENTED_EDGE('',*,*,#779,.F.);
#1800 = ORIENTED_EDGE('',*,*,#532,.F.);
#1801 = ORIENTED_EDGE('',*,*,#1802,.F.);
#1802 = EDGE_CURVE('',#467,#533,#1803,.T.);
#1803 = LINE('',#1804,#1805);
#1804 = CARTESIAN_POINT('',(3.3,118.,0.));
#1805 = VECTOR('',#1806,1.);
#1806 = DIRECTION('',(0.,0.,1.));
#1807 = ORIENTED_EDGE('',*,*,#466,.T.);
#1808 = ORIENTED_EDGE('',*,*,#1802,.T.);
#1809 = ORIENTED_EDGE('',*,*,#541,.F.);
#1810 = ORIENTED_EDGE('',*,*,#762,.T.);
#1811 = CYLINDRICAL_SURFACE('',#1812,3.3);
#1812 = AXIS2_PLACEMENT_3D('',#1813,#1814,#1815);
#1813 = CARTESIAN_POINT('',(7.225416114969E-15,118.,0.));
#1814 = DIRECTION('',(0.,0.,1.));
#1815 = DIRECTION('',(1.,0.,0.));
#1816 = ADVANCED_FACE('',(#1817,#1839,#1850,#1853,#1864,#1875,#1878,
    #1889,#1892),#1903,.T.);
#1817 = FACE_BOUND('',#1818,.T.);
#1818 = EDGE_LOOP('',(#1819,#1820,#1821,#1822,#1831,#1838));
#1819 = ORIENTED_EDGE('',*,*,#680,.T.);
#1820 = ORIENTED_EDGE('',*,*,#670,.T.);
#1821 = ORIENTED_EDGE('',*,*,#1384,.T.);
#1822 = ORIENTED_EDGE('',*,*,#1823,.F.);
#1823 = EDGE_CURVE('',#1824,#1385,#1826,.T.);
#1824 = VERTEX_POINT('',#1825);
#1825 = CARTESIAN_POINT('',(25.,-6.123233995737E-15,6.));
#1826 = CIRCLE('',#1827,25.);
#1827 = AXIS2_PLACEMENT_3D('',#1828,#1829,#1830);
#1828 = CARTESIAN_POINT('',(0.,0.,6.));
#1829 = DIRECTION('',(0.,0.,1.));
#1830 = DIRECTION('',(1.,0.,0.));
#1831 = ORIENTED_EDGE('',*,*,#1832,.F.);
#1832 = EDGE_CURVE('',#1394,#1824,#1833,.T.);
#1833 = CIRCLE('',#1834,25.);
#1834 = AXIS2_PLACEMENT_3D('',#1835,#1836,#1837);
#1835 = CARTESIAN_POINT('',(0.,0.,6.));
#1836 = DIRECTION('',(0.,0.,1.));
#1837 = DIRECTION('',(1.,0.,0.));
#1838 = ORIENTED_EDGE('',*,*,#1393,.F.);
#1839 = FACE_BOUND('',#1840,.T.);
#1840 = EDGE_LOOP('',(#1841));
#1841 = ORIENTED_EDGE('',*,*,#1842,.F.);
#1842 = EDGE_CURVE('',#1843,#1843,#1845,.T.);
#1843 = VERTEX_POINT('',#1844);
#1844 = CARTESIAN_POINT('',(-71.79517202357,-42.75,6.));
#1845 = CIRCLE('',#1846,2.25);
#1846 = AXIS2_PLACEMENT_3D('',#1847,#1848,#1849);
#1847 = CARTESIAN_POINT('',(-74.04517202357,-42.75,6.));
#1848 = DIRECTION('',(0.,0.,1.));
#1849 = DIRECTION('',(1.,0.,0.));
#1850 = FACE_BOUND('',#1851,.T.);
#1851 = EDGE_LOOP('',(#1852));
#1852 = ORIENTED_EDGE('',*,*,#1444,.F.);
#1853 = FACE_BOUND('',#1854,.T.);
#1854 = EDGE_LOOP('',(#1855));
#1855 = ORIENTED_EDGE('',*,*,#1856,.F.);
#1856 = EDGE_CURVE('',#1857,#1857,#1859,.T.);
#1857 = VERTEX_POINT('',#1858);
#1858 = CARTESIAN_POINT('',(76.295172023569,-42.75,6.));
#1859 = CIRCLE('',#1860,2.25);
#1860 = AXIS2_PLACEMENT_3D('',#1861,#1862,#1863);
#1861 = CARTESIAN_POINT('',(74.045172023569,-42.75,6.));
#1862 = DIRECTION('',(0.,0.,1.));
#1863 = DIRECTION('',(1.,0.,0.));
#1864 = FACE_BOUND('',#1865,.T.);
#1865 = EDGE_LOOP('',(#1866));
#1866 = ORIENTED_EDGE('',*,*,#1867,.F.);
#1867 = EDGE_CURVE('',#1868,#1868,#1870,.T.);
#1868 = VERTEX_POINT('',#1869);
#1869 = CARTESIAN_POINT('',(-71.79517202357,42.75,6.));
#1870 = CIRCLE('',#1871,2.25);
#1871 = AXIS2_PLACEMENT_3D('',#1872,#1873,#1874);
#1872 = CARTESIAN_POINT('',(-74.04517202357,42.75,6.));
#1873 = DIRECTION('',(0.,0.,1.));
#1874 = DIRECTION('',(1.,0.,0.));
#1875 = FACE_BOUND('',#1876,.T.);
#1876 = EDGE_LOOP('',(#1877));
#1877 = ORIENTED_EDGE('',*,*,#1666,.F.);
#1878 = FACE_BOUND('',#1879,.T.);
#1879 = EDGE_LOOP('',(#1880));
#1880 = ORIENTED_EDGE('',*,*,#1881,.F.);
#1881 = EDGE_CURVE('',#1882,#1882,#1884,.T.);
#1882 = VERTEX_POINT('',#1883);
#1883 = CARTESIAN_POINT('',(2.25,85.5,6.));
#1884 = CIRCLE('',#1885,2.25);
#1885 = AXIS2_PLACEMENT_3D('',#1886,#1887,#1888);
#1886 = CARTESIAN_POINT('',(5.235365066355E-15,85.5,6.));
#1887 = DIRECTION('',(0.,0.,1.));
#1888 = DIRECTION('',(1.,0.,0.));
#1889 = FACE_BOUND('',#1890,.T.);
#1890 = EDGE_LOOP('',(#1891));
#1891 = ORIENTED_EDGE('',*,*,#1691,.F.);
#1892 = FACE_BOUND('',#1893,.T.);
#1893 = EDGE_LOOP('',(#1894));
#1894 = ORIENTED_EDGE('',*,*,#1895,.F.);
#1895 = EDGE_CURVE('',#1896,#1896,#1898,.T.);
#1896 = VERTEX_POINT('',#1897);
#1897 = CARTESIAN_POINT('',(76.29517202357,42.75,6.));
#1898 = CIRCLE('',#1899,2.25);
#1899 = AXIS2_PLACEMENT_3D('',#1900,#1901,#1902);
#1900 = CARTESIAN_POINT('',(74.04517202357,42.75,6.));
#1901 = DIRECTION('',(0.,0.,1.));
#1902 = DIRECTION('',(1.,0.,0.));
#1903 = PLANE('',#1904);
#1904 = AXIS2_PLACEMENT_3D('',#1905,#1906,#1907);
#1905 = CARTESIAN_POINT('',(0.,0.,6.));
#1906 = DIRECTION('',(0.,0.,1.));
#1907 = DIRECTION('',(1.,0.,0.));
#1908 = ADVANCED_FACE('',(#1909,#1920),#1923,.T.);
#1909 = FACE_BOUND('',#1910,.T.);
#1910 = EDGE_LOOP('',(#1911));
#1911 = ORIENTED_EDGE('',*,*,#1912,.T.);
#1912 = EDGE_CURVE('',#1913,#1913,#1915,.T.);
#1913 = VERTEX_POINT('',#1914);
#1914 = CARTESIAN_POINT('',(104.,-2.547265342226E-14,40.));
#1915 = CIRCLE('',#1916,104.);
#1916 = AXIS2_PLACEMENT_3D('',#1917,#1918,#1919);
#1917 = CARTESIAN_POINT('',(0.,0.,40.));
#1918 = DIRECTION('',(0.,0.,1.));
#1919 = DIRECTION('',(1.,0.,0.));
#1920 = FACE_BOUND('',#1921,.T.);
#1921 = EDGE_LOOP('',(#1922));
#1922 = ORIENTED_EDGE('',*,*,#662,.F.);
#1923 = PLANE('',#1924);
#1924 = AXIS2_PLACEMENT_3D('',#1925,#1926,#1927);
#1925 = CARTESIAN_POINT('',(0.,0.,40.));
#1926 = DIRECTION('',(0.,0.,1.));
#1927 = DIRECTION('',(1.,0.,0.));
#1928 = ADVANCED_FACE('',(#1929),#1934,.F.);
#1929 = FACE_BOUND('',#1930,.F.);
#1930 = EDGE_LOOP('',(#1931,#1932,#1933));
#1931 = ORIENTED_EDGE('',*,*,#1502,.T.);
#1932 = ORIENTED_EDGE('',*,*,#1512,.T.);
#1933 = ORIENTED_EDGE('',*,*,#818,.T.);
#1934 = PLANE('',#1935);
#1935 = AXIS2_PLACEMENT_3D('',#1936,#1937,#1938);
#1936 = CARTESIAN_POINT('',(-102.1909976465,-59.,12.));
#1937 = DIRECTION('',(0.,0.,1.));
#1938 = DIRECTION('',(1.,0.,0.));
#1939 = ADVANCED_FACE('',(#1940),#1945,.F.);
#1940 = FACE_BOUND('',#1941,.F.);
#1941 = EDGE_LOOP('',(#1942,#1943,#1944));
#1942 = ORIENTED_EDGE('',*,*,#1614,.T.);
#1943 = ORIENTED_EDGE('',*,*,#1624,.T.);
#1944 = ORIENTED_EDGE('',*,*,#794,.T.);
#1945 = PLANE('',#1946);
#1946 = AXIS2_PLACEMENT_3D('',#1947,#1948,#1949);
#1947 = CARTESIAN_POINT('',(-102.1909976465,59.,12.));
#1948 = DIRECTION('',(0.,0.,1.));
#1949 = DIRECTION('',(1.,0.,0.));
#1950 = ADVANCED_FACE('',(#1951),#1955,.F.);
#1951 = FACE_BOUND('',#1952,.F.);
#1952 = EDGE_LOOP('',(#1953,#1954));
#1953 = ORIENTED_EDGE('',*,*,#770,.T.);
#1954 = ORIENTED_EDGE('',*,*,#1793,.T.);
#1955 = PLANE('',#1956);
#1956 = AXIS2_PLACEMENT_3D('',#1957,#1958,#1959);
#1957 = CARTESIAN_POINT('',(7.225416114969E-15,118.,12.));
#1958 = DIRECTION('',(0.,0.,1.));
#1959 = DIRECTION('',(1.,0.,0.));
#1960 = ADVANCED_FACE('',(#1961),#1965,.F.);
#1961 = FACE_BOUND('',#1962,.F.);
#1962 = EDGE_LOOP('',(#1963,#1964));
#1963 = ORIENTED_EDGE('',*,*,#746,.T.);
#1964 = ORIENTED_EDGE('',*,*,#1741,.T.);
#1965 = PLANE('',#1966);
#1966 = AXIS2_PLACEMENT_3D('',#1967,#1968,#1969);
#1967 = CARTESIAN_POINT('',(102.19099764656,59.,12.));
#1968 = DIRECTION('',(0.,0.,1.));
#1969 = DIRECTION('',(1.,0.,0.));
#1970 = ADVANCED_FACE('',(#1971,#1974,#1985,#1996,#2007,#2018,#2029,
    #2040,#2051,#2062,#2073,#2084,#2095,#2106),#2117,.T.);
#1971 = FACE_BOUND('',#1972,.T.);
#1972 = EDGE_LOOP('',(#1973));
#1973 = ORIENTED_EDGE('',*,*,#729,.T.);
#1974 = FACE_BOUND('',#1975,.T.);
#1975 = EDGE_LOOP('',(#1976));
#1976 = ORIENTED_EDGE('',*,*,#1977,.T.);
#1977 = EDGE_CURVE('',#1978,#1978,#1980,.T.);
#1978 = VERTEX_POINT('',#1979);
#1979 = CARTESIAN_POINT('',(-80.03174593052,-77.78174593052,56.));
#1980 = CIRCLE('',#1981,2.25);
#1981 = AXIS2_PLACEMENT_3D('',#1982,#1983,#1984);
#1982 = CARTESIAN_POINT('',(-77.78174593052,-77.78174593052,56.));
#1983 = DIRECTION('',(0.,0.,-1.));
#1984 = DIRECTION('',(-1.,0.,0.));
#1985 = FACE_BOUND('',#1986,.T.);
#1986 = EDGE_LOOP('',(#1987));
#1987 = ORIENTED_EDGE('',*,*,#1988,.T.);
#1988 = EDGE_CURVE('',#1989,#1989,#1991,.T.);
#1989 = VERTEX_POINT('',#1990);
#1990 = CARTESIAN_POINT('',(-30.72009496127,-106.2518408917,56.));
#1991 = CIRCLE('',#1992,2.25);
#1992 = AXIS2_PLACEMENT_3D('',#1993,#1994,#1995);
#1993 = CARTESIAN_POINT('',(-28.47009496127,-106.2518408917,56.));
#1994 = DIRECTION('',(0.,0.,-1.));
#1995 = DIRECTION('',(-1.,0.,0.));
#1996 = FACE_BOUND('',#1997,.T.);
#1997 = EDGE_LOOP('',(#1998));
#1998 = ORIENTED_EDGE('',*,*,#1999,.T.);
#1999 = EDGE_CURVE('',#2000,#2000,#2002,.T.);
#2000 = VERTEX_POINT('',#2001);
#2001 = CARTESIAN_POINT('',(-108.5018408917,-28.47009496127,56.));
#2002 = CIRCLE('',#2003,2.25);
#2003 = AXIS2_PLACEMENT_3D('',#2004,#2005,#2006);
#2004 = CARTESIAN_POINT('',(-106.2518408917,-28.47009496127,56.));
#2005 = DIRECTION('',(0.,0.,-1.));
#2006 = DIRECTION('',(-1.,0.,0.));
#2007 = FACE_BOUND('',#2008,.T.);
#2008 = EDGE_LOOP('',(#2009));
#2009 = ORIENTED_EDGE('',*,*,#2010,.T.);
#2010 = EDGE_CURVE('',#2011,#2011,#2013,.T.);
#2011 = VERTEX_POINT('',#2012);
#2012 = CARTESIAN_POINT('',(26.220094961277,-106.2518408917,56.));
#2013 = CIRCLE('',#2014,2.25);
#2014 = AXIS2_PLACEMENT_3D('',#2015,#2016,#2017);
#2015 = CARTESIAN_POINT('',(28.470094961277,-106.2518408917,56.));
#2016 = DIRECTION('',(0.,0.,-1.));
#2017 = DIRECTION('',(-1.,0.,0.));
#2018 = FACE_BOUND('',#2019,.T.);
#2019 = EDGE_LOOP('',(#2020));
#2020 = ORIENTED_EDGE('',*,*,#2021,.T.);
#2021 = EDGE_CURVE('',#2022,#2022,#2024,.T.);
#2022 = VERTEX_POINT('',#2023);
#2023 = CARTESIAN_POINT('',(75.53174593052,-77.78174593052,56.));
#2024 = CIRCLE('',#2025,2.25);
#2025 = AXIS2_PLACEMENT_3D('',#2026,#2027,#2028);
#2026 = CARTESIAN_POINT('',(77.78174593052,-77.78174593052,56.));
#2027 = DIRECTION('',(0.,0.,-1.));
#2028 = DIRECTION('',(-1.,0.,0.));
#2029 = FACE_BOUND('',#2030,.T.);
#2030 = EDGE_LOOP('',(#2031));
#2031 = ORIENTED_EDGE('',*,*,#2032,.T.);
#2032 = EDGE_CURVE('',#2033,#2033,#2035,.T.);
#2033 = VERTEX_POINT('',#2034);
#2034 = CARTESIAN_POINT('',(104.00184089179,-28.47009496127,56.));
#2035 = CIRCLE('',#2036,2.25);
#2036 = AXIS2_PLACEMENT_3D('',#2037,#2038,#2039);
#2037 = CARTESIAN_POINT('',(106.25184089179,-28.47009496127,56.));
#2038 = DIRECTION('',(0.,0.,-1.));
#2039 = DIRECTION('',(-1.,0.,0.));
#2040 = FACE_BOUND('',#2041,.T.);
#2041 = EDGE_LOOP('',(#2042));
#2042 = ORIENTED_EDGE('',*,*,#2043,.T.);
#2043 = EDGE_CURVE('',#2044,#2044,#2046,.T.);
#2044 = VERTEX_POINT('',#2045);
#2045 = CARTESIAN_POINT('',(-108.5018408917,28.470094961277,56.));
#2046 = CIRCLE('',#2047,2.25);
#2047 = AXIS2_PLACEMENT_3D('',#2048,#2049,#2050);
#2048 = CARTESIAN_POINT('',(-106.2518408917,28.470094961277,56.));
#2049 = DIRECTION('',(0.,0.,-1.));
#2050 = DIRECTION('',(-1.,0.,0.));
#2051 = FACE_BOUND('',#2052,.T.);
#2052 = EDGE_LOOP('',(#2053));
#2053 = ORIENTED_EDGE('',*,*,#2054,.F.);
#2054 = EDGE_CURVE('',#2055,#2055,#2057,.T.);
#2055 = VERTEX_POINT('',#2056);
#2056 = CARTESIAN_POINT('',(104.,-2.547265342226E-14,56.));
#2057 = CIRCLE('',#2058,104.);
#2058 = AXIS2_PLACEMENT_3D('',#2059,#2060,#2061);
#2059 = CARTESIAN_POINT('',(0.,0.,56.));
#2060 = DIRECTION('',(0.,0.,1.));
#2061 = DIRECTION('',(1.,0.,0.));
#2062 = FACE_BOUND('',#2063,.T.);
#2063 = EDGE_LOOP('',(#2064));
#2064 = ORIENTED_EDGE('',*,*,#2065,.T.);
#2065 = EDGE_CURVE('',#2066,#2066,#2068,.T.);
#2066 = VERTEX_POINT('',#2067);
#2067 = CARTESIAN_POINT('',(-80.03174593052,77.78174593052,56.));
#2068 = CIRCLE('',#2069,2.25);
#2069 = AXIS2_PLACEMENT_3D('',#2070,#2071,#2072);
#2070 = CARTESIAN_POINT('',(-77.78174593052,77.78174593052,56.));
#2071 = DIRECTION('',(0.,0.,-1.));
#2072 = DIRECTION('',(-1.,0.,0.));
#2073 = FACE_BOUND('',#2074,.T.);
#2074 = EDGE_LOOP('',(#2075));
#2075 = ORIENTED_EDGE('',*,*,#2076,.T.);
#2076 = EDGE_CURVE('',#2077,#2077,#2079,.T.);
#2077 = VERTEX_POINT('',#2078);
#2078 = CARTESIAN_POINT('',(-30.72009496127,106.25184089179,56.));
#2079 = CIRCLE('',#2080,2.25);
#2080 = AXIS2_PLACEMENT_3D('',#2081,#2082,#2083);
#2081 = CARTESIAN_POINT('',(-28.47009496127,106.25184089179,56.));
#2082 = DIRECTION('',(0.,0.,-1.));
#2083 = DIRECTION('',(-1.,0.,0.));
#2084 = FACE_BOUND('',#2085,.T.);
#2085 = EDGE_LOOP('',(#2086));
#2086 = ORIENTED_EDGE('',*,*,#2087,.T.);
#2087 = EDGE_CURVE('',#2088,#2088,#2090,.T.);
#2088 = VERTEX_POINT('',#2089);
#2089 = CARTESIAN_POINT('',(104.00184089179,28.470094961277,56.));
#2090 = CIRCLE('',#2091,2.25);
#2091 = AXIS2_PLACEMENT_3D('',#2092,#2093,#2094);
#2092 = CARTESIAN_POINT('',(106.25184089179,28.470094961277,56.));
#2093 = DIRECTION('',(0.,0.,-1.));
#2094 = DIRECTION('',(-1.,0.,0.));
#2095 = FACE_BOUND('',#2096,.T.);
#2096 = EDGE_LOOP('',(#2097));
#2097 = ORIENTED_EDGE('',*,*,#2098,.T.);
#2098 = EDGE_CURVE('',#2099,#2099,#2101,.T.);
#2099 = VERTEX_POINT('',#2100);
#2100 = CARTESIAN_POINT('',(26.220094961277,106.25184089179,56.));
#2101 = CIRCLE('',#2102,2.25);
#2102 = AXIS2_PLACEMENT_3D('',#2103,#2104,#2105);
#2103 = CARTESIAN_POINT('',(28.470094961277,106.25184089179,56.));
#2104 = DIRECTION('',(0.,0.,-1.));
#2105 = DIRECTION('',(-1.,0.,0.));
#2106 = FACE_BOUND('',#2107,.T.);
#2107 = EDGE_LOOP('',(#2108));
#2108 = ORIENTED_EDGE('',*,*,#2109,.T.);
#2109 = EDGE_CURVE('',#2110,#2110,#2112,.T.);
#2110 = VERTEX_POINT('',#2111);
#2111 = CARTESIAN_POINT('',(75.53174593052,77.78174593052,56.));
#2112 = CIRCLE('',#2113,2.25);
#2113 = AXIS2_PLACEMENT_3D('',#2114,#2115,#2116);
#2114 = CARTESIAN_POINT('',(77.78174593052,77.78174593052,56.));
#2115 = DIRECTION('',(0.,0.,-1.));
#2116 = DIRECTION('',(-1.,0.,0.));
#2117 = PLANE('',#2118);
#2118 = AXIS2_PLACEMENT_3D('',#2119,#2120,#2121);
#2119 = CARTESIAN_POINT('',(0.,0.,56.));
#2120 = DIRECTION('',(0.,0.,1.));
#2121 = DIRECTION('',(1.,0.,0.));
#2122 = ADVANCED_FACE('',(#2123),#2127,.F.);
#2123 = FACE_BOUND('',#2124,.F.);
#2124 = EDGE_LOOP('',(#2125,#2126));
#2125 = ORIENTED_EDGE('',*,*,#705,.T.);
#2126 = ORIENTED_EDGE('',*,*,#1579,.T.);
#2127 = PLANE('',#2128);
#2128 = AXIS2_PLACEMENT_3D('',#2129,#2130,#2131);
#2129 = CARTESIAN_POINT('',(102.19099764656,-59.,12.));
#2130 = DIRECTION('',(0.,0.,1.));
#2131 = DIRECTION('',(1.,0.,0.));
#2132 = ADVANCED_FACE('',(#2133),#2158,.T.);
#2133 = FACE_BOUND('',#2134,.T.);
#2134 = EDGE_LOOP('',(#2135,#2143,#2151,#2157));
#2135 = ORIENTED_EDGE('',*,*,#2136,.F.);
#2136 = EDGE_CURVE('',#2137,#841,#2139,.T.);
#2137 = VERTEX_POINT('',#2138);
#2138 = CARTESIAN_POINT('',(91.061832521965,65.276279441629,19.));
#2139 = LINE('',#2140,#2141);
#2140 = CARTESIAN_POINT('',(91.061832521965,65.276279441629,19.));
#2141 = VECTOR('',#2142,1.);
#2142 = DIRECTION('',(0.866025403784,0.5,0.));
#2143 = ORIENTED_EDGE('',*,*,#2144,.F.);
#2144 = EDGE_CURVE('',#2145,#2137,#2147,.T.);
#2145 = VERTEX_POINT('',#2146);
#2146 = CARTESIAN_POINT('',(102.06183252196,46.223720558371,19.));
#2147 = LINE('',#2148,#2149);
#2148 = CARTESIAN_POINT('',(102.06183252196,46.223720558371,19.));
#2149 = VECTOR('',#2150,1.);
#2150 = DIRECTION('',(-0.5,0.866025403784,0.));
#2151 = ORIENTED_EDGE('',*,*,#2152,.T.);
#2152 = EDGE_CURVE('',#2145,#839,#2153,.T.);
#2153 = LINE('',#2154,#2155);
#2154 = CARTESIAN_POINT('',(102.06183252196,46.223720558371,19.));
#2155 = VECTOR('',#2156,1.);
#2156 = DIRECTION('',(0.866025403784,0.5,0.));
#2157 = ORIENTED_EDGE('',*,*,#838,.T.);
#2158 = PLANE('',#2159);
#2159 = AXIS2_PLACEMENT_3D('',#2160,#2161,#2162);
#2160 = CARTESIAN_POINT('',(102.06183252196,46.223720558371,19.));
#2161 = DIRECTION('',(0.,0.,1.));
#2162 = DIRECTION('',(0.866025403784,0.5,0.));
#2163 = ADVANCED_FACE('',(#2164),#2182,.T.);
#2164 = FACE_BOUND('',#2165,.T.);
#2165 = EDGE_LOOP('',(#2166,#2167,#2175,#2181));
#2166 = ORIENTED_EDGE('',*,*,#2152,.F.);
#2167 = ORIENTED_EDGE('',*,*,#2168,.T.);
#2168 = EDGE_CURVE('',#2145,#2169,#2171,.T.);
#2169 = VERTEX_POINT('',#2170);
#2170 = CARTESIAN_POINT('',(102.06183252196,46.223720558371,33.));
#2171 = LINE('',#2172,#2173);
#2172 = CARTESIAN_POINT('',(102.06183252196,46.223720558371,19.));
#2173 = VECTOR('',#2174,1.);
#2174 = DIRECTION('',(0.,0.,1.));
#2175 = ORIENTED_EDGE('',*,*,#2176,.T.);
#2176 = EDGE_CURVE('',#2169,#850,#2177,.T.);
#2177 = LINE('',#2178,#2179);
#2178 = CARTESIAN_POINT('',(102.06183252196,46.223720558371,33.));
#2179 = VECTOR('',#2180,1.);
#2180 = DIRECTION('',(0.866025403784,0.5,0.));
#2181 = ORIENTED_EDGE('',*,*,#849,.F.);
#2182 = PLANE('',#2183);
#2183 = AXIS2_PLACEMENT_3D('',#2184,#2185,#2186);
#2184 = CARTESIAN_POINT('',(102.06183252196,46.223720558371,19.));
#2185 = DIRECTION('',(-0.5,0.866025403784,0.));
#2186 = DIRECTION('',(0.,0.,1.));
#2187 = ADVANCED_FACE('',(#2188),#2206,.F.);
#2188 = FACE_BOUND('',#2189,.F.);
#2189 = EDGE_LOOP('',(#2190,#2191,#2199,#2205));
#2190 = ORIENTED_EDGE('',*,*,#2136,.F.);
#2191 = ORIENTED_EDGE('',*,*,#2192,.T.);
#2192 = EDGE_CURVE('',#2137,#2193,#2195,.T.);
#2193 = VERTEX_POINT('',#2194);
#2194 = CARTESIAN_POINT('',(91.061832521965,65.276279441629,33.));
#2195 = LINE('',#2196,#2197);
#2196 = CARTESIAN_POINT('',(91.061832521965,65.276279441629,19.));
#2197 = VECTOR('',#2198,1.);
#2198 = DIRECTION('',(0.,0.,1.));
#2199 = ORIENTED_EDGE('',*,*,#2200,.T.);
#2200 = EDGE_CURVE('',#2193,#858,#2201,.T.);
#2201 = LINE('',#2202,#2203);
#2202 = CARTESIAN_POINT('',(91.061832521965,65.276279441629,33.));
#2203 = VECTOR('',#2204,1.);
#2204 = DIRECTION('',(0.866025403784,0.5,0.));
#2205 = ORIENTED_EDGE('',*,*,#866,.F.);
#2206 = PLANE('',#2207);
#2207 = AXIS2_PLACEMENT_3D('',#2208,#2209,#2210);
#2208 = CARTESIAN_POINT('',(91.061832521965,65.276279441629,19.));
#2209 = DIRECTION('',(-0.5,0.866025403784,0.));
#2210 = DIRECTION('',(0.,0.,1.));
#2211 = ADVANCED_FACE('',(#2212),#2223,.F.);
#2212 = FACE_BOUND('',#2213,.F.);
#2213 = EDGE_LOOP('',(#2214,#2215,#2221,#2222));
#2214 = ORIENTED_EDGE('',*,*,#2200,.F.);
#2215 = ORIENTED_EDGE('',*,*,#2216,.F.);
#2216 = EDGE_CURVE('',#2169,#2193,#2217,.T.);
#2217 = LINE('',#2218,#2219);
#2218 = CARTESIAN_POINT('',(102.06183252196,46.223720558371,33.));
#2219 = VECTOR('',#2220,1.);
#2220 = DIRECTION('',(-0.5,0.866025403784,0.));
#2221 = ORIENTED_EDGE('',*,*,#2176,.T.);
#2222 = ORIENTED_EDGE('',*,*,#857,.T.);
#2223 = PLANE('',#2224);
#2224 = AXIS2_PLACEMENT_3D('',#2225,#2226,#2227);
#2225 = CARTESIAN_POINT('',(102.06183252196,46.223720558371,33.));
#2226 = DIRECTION('',(0.,0.,1.));
#2227 = DIRECTION('',(0.866025403784,0.5,0.));
#2228 = ADVANCED_FACE('',(#2229),#2254,.T.);
#2229 = FACE_BOUND('',#2230,.T.);
#2230 = EDGE_LOOP('',(#2231,#2239,#2247,#2253));
#2231 = ORIENTED_EDGE('',*,*,#2232,.F.);
#2232 = EDGE_CURVE('',#2233,#877,#2235,.T.);
#2233 = VERTEX_POINT('',#2234);
#2234 = CARTESIAN_POINT('',(-102.0618325219,46.223720558371,19.));
#2235 = LINE('',#2236,#2237);
#2236 = CARTESIAN_POINT('',(-102.0618325219,46.223720558371,19.));
#2237 = VECTOR('',#2238,1.);
#2238 = DIRECTION('',(-0.866025403784,0.5,0.));
#2239 = ORIENTED_EDGE('',*,*,#2240,.F.);
#2240 = EDGE_CURVE('',#2241,#2233,#2243,.T.);
#2241 = VERTEX_POINT('',#2242);
#2242 = CARTESIAN_POINT('',(-91.06183252196,65.276279441629,19.));
#2243 = LINE('',#2244,#2245);
#2244 = CARTESIAN_POINT('',(-91.06183252196,65.276279441629,19.));
#2245 = VECTOR('',#2246,1.);
#2246 = DIRECTION('',(-0.5,-0.866025403784,0.));
#2247 = ORIENTED_EDGE('',*,*,#2248,.T.);
#2248 = EDGE_CURVE('',#2241,#875,#2249,.T.);
#2249 = LINE('',#2250,#2251);
#2250 = CARTESIAN_POINT('',(-91.06183252196,65.276279441629,19.));
#2251 = VECTOR('',#2252,1.);
#2252 = DIRECTION('',(-0.866025403784,0.5,0.));
#2253 = ORIENTED_EDGE('',*,*,#874,.T.);
#2254 = PLANE('',#2255);
#2255 = AXIS2_PLACEMENT_3D('',#2256,#2257,#2258);
#2256 = CARTESIAN_POINT('',(-91.06183252196,65.276279441629,19.));
#2257 = DIRECTION('',(0.,0.,1.));
#2258 = DIRECTION('',(-0.866025403784,0.5,0.));
#2259 = ADVANCED_FACE('',(#2260),#2278,.T.);
#2260 = FACE_BOUND('',#2261,.T.);
#2261 = EDGE_LOOP('',(#2262,#2263,#2271,#2277));
#2262 = ORIENTED_EDGE('',*,*,#2248,.F.);
#2263 = ORIENTED_EDGE('',*,*,#2264,.T.);
#2264 = EDGE_CURVE('',#2241,#2265,#2267,.T.);
#2265 = VERTEX_POINT('',#2266);
#2266 = CARTESIAN_POINT('',(-91.06183252196,65.276279441629,33.));
#2267 = LINE('',#2268,#2269);
#2268 = CARTESIAN_POINT('',(-91.06183252196,65.276279441629,19.));
#2269 = VECTOR('',#2270,1.);
#2270 = DIRECTION('',(0.,0.,1.));
#2271 = ORIENTED_EDGE('',*,*,#2272,.T.);
#2272 = EDGE_CURVE('',#2265,#886,#2273,.T.);
#2273 = LINE('',#2274,#2275);
#2274 = CARTESIAN_POINT('',(-91.06183252196,65.276279441629,33.));
#2275 = VECTOR('',#2276,1.);
#2276 = DIRECTION('',(-0.866025403784,0.5,0.));
#2277 = ORIENTED_EDGE('',*,*,#885,.F.);
#2278 = PLANE('',#2279);
#2279 = AXIS2_PLACEMENT_3D('',#2280,#2281,#2282);
#2280 = CARTESIAN_POINT('',(-91.06183252196,65.276279441629,19.));
#2281 = DIRECTION('',(-0.5,-0.866025403784,0.));
#2282 = DIRECTION('',(0.,0.,1.));
#2283 = ADVANCED_FACE('',(#2284),#2302,.F.);
#2284 = FACE_BOUND('',#2285,.F.);
#2285 = EDGE_LOOP('',(#2286,#2287,#2295,#2301));
#2286 = ORIENTED_EDGE('',*,*,#2232,.F.);
#2287 = ORIENTED_EDGE('',*,*,#2288,.T.);
#2288 = EDGE_CURVE('',#2233,#2289,#2291,.T.);
#2289 = VERTEX_POINT('',#2290);
#2290 = CARTESIAN_POINT('',(-102.0618325219,46.223720558371,33.));
#2291 = LINE('',#2292,#2293);
#2292 = CARTESIAN_POINT('',(-102.0618325219,46.223720558371,19.));
#2293 = VECTOR('',#2294,1.);
#2294 = DIRECTION('',(0.,0.,1.));
#2295 = ORIENTED_EDGE('',*,*,#2296,.T.);
#2296 = EDGE_CURVE('',#2289,#894,#2297,.T.);
#2297 = LINE('',#2298,#2299);
#2298 = CARTESIAN_POINT('',(-102.0618325219,46.223720558371,33.));
#2299 = VECTOR('',#2300,1.);
#2300 = DIRECTION('',(-0.866025403784,0.5,0.));
#2301 = ORIENTED_EDGE('',*,*,#902,.F.);
#2302 = PLANE('',#2303);
#2303 = AXIS2_PLACEMENT_3D('',#2304,#2305,#2306);
#2304 = CARTESIAN_POINT('',(-102.0618325219,46.223720558371,19.));
#2305 = DIRECTION('',(-0.5,-0.866025403784,0.));
#2306 = DIRECTION('',(0.,0.,1.));
#2307 = ADVANCED_FACE('',(#2308),#2319,.F.);
#2308 = FACE_BOUND('',#2309,.F.);
#2309 = EDGE_LOOP('',(#2310,#2311,#2317,#2318));
#2310 = ORIENTED_EDGE('',*,*,#2296,.F.);
#2311 = ORIENTED_EDGE('',*,*,#2312,.F.);
#2312 = EDGE_CURVE('',#2265,#2289,#2313,.T.);
#2313 = LINE('',#2314,#2315);
#2314 = CARTESIAN_POINT('',(-91.06183252196,65.276279441629,33.));
#2315 = VECTOR('',#2316,1.);
#2316 = DIRECTION('',(-0.5,-0.866025403784,0.));
#2317 = ORIENTED_EDGE('',*,*,#2272,.T.);
#2318 = ORIENTED_EDGE('',*,*,#893,.T.);
#2319 = PLANE('',#2320);
#2320 = AXIS2_PLACEMENT_3D('',#2321,#2322,#2323);
#2321 = CARTESIAN_POINT('',(-91.06183252196,65.276279441629,33.));
#2322 = DIRECTION('',(0.,0.,1.));
#2323 = DIRECTION('',(-0.866025403784,0.5,0.));
#2324 = ADVANCED_FACE('',(#2325),#2350,.T.);
#2325 = FACE_BOUND('',#2326,.T.);
#2326 = EDGE_LOOP('',(#2327,#2335,#2343,#2349));
#2327 = ORIENTED_EDGE('',*,*,#2328,.F.);
#2328 = EDGE_CURVE('',#2329,#913,#2331,.T.);
#2329 = VERTEX_POINT('',#2330);
#2330 = CARTESIAN_POINT('',(11.,-111.5,19.));
#2331 = LINE('',#2332,#2333);
#2332 = CARTESIAN_POINT('',(11.,-111.5,19.));
#2333 = VECTOR('',#2334,1.);
#2334 = DIRECTION('',(-2.22044604925E-16,-1.,0.));
#2335 = ORIENTED_EDGE('',*,*,#2336,.F.);
#2336 = EDGE_CURVE('',#2337,#2329,#2339,.T.);
#2337 = VERTEX_POINT('',#2338);
#2338 = CARTESIAN_POINT('',(-11.,-111.5,19.));
#2339 = LINE('',#2340,#2341);
#2340 = CARTESIAN_POINT('',(-11.,-111.5,19.));
#2341 = VECTOR('',#2342,1.);
#2342 = DIRECTION('',(1.,-2.22044604925E-16,0.));
#2343 = ORIENTED_EDGE('',*,*,#2344,.T.);
#2344 = EDGE_CURVE('',#2337,#911,#2345,.T.);
#2345 = LINE('',#2346,#2347);
#2346 = CARTESIAN_POINT('',(-11.,-111.5,19.));
#2347 = VECTOR('',#2348,1.);
#2348 = DIRECTION('',(-2.22044604925E-16,-1.,0.));
#2349 = ORIENTED_EDGE('',*,*,#910,.T.);
#2350 = PLANE('',#2351);
#2351 = AXIS2_PLACEMENT_3D('',#2352,#2353,#2354);
#2352 = CARTESIAN_POINT('',(-11.,-111.5,19.));
#2353 = DIRECTION('',(0.,0.,1.));
#2354 = DIRECTION('',(-2.22044604925E-16,-1.,0.));
#2355 = ADVANCED_FACE('',(#2356),#2374,.T.);
#2356 = FACE_BOUND('',#2357,.T.);
#2357 = EDGE_LOOP('',(#2358,#2359,#2367,#2373));
#2358 = ORIENTED_EDGE('',*,*,#2344,.F.);
#2359 = ORIENTED_EDGE('',*,*,#2360,.T.);
#2360 = EDGE_CURVE('',#2337,#2361,#2363,.T.);
#2361 = VERTEX_POINT('',#2362);
#2362 = CARTESIAN_POINT('',(-11.,-111.5,33.));
#2363 = LINE('',#2364,#2365);
#2364 = CARTESIAN_POINT('',(-11.,-111.5,19.));
#2365 = VECTOR('',#2366,1.);
#2366 = DIRECTION('',(0.,0.,1.));
#2367 = ORIENTED_EDGE('',*,*,#2368,.T.);
#2368 = EDGE_CURVE('',#2361,#922,#2369,.T.);
#2369 = LINE('',#2370,#2371);
#2370 = CARTESIAN_POINT('',(-11.,-111.5,33.));
#2371 = VECTOR('',#2372,1.);
#2372 = DIRECTION('',(-2.22044604925E-16,-1.,0.));
#2373 = ORIENTED_EDGE('',*,*,#921,.F.);
#2374 = PLANE('',#2375);
#2375 = AXIS2_PLACEMENT_3D('',#2376,#2377,#2378);
#2376 = CARTESIAN_POINT('',(-11.,-111.5,19.));
#2377 = DIRECTION('',(1.,-2.22044604925E-16,0.));
#2378 = DIRECTION('',(0.,0.,1.));
#2379 = ADVANCED_FACE('',(#2380),#2398,.F.);
#2380 = FACE_BOUND('',#2381,.F.);
#2381 = EDGE_LOOP('',(#2382,#2383,#2391,#2397));
#2382 = ORIENTED_EDGE('',*,*,#2328,.F.);
#2383 = ORIENTED_EDGE('',*,*,#2384,.T.);
#2384 = EDGE_CURVE('',#2329,#2385,#2387,.T.);
#2385 = VERTEX_POINT('',#2386);
#2386 = CARTESIAN_POINT('',(11.,-111.5,33.));
#2387 = LINE('',#2388,#2389);
#2388 = CARTESIAN_POINT('',(11.,-111.5,19.));
#2389 = VECTOR('',#2390,1.);
#2390 = DIRECTION('',(0.,0.,1.));
#2391 = ORIENTED_EDGE('',*,*,#2392,.T.);
#2392 = EDGE_CURVE('',#2385,#930,#2393,.T.);
#2393 = LINE('',#2394,#2395);
#2394 = CARTESIAN_POINT('',(11.,-111.5,33.));
#2395 = VECTOR('',#2396,1.);
#2396 = DIRECTION('',(-2.22044604925E-16,-1.,0.));
#2397 = ORIENTED_EDGE('',*,*,#938,.F.);
#2398 = PLANE('',#2399);
#2399 = AXIS2_PLACEMENT_3D('',#2400,#2401,#2402);
#2400 = CARTESIAN_POINT('',(11.,-111.5,19.));
#2401 = DIRECTION('',(1.,-2.22044604925E-16,0.));
#2402 = DIRECTION('',(0.,0.,1.));
#2403 = ADVANCED_FACE('',(#2404),#2415,.F.);
#2404 = FACE_BOUND('',#2405,.F.);
#2405 = EDGE_LOOP('',(#2406,#2407,#2413,#2414));
#2406 = ORIENTED_EDGE('',*,*,#2392,.F.);
#2407 = ORIENTED_EDGE('',*,*,#2408,.F.);
#2408 = EDGE_CURVE('',#2361,#2385,#2409,.T.);
#2409 = LINE('',#2410,#2411);
#2410 = CARTESIAN_POINT('',(-11.,-111.5,33.));
#2411 = VECTOR('',#2412,1.);
#2412 = DIRECTION('',(1.,-2.22044604925E-16,0.));
#2413 = ORIENTED_EDGE('',*,*,#2368,.T.);
#2414 = ORIENTED_EDGE('',*,*,#929,.T.);
#2415 = PLANE('',#2416);
#2416 = AXIS2_PLACEMENT_3D('',#2417,#2418,#2419);
#2417 = CARTESIAN_POINT('',(-11.,-111.5,33.));
#2418 = DIRECTION('',(0.,0.,1.));
#2419 = DIRECTION('',(-2.22044604925E-16,-1.,0.));
#2420 = ADVANCED_FACE('',(#2421),#2446,.T.);
#2421 = FACE_BOUND('',#2422,.T.);
#2422 = EDGE_LOOP('',(#2423,#2431,#2439,#2445));
#2423 = ORIENTED_EDGE('',*,*,#2424,.F.);
#2424 = EDGE_CURVE('',#2425,#949,#2427,.T.);
#2425 = VERTEX_POINT('',#2426);
#2426 = CARTESIAN_POINT('',(101.65904762407,31.121745390727,48.85));
#2427 = LINE('',#2428,#2429);
#2428 = CARTESIAN_POINT('',(101.65904762407,31.121745390727,48.85));
#2429 = VECTOR('',#2430,1.);
#2430 = DIRECTION('',(0.965925826289,0.258819045103,0.));
#2431 = ORIENTED_EDGE('',*,*,#2432,.T.);
#2432 = EDGE_CURVE('',#2425,#2433,#2435,.T.);
#2433 = VERTEX_POINT('',#2434);
#2434 = CARTESIAN_POINT('',(101.65904762407,31.121745390727,45.15));
#2435 = LINE('',#2436,#2437);
#2436 = CARTESIAN_POINT('',(101.65904762407,31.121745390727,48.85));
#2437 = VECTOR('',#2438,1.);
#2438 = DIRECTION('',(0.,0.,-1.));
#2439 = ORIENTED_EDGE('',*,*,#2440,.T.);
#2440 = EDGE_CURVE('',#2433,#947,#2441,.T.);
#2441 = LINE('',#2442,#2443);
#2442 = CARTESIAN_POINT('',(101.65904762407,31.121745390727,45.15));
#2443 = VECTOR('',#2444,1.);
#2444 = DIRECTION('',(0.965925826289,0.258819045103,0.));
#2445 = ORIENTED_EDGE('',*,*,#946,.T.);
#2446 = PLANE('',#2447);
#2447 = AXIS2_PLACEMENT_3D('',#2448,#2449,#2450);
#2448 = CARTESIAN_POINT('',(101.65904762407,31.121745390727,48.85));
#2449 = DIRECTION('',(0.258819045103,-0.965925826289,0.));
#2450 = DIRECTION('',(0.,0.,-1.));
#2451 = ADVANCED_FACE('',(#2452,#2470),#2481,.F.);
#2452 = FACE_BOUND('',#2453,.F.);
#2453 = EDGE_LOOP('',(#2454,#2462,#2468,#2469));
#2454 = ORIENTED_EDGE('',*,*,#2455,.F.);
#2455 = EDGE_CURVE('',#2456,#957,#2458,.T.);
#2456 = VERTEX_POINT('',#2457);
#2457 = CARTESIAN_POINT('',(103.60019046234,23.877301693559,45.15));
#2458 = LINE('',#2459,#2460);
#2459 = CARTESIAN_POINT('',(103.60019046234,23.877301693559,45.15));
#2460 = VECTOR('',#2461,1.);
#2461 = DIRECTION('',(0.965925826289,0.258819045103,0.));
#2462 = ORIENTED_EDGE('',*,*,#2463,.F.);
#2463 = EDGE_CURVE('',#2433,#2456,#2464,.T.);
#2464 = LINE('',#2465,#2466);
#2465 = CARTESIAN_POINT('',(101.65904762407,31.121745390727,45.15));
#2466 = VECTOR('',#2467,1.);
#2467 = DIRECTION('',(0.258819045103,-0.965925826289,0.));
#2468 = ORIENTED_EDGE('',*,*,#2440,.T.);
#2469 = ORIENTED_EDGE('',*,*,#956,.F.);
#2470 = FACE_BOUND('',#2471,.F.);
#2471 = EDGE_LOOP('',(#2472));
#2472 = ORIENTED_EDGE('',*,*,#2473,.F.);
#2473 = EDGE_CURVE('',#2474,#2474,#2476,.T.);
#2474 = VERTEX_POINT('',#2475);
#2475 = CARTESIAN_POINT('',(104.00184089179,28.470094961277,45.15));
#2476 = CIRCLE('',#2477,2.25);
#2477 = AXIS2_PLACEMENT_3D('',#2478,#2479,#2480);
#2478 = CARTESIAN_POINT('',(106.25184089179,28.470094961277,45.15));
#2479 = DIRECTION('',(0.,0.,-1.));
#2480 = DIRECTION('',(-1.,0.,0.));
#2481 = PLANE('',#2482);
#2482 = AXIS2_PLACEMENT_3D('',#2483,#2484,#2485);
#2483 = CARTESIAN_POINT('',(101.65904762407,31.121745390727,45.15));
#2484 = DIRECTION('',(0.,0.,-1.));
#2485 = DIRECTION('',(0.965925826289,0.258819045103,0.));
#2486 = ADVANCED_FACE('',(#2487,#2505),#2516,.T.);
#2487 = FACE_BOUND('',#2488,.T.);
#2488 = EDGE_LOOP('',(#2489,#2497,#2503,#2504));
#2489 = ORIENTED_EDGE('',*,*,#2490,.F.);
#2490 = EDGE_CURVE('',#2491,#966,#2493,.T.);
#2491 = VERTEX_POINT('',#2492);
#2492 = CARTESIAN_POINT('',(103.60019046234,23.877301693559,48.85));
#2493 = LINE('',#2494,#2495);
#2494 = CARTESIAN_POINT('',(103.60019046234,23.877301693559,48.85));
#2495 = VECTOR('',#2496,1.);
#2496 = DIRECTION('',(0.965925826289,0.258819045103,0.));
#2497 = ORIENTED_EDGE('',*,*,#2498,.F.);
#2498 = EDGE_CURVE('',#2425,#2491,#2499,.T.);
#2499 = LINE('',#2500,#2501);
#2500 = CARTESIAN_POINT('',(101.65904762407,31.121745390727,48.85));
#2501 = VECTOR('',#2502,1.);
#2502 = DIRECTION('',(0.258819045103,-0.965925826289,0.));
#2503 = ORIENTED_EDGE('',*,*,#2424,.T.);
#2504 = ORIENTED_EDGE('',*,*,#973,.F.);
#2505 = FACE_BOUND('',#2506,.T.);
#2506 = EDGE_LOOP('',(#2507));
#2507 = ORIENTED_EDGE('',*,*,#2508,.F.);
#2508 = EDGE_CURVE('',#2509,#2509,#2511,.T.);
#2509 = VERTEX_POINT('',#2510);
#2510 = CARTESIAN_POINT('',(104.00184089179,28.470094961277,48.85));
#2511 = CIRCLE('',#2512,2.25);
#2512 = AXIS2_PLACEMENT_3D('',#2513,#2514,#2515);
#2513 = CARTESIAN_POINT('',(106.25184089179,28.470094961277,48.85));
#2514 = DIRECTION('',(0.,0.,-1.));
#2515 = DIRECTION('',(-1.,0.,0.));
#2516 = PLANE('',#2517);
#2517 = AXIS2_PLACEMENT_3D('',#2518,#2519,#2520);
#2518 = CARTESIAN_POINT('',(101.65904762407,31.121745390727,48.85));
#2519 = DIRECTION('',(0.,0.,-1.));
#2520 = DIRECTION('',(0.965925826289,0.258819045103,0.));
#2521 = ADVANCED_FACE('',(#2522),#2533,.F.);
#2522 = FACE_BOUND('',#2523,.F.);
#2523 = EDGE_LOOP('',(#2524,#2525,#2531,#2532));
#2524 = ORIENTED_EDGE('',*,*,#2490,.F.);
#2525 = ORIENTED_EDGE('',*,*,#2526,.T.);
#2526 = EDGE_CURVE('',#2491,#2456,#2527,.T.);
#2527 = LINE('',#2528,#2529);
#2528 = CARTESIAN_POINT('',(103.60019046234,23.877301693559,48.85));
#2529 = VECTOR('',#2530,1.);
#2530 = DIRECTION('',(0.,0.,-1.));
#2531 = ORIENTED_EDGE('',*,*,#2455,.T.);
#2532 = ORIENTED_EDGE('',*,*,#965,.T.);
#2533 = PLANE('',#2534);
#2534 = AXIS2_PLACEMENT_3D('',#2535,#2536,#2537);
#2535 = CARTESIAN_POINT('',(103.60019046234,23.877301693559,48.85));
#2536 = DIRECTION('',(0.258819045103,-0.965925826289,0.));
#2537 = DIRECTION('',(0.,0.,-1.));
#2538 = ADVANCED_FACE('',(#2539),#2564,.T.);
#2539 = FACE_BOUND('',#2540,.T.);
#2540 = EDGE_LOOP('',(#2541,#2549,#2557,#2563));
#2541 = ORIENTED_EDGE('',*,*,#2542,.F.);
#2542 = EDGE_CURVE('',#2543,#985,#2545,.T.);
#2543 = VERTEX_POINT('',#2544);
#2544 = CARTESIAN_POINT('',(72.478445071621,77.78174593052,48.85));
#2545 = LINE('',#2546,#2547);
#2546 = CARTESIAN_POINT('',(72.478445071621,77.78174593052,48.85));
#2547 = VECTOR('',#2548,1.);
#2548 = DIRECTION('',(0.707106781187,0.707106781187,0.));
#2549 = ORIENTED_EDGE('',*,*,#2550,.T.);
#2550 = EDGE_CURVE('',#2543,#2551,#2553,.T.);
#2551 = VERTEX_POINT('',#2552);
#2552 = CARTESIAN_POINT('',(72.478445071621,77.78174593052,45.15));
#2553 = LINE('',#2554,#2555);
#2554 = CARTESIAN_POINT('',(72.478445071621,77.78174593052,48.85));
#2555 = VECTOR('',#2556,1.);
#2556 = DIRECTION('',(0.,0.,-1.));
#2557 = ORIENTED_EDGE('',*,*,#2558,.T.);
#2558 = EDGE_CURVE('',#2551,#983,#2559,.T.);
#2559 = LINE('',#2560,#2561);
#2560 = CARTESIAN_POINT('',(72.478445071621,77.78174593052,45.15));
#2561 = VECTOR('',#2562,1.);
#2562 = DIRECTION('',(0.707106781187,0.707106781187,0.));
#2563 = ORIENTED_EDGE('',*,*,#982,.T.);
#2564 = PLANE('',#2565);
#2565 = AXIS2_PLACEMENT_3D('',#2566,#2567,#2568);
#2566 = CARTESIAN_POINT('',(72.478445071621,77.78174593052,48.85));
#2567 = DIRECTION('',(0.707106781187,-0.707106781187,0.));
#2568 = DIRECTION('',(0.,0.,-1.));
#2569 = ADVANCED_FACE('',(#2570,#2588),#2599,.F.);
#2570 = FACE_BOUND('',#2571,.F.);
#2571 = EDGE_LOOP('',(#2572,#2580,#2586,#2587));
#2572 = ORIENTED_EDGE('',*,*,#2573,.F.);
#2573 = EDGE_CURVE('',#2574,#993,#2576,.T.);
#2574 = VERTEX_POINT('',#2575);
#2575 = CARTESIAN_POINT('',(77.78174593052,72.478445071621,45.15));
#2576 = LINE('',#2577,#2578);
#2577 = CARTESIAN_POINT('',(77.78174593052,72.478445071621,45.15));
#2578 = VECTOR('',#2579,1.);
#2579 = DIRECTION('',(0.707106781187,0.707106781187,0.));
#2580 = ORIENTED_EDGE('',*,*,#2581,.F.);
#2581 = EDGE_CURVE('',#2551,#2574,#2582,.T.);
#2582 = LINE('',#2583,#2584);
#2583 = CARTESIAN_POINT('',(72.478445071621,77.78174593052,45.15));
#2584 = VECTOR('',#2585,1.);
#2585 = DIRECTION('',(0.707106781187,-0.707106781187,0.));
#2586 = ORIENTED_EDGE('',*,*,#2558,.T.);
#2587 = ORIENTED_EDGE('',*,*,#992,.F.);
#2588 = FACE_BOUND('',#2589,.F.);
#2589 = EDGE_LOOP('',(#2590));
#2590 = ORIENTED_EDGE('',*,*,#2591,.F.);
#2591 = EDGE_CURVE('',#2592,#2592,#2594,.T.);
#2592 = VERTEX_POINT('',#2593);
#2593 = CARTESIAN_POINT('',(75.53174593052,77.78174593052,45.15));
#2594 = CIRCLE('',#2595,2.25);
#2595 = AXIS2_PLACEMENT_3D('',#2596,#2597,#2598);
#2596 = CARTESIAN_POINT('',(77.78174593052,77.78174593052,45.15));
#2597 = DIRECTION('',(0.,0.,-1.));
#2598 = DIRECTION('',(-1.,0.,0.));
#2599 = PLANE('',#2600);
#2600 = AXIS2_PLACEMENT_3D('',#2601,#2602,#2603);
#2601 = CARTESIAN_POINT('',(72.478445071621,77.78174593052,45.15));
#2602 = DIRECTION('',(0.,0.,-1.));
#2603 = DIRECTION('',(0.707106781187,0.707106781187,0.));
#2604 = ADVANCED_FACE('',(#2605,#2623),#2634,.T.);
#2605 = FACE_BOUND('',#2606,.T.);
#2606 = EDGE_LOOP('',(#2607,#2615,#2621,#2622));
#2607 = ORIENTED_EDGE('',*,*,#2608,.F.);
#2608 = EDGE_CURVE('',#2609,#1002,#2611,.T.);
#2609 = VERTEX_POINT('',#2610);
#2610 = CARTESIAN_POINT('',(77.78174593052,72.478445071621,48.85));
#2611 = LINE('',#2612,#2613);
#2612 = CARTESIAN_POINT('',(77.78174593052,72.478445071621,48.85));
#2613 = VECTOR('',#2614,1.);
#2614 = DIRECTION('',(0.707106781187,0.707106781187,0.));
#2615 = ORIENTED_EDGE('',*,*,#2616,.F.);
#2616 = EDGE_CURVE('',#2543,#2609,#2617,.T.);
#2617 = LINE('',#2618,#2619);
#2618 = CARTESIAN_POINT('',(72.478445071621,77.78174593052,48.85));
#2619 = VECTOR('',#2620,1.);
#2620 = DIRECTION('',(0.707106781187,-0.707106781187,0.));
#2621 = ORIENTED_EDGE('',*,*,#2542,.T.);
#2622 = ORIENTED_EDGE('',*,*,#1009,.F.);
#2623 = FACE_BOUND('',#2624,.T.);
#2624 = EDGE_LOOP('',(#2625));
#2625 = ORIENTED_EDGE('',*,*,#2626,.F.);
#2626 = EDGE_CURVE('',#2627,#2627,#2629,.T.);
#2627 = VERTEX_POINT('',#2628);
#2628 = CARTESIAN_POINT('',(75.53174593052,77.78174593052,48.85));
#2629 = CIRCLE('',#2630,2.25);
#2630 = AXIS2_PLACEMENT_3D('',#2631,#2632,#2633);
#2631 = CARTESIAN_POINT('',(77.78174593052,77.78174593052,48.85));
#2632 = DIRECTION('',(0.,0.,-1.));
#2633 = DIRECTION('',(-1.,0.,0.));
#2634 = PLANE('',#2635);
#2635 = AXIS2_PLACEMENT_3D('',#2636,#2637,#2638);
#2636 = CARTESIAN_POINT('',(72.478445071621,77.78174593052,48.85));
#2637 = DIRECTION('',(0.,0.,-1.));
#2638 = DIRECTION('',(0.707106781187,0.707106781187,0.));
#2639 = ADVANCED_FACE('',(#2640),#2651,.F.);
#2640 = FACE_BOUND('',#2641,.F.);
#2641 = EDGE_LOOP('',(#2642,#2643,#2649,#2650));
#2642 = ORIENTED_EDGE('',*,*,#2608,.F.);
#2643 = ORIENTED_EDGE('',*,*,#2644,.T.);
#2644 = EDGE_CURVE('',#2609,#2574,#2645,.T.);
#2645 = LINE('',#2646,#2647);
#2646 = CARTESIAN_POINT('',(77.78174593052,72.478445071621,48.85));
#2647 = VECTOR('',#2648,1.);
#2648 = DIRECTION('',(0.,0.,-1.));
#2649 = ORIENTED_EDGE('',*,*,#2573,.T.);
#2650 = ORIENTED_EDGE('',*,*,#1001,.T.);
#2651 = PLANE('',#2652);
#2652 = AXIS2_PLACEMENT_3D('',#2653,#2654,#2655);
#2653 = CARTESIAN_POINT('',(77.78174593052,72.478445071621,48.85));
#2654 = DIRECTION('',(0.707106781187,-0.707106781187,0.));
#2655 = DIRECTION('',(0.,0.,-1.));
#2656 = ADVANCED_FACE('',(#2657),#2682,.T.);
#2657 = FACE_BOUND('',#2658,.T.);
#2658 = EDGE_LOOP('',(#2659,#2667,#2675,#2681));
#2659 = ORIENTED_EDGE('',*,*,#2660,.F.);
#2660 = EDGE_CURVE('',#2661,#1021,#2663,.T.);
#2661 = VERTEX_POINT('',#2662);
#2662 = CARTESIAN_POINT('',(23.877301693559,103.60019046234,48.85));
#2663 = LINE('',#2664,#2665);
#2664 = CARTESIAN_POINT('',(23.877301693559,103.60019046234,48.85));
#2665 = VECTOR('',#2666,1.);
#2666 = DIRECTION('',(0.258819045103,0.965925826289,0.));
#2667 = ORIENTED_EDGE('',*,*,#2668,.T.);
#2668 = EDGE_CURVE('',#2661,#2669,#2671,.T.);
#2669 = VERTEX_POINT('',#2670);
#2670 = CARTESIAN_POINT('',(23.877301693559,103.60019046234,45.15));
#2671 = LINE('',#2672,#2673);
#2672 = CARTESIAN_POINT('',(23.877301693559,103.60019046234,48.85));
#2673 = VECTOR('',#2674,1.);
#2674 = DIRECTION('',(0.,0.,-1.));
#2675 = ORIENTED_EDGE('',*,*,#2676,.T.);
#2676 = EDGE_CURVE('',#2669,#1019,#2677,.T.);
#2677 = LINE('',#2678,#2679);
#2678 = CARTESIAN_POINT('',(23.877301693559,103.60019046234,45.15));
#2679 = VECTOR('',#2680,1.);
#2680 = DIRECTION('',(0.258819045103,0.965925826289,0.));
#2681 = ORIENTED_EDGE('',*,*,#1018,.T.);
#2682 = PLANE('',#2683);
#2683 = AXIS2_PLACEMENT_3D('',#2684,#2685,#2686);
#2684 = CARTESIAN_POINT('',(23.877301693559,103.60019046234,48.85));
#2685 = DIRECTION('',(0.965925826289,-0.258819045103,0.));
#2686 = DIRECTION('',(0.,0.,-1.));
#2687 = ADVANCED_FACE('',(#2688,#2706),#2717,.F.);
#2688 = FACE_BOUND('',#2689,.F.);
#2689 = EDGE_LOOP('',(#2690,#2698,#2704,#2705));
#2690 = ORIENTED_EDGE('',*,*,#2691,.F.);
#2691 = EDGE_CURVE('',#2692,#1029,#2694,.T.);
#2692 = VERTEX_POINT('',#2693);
#2693 = CARTESIAN_POINT('',(31.121745390727,101.65904762407,45.15));
#2694 = LINE('',#2695,#2696);
#2695 = CARTESIAN_POINT('',(31.121745390727,101.65904762407,45.15));
#2696 = VECTOR('',#2697,1.);
#2697 = DIRECTION('',(0.258819045103,0.965925826289,0.));
#2698 = ORIENTED_EDGE('',*,*,#2699,.F.);
#2699 = EDGE_CURVE('',#2669,#2692,#2700,.T.);
#2700 = LINE('',#2701,#2702);
#2701 = CARTESIAN_POINT('',(23.877301693559,103.60019046234,45.15));
#2702 = VECTOR('',#2703,1.);
#2703 = DIRECTION('',(0.965925826289,-0.258819045103,0.));
#2704 = ORIENTED_EDGE('',*,*,#2676,.T.);
#2705 = ORIENTED_EDGE('',*,*,#1028,.F.);
#2706 = FACE_BOUND('',#2707,.F.);
#2707 = EDGE_LOOP('',(#2708));
#2708 = ORIENTED_EDGE('',*,*,#2709,.F.);
#2709 = EDGE_CURVE('',#2710,#2710,#2712,.T.);
#2710 = VERTEX_POINT('',#2711);
#2711 = CARTESIAN_POINT('',(26.220094961277,106.25184089179,45.15));
#2712 = CIRCLE('',#2713,2.25);
#2713 = AXIS2_PLACEMENT_3D('',#2714,#2715,#2716);
#2714 = CARTESIAN_POINT('',(28.470094961277,106.25184089179,45.15));
#2715 = DIRECTION('',(0.,0.,-1.));
#2716 = DIRECTION('',(-1.,0.,0.));
#2717 = PLANE('',#2718);
#2718 = AXIS2_PLACEMENT_3D('',#2719,#2720,#2721);
#2719 = CARTESIAN_POINT('',(23.877301693559,103.60019046234,45.15));
#2720 = DIRECTION('',(0.,0.,-1.));
#2721 = DIRECTION('',(0.258819045103,0.965925826289,0.));
#2722 = ADVANCED_FACE('',(#2723,#2741),#2752,.T.);
#2723 = FACE_BOUND('',#2724,.T.);
#2724 = EDGE_LOOP('',(#2725,#2733,#2739,#2740));
#2725 = ORIENTED_EDGE('',*,*,#2726,.F.);
#2726 = EDGE_CURVE('',#2727,#1038,#2729,.T.);
#2727 = VERTEX_POINT('',#2728);
#2728 = CARTESIAN_POINT('',(31.121745390727,101.65904762407,48.85));
#2729 = LINE('',#2730,#2731);
#2730 = CARTESIAN_POINT('',(31.121745390727,101.65904762407,48.85));
#2731 = VECTOR('',#2732,1.);
#2732 = DIRECTION('',(0.258819045103,0.965925826289,0.));
#2733 = ORIENTED_EDGE('',*,*,#2734,.F.);
#2734 = EDGE_CURVE('',#2661,#2727,#2735,.T.);
#2735 = LINE('',#2736,#2737);
#2736 = CARTESIAN_POINT('',(23.877301693559,103.60019046234,48.85));
#2737 = VECTOR('',#2738,1.);
#2738 = DIRECTION('',(0.965925826289,-0.258819045103,0.));
#2739 = ORIENTED_EDGE('',*,*,#2660,.T.);
#2740 = ORIENTED_EDGE('',*,*,#1045,.F.);
#2741 = FACE_BOUND('',#2742,.T.);
#2742 = EDGE_LOOP('',(#2743));
#2743 = ORIENTED_EDGE('',*,*,#2744,.F.);
#2744 = EDGE_CURVE('',#2745,#2745,#2747,.T.);
#2745 = VERTEX_POINT('',#2746);
#2746 = CARTESIAN_POINT('',(26.220094961277,106.25184089179,48.85));
#2747 = CIRCLE('',#2748,2.25);
#2748 = AXIS2_PLACEMENT_3D('',#2749,#2750,#2751);
#2749 = CARTESIAN_POINT('',(28.470094961277,106.25184089179,48.85));
#2750 = DIRECTION('',(0.,0.,-1.));
#2751 = DIRECTION('',(-1.,0.,0.));
#2752 = PLANE('',#2753);
#2753 = AXIS2_PLACEMENT_3D('',#2754,#2755,#2756);
#2754 = CARTESIAN_POINT('',(23.877301693559,103.60019046234,48.85));
#2755 = DIRECTION('',(0.,0.,-1.));
#2756 = DIRECTION('',(0.258819045103,0.965925826289,0.));
#2757 = ADVANCED_FACE('',(#2758),#2769,.F.);
#2758 = FACE_BOUND('',#2759,.F.);
#2759 = EDGE_LOOP('',(#2760,#2761,#2767,#2768));
#2760 = ORIENTED_EDGE('',*,*,#2726,.F.);
#2761 = ORIENTED_EDGE('',*,*,#2762,.T.);
#2762 = EDGE_CURVE('',#2727,#2692,#2763,.T.);
#2763 = LINE('',#2764,#2765);
#2764 = CARTESIAN_POINT('',(31.121745390727,101.65904762407,48.85));
#2765 = VECTOR('',#2766,1.);
#2766 = DIRECTION('',(0.,0.,-1.));
#2767 = ORIENTED_EDGE('',*,*,#2691,.T.);
#2768 = ORIENTED_EDGE('',*,*,#1037,.T.);
#2769 = PLANE('',#2770);
#2770 = AXIS2_PLACEMENT_3D('',#2771,#2772,#2773);
#2771 = CARTESIAN_POINT('',(31.121745390727,101.65904762407,48.85));
#2772 = DIRECTION('',(0.965925826289,-0.258819045103,0.));
#2773 = DIRECTION('',(0.,0.,-1.));
#2774 = ADVANCED_FACE('',(#2775),#2800,.T.);
#2775 = FACE_BOUND('',#2776,.T.);
#2776 = EDGE_LOOP('',(#2777,#2785,#2793,#2799));
#2777 = ORIENTED_EDGE('',*,*,#2778,.F.);
#2778 = EDGE_CURVE('',#2779,#1057,#2781,.T.);
#2779 = VERTEX_POINT('',#2780);
#2780 = CARTESIAN_POINT('',(-31.12174539072,101.65904762407,48.85));
#2781 = LINE('',#2782,#2783);
#2782 = CARTESIAN_POINT('',(-31.12174539072,101.65904762407,48.85));
#2783 = VECTOR('',#2784,1.);
#2784 = DIRECTION('',(-0.258819045103,0.965925826289,0.));
#2785 = ORIENTED_EDGE('',*,*,#2786,.T.);
#2786 = EDGE_CURVE('',#2779,#2787,#2789,.T.);
#2787 = VERTEX_POINT('',#2788);
#2788 = CARTESIAN_POINT('',(-31.12174539072,101.65904762407,45.15));
#2789 = LINE('',#2790,#2791);
#2790 = CARTESIAN_POINT('',(-31.12174539072,101.65904762407,48.85));
#2791 = VECTOR('',#2792,1.);
#2792 = DIRECTION('',(0.,0.,-1.));
#2793 = ORIENTED_EDGE('',*,*,#2794,.T.);
#2794 = EDGE_CURVE('',#2787,#1055,#2795,.T.);
#2795 = LINE('',#2796,#2797);
#2796 = CARTESIAN_POINT('',(-31.12174539072,101.65904762407,45.15));
#2797 = VECTOR('',#2798,1.);
#2798 = DIRECTION('',(-0.258819045103,0.965925826289,0.));
#2799 = ORIENTED_EDGE('',*,*,#1054,.T.);
#2800 = PLANE('',#2801);
#2801 = AXIS2_PLACEMENT_3D('',#2802,#2803,#2804);
#2802 = CARTESIAN_POINT('',(-31.12174539072,101.65904762407,48.85));
#2803 = DIRECTION('',(0.965925826289,0.258819045103,0.));
#2804 = DIRECTION('',(0.,0.,-1.));
#2805 = ADVANCED_FACE('',(#2806,#2824),#2835,.F.);
#2806 = FACE_BOUND('',#2807,.F.);
#2807 = EDGE_LOOP('',(#2808,#2816,#2822,#2823));
#2808 = ORIENTED_EDGE('',*,*,#2809,.F.);
#2809 = EDGE_CURVE('',#2810,#1065,#2812,.T.);
#2810 = VERTEX_POINT('',#2811);
#2811 = CARTESIAN_POINT('',(-23.87730169355,103.60019046234,45.15));
#2812 = LINE('',#2813,#2814);
#2813 = CARTESIAN_POINT('',(-23.87730169355,103.60019046234,45.15));
#2814 = VECTOR('',#2815,1.);
#2815 = DIRECTION('',(-0.258819045103,0.965925826289,0.));
#2816 = ORIENTED_EDGE('',*,*,#2817,.F.);
#2817 = EDGE_CURVE('',#2787,#2810,#2818,.T.);
#2818 = LINE('',#2819,#2820);
#2819 = CARTESIAN_POINT('',(-31.12174539072,101.65904762407,45.15));
#2820 = VECTOR('',#2821,1.);
#2821 = DIRECTION('',(0.965925826289,0.258819045103,0.));
#2822 = ORIENTED_EDGE('',*,*,#2794,.T.);
#2823 = ORIENTED_EDGE('',*,*,#1064,.F.);
#2824 = FACE_BOUND('',#2825,.F.);
#2825 = EDGE_LOOP('',(#2826));
#2826 = ORIENTED_EDGE('',*,*,#2827,.F.);
#2827 = EDGE_CURVE('',#2828,#2828,#2830,.T.);
#2828 = VERTEX_POINT('',#2829);
#2829 = CARTESIAN_POINT('',(-30.72009496127,106.25184089179,45.15));
#2830 = CIRCLE('',#2831,2.25);
#2831 = AXIS2_PLACEMENT_3D('',#2832,#2833,#2834);
#2832 = CARTESIAN_POINT('',(-28.47009496127,106.25184089179,45.15));
#2833 = DIRECTION('',(0.,0.,-1.));
#2834 = DIRECTION('',(-1.,0.,0.));
#2835 = PLANE('',#2836);
#2836 = AXIS2_PLACEMENT_3D('',#2837,#2838,#2839);
#2837 = CARTESIAN_POINT('',(-31.12174539072,101.65904762407,45.15));
#2838 = DIRECTION('',(0.,0.,-1.));
#2839 = DIRECTION('',(-0.258819045103,0.965925826289,0.));
#2840 = ADVANCED_FACE('',(#2841,#2859),#2870,.T.);
#2841 = FACE_BOUND('',#2842,.T.);
#2842 = EDGE_LOOP('',(#2843,#2851,#2857,#2858));
#2843 = ORIENTED_EDGE('',*,*,#2844,.F.);
#2844 = EDGE_CURVE('',#2845,#1074,#2847,.T.);
#2845 = VERTEX_POINT('',#2846);
#2846 = CARTESIAN_POINT('',(-23.87730169355,103.60019046234,48.85));
#2847 = LINE('',#2848,#2849);
#2848 = CARTESIAN_POINT('',(-23.87730169355,103.60019046234,48.85));
#2849 = VECTOR('',#2850,1.);
#2850 = DIRECTION('',(-0.258819045103,0.965925826289,0.));
#2851 = ORIENTED_EDGE('',*,*,#2852,.F.);
#2852 = EDGE_CURVE('',#2779,#2845,#2853,.T.);
#2853 = LINE('',#2854,#2855);
#2854 = CARTESIAN_POINT('',(-31.12174539072,101.65904762407,48.85));
#2855 = VECTOR('',#2856,1.);
#2856 = DIRECTION('',(0.965925826289,0.258819045103,0.));
#2857 = ORIENTED_EDGE('',*,*,#2778,.T.);
#2858 = ORIENTED_EDGE('',*,*,#1081,.F.);
#2859 = FACE_BOUND('',#2860,.T.);
#2860 = EDGE_LOOP('',(#2861));
#2861 = ORIENTED_EDGE('',*,*,#2862,.F.);
#2862 = EDGE_CURVE('',#2863,#2863,#2865,.T.);
#2863 = VERTEX_POINT('',#2864);
#2864 = CARTESIAN_POINT('',(-30.72009496127,106.25184089179,48.85));
#2865 = CIRCLE('',#2866,2.25);
#2866 = AXIS2_PLACEMENT_3D('',#2867,#2868,#2869);
#2867 = CARTESIAN_POINT('',(-28.47009496127,106.25184089179,48.85));
#2868 = DIRECTION('',(0.,0.,-1.));
#2869 = DIRECTION('',(-1.,0.,0.));
#2870 = PLANE('',#2871);
#2871 = AXIS2_PLACEMENT_3D('',#2872,#2873,#2874);
#2872 = CARTESIAN_POINT('',(-31.12174539072,101.65904762407,48.85));
#2873 = DIRECTION('',(0.,0.,-1.));
#2874 = DIRECTION('',(-0.258819045103,0.965925826289,0.));
#2875 = ADVANCED_FACE('',(#2876),#2887,.F.);
#2876 = FACE_BOUND('',#2877,.F.);
#2877 = EDGE_LOOP('',(#2878,#2879,#2885,#2886));
#2878 = ORIENTED_EDGE('',*,*,#2844,.F.);
#2879 = ORIENTED_EDGE('',*,*,#2880,.T.);
#2880 = EDGE_CURVE('',#2845,#2810,#2881,.T.);
#2881 = LINE('',#2882,#2883);
#2882 = CARTESIAN_POINT('',(-23.87730169355,103.60019046234,48.85));
#2883 = VECTOR('',#2884,1.);
#2884 = DIRECTION('',(0.,0.,-1.));
#2885 = ORIENTED_EDGE('',*,*,#2809,.T.);
#2886 = ORIENTED_EDGE('',*,*,#1073,.T.);
#2887 = PLANE('',#2888);
#2888 = AXIS2_PLACEMENT_3D('',#2889,#2890,#2891);
#2889 = CARTESIAN_POINT('',(-23.87730169355,103.60019046234,48.85));
#2890 = DIRECTION('',(0.965925826289,0.258819045103,0.));
#2891 = DIRECTION('',(0.,0.,-1.));
#2892 = ADVANCED_FACE('',(#2893),#2918,.T.);
#2893 = FACE_BOUND('',#2894,.T.);
#2894 = EDGE_LOOP('',(#2895,#2903,#2911,#2917));
#2895 = ORIENTED_EDGE('',*,*,#2896,.F.);
#2896 = EDGE_CURVE('',#2897,#1093,#2899,.T.);
#2897 = VERTEX_POINT('',#2898);
#2898 = CARTESIAN_POINT('',(-77.78174593052,72.478445071621,48.85));
#2899 = LINE('',#2900,#2901);
#2900 = CARTESIAN_POINT('',(-77.78174593052,72.478445071621,48.85));
#2901 = VECTOR('',#2902,1.);
#2902 = DIRECTION('',(-0.707106781187,0.707106781187,0.));
#2903 = ORIENTED_EDGE('',*,*,#2904,.T.);
#2904 = EDGE_CURVE('',#2897,#2905,#2907,.T.);
#2905 = VERTEX_POINT('',#2906);
#2906 = CARTESIAN_POINT('',(-77.78174593052,72.478445071621,45.15));
#2907 = LINE('',#2908,#2909);
#2908 = CARTESIAN_POINT('',(-77.78174593052,72.478445071621,48.85));
#2909 = VECTOR('',#2910,1.);
#2910 = DIRECTION('',(0.,0.,-1.));
#2911 = ORIENTED_EDGE('',*,*,#2912,.T.);
#2912 = EDGE_CURVE('',#2905,#1091,#2913,.T.);
#2913 = LINE('',#2914,#2915);
#2914 = CARTESIAN_POINT('',(-77.78174593052,72.478445071621,45.15));
#2915 = VECTOR('',#2916,1.);
#2916 = DIRECTION('',(-0.707106781187,0.707106781187,0.));
#2917 = ORIENTED_EDGE('',*,*,#1090,.T.);
#2918 = PLANE('',#2919);
#2919 = AXIS2_PLACEMENT_3D('',#2920,#2921,#2922);
#2920 = CARTESIAN_POINT('',(-77.78174593052,72.478445071621,48.85));
#2921 = DIRECTION('',(0.707106781187,0.707106781187,0.));
#2922 = DIRECTION('',(0.,0.,-1.));
#2923 = ADVANCED_FACE('',(#2924,#2942),#2953,.F.);
#2924 = FACE_BOUND('',#2925,.F.);
#2925 = EDGE_LOOP('',(#2926,#2934,#2940,#2941));
#2926 = ORIENTED_EDGE('',*,*,#2927,.F.);
#2927 = EDGE_CURVE('',#2928,#1101,#2930,.T.);
#2928 = VERTEX_POINT('',#2929);
#2929 = CARTESIAN_POINT('',(-72.47844507162,77.78174593052,45.15));
#2930 = LINE('',#2931,#2932);
#2931 = CARTESIAN_POINT('',(-72.47844507162,77.78174593052,45.15));
#2932 = VECTOR('',#2933,1.);
#2933 = DIRECTION('',(-0.707106781187,0.707106781187,0.));
#2934 = ORIENTED_EDGE('',*,*,#2935,.F.);
#2935 = EDGE_CURVE('',#2905,#2928,#2936,.T.);
#2936 = LINE('',#2937,#2938);
#2937 = CARTESIAN_POINT('',(-77.78174593052,72.478445071621,45.15));
#2938 = VECTOR('',#2939,1.);
#2939 = DIRECTION('',(0.707106781187,0.707106781187,0.));
#2940 = ORIENTED_EDGE('',*,*,#2912,.T.);
#2941 = ORIENTED_EDGE('',*,*,#1100,.F.);
#2942 = FACE_BOUND('',#2943,.F.);
#2943 = EDGE_LOOP('',(#2944));
#2944 = ORIENTED_EDGE('',*,*,#2945,.F.);
#2945 = EDGE_CURVE('',#2946,#2946,#2948,.T.);
#2946 = VERTEX_POINT('',#2947);
#2947 = CARTESIAN_POINT('',(-80.03174593052,77.78174593052,45.15));
#2948 = CIRCLE('',#2949,2.25);
#2949 = AXIS2_PLACEMENT_3D('',#2950,#2951,#2952);
#2950 = CARTESIAN_POINT('',(-77.78174593052,77.78174593052,45.15));
#2951 = DIRECTION('',(0.,0.,-1.));
#2952 = DIRECTION('',(-1.,0.,0.));
#2953 = PLANE('',#2954);
#2954 = AXIS2_PLACEMENT_3D('',#2955,#2956,#2957);
#2955 = CARTESIAN_POINT('',(-77.78174593052,72.478445071621,45.15));
#2956 = DIRECTION('',(0.,0.,-1.));
#2957 = DIRECTION('',(-0.707106781187,0.707106781187,0.));
#2958 = ADVANCED_FACE('',(#2959,#2977),#2988,.T.);
#2959 = FACE_BOUND('',#2960,.T.);
#2960 = EDGE_LOOP('',(#2961,#2969,#2975,#2976));
#2961 = ORIENTED_EDGE('',*,*,#2962,.F.);
#2962 = EDGE_CURVE('',#2963,#1110,#2965,.T.);
#2963 = VERTEX_POINT('',#2964);
#2964 = CARTESIAN_POINT('',(-72.47844507162,77.78174593052,48.85));
#2965 = LINE('',#2966,#2967);
#2966 = CARTESIAN_POINT('',(-72.47844507162,77.78174593052,48.85));
#2967 = VECTOR('',#2968,1.);
#2968 = DIRECTION('',(-0.707106781187,0.707106781187,0.));
#2969 = ORIENTED_EDGE('',*,*,#2970,.F.);
#2970 = EDGE_CURVE('',#2897,#2963,#2971,.T.);
#2971 = LINE('',#2972,#2973);
#2972 = CARTESIAN_POINT('',(-77.78174593052,72.478445071621,48.85));
#2973 = VECTOR('',#2974,1.);
#2974 = DIRECTION('',(0.707106781187,0.707106781187,0.));
#2975 = ORIENTED_EDGE('',*,*,#2896,.T.);
#2976 = ORIENTED_EDGE('',*,*,#1117,.F.);
#2977 = FACE_BOUND('',#2978,.T.);
#2978 = EDGE_LOOP('',(#2979));
#2979 = ORIENTED_EDGE('',*,*,#2980,.F.);
#2980 = EDGE_CURVE('',#2981,#2981,#2983,.T.);
#2981 = VERTEX_POINT('',#2982);
#2982 = CARTESIAN_POINT('',(-80.03174593052,77.78174593052,48.85));
#2983 = CIRCLE('',#2984,2.25);
#2984 = AXIS2_PLACEMENT_3D('',#2985,#2986,#2987);
#2985 = CARTESIAN_POINT('',(-77.78174593052,77.78174593052,48.85));
#2986 = DIRECTION('',(0.,0.,-1.));
#2987 = DIRECTION('',(-1.,0.,0.));
#2988 = PLANE('',#2989);
#2989 = AXIS2_PLACEMENT_3D('',#2990,#2991,#2992);
#2990 = CARTESIAN_POINT('',(-77.78174593052,72.478445071621,48.85));
#2991 = DIRECTION('',(0.,0.,-1.));
#2992 = DIRECTION('',(-0.707106781187,0.707106781187,0.));
#2993 = ADVANCED_FACE('',(#2994),#3005,.F.);
#2994 = FACE_BOUND('',#2995,.F.);
#2995 = EDGE_LOOP('',(#2996,#2997,#3003,#3004));
#2996 = ORIENTED_EDGE('',*,*,#2962,.F.);
#2997 = ORIENTED_EDGE('',*,*,#2998,.T.);
#2998 = EDGE_CURVE('',#2963,#2928,#2999,.T.);
#2999 = LINE('',#3000,#3001);
#3000 = CARTESIAN_POINT('',(-72.47844507162,77.78174593052,48.85));
#3001 = VECTOR('',#3002,1.);
#3002 = DIRECTION('',(0.,0.,-1.));
#3003 = ORIENTED_EDGE('',*,*,#2927,.T.);
#3004 = ORIENTED_EDGE('',*,*,#1109,.T.);
#3005 = PLANE('',#3006);
#3006 = AXIS2_PLACEMENT_3D('',#3007,#3008,#3009);
#3007 = CARTESIAN_POINT('',(-72.47844507162,77.78174593052,48.85));
#3008 = DIRECTION('',(0.707106781187,0.707106781187,0.));
#3009 = DIRECTION('',(0.,0.,-1.));
#3010 = ADVANCED_FACE('',(#3011),#3036,.T.);
#3011 = FACE_BOUND('',#3012,.T.);
#3012 = EDGE_LOOP('',(#3013,#3021,#3029,#3035));
#3013 = ORIENTED_EDGE('',*,*,#3014,.F.);
#3014 = EDGE_CURVE('',#3015,#1129,#3017,.T.);
#3015 = VERTEX_POINT('',#3016);
#3016 = CARTESIAN_POINT('',(-103.6001904623,23.877301693559,48.85));
#3017 = LINE('',#3018,#3019);
#3018 = CARTESIAN_POINT('',(-103.6001904623,23.877301693559,48.85));
#3019 = VECTOR('',#3020,1.);
#3020 = DIRECTION('',(-0.965925826289,0.258819045103,0.));
#3021 = ORIENTED_EDGE('',*,*,#3022,.T.);
#3022 = EDGE_CURVE('',#3015,#3023,#3025,.T.);
#3023 = VERTEX_POINT('',#3024);
#3024 = CARTESIAN_POINT('',(-103.6001904623,23.877301693559,45.15));
#3025 = LINE('',#3026,#3027);
#3026 = CARTESIAN_POINT('',(-103.6001904623,23.877301693559,48.85));
#3027 = VECTOR('',#3028,1.);
#3028 = DIRECTION('',(0.,0.,-1.));
#3029 = ORIENTED_EDGE('',*,*,#3030,.T.);
#3030 = EDGE_CURVE('',#3023,#1127,#3031,.T.);
#3031 = LINE('',#3032,#3033);
#3032 = CARTESIAN_POINT('',(-103.6001904623,23.877301693559,45.15));
#3033 = VECTOR('',#3034,1.);
#3034 = DIRECTION('',(-0.965925826289,0.258819045103,0.));
#3035 = ORIENTED_EDGE('',*,*,#1126,.T.);
#3036 = PLANE('',#3037);
#3037 = AXIS2_PLACEMENT_3D('',#3038,#3039,#3040);
#3038 = CARTESIAN_POINT('',(-103.6001904623,23.877301693559,48.85));
#3039 = DIRECTION('',(0.258819045103,0.965925826289,0.));
#3040 = DIRECTION('',(0.,0.,-1.));
#3041 = ADVANCED_FACE('',(#3042,#3060),#3071,.F.);
#3042 = FACE_BOUND('',#3043,.F.);
#3043 = EDGE_LOOP('',(#3044,#3052,#3058,#3059));
#3044 = ORIENTED_EDGE('',*,*,#3045,.F.);
#3045 = EDGE_CURVE('',#3046,#1137,#3048,.T.);
#3046 = VERTEX_POINT('',#3047);
#3047 = CARTESIAN_POINT('',(-101.659047624,31.121745390727,45.15));
#3048 = LINE('',#3049,#3050);
#3049 = CARTESIAN_POINT('',(-101.659047624,31.121745390727,45.15));
#3050 = VECTOR('',#3051,1.);
#3051 = DIRECTION('',(-0.965925826289,0.258819045103,0.));
#3052 = ORIENTED_EDGE('',*,*,#3053,.F.);
#3053 = EDGE_CURVE('',#3023,#3046,#3054,.T.);
#3054 = LINE('',#3055,#3056);
#3055 = CARTESIAN_POINT('',(-103.6001904623,23.877301693559,45.15));
#3056 = VECTOR('',#3057,1.);
#3057 = DIRECTION('',(0.258819045103,0.965925826289,0.));
#3058 = ORIENTED_EDGE('',*,*,#3030,.T.);
#3059 = ORIENTED_EDGE('',*,*,#1136,.F.);
#3060 = FACE_BOUND('',#3061,.F.);
#3061 = EDGE_LOOP('',(#3062));
#3062 = ORIENTED_EDGE('',*,*,#3063,.F.);
#3063 = EDGE_CURVE('',#3064,#3064,#3066,.T.);
#3064 = VERTEX_POINT('',#3065);
#3065 = CARTESIAN_POINT('',(-108.5018408917,28.470094961277,45.15));
#3066 = CIRCLE('',#3067,2.25);
#3067 = AXIS2_PLACEMENT_3D('',#3068,#3069,#3070);
#3068 = CARTESIAN_POINT('',(-106.2518408917,28.470094961277,45.15));
#3069 = DIRECTION('',(0.,0.,-1.));
#3070 = DIRECTION('',(-1.,0.,0.));
#3071 = PLANE('',#3072);
#3072 = AXIS2_PLACEMENT_3D('',#3073,#3074,#3075);
#3073 = CARTESIAN_POINT('',(-103.6001904623,23.877301693559,45.15));
#3074 = DIRECTION('',(0.,0.,-1.));
#3075 = DIRECTION('',(-0.965925826289,0.258819045103,0.));
#3076 = ADVANCED_FACE('',(#3077,#3095),#3106,.T.);
#3077 = FACE_BOUND('',#3078,.T.);
#3078 = EDGE_LOOP('',(#3079,#3087,#3093,#3094));
#3079 = ORIENTED_EDGE('',*,*,#3080,.F.);
#3080 = EDGE_CURVE('',#3081,#1146,#3083,.T.);
#3081 = VERTEX_POINT('',#3082);
#3082 = CARTESIAN_POINT('',(-101.659047624,31.121745390727,48.85));
#3083 = LINE('',#3084,#3085);
#3084 = CARTESIAN_POINT('',(-101.659047624,31.121745390727,48.85));
#3085 = VECTOR('',#3086,1.);
#3086 = DIRECTION('',(-0.965925826289,0.258819045103,0.));
#3087 = ORIENTED_EDGE('',*,*,#3088,.F.);
#3088 = EDGE_CURVE('',#3015,#3081,#3089,.T.);
#3089 = LINE('',#3090,#3091);
#3090 = CARTESIAN_POINT('',(-103.6001904623,23.877301693559,48.85));
#3091 = VECTOR('',#3092,1.);
#3092 = DIRECTION('',(0.258819045103,0.965925826289,0.));
#3093 = ORIENTED_EDGE('',*,*,#3014,.T.);
#3094 = ORIENTED_EDGE('',*,*,#1153,.F.);
#3095 = FACE_BOUND('',#3096,.T.);
#3096 = EDGE_LOOP('',(#3097));
#3097 = ORIENTED_EDGE('',*,*,#3098,.F.);
#3098 = EDGE_CURVE('',#3099,#3099,#3101,.T.);
#3099 = VERTEX_POINT('',#3100);
#3100 = CARTESIAN_POINT('',(-108.5018408917,28.470094961277,48.85));
#3101 = CIRCLE('',#3102,2.25);
#3102 = AXIS2_PLACEMENT_3D('',#3103,#3104,#3105);
#3103 = CARTESIAN_POINT('',(-106.2518408917,28.470094961277,48.85));
#3104 = DIRECTION('',(0.,0.,-1.));
#3105 = DIRECTION('',(-1.,0.,0.));
#3106 = PLANE('',#3107);
#3107 = AXIS2_PLACEMENT_3D('',#3108,#3109,#3110);
#3108 = CARTESIAN_POINT('',(-103.6001904623,23.877301693559,48.85));
#3109 = DIRECTION('',(0.,0.,-1.));
#3110 = DIRECTION('',(-0.965925826289,0.258819045103,0.));
#3111 = ADVANCED_FACE('',(#3112),#3123,.F.);
#3112 = FACE_BOUND('',#3113,.F.);
#3113 = EDGE_LOOP('',(#3114,#3115,#3121,#3122));
#3114 = ORIENTED_EDGE('',*,*,#3080,.F.);
#3115 = ORIENTED_EDGE('',*,*,#3116,.T.);
#3116 = EDGE_CURVE('',#3081,#3046,#3117,.T.);
#3117 = LINE('',#3118,#3119);
#3118 = CARTESIAN_POINT('',(-101.659047624,31.121745390727,48.85));
#3119 = VECTOR('',#3120,1.);
#3120 = DIRECTION('',(0.,0.,-1.));
#3121 = ORIENTED_EDGE('',*,*,#3045,.T.);
#3122 = ORIENTED_EDGE('',*,*,#1145,.T.);
#3123 = PLANE('',#3124);
#3124 = AXIS2_PLACEMENT_3D('',#3125,#3126,#3127);
#3125 = CARTESIAN_POINT('',(-101.659047624,31.121745390727,48.85));
#3126 = DIRECTION('',(0.258819045103,0.965925826289,0.));
#3127 = DIRECTION('',(0.,0.,-1.));
#3128 = ADVANCED_FACE('',(#3129),#3154,.T.);
#3129 = FACE_BOUND('',#3130,.T.);
#3130 = EDGE_LOOP('',(#3131,#3139,#3147,#3153));
#3131 = ORIENTED_EDGE('',*,*,#3132,.F.);
#3132 = EDGE_CURVE('',#3133,#1165,#3135,.T.);
#3133 = VERTEX_POINT('',#3134);
#3134 = CARTESIAN_POINT('',(-101.659047624,-31.12174539072,48.85));
#3135 = LINE('',#3136,#3137);
#3136 = CARTESIAN_POINT('',(-101.659047624,-31.12174539072,48.85));
#3137 = VECTOR('',#3138,1.);
#3138 = DIRECTION('',(-0.965925826289,-0.258819045103,0.));
#3139 = ORIENTED_EDGE('',*,*,#3140,.T.);
#3140 = EDGE_CURVE('',#3133,#3141,#3143,.T.);
#3141 = VERTEX_POINT('',#3142);
#3142 = CARTESIAN_POINT('',(-101.659047624,-31.12174539072,45.15));
#3143 = LINE('',#3144,#3145);
#3144 = CARTESIAN_POINT('',(-101.659047624,-31.12174539072,48.85));
#3145 = VECTOR('',#3146,1.);
#3146 = DIRECTION('',(0.,0.,-1.));
#3147 = ORIENTED_EDGE('',*,*,#3148,.T.);
#3148 = EDGE_CURVE('',#3141,#1163,#3149,.T.);
#3149 = LINE('',#3150,#3151);
#3150 = CARTESIAN_POINT('',(-101.659047624,-31.12174539072,45.15));
#3151 = VECTOR('',#3152,1.);
#3152 = DIRECTION('',(-0.965925826289,-0.258819045103,0.));
#3153 = ORIENTED_EDGE('',*,*,#1162,.T.);
#3154 = PLANE('',#3155);
#3155 = AXIS2_PLACEMENT_3D('',#3156,#3157,#3158);
#3156 = CARTESIAN_POINT('',(-101.659047624,-31.12174539072,48.85));
#3157 = DIRECTION('',(-0.258819045103,0.965925826289,0.));
#3158 = DIRECTION('',(0.,0.,-1.));
#3159 = ADVANCED_FACE('',(#3160,#3178),#3189,.F.);
#3160 = FACE_BOUND('',#3161,.F.);
#3161 = EDGE_LOOP('',(#3162,#3170,#3176,#3177));
#3162 = ORIENTED_EDGE('',*,*,#3163,.F.);
#3163 = EDGE_CURVE('',#3164,#1173,#3166,.T.);
#3164 = VERTEX_POINT('',#3165);
#3165 = CARTESIAN_POINT('',(-103.6001904623,-23.87730169355,45.15));
#3166 = LINE('',#3167,#3168);
#3167 = CARTESIAN_POINT('',(-103.6001904623,-23.87730169355,45.15));
#3168 = VECTOR('',#3169,1.);
#3169 = DIRECTION('',(-0.965925826289,-0.258819045103,0.));
#3170 = ORIENTED_EDGE('',*,*,#3171,.F.);
#3171 = EDGE_CURVE('',#3141,#3164,#3172,.T.);
#3172 = LINE('',#3173,#3174);
#3173 = CARTESIAN_POINT('',(-101.659047624,-31.12174539072,45.15));
#3174 = VECTOR('',#3175,1.);
#3175 = DIRECTION('',(-0.258819045103,0.965925826289,0.));
#3176 = ORIENTED_EDGE('',*,*,#3148,.T.);
#3177 = ORIENTED_EDGE('',*,*,#1172,.F.);
#3178 = FACE_BOUND('',#3179,.F.);
#3179 = EDGE_LOOP('',(#3180));
#3180 = ORIENTED_EDGE('',*,*,#3181,.F.);
#3181 = EDGE_CURVE('',#3182,#3182,#3184,.T.);
#3182 = VERTEX_POINT('',#3183);
#3183 = CARTESIAN_POINT('',(-108.5018408917,-28.47009496127,45.15));
#3184 = CIRCLE('',#3185,2.25);
#3185 = AXIS2_PLACEMENT_3D('',#3186,#3187,#3188);
#3186 = CARTESIAN_POINT('',(-106.2518408917,-28.47009496127,45.15));
#3187 = DIRECTION('',(0.,0.,-1.));
#3188 = DIRECTION('',(-1.,0.,0.));
#3189 = PLANE('',#3190);
#3190 = AXIS2_PLACEMENT_3D('',#3191,#3192,#3193);
#3191 = CARTESIAN_POINT('',(-101.659047624,-31.12174539072,45.15));
#3192 = DIRECTION('',(0.,0.,-1.));
#3193 = DIRECTION('',(-0.965925826289,-0.258819045103,0.));
#3194 = ADVANCED_FACE('',(#3195,#3213),#3224,.T.);
#3195 = FACE_BOUND('',#3196,.T.);
#3196 = EDGE_LOOP('',(#3197,#3205,#3211,#3212));
#3197 = ORIENTED_EDGE('',*,*,#3198,.F.);
#3198 = EDGE_CURVE('',#3199,#1182,#3201,.T.);
#3199 = VERTEX_POINT('',#3200);
#3200 = CARTESIAN_POINT('',(-103.6001904623,-23.87730169355,48.85));
#3201 = LINE('',#3202,#3203);
#3202 = CARTESIAN_POINT('',(-103.6001904623,-23.87730169355,48.85));
#3203 = VECTOR('',#3204,1.);
#3204 = DIRECTION('',(-0.965925826289,-0.258819045103,0.));
#3205 = ORIENTED_EDGE('',*,*,#3206,.F.);
#3206 = EDGE_CURVE('',#3133,#3199,#3207,.T.);
#3207 = LINE('',#3208,#3209);
#3208 = CARTESIAN_POINT('',(-101.659047624,-31.12174539072,48.85));
#3209 = VECTOR('',#3210,1.);
#3210 = DIRECTION('',(-0.258819045103,0.965925826289,0.));
#3211 = ORIENTED_EDGE('',*,*,#3132,.T.);
#3212 = ORIENTED_EDGE('',*,*,#1189,.F.);
#3213 = FACE_BOUND('',#3214,.T.);
#3214 = EDGE_LOOP('',(#3215));
#3215 = ORIENTED_EDGE('',*,*,#3216,.F.);
#3216 = EDGE_CURVE('',#3217,#3217,#3219,.T.);
#3217 = VERTEX_POINT('',#3218);
#3218 = CARTESIAN_POINT('',(-108.5018408917,-28.47009496127,48.85));
#3219 = CIRCLE('',#3220,2.25);
#3220 = AXIS2_PLACEMENT_3D('',#3221,#3222,#3223);
#3221 = CARTESIAN_POINT('',(-106.2518408917,-28.47009496127,48.85));
#3222 = DIRECTION('',(0.,0.,-1.));
#3223 = DIRECTION('',(-1.,0.,0.));
#3224 = PLANE('',#3225);
#3225 = AXIS2_PLACEMENT_3D('',#3226,#3227,#3228);
#3226 = CARTESIAN_POINT('',(-101.659047624,-31.12174539072,48.85));
#3227 = DIRECTION('',(0.,0.,-1.));
#3228 = DIRECTION('',(-0.965925826289,-0.258819045103,0.));
#3229 = ADVANCED_FACE('',(#3230),#3241,.F.);
#3230 = FACE_BOUND('',#3231,.F.);
#3231 = EDGE_LOOP('',(#3232,#3233,#3239,#3240));
#3232 = ORIENTED_EDGE('',*,*,#3198,.F.);
#3233 = ORIENTED_EDGE('',*,*,#3234,.T.);
#3234 = EDGE_CURVE('',#3199,#3164,#3235,.T.);
#3235 = LINE('',#3236,#3237);
#3236 = CARTESIAN_POINT('',(-103.6001904623,-23.87730169355,48.85));
#3237 = VECTOR('',#3238,1.);
#3238 = DIRECTION('',(0.,0.,-1.));
#3239 = ORIENTED_EDGE('',*,*,#3163,.T.);
#3240 = ORIENTED_EDGE('',*,*,#1181,.T.);
#3241 = PLANE('',#3242);
#3242 = AXIS2_PLACEMENT_3D('',#3243,#3244,#3245);
#3243 = CARTESIAN_POINT('',(-103.6001904623,-23.87730169355,48.85));
#3244 = DIRECTION('',(-0.258819045103,0.965925826289,0.));
#3245 = DIRECTION('',(0.,0.,-1.));
#3246 = ADVANCED_FACE('',(#3247),#3272,.T.);
#3247 = FACE_BOUND('',#3248,.T.);
#3248 = EDGE_LOOP('',(#3249,#3257,#3265,#3271));
#3249 = ORIENTED_EDGE('',*,*,#3250,.F.);
#3250 = EDGE_CURVE('',#3251,#1201,#3253,.T.);
#3251 = VERTEX_POINT('',#3252);
#3252 = CARTESIAN_POINT('',(-72.47844507162,-77.78174593052,48.85));
#3253 = LINE('',#3254,#3255);
#3254 = CARTESIAN_POINT('',(-72.47844507162,-77.78174593052,48.85));
#3255 = VECTOR('',#3256,1.);
#3256 = DIRECTION('',(-0.707106781187,-0.707106781187,0.));
#3257 = ORIENTED_EDGE('',*,*,#3258,.T.);
#3258 = EDGE_CURVE('',#3251,#3259,#3261,.T.);
#3259 = VERTEX_POINT('',#3260);
#3260 = CARTESIAN_POINT('',(-72.47844507162,-77.78174593052,45.15));
#3261 = LINE('',#3262,#3263);
#3262 = CARTESIAN_POINT('',(-72.47844507162,-77.78174593052,48.85));
#3263 = VECTOR('',#3264,1.);
#3264 = DIRECTION('',(0.,0.,-1.));
#3265 = ORIENTED_EDGE('',*,*,#3266,.T.);
#3266 = EDGE_CURVE('',#3259,#1199,#3267,.T.);
#3267 = LINE('',#3268,#3269);
#3268 = CARTESIAN_POINT('',(-72.47844507162,-77.78174593052,45.15));
#3269 = VECTOR('',#3270,1.);
#3270 = DIRECTION('',(-0.707106781187,-0.707106781187,0.));
#3271 = ORIENTED_EDGE('',*,*,#1198,.T.);
#3272 = PLANE('',#3273);
#3273 = AXIS2_PLACEMENT_3D('',#3274,#3275,#3276);
#3274 = CARTESIAN_POINT('',(-72.47844507162,-77.78174593052,48.85));
#3275 = DIRECTION('',(-0.707106781187,0.707106781187,0.));
#3276 = DIRECTION('',(0.,0.,-1.));
#3277 = ADVANCED_FACE('',(#3278,#3296),#3307,.F.);
#3278 = FACE_BOUND('',#3279,.F.);
#3279 = EDGE_LOOP('',(#3280,#3288,#3294,#3295));
#3280 = ORIENTED_EDGE('',*,*,#3281,.F.);
#3281 = EDGE_CURVE('',#3282,#1209,#3284,.T.);
#3282 = VERTEX_POINT('',#3283);
#3283 = CARTESIAN_POINT('',(-77.78174593052,-72.47844507162,45.15));
#3284 = LINE('',#3285,#3286);
#3285 = CARTESIAN_POINT('',(-77.78174593052,-72.47844507162,45.15));
#3286 = VECTOR('',#3287,1.);
#3287 = DIRECTION('',(-0.707106781187,-0.707106781187,0.));
#3288 = ORIENTED_EDGE('',*,*,#3289,.F.);
#3289 = EDGE_CURVE('',#3259,#3282,#3290,.T.);
#3290 = LINE('',#3291,#3292);
#3291 = CARTESIAN_POINT('',(-72.47844507162,-77.78174593052,45.15));
#3292 = VECTOR('',#3293,1.);
#3293 = DIRECTION('',(-0.707106781187,0.707106781187,0.));
#3294 = ORIENTED_EDGE('',*,*,#3266,.T.);
#3295 = ORIENTED_EDGE('',*,*,#1208,.F.);
#3296 = FACE_BOUND('',#3297,.F.);
#3297 = EDGE_LOOP('',(#3298));
#3298 = ORIENTED_EDGE('',*,*,#3299,.F.);
#3299 = EDGE_CURVE('',#3300,#3300,#3302,.T.);
#3300 = VERTEX_POINT('',#3301);
#3301 = CARTESIAN_POINT('',(-80.03174593052,-77.78174593052,45.15));
#3302 = CIRCLE('',#3303,2.25);
#3303 = AXIS2_PLACEMENT_3D('',#3304,#3305,#3306);
#3304 = CARTESIAN_POINT('',(-77.78174593052,-77.78174593052,45.15));
#3305 = DIRECTION('',(0.,0.,-1.));
#3306 = DIRECTION('',(-1.,0.,0.));
#3307 = PLANE('',#3308);
#3308 = AXIS2_PLACEMENT_3D('',#3309,#3310,#3311);
#3309 = CARTESIAN_POINT('',(-72.47844507162,-77.78174593052,45.15));
#3310 = DIRECTION('',(0.,0.,-1.));
#3311 = DIRECTION('',(-0.707106781187,-0.707106781187,0.));
#3312 = ADVANCED_FACE('',(#3313,#3331),#3342,.T.);
#3313 = FACE_BOUND('',#3314,.T.);
#3314 = EDGE_LOOP('',(#3315,#3323,#3329,#3330));
#3315 = ORIENTED_EDGE('',*,*,#3316,.F.);
#3316 = EDGE_CURVE('',#3317,#1218,#3319,.T.);
#3317 = VERTEX_POINT('',#3318);
#3318 = CARTESIAN_POINT('',(-77.78174593052,-72.47844507162,48.85));
#3319 = LINE('',#3320,#3321);
#3320 = CARTESIAN_POINT('',(-77.78174593052,-72.47844507162,48.85));
#3321 = VECTOR('',#3322,1.);
#3322 = DIRECTION('',(-0.707106781187,-0.707106781187,0.));
#3323 = ORIENTED_EDGE('',*,*,#3324,.F.);
#3324 = EDGE_CURVE('',#3251,#3317,#3325,.T.);
#3325 = LINE('',#3326,#3327);
#3326 = CARTESIAN_POINT('',(-72.47844507162,-77.78174593052,48.85));
#3327 = VECTOR('',#3328,1.);
#3328 = DIRECTION('',(-0.707106781187,0.707106781187,0.));
#3329 = ORIENTED_EDGE('',*,*,#3250,.T.);
#3330 = ORIENTED_EDGE('',*,*,#1225,.F.);
#3331 = FACE_BOUND('',#3332,.T.);
#3332 = EDGE_LOOP('',(#3333));
#3333 = ORIENTED_EDGE('',*,*,#3334,.F.);
#3334 = EDGE_CURVE('',#3335,#3335,#3337,.T.);
#3335 = VERTEX_POINT('',#3336);
#3336 = CARTESIAN_POINT('',(-80.03174593052,-77.78174593052,48.85));
#3337 = CIRCLE('',#3338,2.25);
#3338 = AXIS2_PLACEMENT_3D('',#3339,#3340,#3341);
#3339 = CARTESIAN_POINT('',(-77.78174593052,-77.78174593052,48.85));
#3340 = DIRECTION('',(0.,0.,-1.));
#3341 = DIRECTION('',(-1.,0.,0.));
#3342 = PLANE('',#3343);
#3343 = AXIS2_PLACEMENT_3D('',#3344,#3345,#3346);
#3344 = CARTESIAN_POINT('',(-72.47844507162,-77.78174593052,48.85));
#3345 = DIRECTION('',(0.,0.,-1.));
#3346 = DIRECTION('',(-0.707106781187,-0.707106781187,0.));
#3347 = ADVANCED_FACE('',(#3348),#3359,.F.);
#3348 = FACE_BOUND('',#3349,.F.);
#3349 = EDGE_LOOP('',(#3350,#3351,#3357,#3358));
#3350 = ORIENTED_EDGE('',*,*,#3316,.F.);
#3351 = ORIENTED_EDGE('',*,*,#3352,.T.);
#3352 = EDGE_CURVE('',#3317,#3282,#3353,.T.);
#3353 = LINE('',#3354,#3355);
#3354 = CARTESIAN_POINT('',(-77.78174593052,-72.47844507162,48.85));
#3355 = VECTOR('',#3356,1.);
#3356 = DIRECTION('',(0.,0.,-1.));
#3357 = ORIENTED_EDGE('',*,*,#3281,.T.);
#3358 = ORIENTED_EDGE('',*,*,#1217,.T.);
#3359 = PLANE('',#3360);
#3360 = AXIS2_PLACEMENT_3D('',#3361,#3362,#3363);
#3361 = CARTESIAN_POINT('',(-77.78174593052,-72.47844507162,48.85));
#3362 = DIRECTION('',(-0.707106781187,0.707106781187,0.));
#3363 = DIRECTION('',(0.,0.,-1.));
#3364 = ADVANCED_FACE('',(#3365),#3390,.T.);
#3365 = FACE_BOUND('',#3366,.T.);
#3366 = EDGE_LOOP('',(#3367,#3375,#3383,#3389));
#3367 = ORIENTED_EDGE('',*,*,#3368,.F.);
#3368 = EDGE_CURVE('',#3369,#1237,#3371,.T.);
#3369 = VERTEX_POINT('',#3370);
#3370 = CARTESIAN_POINT('',(-23.87730169355,-103.6001904623,48.85));
#3371 = LINE('',#3372,#3373);
#3372 = CARTESIAN_POINT('',(-23.87730169355,-103.6001904623,48.85));
#3373 = VECTOR('',#3374,1.);
#3374 = DIRECTION('',(-0.258819045103,-0.965925826289,0.));
#3375 = ORIENTED_EDGE('',*,*,#3376,.T.);
#3376 = EDGE_CURVE('',#3369,#3377,#3379,.T.);
#3377 = VERTEX_POINT('',#3378);
#3378 = CARTESIAN_POINT('',(-23.87730169355,-103.6001904623,45.15));
#3379 = LINE('',#3380,#3381);
#3380 = CARTESIAN_POINT('',(-23.87730169355,-103.6001904623,48.85));
#3381 = VECTOR('',#3382,1.);
#3382 = DIRECTION('',(0.,0.,-1.));
#3383 = ORIENTED_EDGE('',*,*,#3384,.T.);
#3384 = EDGE_CURVE('',#3377,#1235,#3385,.T.);
#3385 = LINE('',#3386,#3387);
#3386 = CARTESIAN_POINT('',(-23.87730169355,-103.6001904623,45.15));
#3387 = VECTOR('',#3388,1.);
#3388 = DIRECTION('',(-0.258819045103,-0.965925826289,0.));
#3389 = ORIENTED_EDGE('',*,*,#1234,.T.);
#3390 = PLANE('',#3391);
#3391 = AXIS2_PLACEMENT_3D('',#3392,#3393,#3394);
#3392 = CARTESIAN_POINT('',(-23.87730169355,-103.6001904623,48.85));
#3393 = DIRECTION('',(-0.965925826289,0.258819045103,0.));
#3394 = DIRECTION('',(0.,0.,-1.));
#3395 = ADVANCED_FACE('',(#3396,#3414),#3425,.F.);
#3396 = FACE_BOUND('',#3397,.F.);
#3397 = EDGE_LOOP('',(#3398,#3406,#3412,#3413));
#3398 = ORIENTED_EDGE('',*,*,#3399,.F.);
#3399 = EDGE_CURVE('',#3400,#1245,#3402,.T.);
#3400 = VERTEX_POINT('',#3401);
#3401 = CARTESIAN_POINT('',(-31.12174539072,-101.659047624,45.15));
#3402 = LINE('',#3403,#3404);
#3403 = CARTESIAN_POINT('',(-31.12174539072,-101.659047624,45.15));
#3404 = VECTOR('',#3405,1.);
#3405 = DIRECTION('',(-0.258819045103,-0.965925826289,0.));
#3406 = ORIENTED_EDGE('',*,*,#3407,.F.);
#3407 = EDGE_CURVE('',#3377,#3400,#3408,.T.);
#3408 = LINE('',#3409,#3410);
#3409 = CARTESIAN_POINT('',(-23.87730169355,-103.6001904623,45.15));
#3410 = VECTOR('',#3411,1.);
#3411 = DIRECTION('',(-0.965925826289,0.258819045103,0.));
#3412 = ORIENTED_EDGE('',*,*,#3384,.T.);
#3413 = ORIENTED_EDGE('',*,*,#1244,.F.);
#3414 = FACE_BOUND('',#3415,.F.);
#3415 = EDGE_LOOP('',(#3416));
#3416 = ORIENTED_EDGE('',*,*,#3417,.F.);
#3417 = EDGE_CURVE('',#3418,#3418,#3420,.T.);
#3418 = VERTEX_POINT('',#3419);
#3419 = CARTESIAN_POINT('',(-30.72009496127,-106.2518408917,45.15));
#3420 = CIRCLE('',#3421,2.25);
#3421 = AXIS2_PLACEMENT_3D('',#3422,#3423,#3424);
#3422 = CARTESIAN_POINT('',(-28.47009496127,-106.2518408917,45.15));
#3423 = DIRECTION('',(0.,0.,-1.));
#3424 = DIRECTION('',(-1.,0.,0.));
#3425 = PLANE('',#3426);
#3426 = AXIS2_PLACEMENT_3D('',#3427,#3428,#3429);
#3427 = CARTESIAN_POINT('',(-23.87730169355,-103.6001904623,45.15));
#3428 = DIRECTION('',(0.,0.,-1.));
#3429 = DIRECTION('',(-0.258819045103,-0.965925826289,0.));
#3430 = ADVANCED_FACE('',(#3431,#3449),#3460,.T.);
#3431 = FACE_BOUND('',#3432,.T.);
#3432 = EDGE_LOOP('',(#3433,#3441,#3447,#3448));
#3433 = ORIENTED_EDGE('',*,*,#3434,.F.);
#3434 = EDGE_CURVE('',#3435,#1254,#3437,.T.);
#3435 = VERTEX_POINT('',#3436);
#3436 = CARTESIAN_POINT('',(-31.12174539072,-101.659047624,48.85));
#3437 = LINE('',#3438,#3439);
#3438 = CARTESIAN_POINT('',(-31.12174539072,-101.659047624,48.85));
#3439 = VECTOR('',#3440,1.);
#3440 = DIRECTION('',(-0.258819045103,-0.965925826289,0.));
#3441 = ORIENTED_EDGE('',*,*,#3442,.F.);
#3442 = EDGE_CURVE('',#3369,#3435,#3443,.T.);
#3443 = LINE('',#3444,#3445);
#3444 = CARTESIAN_POINT('',(-23.87730169355,-103.6001904623,48.85));
#3445 = VECTOR('',#3446,1.);
#3446 = DIRECTION('',(-0.965925826289,0.258819045103,0.));
#3447 = ORIENTED_EDGE('',*,*,#3368,.T.);
#3448 = ORIENTED_EDGE('',*,*,#1261,.F.);
#3449 = FACE_BOUND('',#3450,.T.);
#3450 = EDGE_LOOP('',(#3451));
#3451 = ORIENTED_EDGE('',*,*,#3452,.F.);
#3452 = EDGE_CURVE('',#3453,#3453,#3455,.T.);
#3453 = VERTEX_POINT('',#3454);
#3454 = CARTESIAN_POINT('',(-30.72009496127,-106.2518408917,48.85));
#3455 = CIRCLE('',#3456,2.25);
#3456 = AXIS2_PLACEMENT_3D('',#3457,#3458,#3459);
#3457 = CARTESIAN_POINT('',(-28.47009496127,-106.2518408917,48.85));
#3458 = DIRECTION('',(0.,0.,-1.));
#3459 = DIRECTION('',(-1.,0.,0.));
#3460 = PLANE('',#3461);
#3461 = AXIS2_PLACEMENT_3D('',#3462,#3463,#3464);
#3462 = CARTESIAN_POINT('',(-23.87730169355,-103.6001904623,48.85));
#3463 = DIRECTION('',(0.,0.,-1.));
#3464 = DIRECTION('',(-0.258819045103,-0.965925826289,0.));
#3465 = ADVANCED_FACE('',(#3466),#3477,.F.);
#3466 = FACE_BOUND('',#3467,.F.);
#3467 = EDGE_LOOP('',(#3468,#3469,#3475,#3476));
#3468 = ORIENTED_EDGE('',*,*,#3434,.F.);
#3469 = ORIENTED_EDGE('',*,*,#3470,.T.);
#3470 = EDGE_CURVE('',#3435,#3400,#3471,.T.);
#3471 = LINE('',#3472,#3473);
#3472 = CARTESIAN_POINT('',(-31.12174539072,-101.659047624,48.85));
#3473 = VECTOR('',#3474,1.);
#3474 = DIRECTION('',(0.,0.,-1.));
#3475 = ORIENTED_EDGE('',*,*,#3399,.T.);
#3476 = ORIENTED_EDGE('',*,*,#1253,.T.);
#3477 = PLANE('',#3478);
#3478 = AXIS2_PLACEMENT_3D('',#3479,#3480,#3481);
#3479 = CARTESIAN_POINT('',(-31.12174539072,-101.659047624,48.85));
#3480 = DIRECTION('',(-0.965925826289,0.258819045103,0.));
#3481 = DIRECTION('',(0.,0.,-1.));
#3482 = ADVANCED_FACE('',(#3483),#3508,.T.);
#3483 = FACE_BOUND('',#3484,.T.);
#3484 = EDGE_LOOP('',(#3485,#3493,#3501,#3507));
#3485 = ORIENTED_EDGE('',*,*,#3486,.F.);
#3486 = EDGE_CURVE('',#3487,#1273,#3489,.T.);
#3487 = VERTEX_POINT('',#3488);
#3488 = CARTESIAN_POINT('',(31.121745390727,-101.659047624,48.85));
#3489 = LINE('',#3490,#3491);
#3490 = CARTESIAN_POINT('',(31.121745390727,-101.659047624,48.85));
#3491 = VECTOR('',#3492,1.);
#3492 = DIRECTION('',(0.258819045103,-0.965925826289,0.));
#3493 = ORIENTED_EDGE('',*,*,#3494,.T.);
#3494 = EDGE_CURVE('',#3487,#3495,#3497,.T.);
#3495 = VERTEX_POINT('',#3496);
#3496 = CARTESIAN_POINT('',(31.121745390727,-101.659047624,45.15));
#3497 = LINE('',#3498,#3499);
#3498 = CARTESIAN_POINT('',(31.121745390727,-101.659047624,48.85));
#3499 = VECTOR('',#3500,1.);
#3500 = DIRECTION('',(0.,0.,-1.));
#3501 = ORIENTED_EDGE('',*,*,#3502,.T.);
#3502 = EDGE_CURVE('',#3495,#1271,#3503,.T.);
#3503 = LINE('',#3504,#3505);
#3504 = CARTESIAN_POINT('',(31.121745390727,-101.659047624,45.15));
#3505 = VECTOR('',#3506,1.);
#3506 = DIRECTION('',(0.258819045103,-0.965925826289,0.));
#3507 = ORIENTED_EDGE('',*,*,#1270,.T.);
#3508 = PLANE('',#3509);
#3509 = AXIS2_PLACEMENT_3D('',#3510,#3511,#3512);
#3510 = CARTESIAN_POINT('',(31.121745390727,-101.659047624,48.85));
#3511 = DIRECTION('',(-0.965925826289,-0.258819045103,0.));
#3512 = DIRECTION('',(0.,0.,-1.));
#3513 = ADVANCED_FACE('',(#3514,#3532),#3543,.F.);
#3514 = FACE_BOUND('',#3515,.F.);
#3515 = EDGE_LOOP('',(#3516,#3524,#3530,#3531));
#3516 = ORIENTED_EDGE('',*,*,#3517,.F.);
#3517 = EDGE_CURVE('',#3518,#1281,#3520,.T.);
#3518 = VERTEX_POINT('',#3519);
#3519 = CARTESIAN_POINT('',(23.877301693559,-103.6001904623,45.15));
#3520 = LINE('',#3521,#3522);
#3521 = CARTESIAN_POINT('',(23.877301693559,-103.6001904623,45.15));
#3522 = VECTOR('',#3523,1.);
#3523 = DIRECTION('',(0.258819045103,-0.965925826289,0.));
#3524 = ORIENTED_EDGE('',*,*,#3525,.F.);
#3525 = EDGE_CURVE('',#3495,#3518,#3526,.T.);
#3526 = LINE('',#3527,#3528);
#3527 = CARTESIAN_POINT('',(31.121745390727,-101.659047624,45.15));
#3528 = VECTOR('',#3529,1.);
#3529 = DIRECTION('',(-0.965925826289,-0.258819045103,0.));
#3530 = ORIENTED_EDGE('',*,*,#3502,.T.);
#3531 = ORIENTED_EDGE('',*,*,#1280,.F.);
#3532 = FACE_BOUND('',#3533,.F.);
#3533 = EDGE_LOOP('',(#3534));
#3534 = ORIENTED_EDGE('',*,*,#3535,.F.);
#3535 = EDGE_CURVE('',#3536,#3536,#3538,.T.);
#3536 = VERTEX_POINT('',#3537);
#3537 = CARTESIAN_POINT('',(26.220094961277,-106.2518408917,45.15));
#3538 = CIRCLE('',#3539,2.25);
#3539 = AXIS2_PLACEMENT_3D('',#3540,#3541,#3542);
#3540 = CARTESIAN_POINT('',(28.470094961277,-106.2518408917,45.15));
#3541 = DIRECTION('',(0.,0.,-1.));
#3542 = DIRECTION('',(-1.,0.,0.));
#3543 = PLANE('',#3544);
#3544 = AXIS2_PLACEMENT_3D('',#3545,#3546,#3547);
#3545 = CARTESIAN_POINT('',(31.121745390727,-101.659047624,45.15));
#3546 = DIRECTION('',(0.,0.,-1.));
#3547 = DIRECTION('',(0.258819045103,-0.965925826289,0.));
#3548 = ADVANCED_FACE('',(#3549,#3567),#3578,.T.);
#3549 = FACE_BOUND('',#3550,.T.);
#3550 = EDGE_LOOP('',(#3551,#3559,#3565,#3566));
#3551 = ORIENTED_EDGE('',*,*,#3552,.F.);
#3552 = EDGE_CURVE('',#3553,#1290,#3555,.T.);
#3553 = VERTEX_POINT('',#3554);
#3554 = CARTESIAN_POINT('',(23.877301693559,-103.6001904623,48.85));
#3555 = LINE('',#3556,#3557);
#3556 = CARTESIAN_POINT('',(23.877301693559,-103.6001904623,48.85));
#3557 = VECTOR('',#3558,1.);
#3558 = DIRECTION('',(0.258819045103,-0.965925826289,0.));
#3559 = ORIENTED_EDGE('',*,*,#3560,.F.);
#3560 = EDGE_CURVE('',#3487,#3553,#3561,.T.);
#3561 = LINE('',#3562,#3563);
#3562 = CARTESIAN_POINT('',(31.121745390727,-101.659047624,48.85));
#3563 = VECTOR('',#3564,1.);
#3564 = DIRECTION('',(-0.965925826289,-0.258819045103,0.));
#3565 = ORIENTED_EDGE('',*,*,#3486,.T.);
#3566 = ORIENTED_EDGE('',*,*,#1297,.F.);
#3567 = FACE_BOUND('',#3568,.T.);
#3568 = EDGE_LOOP('',(#3569));
#3569 = ORIENTED_EDGE('',*,*,#3570,.F.);
#3570 = EDGE_CURVE('',#3571,#3571,#3573,.T.);
#3571 = VERTEX_POINT('',#3572);
#3572 = CARTESIAN_POINT('',(26.220094961277,-106.2518408917,48.85));
#3573 = CIRCLE('',#3574,2.25);
#3574 = AXIS2_PLACEMENT_3D('',#3575,#3576,#3577);
#3575 = CARTESIAN_POINT('',(28.470094961277,-106.2518408917,48.85));
#3576 = DIRECTION('',(0.,0.,-1.));
#3577 = DIRECTION('',(-1.,0.,0.));
#3578 = PLANE('',#3579);
#3579 = AXIS2_PLACEMENT_3D('',#3580,#3581,#3582);
#3580 = CARTESIAN_POINT('',(31.121745390727,-101.659047624,48.85));
#3581 = DIRECTION('',(0.,0.,-1.));
#3582 = DIRECTION('',(0.258819045103,-0.965925826289,0.));
#3583 = ADVANCED_FACE('',(#3584),#3595,.F.);
#3584 = FACE_BOUND('',#3585,.F.);
#3585 = EDGE_LOOP('',(#3586,#3587,#3593,#3594));
#3586 = ORIENTED_EDGE('',*,*,#3552,.F.);
#3587 = ORIENTED_EDGE('',*,*,#3588,.T.);
#3588 = EDGE_CURVE('',#3553,#3518,#3589,.T.);
#3589 = LINE('',#3590,#3591);
#3590 = CARTESIAN_POINT('',(23.877301693559,-103.6001904623,48.85));
#3591 = VECTOR('',#3592,1.);
#3592 = DIRECTION('',(0.,0.,-1.));
#3593 = ORIENTED_EDGE('',*,*,#3517,.T.);
#3594 = ORIENTED_EDGE('',*,*,#1289,.T.);
#3595 = PLANE('',#3596);
#3596 = AXIS2_PLACEMENT_3D('',#3597,#3598,#3599);
#3597 = CARTESIAN_POINT('',(23.877301693559,-103.6001904623,48.85));
#3598 = DIRECTION('',(-0.965925826289,-0.258819045103,0.));
#3599 = DIRECTION('',(0.,0.,-1.));
#3600 = ADVANCED_FACE('',(#3601),#3626,.T.);
#3601 = FACE_BOUND('',#3602,.T.);
#3602 = EDGE_LOOP('',(#3603,#3611,#3619,#3625));
#3603 = ORIENTED_EDGE('',*,*,#3604,.F.);
#3604 = EDGE_CURVE('',#3605,#1309,#3607,.T.);
#3605 = VERTEX_POINT('',#3606);
#3606 = CARTESIAN_POINT('',(77.78174593052,-72.47844507162,48.85));
#3607 = LINE('',#3608,#3609);
#3608 = CARTESIAN_POINT('',(77.78174593052,-72.47844507162,48.85));
#3609 = VECTOR('',#3610,1.);
#3610 = DIRECTION('',(0.707106781187,-0.707106781187,0.));
#3611 = ORIENTED_EDGE('',*,*,#3612,.T.);
#3612 = EDGE_CURVE('',#3605,#3613,#3615,.T.);
#3613 = VERTEX_POINT('',#3614);
#3614 = CARTESIAN_POINT('',(77.78174593052,-72.47844507162,45.15));
#3615 = LINE('',#3616,#3617);
#3616 = CARTESIAN_POINT('',(77.78174593052,-72.47844507162,48.85));
#3617 = VECTOR('',#3618,1.);
#3618 = DIRECTION('',(0.,0.,-1.));
#3619 = ORIENTED_EDGE('',*,*,#3620,.T.);
#3620 = EDGE_CURVE('',#3613,#1307,#3621,.T.);
#3621 = LINE('',#3622,#3623);
#3622 = CARTESIAN_POINT('',(77.78174593052,-72.47844507162,45.15));
#3623 = VECTOR('',#3624,1.);
#3624 = DIRECTION('',(0.707106781187,-0.707106781187,0.));
#3625 = ORIENTED_EDGE('',*,*,#1306,.T.);
#3626 = PLANE('',#3627);
#3627 = AXIS2_PLACEMENT_3D('',#3628,#3629,#3630);
#3628 = CARTESIAN_POINT('',(77.78174593052,-72.47844507162,48.85));
#3629 = DIRECTION('',(-0.707106781187,-0.707106781187,0.));
#3630 = DIRECTION('',(0.,0.,-1.));
#3631 = ADVANCED_FACE('',(#3632,#3650),#3661,.F.);
#3632 = FACE_BOUND('',#3633,.F.);
#3633 = EDGE_LOOP('',(#3634,#3642,#3648,#3649));
#3634 = ORIENTED_EDGE('',*,*,#3635,.F.);
#3635 = EDGE_CURVE('',#3636,#1317,#3638,.T.);
#3636 = VERTEX_POINT('',#3637);
#3637 = CARTESIAN_POINT('',(72.478445071621,-77.78174593052,45.15));
#3638 = LINE('',#3639,#3640);
#3639 = CARTESIAN_POINT('',(72.478445071621,-77.78174593052,45.15));
#3640 = VECTOR('',#3641,1.);
#3641 = DIRECTION('',(0.707106781187,-0.707106781187,0.));
#3642 = ORIENTED_EDGE('',*,*,#3643,.F.);
#3643 = EDGE_CURVE('',#3613,#3636,#3644,.T.);
#3644 = LINE('',#3645,#3646);
#3645 = CARTESIAN_POINT('',(77.78174593052,-72.47844507162,45.15));
#3646 = VECTOR('',#3647,1.);
#3647 = DIRECTION('',(-0.707106781187,-0.707106781187,0.));
#3648 = ORIENTED_EDGE('',*,*,#3620,.T.);
#3649 = ORIENTED_EDGE('',*,*,#1316,.F.);
#3650 = FACE_BOUND('',#3651,.F.);
#3651 = EDGE_LOOP('',(#3652));
#3652 = ORIENTED_EDGE('',*,*,#3653,.F.);
#3653 = EDGE_CURVE('',#3654,#3654,#3656,.T.);
#3654 = VERTEX_POINT('',#3655);
#3655 = CARTESIAN_POINT('',(75.53174593052,-77.78174593052,45.15));
#3656 = CIRCLE('',#3657,2.25);
#3657 = AXIS2_PLACEMENT_3D('',#3658,#3659,#3660);
#3658 = CARTESIAN_POINT('',(77.78174593052,-77.78174593052,45.15));
#3659 = DIRECTION('',(0.,0.,-1.));
#3660 = DIRECTION('',(-1.,0.,0.));
#3661 = PLANE('',#3662);
#3662 = AXIS2_PLACEMENT_3D('',#3663,#3664,#3665);
#3663 = CARTESIAN_POINT('',(77.78174593052,-72.47844507162,45.15));
#3664 = DIRECTION('',(0.,0.,-1.));
#3665 = DIRECTION('',(0.707106781187,-0.707106781187,0.));
#3666 = ADVANCED_FACE('',(#3667,#3685),#3696,.T.);
#3667 = FACE_BOUND('',#3668,.T.);
#3668 = EDGE_LOOP('',(#3669,#3677,#3683,#3684));
#3669 = ORIENTED_EDGE('',*,*,#3670,.F.);
#3670 = EDGE_CURVE('',#3671,#1326,#3673,.T.);
#3671 = VERTEX_POINT('',#3672);
#3672 = CARTESIAN_POINT('',(72.478445071621,-77.78174593052,48.85));
#3673 = LINE('',#3674,#3675);
#3674 = CARTESIAN_POINT('',(72.478445071621,-77.78174593052,48.85));
#3675 = VECTOR('',#3676,1.);
#3676 = DIRECTION('',(0.707106781187,-0.707106781187,0.));
#3677 = ORIENTED_EDGE('',*,*,#3678,.F.);
#3678 = EDGE_CURVE('',#3605,#3671,#3679,.T.);
#3679 = LINE('',#3680,#3681);
#3680 = CARTESIAN_POINT('',(77.78174593052,-72.47844507162,48.85));
#3681 = VECTOR('',#3682,1.);
#3682 = DIRECTION('',(-0.707106781187,-0.707106781187,0.));
#3683 = ORIENTED_EDGE('',*,*,#3604,.T.);
#3684 = ORIENTED_EDGE('',*,*,#1333,.F.);
#3685 = FACE_BOUND('',#3686,.T.);
#3686 = EDGE_LOOP('',(#3687));
#3687 = ORIENTED_EDGE('',*,*,#3688,.F.);
#3688 = EDGE_CURVE('',#3689,#3689,#3691,.T.);
#3689 = VERTEX_POINT('',#3690);
#3690 = CARTESIAN_POINT('',(75.53174593052,-77.78174593052,48.85));
#3691 = CIRCLE('',#3692,2.25);
#3692 = AXIS2_PLACEMENT_3D('',#3693,#3694,#3695);
#3693 = CARTESIAN_POINT('',(77.78174593052,-77.78174593052,48.85));
#3694 = DIRECTION('',(0.,0.,-1.));
#3695 = DIRECTION('',(-1.,0.,0.));
#3696 = PLANE('',#3697);
#3697 = AXIS2_PLACEMENT_3D('',#3698,#3699,#3700);
#3698 = CARTESIAN_POINT('',(77.78174593052,-72.47844507162,48.85));
#3699 = DIRECTION('',(0.,0.,-1.));
#3700 = DIRECTION('',(0.707106781187,-0.707106781187,0.));
#3701 = ADVANCED_FACE('',(#3702),#3713,.F.);
#3702 = FACE_BOUND('',#3703,.F.);
#3703 = EDGE_LOOP('',(#3704,#3705,#3711,#3712));
#3704 = ORIENTED_EDGE('',*,*,#3670,.F.);
#3705 = ORIENTED_EDGE('',*,*,#3706,.T.);
#3706 = EDGE_CURVE('',#3671,#3636,#3707,.T.);
#3707 = LINE('',#3708,#3709);
#3708 = CARTESIAN_POINT('',(72.478445071621,-77.78174593052,48.85));
#3709 = VECTOR('',#3710,1.);
#3710 = DIRECTION('',(0.,0.,-1.));
#3711 = ORIENTED_EDGE('',*,*,#3635,.T.);
#3712 = ORIENTED_EDGE('',*,*,#1325,.T.);
#3713 = PLANE('',#3714);
#3714 = AXIS2_PLACEMENT_3D('',#3715,#3716,#3717);
#3715 = CARTESIAN_POINT('',(72.478445071621,-77.78174593052,48.85));
#3716 = DIRECTION('',(-0.707106781187,-0.707106781187,0.));
#3717 = DIRECTION('',(0.,0.,-1.));
#3718 = ADVANCED_FACE('',(#3719),#3744,.T.);
#3719 = FACE_BOUND('',#3720,.T.);
#3720 = EDGE_LOOP('',(#3721,#3729,#3737,#3743));
#3721 = ORIENTED_EDGE('',*,*,#3722,.F.);
#3722 = EDGE_CURVE('',#3723,#1345,#3725,.T.);
#3723 = VERTEX_POINT('',#3724);
#3724 = CARTESIAN_POINT('',(103.60019046234,-23.87730169355,48.85));
#3725 = LINE('',#3726,#3727);
#3726 = CARTESIAN_POINT('',(103.60019046234,-23.87730169355,48.85));
#3727 = VECTOR('',#3728,1.);
#3728 = DIRECTION('',(0.965925826289,-0.258819045103,0.));
#3729 = ORIENTED_EDGE('',*,*,#3730,.T.);
#3730 = EDGE_CURVE('',#3723,#3731,#3733,.T.);
#3731 = VERTEX_POINT('',#3732);
#3732 = CARTESIAN_POINT('',(103.60019046234,-23.87730169355,45.15));
#3733 = LINE('',#3734,#3735);
#3734 = CARTESIAN_POINT('',(103.60019046234,-23.87730169355,48.85));
#3735 = VECTOR('',#3736,1.);
#3736 = DIRECTION('',(0.,0.,-1.));
#3737 = ORIENTED_EDGE('',*,*,#3738,.T.);
#3738 = EDGE_CURVE('',#3731,#1343,#3739,.T.);
#3739 = LINE('',#3740,#3741);
#3740 = CARTESIAN_POINT('',(103.60019046234,-23.87730169355,45.15));
#3741 = VECTOR('',#3742,1.);
#3742 = DIRECTION('',(0.965925826289,-0.258819045103,0.));
#3743 = ORIENTED_EDGE('',*,*,#1342,.T.);
#3744 = PLANE('',#3745);
#3745 = AXIS2_PLACEMENT_3D('',#3746,#3747,#3748);
#3746 = CARTESIAN_POINT('',(103.60019046234,-23.87730169355,48.85));
#3747 = DIRECTION('',(-0.258819045103,-0.965925826289,0.));
#3748 = DIRECTION('',(0.,0.,-1.));
#3749 = ADVANCED_FACE('',(#3750,#3768),#3779,.F.);
#3750 = FACE_BOUND('',#3751,.F.);
#3751 = EDGE_LOOP('',(#3752,#3760,#3766,#3767));
#3752 = ORIENTED_EDGE('',*,*,#3753,.F.);
#3753 = EDGE_CURVE('',#3754,#1353,#3756,.T.);
#3754 = VERTEX_POINT('',#3755);
#3755 = CARTESIAN_POINT('',(101.65904762407,-31.12174539072,45.15));
#3756 = LINE('',#3757,#3758);
#3757 = CARTESIAN_POINT('',(101.65904762407,-31.12174539072,45.15));
#3758 = VECTOR('',#3759,1.);
#3759 = DIRECTION('',(0.965925826289,-0.258819045103,0.));
#3760 = ORIENTED_EDGE('',*,*,#3761,.F.);
#3761 = EDGE_CURVE('',#3731,#3754,#3762,.T.);
#3762 = LINE('',#3763,#3764);
#3763 = CARTESIAN_POINT('',(103.60019046234,-23.87730169355,45.15));
#3764 = VECTOR('',#3765,1.);
#3765 = DIRECTION('',(-0.258819045103,-0.965925826289,0.));
#3766 = ORIENTED_EDGE('',*,*,#3738,.T.);
#3767 = ORIENTED_EDGE('',*,*,#1352,.F.);
#3768 = FACE_BOUND('',#3769,.F.);
#3769 = EDGE_LOOP('',(#3770));
#3770 = ORIENTED_EDGE('',*,*,#3771,.F.);
#3771 = EDGE_CURVE('',#3772,#3772,#3774,.T.);
#3772 = VERTEX_POINT('',#3773);
#3773 = CARTESIAN_POINT('',(104.00184089179,-28.47009496127,45.15));
#3774 = CIRCLE('',#3775,2.25);
#3775 = AXIS2_PLACEMENT_3D('',#3776,#3777,#3778);
#3776 = CARTESIAN_POINT('',(106.25184089179,-28.47009496127,45.15));
#3777 = DIRECTION('',(0.,0.,-1.));
#3778 = DIRECTION('',(-1.,0.,0.));
#3779 = PLANE('',#3780);
#3780 = AXIS2_PLACEMENT_3D('',#3781,#3782,#3783);
#3781 = CARTESIAN_POINT('',(103.60019046234,-23.87730169355,45.15));
#3782 = DIRECTION('',(0.,0.,-1.));
#3783 = DIRECTION('',(0.965925826289,-0.258819045103,0.));
#3784 = ADVANCED_FACE('',(#3785,#3803),#3814,.T.);
#3785 = FACE_BOUND('',#3786,.T.);
#3786 = EDGE_LOOP('',(#3787,#3795,#3801,#3802));
#3787 = ORIENTED_EDGE('',*,*,#3788,.F.);
#3788 = EDGE_CURVE('',#3789,#1362,#3791,.T.);
#3789 = VERTEX_POINT('',#3790);
#3790 = CARTESIAN_POINT('',(101.65904762407,-31.12174539072,48.85));
#3791 = LINE('',#3792,#3793);
#3792 = CARTESIAN_POINT('',(101.65904762407,-31.12174539072,48.85));
#3793 = VECTOR('',#3794,1.);
#3794 = DIRECTION('',(0.965925826289,-0.258819045103,0.));
#3795 = ORIENTED_EDGE('',*,*,#3796,.F.);
#3796 = EDGE_CURVE('',#3723,#3789,#3797,.T.);
#3797 = LINE('',#3798,#3799);
#3798 = CARTESIAN_POINT('',(103.60019046234,-23.87730169355,48.85));
#3799 = VECTOR('',#3800,1.);
#3800 = DIRECTION('',(-0.258819045103,-0.965925826289,0.));
#3801 = ORIENTED_EDGE('',*,*,#3722,.T.);
#3802 = ORIENTED_EDGE('',*,*,#1369,.F.);
#3803 = FACE_BOUND('',#3804,.T.);
#3804 = EDGE_LOOP('',(#3805));
#3805 = ORIENTED_EDGE('',*,*,#3806,.F.);
#3806 = EDGE_CURVE('',#3807,#3807,#3809,.T.);
#3807 = VERTEX_POINT('',#3808);
#3808 = CARTESIAN_POINT('',(104.00184089179,-28.47009496127,48.85));
#3809 = CIRCLE('',#3810,2.25);
#3810 = AXIS2_PLACEMENT_3D('',#3811,#3812,#3813);
#3811 = CARTESIAN_POINT('',(106.25184089179,-28.47009496127,48.85));
#3812 = DIRECTION('',(0.,0.,-1.));
#3813 = DIRECTION('',(-1.,0.,0.));
#3814 = PLANE('',#3815);
#3815 = AXIS2_PLACEMENT_3D('',#3816,#3817,#3818);
#3816 = CARTESIAN_POINT('',(103.60019046234,-23.87730169355,48.85));
#3817 = DIRECTION('',(0.,0.,-1.));
#3818 = DIRECTION('',(0.965925826289,-0.258819045103,0.));
#3819 = ADVANCED_FACE('',(#3820),#3831,.F.);
#3820 = FACE_BOUND('',#3821,.F.);
#3821 = EDGE_LOOP('',(#3822,#3823,#3829,#3830));
#3822 = ORIENTED_EDGE('',*,*,#3788,.F.);
#3823 = ORIENTED_EDGE('',*,*,#3824,.T.);
#3824 = EDGE_CURVE('',#3789,#3754,#3825,.T.);
#3825 = LINE('',#3826,#3827);
#3826 = CARTESIAN_POINT('',(101.65904762407,-31.12174539072,48.85));
#3827 = VECTOR('',#3828,1.);
#3828 = DIRECTION('',(0.,0.,-1.));
#3829 = ORIENTED_EDGE('',*,*,#3753,.T.);
#3830 = ORIENTED_EDGE('',*,*,#1361,.T.);
#3831 = PLANE('',#3832);
#3832 = AXIS2_PLACEMENT_3D('',#3833,#3834,#3835);
#3833 = CARTESIAN_POINT('',(101.65904762407,-31.12174539072,48.85));
#3834 = DIRECTION('',(-0.258819045103,-0.965925826289,0.));
#3835 = DIRECTION('',(0.,0.,-1.));
#3836 = ADVANCED_FACE('',(#3837),#3863,.T.);
#3837 = FACE_BOUND('',#3838,.T.);
#3838 = EDGE_LOOP('',(#3839,#3847,#3848,#3856));
#3839 = ORIENTED_EDGE('',*,*,#3840,.F.);
#3840 = EDGE_CURVE('',#1385,#3841,#3843,.T.);
#3841 = VERTEX_POINT('',#3842);
#3842 = CARTESIAN_POINT('',(-5.,-3.316624790355,6.));
#3843 = LINE('',#3844,#3845);
#3844 = CARTESIAN_POINT('',(-5.,-131.,6.));
#3845 = VECTOR('',#3846,1.);
#3846 = DIRECTION('',(0.,1.,0.));
#3847 = ORIENTED_EDGE('',*,*,#1401,.T.);
#3848 = ORIENTED_EDGE('',*,*,#3849,.T.);
#3849 = EDGE_CURVE('',#1394,#3850,#3852,.T.);
#3850 = VERTEX_POINT('',#3851);
#3851 = CARTESIAN_POINT('',(5.,-3.316624790355,6.));
#3852 = LINE('',#3853,#3854);
#3853 = CARTESIAN_POINT('',(5.,-131.,6.));
#3854 = VECTOR('',#3855,1.);
#3855 = DIRECTION('',(0.,1.,0.));
#3856 = ORIENTED_EDGE('',*,*,#3857,.F.);
#3857 = EDGE_CURVE('',#3841,#3850,#3858,.T.);
#3858 = CIRCLE('',#3859,6.);
#3859 = AXIS2_PLACEMENT_3D('',#3860,#3861,#3862);
#3860 = CARTESIAN_POINT('',(0.,0.,6.));
#3861 = DIRECTION('',(0.,0.,1.));
#3862 = DIRECTION('',(1.,0.,0.));
#3863 = PLANE('',#3864);
#3864 = AXIS2_PLACEMENT_3D('',#3865,#3866,#3867);
#3865 = CARTESIAN_POINT('',(-5.,-131.,6.));
#3866 = DIRECTION('',(0.,0.,1.));
#3867 = DIRECTION('',(1.,0.,0.));
#3868 = ADVANCED_FACE('',(#3869),#3888,.F.);
#3869 = FACE_BOUND('',#3870,.F.);
#3870 = EDGE_LOOP('',(#3871,#3879,#3880,#3881));
#3871 = ORIENTED_EDGE('',*,*,#3872,.T.);
#3872 = EDGE_CURVE('',#3873,#1411,#3875,.T.);
#3873 = VERTEX_POINT('',#3874);
#3874 = CARTESIAN_POINT('',(2.25,-85.5,5.01));
#3875 = LINE('',#3876,#3877);
#3876 = CARTESIAN_POINT('',(2.25,-85.5,4.99));
#3877 = VECTOR('',#3878,1.);
#3878 = DIRECTION('',(0.,0.,1.));
#3879 = ORIENTED_EDGE('',*,*,#1410,.F.);
#3880 = ORIENTED_EDGE('',*,*,#3872,.F.);
#3881 = ORIENTED_EDGE('',*,*,#3882,.T.);
#3882 = EDGE_CURVE('',#3873,#3873,#3883,.T.);
#3883 = CIRCLE('',#3884,2.25);
#3884 = AXIS2_PLACEMENT_3D('',#3885,#3886,#3887);
#3885 = CARTESIAN_POINT('',(-1.570609519906E-14,-85.5,5.01));
#3886 = DIRECTION('',(0.,0.,1.));
#3887 = DIRECTION('',(1.,0.,0.));
#3888 = CYLINDRICAL_SURFACE('',#3889,2.25);
#3889 = AXIS2_PLACEMENT_3D('',#3890,#3891,#3892);
#3890 = CARTESIAN_POINT('',(-1.570609519906E-14,-85.5,4.99));
#3891 = DIRECTION('',(0.,0.,1.));
#3892 = DIRECTION('',(1.,0.,0.));
#3893 = ADVANCED_FACE('',(#3894,#3897),#3900,.F.);
#3894 = FACE_BOUND('',#3895,.F.);
#3895 = EDGE_LOOP('',(#3896));
#3896 = ORIENTED_EDGE('',*,*,#1469,.T.);
#3897 = FACE_BOUND('',#3898,.F.);
#3898 = EDGE_LOOP('',(#3899));
#3899 = ORIENTED_EDGE('',*,*,#3882,.F.);
#3900 = PLANE('',#3901);
#3901 = AXIS2_PLACEMENT_3D('',#3902,#3903,#3904);
#3902 = CARTESIAN_POINT('',(-1.570609519906E-14,-85.5,5.01));
#3903 = DIRECTION('',(0.,0.,1.));
#3904 = DIRECTION('',(1.,0.,0.));
#3905 = ADVANCED_FACE('',(#3906,#3909),#3920,.F.);
#3906 = FACE_BOUND('',#3907,.F.);
#3907 = EDGE_LOOP('',(#3908));
#3908 = ORIENTED_EDGE('',*,*,#1529,.T.);
#3909 = FACE_BOUND('',#3910,.F.);
#3910 = EDGE_LOOP('',(#3911));
#3911 = ORIENTED_EDGE('',*,*,#3912,.F.);
#3912 = EDGE_CURVE('',#3913,#3913,#3915,.T.);
#3913 = VERTEX_POINT('',#3914);
#3914 = CARTESIAN_POINT('',(-71.79517202357,-42.75,5.01));
#3915 = CIRCLE('',#3916,2.25);
#3916 = AXIS2_PLACEMENT_3D('',#3917,#3918,#3919);
#3917 = CARTESIAN_POINT('',(-74.04517202357,-42.75,5.01));
#3918 = DIRECTION('',(0.,0.,1.));
#3919 = DIRECTION('',(1.,0.,0.));
#3920 = PLANE('',#3921);
#3921 = AXIS2_PLACEMENT_3D('',#3922,#3923,#3924);
#3922 = CARTESIAN_POINT('',(-74.04517202357,-42.75,5.01));
#3923 = DIRECTION('',(0.,0.,1.));
#3924 = DIRECTION('',(1.,0.,0.));
#3925 = ADVANCED_FACE('',(#3926,#3929),#3940,.F.);
#3926 = FACE_BOUND('',#3927,.F.);
#3927 = EDGE_LOOP('',(#3928));
#3928 = ORIENTED_EDGE('',*,*,#1554,.T.);
#3929 = FACE_BOUND('',#3930,.F.);
#3930 = EDGE_LOOP('',(#3931));
#3931 = ORIENTED_EDGE('',*,*,#3932,.F.);
#3932 = EDGE_CURVE('',#3933,#3933,#3935,.T.);
#3933 = VERTEX_POINT('',#3934);
#3934 = CARTESIAN_POINT('',(76.295172023569,-42.75,5.01));
#3935 = CIRCLE('',#3936,2.25);
#3936 = AXIS2_PLACEMENT_3D('',#3937,#3938,#3939);
#3937 = CARTESIAN_POINT('',(74.045172023569,-42.75,5.01));
#3938 = DIRECTION('',(0.,0.,1.));
#3939 = DIRECTION('',(1.,0.,0.));
#3940 = PLANE('',#3941);
#3941 = AXIS2_PLACEMENT_3D('',#3942,#3943,#3944);
#3942 = CARTESIAN_POINT('',(74.045172023569,-42.75,5.01));
#3943 = DIRECTION('',(0.,0.,1.));
#3944 = DIRECTION('',(1.,0.,0.));
#3945 = ADVANCED_FACE('',(#3946,#3949),#3960,.F.);
#3946 = FACE_BOUND('',#3947,.F.);
#3947 = EDGE_LOOP('',(#3948));
#3948 = ORIENTED_EDGE('',*,*,#1641,.T.);
#3949 = FACE_BOUND('',#3950,.F.);
#3950 = EDGE_LOOP('',(#3951));
#3951 = ORIENTED_EDGE('',*,*,#3952,.F.);
#3952 = EDGE_CURVE('',#3953,#3953,#3955,.T.);
#3953 = VERTEX_POINT('',#3954);
#3954 = CARTESIAN_POINT('',(-71.79517202357,42.75,5.01));
#3955 = CIRCLE('',#3956,2.25);
#3956 = AXIS2_PLACEMENT_3D('',#3957,#3958,#3959);
#3957 = CARTESIAN_POINT('',(-74.04517202357,42.75,5.01));
#3958 = DIRECTION('',(0.,0.,1.));
#3959 = DIRECTION('',(1.,0.,0.));
#3960 = PLANE('',#3961);
#3961 = AXIS2_PLACEMENT_3D('',#3962,#3963,#3964);
#3962 = CARTESIAN_POINT('',(-74.04517202357,42.75,5.01));
#3963 = DIRECTION('',(0.,0.,1.));
#3964 = DIRECTION('',(1.,0.,0.));
#3965 = ADVANCED_FACE('',(#3966,#3969),#3980,.F.);
#3966 = FACE_BOUND('',#3967,.F.);
#3967 = EDGE_LOOP('',(#3968));
#3968 = ORIENTED_EDGE('',*,*,#1716,.T.);
#3969 = FACE_BOUND('',#3970,.F.);
#3970 = EDGE_LOOP('',(#3971));
#3971 = ORIENTED_EDGE('',*,*,#3972,.F.);
#3972 = EDGE_CURVE('',#3973,#3973,#3975,.T.);
#3973 = VERTEX_POINT('',#3974);
#3974 = CARTESIAN_POINT('',(76.29517202357,42.75,5.01));
#3975 = CIRCLE('',#3976,2.25);
#3976 = AXIS2_PLACEMENT_3D('',#3977,#3978,#3979);
#3977 = CARTESIAN_POINT('',(74.04517202357,42.75,5.01));
#3978 = DIRECTION('',(0.,0.,1.));
#3979 = DIRECTION('',(1.,0.,0.));
#3980 = PLANE('',#3981);
#3981 = AXIS2_PLACEMENT_3D('',#3982,#3983,#3984);
#3982 = CARTESIAN_POINT('',(74.04517202357,42.75,5.01));
#3983 = DIRECTION('',(0.,0.,1.));
#3984 = DIRECTION('',(1.,0.,0.));
#3985 = ADVANCED_FACE('',(#3986,#3989),#4000,.F.);
#3986 = FACE_BOUND('',#3987,.F.);
#3987 = EDGE_LOOP('',(#3988));
#3988 = ORIENTED_EDGE('',*,*,#1768,.T.);
#3989 = FACE_BOUND('',#3990,.F.);
#3990 = EDGE_LOOP('',(#3991));
#3991 = ORIENTED_EDGE('',*,*,#3992,.F.);
#3992 = EDGE_CURVE('',#3993,#3993,#3995,.T.);
#3993 = VERTEX_POINT('',#3994);
#3994 = CARTESIAN_POINT('',(2.25,85.5,5.01));
#3995 = CIRCLE('',#3996,2.25);
#3996 = AXIS2_PLACEMENT_3D('',#3997,#3998,#3999);
#3997 = CARTESIAN_POINT('',(5.235365066355E-15,85.5,5.01));
#3998 = DIRECTION('',(0.,0.,1.));
#3999 = DIRECTION('',(1.,0.,0.));
#4000 = PLANE('',#4001);
#4001 = AXIS2_PLACEMENT_3D('',#4002,#4003,#4004);
#4002 = CARTESIAN_POINT('',(5.235365066355E-15,85.5,5.01));
#4003 = DIRECTION('',(0.,0.,1.));
#4004 = DIRECTION('',(1.,0.,0.));
#4005 = ADVANCED_FACE('',(#4006),#4067,.T.);
#4006 = FACE_BOUND('',#4007,.T.);
#4007 = EDGE_LOOP('',(#4008,#4016,#4017,#4025,#4034,#4040,#4041,#4042,
    #4051,#4060));
#4008 = ORIENTED_EDGE('',*,*,#4009,.F.);
#4009 = EDGE_CURVE('',#1824,#4010,#4012,.T.);
#4010 = VERTEX_POINT('',#4011);
#4011 = CARTESIAN_POINT('',(25.,-6.123233995737E-15,27.));
#4012 = LINE('',#4013,#4014);
#4013 = CARTESIAN_POINT('',(25.,-6.123233995737E-15,6.));
#4014 = VECTOR('',#4015,1.);
#4015 = DIRECTION('',(0.,0.,1.));
#4016 = ORIENTED_EDGE('',*,*,#1823,.T.);
#4017 = ORIENTED_EDGE('',*,*,#4018,.T.);
#4018 = EDGE_CURVE('',#1385,#4019,#4021,.T.);
#4019 = VERTEX_POINT('',#4020);
#4020 = CARTESIAN_POINT('',(-5.,-24.49489742783,14.));
#4021 = LINE('',#4022,#4023);
#4022 = CARTESIAN_POINT('',(-5.,-24.49489742783,6.));
#4023 = VECTOR('',#4024,1.);
#4024 = DIRECTION('',(0.,0.,1.));
#4025 = ORIENTED_EDGE('',*,*,#4026,.T.);
#4026 = EDGE_CURVE('',#4019,#4027,#4029,.T.);
#4027 = VERTEX_POINT('',#4028);
#4028 = CARTESIAN_POINT('',(5.,-24.49489742783,14.));
#4029 = CIRCLE('',#4030,25.);
#4030 = AXIS2_PLACEMENT_3D('',#4031,#4032,#4033);
#4031 = CARTESIAN_POINT('',(0.,0.,14.));
#4032 = DIRECTION('',(0.,0.,1.));
#4033 = DIRECTION('',(1.,0.,0.));
#4034 = ORIENTED_EDGE('',*,*,#4035,.F.);
#4035 = EDGE_CURVE('',#1394,#4027,#4036,.T.);
#4036 = LINE('',#4037,#4038);
#4037 = CARTESIAN_POINT('',(5.,-24.49489742783,6.));
#4038 = VECTOR('',#4039,1.);
#4039 = DIRECTION('',(0.,0.,1.));
#4040 = ORIENTED_EDGE('',*,*,#1832,.T.);
#4041 = ORIENTED_EDGE('',*,*,#4009,.T.);
#4042 = ORIENTED_EDGE('',*,*,#4043,.F.);
#4043 = EDGE_CURVE('',#4044,#4010,#4046,.T.);
#4044 = VERTEX_POINT('',#4045);
#4045 = CARTESIAN_POINT('',(16.499999999999,-18.78163997099,27.));
#4046 = CIRCLE('',#4047,25.);
#4047 = AXIS2_PLACEMENT_3D('',#4048,#4049,#4050);
#4048 = CARTESIAN_POINT('',(0.,0.,27.));
#4049 = DIRECTION('',(0.,0.,1.));
#4050 = DIRECTION('',(1.,0.,0.));
#4051 = ORIENTED_EDGE('',*,*,#4052,.F.);
#4052 = EDGE_CURVE('',#4053,#4044,#4055,.T.);
#4053 = VERTEX_POINT('',#4054);
#4054 = CARTESIAN_POINT('',(16.499999999999,18.781639970994,27.));
#4055 = CIRCLE('',#4056,25.);
#4056 = AXIS2_PLACEMENT_3D('',#4057,#4058,#4059);
#4057 = CARTESIAN_POINT('',(0.,0.,27.));
#4058 = DIRECTION('',(0.,0.,1.));
#4059 = DIRECTION('',(1.,0.,0.));
#4060 = ORIENTED_EDGE('',*,*,#4061,.F.);
#4061 = EDGE_CURVE('',#4010,#4053,#4062,.T.);
#4062 = CIRCLE('',#4063,25.);
#4063 = AXIS2_PLACEMENT_3D('',#4064,#4065,#4066);
#4064 = CARTESIAN_POINT('',(0.,0.,27.));
#4065 = DIRECTION('',(0.,0.,1.));
#4066 = DIRECTION('',(1.,0.,0.));
#4067 = CYLINDRICAL_SURFACE('',#4068,25.);
#4068 = AXIS2_PLACEMENT_3D('',#4069,#4070,#4071);
#4069 = CARTESIAN_POINT('',(0.,0.,6.));
#4070 = DIRECTION('',(0.,0.,1.));
#4071 = DIRECTION('',(1.,0.,0.));
#4072 = ADVANCED_FACE('',(#4073),#4084,.F.);
#4073 = FACE_BOUND('',#4074,.F.);
#4074 = EDGE_LOOP('',(#4075,#4081,#4082,#4083));
#4075 = ORIENTED_EDGE('',*,*,#4076,.T.);
#4076 = EDGE_CURVE('',#3913,#1843,#4077,.T.);
#4077 = LINE('',#4078,#4079);
#4078 = CARTESIAN_POINT('',(-71.79517202357,-42.75,4.99));
#4079 = VECTOR('',#4080,1.);
#4080 = DIRECTION('',(0.,0.,1.));
#4081 = ORIENTED_EDGE('',*,*,#1842,.F.);
#4082 = ORIENTED_EDGE('',*,*,#4076,.F.);
#4083 = ORIENTED_EDGE('',*,*,#3912,.T.);
#4084 = CYLINDRICAL_SURFACE('',#4085,2.25);
#4085 = AXIS2_PLACEMENT_3D('',#4086,#4087,#4088);
#4086 = CARTESIAN_POINT('',(-74.04517202357,-42.75,4.99));
#4087 = DIRECTION('',(0.,0.,1.));
#4088 = DIRECTION('',(1.,0.,0.));
#4089 = ADVANCED_FACE('',(#4090),#4101,.F.);
#4090 = FACE_BOUND('',#4091,.F.);
#4091 = EDGE_LOOP('',(#4092,#4098,#4099,#4100));
#4092 = ORIENTED_EDGE('',*,*,#4093,.T.);
#4093 = EDGE_CURVE('',#3933,#1857,#4094,.T.);
#4094 = LINE('',#4095,#4096);
#4095 = CARTESIAN_POINT('',(76.295172023569,-42.75,4.99));
#4096 = VECTOR('',#4097,1.);
#4097 = DIRECTION('',(0.,0.,1.));
#4098 = ORIENTED_EDGE('',*,*,#1856,.F.);
#4099 = ORIENTED_EDGE('',*,*,#4093,.F.);
#4100 = ORIENTED_EDGE('',*,*,#3932,.T.);
#4101 = CYLINDRICAL_SURFACE('',#4102,2.25);
#4102 = AXIS2_PLACEMENT_3D('',#4103,#4104,#4105);
#4103 = CARTESIAN_POINT('',(74.045172023569,-42.75,4.99));
#4104 = DIRECTION('',(0.,0.,1.));
#4105 = DIRECTION('',(1.,0.,0.));
#4106 = ADVANCED_FACE('',(#4107),#4118,.F.);
#4107 = FACE_BOUND('',#4108,.F.);
#4108 = EDGE_LOOP('',(#4109,#4115,#4116,#4117));
#4109 = ORIENTED_EDGE('',*,*,#4110,.T.);
#4110 = EDGE_CURVE('',#3953,#1868,#4111,.T.);
#4111 = LINE('',#4112,#4113);
#4112 = CARTESIAN_POINT('',(-71.79517202357,42.75,4.99));
#4113 = VECTOR('',#4114,1.);
#4114 = DIRECTION('',(0.,0.,1.));
#4115 = ORIENTED_EDGE('',*,*,#1867,.F.);
#4116 = ORIENTED_EDGE('',*,*,#4110,.F.);
#4117 = ORIENTED_EDGE('',*,*,#3952,.T.);
#4118 = CYLINDRICAL_SURFACE('',#4119,2.25);
#4119 = AXIS2_PLACEMENT_3D('',#4120,#4121,#4122);
#4120 = CARTESIAN_POINT('',(-74.04517202357,42.75,4.99));
#4121 = DIRECTION('',(0.,0.,1.));
#4122 = DIRECTION('',(1.,0.,0.));
#4123 = ADVANCED_FACE('',(#4124),#4135,.F.);
#4124 = FACE_BOUND('',#4125,.F.);
#4125 = EDGE_LOOP('',(#4126,#4132,#4133,#4134));
#4126 = ORIENTED_EDGE('',*,*,#4127,.T.);
#4127 = EDGE_CURVE('',#3993,#1882,#4128,.T.);
#4128 = LINE('',#4129,#4130);
#4129 = CARTESIAN_POINT('',(2.25,85.5,4.99));
#4130 = VECTOR('',#4131,1.);
#4131 = DIRECTION('',(0.,0.,1.));
#4132 = ORIENTED_EDGE('',*,*,#1881,.F.);
#4133 = ORIENTED_EDGE('',*,*,#4127,.F.);
#4134 = ORIENTED_EDGE('',*,*,#3992,.T.);
#4135 = CYLINDRICAL_SURFACE('',#4136,2.25);
#4136 = AXIS2_PLACEMENT_3D('',#4137,#4138,#4139);
#4137 = CARTESIAN_POINT('',(5.235365066355E-15,85.5,4.99));
#4138 = DIRECTION('',(0.,0.,1.));
#4139 = DIRECTION('',(1.,0.,0.));
#4140 = ADVANCED_FACE('',(#4141),#4152,.F.);
#4141 = FACE_BOUND('',#4142,.F.);
#4142 = EDGE_LOOP('',(#4143,#4149,#4150,#4151));
#4143 = ORIENTED_EDGE('',*,*,#4144,.T.);
#4144 = EDGE_CURVE('',#3973,#1896,#4145,.T.);
#4145 = LINE('',#4146,#4147);
#4146 = CARTESIAN_POINT('',(76.29517202357,42.75,4.99));
#4147 = VECTOR('',#4148,1.);
#4148 = DIRECTION('',(0.,0.,1.));
#4149 = ORIENTED_EDGE('',*,*,#1895,.F.);
#4150 = ORIENTED_EDGE('',*,*,#4144,.F.);
#4151 = ORIENTED_EDGE('',*,*,#3972,.T.);
#4152 = CYLINDRICAL_SURFACE('',#4153,2.25);
#4153 = AXIS2_PLACEMENT_3D('',#4154,#4155,#4156);
#4154 = CARTESIAN_POINT('',(74.04517202357,42.75,4.99));
#4155 = DIRECTION('',(0.,0.,1.));
#4156 = DIRECTION('',(1.,0.,0.));
#4157 = ADVANCED_FACE('',(#4158),#4169,.F.);
#4158 = FACE_BOUND('',#4159,.F.);
#4159 = EDGE_LOOP('',(#4160,#4161,#4167,#4168));
#4160 = ORIENTED_EDGE('',*,*,#2054,.F.);
#4161 = ORIENTED_EDGE('',*,*,#4162,.F.);
#4162 = EDGE_CURVE('',#1913,#2055,#4163,.T.);
#4163 = LINE('',#4164,#4165);
#4164 = CARTESIAN_POINT('',(104.,-2.547265342226E-14,40.));
#4165 = VECTOR('',#4166,1.);
#4166 = DIRECTION('',(0.,0.,1.));
#4167 = ORIENTED_EDGE('',*,*,#1912,.T.);
#4168 = ORIENTED_EDGE('',*,*,#4162,.T.);
#4169 = CYLINDRICAL_SURFACE('',#4170,104.);
#4170 = AXIS2_PLACEMENT_3D('',#4171,#4172,#4173);
#4171 = CARTESIAN_POINT('',(0.,0.,40.));
#4172 = DIRECTION('',(0.,0.,1.));
#4173 = DIRECTION('',(1.,0.,0.));
#4174 = ADVANCED_FACE('',(#4175),#4186,.F.);
#4175 = FACE_BOUND('',#4176,.F.);
#4176 = EDGE_LOOP('',(#4177,#4178,#4184,#4185));
#4177 = ORIENTED_EDGE('',*,*,#1977,.T.);
#4178 = ORIENTED_EDGE('',*,*,#4179,.T.);
#4179 = EDGE_CURVE('',#1978,#3335,#4180,.T.);
#4180 = LINE('',#4181,#4182);
#4181 = CARTESIAN_POINT('',(-80.03174593052,-77.78174593052,56.01));
#4182 = VECTOR('',#4183,1.);
#4183 = DIRECTION('',(0.,0.,-1.));
#4184 = ORIENTED_EDGE('',*,*,#3334,.F.);
#4185 = ORIENTED_EDGE('',*,*,#4179,.F.);
#4186 = CYLINDRICAL_SURFACE('',#4187,2.25);
#4187 = AXIS2_PLACEMENT_3D('',#4188,#4189,#4190);
#4188 = CARTESIAN_POINT('',(-77.78174593052,-77.78174593052,56.01));
#4189 = DIRECTION('',(0.,0.,-1.));
#4190 = DIRECTION('',(-1.,0.,0.));
#4191 = ADVANCED_FACE('',(#4192),#4203,.F.);
#4192 = FACE_BOUND('',#4193,.F.);
#4193 = EDGE_LOOP('',(#4194,#4195,#4201,#4202));
#4194 = ORIENTED_EDGE('',*,*,#1988,.T.);
#4195 = ORIENTED_EDGE('',*,*,#4196,.T.);
#4196 = EDGE_CURVE('',#1989,#3453,#4197,.T.);
#4197 = LINE('',#4198,#4199);
#4198 = CARTESIAN_POINT('',(-30.72009496127,-106.2518408917,56.01));
#4199 = VECTOR('',#4200,1.);
#4200 = DIRECTION('',(0.,0.,-1.));
#4201 = ORIENTED_EDGE('',*,*,#3452,.F.);
#4202 = ORIENTED_EDGE('',*,*,#4196,.F.);
#4203 = CYLINDRICAL_SURFACE('',#4204,2.25);
#4204 = AXIS2_PLACEMENT_3D('',#4205,#4206,#4207);
#4205 = CARTESIAN_POINT('',(-28.47009496127,-106.2518408917,56.01));
#4206 = DIRECTION('',(0.,0.,-1.));
#4207 = DIRECTION('',(-1.,0.,0.));
#4208 = ADVANCED_FACE('',(#4209),#4220,.F.);
#4209 = FACE_BOUND('',#4210,.F.);
#4210 = EDGE_LOOP('',(#4211,#4212,#4218,#4219));
#4211 = ORIENTED_EDGE('',*,*,#1999,.T.);
#4212 = ORIENTED_EDGE('',*,*,#4213,.T.);
#4213 = EDGE_CURVE('',#2000,#3217,#4214,.T.);
#4214 = LINE('',#4215,#4216);
#4215 = CARTESIAN_POINT('',(-108.5018408917,-28.47009496127,56.01));
#4216 = VECTOR('',#4217,1.);
#4217 = DIRECTION('',(0.,0.,-1.));
#4218 = ORIENTED_EDGE('',*,*,#3216,.F.);
#4219 = ORIENTED_EDGE('',*,*,#4213,.F.);
#4220 = CYLINDRICAL_SURFACE('',#4221,2.25);
#4221 = AXIS2_PLACEMENT_3D('',#4222,#4223,#4224);
#4222 = CARTESIAN_POINT('',(-106.2518408917,-28.47009496127,56.01));
#4223 = DIRECTION('',(0.,0.,-1.));
#4224 = DIRECTION('',(-1.,0.,0.));
#4225 = ADVANCED_FACE('',(#4226),#4237,.F.);
#4226 = FACE_BOUND('',#4227,.F.);
#4227 = EDGE_LOOP('',(#4228,#4229,#4235,#4236));
#4228 = ORIENTED_EDGE('',*,*,#2010,.T.);
#4229 = ORIENTED_EDGE('',*,*,#4230,.T.);
#4230 = EDGE_CURVE('',#2011,#3571,#4231,.T.);
#4231 = LINE('',#4232,#4233);
#4232 = CARTESIAN_POINT('',(26.220094961277,-106.2518408917,56.01));
#4233 = VECTOR('',#4234,1.);
#4234 = DIRECTION('',(0.,0.,-1.));
#4235 = ORIENTED_EDGE('',*,*,#3570,.F.);
#4236 = ORIENTED_EDGE('',*,*,#4230,.F.);
#4237 = CYLINDRICAL_SURFACE('',#4238,2.25);
#4238 = AXIS2_PLACEMENT_3D('',#4239,#4240,#4241);
#4239 = CARTESIAN_POINT('',(28.470094961277,-106.2518408917,56.01));
#4240 = DIRECTION('',(0.,0.,-1.));
#4241 = DIRECTION('',(-1.,0.,0.));
#4242 = ADVANCED_FACE('',(#4243),#4254,.F.);
#4243 = FACE_BOUND('',#4244,.F.);
#4244 = EDGE_LOOP('',(#4245,#4246,#4252,#4253));
#4245 = ORIENTED_EDGE('',*,*,#2021,.T.);
#4246 = ORIENTED_EDGE('',*,*,#4247,.T.);
#4247 = EDGE_CURVE('',#2022,#3689,#4248,.T.);
#4248 = LINE('',#4249,#4250);
#4249 = CARTESIAN_POINT('',(75.53174593052,-77.78174593052,56.01));
#4250 = VECTOR('',#4251,1.);
#4251 = DIRECTION('',(0.,0.,-1.));
#4252 = ORIENTED_EDGE('',*,*,#3688,.F.);
#4253 = ORIENTED_EDGE('',*,*,#4247,.F.);
#4254 = CYLINDRICAL_SURFACE('',#4255,2.25);
#4255 = AXIS2_PLACEMENT_3D('',#4256,#4257,#4258);
#4256 = CARTESIAN_POINT('',(77.78174593052,-77.78174593052,56.01));
#4257 = DIRECTION('',(0.,0.,-1.));
#4258 = DIRECTION('',(-1.,0.,0.));
#4259 = ADVANCED_FACE('',(#4260),#4271,.F.);
#4260 = FACE_BOUND('',#4261,.F.);
#4261 = EDGE_LOOP('',(#4262,#4263,#4269,#4270));
#4262 = ORIENTED_EDGE('',*,*,#2032,.T.);
#4263 = ORIENTED_EDGE('',*,*,#4264,.T.);
#4264 = EDGE_CURVE('',#2033,#3807,#4265,.T.);
#4265 = LINE('',#4266,#4267);
#4266 = CARTESIAN_POINT('',(104.00184089179,-28.47009496127,56.01));
#4267 = VECTOR('',#4268,1.);
#4268 = DIRECTION('',(0.,0.,-1.));
#4269 = ORIENTED_EDGE('',*,*,#3806,.F.);
#4270 = ORIENTED_EDGE('',*,*,#4264,.F.);
#4271 = CYLINDRICAL_SURFACE('',#4272,2.25);
#4272 = AXIS2_PLACEMENT_3D('',#4273,#4274,#4275);
#4273 = CARTESIAN_POINT('',(106.25184089179,-28.47009496127,56.01));
#4274 = DIRECTION('',(0.,0.,-1.));
#4275 = DIRECTION('',(-1.,0.,0.));
#4276 = ADVANCED_FACE('',(#4277),#4288,.F.);
#4277 = FACE_BOUND('',#4278,.F.);
#4278 = EDGE_LOOP('',(#4279,#4280,#4286,#4287));
#4279 = ORIENTED_EDGE('',*,*,#2043,.T.);
#4280 = ORIENTED_EDGE('',*,*,#4281,.T.);
#4281 = EDGE_CURVE('',#2044,#3099,#4282,.T.);
#4282 = LINE('',#4283,#4284);
#4283 = CARTESIAN_POINT('',(-108.5018408917,28.470094961277,56.01));
#4284 = VECTOR('',#4285,1.);
#4285 = DIRECTION('',(0.,0.,-1.));
#4286 = ORIENTED_EDGE('',*,*,#3098,.F.);
#4287 = ORIENTED_EDGE('',*,*,#4281,.F.);
#4288 = CYLINDRICAL_SURFACE('',#4289,2.25);
#4289 = AXIS2_PLACEMENT_3D('',#4290,#4291,#4292);
#4290 = CARTESIAN_POINT('',(-106.2518408917,28.470094961277,56.01));
#4291 = DIRECTION('',(0.,0.,-1.));
#4292 = DIRECTION('',(-1.,0.,0.));
#4293 = ADVANCED_FACE('',(#4294),#4305,.F.);
#4294 = FACE_BOUND('',#4295,.F.);
#4295 = EDGE_LOOP('',(#4296,#4297,#4303,#4304));
#4296 = ORIENTED_EDGE('',*,*,#2065,.T.);
#4297 = ORIENTED_EDGE('',*,*,#4298,.T.);
#4298 = EDGE_CURVE('',#2066,#2981,#4299,.T.);
#4299 = LINE('',#4300,#4301);
#4300 = CARTESIAN_POINT('',(-80.03174593052,77.78174593052,56.01));
#4301 = VECTOR('',#4302,1.);
#4302 = DIRECTION('',(0.,0.,-1.));
#4303 = ORIENTED_EDGE('',*,*,#2980,.F.);
#4304 = ORIENTED_EDGE('',*,*,#4298,.F.);
#4305 = CYLINDRICAL_SURFACE('',#4306,2.25);
#4306 = AXIS2_PLACEMENT_3D('',#4307,#4308,#4309);
#4307 = CARTESIAN_POINT('',(-77.78174593052,77.78174593052,56.01));
#4308 = DIRECTION('',(0.,0.,-1.));
#4309 = DIRECTION('',(-1.,0.,0.));
#4310 = ADVANCED_FACE('',(#4311),#4322,.F.);
#4311 = FACE_BOUND('',#4312,.F.);
#4312 = EDGE_LOOP('',(#4313,#4314,#4320,#4321));
#4313 = ORIENTED_EDGE('',*,*,#2076,.T.);
#4314 = ORIENTED_EDGE('',*,*,#4315,.T.);
#4315 = EDGE_CURVE('',#2077,#2863,#4316,.T.);
#4316 = LINE('',#4317,#4318);
#4317 = CARTESIAN_POINT('',(-30.72009496127,106.25184089179,56.01));
#4318 = VECTOR('',#4319,1.);
#4319 = DIRECTION('',(0.,0.,-1.));
#4320 = ORIENTED_EDGE('',*,*,#2862,.F.);
#4321 = ORIENTED_EDGE('',*,*,#4315,.F.);
#4322 = CYLINDRICAL_SURFACE('',#4323,2.25);
#4323 = AXIS2_PLACEMENT_3D('',#4324,#4325,#4326);
#4324 = CARTESIAN_POINT('',(-28.47009496127,106.25184089179,56.01));
#4325 = DIRECTION('',(0.,0.,-1.));
#4326 = DIRECTION('',(-1.,0.,0.));
#4327 = ADVANCED_FACE('',(#4328),#4339,.F.);
#4328 = FACE_BOUND('',#4329,.F.);
#4329 = EDGE_LOOP('',(#4330,#4331,#4337,#4338));
#4330 = ORIENTED_EDGE('',*,*,#2087,.T.);
#4331 = ORIENTED_EDGE('',*,*,#4332,.T.);
#4332 = EDGE_CURVE('',#2088,#2509,#4333,.T.);
#4333 = LINE('',#4334,#4335);
#4334 = CARTESIAN_POINT('',(104.00184089179,28.470094961277,56.01));
#4335 = VECTOR('',#4336,1.);
#4336 = DIRECTION('',(0.,0.,-1.));
#4337 = ORIENTED_EDGE('',*,*,#2508,.F.);
#4338 = ORIENTED_EDGE('',*,*,#4332,.F.);
#4339 = CYLINDRICAL_SURFACE('',#4340,2.25);
#4340 = AXIS2_PLACEMENT_3D('',#4341,#4342,#4343);
#4341 = CARTESIAN_POINT('',(106.25184089179,28.470094961277,56.01));
#4342 = DIRECTION('',(0.,0.,-1.));
#4343 = DIRECTION('',(-1.,0.,0.));
#4344 = ADVANCED_FACE('',(#4345),#4356,.F.);
#4345 = FACE_BOUND('',#4346,.F.);
#4346 = EDGE_LOOP('',(#4347,#4348,#4354,#4355));
#4347 = ORIENTED_EDGE('',*,*,#2098,.T.);
#4348 = ORIENTED_EDGE('',*,*,#4349,.T.);
#4349 = EDGE_CURVE('',#2099,#2745,#4350,.T.);
#4350 = LINE('',#4351,#4352);
#4351 = CARTESIAN_POINT('',(26.220094961277,106.25184089179,56.01));
#4352 = VECTOR('',#4353,1.);
#4353 = DIRECTION('',(0.,0.,-1.));
#4354 = ORIENTED_EDGE('',*,*,#2744,.F.);
#4355 = ORIENTED_EDGE('',*,*,#4349,.F.);
#4356 = CYLINDRICAL_SURFACE('',#4357,2.25);
#4357 = AXIS2_PLACEMENT_3D('',#4358,#4359,#4360);
#4358 = CARTESIAN_POINT('',(28.470094961277,106.25184089179,56.01));
#4359 = DIRECTION('',(0.,0.,-1.));
#4360 = DIRECTION('',(-1.,0.,0.));
#4361 = ADVANCED_FACE('',(#4362),#4373,.F.);
#4362 = FACE_BOUND('',#4363,.F.);
#4363 = EDGE_LOOP('',(#4364,#4365,#4371,#4372));
#4364 = ORIENTED_EDGE('',*,*,#2109,.T.);
#4365 = ORIENTED_EDGE('',*,*,#4366,.T.);
#4366 = EDGE_CURVE('',#2110,#2627,#4367,.T.);
#4367 = LINE('',#4368,#4369);
#4368 = CARTESIAN_POINT('',(75.53174593052,77.78174593052,56.01));
#4369 = VECTOR('',#4370,1.);
#4370 = DIRECTION('',(0.,0.,-1.));
#4371 = ORIENTED_EDGE('',*,*,#2626,.F.);
#4372 = ORIENTED_EDGE('',*,*,#4366,.F.);
#4373 = CYLINDRICAL_SURFACE('',#4374,2.25);
#4374 = AXIS2_PLACEMENT_3D('',#4375,#4376,#4377);
#4375 = CARTESIAN_POINT('',(77.78174593052,77.78174593052,56.01));
#4376 = DIRECTION('',(0.,0.,-1.));
#4377 = DIRECTION('',(-1.,0.,0.));
#4378 = ADVANCED_FACE('',(#4379),#4385,.T.);
#4379 = FACE_BOUND('',#4380,.T.);
#4380 = EDGE_LOOP('',(#4381,#4382,#4383,#4384));
#4381 = ORIENTED_EDGE('',*,*,#2168,.F.);
#4382 = ORIENTED_EDGE('',*,*,#2144,.T.);
#4383 = ORIENTED_EDGE('',*,*,#2192,.T.);
#4384 = ORIENTED_EDGE('',*,*,#2216,.F.);
#4385 = PLANE('',#4386);
#4386 = AXIS2_PLACEMENT_3D('',#4387,#4388,#4389);
#4387 = CARTESIAN_POINT('',(102.06183252196,46.223720558371,19.));
#4388 = DIRECTION('',(0.866025403784,0.5,0.));
#4389 = DIRECTION('',(0.,0.,1.));
#4390 = ADVANCED_FACE('',(#4391),#4397,.T.);
#4391 = FACE_BOUND('',#4392,.T.);
#4392 = EDGE_LOOP('',(#4393,#4394,#4395,#4396));
#4393 = ORIENTED_EDGE('',*,*,#2264,.F.);
#4394 = ORIENTED_EDGE('',*,*,#2240,.T.);
#4395 = ORIENTED_EDGE('',*,*,#2288,.T.);
#4396 = ORIENTED_EDGE('',*,*,#2312,.F.);
#4397 = PLANE('',#4398);
#4398 = AXIS2_PLACEMENT_3D('',#4399,#4400,#4401);
#4399 = CARTESIAN_POINT('',(-91.06183252196,65.276279441629,19.));
#4400 = DIRECTION('',(-0.866025403784,0.5,0.));
#4401 = DIRECTION('',(0.,0.,1.));
#4402 = ADVANCED_FACE('',(#4403),#4409,.T.);
#4403 = FACE_BOUND('',#4404,.T.);
#4404 = EDGE_LOOP('',(#4405,#4406,#4407,#4408));
#4405 = ORIENTED_EDGE('',*,*,#2360,.F.);
#4406 = ORIENTED_EDGE('',*,*,#2336,.T.);
#4407 = ORIENTED_EDGE('',*,*,#2384,.T.);
#4408 = ORIENTED_EDGE('',*,*,#2408,.F.);
#4409 = PLANE('',#4410);
#4410 = AXIS2_PLACEMENT_3D('',#4411,#4412,#4413);
#4411 = CARTESIAN_POINT('',(-11.,-111.5,19.));
#4412 = DIRECTION('',(-2.22044604925E-16,-1.,0.));
#4413 = DIRECTION('',(0.,0.,1.));
#4414 = ADVANCED_FACE('',(#4415),#4421,.T.);
#4415 = FACE_BOUND('',#4416,.T.);
#4416 = EDGE_LOOP('',(#4417,#4418,#4419,#4420));
#4417 = ORIENTED_EDGE('',*,*,#2432,.F.);
#4418 = ORIENTED_EDGE('',*,*,#2498,.T.);
#4419 = ORIENTED_EDGE('',*,*,#2526,.T.);
#4420 = ORIENTED_EDGE('',*,*,#2463,.F.);
#4421 = PLANE('',#4422);
#4422 = AXIS2_PLACEMENT_3D('',#4423,#4424,#4425);
#4423 = CARTESIAN_POINT('',(101.65904762407,31.121745390727,48.85));
#4424 = DIRECTION('',(0.965925826289,0.258819045103,0.));
#4425 = DIRECTION('',(0.,0.,-1.));
#4426 = ADVANCED_FACE('',(#4427),#4446,.F.);
#4427 = FACE_BOUND('',#4428,.F.);
#4428 = EDGE_LOOP('',(#4429,#4437,#4438,#4439));
#4429 = ORIENTED_EDGE('',*,*,#4430,.F.);
#4430 = EDGE_CURVE('',#2474,#4431,#4433,.T.);
#4431 = VERTEX_POINT('',#4432);
#4432 = CARTESIAN_POINT('',(104.00184089179,28.470094961277,43.99));
#4433 = LINE('',#4434,#4435);
#4434 = CARTESIAN_POINT('',(104.00184089179,28.470094961277,56.01));
#4435 = VECTOR('',#4436,1.);
#4436 = DIRECTION('',(0.,0.,-1.));
#4437 = ORIENTED_EDGE('',*,*,#2473,.T.);
#4438 = ORIENTED_EDGE('',*,*,#4430,.T.);
#4439 = ORIENTED_EDGE('',*,*,#4440,.F.);
#4440 = EDGE_CURVE('',#4431,#4431,#4441,.T.);
#4441 = CIRCLE('',#4442,2.25);
#4442 = AXIS2_PLACEMENT_3D('',#4443,#4444,#4445);
#4443 = CARTESIAN_POINT('',(106.25184089179,28.470094961277,43.99));
#4444 = DIRECTION('',(0.,0.,-1.));
#4445 = DIRECTION('',(-1.,0.,0.));
#4446 = CYLINDRICAL_SURFACE('',#4447,2.25);
#4447 = AXIS2_PLACEMENT_3D('',#4448,#4449,#4450);
#4448 = CARTESIAN_POINT('',(106.25184089179,28.470094961277,56.01));
#4449 = DIRECTION('',(0.,0.,-1.));
#4450 = DIRECTION('',(-1.,0.,0.));
#4451 = ADVANCED_FACE('',(#4452),#4458,.T.);
#4452 = FACE_BOUND('',#4453,.T.);
#4453 = EDGE_LOOP('',(#4454,#4455,#4456,#4457));
#4454 = ORIENTED_EDGE('',*,*,#2550,.F.);
#4455 = ORIENTED_EDGE('',*,*,#2616,.T.);
#4456 = ORIENTED_EDGE('',*,*,#2644,.T.);
#4457 = ORIENTED_EDGE('',*,*,#2581,.F.);
#4458 = PLANE('',#4459);
#4459 = AXIS2_PLACEMENT_3D('',#4460,#4461,#4462);
#4460 = CARTESIAN_POINT('',(72.478445071621,77.78174593052,48.85));
#4461 = DIRECTION('',(0.707106781187,0.707106781187,0.));
#4462 = DIRECTION('',(0.,0.,-1.));
#4463 = ADVANCED_FACE('',(#4464),#4483,.F.);
#4464 = FACE_BOUND('',#4465,.F.);
#4465 = EDGE_LOOP('',(#4466,#4474,#4475,#4476));
#4466 = ORIENTED_EDGE('',*,*,#4467,.F.);
#4467 = EDGE_CURVE('',#2592,#4468,#4470,.T.);
#4468 = VERTEX_POINT('',#4469);
#4469 = CARTESIAN_POINT('',(75.53174593052,77.78174593052,43.99));
#4470 = LINE('',#4471,#4472);
#4471 = CARTESIAN_POINT('',(75.53174593052,77.78174593052,56.01));
#4472 = VECTOR('',#4473,1.);
#4473 = DIRECTION('',(0.,0.,-1.));
#4474 = ORIENTED_EDGE('',*,*,#2591,.T.);
#4475 = ORIENTED_EDGE('',*,*,#4467,.T.);
#4476 = ORIENTED_EDGE('',*,*,#4477,.F.);
#4477 = EDGE_CURVE('',#4468,#4468,#4478,.T.);
#4478 = CIRCLE('',#4479,2.25);
#4479 = AXIS2_PLACEMENT_3D('',#4480,#4481,#4482);
#4480 = CARTESIAN_POINT('',(77.78174593052,77.78174593052,43.99));
#4481 = DIRECTION('',(0.,0.,-1.));
#4482 = DIRECTION('',(-1.,0.,0.));
#4483 = CYLINDRICAL_SURFACE('',#4484,2.25);
#4484 = AXIS2_PLACEMENT_3D('',#4485,#4486,#4487);
#4485 = CARTESIAN_POINT('',(77.78174593052,77.78174593052,56.01));
#4486 = DIRECTION('',(0.,0.,-1.));
#4487 = DIRECTION('',(-1.,0.,0.));
#4488 = ADVANCED_FACE('',(#4489),#4495,.T.);
#4489 = FACE_BOUND('',#4490,.T.);
#4490 = EDGE_LOOP('',(#4491,#4492,#4493,#4494));
#4491 = ORIENTED_EDGE('',*,*,#2668,.F.);
#4492 = ORIENTED_EDGE('',*,*,#2734,.T.);
#4493 = ORIENTED_EDGE('',*,*,#2762,.T.);
#4494 = ORIENTED_EDGE('',*,*,#2699,.F.);
#4495 = PLANE('',#4496);
#4496 = AXIS2_PLACEMENT_3D('',#4497,#4498,#4499);
#4497 = CARTESIAN_POINT('',(23.877301693559,103.60019046234,48.85));
#4498 = DIRECTION('',(0.258819045103,0.965925826289,0.));
#4499 = DIRECTION('',(0.,0.,-1.));
#4500 = ADVANCED_FACE('',(#4501),#4520,.F.);
#4501 = FACE_BOUND('',#4502,.F.);
#4502 = EDGE_LOOP('',(#4503,#4511,#4512,#4513));
#4503 = ORIENTED_EDGE('',*,*,#4504,.F.);
#4504 = EDGE_CURVE('',#2710,#4505,#4507,.T.);
#4505 = VERTEX_POINT('',#4506);
#4506 = CARTESIAN_POINT('',(26.220094961277,106.25184089179,43.99));
#4507 = LINE('',#4508,#4509);
#4508 = CARTESIAN_POINT('',(26.220094961277,106.25184089179,56.01));
#4509 = VECTOR('',#4510,1.);
#4510 = DIRECTION('',(0.,0.,-1.));
#4511 = ORIENTED_EDGE('',*,*,#2709,.T.);
#4512 = ORIENTED_EDGE('',*,*,#4504,.T.);
#4513 = ORIENTED_EDGE('',*,*,#4514,.F.);
#4514 = EDGE_CURVE('',#4505,#4505,#4515,.T.);
#4515 = CIRCLE('',#4516,2.25);
#4516 = AXIS2_PLACEMENT_3D('',#4517,#4518,#4519);
#4517 = CARTESIAN_POINT('',(28.470094961277,106.25184089179,43.99));
#4518 = DIRECTION('',(0.,0.,-1.));
#4519 = DIRECTION('',(-1.,0.,0.));
#4520 = CYLINDRICAL_SURFACE('',#4521,2.25);
#4521 = AXIS2_PLACEMENT_3D('',#4522,#4523,#4524);
#4522 = CARTESIAN_POINT('',(28.470094961277,106.25184089179,56.01));
#4523 = DIRECTION('',(0.,0.,-1.));
#4524 = DIRECTION('',(-1.,0.,0.));
#4525 = ADVANCED_FACE('',(#4526),#4532,.T.);
#4526 = FACE_BOUND('',#4527,.T.);
#4527 = EDGE_LOOP('',(#4528,#4529,#4530,#4531));
#4528 = ORIENTED_EDGE('',*,*,#2786,.F.);
#4529 = ORIENTED_EDGE('',*,*,#2852,.T.);
#4530 = ORIENTED_EDGE('',*,*,#2880,.T.);
#4531 = ORIENTED_EDGE('',*,*,#2817,.F.);
#4532 = PLANE('',#4533);
#4533 = AXIS2_PLACEMENT_3D('',#4534,#4535,#4536);
#4534 = CARTESIAN_POINT('',(-31.12174539072,101.65904762407,48.85));
#4535 = DIRECTION('',(-0.258819045103,0.965925826289,0.));
#4536 = DIRECTION('',(0.,0.,-1.));
#4537 = ADVANCED_FACE('',(#4538),#4557,.F.);
#4538 = FACE_BOUND('',#4539,.F.);
#4539 = EDGE_LOOP('',(#4540,#4548,#4549,#4550));
#4540 = ORIENTED_EDGE('',*,*,#4541,.F.);
#4541 = EDGE_CURVE('',#2828,#4542,#4544,.T.);
#4542 = VERTEX_POINT('',#4543);
#4543 = CARTESIAN_POINT('',(-30.72009496127,106.25184089179,43.99));
#4544 = LINE('',#4545,#4546);
#4545 = CARTESIAN_POINT('',(-30.72009496127,106.25184089179,56.01));
#4546 = VECTOR('',#4547,1.);
#4547 = DIRECTION('',(0.,0.,-1.));
#4548 = ORIENTED_EDGE('',*,*,#2827,.T.);
#4549 = ORIENTED_EDGE('',*,*,#4541,.T.);
#4550 = ORIENTED_EDGE('',*,*,#4551,.F.);
#4551 = EDGE_CURVE('',#4542,#4542,#4552,.T.);
#4552 = CIRCLE('',#4553,2.25);
#4553 = AXIS2_PLACEMENT_3D('',#4554,#4555,#4556);
#4554 = CARTESIAN_POINT('',(-28.47009496127,106.25184089179,43.99));
#4555 = DIRECTION('',(0.,0.,-1.));
#4556 = DIRECTION('',(-1.,0.,0.));
#4557 = CYLINDRICAL_SURFACE('',#4558,2.25);
#4558 = AXIS2_PLACEMENT_3D('',#4559,#4560,#4561);
#4559 = CARTESIAN_POINT('',(-28.47009496127,106.25184089179,56.01));
#4560 = DIRECTION('',(0.,0.,-1.));
#4561 = DIRECTION('',(-1.,0.,0.));
#4562 = ADVANCED_FACE('',(#4563),#4569,.T.);
#4563 = FACE_BOUND('',#4564,.T.);
#4564 = EDGE_LOOP('',(#4565,#4566,#4567,#4568));
#4565 = ORIENTED_EDGE('',*,*,#2904,.F.);
#4566 = ORIENTED_EDGE('',*,*,#2970,.T.);
#4567 = ORIENTED_EDGE('',*,*,#2998,.T.);
#4568 = ORIENTED_EDGE('',*,*,#2935,.F.);
#4569 = PLANE('',#4570);
#4570 = AXIS2_PLACEMENT_3D('',#4571,#4572,#4573);
#4571 = CARTESIAN_POINT('',(-77.78174593052,72.478445071621,48.85));
#4572 = DIRECTION('',(-0.707106781187,0.707106781187,0.));
#4573 = DIRECTION('',(0.,0.,-1.));
#4574 = ADVANCED_FACE('',(#4575),#4594,.F.);
#4575 = FACE_BOUND('',#4576,.F.);
#4576 = EDGE_LOOP('',(#4577,#4585,#4586,#4587));
#4577 = ORIENTED_EDGE('',*,*,#4578,.F.);
#4578 = EDGE_CURVE('',#2946,#4579,#4581,.T.);
#4579 = VERTEX_POINT('',#4580);
#4580 = CARTESIAN_POINT('',(-80.03174593052,77.78174593052,43.99));
#4581 = LINE('',#4582,#4583);
#4582 = CARTESIAN_POINT('',(-80.03174593052,77.78174593052,56.01));
#4583 = VECTOR('',#4584,1.);
#4584 = DIRECTION('',(0.,0.,-1.));
#4585 = ORIENTED_EDGE('',*,*,#2945,.T.);
#4586 = ORIENTED_EDGE('',*,*,#4578,.T.);
#4587 = ORIENTED_EDGE('',*,*,#4588,.F.);
#4588 = EDGE_CURVE('',#4579,#4579,#4589,.T.);
#4589 = CIRCLE('',#4590,2.25);
#4590 = AXIS2_PLACEMENT_3D('',#4591,#4592,#4593);
#4591 = CARTESIAN_POINT('',(-77.78174593052,77.78174593052,43.99));
#4592 = DIRECTION('',(0.,0.,-1.));
#4593 = DIRECTION('',(-1.,0.,0.));
#4594 = CYLINDRICAL_SURFACE('',#4595,2.25);
#4595 = AXIS2_PLACEMENT_3D('',#4596,#4597,#4598);
#4596 = CARTESIAN_POINT('',(-77.78174593052,77.78174593052,56.01));
#4597 = DIRECTION('',(0.,0.,-1.));
#4598 = DIRECTION('',(-1.,0.,0.));
#4599 = ADVANCED_FACE('',(#4600),#4606,.T.);
#4600 = FACE_BOUND('',#4601,.T.);
#4601 = EDGE_LOOP('',(#4602,#4603,#4604,#4605));
#4602 = ORIENTED_EDGE('',*,*,#3022,.F.);
#4603 = ORIENTED_EDGE('',*,*,#3088,.T.);
#4604 = ORIENTED_EDGE('',*,*,#3116,.T.);
#4605 = ORIENTED_EDGE('',*,*,#3053,.F.);
#4606 = PLANE('',#4607);
#4607 = AXIS2_PLACEMENT_3D('',#4608,#4609,#4610);
#4608 = CARTESIAN_POINT('',(-103.6001904623,23.877301693559,48.85));
#4609 = DIRECTION('',(-0.965925826289,0.258819045103,0.));
#4610 = DIRECTION('',(0.,0.,-1.));
#4611 = ADVANCED_FACE('',(#4612),#4631,.F.);
#4612 = FACE_BOUND('',#4613,.F.);
#4613 = EDGE_LOOP('',(#4614,#4622,#4623,#4624));
#4614 = ORIENTED_EDGE('',*,*,#4615,.F.);
#4615 = EDGE_CURVE('',#3064,#4616,#4618,.T.);
#4616 = VERTEX_POINT('',#4617);
#4617 = CARTESIAN_POINT('',(-108.5018408917,28.470094961277,43.99));
#4618 = LINE('',#4619,#4620);
#4619 = CARTESIAN_POINT('',(-108.5018408917,28.470094961277,56.01));
#4620 = VECTOR('',#4621,1.);
#4621 = DIRECTION('',(0.,0.,-1.));
#4622 = ORIENTED_EDGE('',*,*,#3063,.T.);
#4623 = ORIENTED_EDGE('',*,*,#4615,.T.);
#4624 = ORIENTED_EDGE('',*,*,#4625,.F.);
#4625 = EDGE_CURVE('',#4616,#4616,#4626,.T.);
#4626 = CIRCLE('',#4627,2.25);
#4627 = AXIS2_PLACEMENT_3D('',#4628,#4629,#4630);
#4628 = CARTESIAN_POINT('',(-106.2518408917,28.470094961277,43.99));
#4629 = DIRECTION('',(0.,0.,-1.));
#4630 = DIRECTION('',(-1.,0.,0.));
#4631 = CYLINDRICAL_SURFACE('',#4632,2.25);
#4632 = AXIS2_PLACEMENT_3D('',#4633,#4634,#4635);
#4633 = CARTESIAN_POINT('',(-106.2518408917,28.470094961277,56.01));
#4634 = DIRECTION('',(0.,0.,-1.));
#4635 = DIRECTION('',(-1.,0.,0.));
#4636 = ADVANCED_FACE('',(#4637),#4643,.T.);
#4637 = FACE_BOUND('',#4638,.T.);
#4638 = EDGE_LOOP('',(#4639,#4640,#4641,#4642));
#4639 = ORIENTED_EDGE('',*,*,#3140,.F.);
#4640 = ORIENTED_EDGE('',*,*,#3206,.T.);
#4641 = ORIENTED_EDGE('',*,*,#3234,.T.);
#4642 = ORIENTED_EDGE('',*,*,#3171,.F.);
#4643 = PLANE('',#4644);
#4644 = AXIS2_PLACEMENT_3D('',#4645,#4646,#4647);
#4645 = CARTESIAN_POINT('',(-101.659047624,-31.12174539072,48.85));
#4646 = DIRECTION('',(-0.965925826289,-0.258819045103,0.));
#4647 = DIRECTION('',(0.,0.,-1.));
#4648 = ADVANCED_FACE('',(#4649),#4668,.F.);
#4649 = FACE_BOUND('',#4650,.F.);
#4650 = EDGE_LOOP('',(#4651,#4659,#4660,#4661));
#4651 = ORIENTED_EDGE('',*,*,#4652,.F.);
#4652 = EDGE_CURVE('',#3182,#4653,#4655,.T.);
#4653 = VERTEX_POINT('',#4654);
#4654 = CARTESIAN_POINT('',(-108.5018408917,-28.47009496127,43.99));
#4655 = LINE('',#4656,#4657);
#4656 = CARTESIAN_POINT('',(-108.5018408917,-28.47009496127,56.01));
#4657 = VECTOR('',#4658,1.);
#4658 = DIRECTION('',(0.,0.,-1.));
#4659 = ORIENTED_EDGE('',*,*,#3181,.T.);
#4660 = ORIENTED_EDGE('',*,*,#4652,.T.);
#4661 = ORIENTED_EDGE('',*,*,#4662,.F.);
#4662 = EDGE_CURVE('',#4653,#4653,#4663,.T.);
#4663 = CIRCLE('',#4664,2.25);
#4664 = AXIS2_PLACEMENT_3D('',#4665,#4666,#4667);
#4665 = CARTESIAN_POINT('',(-106.2518408917,-28.47009496127,43.99));
#4666 = DIRECTION('',(0.,0.,-1.));
#4667 = DIRECTION('',(-1.,0.,0.));
#4668 = CYLINDRICAL_SURFACE('',#4669,2.25);
#4669 = AXIS2_PLACEMENT_3D('',#4670,#4671,#4672);
#4670 = CARTESIAN_POINT('',(-106.2518408917,-28.47009496127,56.01));
#4671 = DIRECTION('',(0.,0.,-1.));
#4672 = DIRECTION('',(-1.,0.,0.));
#4673 = ADVANCED_FACE('',(#4674),#4680,.T.);
#4674 = FACE_BOUND('',#4675,.T.);
#4675 = EDGE_LOOP('',(#4676,#4677,#4678,#4679));
#4676 = ORIENTED_EDGE('',*,*,#3258,.F.);
#4677 = ORIENTED_EDGE('',*,*,#3324,.T.);
#4678 = ORIENTED_EDGE('',*,*,#3352,.T.);
#4679 = ORIENTED_EDGE('',*,*,#3289,.F.);
#4680 = PLANE('',#4681);
#4681 = AXIS2_PLACEMENT_3D('',#4682,#4683,#4684);
#4682 = CARTESIAN_POINT('',(-72.47844507162,-77.78174593052,48.85));
#4683 = DIRECTION('',(-0.707106781187,-0.707106781187,0.));
#4684 = DIRECTION('',(0.,0.,-1.));
#4685 = ADVANCED_FACE('',(#4686),#4705,.F.);
#4686 = FACE_BOUND('',#4687,.F.);
#4687 = EDGE_LOOP('',(#4688,#4696,#4697,#4698));
#4688 = ORIENTED_EDGE('',*,*,#4689,.F.);
#4689 = EDGE_CURVE('',#3300,#4690,#4692,.T.);
#4690 = VERTEX_POINT('',#4691);
#4691 = CARTESIAN_POINT('',(-80.03174593052,-77.78174593052,43.99));
#4692 = LINE('',#4693,#4694);
#4693 = CARTESIAN_POINT('',(-80.03174593052,-77.78174593052,56.01));
#4694 = VECTOR('',#4695,1.);
#4695 = DIRECTION('',(0.,0.,-1.));
#4696 = ORIENTED_EDGE('',*,*,#3299,.T.);
#4697 = ORIENTED_EDGE('',*,*,#4689,.T.);
#4698 = ORIENTED_EDGE('',*,*,#4699,.F.);
#4699 = EDGE_CURVE('',#4690,#4690,#4700,.T.);
#4700 = CIRCLE('',#4701,2.25);
#4701 = AXIS2_PLACEMENT_3D('',#4702,#4703,#4704);
#4702 = CARTESIAN_POINT('',(-77.78174593052,-77.78174593052,43.99));
#4703 = DIRECTION('',(0.,0.,-1.));
#4704 = DIRECTION('',(-1.,0.,0.));
#4705 = CYLINDRICAL_SURFACE('',#4706,2.25);
#4706 = AXIS2_PLACEMENT_3D('',#4707,#4708,#4709);
#4707 = CARTESIAN_POINT('',(-77.78174593052,-77.78174593052,56.01));
#4708 = DIRECTION('',(0.,0.,-1.));
#4709 = DIRECTION('',(-1.,0.,0.));
#4710 = ADVANCED_FACE('',(#4711),#4717,.T.);
#4711 = FACE_BOUND('',#4712,.T.);
#4712 = EDGE_LOOP('',(#4713,#4714,#4715,#4716));
#4713 = ORIENTED_EDGE('',*,*,#3376,.F.);
#4714 = ORIENTED_EDGE('',*,*,#3442,.T.);
#4715 = ORIENTED_EDGE('',*,*,#3470,.T.);
#4716 = ORIENTED_EDGE('',*,*,#3407,.F.);
#4717 = PLANE('',#4718);
#4718 = AXIS2_PLACEMENT_3D('',#4719,#4720,#4721);
#4719 = CARTESIAN_POINT('',(-23.87730169355,-103.6001904623,48.85));
#4720 = DIRECTION('',(-0.258819045103,-0.965925826289,0.));
#4721 = DIRECTION('',(0.,0.,-1.));
#4722 = ADVANCED_FACE('',(#4723),#4742,.F.);
#4723 = FACE_BOUND('',#4724,.F.);
#4724 = EDGE_LOOP('',(#4725,#4733,#4734,#4735));
#4725 = ORIENTED_EDGE('',*,*,#4726,.F.);
#4726 = EDGE_CURVE('',#3418,#4727,#4729,.T.);
#4727 = VERTEX_POINT('',#4728);
#4728 = CARTESIAN_POINT('',(-30.72009496127,-106.2518408917,43.99));
#4729 = LINE('',#4730,#4731);
#4730 = CARTESIAN_POINT('',(-30.72009496127,-106.2518408917,56.01));
#4731 = VECTOR('',#4732,1.);
#4732 = DIRECTION('',(0.,0.,-1.));
#4733 = ORIENTED_EDGE('',*,*,#3417,.T.);
#4734 = ORIENTED_EDGE('',*,*,#4726,.T.);
#4735 = ORIENTED_EDGE('',*,*,#4736,.F.);
#4736 = EDGE_CURVE('',#4727,#4727,#4737,.T.);
#4737 = CIRCLE('',#4738,2.25);
#4738 = AXIS2_PLACEMENT_3D('',#4739,#4740,#4741);
#4739 = CARTESIAN_POINT('',(-28.47009496127,-106.2518408917,43.99));
#4740 = DIRECTION('',(0.,0.,-1.));
#4741 = DIRECTION('',(-1.,0.,0.));
#4742 = CYLINDRICAL_SURFACE('',#4743,2.25);
#4743 = AXIS2_PLACEMENT_3D('',#4744,#4745,#4746);
#4744 = CARTESIAN_POINT('',(-28.47009496127,-106.2518408917,56.01));
#4745 = DIRECTION('',(0.,0.,-1.));
#4746 = DIRECTION('',(-1.,0.,0.));
#4747 = ADVANCED_FACE('',(#4748),#4754,.T.);
#4748 = FACE_BOUND('',#4749,.T.);
#4749 = EDGE_LOOP('',(#4750,#4751,#4752,#4753));
#4750 = ORIENTED_EDGE('',*,*,#3494,.F.);
#4751 = ORIENTED_EDGE('',*,*,#3560,.T.);
#4752 = ORIENTED_EDGE('',*,*,#3588,.T.);
#4753 = ORIENTED_EDGE('',*,*,#3525,.F.);
#4754 = PLANE('',#4755);
#4755 = AXIS2_PLACEMENT_3D('',#4756,#4757,#4758);
#4756 = CARTESIAN_POINT('',(31.121745390727,-101.659047624,48.85));
#4757 = DIRECTION('',(0.258819045103,-0.965925826289,0.));
#4758 = DIRECTION('',(0.,0.,-1.));
#4759 = ADVANCED_FACE('',(#4760),#4779,.F.);
#4760 = FACE_BOUND('',#4761,.F.);
#4761 = EDGE_LOOP('',(#4762,#4770,#4771,#4772));
#4762 = ORIENTED_EDGE('',*,*,#4763,.F.);
#4763 = EDGE_CURVE('',#3536,#4764,#4766,.T.);
#4764 = VERTEX_POINT('',#4765);
#4765 = CARTESIAN_POINT('',(26.220094961277,-106.2518408917,43.99));
#4766 = LINE('',#4767,#4768);
#4767 = CARTESIAN_POINT('',(26.220094961277,-106.2518408917,56.01));
#4768 = VECTOR('',#4769,1.);
#4769 = DIRECTION('',(0.,0.,-1.));
#4770 = ORIENTED_EDGE('',*,*,#3535,.T.);
#4771 = ORIENTED_EDGE('',*,*,#4763,.T.);
#4772 = ORIENTED_EDGE('',*,*,#4773,.F.);
#4773 = EDGE_CURVE('',#4764,#4764,#4774,.T.);
#4774 = CIRCLE('',#4775,2.25);
#4775 = AXIS2_PLACEMENT_3D('',#4776,#4777,#4778);
#4776 = CARTESIAN_POINT('',(28.470094961277,-106.2518408917,43.99));
#4777 = DIRECTION('',(0.,0.,-1.));
#4778 = DIRECTION('',(-1.,0.,0.));
#4779 = CYLINDRICAL_SURFACE('',#4780,2.25);
#4780 = AXIS2_PLACEMENT_3D('',#4781,#4782,#4783);
#4781 = CARTESIAN_POINT('',(28.470094961277,-106.2518408917,56.01));
#4782 = DIRECTION('',(0.,0.,-1.));
#4783 = DIRECTION('',(-1.,0.,0.));
#4784 = ADVANCED_FACE('',(#4785),#4791,.T.);
#4785 = FACE_BOUND('',#4786,.T.);
#4786 = EDGE_LOOP('',(#4787,#4788,#4789,#4790));
#4787 = ORIENTED_EDGE('',*,*,#3612,.F.);
#4788 = ORIENTED_EDGE('',*,*,#3678,.T.);
#4789 = ORIENTED_EDGE('',*,*,#3706,.T.);
#4790 = ORIENTED_EDGE('',*,*,#3643,.F.);
#4791 = PLANE('',#4792);
#4792 = AXIS2_PLACEMENT_3D('',#4793,#4794,#4795);
#4793 = CARTESIAN_POINT('',(77.78174593052,-72.47844507162,48.85));
#4794 = DIRECTION('',(0.707106781187,-0.707106781187,0.));
#4795 = DIRECTION('',(0.,0.,-1.));
#4796 = ADVANCED_FACE('',(#4797),#4816,.F.);
#4797 = FACE_BOUND('',#4798,.F.);
#4798 = EDGE_LOOP('',(#4799,#4807,#4808,#4809));
#4799 = ORIENTED_EDGE('',*,*,#4800,.F.);
#4800 = EDGE_CURVE('',#3654,#4801,#4803,.T.);
#4801 = VERTEX_POINT('',#4802);
#4802 = CARTESIAN_POINT('',(75.53174593052,-77.78174593052,43.99));
#4803 = LINE('',#4804,#4805);
#4804 = CARTESIAN_POINT('',(75.53174593052,-77.78174593052,56.01));
#4805 = VECTOR('',#4806,1.);
#4806 = DIRECTION('',(0.,0.,-1.));
#4807 = ORIENTED_EDGE('',*,*,#3653,.T.);
#4808 = ORIENTED_EDGE('',*,*,#4800,.T.);
#4809 = ORIENTED_EDGE('',*,*,#4810,.F.);
#4810 = EDGE_CURVE('',#4801,#4801,#4811,.T.);
#4811 = CIRCLE('',#4812,2.25);
#4812 = AXIS2_PLACEMENT_3D('',#4813,#4814,#4815);
#4813 = CARTESIAN_POINT('',(77.78174593052,-77.78174593052,43.99));
#4814 = DIRECTION('',(0.,0.,-1.));
#4815 = DIRECTION('',(-1.,0.,0.));
#4816 = CYLINDRICAL_SURFACE('',#4817,2.25);
#4817 = AXIS2_PLACEMENT_3D('',#4818,#4819,#4820);
#4818 = CARTESIAN_POINT('',(77.78174593052,-77.78174593052,56.01));
#4819 = DIRECTION('',(0.,0.,-1.));
#4820 = DIRECTION('',(-1.,0.,0.));
#4821 = ADVANCED_FACE('',(#4822),#4828,.T.);
#4822 = FACE_BOUND('',#4823,.T.);
#4823 = EDGE_LOOP('',(#4824,#4825,#4826,#4827));
#4824 = ORIENTED_EDGE('',*,*,#3730,.F.);
#4825 = ORIENTED_EDGE('',*,*,#3796,.T.);
#4826 = ORIENTED_EDGE('',*,*,#3824,.T.);
#4827 = ORIENTED_EDGE('',*,*,#3761,.F.);
#4828 = PLANE('',#4829);
#4829 = AXIS2_PLACEMENT_3D('',#4830,#4831,#4832);
#4830 = CARTESIAN_POINT('',(103.60019046234,-23.87730169355,48.85));
#4831 = DIRECTION('',(0.965925826289,-0.258819045103,0.));
#4832 = DIRECTION('',(0.,0.,-1.));
#4833 = ADVANCED_FACE('',(#4834),#4853,.F.);
#4834 = FACE_BOUND('',#4835,.F.);
#4835 = EDGE_LOOP('',(#4836,#4844,#4845,#4846));
#4836 = ORIENTED_EDGE('',*,*,#4837,.F.);
#4837 = EDGE_CURVE('',#3772,#4838,#4840,.T.);
#4838 = VERTEX_POINT('',#4839);
#4839 = CARTESIAN_POINT('',(104.00184089179,-28.47009496127,43.99));
#4840 = LINE('',#4841,#4842);
#4841 = CARTESIAN_POINT('',(104.00184089179,-28.47009496127,56.01));
#4842 = VECTOR('',#4843,1.);
#4843 = DIRECTION('',(0.,0.,-1.));
#4844 = ORIENTED_EDGE('',*,*,#3771,.T.);
#4845 = ORIENTED_EDGE('',*,*,#4837,.T.);
#4846 = ORIENTED_EDGE('',*,*,#4847,.F.);
#4847 = EDGE_CURVE('',#4838,#4838,#4848,.T.);
#4848 = CIRCLE('',#4849,2.25);
#4849 = AXIS2_PLACEMENT_3D('',#4850,#4851,#4852);
#4850 = CARTESIAN_POINT('',(106.25184089179,-28.47009496127,43.99));
#4851 = DIRECTION('',(0.,0.,-1.));
#4852 = DIRECTION('',(-1.,0.,0.));
#4853 = CYLINDRICAL_SURFACE('',#4854,2.25);
#4854 = AXIS2_PLACEMENT_3D('',#4855,#4856,#4857);
#4855 = CARTESIAN_POINT('',(106.25184089179,-28.47009496127,56.01));
#4856 = DIRECTION('',(0.,0.,-1.));
#4857 = DIRECTION('',(-1.,0.,0.));
#4858 = ADVANCED_FACE('',(#4859),#4893,.T.);
#4859 = FACE_BOUND('',#4860,.T.);
#4860 = EDGE_LOOP('',(#4861,#4869,#4870,#4871,#4879,#4887));
#4861 = ORIENTED_EDGE('',*,*,#4862,.F.);
#4862 = EDGE_CURVE('',#4019,#4863,#4865,.T.);
#4863 = VERTEX_POINT('',#4864);
#4864 = CARTESIAN_POINT('',(-5.,-10.13360745243,14.));
#4865 = LINE('',#4866,#4867);
#4866 = CARTESIAN_POINT('',(-5.,-131.,14.));
#4867 = VECTOR('',#4868,1.);
#4868 = DIRECTION('',(0.,1.,0.));
#4869 = ORIENTED_EDGE('',*,*,#4018,.F.);
#4870 = ORIENTED_EDGE('',*,*,#3840,.T.);
#4871 = ORIENTED_EDGE('',*,*,#4872,.T.);
#4872 = EDGE_CURVE('',#3841,#4873,#4875,.T.);
#4873 = VERTEX_POINT('',#4874);
#4874 = CARTESIAN_POINT('',(-5.,-3.316624790355,12.));
#4875 = LINE('',#4876,#4877);
#4876 = CARTESIAN_POINT('',(-5.,-3.316624790355,5.99));
#4877 = VECTOR('',#4878,1.);
#4878 = DIRECTION('',(0.,0.,1.));
#4879 = ORIENTED_EDGE('',*,*,#4880,.F.);
#4880 = EDGE_CURVE('',#4881,#4873,#4883,.T.);
#4881 = VERTEX_POINT('',#4882);
#4882 = CARTESIAN_POINT('',(-5.,-10.13360745243,12.));
#4883 = LINE('',#4884,#4885);
#4884 = CARTESIAN_POINT('',(-5.,-65.5,12.));
#4885 = VECTOR('',#4886,1.);
#4886 = DIRECTION('',(0.,1.,0.));
#4887 = ORIENTED_EDGE('',*,*,#4888,.T.);
#4888 = EDGE_CURVE('',#4881,#4863,#4889,.T.);
#4889 = LINE('',#4890,#4891);
#4890 = CARTESIAN_POINT('',(-5.,-10.13360745243,12.));
#4891 = VECTOR('',#4892,1.);
#4892 = DIRECTION('',(0.,0.,1.));
#4893 = PLANE('',#4894);
#4894 = AXIS2_PLACEMENT_3D('',#4895,#4896,#4897);
#4895 = CARTESIAN_POINT('',(-5.,-131.,6.));
#4896 = DIRECTION('',(1.,0.,0.));
#4897 = DIRECTION('',(0.,0.,1.));
#4898 = ADVANCED_FACE('',(#4899),#4943,.F.);
#4899 = FACE_BOUND('',#4900,.F.);
#4900 = EDGE_LOOP('',(#4901,#4911,#4920,#4926,#4927,#4928,#4935,#4936));
#4901 = ORIENTED_EDGE('',*,*,#4902,.T.);
#4902 = EDGE_CURVE('',#4903,#4905,#4907,.T.);
#4903 = VERTEX_POINT('',#4904);
#4904 = CARTESIAN_POINT('',(6.,-1.469576158977E-15,5.99));
#4905 = VERTEX_POINT('',#4906);
#4906 = CARTESIAN_POINT('',(6.,-1.469576158977E-15,12.));
#4907 = LINE('',#4908,#4909);
#4908 = CARTESIAN_POINT('',(6.,-1.469576158977E-15,5.99));
#4909 = VECTOR('',#4910,1.);
#4910 = DIRECTION('',(0.,0.,1.));
#4911 = ORIENTED_EDGE('',*,*,#4912,.F.);
#4912 = EDGE_CURVE('',#4913,#4905,#4915,.T.);
#4913 = VERTEX_POINT('',#4914);
#4914 = CARTESIAN_POINT('',(5.,-3.316624790355,12.));
#4915 = CIRCLE('',#4916,6.);
#4916 = AXIS2_PLACEMENT_3D('',#4917,#4918,#4919);
#4917 = CARTESIAN_POINT('',(0.,0.,12.));
#4918 = DIRECTION('',(0.,0.,1.));
#4919 = DIRECTION('',(1.,0.,0.));
#4920 = ORIENTED_EDGE('',*,*,#4921,.F.);
#4921 = EDGE_CURVE('',#3850,#4913,#4922,.T.);
#4922 = LINE('',#4923,#4924);
#4923 = CARTESIAN_POINT('',(5.,-3.316624790355,5.99));
#4924 = VECTOR('',#4925,1.);
#4925 = DIRECTION('',(0.,0.,1.));
#4926 = ORIENTED_EDGE('',*,*,#3857,.F.);
#4927 = ORIENTED_EDGE('',*,*,#4872,.T.);
#4928 = ORIENTED_EDGE('',*,*,#4929,.F.);
#4929 = EDGE_CURVE('',#4905,#4873,#4930,.T.);
#4930 = CIRCLE('',#4931,6.);
#4931 = AXIS2_PLACEMENT_3D('',#4932,#4933,#4934);
#4932 = CARTESIAN_POINT('',(0.,0.,12.));
#4933 = DIRECTION('',(0.,0.,1.));
#4934 = DIRECTION('',(1.,0.,0.));
#4935 = ORIENTED_EDGE('',*,*,#4902,.F.);
#4936 = ORIENTED_EDGE('',*,*,#4937,.T.);
#4937 = EDGE_CURVE('',#4903,#4903,#4938,.T.);
#4938 = CIRCLE('',#4939,6.);
#4939 = AXIS2_PLACEMENT_3D('',#4940,#4941,#4942);
#4940 = CARTESIAN_POINT('',(0.,0.,5.99));
#4941 = DIRECTION('',(0.,0.,1.));
#4942 = DIRECTION('',(1.,0.,0.));
#4943 = CYLINDRICAL_SURFACE('',#4944,6.);
#4944 = AXIS2_PLACEMENT_3D('',#4945,#4946,#4947);
#4945 = CARTESIAN_POINT('',(0.,0.,5.99));
#4946 = DIRECTION('',(0.,0.,1.));
#4947 = DIRECTION('',(1.,0.,0.));
#4948 = ADVANCED_FACE('',(#4949),#4976,.F.);
#4949 = FACE_BOUND('',#4950,.F.);
#4950 = EDGE_LOOP('',(#4951,#4959,#4960,#4961,#4962,#4970));
#4951 = ORIENTED_EDGE('',*,*,#4952,.F.);
#4952 = EDGE_CURVE('',#4027,#4953,#4955,.T.);
#4953 = VERTEX_POINT('',#4954);
#4954 = CARTESIAN_POINT('',(5.,-10.13360745243,14.));
#4955 = LINE('',#4956,#4957);
#4956 = CARTESIAN_POINT('',(5.,-131.,14.));
#4957 = VECTOR('',#4958,1.);
#4958 = DIRECTION('',(0.,1.,0.));
#4959 = ORIENTED_EDGE('',*,*,#4035,.F.);
#4960 = ORIENTED_EDGE('',*,*,#3849,.T.);
#4961 = ORIENTED_EDGE('',*,*,#4921,.T.);
#4962 = ORIENTED_EDGE('',*,*,#4963,.F.);
#4963 = EDGE_CURVE('',#4964,#4913,#4966,.T.);
#4964 = VERTEX_POINT('',#4965);
#4965 = CARTESIAN_POINT('',(5.,-10.13360745243,12.));
#4966 = LINE('',#4967,#4968);
#4967 = CARTESIAN_POINT('',(5.,-65.5,12.));
#4968 = VECTOR('',#4969,1.);
#4969 = DIRECTION('',(0.,1.,0.));
#4970 = ORIENTED_EDGE('',*,*,#4971,.T.);
#4971 = EDGE_CURVE('',#4964,#4953,#4972,.T.);
#4972 = LINE('',#4973,#4974);
#4973 = CARTESIAN_POINT('',(5.,-10.13360745243,12.));
#4974 = VECTOR('',#4975,1.);
#4975 = DIRECTION('',(0.,0.,1.));
#4976 = PLANE('',#4977);
#4977 = AXIS2_PLACEMENT_3D('',#4978,#4979,#4980);
#4978 = CARTESIAN_POINT('',(5.,-131.,6.));
#4979 = DIRECTION('',(1.,0.,0.));
#4980 = DIRECTION('',(0.,0.,1.));
#4981 = ADVANCED_FACE('',(#4982,#4987),#5072,.T.);
#4982 = FACE_BOUND('',#4983,.T.);
#4983 = EDGE_LOOP('',(#4984,#4985,#4986));
#4984 = ORIENTED_EDGE('',*,*,#4043,.T.);
#4985 = ORIENTED_EDGE('',*,*,#4061,.T.);
#4986 = ORIENTED_EDGE('',*,*,#4052,.T.);
#4987 = FACE_BOUND('',#4988,.T.);
#4988 = EDGE_LOOP('',(#4989,#5000,#5008,#5017,#5025,#5033,#5041,#5050,
    #5058,#5066));
#4989 = ORIENTED_EDGE('',*,*,#4990,.F.);
#4990 = EDGE_CURVE('',#4991,#4993,#4995,.T.);
#4991 = VERTEX_POINT('',#4992);
#4992 = CARTESIAN_POINT('',(16.5,7.193747284969,27.));
#4993 = VERTEX_POINT('',#4994);
#4994 = CARTESIAN_POINT('',(3.,17.748239349299,27.));
#4995 = CIRCLE('',#4996,18.);
#4996 = AXIS2_PLACEMENT_3D('',#4997,#4998,#4999);
#4997 = CARTESIAN_POINT('',(0.,0.,27.));
#4998 = DIRECTION('',(0.,0.,1.));
#4999 = DIRECTION('',(1.,0.,0.));
#5000 = ORIENTED_EDGE('',*,*,#5001,.F.);
#5001 = EDGE_CURVE('',#5002,#4991,#5004,.T.);
#5002 = VERTEX_POINT('',#5003);
#5003 = CARTESIAN_POINT('',(16.5,-7.193747284969,27.));
#5004 = LINE('',#5005,#5006);
#5005 = CARTESIAN_POINT('',(16.5,-30.,27.));
#5006 = VECTOR('',#5007,1.);
#5007 = DIRECTION('',(0.,1.,0.));
#5008 = ORIENTED_EDGE('',*,*,#5009,.F.);
#5009 = EDGE_CURVE('',#5010,#5002,#5012,.T.);
#5010 = VERTEX_POINT('',#5011);
#5011 = CARTESIAN_POINT('',(3.,-17.74823934929,27.));
#5012 = CIRCLE('',#5013,18.);
#5013 = AXIS2_PLACEMENT_3D('',#5014,#5015,#5016);
#5014 = CARTESIAN_POINT('',(0.,0.,27.));
#5015 = DIRECTION('',(0.,0.,1.));
#5016 = DIRECTION('',(1.,0.,0.));
#5017 = ORIENTED_EDGE('',*,*,#5018,.T.);
#5018 = EDGE_CURVE('',#5010,#5019,#5021,.T.);
#5019 = VERTEX_POINT('',#5020);
#5020 = CARTESIAN_POINT('',(3.,-23.,27.));
#5021 = LINE('',#5022,#5023);
#5022 = CARTESIAN_POINT('',(3.,-5.,27.));
#5023 = VECTOR('',#5024,1.);
#5024 = DIRECTION('',(2.22044604925E-16,-1.,0.));
#5025 = ORIENTED_EDGE('',*,*,#5026,.F.);
#5026 = EDGE_CURVE('',#5027,#5019,#5029,.T.);
#5027 = VERTEX_POINT('',#5028);
#5028 = CARTESIAN_POINT('',(-3.,-23.,27.));
#5029 = LINE('',#5030,#5031);
#5030 = CARTESIAN_POINT('',(1.5,-23.,27.));
#5031 = VECTOR('',#5032,1.);
#5032 = DIRECTION('',(1.,2.22044604925E-16,0.));
#5033 = ORIENTED_EDGE('',*,*,#5034,.F.);
#5034 = EDGE_CURVE('',#5035,#5027,#5037,.T.);
#5035 = VERTEX_POINT('',#5036);
#5036 = CARTESIAN_POINT('',(-3.,-17.74823934929,27.));
#5037 = LINE('',#5038,#5039);
#5038 = CARTESIAN_POINT('',(-3.,-5.,27.));
#5039 = VECTOR('',#5040,1.);
#5040 = DIRECTION('',(2.22044604925E-16,-1.,0.));
#5041 = ORIENTED_EDGE('',*,*,#5042,.F.);
#5042 = EDGE_CURVE('',#5043,#5035,#5045,.T.);
#5043 = VERTEX_POINT('',#5044);
#5044 = CARTESIAN_POINT('',(-3.,17.748239349299,27.));
#5045 = CIRCLE('',#5046,18.);
#5046 = AXIS2_PLACEMENT_3D('',#5047,#5048,#5049);
#5047 = CARTESIAN_POINT('',(0.,0.,27.));
#5048 = DIRECTION('',(0.,0.,1.));
#5049 = DIRECTION('',(1.,0.,0.));
#5050 = ORIENTED_EDGE('',*,*,#5051,.T.);
#5051 = EDGE_CURVE('',#5043,#5052,#5054,.T.);
#5052 = VERTEX_POINT('',#5053);
#5053 = CARTESIAN_POINT('',(-3.,23.,27.));
#5054 = LINE('',#5055,#5056);
#5055 = CARTESIAN_POINT('',(-3.,5.,27.));
#5056 = VECTOR('',#5057,1.);
#5057 = DIRECTION('',(2.22044604925E-16,1.,0.));
#5058 = ORIENTED_EDGE('',*,*,#5059,.F.);
#5059 = EDGE_CURVE('',#5060,#5052,#5062,.T.);
#5060 = VERTEX_POINT('',#5061);
#5061 = CARTESIAN_POINT('',(3.,23.,27.));
#5062 = LINE('',#5063,#5064);
#5063 = CARTESIAN_POINT('',(-1.5,23.,27.));
#5064 = VECTOR('',#5065,1.);
#5065 = DIRECTION('',(-1.,2.22044604925E-16,0.));
#5066 = ORIENTED_EDGE('',*,*,#5067,.F.);
#5067 = EDGE_CURVE('',#4993,#5060,#5068,.T.);
#5068 = LINE('',#5069,#5070);
#5069 = CARTESIAN_POINT('',(3.,5.,27.));
#5070 = VECTOR('',#5071,1.);
#5071 = DIRECTION('',(2.22044604925E-16,1.,0.));
#5072 = PLANE('',#5073);
#5073 = AXIS2_PLACEMENT_3D('',#5074,#5075,#5076);
#5074 = CARTESIAN_POINT('',(0.,0.,27.));
#5075 = DIRECTION('',(0.,0.,1.));
#5076 = DIRECTION('',(1.,0.,0.));
#5077 = ADVANCED_FACE('',(#5078),#5090,.F.);
#5078 = FACE_BOUND('',#5079,.F.);
#5079 = EDGE_LOOP('',(#5080,#5081,#5082,#5083));
#5080 = ORIENTED_EDGE('',*,*,#4862,.F.);
#5081 = ORIENTED_EDGE('',*,*,#4026,.T.);
#5082 = ORIENTED_EDGE('',*,*,#4952,.T.);
#5083 = ORIENTED_EDGE('',*,*,#5084,.F.);
#5084 = EDGE_CURVE('',#4863,#4953,#5085,.T.);
#5085 = CIRCLE('',#5086,11.3);
#5086 = AXIS2_PLACEMENT_3D('',#5087,#5088,#5089);
#5087 = CARTESIAN_POINT('',(0.,0.,14.));
#5088 = DIRECTION('',(0.,0.,1.));
#5089 = DIRECTION('',(1.,0.,0.));
#5090 = PLANE('',#5091);
#5091 = AXIS2_PLACEMENT_3D('',#5092,#5093,#5094);
#5092 = CARTESIAN_POINT('',(-5.,-131.,14.));
#5093 = DIRECTION('',(0.,0.,1.));
#5094 = DIRECTION('',(1.,0.,0.));
#5095 = ADVANCED_FACE('',(#5096),#5115,.F.);
#5096 = FACE_BOUND('',#5097,.F.);
#5097 = EDGE_LOOP('',(#5098,#5106,#5113,#5114));
#5098 = ORIENTED_EDGE('',*,*,#5099,.T.);
#5099 = EDGE_CURVE('',#4431,#5100,#5102,.T.);
#5100 = VERTEX_POINT('',#5101);
#5101 = CARTESIAN_POINT('',(104.00184089179,28.470094961277,37.81));
#5102 = LINE('',#5103,#5104);
#5103 = CARTESIAN_POINT('',(104.00184089179,28.470094961277,47.01));
#5104 = VECTOR('',#5105,1.);
#5105 = DIRECTION('',(0.,0.,-1.));
#5106 = ORIENTED_EDGE('',*,*,#5107,.F.);
#5107 = EDGE_CURVE('',#5100,#5100,#5108,.T.);
#5108 = CIRCLE('',#5109,2.25);
#5109 = AXIS2_PLACEMENT_3D('',#5110,#5111,#5112);
#5110 = CARTESIAN_POINT('',(106.25184089179,28.470094961277,37.81));
#5111 = DIRECTION('',(0.,0.,-1.));
#5112 = DIRECTION('',(-1.,0.,0.));
#5113 = ORIENTED_EDGE('',*,*,#5099,.F.);
#5114 = ORIENTED_EDGE('',*,*,#4440,.T.);
#5115 = CYLINDRICAL_SURFACE('',#5116,2.25);
#5116 = AXIS2_PLACEMENT_3D('',#5117,#5118,#5119);
#5117 = CARTESIAN_POINT('',(106.25184089179,28.470094961277,47.01));
#5118 = DIRECTION('',(0.,0.,-1.));
#5119 = DIRECTION('',(-1.,0.,0.));
#5120 = ADVANCED_FACE('',(#5121),#5140,.F.);
#5121 = FACE_BOUND('',#5122,.F.);
#5122 = EDGE_LOOP('',(#5123,#5131,#5138,#5139));
#5123 = ORIENTED_EDGE('',*,*,#5124,.T.);
#5124 = EDGE_CURVE('',#4468,#5125,#5127,.T.);
#5125 = VERTEX_POINT('',#5126);
#5126 = CARTESIAN_POINT('',(75.53174593052,77.78174593052,37.81));
#5127 = LINE('',#5128,#5129);
#5128 = CARTESIAN_POINT('',(75.53174593052,77.78174593052,47.01));
#5129 = VECTOR('',#5130,1.);
#5130 = DIRECTION('',(0.,0.,-1.));
#5131 = ORIENTED_EDGE('',*,*,#5132,.F.);
#5132 = EDGE_CURVE('',#5125,#5125,#5133,.T.);
#5133 = CIRCLE('',#5134,2.25);
#5134 = AXIS2_PLACEMENT_3D('',#5135,#5136,#5137);
#5135 = CARTESIAN_POINT('',(77.78174593052,77.78174593052,37.81));
#5136 = DIRECTION('',(0.,0.,-1.));
#5137 = DIRECTION('',(-1.,0.,0.));
#5138 = ORIENTED_EDGE('',*,*,#5124,.F.);
#5139 = ORIENTED_EDGE('',*,*,#4477,.T.);
#5140 = CYLINDRICAL_SURFACE('',#5141,2.25);
#5141 = AXIS2_PLACEMENT_3D('',#5142,#5143,#5144);
#5142 = CARTESIAN_POINT('',(77.78174593052,77.78174593052,47.01));
#5143 = DIRECTION('',(0.,0.,-1.));
#5144 = DIRECTION('',(-1.,0.,0.));
#5145 = ADVANCED_FACE('',(#5146),#5165,.F.);
#5146 = FACE_BOUND('',#5147,.F.);
#5147 = EDGE_LOOP('',(#5148,#5156,#5163,#5164));
#5148 = ORIENTED_EDGE('',*,*,#5149,.T.);
#5149 = EDGE_CURVE('',#4505,#5150,#5152,.T.);
#5150 = VERTEX_POINT('',#5151);
#5151 = CARTESIAN_POINT('',(26.220094961277,106.25184089179,37.81));
#5152 = LINE('',#5153,#5154);
#5153 = CARTESIAN_POINT('',(26.220094961277,106.25184089179,47.01));
#5154 = VECTOR('',#5155,1.);
#5155 = DIRECTION('',(0.,0.,-1.));
#5156 = ORIENTED_EDGE('',*,*,#5157,.F.);
#5157 = EDGE_CURVE('',#5150,#5150,#5158,.T.);
#5158 = CIRCLE('',#5159,2.25);
#5159 = AXIS2_PLACEMENT_3D('',#5160,#5161,#5162);
#5160 = CARTESIAN_POINT('',(28.470094961277,106.25184089179,37.81));
#5161 = DIRECTION('',(0.,0.,-1.));
#5162 = DIRECTION('',(-1.,0.,0.));
#5163 = ORIENTED_EDGE('',*,*,#5149,.F.);
#5164 = ORIENTED_EDGE('',*,*,#4514,.T.);
#5165 = CYLINDRICAL_SURFACE('',#5166,2.25);
#5166 = AXIS2_PLACEMENT_3D('',#5167,#5168,#5169);
#5167 = CARTESIAN_POINT('',(28.470094961277,106.25184089179,47.01));
#5168 = DIRECTION('',(0.,0.,-1.));
#5169 = DIRECTION('',(-1.,0.,0.));
#5170 = ADVANCED_FACE('',(#5171),#5190,.F.);
#5171 = FACE_BOUND('',#5172,.F.);
#5172 = EDGE_LOOP('',(#5173,#5181,#5188,#5189));
#5173 = ORIENTED_EDGE('',*,*,#5174,.T.);
#5174 = EDGE_CURVE('',#4542,#5175,#5177,.T.);
#5175 = VERTEX_POINT('',#5176);
#5176 = CARTESIAN_POINT('',(-30.72009496127,106.25184089179,37.81));
#5177 = LINE('',#5178,#5179);
#5178 = CARTESIAN_POINT('',(-30.72009496127,106.25184089179,47.01));
#5179 = VECTOR('',#5180,1.);
#5180 = DIRECTION('',(0.,0.,-1.));
#5181 = ORIENTED_EDGE('',*,*,#5182,.F.);
#5182 = EDGE_CURVE('',#5175,#5175,#5183,.T.);
#5183 = CIRCLE('',#5184,2.25);
#5184 = AXIS2_PLACEMENT_3D('',#5185,#5186,#5187);
#5185 = CARTESIAN_POINT('',(-28.47009496127,106.25184089179,37.81));
#5186 = DIRECTION('',(0.,0.,-1.));
#5187 = DIRECTION('',(-1.,0.,0.));
#5188 = ORIENTED_EDGE('',*,*,#5174,.F.);
#5189 = ORIENTED_EDGE('',*,*,#4551,.T.);
#5190 = CYLINDRICAL_SURFACE('',#5191,2.25);
#5191 = AXIS2_PLACEMENT_3D('',#5192,#5193,#5194);
#5192 = CARTESIAN_POINT('',(-28.47009496127,106.25184089179,47.01));
#5193 = DIRECTION('',(0.,0.,-1.));
#5194 = DIRECTION('',(-1.,0.,0.));
#5195 = ADVANCED_FACE('',(#5196),#5215,.F.);
#5196 = FACE_BOUND('',#5197,.F.);
#5197 = EDGE_LOOP('',(#5198,#5206,#5213,#5214));
#5198 = ORIENTED_EDGE('',*,*,#5199,.T.);
#5199 = EDGE_CURVE('',#4579,#5200,#5202,.T.);
#5200 = VERTEX_POINT('',#5201);
#5201 = CARTESIAN_POINT('',(-80.03174593052,77.78174593052,37.81));
#5202 = LINE('',#5203,#5204);
#5203 = CARTESIAN_POINT('',(-80.03174593052,77.78174593052,47.01));
#5204 = VECTOR('',#5205,1.);
#5205 = DIRECTION('',(0.,0.,-1.));
#5206 = ORIENTED_EDGE('',*,*,#5207,.F.);
#5207 = EDGE_CURVE('',#5200,#5200,#5208,.T.);
#5208 = CIRCLE('',#5209,2.25);
#5209 = AXIS2_PLACEMENT_3D('',#5210,#5211,#5212);
#5210 = CARTESIAN_POINT('',(-77.78174593052,77.78174593052,37.81));
#5211 = DIRECTION('',(0.,0.,-1.));
#5212 = DIRECTION('',(-1.,0.,0.));
#5213 = ORIENTED_EDGE('',*,*,#5199,.F.);
#5214 = ORIENTED_EDGE('',*,*,#4588,.T.);
#5215 = CYLINDRICAL_SURFACE('',#5216,2.25);
#5216 = AXIS2_PLACEMENT_3D('',#5217,#5218,#5219);
#5217 = CARTESIAN_POINT('',(-77.78174593052,77.78174593052,47.01));
#5218 = DIRECTION('',(0.,0.,-1.));
#5219 = DIRECTION('',(-1.,0.,0.));
#5220 = ADVANCED_FACE('',(#5221),#5240,.F.);
#5221 = FACE_BOUND('',#5222,.F.);
#5222 = EDGE_LOOP('',(#5223,#5231,#5238,#5239));
#5223 = ORIENTED_EDGE('',*,*,#5224,.T.);
#5224 = EDGE_CURVE('',#4616,#5225,#5227,.T.);
#5225 = VERTEX_POINT('',#5226);
#5226 = CARTESIAN_POINT('',(-108.5018408917,28.470094961277,37.81));
#5227 = LINE('',#5228,#5229);
#5228 = CARTESIAN_POINT('',(-108.5018408917,28.470094961277,47.01));
#5229 = VECTOR('',#5230,1.);
#5230 = DIRECTION('',(0.,0.,-1.));
#5231 = ORIENTED_EDGE('',*,*,#5232,.F.);
#5232 = EDGE_CURVE('',#5225,#5225,#5233,.T.);
#5233 = CIRCLE('',#5234,2.25);
#5234 = AXIS2_PLACEMENT_3D('',#5235,#5236,#5237);
#5235 = CARTESIAN_POINT('',(-106.2518408917,28.470094961277,37.81));
#5236 = DIRECTION('',(0.,0.,-1.));
#5237 = DIRECTION('',(-1.,0.,0.));
#5238 = ORIENTED_EDGE('',*,*,#5224,.F.);
#5239 = ORIENTED_EDGE('',*,*,#4625,.T.);
#5240 = CYLINDRICAL_SURFACE('',#5241,2.25);
#5241 = AXIS2_PLACEMENT_3D('',#5242,#5243,#5244);
#5242 = CARTESIAN_POINT('',(-106.2518408917,28.470094961277,47.01));
#5243 = DIRECTION('',(0.,0.,-1.));
#5244 = DIRECTION('',(-1.,0.,0.));
#5245 = ADVANCED_FACE('',(#5246),#5265,.F.);
#5246 = FACE_BOUND('',#5247,.F.);
#5247 = EDGE_LOOP('',(#5248,#5256,#5263,#5264));
#5248 = ORIENTED_EDGE('',*,*,#5249,.T.);
#5249 = EDGE_CURVE('',#4653,#5250,#5252,.T.);
#5250 = VERTEX_POINT('',#5251);
#5251 = CARTESIAN_POINT('',(-108.5018408917,-28.47009496127,37.81));
#5252 = LINE('',#5253,#5254);
#5253 = CARTESIAN_POINT('',(-108.5018408917,-28.47009496127,47.01));
#5254 = VECTOR('',#5255,1.);
#5255 = DIRECTION('',(0.,0.,-1.));
#5256 = ORIENTED_EDGE('',*,*,#5257,.F.);
#5257 = EDGE_CURVE('',#5250,#5250,#5258,.T.);
#5258 = CIRCLE('',#5259,2.25);
#5259 = AXIS2_PLACEMENT_3D('',#5260,#5261,#5262);
#5260 = CARTESIAN_POINT('',(-106.2518408917,-28.47009496127,37.81));
#5261 = DIRECTION('',(0.,0.,-1.));
#5262 = DIRECTION('',(-1.,0.,0.));
#5263 = ORIENTED_EDGE('',*,*,#5249,.F.);
#5264 = ORIENTED_EDGE('',*,*,#4662,.T.);
#5265 = CYLINDRICAL_SURFACE('',#5266,2.25);
#5266 = AXIS2_PLACEMENT_3D('',#5267,#5268,#5269);
#5267 = CARTESIAN_POINT('',(-106.2518408917,-28.47009496127,47.01));
#5268 = DIRECTION('',(0.,0.,-1.));
#5269 = DIRECTION('',(-1.,0.,0.));
#5270 = ADVANCED_FACE('',(#5271),#5290,.F.);
#5271 = FACE_BOUND('',#5272,.F.);
#5272 = EDGE_LOOP('',(#5273,#5281,#5288,#5289));
#5273 = ORIENTED_EDGE('',*,*,#5274,.T.);
#5274 = EDGE_CURVE('',#4690,#5275,#5277,.T.);
#5275 = VERTEX_POINT('',#5276);
#5276 = CARTESIAN_POINT('',(-80.03174593052,-77.78174593052,37.81));
#5277 = LINE('',#5278,#5279);
#5278 = CARTESIAN_POINT('',(-80.03174593052,-77.78174593052,47.01));
#5279 = VECTOR('',#5280,1.);
#5280 = DIRECTION('',(0.,0.,-1.));
#5281 = ORIENTED_EDGE('',*,*,#5282,.F.);
#5282 = EDGE_CURVE('',#5275,#5275,#5283,.T.);
#5283 = CIRCLE('',#5284,2.25);
#5284 = AXIS2_PLACEMENT_3D('',#5285,#5286,#5287);
#5285 = CARTESIAN_POINT('',(-77.78174593052,-77.78174593052,37.81));
#5286 = DIRECTION('',(0.,0.,-1.));
#5287 = DIRECTION('',(-1.,0.,0.));
#5288 = ORIENTED_EDGE('',*,*,#5274,.F.);
#5289 = ORIENTED_EDGE('',*,*,#4699,.T.);
#5290 = CYLINDRICAL_SURFACE('',#5291,2.25);
#5291 = AXIS2_PLACEMENT_3D('',#5292,#5293,#5294);
#5292 = CARTESIAN_POINT('',(-77.78174593052,-77.78174593052,47.01));
#5293 = DIRECTION('',(0.,0.,-1.));
#5294 = DIRECTION('',(-1.,0.,0.));
#5295 = ADVANCED_FACE('',(#5296),#5315,.F.);
#5296 = FACE_BOUND('',#5297,.F.);
#5297 = EDGE_LOOP('',(#5298,#5306,#5313,#5314));
#5298 = ORIENTED_EDGE('',*,*,#5299,.T.);
#5299 = EDGE_CURVE('',#4727,#5300,#5302,.T.);
#5300 = VERTEX_POINT('',#5301);
#5301 = CARTESIAN_POINT('',(-30.72009496127,-106.2518408917,37.81));
#5302 = LINE('',#5303,#5304);
#5303 = CARTESIAN_POINT('',(-30.72009496127,-106.2518408917,47.01));
#5304 = VECTOR('',#5305,1.);
#5305 = DIRECTION('',(0.,0.,-1.));
#5306 = ORIENTED_EDGE('',*,*,#5307,.F.);
#5307 = EDGE_CURVE('',#5300,#5300,#5308,.T.);
#5308 = CIRCLE('',#5309,2.25);
#5309 = AXIS2_PLACEMENT_3D('',#5310,#5311,#5312);
#5310 = CARTESIAN_POINT('',(-28.47009496127,-106.2518408917,37.81));
#5311 = DIRECTION('',(0.,0.,-1.));
#5312 = DIRECTION('',(-1.,0.,0.));
#5313 = ORIENTED_EDGE('',*,*,#5299,.F.);
#5314 = ORIENTED_EDGE('',*,*,#4736,.T.);
#5315 = CYLINDRICAL_SURFACE('',#5316,2.25);
#5316 = AXIS2_PLACEMENT_3D('',#5317,#5318,#5319);
#5317 = CARTESIAN_POINT('',(-28.47009496127,-106.2518408917,47.01));
#5318 = DIRECTION('',(0.,0.,-1.));
#5319 = DIRECTION('',(-1.,0.,0.));
#5320 = ADVANCED_FACE('',(#5321),#5340,.F.);
#5321 = FACE_BOUND('',#5322,.F.);
#5322 = EDGE_LOOP('',(#5323,#5331,#5338,#5339));
#5323 = ORIENTED_EDGE('',*,*,#5324,.T.);
#5324 = EDGE_CURVE('',#4764,#5325,#5327,.T.);
#5325 = VERTEX_POINT('',#5326);
#5326 = CARTESIAN_POINT('',(26.220094961277,-106.2518408917,37.81));
#5327 = LINE('',#5328,#5329);
#5328 = CARTESIAN_POINT('',(26.220094961277,-106.2518408917,47.01));
#5329 = VECTOR('',#5330,1.);
#5330 = DIRECTION('',(0.,0.,-1.));
#5331 = ORIENTED_EDGE('',*,*,#5332,.F.);
#5332 = EDGE_CURVE('',#5325,#5325,#5333,.T.);
#5333 = CIRCLE('',#5334,2.25);
#5334 = AXIS2_PLACEMENT_3D('',#5335,#5336,#5337);
#5335 = CARTESIAN_POINT('',(28.470094961277,-106.2518408917,37.81));
#5336 = DIRECTION('',(0.,0.,-1.));
#5337 = DIRECTION('',(-1.,0.,0.));
#5338 = ORIENTED_EDGE('',*,*,#5324,.F.);
#5339 = ORIENTED_EDGE('',*,*,#4773,.T.);
#5340 = CYLINDRICAL_SURFACE('',#5341,2.25);
#5341 = AXIS2_PLACEMENT_3D('',#5342,#5343,#5344);
#5342 = CARTESIAN_POINT('',(28.470094961277,-106.2518408917,47.01));
#5343 = DIRECTION('',(0.,0.,-1.));
#5344 = DIRECTION('',(-1.,0.,0.));
#5345 = ADVANCED_FACE('',(#5346),#5365,.F.);
#5346 = FACE_BOUND('',#5347,.F.);
#5347 = EDGE_LOOP('',(#5348,#5356,#5363,#5364));
#5348 = ORIENTED_EDGE('',*,*,#5349,.T.);
#5349 = EDGE_CURVE('',#4801,#5350,#5352,.T.);
#5350 = VERTEX_POINT('',#5351);
#5351 = CARTESIAN_POINT('',(75.53174593052,-77.78174593052,37.81));
#5352 = LINE('',#5353,#5354);
#5353 = CARTESIAN_POINT('',(75.53174593052,-77.78174593052,47.01));
#5354 = VECTOR('',#5355,1.);
#5355 = DIRECTION('',(0.,0.,-1.));
#5356 = ORIENTED_EDGE('',*,*,#5357,.F.);
#5357 = EDGE_CURVE('',#5350,#5350,#5358,.T.);
#5358 = CIRCLE('',#5359,2.25);
#5359 = AXIS2_PLACEMENT_3D('',#5360,#5361,#5362);
#5360 = CARTESIAN_POINT('',(77.78174593052,-77.78174593052,37.81));
#5361 = DIRECTION('',(0.,0.,-1.));
#5362 = DIRECTION('',(-1.,0.,0.));
#5363 = ORIENTED_EDGE('',*,*,#5349,.F.);
#5364 = ORIENTED_EDGE('',*,*,#4810,.T.);
#5365 = CYLINDRICAL_SURFACE('',#5366,2.25);
#5366 = AXIS2_PLACEMENT_3D('',#5367,#5368,#5369);
#5367 = CARTESIAN_POINT('',(77.78174593052,-77.78174593052,47.01));
#5368 = DIRECTION('',(0.,0.,-1.));
#5369 = DIRECTION('',(-1.,0.,0.));
#5370 = ADVANCED_FACE('',(#5371),#5390,.F.);
#5371 = FACE_BOUND('',#5372,.F.);
#5372 = EDGE_LOOP('',(#5373,#5381,#5388,#5389));
#5373 = ORIENTED_EDGE('',*,*,#5374,.T.);
#5374 = EDGE_CURVE('',#4838,#5375,#5377,.T.);
#5375 = VERTEX_POINT('',#5376);
#5376 = CARTESIAN_POINT('',(104.00184089179,-28.47009496127,37.81));
#5377 = LINE('',#5378,#5379);
#5378 = CARTESIAN_POINT('',(104.00184089179,-28.47009496127,47.01));
#5379 = VECTOR('',#5380,1.);
#5380 = DIRECTION('',(0.,0.,-1.));
#5381 = ORIENTED_EDGE('',*,*,#5382,.F.);
#5382 = EDGE_CURVE('',#5375,#5375,#5383,.T.);
#5383 = CIRCLE('',#5384,2.25);
#5384 = AXIS2_PLACEMENT_3D('',#5385,#5386,#5387);
#5385 = CARTESIAN_POINT('',(106.25184089179,-28.47009496127,37.81));
#5386 = DIRECTION('',(0.,0.,-1.));
#5387 = DIRECTION('',(-1.,0.,0.));
#5388 = ORIENTED_EDGE('',*,*,#5374,.F.);
#5389 = ORIENTED_EDGE('',*,*,#4847,.T.);
#5390 = CYLINDRICAL_SURFACE('',#5391,2.25);
#5391 = AXIS2_PLACEMENT_3D('',#5392,#5393,#5394);
#5392 = CARTESIAN_POINT('',(106.25184089179,-28.47009496127,47.01));
#5393 = DIRECTION('',(0.,0.,-1.));
#5394 = DIRECTION('',(-1.,0.,0.));
#5395 = ADVANCED_FACE('',(#5396,#5451,#5505),#5559,.F.);
#5396 = FACE_BOUND('',#5397,.F.);
#5397 = EDGE_LOOP('',(#5398,#5399,#5408,#5416,#5425,#5434,#5441,#5442,
    #5449,#5450));
#5398 = ORIENTED_EDGE('',*,*,#4971,.F.);
#5399 = ORIENTED_EDGE('',*,*,#5400,.T.);
#5400 = EDGE_CURVE('',#4964,#5401,#5403,.T.);
#5401 = VERTEX_POINT('',#5402);
#5402 = CARTESIAN_POINT('',(11.3,-2.767701766073E-15,12.));
#5403 = CIRCLE('',#5404,11.3);
#5404 = AXIS2_PLACEMENT_3D('',#5405,#5406,#5407);
#5405 = CARTESIAN_POINT('',(0.,0.,12.));
#5406 = DIRECTION('',(0.,0.,1.));
#5407 = DIRECTION('',(1.,0.,0.));
#5408 = ORIENTED_EDGE('',*,*,#5409,.T.);
#5409 = EDGE_CURVE('',#5401,#5410,#5412,.T.);
#5410 = VERTEX_POINT('',#5411);
#5411 = CARTESIAN_POINT('',(11.3,-2.767701766073E-15,32.));
#5412 = LINE('',#5413,#5414);
#5413 = CARTESIAN_POINT('',(11.3,-2.767701766073E-15,12.));
#5414 = VECTOR('',#5415,1.);
#5415 = DIRECTION('',(0.,0.,1.));
#5416 = ORIENTED_EDGE('',*,*,#5417,.F.);
#5417 = EDGE_CURVE('',#5418,#5410,#5420,.T.);
#5418 = VERTEX_POINT('',#5419);
#5419 = CARTESIAN_POINT('',(-2.075776324555E-15,-11.3,32.));
#5420 = CIRCLE('',#5421,11.3);
#5421 = AXIS2_PLACEMENT_3D('',#5422,#5423,#5424);
#5422 = CARTESIAN_POINT('',(0.,0.,32.));
#5423 = DIRECTION('',(0.,0.,1.));
#5424 = DIRECTION('',(1.,0.,0.));
#5425 = ORIENTED_EDGE('',*,*,#5426,.F.);
#5426 = EDGE_CURVE('',#5427,#5418,#5429,.T.);
#5427 = VERTEX_POINT('',#5428);
#5428 = CARTESIAN_POINT('',(6.919254415183E-16,11.3,32.));
#5429 = CIRCLE('',#5430,11.3);
#5430 = AXIS2_PLACEMENT_3D('',#5431,#5432,#5433);
#5431 = CARTESIAN_POINT('',(0.,0.,32.));
#5432 = DIRECTION('',(0.,0.,1.));
#5433 = DIRECTION('',(1.,0.,0.));
#5434 = ORIENTED_EDGE('',*,*,#5435,.F.);
#5435 = EDGE_CURVE('',#5410,#5427,#5436,.T.);
#5436 = CIRCLE('',#5437,11.3);
#5437 = AXIS2_PLACEMENT_3D('',#5438,#5439,#5440);
#5438 = CARTESIAN_POINT('',(0.,0.,32.));
#5439 = DIRECTION('',(0.,0.,1.));
#5440 = DIRECTION('',(1.,0.,0.));
#5441 = ORIENTED_EDGE('',*,*,#5409,.F.);
#5442 = ORIENTED_EDGE('',*,*,#5443,.T.);
#5443 = EDGE_CURVE('',#5401,#4881,#5444,.T.);
#5444 = CIRCLE('',#5445,11.3);
#5445 = AXIS2_PLACEMENT_3D('',#5446,#5447,#5448);
#5446 = CARTESIAN_POINT('',(0.,0.,12.));
#5447 = DIRECTION('',(0.,0.,1.));
#5448 = DIRECTION('',(1.,0.,0.));
#5449 = ORIENTED_EDGE('',*,*,#4888,.T.);
#5450 = ORIENTED_EDGE('',*,*,#5084,.T.);
#5451 = FACE_BOUND('',#5452,.F.);
#5452 = EDGE_LOOP('',(#5453,#5464,#5473,#5481,#5490,#5499));
#5453 = ORIENTED_EDGE('',*,*,#5454,.T.);
#5454 = EDGE_CURVE('',#5455,#5457,#5459,.T.);
#5455 = VERTEX_POINT('',#5456);
#5456 = CARTESIAN_POINT('',(3.,10.894494022211,27.95));
#5457 = VERTEX_POINT('',#5458);
#5458 = CARTESIAN_POINT('',(6.919254415183E-16,11.3,27.95));
#5459 = CIRCLE('',#5460,11.3);
#5460 = AXIS2_PLACEMENT_3D('',#5461,#5462,#5463);
#5461 = CARTESIAN_POINT('',(0.,0.,27.95));
#5462 = DIRECTION('',(0.,0.,1.));
#5463 = DIRECTION('',(1.,0.,0.));
#5464 = ORIENTED_EDGE('',*,*,#5465,.T.);
#5465 = EDGE_CURVE('',#5457,#5466,#5468,.T.);
#5466 = VERTEX_POINT('',#5467);
#5467 = CARTESIAN_POINT('',(-3.,10.894494022211,27.95));
#5468 = CIRCLE('',#5469,11.3);
#5469 = AXIS2_PLACEMENT_3D('',#5470,#5471,#5472);
#5470 = CARTESIAN_POINT('',(0.,0.,27.95));
#5471 = DIRECTION('',(0.,0.,1.));
#5472 = DIRECTION('',(1.,0.,0.));
#5473 = ORIENTED_EDGE('',*,*,#5474,.F.);
#5474 = EDGE_CURVE('',#5475,#5466,#5477,.T.);
#5475 = VERTEX_POINT('',#5476);
#5476 = CARTESIAN_POINT('',(-3.,10.894494022211,25.05));
#5477 = LINE('',#5478,#5479);
#5478 = CARTESIAN_POINT('',(-3.,10.894494022211,12.));
#5479 = VECTOR('',#5480,1.);
#5480 = DIRECTION('',(0.,0.,1.));
#5481 = ORIENTED_EDGE('',*,*,#5482,.F.);
#5482 = EDGE_CURVE('',#5483,#5475,#5485,.T.);
#5483 = VERTEX_POINT('',#5484);
#5484 = CARTESIAN_POINT('',(6.919254415183E-16,11.3,25.05));
#5485 = CIRCLE('',#5486,11.3);
#5486 = AXIS2_PLACEMENT_3D('',#5487,#5488,#5489);
#5487 = CARTESIAN_POINT('',(0.,0.,25.05));
#5488 = DIRECTION('',(0.,0.,1.));
#5489 = DIRECTION('',(1.,0.,0.));
#5490 = ORIENTED_EDGE('',*,*,#5491,.F.);
#5491 = EDGE_CURVE('',#5492,#5483,#5494,.T.);
#5492 = VERTEX_POINT('',#5493);
#5493 = CARTESIAN_POINT('',(3.,10.894494022211,25.05));
#5494 = CIRCLE('',#5495,11.3);
#5495 = AXIS2_PLACEMENT_3D('',#5496,#5497,#5498);
#5496 = CARTESIAN_POINT('',(0.,0.,25.05));
#5497 = DIRECTION('',(0.,0.,1.));
#5498 = DIRECTION('',(1.,0.,0.));
#5499 = ORIENTED_EDGE('',*,*,#5500,.T.);
#5500 = EDGE_CURVE('',#5492,#5455,#5501,.T.);
#5501 = LINE('',#5502,#5503);
#5502 = CARTESIAN_POINT('',(3.,10.894494022211,12.));
#5503 = VECTOR('',#5504,1.);
#5504 = DIRECTION('',(0.,0.,1.));
#5505 = FACE_BOUND('',#5506,.F.);
#5506 = EDGE_LOOP('',(#5507,#5518,#5527,#5535,#5544,#5553));
#5507 = ORIENTED_EDGE('',*,*,#5508,.T.);
#5508 = EDGE_CURVE('',#5509,#5511,#5513,.T.);
#5509 = VERTEX_POINT('',#5510);
#5510 = CARTESIAN_POINT('',(-3.,-10.89449402221,27.95));
#5511 = VERTEX_POINT('',#5512);
#5512 = CARTESIAN_POINT('',(-2.075776324555E-15,-11.3,27.95));
#5513 = CIRCLE('',#5514,11.3);
#5514 = AXIS2_PLACEMENT_3D('',#5515,#5516,#5517);
#5515 = CARTESIAN_POINT('',(0.,0.,27.95));
#5516 = DIRECTION('',(0.,0.,1.));
#5517 = DIRECTION('',(1.,0.,0.));
#5518 = ORIENTED_EDGE('',*,*,#5519,.T.);
#5519 = EDGE_CURVE('',#5511,#5520,#5522,.T.);
#5520 = VERTEX_POINT('',#5521);
#5521 = CARTESIAN_POINT('',(3.,-10.89449402221,27.95));
#5522 = CIRCLE('',#5523,11.3);
#5523 = AXIS2_PLACEMENT_3D('',#5524,#5525,#5526);
#5524 = CARTESIAN_POINT('',(0.,0.,27.95));
#5525 = DIRECTION('',(0.,0.,1.));
#5526 = DIRECTION('',(1.,0.,0.));
#5527 = ORIENTED_EDGE('',*,*,#5528,.F.);
#5528 = EDGE_CURVE('',#5529,#5520,#5531,.T.);
#5529 = VERTEX_POINT('',#5530);
#5530 = CARTESIAN_POINT('',(3.,-10.89449402221,25.05));
#5531 = LINE('',#5532,#5533);
#5532 = CARTESIAN_POINT('',(3.,-10.89449402221,12.));
#5533 = VECTOR('',#5534,1.);
#5534 = DIRECTION('',(0.,0.,1.));
#5535 = ORIENTED_EDGE('',*,*,#5536,.F.);
#5536 = EDGE_CURVE('',#5537,#5529,#5539,.T.);
#5537 = VERTEX_POINT('',#5538);
#5538 = CARTESIAN_POINT('',(-2.075776324555E-15,-11.3,25.05));
#5539 = CIRCLE('',#5540,11.3);
#5540 = AXIS2_PLACEMENT_3D('',#5541,#5542,#5543);
#5541 = CARTESIAN_POINT('',(0.,0.,25.05));
#5542 = DIRECTION('',(0.,0.,1.));
#5543 = DIRECTION('',(1.,0.,0.));
#5544 = ORIENTED_EDGE('',*,*,#5545,.F.);
#5545 = EDGE_CURVE('',#5546,#5537,#5548,.T.);
#5546 = VERTEX_POINT('',#5547);
#5547 = CARTESIAN_POINT('',(-3.,-10.89449402221,25.05));
#5548 = CIRCLE('',#5549,11.3);
#5549 = AXIS2_PLACEMENT_3D('',#5550,#5551,#5552);
#5550 = CARTESIAN_POINT('',(0.,0.,25.05));
#5551 = DIRECTION('',(0.,0.,1.));
#5552 = DIRECTION('',(1.,0.,0.));
#5553 = ORIENTED_EDGE('',*,*,#5554,.T.);
#5554 = EDGE_CURVE('',#5546,#5509,#5555,.T.);
#5555 = LINE('',#5556,#5557);
#5556 = CARTESIAN_POINT('',(-3.,-10.89449402221,12.));
#5557 = VECTOR('',#5558,1.);
#5558 = DIRECTION('',(0.,0.,1.));
#5559 = CYLINDRICAL_SURFACE('',#5560,11.3);
#5560 = AXIS2_PLACEMENT_3D('',#5561,#5562,#5563);
#5561 = CARTESIAN_POINT('',(0.,0.,12.));
#5562 = DIRECTION('',(0.,0.,1.));
#5563 = DIRECTION('',(1.,0.,0.));
#5564 = ADVANCED_FACE('',(#5565),#5573,.T.);
#5565 = FACE_BOUND('',#5566,.T.);
#5566 = EDGE_LOOP('',(#5567,#5568,#5569,#5570,#5571,#5572));
#5567 = ORIENTED_EDGE('',*,*,#5400,.T.);
#5568 = ORIENTED_EDGE('',*,*,#5443,.T.);
#5569 = ORIENTED_EDGE('',*,*,#4880,.T.);
#5570 = ORIENTED_EDGE('',*,*,#4929,.F.);
#5571 = ORIENTED_EDGE('',*,*,#4912,.F.);
#5572 = ORIENTED_EDGE('',*,*,#4963,.F.);
#5573 = PLANE('',#5574);
#5574 = AXIS2_PLACEMENT_3D('',#5575,#5576,#5577);
#5575 = CARTESIAN_POINT('',(0.,0.,12.));
#5576 = DIRECTION('',(0.,0.,1.));
#5577 = DIRECTION('',(1.,0.,0.));
#5578 = ADVANCED_FACE('',(#5579),#5582,.T.);
#5579 = FACE_BOUND('',#5580,.F.);
#5580 = EDGE_LOOP('',(#5581));
#5581 = ORIENTED_EDGE('',*,*,#4937,.F.);
#5582 = PLANE('',#5583);
#5583 = AXIS2_PLACEMENT_3D('',#5584,#5585,#5586);
#5584 = CARTESIAN_POINT('',(0.,0.,5.99));
#5585 = DIRECTION('',(0.,0.,1.));
#5586 = DIRECTION('',(1.,0.,0.));
#5587 = ADVANCED_FACE('',(#5588),#5662,.T.);
#5588 = FACE_BOUND('',#5589,.T.);
#5589 = EDGE_LOOP('',(#5590,#5601,#5607,#5608,#5616,#5625,#5631,#5632,
    #5640,#5649,#5655,#5656));
#5590 = ORIENTED_EDGE('',*,*,#5591,.F.);
#5591 = EDGE_CURVE('',#5592,#5594,#5596,.T.);
#5592 = VERTEX_POINT('',#5593);
#5593 = CARTESIAN_POINT('',(16.5,7.193747284969,34.));
#5594 = VERTEX_POINT('',#5595);
#5595 = CARTESIAN_POINT('',(16.5,-7.193747284969,34.));
#5596 = CIRCLE('',#5597,18.);
#5597 = AXIS2_PLACEMENT_3D('',#5598,#5599,#5600);
#5598 = CARTESIAN_POINT('',(0.,0.,34.));
#5599 = DIRECTION('',(0.,0.,1.));
#5600 = DIRECTION('',(1.,0.,0.));
#5601 = ORIENTED_EDGE('',*,*,#5602,.F.);
#5602 = EDGE_CURVE('',#4991,#5592,#5603,.T.);
#5603 = LINE('',#5604,#5605);
#5604 = CARTESIAN_POINT('',(16.5,7.193747284969,27.));
#5605 = VECTOR('',#5606,1.);
#5606 = DIRECTION('',(0.,0.,1.));
#5607 = ORIENTED_EDGE('',*,*,#4990,.T.);
#5608 = ORIENTED_EDGE('',*,*,#5609,.T.);
#5609 = EDGE_CURVE('',#4993,#5610,#5612,.T.);
#5610 = VERTEX_POINT('',#5611);
#5611 = CARTESIAN_POINT('',(3.,17.748239349299,27.95));
#5612 = LINE('',#5613,#5614);
#5613 = CARTESIAN_POINT('',(3.,17.748239349299,27.));
#5614 = VECTOR('',#5615,1.);
#5615 = DIRECTION('',(0.,0.,1.));
#5616 = ORIENTED_EDGE('',*,*,#5617,.T.);
#5617 = EDGE_CURVE('',#5610,#5618,#5620,.T.);
#5618 = VERTEX_POINT('',#5619);
#5619 = CARTESIAN_POINT('',(-3.,17.748239349299,27.95));
#5620 = CIRCLE('',#5621,18.);
#5621 = AXIS2_PLACEMENT_3D('',#5622,#5623,#5624);
#5622 = CARTESIAN_POINT('',(0.,0.,27.95));
#5623 = DIRECTION('',(0.,0.,1.));
#5624 = DIRECTION('',(1.,0.,0.));
#5625 = ORIENTED_EDGE('',*,*,#5626,.F.);
#5626 = EDGE_CURVE('',#5043,#5618,#5627,.T.);
#5627 = LINE('',#5628,#5629);
#5628 = CARTESIAN_POINT('',(-3.,17.748239349299,27.));
#5629 = VECTOR('',#5630,1.);
#5630 = DIRECTION('',(0.,0.,1.));
#5631 = ORIENTED_EDGE('',*,*,#5042,.T.);
#5632 = ORIENTED_EDGE('',*,*,#5633,.T.);
#5633 = EDGE_CURVE('',#5035,#5634,#5636,.T.);
#5634 = VERTEX_POINT('',#5635);
#5635 = CARTESIAN_POINT('',(-3.,-17.74823934929,27.95));
#5636 = LINE('',#5637,#5638);
#5637 = CARTESIAN_POINT('',(-3.,-17.74823934929,27.));
#5638 = VECTOR('',#5639,1.);
#5639 = DIRECTION('',(0.,0.,1.));
#5640 = ORIENTED_EDGE('',*,*,#5641,.T.);
#5641 = EDGE_CURVE('',#5634,#5642,#5644,.T.);
#5642 = VERTEX_POINT('',#5643);
#5643 = CARTESIAN_POINT('',(3.,-17.74823934929,27.95));
#5644 = CIRCLE('',#5645,18.);
#5645 = AXIS2_PLACEMENT_3D('',#5646,#5647,#5648);
#5646 = CARTESIAN_POINT('',(0.,0.,27.95));
#5647 = DIRECTION('',(0.,0.,1.));
#5648 = DIRECTION('',(1.,0.,0.));
#5649 = ORIENTED_EDGE('',*,*,#5650,.F.);
#5650 = EDGE_CURVE('',#5010,#5642,#5651,.T.);
#5651 = LINE('',#5652,#5653);
#5652 = CARTESIAN_POINT('',(3.,-17.74823934929,27.));
#5653 = VECTOR('',#5654,1.);
#5654 = DIRECTION('',(0.,0.,1.));
#5655 = ORIENTED_EDGE('',*,*,#5009,.T.);
#5656 = ORIENTED_EDGE('',*,*,#5657,.T.);
#5657 = EDGE_CURVE('',#5002,#5594,#5658,.T.);
#5658 = LINE('',#5659,#5660);
#5659 = CARTESIAN_POINT('',(16.5,-7.193747284969,27.));
#5660 = VECTOR('',#5661,1.);
#5661 = DIRECTION('',(0.,0.,1.));
#5662 = CYLINDRICAL_SURFACE('',#5663,18.);
#5663 = AXIS2_PLACEMENT_3D('',#5664,#5665,#5666);
#5664 = CARTESIAN_POINT('',(0.,0.,27.));
#5665 = DIRECTION('',(0.,0.,1.));
#5666 = DIRECTION('',(1.,0.,0.));
#5667 = ADVANCED_FACE('',(#5668),#5693,.F.);
#5668 = FACE_BOUND('',#5669,.F.);
#5669 = EDGE_LOOP('',(#5670,#5676,#5677,#5685,#5691,#5692));
#5670 = ORIENTED_EDGE('',*,*,#5671,.F.);
#5671 = EDGE_CURVE('',#5455,#5610,#5672,.T.);
#5672 = LINE('',#5673,#5674);
#5673 = CARTESIAN_POINT('',(3.,10.,27.95));
#5674 = VECTOR('',#5675,1.);
#5675 = DIRECTION('',(2.22044604925E-16,1.,0.));
#5676 = ORIENTED_EDGE('',*,*,#5500,.F.);
#5677 = ORIENTED_EDGE('',*,*,#5678,.T.);
#5678 = EDGE_CURVE('',#5492,#5679,#5681,.T.);
#5679 = VERTEX_POINT('',#5680);
#5680 = CARTESIAN_POINT('',(3.,23.,25.05));
#5681 = LINE('',#5682,#5683);
#5682 = CARTESIAN_POINT('',(3.,10.,25.05));
#5683 = VECTOR('',#5684,1.);
#5684 = DIRECTION('',(2.22044604925E-16,1.,0.));
#5685 = ORIENTED_EDGE('',*,*,#5686,.F.);
#5686 = EDGE_CURVE('',#5060,#5679,#5687,.T.);
#5687 = LINE('',#5688,#5689);
#5688 = CARTESIAN_POINT('',(3.,23.,27.95));
#5689 = VECTOR('',#5690,1.);
#5690 = DIRECTION('',(0.,0.,-1.));
#5691 = ORIENTED_EDGE('',*,*,#5067,.F.);
#5692 = ORIENTED_EDGE('',*,*,#5609,.T.);
#5693 = PLANE('',#5694);
#5694 = AXIS2_PLACEMENT_3D('',#5695,#5696,#5697);
#5695 = CARTESIAN_POINT('',(3.,10.,27.95));
#5696 = DIRECTION('',(1.,-2.22044604925E-16,0.));
#5697 = DIRECTION('',(0.,0.,-1.));
#5698 = ADVANCED_FACE('',(#5699),#5717,.F.);
#5699 = FACE_BOUND('',#5700,.F.);
#5700 = EDGE_LOOP('',(#5701,#5709,#5710,#5711));
#5701 = ORIENTED_EDGE('',*,*,#5702,.F.);
#5702 = EDGE_CURVE('',#5052,#5703,#5705,.T.);
#5703 = VERTEX_POINT('',#5704);
#5704 = CARTESIAN_POINT('',(-3.,23.,25.05));
#5705 = LINE('',#5706,#5707);
#5706 = CARTESIAN_POINT('',(-3.,23.,27.95));
#5707 = VECTOR('',#5708,1.);
#5708 = DIRECTION('',(0.,0.,-1.));
#5709 = ORIENTED_EDGE('',*,*,#5059,.F.);
#5710 = ORIENTED_EDGE('',*,*,#5686,.T.);
#5711 = ORIENTED_EDGE('',*,*,#5712,.F.);
#5712 = EDGE_CURVE('',#5703,#5679,#5713,.T.);
#5713 = LINE('',#5714,#5715);
#5714 = CARTESIAN_POINT('',(-3.,23.,25.05));
#5715 = VECTOR('',#5716,1.);
#5716 = DIRECTION('',(1.,-2.22044604925E-16,0.));
#5717 = PLANE('',#5718);
#5718 = AXIS2_PLACEMENT_3D('',#5719,#5720,#5721);
#5719 = CARTESIAN_POINT('',(-3.,23.,27.95));
#5720 = DIRECTION('',(2.22044604925E-16,1.,0.));
#5721 = DIRECTION('',(0.,0.,-1.));
#5722 = ADVANCED_FACE('',(#5723),#5741,.T.);
#5723 = FACE_BOUND('',#5724,.T.);
#5724 = EDGE_LOOP('',(#5725,#5731,#5732,#5738,#5739,#5740));
#5725 = ORIENTED_EDGE('',*,*,#5726,.F.);
#5726 = EDGE_CURVE('',#5466,#5618,#5727,.T.);
#5727 = LINE('',#5728,#5729);
#5728 = CARTESIAN_POINT('',(-3.,10.,27.95));
#5729 = VECTOR('',#5730,1.);
#5730 = DIRECTION('',(2.22044604925E-16,1.,0.));
#5731 = ORIENTED_EDGE('',*,*,#5474,.F.);
#5732 = ORIENTED_EDGE('',*,*,#5733,.T.);
#5733 = EDGE_CURVE('',#5475,#5703,#5734,.T.);
#5734 = LINE('',#5735,#5736);
#5735 = CARTESIAN_POINT('',(-3.,10.,25.05));
#5736 = VECTOR('',#5737,1.);
#5737 = DIRECTION('',(2.22044604925E-16,1.,0.));
#5738 = ORIENTED_EDGE('',*,*,#5702,.F.);
#5739 = ORIENTED_EDGE('',*,*,#5051,.F.);
#5740 = ORIENTED_EDGE('',*,*,#5626,.T.);
#5741 = PLANE('',#5742);
#5742 = AXIS2_PLACEMENT_3D('',#5743,#5744,#5745);
#5743 = CARTESIAN_POINT('',(-3.,10.,27.95));
#5744 = DIRECTION('',(1.,-2.22044604925E-16,0.));
#5745 = DIRECTION('',(0.,0.,-1.));
#5746 = ADVANCED_FACE('',(#5747),#5772,.F.);
#5747 = FACE_BOUND('',#5748,.F.);
#5748 = EDGE_LOOP('',(#5749,#5755,#5756,#5764,#5770,#5771));
#5749 = ORIENTED_EDGE('',*,*,#5750,.F.);
#5750 = EDGE_CURVE('',#5509,#5634,#5751,.T.);
#5751 = LINE('',#5752,#5753);
#5752 = CARTESIAN_POINT('',(-3.,-10.,27.95));
#5753 = VECTOR('',#5754,1.);
#5754 = DIRECTION('',(2.22044604925E-16,-1.,0.));
#5755 = ORIENTED_EDGE('',*,*,#5554,.F.);
#5756 = ORIENTED_EDGE('',*,*,#5757,.T.);
#5757 = EDGE_CURVE('',#5546,#5758,#5760,.T.);
#5758 = VERTEX_POINT('',#5759);
#5759 = CARTESIAN_POINT('',(-3.,-23.,25.05));
#5760 = LINE('',#5761,#5762);
#5761 = CARTESIAN_POINT('',(-3.,-10.,25.05));
#5762 = VECTOR('',#5763,1.);
#5763 = DIRECTION('',(2.22044604925E-16,-1.,0.));
#5764 = ORIENTED_EDGE('',*,*,#5765,.F.);
#5765 = EDGE_CURVE('',#5027,#5758,#5766,.T.);
#5766 = LINE('',#5767,#5768);
#5767 = CARTESIAN_POINT('',(-3.,-23.,27.95));
#5768 = VECTOR('',#5769,1.);
#5769 = DIRECTION('',(0.,0.,-1.));
#5770 = ORIENTED_EDGE('',*,*,#5034,.F.);
#5771 = ORIENTED_EDGE('',*,*,#5633,.T.);
#5772 = PLANE('',#5773);
#5773 = AXIS2_PLACEMENT_3D('',#5774,#5775,#5776);
#5774 = CARTESIAN_POINT('',(-3.,-10.,27.95));
#5775 = DIRECTION('',(-1.,-2.22044604925E-16,0.));
#5776 = DIRECTION('',(0.,0.,-1.));
#5777 = ADVANCED_FACE('',(#5778),#5796,.F.);
#5778 = FACE_BOUND('',#5779,.F.);
#5779 = EDGE_LOOP('',(#5780,#5788,#5789,#5790));
#5780 = ORIENTED_EDGE('',*,*,#5781,.F.);
#5781 = EDGE_CURVE('',#5019,#5782,#5784,.T.);
#5782 = VERTEX_POINT('',#5783);
#5783 = CARTESIAN_POINT('',(3.,-23.,25.05));
#5784 = LINE('',#5785,#5786);
#5785 = CARTESIAN_POINT('',(3.,-23.,27.95));
#5786 = VECTOR('',#5787,1.);
#5787 = DIRECTION('',(0.,0.,-1.));
#5788 = ORIENTED_EDGE('',*,*,#5026,.F.);
#5789 = ORIENTED_EDGE('',*,*,#5765,.T.);
#5790 = ORIENTED_EDGE('',*,*,#5791,.F.);
#5791 = EDGE_CURVE('',#5782,#5758,#5792,.T.);
#5792 = LINE('',#5793,#5794);
#5793 = CARTESIAN_POINT('',(3.,-23.,25.05));
#5794 = VECTOR('',#5795,1.);
#5795 = DIRECTION('',(-1.,-2.22044604925E-16,0.));
#5796 = PLANE('',#5797);
#5797 = AXIS2_PLACEMENT_3D('',#5798,#5799,#5800);
#5798 = CARTESIAN_POINT('',(3.,-23.,27.95));
#5799 = DIRECTION('',(2.22044604925E-16,-1.,0.));
#5800 = DIRECTION('',(0.,0.,-1.));
#5801 = ADVANCED_FACE('',(#5802),#5820,.T.);
#5802 = FACE_BOUND('',#5803,.T.);
#5803 = EDGE_LOOP('',(#5804,#5810,#5811,#5817,#5818,#5819));
#5804 = ORIENTED_EDGE('',*,*,#5805,.F.);
#5805 = EDGE_CURVE('',#5520,#5642,#5806,.T.);
#5806 = LINE('',#5807,#5808);
#5807 = CARTESIAN_POINT('',(3.,-10.,27.95));
#5808 = VECTOR('',#5809,1.);
#5809 = DIRECTION('',(2.22044604925E-16,-1.,0.));
#5810 = ORIENTED_EDGE('',*,*,#5528,.F.);
#5811 = ORIENTED_EDGE('',*,*,#5812,.T.);
#5812 = EDGE_CURVE('',#5529,#5782,#5813,.T.);
#5813 = LINE('',#5814,#5815);
#5814 = CARTESIAN_POINT('',(3.,-10.,25.05));
#5815 = VECTOR('',#5816,1.);
#5816 = DIRECTION('',(2.22044604925E-16,-1.,0.));
#5817 = ORIENTED_EDGE('',*,*,#5781,.F.);
#5818 = ORIENTED_EDGE('',*,*,#5018,.F.);
#5819 = ORIENTED_EDGE('',*,*,#5650,.T.);
#5820 = PLANE('',#5821);
#5821 = AXIS2_PLACEMENT_3D('',#5822,#5823,#5824);
#5822 = CARTESIAN_POINT('',(3.,-10.,27.95));
#5823 = DIRECTION('',(-1.,-2.22044604925E-16,0.));
#5824 = DIRECTION('',(0.,0.,-1.));
#5825 = ADVANCED_FACE('',(#5826),#5837,.T.);
#5826 = FACE_BOUND('',#5827,.T.);
#5827 = EDGE_LOOP('',(#5828,#5829,#5830,#5831));
#5828 = ORIENTED_EDGE('',*,*,#5657,.F.);
#5829 = ORIENTED_EDGE('',*,*,#5001,.T.);
#5830 = ORIENTED_EDGE('',*,*,#5602,.T.);
#5831 = ORIENTED_EDGE('',*,*,#5832,.F.);
#5832 = EDGE_CURVE('',#5594,#5592,#5833,.T.);
#5833 = LINE('',#5834,#5835);
#5834 = CARTESIAN_POINT('',(16.5,-15.,34.));
#5835 = VECTOR('',#5836,1.);
#5836 = DIRECTION('',(0.,1.,0.));
#5837 = PLANE('',#5838);
#5838 = AXIS2_PLACEMENT_3D('',#5839,#5840,#5841);
#5839 = CARTESIAN_POINT('',(16.5,-30.,27.));
#5840 = DIRECTION('',(1.,0.,0.));
#5841 = DIRECTION('',(0.,0.,1.));
#5842 = ADVANCED_FACE('',(#5843),#5846,.F.);
#5843 = FACE_BOUND('',#5844,.F.);
#5844 = EDGE_LOOP('',(#5845));
#5845 = ORIENTED_EDGE('',*,*,#5107,.T.);
#5846 = PLANE('',#5847);
#5847 = AXIS2_PLACEMENT_3D('',#5848,#5849,#5850);
#5848 = CARTESIAN_POINT('',(106.25184089179,28.470094961277,37.81));
#5849 = DIRECTION('',(0.,0.,-1.));
#5850 = DIRECTION('',(-1.,0.,0.));
#5851 = ADVANCED_FACE('',(#5852),#5855,.F.);
#5852 = FACE_BOUND('',#5853,.F.);
#5853 = EDGE_LOOP('',(#5854));
#5854 = ORIENTED_EDGE('',*,*,#5132,.T.);
#5855 = PLANE('',#5856);
#5856 = AXIS2_PLACEMENT_3D('',#5857,#5858,#5859);
#5857 = CARTESIAN_POINT('',(77.78174593052,77.78174593052,37.81));
#5858 = DIRECTION('',(0.,0.,-1.));
#5859 = DIRECTION('',(-1.,0.,0.));
#5860 = ADVANCED_FACE('',(#5861),#5864,.F.);
#5861 = FACE_BOUND('',#5862,.F.);
#5862 = EDGE_LOOP('',(#5863));
#5863 = ORIENTED_EDGE('',*,*,#5157,.T.);
#5864 = PLANE('',#5865);
#5865 = AXIS2_PLACEMENT_3D('',#5866,#5867,#5868);
#5866 = CARTESIAN_POINT('',(28.470094961277,106.25184089179,37.81));
#5867 = DIRECTION('',(0.,0.,-1.));
#5868 = DIRECTION('',(-1.,0.,0.));
#5869 = ADVANCED_FACE('',(#5870),#5873,.F.);
#5870 = FACE_BOUND('',#5871,.F.);
#5871 = EDGE_LOOP('',(#5872));
#5872 = ORIENTED_EDGE('',*,*,#5182,.T.);
#5873 = PLANE('',#5874);
#5874 = AXIS2_PLACEMENT_3D('',#5875,#5876,#5877);
#5875 = CARTESIAN_POINT('',(-28.47009496127,106.25184089179,37.81));
#5876 = DIRECTION('',(0.,0.,-1.));
#5877 = DIRECTION('',(-1.,0.,0.));
#5878 = ADVANCED_FACE('',(#5879),#5882,.F.);
#5879 = FACE_BOUND('',#5880,.F.);
#5880 = EDGE_LOOP('',(#5881));
#5881 = ORIENTED_EDGE('',*,*,#5207,.T.);
#5882 = PLANE('',#5883);
#5883 = AXIS2_PLACEMENT_3D('',#5884,#5885,#5886);
#5884 = CARTESIAN_POINT('',(-77.78174593052,77.78174593052,37.81));
#5885 = DIRECTION('',(0.,0.,-1.));
#5886 = DIRECTION('',(-1.,0.,0.));
#5887 = ADVANCED_FACE('',(#5888),#5891,.F.);
#5888 = FACE_BOUND('',#5889,.F.);
#5889 = EDGE_LOOP('',(#5890));
#5890 = ORIENTED_EDGE('',*,*,#5232,.T.);
#5891 = PLANE('',#5892);
#5892 = AXIS2_PLACEMENT_3D('',#5893,#5894,#5895);
#5893 = CARTESIAN_POINT('',(-106.2518408917,28.470094961277,37.81));
#5894 = DIRECTION('',(0.,0.,-1.));
#5895 = DIRECTION('',(-1.,0.,0.));
#5896 = ADVANCED_FACE('',(#5897),#5900,.F.);
#5897 = FACE_BOUND('',#5898,.F.);
#5898 = EDGE_LOOP('',(#5899));
#5899 = ORIENTED_EDGE('',*,*,#5257,.T.);
#5900 = PLANE('',#5901);
#5901 = AXIS2_PLACEMENT_3D('',#5902,#5903,#5904);
#5902 = CARTESIAN_POINT('',(-106.2518408917,-28.47009496127,37.81));
#5903 = DIRECTION('',(0.,0.,-1.));
#5904 = DIRECTION('',(-1.,0.,0.));
#5905 = ADVANCED_FACE('',(#5906),#5909,.F.);
#5906 = FACE_BOUND('',#5907,.F.);
#5907 = EDGE_LOOP('',(#5908));
#5908 = ORIENTED_EDGE('',*,*,#5282,.T.);
#5909 = PLANE('',#5910);
#5910 = AXIS2_PLACEMENT_3D('',#5911,#5912,#5913);
#5911 = CARTESIAN_POINT('',(-77.78174593052,-77.78174593052,37.81));
#5912 = DIRECTION('',(0.,0.,-1.));
#5913 = DIRECTION('',(-1.,0.,0.));
#5914 = ADVANCED_FACE('',(#5915),#5918,.F.);
#5915 = FACE_BOUND('',#5916,.F.);
#5916 = EDGE_LOOP('',(#5917));
#5917 = ORIENTED_EDGE('',*,*,#5307,.T.);
#5918 = PLANE('',#5919);
#5919 = AXIS2_PLACEMENT_3D('',#5920,#5921,#5922);
#5920 = CARTESIAN_POINT('',(-28.47009496127,-106.2518408917,37.81));
#5921 = DIRECTION('',(0.,0.,-1.));
#5922 = DIRECTION('',(-1.,0.,0.));
#5923 = ADVANCED_FACE('',(#5924),#5927,.F.);
#5924 = FACE_BOUND('',#5925,.F.);
#5925 = EDGE_LOOP('',(#5926));
#5926 = ORIENTED_EDGE('',*,*,#5332,.T.);
#5927 = PLANE('',#5928);
#5928 = AXIS2_PLACEMENT_3D('',#5929,#5930,#5931);
#5929 = CARTESIAN_POINT('',(28.470094961277,-106.2518408917,37.81));
#5930 = DIRECTION('',(0.,0.,-1.));
#5931 = DIRECTION('',(-1.,0.,0.));
#5932 = ADVANCED_FACE('',(#5933),#5936,.F.);
#5933 = FACE_BOUND('',#5934,.F.);
#5934 = EDGE_LOOP('',(#5935));
#5935 = ORIENTED_EDGE('',*,*,#5357,.T.);
#5936 = PLANE('',#5937);
#5937 = AXIS2_PLACEMENT_3D('',#5938,#5939,#5940);
#5938 = CARTESIAN_POINT('',(77.78174593052,-77.78174593052,37.81));
#5939 = DIRECTION('',(0.,0.,-1.));
#5940 = DIRECTION('',(-1.,0.,0.));
#5941 = ADVANCED_FACE('',(#5942),#5945,.F.);
#5942 = FACE_BOUND('',#5943,.F.);
#5943 = EDGE_LOOP('',(#5944));
#5944 = ORIENTED_EDGE('',*,*,#5382,.T.);
#5945 = PLANE('',#5946);
#5946 = AXIS2_PLACEMENT_3D('',#5947,#5948,#5949);
#5947 = CARTESIAN_POINT('',(106.25184089179,-28.47009496127,37.81));
#5948 = DIRECTION('',(0.,0.,-1.));
#5949 = DIRECTION('',(-1.,0.,0.));
#5950 = ADVANCED_FACE('',(#5951,#5962,#5982,#5987),#6007,.T.);
#5951 = FACE_BOUND('',#5952,.T.);
#5952 = EDGE_LOOP('',(#5953));
#5953 = ORIENTED_EDGE('',*,*,#5954,.T.);
#5954 = EDGE_CURVE('',#5955,#5955,#5957,.T.);
#5955 = VERTEX_POINT('',#5956);
#5956 = CARTESIAN_POINT('',(15.8,-3.869883885306E-15,32.));
#5957 = CIRCLE('',#5958,15.8);
#5958 = AXIS2_PLACEMENT_3D('',#5959,#5960,#5961);
#5959 = CARTESIAN_POINT('',(0.,0.,32.));
#5960 = DIRECTION('',(0.,0.,1.));
#5961 = DIRECTION('',(1.,0.,0.));
#5962 = FACE_BOUND('',#5963,.T.);
#5963 = EDGE_LOOP('',(#5964,#5975));
#5964 = ORIENTED_EDGE('',*,*,#5965,.T.);
#5965 = EDGE_CURVE('',#5966,#5968,#5970,.T.);
#5966 = VERTEX_POINT('',#5967);
#5967 = CARTESIAN_POINT('',(-1.7,-13.,32.));
#5968 = VERTEX_POINT('',#5969);
#5969 = CARTESIAN_POINT('',(-2.075776324555E-15,-11.3,32.));
#5970 = CIRCLE('',#5971,1.7);
#5971 = AXIS2_PLACEMENT_3D('',#5972,#5973,#5974);
#5972 = CARTESIAN_POINT('',(-2.388061258337E-15,-13.,32.));
#5973 = DIRECTION('',(0.,0.,-1.));
#5974 = DIRECTION('',(-1.,0.,0.));
#5975 = ORIENTED_EDGE('',*,*,#5976,.T.);
#5976 = EDGE_CURVE('',#5968,#5966,#5977,.T.);
#5977 = CIRCLE('',#5978,1.7);
#5978 = AXIS2_PLACEMENT_3D('',#5979,#5980,#5981);
#5979 = CARTESIAN_POINT('',(-2.388061258337E-15,-13.,32.));
#5980 = DIRECTION('',(0.,0.,-1.));
#5981 = DIRECTION('',(-1.,0.,0.));
#5982 = FACE_BOUND('',#5983,.T.);
#5983 = EDGE_LOOP('',(#5984,#5985,#5986));
#5984 = ORIENTED_EDGE('',*,*,#5435,.F.);
#5985 = ORIENTED_EDGE('',*,*,#5417,.F.);
#5986 = ORIENTED_EDGE('',*,*,#5426,.F.);
#5987 = FACE_BOUND('',#5988,.T.);
#5988 = EDGE_LOOP('',(#5989,#6000));
#5989 = ORIENTED_EDGE('',*,*,#5990,.T.);
#5990 = EDGE_CURVE('',#5991,#5993,#5995,.T.);
#5991 = VERTEX_POINT('',#5992);
#5992 = CARTESIAN_POINT('',(-1.7,13.,32.));
#5993 = VERTEX_POINT('',#5994);
#5994 = CARTESIAN_POINT('',(6.919254415183E-16,11.3,32.));
#5995 = CIRCLE('',#5996,1.7);
#5996 = AXIS2_PLACEMENT_3D('',#5997,#5998,#5999);
#5997 = CARTESIAN_POINT('',(7.960204194458E-16,13.,32.));
#5998 = DIRECTION('',(0.,0.,-1.));
#5999 = DIRECTION('',(-1.,0.,0.));
#6000 = ORIENTED_EDGE('',*,*,#6001,.T.);
#6001 = EDGE_CURVE('',#5993,#5991,#6002,.T.);
#6002 = CIRCLE('',#6003,1.7);
#6003 = AXIS2_PLACEMENT_3D('',#6004,#6005,#6006);
#6004 = CARTESIAN_POINT('',(7.960204194458E-16,13.,32.));
#6005 = DIRECTION('',(0.,0.,-1.));
#6006 = DIRECTION('',(-1.,0.,0.));
#6007 = PLANE('',#6008);
#6008 = AXIS2_PLACEMENT_3D('',#6009,#6010,#6011);
#6009 = CARTESIAN_POINT('',(0.,0.,32.));
#6010 = DIRECTION('',(0.,0.,1.));
#6011 = DIRECTION('',(1.,0.,0.));
#6012 = ADVANCED_FACE('',(#6013,#6020),#6040,.T.);
#6013 = FACE_BOUND('',#6014,.T.);
#6014 = EDGE_LOOP('',(#6015,#6016,#6017,#6018,#6019));
#6015 = ORIENTED_EDGE('',*,*,#5671,.F.);
#6016 = ORIENTED_EDGE('',*,*,#5454,.T.);
#6017 = ORIENTED_EDGE('',*,*,#5465,.T.);
#6018 = ORIENTED_EDGE('',*,*,#5726,.T.);
#6019 = ORIENTED_EDGE('',*,*,#5617,.F.);
#6020 = FACE_BOUND('',#6021,.T.);
#6021 = EDGE_LOOP('',(#6022,#6033));
#6022 = ORIENTED_EDGE('',*,*,#6023,.F.);
#6023 = EDGE_CURVE('',#6024,#6026,#6028,.T.);
#6024 = VERTEX_POINT('',#6025);
#6025 = CARTESIAN_POINT('',(6.919254415183E-16,11.3,27.95));
#6026 = VERTEX_POINT('',#6027);
#6027 = CARTESIAN_POINT('',(-1.7,13.,27.95));
#6028 = CIRCLE('',#6029,1.7);
#6029 = AXIS2_PLACEMENT_3D('',#6030,#6031,#6032);
#6030 = CARTESIAN_POINT('',(7.960204194458E-16,13.,27.95));
#6031 = DIRECTION('',(0.,0.,-1.));
#6032 = DIRECTION('',(-1.,0.,0.));
#6033 = ORIENTED_EDGE('',*,*,#6034,.F.);
#6034 = EDGE_CURVE('',#6026,#6024,#6035,.T.);
#6035 = CIRCLE('',#6036,1.7);
#6036 = AXIS2_PLACEMENT_3D('',#6037,#6038,#6039);
#6037 = CARTESIAN_POINT('',(7.960204194458E-16,13.,27.95));
#6038 = DIRECTION('',(0.,0.,-1.));
#6039 = DIRECTION('',(-1.,0.,0.));
#6040 = PLANE('',#6041);
#6041 = AXIS2_PLACEMENT_3D('',#6042,#6043,#6044);
#6042 = CARTESIAN_POINT('',(-3.,10.,27.95));
#6043 = DIRECTION('',(0.,0.,-1.));
#6044 = DIRECTION('',(2.22044604925E-16,1.,0.));
#6045 = ADVANCED_FACE('',(#6046,#6053),#6073,.F.);
#6046 = FACE_BOUND('',#6047,.F.);
#6047 = EDGE_LOOP('',(#6048,#6049,#6050,#6051,#6052));
#6048 = ORIENTED_EDGE('',*,*,#5678,.F.);
#6049 = ORIENTED_EDGE('',*,*,#5491,.T.);
#6050 = ORIENTED_EDGE('',*,*,#5482,.T.);
#6051 = ORIENTED_EDGE('',*,*,#5733,.T.);
#6052 = ORIENTED_EDGE('',*,*,#5712,.T.);
#6053 = FACE_BOUND('',#6054,.F.);
#6054 = EDGE_LOOP('',(#6055,#6066));
#6055 = ORIENTED_EDGE('',*,*,#6056,.F.);
#6056 = EDGE_CURVE('',#6057,#6059,#6061,.T.);
#6057 = VERTEX_POINT('',#6058);
#6058 = CARTESIAN_POINT('',(6.919254415183E-16,11.3,25.05));
#6059 = VERTEX_POINT('',#6060);
#6060 = CARTESIAN_POINT('',(-1.7,13.,25.05));
#6061 = CIRCLE('',#6062,1.7);
#6062 = AXIS2_PLACEMENT_3D('',#6063,#6064,#6065);
#6063 = CARTESIAN_POINT('',(7.960204194458E-16,13.,25.05));
#6064 = DIRECTION('',(0.,0.,-1.));
#6065 = DIRECTION('',(-1.,0.,0.));
#6066 = ORIENTED_EDGE('',*,*,#6067,.F.);
#6067 = EDGE_CURVE('',#6059,#6057,#6068,.T.);
#6068 = CIRCLE('',#6069,1.7);
#6069 = AXIS2_PLACEMENT_3D('',#6070,#6071,#6072);
#6070 = CARTESIAN_POINT('',(7.960204194458E-16,13.,25.05));
#6071 = DIRECTION('',(0.,0.,-1.));
#6072 = DIRECTION('',(-1.,0.,0.));
#6073 = PLANE('',#6074);
#6074 = AXIS2_PLACEMENT_3D('',#6075,#6076,#6077);
#6075 = CARTESIAN_POINT('',(-3.,10.,25.05));
#6076 = DIRECTION('',(0.,0.,-1.));
#6077 = DIRECTION('',(2.22044604925E-16,1.,0.));
#6078 = ADVANCED_FACE('',(#6079,#6086),#6106,.T.);
#6079 = FACE_BOUND('',#6080,.T.);
#6080 = EDGE_LOOP('',(#6081,#6082,#6083,#6084,#6085));
#6081 = ORIENTED_EDGE('',*,*,#5750,.F.);
#6082 = ORIENTED_EDGE('',*,*,#5508,.T.);
#6083 = ORIENTED_EDGE('',*,*,#5519,.T.);
#6084 = ORIENTED_EDGE('',*,*,#5805,.T.);
#6085 = ORIENTED_EDGE('',*,*,#5641,.F.);
#6086 = FACE_BOUND('',#6087,.T.);
#6087 = EDGE_LOOP('',(#6088,#6099));
#6088 = ORIENTED_EDGE('',*,*,#6089,.F.);
#6089 = EDGE_CURVE('',#6090,#6092,#6094,.T.);
#6090 = VERTEX_POINT('',#6091);
#6091 = CARTESIAN_POINT('',(-2.075776324555E-15,-11.3,27.95));
#6092 = VERTEX_POINT('',#6093);
#6093 = CARTESIAN_POINT('',(-1.7,-13.,27.95));
#6094 = CIRCLE('',#6095,1.7);
#6095 = AXIS2_PLACEMENT_3D('',#6096,#6097,#6098);
#6096 = CARTESIAN_POINT('',(-2.388061258337E-15,-13.,27.95));
#6097 = DIRECTION('',(0.,0.,-1.));
#6098 = DIRECTION('',(-1.,0.,0.));
#6099 = ORIENTED_EDGE('',*,*,#6100,.F.);
#6100 = EDGE_CURVE('',#6092,#6090,#6101,.T.);
#6101 = CIRCLE('',#6102,1.7);
#6102 = AXIS2_PLACEMENT_3D('',#6103,#6104,#6105);
#6103 = CARTESIAN_POINT('',(-2.388061258337E-15,-13.,27.95));
#6104 = DIRECTION('',(0.,0.,-1.));
#6105 = DIRECTION('',(-1.,0.,0.));
#6106 = PLANE('',#6107);
#6107 = AXIS2_PLACEMENT_3D('',#6108,#6109,#6110);
#6108 = CARTESIAN_POINT('',(3.,-10.,27.95));
#6109 = DIRECTION('',(0.,0.,-1.));
#6110 = DIRECTION('',(2.22044604925E-16,-1.,0.));
#6111 = ADVANCED_FACE('',(#6112,#6119),#6139,.F.);
#6112 = FACE_BOUND('',#6113,.F.);
#6113 = EDGE_LOOP('',(#6114,#6115,#6116,#6117,#6118));
#6114 = ORIENTED_EDGE('',*,*,#5757,.F.);
#6115 = ORIENTED_EDGE('',*,*,#5545,.T.);
#6116 = ORIENTED_EDGE('',*,*,#5536,.T.);
#6117 = ORIENTED_EDGE('',*,*,#5812,.T.);
#6118 = ORIENTED_EDGE('',*,*,#5791,.T.);
#6119 = FACE_BOUND('',#6120,.F.);
#6120 = EDGE_LOOP('',(#6121,#6132));
#6121 = ORIENTED_EDGE('',*,*,#6122,.F.);
#6122 = EDGE_CURVE('',#6123,#6125,#6127,.T.);
#6123 = VERTEX_POINT('',#6124);
#6124 = CARTESIAN_POINT('',(-2.075776324555E-15,-11.3,25.05));
#6125 = VERTEX_POINT('',#6126);
#6126 = CARTESIAN_POINT('',(-1.7,-13.,25.05));
#6127 = CIRCLE('',#6128,1.7);
#6128 = AXIS2_PLACEMENT_3D('',#6129,#6130,#6131);
#6129 = CARTESIAN_POINT('',(-2.388061258337E-15,-13.,25.05));
#6130 = DIRECTION('',(0.,0.,-1.));
#6131 = DIRECTION('',(-1.,0.,0.));
#6132 = ORIENTED_EDGE('',*,*,#6133,.F.);
#6133 = EDGE_CURVE('',#6125,#6123,#6134,.T.);
#6134 = CIRCLE('',#6135,1.7);
#6135 = AXIS2_PLACEMENT_3D('',#6136,#6137,#6138);
#6136 = CARTESIAN_POINT('',(-2.388061258337E-15,-13.,25.05));
#6137 = DIRECTION('',(0.,0.,-1.));
#6138 = DIRECTION('',(-1.,0.,0.));
#6139 = PLANE('',#6140);
#6140 = AXIS2_PLACEMENT_3D('',#6141,#6142,#6143);
#6141 = CARTESIAN_POINT('',(3.,-10.,25.05));
#6142 = DIRECTION('',(0.,0.,-1.));
#6143 = DIRECTION('',(2.22044604925E-16,-1.,0.));
#6144 = ADVANCED_FACE('',(#6145,#6149),#6160,.T.);
#6145 = FACE_BOUND('',#6146,.T.);
#6146 = EDGE_LOOP('',(#6147,#6148));
#6147 = ORIENTED_EDGE('',*,*,#5832,.T.);
#6148 = ORIENTED_EDGE('',*,*,#5591,.T.);
#6149 = FACE_BOUND('',#6150,.T.);
#6150 = EDGE_LOOP('',(#6151));
#6151 = ORIENTED_EDGE('',*,*,#6152,.F.);
#6152 = EDGE_CURVE('',#6153,#6153,#6155,.T.);
#6153 = VERTEX_POINT('',#6154);
#6154 = CARTESIAN_POINT('',(15.8,-3.869883885306E-15,34.));
#6155 = CIRCLE('',#6156,15.8);
#6156 = AXIS2_PLACEMENT_3D('',#6157,#6158,#6159);
#6157 = CARTESIAN_POINT('',(0.,0.,34.));
#6158 = DIRECTION('',(0.,0.,1.));
#6159 = DIRECTION('',(1.,0.,0.));
#6160 = PLANE('',#6161);
#6161 = AXIS2_PLACEMENT_3D('',#6162,#6163,#6164);
#6162 = CARTESIAN_POINT('',(0.,0.,34.));
#6163 = DIRECTION('',(0.,0.,1.));
#6164 = DIRECTION('',(1.,0.,0.));
#6165 = ADVANCED_FACE('',(#6166),#6177,.F.);
#6166 = FACE_BOUND('',#6167,.F.);
#6167 = EDGE_LOOP('',(#6168,#6169,#6175,#6176));
#6168 = ORIENTED_EDGE('',*,*,#6152,.F.);
#6169 = ORIENTED_EDGE('',*,*,#6170,.F.);
#6170 = EDGE_CURVE('',#5955,#6153,#6171,.T.);
#6171 = LINE('',#6172,#6173);
#6172 = CARTESIAN_POINT('',(15.8,-3.869883885306E-15,32.));
#6173 = VECTOR('',#6174,1.);
#6174 = DIRECTION('',(0.,0.,1.));
#6175 = ORIENTED_EDGE('',*,*,#5954,.T.);
#6176 = ORIENTED_EDGE('',*,*,#6170,.T.);
#6177 = CYLINDRICAL_SURFACE('',#6178,15.8);
#6178 = AXIS2_PLACEMENT_3D('',#6179,#6180,#6181);
#6179 = CARTESIAN_POINT('',(0.,0.,32.));
#6180 = DIRECTION('',(0.,0.,1.));
#6181 = DIRECTION('',(1.,0.,0.));
#6182 = ADVANCED_FACE('',(#6183),#6199,.F.);
#6183 = FACE_BOUND('',#6184,.F.);
#6184 = EDGE_LOOP('',(#6185,#6186,#6192,#6193));
#6185 = ORIENTED_EDGE('',*,*,#6100,.F.);
#6186 = ORIENTED_EDGE('',*,*,#6187,.F.);
#6187 = EDGE_CURVE('',#5966,#6092,#6188,.T.);
#6188 = LINE('',#6189,#6190);
#6189 = CARTESIAN_POINT('',(-1.7,-13.,32.01));
#6190 = VECTOR('',#6191,1.);
#6191 = DIRECTION('',(0.,0.,-1.));
#6192 = ORIENTED_EDGE('',*,*,#5965,.T.);
#6193 = ORIENTED_EDGE('',*,*,#6194,.F.);
#6194 = EDGE_CURVE('',#5511,#5968,#6195,.T.);
#6195 = LINE('',#6196,#6197);
#6196 = CARTESIAN_POINT('',(-2.075776324555E-15,-11.3,12.));
#6197 = VECTOR('',#6198,1.);
#6198 = DIRECTION('',(0.,0.,1.));
#6199 = CYLINDRICAL_SURFACE('',#6200,1.7);
#6200 = AXIS2_PLACEMENT_3D('',#6201,#6202,#6203);
#6201 = CARTESIAN_POINT('',(-2.388061258337E-15,-13.,32.01));
#6202 = DIRECTION('',(0.,0.,-1.));
#6203 = DIRECTION('',(-1.,0.,0.));
#6204 = ADVANCED_FACE('',(#6205),#6211,.F.);
#6205 = FACE_BOUND('',#6206,.F.);
#6206 = EDGE_LOOP('',(#6207,#6208,#6209,#6210));
#6207 = ORIENTED_EDGE('',*,*,#5976,.T.);
#6208 = ORIENTED_EDGE('',*,*,#6187,.T.);
#6209 = ORIENTED_EDGE('',*,*,#6089,.F.);
#6210 = ORIENTED_EDGE('',*,*,#6194,.T.);
#6211 = CYLINDRICAL_SURFACE('',#6212,1.7);
#6212 = AXIS2_PLACEMENT_3D('',#6213,#6214,#6215);
#6213 = CARTESIAN_POINT('',(-2.388061258337E-15,-13.,32.01));
#6214 = DIRECTION('',(0.,0.,-1.));
#6215 = DIRECTION('',(-1.,0.,0.));
#6216 = ADVANCED_FACE('',(#6217),#6233,.F.);
#6217 = FACE_BOUND('',#6218,.F.);
#6218 = EDGE_LOOP('',(#6219,#6220,#6226,#6227));
#6219 = ORIENTED_EDGE('',*,*,#6034,.F.);
#6220 = ORIENTED_EDGE('',*,*,#6221,.F.);
#6221 = EDGE_CURVE('',#5991,#6026,#6222,.T.);
#6222 = LINE('',#6223,#6224);
#6223 = CARTESIAN_POINT('',(-1.7,13.,32.01));
#6224 = VECTOR('',#6225,1.);
#6225 = DIRECTION('',(0.,0.,-1.));
#6226 = ORIENTED_EDGE('',*,*,#5990,.T.);
#6227 = ORIENTED_EDGE('',*,*,#6228,.F.);
#6228 = EDGE_CURVE('',#5457,#5427,#6229,.T.);
#6229 = LINE('',#6230,#6231);
#6230 = CARTESIAN_POINT('',(6.919254415183E-16,11.3,12.));
#6231 = VECTOR('',#6232,1.);
#6232 = DIRECTION('',(0.,0.,1.));
#6233 = CYLINDRICAL_SURFACE('',#6234,1.7);
#6234 = AXIS2_PLACEMENT_3D('',#6235,#6236,#6237);
#6235 = CARTESIAN_POINT('',(7.960204194458E-16,13.,32.01));
#6236 = DIRECTION('',(0.,0.,-1.));
#6237 = DIRECTION('',(-1.,0.,0.));
#6238 = ADVANCED_FACE('',(#6239),#6245,.F.);
#6239 = FACE_BOUND('',#6240,.F.);
#6240 = EDGE_LOOP('',(#6241,#6242,#6243,#6244));
#6241 = ORIENTED_EDGE('',*,*,#6001,.T.);
#6242 = ORIENTED_EDGE('',*,*,#6221,.T.);
#6243 = ORIENTED_EDGE('',*,*,#6023,.F.);
#6244 = ORIENTED_EDGE('',*,*,#6228,.T.);
#6245 = CYLINDRICAL_SURFACE('',#6246,1.7);
#6246 = AXIS2_PLACEMENT_3D('',#6247,#6248,#6249);
#6247 = CARTESIAN_POINT('',(7.960204194458E-16,13.,32.01));
#6248 = DIRECTION('',(0.,0.,-1.));
#6249 = DIRECTION('',(-1.,0.,0.));
#6250 = ADVANCED_FACE('',(#6251),#6277,.F.);
#6251 = FACE_BOUND('',#6252,.F.);
#6252 = EDGE_LOOP('',(#6253,#6254,#6262,#6271));
#6253 = ORIENTED_EDGE('',*,*,#6056,.T.);
#6254 = ORIENTED_EDGE('',*,*,#6255,.T.);
#6255 = EDGE_CURVE('',#6059,#6256,#6258,.T.);
#6256 = VERTEX_POINT('',#6257);
#6257 = CARTESIAN_POINT('',(-1.7,13.,23.99));
#6258 = LINE('',#6259,#6260);
#6259 = CARTESIAN_POINT('',(-1.7,13.,32.01));
#6260 = VECTOR('',#6261,1.);
#6261 = DIRECTION('',(0.,0.,-1.));
#6262 = ORIENTED_EDGE('',*,*,#6263,.F.);
#6263 = EDGE_CURVE('',#6264,#6256,#6266,.T.);
#6264 = VERTEX_POINT('',#6265);
#6265 = CARTESIAN_POINT('',(1.108305353228E-15,11.3,23.99));
#6266 = CIRCLE('',#6267,1.7);
#6267 = AXIS2_PLACEMENT_3D('',#6268,#6269,#6270);
#6268 = CARTESIAN_POINT('',(7.960204194458E-16,13.,23.99));
#6269 = DIRECTION('',(0.,0.,-1.));
#6270 = DIRECTION('',(-1.,0.,0.));
#6271 = ORIENTED_EDGE('',*,*,#6272,.T.);
#6272 = EDGE_CURVE('',#6264,#5483,#6273,.T.);
#6273 = LINE('',#6274,#6275);
#6274 = CARTESIAN_POINT('',(6.919254415183E-16,11.3,12.));
#6275 = VECTOR('',#6276,1.);
#6276 = DIRECTION('',(0.,0.,1.));
#6277 = CYLINDRICAL_SURFACE('',#6278,1.7);
#6278 = AXIS2_PLACEMENT_3D('',#6279,#6280,#6281);
#6279 = CARTESIAN_POINT('',(7.960204194458E-16,13.,32.01));
#6280 = DIRECTION('',(0.,0.,-1.));
#6281 = DIRECTION('',(-1.,0.,0.));
#6282 = ADVANCED_FACE('',(#6283),#6295,.F.);
#6283 = FACE_BOUND('',#6284,.F.);
#6284 = EDGE_LOOP('',(#6285,#6292,#6293,#6294));
#6285 = ORIENTED_EDGE('',*,*,#6286,.F.);
#6286 = EDGE_CURVE('',#6256,#6264,#6287,.T.);
#6287 = CIRCLE('',#6288,1.7);
#6288 = AXIS2_PLACEMENT_3D('',#6289,#6290,#6291);
#6289 = CARTESIAN_POINT('',(7.960204194458E-16,13.,23.99));
#6290 = DIRECTION('',(0.,0.,-1.));
#6291 = DIRECTION('',(-1.,0.,0.));
#6292 = ORIENTED_EDGE('',*,*,#6255,.F.);
#6293 = ORIENTED_EDGE('',*,*,#6067,.T.);
#6294 = ORIENTED_EDGE('',*,*,#6272,.F.);
#6295 = CYLINDRICAL_SURFACE('',#6296,1.7);
#6296 = AXIS2_PLACEMENT_3D('',#6297,#6298,#6299);
#6297 = CARTESIAN_POINT('',(7.960204194458E-16,13.,32.01));
#6298 = DIRECTION('',(0.,0.,-1.));
#6299 = DIRECTION('',(-1.,0.,0.));
#6300 = ADVANCED_FACE('',(#6301),#6327,.F.);
#6301 = FACE_BOUND('',#6302,.F.);
#6302 = EDGE_LOOP('',(#6303,#6304,#6312,#6321));
#6303 = ORIENTED_EDGE('',*,*,#6122,.T.);
#6304 = ORIENTED_EDGE('',*,*,#6305,.T.);
#6305 = EDGE_CURVE('',#6125,#6306,#6308,.T.);
#6306 = VERTEX_POINT('',#6307);
#6307 = CARTESIAN_POINT('',(-1.7,-13.,23.99));
#6308 = LINE('',#6309,#6310);
#6309 = CARTESIAN_POINT('',(-1.7,-13.,32.01));
#6310 = VECTOR('',#6311,1.);
#6311 = DIRECTION('',(0.,0.,-1.));
#6312 = ORIENTED_EDGE('',*,*,#6313,.F.);
#6313 = EDGE_CURVE('',#6314,#6306,#6316,.T.);
#6314 = VERTEX_POINT('',#6315);
#6315 = CARTESIAN_POINT('',(-2.492156236265E-15,-11.3,23.99));
#6316 = CIRCLE('',#6317,1.7);
#6317 = AXIS2_PLACEMENT_3D('',#6318,#6319,#6320);
#6318 = CARTESIAN_POINT('',(-2.388061258337E-15,-13.,23.99));
#6319 = DIRECTION('',(0.,0.,-1.));
#6320 = DIRECTION('',(-1.,0.,0.));
#6321 = ORIENTED_EDGE('',*,*,#6322,.T.);
#6322 = EDGE_CURVE('',#6314,#5537,#6323,.T.);
#6323 = LINE('',#6324,#6325);
#6324 = CARTESIAN_POINT('',(-2.075776324555E-15,-11.3,12.));
#6325 = VECTOR('',#6326,1.);
#6326 = DIRECTION('',(0.,0.,1.));
#6327 = CYLINDRICAL_SURFACE('',#6328,1.7);
#6328 = AXIS2_PLACEMENT_3D('',#6329,#6330,#6331);
#6329 = CARTESIAN_POINT('',(-2.388061258337E-15,-13.,32.01));
#6330 = DIRECTION('',(0.,0.,-1.));
#6331 = DIRECTION('',(-1.,0.,0.));
#6332 = ADVANCED_FACE('',(#6333),#6345,.F.);
#6333 = FACE_BOUND('',#6334,.F.);
#6334 = EDGE_LOOP('',(#6335,#6342,#6343,#6344));
#6335 = ORIENTED_EDGE('',*,*,#6336,.F.);
#6336 = EDGE_CURVE('',#6306,#6314,#6337,.T.);
#6337 = CIRCLE('',#6338,1.7);
#6338 = AXIS2_PLACEMENT_3D('',#6339,#6340,#6341);
#6339 = CARTESIAN_POINT('',(-2.388061258337E-15,-13.,23.99));
#6340 = DIRECTION('',(0.,0.,-1.));
#6341 = DIRECTION('',(-1.,0.,0.));
#6342 = ORIENTED_EDGE('',*,*,#6305,.F.);
#6343 = ORIENTED_EDGE('',*,*,#6133,.T.);
#6344 = ORIENTED_EDGE('',*,*,#6322,.F.);
#6345 = CYLINDRICAL_SURFACE('',#6346,1.7);
#6346 = AXIS2_PLACEMENT_3D('',#6347,#6348,#6349);
#6347 = CARTESIAN_POINT('',(-2.388061258337E-15,-13.,32.01));
#6348 = DIRECTION('',(0.,0.,-1.));
#6349 = DIRECTION('',(-1.,0.,0.));
#6350 = ADVANCED_FACE('',(#6351),#6377,.F.);
#6351 = FACE_BOUND('',#6352,.F.);
#6352 = EDGE_LOOP('',(#6353,#6361,#6370,#6376));
#6353 = ORIENTED_EDGE('',*,*,#6354,.T.);
#6354 = EDGE_CURVE('',#6256,#6355,#6357,.T.);
#6355 = VERTEX_POINT('',#6356);
#6356 = CARTESIAN_POINT('',(-1.7,13.,18.11));
#6357 = LINE('',#6358,#6359);
#6358 = CARTESIAN_POINT('',(-1.7,13.,26.51));
#6359 = VECTOR('',#6360,1.);
#6360 = DIRECTION('',(0.,0.,-1.));
#6361 = ORIENTED_EDGE('',*,*,#6362,.F.);
#6362 = EDGE_CURVE('',#6363,#6355,#6365,.T.);
#6363 = VERTEX_POINT('',#6364);
#6364 = CARTESIAN_POINT('',(1.108305353228E-15,11.3,18.11));
#6365 = CIRCLE('',#6366,1.7);
#6366 = AXIS2_PLACEMENT_3D('',#6367,#6368,#6369);
#6367 = CARTESIAN_POINT('',(7.960204194458E-16,13.,18.11));
#6368 = DIRECTION('',(0.,0.,-1.));
#6369 = DIRECTION('',(-1.,0.,0.));
#6370 = ORIENTED_EDGE('',*,*,#6371,.T.);
#6371 = EDGE_CURVE('',#6363,#6264,#6372,.T.);
#6372 = LINE('',#6373,#6374);
#6373 = CARTESIAN_POINT('',(6.919254415183E-16,11.3,12.));
#6374 = VECTOR('',#6375,1.);
#6375 = DIRECTION('',(0.,0.,1.));
#6376 = ORIENTED_EDGE('',*,*,#6263,.T.);
#6377 = CYLINDRICAL_SURFACE('',#6378,1.7);
#6378 = AXIS2_PLACEMENT_3D('',#6379,#6380,#6381);
#6379 = CARTESIAN_POINT('',(7.960204194458E-16,13.,26.51));
#6380 = DIRECTION('',(0.,0.,-1.));
#6381 = DIRECTION('',(-1.,0.,0.));
#6382 = ADVANCED_FACE('',(#6383),#6395,.F.);
#6383 = FACE_BOUND('',#6384,.F.);
#6384 = EDGE_LOOP('',(#6385,#6392,#6393,#6394));
#6385 = ORIENTED_EDGE('',*,*,#6386,.F.);
#6386 = EDGE_CURVE('',#6355,#6363,#6387,.T.);
#6387 = CIRCLE('',#6388,1.7);
#6388 = AXIS2_PLACEMENT_3D('',#6389,#6390,#6391);
#6389 = CARTESIAN_POINT('',(7.960204194458E-16,13.,18.11));
#6390 = DIRECTION('',(0.,0.,-1.));
#6391 = DIRECTION('',(-1.,0.,0.));
#6392 = ORIENTED_EDGE('',*,*,#6354,.F.);
#6393 = ORIENTED_EDGE('',*,*,#6286,.T.);
#6394 = ORIENTED_EDGE('',*,*,#6371,.F.);
#6395 = CYLINDRICAL_SURFACE('',#6396,1.7);
#6396 = AXIS2_PLACEMENT_3D('',#6397,#6398,#6399);
#6397 = CARTESIAN_POINT('',(7.960204194458E-16,13.,26.51));
#6398 = DIRECTION('',(0.,0.,-1.));
#6399 = DIRECTION('',(-1.,0.,0.));
#6400 = ADVANCED_FACE('',(#6401),#6427,.F.);
#6401 = FACE_BOUND('',#6402,.F.);
#6402 = EDGE_LOOP('',(#6403,#6411,#6420,#6426));
#6403 = ORIENTED_EDGE('',*,*,#6404,.T.);
#6404 = EDGE_CURVE('',#6306,#6405,#6407,.T.);
#6405 = VERTEX_POINT('',#6406);
#6406 = CARTESIAN_POINT('',(-1.7,-13.,18.11));
#6407 = LINE('',#6408,#6409);
#6408 = CARTESIAN_POINT('',(-1.7,-13.,26.51));
#6409 = VECTOR('',#6410,1.);
#6410 = DIRECTION('',(0.,0.,-1.));
#6411 = ORIENTED_EDGE('',*,*,#6412,.F.);
#6412 = EDGE_CURVE('',#6413,#6405,#6415,.T.);
#6413 = VERTEX_POINT('',#6414);
#6414 = CARTESIAN_POINT('',(-2.492156236265E-15,-11.3,18.11));
#6415 = CIRCLE('',#6416,1.7);
#6416 = AXIS2_PLACEMENT_3D('',#6417,#6418,#6419);
#6417 = CARTESIAN_POINT('',(-2.388061258337E-15,-13.,18.11));
#6418 = DIRECTION('',(0.,0.,-1.));
#6419 = DIRECTION('',(-1.,0.,0.));
#6420 = ORIENTED_EDGE('',*,*,#6421,.T.);
#6421 = EDGE_CURVE('',#6413,#6314,#6422,.T.);
#6422 = LINE('',#6423,#6424);
#6423 = CARTESIAN_POINT('',(-2.075776324555E-15,-11.3,12.));
#6424 = VECTOR('',#6425,1.);
#6425 = DIRECTION('',(0.,0.,1.));
#6426 = ORIENTED_EDGE('',*,*,#6313,.T.);
#6427 = CYLINDRICAL_SURFACE('',#6428,1.7);
#6428 = AXIS2_PLACEMENT_3D('',#6429,#6430,#6431);
#6429 = CARTESIAN_POINT('',(-2.388061258337E-15,-13.,26.51));
#6430 = DIRECTION('',(0.,0.,-1.));
#6431 = DIRECTION('',(-1.,0.,0.));
#6432 = ADVANCED_FACE('',(#6433),#6445,.F.);
#6433 = FACE_BOUND('',#6434,.F.);
#6434 = EDGE_LOOP('',(#6435,#6442,#6443,#6444));
#6435 = ORIENTED_EDGE('',*,*,#6436,.F.);
#6436 = EDGE_CURVE('',#6405,#6413,#6437,.T.);
#6437 = CIRCLE('',#6438,1.7);
#6438 = AXIS2_PLACEMENT_3D('',#6439,#6440,#6441);
#6439 = CARTESIAN_POINT('',(-2.388061258337E-15,-13.,18.11));
#6440 = DIRECTION('',(0.,0.,-1.));
#6441 = DIRECTION('',(-1.,0.,0.));
#6442 = ORIENTED_EDGE('',*,*,#6404,.F.);
#6443 = ORIENTED_EDGE('',*,*,#6336,.T.);
#6444 = ORIENTED_EDGE('',*,*,#6421,.F.);
#6445 = CYLINDRICAL_SURFACE('',#6446,1.7);
#6446 = AXIS2_PLACEMENT_3D('',#6447,#6448,#6449);
#6447 = CARTESIAN_POINT('',(-2.388061258337E-15,-13.,26.51));
#6448 = DIRECTION('',(0.,0.,-1.));
#6449 = DIRECTION('',(-1.,0.,0.));
#6450 = ADVANCED_FACE('',(#6451),#6455,.F.);
#6451 = FACE_BOUND('',#6452,.F.);
#6452 = EDGE_LOOP('',(#6453,#6454));
#6453 = ORIENTED_EDGE('',*,*,#6386,.T.);
#6454 = ORIENTED_EDGE('',*,*,#6362,.T.);
#6455 = PLANE('',#6456);
#6456 = AXIS2_PLACEMENT_3D('',#6457,#6458,#6459);
#6457 = CARTESIAN_POINT('',(7.960204194458E-16,13.,18.11));
#6458 = DIRECTION('',(0.,0.,-1.));
#6459 = DIRECTION('',(-1.,0.,0.));
#6460 = ADVANCED_FACE('',(#6461),#6465,.F.);
#6461 = FACE_BOUND('',#6462,.F.);
#6462 = EDGE_LOOP('',(#6463,#6464));
#6463 = ORIENTED_EDGE('',*,*,#6436,.T.);
#6464 = ORIENTED_EDGE('',*,*,#6412,.T.);
#6465 = PLANE('',#6466);
#6466 = AXIS2_PLACEMENT_3D('',#6467,#6468,#6469);
#6467 = CARTESIAN_POINT('',(-2.388061258337E-15,-13.,18.11));
#6468 = DIRECTION('',(0.,0.,-1.));
#6469 = DIRECTION('',(-1.,0.,0.));
#6470 = ( GEOMETRIC_REPRESENTATION_CONTEXT(3) 
GLOBAL_UNCERTAINTY_ASSIGNED_CONTEXT((#6474)) 
GLOBAL_UNIT_ASSIGNED_CONTEXT((#6471,#6472,#6473)) REPRESENTATION_CONTEXT
('Context #1','3D Context with UNIT and UNCERTAINTY') );
#6471 = ( LENGTH_UNIT() NAMED_UNIT(*) SI_UNIT(.MILLI.,.METRE.) );
#6472 = ( NAMED_UNIT(*) PLANE_ANGLE_UNIT() SI_UNIT($,.RADIAN.) );
#6473 = ( NAMED_UNIT(*) SI_UNIT($,.STERADIAN.) SOLID_ANGLE_UNIT() );
#6474 = UNCERTAINTY_MEASURE_WITH_UNIT(LENGTH_MEASURE(5.E-07),#6471,
  'distance_accuracy_value','confusion accuracy');
#6475 = PRODUCT_RELATED_PRODUCT_CATEGORY('part',$,(#7));
ENDSEC;
END-ISO-10303-21;
