ISO-10303-21;
HEADER;
FILE_DESCRIPTION(('FreeCAD Model'),'2;1');
FILE_NAME('Open CASCADE Shape Model','2026-10-01T14:13:16',('FreeCAD'),(
    'FreeCAD'),'Open CASCADE STEP processor 7.9','FreeCAD','Unknown');
FILE_SCHEMA(('AUTOMOTIVE_DESIGN { 1 0 10303 214 1 1 1 1 }'));
ENDSEC;
DATA;
#1 = APPLICATION_PROTOCOL_DEFINITION('international standard',
  'automotive_design',2000,#2);
#2 = APPLICATION_CONTEXT(
  'core data for automotive mechanical design processes');
#3 = SHAPE_DEFINITION_REPRESENTATION(#4,#10);
#4 = PRODUCT_DEFINITION_SHAPE('','',#5);
#5 = PRODUCT_DEFINITION('design','',#6,#9);
#6 = PRODUCT_DEFINITION_FORMATION('','',#7);
#7 = PRODUCT('Open CASCADE STEP translator 7.9 25',
  'Open CASCADE STEP translator 7.9 25','',(#8));
#8 = PRODUCT_CONTEXT('',#2,'mechanical');
#9 = PRODUCT_DEFINITION_CONTEXT('part definition',#2,'design');
#10 = ADVANCED_BREP_SHAPE_REPRESENTATION('',(#11,#15),#3931);
#11 = AXIS2_PLACEMENT_3D('',#12,#13,#14);
#12 = CARTESIAN_POINT('',(0.,0.,0.));
#13 = DIRECTION('',(0.,0.,1.));
#14 = DIRECTION('',(1.,0.,-0.));
#15 = MANIFOLD_SOLID_BREP('',#16);
#16 = CLOSED_SHELL('',(#17,#50,#763,#1476,#1500,#1533,#2053,#2084,#2103,
    #2129,#2160,#2179,#2205,#2236,#2255,#2281,#2312,#2331,#2357,#2388,
    #2407,#2433,#2464,#2483,#2509,#2540,#2559,#2585,#2611,#3026,#3038,
    #3050,#3062,#3074,#3086,#3098,#3110,#3122,#3144,#3161,#3178,#3190,
    #3215,#3237,#3254,#3271,#3283,#3305,#3322,#3339,#3351,#3373,#3390,
    #3407,#3419,#3444,#3466,#3483,#3500,#3512,#3529,#3554,#3576,#3593,
    #3610,#3622,#3647,#3669,#3686,#3703,#3715,#3737,#3754,#3771,#3783,
    #3808,#3833,#3858,#3883,#3895,#3907,#3919));
#17 = ADVANCED_FACE('',(#18),#45,.T.);
#18 = FACE_BOUND('',#19,.T.);
#19 = EDGE_LOOP('',(#20,#30,#37,#38));
#20 = ORIENTED_EDGE('',*,*,#21,.T.);
#21 = EDGE_CURVE('',#22,#24,#26,.T.);
#22 = VERTEX_POINT('',#23);
#23 = CARTESIAN_POINT('',(0.,152.,659.));
#24 = VERTEX_POINT('',#25);
#25 = CARTESIAN_POINT('',(0.,156.,659.));
#26 = LINE('',#27,#28);
#27 = CARTESIAN_POINT('',(-1.469576158977E-14,150.,659.));
#28 = VECTOR('',#29,1.);
#29 = DIRECTION('',(0.,1.,0.));
#30 = ORIENTED_EDGE('',*,*,#31,.F.);
#31 = EDGE_CURVE('',#24,#24,#32,.T.);
#32 = CIRCLE('',#33,60.);
#33 = AXIS2_PLACEMENT_3D('',#34,#35,#36);
#34 = CARTESIAN_POINT('',(0.,156.,599.));
#35 = DIRECTION('',(0.,1.,0.));
#36 = DIRECTION('',(0.,0.,1.));
#37 = ORIENTED_EDGE('',*,*,#21,.F.);
#38 = ORIENTED_EDGE('',*,*,#39,.T.);
#39 = EDGE_CURVE('',#22,#22,#40,.T.);
#40 = CIRCLE('',#41,60.);
#41 = AXIS2_PLACEMENT_3D('',#42,#43,#44);
#42 = CARTESIAN_POINT('',(0.,152.,599.));
#43 = DIRECTION('',(0.,1.,0.));
#44 = DIRECTION('',(0.,0.,1.));
#45 = CYLINDRICAL_SURFACE('',#46,60.);
#46 = AXIS2_PLACEMENT_3D('',#47,#48,#49);
#47 = CARTESIAN_POINT('',(0.,150.,599.));
#48 = DIRECTION('',(0.,1.,0.));
#49 = DIRECTION('',(0.,0.,1.));
#50 = ADVANCED_FACE('',(#51),#758,.T.);
#51 = FACE_BOUND('',#52,.F.);
#52 = EDGE_LOOP('',(#53,#67,#74,#75,#76,#88,#115,#124,#151,#163,#175,
    #202,#211,#238,#250,#262,#289,#298,#325,#337,#349,#376,#385,#412,
    #424,#436,#463,#472,#499,#511,#523,#550,#559,#586,#598,#610,#637,
    #646,#673,#685,#697,#724,#733));
#53 = ORIENTED_EDGE('',*,*,#54,.T.);
#54 = EDGE_CURVE('',#55,#57,#59,.T.);
#55 = VERTEX_POINT('',#56);
#56 = CARTESIAN_POINT('',(-3.5,150.00278489621,657.));
#57 = VERTEX_POINT('',#58);
#58 = CARTESIAN_POINT('',(0.,150.,657.));
#59 = B_SPLINE_CURVE_WITH_KNOTS('',6,(#60,#61,#62,#63,#64,#65,#66),
  .UNSPECIFIED.,.F.,.F.,(7,7),(0.,1.),.PIECEWISE_BEZIER_KNOTS.);
#60 = CARTESIAN_POINT('',(-4.2,150.00577447047,657.));
#61 = CARTESIAN_POINT('',(-3.500313787294,150.00192601006,657.));
#62 = CARTESIAN_POINT('',(-2.800433603003,150.00038721856,657.));
#63 = CARTESIAN_POINT('',(-2.100415199387,149.99999921975,657.));
#64 = CARTESIAN_POINT('',(-1.400307757668,150.00000024821,657.));
#65 = CARTESIAN_POINT('',(-0.700155957034,150.,657.));
#66 = CARTESIAN_POINT('',(0.,150.,657.));
#67 = ORIENTED_EDGE('',*,*,#68,.F.);
#68 = EDGE_CURVE('',#22,#57,#69,.T.);
#69 = CIRCLE('',#70,2.);
#70 = AXIS2_PLACEMENT_3D('',#71,#72,#73);
#71 = CARTESIAN_POINT('',(0.,152.,657.));
#72 = DIRECTION('',(1.,0.,-0.));
#73 = DIRECTION('',(0.,0.,1.));
#74 = ORIENTED_EDGE('',*,*,#39,.F.);
#75 = ORIENTED_EDGE('',*,*,#68,.T.);
#76 = ORIENTED_EDGE('',*,*,#77,.F.);
#77 = EDGE_CURVE('',#78,#57,#80,.T.);
#78 = VERTEX_POINT('',#79);
#79 = CARTESIAN_POINT('',(3.5,150.00278489621,657.));
#80 = B_SPLINE_CURVE_WITH_KNOTS('',6,(#81,#82,#83,#84,#85,#86,#87),
  .UNSPECIFIED.,.F.,.F.,(7,7),(0.,1.),.PIECEWISE_BEZIER_KNOTS.);
#81 = CARTESIAN_POINT('',(4.2,150.00577447047,657.));
#82 = CARTESIAN_POINT('',(3.500313787294,150.00192601006,657.));
#83 = CARTESIAN_POINT('',(2.800433603003,150.00038721856,657.));
#84 = CARTESIAN_POINT('',(2.100415199388,149.99999921975,657.));
#85 = CARTESIAN_POINT('',(1.400307757668,150.00000024821,657.));
#86 = CARTESIAN_POINT('',(0.700155957034,150.,657.));
#87 = CARTESIAN_POINT('',(0.,150.,657.));
#88 = ORIENTED_EDGE('',*,*,#89,.T.);
#89 = EDGE_CURVE('',#78,#90,#92,.T.);
#90 = VERTEX_POINT('',#91);
#91 = CARTESIAN_POINT('',(3.5,150.,656.89430023758));
#92 = B_SPLINE_CURVE_WITH_KNOTS('',6,(#93,#94,#95,#96,#97,#98,#99,#100,
    #101,#102,#103,#104,#105,#106,#107,#108,#109,#110,#111,#112,#113,
    #114),.UNSPECIFIED.,.F.,.F.,(7,5,5,5,7),(0.,0.345425176761,
    0.51740141262,0.687441668118,1.),.UNSPECIFIED.);
#93 = CARTESIAN_POINT('',(3.5,152.,658.89782967687));
#94 = CARTESIAN_POINT('',(3.5,151.81901204153,658.89782967687));
#95 = CARTESIAN_POINT('',(3.5,151.63799235316,658.87814207886));
#96 = CARTESIAN_POINT('',(3.5,151.45968784938,658.83875472169));
#97 = CARTESIAN_POINT('',(3.5,151.28672793501,658.78019156299));
#98 = CARTESIAN_POINT('',(3.5,151.12162782803,658.70337557203));
#99 = CARTESIAN_POINT('',(3.5,150.88960008588,658.56312739937));
#100 = CARTESIAN_POINT('',(3.5,150.81499706633,658.51233824062));
#101 = CARTESIAN_POINT('',(3.5,150.74319648667,658.45754880786));
#102 = CARTESIAN_POINT('',(3.5,150.67446305986,658.39895529645));
#103 = CARTESIAN_POINT('',(3.5,150.60904256127,658.33677683927));
#104 = CARTESIAN_POINT('',(3.5,150.48597645437,658.20647037481));
#105 = CARTESIAN_POINT('',(3.5,150.4282503884,658.13841593086));
#106 = CARTESIAN_POINT('',(3.5,150.37420146321,658.06732484939));
#107 = CARTESIAN_POINT('',(3.5,150.32402542857,657.99344749291));
#108 = CARTESIAN_POINT('',(3.5,150.27789493928,657.91705043036));
#109 = CARTESIAN_POINT('',(3.5,150.15887522554,657.69387367936));
#110 = CARTESIAN_POINT('',(3.5,150.09595433743,657.54175265575));
#111 = CARTESIAN_POINT('',(3.5,150.0481414883,657.38382655159));
#112 = CARTESIAN_POINT('',(3.5,150.01604483731,657.22197073867));
#113 = CARTESIAN_POINT('',(3.5,150.,657.05812659471));
#114 = CARTESIAN_POINT('',(3.5,150.,656.89430023758));
#115 = ORIENTED_EDGE('',*,*,#116,.T.);
#116 = EDGE_CURVE('',#90,#117,#119,.T.);
#117 = VERTEX_POINT('',#118);
#118 = CARTESIAN_POINT('',(38.462578555896,150.,642.4123260242));
#119 = CIRCLE('',#120,58.);
#120 = AXIS2_PLACEMENT_3D('',#121,#122,#123);
#121 = CARTESIAN_POINT('',(0.,150.,599.));
#122 = DIRECTION('',(0.,1.,0.));
#123 = DIRECTION('',(0.,0.,1.));
#124 = ORIENTED_EDGE('',*,*,#125,.F.);
#125 = EDGE_CURVE('',#126,#117,#128,.T.);
#126 = VERTEX_POINT('',#127);
#127 = CARTESIAN_POINT('',(38.537319574667,150.00278489621,
    642.48706704297));
#128 = B_SPLINE_CURVE_WITH_KNOTS('',6,(#129,#130,#131,#132,#133,#134,
    #135,#136,#137,#138,#139,#140,#141,#142,#143,#144,#145,#146,#147,
    #148,#149,#150),.UNSPECIFIED.,.F.,.F.,(7,5,5,5,7),(0.,0.34542517658,
    0.517401412438,0.687441667937,1.),.UNSPECIFIED.);
#129 = CARTESIAN_POINT('',(39.879287808723,152.,643.82903527702));
#130 = CARTESIAN_POINT('',(39.879287808723,151.81901204163,
    643.82903527702));
#131 = CARTESIAN_POINT('',(39.865366574675,151.63799235335,
    643.81511404298));
#132 = CARTESIAN_POINT('',(39.837515507358,151.45968784966,
    643.78726297566));
#133 = CARTESIAN_POINT('',(39.79610510076,151.28672793537,
    643.74585256906));
#134 = CARTESIAN_POINT('',(39.741787992706,151.12162782846,
    643.69153546101));
#135 = CARTESIAN_POINT('',(39.642617558851,150.88960008635,
    643.59236502715));
#136 = CARTESIAN_POINT('',(39.606704200298,150.81499706679,
    643.5564516686));
#137 = CARTESIAN_POINT('',(39.567962220873,150.74319648711,
    643.51770968917));
#138 = CARTESIAN_POINT('',(39.526530351632,150.67446306029,
    643.47627781993));
#139 = CARTESIAN_POINT('',(39.48256354293,150.60904256168,
    643.43231101123));
#140 = CARTESIAN_POINT('',(39.390422958308,150.48597645475,
    643.34017042661));
#141 = CARTESIAN_POINT('',(39.34230119951,150.42825038875,
    643.29204866781));
#142 = CARTESIAN_POINT('',(39.292032213733,150.37420146354,
    643.24177968203));
#143 = CARTESIAN_POINT('',(39.239793033996,150.32402542888,
    643.1895405023));
#144 = CARTESIAN_POINT('',(39.185772153017,150.27789493958,
    643.13551962132));
#145 = CARTESIAN_POINT('',(39.027962358947,150.15887522572,
    642.97770982725));
#146 = CARTESIAN_POINT('',(38.920396551535,150.09595433754,
    642.87014401984));
#147 = CARTESIAN_POINT('',(38.808725932296,150.04814148836,
    642.7584734006));
#148 = CARTESIAN_POINT('',(38.694276589346,150.01604483733,
    642.64402405765));
#149 = CARTESIAN_POINT('',(38.578421284023,150.,642.52816875232));
#150 = CARTESIAN_POINT('',(38.462578555896,150.,642.4123260242));
#151 = ORIENTED_EDGE('',*,*,#152,.T.);
#152 = EDGE_CURVE('',#126,#153,#155,.T.);
#153 = VERTEX_POINT('',#154);
#154 = CARTESIAN_POINT('',(41.01219330882,150.,640.01219330882));
#155 = B_SPLINE_CURVE_WITH_KNOTS('',6,(#156,#157,#158,#159,#160,#161,
    #162),.UNSPECIFIED.,.F.,.F.,(7,7),(0.,1.),.PIECEWISE_BEZIER_KNOTS.);
#156 = CARTESIAN_POINT('',(38.042344827836,150.00577447047,
    642.9820417898));
#157 = CARTESIAN_POINT('',(38.537097693544,150.00192601006,
    642.48728892409));
#158 = CARTESIAN_POINT('',(39.031987717874,150.00038721856,
    641.99239889976));
#159 = CARTESIAN_POINT('',(39.526975478027,149.99999921975,
    641.49741113961));
#160 = CARTESIAN_POINT('',(40.022026197626,150.00000024821,
    641.00236042001));
#161 = CARTESIAN_POINT('',(40.517108283716,150.,640.50727833392));
#162 = CARTESIAN_POINT('',(41.012193308821,150.,640.01219330881));
#163 = ORIENTED_EDGE('',*,*,#164,.F.);
#164 = EDGE_CURVE('',#165,#153,#167,.T.);
#165 = VERTEX_POINT('',#166);
#166 = CARTESIAN_POINT('',(43.487067042973,150.00278489621,
    637.53731957466));
#167 = B_SPLINE_CURVE_WITH_KNOTS('',6,(#168,#169,#170,#171,#172,#173,
    #174),.UNSPECIFIED.,.F.,.F.,(7,7),(0.,1.),.PIECEWISE_BEZIER_KNOTS.);
#168 = CARTESIAN_POINT('',(43.982041789803,150.00577447047,
    637.04234482783));
#169 = CARTESIAN_POINT('',(43.487288924096,150.00192601006,
    637.53709769354));
#170 = CARTESIAN_POINT('',(42.992398899766,150.00038721856,
    638.03198771787));
#171 = CARTESIAN_POINT('',(42.497411139614,149.99999921975,
    638.52697547802));
#172 = CARTESIAN_POINT('',(42.002360420016,150.00000024821,
    639.02202619762));
#173 = CARTESIAN_POINT('',(41.507278333927,150.,639.51710828371));
#174 = CARTESIAN_POINT('',(41.012193308821,150.,640.01219330881));
#175 = ORIENTED_EDGE('',*,*,#176,.T.);
#176 = EDGE_CURVE('',#165,#177,#179,.T.);
#177 = VERTEX_POINT('',#178);
#178 = CARTESIAN_POINT('',(43.412326024201,150.,637.46257855589));
#179 = B_SPLINE_CURVE_WITH_KNOTS('',6,(#180,#181,#182,#183,#184,#185,
    #186,#187,#188,#189,#190,#191,#192,#193,#194,#195,#196,#197,#198,
    #199,#200,#201),.UNSPECIFIED.,.F.,.F.,(7,5,5,5,7),(0.,0.34542517658,
    0.517401412438,0.687441667937,1.),.UNSPECIFIED.);
#180 = CARTESIAN_POINT('',(44.829035277029,152.,638.87928780872));
#181 = CARTESIAN_POINT('',(44.829035277029,151.81901204163,
    638.87928780872));
#182 = CARTESIAN_POINT('',(44.815114042981,151.63799235335,
    638.86536657467));
#183 = CARTESIAN_POINT('',(44.787262975664,151.45968784966,
    638.83751550735));
#184 = CARTESIAN_POINT('',(44.745852569067,151.28672793537,
    638.79610510076));
#185 = CARTESIAN_POINT('',(44.691535461012,151.12162782846,
    638.7417879927));
#186 = CARTESIAN_POINT('',(44.592365027157,150.88960008635,
    638.64261755885));
#187 = CARTESIAN_POINT('',(44.556451668604,150.81499706679,
    638.60670420029));
#188 = CARTESIAN_POINT('',(44.517709689179,150.74319648711,
    638.56796222087));
#189 = CARTESIAN_POINT('',(44.476277819938,150.67446306029,
    638.52653035163));
#190 = CARTESIAN_POINT('',(44.432311011236,150.60904256168,
    638.48256354293));
#191 = CARTESIAN_POINT('',(44.340170426614,150.48597645475,
    638.3904229583));
#192 = CARTESIAN_POINT('',(44.292048667816,150.42825038875,
    638.34230119951));
#193 = CARTESIAN_POINT('',(44.241779682039,150.37420146354,
    638.29203221373));
#194 = CARTESIAN_POINT('',(44.189540502302,150.32402542888,
    638.23979303399));
#195 = CARTESIAN_POINT('',(44.135519621323,150.27789493958,
    638.18577215301));
#196 = CARTESIAN_POINT('',(43.977709827253,150.15887522572,
    638.02796235894));
#197 = CARTESIAN_POINT('',(43.87014401984,150.09595433754,
    637.92039655153));
#198 = CARTESIAN_POINT('',(43.758473400602,150.04814148836,
    637.80872593229));
#199 = CARTESIAN_POINT('',(43.644024057652,150.01604483733,
    637.69427658934));
#200 = CARTESIAN_POINT('',(43.528168752329,150.,637.57842128402));
#201 = CARTESIAN_POINT('',(43.412326024201,150.,637.46257855589));
#202 = ORIENTED_EDGE('',*,*,#203,.T.);
#203 = EDGE_CURVE('',#177,#204,#206,.T.);
#204 = VERTEX_POINT('',#205);
#205 = CARTESIAN_POINT('',(57.894300237588,150.,602.5));
#206 = CIRCLE('',#207,58.);
#207 = AXIS2_PLACEMENT_3D('',#208,#209,#210);
#208 = CARTESIAN_POINT('',(0.,150.,599.));
#209 = DIRECTION('',(0.,1.,0.));
#210 = DIRECTION('',(0.,0.,1.));
#211 = ORIENTED_EDGE('',*,*,#212,.F.);
#212 = EDGE_CURVE('',#213,#204,#215,.T.);
#213 = VERTEX_POINT('',#214);
#214 = CARTESIAN_POINT('',(58.,150.00278489621,602.5));
#215 = B_SPLINE_CURVE_WITH_KNOTS('',6,(#216,#217,#218,#219,#220,#221,
    #222,#223,#224,#225,#226,#227,#228,#229,#230,#231,#232,#233,#234,
    #235,#236,#237),.UNSPECIFIED.,.F.,.F.,(7,5,5,5,7),(0.,0.345425177112
    ,0.517401412971,0.68744166847,1.),.UNSPECIFIED.);
#216 = CARTESIAN_POINT('',(59.897829676876,152.,602.5));
#217 = CARTESIAN_POINT('',(59.897829676876,151.81901204135,602.5));
#218 = CARTESIAN_POINT('',(59.87814207882,151.63799235279,602.5));
#219 = CARTESIAN_POINT('',(59.838754721572,151.45968784884,602.5));
#220 = CARTESIAN_POINT('',(59.780191562759,151.28672793431,602.5));
#221 = CARTESIAN_POINT('',(59.703375571648,151.12162782719,602.5));
#222 = CARTESIAN_POINT('',(59.563127398765,150.88960008496,602.5));
#223 = CARTESIAN_POINT('',(59.512338239967,150.81499706544,602.5));
#224 = CARTESIAN_POINT('',(59.45754880717,150.7431964858,602.5));
#225 = CARTESIAN_POINT('',(59.398955295718,150.67446305903,602.5));
#226 = CARTESIAN_POINT('',(59.336776838502,150.60904256047,602.5));
#227 = CARTESIAN_POINT('',(59.206470373981,150.48597645365,602.5));
#228 = CARTESIAN_POINT('',(59.138415929995,150.42825038771,602.5));
#229 = CARTESIAN_POINT('',(59.067324848498,150.37420146256,602.5));
#230 = CARTESIAN_POINT('',(58.993447491985,150.32402542796,602.5));
#231 = CARTESIAN_POINT('',(58.917050429413,150.27789493872,602.5));
#232 = CARTESIAN_POINT('',(58.693873678512,150.15887522518,602.5));
#233 = CARTESIAN_POINT('',(58.541752655041,150.09595433722,602.5));
#234 = CARTESIAN_POINT('',(58.383826551045,150.0481414882,602.5));
#235 = CARTESIAN_POINT('',(58.22197073831,150.01604483727,602.5));
#236 = CARTESIAN_POINT('',(58.058126594528,150.,602.5));
#237 = CARTESIAN_POINT('',(57.894300237588,150.,602.5));
#238 = ORIENTED_EDGE('',*,*,#239,.T.);
#239 = EDGE_CURVE('',#213,#240,#242,.T.);
#240 = VERTEX_POINT('',#241);
#241 = CARTESIAN_POINT('',(58.,150.,599.));
#242 = B_SPLINE_CURVE_WITH_KNOTS('',6,(#243,#244,#245,#246,#247,#248,
    #249),.UNSPECIFIED.,.F.,.F.,(7,7),(0.,1.),.PIECEWISE_BEZIER_KNOTS.);
#243 = CARTESIAN_POINT('',(58.,150.00577447047,603.2));
#244 = CARTESIAN_POINT('',(58.,150.00192601006,602.5003137878));
#245 = CARTESIAN_POINT('',(58.,150.00038721856,601.80043360403));
#246 = CARTESIAN_POINT('',(58.,149.99999921975,601.10041520092));
#247 = CARTESIAN_POINT('',(58.,150.00000024821,600.40030775972));
#248 = CARTESIAN_POINT('',(58.,150.,599.7001559596));
#249 = CARTESIAN_POINT('',(58.,150.,599.00000000308));
#250 = ORIENTED_EDGE('',*,*,#251,.F.);
#251 = EDGE_CURVE('',#252,#240,#254,.T.);
#252 = VERTEX_POINT('',#253);
#253 = CARTESIAN_POINT('',(58.,150.00278489621,595.5));
#254 = B_SPLINE_CURVE_WITH_KNOTS('',6,(#255,#256,#257,#258,#259,#260,
    #261),.UNSPECIFIED.,.F.,.F.,(7,7),(0.,1.),.PIECEWISE_BEZIER_KNOTS.);
#255 = CARTESIAN_POINT('',(58.,150.00577447047,594.8));
#256 = CARTESIAN_POINT('',(58.,150.00192601006,595.49968621321));
#257 = CARTESIAN_POINT('',(58.,150.00038721856,596.19956639802));
#258 = CARTESIAN_POINT('',(58.,149.99999921975,596.89958480215));
#259 = CARTESIAN_POINT('',(58.,150.00000024821,597.59969224438));
#260 = CARTESIAN_POINT('',(58.,150.,598.29984404553));
#261 = CARTESIAN_POINT('',(58.,150.,599.00000000308));
#262 = ORIENTED_EDGE('',*,*,#263,.T.);
#263 = EDGE_CURVE('',#252,#264,#266,.T.);
#264 = VERTEX_POINT('',#265);
#265 = CARTESIAN_POINT('',(57.894300237588,150.,595.5));
#266 = B_SPLINE_CURVE_WITH_KNOTS('',6,(#267,#268,#269,#270,#271,#272,
    #273,#274,#275,#276,#277,#278,#279,#280,#281,#282,#283,#284,#285,
    #286,#287,#288),.UNSPECIFIED.,.F.,.F.,(7,5,5,5,7),(0.,0.345425177112
    ,0.517401412972,0.68744166847,1.),.UNSPECIFIED.);
#267 = CARTESIAN_POINT('',(59.897829676876,152.,595.5));
#268 = CARTESIAN_POINT('',(59.897829676876,151.81901204135,595.5));
#269 = CARTESIAN_POINT('',(59.87814207882,151.63799235279,595.5));
#270 = CARTESIAN_POINT('',(59.838754721572,151.45968784884,595.5));
#271 = CARTESIAN_POINT('',(59.780191562759,151.28672793431,595.5));
#272 = CARTESIAN_POINT('',(59.703375571648,151.12162782719,595.5));
#273 = CARTESIAN_POINT('',(59.563127398765,150.88960008496,595.5));
#274 = CARTESIAN_POINT('',(59.512338239967,150.81499706544,595.5));
#275 = CARTESIAN_POINT('',(59.45754880717,150.7431964858,595.5));
#276 = CARTESIAN_POINT('',(59.398955295718,150.67446305903,595.5));
#277 = CARTESIAN_POINT('',(59.336776838502,150.60904256047,595.5));
#278 = CARTESIAN_POINT('',(59.206470373981,150.48597645365,595.5));
#279 = CARTESIAN_POINT('',(59.138415929995,150.42825038771,595.5));
#280 = CARTESIAN_POINT('',(59.067324848498,150.37420146256,595.5));
#281 = CARTESIAN_POINT('',(58.993447491984,150.32402542796,595.5));
#282 = CARTESIAN_POINT('',(58.917050429413,150.27789493872,595.5));
#283 = CARTESIAN_POINT('',(58.693873678512,150.15887522518,595.5));
#284 = CARTESIAN_POINT('',(58.541752655041,150.09595433722,595.5));
#285 = CARTESIAN_POINT('',(58.383826551045,150.0481414882,595.5));
#286 = CARTESIAN_POINT('',(58.22197073831,150.01604483727,595.5));
#287 = CARTESIAN_POINT('',(58.058126594528,150.,595.5));
#288 = CARTESIAN_POINT('',(57.894300237588,150.,595.5));
#289 = ORIENTED_EDGE('',*,*,#290,.T.);
#290 = EDGE_CURVE('',#264,#291,#293,.T.);
#291 = VERTEX_POINT('',#292);
#292 = CARTESIAN_POINT('',(43.412326024201,150.,560.5374214441));
#293 = CIRCLE('',#294,58.);
#294 = AXIS2_PLACEMENT_3D('',#295,#296,#297);
#295 = CARTESIAN_POINT('',(0.,150.,599.));
#296 = DIRECTION('',(0.,1.,0.));
#297 = DIRECTION('',(0.,0.,1.));
#298 = ORIENTED_EDGE('',*,*,#299,.F.);
#299 = EDGE_CURVE('',#300,#291,#302,.T.);
#300 = VERTEX_POINT('',#301);
#301 = CARTESIAN_POINT('',(43.487067042973,150.00278489621,
    560.46268042533));
#302 = B_SPLINE_CURVE_WITH_KNOTS('',6,(#303,#304,#305,#306,#307,#308,
    #309,#310,#311,#312,#313,#314,#315,#316,#317,#318,#319,#320,#321,
    #322,#323,#324),.UNSPECIFIED.,.F.,.F.,(7,5,5,5,7),(0.,0.345425176777
    ,0.517401412636,0.687441668135,1.),.UNSPECIFIED.);
#303 = CARTESIAN_POINT('',(44.829035277029,152.,559.12071219127));
#304 = CARTESIAN_POINT('',(44.829035277029,151.81901204152,
    559.12071219127));
#305 = CARTESIAN_POINT('',(44.815114042965,151.63799235314,
    559.13463342534));
#306 = CARTESIAN_POINT('',(44.787262975615,151.45968784935,
    559.16248449269));
#307 = CARTESIAN_POINT('',(44.74585256897,151.28672793497,
    559.20389489933));
#308 = CARTESIAN_POINT('',(44.691535460853,151.12162782798,
    559.25821200745));
#309 = CARTESIAN_POINT('',(44.592365026907,150.88960008582,
    559.35738244139));
#310 = CARTESIAN_POINT('',(44.556451668338,150.81499706628,
    559.39329579996));
#311 = CARTESIAN_POINT('',(44.517709688896,150.74319648662,
    559.43203777941));
#312 = CARTESIAN_POINT('',(44.476277819639,150.67446305981,
    559.47346964866));
#313 = CARTESIAN_POINT('',(44.432311010922,150.60904256122,
    559.51743645738));
#314 = CARTESIAN_POINT('',(44.340170426271,150.48597645433,
    559.60957704203));
#315 = CARTESIAN_POINT('',(44.29204866746,150.42825038835,
    559.65769880084));
#316 = CARTESIAN_POINT('',(44.24177968167,150.37420146317,
    559.70796778663));
#317 = CARTESIAN_POINT('',(44.189540501921,150.32402542853,
    559.76020696638));
#318 = CARTESIAN_POINT('',(44.135519620931,150.27789493925,
    559.81422784737));
#319 = CARTESIAN_POINT('',(43.977709826898,150.15887522551,
    559.9720376414));
#320 = CARTESIAN_POINT('',(43.870144019541,150.09595433741,
    560.07960344876));
#321 = CARTESIAN_POINT('',(43.758473400367,150.04814148829,
    560.19127406793));
#322 = CARTESIAN_POINT('',(43.644024057485,150.0160448373,
    560.30572341082));
#323 = CARTESIAN_POINT('',(43.528168752234,149.99999999999,
    560.42157871607));
#324 = CARTESIAN_POINT('',(43.412326024179,150.,560.53742144412));
#325 = ORIENTED_EDGE('',*,*,#326,.T.);
#326 = EDGE_CURVE('',#300,#327,#329,.T.);
#327 = VERTEX_POINT('',#328);
#328 = CARTESIAN_POINT('',(41.01219330882,150.,557.98780669118));
#329 = B_SPLINE_CURVE_WITH_KNOTS('',6,(#330,#331,#332,#333,#334,#335,
    #336),.UNSPECIFIED.,.F.,.F.,(7,7),(0.,1.),.PIECEWISE_BEZIER_KNOTS.);
#330 = CARTESIAN_POINT('',(43.982041789803,150.00577447047,
    560.95765517216));
#331 = CARTESIAN_POINT('',(43.487288924096,150.00192601006,
    560.46290230645));
#332 = CARTESIAN_POINT('',(42.992398899767,150.00038721856,
    559.96801228212));
#333 = CARTESIAN_POINT('',(42.497411139612,149.99999921975,
    559.47302452197));
#334 = CARTESIAN_POINT('',(42.002360420017,150.00000024821,
    558.97797380237));
#335 = CARTESIAN_POINT('',(41.507278333925,150.,558.48289171628));
#336 = CARTESIAN_POINT('',(41.01219330882,150.,557.98780669118));
#337 = ORIENTED_EDGE('',*,*,#338,.F.);
#338 = EDGE_CURVE('',#339,#327,#341,.T.);
#339 = VERTEX_POINT('',#340);
#340 = CARTESIAN_POINT('',(38.537319574667,150.00278489621,
    555.51293295702));
#341 = B_SPLINE_CURVE_WITH_KNOTS('',6,(#342,#343,#344,#345,#346,#347,
    #348),.UNSPECIFIED.,.F.,.F.,(7,7),(0.,1.),.PIECEWISE_BEZIER_KNOTS.);
#342 = CARTESIAN_POINT('',(38.042344827836,150.00577447047,
    555.01795821019));
#343 = CARTESIAN_POINT('',(38.537097693544,150.00192601006,
    555.5127110759));
#344 = CARTESIAN_POINT('',(39.031987717873,150.00038721856,
    556.00760110023));
#345 = CARTESIAN_POINT('',(39.526975478027,149.99999921975,
    556.50258886038));
#346 = CARTESIAN_POINT('',(40.022026197623,150.00000024821,
    556.99763957998));
#347 = CARTESIAN_POINT('',(40.517108283715,150.,557.49272166607));
#348 = CARTESIAN_POINT('',(41.01219330882,150.,557.98780669118));
#349 = ORIENTED_EDGE('',*,*,#350,.T.);
#350 = EDGE_CURVE('',#339,#351,#353,.T.);
#351 = VERTEX_POINT('',#352);
#352 = CARTESIAN_POINT('',(38.462578555896,150.,555.58767397579));
#353 = B_SPLINE_CURVE_WITH_KNOTS('',6,(#354,#355,#356,#357,#358,#359,
    #360,#361,#362,#363,#364,#365,#366,#367,#368,#369,#370,#371,#372,
    #373,#374,#375),.UNSPECIFIED.,.F.,.F.,(7,5,5,5,7),(0.,0.345425176403
    ,0.517401412261,0.68744166776,1.),.UNSPECIFIED.);
#354 = CARTESIAN_POINT('',(39.879287808723,152.,554.17096472297));
#355 = CARTESIAN_POINT('',(39.879287808723,151.81901204172,
    554.17096472297));
#356 = CARTESIAN_POINT('',(39.865366574689,151.63799235353,554.184885957
    ));
#357 = CARTESIAN_POINT('',(39.8375155074,151.45968784993,554.21273702429
    ));
#358 = CARTESIAN_POINT('',(39.796105100844,151.28672793572,
    554.25414743085));
#359 = CARTESIAN_POINT('',(39.741787992842,151.12162782887,
    554.30846453885));
#360 = CARTESIAN_POINT('',(39.642617559065,150.8896000868,
    554.40763497262));
#361 = CARTESIAN_POINT('',(39.606704200526,150.81499706723,
    554.44354833116));
#362 = CARTESIAN_POINT('',(39.567962221114,150.74319648753,
    554.48229031058));
#363 = CARTESIAN_POINT('',(39.526530351886,150.6744630607,554.5237221798
    ));
#364 = CARTESIAN_POINT('',(39.482563543196,150.60904256207,
    554.56768898849));
#365 = CARTESIAN_POINT('',(39.390422958597,150.4859764551,
    554.65982957309));
#366 = CARTESIAN_POINT('',(39.342301199809,150.42825038908,
    554.70795133188));
#367 = CARTESIAN_POINT('',(39.292032214043,150.37420146386,
    554.75822031765));
#368 = CARTESIAN_POINT('',(39.239793034314,150.32402542917,
    554.81045949738));
#369 = CARTESIAN_POINT('',(39.185772153343,150.27789493985,
    554.86448037835));
#370 = CARTESIAN_POINT('',(39.027962359237,150.15887522589,
    555.02229017245));
#371 = CARTESIAN_POINT('',(38.920396551771,150.09595433764,
    555.12985597992));
#372 = CARTESIAN_POINT('',(38.808725932472,150.04814148841,
    555.24152659922));
#373 = CARTESIAN_POINT('',(38.694276589458,150.01604483734,
    555.35597594223));
#374 = CARTESIAN_POINT('',(38.578421284067,149.99999999999,
    555.47183124762));
#375 = CARTESIAN_POINT('',(38.462578555874,150.,555.58767397582));
#376 = ORIENTED_EDGE('',*,*,#377,.T.);
#377 = EDGE_CURVE('',#351,#378,#380,.T.);
#378 = VERTEX_POINT('',#379);
#379 = CARTESIAN_POINT('',(3.5,150.,541.10569976241));
#380 = CIRCLE('',#381,58.);
#381 = AXIS2_PLACEMENT_3D('',#382,#383,#384);
#382 = CARTESIAN_POINT('',(0.,150.,599.));
#383 = DIRECTION('',(0.,1.,0.));
#384 = DIRECTION('',(0.,0.,1.));
#385 = ORIENTED_EDGE('',*,*,#386,.F.);
#386 = EDGE_CURVE('',#387,#378,#389,.T.);
#387 = VERTEX_POINT('',#388);
#388 = CARTESIAN_POINT('',(3.5,150.00278489621,541.));
#389 = B_SPLINE_CURVE_WITH_KNOTS('',6,(#390,#391,#392,#393,#394,#395,
    #396,#397,#398,#399,#400,#401,#402,#403,#404,#405,#406,#407,#408,
    #409,#410,#411),.UNSPECIFIED.,.F.,.F.,(7,5,5,5,7),(0.,0.345425176619
    ,0.517401412478,0.687441667976,1.),.UNSPECIFIED.);
#390 = CARTESIAN_POINT('',(3.5,152.,539.10217032312));
#391 = CARTESIAN_POINT('',(3.5,151.81901204161,539.10217032312));
#392 = CARTESIAN_POINT('',(3.5,151.63799235331,539.12185792112));
#393 = CARTESIAN_POINT('',(3.5,151.4596878496,539.16124527826));
#394 = CARTESIAN_POINT('',(3.5,151.28672793529,539.2198084369));
#395 = CARTESIAN_POINT('',(3.5,151.12162782836,539.2966244278));
#396 = CARTESIAN_POINT('',(3.5,150.88960008624,539.43687260037));
#397 = CARTESIAN_POINT('',(3.5,150.81499706668,539.48766175912));
#398 = CARTESIAN_POINT('',(3.5,150.743196487,539.54245119186));
#399 = CARTESIAN_POINT('',(3.5,150.67446306019,539.60104470326));
#400 = CARTESIAN_POINT('',(3.5,150.60904256158,539.66322316042));
#401 = CARTESIAN_POINT('',(3.5,150.48597645466,539.79352962485));
#402 = CARTESIAN_POINT('',(3.5,150.42825038866,539.86158406879));
#403 = CARTESIAN_POINT('',(3.5,150.37420146346,539.93267515025));
#404 = CARTESIAN_POINT('',(3.5,150.3240254288,540.00655250673));
#405 = CARTESIAN_POINT('',(3.5,150.2778949395,540.08294956926));
#406 = CARTESIAN_POINT('',(3.5,150.15887522567,540.3061263203));
#407 = CARTESIAN_POINT('',(3.5,150.09595433751,540.45824734398));
#408 = CARTESIAN_POINT('',(3.5,150.04814148834,540.61617344821));
#409 = CARTESIAN_POINT('',(3.5,150.01604483732,540.7780292612));
#410 = CARTESIAN_POINT('',(3.5,149.99999999999,540.94187340524));
#411 = CARTESIAN_POINT('',(3.5,150.,541.10569976244));
#412 = ORIENTED_EDGE('',*,*,#413,.T.);
#413 = EDGE_CURVE('',#387,#414,#416,.T.);
#414 = VERTEX_POINT('',#415);
#415 = CARTESIAN_POINT('',(7.102951435055E-15,150.,541.));
#416 = B_SPLINE_CURVE_WITH_KNOTS('',6,(#417,#418,#419,#420,#421,#422,
    #423),.UNSPECIFIED.,.F.,.F.,(7,7),(0.,1.),.PIECEWISE_BEZIER_KNOTS.);
#417 = CARTESIAN_POINT('',(4.2,150.00577447047,541.));
#418 = CARTESIAN_POINT('',(3.500313787837,150.00192601006,541.));
#419 = CARTESIAN_POINT('',(2.800433604092,150.00038721856,541.));
#420 = CARTESIAN_POINT('',(2.100415201017,149.99999921975,541.));
#421 = CARTESIAN_POINT('',(1.400307759847,150.00000024821,541.));
#422 = CARTESIAN_POINT('',(0.700155959752,150.,541.));
#423 = CARTESIAN_POINT('',(3.26441984555E-09,150.,541.));
#424 = ORIENTED_EDGE('',*,*,#425,.F.);
#425 = EDGE_CURVE('',#426,#414,#428,.T.);
#426 = VERTEX_POINT('',#427);
#427 = CARTESIAN_POINT('',(-3.5,150.00278489621,541.));
#428 = B_SPLINE_CURVE_WITH_KNOTS('',6,(#429,#430,#431,#432,#433,#434,
    #435),.UNSPECIFIED.,.F.,.F.,(7,7),(0.,1.),.PIECEWISE_BEZIER_KNOTS.);
#429 = CARTESIAN_POINT('',(-4.2,150.00577447047,541.));
#430 = CARTESIAN_POINT('',(-3.50031378675,150.00192601006,541.));
#431 = CARTESIAN_POINT('',(-2.800433601917,150.00038721856,541.));
#432 = CARTESIAN_POINT('',(-2.100415197754,149.99999921975,541.));
#433 = CARTESIAN_POINT('',(-1.400307755494,150.00000024821,541.));
#434 = CARTESIAN_POINT('',(-0.700155954311,150.,541.));
#435 = CARTESIAN_POINT('',(3.26441984555E-09,150.,541.));
#436 = ORIENTED_EDGE('',*,*,#437,.T.);
#437 = EDGE_CURVE('',#426,#438,#440,.T.);
#438 = VERTEX_POINT('',#439);
#439 = CARTESIAN_POINT('',(-3.5,150.,541.10569976241));
#440 = B_SPLINE_CURVE_WITH_KNOTS('',6,(#441,#442,#443,#444,#445,#446,
    #447,#448,#449,#450,#451,#452,#453,#454,#455,#456,#457,#458,#459,
    #460,#461,#462),.UNSPECIFIED.,.F.,.F.,(7,5,5,5,7),(0.,0.345425176925
    ,0.517401412784,0.687441668282,1.),.UNSPECIFIED.);
#441 = CARTESIAN_POINT('',(-3.5,152.,539.10217032312));
#442 = CARTESIAN_POINT('',(-3.5,151.81901204145,539.10217032312));
#443 = CARTESIAN_POINT('',(-3.5,151.63799235299,539.12185792115));
#444 = CARTESIAN_POINT('',(-3.5,151.45968784912,539.16124527836));
#445 = CARTESIAN_POINT('',(-3.5,151.28672793467,539.21980843711));
#446 = CARTESIAN_POINT('',(-3.5,151.12162782763,539.29662442814));
#447 = CARTESIAN_POINT('',(-3.5,150.88960008544,539.43687260091));
#448 = CARTESIAN_POINT('',(-3.5,150.8149970659,539.48766175969));
#449 = CARTESIAN_POINT('',(-3.5,150.74319648625,539.54245119246));
#450 = CARTESIAN_POINT('',(-3.5,150.67446305946,539.6010447039));
#451 = CARTESIAN_POINT('',(-3.5,150.60904256088,539.66322316109));
#452 = CARTESIAN_POINT('',(-3.5,150.48597645403,539.79352962558));
#453 = CARTESIAN_POINT('',(-3.5,150.42825038806,539.86158406955));
#454 = CARTESIAN_POINT('',(-3.5,150.3742014629,539.93267515103));
#455 = CARTESIAN_POINT('',(-3.5,150.32402542827,540.00655250753));
#456 = CARTESIAN_POINT('',(-3.5,150.27789493901,540.08294957009));
#457 = CARTESIAN_POINT('',(-3.5,150.15887522536,540.30612632105));
#458 = CARTESIAN_POINT('',(-3.5,150.09595433732,540.4582473446));
#459 = CARTESIAN_POINT('',(-3.5,150.04814148825,540.61617344869));
#460 = CARTESIAN_POINT('',(-3.5,150.01604483729,540.77802926152));
#461 = CARTESIAN_POINT('',(-3.5,149.99999999999,540.9418734054));
#462 = CARTESIAN_POINT('',(-3.5,150.,541.10569976244));
#463 = ORIENTED_EDGE('',*,*,#464,.T.);
#464 = EDGE_CURVE('',#438,#465,#467,.T.);
#465 = VERTEX_POINT('',#466);
#466 = CARTESIAN_POINT('',(-38.46257855589,150.,555.58767397579));
#467 = CIRCLE('',#468,58.);
#468 = AXIS2_PLACEMENT_3D('',#469,#470,#471);
#469 = CARTESIAN_POINT('',(0.,150.,599.));
#470 = DIRECTION('',(0.,1.,0.));
#471 = DIRECTION('',(0.,0.,1.));
#472 = ORIENTED_EDGE('',*,*,#473,.F.);
#473 = EDGE_CURVE('',#474,#465,#476,.T.);
#474 = VERTEX_POINT('',#475);
#475 = CARTESIAN_POINT('',(-38.53731957466,150.00278489621,
    555.51293295702));
#476 = B_SPLINE_CURVE_WITH_KNOTS('',6,(#477,#478,#479,#480,#481,#482,
    #483,#484,#485,#486,#487,#488,#489,#490,#491,#492,#493,#494,#495,
    #496,#497,#498),.UNSPECIFIED.,.F.,.F.,(7,5,5,5,7),(0.,0.345425176403
    ,0.517401412261,0.68744166776,1.),.UNSPECIFIED.);
#477 = CARTESIAN_POINT('',(-39.87928780872,152.,554.17096472297));
#478 = CARTESIAN_POINT('',(-39.87928780872,151.81901204172,
    554.17096472297));
#479 = CARTESIAN_POINT('',(-39.86536657468,151.63799235353,554.184885957
    ));
#480 = CARTESIAN_POINT('',(-39.83751550739,151.45968784993,
    554.21273702429));
#481 = CARTESIAN_POINT('',(-39.79610510084,151.28672793571,
    554.25414743085));
#482 = CARTESIAN_POINT('',(-39.74178799283,151.12162782887,
    554.30846453885));
#483 = CARTESIAN_POINT('',(-39.64261755906,150.88960008679,
    554.40763497263));
#484 = CARTESIAN_POINT('',(-39.60670420052,150.81499706722,
    554.44354833117));
#485 = CARTESIAN_POINT('',(-39.5679622211,150.74319648752,
    554.48229031058));
#486 = CARTESIAN_POINT('',(-39.52653035187,150.67446306069,
    554.52372217981));
#487 = CARTESIAN_POINT('',(-39.48256354318,150.60904256205,
    554.5676889885));
#488 = CARTESIAN_POINT('',(-39.39042295858,150.48597645509,
    554.6598295731));
#489 = CARTESIAN_POINT('',(-39.34230119979,150.42825038907,
    554.70795133189));
#490 = CARTESIAN_POINT('',(-39.29203221403,150.37420146385,
    554.75822031766));
#491 = CARTESIAN_POINT('',(-39.2397930343,150.32402542916,
    554.81045949739));
#492 = CARTESIAN_POINT('',(-39.18577215333,150.27789493984,
    554.86448037836));
#493 = CARTESIAN_POINT('',(-39.02796235922,150.15887522588,
    555.02229017247));
#494 = CARTESIAN_POINT('',(-38.92039655175,150.09595433764,
    555.12985597994));
#495 = CARTESIAN_POINT('',(-38.80872593245,150.0481414884,
    555.24152659924));
#496 = CARTESIAN_POINT('',(-38.69427658943,150.01604483734,
    555.35597594225));
#497 = CARTESIAN_POINT('',(-38.57842128404,149.99999999999,
    555.47183124764));
#498 = CARTESIAN_POINT('',(-38.46257855585,150.,555.58767397584));
#499 = ORIENTED_EDGE('',*,*,#500,.T.);
#500 = EDGE_CURVE('',#474,#501,#503,.T.);
#501 = VERTEX_POINT('',#502);
#502 = CARTESIAN_POINT('',(-41.01219330882,150.,557.98780669118));
#503 = B_SPLINE_CURVE_WITH_KNOTS('',6,(#504,#505,#506,#507,#508,#509,
    #510),.UNSPECIFIED.,.F.,.F.,(7,7),(0.,1.),.PIECEWISE_BEZIER_KNOTS.);
#504 = CARTESIAN_POINT('',(-38.04234482783,150.00577447047,
    555.01795821019));
#505 = CARTESIAN_POINT('',(-38.53709769354,150.00192601006,
    555.5127110759));
#506 = CARTESIAN_POINT('',(-39.03198771787,150.00038721856,
    556.00760110023));
#507 = CARTESIAN_POINT('',(-39.52697547803,149.99999921975,
    556.50258886039));
#508 = CARTESIAN_POINT('',(-40.02202619762,150.00000024821,
    556.99763957998));
#509 = CARTESIAN_POINT('',(-40.51710828372,150.,557.49272166608));
#510 = CARTESIAN_POINT('',(-41.01219330882,150.,557.98780669118));
#511 = ORIENTED_EDGE('',*,*,#512,.F.);
#512 = EDGE_CURVE('',#513,#501,#515,.T.);
#513 = VERTEX_POINT('',#514);
#514 = CARTESIAN_POINT('',(-43.48706704297,150.00278489621,
    560.46268042533));
#515 = B_SPLINE_CURVE_WITH_KNOTS('',6,(#516,#517,#518,#519,#520,#521,
    #522),.UNSPECIFIED.,.F.,.F.,(7,7),(0.,1.),.PIECEWISE_BEZIER_KNOTS.);
#516 = CARTESIAN_POINT('',(-43.9820417898,150.00577447047,
    560.95765517216));
#517 = CARTESIAN_POINT('',(-43.48728892409,150.00192601006,
    560.46290230645));
#518 = CARTESIAN_POINT('',(-42.99239889976,150.00038721856,
    559.96801228212));
#519 = CARTESIAN_POINT('',(-42.49741113961,149.99999921975,
    559.47302452197));
#520 = CARTESIAN_POINT('',(-42.00236042001,150.00000024821,
    558.97797380237));
#521 = CARTESIAN_POINT('',(-41.50727833392,150.,558.48289171628));
#522 = CARTESIAN_POINT('',(-41.01219330882,150.,557.98780669118));
#523 = ORIENTED_EDGE('',*,*,#524,.T.);
#524 = EDGE_CURVE('',#513,#525,#527,.T.);
#525 = VERTEX_POINT('',#526);
#526 = CARTESIAN_POINT('',(-43.4123260242,150.,560.5374214441));
#527 = B_SPLINE_CURVE_WITH_KNOTS('',6,(#528,#529,#530,#531,#532,#533,
    #534,#535,#536,#537,#538,#539,#540,#541,#542,#543,#544,#545,#546,
    #547,#548,#549),.UNSPECIFIED.,.F.,.F.,(7,5,5,5,7),(0.,0.34542517731,
    0.517401413169,0.687441668668,1.),.UNSPECIFIED.);
#528 = CARTESIAN_POINT('',(-44.82903527702,152.,559.12071219127));
#529 = CARTESIAN_POINT('',(-44.82903527702,151.81901204124,
    559.12071219127));
#530 = CARTESIAN_POINT('',(-44.81511404292,151.63799235258,
    559.13463342538));
#531 = CARTESIAN_POINT('',(-44.78726297548,151.45968784852,
    559.16248449282));
#532 = CARTESIAN_POINT('',(-44.74585256871,151.2867279339,
    559.20389489959));
#533 = CARTESIAN_POINT('',(-44.69153546043,151.1216278267,
    559.25821200787));
#534 = CARTESIAN_POINT('',(-44.59236502624,150.88960008442,
    559.35738244206));
#535 = CARTESIAN_POINT('',(-44.55645166762,150.81499706491,
    559.39329580067));
#536 = CARTESIAN_POINT('',(-44.51770968814,150.7431964853,
    559.43203778016));
#537 = CARTESIAN_POINT('',(-44.47627781884,150.67446305854,
    559.47346964946));
#538 = CARTESIAN_POINT('',(-44.43231101008,150.60904256,559.51743645821)
  );
#539 = CARTESIAN_POINT('',(-44.34017042536,150.48597645322,
    559.60957704294));
#540 = CARTESIAN_POINT('',(-44.29204866651,150.4282503873,
    559.65769880178));
#541 = CARTESIAN_POINT('',(-44.24177968069,150.37420146218,
    559.70796778761));
#542 = CARTESIAN_POINT('',(-44.18954050091,150.3240254276,
    559.76020696739));
#543 = CARTESIAN_POINT('',(-44.13551961989,150.27789493838,
    559.81422784841));
#544 = CARTESIAN_POINT('',(-43.97770982596,150.15887522496,
    559.97203764234));
#545 = CARTESIAN_POINT('',(-43.87014401876,150.09595433708,
    560.07960344954));
#546 = CARTESIAN_POINT('',(-43.75847339976,150.04814148812,
    560.19127406854));
#547 = CARTESIAN_POINT('',(-43.64402405707,150.01604483724,
    560.30572341123));
#548 = CARTESIAN_POINT('',(-43.52816875201,149.99999999999,
    560.42157871629));
#549 = CARTESIAN_POINT('',(-43.41232602415,150.,560.53742144415));
#550 = ORIENTED_EDGE('',*,*,#551,.T.);
#551 = EDGE_CURVE('',#525,#552,#554,.T.);
#552 = VERTEX_POINT('',#553);
#553 = CARTESIAN_POINT('',(-57.89430023758,150.,595.5));
#554 = CIRCLE('',#555,58.);
#555 = AXIS2_PLACEMENT_3D('',#556,#557,#558);
#556 = CARTESIAN_POINT('',(0.,150.,599.));
#557 = DIRECTION('',(0.,1.,0.));
#558 = DIRECTION('',(0.,0.,1.));
#559 = ORIENTED_EDGE('',*,*,#560,.F.);
#560 = EDGE_CURVE('',#561,#552,#563,.T.);
#561 = VERTEX_POINT('',#562);
#562 = CARTESIAN_POINT('',(-58.,150.00278489621,595.5));
#563 = B_SPLINE_CURVE_WITH_KNOTS('',6,(#564,#565,#566,#567,#568,#569,
    #570,#571,#572,#573,#574,#575,#576,#577,#578,#579,#580,#581,#582,
    #583,#584,#585),.UNSPECIFIED.,.F.,.F.,(7,5,5,5,7),(0.,0.345425177073
    ,0.517401412932,0.68744166843,1.),.UNSPECIFIED.);
#564 = CARTESIAN_POINT('',(-59.89782967687,152.,595.5));
#565 = CARTESIAN_POINT('',(-59.89782967687,151.81901204137,595.5));
#566 = CARTESIAN_POINT('',(-59.87814207882,151.63799235283,595.5));
#567 = CARTESIAN_POINT('',(-59.83875472158,151.45968784889,595.5));
#568 = CARTESIAN_POINT('',(-59.78019156278,151.28672793437,595.5));
#569 = CARTESIAN_POINT('',(-59.70337557168,151.12162782726,595.5));
#570 = CARTESIAN_POINT('',(-59.56312739882,150.88960008504,595.5));
#571 = CARTESIAN_POINT('',(-59.51233824002,150.81499706552,595.5));
#572 = CARTESIAN_POINT('',(-59.45754880723,150.74319648588,595.5));
#573 = CARTESIAN_POINT('',(-59.39895529578,150.6744630591,595.5));
#574 = CARTESIAN_POINT('',(-59.33677683856,150.60904256054,595.5));
#575 = CARTESIAN_POINT('',(-59.20647037404,150.48597645371,595.5));
#576 = CARTESIAN_POINT('',(-59.13841593006,150.42825038776,595.5));
#577 = CARTESIAN_POINT('',(-59.06732484856,150.37420146261,595.5));
#578 = CARTESIAN_POINT('',(-58.99344749205,150.32402542801,595.5));
#579 = CARTESIAN_POINT('',(-58.91705042948,150.27789493876,595.5));
#580 = CARTESIAN_POINT('',(-58.69387367856,150.1588752252,595.5));
#581 = CARTESIAN_POINT('',(-58.54175265507,150.09595433723,595.5));
#582 = CARTESIAN_POINT('',(-58.38382655105,150.04814148819,595.5));
#583 = CARTESIAN_POINT('',(-58.22197073829,150.01604483727,595.5));
#584 = CARTESIAN_POINT('',(-58.05812659448,149.99999999999,595.5));
#585 = CARTESIAN_POINT('',(-57.89430023752,150.,595.5));
#586 = ORIENTED_EDGE('',*,*,#587,.T.);
#587 = EDGE_CURVE('',#561,#588,#590,.T.);
#588 = VERTEX_POINT('',#589);
#589 = CARTESIAN_POINT('',(-58.,150.,599.));
#590 = B_SPLINE_CURVE_WITH_KNOTS('',6,(#591,#592,#593,#594,#595,#596,
    #597),.UNSPECIFIED.,.F.,.F.,(7,7),(0.,1.),.PIECEWISE_BEZIER_KNOTS.);
#591 = CARTESIAN_POINT('',(-58.,150.00577447047,594.8));
#592 = CARTESIAN_POINT('',(-58.,150.00192601006,595.4996862127));
#593 = CARTESIAN_POINT('',(-58.,150.00038721856,596.19956639699));
#594 = CARTESIAN_POINT('',(-58.,149.99999921975,596.89958480061));
#595 = CARTESIAN_POINT('',(-58.,150.00000024821,597.59969224232));
#596 = CARTESIAN_POINT('',(-58.,150.,598.29984404297));
#597 = CARTESIAN_POINT('',(-58.,150.,599.));
#598 = ORIENTED_EDGE('',*,*,#599,.F.);
#599 = EDGE_CURVE('',#600,#588,#602,.T.);
#600 = VERTEX_POINT('',#601);
#601 = CARTESIAN_POINT('',(-58.,150.00278489621,602.5));
#602 = B_SPLINE_CURVE_WITH_KNOTS('',6,(#603,#604,#605,#606,#607,#608,
    #609),.UNSPECIFIED.,.F.,.F.,(7,7),(0.,1.),.PIECEWISE_BEZIER_KNOTS.);
#603 = CARTESIAN_POINT('',(-58.,150.00577447047,603.2));
#604 = CARTESIAN_POINT('',(-58.,150.00192601006,602.50031378729));
#605 = CARTESIAN_POINT('',(-58.,150.00038721856,601.800433603));
#606 = CARTESIAN_POINT('',(-58.,149.99999921975,601.10041519938));
#607 = CARTESIAN_POINT('',(-58.,150.00000024821,600.40030775767));
#608 = CARTESIAN_POINT('',(-58.,150.,599.70015595702));
#609 = CARTESIAN_POINT('',(-58.,150.,599.));
#610 = ORIENTED_EDGE('',*,*,#611,.T.);
#611 = EDGE_CURVE('',#600,#612,#614,.T.);
#612 = VERTEX_POINT('',#613);
#613 = CARTESIAN_POINT('',(-57.89430023758,150.,602.5));
#614 = B_SPLINE_CURVE_WITH_KNOTS('',6,(#615,#616,#617,#618,#619,#620,
    #621,#622,#623,#624,#625,#626,#627,#628,#629,#630,#631,#632,#633,
    #634,#635,#636),.UNSPECIFIED.,.F.,.F.,(7,5,5,5,7),(0.,0.345425177073
    ,0.517401412932,0.68744166843,1.),.UNSPECIFIED.);
#615 = CARTESIAN_POINT('',(-59.89782967687,152.,602.5));
#616 = CARTESIAN_POINT('',(-59.89782967687,151.81901204137,602.5));
#617 = CARTESIAN_POINT('',(-59.87814207882,151.63799235283,602.5));
#618 = CARTESIAN_POINT('',(-59.83875472158,151.45968784889,602.5));
#619 = CARTESIAN_POINT('',(-59.78019156278,151.28672793437,602.5));
#620 = CARTESIAN_POINT('',(-59.70337557168,151.12162782726,602.5));
#621 = CARTESIAN_POINT('',(-59.56312739882,150.88960008504,602.5));
#622 = CARTESIAN_POINT('',(-59.51233824002,150.81499706552,602.5));
#623 = CARTESIAN_POINT('',(-59.45754880723,150.74319648588,602.5));
#624 = CARTESIAN_POINT('',(-59.39895529578,150.6744630591,602.5));
#625 = CARTESIAN_POINT('',(-59.33677683856,150.60904256054,602.5));
#626 = CARTESIAN_POINT('',(-59.20647037404,150.48597645371,602.5));
#627 = CARTESIAN_POINT('',(-59.13841593006,150.42825038776,602.5));
#628 = CARTESIAN_POINT('',(-59.06732484856,150.37420146261,602.5));
#629 = CARTESIAN_POINT('',(-58.99344749205,150.32402542801,602.5));
#630 = CARTESIAN_POINT('',(-58.91705042948,150.27789493876,602.5));
#631 = CARTESIAN_POINT('',(-58.69387367856,150.1588752252,602.5));
#632 = CARTESIAN_POINT('',(-58.54175265507,150.09595433723,602.5));
#633 = CARTESIAN_POINT('',(-58.38382655105,150.04814148819,602.5));
#634 = CARTESIAN_POINT('',(-58.22197073829,150.01604483727,602.5));
#635 = CARTESIAN_POINT('',(-58.05812659448,149.99999999999,602.5));
#636 = CARTESIAN_POINT('',(-57.89430023752,150.,602.5));
#637 = ORIENTED_EDGE('',*,*,#638,.T.);
#638 = EDGE_CURVE('',#612,#639,#641,.T.);
#639 = VERTEX_POINT('',#640);
#640 = CARTESIAN_POINT('',(-43.4123260242,150.,637.46257855589));
#641 = CIRCLE('',#642,58.);
#642 = AXIS2_PLACEMENT_3D('',#643,#644,#645);
#643 = CARTESIAN_POINT('',(0.,150.,599.));
#644 = DIRECTION('',(0.,1.,0.));
#645 = DIRECTION('',(0.,0.,1.));
#646 = ORIENTED_EDGE('',*,*,#647,.F.);
#647 = EDGE_CURVE('',#648,#639,#650,.T.);
#648 = VERTEX_POINT('',#649);
#649 = CARTESIAN_POINT('',(-43.48706704297,150.00278489621,
    637.53731957466));
#650 = B_SPLINE_CURVE_WITH_KNOTS('',6,(#651,#652,#653,#654,#655,#656,
    #657,#658,#659,#660,#661,#662,#663,#664,#665,#666,#667,#668,#669,
    #670,#671,#672),.UNSPECIFIED.,.F.,.F.,(7,5,5,5,7),(0.,0.345425176461
    ,0.51740141232,0.687441667818,1.),.UNSPECIFIED.);
#651 = CARTESIAN_POINT('',(-44.82903527702,152.,638.87928780872));
#652 = CARTESIAN_POINT('',(-44.82903527702,151.81901204169,
    638.87928780872));
#653 = CARTESIAN_POINT('',(-44.81511404299,151.63799235347,
    638.86536657468));
#654 = CARTESIAN_POINT('',(-44.78726297569,151.45968784984,
    638.83751550738));
#655 = CARTESIAN_POINT('',(-44.74585256912,151.2867279356,
    638.79610510081));
#656 = CARTESIAN_POINT('',(-44.69153546109,151.12162782873,
    638.74178799279));
#657 = CARTESIAN_POINT('',(-44.59236502729,150.88960008664,
    638.64261755898));
#658 = CARTESIAN_POINT('',(-44.55645166875,150.81499706707,
    638.60670420044));
#659 = CARTESIAN_POINT('',(-44.51770968933,150.74319648738,
    638.56796222102));
#660 = CARTESIAN_POINT('',(-44.4762778201,150.67446306055,
    638.52653035179));
#661 = CARTESIAN_POINT('',(-44.4323110114,150.60904256192,
    638.48256354309));
#662 = CARTESIAN_POINT('',(-44.34017042679,150.48597645497,
    638.39042295848));
#663 = CARTESIAN_POINT('',(-44.292048668,150.42825038896,638.34230119969
    ));
#664 = CARTESIAN_POINT('',(-44.24177968223,150.37420146374,
    638.29203221392));
#665 = CARTESIAN_POINT('',(-44.1895405025,150.32402542906,
    638.23979303419));
#666 = CARTESIAN_POINT('',(-44.13551962152,150.27789493974,
    638.18577215321));
#667 = CARTESIAN_POINT('',(-43.97770982742,150.15887522582,
    638.02796235912));
#668 = CARTESIAN_POINT('',(-43.87014401997,150.0959543376,
    637.92039655167));
#669 = CARTESIAN_POINT('',(-43.75847340069,150.04814148838,
    637.80872593239));
#670 = CARTESIAN_POINT('',(-43.6440240577,150.01604483733,
    637.69427658939));
#671 = CARTESIAN_POINT('',(-43.52816875233,149.99999999999,
    637.57842128402));
#672 = CARTESIAN_POINT('',(-43.41232602415,150.,637.46257855585));
#673 = ORIENTED_EDGE('',*,*,#674,.T.);
#674 = EDGE_CURVE('',#648,#675,#677,.T.);
#675 = VERTEX_POINT('',#676);
#676 = CARTESIAN_POINT('',(-41.01219554538,150.,640.01219107225));
#677 = B_SPLINE_CURVE_WITH_KNOTS('',6,(#678,#679,#680,#681,#682,#683,
    #684),.UNSPECIFIED.,.F.,.F.,(7,7),(0.,1.),.PIECEWISE_BEZIER_KNOTS.);
#678 = CARTESIAN_POINT('',(-43.9820417898,150.00577447047,
    637.04234482783));
#679 = CARTESIAN_POINT('',(-43.48728892409,150.00192601006,
    637.53709769354));
#680 = CARTESIAN_POINT('',(-42.99239889976,150.00038721856,
    638.03198771787));
#681 = CARTESIAN_POINT('',(-42.49741113961,149.99999921975,
    638.52697547803));
#682 = CARTESIAN_POINT('',(-42.00236042001,150.00000024821,
    639.02202619762));
#683 = CARTESIAN_POINT('',(-41.50727833392,150.,639.51710828371));
#684 = CARTESIAN_POINT('',(-41.01219330882,150.,640.01219330882));
#685 = ORIENTED_EDGE('',*,*,#686,.F.);
#686 = EDGE_CURVE('',#687,#675,#689,.T.);
#687 = VERTEX_POINT('',#688);
#688 = CARTESIAN_POINT('',(-38.53731957466,150.00278489621,
    642.48706704297));
#689 = B_SPLINE_CURVE_WITH_KNOTS('',6,(#690,#691,#692,#693,#694,#695,
    #696),.UNSPECIFIED.,.F.,.F.,(7,7),(0.,1.),.PIECEWISE_BEZIER_KNOTS.);
#690 = CARTESIAN_POINT('',(-38.04234482783,150.00577447047,
    642.9820417898));
#691 = CARTESIAN_POINT('',(-38.53709769354,150.00192601006,
    642.48728892409));
#692 = CARTESIAN_POINT('',(-39.03198771787,150.00038721856,
    641.99239889976));
#693 = CARTESIAN_POINT('',(-39.52697547803,149.99999921975,
    641.49741113961));
#694 = CARTESIAN_POINT('',(-40.02202619762,150.00000024821,
    641.00236042001));
#695 = CARTESIAN_POINT('',(-40.51710828371,150.,640.50727833392));
#696 = CARTESIAN_POINT('',(-41.01219330882,150.,640.01219330882));
#697 = ORIENTED_EDGE('',*,*,#698,.T.);
#698 = EDGE_CURVE('',#687,#699,#701,.T.);
#699 = VERTEX_POINT('',#700);
#700 = CARTESIAN_POINT('',(-38.46257855589,150.,642.4123260242));
#701 = B_SPLINE_CURVE_WITH_KNOTS('',6,(#702,#703,#704,#705,#706,#707,
    #708,#709,#710,#711,#712,#713,#714,#715,#716,#717,#718,#719,#720,
    #721,#722,#723),.UNSPECIFIED.,.F.,.F.,(7,5,5,5,7),(0.,0.345425177685
    ,0.517401413544,0.687441669043,1.),.UNSPECIFIED.);
#702 = CARTESIAN_POINT('',(-39.87928780872,152.,643.82903527702));
#703 = CARTESIAN_POINT('',(-39.87928780872,151.81901204105,
    643.82903527702));
#704 = CARTESIAN_POINT('',(-39.86536657458,151.63799235219,
    643.81511404289));
#705 = CARTESIAN_POINT('',(-39.83751550708,151.45968784794,
    643.78726297539));
#706 = CARTESIAN_POINT('',(-39.79610510022,151.28672793315,
    643.74585256853));
#707 = CARTESIAN_POINT('',(-39.74178799183,151.1216278258,
    643.69153546013));
#708 = CARTESIAN_POINT('',(-39.64261755747,150.88960008344,
    643.59236502578));
#709 = CARTESIAN_POINT('',(-39.60670419882,150.81499706396,
    643.55645166713));
#710 = CARTESIAN_POINT('',(-39.56796221931,150.74319648438,
    643.51770968762));
#711 = CARTESIAN_POINT('',(-39.52653034998,150.67446305766,
    643.47627781829));
#712 = CARTESIAN_POINT('',(-39.4825635412,150.60904255915,643.4323110095
    ));
#713 = CARTESIAN_POINT('',(-39.39042295642,150.48597645245,
    643.34017042473));
#714 = CARTESIAN_POINT('',(-39.34230119755,150.42825038657,
    643.29204866586));
#715 = CARTESIAN_POINT('',(-39.29203221171,150.37420146149,
    643.24177968001));
#716 = CARTESIAN_POINT('',(-39.23979303191,150.32402542695,
    643.18954050021));
#717 = CARTESIAN_POINT('',(-39.18577215087,150.27789493778,
    643.13551961917));
#718 = CARTESIAN_POINT('',(-39.02796235701,150.15887522459,
    642.97770982531));
#719 = CARTESIAN_POINT('',(-38.92039654991,150.09595433685,
    642.87014401822));
#720 = CARTESIAN_POINT('',(-38.80872593104,150.04814148801,
    642.75847339935));
#721 = CARTESIAN_POINT('',(-38.69427658848,150.01604483721,
    642.64402405679));
#722 = CARTESIAN_POINT('',(-38.57842128357,149.99999999999,
    642.52816875187));
#723 = CARTESIAN_POINT('',(-38.46257855585,150.,642.41232602415));
#724 = ORIENTED_EDGE('',*,*,#725,.T.);
#725 = EDGE_CURVE('',#699,#726,#728,.T.);
#726 = VERTEX_POINT('',#727);
#727 = CARTESIAN_POINT('',(-3.5,150.,656.89430023758));
#728 = CIRCLE('',#729,58.);
#729 = AXIS2_PLACEMENT_3D('',#730,#731,#732);
#730 = CARTESIAN_POINT('',(0.,150.,599.));
#731 = DIRECTION('',(0.,1.,0.));
#732 = DIRECTION('',(0.,0.,1.));
#733 = ORIENTED_EDGE('',*,*,#734,.F.);
#734 = EDGE_CURVE('',#55,#726,#735,.T.);
#735 = B_SPLINE_CURVE_WITH_KNOTS('',6,(#736,#737,#738,#739,#740,#741,
    #742,#743,#744,#745,#746,#747,#748,#749,#750,#751,#752,#753,#754,
    #755,#756,#757),.UNSPECIFIED.,.F.,.F.,(7,5,5,5,7),(0.,0.345425176619
    ,0.517401412478,0.687441667976,1.),.UNSPECIFIED.);
#736 = CARTESIAN_POINT('',(-3.5,152.,658.89782967687));
#737 = CARTESIAN_POINT('',(-3.5,151.81901204161,658.89782967687));
#738 = CARTESIAN_POINT('',(-3.5,151.63799235331,658.87814207887));
#739 = CARTESIAN_POINT('',(-3.5,151.4596878496,658.83875472174));
#740 = CARTESIAN_POINT('',(-3.5,151.28672793529,658.78019156309));
#741 = CARTESIAN_POINT('',(-3.5,151.12162782837,658.70337557219));
#742 = CARTESIAN_POINT('',(-3.5,150.88960008625,658.56312739962));
#743 = CARTESIAN_POINT('',(-3.5,150.81499706669,658.51233824088));
#744 = CARTESIAN_POINT('',(-3.5,150.74319648701,658.45754880814));
#745 = CARTESIAN_POINT('',(-3.5,150.6744630602,658.39895529674));
#746 = CARTESIAN_POINT('',(-3.5,150.60904256159,658.33677683958));
#747 = CARTESIAN_POINT('',(-3.5,150.48597645467,658.20647037515));
#748 = CARTESIAN_POINT('',(-3.5,150.42825038867,658.13841593121));
#749 = CARTESIAN_POINT('',(-3.5,150.37420146347,658.06732484976));
#750 = CARTESIAN_POINT('',(-3.5,150.32402542881,657.99344749328));
#751 = CARTESIAN_POINT('',(-3.5,150.27789493951,657.91705043075));
#752 = CARTESIAN_POINT('',(-3.5,150.15887522568,657.69387367971));
#753 = CARTESIAN_POINT('',(-3.5,150.09595433752,657.54175265603));
#754 = CARTESIAN_POINT('',(-3.5,150.04814148835,657.38382655181));
#755 = CARTESIAN_POINT('',(-3.5,150.01604483732,657.22197073882));
#756 = CARTESIAN_POINT('',(-3.5,150.,657.05812659478));
#757 = CARTESIAN_POINT('',(-3.5,150.,656.89430023758));
#758 = TOROIDAL_SURFACE('',#759,58.,2.);
#759 = AXIS2_PLACEMENT_3D('',#760,#761,#762);
#760 = CARTESIAN_POINT('',(0.,152.,599.));
#761 = DIRECTION('',(-0.,-1.,-0.));
#762 = DIRECTION('',(0.,0.,1.));
#763 = ADVANCED_FACE('',(#764),#1471,.T.);
#764 = FACE_BOUND('',#765,.T.);
#765 = EDGE_LOOP('',(#766,#780,#787,#788,#789,#801,#828,#837,#864,#876,
    #888,#915,#924,#951,#963,#975,#1002,#1011,#1038,#1050,#1062,#1089,
    #1098,#1125,#1137,#1149,#1176,#1185,#1212,#1224,#1236,#1263,#1272,
    #1299,#1311,#1323,#1350,#1359,#1386,#1398,#1410,#1437,#1446));
#766 = ORIENTED_EDGE('',*,*,#767,.T.);
#767 = EDGE_CURVE('',#768,#770,#772,.T.);
#768 = VERTEX_POINT('',#769);
#769 = CARTESIAN_POINT('',(3.5,157.99721510378,657.));
#770 = VERTEX_POINT('',#771);
#771 = CARTESIAN_POINT('',(0.,158.,657.));
#772 = B_SPLINE_CURVE_WITH_KNOTS('',6,(#773,#774,#775,#776,#777,#778,
    #779),.UNSPECIFIED.,.F.,.F.,(7,7),(0.,1.),.PIECEWISE_BEZIER_KNOTS.);
#773 = CARTESIAN_POINT('',(4.2,157.99422552952,657.));
#774 = CARTESIAN_POINT('',(3.500313787294,157.99807398993,657.));
#775 = CARTESIAN_POINT('',(2.800433603003,157.99961278143,657.));
#776 = CARTESIAN_POINT('',(2.100415199388,158.00000078024,657.));
#777 = CARTESIAN_POINT('',(1.400307757668,157.99999975178,657.));
#778 = CARTESIAN_POINT('',(0.700155957034,158.,657.));
#779 = CARTESIAN_POINT('',(0.,158.,657.));
#780 = ORIENTED_EDGE('',*,*,#781,.F.);
#781 = EDGE_CURVE('',#24,#770,#782,.T.);
#782 = CIRCLE('',#783,2.);
#783 = AXIS2_PLACEMENT_3D('',#784,#785,#786);
#784 = CARTESIAN_POINT('',(0.,156.,657.));
#785 = DIRECTION('',(-1.,0.,0.));
#786 = DIRECTION('',(0.,0.,1.));
#787 = ORIENTED_EDGE('',*,*,#31,.T.);
#788 = ORIENTED_EDGE('',*,*,#781,.T.);
#789 = ORIENTED_EDGE('',*,*,#790,.F.);
#790 = EDGE_CURVE('',#791,#770,#793,.T.);
#791 = VERTEX_POINT('',#792);
#792 = CARTESIAN_POINT('',(-3.5,157.99721510378,657.));
#793 = B_SPLINE_CURVE_WITH_KNOTS('',6,(#794,#795,#796,#797,#798,#799,
    #800),.UNSPECIFIED.,.F.,.F.,(7,7),(0.,1.),.PIECEWISE_BEZIER_KNOTS.);
#794 = CARTESIAN_POINT('',(-4.2,157.99422552952,657.));
#795 = CARTESIAN_POINT('',(-3.500313787294,157.99807398993,657.));
#796 = CARTESIAN_POINT('',(-2.800433603003,157.99961278143,657.));
#797 = CARTESIAN_POINT('',(-2.100415199387,158.00000078024,657.));
#798 = CARTESIAN_POINT('',(-1.400307757668,157.99999975178,657.));
#799 = CARTESIAN_POINT('',(-0.700155957034,158.,657.));
#800 = CARTESIAN_POINT('',(0.,158.,657.));
#801 = ORIENTED_EDGE('',*,*,#802,.T.);
#802 = EDGE_CURVE('',#791,#803,#805,.T.);
#803 = VERTEX_POINT('',#804);
#804 = CARTESIAN_POINT('',(-3.5,158.,656.89430023758));
#805 = B_SPLINE_CURVE_WITH_KNOTS('',6,(#806,#807,#808,#809,#810,#811,
    #812,#813,#814,#815,#816,#817,#818,#819,#820,#821,#822,#823,#824,
    #825,#826,#827),.UNSPECIFIED.,.F.,.F.,(7,5,5,5,7),(0.,0.345425176619
    ,0.517401412478,0.687441667976,1.),.UNSPECIFIED.);
#806 = CARTESIAN_POINT('',(-3.5,156.,658.89782967687));
#807 = CARTESIAN_POINT('',(-3.5,156.18098795838,658.89782967687));
#808 = CARTESIAN_POINT('',(-3.5,156.36200764668,658.87814207887));
#809 = CARTESIAN_POINT('',(-3.5,156.54031215039,658.83875472174));
#810 = CARTESIAN_POINT('',(-3.5,156.7132720647,658.78019156309));
#811 = CARTESIAN_POINT('',(-3.5,156.87837217163,658.70337557219));
#812 = CARTESIAN_POINT('',(-3.5,157.11039991374,658.56312739962));
#813 = CARTESIAN_POINT('',(-3.5,157.1850029333,658.51233824088));
#814 = CARTESIAN_POINT('',(-3.5,157.25680351298,658.45754880814));
#815 = CARTESIAN_POINT('',(-3.5,157.32553693979,658.39895529674));
#816 = CARTESIAN_POINT('',(-3.5,157.3909574384,658.33677683958));
#817 = CARTESIAN_POINT('',(-3.5,157.51402354532,658.20647037515));
#818 = CARTESIAN_POINT('',(-3.5,157.57174961132,658.13841593121));
#819 = CARTESIAN_POINT('',(-3.5,157.62579853652,658.06732484976));
#820 = CARTESIAN_POINT('',(-3.5,157.67597457118,657.99344749328));
#821 = CARTESIAN_POINT('',(-3.5,157.72210506048,657.91705043075));
#822 = CARTESIAN_POINT('',(-3.5,157.84112477431,657.69387367971));
#823 = CARTESIAN_POINT('',(-3.5,157.90404566247,657.54175265603));
#824 = CARTESIAN_POINT('',(-3.5,157.95185851164,657.38382655181));
#825 = CARTESIAN_POINT('',(-3.5,157.98395516267,657.22197073882));
#826 = CARTESIAN_POINT('',(-3.5,158.,657.05812659478));
#827 = CARTESIAN_POINT('',(-3.5,158.,656.89430023758));
#828 = ORIENTED_EDGE('',*,*,#829,.F.);
#829 = EDGE_CURVE('',#830,#803,#832,.T.);
#830 = VERTEX_POINT('',#831);
#831 = CARTESIAN_POINT('',(-38.46257855589,158.,642.4123260242));
#832 = CIRCLE('',#833,58.);
#833 = AXIS2_PLACEMENT_3D('',#834,#835,#836);
#834 = CARTESIAN_POINT('',(0.,158.,599.));
#835 = DIRECTION('',(0.,1.,0.));
#836 = DIRECTION('',(0.,0.,1.));
#837 = ORIENTED_EDGE('',*,*,#838,.F.);
#838 = EDGE_CURVE('',#839,#830,#841,.T.);
#839 = VERTEX_POINT('',#840);
#840 = CARTESIAN_POINT('',(-38.53731957466,157.99721510378,
    642.48706704297));
#841 = B_SPLINE_CURVE_WITH_KNOTS('',6,(#842,#843,#844,#845,#846,#847,
    #848,#849,#850,#851,#852,#853,#854,#855,#856,#857,#858,#859,#860,
    #861,#862,#863),.UNSPECIFIED.,.F.,.F.,(7,5,5,5,7),(0.,0.345425177685
    ,0.517401413544,0.687441669043,1.),.UNSPECIFIED.);
#842 = CARTESIAN_POINT('',(-39.87928780872,156.,643.82903527702));
#843 = CARTESIAN_POINT('',(-39.87928780872,156.18098795894,
    643.82903527702));
#844 = CARTESIAN_POINT('',(-39.86536657458,156.3620076478,
    643.81511404289));
#845 = CARTESIAN_POINT('',(-39.83751550708,156.54031215205,
    643.78726297539));
#846 = CARTESIAN_POINT('',(-39.79610510022,156.71327206685,
    643.74585256853));
#847 = CARTESIAN_POINT('',(-39.74178799183,156.87837217419,
    643.69153546013));
#848 = CARTESIAN_POINT('',(-39.64261755747,157.11039991655,
    643.59236502578));
#849 = CARTESIAN_POINT('',(-39.60670419882,157.18500293603,
    643.55645166713));
#850 = CARTESIAN_POINT('',(-39.56796221931,157.25680351561,
    643.51770968762));
#851 = CARTESIAN_POINT('',(-39.52653034998,157.32553694233,
    643.47627781829));
#852 = CARTESIAN_POINT('',(-39.4825635412,157.39095744084,643.4323110095
    ));
#853 = CARTESIAN_POINT('',(-39.39042295642,157.51402354754,
    643.34017042473));
#854 = CARTESIAN_POINT('',(-39.34230119755,157.57174961342,
    643.29204866586));
#855 = CARTESIAN_POINT('',(-39.29203221171,157.6257985385,
    643.24177968001));
#856 = CARTESIAN_POINT('',(-39.23979303191,157.67597457304,
    643.18954050021));
#857 = CARTESIAN_POINT('',(-39.18577215087,157.72210506221,
    643.13551961917));
#858 = CARTESIAN_POINT('',(-39.02796235701,157.84112477541,
    642.97770982531));
#859 = CARTESIAN_POINT('',(-38.92039654991,157.90404566314,
    642.87014401822));
#860 = CARTESIAN_POINT('',(-38.80872593104,157.95185851199,
    642.75847339935));
#861 = CARTESIAN_POINT('',(-38.69427658848,157.98395516279,
    642.64402405679));
#862 = CARTESIAN_POINT('',(-38.57842128357,158.,642.52816875187));
#863 = CARTESIAN_POINT('',(-38.46257855585,158.,642.41232602415));
#864 = ORIENTED_EDGE('',*,*,#865,.T.);
#865 = EDGE_CURVE('',#839,#866,#868,.T.);
#866 = VERTEX_POINT('',#867);
#867 = CARTESIAN_POINT('',(-41.01219554538,158.,640.01219107225));
#868 = B_SPLINE_CURVE_WITH_KNOTS('',6,(#869,#870,#871,#872,#873,#874,
    #875),.UNSPECIFIED.,.F.,.F.,(7,7),(0.,1.),.PIECEWISE_BEZIER_KNOTS.);
#869 = CARTESIAN_POINT('',(-38.04234482783,157.99422552952,
    642.9820417898));
#870 = CARTESIAN_POINT('',(-38.53709769354,157.99807398993,
    642.48728892409));
#871 = CARTESIAN_POINT('',(-39.03198771787,157.99961278143,
    641.99239889976));
#872 = CARTESIAN_POINT('',(-39.52697547803,158.00000078024,
    641.49741113961));
#873 = CARTESIAN_POINT('',(-40.02202619762,157.99999975178,
    641.00236042002));
#874 = CARTESIAN_POINT('',(-40.51710828371,158.,640.50727833392));
#875 = CARTESIAN_POINT('',(-41.01219330882,158.,640.01219330882));
#876 = ORIENTED_EDGE('',*,*,#877,.F.);
#877 = EDGE_CURVE('',#878,#866,#880,.T.);
#878 = VERTEX_POINT('',#879);
#879 = CARTESIAN_POINT('',(-43.48706704297,157.99721510378,
    637.53731957466));
#880 = B_SPLINE_CURVE_WITH_KNOTS('',6,(#881,#882,#883,#884,#885,#886,
    #887),.UNSPECIFIED.,.F.,.F.,(7,7),(0.,1.),.PIECEWISE_BEZIER_KNOTS.);
#881 = CARTESIAN_POINT('',(-43.9820417898,157.99422552952,
    637.04234482783));
#882 = CARTESIAN_POINT('',(-43.48728892409,157.99807398993,
    637.53709769354));
#883 = CARTESIAN_POINT('',(-42.99239889976,157.99961278143,
    638.03198771787));
#884 = CARTESIAN_POINT('',(-42.49741113961,158.00000078024,
    638.52697547802));
#885 = CARTESIAN_POINT('',(-42.00236042001,157.99999975178,
    639.02202619762));
#886 = CARTESIAN_POINT('',(-41.50727833392,158.,639.51710828371));
#887 = CARTESIAN_POINT('',(-41.01219330882,158.,640.01219330882));
#888 = ORIENTED_EDGE('',*,*,#889,.T.);
#889 = EDGE_CURVE('',#878,#890,#892,.T.);
#890 = VERTEX_POINT('',#891);
#891 = CARTESIAN_POINT('',(-43.4123260242,158.,637.46257855589));
#892 = B_SPLINE_CURVE_WITH_KNOTS('',6,(#893,#894,#895,#896,#897,#898,
    #899,#900,#901,#902,#903,#904,#905,#906,#907,#908,#909,#910,#911,
    #912,#913,#914),.UNSPECIFIED.,.F.,.F.,(7,5,5,5,7),(0.,0.34542517646,
    0.517401412319,0.687441667818,1.),.UNSPECIFIED.);
#893 = CARTESIAN_POINT('',(-44.82903527702,156.,638.87928780872));
#894 = CARTESIAN_POINT('',(-44.82903527702,156.1809879583,
    638.87928780872));
#895 = CARTESIAN_POINT('',(-44.81511404299,156.36200764652,
    638.86536657468));
#896 = CARTESIAN_POINT('',(-44.78726297569,156.54031215015,
    638.83751550738));
#897 = CARTESIAN_POINT('',(-44.74585256912,156.71327206439,
    638.79610510081));
#898 = CARTESIAN_POINT('',(-44.69153546109,156.87837217126,
    638.74178799279));
#899 = CARTESIAN_POINT('',(-44.59236502729,157.11039991335,
    638.64261755898));
#900 = CARTESIAN_POINT('',(-44.55645166875,157.18500293292,
    638.60670420044));
#901 = CARTESIAN_POINT('',(-44.51770968933,157.25680351261,
    638.56796222102));
#902 = CARTESIAN_POINT('',(-44.4762778201,157.32553693944,
    638.52653035179));
#903 = CARTESIAN_POINT('',(-44.4323110114,157.39095743807,
    638.48256354309));
#904 = CARTESIAN_POINT('',(-44.34017042679,157.51402354502,
    638.39042295848));
#905 = CARTESIAN_POINT('',(-44.292048668,157.57174961103,638.34230119969
    ));
#906 = CARTESIAN_POINT('',(-44.24177968223,157.62579853625,
    638.29203221392));
#907 = CARTESIAN_POINT('',(-44.1895405025,157.67597457093,
    638.23979303419));
#908 = CARTESIAN_POINT('',(-44.13551962152,157.72210506025,
    638.18577215321));
#909 = CARTESIAN_POINT('',(-43.97770982742,157.84112477417,
    638.02796235912));
#910 = CARTESIAN_POINT('',(-43.87014401997,157.90404566239,
    637.92039655167));
#911 = CARTESIAN_POINT('',(-43.75847340069,157.95185851161,
    637.80872593239));
#912 = CARTESIAN_POINT('',(-43.6440240577,157.98395516266,
    637.69427658939));
#913 = CARTESIAN_POINT('',(-43.52816875233,158.,637.57842128402));
#914 = CARTESIAN_POINT('',(-43.41232602415,158.,637.46257855585));
#915 = ORIENTED_EDGE('',*,*,#916,.F.);
#916 = EDGE_CURVE('',#917,#890,#919,.T.);
#917 = VERTEX_POINT('',#918);
#918 = CARTESIAN_POINT('',(-57.89430023758,158.,602.5));
#919 = CIRCLE('',#920,58.);
#920 = AXIS2_PLACEMENT_3D('',#921,#922,#923);
#921 = CARTESIAN_POINT('',(0.,158.,599.));
#922 = DIRECTION('',(0.,1.,0.));
#923 = DIRECTION('',(0.,0.,1.));
#924 = ORIENTED_EDGE('',*,*,#925,.F.);
#925 = EDGE_CURVE('',#926,#917,#928,.T.);
#926 = VERTEX_POINT('',#927);
#927 = CARTESIAN_POINT('',(-58.,157.99721510378,602.5));
#928 = B_SPLINE_CURVE_WITH_KNOTS('',6,(#929,#930,#931,#932,#933,#934,
    #935,#936,#937,#938,#939,#940,#941,#942,#943,#944,#945,#946,#947,
    #948,#949,#950),.UNSPECIFIED.,.F.,.F.,(7,5,5,5,7),(0.,0.345425177073
    ,0.517401412932,0.68744166843,1.),.UNSPECIFIED.);
#929 = CARTESIAN_POINT('',(-59.89782967687,156.,602.5));
#930 = CARTESIAN_POINT('',(-59.89782967687,156.18098795862,602.5));
#931 = CARTESIAN_POINT('',(-59.87814207882,156.36200764716,602.5));
#932 = CARTESIAN_POINT('',(-59.83875472158,156.5403121511,602.5));
#933 = CARTESIAN_POINT('',(-59.78019156278,156.71327206562,602.5));
#934 = CARTESIAN_POINT('',(-59.70337557168,156.87837217273,602.5));
#935 = CARTESIAN_POINT('',(-59.56312739882,157.11039991495,602.5));
#936 = CARTESIAN_POINT('',(-59.51233824002,157.18500293447,602.5));
#937 = CARTESIAN_POINT('',(-59.45754880723,157.25680351411,602.5));
#938 = CARTESIAN_POINT('',(-59.39895529578,157.32553694089,602.5));
#939 = CARTESIAN_POINT('',(-59.33677683856,157.39095743945,602.5));
#940 = CARTESIAN_POINT('',(-59.20647037404,157.51402354628,602.5));
#941 = CARTESIAN_POINT('',(-59.13841593006,157.57174961223,602.5));
#942 = CARTESIAN_POINT('',(-59.06732484856,157.62579853738,602.5));
#943 = CARTESIAN_POINT('',(-58.99344749205,157.67597457198,602.5));
#944 = CARTESIAN_POINT('',(-58.91705042948,157.72210506123,602.5));
#945 = CARTESIAN_POINT('',(-58.69387367856,157.84112477479,602.5));
#946 = CARTESIAN_POINT('',(-58.54175265507,157.90404566277,602.5));
#947 = CARTESIAN_POINT('',(-58.38382655105,157.9518585118,602.5));
#948 = CARTESIAN_POINT('',(-58.22197073829,157.98395516272,602.5));
#949 = CARTESIAN_POINT('',(-58.05812659448,158.,602.5));
#950 = CARTESIAN_POINT('',(-57.89430023752,158.,602.5));
#951 = ORIENTED_EDGE('',*,*,#952,.T.);
#952 = EDGE_CURVE('',#926,#953,#955,.T.);
#953 = VERTEX_POINT('',#954);
#954 = CARTESIAN_POINT('',(-58.,158.,599.));
#955 = B_SPLINE_CURVE_WITH_KNOTS('',6,(#956,#957,#958,#959,#960,#961,
    #962),.UNSPECIFIED.,.F.,.F.,(7,7),(0.,1.),.PIECEWISE_BEZIER_KNOTS.);
#956 = CARTESIAN_POINT('',(-58.,157.99422552952,603.2));
#957 = CARTESIAN_POINT('',(-58.,157.99807398993,602.50031378729));
#958 = CARTESIAN_POINT('',(-58.,157.99961278143,601.800433603));
#959 = CARTESIAN_POINT('',(-58.,158.00000078024,601.10041519938));
#960 = CARTESIAN_POINT('',(-58.,157.99999975178,600.40030775767));
#961 = CARTESIAN_POINT('',(-58.,158.,599.70015595702));
#962 = CARTESIAN_POINT('',(-58.,158.,599.));
#963 = ORIENTED_EDGE('',*,*,#964,.F.);
#964 = EDGE_CURVE('',#965,#953,#967,.T.);
#965 = VERTEX_POINT('',#966);
#966 = CARTESIAN_POINT('',(-58.,157.99721510378,595.5));
#967 = B_SPLINE_CURVE_WITH_KNOTS('',6,(#968,#969,#970,#971,#972,#973,
    #974),.UNSPECIFIED.,.F.,.F.,(7,7),(0.,1.),.PIECEWISE_BEZIER_KNOTS.);
#968 = CARTESIAN_POINT('',(-58.,157.99422552952,594.8));
#969 = CARTESIAN_POINT('',(-58.,157.99807398993,595.4996862127));
#970 = CARTESIAN_POINT('',(-58.,157.99961278143,596.19956639699));
#971 = CARTESIAN_POINT('',(-58.,158.00000078024,596.89958480061));
#972 = CARTESIAN_POINT('',(-58.,157.99999975178,597.59969224232));
#973 = CARTESIAN_POINT('',(-58.,158.,598.29984404297));
#974 = CARTESIAN_POINT('',(-58.,158.,599.));
#975 = ORIENTED_EDGE('',*,*,#976,.T.);
#976 = EDGE_CURVE('',#965,#977,#979,.T.);
#977 = VERTEX_POINT('',#978);
#978 = CARTESIAN_POINT('',(-57.89430023758,158.,595.5));
#979 = B_SPLINE_CURVE_WITH_KNOTS('',6,(#980,#981,#982,#983,#984,#985,
    #986,#987,#988,#989,#990,#991,#992,#993,#994,#995,#996,#997,#998,
    #999,#1000,#1001),.UNSPECIFIED.,.F.,.F.,(7,5,5,5,7),(0.,
    0.345425177073,0.517401412932,0.68744166843,1.),.UNSPECIFIED.);
#980 = CARTESIAN_POINT('',(-59.89782967687,156.,595.5));
#981 = CARTESIAN_POINT('',(-59.89782967687,156.18098795862,595.5));
#982 = CARTESIAN_POINT('',(-59.87814207882,156.36200764716,595.5));
#983 = CARTESIAN_POINT('',(-59.83875472158,156.5403121511,595.5));
#984 = CARTESIAN_POINT('',(-59.78019156278,156.71327206562,595.5));
#985 = CARTESIAN_POINT('',(-59.70337557168,156.87837217273,595.5));
#986 = CARTESIAN_POINT('',(-59.56312739882,157.11039991495,595.5));
#987 = CARTESIAN_POINT('',(-59.51233824002,157.18500293447,595.5));
#988 = CARTESIAN_POINT('',(-59.45754880723,157.25680351411,595.5));
#989 = CARTESIAN_POINT('',(-59.39895529578,157.32553694089,595.5));
#990 = CARTESIAN_POINT('',(-59.33677683856,157.39095743945,595.5));
#991 = CARTESIAN_POINT('',(-59.20647037404,157.51402354628,595.5));
#992 = CARTESIAN_POINT('',(-59.13841593006,157.57174961223,595.5));
#993 = CARTESIAN_POINT('',(-59.06732484856,157.62579853738,595.5));
#994 = CARTESIAN_POINT('',(-58.99344749205,157.67597457198,595.5));
#995 = CARTESIAN_POINT('',(-58.91705042948,157.72210506123,595.5));
#996 = CARTESIAN_POINT('',(-58.69387367856,157.84112477479,595.5));
#997 = CARTESIAN_POINT('',(-58.54175265507,157.90404566277,595.5));
#998 = CARTESIAN_POINT('',(-58.38382655105,157.9518585118,595.5));
#999 = CARTESIAN_POINT('',(-58.22197073829,157.98395516272,595.5));
#1000 = CARTESIAN_POINT('',(-58.05812659448,158.,595.5));
#1001 = CARTESIAN_POINT('',(-57.89430023752,158.,595.5));
#1002 = ORIENTED_EDGE('',*,*,#1003,.F.);
#1003 = EDGE_CURVE('',#1004,#977,#1006,.T.);
#1004 = VERTEX_POINT('',#1005);
#1005 = CARTESIAN_POINT('',(-43.4123260242,158.,560.5374214441));
#1006 = CIRCLE('',#1007,58.);
#1007 = AXIS2_PLACEMENT_3D('',#1008,#1009,#1010);
#1008 = CARTESIAN_POINT('',(0.,158.,599.));
#1009 = DIRECTION('',(0.,1.,0.));
#1010 = DIRECTION('',(0.,0.,1.));
#1011 = ORIENTED_EDGE('',*,*,#1012,.F.);
#1012 = EDGE_CURVE('',#1013,#1004,#1015,.T.);
#1013 = VERTEX_POINT('',#1014);
#1014 = CARTESIAN_POINT('',(-43.48706704297,157.99721510378,
    560.46268042533));
#1015 = B_SPLINE_CURVE_WITH_KNOTS('',6,(#1016,#1017,#1018,#1019,#1020,
    #1021,#1022,#1023,#1024,#1025,#1026,#1027,#1028,#1029,#1030,#1031,
    #1032,#1033,#1034,#1035,#1036,#1037),.UNSPECIFIED.,.F.,.F.,(7,5,5,5,
    7),(0.,0.34542517731,0.517401413169,0.687441668668,1.),
  .UNSPECIFIED.);
#1016 = CARTESIAN_POINT('',(-44.82903527702,156.,559.12071219127));
#1017 = CARTESIAN_POINT('',(-44.82903527702,156.18098795875,
    559.12071219127));
#1018 = CARTESIAN_POINT('',(-44.81511404292,156.36200764741,
    559.13463342538));
#1019 = CARTESIAN_POINT('',(-44.78726297548,156.54031215147,
    559.16248449282));
#1020 = CARTESIAN_POINT('',(-44.74585256871,156.7132720661,
    559.20389489959));
#1021 = CARTESIAN_POINT('',(-44.69153546043,156.87837217329,
    559.25821200787));
#1022 = CARTESIAN_POINT('',(-44.59236502624,157.11039991557,
    559.35738244206));
#1023 = CARTESIAN_POINT('',(-44.55645166762,157.18500293508,
    559.39329580067));
#1024 = CARTESIAN_POINT('',(-44.51770968814,157.25680351469,
    559.43203778016));
#1025 = CARTESIAN_POINT('',(-44.47627781884,157.32553694145,
    559.47346964946));
#1026 = CARTESIAN_POINT('',(-44.43231101008,157.39095743999,
    559.51743645821));
#1027 = CARTESIAN_POINT('',(-44.34017042536,157.51402354677,
    559.60957704294));
#1028 = CARTESIAN_POINT('',(-44.29204866651,157.57174961269,
    559.65769880178));
#1029 = CARTESIAN_POINT('',(-44.24177968069,157.62579853781,
    559.70796778761));
#1030 = CARTESIAN_POINT('',(-44.18954050091,157.67597457239,
    559.76020696739));
#1031 = CARTESIAN_POINT('',(-44.13551961989,157.72210506161,
    559.81422784841));
#1032 = CARTESIAN_POINT('',(-43.97770982596,157.84112477503,
    559.97203764234));
#1033 = CARTESIAN_POINT('',(-43.87014401876,157.90404566291,
    560.07960344954));
#1034 = CARTESIAN_POINT('',(-43.75847339976,157.95185851187,
    560.19127406854));
#1035 = CARTESIAN_POINT('',(-43.64402405706,157.98395516275,
    560.30572341123));
#1036 = CARTESIAN_POINT('',(-43.52816875201,158.,560.42157871629));
#1037 = CARTESIAN_POINT('',(-43.41232602415,158.,560.53742144415));
#1038 = ORIENTED_EDGE('',*,*,#1039,.T.);
#1039 = EDGE_CURVE('',#1013,#1040,#1042,.T.);
#1040 = VERTEX_POINT('',#1041);
#1041 = CARTESIAN_POINT('',(-41.01219330882,158.,557.98780669118));
#1042 = B_SPLINE_CURVE_WITH_KNOTS('',6,(#1043,#1044,#1045,#1046,#1047,
    #1048,#1049),.UNSPECIFIED.,.F.,.F.,(7,7),(0.,1.),
  .PIECEWISE_BEZIER_KNOTS.);
#1043 = CARTESIAN_POINT('',(-43.9820417898,157.99422552952,
    560.95765517216));
#1044 = CARTESIAN_POINT('',(-43.48728892409,157.99807398993,
    560.46290230645));
#1045 = CARTESIAN_POINT('',(-42.99239889976,157.99961278143,
    559.96801228212));
#1046 = CARTESIAN_POINT('',(-42.49741113961,158.00000078024,
    559.47302452197));
#1047 = CARTESIAN_POINT('',(-42.00236042001,157.99999975178,
    558.97797380237));
#1048 = CARTESIAN_POINT('',(-41.50727833392,158.,558.48289171628));
#1049 = CARTESIAN_POINT('',(-41.01219330882,158.,557.98780669118));
#1050 = ORIENTED_EDGE('',*,*,#1051,.F.);
#1051 = EDGE_CURVE('',#1052,#1040,#1054,.T.);
#1052 = VERTEX_POINT('',#1053);
#1053 = CARTESIAN_POINT('',(-38.53731957466,157.99721510378,
    555.51293295702));
#1054 = B_SPLINE_CURVE_WITH_KNOTS('',6,(#1055,#1056,#1057,#1058,#1059,
    #1060,#1061),.UNSPECIFIED.,.F.,.F.,(7,7),(0.,1.),
  .PIECEWISE_BEZIER_KNOTS.);
#1055 = CARTESIAN_POINT('',(-38.04234482783,157.99422552952,
    555.01795821019));
#1056 = CARTESIAN_POINT('',(-38.53709769354,157.99807398993,
    555.5127110759));
#1057 = CARTESIAN_POINT('',(-39.03198771787,157.99961278143,
    556.00760110023));
#1058 = CARTESIAN_POINT('',(-39.52697547802,158.00000078024,
    556.50258886038));
#1059 = CARTESIAN_POINT('',(-40.02202619762,157.99999975178,
    556.99763957998));
#1060 = CARTESIAN_POINT('',(-40.51710828371,158.,557.49272166607));
#1061 = CARTESIAN_POINT('',(-41.01219330882,158.,557.98780669118));
#1062 = ORIENTED_EDGE('',*,*,#1063,.T.);
#1063 = EDGE_CURVE('',#1052,#1064,#1066,.T.);
#1064 = VERTEX_POINT('',#1065);
#1065 = CARTESIAN_POINT('',(-38.46257855589,158.,555.58767397579));
#1066 = B_SPLINE_CURVE_WITH_KNOTS('',6,(#1067,#1068,#1069,#1070,#1071,
    #1072,#1073,#1074,#1075,#1076,#1077,#1078,#1079,#1080,#1081,#1082,
    #1083,#1084,#1085,#1086,#1087,#1088),.UNSPECIFIED.,.F.,.F.,(7,5,5,5,
    7),(0.,0.345425176403,0.517401412262,0.68744166776,1.),
  .UNSPECIFIED.);
#1067 = CARTESIAN_POINT('',(-39.87928780872,156.,554.17096472297));
#1068 = CARTESIAN_POINT('',(-39.87928780872,156.18098795827,
    554.17096472297));
#1069 = CARTESIAN_POINT('',(-39.86536657468,156.36200764646,
    554.184885957));
#1070 = CARTESIAN_POINT('',(-39.83751550739,156.54031215006,
    554.21273702429));
#1071 = CARTESIAN_POINT('',(-39.79610510084,156.71327206428,
    554.25414743085));
#1072 = CARTESIAN_POINT('',(-39.74178799283,156.87837217112,
    554.30846453885));
#1073 = CARTESIAN_POINT('',(-39.64261755906,157.1103999132,
    554.40763497263));
#1074 = CARTESIAN_POINT('',(-39.60670420052,157.18500293277,
    554.44354833117));
#1075 = CARTESIAN_POINT('',(-39.5679622211,157.25680351247,
    554.48229031058));
#1076 = CARTESIAN_POINT('',(-39.52653035187,157.32553693931,
    554.52372217981));
#1077 = CARTESIAN_POINT('',(-39.48256354318,157.39095743794,
    554.5676889885));
#1078 = CARTESIAN_POINT('',(-39.39042295858,157.5140235449,
    554.6598295731));
#1079 = CARTESIAN_POINT('',(-39.34230119979,157.57174961092,
    554.70795133189));
#1080 = CARTESIAN_POINT('',(-39.29203221403,157.62579853614,
    554.75822031766));
#1081 = CARTESIAN_POINT('',(-39.2397930343,157.67597457083,
    554.81045949739));
#1082 = CARTESIAN_POINT('',(-39.18577215333,157.72210506015,
    554.86448037836));
#1083 = CARTESIAN_POINT('',(-39.02796235922,157.84112477411,
    555.02229017247));
#1084 = CARTESIAN_POINT('',(-38.92039655175,157.90404566236,
    555.12985597994));
#1085 = CARTESIAN_POINT('',(-38.80872593245,157.95185851159,
    555.24152659924));
#1086 = CARTESIAN_POINT('',(-38.69427658943,157.98395516265,
    555.35597594225));
#1087 = CARTESIAN_POINT('',(-38.57842128404,158.,555.47183124764));
#1088 = CARTESIAN_POINT('',(-38.46257855585,158.,555.58767397584));
#1089 = ORIENTED_EDGE('',*,*,#1090,.F.);
#1090 = EDGE_CURVE('',#1091,#1064,#1093,.T.);
#1091 = VERTEX_POINT('',#1092);
#1092 = CARTESIAN_POINT('',(-3.5,158.,541.10569976241));
#1093 = CIRCLE('',#1094,58.);
#1094 = AXIS2_PLACEMENT_3D('',#1095,#1096,#1097);
#1095 = CARTESIAN_POINT('',(0.,158.,599.));
#1096 = DIRECTION('',(0.,1.,0.));
#1097 = DIRECTION('',(0.,0.,1.));
#1098 = ORIENTED_EDGE('',*,*,#1099,.F.);
#1099 = EDGE_CURVE('',#1100,#1091,#1102,.T.);
#1100 = VERTEX_POINT('',#1101);
#1101 = CARTESIAN_POINT('',(-3.5,157.99721510378,541.));
#1102 = B_SPLINE_CURVE_WITH_KNOTS('',6,(#1103,#1104,#1105,#1106,#1107,
    #1108,#1109,#1110,#1111,#1112,#1113,#1114,#1115,#1116,#1117,#1118,
    #1119,#1120,#1121,#1122,#1123,#1124),.UNSPECIFIED.,.F.,.F.,(7,5,5,5,
    7),(0.,0.345425176925,0.517401412784,0.687441668282,1.),
  .UNSPECIFIED.);
#1103 = CARTESIAN_POINT('',(-3.5,156.,539.10217032312));
#1104 = CARTESIAN_POINT('',(-3.5,156.18098795854,539.10217032312));
#1105 = CARTESIAN_POINT('',(-3.5,156.362007647,539.12185792115));
#1106 = CARTESIAN_POINT('',(-3.5,156.54031215087,539.16124527836));
#1107 = CARTESIAN_POINT('',(-3.5,156.71327206532,539.21980843711));
#1108 = CARTESIAN_POINT('',(-3.5,156.87837217236,539.29662442814));
#1109 = CARTESIAN_POINT('',(-3.5,157.11039991455,539.43687260091));
#1110 = CARTESIAN_POINT('',(-3.5,157.18500293409,539.48766175969));
#1111 = CARTESIAN_POINT('',(-3.5,157.25680351374,539.54245119246));
#1112 = CARTESIAN_POINT('',(-3.5,157.32553694053,539.6010447039));
#1113 = CARTESIAN_POINT('',(-3.5,157.39095743911,539.66322316109));
#1114 = CARTESIAN_POINT('',(-3.5,157.51402354597,539.79352962558));
#1115 = CARTESIAN_POINT('',(-3.5,157.57174961193,539.86158406955));
#1116 = CARTESIAN_POINT('',(-3.5,157.62579853709,539.93267515103));
#1117 = CARTESIAN_POINT('',(-3.5,157.67597457172,540.00655250753));
#1118 = CARTESIAN_POINT('',(-3.5,157.72210506098,540.08294957009));
#1119 = CARTESIAN_POINT('',(-3.5,157.84112477463,540.30612632105));
#1120 = CARTESIAN_POINT('',(-3.5,157.90404566267,540.4582473446));
#1121 = CARTESIAN_POINT('',(-3.5,157.95185851174,540.61617344868));
#1122 = CARTESIAN_POINT('',(-3.5,157.9839551627,540.77802926152));
#1123 = CARTESIAN_POINT('',(-3.5,158.,540.9418734054));
#1124 = CARTESIAN_POINT('',(-3.5,158.,541.10569976244));
#1125 = ORIENTED_EDGE('',*,*,#1126,.T.);
#1126 = EDGE_CURVE('',#1100,#1127,#1129,.T.);
#1127 = VERTEX_POINT('',#1128);
#1128 = CARTESIAN_POINT('',(7.102951435055E-15,158.,541.));
#1129 = B_SPLINE_CURVE_WITH_KNOTS('',6,(#1130,#1131,#1132,#1133,#1134,
    #1135,#1136),.UNSPECIFIED.,.F.,.F.,(7,7),(0.,1.),
  .PIECEWISE_BEZIER_KNOTS.);
#1130 = CARTESIAN_POINT('',(-4.2,157.99422552952,541.));
#1131 = CARTESIAN_POINT('',(-3.50031378675,157.99807398993,541.));
#1132 = CARTESIAN_POINT('',(-2.800433601917,157.99961278144,541.));
#1133 = CARTESIAN_POINT('',(-2.100415197754,158.00000078024,541.));
#1134 = CARTESIAN_POINT('',(-1.400307755494,157.99999975178,541.));
#1135 = CARTESIAN_POINT('',(-0.700155954311,158.,541.));
#1136 = CARTESIAN_POINT('',(3.26441984555E-09,158.,541.));
#1137 = ORIENTED_EDGE('',*,*,#1138,.F.);
#1138 = EDGE_CURVE('',#1139,#1127,#1141,.T.);
#1139 = VERTEX_POINT('',#1140);
#1140 = CARTESIAN_POINT('',(3.5,157.99721510378,541.));
#1141 = B_SPLINE_CURVE_WITH_KNOTS('',6,(#1142,#1143,#1144,#1145,#1146,
    #1147,#1148),.UNSPECIFIED.,.F.,.F.,(7,7),(0.,1.),
  .PIECEWISE_BEZIER_KNOTS.);
#1142 = CARTESIAN_POINT('',(4.2,157.99422552952,541.));
#1143 = CARTESIAN_POINT('',(3.500313787837,157.99807398993,541.));
#1144 = CARTESIAN_POINT('',(2.800433604092,157.99961278143,541.));
#1145 = CARTESIAN_POINT('',(2.100415201017,158.00000078024,541.));
#1146 = CARTESIAN_POINT('',(1.400307759847,157.99999975178,541.));
#1147 = CARTESIAN_POINT('',(0.700155959752,158.,541.));
#1148 = CARTESIAN_POINT('',(3.26441984555E-09,158.,541.));
#1149 = ORIENTED_EDGE('',*,*,#1150,.T.);
#1150 = EDGE_CURVE('',#1139,#1151,#1153,.T.);
#1151 = VERTEX_POINT('',#1152);
#1152 = CARTESIAN_POINT('',(3.5,158.,541.10569976241));
#1153 = B_SPLINE_CURVE_WITH_KNOTS('',6,(#1154,#1155,#1156,#1157,#1158,
    #1159,#1160,#1161,#1162,#1163,#1164,#1165,#1166,#1167,#1168,#1169,
    #1170,#1171,#1172,#1173,#1174,#1175),.UNSPECIFIED.,.F.,.F.,(7,5,5,5,
    7),(0.,0.345425176619,0.517401412478,0.687441667976,1.),
  .UNSPECIFIED.);
#1154 = CARTESIAN_POINT('',(3.5,156.,539.10217032312));
#1155 = CARTESIAN_POINT('',(3.5,156.18098795838,539.10217032312));
#1156 = CARTESIAN_POINT('',(3.5,156.36200764668,539.12185792112));
#1157 = CARTESIAN_POINT('',(3.5,156.54031215039,539.16124527826));
#1158 = CARTESIAN_POINT('',(3.5,156.7132720647,539.2198084369));
#1159 = CARTESIAN_POINT('',(3.5,156.87837217163,539.2966244278));
#1160 = CARTESIAN_POINT('',(3.5,157.11039991375,539.43687260037));
#1161 = CARTESIAN_POINT('',(3.5,157.18500293331,539.48766175912));
#1162 = CARTESIAN_POINT('',(3.5,157.25680351299,539.54245119186));
#1163 = CARTESIAN_POINT('',(3.5,157.3255369398,539.60104470326));
#1164 = CARTESIAN_POINT('',(3.5,157.39095743841,539.66322316042));
#1165 = CARTESIAN_POINT('',(3.5,157.51402354534,539.79352962485));
#1166 = CARTESIAN_POINT('',(3.5,157.57174961133,539.86158406879));
#1167 = CARTESIAN_POINT('',(3.5,157.62579853653,539.93267515025));
#1168 = CARTESIAN_POINT('',(3.5,157.67597457119,540.00655250673));
#1169 = CARTESIAN_POINT('',(3.5,157.72210506049,540.08294956926));
#1170 = CARTESIAN_POINT('',(3.5,157.84112477432,540.3061263203));
#1171 = CARTESIAN_POINT('',(3.5,157.90404566248,540.45824734398));
#1172 = CARTESIAN_POINT('',(3.5,157.95185851165,540.61617344821));
#1173 = CARTESIAN_POINT('',(3.5,157.98395516267,540.7780292612));
#1174 = CARTESIAN_POINT('',(3.5,158.,540.94187340524));
#1175 = CARTESIAN_POINT('',(3.5,158.,541.10569976244));
#1176 = ORIENTED_EDGE('',*,*,#1177,.F.);
#1177 = EDGE_CURVE('',#1178,#1151,#1180,.T.);
#1178 = VERTEX_POINT('',#1179);
#1179 = CARTESIAN_POINT('',(38.462578555896,158.,555.58767397579));
#1180 = CIRCLE('',#1181,58.);
#1181 = AXIS2_PLACEMENT_3D('',#1182,#1183,#1184);
#1182 = CARTESIAN_POINT('',(0.,158.,599.));
#1183 = DIRECTION('',(0.,1.,0.));
#1184 = DIRECTION('',(0.,0.,1.));
#1185 = ORIENTED_EDGE('',*,*,#1186,.F.);
#1186 = EDGE_CURVE('',#1187,#1178,#1189,.T.);
#1187 = VERTEX_POINT('',#1188);
#1188 = CARTESIAN_POINT('',(38.537319574667,157.99721510378,
    555.51293295702));
#1189 = B_SPLINE_CURVE_WITH_KNOTS('',6,(#1190,#1191,#1192,#1193,#1194,
    #1195,#1196,#1197,#1198,#1199,#1200,#1201,#1202,#1203,#1204,#1205,
    #1206,#1207,#1208,#1209,#1210,#1211),.UNSPECIFIED.,.F.,.F.,(7,5,5,5,
    7),(0.,0.345425176403,0.517401412262,0.68744166776,1.),
  .UNSPECIFIED.);
#1190 = CARTESIAN_POINT('',(39.879287808723,156.,554.17096472297));
#1191 = CARTESIAN_POINT('',(39.879287808723,156.18098795827,
    554.17096472297));
#1192 = CARTESIAN_POINT('',(39.865366574689,156.36200764646,
    554.184885957));
#1193 = CARTESIAN_POINT('',(39.8375155074,156.54031215006,
    554.21273702429));
#1194 = CARTESIAN_POINT('',(39.796105100844,156.71327206427,
    554.25414743085));
#1195 = CARTESIAN_POINT('',(39.741787992842,156.87837217112,
    554.30846453885));
#1196 = CARTESIAN_POINT('',(39.642617559065,157.11039991319,
    554.40763497262));
#1197 = CARTESIAN_POINT('',(39.606704200526,157.18500293276,
    554.44354833116));
#1198 = CARTESIAN_POINT('',(39.567962221114,157.25680351246,
    554.48229031058));
#1199 = CARTESIAN_POINT('',(39.526530351886,157.32553693929,
    554.5237221798));
#1200 = CARTESIAN_POINT('',(39.482563543196,157.39095743792,
    554.56768898849));
#1201 = CARTESIAN_POINT('',(39.390422958597,157.51402354489,
    554.65982957309));
#1202 = CARTESIAN_POINT('',(39.342301199809,157.57174961091,
    554.70795133188));
#1203 = CARTESIAN_POINT('',(39.292032214043,157.62579853613,
    554.75822031765));
#1204 = CARTESIAN_POINT('',(39.239793034314,157.67597457082,
    554.81045949738));
#1205 = CARTESIAN_POINT('',(39.185772153343,157.72210506014,
    554.86448037835));
#1206 = CARTESIAN_POINT('',(39.027962359237,157.8411247741,
    555.02229017245));
#1207 = CARTESIAN_POINT('',(38.920396551771,157.90404566235,
    555.12985597992));
#1208 = CARTESIAN_POINT('',(38.808725932472,157.95185851158,
    555.24152659922));
#1209 = CARTESIAN_POINT('',(38.694276589458,157.98395516265,
    555.35597594223));
#1210 = CARTESIAN_POINT('',(38.578421284067,158.,555.47183124762));
#1211 = CARTESIAN_POINT('',(38.462578555874,158.,555.58767397582));
#1212 = ORIENTED_EDGE('',*,*,#1213,.T.);
#1213 = EDGE_CURVE('',#1187,#1214,#1216,.T.);
#1214 = VERTEX_POINT('',#1215);
#1215 = CARTESIAN_POINT('',(41.01219330882,158.,557.98780669118));
#1216 = B_SPLINE_CURVE_WITH_KNOTS('',6,(#1217,#1218,#1219,#1220,#1221,
    #1222,#1223),.UNSPECIFIED.,.F.,.F.,(7,7),(0.,1.),
  .PIECEWISE_BEZIER_KNOTS.);
#1217 = CARTESIAN_POINT('',(38.042344827836,157.99422552952,
    555.01795821019));
#1218 = CARTESIAN_POINT('',(38.537097693544,157.99807398993,
    555.5127110759));
#1219 = CARTESIAN_POINT('',(39.031987717873,157.99961278143,
    556.00760110023));
#1220 = CARTESIAN_POINT('',(39.526975478027,158.00000078024,
    556.50258886038));
#1221 = CARTESIAN_POINT('',(40.022026197623,157.99999975178,
    556.99763957998));
#1222 = CARTESIAN_POINT('',(40.517108283715,158.,557.49272166607));
#1223 = CARTESIAN_POINT('',(41.01219330882,158.,557.98780669118));
#1224 = ORIENTED_EDGE('',*,*,#1225,.F.);
#1225 = EDGE_CURVE('',#1226,#1214,#1228,.T.);
#1226 = VERTEX_POINT('',#1227);
#1227 = CARTESIAN_POINT('',(43.487067042973,157.99721510378,
    560.46268042533));
#1228 = B_SPLINE_CURVE_WITH_KNOTS('',6,(#1229,#1230,#1231,#1232,#1233,
    #1234,#1235),.UNSPECIFIED.,.F.,.F.,(7,7),(0.,1.),
  .PIECEWISE_BEZIER_KNOTS.);
#1229 = CARTESIAN_POINT('',(43.982041789803,157.99422552952,
    560.95765517216));
#1230 = CARTESIAN_POINT('',(43.487288924096,157.99807398993,
    560.46290230645));
#1231 = CARTESIAN_POINT('',(42.992398899767,157.99961278143,
    559.96801228212));
#1232 = CARTESIAN_POINT('',(42.497411139612,158.00000078024,
    559.47302452197));
#1233 = CARTESIAN_POINT('',(42.002360420016,157.99999975178,
    558.97797380237));
#1234 = CARTESIAN_POINT('',(41.507278333924,158.,558.48289171628));
#1235 = CARTESIAN_POINT('',(41.01219330882,158.,557.98780669118));
#1236 = ORIENTED_EDGE('',*,*,#1237,.T.);
#1237 = EDGE_CURVE('',#1226,#1238,#1240,.T.);
#1238 = VERTEX_POINT('',#1239);
#1239 = CARTESIAN_POINT('',(43.412326024201,158.,560.5374214441));
#1240 = B_SPLINE_CURVE_WITH_KNOTS('',6,(#1241,#1242,#1243,#1244,#1245,
    #1246,#1247,#1248,#1249,#1250,#1251,#1252,#1253,#1254,#1255,#1256,
    #1257,#1258,#1259,#1260,#1261,#1262),.UNSPECIFIED.,.F.,.F.,(7,5,5,5,
    7),(0.,0.345425176777,0.517401412636,0.687441668135,1.),
  .UNSPECIFIED.);
#1241 = CARTESIAN_POINT('',(44.829035277029,156.,559.12071219127));
#1242 = CARTESIAN_POINT('',(44.829035277029,156.18098795847,
    559.12071219127));
#1243 = CARTESIAN_POINT('',(44.815114042965,156.36200764685,
    559.13463342534));
#1244 = CARTESIAN_POINT('',(44.787262975615,156.54031215064,
    559.16248449269));
#1245 = CARTESIAN_POINT('',(44.74585256897,156.71327206502,
    559.20389489933));
#1246 = CARTESIAN_POINT('',(44.691535460853,156.87837217201,
    559.25821200745));
#1247 = CARTESIAN_POINT('',(44.592365026907,157.11039991417,
    559.35738244139));
#1248 = CARTESIAN_POINT('',(44.556451668338,157.18500293371,
    559.39329579996));
#1249 = CARTESIAN_POINT('',(44.517709688896,157.25680351338,
    559.43203777941));
#1250 = CARTESIAN_POINT('',(44.476277819639,157.32553694018,
    559.47346964866));
#1251 = CARTESIAN_POINT('',(44.432311010922,157.39095743877,
    559.51743645738));
#1252 = CARTESIAN_POINT('',(44.340170426271,157.51402354566,
    559.60957704203));
#1253 = CARTESIAN_POINT('',(44.29204866746,157.57174961164,
    559.65769880084));
#1254 = CARTESIAN_POINT('',(44.24177968167,157.62579853682,
    559.70796778663));
#1255 = CARTESIAN_POINT('',(44.189540501921,157.67597457146,
    559.76020696638));
#1256 = CARTESIAN_POINT('',(44.135519620931,157.72210506074,
    559.81422784737));
#1257 = CARTESIAN_POINT('',(43.977709826898,157.84112477448,
    559.9720376414));
#1258 = CARTESIAN_POINT('',(43.870144019541,157.90404566258,
    560.07960344876));
#1259 = CARTESIAN_POINT('',(43.758473400367,157.9518585117,
    560.19127406793));
#1260 = CARTESIAN_POINT('',(43.644024057485,157.98395516269,
    560.30572341082));
#1261 = CARTESIAN_POINT('',(43.528168752235,158.,560.42157871607));
#1262 = CARTESIAN_POINT('',(43.412326024179,158.,560.53742144412));
#1263 = ORIENTED_EDGE('',*,*,#1264,.F.);
#1264 = EDGE_CURVE('',#1265,#1238,#1267,.T.);
#1265 = VERTEX_POINT('',#1266);
#1266 = CARTESIAN_POINT('',(57.894300237588,158.,595.5));
#1267 = CIRCLE('',#1268,58.);
#1268 = AXIS2_PLACEMENT_3D('',#1269,#1270,#1271);
#1269 = CARTESIAN_POINT('',(0.,158.,599.));
#1270 = DIRECTION('',(0.,1.,0.));
#1271 = DIRECTION('',(0.,0.,1.));
#1272 = ORIENTED_EDGE('',*,*,#1273,.F.);
#1273 = EDGE_CURVE('',#1274,#1265,#1276,.T.);
#1274 = VERTEX_POINT('',#1275);
#1275 = CARTESIAN_POINT('',(58.,157.99721510378,595.5));
#1276 = B_SPLINE_CURVE_WITH_KNOTS('',6,(#1277,#1278,#1279,#1280,#1281,
    #1282,#1283,#1284,#1285,#1286,#1287,#1288,#1289,#1290,#1291,#1292,
    #1293,#1294,#1295,#1296,#1297,#1298),.UNSPECIFIED.,.F.,.F.,(7,5,5,5,
    7),(0.,0.345425177112,0.517401412971,0.68744166847,1.),
  .UNSPECIFIED.);
#1277 = CARTESIAN_POINT('',(59.897829676876,156.,595.5));
#1278 = CARTESIAN_POINT('',(59.897829676876,156.18098795864,595.5));
#1279 = CARTESIAN_POINT('',(59.87814207882,156.3620076472,595.5));
#1280 = CARTESIAN_POINT('',(59.838754721572,156.54031215115,595.5));
#1281 = CARTESIAN_POINT('',(59.780191562759,156.71327206569,595.5));
#1282 = CARTESIAN_POINT('',(59.703375571648,156.8783721728,595.5));
#1283 = CARTESIAN_POINT('',(59.563127398765,157.11039991503,595.5));
#1284 = CARTESIAN_POINT('',(59.512338239967,157.18500293455,595.5));
#1285 = CARTESIAN_POINT('',(59.45754880717,157.25680351419,595.5));
#1286 = CARTESIAN_POINT('',(59.398955295718,157.32553694096,595.5));
#1287 = CARTESIAN_POINT('',(59.336776838502,157.39095743952,595.5));
#1288 = CARTESIAN_POINT('',(59.206470373981,157.51402354634,595.5));
#1289 = CARTESIAN_POINT('',(59.138415929996,157.57174961228,595.5));
#1290 = CARTESIAN_POINT('',(59.067324848498,157.62579853743,595.5));
#1291 = CARTESIAN_POINT('',(58.993447491984,157.67597457203,595.5));
#1292 = CARTESIAN_POINT('',(58.917050429413,157.72210506127,595.5));
#1293 = CARTESIAN_POINT('',(58.693873678512,157.84112477481,595.5));
#1294 = CARTESIAN_POINT('',(58.541752655041,157.90404566277,595.5));
#1295 = CARTESIAN_POINT('',(58.383826551045,157.95185851179,595.5));
#1296 = CARTESIAN_POINT('',(58.22197073831,157.98395516272,595.5));
#1297 = CARTESIAN_POINT('',(58.058126594528,158.,595.5));
#1298 = CARTESIAN_POINT('',(57.894300237588,158.,595.5));
#1299 = ORIENTED_EDGE('',*,*,#1300,.T.);
#1300 = EDGE_CURVE('',#1274,#1301,#1303,.T.);
#1301 = VERTEX_POINT('',#1302);
#1302 = CARTESIAN_POINT('',(58.,158.,599.));
#1303 = B_SPLINE_CURVE_WITH_KNOTS('',6,(#1304,#1305,#1306,#1307,#1308,
    #1309,#1310),.UNSPECIFIED.,.F.,.F.,(7,7),(0.,1.),
  .PIECEWISE_BEZIER_KNOTS.);
#1304 = CARTESIAN_POINT('',(58.,157.99422552952,594.8));
#1305 = CARTESIAN_POINT('',(58.,157.99807398993,595.49968621321));
#1306 = CARTESIAN_POINT('',(58.,157.99961278144,596.19956639802));
#1307 = CARTESIAN_POINT('',(58.,158.00000078024,596.89958480215));
#1308 = CARTESIAN_POINT('',(58.,157.99999975178,597.59969224438));
#1309 = CARTESIAN_POINT('',(58.,158.,598.29984404553));
#1310 = CARTESIAN_POINT('',(58.,158.,599.00000000308));
#1311 = ORIENTED_EDGE('',*,*,#1312,.F.);
#1312 = EDGE_CURVE('',#1313,#1301,#1315,.T.);
#1313 = VERTEX_POINT('',#1314);
#1314 = CARTESIAN_POINT('',(58.,157.99721510378,602.5));
#1315 = B_SPLINE_CURVE_WITH_KNOTS('',6,(#1316,#1317,#1318,#1319,#1320,
    #1321,#1322),.UNSPECIFIED.,.F.,.F.,(7,7),(0.,1.),
  .PIECEWISE_BEZIER_KNOTS.);
#1316 = CARTESIAN_POINT('',(58.,157.99422552952,603.2));
#1317 = CARTESIAN_POINT('',(58.,157.99807398993,602.5003137878));
#1318 = CARTESIAN_POINT('',(58.,157.99961278143,601.80043360403));
#1319 = CARTESIAN_POINT('',(58.,158.00000078024,601.10041520092));
#1320 = CARTESIAN_POINT('',(58.,157.99999975178,600.40030775972));
#1321 = CARTESIAN_POINT('',(58.,158.,599.7001559596));
#1322 = CARTESIAN_POINT('',(58.,158.,599.00000000308));
#1323 = ORIENTED_EDGE('',*,*,#1324,.T.);
#1324 = EDGE_CURVE('',#1313,#1325,#1327,.T.);
#1325 = VERTEX_POINT('',#1326);
#1326 = CARTESIAN_POINT('',(57.894300237588,158.,602.5));
#1327 = B_SPLINE_CURVE_WITH_KNOTS('',6,(#1328,#1329,#1330,#1331,#1332,
    #1333,#1334,#1335,#1336,#1337,#1338,#1339,#1340,#1341,#1342,#1343,
    #1344,#1345,#1346,#1347,#1348,#1349),.UNSPECIFIED.,.F.,.F.,(7,5,5,5,
    7),(0.,0.345425177112,0.517401412972,0.68744166847,1.),
  .UNSPECIFIED.);
#1328 = CARTESIAN_POINT('',(59.897829676876,156.,602.5));
#1329 = CARTESIAN_POINT('',(59.897829676876,156.18098795864,602.5));
#1330 = CARTESIAN_POINT('',(59.87814207882,156.3620076472,602.5));
#1331 = CARTESIAN_POINT('',(59.838754721572,156.54031215115,602.5));
#1332 = CARTESIAN_POINT('',(59.780191562759,156.71327206569,602.5));
#1333 = CARTESIAN_POINT('',(59.703375571648,156.8783721728,602.5));
#1334 = CARTESIAN_POINT('',(59.563127398765,157.11039991503,602.5));
#1335 = CARTESIAN_POINT('',(59.512338239967,157.18500293455,602.5));
#1336 = CARTESIAN_POINT('',(59.45754880717,157.25680351419,602.5));
#1337 = CARTESIAN_POINT('',(59.398955295718,157.32553694096,602.5));
#1338 = CARTESIAN_POINT('',(59.336776838502,157.39095743952,602.5));
#1339 = CARTESIAN_POINT('',(59.206470373981,157.51402354634,602.5));
#1340 = CARTESIAN_POINT('',(59.138415929996,157.57174961228,602.5));
#1341 = CARTESIAN_POINT('',(59.067324848498,157.62579853743,602.5));
#1342 = CARTESIAN_POINT('',(58.993447491984,157.67597457203,602.5));
#1343 = CARTESIAN_POINT('',(58.917050429413,157.72210506127,602.5));
#1344 = CARTESIAN_POINT('',(58.693873678512,157.84112477481,602.5));
#1345 = CARTESIAN_POINT('',(58.541752655041,157.90404566277,602.5));
#1346 = CARTESIAN_POINT('',(58.383826551045,157.95185851179,602.5));
#1347 = CARTESIAN_POINT('',(58.22197073831,157.98395516272,602.5));
#1348 = CARTESIAN_POINT('',(58.058126594528,158.,602.5));
#1349 = CARTESIAN_POINT('',(57.894300237588,158.,602.5));
#1350 = ORIENTED_EDGE('',*,*,#1351,.F.);
#1351 = EDGE_CURVE('',#1352,#1325,#1354,.T.);
#1352 = VERTEX_POINT('',#1353);
#1353 = CARTESIAN_POINT('',(43.412326024201,158.,637.46257855589));
#1354 = CIRCLE('',#1355,58.);
#1355 = AXIS2_PLACEMENT_3D('',#1356,#1357,#1358);
#1356 = CARTESIAN_POINT('',(0.,158.,599.));
#1357 = DIRECTION('',(0.,1.,0.));
#1358 = DIRECTION('',(0.,0.,1.));
#1359 = ORIENTED_EDGE('',*,*,#1360,.F.);
#1360 = EDGE_CURVE('',#1361,#1352,#1363,.T.);
#1361 = VERTEX_POINT('',#1362);
#1362 = CARTESIAN_POINT('',(43.487067042973,157.99721510378,
    637.53731957466));
#1363 = B_SPLINE_CURVE_WITH_KNOTS('',6,(#1364,#1365,#1366,#1367,#1368,
    #1369,#1370,#1371,#1372,#1373,#1374,#1375,#1376,#1377,#1378,#1379,
    #1380,#1381,#1382,#1383,#1384,#1385),.UNSPECIFIED.,.F.,.F.,(7,5,5,5,
    7),(0.,0.345425176579,0.517401412438,0.687441667937,1.),
  .UNSPECIFIED.);
#1364 = CARTESIAN_POINT('',(44.829035277029,156.,638.87928780872));
#1365 = CARTESIAN_POINT('',(44.829035277029,156.18098795836,
    638.87928780872));
#1366 = CARTESIAN_POINT('',(44.815114042981,156.36200764664,
    638.86536657467));
#1367 = CARTESIAN_POINT('',(44.787262975664,156.54031215033,
    638.83751550735));
#1368 = CARTESIAN_POINT('',(44.745852569067,156.71327206462,
    638.79610510076));
#1369 = CARTESIAN_POINT('',(44.691535461011,156.87837217153,
    638.7417879927));
#1370 = CARTESIAN_POINT('',(44.592365027157,157.11039991364,
    638.64261755885));
#1371 = CARTESIAN_POINT('',(44.556451668604,157.1850029332,
    638.60670420029));
#1372 = CARTESIAN_POINT('',(44.517709689179,157.25680351288,
    638.56796222087));
#1373 = CARTESIAN_POINT('',(44.476277819938,157.3255369397,
    638.52653035163));
#1374 = CARTESIAN_POINT('',(44.432311011236,157.39095743831,
    638.48256354293));
#1375 = CARTESIAN_POINT('',(44.340170426614,157.51402354524,
    638.3904229583));
#1376 = CARTESIAN_POINT('',(44.292048667816,157.57174961124,
    638.34230119951));
#1377 = CARTESIAN_POINT('',(44.241779682039,157.62579853645,
    638.29203221373));
#1378 = CARTESIAN_POINT('',(44.189540502302,157.67597457111,
    638.23979303399));
#1379 = CARTESIAN_POINT('',(44.135519621323,157.72210506042,
    638.18577215301));
#1380 = CARTESIAN_POINT('',(43.977709827253,157.84112477427,
    638.02796235894));
#1381 = CARTESIAN_POINT('',(43.87014401984,157.90404566245,
    637.92039655153));
#1382 = CARTESIAN_POINT('',(43.758473400602,157.95185851163,
    637.80872593229));
#1383 = CARTESIAN_POINT('',(43.644024057652,157.98395516266,
    637.69427658934));
#1384 = CARTESIAN_POINT('',(43.528168752329,158.,637.57842128402));
#1385 = CARTESIAN_POINT('',(43.412326024201,158.,637.46257855589));
#1386 = ORIENTED_EDGE('',*,*,#1387,.T.);
#1387 = EDGE_CURVE('',#1361,#1388,#1390,.T.);
#1388 = VERTEX_POINT('',#1389);
#1389 = CARTESIAN_POINT('',(41.01219330882,158.,640.01219330882));
#1390 = B_SPLINE_CURVE_WITH_KNOTS('',6,(#1391,#1392,#1393,#1394,#1395,
    #1396,#1397),.UNSPECIFIED.,.F.,.F.,(7,7),(0.,1.),
  .PIECEWISE_BEZIER_KNOTS.);
#1391 = CARTESIAN_POINT('',(43.982041789803,157.99422552952,
    637.04234482783));
#1392 = CARTESIAN_POINT('',(43.487288924096,157.99807398993,
    637.53709769354));
#1393 = CARTESIAN_POINT('',(42.992398899766,157.99961278143,
    638.03198771787));
#1394 = CARTESIAN_POINT('',(42.497411139614,158.00000078024,
    638.52697547802));
#1395 = CARTESIAN_POINT('',(42.002360420016,157.99999975178,
    639.02202619762));
#1396 = CARTESIAN_POINT('',(41.507278333927,158.,639.51710828371));
#1397 = CARTESIAN_POINT('',(41.012193308821,158.,640.01219330881));
#1398 = ORIENTED_EDGE('',*,*,#1399,.F.);
#1399 = EDGE_CURVE('',#1400,#1388,#1402,.T.);
#1400 = VERTEX_POINT('',#1401);
#1401 = CARTESIAN_POINT('',(38.537319574667,157.99721510378,
    642.48706704297));
#1402 = B_SPLINE_CURVE_WITH_KNOTS('',6,(#1403,#1404,#1405,#1406,#1407,
    #1408,#1409),.UNSPECIFIED.,.F.,.F.,(7,7),(0.,1.),
  .PIECEWISE_BEZIER_KNOTS.);
#1403 = CARTESIAN_POINT('',(38.042344827836,157.99422552952,
    642.9820417898));
#1404 = CARTESIAN_POINT('',(38.537097693544,157.99807398993,
    642.48728892409));
#1405 = CARTESIAN_POINT('',(39.031987717874,157.99961278143,
    641.99239889976));
#1406 = CARTESIAN_POINT('',(39.526975478026,158.00000078024,
    641.49741113961));
#1407 = CARTESIAN_POINT('',(40.022026197627,157.99999975178,
    641.00236042001));
#1408 = CARTESIAN_POINT('',(40.517108283715,158.,640.50727833392));
#1409 = CARTESIAN_POINT('',(41.012193308821,158.,640.01219330881));
#1410 = ORIENTED_EDGE('',*,*,#1411,.T.);
#1411 = EDGE_CURVE('',#1400,#1412,#1414,.T.);
#1412 = VERTEX_POINT('',#1413);
#1413 = CARTESIAN_POINT('',(38.462578555896,158.,642.4123260242));
#1414 = B_SPLINE_CURVE_WITH_KNOTS('',6,(#1415,#1416,#1417,#1418,#1419,
    #1420,#1421,#1422,#1423,#1424,#1425,#1426,#1427,#1428,#1429,#1430,
    #1431,#1432,#1433,#1434,#1435,#1436),.UNSPECIFIED.,.F.,.F.,(7,5,5,5,
    7),(0.,0.345425176579,0.517401412438,0.687441667937,1.),
  .UNSPECIFIED.);
#1415 = CARTESIAN_POINT('',(39.879287808723,156.,643.82903527702));
#1416 = CARTESIAN_POINT('',(39.879287808723,156.18098795836,
    643.82903527702));
#1417 = CARTESIAN_POINT('',(39.865366574675,156.36200764664,
    643.81511404298));
#1418 = CARTESIAN_POINT('',(39.837515507358,156.54031215033,
    643.78726297566));
#1419 = CARTESIAN_POINT('',(39.796105100761,156.71327206462,
    643.74585256906));
#1420 = CARTESIAN_POINT('',(39.741787992706,156.87837217153,
    643.69153546101));
#1421 = CARTESIAN_POINT('',(39.642617558851,157.11039991364,
    643.59236502715));
#1422 = CARTESIAN_POINT('',(39.606704200298,157.1850029332,
    643.5564516686));
#1423 = CARTESIAN_POINT('',(39.567962220873,157.25680351288,
    643.51770968917));
#1424 = CARTESIAN_POINT('',(39.526530351632,157.3255369397,
    643.47627781993));
#1425 = CARTESIAN_POINT('',(39.48256354293,157.39095743831,
    643.43231101123));
#1426 = CARTESIAN_POINT('',(39.390422958308,157.51402354524,
    643.34017042661));
#1427 = CARTESIAN_POINT('',(39.34230119951,157.57174961124,
    643.29204866781));
#1428 = CARTESIAN_POINT('',(39.292032213733,157.62579853645,
    643.24177968203));
#1429 = CARTESIAN_POINT('',(39.239793033996,157.67597457111,
    643.1895405023));
#1430 = CARTESIAN_POINT('',(39.185772153017,157.72210506042,
    643.13551962132));
#1431 = CARTESIAN_POINT('',(39.027962358947,157.84112477427,
    642.97770982725));
#1432 = CARTESIAN_POINT('',(38.920396551535,157.90404566245,
    642.87014401984));
#1433 = CARTESIAN_POINT('',(38.808725932296,157.95185851163,
    642.7584734006));
#1434 = CARTESIAN_POINT('',(38.694276589346,157.98395516266,
    642.64402405765));
#1435 = CARTESIAN_POINT('',(38.578421284023,158.,642.52816875232));
#1436 = CARTESIAN_POINT('',(38.462578555896,158.,642.4123260242));
#1437 = ORIENTED_EDGE('',*,*,#1438,.F.);
#1438 = EDGE_CURVE('',#1439,#1412,#1441,.T.);
#1439 = VERTEX_POINT('',#1440);
#1440 = CARTESIAN_POINT('',(3.5,158.,656.89430023758));
#1441 = CIRCLE('',#1442,58.);
#1442 = AXIS2_PLACEMENT_3D('',#1443,#1444,#1445);
#1443 = CARTESIAN_POINT('',(0.,158.,599.));
#1444 = DIRECTION('',(0.,1.,0.));
#1445 = DIRECTION('',(0.,0.,1.));
#1446 = ORIENTED_EDGE('',*,*,#1447,.F.);
#1447 = EDGE_CURVE('',#768,#1439,#1448,.T.);
#1448 = B_SPLINE_CURVE_WITH_KNOTS('',6,(#1449,#1450,#1451,#1452,#1453,
    #1454,#1455,#1456,#1457,#1458,#1459,#1460,#1461,#1462,#1463,#1464,
    #1465,#1466,#1467,#1468,#1469,#1470),.UNSPECIFIED.,.F.,.F.,(7,5,5,5,
    7),(0.,0.345425176761,0.51740141262,0.687441668118,1.),
  .UNSPECIFIED.);
#1449 = CARTESIAN_POINT('',(3.5,156.,658.89782967687));
#1450 = CARTESIAN_POINT('',(3.5,156.18098795846,658.89782967687));
#1451 = CARTESIAN_POINT('',(3.5,156.36200764683,658.87814207886));
#1452 = CARTESIAN_POINT('',(3.5,156.54031215061,658.83875472169));
#1453 = CARTESIAN_POINT('',(3.5,156.71327206498,658.78019156299));
#1454 = CARTESIAN_POINT('',(3.5,156.87837217196,658.70337557203));
#1455 = CARTESIAN_POINT('',(3.5,157.11039991411,658.56312739937));
#1456 = CARTESIAN_POINT('',(3.5,157.18500293366,658.51233824062));
#1457 = CARTESIAN_POINT('',(3.5,157.25680351333,658.45754880786));
#1458 = CARTESIAN_POINT('',(3.5,157.32553694013,658.39895529645));
#1459 = CARTESIAN_POINT('',(3.5,157.39095743872,658.33677683927));
#1460 = CARTESIAN_POINT('',(3.5,157.51402354562,658.20647037481));
#1461 = CARTESIAN_POINT('',(3.5,157.57174961159,658.13841593086));
#1462 = CARTESIAN_POINT('',(3.5,157.62579853678,658.06732484939));
#1463 = CARTESIAN_POINT('',(3.5,157.67597457142,657.99344749291));
#1464 = CARTESIAN_POINT('',(3.5,157.72210506071,657.91705043036));
#1465 = CARTESIAN_POINT('',(3.5,157.84112477446,657.69387367936));
#1466 = CARTESIAN_POINT('',(3.5,157.90404566256,657.54175265575));
#1467 = CARTESIAN_POINT('',(3.5,157.95185851169,657.38382655159));
#1468 = CARTESIAN_POINT('',(3.5,157.98395516268,657.22197073867));
#1469 = CARTESIAN_POINT('',(3.5,158.,657.05812659471));
#1470 = CARTESIAN_POINT('',(3.5,158.,656.89430023758));
#1471 = TOROIDAL_SURFACE('',#1472,58.,2.);
#1472 = AXIS2_PLACEMENT_3D('',#1473,#1474,#1475);
#1473 = CARTESIAN_POINT('',(0.,156.,599.));
#1474 = DIRECTION('',(0.,1.,0.));
#1475 = DIRECTION('',(0.,0.,1.));
#1476 = ADVANCED_FACE('',(#1477),#1495,.F.);
#1477 = FACE_BOUND('',#1478,.F.);
#1478 = EDGE_LOOP('',(#1479,#1485,#1486,#1487,#1493,#1494));
#1479 = ORIENTED_EDGE('',*,*,#1480,.F.);
#1480 = EDGE_CURVE('',#55,#791,#1481,.T.);
#1481 = LINE('',#1482,#1483);
#1482 = CARTESIAN_POINT('',(-3.5,149.,657.));
#1483 = VECTOR('',#1484,1.);
#1484 = DIRECTION('',(0.,1.,0.));
#1485 = ORIENTED_EDGE('',*,*,#54,.T.);
#1486 = ORIENTED_EDGE('',*,*,#77,.F.);
#1487 = ORIENTED_EDGE('',*,*,#1488,.T.);
#1488 = EDGE_CURVE('',#78,#768,#1489,.T.);
#1489 = LINE('',#1490,#1491);
#1490 = CARTESIAN_POINT('',(3.5,149.,657.));
#1491 = VECTOR('',#1492,1.);
#1492 = DIRECTION('',(0.,1.,0.));
#1493 = ORIENTED_EDGE('',*,*,#767,.T.);
#1494 = ORIENTED_EDGE('',*,*,#790,.F.);
#1495 = PLANE('',#1496);
#1496 = AXIS2_PLACEMENT_3D('',#1497,#1498,#1499);
#1497 = CARTESIAN_POINT('',(-3.5,149.,657.));
#1498 = DIRECTION('',(0.,0.,1.));
#1499 = DIRECTION('',(1.,0.,0.));
#1500 = ADVANCED_FACE('',(#1501),#1528,.F.);
#1501 = FACE_BOUND('',#1502,.F.);
#1502 = EDGE_LOOP('',(#1503,#1504,#1505,#1513,#1521,#1527));
#1503 = ORIENTED_EDGE('',*,*,#1488,.F.);
#1504 = ORIENTED_EDGE('',*,*,#89,.T.);
#1505 = ORIENTED_EDGE('',*,*,#1506,.T.);
#1506 = EDGE_CURVE('',#90,#1507,#1509,.T.);
#1507 = VERTEX_POINT('',#1508);
#1508 = CARTESIAN_POINT('',(3.5,150.,633.));
#1509 = LINE('',#1510,#1511);
#1510 = CARTESIAN_POINT('',(3.5,150.,616.));
#1511 = VECTOR('',#1512,1.);
#1512 = DIRECTION('',(0.,0.,-1.));
#1513 = ORIENTED_EDGE('',*,*,#1514,.T.);
#1514 = EDGE_CURVE('',#1507,#1515,#1517,.T.);
#1515 = VERTEX_POINT('',#1516);
#1516 = CARTESIAN_POINT('',(3.5,158.,633.));
#1517 = LINE('',#1518,#1519);
#1518 = CARTESIAN_POINT('',(3.5,149.,633.));
#1519 = VECTOR('',#1520,1.);
#1520 = DIRECTION('',(0.,1.,0.));
#1521 = ORIENTED_EDGE('',*,*,#1522,.F.);
#1522 = EDGE_CURVE('',#1439,#1515,#1523,.T.);
#1523 = LINE('',#1524,#1525);
#1524 = CARTESIAN_POINT('',(3.5,158.,616.));
#1525 = VECTOR('',#1526,1.);
#1526 = DIRECTION('',(0.,0.,-1.));
#1527 = ORIENTED_EDGE('',*,*,#1447,.F.);
#1528 = PLANE('',#1529);
#1529 = AXIS2_PLACEMENT_3D('',#1530,#1531,#1532);
#1530 = CARTESIAN_POINT('',(3.5,149.,633.));
#1531 = DIRECTION('',(1.,0.,0.));
#1532 = DIRECTION('',(0.,0.,1.));
#1533 = ADVANCED_FACE('',(#1534,#1713,#1748,#1759,#1794,#1829,#1864,
    #1875,#1910,#1921,#1932,#1967,#1978,#2013),#2048,.F.);
#1534 = FACE_BOUND('',#1535,.F.);
#1535 = EDGE_LOOP('',(#1536,#1537,#1538,#1546,#1554,#1560,#1561,#1569,
    #1577,#1583,#1584,#1592,#1600,#1606,#1607,#1615,#1623,#1629,#1630,
    #1638,#1646,#1652,#1653,#1661,#1669,#1675,#1676,#1684,#1692,#1698,
    #1699,#1707));
#1536 = ORIENTED_EDGE('',*,*,#1506,.F.);
#1537 = ORIENTED_EDGE('',*,*,#116,.T.);
#1538 = ORIENTED_EDGE('',*,*,#1539,.T.);
#1539 = EDGE_CURVE('',#117,#1540,#1542,.T.);
#1540 = VERTEX_POINT('',#1541);
#1541 = CARTESIAN_POINT('',(21.56675682619,150.,625.51650429449));
#1542 = LINE('',#1543,#1544);
#1543 = CARTESIAN_POINT('',(9.545941546018,150.,613.49568901432));
#1544 = VECTOR('',#1545,1.);
#1545 = DIRECTION('',(-0.707106781187,0.,-0.707106781187));
#1546 = ORIENTED_EDGE('',*,*,#1547,.T.);
#1547 = EDGE_CURVE('',#1540,#1548,#1550,.T.);
#1548 = VERTEX_POINT('',#1549);
#1549 = CARTESIAN_POINT('',(26.516504294496,150.,620.56675682619));
#1550 = LINE('',#1551,#1552);
#1551 = CARTESIAN_POINT('',(22.804193693266,150.,624.27906742741));
#1552 = VECTOR('',#1553,1.);
#1553 = DIRECTION('',(0.707106781187,0.,-0.707106781187));
#1554 = ORIENTED_EDGE('',*,*,#1555,.F.);
#1555 = EDGE_CURVE('',#177,#1548,#1556,.T.);
#1556 = LINE('',#1557,#1558);
#1557 = CARTESIAN_POINT('',(14.495689014324,150.,608.54594154601));
#1558 = VECTOR('',#1559,1.);
#1559 = DIRECTION('',(-0.707106781187,0.,-0.707106781187));
#1560 = ORIENTED_EDGE('',*,*,#203,.T.);
#1561 = ORIENTED_EDGE('',*,*,#1562,.T.);
#1562 = EDGE_CURVE('',#204,#1563,#1565,.T.);
#1563 = VERTEX_POINT('',#1564);
#1564 = CARTESIAN_POINT('',(34.,150.,602.5));
#1565 = LINE('',#1566,#1567);
#1566 = CARTESIAN_POINT('',(17.,150.,602.5));
#1567 = VECTOR('',#1568,1.);
#1568 = DIRECTION('',(-1.,0.,-1.110223024625E-16));
#1569 = ORIENTED_EDGE('',*,*,#1570,.T.);
#1570 = EDGE_CURVE('',#1563,#1571,#1573,.T.);
#1571 = VERTEX_POINT('',#1572);
#1572 = CARTESIAN_POINT('',(34.,150.,595.5));
#1573 = LINE('',#1574,#1575);
#1574 = CARTESIAN_POINT('',(34.,150.,600.75));
#1575 = VECTOR('',#1576,1.);
#1576 = DIRECTION('',(1.110223024625E-16,0.,-1.));
#1577 = ORIENTED_EDGE('',*,*,#1578,.F.);
#1578 = EDGE_CURVE('',#264,#1571,#1579,.T.);
#1579 = LINE('',#1580,#1581);
#1580 = CARTESIAN_POINT('',(17.,150.,595.5));
#1581 = VECTOR('',#1582,1.);
#1582 = DIRECTION('',(-1.,0.,-1.110223024625E-16));
#1583 = ORIENTED_EDGE('',*,*,#290,.T.);
#1584 = ORIENTED_EDGE('',*,*,#1585,.T.);
#1585 = EDGE_CURVE('',#291,#1586,#1588,.T.);
#1586 = VERTEX_POINT('',#1587);
#1587 = CARTESIAN_POINT('',(26.516504294496,150.,577.43324317381));
#1588 = LINE('',#1589,#1590);
#1589 = CARTESIAN_POINT('',(14.495689014324,150.,589.45405845398));
#1590 = VECTOR('',#1591,1.);
#1591 = DIRECTION('',(-0.707106781187,0.,0.707106781187));
#1592 = ORIENTED_EDGE('',*,*,#1593,.T.);
#1593 = EDGE_CURVE('',#1586,#1594,#1596,.T.);
#1594 = VERTEX_POINT('',#1595);
#1595 = CARTESIAN_POINT('',(21.56675682619,150.,572.4834957055));
#1596 = LINE('',#1597,#1598);
#1597 = CARTESIAN_POINT('',(25.279067427419,150.,576.19580630673));
#1598 = VECTOR('',#1599,1.);
#1599 = DIRECTION('',(-0.707106781187,0.,-0.707106781187));
#1600 = ORIENTED_EDGE('',*,*,#1601,.F.);
#1601 = EDGE_CURVE('',#351,#1594,#1602,.T.);
#1602 = LINE('',#1603,#1604);
#1603 = CARTESIAN_POINT('',(9.545941546018,150.,584.50431098567));
#1604 = VECTOR('',#1605,1.);
#1605 = DIRECTION('',(-0.707106781187,0.,0.707106781187));
#1606 = ORIENTED_EDGE('',*,*,#377,.T.);
#1607 = ORIENTED_EDGE('',*,*,#1608,.T.);
#1608 = EDGE_CURVE('',#378,#1609,#1611,.T.);
#1609 = VERTEX_POINT('',#1610);
#1610 = CARTESIAN_POINT('',(3.5,150.,565.));
#1611 = LINE('',#1612,#1613);
#1612 = CARTESIAN_POINT('',(3.5,150.,582.));
#1613 = VECTOR('',#1614,1.);
#1614 = DIRECTION('',(-1.224646799147E-16,0.,1.));
#1615 = ORIENTED_EDGE('',*,*,#1616,.T.);
#1616 = EDGE_CURVE('',#1609,#1617,#1619,.T.);
#1617 = VERTEX_POINT('',#1618);
#1618 = CARTESIAN_POINT('',(-3.5,150.,565.));
#1619 = LINE('',#1620,#1621);
#1620 = CARTESIAN_POINT('',(1.75,150.,565.));
#1621 = VECTOR('',#1622,1.);
#1622 = DIRECTION('',(-1.,0.,-1.224646799147E-16));
#1623 = ORIENTED_EDGE('',*,*,#1624,.F.);
#1624 = EDGE_CURVE('',#438,#1617,#1625,.T.);
#1625 = LINE('',#1626,#1627);
#1626 = CARTESIAN_POINT('',(-3.5,150.,582.));
#1627 = VECTOR('',#1628,1.);
#1628 = DIRECTION('',(-1.224646799147E-16,0.,1.));
#1629 = ORIENTED_EDGE('',*,*,#464,.T.);
#1630 = ORIENTED_EDGE('',*,*,#1631,.T.);
#1631 = EDGE_CURVE('',#465,#1632,#1634,.T.);
#1632 = VERTEX_POINT('',#1633);
#1633 = CARTESIAN_POINT('',(-21.56675682619,150.,572.4834957055));
#1634 = LINE('',#1635,#1636);
#1635 = CARTESIAN_POINT('',(-9.545941546018,150.,584.50431098567));
#1636 = VECTOR('',#1637,1.);
#1637 = DIRECTION('',(0.707106781187,0.,0.707106781187));
#1638 = ORIENTED_EDGE('',*,*,#1639,.T.);
#1639 = EDGE_CURVE('',#1632,#1640,#1642,.T.);
#1640 = VERTEX_POINT('',#1641);
#1641 = CARTESIAN_POINT('',(-26.51650429449,150.,577.43324317381));
#1642 = LINE('',#1643,#1644);
#1643 = CARTESIAN_POINT('',(-22.80419369326,150.,573.72093257258));
#1644 = VECTOR('',#1645,1.);
#1645 = DIRECTION('',(-0.707106781187,0.,0.707106781187));
#1646 = ORIENTED_EDGE('',*,*,#1647,.F.);
#1647 = EDGE_CURVE('',#525,#1640,#1648,.T.);
#1648 = LINE('',#1649,#1650);
#1649 = CARTESIAN_POINT('',(-14.49568901432,150.,589.45405845398));
#1650 = VECTOR('',#1651,1.);
#1651 = DIRECTION('',(0.707106781187,0.,0.707106781187));
#1652 = ORIENTED_EDGE('',*,*,#551,.T.);
#1653 = ORIENTED_EDGE('',*,*,#1654,.T.);
#1654 = EDGE_CURVE('',#552,#1655,#1657,.T.);
#1655 = VERTEX_POINT('',#1656);
#1656 = CARTESIAN_POINT('',(-34.,150.,595.5));
#1657 = LINE('',#1658,#1659);
#1658 = CARTESIAN_POINT('',(-17.,150.,595.5));
#1659 = VECTOR('',#1660,1.);
#1660 = DIRECTION('',(1.,0.,2.22044604925E-16));
#1661 = ORIENTED_EDGE('',*,*,#1662,.T.);
#1662 = EDGE_CURVE('',#1655,#1663,#1665,.T.);
#1663 = VERTEX_POINT('',#1664);
#1664 = CARTESIAN_POINT('',(-34.,150.,602.5));
#1665 = LINE('',#1666,#1667);
#1666 = CARTESIAN_POINT('',(-34.,150.,597.25));
#1667 = VECTOR('',#1668,1.);
#1668 = DIRECTION('',(-2.22044604925E-16,0.,1.));
#1669 = ORIENTED_EDGE('',*,*,#1670,.F.);
#1670 = EDGE_CURVE('',#612,#1663,#1671,.T.);
#1671 = LINE('',#1672,#1673);
#1672 = CARTESIAN_POINT('',(-17.,150.,602.5));
#1673 = VECTOR('',#1674,1.);
#1674 = DIRECTION('',(1.,0.,2.22044604925E-16));
#1675 = ORIENTED_EDGE('',*,*,#638,.T.);
#1676 = ORIENTED_EDGE('',*,*,#1677,.T.);
#1677 = EDGE_CURVE('',#639,#1678,#1680,.T.);
#1678 = VERTEX_POINT('',#1679);
#1679 = CARTESIAN_POINT('',(-26.51650429449,150.,620.56675682619));
#1680 = LINE('',#1681,#1682);
#1681 = CARTESIAN_POINT('',(-14.49568901432,150.,608.54594154601));
#1682 = VECTOR('',#1683,1.);
#1683 = DIRECTION('',(0.707106781187,0.,-0.707106781187));
#1684 = ORIENTED_EDGE('',*,*,#1685,.T.);
#1685 = EDGE_CURVE('',#1678,#1686,#1688,.T.);
#1686 = VERTEX_POINT('',#1687);
#1687 = CARTESIAN_POINT('',(-21.56675682619,150.,625.51650429449));
#1688 = LINE('',#1689,#1690);
#1689 = CARTESIAN_POINT('',(-25.27906742741,150.,621.80419369326));
#1690 = VECTOR('',#1691,1.);
#1691 = DIRECTION('',(0.707106781187,0.,0.707106781187));
#1692 = ORIENTED_EDGE('',*,*,#1693,.F.);
#1693 = EDGE_CURVE('',#699,#1686,#1694,.T.);
#1694 = LINE('',#1695,#1696);
#1695 = CARTESIAN_POINT('',(-9.545941546018,150.,613.49568901432));
#1696 = VECTOR('',#1697,1.);
#1697 = DIRECTION('',(0.707106781187,0.,-0.707106781187));
#1698 = ORIENTED_EDGE('',*,*,#725,.T.);
#1699 = ORIENTED_EDGE('',*,*,#1700,.T.);
#1700 = EDGE_CURVE('',#726,#1701,#1703,.T.);
#1701 = VERTEX_POINT('',#1702);
#1702 = CARTESIAN_POINT('',(-3.5,150.,633.));
#1703 = LINE('',#1704,#1705);
#1704 = CARTESIAN_POINT('',(-3.5,150.,616.));
#1705 = VECTOR('',#1706,1.);
#1706 = DIRECTION('',(0.,0.,-1.));
#1707 = ORIENTED_EDGE('',*,*,#1708,.T.);
#1708 = EDGE_CURVE('',#1701,#1507,#1709,.T.);
#1709 = LINE('',#1710,#1711);
#1710 = CARTESIAN_POINT('',(-1.75,150.,633.));
#1711 = VECTOR('',#1712,1.);
#1712 = DIRECTION('',(1.,0.,0.));
#1713 = FACE_BOUND('',#1714,.F.);
#1714 = EDGE_LOOP('',(#1715,#1725,#1733,#1742));
#1715 = ORIENTED_EDGE('',*,*,#1716,.F.);
#1716 = EDGE_CURVE('',#1717,#1719,#1721,.T.);
#1717 = VERTEX_POINT('',#1718);
#1718 = CARTESIAN_POINT('',(-43.58085069581,150.,578.78343618145));
#1719 = VERTEX_POINT('',#1720);
#1720 = CARTESIAN_POINT('',(-45.11158442527,150.,582.47895431149));
#1721 = LINE('',#1722,#1723);
#1722 = CARTESIAN_POINT('',(-43.96353412817,150.,579.70731571396));
#1723 = VECTOR('',#1724,1.);
#1724 = DIRECTION('',(-0.382683432365,0.,0.923879532511));
#1725 = ORIENTED_EDGE('',*,*,#1726,.T.);
#1726 = EDGE_CURVE('',#1717,#1727,#1729,.T.);
#1727 = VERTEX_POINT('',#1728);
#1728 = CARTESIAN_POINT('',(-26.88935855375,150.,585.69727860293));
#1729 = LINE('',#1730,#1731);
#1730 = CARTESIAN_POINT('',(-2.930151265315,150.,595.62150720551));
#1731 = VECTOR('',#1732,1.);
#1732 = DIRECTION('',(0.923879532511,0.,0.382683432365));
#1733 = ORIENTED_EDGE('',*,*,#1734,.T.);
#1734 = EDGE_CURVE('',#1727,#1735,#1737,.T.);
#1735 = VERTEX_POINT('',#1736);
#1736 = CARTESIAN_POINT('',(-28.42009228321,150.,589.39279673298));
#1737 = CIRCLE('',#1738,30.);
#1738 = AXIS2_PLACEMENT_3D('',#1739,#1740,#1741);
#1739 = CARTESIAN_POINT('',(0.,150.,599.));
#1740 = DIRECTION('',(0.,1.,0.));
#1741 = DIRECTION('',(0.,0.,1.));
#1742 = ORIENTED_EDGE('',*,*,#1743,.F.);
#1743 = EDGE_CURVE('',#1719,#1735,#1744,.T.);
#1744 = LINE('',#1745,#1746);
#1745 = CARTESIAN_POINT('',(-4.460884994775,150.,599.31702533556));
#1746 = VECTOR('',#1747,1.);
#1747 = DIRECTION('',(0.923879532511,0.,0.382683432365));
#1748 = FACE_BOUND('',#1749,.F.);
#1749 = EDGE_LOOP('',(#1750));
#1750 = ORIENTED_EDGE('',*,*,#1751,.T.);
#1751 = EDGE_CURVE('',#1752,#1752,#1754,.T.);
#1752 = VERTEX_POINT('',#1753);
#1753 = CARTESIAN_POINT('',(-25.5,150.,596.25));
#1754 = CIRCLE('',#1755,2.75);
#1755 = AXIS2_PLACEMENT_3D('',#1756,#1757,#1758);
#1756 = CARTESIAN_POINT('',(-25.5,150.,599.));
#1757 = DIRECTION('',(0.,-1.,0.));
#1758 = DIRECTION('',(0.,0.,-1.));
#1759 = FACE_BOUND('',#1760,.F.);
#1760 = EDGE_LOOP('',(#1761,#1771,#1779,#1788));
#1761 = ORIENTED_EDGE('',*,*,#1762,.F.);
#1762 = EDGE_CURVE('',#1763,#1765,#1767,.T.);
#1763 = VERTEX_POINT('',#1764);
#1764 = CARTESIAN_POINT('',(-16.5210456885,150.,553.88841557472));
#1765 = VERTEX_POINT('',#1766);
#1766 = CARTESIAN_POINT('',(-20.21656381854,150.,555.41914930418));
#1767 = LINE('',#1768,#1769);
#1768 = CARTESIAN_POINT('',(-17.44492522101,150.,554.27109900709));
#1769 = VECTOR('',#1770,1.);
#1770 = DIRECTION('',(-0.923879532511,0.,0.382683432365));
#1771 = ORIENTED_EDGE('',*,*,#1772,.T.);
#1772 = EDGE_CURVE('',#1763,#1773,#1775,.T.);
#1773 = VERTEX_POINT('',#1774);
#1774 = CARTESIAN_POINT('',(-9.607203267016,150.,570.57990771678));
#1775 = LINE('',#1776,#1777);
#1776 = CARTESIAN_POINT('',(0.317025335562,150.,594.53911500522));
#1777 = VECTOR('',#1778,1.);
#1778 = DIRECTION('',(0.382683432365,0.,0.923879532511));
#1779 = ORIENTED_EDGE('',*,*,#1780,.T.);
#1780 = EDGE_CURVE('',#1773,#1781,#1783,.T.);
#1781 = VERTEX_POINT('',#1782);
#1782 = CARTESIAN_POINT('',(-13.30272139706,150.,572.11064144624));
#1783 = CIRCLE('',#1784,30.);
#1784 = AXIS2_PLACEMENT_3D('',#1785,#1786,#1787);
#1785 = CARTESIAN_POINT('',(0.,150.,599.));
#1786 = DIRECTION('',(0.,1.,0.));
#1787 = DIRECTION('',(0.,0.,1.));
#1788 = ORIENTED_EDGE('',*,*,#1789,.F.);
#1789 = EDGE_CURVE('',#1765,#1781,#1790,.T.);
#1790 = LINE('',#1791,#1792);
#1791 = CARTESIAN_POINT('',(-3.378492794483,150.,596.06984873468));
#1792 = VECTOR('',#1793,1.);
#1793 = DIRECTION('',(0.382683432365,0.,0.923879532511));
#1794 = FACE_BOUND('',#1795,.F.);
#1795 = EDGE_LOOP('',(#1796,#1806,#1814,#1823));
#1796 = ORIENTED_EDGE('',*,*,#1797,.F.);
#1797 = EDGE_CURVE('',#1798,#1800,#1802,.T.);
#1798 = VERTEX_POINT('',#1799);
#1799 = CARTESIAN_POINT('',(-45.11158442527,150.,615.5210456885));
#1800 = VERTEX_POINT('',#1801);
#1801 = CARTESIAN_POINT('',(-43.58085069581,150.,619.21656381854));
#1802 = LINE('',#1803,#1804);
#1803 = CARTESIAN_POINT('',(-44.7289009929,150.,616.44492522101));
#1804 = VECTOR('',#1805,1.);
#1805 = DIRECTION('',(0.382683432365,0.,0.923879532511));
#1806 = ORIENTED_EDGE('',*,*,#1807,.T.);
#1807 = EDGE_CURVE('',#1798,#1808,#1810,.T.);
#1808 = VERTEX_POINT('',#1809);
#1809 = CARTESIAN_POINT('',(-28.42009228321,150.,608.60720326701));
#1810 = LINE('',#1811,#1812);
#1811 = CARTESIAN_POINT('',(-4.460884994775,150.,598.68297466443));
#1812 = VECTOR('',#1813,1.);
#1813 = DIRECTION('',(0.923879532511,0.,-0.382683432365));
#1814 = ORIENTED_EDGE('',*,*,#1815,.T.);
#1815 = EDGE_CURVE('',#1808,#1816,#1818,.T.);
#1816 = VERTEX_POINT('',#1817);
#1817 = CARTESIAN_POINT('',(-26.88935855375,150.,612.30272139706));
#1818 = CIRCLE('',#1819,30.);
#1819 = AXIS2_PLACEMENT_3D('',#1820,#1821,#1822);
#1820 = CARTESIAN_POINT('',(0.,150.,599.));
#1821 = DIRECTION('',(0.,1.,0.));
#1822 = DIRECTION('',(0.,0.,1.));
#1823 = ORIENTED_EDGE('',*,*,#1824,.F.);
#1824 = EDGE_CURVE('',#1800,#1816,#1825,.T.);
#1825 = LINE('',#1826,#1827);
#1826 = CARTESIAN_POINT('',(-2.930151265315,150.,602.37849279448));
#1827 = VECTOR('',#1828,1.);
#1828 = DIRECTION('',(0.923879532511,0.,-0.382683432365));
#1829 = FACE_BOUND('',#1830,.F.);
#1830 = EDGE_LOOP('',(#1831,#1841,#1849,#1858));
#1831 = ORIENTED_EDGE('',*,*,#1832,.F.);
#1832 = EDGE_CURVE('',#1833,#1835,#1837,.T.);
#1833 = VERTEX_POINT('',#1834);
#1834 = CARTESIAN_POINT('',(-20.21656381854,150.,642.58085069581));
#1835 = VERTEX_POINT('',#1836);
#1836 = CARTESIAN_POINT('',(-16.5210456885,150.,644.11158442527));
#1837 = LINE('',#1838,#1839);
#1838 = CARTESIAN_POINT('',(-19.29268428603,150.,642.96353412817));
#1839 = VECTOR('',#1840,1.);
#1840 = DIRECTION('',(0.923879532511,0.,0.382683432365));
#1841 = ORIENTED_EDGE('',*,*,#1842,.T.);
#1842 = EDGE_CURVE('',#1833,#1843,#1845,.T.);
#1843 = VERTEX_POINT('',#1844);
#1844 = CARTESIAN_POINT('',(-13.30272139706,150.,625.88935855375));
#1845 = LINE('',#1846,#1847);
#1846 = CARTESIAN_POINT('',(-3.378492794483,150.,601.93015126531));
#1847 = VECTOR('',#1848,1.);
#1848 = DIRECTION('',(0.382683432365,0.,-0.923879532511));
#1849 = ORIENTED_EDGE('',*,*,#1850,.T.);
#1850 = EDGE_CURVE('',#1843,#1851,#1853,.T.);
#1851 = VERTEX_POINT('',#1852);
#1852 = CARTESIAN_POINT('',(-9.607203267016,150.,627.42009228321));
#1853 = CIRCLE('',#1854,30.);
#1854 = AXIS2_PLACEMENT_3D('',#1855,#1856,#1857);
#1855 = CARTESIAN_POINT('',(0.,150.,599.));
#1856 = DIRECTION('',(0.,1.,0.));
#1857 = DIRECTION('',(0.,0.,1.));
#1858 = ORIENTED_EDGE('',*,*,#1859,.F.);
#1859 = EDGE_CURVE('',#1835,#1851,#1860,.T.);
#1860 = LINE('',#1861,#1862);
#1861 = CARTESIAN_POINT('',(0.317025335562,150.,603.46088499477));
#1862 = VECTOR('',#1863,1.);
#1863 = DIRECTION('',(0.382683432365,0.,-0.923879532511));
#1864 = FACE_BOUND('',#1865,.F.);
#1865 = EDGE_LOOP('',(#1866));
#1866 = ORIENTED_EDGE('',*,*,#1867,.T.);
#1867 = EDGE_CURVE('',#1868,#1868,#1870,.T.);
#1868 = VERTEX_POINT('',#1869);
#1869 = CARTESIAN_POINT('',(-5.35782974627E-15,150.,570.75));
#1870 = CIRCLE('',#1871,2.75);
#1871 = AXIS2_PLACEMENT_3D('',#1872,#1873,#1874);
#1872 = CARTESIAN_POINT('',(-4.684274006739E-15,150.,573.5));
#1873 = DIRECTION('',(0.,-1.,0.));
#1874 = DIRECTION('',(0.,0.,-1.));
#1875 = FACE_BOUND('',#1876,.F.);
#1876 = EDGE_LOOP('',(#1877,#1887,#1895,#1904));
#1877 = ORIENTED_EDGE('',*,*,#1878,.F.);
#1878 = EDGE_CURVE('',#1879,#1881,#1883,.T.);
#1879 = VERTEX_POINT('',#1880);
#1880 = CARTESIAN_POINT('',(20.216563818547,150.,555.41914930418));
#1881 = VERTEX_POINT('',#1882);
#1882 = CARTESIAN_POINT('',(16.521045688502,150.,553.88841557472));
#1883 = LINE('',#1884,#1885);
#1884 = CARTESIAN_POINT('',(19.292684286036,150.,555.03646587182));
#1885 = VECTOR('',#1886,1.);
#1886 = DIRECTION('',(-0.923879532511,0.,-0.382683432365));
#1887 = ORIENTED_EDGE('',*,*,#1888,.T.);
#1888 = EDGE_CURVE('',#1879,#1889,#1891,.T.);
#1889 = VERTEX_POINT('',#1890);
#1890 = CARTESIAN_POINT('',(13.302721397061,150.,572.11064144624));
#1891 = LINE('',#1892,#1893);
#1892 = CARTESIAN_POINT('',(3.378492794483,150.,596.06984873468));
#1893 = VECTOR('',#1894,1.);
#1894 = DIRECTION('',(-0.382683432365,0.,0.923879532511));
#1895 = ORIENTED_EDGE('',*,*,#1896,.T.);
#1896 = EDGE_CURVE('',#1889,#1897,#1899,.T.);
#1897 = VERTEX_POINT('',#1898);
#1898 = CARTESIAN_POINT('',(9.607203267016,150.,570.57990771678));
#1899 = CIRCLE('',#1900,30.);
#1900 = AXIS2_PLACEMENT_3D('',#1901,#1902,#1903);
#1901 = CARTESIAN_POINT('',(0.,150.,599.));
#1902 = DIRECTION('',(0.,1.,0.));
#1903 = DIRECTION('',(0.,0.,1.));
#1904 = ORIENTED_EDGE('',*,*,#1905,.F.);
#1905 = EDGE_CURVE('',#1881,#1897,#1906,.T.);
#1906 = LINE('',#1907,#1908);
#1907 = CARTESIAN_POINT('',(-0.317025335562,150.,594.53911500522));
#1908 = VECTOR('',#1909,1.);
#1909 = DIRECTION('',(-0.382683432365,0.,0.923879532511));
#1910 = FACE_BOUND('',#1911,.F.);
#1911 = EDGE_LOOP('',(#1912));
#1912 = ORIENTED_EDGE('',*,*,#1913,.F.);
#1913 = EDGE_CURVE('',#1914,#1914,#1916,.T.);
#1914 = VERTEX_POINT('',#1915);
#1915 = CARTESIAN_POINT('',(-1.469576158977E-15,150.,605.));
#1916 = CIRCLE('',#1917,6.);
#1917 = AXIS2_PLACEMENT_3D('',#1918,#1919,#1920);
#1918 = CARTESIAN_POINT('',(0.,150.,599.));
#1919 = DIRECTION('',(0.,1.,0.));
#1920 = DIRECTION('',(0.,0.,1.));
#1921 = FACE_BOUND('',#1922,.F.);
#1922 = EDGE_LOOP('',(#1923));
#1923 = ORIENTED_EDGE('',*,*,#1924,.T.);
#1924 = EDGE_CURVE('',#1925,#1925,#1927,.T.);
#1925 = VERTEX_POINT('',#1926);
#1926 = CARTESIAN_POINT('',(25.5,150.,596.25));
#1927 = CIRCLE('',#1928,2.75);
#1928 = AXIS2_PLACEMENT_3D('',#1929,#1930,#1931);
#1929 = CARTESIAN_POINT('',(25.5,150.,599.));
#1930 = DIRECTION('',(0.,-1.,0.));
#1931 = DIRECTION('',(0.,0.,-1.));
#1932 = FACE_BOUND('',#1933,.F.);
#1933 = EDGE_LOOP('',(#1934,#1944,#1952,#1961));
#1934 = ORIENTED_EDGE('',*,*,#1935,.F.);
#1935 = EDGE_CURVE('',#1936,#1938,#1940,.T.);
#1936 = VERTEX_POINT('',#1937);
#1937 = CARTESIAN_POINT('',(45.111584425272,150.,582.47895431149));
#1938 = VERTEX_POINT('',#1939);
#1939 = CARTESIAN_POINT('',(43.580850695812,150.,578.78343618145));
#1940 = LINE('',#1941,#1942);
#1941 = CARTESIAN_POINT('',(44.728900992907,150.,581.55507477898));
#1942 = VECTOR('',#1943,1.);
#1943 = DIRECTION('',(-0.382683432365,0.,-0.923879532511));
#1944 = ORIENTED_EDGE('',*,*,#1945,.T.);
#1945 = EDGE_CURVE('',#1936,#1946,#1948,.T.);
#1946 = VERTEX_POINT('',#1947);
#1947 = CARTESIAN_POINT('',(28.420092283211,150.,589.39279673298));
#1948 = LINE('',#1949,#1950);
#1949 = CARTESIAN_POINT('',(4.460884994775,150.,599.31702533556));
#1950 = VECTOR('',#1951,1.);
#1951 = DIRECTION('',(-0.923879532511,0.,0.382683432365));
#1952 = ORIENTED_EDGE('',*,*,#1953,.T.);
#1953 = EDGE_CURVE('',#1946,#1954,#1956,.T.);
#1954 = VERTEX_POINT('',#1955);
#1955 = CARTESIAN_POINT('',(26.889358553751,150.,585.69727860293));
#1956 = CIRCLE('',#1957,30.);
#1957 = AXIS2_PLACEMENT_3D('',#1958,#1959,#1960);
#1958 = CARTESIAN_POINT('',(0.,150.,599.));
#1959 = DIRECTION('',(0.,1.,0.));
#1960 = DIRECTION('',(0.,0.,1.));
#1961 = ORIENTED_EDGE('',*,*,#1962,.F.);
#1962 = EDGE_CURVE('',#1938,#1954,#1963,.T.);
#1963 = LINE('',#1964,#1965);
#1964 = CARTESIAN_POINT('',(2.930151265315,150.,595.62150720551));
#1965 = VECTOR('',#1966,1.);
#1966 = DIRECTION('',(-0.923879532511,0.,0.382683432365));
#1967 = FACE_BOUND('',#1968,.F.);
#1968 = EDGE_LOOP('',(#1969));
#1969 = ORIENTED_EDGE('',*,*,#1970,.T.);
#1970 = EDGE_CURVE('',#1971,#1971,#1973,.T.);
#1971 = VERTEX_POINT('',#1972);
#1972 = CARTESIAN_POINT('',(8.878689293818E-16,150.,621.75));
#1973 = CIRCLE('',#1974,2.75);
#1974 = AXIS2_PLACEMENT_3D('',#1975,#1976,#1977);
#1975 = CARTESIAN_POINT('',(1.561424668913E-15,150.,624.5));
#1976 = DIRECTION('',(0.,-1.,0.));
#1977 = DIRECTION('',(0.,0.,-1.));
#1978 = FACE_BOUND('',#1979,.F.);
#1979 = EDGE_LOOP('',(#1980,#1990,#1998,#2007));
#1980 = ORIENTED_EDGE('',*,*,#1981,.F.);
#1981 = EDGE_CURVE('',#1982,#1984,#1986,.T.);
#1982 = VERTEX_POINT('',#1983);
#1983 = CARTESIAN_POINT('',(16.521045688502,150.,644.11158442527));
#1984 = VERTEX_POINT('',#1985);
#1985 = CARTESIAN_POINT('',(20.216563818547,150.,642.58085069581));
#1986 = LINE('',#1987,#1988);
#1987 = CARTESIAN_POINT('',(17.444925221013,150.,643.7289009929));
#1988 = VECTOR('',#1989,1.);
#1989 = DIRECTION('',(0.923879532511,0.,-0.382683432365));
#1990 = ORIENTED_EDGE('',*,*,#1991,.T.);
#1991 = EDGE_CURVE('',#1982,#1992,#1994,.T.);
#1992 = VERTEX_POINT('',#1993);
#1993 = CARTESIAN_POINT('',(9.607203267016,150.,627.42009228321));
#1994 = LINE('',#1995,#1996);
#1995 = CARTESIAN_POINT('',(-0.317025335562,150.,603.46088499477));
#1996 = VECTOR('',#1997,1.);
#1997 = DIRECTION('',(-0.382683432365,0.,-0.923879532511));
#1998 = ORIENTED_EDGE('',*,*,#1999,.T.);
#1999 = EDGE_CURVE('',#1992,#2000,#2002,.T.);
#2000 = VERTEX_POINT('',#2001);
#2001 = CARTESIAN_POINT('',(13.302721397061,150.,625.88935855375));
#2002 = CIRCLE('',#2003,30.);
#2003 = AXIS2_PLACEMENT_3D('',#2004,#2005,#2006);
#2004 = CARTESIAN_POINT('',(0.,150.,599.));
#2005 = DIRECTION('',(0.,1.,0.));
#2006 = DIRECTION('',(0.,0.,1.));
#2007 = ORIENTED_EDGE('',*,*,#2008,.F.);
#2008 = EDGE_CURVE('',#1984,#2000,#2009,.T.);
#2009 = LINE('',#2010,#2011);
#2010 = CARTESIAN_POINT('',(3.378492794483,150.,601.93015126531));
#2011 = VECTOR('',#2012,1.);
#2012 = DIRECTION('',(-0.382683432365,0.,-0.923879532511));
#2013 = FACE_BOUND('',#2014,.F.);
#2014 = EDGE_LOOP('',(#2015,#2025,#2033,#2042));
#2015 = ORIENTED_EDGE('',*,*,#2016,.F.);
#2016 = EDGE_CURVE('',#2017,#2019,#2021,.T.);
#2017 = VERTEX_POINT('',#2018);
#2018 = CARTESIAN_POINT('',(43.580850695812,150.,619.21656381854));
#2019 = VERTEX_POINT('',#2020);
#2020 = CARTESIAN_POINT('',(45.111584425272,150.,615.5210456885));
#2021 = LINE('',#2022,#2023);
#2022 = CARTESIAN_POINT('',(43.963534128177,150.,618.29268428603));
#2023 = VECTOR('',#2024,1.);
#2024 = DIRECTION('',(0.382683432365,0.,-0.923879532511));
#2025 = ORIENTED_EDGE('',*,*,#2026,.T.);
#2026 = EDGE_CURVE('',#2017,#2027,#2029,.T.);
#2027 = VERTEX_POINT('',#2028);
#2028 = CARTESIAN_POINT('',(26.889358553751,150.,612.30272139706));
#2029 = LINE('',#2030,#2031);
#2030 = CARTESIAN_POINT('',(2.930151265315,150.,602.37849279448));
#2031 = VECTOR('',#2032,1.);
#2032 = DIRECTION('',(-0.923879532511,0.,-0.382683432365));
#2033 = ORIENTED_EDGE('',*,*,#2034,.T.);
#2034 = EDGE_CURVE('',#2027,#2035,#2037,.T.);
#2035 = VERTEX_POINT('',#2036);
#2036 = CARTESIAN_POINT('',(28.420092283211,150.,608.60720326701));
#2037 = CIRCLE('',#2038,30.);
#2038 = AXIS2_PLACEMENT_3D('',#2039,#2040,#2041);
#2039 = CARTESIAN_POINT('',(0.,150.,599.));
#2040 = DIRECTION('',(0.,1.,0.));
#2041 = DIRECTION('',(0.,0.,1.));
#2042 = ORIENTED_EDGE('',*,*,#2043,.F.);
#2043 = EDGE_CURVE('',#2019,#2035,#2044,.T.);
#2044 = LINE('',#2045,#2046);
#2045 = CARTESIAN_POINT('',(4.460884994775,150.,598.68297466443));
#2046 = VECTOR('',#2047,1.);
#2047 = DIRECTION('',(-0.923879532511,0.,-0.382683432365));
#2048 = PLANE('',#2049);
#2049 = AXIS2_PLACEMENT_3D('',#2050,#2051,#2052);
#2050 = CARTESIAN_POINT('',(0.,150.,599.));
#2051 = DIRECTION('',(0.,1.,0.));
#2052 = DIRECTION('',(0.,0.,1.));
#2053 = ADVANCED_FACE('',(#2054),#2079,.T.);
#2054 = FACE_BOUND('',#2055,.T.);
#2055 = EDGE_LOOP('',(#2056,#2062,#2063,#2064,#2072,#2078));
#2056 = ORIENTED_EDGE('',*,*,#2057,.F.);
#2057 = EDGE_CURVE('',#126,#1400,#2058,.T.);
#2058 = LINE('',#2059,#2060);
#2059 = CARTESIAN_POINT('',(38.537319574667,149.,642.48706704297));
#2060 = VECTOR('',#2061,1.);
#2061 = DIRECTION('',(0.,1.,0.));
#2062 = ORIENTED_EDGE('',*,*,#125,.T.);
#2063 = ORIENTED_EDGE('',*,*,#1539,.T.);
#2064 = ORIENTED_EDGE('',*,*,#2065,.T.);
#2065 = EDGE_CURVE('',#1540,#2066,#2068,.T.);
#2066 = VERTEX_POINT('',#2067);
#2067 = CARTESIAN_POINT('',(21.56675682619,158.,625.51650429449));
#2068 = LINE('',#2069,#2070);
#2069 = CARTESIAN_POINT('',(21.56675682619,149.,625.51650429449));
#2070 = VECTOR('',#2071,1.);
#2071 = DIRECTION('',(0.,1.,0.));
#2072 = ORIENTED_EDGE('',*,*,#2073,.F.);
#2073 = EDGE_CURVE('',#1412,#2066,#2074,.T.);
#2074 = LINE('',#2075,#2076);
#2075 = CARTESIAN_POINT('',(9.545941546018,158.,613.49568901432));
#2076 = VECTOR('',#2077,1.);
#2077 = DIRECTION('',(-0.707106781187,0.,-0.707106781187));
#2078 = ORIENTED_EDGE('',*,*,#1411,.F.);
#2079 = PLANE('',#2080);
#2080 = AXIS2_PLACEMENT_3D('',#2081,#2082,#2083);
#2081 = CARTESIAN_POINT('',(21.56675682619,149.,625.51650429449));
#2082 = DIRECTION('',(0.707106781187,0.,-0.707106781187));
#2083 = DIRECTION('',(0.707106781187,0.,0.707106781187));
#2084 = ADVANCED_FACE('',(#2085),#2098,.F.);
#2085 = FACE_BOUND('',#2086,.F.);
#2086 = EDGE_LOOP('',(#2087,#2088,#2089,#2090,#2096,#2097));
#2087 = ORIENTED_EDGE('',*,*,#2057,.F.);
#2088 = ORIENTED_EDGE('',*,*,#152,.T.);
#2089 = ORIENTED_EDGE('',*,*,#164,.F.);
#2090 = ORIENTED_EDGE('',*,*,#2091,.T.);
#2091 = EDGE_CURVE('',#165,#1361,#2092,.T.);
#2092 = LINE('',#2093,#2094);
#2093 = CARTESIAN_POINT('',(43.487067042973,149.,637.53731957466));
#2094 = VECTOR('',#2095,1.);
#2095 = DIRECTION('',(0.,1.,0.));
#2096 = ORIENTED_EDGE('',*,*,#1387,.T.);
#2097 = ORIENTED_EDGE('',*,*,#1399,.F.);
#2098 = PLANE('',#2099);
#2099 = AXIS2_PLACEMENT_3D('',#2100,#2101,#2102);
#2100 = CARTESIAN_POINT('',(38.537319574667,149.,642.48706704297));
#2101 = DIRECTION('',(0.707106781187,0.,0.707106781187));
#2102 = DIRECTION('',(0.707106781187,0.,-0.707106781187));
#2103 = ADVANCED_FACE('',(#2104),#2124,.F.);
#2104 = FACE_BOUND('',#2105,.F.);
#2105 = EDGE_LOOP('',(#2106,#2107,#2108,#2109,#2117,#2123));
#2106 = ORIENTED_EDGE('',*,*,#2091,.F.);
#2107 = ORIENTED_EDGE('',*,*,#176,.T.);
#2108 = ORIENTED_EDGE('',*,*,#1555,.T.);
#2109 = ORIENTED_EDGE('',*,*,#2110,.T.);
#2110 = EDGE_CURVE('',#1548,#2111,#2113,.T.);
#2111 = VERTEX_POINT('',#2112);
#2112 = CARTESIAN_POINT('',(26.516504294496,158.,620.56675682619));
#2113 = LINE('',#2114,#2115);
#2114 = CARTESIAN_POINT('',(26.516504294496,149.,620.56675682619));
#2115 = VECTOR('',#2116,1.);
#2116 = DIRECTION('',(0.,1.,0.));
#2117 = ORIENTED_EDGE('',*,*,#2118,.F.);
#2118 = EDGE_CURVE('',#1352,#2111,#2119,.T.);
#2119 = LINE('',#2120,#2121);
#2120 = CARTESIAN_POINT('',(14.495689014324,158.,608.54594154601));
#2121 = VECTOR('',#2122,1.);
#2122 = DIRECTION('',(-0.707106781187,0.,-0.707106781187));
#2123 = ORIENTED_EDGE('',*,*,#1360,.F.);
#2124 = PLANE('',#2125);
#2125 = AXIS2_PLACEMENT_3D('',#2126,#2127,#2128);
#2126 = CARTESIAN_POINT('',(26.516504294496,149.,620.56675682619));
#2127 = DIRECTION('',(0.707106781187,0.,-0.707106781187));
#2128 = DIRECTION('',(0.707106781187,0.,0.707106781187));
#2129 = ADVANCED_FACE('',(#2130),#2155,.T.);
#2130 = FACE_BOUND('',#2131,.T.);
#2131 = EDGE_LOOP('',(#2132,#2138,#2139,#2140,#2148,#2154));
#2132 = ORIENTED_EDGE('',*,*,#2133,.F.);
#2133 = EDGE_CURVE('',#213,#1313,#2134,.T.);
#2134 = LINE('',#2135,#2136);
#2135 = CARTESIAN_POINT('',(58.,149.,602.5));
#2136 = VECTOR('',#2137,1.);
#2137 = DIRECTION('',(0.,1.,0.));
#2138 = ORIENTED_EDGE('',*,*,#212,.T.);
#2139 = ORIENTED_EDGE('',*,*,#1562,.T.);
#2140 = ORIENTED_EDGE('',*,*,#2141,.T.);
#2141 = EDGE_CURVE('',#1563,#2142,#2144,.T.);
#2142 = VERTEX_POINT('',#2143);
#2143 = CARTESIAN_POINT('',(34.,158.,602.5));
#2144 = LINE('',#2145,#2146);
#2145 = CARTESIAN_POINT('',(34.,149.,602.5));
#2146 = VECTOR('',#2147,1.);
#2147 = DIRECTION('',(0.,1.,0.));
#2148 = ORIENTED_EDGE('',*,*,#2149,.F.);
#2149 = EDGE_CURVE('',#1325,#2142,#2150,.T.);
#2150 = LINE('',#2151,#2152);
#2151 = CARTESIAN_POINT('',(17.,158.,602.5));
#2152 = VECTOR('',#2153,1.);
#2153 = DIRECTION('',(-1.,0.,-1.110223024625E-16));
#2154 = ORIENTED_EDGE('',*,*,#1324,.F.);
#2155 = PLANE('',#2156);
#2156 = AXIS2_PLACEMENT_3D('',#2157,#2158,#2159);
#2157 = CARTESIAN_POINT('',(34.,149.,602.5));
#2158 = DIRECTION('',(1.110223024625E-16,0.,-1.));
#2159 = DIRECTION('',(1.,0.,1.110223024625E-16));
#2160 = ADVANCED_FACE('',(#2161),#2174,.F.);
#2161 = FACE_BOUND('',#2162,.F.);
#2162 = EDGE_LOOP('',(#2163,#2164,#2165,#2166,#2172,#2173));
#2163 = ORIENTED_EDGE('',*,*,#2133,.F.);
#2164 = ORIENTED_EDGE('',*,*,#239,.T.);
#2165 = ORIENTED_EDGE('',*,*,#251,.F.);
#2166 = ORIENTED_EDGE('',*,*,#2167,.T.);
#2167 = EDGE_CURVE('',#252,#1274,#2168,.T.);
#2168 = LINE('',#2169,#2170);
#2169 = CARTESIAN_POINT('',(58.,149.,595.5));
#2170 = VECTOR('',#2171,1.);
#2171 = DIRECTION('',(0.,1.,0.));
#2172 = ORIENTED_EDGE('',*,*,#1300,.T.);
#2173 = ORIENTED_EDGE('',*,*,#1312,.F.);
#2174 = PLANE('',#2175);
#2175 = AXIS2_PLACEMENT_3D('',#2176,#2177,#2178);
#2176 = CARTESIAN_POINT('',(58.,149.,602.5));
#2177 = DIRECTION('',(1.,0.,1.110223024625E-16));
#2178 = DIRECTION('',(1.110223024625E-16,0.,-1.));
#2179 = ADVANCED_FACE('',(#2180),#2200,.F.);
#2180 = FACE_BOUND('',#2181,.F.);
#2181 = EDGE_LOOP('',(#2182,#2183,#2184,#2185,#2193,#2199));
#2182 = ORIENTED_EDGE('',*,*,#2167,.F.);
#2183 = ORIENTED_EDGE('',*,*,#263,.T.);
#2184 = ORIENTED_EDGE('',*,*,#1578,.T.);
#2185 = ORIENTED_EDGE('',*,*,#2186,.T.);
#2186 = EDGE_CURVE('',#1571,#2187,#2189,.T.);
#2187 = VERTEX_POINT('',#2188);
#2188 = CARTESIAN_POINT('',(34.,158.,595.5));
#2189 = LINE('',#2190,#2191);
#2190 = CARTESIAN_POINT('',(34.,149.,595.5));
#2191 = VECTOR('',#2192,1.);
#2192 = DIRECTION('',(0.,1.,0.));
#2193 = ORIENTED_EDGE('',*,*,#2194,.F.);
#2194 = EDGE_CURVE('',#1265,#2187,#2195,.T.);
#2195 = LINE('',#2196,#2197);
#2196 = CARTESIAN_POINT('',(17.,158.,595.5));
#2197 = VECTOR('',#2198,1.);
#2198 = DIRECTION('',(-1.,0.,-1.110223024625E-16));
#2199 = ORIENTED_EDGE('',*,*,#1273,.F.);
#2200 = PLANE('',#2201);
#2201 = AXIS2_PLACEMENT_3D('',#2202,#2203,#2204);
#2202 = CARTESIAN_POINT('',(34.,149.,595.5));
#2203 = DIRECTION('',(1.110223024625E-16,0.,-1.));
#2204 = DIRECTION('',(1.,0.,1.110223024625E-16));
#2205 = ADVANCED_FACE('',(#2206),#2231,.T.);
#2206 = FACE_BOUND('',#2207,.T.);
#2207 = EDGE_LOOP('',(#2208,#2214,#2215,#2216,#2224,#2230));
#2208 = ORIENTED_EDGE('',*,*,#2209,.F.);
#2209 = EDGE_CURVE('',#300,#1226,#2210,.T.);
#2210 = LINE('',#2211,#2212);
#2211 = CARTESIAN_POINT('',(43.487067042973,149.,560.46268042533));
#2212 = VECTOR('',#2213,1.);
#2213 = DIRECTION('',(0.,1.,0.));
#2214 = ORIENTED_EDGE('',*,*,#299,.T.);
#2215 = ORIENTED_EDGE('',*,*,#1585,.T.);
#2216 = ORIENTED_EDGE('',*,*,#2217,.T.);
#2217 = EDGE_CURVE('',#1586,#2218,#2220,.T.);
#2218 = VERTEX_POINT('',#2219);
#2219 = CARTESIAN_POINT('',(26.516504294496,158.,577.43324317381));
#2220 = LINE('',#2221,#2222);
#2221 = CARTESIAN_POINT('',(26.516504294496,149.,577.43324317381));
#2222 = VECTOR('',#2223,1.);
#2223 = DIRECTION('',(0.,1.,0.));
#2224 = ORIENTED_EDGE('',*,*,#2225,.F.);
#2225 = EDGE_CURVE('',#1238,#2218,#2226,.T.);
#2226 = LINE('',#2227,#2228);
#2227 = CARTESIAN_POINT('',(14.495689014324,158.,589.45405845398));
#2228 = VECTOR('',#2229,1.);
#2229 = DIRECTION('',(-0.707106781187,0.,0.707106781187));
#2230 = ORIENTED_EDGE('',*,*,#1237,.F.);
#2231 = PLANE('',#2232);
#2232 = AXIS2_PLACEMENT_3D('',#2233,#2234,#2235);
#2233 = CARTESIAN_POINT('',(26.516504294496,149.,577.43324317381));
#2234 = DIRECTION('',(-0.707106781187,0.,-0.707106781187));
#2235 = DIRECTION('',(0.707106781187,0.,-0.707106781187));
#2236 = ADVANCED_FACE('',(#2237),#2250,.F.);
#2237 = FACE_BOUND('',#2238,.F.);
#2238 = EDGE_LOOP('',(#2239,#2240,#2241,#2242,#2248,#2249));
#2239 = ORIENTED_EDGE('',*,*,#2209,.F.);
#2240 = ORIENTED_EDGE('',*,*,#326,.T.);
#2241 = ORIENTED_EDGE('',*,*,#338,.F.);
#2242 = ORIENTED_EDGE('',*,*,#2243,.T.);
#2243 = EDGE_CURVE('',#339,#1187,#2244,.T.);
#2244 = LINE('',#2245,#2246);
#2245 = CARTESIAN_POINT('',(38.537319574667,149.,555.51293295702));
#2246 = VECTOR('',#2247,1.);
#2247 = DIRECTION('',(0.,1.,0.));
#2248 = ORIENTED_EDGE('',*,*,#1213,.T.);
#2249 = ORIENTED_EDGE('',*,*,#1225,.F.);
#2250 = PLANE('',#2251);
#2251 = AXIS2_PLACEMENT_3D('',#2252,#2253,#2254);
#2252 = CARTESIAN_POINT('',(43.487067042973,149.,560.46268042533));
#2253 = DIRECTION('',(0.707106781187,0.,-0.707106781187));
#2254 = DIRECTION('',(-0.707106781187,0.,-0.707106781187));
#2255 = ADVANCED_FACE('',(#2256),#2276,.F.);
#2256 = FACE_BOUND('',#2257,.F.);
#2257 = EDGE_LOOP('',(#2258,#2259,#2260,#2261,#2269,#2275));
#2258 = ORIENTED_EDGE('',*,*,#2243,.F.);
#2259 = ORIENTED_EDGE('',*,*,#350,.T.);
#2260 = ORIENTED_EDGE('',*,*,#1601,.T.);
#2261 = ORIENTED_EDGE('',*,*,#2262,.T.);
#2262 = EDGE_CURVE('',#1594,#2263,#2265,.T.);
#2263 = VERTEX_POINT('',#2264);
#2264 = CARTESIAN_POINT('',(21.56675682619,158.,572.4834957055));
#2265 = LINE('',#2266,#2267);
#2266 = CARTESIAN_POINT('',(21.56675682619,149.,572.4834957055));
#2267 = VECTOR('',#2268,1.);
#2268 = DIRECTION('',(0.,1.,0.));
#2269 = ORIENTED_EDGE('',*,*,#2270,.F.);
#2270 = EDGE_CURVE('',#1178,#2263,#2271,.T.);
#2271 = LINE('',#2272,#2273);
#2272 = CARTESIAN_POINT('',(9.545941546018,158.,584.50431098567));
#2273 = VECTOR('',#2274,1.);
#2274 = DIRECTION('',(-0.707106781187,0.,0.707106781187));
#2275 = ORIENTED_EDGE('',*,*,#1186,.F.);
#2276 = PLANE('',#2277);
#2277 = AXIS2_PLACEMENT_3D('',#2278,#2279,#2280);
#2278 = CARTESIAN_POINT('',(21.56675682619,149.,572.4834957055));
#2279 = DIRECTION('',(-0.707106781187,0.,-0.707106781187));
#2280 = DIRECTION('',(0.707106781187,0.,-0.707106781187));
#2281 = ADVANCED_FACE('',(#2282),#2307,.T.);
#2282 = FACE_BOUND('',#2283,.T.);
#2283 = EDGE_LOOP('',(#2284,#2290,#2291,#2292,#2300,#2306));
#2284 = ORIENTED_EDGE('',*,*,#2285,.F.);
#2285 = EDGE_CURVE('',#387,#1139,#2286,.T.);
#2286 = LINE('',#2287,#2288);
#2287 = CARTESIAN_POINT('',(3.5,149.,541.));
#2288 = VECTOR('',#2289,1.);
#2289 = DIRECTION('',(0.,1.,0.));
#2290 = ORIENTED_EDGE('',*,*,#386,.T.);
#2291 = ORIENTED_EDGE('',*,*,#1608,.T.);
#2292 = ORIENTED_EDGE('',*,*,#2293,.T.);
#2293 = EDGE_CURVE('',#1609,#2294,#2296,.T.);
#2294 = VERTEX_POINT('',#2295);
#2295 = CARTESIAN_POINT('',(3.5,158.,565.));
#2296 = LINE('',#2297,#2298);
#2297 = CARTESIAN_POINT('',(3.5,149.,565.));
#2298 = VECTOR('',#2299,1.);
#2299 = DIRECTION('',(0.,1.,0.));
#2300 = ORIENTED_EDGE('',*,*,#2301,.F.);
#2301 = EDGE_CURVE('',#1151,#2294,#2302,.T.);
#2302 = LINE('',#2303,#2304);
#2303 = CARTESIAN_POINT('',(3.5,158.,582.));
#2304 = VECTOR('',#2305,1.);
#2305 = DIRECTION('',(-1.224646799147E-16,0.,1.));
#2306 = ORIENTED_EDGE('',*,*,#1150,.F.);
#2307 = PLANE('',#2308);
#2308 = AXIS2_PLACEMENT_3D('',#2309,#2310,#2311);
#2309 = CARTESIAN_POINT('',(3.5,149.,565.));
#2310 = DIRECTION('',(-1.,0.,-1.224646799147E-16));
#2311 = DIRECTION('',(1.224646799147E-16,0.,-1.));
#2312 = ADVANCED_FACE('',(#2313),#2326,.F.);
#2313 = FACE_BOUND('',#2314,.F.);
#2314 = EDGE_LOOP('',(#2315,#2316,#2317,#2318,#2324,#2325));
#2315 = ORIENTED_EDGE('',*,*,#2285,.F.);
#2316 = ORIENTED_EDGE('',*,*,#413,.T.);
#2317 = ORIENTED_EDGE('',*,*,#425,.F.);
#2318 = ORIENTED_EDGE('',*,*,#2319,.T.);
#2319 = EDGE_CURVE('',#426,#1100,#2320,.T.);
#2320 = LINE('',#2321,#2322);
#2321 = CARTESIAN_POINT('',(-3.5,149.,541.));
#2322 = VECTOR('',#2323,1.);
#2323 = DIRECTION('',(0.,1.,0.));
#2324 = ORIENTED_EDGE('',*,*,#1126,.T.);
#2325 = ORIENTED_EDGE('',*,*,#1138,.F.);
#2326 = PLANE('',#2327);
#2327 = AXIS2_PLACEMENT_3D('',#2328,#2329,#2330);
#2328 = CARTESIAN_POINT('',(3.5,149.,541.));
#2329 = DIRECTION('',(1.224646799147E-16,0.,-1.));
#2330 = DIRECTION('',(-1.,0.,-1.224646799147E-16));
#2331 = ADVANCED_FACE('',(#2332),#2352,.F.);
#2332 = FACE_BOUND('',#2333,.F.);
#2333 = EDGE_LOOP('',(#2334,#2335,#2336,#2337,#2345,#2351));
#2334 = ORIENTED_EDGE('',*,*,#2319,.F.);
#2335 = ORIENTED_EDGE('',*,*,#437,.T.);
#2336 = ORIENTED_EDGE('',*,*,#1624,.T.);
#2337 = ORIENTED_EDGE('',*,*,#2338,.T.);
#2338 = EDGE_CURVE('',#1617,#2339,#2341,.T.);
#2339 = VERTEX_POINT('',#2340);
#2340 = CARTESIAN_POINT('',(-3.5,158.,565.));
#2341 = LINE('',#2342,#2343);
#2342 = CARTESIAN_POINT('',(-3.5,149.,565.));
#2343 = VECTOR('',#2344,1.);
#2344 = DIRECTION('',(0.,1.,0.));
#2345 = ORIENTED_EDGE('',*,*,#2346,.F.);
#2346 = EDGE_CURVE('',#1091,#2339,#2347,.T.);
#2347 = LINE('',#2348,#2349);
#2348 = CARTESIAN_POINT('',(-3.5,158.,582.));
#2349 = VECTOR('',#2350,1.);
#2350 = DIRECTION('',(-1.224646799147E-16,0.,1.));
#2351 = ORIENTED_EDGE('',*,*,#1099,.F.);
#2352 = PLANE('',#2353);
#2353 = AXIS2_PLACEMENT_3D('',#2354,#2355,#2356);
#2354 = CARTESIAN_POINT('',(-3.5,149.,565.));
#2355 = DIRECTION('',(-1.,0.,-1.224646799147E-16));
#2356 = DIRECTION('',(1.224646799147E-16,0.,-1.));
#2357 = ADVANCED_FACE('',(#2358),#2383,.T.);
#2358 = FACE_BOUND('',#2359,.T.);
#2359 = EDGE_LOOP('',(#2360,#2366,#2367,#2368,#2376,#2382));
#2360 = ORIENTED_EDGE('',*,*,#2361,.F.);
#2361 = EDGE_CURVE('',#474,#1052,#2362,.T.);
#2362 = LINE('',#2363,#2364);
#2363 = CARTESIAN_POINT('',(-38.53731957466,149.,555.51293295702));
#2364 = VECTOR('',#2365,1.);
#2365 = DIRECTION('',(0.,1.,0.));
#2366 = ORIENTED_EDGE('',*,*,#473,.T.);
#2367 = ORIENTED_EDGE('',*,*,#1631,.T.);
#2368 = ORIENTED_EDGE('',*,*,#2369,.T.);
#2369 = EDGE_CURVE('',#1632,#2370,#2372,.T.);
#2370 = VERTEX_POINT('',#2371);
#2371 = CARTESIAN_POINT('',(-21.56675682619,158.,572.4834957055));
#2372 = LINE('',#2373,#2374);
#2373 = CARTESIAN_POINT('',(-21.56675682619,149.,572.4834957055));
#2374 = VECTOR('',#2375,1.);
#2375 = DIRECTION('',(0.,1.,0.));
#2376 = ORIENTED_EDGE('',*,*,#2377,.F.);
#2377 = EDGE_CURVE('',#1064,#2370,#2378,.T.);
#2378 = LINE('',#2379,#2380);
#2379 = CARTESIAN_POINT('',(-9.545941546018,158.,584.50431098567));
#2380 = VECTOR('',#2381,1.);
#2381 = DIRECTION('',(0.707106781187,0.,0.707106781187));
#2382 = ORIENTED_EDGE('',*,*,#1063,.F.);
#2383 = PLANE('',#2384);
#2384 = AXIS2_PLACEMENT_3D('',#2385,#2386,#2387);
#2385 = CARTESIAN_POINT('',(-21.56675682619,149.,572.4834957055));
#2386 = DIRECTION('',(-0.707106781187,0.,0.707106781187));
#2387 = DIRECTION('',(-0.707106781187,0.,-0.707106781187));
#2388 = ADVANCED_FACE('',(#2389),#2402,.F.);
#2389 = FACE_BOUND('',#2390,.F.);
#2390 = EDGE_LOOP('',(#2391,#2392,#2393,#2394,#2400,#2401));
#2391 = ORIENTED_EDGE('',*,*,#2361,.F.);
#2392 = ORIENTED_EDGE('',*,*,#500,.T.);
#2393 = ORIENTED_EDGE('',*,*,#512,.F.);
#2394 = ORIENTED_EDGE('',*,*,#2395,.T.);
#2395 = EDGE_CURVE('',#513,#1013,#2396,.T.);
#2396 = LINE('',#2397,#2398);
#2397 = CARTESIAN_POINT('',(-43.48706704297,149.,560.46268042533));
#2398 = VECTOR('',#2399,1.);
#2399 = DIRECTION('',(0.,1.,0.));
#2400 = ORIENTED_EDGE('',*,*,#1039,.T.);
#2401 = ORIENTED_EDGE('',*,*,#1051,.F.);
#2402 = PLANE('',#2403);
#2403 = AXIS2_PLACEMENT_3D('',#2404,#2405,#2406);
#2404 = CARTESIAN_POINT('',(-38.53731957466,149.,555.51293295702));
#2405 = DIRECTION('',(-0.707106781187,0.,-0.707106781187));
#2406 = DIRECTION('',(-0.707106781187,0.,0.707106781187));
#2407 = ADVANCED_FACE('',(#2408),#2428,.F.);
#2408 = FACE_BOUND('',#2409,.F.);
#2409 = EDGE_LOOP('',(#2410,#2411,#2412,#2413,#2421,#2427));
#2410 = ORIENTED_EDGE('',*,*,#2395,.F.);
#2411 = ORIENTED_EDGE('',*,*,#524,.T.);
#2412 = ORIENTED_EDGE('',*,*,#1647,.T.);
#2413 = ORIENTED_EDGE('',*,*,#2414,.T.);
#2414 = EDGE_CURVE('',#1640,#2415,#2417,.T.);
#2415 = VERTEX_POINT('',#2416);
#2416 = CARTESIAN_POINT('',(-26.51650429449,158.,577.43324317381));
#2417 = LINE('',#2418,#2419);
#2418 = CARTESIAN_POINT('',(-26.51650429449,149.,577.43324317381));
#2419 = VECTOR('',#2420,1.);
#2420 = DIRECTION('',(0.,1.,0.));
#2421 = ORIENTED_EDGE('',*,*,#2422,.F.);
#2422 = EDGE_CURVE('',#1004,#2415,#2423,.T.);
#2423 = LINE('',#2424,#2425);
#2424 = CARTESIAN_POINT('',(-14.49568901432,158.,589.45405845398));
#2425 = VECTOR('',#2426,1.);
#2426 = DIRECTION('',(0.707106781187,0.,0.707106781187));
#2427 = ORIENTED_EDGE('',*,*,#1012,.F.);
#2428 = PLANE('',#2429);
#2429 = AXIS2_PLACEMENT_3D('',#2430,#2431,#2432);
#2430 = CARTESIAN_POINT('',(-26.51650429449,149.,577.43324317381));
#2431 = DIRECTION('',(-0.707106781187,0.,0.707106781187));
#2432 = DIRECTION('',(-0.707106781187,0.,-0.707106781187));
#2433 = ADVANCED_FACE('',(#2434),#2459,.T.);
#2434 = FACE_BOUND('',#2435,.T.);
#2435 = EDGE_LOOP('',(#2436,#2442,#2443,#2444,#2452,#2458));
#2436 = ORIENTED_EDGE('',*,*,#2437,.F.);
#2437 = EDGE_CURVE('',#561,#965,#2438,.T.);
#2438 = LINE('',#2439,#2440);
#2439 = CARTESIAN_POINT('',(-58.,149.,595.5));
#2440 = VECTOR('',#2441,1.);
#2441 = DIRECTION('',(0.,1.,0.));
#2442 = ORIENTED_EDGE('',*,*,#560,.T.);
#2443 = ORIENTED_EDGE('',*,*,#1654,.T.);
#2444 = ORIENTED_EDGE('',*,*,#2445,.T.);
#2445 = EDGE_CURVE('',#1655,#2446,#2448,.T.);
#2446 = VERTEX_POINT('',#2447);
#2447 = CARTESIAN_POINT('',(-34.,158.,595.5));
#2448 = LINE('',#2449,#2450);
#2449 = CARTESIAN_POINT('',(-34.,149.,595.5));
#2450 = VECTOR('',#2451,1.);
#2451 = DIRECTION('',(0.,1.,0.));
#2452 = ORIENTED_EDGE('',*,*,#2453,.F.);
#2453 = EDGE_CURVE('',#977,#2446,#2454,.T.);
#2454 = LINE('',#2455,#2456);
#2455 = CARTESIAN_POINT('',(-17.,158.,595.5));
#2456 = VECTOR('',#2457,1.);
#2457 = DIRECTION('',(1.,0.,2.22044604925E-16));
#2458 = ORIENTED_EDGE('',*,*,#976,.F.);
#2459 = PLANE('',#2460);
#2460 = AXIS2_PLACEMENT_3D('',#2461,#2462,#2463);
#2461 = CARTESIAN_POINT('',(-34.,149.,595.5));
#2462 = DIRECTION('',(-2.22044604925E-16,0.,1.));
#2463 = DIRECTION('',(-1.,0.,-2.22044604925E-16));
#2464 = ADVANCED_FACE('',(#2465),#2478,.F.);
#2465 = FACE_BOUND('',#2466,.F.);
#2466 = EDGE_LOOP('',(#2467,#2468,#2469,#2470,#2476,#2477));
#2467 = ORIENTED_EDGE('',*,*,#2437,.F.);
#2468 = ORIENTED_EDGE('',*,*,#587,.T.);
#2469 = ORIENTED_EDGE('',*,*,#599,.F.);
#2470 = ORIENTED_EDGE('',*,*,#2471,.T.);
#2471 = EDGE_CURVE('',#600,#926,#2472,.T.);
#2472 = LINE('',#2473,#2474);
#2473 = CARTESIAN_POINT('',(-58.,149.,602.5));
#2474 = VECTOR('',#2475,1.);
#2475 = DIRECTION('',(0.,1.,0.));
#2476 = ORIENTED_EDGE('',*,*,#952,.T.);
#2477 = ORIENTED_EDGE('',*,*,#964,.F.);
#2478 = PLANE('',#2479);
#2479 = AXIS2_PLACEMENT_3D('',#2480,#2481,#2482);
#2480 = CARTESIAN_POINT('',(-58.,149.,595.5));
#2481 = DIRECTION('',(-1.,0.,-2.22044604925E-16));
#2482 = DIRECTION('',(-2.22044604925E-16,0.,1.));
#2483 = ADVANCED_FACE('',(#2484),#2504,.F.);
#2484 = FACE_BOUND('',#2485,.F.);
#2485 = EDGE_LOOP('',(#2486,#2487,#2488,#2489,#2497,#2503));
#2486 = ORIENTED_EDGE('',*,*,#2471,.F.);
#2487 = ORIENTED_EDGE('',*,*,#611,.T.);
#2488 = ORIENTED_EDGE('',*,*,#1670,.T.);
#2489 = ORIENTED_EDGE('',*,*,#2490,.T.);
#2490 = EDGE_CURVE('',#1663,#2491,#2493,.T.);
#2491 = VERTEX_POINT('',#2492);
#2492 = CARTESIAN_POINT('',(-34.,158.,602.5));
#2493 = LINE('',#2494,#2495);
#2494 = CARTESIAN_POINT('',(-34.,149.,602.5));
#2495 = VECTOR('',#2496,1.);
#2496 = DIRECTION('',(0.,1.,0.));
#2497 = ORIENTED_EDGE('',*,*,#2498,.F.);
#2498 = EDGE_CURVE('',#917,#2491,#2499,.T.);
#2499 = LINE('',#2500,#2501);
#2500 = CARTESIAN_POINT('',(-17.,158.,602.5));
#2501 = VECTOR('',#2502,1.);
#2502 = DIRECTION('',(1.,0.,2.22044604925E-16));
#2503 = ORIENTED_EDGE('',*,*,#925,.F.);
#2504 = PLANE('',#2505);
#2505 = AXIS2_PLACEMENT_3D('',#2506,#2507,#2508);
#2506 = CARTESIAN_POINT('',(-34.,149.,602.5));
#2507 = DIRECTION('',(-2.22044604925E-16,0.,1.));
#2508 = DIRECTION('',(-1.,0.,-2.22044604925E-16));
#2509 = ADVANCED_FACE('',(#2510),#2535,.T.);
#2510 = FACE_BOUND('',#2511,.T.);
#2511 = EDGE_LOOP('',(#2512,#2518,#2519,#2520,#2528,#2534));
#2512 = ORIENTED_EDGE('',*,*,#2513,.F.);
#2513 = EDGE_CURVE('',#648,#878,#2514,.T.);
#2514 = LINE('',#2515,#2516);
#2515 = CARTESIAN_POINT('',(-43.48706704297,149.,637.53731957466));
#2516 = VECTOR('',#2517,1.);
#2517 = DIRECTION('',(0.,1.,0.));
#2518 = ORIENTED_EDGE('',*,*,#647,.T.);
#2519 = ORIENTED_EDGE('',*,*,#1677,.T.);
#2520 = ORIENTED_EDGE('',*,*,#2521,.T.);
#2521 = EDGE_CURVE('',#1678,#2522,#2524,.T.);
#2522 = VERTEX_POINT('',#2523);
#2523 = CARTESIAN_POINT('',(-26.51650429449,158.,620.56675682619));
#2524 = LINE('',#2525,#2526);
#2525 = CARTESIAN_POINT('',(-26.51650429449,149.,620.56675682619));
#2526 = VECTOR('',#2527,1.);
#2527 = DIRECTION('',(0.,1.,0.));
#2528 = ORIENTED_EDGE('',*,*,#2529,.F.);
#2529 = EDGE_CURVE('',#890,#2522,#2530,.T.);
#2530 = LINE('',#2531,#2532);
#2531 = CARTESIAN_POINT('',(-14.49568901432,158.,608.54594154601));
#2532 = VECTOR('',#2533,1.);
#2533 = DIRECTION('',(0.707106781187,0.,-0.707106781187));
#2534 = ORIENTED_EDGE('',*,*,#889,.F.);
#2535 = PLANE('',#2536);
#2536 = AXIS2_PLACEMENT_3D('',#2537,#2538,#2539);
#2537 = CARTESIAN_POINT('',(-26.51650429449,149.,620.56675682619));
#2538 = DIRECTION('',(0.707106781187,0.,0.707106781187));
#2539 = DIRECTION('',(-0.707106781187,0.,0.707106781187));
#2540 = ADVANCED_FACE('',(#2541),#2554,.F.);
#2541 = FACE_BOUND('',#2542,.F.);
#2542 = EDGE_LOOP('',(#2543,#2544,#2545,#2546,#2552,#2553));
#2543 = ORIENTED_EDGE('',*,*,#2513,.F.);
#2544 = ORIENTED_EDGE('',*,*,#674,.T.);
#2545 = ORIENTED_EDGE('',*,*,#686,.F.);
#2546 = ORIENTED_EDGE('',*,*,#2547,.T.);
#2547 = EDGE_CURVE('',#687,#839,#2548,.T.);
#2548 = LINE('',#2549,#2550);
#2549 = CARTESIAN_POINT('',(-38.53731957466,149.,642.48706704297));
#2550 = VECTOR('',#2551,1.);
#2551 = DIRECTION('',(0.,1.,0.));
#2552 = ORIENTED_EDGE('',*,*,#865,.T.);
#2553 = ORIENTED_EDGE('',*,*,#877,.F.);
#2554 = PLANE('',#2555);
#2555 = AXIS2_PLACEMENT_3D('',#2556,#2557,#2558);
#2556 = CARTESIAN_POINT('',(-43.48706704297,149.,637.53731957466));
#2557 = DIRECTION('',(-0.707106781187,0.,0.707106781187));
#2558 = DIRECTION('',(0.707106781187,0.,0.707106781187));
#2559 = ADVANCED_FACE('',(#2560),#2580,.F.);
#2560 = FACE_BOUND('',#2561,.F.);
#2561 = EDGE_LOOP('',(#2562,#2563,#2564,#2565,#2573,#2579));
#2562 = ORIENTED_EDGE('',*,*,#2547,.F.);
#2563 = ORIENTED_EDGE('',*,*,#698,.T.);
#2564 = ORIENTED_EDGE('',*,*,#1693,.T.);
#2565 = ORIENTED_EDGE('',*,*,#2566,.T.);
#2566 = EDGE_CURVE('',#1686,#2567,#2569,.T.);
#2567 = VERTEX_POINT('',#2568);
#2568 = CARTESIAN_POINT('',(-21.56675682619,158.,625.51650429449));
#2569 = LINE('',#2570,#2571);
#2570 = CARTESIAN_POINT('',(-21.56675682619,149.,625.51650429449));
#2571 = VECTOR('',#2572,1.);
#2572 = DIRECTION('',(0.,1.,0.));
#2573 = ORIENTED_EDGE('',*,*,#2574,.F.);
#2574 = EDGE_CURVE('',#830,#2567,#2575,.T.);
#2575 = LINE('',#2576,#2577);
#2576 = CARTESIAN_POINT('',(-9.545941546018,158.,613.49568901432));
#2577 = VECTOR('',#2578,1.);
#2578 = DIRECTION('',(0.707106781187,0.,-0.707106781187));
#2579 = ORIENTED_EDGE('',*,*,#838,.F.);
#2580 = PLANE('',#2581);
#2581 = AXIS2_PLACEMENT_3D('',#2582,#2583,#2584);
#2582 = CARTESIAN_POINT('',(-21.56675682619,149.,625.51650429449));
#2583 = DIRECTION('',(0.707106781187,0.,0.707106781187));
#2584 = DIRECTION('',(-0.707106781187,0.,0.707106781187));
#2585 = ADVANCED_FACE('',(#2586),#2606,.T.);
#2586 = FACE_BOUND('',#2587,.T.);
#2587 = EDGE_LOOP('',(#2588,#2589,#2590,#2591,#2599,#2605));
#2588 = ORIENTED_EDGE('',*,*,#1480,.F.);
#2589 = ORIENTED_EDGE('',*,*,#734,.T.);
#2590 = ORIENTED_EDGE('',*,*,#1700,.T.);
#2591 = ORIENTED_EDGE('',*,*,#2592,.T.);
#2592 = EDGE_CURVE('',#1701,#2593,#2595,.T.);
#2593 = VERTEX_POINT('',#2594);
#2594 = CARTESIAN_POINT('',(-3.5,158.,633.));
#2595 = LINE('',#2596,#2597);
#2596 = CARTESIAN_POINT('',(-3.5,149.,633.));
#2597 = VECTOR('',#2598,1.);
#2598 = DIRECTION('',(0.,1.,0.));
#2599 = ORIENTED_EDGE('',*,*,#2600,.F.);
#2600 = EDGE_CURVE('',#803,#2593,#2601,.T.);
#2601 = LINE('',#2602,#2603);
#2602 = CARTESIAN_POINT('',(-3.5,158.,616.));
#2603 = VECTOR('',#2604,1.);
#2604 = DIRECTION('',(0.,0.,-1.));
#2605 = ORIENTED_EDGE('',*,*,#802,.F.);
#2606 = PLANE('',#2607);
#2607 = AXIS2_PLACEMENT_3D('',#2608,#2609,#2610);
#2608 = CARTESIAN_POINT('',(-3.5,149.,633.));
#2609 = DIRECTION('',(1.,0.,0.));
#2610 = DIRECTION('',(0.,0.,1.));
#2611 = ADVANCED_FACE('',(#2612,#2686,#2721,#2732,#2767,#2802,#2837,
    #2848,#2883,#2894,#2905,#2940,#2951,#2986),#3021,.T.);
#2612 = FACE_BOUND('',#2613,.T.);
#2613 = EDGE_LOOP('',(#2614,#2615,#2616,#2617,#2623,#2624,#2625,#2626,
    #2632,#2633,#2634,#2635,#2641,#2642,#2643,#2644,#2650,#2651,#2652,
    #2653,#2659,#2660,#2661,#2662,#2668,#2669,#2670,#2671,#2677,#2678,
    #2679,#2680));
#2614 = ORIENTED_EDGE('',*,*,#1522,.F.);
#2615 = ORIENTED_EDGE('',*,*,#1438,.T.);
#2616 = ORIENTED_EDGE('',*,*,#2073,.T.);
#2617 = ORIENTED_EDGE('',*,*,#2618,.T.);
#2618 = EDGE_CURVE('',#2066,#2111,#2619,.T.);
#2619 = LINE('',#2620,#2621);
#2620 = CARTESIAN_POINT('',(22.804193693266,158.,624.27906742741));
#2621 = VECTOR('',#2622,1.);
#2622 = DIRECTION('',(0.707106781187,0.,-0.707106781187));
#2623 = ORIENTED_EDGE('',*,*,#2118,.F.);
#2624 = ORIENTED_EDGE('',*,*,#1351,.T.);
#2625 = ORIENTED_EDGE('',*,*,#2149,.T.);
#2626 = ORIENTED_EDGE('',*,*,#2627,.T.);
#2627 = EDGE_CURVE('',#2142,#2187,#2628,.T.);
#2628 = LINE('',#2629,#2630);
#2629 = CARTESIAN_POINT('',(34.,158.,600.75));
#2630 = VECTOR('',#2631,1.);
#2631 = DIRECTION('',(1.110223024625E-16,0.,-1.));
#2632 = ORIENTED_EDGE('',*,*,#2194,.F.);
#2633 = ORIENTED_EDGE('',*,*,#1264,.T.);
#2634 = ORIENTED_EDGE('',*,*,#2225,.T.);
#2635 = ORIENTED_EDGE('',*,*,#2636,.T.);
#2636 = EDGE_CURVE('',#2218,#2263,#2637,.T.);
#2637 = LINE('',#2638,#2639);
#2638 = CARTESIAN_POINT('',(25.279067427419,158.,576.19580630673));
#2639 = VECTOR('',#2640,1.);
#2640 = DIRECTION('',(-0.707106781187,0.,-0.707106781187));
#2641 = ORIENTED_EDGE('',*,*,#2270,.F.);
#2642 = ORIENTED_EDGE('',*,*,#1177,.T.);
#2643 = ORIENTED_EDGE('',*,*,#2301,.T.);
#2644 = ORIENTED_EDGE('',*,*,#2645,.T.);
#2645 = EDGE_CURVE('',#2294,#2339,#2646,.T.);
#2646 = LINE('',#2647,#2648);
#2647 = CARTESIAN_POINT('',(1.75,158.,565.));
#2648 = VECTOR('',#2649,1.);
#2649 = DIRECTION('',(-1.,0.,-1.224646799147E-16));
#2650 = ORIENTED_EDGE('',*,*,#2346,.F.);
#2651 = ORIENTED_EDGE('',*,*,#1090,.T.);
#2652 = ORIENTED_EDGE('',*,*,#2377,.T.);
#2653 = ORIENTED_EDGE('',*,*,#2654,.T.);
#2654 = EDGE_CURVE('',#2370,#2415,#2655,.T.);
#2655 = LINE('',#2656,#2657);
#2656 = CARTESIAN_POINT('',(-22.80419369326,158.,573.72093257258));
#2657 = VECTOR('',#2658,1.);
#2658 = DIRECTION('',(-0.707106781187,0.,0.707106781187));
#2659 = ORIENTED_EDGE('',*,*,#2422,.F.);
#2660 = ORIENTED_EDGE('',*,*,#1003,.T.);
#2661 = ORIENTED_EDGE('',*,*,#2453,.T.);
#2662 = ORIENTED_EDGE('',*,*,#2663,.T.);
#2663 = EDGE_CURVE('',#2446,#2491,#2664,.T.);
#2664 = LINE('',#2665,#2666);
#2665 = CARTESIAN_POINT('',(-34.,158.,597.25));
#2666 = VECTOR('',#2667,1.);
#2667 = DIRECTION('',(-2.22044604925E-16,0.,1.));
#2668 = ORIENTED_EDGE('',*,*,#2498,.F.);
#2669 = ORIENTED_EDGE('',*,*,#916,.T.);
#2670 = ORIENTED_EDGE('',*,*,#2529,.T.);
#2671 = ORIENTED_EDGE('',*,*,#2672,.T.);
#2672 = EDGE_CURVE('',#2522,#2567,#2673,.T.);
#2673 = LINE('',#2674,#2675);
#2674 = CARTESIAN_POINT('',(-25.27906742741,158.,621.80419369326));
#2675 = VECTOR('',#2676,1.);
#2676 = DIRECTION('',(0.707106781187,0.,0.707106781187));
#2677 = ORIENTED_EDGE('',*,*,#2574,.F.);
#2678 = ORIENTED_EDGE('',*,*,#829,.T.);
#2679 = ORIENTED_EDGE('',*,*,#2600,.T.);
#2680 = ORIENTED_EDGE('',*,*,#2681,.T.);
#2681 = EDGE_CURVE('',#2593,#1515,#2682,.T.);
#2682 = LINE('',#2683,#2684);
#2683 = CARTESIAN_POINT('',(-1.75,158.,633.));
#2684 = VECTOR('',#2685,1.);
#2685 = DIRECTION('',(1.,0.,0.));
#2686 = FACE_BOUND('',#2687,.T.);
#2687 = EDGE_LOOP('',(#2688,#2698,#2706,#2715));
#2688 = ORIENTED_EDGE('',*,*,#2689,.F.);
#2689 = EDGE_CURVE('',#2690,#2692,#2694,.T.);
#2690 = VERTEX_POINT('',#2691);
#2691 = CARTESIAN_POINT('',(-43.58085069581,158.,578.78343618145));
#2692 = VERTEX_POINT('',#2693);
#2693 = CARTESIAN_POINT('',(-45.11158442527,158.,582.47895431149));
#2694 = LINE('',#2695,#2696);
#2695 = CARTESIAN_POINT('',(-43.96353412817,158.,579.70731571396));
#2696 = VECTOR('',#2697,1.);
#2697 = DIRECTION('',(-0.382683432365,0.,0.923879532511));
#2698 = ORIENTED_EDGE('',*,*,#2699,.T.);
#2699 = EDGE_CURVE('',#2690,#2700,#2702,.T.);
#2700 = VERTEX_POINT('',#2701);
#2701 = CARTESIAN_POINT('',(-26.88935855375,158.,585.69727860293));
#2702 = LINE('',#2703,#2704);
#2703 = CARTESIAN_POINT('',(-2.930151265315,158.,595.62150720551));
#2704 = VECTOR('',#2705,1.);
#2705 = DIRECTION('',(0.923879532511,0.,0.382683432365));
#2706 = ORIENTED_EDGE('',*,*,#2707,.T.);
#2707 = EDGE_CURVE('',#2700,#2708,#2710,.T.);
#2708 = VERTEX_POINT('',#2709);
#2709 = CARTESIAN_POINT('',(-28.42009228321,158.,589.39279673298));
#2710 = CIRCLE('',#2711,30.);
#2711 = AXIS2_PLACEMENT_3D('',#2712,#2713,#2714);
#2712 = CARTESIAN_POINT('',(0.,158.,599.));
#2713 = DIRECTION('',(0.,1.,0.));
#2714 = DIRECTION('',(0.,0.,1.));
#2715 = ORIENTED_EDGE('',*,*,#2716,.F.);
#2716 = EDGE_CURVE('',#2692,#2708,#2717,.T.);
#2717 = LINE('',#2718,#2719);
#2718 = CARTESIAN_POINT('',(-4.460884994775,158.,599.31702533556));
#2719 = VECTOR('',#2720,1.);
#2720 = DIRECTION('',(0.923879532511,0.,0.382683432365));
#2721 = FACE_BOUND('',#2722,.T.);
#2722 = EDGE_LOOP('',(#2723));
#2723 = ORIENTED_EDGE('',*,*,#2724,.T.);
#2724 = EDGE_CURVE('',#2725,#2725,#2727,.T.);
#2725 = VERTEX_POINT('',#2726);
#2726 = CARTESIAN_POINT('',(-25.5,158.,594.15));
#2727 = CIRCLE('',#2728,4.85);
#2728 = AXIS2_PLACEMENT_3D('',#2729,#2730,#2731);
#2729 = CARTESIAN_POINT('',(-25.5,158.,599.));
#2730 = DIRECTION('',(0.,-1.,0.));
#2731 = DIRECTION('',(0.,0.,-1.));
#2732 = FACE_BOUND('',#2733,.T.);
#2733 = EDGE_LOOP('',(#2734,#2744,#2752,#2761));
#2734 = ORIENTED_EDGE('',*,*,#2735,.F.);
#2735 = EDGE_CURVE('',#2736,#2738,#2740,.T.);
#2736 = VERTEX_POINT('',#2737);
#2737 = CARTESIAN_POINT('',(-16.5210456885,158.,553.88841557472));
#2738 = VERTEX_POINT('',#2739);
#2739 = CARTESIAN_POINT('',(-20.21656381854,158.,555.41914930418));
#2740 = LINE('',#2741,#2742);
#2741 = CARTESIAN_POINT('',(-17.44492522101,158.,554.27109900709));
#2742 = VECTOR('',#2743,1.);
#2743 = DIRECTION('',(-0.923879532511,0.,0.382683432365));
#2744 = ORIENTED_EDGE('',*,*,#2745,.T.);
#2745 = EDGE_CURVE('',#2736,#2746,#2748,.T.);
#2746 = VERTEX_POINT('',#2747);
#2747 = CARTESIAN_POINT('',(-9.607203267016,158.,570.57990771678));
#2748 = LINE('',#2749,#2750);
#2749 = CARTESIAN_POINT('',(0.317025335562,158.,594.53911500522));
#2750 = VECTOR('',#2751,1.);
#2751 = DIRECTION('',(0.382683432365,0.,0.923879532511));
#2752 = ORIENTED_EDGE('',*,*,#2753,.T.);
#2753 = EDGE_CURVE('',#2746,#2754,#2756,.T.);
#2754 = VERTEX_POINT('',#2755);
#2755 = CARTESIAN_POINT('',(-13.30272139706,158.,572.11064144624));
#2756 = CIRCLE('',#2757,30.);
#2757 = AXIS2_PLACEMENT_3D('',#2758,#2759,#2760);
#2758 = CARTESIAN_POINT('',(0.,158.,599.));
#2759 = DIRECTION('',(0.,1.,0.));
#2760 = DIRECTION('',(0.,0.,1.));
#2761 = ORIENTED_EDGE('',*,*,#2762,.F.);
#2762 = EDGE_CURVE('',#2738,#2754,#2763,.T.);
#2763 = LINE('',#2764,#2765);
#2764 = CARTESIAN_POINT('',(-3.378492794483,158.,596.06984873468));
#2765 = VECTOR('',#2766,1.);
#2766 = DIRECTION('',(0.382683432365,0.,0.923879532511));
#2767 = FACE_BOUND('',#2768,.T.);
#2768 = EDGE_LOOP('',(#2769,#2779,#2787,#2796));
#2769 = ORIENTED_EDGE('',*,*,#2770,.F.);
#2770 = EDGE_CURVE('',#2771,#2773,#2775,.T.);
#2771 = VERTEX_POINT('',#2772);
#2772 = CARTESIAN_POINT('',(-45.11158442527,158.,615.5210456885));
#2773 = VERTEX_POINT('',#2774);
#2774 = CARTESIAN_POINT('',(-43.58085069581,158.,619.21656381854));
#2775 = LINE('',#2776,#2777);
#2776 = CARTESIAN_POINT('',(-44.7289009929,158.,616.44492522101));
#2777 = VECTOR('',#2778,1.);
#2778 = DIRECTION('',(0.382683432365,0.,0.923879532511));
#2779 = ORIENTED_EDGE('',*,*,#2780,.T.);
#2780 = EDGE_CURVE('',#2771,#2781,#2783,.T.);
#2781 = VERTEX_POINT('',#2782);
#2782 = CARTESIAN_POINT('',(-28.42009228321,158.,608.60720326701));
#2783 = LINE('',#2784,#2785);
#2784 = CARTESIAN_POINT('',(-4.460884994775,158.,598.68297466443));
#2785 = VECTOR('',#2786,1.);
#2786 = DIRECTION('',(0.923879532511,0.,-0.382683432365));
#2787 = ORIENTED_EDGE('',*,*,#2788,.T.);
#2788 = EDGE_CURVE('',#2781,#2789,#2791,.T.);
#2789 = VERTEX_POINT('',#2790);
#2790 = CARTESIAN_POINT('',(-26.88935855375,158.,612.30272139706));
#2791 = CIRCLE('',#2792,30.);
#2792 = AXIS2_PLACEMENT_3D('',#2793,#2794,#2795);
#2793 = CARTESIAN_POINT('',(0.,158.,599.));
#2794 = DIRECTION('',(0.,1.,0.));
#2795 = DIRECTION('',(0.,0.,1.));
#2796 = ORIENTED_EDGE('',*,*,#2797,.F.);
#2797 = EDGE_CURVE('',#2773,#2789,#2798,.T.);
#2798 = LINE('',#2799,#2800);
#2799 = CARTESIAN_POINT('',(-2.930151265315,158.,602.37849279448));
#2800 = VECTOR('',#2801,1.);
#2801 = DIRECTION('',(0.923879532511,0.,-0.382683432365));
#2802 = FACE_BOUND('',#2803,.T.);
#2803 = EDGE_LOOP('',(#2804,#2814,#2822,#2831));
#2804 = ORIENTED_EDGE('',*,*,#2805,.F.);
#2805 = EDGE_CURVE('',#2806,#2808,#2810,.T.);
#2806 = VERTEX_POINT('',#2807);
#2807 = CARTESIAN_POINT('',(-20.21656381854,158.,642.58085069581));
#2808 = VERTEX_POINT('',#2809);
#2809 = CARTESIAN_POINT('',(-16.5210456885,158.,644.11158442527));
#2810 = LINE('',#2811,#2812);
#2811 = CARTESIAN_POINT('',(-19.29268428603,158.,642.96353412817));
#2812 = VECTOR('',#2813,1.);
#2813 = DIRECTION('',(0.923879532511,0.,0.382683432365));
#2814 = ORIENTED_EDGE('',*,*,#2815,.T.);
#2815 = EDGE_CURVE('',#2806,#2816,#2818,.T.);
#2816 = VERTEX_POINT('',#2817);
#2817 = CARTESIAN_POINT('',(-13.30272139706,158.,625.88935855375));
#2818 = LINE('',#2819,#2820);
#2819 = CARTESIAN_POINT('',(-3.378492794483,158.,601.93015126531));
#2820 = VECTOR('',#2821,1.);
#2821 = DIRECTION('',(0.382683432365,0.,-0.923879532511));
#2822 = ORIENTED_EDGE('',*,*,#2823,.T.);
#2823 = EDGE_CURVE('',#2816,#2824,#2826,.T.);
#2824 = VERTEX_POINT('',#2825);
#2825 = CARTESIAN_POINT('',(-9.607203267016,158.,627.42009228321));
#2826 = CIRCLE('',#2827,30.);
#2827 = AXIS2_PLACEMENT_3D('',#2828,#2829,#2830);
#2828 = CARTESIAN_POINT('',(0.,158.,599.));
#2829 = DIRECTION('',(0.,1.,0.));
#2830 = DIRECTION('',(0.,0.,1.));
#2831 = ORIENTED_EDGE('',*,*,#2832,.F.);
#2832 = EDGE_CURVE('',#2808,#2824,#2833,.T.);
#2833 = LINE('',#2834,#2835);
#2834 = CARTESIAN_POINT('',(0.317025335562,158.,603.46088499477));
#2835 = VECTOR('',#2836,1.);
#2836 = DIRECTION('',(0.382683432365,0.,-0.923879532511));
#2837 = FACE_BOUND('',#2838,.T.);
#2838 = EDGE_LOOP('',(#2839));
#2839 = ORIENTED_EDGE('',*,*,#2840,.T.);
#2840 = EDGE_CURVE('',#2841,#2841,#2843,.T.);
#2841 = VERTEX_POINT('',#2842);
#2842 = CARTESIAN_POINT('',(-5.872181401912E-15,158.,568.65));
#2843 = CIRCLE('',#2844,4.85);
#2844 = AXIS2_PLACEMENT_3D('',#2845,#2846,#2847);
#2845 = CARTESIAN_POINT('',(-4.684274006739E-15,158.,573.5));
#2846 = DIRECTION('',(0.,-1.,0.));
#2847 = DIRECTION('',(0.,0.,-1.));
#2848 = FACE_BOUND('',#2849,.T.);
#2849 = EDGE_LOOP('',(#2850,#2860,#2868,#2877));
#2850 = ORIENTED_EDGE('',*,*,#2851,.F.);
#2851 = EDGE_CURVE('',#2852,#2854,#2856,.T.);
#2852 = VERTEX_POINT('',#2853);
#2853 = CARTESIAN_POINT('',(20.216563818547,158.,555.41914930418));
#2854 = VERTEX_POINT('',#2855);
#2855 = CARTESIAN_POINT('',(16.521045688502,158.,553.88841557472));
#2856 = LINE('',#2857,#2858);
#2857 = CARTESIAN_POINT('',(19.292684286036,158.,555.03646587182));
#2858 = VECTOR('',#2859,1.);
#2859 = DIRECTION('',(-0.923879532511,0.,-0.382683432365));
#2860 = ORIENTED_EDGE('',*,*,#2861,.T.);
#2861 = EDGE_CURVE('',#2852,#2862,#2864,.T.);
#2862 = VERTEX_POINT('',#2863);
#2863 = CARTESIAN_POINT('',(13.302721397061,158.,572.11064144624));
#2864 = LINE('',#2865,#2866);
#2865 = CARTESIAN_POINT('',(3.378492794483,158.,596.06984873468));
#2866 = VECTOR('',#2867,1.);
#2867 = DIRECTION('',(-0.382683432365,0.,0.923879532511));
#2868 = ORIENTED_EDGE('',*,*,#2869,.T.);
#2869 = EDGE_CURVE('',#2862,#2870,#2872,.T.);
#2870 = VERTEX_POINT('',#2871);
#2871 = CARTESIAN_POINT('',(9.607203267016,158.,570.57990771678));
#2872 = CIRCLE('',#2873,30.);
#2873 = AXIS2_PLACEMENT_3D('',#2874,#2875,#2876);
#2874 = CARTESIAN_POINT('',(0.,158.,599.));
#2875 = DIRECTION('',(0.,1.,0.));
#2876 = DIRECTION('',(0.,0.,1.));
#2877 = ORIENTED_EDGE('',*,*,#2878,.F.);
#2878 = EDGE_CURVE('',#2854,#2870,#2879,.T.);
#2879 = LINE('',#2880,#2881);
#2880 = CARTESIAN_POINT('',(-0.317025335562,158.,594.53911500522));
#2881 = VECTOR('',#2882,1.);
#2882 = DIRECTION('',(-0.382683432365,0.,0.923879532511));
#2883 = FACE_BOUND('',#2884,.T.);
#2884 = EDGE_LOOP('',(#2885));
#2885 = ORIENTED_EDGE('',*,*,#2886,.F.);
#2886 = EDGE_CURVE('',#2887,#2887,#2889,.T.);
#2887 = VERTEX_POINT('',#2888);
#2888 = CARTESIAN_POINT('',(-1.469576158977E-15,158.,605.));
#2889 = CIRCLE('',#2890,6.);
#2890 = AXIS2_PLACEMENT_3D('',#2891,#2892,#2893);
#2891 = CARTESIAN_POINT('',(0.,158.,599.));
#2892 = DIRECTION('',(0.,1.,0.));
#2893 = DIRECTION('',(0.,0.,1.));
#2894 = FACE_BOUND('',#2895,.T.);
#2895 = EDGE_LOOP('',(#2896));
#2896 = ORIENTED_EDGE('',*,*,#2897,.T.);
#2897 = EDGE_CURVE('',#2898,#2898,#2900,.T.);
#2898 = VERTEX_POINT('',#2899);
#2899 = CARTESIAN_POINT('',(25.5,158.,594.15));
#2900 = CIRCLE('',#2901,4.85);
#2901 = AXIS2_PLACEMENT_3D('',#2902,#2903,#2904);
#2902 = CARTESIAN_POINT('',(25.5,158.,599.));
#2903 = DIRECTION('',(0.,-1.,0.));
#2904 = DIRECTION('',(0.,0.,-1.));
#2905 = FACE_BOUND('',#2906,.T.);
#2906 = EDGE_LOOP('',(#2907,#2917,#2925,#2934));
#2907 = ORIENTED_EDGE('',*,*,#2908,.F.);
#2908 = EDGE_CURVE('',#2909,#2911,#2913,.T.);
#2909 = VERTEX_POINT('',#2910);
#2910 = CARTESIAN_POINT('',(45.111584425272,158.,582.47895431149));
#2911 = VERTEX_POINT('',#2912);
#2912 = CARTESIAN_POINT('',(43.580850695812,158.,578.78343618145));
#2913 = LINE('',#2914,#2915);
#2914 = CARTESIAN_POINT('',(44.728900992907,158.,581.55507477898));
#2915 = VECTOR('',#2916,1.);
#2916 = DIRECTION('',(-0.382683432365,0.,-0.923879532511));
#2917 = ORIENTED_EDGE('',*,*,#2918,.T.);
#2918 = EDGE_CURVE('',#2909,#2919,#2921,.T.);
#2919 = VERTEX_POINT('',#2920);
#2920 = CARTESIAN_POINT('',(28.420092283211,158.,589.39279673298));
#2921 = LINE('',#2922,#2923);
#2922 = CARTESIAN_POINT('',(4.460884994775,158.,599.31702533556));
#2923 = VECTOR('',#2924,1.);
#2924 = DIRECTION('',(-0.923879532511,0.,0.382683432365));
#2925 = ORIENTED_EDGE('',*,*,#2926,.T.);
#2926 = EDGE_CURVE('',#2919,#2927,#2929,.T.);
#2927 = VERTEX_POINT('',#2928);
#2928 = CARTESIAN_POINT('',(26.889358553751,158.,585.69727860293));
#2929 = CIRCLE('',#2930,30.);
#2930 = AXIS2_PLACEMENT_3D('',#2931,#2932,#2933);
#2931 = CARTESIAN_POINT('',(0.,158.,599.));
#2932 = DIRECTION('',(0.,1.,0.));
#2933 = DIRECTION('',(0.,0.,1.));
#2934 = ORIENTED_EDGE('',*,*,#2935,.F.);
#2935 = EDGE_CURVE('',#2911,#2927,#2936,.T.);
#2936 = LINE('',#2937,#2938);
#2937 = CARTESIAN_POINT('',(2.930151265315,158.,595.62150720551));
#2938 = VECTOR('',#2939,1.);
#2939 = DIRECTION('',(-0.923879532511,0.,0.382683432365));
#2940 = FACE_BOUND('',#2941,.T.);
#2941 = EDGE_LOOP('',(#2942));
#2942 = ORIENTED_EDGE('',*,*,#2943,.T.);
#2943 = EDGE_CURVE('',#2944,#2944,#2946,.T.);
#2944 = VERTEX_POINT('',#2945);
#2945 = CARTESIAN_POINT('',(3.735172737399E-16,158.,619.65));
#2946 = CIRCLE('',#2947,4.85);
#2947 = AXIS2_PLACEMENT_3D('',#2948,#2949,#2950);
#2948 = CARTESIAN_POINT('',(1.561424668913E-15,158.,624.5));
#2949 = DIRECTION('',(0.,-1.,0.));
#2950 = DIRECTION('',(0.,0.,-1.));
#2951 = FACE_BOUND('',#2952,.T.);
#2952 = EDGE_LOOP('',(#2953,#2963,#2971,#2980));
#2953 = ORIENTED_EDGE('',*,*,#2954,.F.);
#2954 = EDGE_CURVE('',#2955,#2957,#2959,.T.);
#2955 = VERTEX_POINT('',#2956);
#2956 = CARTESIAN_POINT('',(16.521045688502,158.,644.11158442527));
#2957 = VERTEX_POINT('',#2958);
#2958 = CARTESIAN_POINT('',(20.216563818547,158.,642.58085069581));
#2959 = LINE('',#2960,#2961);
#2960 = CARTESIAN_POINT('',(17.444925221013,158.,643.7289009929));
#2961 = VECTOR('',#2962,1.);
#2962 = DIRECTION('',(0.923879532511,0.,-0.382683432365));
#2963 = ORIENTED_EDGE('',*,*,#2964,.T.);
#2964 = EDGE_CURVE('',#2955,#2965,#2967,.T.);
#2965 = VERTEX_POINT('',#2966);
#2966 = CARTESIAN_POINT('',(9.607203267016,158.,627.42009228321));
#2967 = LINE('',#2968,#2969);
#2968 = CARTESIAN_POINT('',(-0.317025335562,158.,603.46088499477));
#2969 = VECTOR('',#2970,1.);
#2970 = DIRECTION('',(-0.382683432365,0.,-0.923879532511));
#2971 = ORIENTED_EDGE('',*,*,#2972,.T.);
#2972 = EDGE_CURVE('',#2965,#2973,#2975,.T.);
#2973 = VERTEX_POINT('',#2974);
#2974 = CARTESIAN_POINT('',(13.302721397061,158.,625.88935855375));
#2975 = CIRCLE('',#2976,30.);
#2976 = AXIS2_PLACEMENT_3D('',#2977,#2978,#2979);
#2977 = CARTESIAN_POINT('',(0.,158.,599.));
#2978 = DIRECTION('',(0.,1.,0.));
#2979 = DIRECTION('',(0.,0.,1.));
#2980 = ORIENTED_EDGE('',*,*,#2981,.F.);
#2981 = EDGE_CURVE('',#2957,#2973,#2982,.T.);
#2982 = LINE('',#2983,#2984);
#2983 = CARTESIAN_POINT('',(3.378492794483,158.,601.93015126531));
#2984 = VECTOR('',#2985,1.);
#2985 = DIRECTION('',(-0.382683432365,0.,-0.923879532511));
#2986 = FACE_BOUND('',#2987,.T.);
#2987 = EDGE_LOOP('',(#2988,#2998,#3006,#3015));
#2988 = ORIENTED_EDGE('',*,*,#2989,.F.);
#2989 = EDGE_CURVE('',#2990,#2992,#2994,.T.);
#2990 = VERTEX_POINT('',#2991);
#2991 = CARTESIAN_POINT('',(43.580850695812,158.,619.21656381854));
#2992 = VERTEX_POINT('',#2993);
#2993 = CARTESIAN_POINT('',(45.111584425272,158.,615.5210456885));
#2994 = LINE('',#2995,#2996);
#2995 = CARTESIAN_POINT('',(43.963534128177,158.,618.29268428603));
#2996 = VECTOR('',#2997,1.);
#2997 = DIRECTION('',(0.382683432365,0.,-0.923879532511));
#2998 = ORIENTED_EDGE('',*,*,#2999,.T.);
#2999 = EDGE_CURVE('',#2990,#3000,#3002,.T.);
#3000 = VERTEX_POINT('',#3001);
#3001 = CARTESIAN_POINT('',(26.889358553751,158.,612.30272139706));
#3002 = LINE('',#3003,#3004);
#3003 = CARTESIAN_POINT('',(2.930151265315,158.,602.37849279448));
#3004 = VECTOR('',#3005,1.);
#3005 = DIRECTION('',(-0.923879532511,0.,-0.382683432365));
#3006 = ORIENTED_EDGE('',*,*,#3007,.T.);
#3007 = EDGE_CURVE('',#3000,#3008,#3010,.T.);
#3008 = VERTEX_POINT('',#3009);
#3009 = CARTESIAN_POINT('',(28.420092283211,158.,608.60720326701));
#3010 = CIRCLE('',#3011,30.);
#3011 = AXIS2_PLACEMENT_3D('',#3012,#3013,#3014);
#3012 = CARTESIAN_POINT('',(0.,158.,599.));
#3013 = DIRECTION('',(0.,1.,0.));
#3014 = DIRECTION('',(0.,0.,1.));
#3015 = ORIENTED_EDGE('',*,*,#3016,.F.);
#3016 = EDGE_CURVE('',#2992,#3008,#3017,.T.);
#3017 = LINE('',#3018,#3019);
#3018 = CARTESIAN_POINT('',(4.460884994775,158.,598.68297466443));
#3019 = VECTOR('',#3020,1.);
#3020 = DIRECTION('',(-0.923879532511,0.,-0.382683432365));
#3021 = PLANE('',#3022);
#3022 = AXIS2_PLACEMENT_3D('',#3023,#3024,#3025);
#3023 = CARTESIAN_POINT('',(0.,158.,599.));
#3024 = DIRECTION('',(0.,1.,0.));
#3025 = DIRECTION('',(0.,0.,1.));
#3026 = ADVANCED_FACE('',(#3027),#3033,.T.);
#3027 = FACE_BOUND('',#3028,.T.);
#3028 = EDGE_LOOP('',(#3029,#3030,#3031,#3032));
#3029 = ORIENTED_EDGE('',*,*,#2592,.F.);
#3030 = ORIENTED_EDGE('',*,*,#1708,.T.);
#3031 = ORIENTED_EDGE('',*,*,#1514,.T.);
#3032 = ORIENTED_EDGE('',*,*,#2681,.F.);
#3033 = PLANE('',#3034);
#3034 = AXIS2_PLACEMENT_3D('',#3035,#3036,#3037);
#3035 = CARTESIAN_POINT('',(-3.5,149.,633.));
#3036 = DIRECTION('',(0.,0.,1.));
#3037 = DIRECTION('',(1.,0.,0.));
#3038 = ADVANCED_FACE('',(#3039),#3045,.T.);
#3039 = FACE_BOUND('',#3040,.T.);
#3040 = EDGE_LOOP('',(#3041,#3042,#3043,#3044));
#3041 = ORIENTED_EDGE('',*,*,#2065,.F.);
#3042 = ORIENTED_EDGE('',*,*,#1547,.T.);
#3043 = ORIENTED_EDGE('',*,*,#2110,.T.);
#3044 = ORIENTED_EDGE('',*,*,#2618,.F.);
#3045 = PLANE('',#3046);
#3046 = AXIS2_PLACEMENT_3D('',#3047,#3048,#3049);
#3047 = CARTESIAN_POINT('',(21.56675682619,149.,625.51650429449));
#3048 = DIRECTION('',(0.707106781187,0.,0.707106781187));
#3049 = DIRECTION('',(0.707106781187,0.,-0.707106781187));
#3050 = ADVANCED_FACE('',(#3051),#3057,.T.);
#3051 = FACE_BOUND('',#3052,.T.);
#3052 = EDGE_LOOP('',(#3053,#3054,#3055,#3056));
#3053 = ORIENTED_EDGE('',*,*,#2521,.F.);
#3054 = ORIENTED_EDGE('',*,*,#1685,.T.);
#3055 = ORIENTED_EDGE('',*,*,#2566,.T.);
#3056 = ORIENTED_EDGE('',*,*,#2672,.F.);
#3057 = PLANE('',#3058);
#3058 = AXIS2_PLACEMENT_3D('',#3059,#3060,#3061);
#3059 = CARTESIAN_POINT('',(-26.51650429449,149.,620.56675682619));
#3060 = DIRECTION('',(-0.707106781187,0.,0.707106781187));
#3061 = DIRECTION('',(0.707106781187,0.,0.707106781187));
#3062 = ADVANCED_FACE('',(#3063),#3069,.T.);
#3063 = FACE_BOUND('',#3064,.T.);
#3064 = EDGE_LOOP('',(#3065,#3066,#3067,#3068));
#3065 = ORIENTED_EDGE('',*,*,#2141,.F.);
#3066 = ORIENTED_EDGE('',*,*,#1570,.T.);
#3067 = ORIENTED_EDGE('',*,*,#2186,.T.);
#3068 = ORIENTED_EDGE('',*,*,#2627,.F.);
#3069 = PLANE('',#3070);
#3070 = AXIS2_PLACEMENT_3D('',#3071,#3072,#3073);
#3071 = CARTESIAN_POINT('',(34.,149.,602.5));
#3072 = DIRECTION('',(1.,0.,1.110223024625E-16));
#3073 = DIRECTION('',(1.110223024625E-16,0.,-1.));
#3074 = ADVANCED_FACE('',(#3075),#3081,.T.);
#3075 = FACE_BOUND('',#3076,.T.);
#3076 = EDGE_LOOP('',(#3077,#3078,#3079,#3080));
#3077 = ORIENTED_EDGE('',*,*,#2445,.F.);
#3078 = ORIENTED_EDGE('',*,*,#1662,.T.);
#3079 = ORIENTED_EDGE('',*,*,#2490,.T.);
#3080 = ORIENTED_EDGE('',*,*,#2663,.F.);
#3081 = PLANE('',#3082);
#3082 = AXIS2_PLACEMENT_3D('',#3083,#3084,#3085);
#3083 = CARTESIAN_POINT('',(-34.,149.,595.5));
#3084 = DIRECTION('',(-1.,0.,-2.22044604925E-16));
#3085 = DIRECTION('',(-2.22044604925E-16,0.,1.));
#3086 = ADVANCED_FACE('',(#3087),#3093,.T.);
#3087 = FACE_BOUND('',#3088,.T.);
#3088 = EDGE_LOOP('',(#3089,#3090,#3091,#3092));
#3089 = ORIENTED_EDGE('',*,*,#2217,.F.);
#3090 = ORIENTED_EDGE('',*,*,#1593,.T.);
#3091 = ORIENTED_EDGE('',*,*,#2262,.T.);
#3092 = ORIENTED_EDGE('',*,*,#2636,.F.);
#3093 = PLANE('',#3094);
#3094 = AXIS2_PLACEMENT_3D('',#3095,#3096,#3097);
#3095 = CARTESIAN_POINT('',(26.516504294496,149.,577.43324317381));
#3096 = DIRECTION('',(0.707106781187,0.,-0.707106781187));
#3097 = DIRECTION('',(-0.707106781187,0.,-0.707106781187));
#3098 = ADVANCED_FACE('',(#3099),#3105,.T.);
#3099 = FACE_BOUND('',#3100,.T.);
#3100 = EDGE_LOOP('',(#3101,#3102,#3103,#3104));
#3101 = ORIENTED_EDGE('',*,*,#2369,.F.);
#3102 = ORIENTED_EDGE('',*,*,#1639,.T.);
#3103 = ORIENTED_EDGE('',*,*,#2414,.T.);
#3104 = ORIENTED_EDGE('',*,*,#2654,.F.);
#3105 = PLANE('',#3106);
#3106 = AXIS2_PLACEMENT_3D('',#3107,#3108,#3109);
#3107 = CARTESIAN_POINT('',(-21.56675682619,149.,572.4834957055));
#3108 = DIRECTION('',(-0.707106781187,0.,-0.707106781187));
#3109 = DIRECTION('',(-0.707106781187,0.,0.707106781187));
#3110 = ADVANCED_FACE('',(#3111),#3117,.T.);
#3111 = FACE_BOUND('',#3112,.T.);
#3112 = EDGE_LOOP('',(#3113,#3114,#3115,#3116));
#3113 = ORIENTED_EDGE('',*,*,#2293,.F.);
#3114 = ORIENTED_EDGE('',*,*,#1616,.T.);
#3115 = ORIENTED_EDGE('',*,*,#2338,.T.);
#3116 = ORIENTED_EDGE('',*,*,#2645,.F.);
#3117 = PLANE('',#3118);
#3118 = AXIS2_PLACEMENT_3D('',#3119,#3120,#3121);
#3119 = CARTESIAN_POINT('',(3.5,149.,565.));
#3120 = DIRECTION('',(1.224646799147E-16,0.,-1.));
#3121 = DIRECTION('',(-1.,0.,-1.224646799147E-16));
#3122 = ADVANCED_FACE('',(#3123),#3139,.F.);
#3123 = FACE_BOUND('',#3124,.F.);
#3124 = EDGE_LOOP('',(#3125,#3131,#3132,#3138));
#3125 = ORIENTED_EDGE('',*,*,#3126,.F.);
#3126 = EDGE_CURVE('',#1717,#2690,#3127,.T.);
#3127 = LINE('',#3128,#3129);
#3128 = CARTESIAN_POINT('',(-43.58085069581,149.,578.78343618145));
#3129 = VECTOR('',#3130,1.);
#3130 = DIRECTION('',(0.,1.,0.));
#3131 = ORIENTED_EDGE('',*,*,#1716,.T.);
#3132 = ORIENTED_EDGE('',*,*,#3133,.T.);
#3133 = EDGE_CURVE('',#1719,#2692,#3134,.T.);
#3134 = LINE('',#3135,#3136);
#3135 = CARTESIAN_POINT('',(-45.11158442527,149.,582.47895431149));
#3136 = VECTOR('',#3137,1.);
#3137 = DIRECTION('',(0.,1.,0.));
#3138 = ORIENTED_EDGE('',*,*,#2689,.F.);
#3139 = PLANE('',#3140);
#3140 = AXIS2_PLACEMENT_3D('',#3141,#3142,#3143);
#3141 = CARTESIAN_POINT('',(-43.58085069581,149.,578.78343618145));
#3142 = DIRECTION('',(-0.923879532511,0.,-0.382683432365));
#3143 = DIRECTION('',(-0.382683432365,0.,0.923879532511));
#3144 = ADVANCED_FACE('',(#3145),#3156,.T.);
#3145 = FACE_BOUND('',#3146,.T.);
#3146 = EDGE_LOOP('',(#3147,#3148,#3154,#3155));
#3147 = ORIENTED_EDGE('',*,*,#1726,.T.);
#3148 = ORIENTED_EDGE('',*,*,#3149,.T.);
#3149 = EDGE_CURVE('',#1727,#2700,#3150,.T.);
#3150 = LINE('',#3151,#3152);
#3151 = CARTESIAN_POINT('',(-26.88935855375,149.,585.69727860293));
#3152 = VECTOR('',#3153,1.);
#3153 = DIRECTION('',(0.,1.,0.));
#3154 = ORIENTED_EDGE('',*,*,#2699,.F.);
#3155 = ORIENTED_EDGE('',*,*,#3126,.F.);
#3156 = PLANE('',#3157);
#3157 = AXIS2_PLACEMENT_3D('',#3158,#3159,#3160);
#3158 = CARTESIAN_POINT('',(-6.62566939536,149.,594.09077347605));
#3159 = DIRECTION('',(-0.382683432365,0.,0.923879532511));
#3160 = DIRECTION('',(-0.923879532511,0.,-0.382683432365));
#3161 = ADVANCED_FACE('',(#3162),#3173,.F.);
#3162 = FACE_BOUND('',#3163,.F.);
#3163 = EDGE_LOOP('',(#3164,#3165,#3171,#3172));
#3164 = ORIENTED_EDGE('',*,*,#1743,.T.);
#3165 = ORIENTED_EDGE('',*,*,#3166,.T.);
#3166 = EDGE_CURVE('',#1735,#2708,#3167,.T.);
#3167 = LINE('',#3168,#3169);
#3168 = CARTESIAN_POINT('',(-28.42009228321,149.,589.39279673298));
#3169 = VECTOR('',#3170,1.);
#3170 = DIRECTION('',(0.,1.,0.));
#3171 = ORIENTED_EDGE('',*,*,#2716,.F.);
#3172 = ORIENTED_EDGE('',*,*,#3133,.F.);
#3173 = PLANE('',#3174);
#3174 = AXIS2_PLACEMENT_3D('',#3175,#3176,#3177);
#3175 = CARTESIAN_POINT('',(-8.15640312482,149.,597.7862916061));
#3176 = DIRECTION('',(-0.382683432365,0.,0.923879532511));
#3177 = DIRECTION('',(-0.923879532511,0.,-0.382683432365));
#3178 = ADVANCED_FACE('',(#3179),#3185,.T.);
#3179 = FACE_BOUND('',#3180,.T.);
#3180 = EDGE_LOOP('',(#3181,#3182,#3183,#3184));
#3181 = ORIENTED_EDGE('',*,*,#3149,.F.);
#3182 = ORIENTED_EDGE('',*,*,#1734,.T.);
#3183 = ORIENTED_EDGE('',*,*,#3166,.T.);
#3184 = ORIENTED_EDGE('',*,*,#2707,.F.);
#3185 = CYLINDRICAL_SURFACE('',#3186,30.);
#3186 = AXIS2_PLACEMENT_3D('',#3187,#3188,#3189);
#3187 = CARTESIAN_POINT('',(0.,149.,599.));
#3188 = DIRECTION('',(0.,1.,0.));
#3189 = DIRECTION('',(0.,0.,1.));
#3190 = ADVANCED_FACE('',(#3191),#3210,.F.);
#3191 = FACE_BOUND('',#3192,.F.);
#3192 = EDGE_LOOP('',(#3193,#3201,#3202,#3203));
#3193 = ORIENTED_EDGE('',*,*,#3194,.T.);
#3194 = EDGE_CURVE('',#3195,#1752,#3197,.T.);
#3195 = VERTEX_POINT('',#3196);
#3196 = CARTESIAN_POINT('',(-25.5,152.49,596.25));
#3197 = LINE('',#3198,#3199);
#3198 = CARTESIAN_POINT('',(-25.5,152.51,596.25));
#3199 = VECTOR('',#3200,1.);
#3200 = DIRECTION('',(0.,-1.,0.));
#3201 = ORIENTED_EDGE('',*,*,#1751,.F.);
#3202 = ORIENTED_EDGE('',*,*,#3194,.F.);
#3203 = ORIENTED_EDGE('',*,*,#3204,.T.);
#3204 = EDGE_CURVE('',#3195,#3195,#3205,.T.);
#3205 = CIRCLE('',#3206,2.75);
#3206 = AXIS2_PLACEMENT_3D('',#3207,#3208,#3209);
#3207 = CARTESIAN_POINT('',(-25.5,152.49,599.));
#3208 = DIRECTION('',(0.,-1.,0.));
#3209 = DIRECTION('',(0.,0.,-1.));
#3210 = CYLINDRICAL_SURFACE('',#3211,2.75);
#3211 = AXIS2_PLACEMENT_3D('',#3212,#3213,#3214);
#3212 = CARTESIAN_POINT('',(-25.5,152.51,599.));
#3213 = DIRECTION('',(0.,-1.,0.));
#3214 = DIRECTION('',(0.,0.,-1.));
#3215 = ADVANCED_FACE('',(#3216),#3232,.F.);
#3216 = FACE_BOUND('',#3217,.F.);
#3217 = EDGE_LOOP('',(#3218,#3224,#3225,#3231));
#3218 = ORIENTED_EDGE('',*,*,#3219,.F.);
#3219 = EDGE_CURVE('',#1763,#2736,#3220,.T.);
#3220 = LINE('',#3221,#3222);
#3221 = CARTESIAN_POINT('',(-16.5210456885,149.,553.88841557472));
#3222 = VECTOR('',#3223,1.);
#3223 = DIRECTION('',(0.,1.,0.));
#3224 = ORIENTED_EDGE('',*,*,#1762,.T.);
#3225 = ORIENTED_EDGE('',*,*,#3226,.T.);
#3226 = EDGE_CURVE('',#1765,#2738,#3227,.T.);
#3227 = LINE('',#3228,#3229);
#3228 = CARTESIAN_POINT('',(-20.21656381854,149.,555.41914930418));
#3229 = VECTOR('',#3230,1.);
#3230 = DIRECTION('',(0.,1.,0.));
#3231 = ORIENTED_EDGE('',*,*,#2735,.F.);
#3232 = PLANE('',#3233);
#3233 = AXIS2_PLACEMENT_3D('',#3234,#3235,#3236);
#3234 = CARTESIAN_POINT('',(-16.5210456885,149.,553.88841557472));
#3235 = DIRECTION('',(-0.382683432365,0.,-0.923879532511));
#3236 = DIRECTION('',(-0.923879532511,0.,0.382683432365));
#3237 = ADVANCED_FACE('',(#3238),#3249,.T.);
#3238 = FACE_BOUND('',#3239,.T.);
#3239 = EDGE_LOOP('',(#3240,#3241,#3247,#3248));
#3240 = ORIENTED_EDGE('',*,*,#1772,.T.);
#3241 = ORIENTED_EDGE('',*,*,#3242,.T.);
#3242 = EDGE_CURVE('',#1773,#2746,#3243,.T.);
#3243 = LINE('',#3244,#3245);
#3244 = CARTESIAN_POINT('',(-9.607203267016,149.,570.57990771678));
#3245 = VECTOR('',#3246,1.);
#3246 = DIRECTION('',(0.,1.,0.));
#3247 = ORIENTED_EDGE('',*,*,#2745,.F.);
#3248 = ORIENTED_EDGE('',*,*,#3219,.F.);
#3249 = PLANE('',#3250);
#3250 = AXIS2_PLACEMENT_3D('',#3251,#3252,#3253);
#3251 = CARTESIAN_POINT('',(-1.213708393898,149.,590.84359687518));
#3252 = DIRECTION('',(-0.923879532511,0.,0.382683432365));
#3253 = DIRECTION('',(-0.382683432365,0.,-0.923879532511));
#3254 = ADVANCED_FACE('',(#3255),#3266,.F.);
#3255 = FACE_BOUND('',#3256,.F.);
#3256 = EDGE_LOOP('',(#3257,#3258,#3264,#3265));
#3257 = ORIENTED_EDGE('',*,*,#1789,.T.);
#3258 = ORIENTED_EDGE('',*,*,#3259,.T.);
#3259 = EDGE_CURVE('',#1781,#2754,#3260,.T.);
#3260 = LINE('',#3261,#3262);
#3261 = CARTESIAN_POINT('',(-13.30272139706,149.,572.11064144624));
#3262 = VECTOR('',#3263,1.);
#3263 = DIRECTION('',(0.,1.,0.));
#3264 = ORIENTED_EDGE('',*,*,#2762,.F.);
#3265 = ORIENTED_EDGE('',*,*,#3226,.F.);
#3266 = PLANE('',#3267);
#3267 = AXIS2_PLACEMENT_3D('',#3268,#3269,#3270);
#3268 = CARTESIAN_POINT('',(-4.909226523943,149.,592.37433060464));
#3269 = DIRECTION('',(-0.923879532511,0.,0.382683432365));
#3270 = DIRECTION('',(-0.382683432365,0.,-0.923879532511));
#3271 = ADVANCED_FACE('',(#3272),#3278,.T.);
#3272 = FACE_BOUND('',#3273,.T.);
#3273 = EDGE_LOOP('',(#3274,#3275,#3276,#3277));
#3274 = ORIENTED_EDGE('',*,*,#3242,.F.);
#3275 = ORIENTED_EDGE('',*,*,#1780,.T.);
#3276 = ORIENTED_EDGE('',*,*,#3259,.T.);
#3277 = ORIENTED_EDGE('',*,*,#2753,.F.);
#3278 = CYLINDRICAL_SURFACE('',#3279,30.);
#3279 = AXIS2_PLACEMENT_3D('',#3280,#3281,#3282);
#3280 = CARTESIAN_POINT('',(0.,149.,599.));
#3281 = DIRECTION('',(0.,1.,0.));
#3282 = DIRECTION('',(0.,0.,1.));
#3283 = ADVANCED_FACE('',(#3284),#3300,.F.);
#3284 = FACE_BOUND('',#3285,.F.);
#3285 = EDGE_LOOP('',(#3286,#3292,#3293,#3299));
#3286 = ORIENTED_EDGE('',*,*,#3287,.F.);
#3287 = EDGE_CURVE('',#1798,#2771,#3288,.T.);
#3288 = LINE('',#3289,#3290);
#3289 = CARTESIAN_POINT('',(-45.11158442527,149.,615.5210456885));
#3290 = VECTOR('',#3291,1.);
#3291 = DIRECTION('',(0.,1.,0.));
#3292 = ORIENTED_EDGE('',*,*,#1797,.T.);
#3293 = ORIENTED_EDGE('',*,*,#3294,.T.);
#3294 = EDGE_CURVE('',#1800,#2773,#3295,.T.);
#3295 = LINE('',#3296,#3297);
#3296 = CARTESIAN_POINT('',(-43.58085069581,149.,619.21656381854));
#3297 = VECTOR('',#3298,1.);
#3298 = DIRECTION('',(0.,1.,0.));
#3299 = ORIENTED_EDGE('',*,*,#2770,.F.);
#3300 = PLANE('',#3301);
#3301 = AXIS2_PLACEMENT_3D('',#3302,#3303,#3304);
#3302 = CARTESIAN_POINT('',(-45.11158442527,149.,615.5210456885));
#3303 = DIRECTION('',(-0.923879532511,0.,0.382683432365));
#3304 = DIRECTION('',(0.382683432365,0.,0.923879532511));
#3305 = ADVANCED_FACE('',(#3306),#3317,.T.);
#3306 = FACE_BOUND('',#3307,.T.);
#3307 = EDGE_LOOP('',(#3308,#3309,#3315,#3316));
#3308 = ORIENTED_EDGE('',*,*,#1807,.T.);
#3309 = ORIENTED_EDGE('',*,*,#3310,.T.);
#3310 = EDGE_CURVE('',#1808,#2781,#3311,.T.);
#3311 = LINE('',#3312,#3313);
#3312 = CARTESIAN_POINT('',(-28.42009228321,149.,608.60720326701));
#3313 = VECTOR('',#3314,1.);
#3314 = DIRECTION('',(0.,1.,0.));
#3315 = ORIENTED_EDGE('',*,*,#2780,.F.);
#3316 = ORIENTED_EDGE('',*,*,#3287,.F.);
#3317 = PLANE('',#3318);
#3318 = AXIS2_PLACEMENT_3D('',#3319,#3320,#3321);
#3319 = CARTESIAN_POINT('',(-8.15640312482,149.,600.21370839389));
#3320 = DIRECTION('',(0.382683432365,0.,0.923879532511));
#3321 = DIRECTION('',(-0.923879532511,0.,0.382683432365));
#3322 = ADVANCED_FACE('',(#3323),#3334,.F.);
#3323 = FACE_BOUND('',#3324,.F.);
#3324 = EDGE_LOOP('',(#3325,#3326,#3332,#3333));
#3325 = ORIENTED_EDGE('',*,*,#1824,.T.);
#3326 = ORIENTED_EDGE('',*,*,#3327,.T.);
#3327 = EDGE_CURVE('',#1816,#2789,#3328,.T.);
#3328 = LINE('',#3329,#3330);
#3329 = CARTESIAN_POINT('',(-26.88935855375,149.,612.30272139706));
#3330 = VECTOR('',#3331,1.);
#3331 = DIRECTION('',(0.,1.,0.));
#3332 = ORIENTED_EDGE('',*,*,#2797,.F.);
#3333 = ORIENTED_EDGE('',*,*,#3294,.F.);
#3334 = PLANE('',#3335);
#3335 = AXIS2_PLACEMENT_3D('',#3336,#3337,#3338);
#3336 = CARTESIAN_POINT('',(-6.62566939536,149.,603.90922652394));
#3337 = DIRECTION('',(0.382683432365,0.,0.923879532511));
#3338 = DIRECTION('',(-0.923879532511,0.,0.382683432365));
#3339 = ADVANCED_FACE('',(#3340),#3346,.T.);
#3340 = FACE_BOUND('',#3341,.T.);
#3341 = EDGE_LOOP('',(#3342,#3343,#3344,#3345));
#3342 = ORIENTED_EDGE('',*,*,#3310,.F.);
#3343 = ORIENTED_EDGE('',*,*,#1815,.T.);
#3344 = ORIENTED_EDGE('',*,*,#3327,.T.);
#3345 = ORIENTED_EDGE('',*,*,#2788,.F.);
#3346 = CYLINDRICAL_SURFACE('',#3347,30.);
#3347 = AXIS2_PLACEMENT_3D('',#3348,#3349,#3350);
#3348 = CARTESIAN_POINT('',(0.,149.,599.));
#3349 = DIRECTION('',(0.,1.,0.));
#3350 = DIRECTION('',(0.,0.,1.));
#3351 = ADVANCED_FACE('',(#3352),#3368,.F.);
#3352 = FACE_BOUND('',#3353,.F.);
#3353 = EDGE_LOOP('',(#3354,#3360,#3361,#3367));
#3354 = ORIENTED_EDGE('',*,*,#3355,.F.);
#3355 = EDGE_CURVE('',#1833,#2806,#3356,.T.);
#3356 = LINE('',#3357,#3358);
#3357 = CARTESIAN_POINT('',(-20.21656381854,149.,642.58085069581));
#3358 = VECTOR('',#3359,1.);
#3359 = DIRECTION('',(0.,1.,0.));
#3360 = ORIENTED_EDGE('',*,*,#1832,.T.);
#3361 = ORIENTED_EDGE('',*,*,#3362,.T.);
#3362 = EDGE_CURVE('',#1835,#2808,#3363,.T.);
#3363 = LINE('',#3364,#3365);
#3364 = CARTESIAN_POINT('',(-16.5210456885,149.,644.11158442527));
#3365 = VECTOR('',#3366,1.);
#3366 = DIRECTION('',(0.,1.,0.));
#3367 = ORIENTED_EDGE('',*,*,#2805,.F.);
#3368 = PLANE('',#3369);
#3369 = AXIS2_PLACEMENT_3D('',#3370,#3371,#3372);
#3370 = CARTESIAN_POINT('',(-20.21656381854,149.,642.58085069581));
#3371 = DIRECTION('',(-0.382683432365,0.,0.923879532511));
#3372 = DIRECTION('',(0.923879532511,0.,0.382683432365));
#3373 = ADVANCED_FACE('',(#3374),#3385,.T.);
#3374 = FACE_BOUND('',#3375,.T.);
#3375 = EDGE_LOOP('',(#3376,#3377,#3383,#3384));
#3376 = ORIENTED_EDGE('',*,*,#1842,.T.);
#3377 = ORIENTED_EDGE('',*,*,#3378,.T.);
#3378 = EDGE_CURVE('',#1843,#2816,#3379,.T.);
#3379 = LINE('',#3380,#3381);
#3380 = CARTESIAN_POINT('',(-13.30272139706,149.,625.88935855375));
#3381 = VECTOR('',#3382,1.);
#3382 = DIRECTION('',(0.,1.,0.));
#3383 = ORIENTED_EDGE('',*,*,#2815,.F.);
#3384 = ORIENTED_EDGE('',*,*,#3355,.F.);
#3385 = PLANE('',#3386);
#3386 = AXIS2_PLACEMENT_3D('',#3387,#3388,#3389);
#3387 = CARTESIAN_POINT('',(-4.909226523943,149.,605.62566939536));
#3388 = DIRECTION('',(0.923879532511,0.,0.382683432365));
#3389 = DIRECTION('',(-0.382683432365,0.,0.923879532511));
#3390 = ADVANCED_FACE('',(#3391),#3402,.F.);
#3391 = FACE_BOUND('',#3392,.F.);
#3392 = EDGE_LOOP('',(#3393,#3394,#3400,#3401));
#3393 = ORIENTED_EDGE('',*,*,#1859,.T.);
#3394 = ORIENTED_EDGE('',*,*,#3395,.T.);
#3395 = EDGE_CURVE('',#1851,#2824,#3396,.T.);
#3396 = LINE('',#3397,#3398);
#3397 = CARTESIAN_POINT('',(-9.607203267016,149.,627.42009228321));
#3398 = VECTOR('',#3399,1.);
#3399 = DIRECTION('',(0.,1.,0.));
#3400 = ORIENTED_EDGE('',*,*,#2832,.F.);
#3401 = ORIENTED_EDGE('',*,*,#3362,.F.);
#3402 = PLANE('',#3403);
#3403 = AXIS2_PLACEMENT_3D('',#3404,#3405,#3406);
#3404 = CARTESIAN_POINT('',(-1.213708393898,149.,607.15640312482));
#3405 = DIRECTION('',(0.923879532511,0.,0.382683432365));
#3406 = DIRECTION('',(-0.382683432365,0.,0.923879532511));
#3407 = ADVANCED_FACE('',(#3408),#3414,.T.);
#3408 = FACE_BOUND('',#3409,.T.);
#3409 = EDGE_LOOP('',(#3410,#3411,#3412,#3413));
#3410 = ORIENTED_EDGE('',*,*,#3378,.F.);
#3411 = ORIENTED_EDGE('',*,*,#1850,.T.);
#3412 = ORIENTED_EDGE('',*,*,#3395,.T.);
#3413 = ORIENTED_EDGE('',*,*,#2823,.F.);
#3414 = CYLINDRICAL_SURFACE('',#3415,30.);
#3415 = AXIS2_PLACEMENT_3D('',#3416,#3417,#3418);
#3416 = CARTESIAN_POINT('',(0.,149.,599.));
#3417 = DIRECTION('',(0.,1.,0.));
#3418 = DIRECTION('',(0.,0.,1.));
#3419 = ADVANCED_FACE('',(#3420),#3439,.F.);
#3420 = FACE_BOUND('',#3421,.F.);
#3421 = EDGE_LOOP('',(#3422,#3430,#3431,#3432));
#3422 = ORIENTED_EDGE('',*,*,#3423,.T.);
#3423 = EDGE_CURVE('',#3424,#1868,#3426,.T.);
#3424 = VERTEX_POINT('',#3425);
#3425 = CARTESIAN_POINT('',(-5.35782974627E-15,152.49,570.75));
#3426 = LINE('',#3427,#3428);
#3427 = CARTESIAN_POINT('',(-5.35782974627E-15,152.51,570.75));
#3428 = VECTOR('',#3429,1.);
#3429 = DIRECTION('',(0.,-1.,0.));
#3430 = ORIENTED_EDGE('',*,*,#1867,.F.);
#3431 = ORIENTED_EDGE('',*,*,#3423,.F.);
#3432 = ORIENTED_EDGE('',*,*,#3433,.T.);
#3433 = EDGE_CURVE('',#3424,#3424,#3434,.T.);
#3434 = CIRCLE('',#3435,2.75);
#3435 = AXIS2_PLACEMENT_3D('',#3436,#3437,#3438);
#3436 = CARTESIAN_POINT('',(-4.684274006739E-15,152.49,573.5));
#3437 = DIRECTION('',(0.,-1.,0.));
#3438 = DIRECTION('',(0.,0.,-1.));
#3439 = CYLINDRICAL_SURFACE('',#3440,2.75);
#3440 = AXIS2_PLACEMENT_3D('',#3441,#3442,#3443);
#3441 = CARTESIAN_POINT('',(-4.684274006739E-15,152.51,573.5));
#3442 = DIRECTION('',(0.,-1.,0.));
#3443 = DIRECTION('',(0.,0.,-1.));
#3444 = ADVANCED_FACE('',(#3445),#3461,.F.);
#3445 = FACE_BOUND('',#3446,.F.);
#3446 = EDGE_LOOP('',(#3447,#3453,#3454,#3460));
#3447 = ORIENTED_EDGE('',*,*,#3448,.F.);
#3448 = EDGE_CURVE('',#1879,#2852,#3449,.T.);
#3449 = LINE('',#3450,#3451);
#3450 = CARTESIAN_POINT('',(20.216563818547,149.,555.41914930418));
#3451 = VECTOR('',#3452,1.);
#3452 = DIRECTION('',(0.,1.,0.));
#3453 = ORIENTED_EDGE('',*,*,#1878,.T.);
#3454 = ORIENTED_EDGE('',*,*,#3455,.T.);
#3455 = EDGE_CURVE('',#1881,#2854,#3456,.T.);
#3456 = LINE('',#3457,#3458);
#3457 = CARTESIAN_POINT('',(16.521045688502,149.,553.88841557472));
#3458 = VECTOR('',#3459,1.);
#3459 = DIRECTION('',(0.,1.,0.));
#3460 = ORIENTED_EDGE('',*,*,#2851,.F.);
#3461 = PLANE('',#3462);
#3462 = AXIS2_PLACEMENT_3D('',#3463,#3464,#3465);
#3463 = CARTESIAN_POINT('',(20.216563818547,149.,555.41914930418));
#3464 = DIRECTION('',(0.382683432365,0.,-0.923879532511));
#3465 = DIRECTION('',(-0.923879532511,0.,-0.382683432365));
#3466 = ADVANCED_FACE('',(#3467),#3478,.T.);
#3467 = FACE_BOUND('',#3468,.T.);
#3468 = EDGE_LOOP('',(#3469,#3470,#3476,#3477));
#3469 = ORIENTED_EDGE('',*,*,#1888,.T.);
#3470 = ORIENTED_EDGE('',*,*,#3471,.T.);
#3471 = EDGE_CURVE('',#1889,#2862,#3472,.T.);
#3472 = LINE('',#3473,#3474);
#3473 = CARTESIAN_POINT('',(13.302721397061,149.,572.11064144624));
#3474 = VECTOR('',#3475,1.);
#3475 = DIRECTION('',(0.,1.,0.));
#3476 = ORIENTED_EDGE('',*,*,#2861,.F.);
#3477 = ORIENTED_EDGE('',*,*,#3448,.F.);
#3478 = PLANE('',#3479);
#3479 = AXIS2_PLACEMENT_3D('',#3480,#3481,#3482);
#3480 = CARTESIAN_POINT('',(4.909226523943,149.,592.37433060464));
#3481 = DIRECTION('',(-0.923879532511,0.,-0.382683432365));
#3482 = DIRECTION('',(0.382683432365,0.,-0.923879532511));
#3483 = ADVANCED_FACE('',(#3484),#3495,.F.);
#3484 = FACE_BOUND('',#3485,.F.);
#3485 = EDGE_LOOP('',(#3486,#3487,#3493,#3494));
#3486 = ORIENTED_EDGE('',*,*,#1905,.T.);
#3487 = ORIENTED_EDGE('',*,*,#3488,.T.);
#3488 = EDGE_CURVE('',#1897,#2870,#3489,.T.);
#3489 = LINE('',#3490,#3491);
#3490 = CARTESIAN_POINT('',(9.607203267016,149.,570.57990771678));
#3491 = VECTOR('',#3492,1.);
#3492 = DIRECTION('',(0.,1.,0.));
#3493 = ORIENTED_EDGE('',*,*,#2878,.F.);
#3494 = ORIENTED_EDGE('',*,*,#3455,.F.);
#3495 = PLANE('',#3496);
#3496 = AXIS2_PLACEMENT_3D('',#3497,#3498,#3499);
#3497 = CARTESIAN_POINT('',(1.213708393898,149.,590.84359687518));
#3498 = DIRECTION('',(-0.923879532511,0.,-0.382683432365));
#3499 = DIRECTION('',(0.382683432365,0.,-0.923879532511));
#3500 = ADVANCED_FACE('',(#3501),#3507,.T.);
#3501 = FACE_BOUND('',#3502,.T.);
#3502 = EDGE_LOOP('',(#3503,#3504,#3505,#3506));
#3503 = ORIENTED_EDGE('',*,*,#3471,.F.);
#3504 = ORIENTED_EDGE('',*,*,#1896,.T.);
#3505 = ORIENTED_EDGE('',*,*,#3488,.T.);
#3506 = ORIENTED_EDGE('',*,*,#2869,.F.);
#3507 = CYLINDRICAL_SURFACE('',#3508,30.);
#3508 = AXIS2_PLACEMENT_3D('',#3509,#3510,#3511);
#3509 = CARTESIAN_POINT('',(0.,149.,599.));
#3510 = DIRECTION('',(0.,1.,0.));
#3511 = DIRECTION('',(0.,0.,1.));
#3512 = ADVANCED_FACE('',(#3513),#3524,.F.);
#3513 = FACE_BOUND('',#3514,.F.);
#3514 = EDGE_LOOP('',(#3515,#3516,#3522,#3523));
#3515 = ORIENTED_EDGE('',*,*,#2886,.F.);
#3516 = ORIENTED_EDGE('',*,*,#3517,.F.);
#3517 = EDGE_CURVE('',#1914,#2887,#3518,.T.);
#3518 = LINE('',#3519,#3520);
#3519 = CARTESIAN_POINT('',(-1.469576158977E-15,149.,605.));
#3520 = VECTOR('',#3521,1.);
#3521 = DIRECTION('',(0.,1.,0.));
#3522 = ORIENTED_EDGE('',*,*,#1913,.T.);
#3523 = ORIENTED_EDGE('',*,*,#3517,.T.);
#3524 = CYLINDRICAL_SURFACE('',#3525,6.);
#3525 = AXIS2_PLACEMENT_3D('',#3526,#3527,#3528);
#3526 = CARTESIAN_POINT('',(0.,149.,599.));
#3527 = DIRECTION('',(0.,1.,0.));
#3528 = DIRECTION('',(0.,0.,1.));
#3529 = ADVANCED_FACE('',(#3530),#3549,.F.);
#3530 = FACE_BOUND('',#3531,.F.);
#3531 = EDGE_LOOP('',(#3532,#3540,#3541,#3542));
#3532 = ORIENTED_EDGE('',*,*,#3533,.T.);
#3533 = EDGE_CURVE('',#3534,#1925,#3536,.T.);
#3534 = VERTEX_POINT('',#3535);
#3535 = CARTESIAN_POINT('',(25.5,152.49,596.25));
#3536 = LINE('',#3537,#3538);
#3537 = CARTESIAN_POINT('',(25.5,152.51,596.25));
#3538 = VECTOR('',#3539,1.);
#3539 = DIRECTION('',(0.,-1.,0.));
#3540 = ORIENTED_EDGE('',*,*,#1924,.F.);
#3541 = ORIENTED_EDGE('',*,*,#3533,.F.);
#3542 = ORIENTED_EDGE('',*,*,#3543,.T.);
#3543 = EDGE_CURVE('',#3534,#3534,#3544,.T.);
#3544 = CIRCLE('',#3545,2.75);
#3545 = AXIS2_PLACEMENT_3D('',#3546,#3547,#3548);
#3546 = CARTESIAN_POINT('',(25.5,152.49,599.));
#3547 = DIRECTION('',(0.,-1.,0.));
#3548 = DIRECTION('',(0.,0.,-1.));
#3549 = CYLINDRICAL_SURFACE('',#3550,2.75);
#3550 = AXIS2_PLACEMENT_3D('',#3551,#3552,#3553);
#3551 = CARTESIAN_POINT('',(25.5,152.51,599.));
#3552 = DIRECTION('',(0.,-1.,0.));
#3553 = DIRECTION('',(0.,0.,-1.));
#3554 = ADVANCED_FACE('',(#3555),#3571,.F.);
#3555 = FACE_BOUND('',#3556,.F.);
#3556 = EDGE_LOOP('',(#3557,#3563,#3564,#3570));
#3557 = ORIENTED_EDGE('',*,*,#3558,.F.);
#3558 = EDGE_CURVE('',#1936,#2909,#3559,.T.);
#3559 = LINE('',#3560,#3561);
#3560 = CARTESIAN_POINT('',(45.111584425272,149.,582.47895431149));
#3561 = VECTOR('',#3562,1.);
#3562 = DIRECTION('',(0.,1.,0.));
#3563 = ORIENTED_EDGE('',*,*,#1935,.T.);
#3564 = ORIENTED_EDGE('',*,*,#3565,.T.);
#3565 = EDGE_CURVE('',#1938,#2911,#3566,.T.);
#3566 = LINE('',#3567,#3568);
#3567 = CARTESIAN_POINT('',(43.580850695812,149.,578.78343618145));
#3568 = VECTOR('',#3569,1.);
#3569 = DIRECTION('',(0.,1.,0.));
#3570 = ORIENTED_EDGE('',*,*,#2908,.F.);
#3571 = PLANE('',#3572);
#3572 = AXIS2_PLACEMENT_3D('',#3573,#3574,#3575);
#3573 = CARTESIAN_POINT('',(45.111584425272,149.,582.47895431149));
#3574 = DIRECTION('',(0.923879532511,0.,-0.382683432365));
#3575 = DIRECTION('',(-0.382683432365,0.,-0.923879532511));
#3576 = ADVANCED_FACE('',(#3577),#3588,.T.);
#3577 = FACE_BOUND('',#3578,.T.);
#3578 = EDGE_LOOP('',(#3579,#3580,#3586,#3587));
#3579 = ORIENTED_EDGE('',*,*,#1945,.T.);
#3580 = ORIENTED_EDGE('',*,*,#3581,.T.);
#3581 = EDGE_CURVE('',#1946,#2919,#3582,.T.);
#3582 = LINE('',#3583,#3584);
#3583 = CARTESIAN_POINT('',(28.420092283211,149.,589.39279673298));
#3584 = VECTOR('',#3585,1.);
#3585 = DIRECTION('',(0.,1.,0.));
#3586 = ORIENTED_EDGE('',*,*,#2918,.F.);
#3587 = ORIENTED_EDGE('',*,*,#3558,.F.);
#3588 = PLANE('',#3589);
#3589 = AXIS2_PLACEMENT_3D('',#3590,#3591,#3592);
#3590 = CARTESIAN_POINT('',(8.15640312482,149.,597.7862916061));
#3591 = DIRECTION('',(-0.382683432365,0.,-0.923879532511));
#3592 = DIRECTION('',(0.923879532511,0.,-0.382683432365));
#3593 = ADVANCED_FACE('',(#3594),#3605,.F.);
#3594 = FACE_BOUND('',#3595,.F.);
#3595 = EDGE_LOOP('',(#3596,#3597,#3603,#3604));
#3596 = ORIENTED_EDGE('',*,*,#1962,.T.);
#3597 = ORIENTED_EDGE('',*,*,#3598,.T.);
#3598 = EDGE_CURVE('',#1954,#2927,#3599,.T.);
#3599 = LINE('',#3600,#3601);
#3600 = CARTESIAN_POINT('',(26.889358553751,149.,585.69727860293));
#3601 = VECTOR('',#3602,1.);
#3602 = DIRECTION('',(0.,1.,0.));
#3603 = ORIENTED_EDGE('',*,*,#2935,.F.);
#3604 = ORIENTED_EDGE('',*,*,#3565,.F.);
#3605 = PLANE('',#3606);
#3606 = AXIS2_PLACEMENT_3D('',#3607,#3608,#3609);
#3607 = CARTESIAN_POINT('',(6.62566939536,149.,594.09077347605));
#3608 = DIRECTION('',(-0.382683432365,0.,-0.923879532511));
#3609 = DIRECTION('',(0.923879532511,0.,-0.382683432365));
#3610 = ADVANCED_FACE('',(#3611),#3617,.T.);
#3611 = FACE_BOUND('',#3612,.T.);
#3612 = EDGE_LOOP('',(#3613,#3614,#3615,#3616));
#3613 = ORIENTED_EDGE('',*,*,#3581,.F.);
#3614 = ORIENTED_EDGE('',*,*,#1953,.T.);
#3615 = ORIENTED_EDGE('',*,*,#3598,.T.);
#3616 = ORIENTED_EDGE('',*,*,#2926,.F.);
#3617 = CYLINDRICAL_SURFACE('',#3618,30.);
#3618 = AXIS2_PLACEMENT_3D('',#3619,#3620,#3621);
#3619 = CARTESIAN_POINT('',(0.,149.,599.));
#3620 = DIRECTION('',(0.,1.,0.));
#3621 = DIRECTION('',(0.,0.,1.));
#3622 = ADVANCED_FACE('',(#3623),#3642,.F.);
#3623 = FACE_BOUND('',#3624,.F.);
#3624 = EDGE_LOOP('',(#3625,#3633,#3634,#3635));
#3625 = ORIENTED_EDGE('',*,*,#3626,.T.);
#3626 = EDGE_CURVE('',#3627,#1971,#3629,.T.);
#3627 = VERTEX_POINT('',#3628);
#3628 = CARTESIAN_POINT('',(8.878689293818E-16,152.49,621.75));
#3629 = LINE('',#3630,#3631);
#3630 = CARTESIAN_POINT('',(8.878689293818E-16,152.51,621.75));
#3631 = VECTOR('',#3632,1.);
#3632 = DIRECTION('',(0.,-1.,0.));
#3633 = ORIENTED_EDGE('',*,*,#1970,.F.);
#3634 = ORIENTED_EDGE('',*,*,#3626,.F.);
#3635 = ORIENTED_EDGE('',*,*,#3636,.T.);
#3636 = EDGE_CURVE('',#3627,#3627,#3637,.T.);
#3637 = CIRCLE('',#3638,2.75);
#3638 = AXIS2_PLACEMENT_3D('',#3639,#3640,#3641);
#3639 = CARTESIAN_POINT('',(1.561424668913E-15,152.49,624.5));
#3640 = DIRECTION('',(0.,-1.,0.));
#3641 = DIRECTION('',(0.,0.,-1.));
#3642 = CYLINDRICAL_SURFACE('',#3643,2.75);
#3643 = AXIS2_PLACEMENT_3D('',#3644,#3645,#3646);
#3644 = CARTESIAN_POINT('',(1.561424668913E-15,152.51,624.5));
#3645 = DIRECTION('',(0.,-1.,0.));
#3646 = DIRECTION('',(0.,0.,-1.));
#3647 = ADVANCED_FACE('',(#3648),#3664,.F.);
#3648 = FACE_BOUND('',#3649,.F.);
#3649 = EDGE_LOOP('',(#3650,#3656,#3657,#3663));
#3650 = ORIENTED_EDGE('',*,*,#3651,.F.);
#3651 = EDGE_CURVE('',#1982,#2955,#3652,.T.);
#3652 = LINE('',#3653,#3654);
#3653 = CARTESIAN_POINT('',(16.521045688502,149.,644.11158442527));
#3654 = VECTOR('',#3655,1.);
#3655 = DIRECTION('',(0.,1.,0.));
#3656 = ORIENTED_EDGE('',*,*,#1981,.T.);
#3657 = ORIENTED_EDGE('',*,*,#3658,.T.);
#3658 = EDGE_CURVE('',#1984,#2957,#3659,.T.);
#3659 = LINE('',#3660,#3661);
#3660 = CARTESIAN_POINT('',(20.216563818547,149.,642.58085069581));
#3661 = VECTOR('',#3662,1.);
#3662 = DIRECTION('',(0.,1.,0.));
#3663 = ORIENTED_EDGE('',*,*,#2954,.F.);
#3664 = PLANE('',#3665);
#3665 = AXIS2_PLACEMENT_3D('',#3666,#3667,#3668);
#3666 = CARTESIAN_POINT('',(16.521045688502,149.,644.11158442527));
#3667 = DIRECTION('',(0.382683432365,0.,0.923879532511));
#3668 = DIRECTION('',(0.923879532511,0.,-0.382683432365));
#3669 = ADVANCED_FACE('',(#3670),#3681,.T.);
#3670 = FACE_BOUND('',#3671,.T.);
#3671 = EDGE_LOOP('',(#3672,#3673,#3679,#3680));
#3672 = ORIENTED_EDGE('',*,*,#1991,.T.);
#3673 = ORIENTED_EDGE('',*,*,#3674,.T.);
#3674 = EDGE_CURVE('',#1992,#2965,#3675,.T.);
#3675 = LINE('',#3676,#3677);
#3676 = CARTESIAN_POINT('',(9.607203267016,149.,627.42009228321));
#3677 = VECTOR('',#3678,1.);
#3678 = DIRECTION('',(0.,1.,0.));
#3679 = ORIENTED_EDGE('',*,*,#2964,.F.);
#3680 = ORIENTED_EDGE('',*,*,#3651,.F.);
#3681 = PLANE('',#3682);
#3682 = AXIS2_PLACEMENT_3D('',#3683,#3684,#3685);
#3683 = CARTESIAN_POINT('',(1.213708393898,149.,607.15640312482));
#3684 = DIRECTION('',(0.923879532511,0.,-0.382683432365));
#3685 = DIRECTION('',(0.382683432365,0.,0.923879532511));
#3686 = ADVANCED_FACE('',(#3687),#3698,.F.);
#3687 = FACE_BOUND('',#3688,.F.);
#3688 = EDGE_LOOP('',(#3689,#3690,#3696,#3697));
#3689 = ORIENTED_EDGE('',*,*,#2008,.T.);
#3690 = ORIENTED_EDGE('',*,*,#3691,.T.);
#3691 = EDGE_CURVE('',#2000,#2973,#3692,.T.);
#3692 = LINE('',#3693,#3694);
#3693 = CARTESIAN_POINT('',(13.302721397061,149.,625.88935855375));
#3694 = VECTOR('',#3695,1.);
#3695 = DIRECTION('',(0.,1.,0.));
#3696 = ORIENTED_EDGE('',*,*,#2981,.F.);
#3697 = ORIENTED_EDGE('',*,*,#3658,.F.);
#3698 = PLANE('',#3699);
#3699 = AXIS2_PLACEMENT_3D('',#3700,#3701,#3702);
#3700 = CARTESIAN_POINT('',(4.909226523943,149.,605.62566939536));
#3701 = DIRECTION('',(0.923879532511,0.,-0.382683432365));
#3702 = DIRECTION('',(0.382683432365,0.,0.923879532511));
#3703 = ADVANCED_FACE('',(#3704),#3710,.T.);
#3704 = FACE_BOUND('',#3705,.T.);
#3705 = EDGE_LOOP('',(#3706,#3707,#3708,#3709));
#3706 = ORIENTED_EDGE('',*,*,#3674,.F.);
#3707 = ORIENTED_EDGE('',*,*,#1999,.T.);
#3708 = ORIENTED_EDGE('',*,*,#3691,.T.);
#3709 = ORIENTED_EDGE('',*,*,#2972,.F.);
#3710 = CYLINDRICAL_SURFACE('',#3711,30.);
#3711 = AXIS2_PLACEMENT_3D('',#3712,#3713,#3714);
#3712 = CARTESIAN_POINT('',(0.,149.,599.));
#3713 = DIRECTION('',(0.,1.,0.));
#3714 = DIRECTION('',(0.,0.,1.));
#3715 = ADVANCED_FACE('',(#3716),#3732,.F.);
#3716 = FACE_BOUND('',#3717,.F.);
#3717 = EDGE_LOOP('',(#3718,#3724,#3725,#3731));
#3718 = ORIENTED_EDGE('',*,*,#3719,.F.);
#3719 = EDGE_CURVE('',#2017,#2990,#3720,.T.);
#3720 = LINE('',#3721,#3722);
#3721 = CARTESIAN_POINT('',(43.580850695812,149.,619.21656381854));
#3722 = VECTOR('',#3723,1.);
#3723 = DIRECTION('',(0.,1.,0.));
#3724 = ORIENTED_EDGE('',*,*,#2016,.T.);
#3725 = ORIENTED_EDGE('',*,*,#3726,.T.);
#3726 = EDGE_CURVE('',#2019,#2992,#3727,.T.);
#3727 = LINE('',#3728,#3729);
#3728 = CARTESIAN_POINT('',(45.111584425272,149.,615.5210456885));
#3729 = VECTOR('',#3730,1.);
#3730 = DIRECTION('',(0.,1.,0.));
#3731 = ORIENTED_EDGE('',*,*,#2989,.F.);
#3732 = PLANE('',#3733);
#3733 = AXIS2_PLACEMENT_3D('',#3734,#3735,#3736);
#3734 = CARTESIAN_POINT('',(43.580850695812,149.,619.21656381854));
#3735 = DIRECTION('',(0.923879532511,0.,0.382683432365));
#3736 = DIRECTION('',(0.382683432365,0.,-0.923879532511));
#3737 = ADVANCED_FACE('',(#3738),#3749,.T.);
#3738 = FACE_BOUND('',#3739,.T.);
#3739 = EDGE_LOOP('',(#3740,#3741,#3747,#3748));
#3740 = ORIENTED_EDGE('',*,*,#2026,.T.);
#3741 = ORIENTED_EDGE('',*,*,#3742,.T.);
#3742 = EDGE_CURVE('',#2027,#3000,#3743,.T.);
#3743 = LINE('',#3744,#3745);
#3744 = CARTESIAN_POINT('',(26.889358553751,149.,612.30272139706));
#3745 = VECTOR('',#3746,1.);
#3746 = DIRECTION('',(0.,1.,0.));
#3747 = ORIENTED_EDGE('',*,*,#2999,.F.);
#3748 = ORIENTED_EDGE('',*,*,#3719,.F.);
#3749 = PLANE('',#3750);
#3750 = AXIS2_PLACEMENT_3D('',#3751,#3752,#3753);
#3751 = CARTESIAN_POINT('',(6.62566939536,149.,603.90922652394));
#3752 = DIRECTION('',(0.382683432365,0.,-0.923879532511));
#3753 = DIRECTION('',(0.923879532511,0.,0.382683432365));
#3754 = ADVANCED_FACE('',(#3755),#3766,.F.);
#3755 = FACE_BOUND('',#3756,.F.);
#3756 = EDGE_LOOP('',(#3757,#3758,#3764,#3765));
#3757 = ORIENTED_EDGE('',*,*,#2043,.T.);
#3758 = ORIENTED_EDGE('',*,*,#3759,.T.);
#3759 = EDGE_CURVE('',#2035,#3008,#3760,.T.);
#3760 = LINE('',#3761,#3762);
#3761 = CARTESIAN_POINT('',(28.420092283211,149.,608.60720326701));
#3762 = VECTOR('',#3763,1.);
#3763 = DIRECTION('',(0.,1.,0.));
#3764 = ORIENTED_EDGE('',*,*,#3016,.F.);
#3765 = ORIENTED_EDGE('',*,*,#3726,.F.);
#3766 = PLANE('',#3767);
#3767 = AXIS2_PLACEMENT_3D('',#3768,#3769,#3770);
#3768 = CARTESIAN_POINT('',(8.15640312482,149.,600.21370839389));
#3769 = DIRECTION('',(0.382683432365,0.,-0.923879532511));
#3770 = DIRECTION('',(0.923879532511,0.,0.382683432365));
#3771 = ADVANCED_FACE('',(#3772),#3778,.T.);
#3772 = FACE_BOUND('',#3773,.T.);
#3773 = EDGE_LOOP('',(#3774,#3775,#3776,#3777));
#3774 = ORIENTED_EDGE('',*,*,#3742,.F.);
#3775 = ORIENTED_EDGE('',*,*,#2034,.T.);
#3776 = ORIENTED_EDGE('',*,*,#3759,.T.);
#3777 = ORIENTED_EDGE('',*,*,#3007,.F.);
#3778 = CYLINDRICAL_SURFACE('',#3779,30.);
#3779 = AXIS2_PLACEMENT_3D('',#3780,#3781,#3782);
#3780 = CARTESIAN_POINT('',(0.,149.,599.));
#3781 = DIRECTION('',(0.,1.,0.));
#3782 = DIRECTION('',(0.,0.,1.));
#3783 = ADVANCED_FACE('',(#3784),#3803,.F.);
#3784 = FACE_BOUND('',#3785,.F.);
#3785 = EDGE_LOOP('',(#3786,#3795,#3801,#3802));
#3786 = ORIENTED_EDGE('',*,*,#3787,.F.);
#3787 = EDGE_CURVE('',#3788,#3788,#3790,.T.);
#3788 = VERTEX_POINT('',#3789);
#3789 = CARTESIAN_POINT('',(-25.5,152.49,594.15));
#3790 = CIRCLE('',#3791,4.85);
#3791 = AXIS2_PLACEMENT_3D('',#3792,#3793,#3794);
#3792 = CARTESIAN_POINT('',(-25.5,152.49,599.));
#3793 = DIRECTION('',(0.,-1.,0.));
#3794 = DIRECTION('',(0.,0.,-1.));
#3795 = ORIENTED_EDGE('',*,*,#3796,.F.);
#3796 = EDGE_CURVE('',#2725,#3788,#3797,.T.);
#3797 = LINE('',#3798,#3799);
#3798 = CARTESIAN_POINT('',(-25.5,158.,594.15));
#3799 = VECTOR('',#3800,1.);
#3800 = DIRECTION('',(0.,-1.,0.));
#3801 = ORIENTED_EDGE('',*,*,#2724,.T.);
#3802 = ORIENTED_EDGE('',*,*,#3796,.T.);
#3803 = CYLINDRICAL_SURFACE('',#3804,4.85);
#3804 = AXIS2_PLACEMENT_3D('',#3805,#3806,#3807);
#3805 = CARTESIAN_POINT('',(-25.5,158.,599.));
#3806 = DIRECTION('',(0.,-1.,0.));
#3807 = DIRECTION('',(0.,0.,-1.));
#3808 = ADVANCED_FACE('',(#3809),#3828,.F.);
#3809 = FACE_BOUND('',#3810,.F.);
#3810 = EDGE_LOOP('',(#3811,#3820,#3826,#3827));
#3811 = ORIENTED_EDGE('',*,*,#3812,.F.);
#3812 = EDGE_CURVE('',#3813,#3813,#3815,.T.);
#3813 = VERTEX_POINT('',#3814);
#3814 = CARTESIAN_POINT('',(-5.872181401912E-15,152.49,568.65));
#3815 = CIRCLE('',#3816,4.85);
#3816 = AXIS2_PLACEMENT_3D('',#3817,#3818,#3819);
#3817 = CARTESIAN_POINT('',(-4.684274006739E-15,152.49,573.5));
#3818 = DIRECTION('',(0.,-1.,0.));
#3819 = DIRECTION('',(0.,0.,-1.));
#3820 = ORIENTED_EDGE('',*,*,#3821,.F.);
#3821 = EDGE_CURVE('',#2841,#3813,#3822,.T.);
#3822 = LINE('',#3823,#3824);
#3823 = CARTESIAN_POINT('',(-5.872181401912E-15,158.,568.65));
#3824 = VECTOR('',#3825,1.);
#3825 = DIRECTION('',(0.,-1.,0.));
#3826 = ORIENTED_EDGE('',*,*,#2840,.T.);
#3827 = ORIENTED_EDGE('',*,*,#3821,.T.);
#3828 = CYLINDRICAL_SURFACE('',#3829,4.85);
#3829 = AXIS2_PLACEMENT_3D('',#3830,#3831,#3832);
#3830 = CARTESIAN_POINT('',(-4.684274006739E-15,158.,573.5));
#3831 = DIRECTION('',(0.,-1.,0.));
#3832 = DIRECTION('',(0.,0.,-1.));
#3833 = ADVANCED_FACE('',(#3834),#3853,.F.);
#3834 = FACE_BOUND('',#3835,.F.);
#3835 = EDGE_LOOP('',(#3836,#3845,#3851,#3852));
#3836 = ORIENTED_EDGE('',*,*,#3837,.F.);
#3837 = EDGE_CURVE('',#3838,#3838,#3840,.T.);
#3838 = VERTEX_POINT('',#3839);
#3839 = CARTESIAN_POINT('',(25.5,152.49,594.15));
#3840 = CIRCLE('',#3841,4.85);
#3841 = AXIS2_PLACEMENT_3D('',#3842,#3843,#3844);
#3842 = CARTESIAN_POINT('',(25.5,152.49,599.));
#3843 = DIRECTION('',(0.,-1.,0.));
#3844 = DIRECTION('',(0.,0.,-1.));
#3845 = ORIENTED_EDGE('',*,*,#3846,.F.);
#3846 = EDGE_CURVE('',#2898,#3838,#3847,.T.);
#3847 = LINE('',#3848,#3849);
#3848 = CARTESIAN_POINT('',(25.5,158.,594.15));
#3849 = VECTOR('',#3850,1.);
#3850 = DIRECTION('',(0.,-1.,0.));
#3851 = ORIENTED_EDGE('',*,*,#2897,.T.);
#3852 = ORIENTED_EDGE('',*,*,#3846,.T.);
#3853 = CYLINDRICAL_SURFACE('',#3854,4.85);
#3854 = AXIS2_PLACEMENT_3D('',#3855,#3856,#3857);
#3855 = CARTESIAN_POINT('',(25.5,158.,599.));
#3856 = DIRECTION('',(0.,-1.,0.));
#3857 = DIRECTION('',(0.,0.,-1.));
#3858 = ADVANCED_FACE('',(#3859),#3878,.F.);
#3859 = FACE_BOUND('',#3860,.F.);
#3860 = EDGE_LOOP('',(#3861,#3870,#3876,#3877));
#3861 = ORIENTED_EDGE('',*,*,#3862,.F.);
#3862 = EDGE_CURVE('',#3863,#3863,#3865,.T.);
#3863 = VERTEX_POINT('',#3864);
#3864 = CARTESIAN_POINT('',(3.735172737399E-16,152.49,619.65));
#3865 = CIRCLE('',#3866,4.85);
#3866 = AXIS2_PLACEMENT_3D('',#3867,#3868,#3869);
#3867 = CARTESIAN_POINT('',(1.561424668913E-15,152.49,624.5));
#3868 = DIRECTION('',(0.,-1.,0.));
#3869 = DIRECTION('',(0.,0.,-1.));
#3870 = ORIENTED_EDGE('',*,*,#3871,.F.);
#3871 = EDGE_CURVE('',#2944,#3863,#3872,.T.);
#3872 = LINE('',#3873,#3874);
#3873 = CARTESIAN_POINT('',(3.735172737399E-16,158.,619.65));
#3874 = VECTOR('',#3875,1.);
#3875 = DIRECTION('',(0.,-1.,0.));
#3876 = ORIENTED_EDGE('',*,*,#2943,.T.);
#3877 = ORIENTED_EDGE('',*,*,#3871,.T.);
#3878 = CYLINDRICAL_SURFACE('',#3879,4.85);
#3879 = AXIS2_PLACEMENT_3D('',#3880,#3881,#3882);
#3880 = CARTESIAN_POINT('',(1.561424668913E-15,158.,624.5));
#3881 = DIRECTION('',(0.,-1.,0.));
#3882 = DIRECTION('',(0.,0.,-1.));
#3883 = ADVANCED_FACE('',(#3884,#3887),#3890,.F.);
#3884 = FACE_BOUND('',#3885,.F.);
#3885 = EDGE_LOOP('',(#3886));
#3886 = ORIENTED_EDGE('',*,*,#3787,.T.);
#3887 = FACE_BOUND('',#3888,.F.);
#3888 = EDGE_LOOP('',(#3889));
#3889 = ORIENTED_EDGE('',*,*,#3204,.F.);
#3890 = PLANE('',#3891);
#3891 = AXIS2_PLACEMENT_3D('',#3892,#3893,#3894);
#3892 = CARTESIAN_POINT('',(-25.5,152.49,599.));
#3893 = DIRECTION('',(0.,-1.,0.));
#3894 = DIRECTION('',(0.,0.,-1.));
#3895 = ADVANCED_FACE('',(#3896,#3899),#3902,.F.);
#3896 = FACE_BOUND('',#3897,.F.);
#3897 = EDGE_LOOP('',(#3898));
#3898 = ORIENTED_EDGE('',*,*,#3812,.T.);
#3899 = FACE_BOUND('',#3900,.F.);
#3900 = EDGE_LOOP('',(#3901));
#3901 = ORIENTED_EDGE('',*,*,#3433,.F.);
#3902 = PLANE('',#3903);
#3903 = AXIS2_PLACEMENT_3D('',#3904,#3905,#3906);
#3904 = CARTESIAN_POINT('',(-4.684274006739E-15,152.49,573.5));
#3905 = DIRECTION('',(0.,-1.,0.));
#3906 = DIRECTION('',(0.,0.,-1.));
#3907 = ADVANCED_FACE('',(#3908,#3911),#3914,.F.);
#3908 = FACE_BOUND('',#3909,.F.);
#3909 = EDGE_LOOP('',(#3910));
#3910 = ORIENTED_EDGE('',*,*,#3837,.T.);
#3911 = FACE_BOUND('',#3912,.F.);
#3912 = EDGE_LOOP('',(#3913));
#3913 = ORIENTED_EDGE('',*,*,#3543,.F.);
#3914 = PLANE('',#3915);
#3915 = AXIS2_PLACEMENT_3D('',#3916,#3917,#3918);
#3916 = CARTESIAN_POINT('',(25.5,152.49,599.));
#3917 = DIRECTION('',(0.,-1.,0.));
#3918 = DIRECTION('',(0.,0.,-1.));
#3919 = ADVANCED_FACE('',(#3920,#3923),#3926,.F.);
#3920 = FACE_BOUND('',#3921,.F.);
#3921 = EDGE_LOOP('',(#3922));
#3922 = ORIENTED_EDGE('',*,*,#3862,.T.);
#3923 = FACE_BOUND('',#3924,.F.);
#3924 = EDGE_LOOP('',(#3925));
#3925 = ORIENTED_EDGE('',*,*,#3636,.F.);
#3926 = PLANE('',#3927);
#3927 = AXIS2_PLACEMENT_3D('',#3928,#3929,#3930);
#3928 = CARTESIAN_POINT('',(1.561424668913E-15,152.49,624.5));
#3929 = DIRECTION('',(0.,-1.,0.));
#3930 = DIRECTION('',(0.,0.,-1.));
#3931 = ( GEOMETRIC_REPRESENTATION_CONTEXT(3) 
GLOBAL_UNCERTAINTY_ASSIGNED_CONTEXT((#3935)) 
GLOBAL_UNIT_ASSIGNED_CONTEXT((#3932,#3933,#3934)) REPRESENTATION_CONTEXT
('Context #1','3D Context with UNIT and UNCERTAINTY') );
#3932 = ( LENGTH_UNIT() NAMED_UNIT(*) SI_UNIT(.MILLI.,.METRE.) );
#3933 = ( NAMED_UNIT(*) PLANE_ANGLE_UNIT() SI_UNIT($,.RADIAN.) );
#3934 = ( NAMED_UNIT(*) SI_UNIT($,.STERADIAN.) SOLID_ANGLE_UNIT() );
#3935 = UNCERTAINTY_MEASURE_WITH_UNIT(LENGTH_MEASURE(5.E-07),#3932,
  'distance_accuracy_value','confusion accuracy');
#3936 = PRODUCT_RELATED_PRODUCT_CATEGORY('part',$,(#7));
ENDSEC;
END-ISO-10303-21;
