ISO-10303-21;
HEADER;
FILE_DESCRIPTION(('FreeCAD Model'),'2;1');
FILE_NAME('Open CASCADE Shape Model','2026-10-01T14:13:14',('FreeCAD'),(
    'FreeCAD'),'Open CASCADE STEP processor 7.9','FreeCAD','Unknown');
FILE_SCHEMA(('AUTOMOTIVE_DESIGN { 1 0 10303 214 1 1 1 1 }'));
ENDSEC;
DATA;
#1 = APPLICATION_PROTOCOL_DEFINITION('international standard',
  'automotive_design',2000,#2);
#2 = APPLICATION_CONTEXT(
  'core data for automotive mechanical design processes');
#3 = SHAPE_DEFINITION_REPRESENTATION(#4,#10);
#4 = PRODUCT_DEFINITION_SHAPE('','',#5);
#5 = PRODUCT_DEFINITION('design','',#6,#9);
#6 = PRODUCT_DEFINITION_FORMATION('','',#7);
#7 = PRODUCT('Open CASCADE STEP translator 7.9 6',
  'Open CASCADE STEP translator 7.9 6','',(#8));
#8 = PRODUCT_CONTEXT('',#2,'mechanical');
#9 = PRODUCT_DEFINITION_CONTEXT('part definition',#2,'design');
#10 = ADVANCED_BREP_SHAPE_REPRESENTATION('',(#11,#15),#2544);
#11 = AXIS2_PLACEMENT_3D('',#12,#13,#14);
#12 = CARTESIAN_POINT('',(0.,0.,0.));
#13 = DIRECTION('',(0.,0.,1.));
#14 = DIRECTION('',(1.,0.,-0.));
#15 = MANIFOLD_SOLID_BREP('',#16);
#16 = CLOSED_SHELL('',(#17,#61,#175,#544,#587,#605,#630,#695,#720,#788,
    #813,#872,#897,#991,#1015,#1109,#1134,#1191,#1216,#1241,#1253,#1265,
    #1290,#1315,#1410,#1444,#1537,#1549,#1585,#1625,#1637,#1654,#1666,
    #1691,#1709,#1726,#1750,#1774,#1852,#1869,#1881,#1906,#1918,#1961,
    #2004,#2020,#2037,#2048,#2076,#2104,#2118,#2133,#2149,#2166,#2177,
    #2188,#2219,#2243,#2267,#2284,#2315,#2339,#2363,#2380,#2403,#2426,
    #2451,#2476,#2501,#2526,#2535));
#17 = ADVANCED_FACE('',(#18),#56,.T.);
#18 = FACE_BOUND('',#19,.T.);
#19 = EDGE_LOOP('',(#20,#31,#40,#49));
#20 = ORIENTED_EDGE('',*,*,#21,.F.);
#21 = EDGE_CURVE('',#22,#24,#26,.T.);
#22 = VERTEX_POINT('',#23);
#23 = CARTESIAN_POINT('',(115.5,60.,599.));
#24 = VERTEX_POINT('',#25);
#25 = CARTESIAN_POINT('',(118.,57.5,599.));
#26 = CIRCLE('',#27,2.5);
#27 = AXIS2_PLACEMENT_3D('',#28,#29,#30);
#28 = CARTESIAN_POINT('',(115.5,57.5,599.));
#29 = DIRECTION('',(-0.,-0.,-1.));
#30 = DIRECTION('',(0.,-1.,0.));
#31 = ORIENTED_EDGE('',*,*,#32,.T.);
#32 = EDGE_CURVE('',#22,#33,#35,.T.);
#33 = VERTEX_POINT('',#34);
#34 = CARTESIAN_POINT('',(115.5,0.,659.));
#35 = CIRCLE('',#36,60.);
#36 = AXIS2_PLACEMENT_3D('',#37,#38,#39);
#37 = CARTESIAN_POINT('',(115.5,0.,599.));
#38 = DIRECTION('',(1.,0.,0.));
#39 = DIRECTION('',(0.,1.,0.));
#40 = ORIENTED_EDGE('',*,*,#41,.T.);
#41 = EDGE_CURVE('',#33,#42,#44,.T.);
#42 = VERTEX_POINT('',#43);
#43 = CARTESIAN_POINT('',(118.,0.,656.5));
#44 = CIRCLE('',#45,2.5);
#45 = AXIS2_PLACEMENT_3D('',#46,#47,#48);
#46 = CARTESIAN_POINT('',(115.5,3.520859547549E-15,656.5));
#47 = DIRECTION('',(0.,1.,-6.123233995737E-17));
#48 = DIRECTION('',(0.,6.123233995737E-17,1.));
#49 = ORIENTED_EDGE('',*,*,#50,.F.);
#50 = EDGE_CURVE('',#24,#42,#51,.T.);
#51 = CIRCLE('',#52,57.5);
#52 = AXIS2_PLACEMENT_3D('',#53,#54,#55);
#53 = CARTESIAN_POINT('',(118.,0.,599.));
#54 = DIRECTION('',(1.,0.,0.));
#55 = DIRECTION('',(0.,1.,0.));
#56 = TOROIDAL_SURFACE('',#57,57.5,2.5);
#57 = AXIS2_PLACEMENT_3D('',#58,#59,#60);
#58 = CARTESIAN_POINT('',(115.5,0.,599.));
#59 = DIRECTION('',(1.,0.,0.));
#60 = DIRECTION('',(0.,1.,0.));
#61 = ADVANCED_FACE('',(#62,#159),#170,.F.);
#62 = FACE_BOUND('',#63,.F.);
#63 = EDGE_LOOP('',(#64,#65,#73,#81,#89,#97,#105,#113,#121,#129,#137,
    #145,#153));
#64 = ORIENTED_EDGE('',*,*,#21,.F.);
#65 = ORIENTED_EDGE('',*,*,#66,.F.);
#66 = EDGE_CURVE('',#67,#22,#69,.T.);
#67 = VERTEX_POINT('',#68);
#68 = CARTESIAN_POINT('',(58.,60.,599.));
#69 = LINE('',#70,#71);
#70 = CARTESIAN_POINT('',(58.,60.,599.));
#71 = VECTOR('',#72,1.);
#72 = DIRECTION('',(1.,0.,0.));
#73 = ORIENTED_EDGE('',*,*,#74,.T.);
#74 = EDGE_CURVE('',#67,#75,#77,.T.);
#75 = VERTEX_POINT('',#76);
#76 = CARTESIAN_POINT('',(58.,22.3,599.));
#77 = LINE('',#78,#79);
#78 = CARTESIAN_POINT('',(58.,-31.5,599.));
#79 = VECTOR('',#80,1.);
#80 = DIRECTION('',(0.,-1.,0.));
#81 = ORIENTED_EDGE('',*,*,#82,.F.);
#82 = EDGE_CURVE('',#83,#75,#85,.T.);
#83 = VERTEX_POINT('',#84);
#84 = CARTESIAN_POINT('',(78.1,22.3,599.));
#85 = LINE('',#86,#87);
#86 = CARTESIAN_POINT('',(66.55,22.3,599.));
#87 = VECTOR('',#88,1.);
#88 = DIRECTION('',(-1.,0.,0.));
#89 = ORIENTED_EDGE('',*,*,#90,.T.);
#90 = EDGE_CURVE('',#83,#91,#93,.T.);
#91 = VERTEX_POINT('',#92);
#92 = CARTESIAN_POINT('',(78.1,13.549999999992,599.));
#93 = LINE('',#94,#95);
#94 = CARTESIAN_POINT('',(78.1,-42.65,599.));
#95 = VECTOR('',#96,1.);
#96 = DIRECTION('',(0.,-1.,0.));
#97 = ORIENTED_EDGE('',*,*,#98,.F.);
#98 = EDGE_CURVE('',#99,#91,#101,.T.);
#99 = VERTEX_POINT('',#100);
#100 = CARTESIAN_POINT('',(90.1,13.550000000007,599.));
#101 = LINE('',#102,#103);
#102 = CARTESIAN_POINT('',(90.11,13.55,599.));
#103 = VECTOR('',#104,1.);
#104 = DIRECTION('',(-1.,0.,0.));
#105 = ORIENTED_EDGE('',*,*,#106,.T.);
#106 = EDGE_CURVE('',#99,#107,#109,.T.);
#107 = VERTEX_POINT('',#108);
#108 = CARTESIAN_POINT('',(90.1,18.,599.));
#109 = LINE('',#110,#111);
#110 = CARTESIAN_POINT('',(90.1,-31.5,599.));
#111 = VECTOR('',#112,1.);
#112 = DIRECTION('',(0.,1.,0.));
#113 = ORIENTED_EDGE('',*,*,#114,.T.);
#114 = EDGE_CURVE('',#107,#115,#117,.T.);
#115 = VERTEX_POINT('',#116);
#116 = CARTESIAN_POINT('',(113.,18.,599.));
#117 = LINE('',#118,#119);
#118 = CARTESIAN_POINT('',(90.1,18.,599.));
#119 = VECTOR('',#120,1.);
#120 = DIRECTION('',(1.,0.,0.));
#121 = ORIENTED_EDGE('',*,*,#122,.T.);
#122 = EDGE_CURVE('',#115,#123,#125,.T.);
#123 = VERTEX_POINT('',#124);
#124 = CARTESIAN_POINT('',(113.,38.,599.));
#125 = LINE('',#126,#127);
#126 = CARTESIAN_POINT('',(113.,-31.5,599.));
#127 = VECTOR('',#128,1.);
#128 = DIRECTION('',(0.,1.,0.));
#129 = ORIENTED_EDGE('',*,*,#130,.T.);
#130 = EDGE_CURVE('',#123,#131,#133,.T.);
#131 = VERTEX_POINT('',#132);
#132 = CARTESIAN_POINT('',(115.,38.,599.));
#133 = LINE('',#134,#135);
#134 = CARTESIAN_POINT('',(113.,38.,599.));
#135 = VECTOR('',#136,1.);
#136 = DIRECTION('',(1.,0.,0.));
#137 = ORIENTED_EDGE('',*,*,#138,.T.);
#138 = EDGE_CURVE('',#131,#139,#141,.T.);
#139 = VERTEX_POINT('',#140);
#140 = CARTESIAN_POINT('',(115.,44.2,599.));
#141 = LINE('',#142,#143);
#142 = CARTESIAN_POINT('',(115.,-31.5,599.));
#143 = VECTOR('',#144,1.);
#144 = DIRECTION('',(0.,1.,0.));
#145 = ORIENTED_EDGE('',*,*,#146,.T.);
#146 = EDGE_CURVE('',#139,#147,#149,.T.);
#147 = VERTEX_POINT('',#148);
#148 = CARTESIAN_POINT('',(118.,44.2,599.));
#149 = LINE('',#150,#151);
#150 = CARTESIAN_POINT('',(115.,44.2,599.));
#151 = VECTOR('',#152,1.);
#152 = DIRECTION('',(1.,0.,0.));
#153 = ORIENTED_EDGE('',*,*,#154,.F.);
#154 = EDGE_CURVE('',#24,#147,#155,.T.);
#155 = LINE('',#156,#157);
#156 = CARTESIAN_POINT('',(118.,-31.5,599.));
#157 = VECTOR('',#158,1.);
#158 = DIRECTION('',(0.,-1.,0.));
#159 = FACE_BOUND('',#160,.F.);
#160 = EDGE_LOOP('',(#161));
#161 = ORIENTED_EDGE('',*,*,#162,.T.);
#162 = EDGE_CURVE('',#163,#163,#165,.T.);
#163 = VERTEX_POINT('',#164);
#164 = CARTESIAN_POINT('',(85.75,49.5,599.));
#165 = CIRCLE('',#166,2.25);
#166 = AXIS2_PLACEMENT_3D('',#167,#168,#169);
#167 = CARTESIAN_POINT('',(88.,49.5,599.));
#168 = DIRECTION('',(0.,0.,-1.));
#169 = DIRECTION('',(-1.,0.,0.));
#170 = PLANE('',#171);
#171 = AXIS2_PLACEMENT_3D('',#172,#173,#174);
#172 = CARTESIAN_POINT('',(55.,-63.,599.));
#173 = DIRECTION('',(0.,0.,1.));
#174 = DIRECTION('',(1.,0.,0.));
#175 = ADVANCED_FACE('',(#176,#213,#376),#539,.T.);
#176 = FACE_BOUND('',#177,.T.);
#177 = EDGE_LOOP('',(#178,#189,#197,#204,#205,#206));
#178 = ORIENTED_EDGE('',*,*,#179,.T.);
#179 = EDGE_CURVE('',#180,#182,#184,.T.);
#180 = VERTEX_POINT('',#181);
#181 = CARTESIAN_POINT('',(58.,1.469576158977E-14,659.));
#182 = VERTEX_POINT('',#183);
#183 = CARTESIAN_POINT('',(58.,-60.,599.));
#184 = CIRCLE('',#185,60.);
#185 = AXIS2_PLACEMENT_3D('',#186,#187,#188);
#186 = CARTESIAN_POINT('',(58.,0.,599.));
#187 = DIRECTION('',(1.,0.,-0.));
#188 = DIRECTION('',(0.,0.,1.));
#189 = ORIENTED_EDGE('',*,*,#190,.T.);
#190 = EDGE_CURVE('',#182,#191,#193,.T.);
#191 = VERTEX_POINT('',#192);
#192 = CARTESIAN_POINT('',(115.5,-60.,599.));
#193 = LINE('',#194,#195);
#194 = CARTESIAN_POINT('',(58.,-60.,599.));
#195 = VECTOR('',#196,1.);
#196 = DIRECTION('',(1.,0.,0.));
#197 = ORIENTED_EDGE('',*,*,#198,.F.);
#198 = EDGE_CURVE('',#33,#191,#199,.T.);
#199 = CIRCLE('',#200,60.);
#200 = AXIS2_PLACEMENT_3D('',#201,#202,#203);
#201 = CARTESIAN_POINT('',(115.5,0.,599.));
#202 = DIRECTION('',(1.,0.,-0.));
#203 = DIRECTION('',(0.,0.,1.));
#204 = ORIENTED_EDGE('',*,*,#32,.F.);
#205 = ORIENTED_EDGE('',*,*,#66,.F.);
#206 = ORIENTED_EDGE('',*,*,#207,.T.);
#207 = EDGE_CURVE('',#67,#180,#208,.T.);
#208 = CIRCLE('',#209,60.);
#209 = AXIS2_PLACEMENT_3D('',#210,#211,#212);
#210 = CARTESIAN_POINT('',(58.,0.,599.));
#211 = DIRECTION('',(1.,0.,-0.));
#212 = DIRECTION('',(0.,0.,1.));
#213 = FACE_BOUND('',#214,.T.);
#214 = EDGE_LOOP('',(#215));
#215 = ORIENTED_EDGE('',*,*,#216,.T.);
#216 = EDGE_CURVE('',#217,#217,#219,.T.);
#217 = VERTEX_POINT('',#218);
#218 = CARTESIAN_POINT('',(83.9,-49.5,632.90796366637));
#219 = B_SPLINE_CURVE_WITH_KNOTS('',8,(#220,#221,#222,#223,#224,#225,
    #226,#227,#228,#229,#230,#231,#232,#233,#234,#235,#236,#237,#238,
    #239,#240,#241,#242,#243,#244,#245,#246,#247,#248,#249,#250,#251,
    #252,#253,#254,#255,#256,#257,#258,#259,#260,#261,#262,#263,#264,
    #265,#266,#267,#268,#269,#270,#271,#272,#273,#274,#275,#276,#277,
    #278,#279,#280,#281,#282,#283,#284,#285,#286,#287,#288,#289,#290,
    #291,#292,#293,#294,#295,#296,#297,#298,#299,#300,#301,#302,#303,
    #304,#305,#306,#307,#308,#309,#310,#311,#312,#313,#314,#315,#316,
    #317,#318,#319,#320,#321,#322,#323,#324,#325,#326,#327,#328,#329,
    #330,#331,#332,#333,#334,#335,#336,#337,#338,#339,#340,#341,#342,
    #343,#344,#345,#346,#347,#348,#349,#350,#351,#352,#353,#354,#355,
    #356,#357,#358,#359,#360,#361,#362,#363,#364,#365,#366,#367,#368,
    #369,#370,#371,#372,#373,#374,#375),.UNSPECIFIED.,.T.,.F.,(9,7,7,7,7
    ,7,7,7,7,7,7,7,7,7,7,7,7,7,7,7,7,7,9),(0.,9.630280298876E-02,
    0.142562758146,0.17768326915,0.196743444,0.208140116974,
    0.233840069702,0.260348196327,0.290816671577,0.328744999697,
    0.378967340763,0.421163557477,0.529326691746,0.605819225236,
    0.65566986064,0.682243715007,0.715929895384,0.735106133036,
    0.752611881604,0.77962314463,0.80689112926,0.939226000233,1.),
  .UNSPECIFIED.);
#220 = CARTESIAN_POINT('',(83.9,-49.5,632.90796366637));
#221 = CARTESIAN_POINT('',(83.9,-49.24196409413,633.28465326843));
#222 = CARTESIAN_POINT('',(83.918559302976,-48.9801188756,
    633.65987721709));
#223 = CARTESIAN_POINT('',(83.956638520506,-48.71498760427,
    634.03282046529));
#224 = CARTESIAN_POINT('',(84.015472107819,-48.4473109203,
    634.40243265424));
#225 = CARTESIAN_POINT('',(84.096554554259,-48.17811185482,
    634.76737269377));
#226 = CARTESIAN_POINT('',(84.201618614647,-47.90880212828,
    635.12591915953));
#227 = CARTESIAN_POINT('',(84.332605581544,-47.64132973637,
    635.4758465072));
#228 = CARTESIAN_POINT('',(84.568015316532,-47.25205160112,
    635.97683061278));
#229 = CARTESIAN_POINT('',(84.650890885135,-47.12674517731,
    636.1367789342));
#230 = CARTESIAN_POINT('',(84.740458425076,-47.0028042597,
    636.29371403961));
#231 = CARTESIAN_POINT('',(84.836917753694,-46.88061831136,
    636.44721278344));
#232 = CARTESIAN_POINT('',(84.940460584438,-46.7606153616,
    636.59682153282));
#233 = CARTESIAN_POINT('',(85.051266726488,-46.64326681675,
    636.74205079783));
#234 = CARTESIAN_POINT('',(85.169500284386,-46.52909227081,
    636.88236986163));
#235 = CARTESIAN_POINT('',(85.390817321204,-46.33482752509,
    637.1195653859));
#236 = CARTESIAN_POINT('',(85.49070780098,-46.25313722842,
    637.21878230058));
#237 = CARTESIAN_POINT('',(85.59497422577,-46.17390583127,
    637.31452329254));
#238 = CARTESIAN_POINT('',(85.703593206835,-46.09745114388,
    637.40646127437));
#239 = CARTESIAN_POINT('',(85.816520939292,-46.02409537988,
    637.49427046937));
#240 = CARTESIAN_POINT('',(85.933693103504,-45.95416415459,
    637.57762594729));
#241 = CARTESIAN_POINT('',(86.055024766448,-45.88798548323,
    637.65620316024));
#242 = CARTESIAN_POINT('',(86.248457979531,-45.79218841442,
    637.76955256325));
#243 = CARTESIAN_POINT('',(86.317686515219,-45.75969676577,
    637.80791687038));
#244 = CARTESIAN_POINT('',(86.388060518329,-45.7284746621,
    637.84470918062));
#245 = CARTESIAN_POINT('',(86.459541952615,-45.69858068454,
    637.8798708077));
#246 = CARTESIAN_POINT('',(86.532090117421,-45.67007116662,
    637.91334559837));
#247 = CARTESIAN_POINT('',(86.605661647683,-45.64300019426,
    637.9450799324));
#248 = CARTESIAN_POINT('',(86.680210513929,-45.61741960574,
    637.97502272258));
#249 = CARTESIAN_POINT('',(86.800818378441,-45.57900435888,
    638.01992889075));
#250 = CARTESIAN_POINT('',(86.846277550489,-45.56518122567,
    638.0360733413));
#251 = CARTESIAN_POINT('',(86.892053422774,-45.55192063562,
    638.05154783032));
#252 = CARTESIAN_POINT('',(86.93813318579,-45.53923318359,
    638.06634187127));
#253 = CARTESIAN_POINT('',(86.984503336171,-45.52712901583,
    638.0804454271));
#254 = CARTESIAN_POINT('',(87.031149676686,-45.51561782995,
    638.09384891022));
#255 = CARTESIAN_POINT('',(87.078057316248,-45.50470887495,
    638.10654318252));
#256 = CARTESIAN_POINT('',(87.231543365658,-45.47118872181,
    638.14552675448));
#257 = CARTESIAN_POINT('',(87.339147618266,-45.45106873657,
    638.16888895503));
#258 = CARTESIAN_POINT('',(87.447824150595,-45.43415722232,
    638.18850023364));
#259 = CARTESIAN_POINT('',(87.557369038051,-45.42053998689,
    638.20427568248));
#260 = CARTESIAN_POINT('',(87.667573869548,-45.41028214546,
    638.21615131321));
#261 = CARTESIAN_POINT('',(87.778225908453,-45.40342784688,
    638.22408396088));
#262 = CARTESIAN_POINT('',(87.889108253552,-45.4,638.22805118789));
#263 = CARTESIAN_POINT('',(88.114378905198,-45.4,638.22805118789));
#264 = CARTESIAN_POINT('',(88.228746830469,-45.4036468391,
    638.22383050193));
#265 = CARTESIAN_POINT('',(88.342861643646,-45.41093884197,
    638.21539129789));
#266 = CARTESIAN_POINT('',(88.456485852588,-45.42185007237,
    638.20275896998));
#267 = CARTESIAN_POINT('',(88.569386799844,-45.43633066185,
    638.18598225283));
#268 = CARTESIAN_POINT('',(88.681336857325,-45.45430713841,
    638.1651333357));
#269 = CARTESIAN_POINT('',(88.792113620964,-45.47568275521,
    638.14030797651));
#270 = CARTESIAN_POINT('',(89.027229072974,-45.52867638197,
    638.07865807366));
#271 = CARTESIAN_POINT('',(89.151096352409,-45.56134181209,
    638.0406016282));
#272 = CARTESIAN_POINT('',(89.272857147141,-45.59816706643,
    637.99762103117));
#273 = CARTESIAN_POINT('',(89.39228386277,-45.63896397348,
    637.94990066081));
#274 = CARTESIAN_POINT('',(89.509166243131,-45.68352436807,
    637.89764493348));
#275 = CARTESIAN_POINT('',(89.623311506388,-45.73162122602,
    637.8410787149));
#276 = CARTESIAN_POINT('',(89.734544481114,-45.78300979875,
    637.78044773146));
#277 = CARTESIAN_POINT('',(89.977353523965,-45.90517154589,
    637.63581559914));
#278 = CARTESIAN_POINT('',(90.107237172117,-45.97760728244,
    637.54973083162));
#279 = CARTESIAN_POINT('',(90.232239621352,-46.05432355875,
    637.45817096852));
#280 = CARTESIAN_POINT('',(90.352268533448,-46.13491187453,
    637.36154018988));
#281 = CARTESIAN_POINT('',(90.467258128921,-46.2189689452,
    637.26024121072));
#282 = CARTESIAN_POINT('',(90.577169018513,-46.30609801885,
    637.15467592566));
#283 = CARTESIAN_POINT('',(90.681988034672,-46.39591019333,
    637.04524605347));
#284 = CARTESIAN_POINT('',(90.913797626098,-46.60999942141,
    636.78286883319));
#285 = CARTESIAN_POINT('',(91.036997903991,-46.7360452317,636.6272719677
    ));
#286 = CARTESIAN_POINT('',(91.151542961836,-46.86546505476,
    636.4662694522));
#287 = CARTESIAN_POINT('',(91.257667667792,-46.99763543406,
    636.30050144139));
#288 = CARTESIAN_POINT('',(91.35562250352,-47.13200018135,
    636.13054961341));
#289 = CARTESIAN_POINT('',(91.445668374635,-47.26806299221,
    635.95694480534));
#290 = CARTESIAN_POINT('',(91.528071421169,-47.40538006154,
    635.78017464891));
#291 = CARTESIAN_POINT('',(91.666134127328,-47.65964371404,
    635.44989134103));
#292 = CARTESIAN_POINT('',(91.72398122602,-47.77637139889,
    635.29713358066));
#293 = CARTESIAN_POINT('',(91.776811026986,-47.89353614039,
    635.14263678943));
#294 = CARTESIAN_POINT('',(91.824787911515,-48.01095957775,
    634.98660156155));
#295 = CARTESIAN_POINT('',(91.868068744757,-48.12848379113,
    634.82921005901));
#296 = CARTESIAN_POINT('',(91.906802881174,-48.24597049016,
    634.67062584978));
#297 = CARTESIAN_POINT('',(91.941132169986,-48.36330020254,
    634.51099374586));
#298 = CARTESIAN_POINT('',(92.048241778482,-48.78046458492,
    633.93888532446));
#299 = CARTESIAN_POINT('',(92.097229334355,-49.0788521317,
    633.52128282274));
#300 = CARTESIAN_POINT('',(92.120405958988,-49.3738199368,
    633.09975892569));
#301 = CARTESIAN_POINT('',(92.119609248502,-49.66421939076,
    632.67591138862));
#302 = CARTESIAN_POINT('',(92.09627113878,-49.94927453071,
    632.25096790447));
#303 = CARTESIAN_POINT('',(92.05142334718,-50.22841829639,
    631.82595529394));
#304 = CARTESIAN_POINT('',(91.985699181587,-50.50115795244,
    631.40187891419));
#305 = CARTESIAN_POINT('',(91.838252993115,-50.95495065932,
    630.68149918383));
#306 = CARTESIAN_POINT('',(91.766932233085,-51.13921235917,
    630.38454498498));
#307 = CARTESIAN_POINT('',(91.685431664028,-51.31979828692,
    630.08912310323));
#308 = CARTESIAN_POINT('',(91.593653286084,-51.49669136234,
    629.79540162031));
#309 = CARTESIAN_POINT('',(91.491366352878,-51.66977160096,
    629.50372553451));
#310 = CARTESIAN_POINT('',(91.378234301253,-51.83877994009,
    629.21470138053));
#311 = CARTESIAN_POINT('',(91.253841130067,-52.00328820458,
    628.92928422037));
#312 = CARTESIAN_POINT('',(91.02900447797,-52.26654866553,
    628.46611745186));
#313 = CARTESIAN_POINT('',(90.935358558501,-52.36818943561,
    628.28559273018));
#314 = CARTESIAN_POINT('',(90.836479583807,-52.46763937323,
    628.10730537567));
#315 = CARTESIAN_POINT('',(90.732034253042,-52.56484396396,
    627.93143487941));
#316 = CARTESIAN_POINT('',(90.621669191691,-52.65964752545,
    627.75835061539));
#317 = CARTESIAN_POINT('',(90.505024292907,-52.75178840478,
    627.58863476767));
#318 = CARTESIAN_POINT('',(90.38174605883,-52.84089417573,627.4231052575
    ));
#319 = CARTESIAN_POINT('',(90.182071239753,-52.97209834396,
    627.17740543763));
#320 = CARTESIAN_POINT('',(90.110625069113,-53.01674296854,
    627.09342233675));
#321 = CARTESIAN_POINT('',(90.037068383317,-53.06036070441,
    627.01100662784));
#322 = CARTESIAN_POINT('',(89.961310631565,-53.10288378691,
    626.93031138769));
#323 = CARTESIAN_POINT('',(89.883264818216,-53.14422702443,
    626.8515256344));
#324 = CARTESIAN_POINT('',(89.802847562055,-53.18428813077,
    626.77487445188));
#325 = CARTESIAN_POINT('',(89.719979155574,-53.22294805741,
    626.70061911439));
#326 = CARTESIAN_POINT('',(89.526332512745,-53.30713040499,
    626.53834221142));
#327 = CARTESIAN_POINT('',(89.413689544121,-53.35186411916,
    626.45167831921));
#328 = CARTESIAN_POINT('',(89.296699730777,-53.39386284612,
    626.36992250529));
#329 = CARTESIAN_POINT('',(89.175420807654,-53.43271691402,
    626.29395283639));
#330 = CARTESIAN_POINT('',(89.049924017317,-53.46801316304,
    626.22466801148));
#331 = CARTESIAN_POINT('',(88.92029489505,-53.49933150691,626.1629868982
    ));
#332 = CARTESIAN_POINT('',(88.786634053945,-53.52624149448,
    626.1098480693));
#333 = CARTESIAN_POINT('',(88.570741234426,-53.56085528156,
    626.04136750032));
#334 = CARTESIAN_POINT('',(88.491243692024,-53.57182495979,
    626.01963206951));
#335 = CARTESIAN_POINT('',(88.410754636201,-53.58110591425,
    626.00121948589));
#336 = CARTESIAN_POINT('',(88.329462471815,-53.58861628293,
    625.98630488946));
#337 = CARTESIAN_POINT('',(88.247554720062,-53.59429399067,
    625.9750220419));
#338 = CARTESIAN_POINT('',(88.165218023349,-53.59809640635,
    625.96746324751));
#339 = CARTESIAN_POINT('',(88.082638150173,-53.6,625.96367927416));
#340 = CARTESIAN_POINT('',(87.92456066173,-53.6,625.96367927416));
#341 = CARTESIAN_POINT('',(87.849159310849,-53.5984136197,
    625.96683271223));
#342 = CARTESIAN_POINT('',(87.773940847686,-53.59524369728,
    625.97313414899));
#343 = CARTESIAN_POINT('',(87.699050769244,-53.59050661516,
    625.98254826898));
#344 = CARTESIAN_POINT('',(87.624635171164,-53.58423250482,
    625.99500992792));
#345 = CARTESIAN_POINT('',(87.550840749699,-53.57646545169,
    626.01042420015));
#346 = CARTESIAN_POINT('',(87.477814803678,-53.56726369998,
    626.02866642591));
#347 = CARTESIAN_POINT('',(87.294440615108,-53.54039991319,
    626.08185526085));
#348 = CARTESIAN_POINT('',(87.185499251707,-53.52087787689,
    626.12045269203));
#349 = CARTESIAN_POINT('',(87.078996043064,-53.49835348088,
    626.16490124845));
#350 = CARTESIAN_POINT('',(86.975041483497,-53.47305021237,
    626.21471473754));
#351 = CARTESIAN_POINT('',(86.873741618013,-53.44519683848,
    626.2693944996));
#352 = CARTESIAN_POINT('',(86.775197995465,-53.41502893121,
    626.32842982944));
#353 = CARTESIAN_POINT('',(86.679507621712,-53.38279039237,
    626.39129839813));
#354 = CARTESIAN_POINT('',(86.4931367356,-53.31435589384,626.5242638304)
  );
#355 = CARTESIAN_POINT('',(86.402325856646,-53.2780567918,
    626.59455672102));
#356 = CARTESIAN_POINT('',(86.314256453566,-53.24001541803,
    626.66795593277));
#357 = CARTESIAN_POINT('',(86.228848979484,-53.20039009292,
    626.7441148338));
#358 = CARTESIAN_POINT('',(86.146018243788,-53.15931947526,
    626.82272947577));
#359 = CARTESIAN_POINT('',(86.06567349292,-53.11692232568,
    626.90353849556));
#360 = CARTESIAN_POINT('',(85.987718491178,-53.07329727027,
    626.98632301696));
#361 = CARTESIAN_POINT('',(85.544830913291,-52.81122542797,
    627.48140081492));
#362 = CARTESIAN_POINT('',(85.225854588495,-52.56350570334,
    627.94058422406));
#363 = CARTESIAN_POINT('',(84.951495709672,-52.29580555036,
    628.42493311122));
#364 = CARTESIAN_POINT('',(84.717074990363,-52.01448911909,
    628.92072764242));
#365 = CARTESIAN_POINT('',(84.517842554498,-51.7226830975,
    629.42201204393));
#366 = CARTESIAN_POINT('',(84.349926606823,-51.42040375822,
    629.92827592352));
#367 = CARTESIAN_POINT('',(84.211342134078,-51.10542936664,
    630.44234732245));
#368 = CARTESIAN_POINT('',(84.053354917174,-50.62231105289,
    631.2096733524));
#369 = CARTESIAN_POINT('',(84.01039355724,-50.46798794386,
    631.45186957625));
#370 = CARTESIAN_POINT('',(83.974236954136,-50.31149188682,
    631.6945420862));
#371 = CARTESIAN_POINT('',(83.944970703751,-50.15292039913,
    631.93748352672));
#372 = CARTESIAN_POINT('',(83.922721890537,-49.9923707588,
    632.18049884118));
#373 = CARTESIAN_POINT('',(83.907660361471,-49.82994847536,
    632.42339297283));
#374 = CARTESIAN_POINT('',(83.9,-49.66577576071,632.66595856585));
#375 = CARTESIAN_POINT('',(83.9,-49.5,632.90796366637));
#376 = FACE_BOUND('',#377,.T.);
#377 = EDGE_LOOP('',(#378));
#378 = ORIENTED_EDGE('',*,*,#379,.T.);
#379 = EDGE_CURVE('',#380,#380,#382,.T.);
#380 = VERTEX_POINT('',#381);
#381 = CARTESIAN_POINT('',(83.9,49.5,632.90796366637));
#382 = B_SPLINE_CURVE_WITH_KNOTS('',8,(#383,#384,#385,#386,#387,#388,
    #389,#390,#391,#392,#393,#394,#395,#396,#397,#398,#399,#400,#401,
    #402,#403,#404,#405,#406,#407,#408,#409,#410,#411,#412,#413,#414,
    #415,#416,#417,#418,#419,#420,#421,#422,#423,#424,#425,#426,#427,
    #428,#429,#430,#431,#432,#433,#434,#435,#436,#437,#438,#439,#440,
    #441,#442,#443,#444,#445,#446,#447,#448,#449,#450,#451,#452,#453,
    #454,#455,#456,#457,#458,#459,#460,#461,#462,#463,#464,#465,#466,
    #467,#468,#469,#470,#471,#472,#473,#474,#475,#476,#477,#478,#479,
    #480,#481,#482,#483,#484,#485,#486,#487,#488,#489,#490,#491,#492,
    #493,#494,#495,#496,#497,#498,#499,#500,#501,#502,#503,#504,#505,
    #506,#507,#508,#509,#510,#511,#512,#513,#514,#515,#516,#517,#518,
    #519,#520,#521,#522,#523,#524,#525,#526,#527,#528,#529,#530,#531,
    #532,#533,#534,#535,#536,#537,#538),.UNSPECIFIED.,.T.,.F.,(9,7,7,7,7
    ,7,7,7,7,7,7,7,7,7,7,7,7,7,7,7,7,7,9),(0.,6.052401049074E-02,
    0.185667278587,0.212135709031,0.235391298465,0.245732617757,
    0.26489156186,0.290655155808,0.336736088299,0.387930483156,
    0.470344938616,0.581676090036,0.62112024574,0.671022685092,
    0.709299159755,0.739861189641,0.766178963645,0.792065144578,
    0.803436785711,0.82242505243,0.858184020736,0.904779146164,1.),
  .UNSPECIFIED.);
#383 = CARTESIAN_POINT('',(83.9,49.5,632.90796366637));
#384 = CARTESIAN_POINT('',(83.9,49.664769438628,632.6674276291));
#385 = CARTESIAN_POINT('',(83.907567639124,49.827955434996,
    632.42633760119));
#386 = CARTESIAN_POINT('',(83.92244845367,49.989413179096,
    632.18492143432));
#387 = CARTESIAN_POINT('',(83.944432164744,50.149022421245,
    631.94338302673));
#388 = CARTESIAN_POINT('',(83.97335145359,50.306679270101,
    631.70191421076));
#389 = CARTESIAN_POINT('',(84.009080736918,50.462287990677,
    631.46070664039));
#390 = CARTESIAN_POINT('',(84.051534942238,50.615752802363,
    631.21996367882));
#391 = CARTESIAN_POINT('',(84.202259483267,51.079635240936,
    630.4835668594));
#392 = CARTESIAN_POINT('',(84.331140482975,51.378797651601,
    629.9963590257));
#393 = CARTESIAN_POINT('',(84.486597956771,51.666834570106,
    629.51561359034));
#394 = CARTESIAN_POINT('',(84.670065415254,51.945262104708,
    629.03954364699));
#395 = CARTESIAN_POINT('',(84.884406241223,52.213993256099,
    628.56876825216));
#396 = CARTESIAN_POINT('',(85.133230620192,52.470731062879,
    628.10781361085));
#397 = CARTESIAN_POINT('',(85.420233791967,52.710777273226,
    627.66676900646));
#398 = CARTESIAN_POINT('',(85.817928812442,52.972098378261,
    627.1774053734));
#399 = CARTESIAN_POINT('',(85.889375032906,53.016743032178,
    627.09342221703));
#400 = CARTESIAN_POINT('',(85.962931760691,53.06036078903,
    627.01100646784));
#401 = CARTESIAN_POINT('',(86.038689539989,53.102883881295,
    626.9303112083));
#402 = CARTESIAN_POINT('',(86.116735359318,53.144227115373,
    626.85152546069));
#403 = CARTESIAN_POINT('',(86.197152592863,53.184288204183,626.774874311
    ));
#404 = CARTESIAN_POINT('',(86.280020941825,53.222948099758,
    626.70061903277));
#405 = CARTESIAN_POINT('',(86.440446179861,53.292688390376,
    626.56618184136));
#406 = CARTESIAN_POINT('',(86.517478992606,53.324141843831,
    626.50534208217));
#407 = CARTESIAN_POINT('',(86.59653493701,53.354320777496,626.4467755375
    ));
#408 = CARTESIAN_POINT('',(86.677630339363,53.383108492428,
    626.39073453191));
#409 = CARTESIAN_POINT('',(86.760777712708,53.410382213955,
    626.33748603165));
#410 = CARTESIAN_POINT('',(86.84598574032,53.436012806193,626.2873115659
    ));
#411 = CARTESIAN_POINT('',(86.933259259183,53.459864486562,
    626.24050714801));
#412 = CARTESIAN_POINT('',(87.062327039049,53.491546419019,
    626.17820679396));
#413 = CARTESIAN_POINT('',(87.102454830817,53.500916166678,
    626.15976233737));
#414 = CARTESIAN_POINT('',(87.142970528685,53.509888630566,
    626.1420823157));
#415 = CARTESIAN_POINT('',(87.183862007904,53.518449194011,
    626.12519812485));
#416 = CARTESIAN_POINT('',(87.225117109058,53.526583776383,
    626.10914006793));
#417 = CARTESIAN_POINT('',(87.266723638065,53.534278833089,
    626.09393735518));
#418 = CARTESIAN_POINT('',(87.308669366182,53.541521355575,
    626.07961810403));
#419 = CARTESIAN_POINT('',(87.429258884964,53.560855300709,
    626.04136746245));
#420 = CARTESIAN_POINT('',(87.508756468751,53.571824980132,
    626.01963202918));
#421 = CARTESIAN_POINT('',(87.589245510066,53.581105927615,
    626.00121945934));
#422 = CARTESIAN_POINT('',(87.670537626156,53.588616288057,
    625.98630487926));
#423 = CARTESIAN_POINT('',(87.752445317774,53.594293990411,
    625.97502204243));
#424 = CARTESIAN_POINT('',(87.834781964135,53.598096404862,
    625.9674632505));
#425 = CARTESIAN_POINT('',(87.917361817873,53.6,625.96367927416));
#426 = CARTESIAN_POINT('',(88.111125986775,53.6,625.96367927416));
#427 = CARTESIAN_POINT('',(88.222024068195,53.596557653597,
    625.97052170043));
#428 = CARTESIAN_POINT('',(88.332303169149,53.589698081115,
    625.98415816374));
#429 = CARTESIAN_POINT('',(88.441569663725,53.579497183414,
    626.00442432323));
#430 = CARTESIAN_POINT('',(88.549427340332,53.566083383498,
    626.03104028951));
#431 = CARTESIAN_POINT('',(88.655477366831,53.549639368126,
    626.06361102765));
#432 = CARTESIAN_POINT('',(88.75931825566,53.530403829419,
    626.10162676029));
#433 = CARTESIAN_POINT('',(89.04160212805,53.469805672259,
    626.22108121198));
#434 = CARTESIAN_POINT('',(89.214405634295,53.422933417566,
    626.31316796803));
#435 = CARTESIAN_POINT('',(89.379050250751,53.369215935205,
    626.41821594886));
#436 = CARTESIAN_POINT('',(89.535706753706,53.309658991047,
    626.53401812376));
#437 = CARTESIAN_POINT('',(89.684611736223,53.245131627573,
    626.65866465458));
#438 = CARTESIAN_POINT('',(89.826056903139,53.176375985078,
    626.79053762418));
#439 = CARTESIAN_POINT('',(89.960378717509,53.104009940531,
    626.92830395994));
#440 = CARTESIAN_POINT('',(90.229674102973,52.944658580694,
    627.22933332517));
#441 = CARTESIAN_POINT('',(90.363584186394,52.856635802965,
    627.39430871627));
#442 = CARTESIAN_POINT('',(90.490066412899,52.765084580477,
    627.56444263349));
#443 = CARTESIAN_POINT('',(90.60954204185,52.670488267732,
    627.73867680893));
#444 = CARTESIAN_POINT('',(90.722448422862,52.573188371204,
    627.91625722232));
#445 = CARTESIAN_POINT('',(90.829221590856,52.473389696397,
    628.09670652434));
#446 = CARTESIAN_POINT('',(90.930278861093,52.371165494903,
    628.27979646003));
#447 = CARTESIAN_POINT('',(91.180098819798,52.097908394768,
    628.76450475182));
#448 = CARTESIAN_POINT('',(91.320222043182,51.923093429301,
    629.07002583934));
#449 = CARTESIAN_POINT('',(91.447013804843,51.742899854365,
    629.38010872192));
#450 = CARTESIAN_POINT('',(91.561056033996,51.557924042879,
    629.69343490307));
#451 = CARTESIAN_POINT('',(91.662828945719,51.368511488966,
    630.00920485621));
#452 = CARTESIAN_POINT('',(91.75266924103,51.174801596081,
    630.32700435235));
#453 = CARTESIAN_POINT('',(91.830727439916,50.976782365663,
    630.64667448149));
#454 = CARTESIAN_POINT('',(91.986347712229,50.50090206965,
    631.40250452948));
#455 = CARTESIAN_POINT('',(92.053900068034,50.220098993299,
    631.83908098562));
#456 = CARTESIAN_POINT('',(92.099336729087,49.932517524663,
    632.27663215431));
#457 = CARTESIAN_POINT('',(92.121961670641,49.638689025969,
    632.71407316221));
#458 = CARTESIAN_POINT('',(92.120631001248,49.339232624344,
    633.15028623356));
#459 = CARTESIAN_POINT('',(92.093751296695,49.035011925905,
    633.58391405981));
#460 = CARTESIAN_POINT('',(92.039273790464,48.727323516925,
    634.01316956349));
#461 = CARTESIAN_POINT('',(91.924716112537,48.308571173323,
    634.58533908408));
#462 = CARTESIAN_POINT('',(91.890967455842,48.198832589726,
    634.73417264907));
#463 = CARTESIAN_POINT('',(91.85332739422,48.088992173083,
    634.88204769505));
#464 = CARTESIAN_POINT('',(91.811678252564,47.979151454307,
    635.0288420798));
#465 = CARTESIAN_POINT('',(91.765896728342,47.869426648227,
    635.17441910959));
#466 = CARTESIAN_POINT('',(91.715853887892,47.759949235319,
    635.31862766005));
#467 = CARTESIAN_POINT('',(91.661415162727,47.650866543437,
    635.46130229704));
#468 = CARTESIAN_POINT('',(91.52782885598,47.405043839938,
    635.78059913929));
#469 = CARTESIAN_POINT('',(91.445931467459,47.26859301194,
    635.95625234182));
#470 = CARTESIAN_POINT('',(91.3564870015,47.133381289587,636.12877926905
    ));
#471 = CARTESIAN_POINT('',(91.25923431646,46.999844069267,
    636.29770154195));
#472 = CARTESIAN_POINT('',(91.15391730514,46.868467875731,
    636.46249871829));
#473 = CARTESIAN_POINT('',(91.040289892102,46.739797538094,
    636.62260087241));
#474 = CARTESIAN_POINT('',(90.918121030988,46.614443365847,
    636.77738117507));
#475 = CARTESIAN_POINT('',(90.68677962211,46.400005838074,
    637.04025687747));
#476 = CARTESIAN_POINT('',(90.58118737405,46.309254766875,
    637.15085391401));
#477 = CARTESIAN_POINT('',(90.470408709012,46.221224843442,
    637.25752654508));
#478 = CARTESIAN_POINT('',(90.354456349485,46.136315385189,
    637.35986216764));
#479 = CARTESIAN_POINT('',(90.233370167804,46.054933921895,
    637.45744793853));
#480 = CARTESIAN_POINT('',(90.107217364853,45.977494822855,
    637.54987009964));
#481 = CARTESIAN_POINT('',(89.976092648778,45.904417924011,
    637.63671330308));
#482 = CARTESIAN_POINT('',(89.731549150894,45.781600071849,
    637.78211230803));
#483 = CARTESIAN_POINT('',(89.61989224369,45.730126578164,
    637.84283886567));
#484 = CARTESIAN_POINT('',(89.50530734085,45.681970660927,
    637.89946989849));
#485 = CARTESIAN_POINT('',(89.387972066145,45.637379392606,
    637.95175735639));
#486 = CARTESIAN_POINT('',(89.268081878053,45.596581777126,
    637.99947443214));
#487 = CARTESIAN_POINT('',(89.145849929454,45.559787595751,
    638.04241514359));
#488 = CARTESIAN_POINT('',(89.021506927338,45.527186252968,
    638.08039391594));
#489 = CARTESIAN_POINT('',(88.786621716835,45.474626866807,
    638.14153424431));
#490 = CARTESIAN_POINT('',(88.676580311035,45.45354610963,
    638.16601595441));
#491 = CARTESIAN_POINT('',(88.565389580697,45.43581981664,638.1865740935
    ));
#492 = CARTESIAN_POINT('',(88.453267562512,45.421542111241,
    638.2031155056));
#493 = CARTESIAN_POINT('',(88.340437337959,45.41078445926,638.2155699698
    ));
#494 = CARTESIAN_POINT('',(88.227126846981,45.403595353787,
    638.22389009053));
#495 = CARTESIAN_POINT('',(88.113568701681,45.4,638.22805118789));
#496 = CARTESIAN_POINT('',(87.888293745524,45.4,638.22805118789));
#497 = CARTESIAN_POINT('',(87.776597256545,45.403478390578,
    638.22402546233));
#498 = CARTESIAN_POINT('',(87.665136278094,45.410433713544,
    638.21597589871));
#499 = CARTESIAN_POINT('',(87.554132410042,45.420842377344,
    638.20392560165));
#500 = CARTESIAN_POINT('',(87.443802938421,45.434658942866,
    638.18791899288));
#501 = CARTESIAN_POINT('',(87.334360666731,45.451816409244,
    638.16802191131));
#502 = CARTESIAN_POINT('',(87.226013747262,45.472226499659,
    638.14432171309));
#503 = CARTESIAN_POINT('',(87.071939876839,45.50612683273,
    638.10489320485));
#504 = CARTESIAN_POINT('',(87.025160458294,45.517081319545,
    638.09214500712));
#505 = CARTESIAN_POINT('',(86.978642689654,45.528634616491,
    638.07869145833));
#506 = CARTESIAN_POINT('',(86.932401314279,45.540777491393,
    638.06454168032));
#507 = CARTESIAN_POINT('',(86.886450385996,45.553500271006,
    638.04970523698));
#508 = CARTESIAN_POINT('',(86.840803269108,45.566792841013,
    638.03419213421));
#509 = CARTESIAN_POINT('',(86.795472638387,45.580644646026,
    638.01801281996));
#510 = CARTESIAN_POINT('',(86.6753262678,45.619089756135,637.97306785688
    ));
#511 = CARTESIAN_POINT('',(86.601106685495,45.64466086665,
    637.94313353767));
#512 = CARTESIAN_POINT('',(86.527859686504,45.671708873011,
    637.91142335278));
#513 = CARTESIAN_POINT('',(86.455630595649,45.700182430888,
    637.87798790649));
#514 = CARTESIAN_POINT('',(86.384462108229,45.730027999739,
    637.84288028108));
#515 = CARTESIAN_POINT('',(86.314394290018,45.761189842809,
    637.80615603687));
#516 = CARTESIAN_POINT('',(86.245464577272,45.79361002713,
    637.76787321222));
#517 = CARTESIAN_POINT('',(86.050107226371,45.890539055765,
    637.65317639991));
#518 = CARTESIAN_POINT('',(85.926715397427,45.958075050436,
    637.57297675488));
#519 = CARTESIAN_POINT('',(85.807641816261,46.029488898828,
    637.48783581799));
#520 = CARTESIAN_POINT('',(85.692973948254,46.104434894327,
    637.39809561978));
#521 = CARTESIAN_POINT('',(85.582777309503,46.182570207448,
    637.30409829489));
#522 = CARTESIAN_POINT('',(85.477095578545,46.263555960879,
    637.20618658533));
#523 = CARTESIAN_POINT('',(85.375950708071,46.347058304525,
    637.10470434364));
#524 = CARTESIAN_POINT('',(85.153460026589,46.544407956921,
    636.86355993084));
#525 = CARTESIAN_POINT('',(85.035250750405,46.659809672611,
    636.72161420135));
#526 = CARTESIAN_POINT('',(84.92456380695,46.778374269408,
    636.57474546317));
#527 = CARTESIAN_POINT('',(84.821228357263,46.899575960602,
    636.42349134265));
#528 = CARTESIAN_POINT('',(84.725058027393,47.022938546263,
    636.26834699056));
#529 = CARTESIAN_POINT('',(84.635854811204,47.148030418521,
    636.10977059556));
#530 = CARTESIAN_POINT('',(84.553412973198,47.27445956685,
    635.94818889778));
#531 = CARTESIAN_POINT('',(84.32243564091,47.662239066883,
    635.44847512143));
#532 = CARTESIAN_POINT('',(84.194624782694,47.926843783282,
    635.10188712758));
#533 = CARTESIAN_POINT('',(84.092055792613,48.193138525139,
    634.74699334655));
#534 = CARTESIAN_POINT('',(84.012860183872,48.459263498839,
    634.38592319361));
#535 = CARTESIAN_POINT('',(83.955370362792,48.723866684864,
    634.02032825141));
#536 = CARTESIAN_POINT('',(83.918147146148,48.985965323113,
    633.65149842302));
#537 = CARTESIAN_POINT('',(83.9,49.24484552324,633.28044686011));
#538 = CARTESIAN_POINT('',(83.9,49.5,632.90796366637));
#539 = CYLINDRICAL_SURFACE('',#540,60.);
#540 = AXIS2_PLACEMENT_3D('',#541,#542,#543);
#541 = CARTESIAN_POINT('',(58.,0.,599.));
#542 = DIRECTION('',(1.,0.,0.));
#543 = DIRECTION('',(0.,0.,1.));
#544 = ADVANCED_FACE('',(#545),#582,.T.);
#545 = FACE_BOUND('',#546,.T.);
#546 = EDGE_LOOP('',(#547,#548,#549,#558,#566,#575));
#547 = ORIENTED_EDGE('',*,*,#154,.F.);
#548 = ORIENTED_EDGE('',*,*,#50,.T.);
#549 = ORIENTED_EDGE('',*,*,#550,.T.);
#550 = EDGE_CURVE('',#42,#551,#553,.T.);
#551 = VERTEX_POINT('',#552);
#552 = CARTESIAN_POINT('',(118.,-57.5,599.));
#553 = CIRCLE('',#554,57.5);
#554 = AXIS2_PLACEMENT_3D('',#555,#556,#557);
#555 = CARTESIAN_POINT('',(118.,0.,599.));
#556 = DIRECTION('',(1.,0.,-0.));
#557 = DIRECTION('',(0.,0.,1.));
#558 = ORIENTED_EDGE('',*,*,#559,.F.);
#559 = EDGE_CURVE('',#560,#551,#562,.T.);
#560 = VERTEX_POINT('',#561);
#561 = CARTESIAN_POINT('',(118.,-44.2,599.));
#562 = LINE('',#563,#564);
#563 = CARTESIAN_POINT('',(118.,-31.5,599.));
#564 = VECTOR('',#565,1.);
#565 = DIRECTION('',(0.,-1.,0.));
#566 = ORIENTED_EDGE('',*,*,#567,.F.);
#567 = EDGE_CURVE('',#568,#560,#570,.T.);
#568 = VERTEX_POINT('',#569);
#569 = CARTESIAN_POINT('',(118.,1.082587770446E-14,643.2));
#570 = CIRCLE('',#571,44.2);
#571 = AXIS2_PLACEMENT_3D('',#572,#573,#574);
#572 = CARTESIAN_POINT('',(118.,0.,599.));
#573 = DIRECTION('',(1.,0.,-0.));
#574 = DIRECTION('',(0.,0.,1.));
#575 = ORIENTED_EDGE('',*,*,#576,.F.);
#576 = EDGE_CURVE('',#147,#568,#577,.T.);
#577 = CIRCLE('',#578,44.2);
#578 = AXIS2_PLACEMENT_3D('',#579,#580,#581);
#579 = CARTESIAN_POINT('',(118.,0.,599.));
#580 = DIRECTION('',(1.,0.,-0.));
#581 = DIRECTION('',(0.,0.,1.));
#582 = PLANE('',#583);
#583 = AXIS2_PLACEMENT_3D('',#584,#585,#586);
#584 = CARTESIAN_POINT('',(118.,0.,599.));
#585 = DIRECTION('',(1.,0.,0.));
#586 = DIRECTION('',(0.,0.,1.));
#587 = ADVANCED_FACE('',(#588),#600,.T.);
#588 = FACE_BOUND('',#589,.T.);
#589 = EDGE_LOOP('',(#590,#591,#592,#599));
#590 = ORIENTED_EDGE('',*,*,#41,.F.);
#591 = ORIENTED_EDGE('',*,*,#198,.T.);
#592 = ORIENTED_EDGE('',*,*,#593,.T.);
#593 = EDGE_CURVE('',#191,#551,#594,.T.);
#594 = CIRCLE('',#595,2.5);
#595 = AXIS2_PLACEMENT_3D('',#596,#597,#598);
#596 = CARTESIAN_POINT('',(115.5,-57.5,599.));
#597 = DIRECTION('',(-0.,0.,1.));
#598 = DIRECTION('',(0.,-1.,0.));
#599 = ORIENTED_EDGE('',*,*,#550,.F.);
#600 = TOROIDAL_SURFACE('',#601,57.5,2.5);
#601 = AXIS2_PLACEMENT_3D('',#602,#603,#604);
#602 = CARTESIAN_POINT('',(115.5,0.,599.));
#603 = DIRECTION('',(1.,0.,0.));
#604 = DIRECTION('',(0.,0.,1.));
#605 = ADVANCED_FACE('',(#606),#625,.F.);
#606 = FACE_BOUND('',#607,.F.);
#607 = EDGE_LOOP('',(#608,#616,#617,#618));
#608 = ORIENTED_EDGE('',*,*,#609,.T.);
#609 = EDGE_CURVE('',#610,#568,#612,.T.);
#610 = VERTEX_POINT('',#611);
#611 = CARTESIAN_POINT('',(115.,1.082587770446E-14,643.2));
#612 = LINE('',#613,#614);
#613 = CARTESIAN_POINT('',(115.,1.082587770446E-14,643.2));
#614 = VECTOR('',#615,1.);
#615 = DIRECTION('',(1.,0.,0.));
#616 = ORIENTED_EDGE('',*,*,#576,.F.);
#617 = ORIENTED_EDGE('',*,*,#146,.F.);
#618 = ORIENTED_EDGE('',*,*,#619,.T.);
#619 = EDGE_CURVE('',#139,#610,#620,.T.);
#620 = CIRCLE('',#621,44.2);
#621 = AXIS2_PLACEMENT_3D('',#622,#623,#624);
#622 = CARTESIAN_POINT('',(115.,0.,599.));
#623 = DIRECTION('',(1.,0.,-0.));
#624 = DIRECTION('',(0.,0.,1.));
#625 = CYLINDRICAL_SURFACE('',#626,44.2);
#626 = AXIS2_PLACEMENT_3D('',#627,#628,#629);
#627 = CARTESIAN_POINT('',(115.,0.,599.));
#628 = DIRECTION('',(1.,0.,0.));
#629 = DIRECTION('',(0.,0.,1.));
#630 = ADVANCED_FACE('',(#631,#668,#679),#690,.T.);
#631 = FACE_BOUND('',#632,.T.);
#632 = EDGE_LOOP('',(#633,#634,#643,#651,#660,#667));
#633 = ORIENTED_EDGE('',*,*,#619,.T.);
#634 = ORIENTED_EDGE('',*,*,#635,.T.);
#635 = EDGE_CURVE('',#610,#636,#638,.T.);
#636 = VERTEX_POINT('',#637);
#637 = CARTESIAN_POINT('',(115.,-44.2,599.));
#638 = CIRCLE('',#639,44.2);
#639 = AXIS2_PLACEMENT_3D('',#640,#641,#642);
#640 = CARTESIAN_POINT('',(115.,0.,599.));
#641 = DIRECTION('',(1.,0.,-0.));
#642 = DIRECTION('',(0.,0.,1.));
#643 = ORIENTED_EDGE('',*,*,#644,.T.);
#644 = EDGE_CURVE('',#636,#645,#647,.T.);
#645 = VERTEX_POINT('',#646);
#646 = CARTESIAN_POINT('',(115.,-38.,599.));
#647 = LINE('',#648,#649);
#648 = CARTESIAN_POINT('',(115.,-31.5,599.));
#649 = VECTOR('',#650,1.);
#650 = DIRECTION('',(0.,1.,0.));
#651 = ORIENTED_EDGE('',*,*,#652,.F.);
#652 = EDGE_CURVE('',#653,#645,#655,.T.);
#653 = VERTEX_POINT('',#654);
#654 = CARTESIAN_POINT('',(115.,9.30731567352E-15,637.));
#655 = CIRCLE('',#656,38.);
#656 = AXIS2_PLACEMENT_3D('',#657,#658,#659);
#657 = CARTESIAN_POINT('',(115.,0.,599.));
#658 = DIRECTION('',(1.,0.,-0.));
#659 = DIRECTION('',(0.,0.,1.));
#660 = ORIENTED_EDGE('',*,*,#661,.F.);
#661 = EDGE_CURVE('',#131,#653,#662,.T.);
#662 = CIRCLE('',#663,38.);
#663 = AXIS2_PLACEMENT_3D('',#664,#665,#666);
#664 = CARTESIAN_POINT('',(115.,0.,599.));
#665 = DIRECTION('',(1.,0.,-0.));
#666 = DIRECTION('',(0.,0.,1.));
#667 = ORIENTED_EDGE('',*,*,#138,.T.);
#668 = FACE_BOUND('',#669,.T.);
#669 = EDGE_LOOP('',(#670));
#670 = ORIENTED_EDGE('',*,*,#671,.T.);
#671 = EDGE_CURVE('',#672,#672,#674,.T.);
#672 = VERTEX_POINT('',#673);
#673 = CARTESIAN_POINT('',(115.,28.637824638055,625.93782463805));
#674 = CIRCLE('',#675,1.7);
#675 = AXIS2_PLACEMENT_3D('',#676,#677,#678);
#676 = CARTESIAN_POINT('',(115.,28.637824638055,627.63782463805));
#677 = DIRECTION('',(-1.,0.,0.));
#678 = DIRECTION('',(0.,0.,-1.));
#679 = FACE_BOUND('',#680,.T.);
#680 = EDGE_LOOP('',(#681));
#681 = ORIENTED_EDGE('',*,*,#682,.T.);
#682 = EDGE_CURVE('',#683,#683,#685,.T.);
#683 = VERTEX_POINT('',#684);
#684 = CARTESIAN_POINT('',(115.,-28.63782463805,625.93782463805));
#685 = CIRCLE('',#686,1.7);
#686 = AXIS2_PLACEMENT_3D('',#687,#688,#689);
#687 = CARTESIAN_POINT('',(115.,-28.63782463805,627.63782463805));
#688 = DIRECTION('',(-1.,0.,0.));
#689 = DIRECTION('',(0.,0.,-1.));
#690 = PLANE('',#691);
#691 = AXIS2_PLACEMENT_3D('',#692,#693,#694);
#692 = CARTESIAN_POINT('',(115.,0.,599.));
#693 = DIRECTION('',(1.,0.,0.));
#694 = DIRECTION('',(0.,0.,1.));
#695 = ADVANCED_FACE('',(#696),#715,.F.);
#696 = FACE_BOUND('',#697,.F.);
#697 = EDGE_LOOP('',(#698,#707,#713,#714));
#698 = ORIENTED_EDGE('',*,*,#699,.T.);
#699 = EDGE_CURVE('',#123,#700,#702,.T.);
#700 = VERTEX_POINT('',#701);
#701 = CARTESIAN_POINT('',(113.,9.30731567352E-15,637.));
#702 = CIRCLE('',#703,38.);
#703 = AXIS2_PLACEMENT_3D('',#704,#705,#706);
#704 = CARTESIAN_POINT('',(113.,0.,599.));
#705 = DIRECTION('',(1.,0.,-0.));
#706 = DIRECTION('',(0.,0.,1.));
#707 = ORIENTED_EDGE('',*,*,#708,.T.);
#708 = EDGE_CURVE('',#700,#653,#709,.T.);
#709 = LINE('',#710,#711);
#710 = CARTESIAN_POINT('',(113.,9.30731567352E-15,637.));
#711 = VECTOR('',#712,1.);
#712 = DIRECTION('',(1.,0.,0.));
#713 = ORIENTED_EDGE('',*,*,#661,.F.);
#714 = ORIENTED_EDGE('',*,*,#130,.F.);
#715 = CYLINDRICAL_SURFACE('',#716,38.);
#716 = AXIS2_PLACEMENT_3D('',#717,#718,#719);
#717 = CARTESIAN_POINT('',(113.,0.,599.));
#718 = DIRECTION('',(1.,0.,0.));
#719 = DIRECTION('',(0.,0.,1.));
#720 = ADVANCED_FACE('',(#721),#783,.T.);
#721 = FACE_BOUND('',#722,.T.);
#722 = EDGE_LOOP('',(#723,#724,#725,#734,#742,#751,#759,#768,#776));
#723 = ORIENTED_EDGE('',*,*,#122,.T.);
#724 = ORIENTED_EDGE('',*,*,#699,.T.);
#725 = ORIENTED_EDGE('',*,*,#726,.T.);
#726 = EDGE_CURVE('',#700,#727,#729,.T.);
#727 = VERTEX_POINT('',#728);
#728 = CARTESIAN_POINT('',(113.,-38.,599.));
#729 = CIRCLE('',#730,38.);
#730 = AXIS2_PLACEMENT_3D('',#731,#732,#733);
#731 = CARTESIAN_POINT('',(113.,0.,599.));
#732 = DIRECTION('',(1.,0.,-0.));
#733 = DIRECTION('',(0.,0.,1.));
#734 = ORIENTED_EDGE('',*,*,#735,.T.);
#735 = EDGE_CURVE('',#727,#736,#738,.T.);
#736 = VERTEX_POINT('',#737);
#737 = CARTESIAN_POINT('',(113.,-18.,599.));
#738 = LINE('',#739,#740);
#739 = CARTESIAN_POINT('',(113.,-31.5,599.));
#740 = VECTOR('',#741,1.);
#741 = DIRECTION('',(0.,1.,0.));
#742 = ORIENTED_EDGE('',*,*,#743,.F.);
#743 = EDGE_CURVE('',#744,#736,#746,.T.);
#744 = VERTEX_POINT('',#745);
#745 = CARTESIAN_POINT('',(113.,-17.54992877478,603.));
#746 = CIRCLE('',#747,18.);
#747 = AXIS2_PLACEMENT_3D('',#748,#749,#750);
#748 = CARTESIAN_POINT('',(113.,0.,599.));
#749 = DIRECTION('',(1.,0.,-0.));
#750 = DIRECTION('',(0.,0.,1.));
#751 = ORIENTED_EDGE('',*,*,#752,.F.);
#752 = EDGE_CURVE('',#753,#744,#755,.T.);
#753 = VERTEX_POINT('',#754);
#754 = CARTESIAN_POINT('',(113.,-29.73213749463,603.));
#755 = LINE('',#756,#757);
#756 = CARTESIAN_POINT('',(113.,-31.5,603.));
#757 = VECTOR('',#758,1.);
#758 = DIRECTION('',(0.,1.,0.));
#759 = ORIENTED_EDGE('',*,*,#760,.F.);
#760 = EDGE_CURVE('',#761,#753,#763,.T.);
#761 = VERTEX_POINT('',#762);
#762 = CARTESIAN_POINT('',(113.,29.732137494637,603.));
#763 = CIRCLE('',#764,30.);
#764 = AXIS2_PLACEMENT_3D('',#765,#766,#767);
#765 = CARTESIAN_POINT('',(113.,0.,599.));
#766 = DIRECTION('',(1.,0.,-0.));
#767 = DIRECTION('',(0.,0.,1.));
#768 = ORIENTED_EDGE('',*,*,#769,.F.);
#769 = EDGE_CURVE('',#770,#761,#772,.T.);
#770 = VERTEX_POINT('',#771);
#771 = CARTESIAN_POINT('',(113.,17.549928774784,603.));
#772 = LINE('',#773,#774);
#773 = CARTESIAN_POINT('',(113.,-31.5,603.));
#774 = VECTOR('',#775,1.);
#775 = DIRECTION('',(0.,1.,0.));
#776 = ORIENTED_EDGE('',*,*,#777,.F.);
#777 = EDGE_CURVE('',#115,#770,#778,.T.);
#778 = CIRCLE('',#779,18.);
#779 = AXIS2_PLACEMENT_3D('',#780,#781,#782);
#780 = CARTESIAN_POINT('',(113.,0.,599.));
#781 = DIRECTION('',(1.,0.,-0.));
#782 = DIRECTION('',(0.,0.,1.));
#783 = PLANE('',#784);
#784 = AXIS2_PLACEMENT_3D('',#785,#786,#787);
#785 = CARTESIAN_POINT('',(113.,0.,599.));
#786 = DIRECTION('',(1.,0.,0.));
#787 = DIRECTION('',(0.,0.,1.));
#788 = ADVANCED_FACE('',(#789),#808,.F.);
#789 = FACE_BOUND('',#790,.F.);
#790 = EDGE_LOOP('',(#791,#800,#806,#807));
#791 = ORIENTED_EDGE('',*,*,#792,.T.);
#792 = EDGE_CURVE('',#107,#793,#795,.T.);
#793 = VERTEX_POINT('',#794);
#794 = CARTESIAN_POINT('',(90.1,17.549928774784,603.));
#795 = CIRCLE('',#796,18.);
#796 = AXIS2_PLACEMENT_3D('',#797,#798,#799);
#797 = CARTESIAN_POINT('',(90.1,0.,599.));
#798 = DIRECTION('',(1.,0.,-0.));
#799 = DIRECTION('',(0.,0.,1.));
#800 = ORIENTED_EDGE('',*,*,#801,.T.);
#801 = EDGE_CURVE('',#793,#770,#802,.T.);
#802 = LINE('',#803,#804);
#803 = CARTESIAN_POINT('',(90.1,17.549928774784,603.));
#804 = VECTOR('',#805,1.);
#805 = DIRECTION('',(1.,0.,0.));
#806 = ORIENTED_EDGE('',*,*,#777,.F.);
#807 = ORIENTED_EDGE('',*,*,#114,.F.);
#808 = CYLINDRICAL_SURFACE('',#809,18.);
#809 = AXIS2_PLACEMENT_3D('',#810,#811,#812);
#810 = CARTESIAN_POINT('',(90.1,0.,599.));
#811 = DIRECTION('',(1.,0.,0.));
#812 = DIRECTION('',(0.,0.,1.));
#813 = ADVANCED_FACE('',(#814),#867,.T.);
#814 = FACE_BOUND('',#815,.T.);
#815 = EDGE_LOOP('',(#816,#824,#833,#841,#850,#858,#865,#866));
#816 = ORIENTED_EDGE('',*,*,#817,.F.);
#817 = EDGE_CURVE('',#818,#793,#820,.T.);
#818 = VERTEX_POINT('',#819);
#819 = CARTESIAN_POINT('',(90.1,-17.54992877478,603.));
#820 = LINE('',#821,#822);
#821 = CARTESIAN_POINT('',(90.1,-44.15,603.));
#822 = VECTOR('',#823,1.);
#823 = DIRECTION('',(0.,1.,0.));
#824 = ORIENTED_EDGE('',*,*,#825,.T.);
#825 = EDGE_CURVE('',#818,#826,#828,.T.);
#826 = VERTEX_POINT('',#827);
#827 = CARTESIAN_POINT('',(90.1,-18.,599.));
#828 = CIRCLE('',#829,18.);
#829 = AXIS2_PLACEMENT_3D('',#830,#831,#832);
#830 = CARTESIAN_POINT('',(90.1,0.,599.));
#831 = DIRECTION('',(1.,0.,-0.));
#832 = DIRECTION('',(0.,0.,1.));
#833 = ORIENTED_EDGE('',*,*,#834,.T.);
#834 = EDGE_CURVE('',#826,#835,#837,.T.);
#835 = VERTEX_POINT('',#836);
#836 = CARTESIAN_POINT('',(90.1,-13.55000000001,599.));
#837 = LINE('',#838,#839);
#838 = CARTESIAN_POINT('',(90.1,-31.5,599.));
#839 = VECTOR('',#840,1.);
#840 = DIRECTION('',(0.,1.,0.));
#841 = ORIENTED_EDGE('',*,*,#842,.T.);
#842 = EDGE_CURVE('',#835,#843,#845,.T.);
#843 = VERTEX_POINT('',#844);
#844 = CARTESIAN_POINT('',(90.1,-9.049999999982,599.));
#845 = CIRCLE('',#846,2.25);
#846 = AXIS2_PLACEMENT_3D('',#847,#848,#849);
#847 = CARTESIAN_POINT('',(90.1,-11.3,599.));
#848 = DIRECTION('',(-1.,0.,0.));
#849 = DIRECTION('',(0.,0.,-1.));
#850 = ORIENTED_EDGE('',*,*,#851,.T.);
#851 = EDGE_CURVE('',#843,#852,#854,.T.);
#852 = VERTEX_POINT('',#853);
#853 = CARTESIAN_POINT('',(90.1,9.049999999993,599.));
#854 = LINE('',#855,#856);
#855 = CARTESIAN_POINT('',(90.1,-31.5,599.));
#856 = VECTOR('',#857,1.);
#857 = DIRECTION('',(0.,1.,0.));
#858 = ORIENTED_EDGE('',*,*,#859,.T.);
#859 = EDGE_CURVE('',#852,#99,#860,.T.);
#860 = CIRCLE('',#861,2.25);
#861 = AXIS2_PLACEMENT_3D('',#862,#863,#864);
#862 = CARTESIAN_POINT('',(90.1,11.3,599.));
#863 = DIRECTION('',(-1.,0.,0.));
#864 = DIRECTION('',(0.,0.,-1.));
#865 = ORIENTED_EDGE('',*,*,#106,.T.);
#866 = ORIENTED_EDGE('',*,*,#792,.T.);
#867 = PLANE('',#868);
#868 = AXIS2_PLACEMENT_3D('',#869,#870,#871);
#869 = CARTESIAN_POINT('',(90.1,0.,599.));
#870 = DIRECTION('',(1.,0.,0.));
#871 = DIRECTION('',(0.,0.,1.));
#872 = ADVANCED_FACE('',(#873),#892,.F.);
#873 = FACE_BOUND('',#874,.F.);
#874 = EDGE_LOOP('',(#875,#883,#884,#885));
#875 = ORIENTED_EDGE('',*,*,#876,.F.);
#876 = EDGE_CURVE('',#852,#877,#879,.T.);
#877 = VERTEX_POINT('',#878);
#878 = CARTESIAN_POINT('',(78.1,9.050000000008,599.));
#879 = LINE('',#880,#881);
#880 = CARTESIAN_POINT('',(90.11,9.05,599.));
#881 = VECTOR('',#882,1.);
#882 = DIRECTION('',(-1.,0.,0.));
#883 = ORIENTED_EDGE('',*,*,#859,.T.);
#884 = ORIENTED_EDGE('',*,*,#98,.T.);
#885 = ORIENTED_EDGE('',*,*,#886,.F.);
#886 = EDGE_CURVE('',#877,#91,#887,.T.);
#887 = CIRCLE('',#888,2.25);
#888 = AXIS2_PLACEMENT_3D('',#889,#890,#891);
#889 = CARTESIAN_POINT('',(78.1,11.3,599.));
#890 = DIRECTION('',(-1.,0.,0.));
#891 = DIRECTION('',(0.,0.,-1.));
#892 = CYLINDRICAL_SURFACE('',#893,2.25);
#893 = AXIS2_PLACEMENT_3D('',#894,#895,#896);
#894 = CARTESIAN_POINT('',(90.11,11.3,599.));
#895 = DIRECTION('',(-1.,0.,0.));
#896 = DIRECTION('',(0.,0.,-1.));
#897 = ADVANCED_FACE('',(#898,#975),#986,.T.);
#898 = FACE_BOUND('',#899,.T.);
#899 = EDGE_LOOP('',(#900,#908,#909,#910,#918,#927,#936,#944,#953,#961,
    #969));
#900 = ORIENTED_EDGE('',*,*,#901,.F.);
#901 = EDGE_CURVE('',#83,#902,#904,.T.);
#902 = VERTEX_POINT('',#903);
#903 = CARTESIAN_POINT('',(78.1,22.3,621.3));
#904 = LINE('',#905,#906);
#905 = CARTESIAN_POINT('',(78.1,22.3,528.7));
#906 = VECTOR('',#907,1.);
#907 = DIRECTION('',(0.,0.,1.));
#908 = ORIENTED_EDGE('',*,*,#90,.T.);
#909 = ORIENTED_EDGE('',*,*,#886,.F.);
#910 = ORIENTED_EDGE('',*,*,#911,.T.);
#911 = EDGE_CURVE('',#877,#912,#914,.T.);
#912 = VERTEX_POINT('',#913);
#913 = CARTESIAN_POINT('',(78.1,7.500000000002,599.));
#914 = LINE('',#915,#916);
#915 = CARTESIAN_POINT('',(78.1,-42.65,599.));
#916 = VECTOR('',#917,1.);
#917 = DIRECTION('',(0.,-1.,0.));
#918 = ORIENTED_EDGE('',*,*,#919,.T.);
#919 = EDGE_CURVE('',#912,#920,#922,.T.);
#920 = VERTEX_POINT('',#921);
#921 = CARTESIAN_POINT('',(78.1,1.836970198721E-15,606.5));
#922 = CIRCLE('',#923,7.5);
#923 = AXIS2_PLACEMENT_3D('',#924,#925,#926);
#924 = CARTESIAN_POINT('',(78.1,0.,599.));
#925 = DIRECTION('',(1.,0.,-0.));
#926 = DIRECTION('',(0.,0.,1.));
#927 = ORIENTED_EDGE('',*,*,#928,.T.);
#928 = EDGE_CURVE('',#920,#929,#931,.T.);
#929 = VERTEX_POINT('',#930);
#930 = CARTESIAN_POINT('',(78.1,-7.500000000002,599.));
#931 = CIRCLE('',#932,7.5);
#932 = AXIS2_PLACEMENT_3D('',#933,#934,#935);
#933 = CARTESIAN_POINT('',(78.1,0.,599.));
#934 = DIRECTION('',(1.,0.,-0.));
#935 = DIRECTION('',(0.,0.,1.));
#936 = ORIENTED_EDGE('',*,*,#937,.T.);
#937 = EDGE_CURVE('',#929,#938,#940,.T.);
#938 = VERTEX_POINT('',#939);
#939 = CARTESIAN_POINT('',(78.1,-9.050000000002,599.));
#940 = LINE('',#941,#942);
#941 = CARTESIAN_POINT('',(78.1,-42.65,599.));
#942 = VECTOR('',#943,1.);
#943 = DIRECTION('',(0.,-1.,0.));
#944 = ORIENTED_EDGE('',*,*,#945,.F.);
#945 = EDGE_CURVE('',#946,#938,#948,.T.);
#946 = VERTEX_POINT('',#947);
#947 = CARTESIAN_POINT('',(78.1,-13.54999999999,599.));
#948 = CIRCLE('',#949,2.25);
#949 = AXIS2_PLACEMENT_3D('',#950,#951,#952);
#950 = CARTESIAN_POINT('',(78.1,-11.3,599.));
#951 = DIRECTION('',(-1.,0.,0.));
#952 = DIRECTION('',(0.,0.,-1.));
#953 = ORIENTED_EDGE('',*,*,#954,.T.);
#954 = EDGE_CURVE('',#946,#955,#957,.T.);
#955 = VERTEX_POINT('',#956);
#956 = CARTESIAN_POINT('',(78.1,-22.3,599.));
#957 = LINE('',#958,#959);
#958 = CARTESIAN_POINT('',(78.1,-42.65,599.));
#959 = VECTOR('',#960,1.);
#960 = DIRECTION('',(0.,-1.,0.));
#961 = ORIENTED_EDGE('',*,*,#962,.T.);
#962 = EDGE_CURVE('',#955,#963,#965,.T.);
#963 = VERTEX_POINT('',#964);
#964 = CARTESIAN_POINT('',(78.1,-22.3,621.3));
#965 = LINE('',#966,#967);
#966 = CARTESIAN_POINT('',(78.1,-22.3,528.7));
#967 = VECTOR('',#968,1.);
#968 = DIRECTION('',(0.,0.,1.));
#969 = ORIENTED_EDGE('',*,*,#970,.T.);
#970 = EDGE_CURVE('',#963,#902,#971,.T.);
#971 = LINE('',#972,#973);
#972 = CARTESIAN_POINT('',(78.1,-22.3,621.3));
#973 = VECTOR('',#974,1.);
#974 = DIRECTION('',(0.,1.,0.));
#975 = FACE_BOUND('',#976,.T.);
#976 = EDGE_LOOP('',(#977));
#977 = ORIENTED_EDGE('',*,*,#978,.F.);
#978 = EDGE_CURVE('',#979,#979,#981,.T.);
#979 = VERTEX_POINT('',#980);
#980 = CARTESIAN_POINT('',(78.1,5.510910596163E-16,608.05));
#981 = CIRCLE('',#982,2.25);
#982 = AXIS2_PLACEMENT_3D('',#983,#984,#985);
#983 = CARTESIAN_POINT('',(78.1,0.,610.3));
#984 = DIRECTION('',(-1.,0.,0.));
#985 = DIRECTION('',(0.,0.,-1.));
#986 = PLANE('',#987);
#987 = AXIS2_PLACEMENT_3D('',#988,#989,#990);
#988 = CARTESIAN_POINT('',(78.1,-22.3,528.7));
#989 = DIRECTION('',(-1.,0.,0.));
#990 = DIRECTION('',(0.,0.,1.));
#991 = ADVANCED_FACE('',(#992),#1010,.F.);
#992 = FACE_BOUND('',#993,.F.);
#993 = EDGE_LOOP('',(#994,#995,#996,#1004));
#994 = ORIENTED_EDGE('',*,*,#901,.F.);
#995 = ORIENTED_EDGE('',*,*,#82,.T.);
#996 = ORIENTED_EDGE('',*,*,#997,.T.);
#997 = EDGE_CURVE('',#75,#998,#1000,.T.);
#998 = VERTEX_POINT('',#999);
#999 = CARTESIAN_POINT('',(58.,22.3,621.3));
#1000 = LINE('',#1001,#1002);
#1001 = CARTESIAN_POINT('',(58.,22.3,563.85));
#1002 = VECTOR('',#1003,1.);
#1003 = DIRECTION('',(0.,0.,1.));
#1004 = ORIENTED_EDGE('',*,*,#1005,.F.);
#1005 = EDGE_CURVE('',#902,#998,#1006,.T.);
#1006 = LINE('',#1007,#1008);
#1007 = CARTESIAN_POINT('',(78.1,22.3,621.3));
#1008 = VECTOR('',#1009,1.);
#1009 = DIRECTION('',(-1.,0.,0.));
#1010 = PLANE('',#1011);
#1011 = AXIS2_PLACEMENT_3D('',#1012,#1013,#1014);
#1012 = CARTESIAN_POINT('',(78.1,22.3,528.7));
#1013 = DIRECTION('',(0.,1.,0.));
#1014 = DIRECTION('',(-1.,0.,0.));
#1015 = ADVANCED_FACE('',(#1016,#1044),#1104,.F.);
#1016 = FACE_BOUND('',#1017,.F.);
#1017 = EDGE_LOOP('',(#1018,#1019,#1020,#1021,#1029,#1037,#1043));
#1018 = ORIENTED_EDGE('',*,*,#74,.F.);
#1019 = ORIENTED_EDGE('',*,*,#207,.T.);
#1020 = ORIENTED_EDGE('',*,*,#179,.T.);
#1021 = ORIENTED_EDGE('',*,*,#1022,.F.);
#1022 = EDGE_CURVE('',#1023,#182,#1025,.T.);
#1023 = VERTEX_POINT('',#1024);
#1024 = CARTESIAN_POINT('',(58.,-22.3,599.));
#1025 = LINE('',#1026,#1027);
#1026 = CARTESIAN_POINT('',(58.,-31.5,599.));
#1027 = VECTOR('',#1028,1.);
#1028 = DIRECTION('',(0.,-1.,0.));
#1029 = ORIENTED_EDGE('',*,*,#1030,.T.);
#1030 = EDGE_CURVE('',#1023,#1031,#1033,.T.);
#1031 = VERTEX_POINT('',#1032);
#1032 = CARTESIAN_POINT('',(58.,-22.3,621.3));
#1033 = LINE('',#1034,#1035);
#1034 = CARTESIAN_POINT('',(58.,-22.3,563.85));
#1035 = VECTOR('',#1036,1.);
#1036 = DIRECTION('',(0.,0.,1.));
#1037 = ORIENTED_EDGE('',*,*,#1038,.F.);
#1038 = EDGE_CURVE('',#998,#1031,#1039,.T.);
#1039 = LINE('',#1040,#1041);
#1040 = CARTESIAN_POINT('',(58.,-11.15,621.3));
#1041 = VECTOR('',#1042,1.);
#1042 = DIRECTION('',(0.,-1.,0.));
#1043 = ORIENTED_EDGE('',*,*,#997,.F.);
#1044 = FACE_BOUND('',#1045,.F.);
#1045 = EDGE_LOOP('',(#1046,#1056,#1064,#1072,#1080,#1089,#1098));
#1046 = ORIENTED_EDGE('',*,*,#1047,.T.);
#1047 = EDGE_CURVE('',#1048,#1050,#1052,.T.);
#1048 = VERTEX_POINT('',#1049);
#1049 = CARTESIAN_POINT('',(58.,25.3,603.));
#1050 = VERTEX_POINT('',#1051);
#1051 = CARTESIAN_POINT('',(58.,25.3,625.3));
#1052 = LINE('',#1053,#1054);
#1053 = CARTESIAN_POINT('',(58.,25.3,599.));
#1054 = VECTOR('',#1055,1.);
#1055 = DIRECTION('',(0.,0.,1.));
#1056 = ORIENTED_EDGE('',*,*,#1057,.F.);
#1057 = EDGE_CURVE('',#1058,#1050,#1060,.T.);
#1058 = VERTEX_POINT('',#1059);
#1059 = CARTESIAN_POINT('',(58.,-25.3,625.3));
#1060 = LINE('',#1061,#1062);
#1061 = CARTESIAN_POINT('',(58.,-25.3,625.3));
#1062 = VECTOR('',#1063,1.);
#1063 = DIRECTION('',(0.,1.,0.));
#1064 = ORIENTED_EDGE('',*,*,#1065,.F.);
#1065 = EDGE_CURVE('',#1066,#1058,#1068,.T.);
#1066 = VERTEX_POINT('',#1067);
#1067 = CARTESIAN_POINT('',(58.,-25.3,603.));
#1068 = LINE('',#1069,#1070);
#1069 = CARTESIAN_POINT('',(58.,-25.3,599.));
#1070 = VECTOR('',#1071,1.);
#1071 = DIRECTION('',(0.,0.,1.));
#1072 = ORIENTED_EDGE('',*,*,#1073,.T.);
#1073 = EDGE_CURVE('',#1066,#1074,#1076,.T.);
#1074 = VERTEX_POINT('',#1075);
#1075 = CARTESIAN_POINT('',(58.,-55.85696017507,603.));
#1076 = LINE('',#1077,#1078);
#1077 = CARTESIAN_POINT('',(58.,-31.5,603.));
#1078 = VECTOR('',#1079,1.);
#1079 = DIRECTION('',(0.,-1.,0.));
#1080 = ORIENTED_EDGE('',*,*,#1081,.F.);
#1081 = EDGE_CURVE('',#1082,#1074,#1084,.T.);
#1082 = VERTEX_POINT('',#1083);
#1083 = CARTESIAN_POINT('',(58.,1.371604415045E-14,655.));
#1084 = CIRCLE('',#1085,56.);
#1085 = AXIS2_PLACEMENT_3D('',#1086,#1087,#1088);
#1086 = CARTESIAN_POINT('',(58.,0.,599.));
#1087 = DIRECTION('',(1.,0.,-0.));
#1088 = DIRECTION('',(0.,0.,1.));
#1089 = ORIENTED_EDGE('',*,*,#1090,.F.);
#1090 = EDGE_CURVE('',#1091,#1082,#1093,.T.);
#1091 = VERTEX_POINT('',#1092);
#1092 = CARTESIAN_POINT('',(58.,55.856960175076,603.));
#1093 = CIRCLE('',#1094,56.);
#1094 = AXIS2_PLACEMENT_3D('',#1095,#1096,#1097);
#1095 = CARTESIAN_POINT('',(58.,0.,599.));
#1096 = DIRECTION('',(1.,0.,-0.));
#1097 = DIRECTION('',(0.,0.,1.));
#1098 = ORIENTED_EDGE('',*,*,#1099,.T.);
#1099 = EDGE_CURVE('',#1091,#1048,#1100,.T.);
#1100 = LINE('',#1101,#1102);
#1101 = CARTESIAN_POINT('',(58.,-31.5,603.));
#1102 = VECTOR('',#1103,1.);
#1103 = DIRECTION('',(0.,-1.,0.));
#1104 = PLANE('',#1105);
#1105 = AXIS2_PLACEMENT_3D('',#1106,#1107,#1108);
#1106 = CARTESIAN_POINT('',(58.,0.,599.));
#1107 = DIRECTION('',(1.,0.,0.));
#1108 = DIRECTION('',(0.,0.,1.));
#1109 = ADVANCED_FACE('',(#1110),#1129,.F.);
#1110 = FACE_BOUND('',#1111,.F.);
#1111 = EDGE_LOOP('',(#1112,#1120,#1121,#1122));
#1112 = ORIENTED_EDGE('',*,*,#1113,.T.);
#1113 = EDGE_CURVE('',#1114,#163,#1116,.T.);
#1114 = VERTEX_POINT('',#1115);
#1115 = CARTESIAN_POINT('',(85.75,49.5,607.99));
#1116 = LINE('',#1117,#1118);
#1117 = CARTESIAN_POINT('',(85.75,49.5,608.01));
#1118 = VECTOR('',#1119,1.);
#1119 = DIRECTION('',(0.,0.,-1.));
#1120 = ORIENTED_EDGE('',*,*,#162,.F.);
#1121 = ORIENTED_EDGE('',*,*,#1113,.F.);
#1122 = ORIENTED_EDGE('',*,*,#1123,.T.);
#1123 = EDGE_CURVE('',#1114,#1114,#1124,.T.);
#1124 = CIRCLE('',#1125,2.25);
#1125 = AXIS2_PLACEMENT_3D('',#1126,#1127,#1128);
#1126 = CARTESIAN_POINT('',(88.,49.5,607.99));
#1127 = DIRECTION('',(0.,0.,-1.));
#1128 = DIRECTION('',(-1.,0.,0.));
#1129 = CYLINDRICAL_SURFACE('',#1130,2.25);
#1130 = AXIS2_PLACEMENT_3D('',#1131,#1132,#1133);
#1131 = CARTESIAN_POINT('',(88.,49.5,608.01));
#1132 = DIRECTION('',(0.,0.,-1.));
#1133 = DIRECTION('',(-1.,0.,0.));
#1134 = ADVANCED_FACE('',(#1135,#1175),#1186,.F.);
#1135 = FACE_BOUND('',#1136,.F.);
#1136 = EDGE_LOOP('',(#1137,#1138,#1144,#1145,#1151,#1152,#1153,#1154,
    #1155,#1161,#1162,#1168,#1169));
#1137 = ORIENTED_EDGE('',*,*,#834,.T.);
#1138 = ORIENTED_EDGE('',*,*,#1139,.T.);
#1139 = EDGE_CURVE('',#835,#946,#1140,.T.);
#1140 = LINE('',#1141,#1142);
#1141 = CARTESIAN_POINT('',(90.11,-13.55,599.));
#1142 = VECTOR('',#1143,1.);
#1143 = DIRECTION('',(-1.,0.,0.));
#1144 = ORIENTED_EDGE('',*,*,#954,.T.);
#1145 = ORIENTED_EDGE('',*,*,#1146,.T.);
#1146 = EDGE_CURVE('',#955,#1023,#1147,.T.);
#1147 = LINE('',#1148,#1149);
#1148 = CARTESIAN_POINT('',(66.55,-22.3,599.));
#1149 = VECTOR('',#1150,1.);
#1150 = DIRECTION('',(-1.,0.,0.));
#1151 = ORIENTED_EDGE('',*,*,#1022,.T.);
#1152 = ORIENTED_EDGE('',*,*,#190,.T.);
#1153 = ORIENTED_EDGE('',*,*,#593,.T.);
#1154 = ORIENTED_EDGE('',*,*,#559,.F.);
#1155 = ORIENTED_EDGE('',*,*,#1156,.F.);
#1156 = EDGE_CURVE('',#636,#560,#1157,.T.);
#1157 = LINE('',#1158,#1159);
#1158 = CARTESIAN_POINT('',(115.,-44.2,599.));
#1159 = VECTOR('',#1160,1.);
#1160 = DIRECTION('',(1.,0.,0.));
#1161 = ORIENTED_EDGE('',*,*,#644,.T.);
#1162 = ORIENTED_EDGE('',*,*,#1163,.F.);
#1163 = EDGE_CURVE('',#727,#645,#1164,.T.);
#1164 = LINE('',#1165,#1166);
#1165 = CARTESIAN_POINT('',(113.,-38.,599.));
#1166 = VECTOR('',#1167,1.);
#1167 = DIRECTION('',(1.,0.,0.));
#1168 = ORIENTED_EDGE('',*,*,#735,.T.);
#1169 = ORIENTED_EDGE('',*,*,#1170,.F.);
#1170 = EDGE_CURVE('',#826,#736,#1171,.T.);
#1171 = LINE('',#1172,#1173);
#1172 = CARTESIAN_POINT('',(90.1,-18.,599.));
#1173 = VECTOR('',#1174,1.);
#1174 = DIRECTION('',(1.,0.,0.));
#1175 = FACE_BOUND('',#1176,.F.);
#1176 = EDGE_LOOP('',(#1177));
#1177 = ORIENTED_EDGE('',*,*,#1178,.T.);
#1178 = EDGE_CURVE('',#1179,#1179,#1181,.T.);
#1179 = VERTEX_POINT('',#1180);
#1180 = CARTESIAN_POINT('',(85.75,-49.5,599.));
#1181 = CIRCLE('',#1182,2.25);
#1182 = AXIS2_PLACEMENT_3D('',#1183,#1184,#1185);
#1183 = CARTESIAN_POINT('',(88.,-49.5,599.));
#1184 = DIRECTION('',(0.,0.,-1.));
#1185 = DIRECTION('',(-1.,0.,0.));
#1186 = PLANE('',#1187);
#1187 = AXIS2_PLACEMENT_3D('',#1188,#1189,#1190);
#1188 = CARTESIAN_POINT('',(55.,-63.,599.));
#1189 = DIRECTION('',(0.,0.,1.));
#1190 = DIRECTION('',(1.,0.,0.));
#1191 = ADVANCED_FACE('',(#1192),#1211,.F.);
#1192 = FACE_BOUND('',#1193,.F.);
#1193 = EDGE_LOOP('',(#1194,#1202,#1209,#1210));
#1194 = ORIENTED_EDGE('',*,*,#1195,.T.);
#1195 = EDGE_CURVE('',#217,#1196,#1198,.T.);
#1196 = VERTEX_POINT('',#1197);
#1197 = CARTESIAN_POINT('',(83.9,-49.5,607.99));
#1198 = LINE('',#1199,#1200);
#1199 = CARTESIAN_POINT('',(83.9,-49.5,668.));
#1200 = VECTOR('',#1201,1.);
#1201 = DIRECTION('',(0.,0.,-1.));
#1202 = ORIENTED_EDGE('',*,*,#1203,.F.);
#1203 = EDGE_CURVE('',#1196,#1196,#1204,.T.);
#1204 = CIRCLE('',#1205,4.1);
#1205 = AXIS2_PLACEMENT_3D('',#1206,#1207,#1208);
#1206 = CARTESIAN_POINT('',(88.,-49.5,607.99));
#1207 = DIRECTION('',(0.,0.,-1.));
#1208 = DIRECTION('',(-1.,0.,0.));
#1209 = ORIENTED_EDGE('',*,*,#1195,.F.);
#1210 = ORIENTED_EDGE('',*,*,#216,.T.);
#1211 = CYLINDRICAL_SURFACE('',#1212,4.1);
#1212 = AXIS2_PLACEMENT_3D('',#1213,#1214,#1215);
#1213 = CARTESIAN_POINT('',(88.,-49.5,668.));
#1214 = DIRECTION('',(0.,0.,-1.));
#1215 = DIRECTION('',(-1.,0.,0.));
#1216 = ADVANCED_FACE('',(#1217),#1236,.F.);
#1217 = FACE_BOUND('',#1218,.F.);
#1218 = EDGE_LOOP('',(#1219,#1227,#1234,#1235));
#1219 = ORIENTED_EDGE('',*,*,#1220,.T.);
#1220 = EDGE_CURVE('',#380,#1221,#1223,.T.);
#1221 = VERTEX_POINT('',#1222);
#1222 = CARTESIAN_POINT('',(83.9,49.5,607.99));
#1223 = LINE('',#1224,#1225);
#1224 = CARTESIAN_POINT('',(83.9,49.5,668.));
#1225 = VECTOR('',#1226,1.);
#1226 = DIRECTION('',(0.,0.,-1.));
#1227 = ORIENTED_EDGE('',*,*,#1228,.F.);
#1228 = EDGE_CURVE('',#1221,#1221,#1229,.T.);
#1229 = CIRCLE('',#1230,4.1);
#1230 = AXIS2_PLACEMENT_3D('',#1231,#1232,#1233);
#1231 = CARTESIAN_POINT('',(88.,49.5,607.99));
#1232 = DIRECTION('',(0.,0.,-1.));
#1233 = DIRECTION('',(-1.,0.,0.));
#1234 = ORIENTED_EDGE('',*,*,#1220,.F.);
#1235 = ORIENTED_EDGE('',*,*,#379,.T.);
#1236 = CYLINDRICAL_SURFACE('',#1237,4.1);
#1237 = AXIS2_PLACEMENT_3D('',#1238,#1239,#1240);
#1238 = CARTESIAN_POINT('',(88.,49.5,668.));
#1239 = DIRECTION('',(0.,0.,-1.));
#1240 = DIRECTION('',(-1.,0.,0.));
#1241 = ADVANCED_FACE('',(#1242),#1248,.F.);
#1242 = FACE_BOUND('',#1243,.F.);
#1243 = EDGE_LOOP('',(#1244,#1245,#1246,#1247));
#1244 = ORIENTED_EDGE('',*,*,#567,.F.);
#1245 = ORIENTED_EDGE('',*,*,#609,.F.);
#1246 = ORIENTED_EDGE('',*,*,#635,.T.);
#1247 = ORIENTED_EDGE('',*,*,#1156,.T.);
#1248 = CYLINDRICAL_SURFACE('',#1249,44.2);
#1249 = AXIS2_PLACEMENT_3D('',#1250,#1251,#1252);
#1250 = CARTESIAN_POINT('',(115.,0.,599.));
#1251 = DIRECTION('',(1.,0.,0.));
#1252 = DIRECTION('',(0.,0.,1.));
#1253 = ADVANCED_FACE('',(#1254),#1260,.F.);
#1254 = FACE_BOUND('',#1255,.F.);
#1255 = EDGE_LOOP('',(#1256,#1257,#1258,#1259));
#1256 = ORIENTED_EDGE('',*,*,#652,.F.);
#1257 = ORIENTED_EDGE('',*,*,#708,.F.);
#1258 = ORIENTED_EDGE('',*,*,#726,.T.);
#1259 = ORIENTED_EDGE('',*,*,#1163,.T.);
#1260 = CYLINDRICAL_SURFACE('',#1261,38.);
#1261 = AXIS2_PLACEMENT_3D('',#1262,#1263,#1264);
#1262 = CARTESIAN_POINT('',(113.,0.,599.));
#1263 = DIRECTION('',(1.,0.,0.));
#1264 = DIRECTION('',(0.,0.,1.));
#1265 = ADVANCED_FACE('',(#1266),#1285,.F.);
#1266 = FACE_BOUND('',#1267,.F.);
#1267 = EDGE_LOOP('',(#1268,#1269,#1277,#1284));
#1268 = ORIENTED_EDGE('',*,*,#671,.T.);
#1269 = ORIENTED_EDGE('',*,*,#1270,.T.);
#1270 = EDGE_CURVE('',#672,#1271,#1273,.T.);
#1271 = VERTEX_POINT('',#1272);
#1272 = CARTESIAN_POINT('',(111.45,28.637824638055,625.93782463805));
#1273 = LINE('',#1274,#1275);
#1274 = CARTESIAN_POINT('',(115.01,28.637824638055,625.93782463805));
#1275 = VECTOR('',#1276,1.);
#1276 = DIRECTION('',(-1.,0.,0.));
#1277 = ORIENTED_EDGE('',*,*,#1278,.F.);
#1278 = EDGE_CURVE('',#1271,#1271,#1279,.T.);
#1279 = CIRCLE('',#1280,1.7);
#1280 = AXIS2_PLACEMENT_3D('',#1281,#1282,#1283);
#1281 = CARTESIAN_POINT('',(111.45,28.637824638055,627.63782463805));
#1282 = DIRECTION('',(-1.,0.,0.));
#1283 = DIRECTION('',(0.,0.,-1.));
#1284 = ORIENTED_EDGE('',*,*,#1270,.F.);
#1285 = CYLINDRICAL_SURFACE('',#1286,1.7);
#1286 = AXIS2_PLACEMENT_3D('',#1287,#1288,#1289);
#1287 = CARTESIAN_POINT('',(115.01,28.637824638055,627.63782463805));
#1288 = DIRECTION('',(-1.,0.,0.));
#1289 = DIRECTION('',(0.,0.,-1.));
#1290 = ADVANCED_FACE('',(#1291),#1310,.F.);
#1291 = FACE_BOUND('',#1292,.F.);
#1292 = EDGE_LOOP('',(#1293,#1294,#1302,#1309));
#1293 = ORIENTED_EDGE('',*,*,#682,.T.);
#1294 = ORIENTED_EDGE('',*,*,#1295,.T.);
#1295 = EDGE_CURVE('',#683,#1296,#1298,.T.);
#1296 = VERTEX_POINT('',#1297);
#1297 = CARTESIAN_POINT('',(111.45,-28.63782463805,625.93782463805));
#1298 = LINE('',#1299,#1300);
#1299 = CARTESIAN_POINT('',(115.01,-28.63782463805,625.93782463805));
#1300 = VECTOR('',#1301,1.);
#1301 = DIRECTION('',(-1.,0.,0.));
#1302 = ORIENTED_EDGE('',*,*,#1303,.F.);
#1303 = EDGE_CURVE('',#1296,#1296,#1304,.T.);
#1304 = CIRCLE('',#1305,1.7);
#1305 = AXIS2_PLACEMENT_3D('',#1306,#1307,#1308);
#1306 = CARTESIAN_POINT('',(111.45,-28.63782463805,627.63782463805));
#1307 = DIRECTION('',(-1.,0.,0.));
#1308 = DIRECTION('',(0.,0.,-1.));
#1309 = ORIENTED_EDGE('',*,*,#1295,.F.);
#1310 = CYLINDRICAL_SURFACE('',#1311,1.7);
#1311 = AXIS2_PLACEMENT_3D('',#1312,#1313,#1314);
#1312 = CARTESIAN_POINT('',(115.01,-28.63782463805,627.63782463805));
#1313 = DIRECTION('',(-1.,0.,0.));
#1314 = DIRECTION('',(0.,0.,-1.));
#1315 = ADVANCED_FACE('',(#1316),#1405,.T.);
#1316 = FACE_BOUND('',#1317,.T.);
#1317 = EDGE_LOOP('',(#1318,#1326,#1327,#1335,#1341,#1342,#1343,#1351,
    #1359,#1367,#1375,#1383,#1391,#1399));
#1318 = ORIENTED_EDGE('',*,*,#1319,.F.);
#1319 = EDGE_CURVE('',#1091,#1320,#1322,.T.);
#1320 = VERTEX_POINT('',#1321);
#1321 = CARTESIAN_POINT('',(81.5,55.856960175076,603.));
#1322 = LINE('',#1323,#1324);
#1323 = CARTESIAN_POINT('',(57.,55.856960175076,603.));
#1324 = VECTOR('',#1325,1.);
#1325 = DIRECTION('',(1.,0.,0.));
#1326 = ORIENTED_EDGE('',*,*,#1099,.T.);
#1327 = ORIENTED_EDGE('',*,*,#1328,.F.);
#1328 = EDGE_CURVE('',#1329,#1048,#1331,.T.);
#1329 = VERTEX_POINT('',#1330);
#1330 = CARTESIAN_POINT('',(90.1,25.3,603.));
#1331 = LINE('',#1332,#1333);
#1332 = CARTESIAN_POINT('',(56.5,25.3,603.));
#1333 = VECTOR('',#1334,1.);
#1334 = DIRECTION('',(-1.,0.,0.));
#1335 = ORIENTED_EDGE('',*,*,#1336,.F.);
#1336 = EDGE_CURVE('',#793,#1329,#1337,.T.);
#1337 = LINE('',#1338,#1339);
#1338 = CARTESIAN_POINT('',(90.1,-44.15,603.));
#1339 = VECTOR('',#1340,1.);
#1340 = DIRECTION('',(0.,1.,0.));
#1341 = ORIENTED_EDGE('',*,*,#801,.T.);
#1342 = ORIENTED_EDGE('',*,*,#769,.T.);
#1343 = ORIENTED_EDGE('',*,*,#1344,.F.);
#1344 = EDGE_CURVE('',#1345,#761,#1347,.T.);
#1345 = VERTEX_POINT('',#1346);
#1346 = CARTESIAN_POINT('',(106.,29.732137494637,603.));
#1347 = LINE('',#1348,#1349);
#1348 = CARTESIAN_POINT('',(106.,29.732137494637,603.));
#1349 = VECTOR('',#1350,1.);
#1350 = DIRECTION('',(1.,0.,0.));
#1351 = ORIENTED_EDGE('',*,*,#1352,.T.);
#1352 = EDGE_CURVE('',#1345,#1353,#1355,.T.);
#1353 = VERTEX_POINT('',#1354);
#1354 = CARTESIAN_POINT('',(106.,49.839743177508,603.));
#1355 = LINE('',#1356,#1357);
#1356 = CARTESIAN_POINT('',(106.,-31.5,603.));
#1357 = VECTOR('',#1358,1.);
#1358 = DIRECTION('',(0.,1.,0.));
#1359 = ORIENTED_EDGE('',*,*,#1360,.T.);
#1360 = EDGE_CURVE('',#1353,#1361,#1363,.T.);
#1361 = VERTEX_POINT('',#1362);
#1362 = CARTESIAN_POINT('',(114.,49.839743177508,603.));
#1363 = LINE('',#1364,#1365);
#1364 = CARTESIAN_POINT('',(106.,49.839743177508,603.));
#1365 = VECTOR('',#1366,1.);
#1366 = DIRECTION('',(1.,0.,0.));
#1367 = ORIENTED_EDGE('',*,*,#1368,.F.);
#1368 = EDGE_CURVE('',#1369,#1361,#1371,.T.);
#1369 = VERTEX_POINT('',#1370);
#1370 = CARTESIAN_POINT('',(114.,55.856960175076,603.));
#1371 = LINE('',#1372,#1373);
#1372 = CARTESIAN_POINT('',(114.,-31.5,603.));
#1373 = VECTOR('',#1374,1.);
#1374 = DIRECTION('',(0.,-1.,0.));
#1375 = ORIENTED_EDGE('',*,*,#1376,.F.);
#1376 = EDGE_CURVE('',#1377,#1369,#1379,.T.);
#1377 = VERTEX_POINT('',#1378);
#1378 = CARTESIAN_POINT('',(94.5,55.856960175076,603.));
#1379 = LINE('',#1380,#1381);
#1380 = CARTESIAN_POINT('',(57.,55.856960175076,603.));
#1381 = VECTOR('',#1382,1.);
#1382 = DIRECTION('',(1.,0.,0.));
#1383 = ORIENTED_EDGE('',*,*,#1384,.F.);
#1384 = EDGE_CURVE('',#1385,#1377,#1387,.T.);
#1385 = VERTEX_POINT('',#1386);
#1386 = CARTESIAN_POINT('',(94.5,44.,603.));
#1387 = LINE('',#1388,#1389);
#1388 = CARTESIAN_POINT('',(94.5,-9.5,603.));
#1389 = VECTOR('',#1390,1.);
#1390 = DIRECTION('',(0.,1.,0.));
#1391 = ORIENTED_EDGE('',*,*,#1392,.T.);
#1392 = EDGE_CURVE('',#1385,#1393,#1395,.T.);
#1393 = VERTEX_POINT('',#1394);
#1394 = CARTESIAN_POINT('',(81.5,44.,603.));
#1395 = LINE('',#1396,#1397);
#1396 = CARTESIAN_POINT('',(68.25,44.,603.));
#1397 = VECTOR('',#1398,1.);
#1398 = DIRECTION('',(-1.,0.,0.));
#1399 = ORIENTED_EDGE('',*,*,#1400,.T.);
#1400 = EDGE_CURVE('',#1393,#1320,#1401,.T.);
#1401 = LINE('',#1402,#1403);
#1402 = CARTESIAN_POINT('',(81.5,-9.5,603.));
#1403 = VECTOR('',#1404,1.);
#1404 = DIRECTION('',(0.,1.,0.));
#1405 = PLANE('',#1406);
#1406 = AXIS2_PLACEMENT_3D('',#1407,#1408,#1409);
#1407 = CARTESIAN_POINT('',(55.,-63.,603.));
#1408 = DIRECTION('',(0.,0.,1.));
#1409 = DIRECTION('',(1.,0.,0.));
#1410 = ADVANCED_FACE('',(#1411),#1439,.F.);
#1411 = FACE_BOUND('',#1412,.F.);
#1412 = EDGE_LOOP('',(#1413,#1424,#1430,#1431,#1432));
#1413 = ORIENTED_EDGE('',*,*,#1414,.T.);
#1414 = EDGE_CURVE('',#1415,#1417,#1419,.T.);
#1415 = VERTEX_POINT('',#1416);
#1416 = CARTESIAN_POINT('',(106.,7.347880794884E-15,629.));
#1417 = VERTEX_POINT('',#1418);
#1418 = CARTESIAN_POINT('',(106.,-29.73213749463,603.));
#1419 = CIRCLE('',#1420,30.);
#1420 = AXIS2_PLACEMENT_3D('',#1421,#1422,#1423);
#1421 = CARTESIAN_POINT('',(106.,0.,599.));
#1422 = DIRECTION('',(1.,0.,-0.));
#1423 = DIRECTION('',(0.,0.,1.));
#1424 = ORIENTED_EDGE('',*,*,#1425,.T.);
#1425 = EDGE_CURVE('',#1417,#753,#1426,.T.);
#1426 = LINE('',#1427,#1428);
#1427 = CARTESIAN_POINT('',(106.,-29.73213749463,603.));
#1428 = VECTOR('',#1429,1.);
#1429 = DIRECTION('',(1.,0.,0.));
#1430 = ORIENTED_EDGE('',*,*,#760,.F.);
#1431 = ORIENTED_EDGE('',*,*,#1344,.F.);
#1432 = ORIENTED_EDGE('',*,*,#1433,.T.);
#1433 = EDGE_CURVE('',#1345,#1415,#1434,.T.);
#1434 = CIRCLE('',#1435,30.);
#1435 = AXIS2_PLACEMENT_3D('',#1436,#1437,#1438);
#1436 = CARTESIAN_POINT('',(106.,0.,599.));
#1437 = DIRECTION('',(1.,0.,-0.));
#1438 = DIRECTION('',(0.,0.,1.));
#1439 = CYLINDRICAL_SURFACE('',#1440,30.);
#1440 = AXIS2_PLACEMENT_3D('',#1441,#1442,#1443);
#1441 = CARTESIAN_POINT('',(106.,0.,599.));
#1442 = DIRECTION('',(1.,0.,0.));
#1443 = DIRECTION('',(0.,0.,1.));
#1444 = ADVANCED_FACE('',(#1445),#1532,.T.);
#1445 = FACE_BOUND('',#1446,.T.);
#1446 = EDGE_LOOP('',(#1447,#1453,#1461,#1467,#1468,#1476,#1484,#1492,
    #1500,#1508,#1516,#1524,#1530,#1531));
#1447 = ORIENTED_EDGE('',*,*,#1448,.F.);
#1448 = EDGE_CURVE('',#818,#744,#1449,.T.);
#1449 = LINE('',#1450,#1451);
#1450 = CARTESIAN_POINT('',(90.1,-17.54992877478,603.));
#1451 = VECTOR('',#1452,1.);
#1452 = DIRECTION('',(1.,0.,0.));
#1453 = ORIENTED_EDGE('',*,*,#1454,.F.);
#1454 = EDGE_CURVE('',#1455,#818,#1457,.T.);
#1455 = VERTEX_POINT('',#1456);
#1456 = CARTESIAN_POINT('',(90.1,-25.3,603.));
#1457 = LINE('',#1458,#1459);
#1458 = CARTESIAN_POINT('',(90.1,-44.15,603.));
#1459 = VECTOR('',#1460,1.);
#1460 = DIRECTION('',(0.,1.,0.));
#1461 = ORIENTED_EDGE('',*,*,#1462,.T.);
#1462 = EDGE_CURVE('',#1455,#1066,#1463,.T.);
#1463 = LINE('',#1464,#1465);
#1464 = CARTESIAN_POINT('',(56.5,-25.3,603.));
#1465 = VECTOR('',#1466,1.);
#1466 = DIRECTION('',(-1.,0.,0.));
#1467 = ORIENTED_EDGE('',*,*,#1073,.T.);
#1468 = ORIENTED_EDGE('',*,*,#1469,.T.);
#1469 = EDGE_CURVE('',#1074,#1470,#1472,.T.);
#1470 = VERTEX_POINT('',#1471);
#1471 = CARTESIAN_POINT('',(81.5,-55.85696017507,603.));
#1472 = LINE('',#1473,#1474);
#1473 = CARTESIAN_POINT('',(57.,-55.85696017507,603.));
#1474 = VECTOR('',#1475,1.);
#1475 = DIRECTION('',(1.,0.,0.));
#1476 = ORIENTED_EDGE('',*,*,#1477,.T.);
#1477 = EDGE_CURVE('',#1470,#1478,#1480,.T.);
#1478 = VERTEX_POINT('',#1479);
#1479 = CARTESIAN_POINT('',(81.5,-44.,603.));
#1480 = LINE('',#1481,#1482);
#1481 = CARTESIAN_POINT('',(81.5,-62.5,603.));
#1482 = VECTOR('',#1483,1.);
#1483 = DIRECTION('',(0.,1.,0.));
#1484 = ORIENTED_EDGE('',*,*,#1485,.F.);
#1485 = EDGE_CURVE('',#1486,#1478,#1488,.T.);
#1486 = VERTEX_POINT('',#1487);
#1487 = CARTESIAN_POINT('',(94.5,-44.,603.));
#1488 = LINE('',#1489,#1490);
#1489 = CARTESIAN_POINT('',(68.25,-44.,603.));
#1490 = VECTOR('',#1491,1.);
#1491 = DIRECTION('',(-1.,0.,0.));
#1492 = ORIENTED_EDGE('',*,*,#1493,.F.);
#1493 = EDGE_CURVE('',#1494,#1486,#1496,.T.);
#1494 = VERTEX_POINT('',#1495);
#1495 = CARTESIAN_POINT('',(94.5,-55.85696017507,603.));
#1496 = LINE('',#1497,#1498);
#1497 = CARTESIAN_POINT('',(94.5,-62.5,603.));
#1498 = VECTOR('',#1499,1.);
#1499 = DIRECTION('',(0.,1.,0.));
#1500 = ORIENTED_EDGE('',*,*,#1501,.T.);
#1501 = EDGE_CURVE('',#1494,#1502,#1504,.T.);
#1502 = VERTEX_POINT('',#1503);
#1503 = CARTESIAN_POINT('',(114.,-55.85696017507,603.));
#1504 = LINE('',#1505,#1506);
#1505 = CARTESIAN_POINT('',(57.,-55.85696017507,603.));
#1506 = VECTOR('',#1507,1.);
#1507 = DIRECTION('',(1.,0.,0.));
#1508 = ORIENTED_EDGE('',*,*,#1509,.F.);
#1509 = EDGE_CURVE('',#1510,#1502,#1512,.T.);
#1510 = VERTEX_POINT('',#1511);
#1511 = CARTESIAN_POINT('',(114.,-49.8397431775,603.));
#1512 = LINE('',#1513,#1514);
#1513 = CARTESIAN_POINT('',(114.,-31.5,603.));
#1514 = VECTOR('',#1515,1.);
#1515 = DIRECTION('',(0.,-1.,0.));
#1516 = ORIENTED_EDGE('',*,*,#1517,.F.);
#1517 = EDGE_CURVE('',#1518,#1510,#1520,.T.);
#1518 = VERTEX_POINT('',#1519);
#1519 = CARTESIAN_POINT('',(106.,-49.8397431775,603.));
#1520 = LINE('',#1521,#1522);
#1521 = CARTESIAN_POINT('',(106.,-49.8397431775,603.));
#1522 = VECTOR('',#1523,1.);
#1523 = DIRECTION('',(1.,0.,0.));
#1524 = ORIENTED_EDGE('',*,*,#1525,.T.);
#1525 = EDGE_CURVE('',#1518,#1417,#1526,.T.);
#1526 = LINE('',#1527,#1528);
#1527 = CARTESIAN_POINT('',(106.,-31.5,603.));
#1528 = VECTOR('',#1529,1.);
#1529 = DIRECTION('',(0.,1.,0.));
#1530 = ORIENTED_EDGE('',*,*,#1425,.T.);
#1531 = ORIENTED_EDGE('',*,*,#752,.T.);
#1532 = PLANE('',#1533);
#1533 = AXIS2_PLACEMENT_3D('',#1534,#1535,#1536);
#1534 = CARTESIAN_POINT('',(55.,-63.,603.));
#1535 = DIRECTION('',(0.,0.,1.));
#1536 = DIRECTION('',(1.,0.,0.));
#1537 = ADVANCED_FACE('',(#1538),#1544,.F.);
#1538 = FACE_BOUND('',#1539,.F.);
#1539 = EDGE_LOOP('',(#1540,#1541,#1542,#1543));
#1540 = ORIENTED_EDGE('',*,*,#1448,.F.);
#1541 = ORIENTED_EDGE('',*,*,#825,.T.);
#1542 = ORIENTED_EDGE('',*,*,#1170,.T.);
#1543 = ORIENTED_EDGE('',*,*,#743,.F.);
#1544 = CYLINDRICAL_SURFACE('',#1545,18.);
#1545 = AXIS2_PLACEMENT_3D('',#1546,#1547,#1548);
#1546 = CARTESIAN_POINT('',(90.1,0.,599.));
#1547 = DIRECTION('',(1.,0.,0.));
#1548 = DIRECTION('',(0.,0.,1.));
#1549 = ADVANCED_FACE('',(#1550,#1569),#1580,.T.);
#1550 = FACE_BOUND('',#1551,.T.);
#1551 = EDGE_LOOP('',(#1552,#1561,#1562));
#1552 = ORIENTED_EDGE('',*,*,#1553,.T.);
#1553 = EDGE_CURVE('',#1554,#818,#1556,.T.);
#1554 = VERTEX_POINT('',#1555);
#1555 = CARTESIAN_POINT('',(90.1,4.40872847693E-15,617.));
#1556 = CIRCLE('',#1557,18.);
#1557 = AXIS2_PLACEMENT_3D('',#1558,#1559,#1560);
#1558 = CARTESIAN_POINT('',(90.1,0.,599.));
#1559 = DIRECTION('',(1.,0.,-0.));
#1560 = DIRECTION('',(0.,0.,1.));
#1561 = ORIENTED_EDGE('',*,*,#817,.T.);
#1562 = ORIENTED_EDGE('',*,*,#1563,.T.);
#1563 = EDGE_CURVE('',#793,#1554,#1564,.T.);
#1564 = CIRCLE('',#1565,18.);
#1565 = AXIS2_PLACEMENT_3D('',#1566,#1567,#1568);
#1566 = CARTESIAN_POINT('',(90.1,0.,599.));
#1567 = DIRECTION('',(1.,0.,-0.));
#1568 = DIRECTION('',(0.,0.,1.));
#1569 = FACE_BOUND('',#1570,.T.);
#1570 = EDGE_LOOP('',(#1571));
#1571 = ORIENTED_EDGE('',*,*,#1572,.T.);
#1572 = EDGE_CURVE('',#1573,#1573,#1575,.T.);
#1573 = VERTEX_POINT('',#1574);
#1574 = CARTESIAN_POINT('',(90.1,5.510910596163E-16,608.05));
#1575 = CIRCLE('',#1576,2.25);
#1576 = AXIS2_PLACEMENT_3D('',#1577,#1578,#1579);
#1577 = CARTESIAN_POINT('',(90.1,0.,610.3));
#1578 = DIRECTION('',(-1.,0.,0.));
#1579 = DIRECTION('',(0.,0.,-1.));
#1580 = PLANE('',#1581);
#1581 = AXIS2_PLACEMENT_3D('',#1582,#1583,#1584);
#1582 = CARTESIAN_POINT('',(90.1,-25.3,599.));
#1583 = DIRECTION('',(1.,0.,0.));
#1584 = DIRECTION('',(0.,0.,1.));
#1585 = ADVANCED_FACE('',(#1586),#1620,.F.);
#1586 = FACE_BOUND('',#1587,.F.);
#1587 = EDGE_LOOP('',(#1588,#1589,#1590,#1591,#1599,#1607,#1613,#1614));
#1588 = ORIENTED_EDGE('',*,*,#851,.T.);
#1589 = ORIENTED_EDGE('',*,*,#876,.T.);
#1590 = ORIENTED_EDGE('',*,*,#911,.T.);
#1591 = ORIENTED_EDGE('',*,*,#1592,.T.);
#1592 = EDGE_CURVE('',#912,#1593,#1595,.T.);
#1593 = VERTEX_POINT('',#1594);
#1594 = CARTESIAN_POINT('',(82.2,7.5,599.));
#1595 = LINE('',#1596,#1597);
#1596 = CARTESIAN_POINT('',(77.1,7.5,599.));
#1597 = VECTOR('',#1598,1.);
#1598 = DIRECTION('',(1.,0.,0.));
#1599 = ORIENTED_EDGE('',*,*,#1600,.F.);
#1600 = EDGE_CURVE('',#1601,#1593,#1603,.T.);
#1601 = VERTEX_POINT('',#1602);
#1602 = CARTESIAN_POINT('',(82.2,-7.5,599.));
#1603 = LINE('',#1604,#1605);
#1604 = CARTESIAN_POINT('',(82.2,-31.5,599.));
#1605 = VECTOR('',#1606,1.);
#1606 = DIRECTION('',(0.,1.,0.));
#1607 = ORIENTED_EDGE('',*,*,#1608,.F.);
#1608 = EDGE_CURVE('',#929,#1601,#1609,.T.);
#1609 = LINE('',#1610,#1611);
#1610 = CARTESIAN_POINT('',(77.1,-7.5,599.));
#1611 = VECTOR('',#1612,1.);
#1612 = DIRECTION('',(1.,0.,0.));
#1613 = ORIENTED_EDGE('',*,*,#937,.T.);
#1614 = ORIENTED_EDGE('',*,*,#1615,.F.);
#1615 = EDGE_CURVE('',#843,#938,#1616,.T.);
#1616 = LINE('',#1617,#1618);
#1617 = CARTESIAN_POINT('',(90.11,-9.05,599.));
#1618 = VECTOR('',#1619,1.);
#1619 = DIRECTION('',(-1.,0.,0.));
#1620 = PLANE('',#1621);
#1621 = AXIS2_PLACEMENT_3D('',#1622,#1623,#1624);
#1622 = CARTESIAN_POINT('',(55.,-63.,599.));
#1623 = DIRECTION('',(0.,0.,1.));
#1624 = DIRECTION('',(1.,0.,0.));
#1625 = ADVANCED_FACE('',(#1626),#1632,.F.);
#1626 = FACE_BOUND('',#1627,.F.);
#1627 = EDGE_LOOP('',(#1628,#1629,#1630,#1631));
#1628 = ORIENTED_EDGE('',*,*,#1139,.F.);
#1629 = ORIENTED_EDGE('',*,*,#842,.T.);
#1630 = ORIENTED_EDGE('',*,*,#1615,.T.);
#1631 = ORIENTED_EDGE('',*,*,#945,.F.);
#1632 = CYLINDRICAL_SURFACE('',#1633,2.25);
#1633 = AXIS2_PLACEMENT_3D('',#1634,#1635,#1636);
#1634 = CARTESIAN_POINT('',(90.11,-11.3,599.));
#1635 = DIRECTION('',(-1.,0.,0.));
#1636 = DIRECTION('',(0.,0.,-1.));
#1637 = ADVANCED_FACE('',(#1638),#1649,.F.);
#1638 = FACE_BOUND('',#1639,.F.);
#1639 = EDGE_LOOP('',(#1640,#1646,#1647,#1648));
#1640 = ORIENTED_EDGE('',*,*,#1641,.F.);
#1641 = EDGE_CURVE('',#963,#1031,#1642,.T.);
#1642 = LINE('',#1643,#1644);
#1643 = CARTESIAN_POINT('',(78.1,-22.3,621.3));
#1644 = VECTOR('',#1645,1.);
#1645 = DIRECTION('',(-1.,0.,0.));
#1646 = ORIENTED_EDGE('',*,*,#970,.T.);
#1647 = ORIENTED_EDGE('',*,*,#1005,.T.);
#1648 = ORIENTED_EDGE('',*,*,#1038,.T.);
#1649 = PLANE('',#1650);
#1650 = AXIS2_PLACEMENT_3D('',#1651,#1652,#1653);
#1651 = CARTESIAN_POINT('',(78.1,-22.3,621.3));
#1652 = DIRECTION('',(0.,0.,1.));
#1653 = DIRECTION('',(-1.,0.,0.));
#1654 = ADVANCED_FACE('',(#1655),#1661,.T.);
#1655 = FACE_BOUND('',#1656,.T.);
#1656 = EDGE_LOOP('',(#1657,#1658,#1659,#1660));
#1657 = ORIENTED_EDGE('',*,*,#962,.F.);
#1658 = ORIENTED_EDGE('',*,*,#1146,.T.);
#1659 = ORIENTED_EDGE('',*,*,#1030,.T.);
#1660 = ORIENTED_EDGE('',*,*,#1641,.F.);
#1661 = PLANE('',#1662);
#1662 = AXIS2_PLACEMENT_3D('',#1663,#1664,#1665);
#1663 = CARTESIAN_POINT('',(78.1,-22.3,528.7));
#1664 = DIRECTION('',(0.,1.,0.));
#1665 = DIRECTION('',(-1.,0.,0.));
#1666 = ADVANCED_FACE('',(#1667),#1686,.F.);
#1667 = FACE_BOUND('',#1668,.F.);
#1668 = EDGE_LOOP('',(#1669,#1678,#1684,#1685));
#1669 = ORIENTED_EDGE('',*,*,#1670,.F.);
#1670 = EDGE_CURVE('',#1671,#1601,#1673,.T.);
#1671 = VERTEX_POINT('',#1672);
#1672 = CARTESIAN_POINT('',(82.2,1.836970198721E-15,606.5));
#1673 = CIRCLE('',#1674,7.5);
#1674 = AXIS2_PLACEMENT_3D('',#1675,#1676,#1677);
#1675 = CARTESIAN_POINT('',(82.2,0.,599.));
#1676 = DIRECTION('',(1.,0.,-0.));
#1677 = DIRECTION('',(0.,0.,1.));
#1678 = ORIENTED_EDGE('',*,*,#1679,.F.);
#1679 = EDGE_CURVE('',#920,#1671,#1680,.T.);
#1680 = LINE('',#1681,#1682);
#1681 = CARTESIAN_POINT('',(77.1,1.836970198721E-15,606.5));
#1682 = VECTOR('',#1683,1.);
#1683 = DIRECTION('',(1.,0.,0.));
#1684 = ORIENTED_EDGE('',*,*,#928,.T.);
#1685 = ORIENTED_EDGE('',*,*,#1608,.T.);
#1686 = CYLINDRICAL_SURFACE('',#1687,7.5);
#1687 = AXIS2_PLACEMENT_3D('',#1688,#1689,#1690);
#1688 = CARTESIAN_POINT('',(77.1,0.,599.));
#1689 = DIRECTION('',(1.,0.,0.));
#1690 = DIRECTION('',(0.,0.,1.));
#1691 = ADVANCED_FACE('',(#1692),#1704,.F.);
#1692 = FACE_BOUND('',#1693,.F.);
#1693 = EDGE_LOOP('',(#1694,#1695,#1702,#1703));
#1694 = ORIENTED_EDGE('',*,*,#1679,.T.);
#1695 = ORIENTED_EDGE('',*,*,#1696,.F.);
#1696 = EDGE_CURVE('',#1593,#1671,#1697,.T.);
#1697 = CIRCLE('',#1698,7.5);
#1698 = AXIS2_PLACEMENT_3D('',#1699,#1700,#1701);
#1699 = CARTESIAN_POINT('',(82.2,0.,599.));
#1700 = DIRECTION('',(1.,0.,-0.));
#1701 = DIRECTION('',(0.,0.,1.));
#1702 = ORIENTED_EDGE('',*,*,#1592,.F.);
#1703 = ORIENTED_EDGE('',*,*,#919,.T.);
#1704 = CYLINDRICAL_SURFACE('',#1705,7.5);
#1705 = AXIS2_PLACEMENT_3D('',#1706,#1707,#1708);
#1706 = CARTESIAN_POINT('',(77.1,0.,599.));
#1707 = DIRECTION('',(1.,0.,0.));
#1708 = DIRECTION('',(0.,0.,1.));
#1709 = ADVANCED_FACE('',(#1710),#1721,.F.);
#1710 = FACE_BOUND('',#1711,.F.);
#1711 = EDGE_LOOP('',(#1712,#1713,#1719,#1720));
#1712 = ORIENTED_EDGE('',*,*,#978,.F.);
#1713 = ORIENTED_EDGE('',*,*,#1714,.F.);
#1714 = EDGE_CURVE('',#1573,#979,#1715,.T.);
#1715 = LINE('',#1716,#1717);
#1716 = CARTESIAN_POINT('',(90.11,5.510910596163E-16,608.05));
#1717 = VECTOR('',#1718,1.);
#1718 = DIRECTION('',(-1.,0.,0.));
#1719 = ORIENTED_EDGE('',*,*,#1572,.T.);
#1720 = ORIENTED_EDGE('',*,*,#1714,.T.);
#1721 = CYLINDRICAL_SURFACE('',#1722,2.25);
#1722 = AXIS2_PLACEMENT_3D('',#1723,#1724,#1725);
#1723 = CARTESIAN_POINT('',(90.11,0.,610.3));
#1724 = DIRECTION('',(-1.,0.,0.));
#1725 = DIRECTION('',(0.,0.,-1.));
#1726 = ADVANCED_FACE('',(#1727),#1745,.T.);
#1727 = FACE_BOUND('',#1728,.T.);
#1728 = EDGE_LOOP('',(#1729,#1730,#1731,#1739));
#1729 = ORIENTED_EDGE('',*,*,#1328,.T.);
#1730 = ORIENTED_EDGE('',*,*,#1047,.T.);
#1731 = ORIENTED_EDGE('',*,*,#1732,.T.);
#1732 = EDGE_CURVE('',#1050,#1733,#1735,.T.);
#1733 = VERTEX_POINT('',#1734);
#1734 = CARTESIAN_POINT('',(90.1,25.3,625.3));
#1735 = LINE('',#1736,#1737);
#1736 = CARTESIAN_POINT('',(58.,25.3,625.3));
#1737 = VECTOR('',#1738,1.);
#1738 = DIRECTION('',(1.,0.,0.));
#1739 = ORIENTED_EDGE('',*,*,#1740,.F.);
#1740 = EDGE_CURVE('',#1329,#1733,#1741,.T.);
#1741 = LINE('',#1742,#1743);
#1742 = CARTESIAN_POINT('',(90.1,25.3,599.));
#1743 = VECTOR('',#1744,1.);
#1744 = DIRECTION('',(0.,0.,1.));
#1745 = PLANE('',#1746);
#1746 = AXIS2_PLACEMENT_3D('',#1747,#1748,#1749);
#1747 = CARTESIAN_POINT('',(58.,25.3,599.));
#1748 = DIRECTION('',(0.,1.,0.));
#1749 = DIRECTION('',(0.,0.,1.));
#1750 = ADVANCED_FACE('',(#1751),#1769,.T.);
#1751 = FACE_BOUND('',#1752,.T.);
#1752 = EDGE_LOOP('',(#1753,#1754,#1762,#1768));
#1753 = ORIENTED_EDGE('',*,*,#1057,.F.);
#1754 = ORIENTED_EDGE('',*,*,#1755,.T.);
#1755 = EDGE_CURVE('',#1058,#1756,#1758,.T.);
#1756 = VERTEX_POINT('',#1757);
#1757 = CARTESIAN_POINT('',(90.1,-25.3,625.3));
#1758 = LINE('',#1759,#1760);
#1759 = CARTESIAN_POINT('',(58.,-25.3,625.3));
#1760 = VECTOR('',#1761,1.);
#1761 = DIRECTION('',(1.,0.,0.));
#1762 = ORIENTED_EDGE('',*,*,#1763,.T.);
#1763 = EDGE_CURVE('',#1756,#1733,#1764,.T.);
#1764 = LINE('',#1765,#1766);
#1765 = CARTESIAN_POINT('',(90.1,-25.3,625.3));
#1766 = VECTOR('',#1767,1.);
#1767 = DIRECTION('',(0.,1.,0.));
#1768 = ORIENTED_EDGE('',*,*,#1732,.F.);
#1769 = PLANE('',#1770);
#1770 = AXIS2_PLACEMENT_3D('',#1771,#1772,#1773);
#1771 = CARTESIAN_POINT('',(58.,-25.3,625.3));
#1772 = DIRECTION('',(0.,0.,1.));
#1773 = DIRECTION('',(1.,0.,0.));
#1774 = ADVANCED_FACE('',(#1775),#1847,.F.);
#1775 = FACE_BOUND('',#1776,.F.);
#1776 = EDGE_LOOP('',(#1777,#1778,#1779,#1788,#1796,#1803,#1804,#1813,
    #1820,#1821,#1830,#1838,#1845,#1846));
#1777 = ORIENTED_EDGE('',*,*,#1081,.T.);
#1778 = ORIENTED_EDGE('',*,*,#1469,.T.);
#1779 = ORIENTED_EDGE('',*,*,#1780,.F.);
#1780 = EDGE_CURVE('',#1781,#1470,#1783,.T.);
#1781 = VERTEX_POINT('',#1782);
#1782 = CARTESIAN_POINT('',(81.5,-44.,633.64101615137));
#1783 = CIRCLE('',#1784,56.);
#1784 = AXIS2_PLACEMENT_3D('',#1785,#1786,#1787);
#1785 = CARTESIAN_POINT('',(81.5,0.,599.));
#1786 = DIRECTION('',(1.,0.,-0.));
#1787 = DIRECTION('',(0.,0.,1.));
#1788 = ORIENTED_EDGE('',*,*,#1789,.T.);
#1789 = EDGE_CURVE('',#1781,#1790,#1792,.T.);
#1790 = VERTEX_POINT('',#1791);
#1791 = CARTESIAN_POINT('',(94.5,-44.,633.64101615137));
#1792 = LINE('',#1793,#1794);
#1793 = CARTESIAN_POINT('',(57.,-44.,633.64101615137));
#1794 = VECTOR('',#1795,1.);
#1795 = DIRECTION('',(1.,0.,0.));
#1796 = ORIENTED_EDGE('',*,*,#1797,.T.);
#1797 = EDGE_CURVE('',#1790,#1494,#1798,.T.);
#1798 = CIRCLE('',#1799,56.);
#1799 = AXIS2_PLACEMENT_3D('',#1800,#1801,#1802);
#1800 = CARTESIAN_POINT('',(94.5,0.,599.));
#1801 = DIRECTION('',(1.,0.,-0.));
#1802 = DIRECTION('',(0.,0.,1.));
#1803 = ORIENTED_EDGE('',*,*,#1501,.T.);
#1804 = ORIENTED_EDGE('',*,*,#1805,.F.);
#1805 = EDGE_CURVE('',#1806,#1502,#1808,.T.);
#1806 = VERTEX_POINT('',#1807);
#1807 = CARTESIAN_POINT('',(114.,1.371604415045E-14,655.));
#1808 = CIRCLE('',#1809,56.);
#1809 = AXIS2_PLACEMENT_3D('',#1810,#1811,#1812);
#1810 = CARTESIAN_POINT('',(114.,0.,599.));
#1811 = DIRECTION('',(1.,0.,-0.));
#1812 = DIRECTION('',(0.,0.,1.));
#1813 = ORIENTED_EDGE('',*,*,#1814,.F.);
#1814 = EDGE_CURVE('',#1369,#1806,#1815,.T.);
#1815 = CIRCLE('',#1816,56.);
#1816 = AXIS2_PLACEMENT_3D('',#1817,#1818,#1819);
#1817 = CARTESIAN_POINT('',(114.,0.,599.));
#1818 = DIRECTION('',(1.,0.,-0.));
#1819 = DIRECTION('',(0.,0.,1.));
#1820 = ORIENTED_EDGE('',*,*,#1376,.F.);
#1821 = ORIENTED_EDGE('',*,*,#1822,.T.);
#1822 = EDGE_CURVE('',#1377,#1823,#1825,.T.);
#1823 = VERTEX_POINT('',#1824);
#1824 = CARTESIAN_POINT('',(94.5,44.,633.64101615137));
#1825 = CIRCLE('',#1826,56.);
#1826 = AXIS2_PLACEMENT_3D('',#1827,#1828,#1829);
#1827 = CARTESIAN_POINT('',(94.5,0.,599.));
#1828 = DIRECTION('',(1.,0.,-0.));
#1829 = DIRECTION('',(0.,0.,1.));
#1830 = ORIENTED_EDGE('',*,*,#1831,.F.);
#1831 = EDGE_CURVE('',#1832,#1823,#1834,.T.);
#1832 = VERTEX_POINT('',#1833);
#1833 = CARTESIAN_POINT('',(81.5,44.,633.64101615137));
#1834 = LINE('',#1835,#1836);
#1835 = CARTESIAN_POINT('',(57.,44.,633.64101615137));
#1836 = VECTOR('',#1837,1.);
#1837 = DIRECTION('',(1.,0.,0.));
#1838 = ORIENTED_EDGE('',*,*,#1839,.F.);
#1839 = EDGE_CURVE('',#1320,#1832,#1840,.T.);
#1840 = CIRCLE('',#1841,56.);
#1841 = AXIS2_PLACEMENT_3D('',#1842,#1843,#1844);
#1842 = CARTESIAN_POINT('',(81.5,0.,599.));
#1843 = DIRECTION('',(1.,0.,-0.));
#1844 = DIRECTION('',(0.,0.,1.));
#1845 = ORIENTED_EDGE('',*,*,#1319,.F.);
#1846 = ORIENTED_EDGE('',*,*,#1090,.T.);
#1847 = CYLINDRICAL_SURFACE('',#1848,56.);
#1848 = AXIS2_PLACEMENT_3D('',#1849,#1850,#1851);
#1849 = CARTESIAN_POINT('',(57.,0.,599.));
#1850 = DIRECTION('',(1.,0.,0.));
#1851 = DIRECTION('',(0.,0.,1.));
#1852 = ADVANCED_FACE('',(#1853),#1864,.F.);
#1853 = FACE_BOUND('',#1854,.F.);
#1854 = EDGE_LOOP('',(#1855,#1856,#1857,#1858));
#1855 = ORIENTED_EDGE('',*,*,#1462,.T.);
#1856 = ORIENTED_EDGE('',*,*,#1065,.T.);
#1857 = ORIENTED_EDGE('',*,*,#1755,.T.);
#1858 = ORIENTED_EDGE('',*,*,#1859,.F.);
#1859 = EDGE_CURVE('',#1455,#1756,#1860,.T.);
#1860 = LINE('',#1861,#1862);
#1861 = CARTESIAN_POINT('',(90.1,-25.3,599.));
#1862 = VECTOR('',#1863,1.);
#1863 = DIRECTION('',(0.,0.,1.));
#1864 = PLANE('',#1865);
#1865 = AXIS2_PLACEMENT_3D('',#1866,#1867,#1868);
#1866 = CARTESIAN_POINT('',(58.,-25.3,599.));
#1867 = DIRECTION('',(0.,1.,0.));
#1868 = DIRECTION('',(0.,0.,1.));
#1869 = ADVANCED_FACE('',(#1870,#1873),#1876,.F.);
#1870 = FACE_BOUND('',#1871,.F.);
#1871 = EDGE_LOOP('',(#1872));
#1872 = ORIENTED_EDGE('',*,*,#1228,.T.);
#1873 = FACE_BOUND('',#1874,.F.);
#1874 = EDGE_LOOP('',(#1875));
#1875 = ORIENTED_EDGE('',*,*,#1123,.F.);
#1876 = PLANE('',#1877);
#1877 = AXIS2_PLACEMENT_3D('',#1878,#1879,#1880);
#1878 = CARTESIAN_POINT('',(88.,49.5,607.99));
#1879 = DIRECTION('',(0.,0.,-1.));
#1880 = DIRECTION('',(-1.,0.,0.));
#1881 = ADVANCED_FACE('',(#1882),#1901,.F.);
#1882 = FACE_BOUND('',#1883,.F.);
#1883 = EDGE_LOOP('',(#1884,#1892,#1893,#1894));
#1884 = ORIENTED_EDGE('',*,*,#1885,.T.);
#1885 = EDGE_CURVE('',#1886,#1179,#1888,.T.);
#1886 = VERTEX_POINT('',#1887);
#1887 = CARTESIAN_POINT('',(85.75,-49.5,607.99));
#1888 = LINE('',#1889,#1890);
#1889 = CARTESIAN_POINT('',(85.75,-49.5,608.01));
#1890 = VECTOR('',#1891,1.);
#1891 = DIRECTION('',(0.,0.,-1.));
#1892 = ORIENTED_EDGE('',*,*,#1178,.F.);
#1893 = ORIENTED_EDGE('',*,*,#1885,.F.);
#1894 = ORIENTED_EDGE('',*,*,#1895,.T.);
#1895 = EDGE_CURVE('',#1886,#1886,#1896,.T.);
#1896 = CIRCLE('',#1897,2.25);
#1897 = AXIS2_PLACEMENT_3D('',#1898,#1899,#1900);
#1898 = CARTESIAN_POINT('',(88.,-49.5,607.99));
#1899 = DIRECTION('',(0.,0.,-1.));
#1900 = DIRECTION('',(-1.,0.,0.));
#1901 = CYLINDRICAL_SURFACE('',#1902,2.25);
#1902 = AXIS2_PLACEMENT_3D('',#1903,#1904,#1905);
#1903 = CARTESIAN_POINT('',(88.,-49.5,608.01));
#1904 = DIRECTION('',(0.,0.,-1.));
#1905 = DIRECTION('',(-1.,0.,0.));
#1906 = ADVANCED_FACE('',(#1907,#1910),#1913,.F.);
#1907 = FACE_BOUND('',#1908,.F.);
#1908 = EDGE_LOOP('',(#1909));
#1909 = ORIENTED_EDGE('',*,*,#1203,.T.);
#1910 = FACE_BOUND('',#1911,.F.);
#1911 = EDGE_LOOP('',(#1912));
#1912 = ORIENTED_EDGE('',*,*,#1895,.F.);
#1913 = PLANE('',#1914);
#1914 = AXIS2_PLACEMENT_3D('',#1915,#1916,#1917);
#1915 = CARTESIAN_POINT('',(88.,-49.5,607.99));
#1916 = DIRECTION('',(0.,0.,-1.));
#1917 = DIRECTION('',(-1.,0.,0.));
#1918 = ADVANCED_FACE('',(#1919,#1953),#1956,.T.);
#1919 = FACE_BOUND('',#1920,.T.);
#1920 = EDGE_LOOP('',(#1921,#1931,#1939,#1947));
#1921 = ORIENTED_EDGE('',*,*,#1922,.F.);
#1922 = EDGE_CURVE('',#1923,#1925,#1927,.T.);
#1923 = VERTEX_POINT('',#1924);
#1924 = CARTESIAN_POINT('',(111.45,33.181287274463,627.93864658734));
#1925 = VERTEX_POINT('',#1926);
#1926 = CARTESIAN_POINT('',(111.45,28.938646587343,632.18128727446));
#1927 = LINE('',#1928,#1929);
#1928 = CARTESIAN_POINT('',(111.45,33.181287274463,627.93864658734));
#1929 = VECTOR('',#1930,1.);
#1930 = DIRECTION('',(0.,-0.707106781187,0.707106781187));
#1931 = ORIENTED_EDGE('',*,*,#1932,.T.);
#1932 = EDGE_CURVE('',#1923,#1933,#1935,.T.);
#1933 = VERTEX_POINT('',#1934);
#1934 = CARTESIAN_POINT('',(111.45,27.577164466275,622.33452377915));
#1935 = LINE('',#1936,#1937);
#1936 = CARTESIAN_POINT('',(111.45,33.181287274463,627.93864658734));
#1937 = VECTOR('',#1938,1.);
#1938 = DIRECTION('',(0.,-0.707106781187,-0.707106781187));
#1939 = ORIENTED_EDGE('',*,*,#1940,.T.);
#1940 = EDGE_CURVE('',#1933,#1941,#1943,.T.);
#1941 = VERTEX_POINT('',#1942);
#1942 = CARTESIAN_POINT('',(111.45,23.334523779156,626.57716446627));
#1943 = LINE('',#1944,#1945);
#1944 = CARTESIAN_POINT('',(111.45,27.577164466275,622.33452377915));
#1945 = VECTOR('',#1946,1.);
#1946 = DIRECTION('',(0.,-0.707106781187,0.707106781187));
#1947 = ORIENTED_EDGE('',*,*,#1948,.F.);
#1948 = EDGE_CURVE('',#1925,#1941,#1949,.T.);
#1949 = LINE('',#1950,#1951);
#1950 = CARTESIAN_POINT('',(111.45,28.938646587343,632.18128727446));
#1951 = VECTOR('',#1952,1.);
#1952 = DIRECTION('',(0.,-0.707106781187,-0.707106781187));
#1953 = FACE_BOUND('',#1954,.T.);
#1954 = EDGE_LOOP('',(#1955));
#1955 = ORIENTED_EDGE('',*,*,#1278,.F.);
#1956 = PLANE('',#1957);
#1957 = AXIS2_PLACEMENT_3D('',#1958,#1959,#1960);
#1958 = CARTESIAN_POINT('',(111.45,33.181287274463,627.93864658734));
#1959 = DIRECTION('',(-1.,0.,0.));
#1960 = DIRECTION('',(0.,-0.707106781187,-0.707106781187));
#1961 = ADVANCED_FACE('',(#1962,#1996),#1999,.T.);
#1962 = FACE_BOUND('',#1963,.T.);
#1963 = EDGE_LOOP('',(#1964,#1974,#1982,#1990));
#1964 = ORIENTED_EDGE('',*,*,#1965,.F.);
#1965 = EDGE_CURVE('',#1966,#1968,#1970,.T.);
#1966 = VERTEX_POINT('',#1967);
#1967 = CARTESIAN_POINT('',(111.45,-28.93864658734,632.18128727446));
#1968 = VERTEX_POINT('',#1969);
#1969 = CARTESIAN_POINT('',(111.45,-33.18128727446,627.93864658734));
#1970 = LINE('',#1971,#1972);
#1971 = CARTESIAN_POINT('',(111.45,-28.93864658734,632.18128727446));
#1972 = VECTOR('',#1973,1.);
#1973 = DIRECTION('',(0.,-0.707106781187,-0.707106781187));
#1974 = ORIENTED_EDGE('',*,*,#1975,.T.);
#1975 = EDGE_CURVE('',#1966,#1976,#1978,.T.);
#1976 = VERTEX_POINT('',#1977);
#1977 = CARTESIAN_POINT('',(111.45,-23.33452377915,626.57716446627));
#1978 = LINE('',#1979,#1980);
#1979 = CARTESIAN_POINT('',(111.45,-28.93864658734,632.18128727446));
#1980 = VECTOR('',#1981,1.);
#1981 = DIRECTION('',(0.,0.707106781187,-0.707106781187));
#1982 = ORIENTED_EDGE('',*,*,#1983,.T.);
#1983 = EDGE_CURVE('',#1976,#1984,#1986,.T.);
#1984 = VERTEX_POINT('',#1985);
#1985 = CARTESIAN_POINT('',(111.45,-27.57716446627,622.33452377915));
#1986 = LINE('',#1987,#1988);
#1987 = CARTESIAN_POINT('',(111.45,-23.33452377915,626.57716446627));
#1988 = VECTOR('',#1989,1.);
#1989 = DIRECTION('',(0.,-0.707106781187,-0.707106781187));
#1990 = ORIENTED_EDGE('',*,*,#1991,.F.);
#1991 = EDGE_CURVE('',#1968,#1984,#1992,.T.);
#1992 = LINE('',#1993,#1994);
#1993 = CARTESIAN_POINT('',(111.45,-33.18128727446,627.93864658734));
#1994 = VECTOR('',#1995,1.);
#1995 = DIRECTION('',(0.,0.707106781187,-0.707106781187));
#1996 = FACE_BOUND('',#1997,.T.);
#1997 = EDGE_LOOP('',(#1998));
#1998 = ORIENTED_EDGE('',*,*,#1303,.F.);
#1999 = PLANE('',#2000);
#2000 = AXIS2_PLACEMENT_3D('',#2001,#2002,#2003);
#2001 = CARTESIAN_POINT('',(111.45,-28.93864658734,632.18128727446));
#2002 = DIRECTION('',(-1.,0.,0.));
#2003 = DIRECTION('',(0.,0.707106781187,-0.707106781187));
#2004 = ADVANCED_FACE('',(#2005),#2015,.F.);
#2005 = FACE_BOUND('',#2006,.F.);
#2006 = EDGE_LOOP('',(#2007,#2013,#2014));
#2007 = ORIENTED_EDGE('',*,*,#2008,.F.);
#2008 = EDGE_CURVE('',#1393,#1832,#2009,.T.);
#2009 = LINE('',#2010,#2011);
#2010 = CARTESIAN_POINT('',(81.5,44.,599.));
#2011 = VECTOR('',#2012,1.);
#2012 = DIRECTION('',(0.,0.,1.));
#2013 = ORIENTED_EDGE('',*,*,#1400,.T.);
#2014 = ORIENTED_EDGE('',*,*,#1839,.T.);
#2015 = PLANE('',#2016);
#2016 = AXIS2_PLACEMENT_3D('',#2017,#2018,#2019);
#2017 = CARTESIAN_POINT('',(81.5,44.,599.));
#2018 = DIRECTION('',(1.,0.,0.));
#2019 = DIRECTION('',(0.,0.,1.));
#2020 = ADVANCED_FACE('',(#2021),#2032,.F.);
#2021 = FACE_BOUND('',#2022,.F.);
#2022 = EDGE_LOOP('',(#2023,#2024,#2025,#2026));
#2023 = ORIENTED_EDGE('',*,*,#1392,.T.);
#2024 = ORIENTED_EDGE('',*,*,#2008,.T.);
#2025 = ORIENTED_EDGE('',*,*,#1831,.T.);
#2026 = ORIENTED_EDGE('',*,*,#2027,.F.);
#2027 = EDGE_CURVE('',#1385,#1823,#2028,.T.);
#2028 = LINE('',#2029,#2030);
#2029 = CARTESIAN_POINT('',(94.5,44.,599.));
#2030 = VECTOR('',#2031,1.);
#2031 = DIRECTION('',(0.,0.,1.));
#2032 = PLANE('',#2033);
#2033 = AXIS2_PLACEMENT_3D('',#2034,#2035,#2036);
#2034 = CARTESIAN_POINT('',(81.5,44.,599.));
#2035 = DIRECTION('',(0.,1.,0.));
#2036 = DIRECTION('',(0.,0.,1.));
#2037 = ADVANCED_FACE('',(#2038),#2043,.T.);
#2038 = FACE_BOUND('',#2039,.T.);
#2039 = EDGE_LOOP('',(#2040,#2041,#2042));
#2040 = ORIENTED_EDGE('',*,*,#2027,.F.);
#2041 = ORIENTED_EDGE('',*,*,#1384,.T.);
#2042 = ORIENTED_EDGE('',*,*,#1822,.T.);
#2043 = PLANE('',#2044);
#2044 = AXIS2_PLACEMENT_3D('',#2045,#2046,#2047);
#2045 = CARTESIAN_POINT('',(94.5,44.,599.));
#2046 = DIRECTION('',(1.,0.,0.));
#2047 = DIRECTION('',(0.,0.,1.));
#2048 = ADVANCED_FACE('',(#2049),#2071,.F.);
#2049 = FACE_BOUND('',#2050,.F.);
#2050 = EDGE_LOOP('',(#2051,#2052,#2053,#2054,#2055,#2064));
#2051 = ORIENTED_EDGE('',*,*,#1368,.F.);
#2052 = ORIENTED_EDGE('',*,*,#1814,.T.);
#2053 = ORIENTED_EDGE('',*,*,#1805,.T.);
#2054 = ORIENTED_EDGE('',*,*,#1509,.F.);
#2055 = ORIENTED_EDGE('',*,*,#2056,.F.);
#2056 = EDGE_CURVE('',#2057,#1510,#2059,.T.);
#2057 = VERTEX_POINT('',#2058);
#2058 = CARTESIAN_POINT('',(114.,1.224646799147E-14,649.));
#2059 = CIRCLE('',#2060,50.);
#2060 = AXIS2_PLACEMENT_3D('',#2061,#2062,#2063);
#2061 = CARTESIAN_POINT('',(114.,0.,599.));
#2062 = DIRECTION('',(1.,0.,-0.));
#2063 = DIRECTION('',(0.,0.,1.));
#2064 = ORIENTED_EDGE('',*,*,#2065,.F.);
#2065 = EDGE_CURVE('',#1361,#2057,#2066,.T.);
#2066 = CIRCLE('',#2067,50.);
#2067 = AXIS2_PLACEMENT_3D('',#2068,#2069,#2070);
#2068 = CARTESIAN_POINT('',(114.,0.,599.));
#2069 = DIRECTION('',(1.,0.,-0.));
#2070 = DIRECTION('',(0.,0.,1.));
#2071 = PLANE('',#2072);
#2072 = AXIS2_PLACEMENT_3D('',#2073,#2074,#2075);
#2073 = CARTESIAN_POINT('',(114.,0.,599.));
#2074 = DIRECTION('',(1.,0.,0.));
#2075 = DIRECTION('',(0.,0.,1.));
#2076 = ADVANCED_FACE('',(#2077),#2099,.T.);
#2077 = FACE_BOUND('',#2078,.T.);
#2078 = EDGE_LOOP('',(#2079,#2088,#2089,#2090,#2091,#2092));
#2079 = ORIENTED_EDGE('',*,*,#2080,.T.);
#2080 = EDGE_CURVE('',#2081,#1518,#2083,.T.);
#2081 = VERTEX_POINT('',#2082);
#2082 = CARTESIAN_POINT('',(106.,1.224646799147E-14,649.));
#2083 = CIRCLE('',#2084,50.);
#2084 = AXIS2_PLACEMENT_3D('',#2085,#2086,#2087);
#2085 = CARTESIAN_POINT('',(106.,0.,599.));
#2086 = DIRECTION('',(1.,0.,-0.));
#2087 = DIRECTION('',(0.,0.,1.));
#2088 = ORIENTED_EDGE('',*,*,#1517,.T.);
#2089 = ORIENTED_EDGE('',*,*,#2056,.F.);
#2090 = ORIENTED_EDGE('',*,*,#2065,.F.);
#2091 = ORIENTED_EDGE('',*,*,#1360,.F.);
#2092 = ORIENTED_EDGE('',*,*,#2093,.T.);
#2093 = EDGE_CURVE('',#1353,#2081,#2094,.T.);
#2094 = CIRCLE('',#2095,50.);
#2095 = AXIS2_PLACEMENT_3D('',#2096,#2097,#2098);
#2096 = CARTESIAN_POINT('',(106.,0.,599.));
#2097 = DIRECTION('',(1.,0.,-0.));
#2098 = DIRECTION('',(0.,0.,1.));
#2099 = CYLINDRICAL_SURFACE('',#2100,50.);
#2100 = AXIS2_PLACEMENT_3D('',#2101,#2102,#2103);
#2101 = CARTESIAN_POINT('',(106.,0.,599.));
#2102 = DIRECTION('',(1.,0.,0.));
#2103 = DIRECTION('',(0.,0.,1.));
#2104 = ADVANCED_FACE('',(#2105),#2113,.F.);
#2105 = FACE_BOUND('',#2106,.F.);
#2106 = EDGE_LOOP('',(#2107,#2108,#2109,#2110,#2111,#2112));
#2107 = ORIENTED_EDGE('',*,*,#1352,.T.);
#2108 = ORIENTED_EDGE('',*,*,#2093,.T.);
#2109 = ORIENTED_EDGE('',*,*,#2080,.T.);
#2110 = ORIENTED_EDGE('',*,*,#1525,.T.);
#2111 = ORIENTED_EDGE('',*,*,#1414,.F.);
#2112 = ORIENTED_EDGE('',*,*,#1433,.F.);
#2113 = PLANE('',#2114);
#2114 = AXIS2_PLACEMENT_3D('',#2115,#2116,#2117);
#2115 = CARTESIAN_POINT('',(106.,0.,599.));
#2116 = DIRECTION('',(1.,0.,0.));
#2117 = DIRECTION('',(0.,0.,1.));
#2118 = ADVANCED_FACE('',(#2119),#2128,.T.);
#2119 = FACE_BOUND('',#2120,.T.);
#2120 = EDGE_LOOP('',(#2121,#2122,#2123,#2124,#2125,#2126,#2127));
#2121 = ORIENTED_EDGE('',*,*,#1859,.F.);
#2122 = ORIENTED_EDGE('',*,*,#1454,.T.);
#2123 = ORIENTED_EDGE('',*,*,#1553,.F.);
#2124 = ORIENTED_EDGE('',*,*,#1563,.F.);
#2125 = ORIENTED_EDGE('',*,*,#1336,.T.);
#2126 = ORIENTED_EDGE('',*,*,#1740,.T.);
#2127 = ORIENTED_EDGE('',*,*,#1763,.F.);
#2128 = PLANE('',#2129);
#2129 = AXIS2_PLACEMENT_3D('',#2130,#2131,#2132);
#2130 = CARTESIAN_POINT('',(90.1,-25.3,599.));
#2131 = DIRECTION('',(1.,0.,0.));
#2132 = DIRECTION('',(0.,0.,1.));
#2133 = ADVANCED_FACE('',(#2134),#2144,.T.);
#2134 = FACE_BOUND('',#2135,.T.);
#2135 = EDGE_LOOP('',(#2136,#2142,#2143));
#2136 = ORIENTED_EDGE('',*,*,#2137,.T.);
#2137 = EDGE_CURVE('',#1486,#1790,#2138,.T.);
#2138 = LINE('',#2139,#2140);
#2139 = CARTESIAN_POINT('',(94.5,-44.,599.));
#2140 = VECTOR('',#2141,1.);
#2141 = DIRECTION('',(0.,0.,1.));
#2142 = ORIENTED_EDGE('',*,*,#1797,.T.);
#2143 = ORIENTED_EDGE('',*,*,#1493,.T.);
#2144 = PLANE('',#2145);
#2145 = AXIS2_PLACEMENT_3D('',#2146,#2147,#2148);
#2146 = CARTESIAN_POINT('',(94.5,-62.,599.));
#2147 = DIRECTION('',(1.,0.,0.));
#2148 = DIRECTION('',(0.,0.,1.));
#2149 = ADVANCED_FACE('',(#2150),#2161,.T.);
#2150 = FACE_BOUND('',#2151,.T.);
#2151 = EDGE_LOOP('',(#2152,#2153,#2159,#2160));
#2152 = ORIENTED_EDGE('',*,*,#1485,.T.);
#2153 = ORIENTED_EDGE('',*,*,#2154,.T.);
#2154 = EDGE_CURVE('',#1478,#1781,#2155,.T.);
#2155 = LINE('',#2156,#2157);
#2156 = CARTESIAN_POINT('',(81.5,-44.,599.));
#2157 = VECTOR('',#2158,1.);
#2158 = DIRECTION('',(0.,0.,1.));
#2159 = ORIENTED_EDGE('',*,*,#1789,.T.);
#2160 = ORIENTED_EDGE('',*,*,#2137,.F.);
#2161 = PLANE('',#2162);
#2162 = AXIS2_PLACEMENT_3D('',#2163,#2164,#2165);
#2163 = CARTESIAN_POINT('',(81.5,-44.,599.));
#2164 = DIRECTION('',(0.,1.,0.));
#2165 = DIRECTION('',(0.,0.,1.));
#2166 = ADVANCED_FACE('',(#2167),#2172,.F.);
#2167 = FACE_BOUND('',#2168,.F.);
#2168 = EDGE_LOOP('',(#2169,#2170,#2171));
#2169 = ORIENTED_EDGE('',*,*,#2154,.T.);
#2170 = ORIENTED_EDGE('',*,*,#1780,.T.);
#2171 = ORIENTED_EDGE('',*,*,#1477,.T.);
#2172 = PLANE('',#2173);
#2173 = AXIS2_PLACEMENT_3D('',#2174,#2175,#2176);
#2174 = CARTESIAN_POINT('',(81.5,-62.,599.));
#2175 = DIRECTION('',(1.,0.,0.));
#2176 = DIRECTION('',(0.,0.,1.));
#2177 = ADVANCED_FACE('',(#2178),#2183,.F.);
#2178 = FACE_BOUND('',#2179,.F.);
#2179 = EDGE_LOOP('',(#2180,#2181,#2182));
#2180 = ORIENTED_EDGE('',*,*,#1696,.T.);
#2181 = ORIENTED_EDGE('',*,*,#1670,.T.);
#2182 = ORIENTED_EDGE('',*,*,#1600,.T.);
#2183 = PLANE('',#2184);
#2184 = AXIS2_PLACEMENT_3D('',#2185,#2186,#2187);
#2185 = CARTESIAN_POINT('',(82.2,0.,599.));
#2186 = DIRECTION('',(1.,0.,0.));
#2187 = DIRECTION('',(0.,0.,1.));
#2188 = ADVANCED_FACE('',(#2189),#2214,.T.);
#2189 = FACE_BOUND('',#2190,.T.);
#2190 = EDGE_LOOP('',(#2191,#2199,#2200,#2208));
#2191 = ORIENTED_EDGE('',*,*,#2192,.F.);
#2192 = EDGE_CURVE('',#1923,#2193,#2195,.T.);
#2193 = VERTEX_POINT('',#2194);
#2194 = CARTESIAN_POINT('',(108.55,33.181287274463,627.93864658734));
#2195 = LINE('',#2196,#2197);
#2196 = CARTESIAN_POINT('',(111.45,33.181287274463,627.93864658734));
#2197 = VECTOR('',#2198,1.);
#2198 = DIRECTION('',(-1.,0.,0.));
#2199 = ORIENTED_EDGE('',*,*,#1922,.T.);
#2200 = ORIENTED_EDGE('',*,*,#2201,.T.);
#2201 = EDGE_CURVE('',#1925,#2202,#2204,.T.);
#2202 = VERTEX_POINT('',#2203);
#2203 = CARTESIAN_POINT('',(108.55,28.938646587343,632.18128727446));
#2204 = LINE('',#2205,#2206);
#2205 = CARTESIAN_POINT('',(111.45,28.938646587343,632.18128727446));
#2206 = VECTOR('',#2207,1.);
#2207 = DIRECTION('',(-1.,0.,0.));
#2208 = ORIENTED_EDGE('',*,*,#2209,.F.);
#2209 = EDGE_CURVE('',#2193,#2202,#2210,.T.);
#2210 = LINE('',#2211,#2212);
#2211 = CARTESIAN_POINT('',(108.55,33.181287274463,627.93864658734));
#2212 = VECTOR('',#2213,1.);
#2213 = DIRECTION('',(0.,-0.707106781187,0.707106781187));
#2214 = PLANE('',#2215);
#2215 = AXIS2_PLACEMENT_3D('',#2216,#2217,#2218);
#2216 = CARTESIAN_POINT('',(111.45,33.181287274463,627.93864658734));
#2217 = DIRECTION('',(0.,-0.707106781187,-0.707106781187));
#2218 = DIRECTION('',(-1.,0.,0.));
#2219 = ADVANCED_FACE('',(#2220),#2238,.F.);
#2220 = FACE_BOUND('',#2221,.F.);
#2221 = EDGE_LOOP('',(#2222,#2223,#2224,#2232));
#2222 = ORIENTED_EDGE('',*,*,#1948,.F.);
#2223 = ORIENTED_EDGE('',*,*,#2201,.T.);
#2224 = ORIENTED_EDGE('',*,*,#2225,.T.);
#2225 = EDGE_CURVE('',#2202,#2226,#2228,.T.);
#2226 = VERTEX_POINT('',#2227);
#2227 = CARTESIAN_POINT('',(108.55,23.334523779156,626.57716446627));
#2228 = LINE('',#2229,#2230);
#2229 = CARTESIAN_POINT('',(108.55,28.938646587343,632.18128727446));
#2230 = VECTOR('',#2231,1.);
#2231 = DIRECTION('',(0.,-0.707106781187,-0.707106781187));
#2232 = ORIENTED_EDGE('',*,*,#2233,.F.);
#2233 = EDGE_CURVE('',#1941,#2226,#2234,.T.);
#2234 = LINE('',#2235,#2236);
#2235 = CARTESIAN_POINT('',(111.45,23.334523779156,626.57716446627));
#2236 = VECTOR('',#2237,1.);
#2237 = DIRECTION('',(-1.,0.,0.));
#2238 = PLANE('',#2239);
#2239 = AXIS2_PLACEMENT_3D('',#2240,#2241,#2242);
#2240 = CARTESIAN_POINT('',(111.45,28.938646587343,632.18128727446));
#2241 = DIRECTION('',(0.,-0.707106781187,0.707106781187));
#2242 = DIRECTION('',(-1.,0.,0.));
#2243 = ADVANCED_FACE('',(#2244),#2262,.T.);
#2244 = FACE_BOUND('',#2245,.T.);
#2245 = EDGE_LOOP('',(#2246,#2247,#2248,#2256));
#2246 = ORIENTED_EDGE('',*,*,#1932,.F.);
#2247 = ORIENTED_EDGE('',*,*,#2192,.T.);
#2248 = ORIENTED_EDGE('',*,*,#2249,.T.);
#2249 = EDGE_CURVE('',#2193,#2250,#2252,.T.);
#2250 = VERTEX_POINT('',#2251);
#2251 = CARTESIAN_POINT('',(108.55,27.577164466275,622.33452377915));
#2252 = LINE('',#2253,#2254);
#2253 = CARTESIAN_POINT('',(108.55,33.181287274463,627.93864658734));
#2254 = VECTOR('',#2255,1.);
#2255 = DIRECTION('',(0.,-0.707106781187,-0.707106781187));
#2256 = ORIENTED_EDGE('',*,*,#2257,.F.);
#2257 = EDGE_CURVE('',#1933,#2250,#2258,.T.);
#2258 = LINE('',#2259,#2260);
#2259 = CARTESIAN_POINT('',(111.45,27.577164466275,622.33452377915));
#2260 = VECTOR('',#2261,1.);
#2261 = DIRECTION('',(-1.,0.,0.));
#2262 = PLANE('',#2263);
#2263 = AXIS2_PLACEMENT_3D('',#2264,#2265,#2266);
#2264 = CARTESIAN_POINT('',(111.45,33.181287274463,627.93864658734));
#2265 = DIRECTION('',(0.,-0.707106781187,0.707106781187));
#2266 = DIRECTION('',(-1.,0.,0.));
#2267 = ADVANCED_FACE('',(#2268),#2279,.F.);
#2268 = FACE_BOUND('',#2269,.F.);
#2269 = EDGE_LOOP('',(#2270,#2271,#2272,#2273));
#2270 = ORIENTED_EDGE('',*,*,#2257,.F.);
#2271 = ORIENTED_EDGE('',*,*,#1940,.T.);
#2272 = ORIENTED_EDGE('',*,*,#2233,.T.);
#2273 = ORIENTED_EDGE('',*,*,#2274,.F.);
#2274 = EDGE_CURVE('',#2250,#2226,#2275,.T.);
#2275 = LINE('',#2276,#2277);
#2276 = CARTESIAN_POINT('',(108.55,27.577164466275,622.33452377915));
#2277 = VECTOR('',#2278,1.);
#2278 = DIRECTION('',(0.,-0.707106781187,0.707106781187));
#2279 = PLANE('',#2280);
#2280 = AXIS2_PLACEMENT_3D('',#2281,#2282,#2283);
#2281 = CARTESIAN_POINT('',(111.45,27.577164466275,622.33452377915));
#2282 = DIRECTION('',(0.,-0.707106781187,-0.707106781187));
#2283 = DIRECTION('',(-1.,0.,0.));
#2284 = ADVANCED_FACE('',(#2285),#2310,.T.);
#2285 = FACE_BOUND('',#2286,.T.);
#2286 = EDGE_LOOP('',(#2287,#2295,#2296,#2304));
#2287 = ORIENTED_EDGE('',*,*,#2288,.F.);
#2288 = EDGE_CURVE('',#1966,#2289,#2291,.T.);
#2289 = VERTEX_POINT('',#2290);
#2290 = CARTESIAN_POINT('',(108.55,-28.93864658734,632.18128727446));
#2291 = LINE('',#2292,#2293);
#2292 = CARTESIAN_POINT('',(111.45,-28.93864658734,632.18128727446));
#2293 = VECTOR('',#2294,1.);
#2294 = DIRECTION('',(-1.,0.,0.));
#2295 = ORIENTED_EDGE('',*,*,#1965,.T.);
#2296 = ORIENTED_EDGE('',*,*,#2297,.T.);
#2297 = EDGE_CURVE('',#1968,#2298,#2300,.T.);
#2298 = VERTEX_POINT('',#2299);
#2299 = CARTESIAN_POINT('',(108.55,-33.18128727446,627.93864658734));
#2300 = LINE('',#2301,#2302);
#2301 = CARTESIAN_POINT('',(111.45,-33.18128727446,627.93864658734));
#2302 = VECTOR('',#2303,1.);
#2303 = DIRECTION('',(-1.,0.,0.));
#2304 = ORIENTED_EDGE('',*,*,#2305,.F.);
#2305 = EDGE_CURVE('',#2289,#2298,#2306,.T.);
#2306 = LINE('',#2307,#2308);
#2307 = CARTESIAN_POINT('',(108.55,-28.93864658734,632.18128727446));
#2308 = VECTOR('',#2309,1.);
#2309 = DIRECTION('',(0.,-0.707106781187,-0.707106781187));
#2310 = PLANE('',#2311);
#2311 = AXIS2_PLACEMENT_3D('',#2312,#2313,#2314);
#2312 = CARTESIAN_POINT('',(111.45,-28.93864658734,632.18128727446));
#2313 = DIRECTION('',(0.,0.707106781187,-0.707106781187));
#2314 = DIRECTION('',(-1.,0.,0.));
#2315 = ADVANCED_FACE('',(#2316),#2334,.F.);
#2316 = FACE_BOUND('',#2317,.F.);
#2317 = EDGE_LOOP('',(#2318,#2319,#2320,#2328));
#2318 = ORIENTED_EDGE('',*,*,#1991,.F.);
#2319 = ORIENTED_EDGE('',*,*,#2297,.T.);
#2320 = ORIENTED_EDGE('',*,*,#2321,.T.);
#2321 = EDGE_CURVE('',#2298,#2322,#2324,.T.);
#2322 = VERTEX_POINT('',#2323);
#2323 = CARTESIAN_POINT('',(108.55,-27.57716446627,622.33452377915));
#2324 = LINE('',#2325,#2326);
#2325 = CARTESIAN_POINT('',(108.55,-33.18128727446,627.93864658734));
#2326 = VECTOR('',#2327,1.);
#2327 = DIRECTION('',(0.,0.707106781187,-0.707106781187));
#2328 = ORIENTED_EDGE('',*,*,#2329,.F.);
#2329 = EDGE_CURVE('',#1984,#2322,#2330,.T.);
#2330 = LINE('',#2331,#2332);
#2331 = CARTESIAN_POINT('',(111.45,-27.57716446627,622.33452377915));
#2332 = VECTOR('',#2333,1.);
#2333 = DIRECTION('',(-1.,0.,0.));
#2334 = PLANE('',#2335);
#2335 = AXIS2_PLACEMENT_3D('',#2336,#2337,#2338);
#2336 = CARTESIAN_POINT('',(111.45,-33.18128727446,627.93864658734));
#2337 = DIRECTION('',(0.,-0.707106781187,-0.707106781187));
#2338 = DIRECTION('',(-1.,0.,0.));
#2339 = ADVANCED_FACE('',(#2340),#2358,.T.);
#2340 = FACE_BOUND('',#2341,.T.);
#2341 = EDGE_LOOP('',(#2342,#2343,#2344,#2352));
#2342 = ORIENTED_EDGE('',*,*,#1975,.F.);
#2343 = ORIENTED_EDGE('',*,*,#2288,.T.);
#2344 = ORIENTED_EDGE('',*,*,#2345,.T.);
#2345 = EDGE_CURVE('',#2289,#2346,#2348,.T.);
#2346 = VERTEX_POINT('',#2347);
#2347 = CARTESIAN_POINT('',(108.55,-23.33452377915,626.57716446627));
#2348 = LINE('',#2349,#2350);
#2349 = CARTESIAN_POINT('',(108.55,-28.93864658734,632.18128727446));
#2350 = VECTOR('',#2351,1.);
#2351 = DIRECTION('',(0.,0.707106781187,-0.707106781187));
#2352 = ORIENTED_EDGE('',*,*,#2353,.F.);
#2353 = EDGE_CURVE('',#1976,#2346,#2354,.T.);
#2354 = LINE('',#2355,#2356);
#2355 = CARTESIAN_POINT('',(111.45,-23.33452377915,626.57716446627));
#2356 = VECTOR('',#2357,1.);
#2357 = DIRECTION('',(-1.,0.,0.));
#2358 = PLANE('',#2359);
#2359 = AXIS2_PLACEMENT_3D('',#2360,#2361,#2362);
#2360 = CARTESIAN_POINT('',(111.45,-28.93864658734,632.18128727446));
#2361 = DIRECTION('',(0.,-0.707106781187,-0.707106781187));
#2362 = DIRECTION('',(-1.,0.,0.));
#2363 = ADVANCED_FACE('',(#2364),#2375,.F.);
#2364 = FACE_BOUND('',#2365,.F.);
#2365 = EDGE_LOOP('',(#2366,#2367,#2368,#2369));
#2366 = ORIENTED_EDGE('',*,*,#2353,.F.);
#2367 = ORIENTED_EDGE('',*,*,#1983,.T.);
#2368 = ORIENTED_EDGE('',*,*,#2329,.T.);
#2369 = ORIENTED_EDGE('',*,*,#2370,.F.);
#2370 = EDGE_CURVE('',#2346,#2322,#2371,.T.);
#2371 = LINE('',#2372,#2373);
#2372 = CARTESIAN_POINT('',(108.55,-23.33452377915,626.57716446627));
#2373 = VECTOR('',#2374,1.);
#2374 = DIRECTION('',(0.,-0.707106781187,-0.707106781187));
#2375 = PLANE('',#2376);
#2376 = AXIS2_PLACEMENT_3D('',#2377,#2378,#2379);
#2377 = CARTESIAN_POINT('',(111.45,-23.33452377915,626.57716446627));
#2378 = DIRECTION('',(0.,0.707106781187,-0.707106781187));
#2379 = DIRECTION('',(-1.,0.,0.));
#2380 = ADVANCED_FACE('',(#2381,#2387),#2398,.F.);
#2381 = FACE_BOUND('',#2382,.F.);
#2382 = EDGE_LOOP('',(#2383,#2384,#2385,#2386));
#2383 = ORIENTED_EDGE('',*,*,#2209,.F.);
#2384 = ORIENTED_EDGE('',*,*,#2249,.T.);
#2385 = ORIENTED_EDGE('',*,*,#2274,.T.);
#2386 = ORIENTED_EDGE('',*,*,#2225,.F.);
#2387 = FACE_BOUND('',#2388,.F.);
#2388 = EDGE_LOOP('',(#2389));
#2389 = ORIENTED_EDGE('',*,*,#2390,.F.);
#2390 = EDGE_CURVE('',#2391,#2391,#2393,.T.);
#2391 = VERTEX_POINT('',#2392);
#2392 = CARTESIAN_POINT('',(108.55,28.637824638055,625.93782463805));
#2393 = CIRCLE('',#2394,1.7);
#2394 = AXIS2_PLACEMENT_3D('',#2395,#2396,#2397);
#2395 = CARTESIAN_POINT('',(108.55,28.637824638055,627.63782463805));
#2396 = DIRECTION('',(-1.,0.,0.));
#2397 = DIRECTION('',(0.,0.,-1.));
#2398 = PLANE('',#2399);
#2399 = AXIS2_PLACEMENT_3D('',#2400,#2401,#2402);
#2400 = CARTESIAN_POINT('',(108.55,33.181287274463,627.93864658734));
#2401 = DIRECTION('',(-1.,0.,0.));
#2402 = DIRECTION('',(0.,-0.707106781187,-0.707106781187));
#2403 = ADVANCED_FACE('',(#2404,#2410),#2421,.F.);
#2404 = FACE_BOUND('',#2405,.F.);
#2405 = EDGE_LOOP('',(#2406,#2407,#2408,#2409));
#2406 = ORIENTED_EDGE('',*,*,#2305,.F.);
#2407 = ORIENTED_EDGE('',*,*,#2345,.T.);
#2408 = ORIENTED_EDGE('',*,*,#2370,.T.);
#2409 = ORIENTED_EDGE('',*,*,#2321,.F.);
#2410 = FACE_BOUND('',#2411,.F.);
#2411 = EDGE_LOOP('',(#2412));
#2412 = ORIENTED_EDGE('',*,*,#2413,.F.);
#2413 = EDGE_CURVE('',#2414,#2414,#2416,.T.);
#2414 = VERTEX_POINT('',#2415);
#2415 = CARTESIAN_POINT('',(108.55,-28.63782463805,625.93782463805));
#2416 = CIRCLE('',#2417,1.7);
#2417 = AXIS2_PLACEMENT_3D('',#2418,#2419,#2420);
#2418 = CARTESIAN_POINT('',(108.55,-28.63782463805,627.63782463805));
#2419 = DIRECTION('',(-1.,0.,0.));
#2420 = DIRECTION('',(0.,0.,-1.));
#2421 = PLANE('',#2422);
#2422 = AXIS2_PLACEMENT_3D('',#2423,#2424,#2425);
#2423 = CARTESIAN_POINT('',(108.55,-28.93864658734,632.18128727446));
#2424 = DIRECTION('',(-1.,0.,0.));
#2425 = DIRECTION('',(0.,0.707106781187,-0.707106781187));
#2426 = ADVANCED_FACE('',(#2427),#2446,.F.);
#2427 = FACE_BOUND('',#2428,.F.);
#2428 = EDGE_LOOP('',(#2429,#2437,#2438,#2439));
#2429 = ORIENTED_EDGE('',*,*,#2430,.F.);
#2430 = EDGE_CURVE('',#2391,#2431,#2433,.T.);
#2431 = VERTEX_POINT('',#2432);
#2432 = CARTESIAN_POINT('',(107.99,28.637824638055,625.93782463805));
#2433 = LINE('',#2434,#2435);
#2434 = CARTESIAN_POINT('',(115.01,28.637824638055,625.93782463805));
#2435 = VECTOR('',#2436,1.);
#2436 = DIRECTION('',(-1.,0.,0.));
#2437 = ORIENTED_EDGE('',*,*,#2390,.T.);
#2438 = ORIENTED_EDGE('',*,*,#2430,.T.);
#2439 = ORIENTED_EDGE('',*,*,#2440,.F.);
#2440 = EDGE_CURVE('',#2431,#2431,#2441,.T.);
#2441 = CIRCLE('',#2442,1.7);
#2442 = AXIS2_PLACEMENT_3D('',#2443,#2444,#2445);
#2443 = CARTESIAN_POINT('',(107.99,28.637824638055,627.63782463805));
#2444 = DIRECTION('',(-1.,0.,0.));
#2445 = DIRECTION('',(0.,0.,-1.));
#2446 = CYLINDRICAL_SURFACE('',#2447,1.7);
#2447 = AXIS2_PLACEMENT_3D('',#2448,#2449,#2450);
#2448 = CARTESIAN_POINT('',(115.01,28.637824638055,627.63782463805));
#2449 = DIRECTION('',(-1.,0.,0.));
#2450 = DIRECTION('',(0.,0.,-1.));
#2451 = ADVANCED_FACE('',(#2452),#2471,.F.);
#2452 = FACE_BOUND('',#2453,.F.);
#2453 = EDGE_LOOP('',(#2454,#2462,#2463,#2464));
#2454 = ORIENTED_EDGE('',*,*,#2455,.F.);
#2455 = EDGE_CURVE('',#2414,#2456,#2458,.T.);
#2456 = VERTEX_POINT('',#2457);
#2457 = CARTESIAN_POINT('',(107.99,-28.63782463805,625.93782463805));
#2458 = LINE('',#2459,#2460);
#2459 = CARTESIAN_POINT('',(115.01,-28.63782463805,625.93782463805));
#2460 = VECTOR('',#2461,1.);
#2461 = DIRECTION('',(-1.,0.,0.));
#2462 = ORIENTED_EDGE('',*,*,#2413,.T.);
#2463 = ORIENTED_EDGE('',*,*,#2455,.T.);
#2464 = ORIENTED_EDGE('',*,*,#2465,.F.);
#2465 = EDGE_CURVE('',#2456,#2456,#2466,.T.);
#2466 = CIRCLE('',#2467,1.7);
#2467 = AXIS2_PLACEMENT_3D('',#2468,#2469,#2470);
#2468 = CARTESIAN_POINT('',(107.99,-28.63782463805,627.63782463805));
#2469 = DIRECTION('',(-1.,0.,0.));
#2470 = DIRECTION('',(0.,0.,-1.));
#2471 = CYLINDRICAL_SURFACE('',#2472,1.7);
#2472 = AXIS2_PLACEMENT_3D('',#2473,#2474,#2475);
#2473 = CARTESIAN_POINT('',(115.01,-28.63782463805,627.63782463805));
#2474 = DIRECTION('',(-1.,0.,0.));
#2475 = DIRECTION('',(0.,0.,-1.));
#2476 = ADVANCED_FACE('',(#2477),#2496,.F.);
#2477 = FACE_BOUND('',#2478,.F.);
#2478 = EDGE_LOOP('',(#2479,#2487,#2494,#2495));
#2479 = ORIENTED_EDGE('',*,*,#2480,.T.);
#2480 = EDGE_CURVE('',#2431,#2481,#2483,.T.);
#2481 = VERTEX_POINT('',#2482);
#2482 = CARTESIAN_POINT('',(106.01,28.637824638055,625.93782463805));
#2483 = LINE('',#2484,#2485);
#2484 = CARTESIAN_POINT('',(110.01,28.637824638055,625.93782463805));
#2485 = VECTOR('',#2486,1.);
#2486 = DIRECTION('',(-1.,0.,0.));
#2487 = ORIENTED_EDGE('',*,*,#2488,.F.);
#2488 = EDGE_CURVE('',#2481,#2481,#2489,.T.);
#2489 = CIRCLE('',#2490,1.7);
#2490 = AXIS2_PLACEMENT_3D('',#2491,#2492,#2493);
#2491 = CARTESIAN_POINT('',(106.01,28.637824638055,627.63782463805));
#2492 = DIRECTION('',(-1.,0.,0.));
#2493 = DIRECTION('',(0.,0.,-1.));
#2494 = ORIENTED_EDGE('',*,*,#2480,.F.);
#2495 = ORIENTED_EDGE('',*,*,#2440,.T.);
#2496 = CYLINDRICAL_SURFACE('',#2497,1.7);
#2497 = AXIS2_PLACEMENT_3D('',#2498,#2499,#2500);
#2498 = CARTESIAN_POINT('',(110.01,28.637824638055,627.63782463805));
#2499 = DIRECTION('',(-1.,0.,0.));
#2500 = DIRECTION('',(0.,0.,-1.));
#2501 = ADVANCED_FACE('',(#2502),#2521,.F.);
#2502 = FACE_BOUND('',#2503,.F.);
#2503 = EDGE_LOOP('',(#2504,#2512,#2519,#2520));
#2504 = ORIENTED_EDGE('',*,*,#2505,.T.);
#2505 = EDGE_CURVE('',#2456,#2506,#2508,.T.);
#2506 = VERTEX_POINT('',#2507);
#2507 = CARTESIAN_POINT('',(106.01,-28.63782463805,625.93782463805));
#2508 = LINE('',#2509,#2510);
#2509 = CARTESIAN_POINT('',(110.01,-28.63782463805,625.93782463805));
#2510 = VECTOR('',#2511,1.);
#2511 = DIRECTION('',(-1.,0.,0.));
#2512 = ORIENTED_EDGE('',*,*,#2513,.F.);
#2513 = EDGE_CURVE('',#2506,#2506,#2514,.T.);
#2514 = CIRCLE('',#2515,1.7);
#2515 = AXIS2_PLACEMENT_3D('',#2516,#2517,#2518);
#2516 = CARTESIAN_POINT('',(106.01,-28.63782463805,627.63782463805));
#2517 = DIRECTION('',(-1.,0.,0.));
#2518 = DIRECTION('',(0.,0.,-1.));
#2519 = ORIENTED_EDGE('',*,*,#2505,.F.);
#2520 = ORIENTED_EDGE('',*,*,#2465,.T.);
#2521 = CYLINDRICAL_SURFACE('',#2522,1.7);
#2522 = AXIS2_PLACEMENT_3D('',#2523,#2524,#2525);
#2523 = CARTESIAN_POINT('',(110.01,-28.63782463805,627.63782463805));
#2524 = DIRECTION('',(-1.,0.,0.));
#2525 = DIRECTION('',(0.,0.,-1.));
#2526 = ADVANCED_FACE('',(#2527),#2530,.F.);
#2527 = FACE_BOUND('',#2528,.F.);
#2528 = EDGE_LOOP('',(#2529));
#2529 = ORIENTED_EDGE('',*,*,#2488,.T.);
#2530 = PLANE('',#2531);
#2531 = AXIS2_PLACEMENT_3D('',#2532,#2533,#2534);
#2532 = CARTESIAN_POINT('',(106.01,28.637824638055,627.63782463805));
#2533 = DIRECTION('',(-1.,0.,0.));
#2534 = DIRECTION('',(0.,0.,-1.));
#2535 = ADVANCED_FACE('',(#2536),#2539,.F.);
#2536 = FACE_BOUND('',#2537,.F.);
#2537 = EDGE_LOOP('',(#2538));
#2538 = ORIENTED_EDGE('',*,*,#2513,.T.);
#2539 = PLANE('',#2540);
#2540 = AXIS2_PLACEMENT_3D('',#2541,#2542,#2543);
#2541 = CARTESIAN_POINT('',(106.01,-28.63782463805,627.63782463805));
#2542 = DIRECTION('',(-1.,0.,0.));
#2543 = DIRECTION('',(0.,0.,-1.));
#2544 = ( GEOMETRIC_REPRESENTATION_CONTEXT(3) 
GLOBAL_UNCERTAINTY_ASSIGNED_CONTEXT((#2548)) 
GLOBAL_UNIT_ASSIGNED_CONTEXT((#2545,#2546,#2547)) REPRESENTATION_CONTEXT
('Context #1','3D Context with UNIT and UNCERTAINTY') );
#2545 = ( LENGTH_UNIT() NAMED_UNIT(*) SI_UNIT(.MILLI.,.METRE.) );
#2546 = ( NAMED_UNIT(*) PLANE_ANGLE_UNIT() SI_UNIT($,.RADIAN.) );
#2547 = ( NAMED_UNIT(*) SI_UNIT($,.STERADIAN.) SOLID_ANGLE_UNIT() );
#2548 = UNCERTAINTY_MEASURE_WITH_UNIT(LENGTH_MEASURE(1.E-07),#2545,
  'distance_accuracy_value','confusion accuracy');
#2549 = PRODUCT_RELATED_PRODUCT_CATEGORY('part',$,(#7));
ENDSEC;
END-ISO-10303-21;
