ISO-10303-21;
HEADER;
FILE_DESCRIPTION(('FreeCAD Model'),'2;1');
FILE_NAME('Open CASCADE Shape Model','2026-09-19T23:10:23',('FreeCAD'),(
    'FreeCAD'),'Open CASCADE STEP processor 7.9','FreeCAD','Unknown');
FILE_SCHEMA(('AUTOMOTIVE_DESIGN { 1 0 10303 214 1 1 1 1 }'));
ENDSEC;
DATA;
#1 = APPLICATION_PROTOCOL_DEFINITION('international standard',
  'automotive_design',2000,#2);
#2 = APPLICATION_CONTEXT(
  'core data for automotive mechanical design processes');
#3 = SHAPE_DEFINITION_REPRESENTATION(#4,#10);
#4 = PRODUCT_DEFINITION_SHAPE('','',#5);
#5 = PRODUCT_DEFINITION('design','',#6,#9);
#6 = PRODUCT_DEFINITION_FORMATION('','',#7);
#7 = PRODUCT('Open CASCADE STEP translator 7.9 28',
  'Open CASCADE STEP translator 7.9 28','',(#8));
#8 = PRODUCT_CONTEXT('',#2,'mechanical');
#9 = PRODUCT_DEFINITION_CONTEXT('part definition',#2,'design');
#10 = ADVANCED_BREP_SHAPE_REPRESENTATION('',(#11,#15),#17578);
#11 = AXIS2_PLACEMENT_3D('',#12,#13,#14);
#12 = CARTESIAN_POINT('',(0.,0.,0.));
#13 = DIRECTION('',(0.,0.,1.));
#14 = DIRECTION('',(1.,0.,-0.));
#15 = MANIFOLD_SOLID_BREP('',#16);
#16 = CLOSED_SHELL('',(#17,#65,#98,#131,#4486,#8841,#8858,#8879,#8896,
    #8913,#8934,#8951,#8968,#8985,#9006,#9027,#9044,#9061,#9078,#9099,
    #9116,#9133,#9154,#9171,#9188,#9205,#9226,#9247,#9264,#9281,#9298,
    #9319,#9336,#9353,#9374,#9391,#9408,#9425,#9446,#9467,#9484,#9501,
    #9518,#9539,#9556,#9573,#9594,#9611,#9628,#9645,#9666,#9687,#9704,
    #9721,#9738,#9759,#9776,#9793,#9814,#9831,#9848,#9865,#9886,#9907,
    #9924,#9941,#9958,#9979,#9996,#10013,#10034,#10051,#10068,#10085,
    #10106,#10127,#10144,#10161,#10178,#10199,#10216,#10233,#10254,
    #10271,#10288,#10305,#10326,#10347,#10364,#10381,#10398,#10419,
    #10436,#10453,#10474,#10491,#10508,#10525,#10546,#10567,#10584,
    #10601,#10618,#10639,#10656,#10673,#10694,#10711,#10728,#10745,
    #10766,#10787,#10804,#10821,#10838,#10859,#10876,#10893,#10914,
    #10931,#10948,#10965,#10986,#11007,#11024,#11041,#11058,#11079,
    #11096,#11113,#11134,#11151,#11168,#11185,#11206,#11227,#11244,
    #11261,#11278,#11299,#11316,#11333,#11354,#11371,#11388,#11405,
    #11426,#11447,#11464,#11481,#11498,#11519,#11536,#11553,#11574,
    #11591,#11608,#11625,#11646,#11667,#11684,#11701,#11718,#11739,
    #11756,#11773,#11794,#11811,#11828,#11845,#11866,#11887,#11904,
    #11921,#11938,#11959,#11976,#11993,#12014,#12031,#12048,#12065,
    #12086,#12107,#12124,#12141,#12158,#12179,#12196,#12213,#12234,
    #12251,#12268,#12285,#12306,#12327,#12344,#12361,#12378,#12399,
    #12416,#12433,#12454,#12471,#12488,#12505,#12526,#12547,#12564,
    #12581,#12598,#12619,#12636,#12653,#12674,#12691,#12708,#12725,
    #12746,#12767,#12784,#12801,#12818,#12839,#12856,#12873,#12894,
    #12911,#12928,#12945,#12966,#12987,#13004,#13021,#13038,#13059,
    #13076,#13093,#13114,#13131,#13148,#13165,#13186,#13207,#13224,
    #13241,#13258,#13279,#13296,#13313,#13334,#13351,#13368,#13385,
    #13406,#13427,#13444,#13461,#13478,#13499,#13516,#13533,#13554,
    #13571,#13588,#13605,#13626,#13647,#13664,#13681,#13698,#13719,
    #13736,#13753,#13774,#13791,#13808,#13825,#13846,#13867,#13884,
    #13901,#13918,#13939,#13956,#13973,#13994,#14011,#14028,#14045,
    #14066,#14087,#14104,#14121,#14138,#14159,#14176,#14193,#14214,
    #14231,#14248,#14265,#14286,#14307,#14324,#14341,#14358,#14379,
    #14396,#14413,#14434,#14451,#14468,#14485,#14506,#14527,#14544,
    #14561,#14578,#14599,#14616,#14633,#14654,#14671,#14688,#14705,
    #14726,#14747,#14764,#14781,#14798,#14819,#14836,#14853,#14874,
    #14891,#14908,#14925,#14946,#14967,#14984,#15001,#15018,#15039,
    #15056,#15073,#15094,#15111,#15128,#15145,#15166,#15187,#15204,
    #15221,#15238,#15259,#15276,#15293,#15314,#15331,#15348,#15365,
    #15386,#15407,#15424,#15441,#15458,#15479,#15496,#15513,#15534,
    #15551,#15568,#15585,#15606,#15627,#15644,#15661,#15678,#15699,
    #15716,#15733,#15754,#15771,#15788,#15805,#15826,#15847,#15864,
    #15881,#15898,#15919,#15936,#15953,#15974,#15991,#16008,#16025,
    #16046,#16067,#16084,#16101,#16118,#16139,#16156,#16173,#16194,
    #16211,#16228,#16245,#16266,#16287,#16304,#16321,#16338,#16359,
    #16376,#16393,#16414,#16431,#16448,#16465,#16486,#16507,#16524,
    #16541,#16558,#16579,#16596,#16613,#16634,#16651,#16668,#16685,
    #16701,#16723,#16740,#16757,#16774,#16786,#16808,#16825,#16842,
    #16859,#16871,#16896,#16918,#16952,#16969,#16994,#17011,#17038,
    #17060,#17077,#17094,#17128,#17162,#17187,#17205,#17222,#17247,
    #17269,#17286,#17303,#17320,#17332,#17354,#17371,#17388,#17405,
    #17417,#17442,#17460,#17485,#17503,#17528,#17540,#17552,#17566));
#17 = ADVANCED_FACE('',(#18),#56,.F.);
#18 = FACE_BOUND('',#19,.F.);
#19 = EDGE_LOOP('',(#20,#30,#40,#48));
#20 = ORIENTED_EDGE('',*,*,#21,.T.);
#21 = EDGE_CURVE('',#22,#24,#26,.T.);
#22 = VERTEX_POINT('',#23);
#23 = CARTESIAN_POINT('',(46.,-2.123731653224,510.06919299814));
#24 = VERTEX_POINT('',#25);
#25 = CARTESIAN_POINT('',(56.,-2.123731653224,510.06919299814));
#26 = LINE('',#27,#28);
#27 = CARTESIAN_POINT('',(46.,-2.123731653224,510.06919299814));
#28 = VECTOR('',#29,1.);
#29 = DIRECTION('',(1.,0.,2.22044604925E-16));
#30 = ORIENTED_EDGE('',*,*,#31,.T.);
#31 = EDGE_CURVE('',#24,#32,#34,.T.);
#32 = VERTEX_POINT('',#33);
#33 = CARTESIAN_POINT('',(56.,-0.800237428181,506.10737098745));
#34 = B_SPLINE_CURVE_WITH_KNOTS('',4,(#35,#36,#37,#38,#39),
  .UNSPECIFIED.,.F.,.F.,(5,5),(0.,1.),.PIECEWISE_BEZIER_KNOTS.);
#35 = CARTESIAN_POINT('',(56.,-2.123731653224,510.06919299814));
#36 = CARTESIAN_POINT('',(56.,-1.947298007305,509.30567061242));
#37 = CARTESIAN_POINT('',(56.,-1.686764473466,508.38235569031));
#38 = CARTESIAN_POINT('',(56.,-1.313212421944,507.31007279461));
#39 = CARTESIAN_POINT('',(56.,-0.800237428181,506.10737098745));
#40 = ORIENTED_EDGE('',*,*,#41,.F.);
#41 = EDGE_CURVE('',#42,#32,#44,.T.);
#42 = VERTEX_POINT('',#43);
#43 = CARTESIAN_POINT('',(46.,-0.800237428181,506.10737098745));
#44 = LINE('',#45,#46);
#45 = CARTESIAN_POINT('',(46.,-0.800237428181,506.10737098745));
#46 = VECTOR('',#47,1.);
#47 = DIRECTION('',(1.,0.,2.22044604925E-16));
#48 = ORIENTED_EDGE('',*,*,#49,.F.);
#49 = EDGE_CURVE('',#22,#42,#50,.T.);
#50 = B_SPLINE_CURVE_WITH_KNOTS('',4,(#51,#52,#53,#54,#55),
  .UNSPECIFIED.,.F.,.F.,(5,5),(0.,1.),.PIECEWISE_BEZIER_KNOTS.);
#51 = CARTESIAN_POINT('',(46.,-2.123731653224,510.06919299814));
#52 = CARTESIAN_POINT('',(46.,-1.947298007305,509.30567061242));
#53 = CARTESIAN_POINT('',(46.,-1.686764473466,508.38235569031));
#54 = CARTESIAN_POINT('',(46.,-1.313212421944,507.31007279461));
#55 = CARTESIAN_POINT('',(46.,-0.800237428181,506.10737098745));
#56 = SURFACE_OF_LINEAR_EXTRUSION('',#57,#63);
#57 = B_SPLINE_CURVE_WITH_KNOTS('',4,(#58,#59,#60,#61,#62),
  .UNSPECIFIED.,.F.,.F.,(5,5),(0.,1.),.PIECEWISE_BEZIER_KNOTS.);
#58 = CARTESIAN_POINT('',(46.,-2.123731653224,510.06919299814));
#59 = CARTESIAN_POINT('',(46.,-1.947298007305,509.30567061242));
#60 = CARTESIAN_POINT('',(46.,-1.686764473466,508.38235569031));
#61 = CARTESIAN_POINT('',(46.,-1.313212421944,507.31007279461));
#62 = CARTESIAN_POINT('',(46.,-0.800237428181,506.10737098745));
#63 = VECTOR('',#64,1.);
#64 = DIRECTION('',(-1.,-0.,-2.22044604925E-16));
#65 = ADVANCED_FACE('',(#66),#93,.F.);
#66 = FACE_BOUND('',#67,.F.);
#67 = EDGE_LOOP('',(#68,#78,#85,#86));
#68 = ORIENTED_EDGE('',*,*,#69,.T.);
#69 = EDGE_CURVE('',#70,#72,#74,.T.);
#70 = VERTEX_POINT('',#71);
#71 = CARTESIAN_POINT('',(46.,-2.83495335498,510.66096028433));
#72 = VERTEX_POINT('',#73);
#73 = CARTESIAN_POINT('',(56.,-2.83495335498,510.66096028433));
#74 = LINE('',#75,#76);
#75 = CARTESIAN_POINT('',(46.,-2.83495335498,510.66096028433));
#76 = VECTOR('',#77,1.);
#77 = DIRECTION('',(1.,0.,2.22044604925E-16));
#78 = ORIENTED_EDGE('',*,*,#79,.T.);
#79 = EDGE_CURVE('',#72,#24,#80,.T.);
#80 = CIRCLE('',#81,0.76);
#81 = AXIS2_PLACEMENT_3D('',#82,#83,#84);
#82 = CARTESIAN_POINT('',(56.,-2.865012632113,509.90155496446));
#83 = DIRECTION('',(-1.,0.,-2.22044604925E-16));
#84 = DIRECTION('',(-2.218708608292E-16,3.955168043785E-02,
    0.999217526155));
#85 = ORIENTED_EDGE('',*,*,#21,.F.);
#86 = ORIENTED_EDGE('',*,*,#87,.F.);
#87 = EDGE_CURVE('',#70,#22,#88,.T.);
#88 = CIRCLE('',#89,0.76);
#89 = AXIS2_PLACEMENT_3D('',#90,#91,#92);
#90 = CARTESIAN_POINT('',(46.,-2.865012632113,509.90155496446));
#91 = DIRECTION('',(-1.,0.,-2.22044604925E-16));
#92 = DIRECTION('',(-2.218708608292E-16,3.955168043785E-02,
    0.999217526155));
#93 = CYLINDRICAL_SURFACE('',#94,0.76);
#94 = AXIS2_PLACEMENT_3D('',#95,#96,#97);
#95 = CARTESIAN_POINT('',(46.,-2.865012632113,509.90155496446));
#96 = DIRECTION('',(-1.,0.,-2.22044604925E-16));
#97 = DIRECTION('',(-2.218708608292E-16,3.955168043785E-02,
    0.999217526155));
#98 = ADVANCED_FACE('',(#99),#126,.T.);
#99 = FACE_BOUND('',#100,.F.);
#100 = EDGE_LOOP('',(#101,#102,#111,#119));
#101 = ORIENTED_EDGE('',*,*,#41,.T.);
#102 = ORIENTED_EDGE('',*,*,#103,.T.);
#103 = EDGE_CURVE('',#32,#104,#106,.T.);
#104 = VERTEX_POINT('',#105);
#105 = CARTESIAN_POINT('',(56.,0.800260089461,506.10736369992));
#106 = CIRCLE('',#107,73.896969596669);
#107 = AXIS2_PLACEMENT_3D('',#108,#109,#110);
#108 = CARTESIAN_POINT('',(56.,3.477854464627E-04,580.0000037656));
#109 = DIRECTION('',(1.,0.,2.22044604925E-16));
#110 = DIRECTION('',(2.22031573712E-16,-1.083380303681E-02,
    -0.999941312634));
#111 = ORIENTED_EDGE('',*,*,#112,.F.);
#112 = EDGE_CURVE('',#113,#104,#115,.T.);
#113 = VERTEX_POINT('',#114);
#114 = CARTESIAN_POINT('',(46.,0.800260089461,506.10736369992));
#115 = LINE('',#116,#117);
#116 = CARTESIAN_POINT('',(46.,0.800260089461,506.10736369992));
#117 = VECTOR('',#118,1.);
#118 = DIRECTION('',(1.,0.,2.22044604925E-16));
#119 = ORIENTED_EDGE('',*,*,#120,.F.);
#120 = EDGE_CURVE('',#42,#113,#121,.T.);
#121 = CIRCLE('',#122,73.896969596669);
#122 = AXIS2_PLACEMENT_3D('',#123,#124,#125);
#123 = CARTESIAN_POINT('',(46.,3.477854464627E-04,580.0000037656));
#124 = DIRECTION('',(1.,0.,2.22044604925E-16));
#125 = DIRECTION('',(2.22031573712E-16,-1.083380303681E-02,
    -0.999941312634));
#126 = CYLINDRICAL_SURFACE('',#127,73.896969596669);
#127 = AXIS2_PLACEMENT_3D('',#128,#129,#130);
#128 = CARTESIAN_POINT('',(46.,3.477854464627E-04,580.0000037656));
#129 = DIRECTION('',(-1.,0.,-2.22044604925E-16));
#130 = DIRECTION('',(2.22031573712E-16,-1.083380303681E-02,
    -0.999941312634));
#131 = ADVANCED_FACE('',(#132,#4139,#4186,#4233,#4244,#4300,#4365,#4376,
    #4387,#4434),#4481,.F.);
#132 = FACE_BOUND('',#133,.F.);
#133 = EDGE_LOOP('',(#134,#135,#136,#146,#155,#164,#173,#183,#192,#202,
    #211,#220,#229,#239,#248,#258,#267,#276,#285,#295,#304,#314,#323,
    #332,#341,#351,#360,#370,#379,#388,#397,#407,#416,#426,#435,#444,
    #453,#463,#472,#482,#491,#500,#509,#519,#528,#538,#547,#556,#565,
    #575,#584,#594,#603,#612,#621,#631,#640,#650,#659,#668,#677,#687,
    #696,#706,#715,#724,#733,#743,#752,#762,#771,#780,#789,#799,#808,
    #818,#827,#836,#845,#855,#864,#874,#883,#892,#901,#911,#920,#930,
    #939,#948,#957,#967,#976,#986,#995,#1004,#1013,#1023,#1032,#1042,
    #1051,#1060,#1069,#1079,#1088,#1098,#1107,#1116,#1125,#1135,#1144,
    #1154,#1163,#1172,#1181,#1191,#1200,#1210,#1219,#1228,#1237,#1247,
    #1256,#1266,#1275,#1284,#1293,#1303,#1312,#1322,#1331,#1340,#1349,
    #1359,#1368,#1378,#1387,#1396,#1405,#1415,#1424,#1434,#1443,#1452,
    #1461,#1471,#1480,#1490,#1499,#1508,#1517,#1527,#1536,#1546,#1555,
    #1564,#1573,#1583,#1592,#1602,#1611,#1620,#1629,#1639,#1648,#1658,
    #1667,#1676,#1685,#1695,#1704,#1714,#1723,#1732,#1741,#1751,#1760,
    #1770,#1779,#1788,#1797,#1807,#1816,#1826,#1835,#1844,#1853,#1863,
    #1872,#1882,#1891,#1900,#1909,#1919,#1928,#1938,#1947,#1956,#1965,
    #1975,#1984,#1994,#2003,#2012,#2021,#2031,#2040,#2050,#2059,#2068,
    #2077,#2087,#2096,#2106,#2115,#2124,#2133,#2143,#2152,#2162,#2171,
    #2180,#2189,#2199,#2208,#2218,#2227,#2236,#2245,#2255,#2264,#2274,
    #2283,#2292,#2301,#2311,#2320,#2330,#2339,#2348,#2357,#2367,#2376,
    #2386,#2395,#2404,#2413,#2423,#2432,#2442,#2451,#2460,#2469,#2479,
    #2488,#2498,#2507,#2516,#2525,#2535,#2544,#2554,#2563,#2572,#2581,
    #2591,#2600,#2610,#2619,#2628,#2637,#2647,#2656,#2666,#2675,#2684,
    #2693,#2703,#2712,#2722,#2731,#2740,#2749,#2759,#2768,#2778,#2787,
    #2796,#2805,#2815,#2824,#2834,#2843,#2852,#2861,#2871,#2880,#2890,
    #2899,#2908,#2917,#2927,#2936,#2946,#2955,#2964,#2973,#2983,#2992,
    #3002,#3011,#3020,#3029,#3039,#3048,#3058,#3067,#3076,#3085,#3095,
    #3104,#3114,#3123,#3132,#3141,#3151,#3160,#3170,#3179,#3188,#3197,
    #3207,#3216,#3226,#3235,#3244,#3253,#3263,#3272,#3282,#3291,#3300,
    #3309,#3319,#3328,#3338,#3347,#3356,#3365,#3375,#3384,#3394,#3403,
    #3412,#3421,#3431,#3440,#3450,#3459,#3468,#3477,#3487,#3496,#3506,
    #3515,#3524,#3533,#3543,#3552,#3562,#3571,#3580,#3589,#3599,#3608,
    #3618,#3627,#3636,#3645,#3655,#3664,#3674,#3683,#3692,#3701,#3711,
    #3720,#3730,#3739,#3748,#3757,#3767,#3776,#3786,#3795,#3804,#3813,
    #3823,#3832,#3842,#3851,#3860,#3869,#3879,#3888,#3898,#3907,#3916,
    #3925,#3935,#3944,#3954,#3963,#3972,#3981,#3991,#4000,#4010,#4019,
    #4028,#4037,#4047,#4056,#4066,#4075,#4084,#4093,#4103,#4112,#4122,
    #4131,#4138));
#134 = ORIENTED_EDGE('',*,*,#49,.T.);
#135 = ORIENTED_EDGE('',*,*,#120,.T.);
#136 = ORIENTED_EDGE('',*,*,#137,.T.);
#137 = EDGE_CURVE('',#113,#138,#140,.T.);
#138 = VERTEX_POINT('',#139);
#139 = CARTESIAN_POINT('',(46.,2.123731532802,510.06919257885));
#140 = B_SPLINE_CURVE_WITH_KNOTS('',4,(#141,#142,#143,#144,#145),
  .UNSPECIFIED.,.F.,.F.,(5,5),(0.,1.),.PIECEWISE_BEZIER_KNOTS.);
#141 = CARTESIAN_POINT('',(46.,0.800260089461,506.10736369992));
#142 = CARTESIAN_POINT('',(46.,1.313212421944,507.31007279461));
#143 = CARTESIAN_POINT('',(46.,1.686764473466,508.38235569031));
#144 = CARTESIAN_POINT('',(46.,1.947298007305,509.30567061242));
#145 = CARTESIAN_POINT('',(46.,2.123731532802,510.06919257885));
#146 = ORIENTED_EDGE('',*,*,#147,.T.);
#147 = EDGE_CURVE('',#138,#148,#150,.T.);
#148 = VERTEX_POINT('',#149);
#149 = CARTESIAN_POINT('',(46.,2.83495335498,510.66096028433));
#150 = CIRCLE('',#151,0.76);
#151 = AXIS2_PLACEMENT_3D('',#152,#153,#154);
#152 = CARTESIAN_POINT('',(46.,2.86501260628,509.90155496343));
#153 = DIRECTION('',(-1.,0.,-2.22044604925E-16));
#154 = DIRECTION('',(-4.897766853458E-17,-0.975369833524,0.220575809762)
  );
#155 = ORIENTED_EDGE('',*,*,#156,.T.);
#156 = EDGE_CURVE('',#148,#157,#159,.T.);
#157 = VERTEX_POINT('',#158);
#158 = CARTESIAN_POINT('',(46.,3.219130006259,510.67773379917));
#159 = CIRCLE('',#160,69.39696959087);
#160 = AXIS2_PLACEMENT_3D('',#161,#162,#163);
#161 = CARTESIAN_POINT('',(46.,2.552942302003E-10,579.9999999941));
#162 = DIRECTION('',(1.,0.,2.22044604925E-16));
#163 = DIRECTION('',(2.21859250757E-16,4.08512557744E-02,-0.999165239038
    ));
#164 = ORIENTED_EDGE('',*,*,#165,.T.);
#165 = EDGE_CURVE('',#157,#166,#168,.T.);
#166 = VERTEX_POINT('',#167);
#167 = CARTESIAN_POINT('',(46.,3.979221212078,510.15020542184));
#168 = CIRCLE('',#169,0.76);
#169 = AXIS2_PLACEMENT_3D('',#170,#171,#172);
#170 = CARTESIAN_POINT('',(46.,3.255371648452,509.91859840718));
#171 = DIRECTION('',(-1.,0.,-2.22044604925E-16));
#172 = DIRECTION('',(-2.217919976302E-16,-4.768637130563E-02,
    0.998862357881));
#173 = ORIENTED_EDGE('',*,*,#174,.T.);
#174 = EDGE_CURVE('',#166,#175,#177,.T.);
#175 = VERTEX_POINT('',#176);
#176 = CARTESIAN_POINT('',(46.,5.642974681997,506.31880946221));
#177 = B_SPLINE_CURVE_WITH_KNOTS('',4,(#178,#179,#180,#181,#182),
  .UNSPECIFIED.,.F.,.F.,(5,5),(0.,1.),.PIECEWISE_BEZIER_KNOTS.);
#178 = CARTESIAN_POINT('',(46.,3.979221212078,510.15020542184));
#179 = CARTESIAN_POINT('',(46.,4.22152883534,509.40496567476));
#180 = CARTESIAN_POINT('',(46.,4.561543158252,508.50787123834));
#181 = CARTESIAN_POINT('',(46.,5.027129343649,507.4722259093));
#182 = CARTESIAN_POINT('',(46.,5.642974681997,506.31880946221));
#183 = ORIENTED_EDGE('',*,*,#184,.T.);
#184 = EDGE_CURVE('',#175,#185,#187,.T.);
#185 = VERTEX_POINT('',#186);
#186 = CARTESIAN_POINT('',(46.,7.237382458531,506.45829475233));
#187 = CIRCLE('',#188,73.89696959665);
#188 = AXIS2_PLACEMENT_3D('',#189,#190,#191);
#189 = CARTESIAN_POINT('',(46.,3.461338247233E-04,580.00003406276));
#190 = DIRECTION('',(1.,0.,2.22044604925E-16));
#191 = DIRECTION('',(2.213963373075E-16,7.635805066123E-02,
    -0.997080462199));
#192 = ORIENTED_EDGE('',*,*,#193,.T.);
#193 = EDGE_CURVE('',#185,#194,#196,.T.);
#194 = VERTEX_POINT('',#195);
#195 = CARTESIAN_POINT('',(46.,8.210521554881,510.52039581292));
#196 = B_SPLINE_CURVE_WITH_KNOTS('',4,(#197,#198,#199,#200,#201),
  .UNSPECIFIED.,.F.,.F.,(5,5),(0.,1.),.PIECEWISE_BEZIER_KNOTS.);
#197 = CARTESIAN_POINT('',(46.,7.237382458531,506.45829475233));
#198 = CARTESIAN_POINT('',(46.,7.643559848067,507.70113391734));
#199 = CARTESIAN_POINT('',(46.,7.922234809045,508.80189365939));
#200 = CARTESIAN_POINT('',(46.,8.101304736304,509.74440208312));
#201 = CARTESIAN_POINT('',(46.,8.210521554881,510.52039581292));
#202 = ORIENTED_EDGE('',*,*,#203,.T.);
#203 = EDGE_CURVE('',#194,#204,#206,.T.);
#204 = VERTEX_POINT('',#205);
#205 = CARTESIAN_POINT('',(46.,8.867461009397,511.17189872979));
#206 = CIRCLE('',#207,0.76);
#207 = AXIS2_PLACEMENT_3D('',#208,#209,#210);
#208 = CARTESIAN_POINT('',(46.,8.96359241096,510.41800301178));
#209 = DIRECTION('',(-1.,0.,-2.22044604925E-16));
#210 = DIRECTION('',(-2.991548562594E-17,-0.990882705367,0.134727369918)
  );
#211 = ORIENTED_EDGE('',*,*,#212,.T.);
#212 = EDGE_CURVE('',#204,#213,#215,.T.);
#213 = VERTEX_POINT('',#214);
#214 = CARTESIAN_POINT('',(46.,9.248713844387,511.22209161773));
#215 = CIRCLE('',#216,69.39696959857);
#216 = AXIS2_PLACEMENT_3D('',#217,#218,#219);
#217 = CARTESIAN_POINT('',(46.,-2.365938556181E-10,580.00000000178));
#218 = DIRECTION('',(1.,0.,2.22044604925E-16));
#219 = DIRECTION('',(2.202244369327E-16,0.127778792949,-0.991802692108)
  );
#220 = ORIENTED_EDGE('',*,*,#221,.T.);
#221 = EDGE_CURVE('',#213,#222,#224,.T.);
#222 = VERTEX_POINT('',#223);
#223 = CARTESIAN_POINT('',(46.,10.051889801237,510.76281695873));
#224 = CIRCLE('',#225,0.76);
#225 = AXIS2_PLACEMENT_3D('',#226,#227,#228);
#226 = CARTESIAN_POINT('',(46.,9.350980585124,510.46900363234));
#227 = DIRECTION('',(-1.,0.,-2.22044604925E-16));
#228 = DIRECTION('',(-2.200251634076E-16,-0.13456150097,0.990905243934)
  );
#229 = ORIENTED_EDGE('',*,*,#230,.T.);
#230 = EDGE_CURVE('',#222,#231,#233,.T.);
#231 = VERTEX_POINT('',#232);
#232 = CARTESIAN_POINT('',(46.,12.043240347523,507.09100628689));
#233 = B_SPLINE_CURVE_WITH_KNOTS('',4,(#234,#235,#236,#237,#238),
  .UNSPECIFIED.,.F.,.F.,(5,5),(0.,1.),.PIECEWISE_BEZIER_KNOTS.);
#234 = CARTESIAN_POINT('',(46.,10.051889801237,510.76281695873));
#235 = CARTESIAN_POINT('',(46.,10.358227294519,510.04153157477));
#236 = CARTESIAN_POINT('',(46.,10.7751346922,509.17748505438));
#237 = CARTESIAN_POINT('',(46.,11.329211619474,508.18635917828));
#238 = CARTESIAN_POINT('',(46.,12.043240347523,507.09100628689));
#239 = ORIENTED_EDGE('',*,*,#240,.T.);
#240 = EDGE_CURVE('',#231,#241,#243,.T.);
#241 = VERTEX_POINT('',#242);
#242 = CARTESIAN_POINT('',(46.,13.61942397704,507.36892258736));
#243 = CIRCLE('',#244,73.896969596813);
#244 = AXIS2_PLACEMENT_3D('',#245,#246,#247);
#245 = CARTESIAN_POINT('',(46.,3.418478878725E-04,580.00006410085));
#246 = DIRECTION('',(1.,0.,2.22044604925E-16));
#247 = DIRECTION('',(2.190761410933E-16,0.162968773487,-0.986631227393)
  );
#248 = ORIENTED_EDGE('',*,*,#249,.T.);
#249 = EDGE_CURVE('',#241,#250,#252,.T.);
#250 = VERTEX_POINT('',#251);
#251 = CARTESIAN_POINT('',(46.,14.234824550279,511.50038078777));
#252 = B_SPLINE_CURVE_WITH_KNOTS('',4,(#253,#254,#255,#256,#257),
  .UNSPECIFIED.,.F.,.F.,(5,5),(0.,1.),.PIECEWISE_BEZIER_KNOTS.);
#253 = CARTESIAN_POINT('',(46.,13.61942397704,507.36892258736));
#254 = CARTESIAN_POINT('',(46.,13.915735168439,508.6424330662));
#255 = CARTESIAN_POINT('',(46.,14.097412154151,509.76329220832));
#256 = CARTESIAN_POINT('',(46.,14.193655644558,510.71782107545));
#257 = CARTESIAN_POINT('',(46.,14.234824550279,511.50038078777));
#258 = ORIENTED_EDGE('',*,*,#259,.T.);
#259 = EDGE_CURVE('',#250,#260,#262,.T.);
#260 = VERTEX_POINT('',#261);
#261 = CARTESIAN_POINT('',(46.,14.832481931212,512.20666058545));
#262 = CIRCLE('',#263,0.76);
#263 = AXIS2_PLACEMENT_3D('',#264,#265,#266);
#264 = CARTESIAN_POINT('',(46.,14.993953865027,511.46401207196));
#265 = DIRECTION('',(-1.,0.,-2.22044604925E-16));
#266 = DIRECTION('',(-1.062562780822E-17,-0.998854361511,
    4.785357343769E-02));
#267 = ORIENTED_EDGE('',*,*,#268,.T.);
#268 = EDGE_CURVE('',#260,#269,#271,.T.);
#269 = VERTEX_POINT('',#270);
#270 = CARTESIAN_POINT('',(46.,15.207909385633,512.28989084831));
#271 = CIRCLE('',#272,69.396969600331);
#272 = AXIS2_PLACEMENT_3D('',#273,#274,#275);
#273 = CARTESIAN_POINT('',(46.,-7.696927539769E-10,580.00000000347));
#274 = DIRECTION('',(1.,0.,2.22044604925E-16));
#275 = DIRECTION('',(2.169135821682E-16,0.213733856354,-0.976891927824)
  );
#276 = ORIENTED_EDGE('',*,*,#277,.T.);
#277 = EDGE_CURVE('',#269,#278,#280,.T.);
#278 = VERTEX_POINT('',#279);
#279 = CARTESIAN_POINT('',(46.,16.048057439512,511.90236526513));
#280 = CIRCLE('',#281,0.76);
#281 = AXIS2_PLACEMENT_3D('',#282,#283,#284);
#282 = CARTESIAN_POINT('',(46.,15.375422913268,511.54858172381));
#283 = DIRECTION('',(-1.,0.,-2.22044604925E-16));
#284 = DIRECTION('',(-2.165838048366E-16,-0.220412536361,0.975406742757)
  );
#285 = ORIENTED_EDGE('',*,*,#286,.T.);
#286 = EDGE_CURVE('',#278,#287,#289,.T.);
#287 = VERTEX_POINT('',#288);
#288 = CARTESIAN_POINT('',(46.,18.351849682098,508.41808457737));
#289 = B_SPLINE_CURVE_WITH_KNOTS('',4,(#290,#291,#292,#293,#294),
  .UNSPECIFIED.,.F.,.F.,(5,5),(0.,1.),.PIECEWISE_BEZIER_KNOTS.);
#290 = CARTESIAN_POINT('',(46.,16.048057439512,511.90236526513));
#291 = CARTESIAN_POINT('',(46.,16.416093389518,511.21052366157));
#292 = CARTESIAN_POINT('',(46.,16.906720944937,510.38610097295));
#293 = CARTESIAN_POINT('',(46.,17.54507175411,509.44703761618));
#294 = CARTESIAN_POINT('',(46.,18.351849682098,508.41808457737));
#295 = ORIENTED_EDGE('',*,*,#296,.T.);
#296 = EDGE_CURVE('',#287,#297,#299,.T.);
#297 = VERTEX_POINT('',#298);
#298 = CARTESIAN_POINT('',(46.,19.897813455452,508.83231677736));
#299 = CIRCLE('',#300,73.896969596702);
#300 = AXIS2_PLACEMENT_3D('',#301,#302,#303);
#301 = CARTESIAN_POINT('',(46.,3.349603247571E-04,580.00009365082));
#302 = DIRECTION('',(1.,0.,2.22044604925E-16));
#303 = DIRECTION('',(2.150886431636E-16,0.248339205544,-0.968673133203)
  );
#304 = ORIENTED_EDGE('',*,*,#305,.T.);
#305 = EDGE_CURVE('',#297,#306,#308,.T.);
#306 = VERTEX_POINT('',#307);
#307 = CARTESIAN_POINT('',(46.,20.150791935627,513.00168922604));
#308 = B_SPLINE_CURVE_WITH_KNOTS('',4,(#309,#310,#311,#312,#313),
  .UNSPECIFIED.,.F.,.F.,(5,5),(0.,1.),.PIECEWISE_BEZIER_KNOTS.);
#309 = CARTESIAN_POINT('',(46.,19.897813455452,508.83231677736));
#310 = CARTESIAN_POINT('',(46.,20.082003341629,510.12680638631));
#311 = CARTESIAN_POINT('',(46.,20.165299680513,511.25923451362));
#312 = CARTESIAN_POINT('',(46.,20.177984262993,512.21851928313));
#313 = CARTESIAN_POINT('',(46.,20.150791935627,513.00168922604));
#314 = ORIENTED_EDGE('',*,*,#315,.T.);
#315 = EDGE_CURVE('',#306,#316,#318,.T.);
#316 = VERTEX_POINT('',#317);
#317 = CARTESIAN_POINT('',(46.,20.684618709434,513.7573706888));
#318 = CIRCLE('',#319,0.76);
#319 = AXIS2_PLACEMENT_3D('',#320,#321,#322);
#320 = CARTESIAN_POINT('',(46.,20.910202276585,513.03162138344));
#321 = DIRECTION('',(-1.,0.,-2.22044604925E-16));
#322 = DIRECTION('',(8.745097453035E-18,-0.999224132839,
    -3.938441763081E-02));
#323 = ORIENTED_EDGE('',*,*,#324,.T.);
#324 = EDGE_CURVE('',#316,#325,#327,.T.);
#325 = VERTEX_POINT('',#326);
#326 = CARTESIAN_POINT('',(46.,21.051363553668,513.87300489401));
#327 = CIRCLE('',#328,69.39696959879);
#328 = AXIS2_PLACEMENT_3D('',#329,#330,#331);
#329 = CARTESIAN_POINT('',(46.,-6.090594695252E-10,580.00000000192));
#330 = DIRECTION('',(1.,0.,2.22044604925E-16));
#331 = DIRECTION('',(2.119518840673E-16,0.298062276057,-0.954546426106)
  );
#332 = ORIENTED_EDGE('',*,*,#333,.T.);
#333 = EDGE_CURVE('',#325,#334,#336,.T.);
#334 = VERTEX_POINT('',#335);
#335 = CARTESIAN_POINT('',(46.,21.92208967059,513.56017769033));
#336 = CIRCLE('',#337,0.76);
#337 = AXIS2_PLACEMENT_3D('',#338,#339,#340);
#338 = CARTESIAN_POINT('',(46.,21.282848989107,513.14911644047));
#339 = DIRECTION('',(-1.,0.,-2.22044604925E-16));
#340 = DIRECTION('',(-2.114941127339E-16,-0.304586099262,0.9524848073));
#341 = ORIENTED_EDGE('',*,*,#342,.T.);
#342 = EDGE_CURVE('',#334,#343,#345,.T.);
#343 = VERTEX_POINT('',#344);
#344 = CARTESIAN_POINT('',(46.,24.520790359442,510.28994446656));
#345 = B_SPLINE_CURVE_WITH_KNOTS('',4,(#346,#347,#348,#349,#350),
  .UNSPECIFIED.,.F.,.F.,(5,5),(0.,1.),.PIECEWISE_BEZIER_KNOTS.);
#346 = CARTESIAN_POINT('',(46.,21.92208967059,513.56017769033));
#347 = CARTESIAN_POINT('',(46.,22.349023101515,512.90304519953));
#348 = CARTESIAN_POINT('',(46.,22.909636842725,512.12452069714));
#349 = CARTESIAN_POINT('',(46.,23.627403298693,511.24466669886));
#350 = CARTESIAN_POINT('',(46.,24.520790359442,510.28994446656));
#351 = ORIENTED_EDGE('',*,*,#352,.T.);
#352 = EDGE_CURVE('',#343,#353,#355,.T.);
#353 = VERTEX_POINT('',#354);
#354 = CARTESIAN_POINT('',(46.,26.024768558839,510.83734000889));
#355 = CIRCLE('',#356,73.896969597231);
#356 = AXIS2_PLACEMENT_3D('',#357,#358,#359);
#357 = CARTESIAN_POINT('',(46.,3.255233109076E-04,580.00012248867));
#358 = DIRECTION('',(1.,0.,2.22044604925E-16));
#359 = DIRECTION('',(2.094641907853E-16,0.331819626296,-0.943342851568)
  );
#360 = ORIENTED_EDGE('',*,*,#361,.T.);
#361 = EDGE_CURVE('',#353,#362,#364,.T.);
#362 = VERTEX_POINT('',#363);
#363 = CARTESIAN_POINT('',(46.,25.913399626964,515.01289526398));
#364 = B_SPLINE_CURVE_WITH_KNOTS('',4,(#365,#366,#367,#368,#369),
  .UNSPECIFIED.,.F.,.F.,(5,5),(0.,1.),.PIECEWISE_BEZIER_KNOTS.);
#365 = CARTESIAN_POINT('',(46.,26.024768558839,510.83734000889));
#366 = CARTESIAN_POINT('',(46.,26.095435343543,512.1429569004));
#367 = CARTESIAN_POINT('',(46.,26.079717100166,513.27833555109));
#368 = CARTESIAN_POINT('',(46.,26.008746237387,514.23507548664));
#369 = CARTESIAN_POINT('',(46.,25.913399626964,515.01289526398));
#370 = ORIENTED_EDGE('',*,*,#371,.T.);
#371 = EDGE_CURVE('',#362,#372,#374,.T.);
#372 = VERTEX_POINT('',#373);
#373 = CARTESIAN_POINT('',(46.,26.379333049562,515.8122271996));
#374 = CIRCLE('',#375,0.76);
#375 = AXIS2_PLACEMENT_3D('',#376,#377,#378);
#376 = CARTESIAN_POINT('',(46.,26.667311422892,515.1089004928));
#377 = DIRECTION('',(-1.,0.,-2.22044604925E-16));
#378 = DIRECTION('',(2.804926724225E-17,-0.991989205168,-0.1263226695));
#379 = ORIENTED_EDGE('',*,*,#380,.T.);
#380 = EDGE_CURVE('',#372,#381,#383,.T.);
#381 = VERTEX_POINT('',#382);
#382 = CARTESIAN_POINT('',(46.,26.734604133898,515.95938530105));
#383 = CIRCLE('',#384,69.396969598927);
#384 = AXIS2_PLACEMENT_3D('',#385,#386,#387);
#385 = CARTESIAN_POINT('',(46.,-8.272227347561E-10,580.00000000199));
#386 = DIRECTION('',(1.,0.,2.22044604925E-16));
#387 = DIRECTION('',(2.053771041487E-16,0.380122261863,-0.924936249715)
  );
#388 = ORIENTED_EDGE('',*,*,#389,.T.);
#389 = EDGE_CURVE('',#381,#390,#392,.T.);
#390 = VERTEX_POINT('',#391);
#391 = CARTESIAN_POINT('',(46.,27.629281562355,515.72363728077));
#392 = CIRCLE('',#393,0.76);
#393 = AXIS2_PLACEMENT_3D('',#394,#395,#396);
#394 = CARTESIAN_POINT('',(46.,27.028299733203,515.25842674668));
#395 = DIRECTION('',(-1.,0.,-2.22044604925E-16));
#396 = DIRECTION('',(-2.047948227297E-16,-0.386441578033,0.922313887333)
  );
#397 = ORIENTED_EDGE('',*,*,#398,.T.);
#398 = EDGE_CURVE('',#390,#399,#401,.T.);
#399 = VERTEX_POINT('',#400);
#400 = CARTESIAN_POINT('',(46.,30.503113016092,512.69233997044));
#401 = B_SPLINE_CURVE_WITH_KNOTS('',4,(#402,#403,#404,#405,#406),
  .UNSPECIFIED.,.F.,.F.,(5,5),(0.,1.),.PIECEWISE_BEZIER_KNOTS.);
#402 = CARTESIAN_POINT('',(46.,27.629281562355,515.72363728077));
#403 = CARTESIAN_POINT('',(46.,28.111863253,515.10621507776));
#404 = CARTESIAN_POINT('',(46.,28.738196570924,514.37951380316));
#405 = CARTESIAN_POINT('',(46.,29.529916037556,513.56556538357));
#406 = CARTESIAN_POINT('',(46.,30.503113016092,512.69233997044));
#407 = ORIENTED_EDGE('',*,*,#408,.T.);
#408 = EDGE_CURVE('',#399,#409,#411,.T.);
#409 = VERTEX_POINT('',#410);
#410 = CARTESIAN_POINT('',(46.,31.953659459308,513.36873284452));
#411 = CIRCLE('',#412,73.896969596657);
#412 = AXIS2_PLACEMENT_3D('',#413,#414,#415);
#413 = CARTESIAN_POINT('',(46.,3.136092481046E-04,580.00015039327));
#414 = DIRECTION('',(1.,0.,2.22044604925E-16));
#415 = DIRECTION('',(2.022455894373E-16,0.412774699333,-0.910833161227)
  );
#416 = ORIENTED_EDGE('',*,*,#417,.T.);
#417 = EDGE_CURVE('',#409,#418,#420,.T.);
#418 = VERTEX_POINT('',#419);
#419 = CARTESIAN_POINT('',(46.,31.478790700201,517.51869240925));
#420 = B_SPLINE_CURVE_WITH_KNOTS('',4,(#421,#422,#423,#424,#425),
  .UNSPECIFIED.,.F.,.F.,(5,5),(0.,1.),.PIECEWISE_BEZIER_KNOTS.);
#421 = CARTESIAN_POINT('',(46.,31.953659459308,513.36873284452));
#422 = CARTESIAN_POINT('',(46.,31.910265325639,514.67554048569));
#423 = CARTESIAN_POINT('',(46.,31.795652125323,515.80522874265));
#424 = CARTESIAN_POINT('',(46.,31.641565948404,516.75214247564));
#425 = CARTESIAN_POINT('',(46.,31.478790700201,517.51869240925));
#426 = ORIENTED_EDGE('',*,*,#427,.T.);
#427 = EDGE_CURVE('',#418,#428,#430,.T.);
#428 = VERTEX_POINT('',#429);
#429 = CARTESIAN_POINT('',(46.,31.873284736907,518.35559141905));
#430 = CIRCLE('',#431,0.76);
#431 = AXIS2_PLACEMENT_3D('',#432,#433,#434);
#432 = CARTESIAN_POINT('',(46.,32.221466227108,517.68004005173));
#433 = DIRECTION('',(-1.,0.,-2.22044604925E-16));
#434 = DIRECTION('',(4.713996517114E-17,-0.977204640667,-0.212299529579)
  );
#435 = ORIENTED_EDGE('',*,*,#436,.T.);
#436 = EDGE_CURVE('',#428,#437,#439,.T.);
#437 = VERTEX_POINT('',#438);
#438 = CARTESIAN_POINT('',(46.,32.214378233874,518.53315345472));
#439 = CIRCLE('',#440,69.396969596485);
#440 = AXIS2_PLACEMENT_3D('',#441,#442,#443);
#441 = CARTESIAN_POINT('',(46.,1.306510455379E-10,579.99999999974));
#442 = DIRECTION('',(1.,0.,2.22044604925E-16));
#443 = DIRECTION('',(1.972392804574E-16,0.459289287733,-0.888286749971)
  );
#444 = ORIENTED_EDGE('',*,*,#445,.T.);
#445 = EDGE_CURVE('',#437,#446,#448,.T.);
#446 = VERTEX_POINT('',#447);
#447 = CARTESIAN_POINT('',(46.,33.126197938414,518.37627880263));
#448 = CIRCLE('',#449,0.76);
#449 = AXIS2_PLACEMENT_3D('',#450,#451,#452);
#450 = CARTESIAN_POINT('',(46.,32.568048796197,517.86045951737));
#451 = DIRECTION('',(-1.,0.,-2.22044604925E-16));
#452 = DIRECTION('',(-1.965369204661E-16,-0.465356003056,0.885123601775)
  );
#453 = ORIENTED_EDGE('',*,*,#454,.T.);
#454 = EDGE_CURVE('',#446,#455,#457,.T.);
#455 = VERTEX_POINT('',#456);
#456 = CARTESIAN_POINT('',(46.,36.253288564407,515.60698740862));
#457 = B_SPLINE_CURVE_WITH_KNOTS('',4,(#458,#459,#460,#461,#462),
  .UNSPECIFIED.,.F.,.F.,(5,5),(0.,1.),.PIECEWISE_BEZIER_KNOTS.);
#458 = CARTESIAN_POINT('',(46.,33.126197938414,518.37627880263));
#459 = CARTESIAN_POINT('',(46.,33.660755150723,517.8032658432));
#460 = CARTESIAN_POINT('',(46.,34.34804127062,517.13391843188));
#461 = CARTESIAN_POINT('',(46.,35.207688284723,516.39207022992));
#462 = CARTESIAN_POINT('',(46.,36.253288564407,515.60698740862));
#463 = ORIENTED_EDGE('',*,*,#464,.T.);
#464 = EDGE_CURVE('',#455,#465,#467,.T.);
#465 = VERTEX_POINT('',#466);
#466 = CARTESIAN_POINT('',(46.,37.639363717145,516.40722985626));
#467 = CIRCLE('',#468,73.896969596785);
#468 = AXIS2_PLACEMENT_3D('',#469,#470,#471);
#469 = CARTESIAN_POINT('',(46.,2.993081688025E-04,580.00017715393));
#470 = DIRECTION('',(1.,0.,2.22044604925E-16));
#471 = DIRECTION('',(1.934877770344E-16,0.490588307667,-0.871391480553)
  );
#472 = ORIENTED_EDGE('',*,*,#473,.T.);
#473 = EDGE_CURVE('',#465,#474,#476,.T.);
#474 = VERTEX_POINT('',#475);
#475 = CARTESIAN_POINT('',(46.,36.804609168797,520.50001003253));
#476 = B_SPLINE_CURVE_WITH_KNOTS('',4,(#477,#478,#479,#480,#481),
  .UNSPECIFIED.,.F.,.F.,(5,5),(0.,1.),.PIECEWISE_BEZIER_KNOTS.);
#477 = CARTESIAN_POINT('',(46.,37.639363717145,516.40722985626));
#478 = CARTESIAN_POINT('',(46.,37.482238920661,517.70528265186));
#479 = CARTESIAN_POINT('',(46.,37.269603039066,518.82068290534));
#480 = CARTESIAN_POINT('',(46.,37.033574236854,519.7505638505));
#481 = CARTESIAN_POINT('',(46.,36.804609168797,520.50001003253));
#482 = ORIENTED_EDGE('',*,*,#483,.T.);
#483 = EDGE_CURVE('',#474,#484,#486,.T.);
#484 = VERTEX_POINT('',#485);
#485 = CARTESIAN_POINT('',(46.,37.124661481788,521.3681068097));
#486 = CIRCLE('',#487,0.76);
#487 = AXIS2_PLACEMENT_3D('',#488,#489,#490);
#488 = CARTESIAN_POINT('',(46.,37.530396217483,520.72547213569));
#489 = DIRECTION('',(-1.,0.,-2.22044604925E-16));
#490 = DIRECTION('',(6.587189950119E-17,-0.954982958797,-0.296660662048)
  );
#491 = ORIENTED_EDGE('',*,*,#492,.T.);
#492 = EDGE_CURVE('',#484,#493,#495,.T.);
#493 = VERTEX_POINT('',#494);
#494 = CARTESIAN_POINT('',(46.,37.448981463917,521.5747214253));
#495 = CIRCLE('',#496,69.396969596675);
#496 = AXIS2_PLACEMENT_3D('',#497,#498,#499);
#497 = CARTESIAN_POINT('',(46.,4.986233648197E-11,579.99999999991));
#498 = DIRECTION('',(1.,0.,2.22044604925E-16));
#499 = DIRECTION('',(1.876003467456E-16,0.534960844796,-0.844876851698)
  );
#500 = ORIENTED_EDGE('',*,*,#501,.T.);
#501 = EDGE_CURVE('',#493,#502,#504,.T.);
#502 = VERTEX_POINT('',#503);
#503 = CARTESIAN_POINT('',(46.,38.371003946017,521.49791405222));
#504 = CIRCLE('',#505,0.76);
#505 = AXIS2_PLACEMENT_3D('',#506,#507,#508);
#506 = CARTESIAN_POINT('',(46.,37.859935342725,520.93541171203));
#507 = DIRECTION('',(-1.,0.,-2.22044604925E-16));
#508 = DIRECTION('',(-1.867832535654E-16,-0.540728787906,0.841196991156)
  );
#509 = ORIENTED_EDGE('',*,*,#510,.T.);
#510 = EDGE_CURVE('',#502,#511,#513,.T.);
#511 = VERTEX_POINT('',#512);
#512 = CARTESIAN_POINT('',(46.,41.727554696413,519.01170455419));
#513 = B_SPLINE_CURVE_WITH_KNOTS('',4,(#514,#515,#516,#517,#518),
  .UNSPECIFIED.,.F.,.F.,(5,5),(0.,1.),.PIECEWISE_BEZIER_KNOTS.);
#514 = CARTESIAN_POINT('',(46.,38.371003946017,521.49791405222));
#515 = CARTESIAN_POINT('',(46.,38.953468376829,520.97367131098));
#516 = CARTESIAN_POINT('',(46.,39.696476636332,520.3667719009));
#517 = CARTESIAN_POINT('',(46.,40.61750876506,519.70266982934));
#518 = CARTESIAN_POINT('',(46.,41.727554696413,519.01170455419));
#519 = ORIENTED_EDGE('',*,*,#520,.T.);
#520 = EDGE_CURVE('',#511,#521,#523,.T.);
#521 = VERTEX_POINT('',#522);
#522 = CARTESIAN_POINT('',(46.,43.038609689826,519.92970624715));
#523 = CIRCLE('',#524,73.896969596739);
#524 = AXIS2_PLACEMENT_3D('',#525,#526,#527);
#525 = CARTESIAN_POINT('',(46.,2.827292544048E-04,580.0002025662));
#526 = DIRECTION('',(1.,0.,2.22044604925E-16));
#527 = DIRECTION('',(1.832574058171E-16,0.564668242756,-0.825317984551)
  );
#528 = ORIENTED_EDGE('',*,*,#529,.T.);
#529 = EDGE_CURVE('',#521,#530,#532,.T.);
#530 = VERTEX_POINT('',#531);
#531 = CARTESIAN_POINT('',(46.,41.850322338387,523.93415850654));
#532 = B_SPLINE_CURVE_WITH_KNOTS('',4,(#533,#534,#535,#536,#537),
  .UNSPECIFIED.,.F.,.F.,(5,5),(0.,1.),.PIECEWISE_BEZIER_KNOTS.);
#533 = CARTESIAN_POINT('',(46.,43.038609689826,519.92970624715));
#534 = CARTESIAN_POINT('',(46.,42.768950045103,521.20912523164));
#535 = CARTESIAN_POINT('',(46.,42.45990976968,522.30174861221));
#536 = CARTESIAN_POINT('',(46.,42.143734663877,523.20751981407));
#537 = CARTESIAN_POINT('',(46.,41.850322338387,523.93415850654));
#538 = ORIENTED_EDGE('',*,*,#539,.T.);
#539 = EDGE_CURVE('',#530,#540,#542,.T.);
#540 = VERTEX_POINT('',#541);
#541 = CARTESIAN_POINT('',(46.,42.093497136309,524.82684631045));
#542 = CIRCLE('',#543,0.76);
#543 = AXIS2_PLACEMENT_3D('',#544,#545,#546);
#544 = CARTESIAN_POINT('',(46.,42.553697231169,524.22201916763));
#545 = DIRECTION('',(-1.,0.,-2.22044604925E-16));
#546 = DIRECTION('',(8.41025089015E-17,-0.925493279977,-0.37876402775));
#547 = ORIENTED_EDGE('',*,*,#548,.T.);
#548 = EDGE_CURVE('',#540,#549,#551,.T.);
#549 = VERTEX_POINT('',#550);
#550 = CARTESIAN_POINT('',(46.,42.398575332706,525.06094104399));
#551 = CIRCLE('',#552,69.39696959577);
#552 = AXIS2_PLACEMENT_3D('',#553,#554,#555);
#553 = CARTESIAN_POINT('',(46.,6.075531189254E-10,579.9999999992));
#554 = DIRECTION('',(1.,0.,2.22044604925E-16));
#555 = DIRECTION('',(1.765336611187E-16,0.606561026813,-0.795036930433)
  );
#556 = ORIENTED_EDGE('',*,*,#557,.T.);
#557 = EDGE_CURVE('',#549,#558,#560,.T.);
#558 = VERTEX_POINT('',#559);
#559 = CARTESIAN_POINT('',(46.,43.323783444545,525.06478550041));
#560 = CIRCLE('',#561,0.76);
#561 = AXIS2_PLACEMENT_3D('',#562,#563,#564);
#562 = CARTESIAN_POINT('',(46.,42.863684920842,524.45988108772));
#563 = DIRECTION('',(-1.,0.,-2.22044604925E-16));
#564 = DIRECTION('',(-1.756080533223E-16,-0.611986300178,0.790868363506)
  );
#565 = ORIENTED_EDGE('',*,*,#566,.T.);
#566 = EDGE_CURVE('',#558,#567,#569,.T.);
#567 = VERTEX_POINT('',#568);
#568 = CARTESIAN_POINT('',(46.,46.884248941392,522.88057945384));
#569 = B_SPLINE_CURVE_WITH_KNOTS('',4,(#570,#571,#572,#573,#574),
  .UNSPECIFIED.,.F.,.F.,(5,5),(0.,1.),.PIECEWISE_BEZIER_KNOTS.);
#570 = CARTESIAN_POINT('',(46.,43.323783444545,525.06478550041));
#571 = CARTESIAN_POINT('',(46.,43.94972218784,524.59330278116));
#572 = CARTESIAN_POINT('',(46.,44.742797845454,524.05347024329));
#573 = CARTESIAN_POINT('',(46.,45.718205478172,523.47216851988));
#574 = CARTESIAN_POINT('',(46.,46.884248941392,522.88057945384));
#575 = ORIENTED_EDGE('',*,*,#576,.T.);
#576 = EDGE_CURVE('',#567,#577,#579,.T.);
#577 = VERTEX_POINT('',#578);
#578 = CARTESIAN_POINT('',(46.,48.110305855344,523.90935384494));
#579 = CIRCLE('',#580,73.896969596845);
#580 = AXIS2_PLACEMENT_3D('',#581,#582,#583);
#581 = CARTESIAN_POINT('',(46.,2.63998508597E-04,580.00022643693));
#582 = DIRECTION('',(1.,0.,2.22044604925E-16));
#583 = DIRECTION('',(1.716323350878E-16,0.634450711561,-0.772963320346)
  );
#584 = ORIENTED_EDGE('',*,*,#585,.T.);
#585 = EDGE_CURVE('',#577,#586,#588,.T.);
#586 = VERTEX_POINT('',#587);
#587 = CARTESIAN_POINT('',(46.,46.577529285066,527.79500188779));
#588 = B_SPLINE_CURVE_WITH_KNOTS('',4,(#589,#590,#591,#592,#593),
  .UNSPECIFIED.,.F.,.F.,(5,5),(0.,1.),.PIECEWISE_BEZIER_KNOTS.);
#589 = CARTESIAN_POINT('',(46.,48.110305855344,523.90935384494));
#590 = CARTESIAN_POINT('',(46.,47.730163635103,525.1604018673));
#591 = CARTESIAN_POINT('',(46.,47.327070948953,526.22193285129));
#592 = CARTESIAN_POINT('',(46.,46.933155823026,527.09670084408));
#593 = CARTESIAN_POINT('',(46.,46.577529285066,527.79500188779));
#594 = ORIENTED_EDGE('',*,*,#595,.T.);
#595 = EDGE_CURVE('',#586,#596,#598,.T.);
#596 = VERTEX_POINT('',#597);
#597 = CARTESIAN_POINT('',(46.,46.741975860875,528.70548682523));
#598 = CIRCLE('',#599,0.76);
#599 = AXIS2_PLACEMENT_3D('',#600,#601,#602);
#600 = CARTESIAN_POINT('',(46.,47.253138914302,528.14307031337));
#601 = DIRECTION('',(-1.,0.,-2.22044604925E-16));
#602 = DIRECTION('',(1.016930474266E-16,-0.888960038468,-0.457984770497)
  );
#603 = ORIENTED_EDGE('',*,*,#604,.T.);
#604 = EDGE_CURVE('',#596,#605,#607,.T.);
#605 = VERTEX_POINT('',#606);
#606 = CARTESIAN_POINT('',(46.,47.025490442254,528.96528007443));
#607 = CIRCLE('',#608,69.396969601259);
#608 = AXIS2_PLACEMENT_3D('',#609,#610,#611);
#609 = CARTESIAN_POINT('',(46.,-3.032511131096E-09,580.0000000033));
#610 = DIRECTION('',(1.,0.,2.22044604925E-16));
#611 = DIRECTION('',(1.641234477369E-16,0.673544913164,-0.73914629807));
#612 = ORIENTED_EDGE('',*,*,#613,.T.);
#613 = EDGE_CURVE('',#605,#614,#616,.T.);
#614 = VERTEX_POINT('',#615);
#615 = CARTESIAN_POINT('',(46.,47.946842791444,529.04974710172));
#616 = CIRCLE('',#617,0.76);
#617 = AXIS2_PLACEMENT_3D('',#618,#619,#620);
#618 = CARTESIAN_POINT('',(46.,47.54121597491,528.40704430438));
#619 = DIRECTION('',(-1.,0.,-2.22044604925E-16));
#620 = DIRECTION('',(-1.630963697584E-16,-0.678586227179,0.734520750069)
  );
#621 = ORIENTED_EDGE('',*,*,#622,.T.);
#622 = EDGE_CURVE('',#614,#623,#625,.T.);
#623 = VERTEX_POINT('',#624);
#624 = CARTESIAN_POINT('',(46.,51.684125742444,527.1841676335));
#625 = B_SPLINE_CURVE_WITH_KNOTS('',4,(#626,#627,#628,#629,#630),
  .UNSPECIFIED.,.F.,.F.,(5,5),(0.,1.),.PIECEWISE_BEZIER_KNOTS.);
#626 = CARTESIAN_POINT('',(46.,47.946842791444,529.04974710172));
#627 = CARTESIAN_POINT('',(46.,48.611492075434,528.63461267265));
#628 = CARTESIAN_POINT('',(46.,49.448599346532,528.16595545856));
#629 = CARTESIAN_POINT('',(46.,50.470959042189,527.67187814042));
#630 = CARTESIAN_POINT('',(46.,51.684125742444,527.1841676335));
#631 = ORIENTED_EDGE('',*,*,#632,.T.);
#632 = EDGE_CURVE('',#623,#633,#635,.T.);
#633 = VERTEX_POINT('',#634);
#634 = CARTESIAN_POINT('',(46.,52.815853543505,528.31588512843));
#635 = CIRCLE('',#636,73.896969596811);
#636 = AXIS2_PLACEMENT_3D('',#637,#638,#639);
#637 = CARTESIAN_POINT('',(46.,2.432586586814E-04,580.00024858423));
#638 = DIRECTION('',(1.,0.,2.22044604925E-16));
#639 = DIRECTION('',(1.58701038654E-16,0.699404627359,-0.714725938545));
#640 = ORIENTED_EDGE('',*,*,#641,.T.);
#641 = EDGE_CURVE('',#633,#642,#644,.T.);
#642 = VERTEX_POINT('',#643);
#643 = CARTESIAN_POINT('',(46.,50.950253109605,532.05315682692));
#644 = B_SPLINE_CURVE_WITH_KNOTS('',4,(#645,#646,#647,#648,#649),
  .UNSPECIFIED.,.F.,.F.,(5,5),(0.,1.),.PIECEWISE_BEZIER_KNOTS.);
#645 = CARTESIAN_POINT('',(46.,52.815853543505,528.31588512843));
#646 = CARTESIAN_POINT('',(46.,52.328121859579,529.52904095781));
#647 = CARTESIAN_POINT('',(46.,51.834044541438,530.55140065346));
#648 = CARTESIAN_POINT('',(46.,51.365387327347,531.38850792456));
#649 = CARTESIAN_POINT('',(46.,50.950253109605,532.05315682692));
#650 = ORIENTED_EDGE('',*,*,#651,.T.);
#651 = EDGE_CURVE('',#642,#652,#654,.T.);
#652 = VERTEX_POINT('',#653);
#653 = CARTESIAN_POINT('',(46.,51.034719925562,532.97450955774));
#654 = CIRCLE('',#655,0.76);
#655 = AXIS2_PLACEMENT_3D('',#656,#657,#658);
#656 = CARTESIAN_POINT('',(46.,51.592955678071,532.4587840061));
#657 = DIRECTION('',(-1.,0.,-2.22044604925E-16));
#658 = DIRECTION('',(1.185096404568E-16,-0.845661274298,-0.533719972601)
  );
#659 = ORIENTED_EDGE('',*,*,#660,.T.);
#660 = EDGE_CURVE('',#652,#661,#663,.T.);
#661 = VERTEX_POINT('',#662);
#662 = CARTESIAN_POINT('',(46.,51.294513174769,533.25802413912));
#663 = CIRCLE('',#664,69.396969598538);
#664 = AXIS2_PLACEMENT_3D('',#665,#666,#667);
#665 = CARTESIAN_POINT('',(46.,-1.303639862726E-09,580.00000000119));
#666 = DIRECTION('',(1.,0.,2.22044604925E-16));
#667 = DIRECTION('',(1.504641558173E-16,0.735402716028,-0.677630316071)
  );
#668 = ORIENTED_EDGE('',*,*,#669,.T.);
#669 = EDGE_CURVE('',#661,#670,#672,.T.);
#670 = VERTEX_POINT('',#671);
#671 = CARTESIAN_POINT('',(46.,52.204997713605,533.42247089219));
#672 = CIRCLE('',#673,0.76);
#673 = AXIS2_PLACEMENT_3D('',#674,#675,#676);
#674 = CARTESIAN_POINT('',(46.,51.856929669239,532.74686106656));
#675 = DIRECTION('',(-1.,0.,-2.22044604925E-16));
#676 = DIRECTION('',(-1.493434243403E-16,-0.74002170325,0.672582990209)
  );
#677 = ORIENTED_EDGE('',*,*,#678,.T.);
#678 = EDGE_CURVE('',#670,#679,#681,.T.);
#679 = VERTEX_POINT('',#680);
#680 = CARTESIAN_POINT('',(46.,56.090655138868,531.88971618854));
#681 = B_SPLINE_CURVE_WITH_KNOTS('',4,(#682,#683,#684,#685,#686),
  .UNSPECIFIED.,.F.,.F.,(5,5),(0.,1.),.PIECEWISE_BEZIER_KNOTS.);
#682 = CARTESIAN_POINT('',(46.,52.204997713605,533.42247089219));
#683 = CARTESIAN_POINT('',(46.,52.903299155912,533.06684417697));
#684 = CARTESIAN_POINT('',(46.,53.778067148703,532.67292905104));
#685 = CARTESIAN_POINT('',(46.,54.839598132696,532.26983636489));
#686 = CARTESIAN_POINT('',(46.,56.090655138868,531.88971618854));
#687 = ORIENTED_EDGE('',*,*,#688,.T.);
#688 = EDGE_CURVE('',#679,#689,#691,.T.);
#689 = VERTEX_POINT('',#690);
#690 = CARTESIAN_POINT('',(46.,57.119440695116,533.11576373381));
#691 = CIRCLE('',#692,73.896969596713);
#692 = AXIS2_PLACEMENT_3D('',#693,#694,#695);
#693 = CARTESIAN_POINT('',(46.,2.206675176666E-04,580.00026883962));
#694 = DIRECTION('',(1.,0.,2.22044604925E-16));
#695 = DIRECTION('',(1.445619314897E-16,0.75903565163,-0.651049060789));
#696 = ORIENTED_EDGE('',*,*,#697,.T.);
#697 = EDGE_CURVE('',#689,#698,#700,.T.);
#698 = VERTEX_POINT('',#699);
#699 = CARTESIAN_POINT('',(46.,54.935214743376,536.67621619369));
#700 = B_SPLINE_CURVE_WITH_KNOTS('',4,(#701,#702,#703,#704,#705),
  .UNSPECIFIED.,.F.,.F.,(5,5),(0.,1.),.PIECEWISE_BEZIER_KNOTS.);
#701 = CARTESIAN_POINT('',(46.,57.119440695116,533.11576373381));
#702 = CARTESIAN_POINT('',(46.,56.52783148012,534.28179452182));
#703 = CARTESIAN_POINT('',(46.,55.94652975671,535.25720215454));
#704 = CARTESIAN_POINT('',(46.,55.406697218839,536.05027781216));
#705 = CARTESIAN_POINT('',(46.,54.935214743376,536.67621619369));
#706 = ORIENTED_EDGE('',*,*,#707,.T.);
#707 = EDGE_CURVE('',#698,#708,#710,.T.);
#708 = VERTEX_POINT('',#709);
#709 = CARTESIAN_POINT('',(46.,54.93905895601,537.60142466729));
#710 = CIRCLE('',#711,0.76);
#711 = AXIS2_PLACEMENT_3D('',#712,#713,#714);
#712 = CARTESIAN_POINT('',(46.,55.540118896452,537.13631505871));
#713 = DIRECTION('',(-1.,0.,-2.22044604925E-16));
#714 = DIRECTION('',(1.344243035651E-16,-0.795926517206,-0.605393243445)
  );
#715 = ORIENTED_EDGE('',*,*,#716,.T.);
#716 = EDGE_CURVE('',#708,#717,#719,.T.);
#717 = VERTEX_POINT('',#718);
#718 = CARTESIAN_POINT('',(46.,55.173153689549,537.90650286369));
#719 = CIRCLE('',#720,69.396969596921);
#720 = AXIS2_PLACEMENT_3D('',#721,#722,#723);
#721 = CARTESIAN_POINT('',(46.,-1.210196387547E-10,580.00000000009));
#722 = DIRECTION('',(1.,0.,2.22044604925E-16));
#723 = DIRECTION('',(1.356597408192E-16,0.791663660175,-0.610957158202)
  );
#724 = ORIENTED_EDGE('',*,*,#725,.T.);
#725 = EDGE_CURVE('',#717,#726,#728,.T.);
#726 = VERTEX_POINT('',#727);
#727 = CARTESIAN_POINT('',(46.,56.065841080926,538.14967780346));
#728 = CIRCLE('',#729,0.76);
#729 = AXIS2_PLACEMENT_3D('',#730,#731,#732);
#730 = CARTESIAN_POINT('',(46.,55.777980816714,537.44630274825));
#731 = DIRECTION('',(-1.,0.,-2.22044604925E-16));
#732 = DIRECTION('',(-1.34453885287E-16,-0.795825167322,0.605526467677)
  );
#733 = ORIENTED_EDGE('',*,*,#734,.T.);
#734 = EDGE_CURVE('',#726,#735,#737,.T.);
#735 = VERTEX_POINT('',#736);
#736 = CARTESIAN_POINT('',(46.,60.070300781221,536.96141305316));
#737 = B_SPLINE_CURVE_WITH_KNOTS('',4,(#738,#739,#740,#741,#742),
  .UNSPECIFIED.,.F.,.F.,(5,5),(0.,1.),.PIECEWISE_BEZIER_KNOTS.);
#738 = CARTESIAN_POINT('',(46.,56.065841080926,538.14967780346));
#739 = CARTESIAN_POINT('',(46.,56.792480185929,537.85626533612));
#740 = CARTESIAN_POINT('',(46.,57.698251387787,537.54009023031));
#741 = CARTESIAN_POINT('',(46.,58.790874768358,537.23104995489));
#742 = CARTESIAN_POINT('',(46.,60.070300781221,536.96141305316));
#743 = ORIENTED_EDGE('',*,*,#744,.T.);
#744 = EDGE_CURVE('',#735,#745,#747,.T.);
#745 = VERTEX_POINT('',#746);
#746 = CARTESIAN_POINT('',(46.,60.988314413377,538.27245968666));
#747 = CIRCLE('',#748,73.896969596836);
#748 = AXIS2_PLACEMENT_3D('',#749,#750,#751);
#749 = CARTESIAN_POINT('',(46.,1.963967931893E-04,580.00028704912));
#750 = DIRECTION('',(1.,0.,2.22044604925E-16));
#751 = DIRECTION('',(1.293226207379E-16,0.812889956275,-0.582417306566)
  );
#752 = ORIENTED_EDGE('',*,*,#753,.T.);
#753 = EDGE_CURVE('',#745,#754,#756,.T.);
#754 = VERTEX_POINT('',#755);
#755 = CARTESIAN_POINT('',(46.,58.50208622216,541.62899571484));
#756 = B_SPLINE_CURVE_WITH_KNOTS('',4,(#757,#758,#759,#760,#761),
  .UNSPECIFIED.,.F.,.F.,(5,5),(0.,1.),.PIECEWISE_BEZIER_KNOTS.);
#757 = CARTESIAN_POINT('',(46.,60.988314413377,538.27245968666));
#758 = CARTESIAN_POINT('',(46.,60.297330170659,539.38249123494));
#759 = CARTESIAN_POINT('',(46.,59.633228099096,540.30352336366));
#760 = CARTESIAN_POINT('',(46.,59.026328689016,541.04653162317));
#761 = CARTESIAN_POINT('',(46.,58.50208622216,541.62899571484));
#762 = ORIENTED_EDGE('',*,*,#763,.T.);
#763 = EDGE_CURVE('',#754,#764,#766,.T.);
#764 = VERTEX_POINT('',#765);
#765 = CARTESIAN_POINT('',(46.,58.425278574691,542.55101853608));
#766 = CIRCLE('',#767,0.76);
#767 = AXIS2_PLACEMENT_3D('',#768,#769,#770);
#768 = CARTESIAN_POINT('',(46.,59.064588273991,542.14006463552));
#769 = DIRECTION('',(-1.,0.,-2.22044604925E-16));
#770 = DIRECTION('',(1.493159165556E-16,-0.740134278724,-0.67245910616)
  );
#771 = ORIENTED_EDGE('',*,*,#772,.T.);
#772 = EDGE_CURVE('',#764,#773,#775,.T.);
#773 = VERTEX_POINT('',#774);
#774 = CARTESIAN_POINT('',(46.,58.631893190291,542.87533851821));
#775 = CIRCLE('',#776,69.39696959371);
#776 = AXIS2_PLACEMENT_3D('',#777,#778,#779);
#777 = CARTESIAN_POINT('',(46.,2.580396341045E-09,579.99999999835));
#778 = DIRECTION('',(1.,0.,2.22044604925E-16));
#779 = DIRECTION('',(1.198228732799E-16,0.841899565848,-0.539634247454)
  );
#780 = ORIENTED_EDGE('',*,*,#781,.T.);
#781 = EDGE_CURVE('',#773,#782,#784,.T.);
#782 = VERTEX_POINT('',#783);
#783 = CARTESIAN_POINT('',(46.,59.499989544141,543.19539093655));
#784 = CIRCLE('',#785,0.76);
#785 = AXIS2_PLACEMENT_3D('',#786,#787,#788);
#786 = CARTESIAN_POINT('',(46.,59.274527850508,542.46960376065));
#787 = DIRECTION('',(-1.,0.,-2.22044604925E-16));
#788 = DIRECTION('',(-1.185410709812E-16,-0.845571921338,0.533861523099)
  );
#789 = ORIENTED_EDGE('',*,*,#790,.T.);
#790 = EDGE_CURVE('',#782,#791,#793,.T.);
#791 = VERTEX_POINT('',#792);
#792 = CARTESIAN_POINT('',(46.,63.59277516319,542.36065955186));
#793 = B_SPLINE_CURVE_WITH_KNOTS('',4,(#794,#795,#796,#797,#798),
  .UNSPECIFIED.,.F.,.F.,(5,5),(0.,1.),.PIECEWISE_BEZIER_KNOTS.);
#794 = CARTESIAN_POINT('',(46.,59.499989544141,543.19539093655));
#795 = CARTESIAN_POINT('',(46.,60.249436149493,542.96642576314));
#796 = CARTESIAN_POINT('',(46.,61.179317094653,542.73039696093));
#797 = CARTESIAN_POINT('',(46.,62.294717348132,542.51776107933));
#798 = CARTESIAN_POINT('',(46.,63.59277516319,542.36065955186));
#799 = ORIENTED_EDGE('',*,*,#800,.T.);
#800 = EDGE_CURVE('',#791,#801,#803,.T.);
#801 = VERTEX_POINT('',#802);
#802 = CARTESIAN_POINT('',(46.,64.3930302332,543.74672741707));
#803 = CIRCLE('',#804,73.896969596782);
#804 = AXIS2_PLACEMENT_3D('',#805,#806,#807);
#805 = CARTESIAN_POINT('',(46.,1.706315113168E-04,580.00030307389));
#806 = DIRECTION('',(1.,0.,2.22044604925E-16));
#807 = DIRECTION('',(1.130990867551E-16,0.860557677516,-0.509353004966)
  );
#808 = ORIENTED_EDGE('',*,*,#809,.T.);
#809 = EDGE_CURVE('',#801,#810,#812,.T.);
#810 = VERTEX_POINT('',#811);
#811 = CARTESIAN_POINT('',(46.,61.623721500269,546.87380174765));
#812 = B_SPLINE_CURVE_WITH_KNOTS('',4,(#813,#814,#815,#816,#817),
  .UNSPECIFIED.,.F.,.F.,(5,5),(0.,1.),.PIECEWISE_BEZIER_KNOTS.);
#813 = CARTESIAN_POINT('',(46.,64.3930302332,543.74672741707));
#814 = CARTESIAN_POINT('',(46.,63.607929770077,544.79231171527));
#815 = CARTESIAN_POINT('',(46.,62.866081568119,545.65195872938));
#816 = CARTESIAN_POINT('',(46.,62.196734156799,546.33924484927));
#817 = CARTESIAN_POINT('',(46.,61.623721500269,546.87380174765));
#818 = ORIENTED_EDGE('',*,*,#819,.T.);
#819 = EDGE_CURVE('',#810,#820,#822,.T.);
#820 = VERTEX_POINT('',#821);
#821 = CARTESIAN_POINT('',(46.,61.466846545272,547.78562176612));
#822 = CIRCLE('',#823,0.76);
#823 = AXIS2_PLACEMENT_3D('',#824,#825,#826);
#824 = CARTESIAN_POINT('',(46.,62.13954047059,547.43195118092));
#825 = DIRECTION('',(-1.,0.,-2.22044604925E-16));
#826 = DIRECTION('',(1.630711452617E-16,-0.678709171476,-0.734407149036)
  );
#827 = ORIENTED_EDGE('',*,*,#828,.T.);
#828 = EDGE_CURVE('',#820,#829,#831,.T.);
#829 = VERTEX_POINT('',#830);
#830 = CARTESIAN_POINT('',(46.,61.64440858095,548.12671526309));
#831 = CIRCLE('',#832,69.396969596054);
#832 = AXIS2_PLACEMENT_3D('',#833,#834,#835);
#833 = CARTESIAN_POINT('',(46.,6.344862413243E-10,579.99999999966));
#834 = DIRECTION('',(1.,0.,2.22044604925E-16));
#835 = DIRECTION('',(1.030740813239E-16,0.885728107472,-0.464204394242)
  );
#836 = ORIENTED_EDGE('',*,*,#837,.T.);
#837 = EDGE_CURVE('',#829,#838,#840,.T.);
#838 = VERTEX_POINT('',#839);
#839 = CARTESIAN_POINT('',(46.,62.481307159849,548.52120936785));
#840 = CIRCLE('',#841,0.76);
#841 = AXIS2_PLACEMENT_3D('',#842,#843,#844);
#842 = CARTESIAN_POINT('',(46.,62.319959936421,547.77853374991));
#843 = DIRECTION('',(-1.,0.,-2.22044604925E-16));
#844 = DIRECTION('',(-1.017260875481E-16,-0.888883362462,0.458133569976)
  );
#845 = ORIENTED_EDGE('',*,*,#846,.T.);
#846 = EDGE_CURVE('',#838,#847,#849,.T.);
#847 = VERTEX_POINT('',#848);
#848 = CARTESIAN_POINT('',(46.,66.631270127799,548.04636415863));
#849 = B_SPLINE_CURVE_WITH_KNOTS('',4,(#850,#851,#852,#853,#854),
  .UNSPECIFIED.,.F.,.F.,(5,5),(0.,1.),.PIECEWISE_BEZIER_KNOTS.);
#850 = CARTESIAN_POINT('',(46.,62.481307159849,548.52120936785));
#851 = CARTESIAN_POINT('',(46.,63.247857524356,548.35843405159));
#852 = CARTESIAN_POINT('',(46.,64.194771257347,548.20434787467));
#853 = CARTESIAN_POINT('',(46.,65.324459514309,548.08973467436));
#854 = CARTESIAN_POINT('',(46.,66.631270127799,548.04636415863));
#855 = ORIENTED_EDGE('',*,*,#856,.T.);
#856 = EDGE_CURVE('',#847,#857,#859,.T.);
#857 = VERTEX_POINT('',#858);
#858 = CARTESIAN_POINT('',(46.,67.307676211374,549.49690444215));
#859 = CIRCLE('',#860,73.896969597148);
#860 = AXIS2_PLACEMENT_3D('',#861,#862,#863);
#861 = CARTESIAN_POINT('',(46.,1.435672453809E-04,580.00031679227));
#862 = DIRECTION('',(1.,0.,2.22044604925E-16));
#863 = DIRECTION('',(9.601480043107E-17,0.901676035212,-0.432412219443)
  );
#864 = ORIENTED_EDGE('',*,*,#865,.T.);
#865 = EDGE_CURVE('',#857,#866,#868,.T.);
#866 = VERTEX_POINT('',#867);
#867 = CARTESIAN_POINT('',(46.,64.276363048339,552.3707181513));
#868 = B_SPLINE_CURVE_WITH_KNOTS('',4,(#869,#870,#871,#872,#873),
  .UNSPECIFIED.,.F.,.F.,(5,5),(0.,1.),.PIECEWISE_BEZIER_KNOTS.);
#869 = CARTESIAN_POINT('',(46.,67.307676211374,549.49690444215));
#870 = CARTESIAN_POINT('',(46.,66.434434616425,550.47008396244));
#871 = CARTESIAN_POINT('',(46.,65.620486196832,551.26180342907));
#872 = CARTESIAN_POINT('',(46.,64.893784922233,551.888136747));
#873 = CARTESIAN_POINT('',(46.,64.276363048339,552.3707181513));
#874 = ORIENTED_EDGE('',*,*,#875,.T.);
#875 = EDGE_CURVE('',#866,#876,#878,.T.);
#876 = VERTEX_POINT('',#877);
#877 = CARTESIAN_POINT('',(46.,64.040614698946,553.2653958661));
#878 = CIRCLE('',#879,0.76);
#879 = AXIS2_PLACEMENT_3D('',#880,#881,#882);
#880 = CARTESIAN_POINT('',(46.,64.741573243328,552.97170024295));
#881 = DIRECTION('',(-1.,0.,-2.22044604925E-16));
#882 = DIRECTION('',(1.755853040874E-16,-0.612118677617,-0.79076591006)
  );
#883 = ORIENTED_EDGE('',*,*,#884,.T.);
#884 = EDGE_CURVE('',#876,#885,#887,.T.);
#885 = VERTEX_POINT('',#886);
#886 = CARTESIAN_POINT('',(46.,64.187772800397,553.62066695043));
#887 = CIRCLE('',#888,69.396969594556);
#888 = AXIS2_PLACEMENT_3D('',#889,#890,#891);
#889 = CARTESIAN_POINT('',(46.,2.045062785783E-09,579.99999999915));
#890 = DIRECTION('',(1.,0.,2.22044604925E-16));
#891 = DIRECTION('',(8.554083337114E-17,0.922815723382,-0.385241665295)
  );
#892 = ORIENTED_EDGE('',*,*,#893,.T.);
#893 = EDGE_CURVE('',#885,#894,#896,.T.);
#894 = VERTEX_POINT('',#895);
#895 = CARTESIAN_POINT('',(46.,64.987104300826,554.08660040328));
#896 = CIRCLE('',#897,0.76);
#897 = AXIS2_PLACEMENT_3D('',#898,#899,#900);
#898 = CARTESIAN_POINT('',(46.,64.891099497398,553.33268855318));
#899 = DIRECTION('',(-1.,0.,-2.22044604925E-16));
#900 = DIRECTION('',(-8.413690716492E-17,-0.925429864475,0.378918943756)
  );
#901 = ORIENTED_EDGE('',*,*,#902,.T.);
#902 = EDGE_CURVE('',#894,#903,#905,.T.);
#903 = VERTEX_POINT('',#904);
#904 = CARTESIAN_POINT('',(46.,69.162660893675,553.97525522828));
#905 = B_SPLINE_CURVE_WITH_KNOTS('',4,(#906,#907,#908,#909,#910),
  .UNSPECIFIED.,.F.,.F.,(5,5),(0.,1.),.PIECEWISE_BEZIER_KNOTS.);
#906 = CARTESIAN_POINT('',(46.,64.987104300826,554.08660040328));
#907 = CARTESIAN_POINT('',(46.,65.764924513358,553.99125376261));
#908 = CARTESIAN_POINT('',(46.,66.72166444891,553.92028289983));
#909 = CARTESIAN_POINT('',(46.,67.857043099594,553.90456465645));
#910 = CARTESIAN_POINT('',(46.,69.162660893675,553.97525522828));
#911 = ORIENTED_EDGE('',*,*,#912,.T.);
#912 = EDGE_CURVE('',#903,#913,#915,.T.);
#913 = VERTEX_POINT('',#914);
#914 = CARTESIAN_POINT('',(46.,69.710070132093,555.47922844271));
#915 = CIRCLE('',#916,73.89696959697);
#916 = AXIS2_PLACEMENT_3D('',#917,#918,#919);
#917 = CARTESIAN_POINT('',(46.,1.154108300128E-04,580.00032809943));
#918 = DIRECTION('',(1.,0.,2.22044604925E-16));
#919 = DIRECTION('',(7.819978350042E-17,0.935932093834,-0.352180515833)
  );
#920 = ORIENTED_EDGE('',*,*,#921,.T.);
#921 = EDGE_CURVE('',#913,#922,#924,.T.);
#922 = VERTEX_POINT('',#923);
#923 = CARTESIAN_POINT('',(46.,66.439822662483,558.07791007284));
#924 = B_SPLINE_CURVE_WITH_KNOTS('',4,(#925,#926,#927,#928,#929),
  .UNSPECIFIED.,.F.,.F.,(5,5),(0.,1.),.PIECEWISE_BEZIER_KNOTS.);
#925 = CARTESIAN_POINT('',(46.,69.710070132093,555.47922844271));
#926 = CARTESIAN_POINT('',(46.,68.755333301135,556.3725967013));
#927 = CARTESIAN_POINT('',(46.,67.875479302853,557.09036315727));
#928 = CARTESIAN_POINT('',(46.,67.09695480047,557.65097689848));
#929 = CARTESIAN_POINT('',(46.,66.439822662483,558.07791007284));
#930 = ORIENTED_EDGE('',*,*,#931,.T.);
#931 = EDGE_CURVE('',#922,#932,#934,.T.);
#932 = VERTEX_POINT('',#933);
#933 = CARTESIAN_POINT('',(46.,66.126995105981,558.94863644633));
#934 = CIRCLE('',#935,0.76);
#935 = AXIS2_PLACEMENT_3D('',#936,#937,#938);
#936 = CARTESIAN_POINT('',(46.,66.850883551654,558.71715098626));
#937 = DIRECTION('',(-1.,0.,-2.22044604925E-16));
#938 = DIRECTION('',(1.867631527276E-16,-0.540869591014,-0.84110646503)
  );
#939 = ORIENTED_EDGE('',*,*,#940,.T.);
#940 = EDGE_CURVE('',#932,#941,#943,.T.);
#941 = VERTEX_POINT('',#942);
#942 = CARTESIAN_POINT('',(46.,66.242629311195,559.31538129056));
#943 = CIRCLE('',#944,69.396969594396);
#944 = AXIS2_PLACEMENT_3D('',#945,#946,#947);
#945 = CARTESIAN_POINT('',(46.,2.264634701987E-09,579.99999999928));
#946 = DIRECTION('',(1.,0.,2.22044604925E-16));
#947 = DIRECTION('',(6.73565680255E-17,0.952880154425,-0.303347014661));
#948 = ORIENTED_EDGE('',*,*,#949,.T.);
#949 = EDGE_CURVE('',#941,#950,#952,.T.);
#950 = VERTEX_POINT('',#951);
#951 = CARTESIAN_POINT('',(46.,66.998310337787,559.84920805657));
#952 = CIRCLE('',#953,0.76);
#953 = AXIS2_PLACEMENT_3D('',#954,#955,#956);
#954 = CARTESIAN_POINT('',(46.,66.968378608882,559.08979769872));
#955 = DIRECTION('',(-1.,0.,-2.22044604925E-16));
#956 = DIRECTION('',(-6.590739411497E-17,-0.95493328643,0.296820515577)
  );
#957 = ORIENTED_EDGE('',*,*,#958,.T.);
#958 = EDGE_CURVE('',#950,#959,#961,.T.);
#959 = VERTEX_POINT('',#960);
#960 = CARTESIAN_POINT('',(46.,71.167682048594,560.10221031981));
#961 = B_SPLINE_CURVE_WITH_KNOTS('',4,(#962,#963,#964,#965,#966),
  .UNSPECIFIED.,.F.,.F.,(5,5),(0.,1.),.PIECEWISE_BEZIER_KNOTS.);
#962 = CARTESIAN_POINT('',(46.,66.998310337787,559.84920805657));
#963 = CARTESIAN_POINT('',(46.,67.781480716866,559.822015737));
#964 = CARTESIAN_POINT('',(46.,68.740765486375,559.83470031948));
#965 = CARTESIAN_POINT('',(46.,69.873193613689,559.91799665837));
#966 = CARTESIAN_POINT('',(46.,71.167682048594,560.10221031981));
#967 = ORIENTED_EDGE('',*,*,#968,.T.);
#968 = EDGE_CURVE('',#959,#969,#971,.T.);
#969 = VERTEX_POINT('',#970);
#970 = CARTESIAN_POINT('',(46.,71.581928327016,561.64817032086));
#971 = CIRCLE('',#972,73.89696959669);
#972 = AXIS2_PLACEMENT_3D('',#973,#974,#975);
#973 = CARTESIAN_POINT('',(46.,8.637617688834E-05,580.00033690956));
#974 = DIRECTION('',(1.,0.,2.22044604925E-16));
#975 = DIRECTION('',(5.978961899902E-17,0.96306514409,-0.269268505845));
#976 = ORIENTED_EDGE('',*,*,#977,.T.);
#977 = EDGE_CURVE('',#969,#978,#980,.T.);
#978 = VERTEX_POINT('',#979);
#979 = CARTESIAN_POINT('',(46.,68.097635108703,563.95194233565));
#980 = B_SPLINE_CURVE_WITH_KNOTS('',4,(#981,#982,#983,#984,#985),
  .UNSPECIFIED.,.F.,.F.,(5,5),(0.,1.),.PIECEWISE_BEZIER_KNOTS.);
#981 = CARTESIAN_POINT('',(46.,71.581928327016,561.64817032086));
#982 = CARTESIAN_POINT('',(46.,70.552962383817,562.45492824589));
#983 = CARTESIAN_POINT('',(46.,69.613899027045,563.09327905506));
#984 = CARTESIAN_POINT('',(46.,68.789476338427,563.58390661048));
#985 = CARTESIAN_POINT('',(46.,68.097635108703,563.95194233565));
#986 = ORIENTED_EDGE('',*,*,#987,.T.);
#987 = EDGE_CURVE('',#978,#988,#990,.T.);
#988 = VERTEX_POINT('',#989);
#989 = CARTESIAN_POINT('',(46.,67.710109151688,564.79209061436));
#990 = CIRCLE('',#991,0.76);
#991 = AXIS2_PLACEMENT_3D('',#992,#993,#994);
#992 = CARTESIAN_POINT('',(46.,68.451418270484,564.62457706151));
#993 = DIRECTION('',(-1.,0.,-2.22044604925E-16));
#994 = DIRECTION('',(1.965196210049E-16,-0.465504160238,-0.885045691928)
  );
#995 = ORIENTED_EDGE('',*,*,#996,.T.);
#996 = EDGE_CURVE('',#988,#997,#999,.T.);
#997 = VERTEX_POINT('',#998);
#998 = CARTESIAN_POINT('',(46.,67.793339414542,565.16751806878));
#999 = CIRCLE('',#1000,69.396969591852);
#1000 = AXIS2_PLACEMENT_3D('',#1001,#1002,#1003);
#1001 = CARTESIAN_POINT('',(46.,4.801215425232E-09,579.99999999893));
#1002 = DIRECTION('',(1.,0.,2.22044604925E-16));
#1003 = DIRECTION('',(4.865967852619E-17,0.975692592128,-0.219143710079)
  );
#1004 = ORIENTED_EDGE('',*,*,#1005,.T.);
#1005 = EDGE_CURVE('',#997,#1006,#1008,.T.);
#1006 = VERTEX_POINT('',#1007);
#1007 = CARTESIAN_POINT('',(46.,68.499618778391,565.76517540393));
#1008 = CIRCLE('',#1009,0.76);
#1009 = AXIS2_PLACEMENT_3D('',#1010,#1011,#1012);
#1010 = CARTESIAN_POINT('',(46.,68.53598792254,565.00604610971));
#1011 = DIRECTION('',(-1.,0.,-2.22044604925E-16));
#1012 = DIRECTION('',(-4.717628599981E-17,-0.977169089471,0.212463104049
    ));
#1013 = ORIENTED_EDGE('',*,*,#1014,.T.);
#1014 = EDGE_CURVE('',#1006,#1015,#1017,.T.);
#1015 = VERTEX_POINT('',#1016);
#1016 = CARTESIAN_POINT('',(46.,72.631074170901,566.38059960543));
#1017 = B_SPLINE_CURVE_WITH_KNOTS('',4,(#1018,#1019,#1020,#1021,#1022),
  .UNSPECIFIED.,.F.,.F.,(5,5),(0.,1.),.PIECEWISE_BEZIER_KNOTS.);
#1018 = CARTESIAN_POINT('',(46.,68.499618778391,565.76517540393));
#1019 = CARTESIAN_POINT('',(46.,69.282178924541,565.80634435544));
#1020 = CARTESIAN_POINT('',(46.,70.236707791679,565.90258784584));
#1021 = CARTESIAN_POINT('',(46.,71.357566933795,566.08426483156));
#1022 = CARTESIAN_POINT('',(46.,72.631074170901,566.38059960543));
#1023 = ORIENTED_EDGE('',*,*,#1024,.T.);
#1024 = EDGE_CURVE('',#1015,#1025,#1027,.T.);
#1025 = VERTEX_POINT('',#1026);
#1026 = CARTESIAN_POINT('',(46.,72.90900482502,567.95678070401));
#1027 = CIRCLE('',#1028,73.896969596911);
#1028 = AXIS2_PLACEMENT_3D('',#1029,#1030,#1031);
#1029 = CARTESIAN_POINT('',(46.,5.668366853229E-05,580.00034315573));
#1030 = DIRECTION('',(1.,0.,2.22044604925E-16));
#1031 = DIRECTION('',(4.092441939506E-17,0.982868687084,-0.184307199938)
  );
#1032 = ORIENTED_EDGE('',*,*,#1033,.T.);
#1033 = EDGE_CURVE('',#1025,#1034,#1036,.T.);
#1034 = VERTEX_POINT('',#1035);
#1035 = CARTESIAN_POINT('',(46.,69.23718343327,569.94811000736));
#1036 = B_SPLINE_CURVE_WITH_KNOTS('',4,(#1037,#1038,#1039,#1040,#1041),
  .UNSPECIFIED.,.F.,.F.,(5,5),(0.,1.),.PIECEWISE_BEZIER_KNOTS.);
#1037 = CARTESIAN_POINT('',(46.,72.90900482502,567.95678070401));
#1038 = CARTESIAN_POINT('',(46.,71.813640821716,568.67078838052));
#1039 = CARTESIAN_POINT('',(46.,70.82251494562,569.2248653078));
#1040 = CARTESIAN_POINT('',(46.,69.958468425227,569.64177270548));
#1041 = CARTESIAN_POINT('',(46.,69.23718343327,569.94811000736));
#1042 = ORIENTED_EDGE('',*,*,#1043,.T.);
#1043 = EDGE_CURVE('',#1034,#1044,#1046,.T.);
#1044 = VERTEX_POINT('',#1045);
#1045 = CARTESIAN_POINT('',(46.,68.777908382269,570.75128615561));
#1046 = CIRCLE('',#1047,0.76);
#1047 = AXIS2_PLACEMENT_3D('',#1048,#1049,#1050);
#1048 = CARTESIAN_POINT('',(46.,69.53099636418,570.64901938925));
#1049 = DIRECTION('',(-1.,0.,-2.22044604925E-16));
#1050 = DIRECTION('',(2.047804563045E-16,-0.386595961723,-0.922249186706
    ));
#1051 = ORIENTED_EDGE('',*,*,#1052,.T.);
#1052 = EDGE_CURVE('',#1044,#1053,#1055,.T.);
#1053 = VERTEX_POINT('',#1054);
#1054 = CARTESIAN_POINT('',(46.,68.828101270207,571.1325389906));
#1055 = CIRCLE('',#1056,69.396969596674);
#1056 = AXIS2_PLACEMENT_3D('',#1057,#1058,#1059);
#1057 = CARTESIAN_POINT('',(46.,9.552536539559E-11,579.99999999998));
#1058 = DIRECTION('',(1.,0.,2.22044604925E-16));
#1059 = DIRECTION('',(2.959245949173E-17,0.991079420065,-0.13327258954)
  );
#1060 = ORIENTED_EDGE('',*,*,#1061,.T.);
#1061 = EDGE_CURVE('',#1053,#1062,#1064,.T.);
#1062 = VERTEX_POINT('',#1063);
#1063 = CARTESIAN_POINT('',(46.,69.479603758891,571.78947836169));
#1064 = CIRCLE('',#1065,0.76);
#1065 = AXIS2_PLACEMENT_3D('',#1066,#1067,#1068);
#1066 = CARTESIAN_POINT('',(46.,69.581996984947,571.03640756339));
#1067 = DIRECTION('',(-1.,0.,-2.22044604925E-16));
#1068 = DIRECTION('',(-2.808613786238E-17,-0.99196804571,0.126488720011)
  );
#1069 = ORIENTED_EDGE('',*,*,#1070,.T.);
#1070 = EDGE_CURVE('',#1062,#1071,#1073,.T.);
#1071 = VERTEX_POINT('',#1072);
#1072 = CARTESIAN_POINT('',(46.,73.541699962927,572.76264075166));
#1073 = B_SPLINE_CURVE_WITH_KNOTS('',4,(#1074,#1075,#1076,#1077,#1078),
  .UNSPECIFIED.,.F.,.F.,(5,5),(0.,1.),.PIECEWISE_BEZIER_KNOTS.);
#1074 = CARTESIAN_POINT('',(46.,69.479603758891,571.78947836169));
#1075 = CARTESIAN_POINT('',(46.,70.255597916877,571.89869526369));
#1076 = CARTESIAN_POINT('',(46.,71.198106340604,572.07776519095));
#1077 = CARTESIAN_POINT('',(46.,72.298866082659,572.35644015193));
#1078 = CARTESIAN_POINT('',(46.,73.541699962927,572.76264075166));
#1079 = ORIENTED_EDGE('',*,*,#1080,.T.);
#1080 = EDGE_CURVE('',#1071,#1081,#1083,.T.);
#1081 = VERTEX_POINT('',#1082);
#1082 = CARTESIAN_POINT('',(46.,73.681199772645,574.35704725789));
#1083 = CIRCLE('',#1084,73.896969596908);
#1084 = AXIS2_PLACEMENT_3D('',#1085,#1086,#1087);
#1085 = CARTESIAN_POINT('',(46.,2.655997992207E-05,580.00034679023));
#1086 = DIRECTION('',(1.,0.,2.22044604925E-16));
#1087 = DIRECTION('',(2.174776024868E-17,0.995192005898,
    -9.794320495208E-02));
#1088 = ORIENTED_EDGE('',*,*,#1089,.T.);
#1089 = EDGE_CURVE('',#1081,#1090,#1092,.T.);
#1090 = VERTEX_POINT('',#1091);
#1091 = CARTESIAN_POINT('',(46.,69.849794985356,576.02077863141));
#1092 = B_SPLINE_CURVE_WITH_KNOTS('',4,(#1093,#1094,#1095,#1096,#1097),
  .UNSPECIFIED.,.F.,.F.,(5,5),(0.,1.),.PIECEWISE_BEZIER_KNOTS.);
#1093 = CARTESIAN_POINT('',(46.,73.681199772645,574.35704725789));
#1094 = CARTESIAN_POINT('',(46.,72.527774090699,574.97287065635));
#1095 = CARTESIAN_POINT('',(46.,71.492128761655,575.43845684174));
#1096 = CARTESIAN_POINT('',(46.,70.595034325233,575.77847116466));
#1097 = CARTESIAN_POINT('',(46.,69.849794985356,576.02077863141));
#1098 = ORIENTED_EDGE('',*,*,#1099,.T.);
#1099 = EDGE_CURVE('',#1090,#1100,#1102,.T.);
#1100 = VERTEX_POINT('',#1101);
#1101 = CARTESIAN_POINT('',(46.,69.322266200824,576.78086999374));
#1102 = CIRCLE('',#1103,0.76);
#1103 = AXIS2_PLACEMENT_3D('',#1104,#1105,#1106);
#1104 = CARTESIAN_POINT('',(46.,70.081401591581,576.74462832572));
#1105 = DIRECTION('',(-1.,0.,-2.22044604925E-16));
#1106 = DIRECTION('',(2.114827886819E-16,-0.304745534506,-0.952433808303
    ));
#1107 = ORIENTED_EDGE('',*,*,#1108,.T.);
#1108 = EDGE_CURVE('',#1100,#1109,#1111,.T.);
#1109 = VERTEX_POINT('',#1110);
#1110 = CARTESIAN_POINT('',(46.,69.339039715662,577.16504664502));
#1111 = CIRCLE('',#1112,69.396969597519);
#1112 = AXIS2_PLACEMENT_3D('',#1113,#1114,#1115);
#1113 = CARTESIAN_POINT('',(46.,-7.483791364393E-10,580.00000000003));
#1114 = DIRECTION('',(1.,0.,2.22044604925E-16));
#1115 = DIRECTION('',(1.030002397215E-17,0.998923535186,
    -4.638718412286E-02));
#1116 = ORIENTED_EDGE('',*,*,#1117,.T.);
#1117 = EDGE_CURVE('',#1109,#1118,#1120,.T.);
#1118 = VERTEX_POINT('',#1119);
#1119 = CARTESIAN_POINT('',(46.,69.930807001855,577.87626834677));
#1120 = CIRCLE('',#1121,0.76);
#1121 = AXIS2_PLACEMENT_3D('',#1122,#1123,#1124);
#1122 = CARTESIAN_POINT('',(46.,70.09844503554,577.13498736788));
#1123 = DIRECTION('',(-1.,0.,-2.22044604925E-16));
#1124 = DIRECTION('',(-8.782237256942E-18,-0.999217526155,
    3.955168043785E-02));
#1125 = ORIENTED_EDGE('',*,*,#1126,.T.);
#1126 = EDGE_CURVE('',#1118,#1127,#1129,.T.);
#1127 = VERTEX_POINT('',#1128);
#1128 = CARTESIAN_POINT('',(46.,73.892629012542,579.19976257181));
#1129 = B_SPLINE_CURVE_WITH_KNOTS('',4,(#1130,#1131,#1132,#1133,#1134),
  .UNSPECIFIED.,.F.,.F.,(5,5),(0.,1.),.PIECEWISE_BEZIER_KNOTS.);
#1130 = CARTESIAN_POINT('',(46.,69.930807001855,577.87626834677));
#1131 = CARTESIAN_POINT('',(46.,70.694329387577,578.05270199269));
#1132 = CARTESIAN_POINT('',(46.,71.617644309686,578.31323552653));
#1133 = CARTESIAN_POINT('',(46.,72.689927205384,578.68678757805));
#1134 = CARTESIAN_POINT('',(46.,73.892629012542,579.19976257181));
#1135 = ORIENTED_EDGE('',*,*,#1136,.T.);
#1136 = EDGE_CURVE('',#1127,#1137,#1139,.T.);
#1137 = VERTEX_POINT('',#1138);
#1138 = CARTESIAN_POINT('',(46.,73.892636300075,580.80026008946));
#1139 = CIRCLE('',#1140,73.896969596669);
#1140 = AXIS2_PLACEMENT_3D('',#1141,#1142,#1143);
#1141 = CARTESIAN_POINT('',(46.,-3.765609314144E-06,580.00034778544));
#1142 = DIRECTION('',(1.,0.,2.22044604925E-16));
#1143 = DIRECTION('',(2.405587515144E-18,0.999941312634,
    -1.083380303681E-02));
#1144 = ORIENTED_EDGE('',*,*,#1145,.T.);
#1145 = EDGE_CURVE('',#1137,#1146,#1148,.T.);
#1146 = VERTEX_POINT('',#1147);
#1147 = CARTESIAN_POINT('',(46.,69.930807421143,582.1237315328));
#1148 = B_SPLINE_CURVE_WITH_KNOTS('',4,(#1149,#1150,#1151,#1152,#1153),
  .UNSPECIFIED.,.F.,.F.,(5,5),(0.,1.),.PIECEWISE_BEZIER_KNOTS.);
#1149 = CARTESIAN_POINT('',(46.,73.892636300075,580.80026008946));
#1150 = CARTESIAN_POINT('',(46.,72.689927205384,581.31321242194));
#1151 = CARTESIAN_POINT('',(46.,71.617644309686,581.68676447346));
#1152 = CARTESIAN_POINT('',(46.,70.694329387577,581.9472980073));
#1153 = CARTESIAN_POINT('',(46.,69.930807421143,582.1237315328));
#1154 = ORIENTED_EDGE('',*,*,#1155,.T.);
#1155 = EDGE_CURVE('',#1146,#1156,#1158,.T.);
#1156 = VERTEX_POINT('',#1157);
#1157 = CARTESIAN_POINT('',(46.,69.339039715662,582.83495335498));
#1158 = CIRCLE('',#1159,0.76);
#1159 = AXIS2_PLACEMENT_3D('',#1160,#1161,#1162);
#1160 = CARTESIAN_POINT('',(46.,70.098445036562,582.86501260628));
#1161 = DIRECTION('',(-1.,0.,-2.22044604925E-16));
#1162 = DIRECTION('',(2.165756093405E-16,-0.220575809762,-0.975369833524
    ));
#1163 = ORIENTED_EDGE('',*,*,#1164,.T.);
#1164 = EDGE_CURVE('',#1156,#1165,#1167,.T.);
#1165 = VERTEX_POINT('',#1166);
#1166 = CARTESIAN_POINT('',(46.,69.322266200824,583.21913000625));
#1167 = CIRCLE('',#1168,69.39696959087);
#1168 = AXIS2_PLACEMENT_3D('',#1169,#1170,#1171);
#1169 = CARTESIAN_POINT('',(46.,5.894449373045E-09,580.00000000025));
#1170 = DIRECTION('',(1.,0.,2.22044604925E-16));
#1171 = DIRECTION('',(-9.070800949118E-18,0.999165239038,
    4.08512557744E-02));
#1172 = ORIENTED_EDGE('',*,*,#1173,.T.);
#1173 = EDGE_CURVE('',#1165,#1174,#1176,.T.);
#1174 = VERTEX_POINT('',#1175);
#1175 = CARTESIAN_POINT('',(46.,69.849794578158,583.97922121207));
#1176 = CIRCLE('',#1177,0.76);
#1177 = AXIS2_PLACEMENT_3D('',#1178,#1179,#1180);
#1178 = CARTESIAN_POINT('',(46.,70.081401592813,583.25537164845));
#1179 = DIRECTION('',(-1.,0.,-2.22044604925E-16));
#1180 = DIRECTION('',(1.058850147687E-17,-0.998862357881,
    -4.768637130563E-02));
#1181 = ORIENTED_EDGE('',*,*,#1182,.T.);
#1182 = EDGE_CURVE('',#1174,#1183,#1185,.T.);
#1183 = VERTEX_POINT('',#1184);
#1184 = CARTESIAN_POINT('',(46.,73.681190537782,585.64297468199));
#1185 = B_SPLINE_CURVE_WITH_KNOTS('',4,(#1186,#1187,#1188,#1189,#1190),
  .UNSPECIFIED.,.F.,.F.,(5,5),(0.,1.),.PIECEWISE_BEZIER_KNOTS.);
#1186 = CARTESIAN_POINT('',(46.,69.849794578158,583.97922121207));
#1187 = CARTESIAN_POINT('',(46.,70.595034325233,584.22152883534));
#1188 = CARTESIAN_POINT('',(46.,71.492128761655,584.56154315825));
#1189 = CARTESIAN_POINT('',(46.,72.527774090699,585.02712934364));
#1190 = CARTESIAN_POINT('',(46.,73.681190537782,585.64297468199));
#1191 = ORIENTED_EDGE('',*,*,#1192,.T.);
#1192 = EDGE_CURVE('',#1183,#1193,#1195,.T.);
#1193 = VERTEX_POINT('',#1194);
#1194 = CARTESIAN_POINT('',(46.,73.541705247669,587.23738245853));
#1195 = CIRCLE('',#1196,73.896969596648);
#1196 = AXIS2_PLACEMENT_3D('',#1197,#1198,#1199);
#1197 = CARTESIAN_POINT('',(46.,-3.406275832418E-05,580.00034613382));
#1198 = DIRECTION('',(1.,0.,2.22044604925E-16));
#1199 = DIRECTION('',(-1.695489319192E-17,0.997080462199,
    7.635805066123E-02));
#1200 = ORIENTED_EDGE('',*,*,#1201,.T.);
#1201 = EDGE_CURVE('',#1193,#1202,#1204,.T.);
#1202 = VERTEX_POINT('',#1203);
#1203 = CARTESIAN_POINT('',(46.,69.47960418708,588.21052155488));
#1204 = B_SPLINE_CURVE_WITH_KNOTS('',4,(#1205,#1206,#1207,#1208,#1209),
  .UNSPECIFIED.,.F.,.F.,(5,5),(0.,1.),.PIECEWISE_BEZIER_KNOTS.);
#1205 = CARTESIAN_POINT('',(46.,73.541705247669,587.23738245853));
#1206 = CARTESIAN_POINT('',(46.,72.298866082659,587.64355984806));
#1207 = CARTESIAN_POINT('',(46.,71.198106340604,587.92223480904));
#1208 = CARTESIAN_POINT('',(46.,70.255597916877,588.1013047363));
#1209 = CARTESIAN_POINT('',(46.,69.47960418708,588.21052155488));
#1210 = ORIENTED_EDGE('',*,*,#1211,.T.);
#1211 = EDGE_CURVE('',#1202,#1212,#1214,.T.);
#1212 = VERTEX_POINT('',#1213);
#1213 = CARTESIAN_POINT('',(46.,68.828101270207,588.86746100939));
#1214 = CIRCLE('',#1215,0.76);
#1215 = AXIS2_PLACEMENT_3D('',#1216,#1217,#1218);
#1216 = CARTESIAN_POINT('',(46.,69.581996988217,588.96359241096));
#1217 = DIRECTION('',(-1.,0.,-2.22044604925E-16));
#1218 = DIRECTION('',(2.200201588402E-16,-0.134727369918,-0.990882705367
    ));
#1219 = ORIENTED_EDGE('',*,*,#1220,.T.);
#1220 = EDGE_CURVE('',#1212,#1221,#1223,.T.);
#1221 = VERTEX_POINT('',#1222);
#1222 = CARTESIAN_POINT('',(46.,68.777908382268,589.24871384438));
#1223 = CIRCLE('',#1224,69.39696959857);
#1224 = AXIS2_PLACEMENT_3D('',#1225,#1226,#1227);
#1225 = CARTESIAN_POINT('',(46.,-1.78348358304E-09,579.99999999976));
#1226 = DIRECTION('',(1.,0.,2.22044604925E-16));
#1227 = DIRECTION('',(-2.837259159819E-17,0.991802692108,0.127778792949)
  );
#1228 = ORIENTED_EDGE('',*,*,#1229,.T.);
#1229 = EDGE_CURVE('',#1221,#1230,#1232,.T.);
#1230 = VERTEX_POINT('',#1231);
#1231 = CARTESIAN_POINT('',(46.,69.237183041263,590.05188980123));
#1232 = CIRCLE('',#1233,0.76);
#1233 = AXIS2_PLACEMENT_3D('',#1234,#1235,#1236);
#1234 = CARTESIAN_POINT('',(46.,69.530996367659,589.35098058512));
#1235 = DIRECTION('',(-1.,0.,-2.22044604925E-16));
#1236 = DIRECTION('',(2.987865532094E-17,-0.990905243934,-0.13456150097)
  );
#1237 = ORIENTED_EDGE('',*,*,#1238,.T.);
#1238 = EDGE_CURVE('',#1230,#1239,#1241,.T.);
#1239 = VERTEX_POINT('',#1240);
#1240 = CARTESIAN_POINT('',(46.,72.90899371311,592.04324034752));
#1241 = B_SPLINE_CURVE_WITH_KNOTS('',4,(#1242,#1243,#1244,#1245,#1246),
  .UNSPECIFIED.,.F.,.F.,(5,5),(0.,1.),.PIECEWISE_BEZIER_KNOTS.);
#1242 = CARTESIAN_POINT('',(46.,69.237183041263,590.05188980123));
#1243 = CARTESIAN_POINT('',(46.,69.958468425227,590.35822729451));
#1244 = CARTESIAN_POINT('',(46.,70.82251494562,590.7751346922));
#1245 = CARTESIAN_POINT('',(46.,71.813640821716,591.32921161947));
#1246 = CARTESIAN_POINT('',(46.,72.90899371311,592.04324034752));
#1247 = ORIENTED_EDGE('',*,*,#1248,.T.);
#1248 = EDGE_CURVE('',#1239,#1249,#1251,.T.);
#1249 = VERTEX_POINT('',#1250);
#1250 = CARTESIAN_POINT('',(46.,72.631077412631,593.61942397704));
#1251 = CIRCLE('',#1252,73.896969596813);
#1252 = AXIS2_PLACEMENT_3D('',#1253,#1254,#1255);
#1253 = CARTESIAN_POINT('',(46.,-6.410085270403E-05,580.00034184788));
#1254 = DIRECTION('',(1.,0.,2.22044604925E-16));
#1255 = DIRECTION('',(-3.618633692415E-17,0.986631227393,0.162968773487)
  );
#1256 = ORIENTED_EDGE('',*,*,#1257,.T.);
#1257 = EDGE_CURVE('',#1249,#1258,#1260,.T.);
#1258 = VERTEX_POINT('',#1259);
#1259 = CARTESIAN_POINT('',(46.,68.49961921222,594.23482455027));
#1260 = B_SPLINE_CURVE_WITH_KNOTS('',4,(#1261,#1262,#1263,#1264,#1265),
  .UNSPECIFIED.,.F.,.F.,(5,5),(0.,1.),.PIECEWISE_BEZIER_KNOTS.);
#1261 = CARTESIAN_POINT('',(46.,72.631077412631,593.61942397704));
#1262 = CARTESIAN_POINT('',(46.,71.357566933795,593.91573516843));
#1263 = CARTESIAN_POINT('',(46.,70.236707791679,594.09741215415));
#1264 = CARTESIAN_POINT('',(46.,69.282178924541,594.19365564455));
#1265 = CARTESIAN_POINT('',(46.,68.49961921222,594.23482455027));
#1266 = ORIENTED_EDGE('',*,*,#1267,.T.);
#1267 = EDGE_CURVE('',#1258,#1268,#1270,.T.);
#1268 = VERTEX_POINT('',#1269);
#1269 = CARTESIAN_POINT('',(46.,67.793339414542,594.83248193121));
#1270 = CIRCLE('',#1271,0.76);
#1271 = AXIS2_PLACEMENT_3D('',#1272,#1273,#1274);
#1272 = CARTESIAN_POINT('',(46.,68.535987928033,594.99395386502));
#1273 = DIRECTION('',(-1.,0.,-2.22044604925E-16));
#1274 = DIRECTION('',(2.217902220793E-16,-4.785357343769E-02,
    -0.998854361511));
#1275 = ORIENTED_EDGE('',*,*,#1276,.T.);
#1276 = EDGE_CURVE('',#1268,#1277,#1279,.T.);
#1277 = VERTEX_POINT('',#1278);
#1278 = CARTESIAN_POINT('',(46.,67.710109151688,595.20790938563));
#1279 = CIRCLE('',#1280,69.396969593958);
#1280 = AXIS2_PLACEMENT_3D('',#1281,#1282,#1283);
#1281 = CARTESIAN_POINT('',(46.,2.745139227045E-09,580.00000000061));
#1282 = DIRECTION('',(1.,0.,2.22044604925E-16));
#1283 = DIRECTION('',(-4.745844969324E-17,0.976891927824,0.213733856354)
  );
#1284 = ORIENTED_EDGE('',*,*,#1285,.T.);
#1285 = EDGE_CURVE('',#1277,#1286,#1288,.T.);
#1286 = VERTEX_POINT('',#1287);
#1287 = CARTESIAN_POINT('',(46.,68.09763473487,596.04805743951));
#1288 = CIRCLE('',#1289,0.76);
#1289 = AXIS2_PLACEMENT_3D('',#1290,#1291,#1292);
#1290 = CARTESIAN_POINT('',(46.,68.451418276183,595.37542291326));
#1291 = DIRECTION('',(-1.,0.,-2.22044604925E-16));
#1292 = DIRECTION('',(4.894141455679E-17,-0.975406742757,-0.220412536361
    ));
#1293 = ORIENTED_EDGE('',*,*,#1294,.T.);
#1294 = EDGE_CURVE('',#1286,#1295,#1297,.T.);
#1295 = VERTEX_POINT('',#1296);
#1296 = CARTESIAN_POINT('',(46.,71.581915422628,598.35184968209));
#1297 = B_SPLINE_CURVE_WITH_KNOTS('',4,(#1298,#1299,#1300,#1301,#1302),
  .UNSPECIFIED.,.F.,.F.,(5,5),(0.,1.),.PIECEWISE_BEZIER_KNOTS.);
#1298 = CARTESIAN_POINT('',(46.,68.09763473487,596.04805743951));
#1299 = CARTESIAN_POINT('',(46.,68.789476338427,596.41609338951));
#1300 = CARTESIAN_POINT('',(46.,69.613899027045,596.90672094493));
#1301 = CARTESIAN_POINT('',(46.,70.552962383817,597.54507175411));
#1302 = CARTESIAN_POINT('',(46.,71.581915422628,598.35184968209));
#1303 = ORIENTED_EDGE('',*,*,#1304,.T.);
#1304 = EDGE_CURVE('',#1295,#1305,#1307,.T.);
#1305 = VERTEX_POINT('',#1306);
#1306 = CARTESIAN_POINT('',(46.,71.16768322264,599.89781345545));
#1307 = CIRCLE('',#1308,73.896969596702);
#1308 = AXIS2_PLACEMENT_3D('',#1309,#1310,#1311);
#1309 = CARTESIAN_POINT('',(46.,-9.365082915735E-05,580.00033496032));
#1310 = DIRECTION('',(1.,0.,2.22044604925E-16));
#1311 = DIRECTION('',(-5.514238078247E-17,0.968673133203,0.248339205544)
  );
#1312 = ORIENTED_EDGE('',*,*,#1313,.T.);
#1313 = EDGE_CURVE('',#1305,#1314,#1316,.T.);
#1314 = VERTEX_POINT('',#1315);
#1315 = CARTESIAN_POINT('',(46.,66.998310773955,600.15079193562));
#1316 = B_SPLINE_CURVE_WITH_KNOTS('',4,(#1317,#1318,#1319,#1320,#1321),
  .UNSPECIFIED.,.F.,.F.,(5,5),(0.,1.),.PIECEWISE_BEZIER_KNOTS.);
#1317 = CARTESIAN_POINT('',(46.,71.16768322264,599.89781345545));
#1318 = CARTESIAN_POINT('',(46.,69.873193613689,600.08200334162));
#1319 = CARTESIAN_POINT('',(46.,68.740765486375,600.16529968051));
#1320 = CARTESIAN_POINT('',(46.,67.781480716866,600.17798426299));
#1321 = CARTESIAN_POINT('',(46.,66.998310773955,600.15079193562));
#1322 = ORIENTED_EDGE('',*,*,#1323,.T.);
#1323 = EDGE_CURVE('',#1314,#1324,#1326,.T.);
#1324 = VERTEX_POINT('',#1325);
#1325 = CARTESIAN_POINT('',(46.,66.242629311195,600.68461870943));
#1326 = CIRCLE('',#1327,0.76);
#1327 = AXIS2_PLACEMENT_3D('',#1328,#1329,#1330);
#1328 = CARTESIAN_POINT('',(46.,66.968378616556,600.91020227658));
#1329 = DIRECTION('',(-1.,0.,-2.22044604925E-16));
#1330 = DIRECTION('',(2.218723278078E-16,3.938441763081E-02,
    -0.999224132839));
#1331 = ORIENTED_EDGE('',*,*,#1332,.T.);
#1332 = EDGE_CURVE('',#1324,#1333,#1335,.T.);
#1333 = VERTEX_POINT('',#1334);
#1334 = CARTESIAN_POINT('',(46.,66.126995105981,601.05136355366));
#1335 = CIRCLE('',#1336,69.39696959879);
#1336 = AXIS2_PLACEMENT_3D('',#1337,#1338,#1339);
#1337 = CARTESIAN_POINT('',(46.,-1.925371861944E-09,579.99999999939));
#1338 = DIRECTION('',(1.,0.,2.22044604925E-16));
#1339 = DIRECTION('',(-6.618312033003E-17,0.954546426106,0.298062276057)
  );
#1340 = ORIENTED_EDGE('',*,*,#1341,.T.);
#1341 = EDGE_CURVE('',#1333,#1342,#1344,.T.);
#1342 = VERTEX_POINT('',#1343);
#1343 = CARTESIAN_POINT('',(46.,66.439822309668,601.92208967059));
#1344 = CIRCLE('',#1345,0.76);
#1345 = AXIS2_PLACEMENT_3D('',#1346,#1347,#1348);
#1346 = CARTESIAN_POINT('',(46.,66.850883559528,601.2828489891));
#1347 = DIRECTION('',(-1.,0.,-2.22044604925E-16));
#1348 = DIRECTION('',(6.763170007624E-17,-0.9524848073,-0.304586099262)
  );
#1349 = ORIENTED_EDGE('',*,*,#1350,.T.);
#1350 = EDGE_CURVE('',#1342,#1351,#1353,.T.);
#1351 = VERTEX_POINT('',#1352);
#1352 = CARTESIAN_POINT('',(46.,69.710055533437,604.52079035944));
#1353 = B_SPLINE_CURVE_WITH_KNOTS('',4,(#1354,#1355,#1356,#1357,#1358),
  .UNSPECIFIED.,.F.,.F.,(5,5),(0.,1.),.PIECEWISE_BEZIER_KNOTS.);
#1354 = CARTESIAN_POINT('',(46.,66.439822309668,601.92208967059));
#1355 = CARTESIAN_POINT('',(46.,67.09695480047,602.34902310151));
#1356 = CARTESIAN_POINT('',(46.,67.875479302853,602.90963684272));
#1357 = CARTESIAN_POINT('',(46.,68.755333301135,603.62740329869));
#1358 = CARTESIAN_POINT('',(46.,69.710055533437,604.52079035944));
#1359 = ORIENTED_EDGE('',*,*,#1360,.T.);
#1360 = EDGE_CURVE('',#1351,#1361,#1363,.T.);
#1361 = VERTEX_POINT('',#1362);
#1362 = CARTESIAN_POINT('',(46.,69.162659991103,606.02476855883));
#1363 = CIRCLE('',#1364,73.896969597231);
#1364 = AXIS2_PLACEMENT_3D('',#1365,#1366,#1367);
#1365 = CARTESIAN_POINT('',(46.,-1.224886721545E-04,580.00032552331));
#1366 = DIRECTION('',(1.,0.,2.22044604925E-16));
#1367 = DIRECTION('',(-7.367875782718E-17,0.943342851568,0.331819626296)
  );
#1368 = ORIENTED_EDGE('',*,*,#1369,.T.);
#1369 = EDGE_CURVE('',#1361,#1370,#1372,.T.);
#1370 = VERTEX_POINT('',#1371);
#1371 = CARTESIAN_POINT('',(46.,64.987104736014,605.91339962696));
#1372 = B_SPLINE_CURVE_WITH_KNOTS('',4,(#1373,#1374,#1375,#1376,#1377),
  .UNSPECIFIED.,.F.,.F.,(5,5),(0.,1.),.PIECEWISE_BEZIER_KNOTS.);
#1373 = CARTESIAN_POINT('',(46.,69.162659991103,606.02476855883));
#1374 = CARTESIAN_POINT('',(46.,67.857043099594,606.09543534354));
#1375 = CARTESIAN_POINT('',(46.,66.72166444891,606.07971710016));
#1376 = CARTESIAN_POINT('',(46.,65.764924513358,606.00874623738));
#1377 = CARTESIAN_POINT('',(46.,64.987104736014,605.91339962696));
#1378 = ORIENTED_EDGE('',*,*,#1379,.T.);
#1379 = EDGE_CURVE('',#1370,#1380,#1382,.T.);
#1380 = VERTEX_POINT('',#1381);
#1381 = CARTESIAN_POINT('',(46.,64.187772800397,606.37933304956));
#1382 = CIRCLE('',#1383,0.76);
#1383 = AXIS2_PLACEMENT_3D('',#1384,#1385,#1386);
#1384 = CARTESIAN_POINT('',(46.,64.891099507194,606.66731142289));
#1385 = DIRECTION('',(-1.,0.,-2.22044604925E-16));
#1386 = DIRECTION('',(2.202658511515E-16,0.1263226695,-0.991989205168));
#1387 = ORIENTED_EDGE('',*,*,#1388,.T.);
#1388 = EDGE_CURVE('',#1380,#1389,#1391,.T.);
#1389 = VERTEX_POINT('',#1390);
#1390 = CARTESIAN_POINT('',(46.,64.040614698946,606.73460413389));
#1391 = CIRCLE('',#1392,69.396969598927);
#1392 = AXIS2_PLACEMENT_3D('',#1393,#1394,#1395);
#1393 = CARTESIAN_POINT('',(46.,-1.99118233013E-09,579.99999999917));
#1394 = DIRECTION('',(1.,0.,2.22044604925E-16));
#1395 = DIRECTION('',(-8.44040974586E-17,0.924936249715,0.380122261863)
  );
#1396 = ORIENTED_EDGE('',*,*,#1397,.T.);
#1397 = EDGE_CURVE('',#1389,#1398,#1400,.T.);
#1398 = VERTEX_POINT('',#1399);
#1399 = CARTESIAN_POINT('',(46.,64.276362719227,607.62928156235));
#1400 = CIRCLE('',#1401,0.76);
#1401 = AXIS2_PLACEMENT_3D('',#1402,#1403,#1404);
#1402 = CARTESIAN_POINT('',(46.,64.741573253319,607.0282997332));
#1403 = DIRECTION('',(-1.,0.,-2.22044604925E-16));
#1404 = DIRECTION('',(8.580726752096E-17,-0.922313887333,-0.386441578033
    ));
#1405 = ORIENTED_EDGE('',*,*,#1406,.T.);
#1406 = EDGE_CURVE('',#1398,#1407,#1409,.T.);
#1407 = VERTEX_POINT('',#1408);
#1408 = CARTESIAN_POINT('',(46.,67.307660029554,610.50311301609));
#1409 = B_SPLINE_CURVE_WITH_KNOTS('',4,(#1410,#1411,#1412,#1413,#1414),
  .UNSPECIFIED.,.F.,.F.,(5,5),(0.,1.),.PIECEWISE_BEZIER_KNOTS.);
#1410 = CARTESIAN_POINT('',(46.,64.276362719227,607.62928156235));
#1411 = CARTESIAN_POINT('',(46.,64.893784922233,608.111863253));
#1412 = CARTESIAN_POINT('',(46.,65.620486196832,608.73819657092));
#1413 = CARTESIAN_POINT('',(46.,66.434434616425,609.52991603755));
#1414 = CARTESIAN_POINT('',(46.,67.307660029554,610.50311301609));
#1415 = ORIENTED_EDGE('',*,*,#1416,.T.);
#1416 = EDGE_CURVE('',#1407,#1417,#1419,.T.);
#1417 = VERTEX_POINT('',#1418);
#1418 = CARTESIAN_POINT('',(46.,66.631267155477,611.9536594593));
#1419 = CIRCLE('',#1420,73.896969596773);
#1420 = AXIS2_PLACEMENT_3D('',#1421,#1422,#1423);
#1421 = CARTESIAN_POINT('',(46.,-1.503933764369E-04,580.00031360919));
#1422 = DIRECTION('',(1.,0.,2.22044604925E-16));
#1423 = DIRECTION('',(-9.165439503634E-17,0.910833161227,0.412774699333)
  );
#1424 = ORIENTED_EDGE('',*,*,#1425,.T.);
#1425 = EDGE_CURVE('',#1417,#1426,#1428,.T.);
#1426 = VERTEX_POINT('',#1427);
#1427 = CARTESIAN_POINT('',(46.,62.481307590746,611.4787907002));
#1428 = B_SPLINE_CURVE_WITH_KNOTS('',4,(#1429,#1430,#1431,#1432,#1433),
  .UNSPECIFIED.,.F.,.F.,(5,5),(0.,1.),.PIECEWISE_BEZIER_KNOTS.);
#1429 = CARTESIAN_POINT('',(46.,66.631267155477,611.9536594593));
#1430 = CARTESIAN_POINT('',(46.,65.324459514309,611.91026532563));
#1431 = CARTESIAN_POINT('',(46.,64.194771257347,611.79565212532));
#1432 = CARTESIAN_POINT('',(46.,63.247857524356,611.6415659484));
#1433 = CARTESIAN_POINT('',(46.,62.481307590746,611.4787907002));
#1434 = ORIENTED_EDGE('',*,*,#1435,.T.);
#1435 = EDGE_CURVE('',#1426,#1436,#1438,.T.);
#1436 = VERTEX_POINT('',#1437);
#1437 = CARTESIAN_POINT('',(46.,61.64440858095,611.8732847369));
#1438 = CIRCLE('',#1439,0.76);
#1439 = AXIS2_PLACEMENT_3D('',#1440,#1441,#1442);
#1440 = CARTESIAN_POINT('',(46.,62.319959948265,612.2214662271));
#1441 = DIRECTION('',(-1.,0.,-2.22044604925E-16));
#1442 = DIRECTION('',(2.169830183677E-16,0.212299529579,-0.977204640667)
  );
#1443 = ORIENTED_EDGE('',*,*,#1444,.T.);
#1444 = EDGE_CURVE('',#1436,#1445,#1447,.T.);
#1445 = VERTEX_POINT('',#1446);
#1446 = CARTESIAN_POINT('',(46.,61.466846545272,612.21437823387));
#1447 = CIRCLE('',#1448,69.396969601228);
#1448 = AXIS2_PLACEMENT_3D('',#1449,#1450,#1451);
#1449 = CARTESIAN_POINT('',(46.,-3.952809635166E-09,579.99999999794));
#1450 = DIRECTION('',(1.,0.,2.22044604925E-16));
#1451 = DIRECTION('',(-1.019827084409E-16,0.888286749971,0.459289287733)
  );
#1452 = ORIENTED_EDGE('',*,*,#1453,.T.);
#1453 = EDGE_CURVE('',#1445,#1454,#1456,.T.);
#1454 = VERTEX_POINT('',#1455);
#1455 = CARTESIAN_POINT('',(46.,61.623721197365,613.12619793841));
#1456 = CIRCLE('',#1457,0.76);
#1457 = AXIS2_PLACEMENT_3D('',#1458,#1459,#1460);
#1458 = CARTESIAN_POINT('',(46.,62.139540482621,612.56804879619));
#1459 = DIRECTION('',(-1.,0.,-2.22044604925E-16));
#1460 = DIRECTION('',(1.03329789848E-16,-0.885123601775,-0.465356003056)
  );
#1461 = ORIENTED_EDGE('',*,*,#1462,.T.);
#1462 = EDGE_CURVE('',#1454,#1463,#1465,.T.);
#1463 = VERTEX_POINT('',#1464);
#1464 = CARTESIAN_POINT('',(46.,64.393012591371,616.2532885644));
#1465 = B_SPLINE_CURVE_WITH_KNOTS('',4,(#1466,#1467,#1468,#1469,#1470),
  .UNSPECIFIED.,.F.,.F.,(5,5),(0.,1.),.PIECEWISE_BEZIER_KNOTS.);
#1466 = CARTESIAN_POINT('',(46.,61.623721197365,613.12619793841));
#1467 = CARTESIAN_POINT('',(46.,62.196734156799,613.66075515072));
#1468 = CARTESIAN_POINT('',(46.,62.866081568119,614.34804127062));
#1469 = CARTESIAN_POINT('',(46.,63.607929770077,615.20768828472));
#1470 = CARTESIAN_POINT('',(46.,64.393012591371,616.2532885644));
#1471 = ORIENTED_EDGE('',*,*,#1472,.T.);
#1472 = EDGE_CURVE('',#1463,#1473,#1475,.T.);
#1473 = VERTEX_POINT('',#1474);
#1474 = CARTESIAN_POINT('',(46.,63.592770143739,617.63936371714));
#1475 = CIRCLE('',#1476,73.896969596785);
#1476 = AXIS2_PLACEMENT_3D('',#1477,#1478,#1479);
#1477 = CARTESIAN_POINT('',(46.,-1.771539367965E-04,580.00029930816));
#1478 = DIRECTION('',(1.,0.,2.22044604925E-16));
#1479 = DIRECTION('',(-1.089324869569E-16,0.871391480553,0.490588307667)
  );
#1480 = ORIENTED_EDGE('',*,*,#1481,.T.);
#1481 = EDGE_CURVE('',#1473,#1482,#1484,.T.);
#1482 = VERTEX_POINT('',#1483);
#1483 = CARTESIAN_POINT('',(46.,59.499989967466,616.80460916879));
#1484 = B_SPLINE_CURVE_WITH_KNOTS('',4,(#1485,#1486,#1487,#1488,#1489),
  .UNSPECIFIED.,.F.,.F.,(5,5),(0.,1.),.PIECEWISE_BEZIER_KNOTS.);
#1485 = CARTESIAN_POINT('',(46.,63.592770143739,617.63936371714));
#1486 = CARTESIAN_POINT('',(46.,62.294717348132,617.48223892066));
#1487 = CARTESIAN_POINT('',(46.,61.179317094653,617.26960303906));
#1488 = CARTESIAN_POINT('',(46.,60.249436149493,617.03357423685));
#1489 = CARTESIAN_POINT('',(46.,59.499989967466,616.80460916879));
#1490 = ORIENTED_EDGE('',*,*,#1491,.T.);
#1491 = EDGE_CURVE('',#1482,#1492,#1494,.T.);
#1492 = VERTEX_POINT('',#1493);
#1493 = CARTESIAN_POINT('',(46.,58.631893190291,617.12466148178));
#1494 = CIRCLE('',#1495,0.76);
#1495 = AXIS2_PLACEMENT_3D('',#1496,#1497,#1498);
#1496 = CARTESIAN_POINT('',(46.,59.27452786431,617.53039621748));
#1497 = DIRECTION('',(-1.,0.,-2.22044604925E-16));
#1498 = DIRECTION('',(2.120488137963E-16,0.296660662048,-0.954982958797)
  );
#1499 = ORIENTED_EDGE('',*,*,#1500,.T.);
#1500 = EDGE_CURVE('',#1492,#1501,#1503,.T.);
#1501 = VERTEX_POINT('',#1502);
#1502 = CARTESIAN_POINT('',(46.,58.425278574691,617.44898146391));
#1503 = CIRCLE('',#1504,69.396969594276);
#1504 = AXIS2_PLACEMENT_3D('',#1505,#1506,#1507);
#1505 = CARTESIAN_POINT('',(46.,2.105046803536E-09,580.00000000133));
#1506 = DIRECTION('',(1.,0.,2.22044604925E-16));
#1507 = DIRECTION('',(-1.187851694331E-16,0.844876851698,0.534960844796)
  );
#1508 = ORIENTED_EDGE('',*,*,#1509,.T.);
#1509 = EDGE_CURVE('',#1501,#1510,#1512,.T.);
#1510 = VERTEX_POINT('',#1511);
#1511 = CARTESIAN_POINT('',(46.,58.502085947771,618.37100394601));
#1512 = CIRCLE('',#1513,0.76);
#1513 = AXIS2_PLACEMENT_3D('',#1514,#1515,#1516);
#1514 = CARTESIAN_POINT('',(46.,59.06458828797,617.85993534272));
#1515 = DIRECTION('',(-1.,0.,-2.22044604925E-16));
#1516 = DIRECTION('',(1.200659100821E-16,-0.841196991156,-0.540728787906
    ));
#1517 = ORIENTED_EDGE('',*,*,#1518,.T.);
#1518 = EDGE_CURVE('',#1510,#1519,#1521,.T.);
#1519 = VERTEX_POINT('',#1520);
#1520 = CARTESIAN_POINT('',(46.,60.988295445802,621.72755469641));
#1521 = B_SPLINE_CURVE_WITH_KNOTS('',4,(#1522,#1523,#1524,#1525,#1526),
  .UNSPECIFIED.,.F.,.F.,(5,5),(0.,1.),.PIECEWISE_BEZIER_KNOTS.);
#1522 = CARTESIAN_POINT('',(46.,58.502085947771,618.37100394601));
#1523 = CARTESIAN_POINT('',(46.,59.026328689016,618.95346837682));
#1524 = CARTESIAN_POINT('',(46.,59.633228099096,619.69647663633));
#1525 = CARTESIAN_POINT('',(46.,60.297330170659,620.61750876506));
#1526 = CARTESIAN_POINT('',(46.,60.988295445802,621.72755469641));
#1527 = ORIENTED_EDGE('',*,*,#1528,.T.);
#1528 = EDGE_CURVE('',#1519,#1529,#1531,.T.);
#1529 = VERTEX_POINT('',#1530);
#1530 = CARTESIAN_POINT('',(46.,60.070293752843,623.03860968982));
#1531 = CIRCLE('',#1532,73.896969597024);
#1532 = AXIS2_PLACEMENT_3D('',#1533,#1534,#1535);
#1533 = CARTESIAN_POINT('',(46.,-2.025664348615E-04,580.00028272909));
#1534 = DIRECTION('',(1.,0.,2.22044604925E-16));
#1535 = DIRECTION('',(-1.253815368764E-16,0.825317984551,0.564668242756)
  );
#1536 = ORIENTED_EDGE('',*,*,#1537,.T.);
#1537 = EDGE_CURVE('',#1529,#1538,#1540,.T.);
#1538 = VERTEX_POINT('',#1539);
#1539 = CARTESIAN_POINT('',(46.,56.065841493458,621.85032233838));
#1540 = B_SPLINE_CURVE_WITH_KNOTS('',4,(#1541,#1542,#1543,#1544,#1545),
  .UNSPECIFIED.,.F.,.F.,(5,5),(0.,1.),.PIECEWISE_BEZIER_KNOTS.);
#1541 = CARTESIAN_POINT('',(46.,60.070293752843,623.03860968982));
#1542 = CARTESIAN_POINT('',(46.,58.790874768358,622.7689500451));
#1543 = CARTESIAN_POINT('',(46.,57.698251387787,622.45990976968));
#1544 = CARTESIAN_POINT('',(46.,56.792480185929,622.14373466387));
#1545 = CARTESIAN_POINT('',(46.,56.065841493458,621.85032233838));
#1546 = ORIENTED_EDGE('',*,*,#1547,.T.);
#1547 = EDGE_CURVE('',#1538,#1548,#1550,.T.);
#1548 = VERTEX_POINT('',#1549);
#1549 = CARTESIAN_POINT('',(46.,55.173153689549,622.0934971363));
#1550 = CIRCLE('',#1551,0.76);
#1551 = AXIS2_PLACEMENT_3D('',#1552,#1553,#1554);
#1552 = CARTESIAN_POINT('',(46.,55.777980832368,622.55369723116));
#1553 = DIRECTION('',(-1.,0.,-2.22044604925E-16));
#1554 = DIRECTION('',(2.055007897133E-16,0.37876402775,-0.925493279977)
  );
#1555 = ORIENTED_EDGE('',*,*,#1556,.T.);
#1556 = EDGE_CURVE('',#1548,#1557,#1559,.T.);
#1557 = VERTEX_POINT('',#1558);
#1558 = CARTESIAN_POINT('',(46.,54.93905895601,622.3985753327));
#1559 = CIRCLE('',#1560,69.39696959577);
#1560 = AXIS2_PLACEMENT_3D('',#1561,#1562,#1563);
#1561 = CARTESIAN_POINT('',(46.,7.947846825118E-10,580.0000000006));
#1562 = DIRECTION('',(1.,0.,2.22044604925E-16));
#1563 = DIRECTION('',(-1.346836035616E-16,0.795036930433,0.606561026813)
  );
#1564 = ORIENTED_EDGE('',*,*,#1565,.T.);
#1565 = EDGE_CURVE('',#1557,#1566,#1568,.T.);
#1566 = VERTEX_POINT('',#1567);
#1567 = CARTESIAN_POINT('',(46.,54.935214499588,623.32378344454));
#1568 = CIRCLE('',#1569,0.76);
#1569 = AXIS2_PLACEMENT_3D('',#1570,#1571,#1572);
#1570 = CARTESIAN_POINT('',(46.,55.540118912274,622.86368492084));
#1571 = DIRECTION('',(-1.,0.,-2.22044604925E-16));
#1572 = DIRECTION('',(1.358882562426E-16,-0.790868363506,-0.611986300178
    ));
#1573 = ORIENTED_EDGE('',*,*,#1574,.T.);
#1574 = EDGE_CURVE('',#1566,#1575,#1577,.T.);
#1575 = VERTEX_POINT('',#1576);
#1576 = CARTESIAN_POINT('',(46.,57.119420546152,626.88424894139));
#1577 = B_SPLINE_CURVE_WITH_KNOTS('',4,(#1578,#1579,#1580,#1581,#1582),
  .UNSPECIFIED.,.F.,.F.,(5,5),(0.,1.),.PIECEWISE_BEZIER_KNOTS.);
#1578 = CARTESIAN_POINT('',(46.,54.935214499588,623.32378344454));
#1579 = CARTESIAN_POINT('',(46.,55.406697218839,623.94972218784));
#1580 = CARTESIAN_POINT('',(46.,55.94652975671,624.74279784545));
#1581 = CARTESIAN_POINT('',(46.,56.52783148012,625.71820547817));
#1582 = CARTESIAN_POINT('',(46.,57.119420546152,626.88424894139));
#1583 = ORIENTED_EDGE('',*,*,#1584,.T.);
#1584 = EDGE_CURVE('',#1575,#1585,#1587,.T.);
#1585 = VERTEX_POINT('',#1586);
#1586 = CARTESIAN_POINT('',(46.,56.090646155053,628.11030585534));
#1587 = CIRCLE('',#1588,73.896969596845);
#1588 = AXIS2_PLACEMENT_3D('',#1589,#1590,#1591);
#1589 = CARTESIAN_POINT('',(46.,-2.264369350016E-04,580.0002639985));
#1590 = DIRECTION('',(1.,0.,2.22044604925E-16));
#1591 = DIRECTION('',(-1.408763575929E-16,0.772963320346,0.634450711561)
  );
#1592 = ORIENTED_EDGE('',*,*,#1593,.T.);
#1593 = EDGE_CURVE('',#1585,#1594,#1596,.T.);
#1594 = VERTEX_POINT('',#1595);
#1595 = CARTESIAN_POINT('',(46.,52.204998112204,626.57752928506));
#1596 = B_SPLINE_CURVE_WITH_KNOTS('',4,(#1597,#1598,#1599,#1600,#1601),
  .UNSPECIFIED.,.F.,.F.,(5,5),(0.,1.),.PIECEWISE_BEZIER_KNOTS.);
#1597 = CARTESIAN_POINT('',(46.,56.090646155053,628.11030585534));
#1598 = CARTESIAN_POINT('',(46.,54.839598132696,627.7301636351));
#1599 = CARTESIAN_POINT('',(46.,53.778067148703,627.32707094895));
#1600 = CARTESIAN_POINT('',(46.,52.903299155912,626.93315582302));
#1601 = CARTESIAN_POINT('',(46.,52.204998112204,626.57752928506));
#1602 = ORIENTED_EDGE('',*,*,#1603,.T.);
#1603 = EDGE_CURVE('',#1594,#1604,#1606,.T.);
#1604 = VERTEX_POINT('',#1605);
#1605 = CARTESIAN_POINT('',(46.,51.294513174769,626.74197586087));
#1606 = CIRCLE('',#1607,0.76);
#1607 = AXIS2_PLACEMENT_3D('',#1608,#1609,#1610);
#1608 = CARTESIAN_POINT('',(46.,51.856929686627,627.2531389143));
#1609 = DIRECTION('',(-1.,0.,-2.22044604925E-16));
#1610 = DIRECTION('',(1.973887805358E-16,0.457984770497,-0.888960038468)
  );
#1611 = ORIENTED_EDGE('',*,*,#1612,.T.);
#1612 = EDGE_CURVE('',#1604,#1613,#1615,.T.);
#1613 = VERTEX_POINT('',#1614);
#1614 = CARTESIAN_POINT('',(46.,51.034719925562,627.02549044225));
#1615 = CIRCLE('',#1616,69.396969595828);
#1616 = AXIS2_PLACEMENT_3D('',#1617,#1618,#1619);
#1617 = CARTESIAN_POINT('',(46.,6.952340925181E-10,580.00000000063));
#1618 = DIRECTION('',(1.,0.,2.22044604925E-16));
#1619 = DIRECTION('',(-1.495570141427E-16,0.739146298071,0.673544913164)
  );
#1620 = ORIENTED_EDGE('',*,*,#1621,.T.);
#1621 = EDGE_CURVE('',#1613,#1622,#1624,.T.);
#1622 = VERTEX_POINT('',#1623);
#1623 = CARTESIAN_POINT('',(46.,50.950252898275,627.94684279144));
#1624 = CIRCLE('',#1625,0.76);
#1625 = AXIS2_PLACEMENT_3D('',#1626,#1627,#1628);
#1626 = CARTESIAN_POINT('',(46.,51.592955695615,627.54121597491));
#1627 = DIRECTION('',(-1.,0.,-2.22044604925E-16));
#1628 = DIRECTION('',(1.506764107216E-16,-0.734520750069,-0.678586227179
    ));
#1629 = ORIENTED_EDGE('',*,*,#1630,.T.);
#1630 = EDGE_CURVE('',#1622,#1631,#1633,.T.);
#1631 = VERTEX_POINT('',#1632);
#1632 = CARTESIAN_POINT('',(46.,52.815832366496,631.68412574244));
#1633 = B_SPLINE_CURVE_WITH_KNOTS('',4,(#1634,#1635,#1636,#1637,#1638),
  .UNSPECIFIED.,.F.,.F.,(5,5),(0.,1.),.PIECEWISE_BEZIER_KNOTS.);
#1634 = CARTESIAN_POINT('',(46.,50.950252898275,627.94684279144));
#1635 = CARTESIAN_POINT('',(46.,51.365387327347,628.61149207543));
#1636 = CARTESIAN_POINT('',(46.,51.834044541438,629.44859934653));
#1637 = CARTESIAN_POINT('',(46.,52.328121859579,630.47095904218));
#1638 = CARTESIAN_POINT('',(46.,52.815832366496,631.68412574244));
#1639 = ORIENTED_EDGE('',*,*,#1640,.T.);
#1640 = EDGE_CURVE('',#1631,#1641,#1643,.T.);
#1641 = VERTEX_POINT('',#1642);
#1642 = CARTESIAN_POINT('',(46.,51.684114871564,632.8158535435));
#1643 = CIRCLE('',#1644,73.896969596811);
#1644 = AXIS2_PLACEMENT_3D('',#1645,#1646,#1647);
#1645 = CARTESIAN_POINT('',(46.,-2.485842365765E-04,580.00024325865));
#1646 = DIRECTION('',(1.,0.,2.22044604925E-16));
#1647 = DIRECTION('',(-1.552990241646E-16,0.714725938545,0.699404627359)
  );
#1648 = ORIENTED_EDGE('',*,*,#1649,.T.);
#1649 = EDGE_CURVE('',#1641,#1650,#1652,.T.);
#1650 = VERTEX_POINT('',#1651);
#1651 = CARTESIAN_POINT('',(46.,47.946843173077,630.9502531096));
#1652 = B_SPLINE_CURVE_WITH_KNOTS('',4,(#1653,#1654,#1655,#1656,#1657),
  .UNSPECIFIED.,.F.,.F.,(5,5),(0.,1.),.PIECEWISE_BEZIER_KNOTS.);
#1653 = CARTESIAN_POINT('',(46.,51.684114871564,632.8158535435));
#1654 = CARTESIAN_POINT('',(46.,50.470959042189,632.32812185957));
#1655 = CARTESIAN_POINT('',(46.,49.448599346532,631.83404454143));
#1656 = CARTESIAN_POINT('',(46.,48.611492075434,631.36538732734));
#1657 = CARTESIAN_POINT('',(46.,47.946843173077,630.9502531096));
#1658 = ORIENTED_EDGE('',*,*,#1659,.T.);
#1659 = EDGE_CURVE('',#1650,#1660,#1662,.T.);
#1660 = VERTEX_POINT('',#1661);
#1661 = CARTESIAN_POINT('',(46.,47.025490442254,631.03471992556));
#1662 = CIRCLE('',#1663,0.76);
#1663 = AXIS2_PLACEMENT_3D('',#1664,#1665,#1666);
#1664 = CARTESIAN_POINT('',(46.,47.5412159939,631.59295567807));
#1665 = DIRECTION('',(-1.,0.,-2.22044604925E-16));
#1666 = DIRECTION('',(1.877745235518E-16,0.533719972601,-0.845661274298)
  );
#1667 = ORIENTED_EDGE('',*,*,#1668,.T.);
#1668 = EDGE_CURVE('',#1660,#1669,#1671,.T.);
#1669 = VERTEX_POINT('',#1670);
#1670 = CARTESIAN_POINT('',(46.,46.741975860875,631.29451317476));
#1671 = CIRCLE('',#1672,69.396969598538);
#1672 = AXIS2_PLACEMENT_3D('',#1673,#1674,#1675);
#1673 = CARTESIAN_POINT('',(46.,-1.193523502252E-09,579.99999999869));
#1674 = DIRECTION('',(1.,0.,2.22044604925E-16));
#1675 = DIRECTION('',(-1.632922055412E-16,0.677630316071,0.735402716028)
  );
#1676 = ORIENTED_EDGE('',*,*,#1677,.T.);
#1677 = EDGE_CURVE('',#1669,#1678,#1680,.T.);
#1678 = VERTEX_POINT('',#1679);
#1679 = CARTESIAN_POINT('',(46.,46.577529107801,632.2049977136));
#1680 = CIRCLE('',#1681,0.76);
#1681 = AXIS2_PLACEMENT_3D('',#1682,#1683,#1684);
#1682 = CARTESIAN_POINT('',(46.,47.253138933434,631.85692966923));
#1683 = DIRECTION('',(-1.,0.,-2.22044604925E-16));
#1684 = DIRECTION('',(1.643178267341E-16,-0.672582990209,-0.74002170325)
  );
#1685 = ORIENTED_EDGE('',*,*,#1686,.T.);
#1686 = EDGE_CURVE('',#1678,#1687,#1689,.T.);
#1687 = VERTEX_POINT('',#1688);
#1688 = CARTESIAN_POINT('',(46.,48.11028381146,636.09065513886));
#1689 = B_SPLINE_CURVE_WITH_KNOTS('',4,(#1690,#1691,#1692,#1693,#1694),
  .UNSPECIFIED.,.F.,.F.,(5,5),(0.,1.),.PIECEWISE_BEZIER_KNOTS.);
#1690 = CARTESIAN_POINT('',(46.,46.577529107801,632.2049977136));
#1691 = CARTESIAN_POINT('',(46.,46.933155823026,632.90329915591));
#1692 = CARTESIAN_POINT('',(46.,47.327070948953,633.7780671487));
#1693 = CARTESIAN_POINT('',(46.,47.730163635103,634.83959813269));
#1694 = CARTESIAN_POINT('',(46.,48.11028381146,636.09065513886));
#1695 = ORIENTED_EDGE('',*,*,#1696,.T.);
#1696 = EDGE_CURVE('',#1687,#1697,#1699,.T.);
#1697 = VERTEX_POINT('',#1698);
#1698 = CARTESIAN_POINT('',(46.,46.884236266181,637.11944069511));
#1699 = CIRCLE('',#1700,73.896969596618);
#1700 = AXIS2_PLACEMENT_3D('',#1701,#1702,#1703);
#1701 = CARTESIAN_POINT('',(46.,-2.688395630273E-04,580.00022066759));
#1702 = DIRECTION('',(1.,0.,2.22044604925E-16));
#1703 = DIRECTION('',(-1.685397713903E-16,0.651049060789,0.75903565163)
  );
#1704 = ORIENTED_EDGE('',*,*,#1705,.T.);
#1705 = EDGE_CURVE('',#1697,#1706,#1708,.T.);
#1706 = VERTEX_POINT('',#1707);
#1707 = CARTESIAN_POINT('',(46.,43.323783806306,634.93521474337));
#1708 = B_SPLINE_CURVE_WITH_KNOTS('',4,(#1709,#1710,#1711,#1712,#1713),
  .UNSPECIFIED.,.F.,.F.,(5,5),(0.,1.),.PIECEWISE_BEZIER_KNOTS.);
#1709 = CARTESIAN_POINT('',(46.,46.884236266181,637.11944069511));
#1710 = CARTESIAN_POINT('',(46.,45.718205478172,636.52783148012));
#1711 = CARTESIAN_POINT('',(46.,44.742797845454,635.94652975671));
#1712 = CARTESIAN_POINT('',(46.,43.94972218784,635.40669721883));
#1713 = CARTESIAN_POINT('',(46.,43.323783806306,634.93521474337));
#1714 = ORIENTED_EDGE('',*,*,#1715,.T.);
#1715 = EDGE_CURVE('',#1706,#1716,#1718,.T.);
#1716 = VERTEX_POINT('',#1717);
#1717 = CARTESIAN_POINT('',(46.,42.398575332706,634.93905895601));
#1718 = CIRCLE('',#1719,0.76);
#1719 = AXIS2_PLACEMENT_3D('',#1720,#1721,#1722);
#1720 = CARTESIAN_POINT('',(46.,42.863684941288,635.54011889645));
#1721 = DIRECTION('',(-1.,0.,-2.22044604925E-16));
#1722 = DIRECTION('',(1.767311890623E-16,0.605393243445,-0.795926517206)
  );
#1723 = ORIENTED_EDGE('',*,*,#1724,.T.);
#1724 = EDGE_CURVE('',#1716,#1725,#1727,.T.);
#1725 = VERTEX_POINT('',#1726);
#1726 = CARTESIAN_POINT('',(46.,42.093497136309,635.17315368954));
#1727 = CIRCLE('',#1728,69.396969595653);
#1728 = AXIS2_PLACEMENT_3D('',#1729,#1730,#1731);
#1729 = CARTESIAN_POINT('',(46.,6.830767063093E-10,580.00000000088));
#1730 = DIRECTION('',(1.,0.,2.22044604925E-16));
#1731 = DIRECTION('',(-1.75784644657E-16,0.610957158202,0.791663660175)
  );
#1732 = ORIENTED_EDGE('',*,*,#1733,.T.);
#1733 = EDGE_CURVE('',#1725,#1734,#1736,.T.);
#1734 = VERTEX_POINT('',#1735);
#1735 = CARTESIAN_POINT('',(46.,41.850322196537,636.06584108092));
#1736 = CIRCLE('',#1737,0.76);
#1737 = AXIS2_PLACEMENT_3D('',#1738,#1739,#1740);
#1738 = CARTESIAN_POINT('',(46.,42.553697251744,635.77798081671));
#1739 = DIRECTION('',(-1.,0.,-2.22044604925E-16));
#1740 = DIRECTION('',(1.767086848673E-16,-0.605526467677,-0.795825167322
    ));
#1741 = ORIENTED_EDGE('',*,*,#1742,.T.);
#1742 = EDGE_CURVE('',#1734,#1743,#1745,.T.);
#1743 = VERTEX_POINT('',#1744);
#1744 = CARTESIAN_POINT('',(46.,43.038586946834,640.07030078122));
#1745 = B_SPLINE_CURVE_WITH_KNOTS('',4,(#1746,#1747,#1748,#1749,#1750),
  .UNSPECIFIED.,.F.,.F.,(5,5),(0.,1.),.PIECEWISE_BEZIER_KNOTS.);
#1746 = CARTESIAN_POINT('',(46.,41.850322196537,636.06584108092));
#1747 = CARTESIAN_POINT('',(46.,42.143734663877,636.79248018592));
#1748 = CARTESIAN_POINT('',(46.,42.45990976968,637.69825138778));
#1749 = CARTESIAN_POINT('',(46.,42.768950045103,638.79087476835));
#1750 = CARTESIAN_POINT('',(46.,43.038586946834,640.07030078122));
#1751 = ORIENTED_EDGE('',*,*,#1752,.T.);
#1752 = EDGE_CURVE('',#1743,#1753,#1755,.T.);
#1753 = VERTEX_POINT('',#1754);
#1754 = CARTESIAN_POINT('',(46.,41.727540313337,640.98831441337));
#1755 = CIRCLE('',#1756,73.896969596836);
#1756 = AXIS2_PLACEMENT_3D('',#1757,#1758,#1759);
#1757 = CARTESIAN_POINT('',(46.,-2.870491202813E-04,580.00019639679));
#1758 = DIRECTION('',(1.,0.,2.22044604925E-16));
#1759 = DIRECTION('',(-1.804978291886E-16,0.582417306566,0.812889956275)
  );
#1760 = ORIENTED_EDGE('',*,*,#1761,.T.);
#1761 = EDGE_CURVE('',#1753,#1762,#1764,.T.);
#1762 = VERTEX_POINT('',#1763);
#1763 = CARTESIAN_POINT('',(46.,38.371004285154,638.50208622216));
#1764 = B_SPLINE_CURVE_WITH_KNOTS('',4,(#1765,#1766,#1767,#1768,#1769),
  .UNSPECIFIED.,.F.,.F.,(5,5),(0.,1.),.PIECEWISE_BEZIER_KNOTS.);
#1765 = CARTESIAN_POINT('',(46.,41.727540313337,640.98831441337));
#1766 = CARTESIAN_POINT('',(46.,40.61750876506,640.29733017065));
#1767 = CARTESIAN_POINT('',(46.,39.696476636332,639.63322809909));
#1768 = CARTESIAN_POINT('',(46.,38.953468376829,639.02632868901));
#1769 = CARTESIAN_POINT('',(46.,38.371004285154,638.50208622216));
#1770 = ORIENTED_EDGE('',*,*,#1771,.T.);
#1771 = EDGE_CURVE('',#1762,#1772,#1774,.T.);
#1772 = VERTEX_POINT('',#1773);
#1773 = CARTESIAN_POINT('',(46.,37.448981463917,638.42527857469));
#1774 = CIRCLE('',#1775,0.76);
#1775 = AXIS2_PLACEMENT_3D('',#1776,#1777,#1778);
#1776 = CARTESIAN_POINT('',(46.,37.859935364473,639.06458827399));
#1777 = DIRECTION('',(-1.,0.,-2.22044604925E-16));
#1778 = DIRECTION('',(1.643428235107E-16,0.67245910616,-0.740134278724)
  );
#1779 = ORIENTED_EDGE('',*,*,#1780,.T.);
#1780 = EDGE_CURVE('',#1772,#1781,#1783,.T.);
#1781 = VERTEX_POINT('',#1782);
#1782 = CARTESIAN_POINT('',(46.,37.124661481788,638.63189319029));
#1783 = CIRCLE('',#1784,69.396969594388);
#1784 = AXIS2_PLACEMENT_3D('',#1785,#1786,#1787);
#1785 = CARTESIAN_POINT('',(46.,1.282337791508E-09,580.000000002));
#1786 = DIRECTION('',(1.,0.,2.22044604925E-16));
#1787 = DIRECTION('',(-1.869392564853E-16,0.539634247454,0.841899565848)
  );
#1788 = ORIENTED_EDGE('',*,*,#1789,.T.);
#1789 = EDGE_CURVE('',#1781,#1790,#1792,.T.);
#1790 = VERTEX_POINT('',#1791);
#1791 = CARTESIAN_POINT('',(46.,36.804609063441,639.49998954414));
#1792 = CIRCLE('',#1793,0.76);
#1793 = AXIS2_PLACEMENT_3D('',#1794,#1795,#1796);
#1794 = CARTESIAN_POINT('',(46.,37.530396239343,639.2745278505));
#1795 = DIRECTION('',(-1.,0.,-2.22044604925E-16));
#1796 = DIRECTION('',(1.877546832091E-16,-0.533861523099,-0.845571921338
    ));
#1797 = ORIENTED_EDGE('',*,*,#1798,.T.);
#1798 = EDGE_CURVE('',#1790,#1799,#1801,.T.);
#1799 = VERTEX_POINT('',#1800);
#1800 = CARTESIAN_POINT('',(46.,37.639340448135,643.59277516319));
#1801 = B_SPLINE_CURVE_WITH_KNOTS('',4,(#1802,#1803,#1804,#1805,#1806),
  .UNSPECIFIED.,.F.,.F.,(5,5),(0.,1.),.PIECEWISE_BEZIER_KNOTS.);
#1802 = CARTESIAN_POINT('',(46.,36.804609063441,639.49998954414));
#1803 = CARTESIAN_POINT('',(46.,37.033574236854,640.24943614949));
#1804 = CARTESIAN_POINT('',(46.,37.269603039066,641.17931709465));
#1805 = CARTESIAN_POINT('',(46.,37.482238920661,642.29471734813));
#1806 = CARTESIAN_POINT('',(46.,37.639340448135,643.59277516319));
#1807 = ORIENTED_EDGE('',*,*,#1808,.T.);
#1808 = EDGE_CURVE('',#1799,#1809,#1811,.T.);
#1809 = VERTEX_POINT('',#1810);
#1810 = CARTESIAN_POINT('',(46.,36.25327258293,644.3930302332));
#1811 = CIRCLE('',#1812,73.89696959701);
#1812 = AXIS2_PLACEMENT_3D('',#1813,#1814,#1815);
#1813 = CARTESIAN_POINT('',(46.,-3.030740071353E-04,580.00017063131));
#1814 = DIRECTION('',(1.,0.,2.22044604925E-16));
#1815 = DIRECTION('',(-1.910821895192E-16,0.509353004966,0.860557677516)
  );
#1816 = ORIENTED_EDGE('',*,*,#1817,.T.);
#1817 = EDGE_CURVE('',#1809,#1818,#1820,.T.);
#1818 = VERTEX_POINT('',#1819);
#1819 = CARTESIAN_POINT('',(46.,33.126198252347,641.62372150026));
#1820 = B_SPLINE_CURVE_WITH_KNOTS('',4,(#1821,#1822,#1823,#1824,#1825),
  .UNSPECIFIED.,.F.,.F.,(5,5),(0.,1.),.PIECEWISE_BEZIER_KNOTS.);
#1821 = CARTESIAN_POINT('',(46.,36.25327258293,644.3930302332));
#1822 = CARTESIAN_POINT('',(46.,35.207688284723,643.60792977007));
#1823 = CARTESIAN_POINT('',(46.,34.34804127062,642.86608156811));
#1824 = CARTESIAN_POINT('',(46.,33.660755150723,642.19673415679));
#1825 = CARTESIAN_POINT('',(46.,33.126198252347,641.62372150026));
#1826 = ORIENTED_EDGE('',*,*,#1827,.T.);
#1827 = EDGE_CURVE('',#1818,#1828,#1830,.T.);
#1828 = VERTEX_POINT('',#1829);
#1829 = CARTESIAN_POINT('',(46.,32.214378233874,641.46684654527));
#1830 = CIRCLE('',#1831,0.76);
#1831 = AXIS2_PLACEMENT_3D('',#1832,#1833,#1834);
#1832 = CARTESIAN_POINT('',(46.,32.56804881908,642.13954047059));
#1833 = DIRECTION('',(-1.,0.,-2.22044604925E-16));
#1834 = DIRECTION('',(1.507037098394E-16,0.734407149036,-0.678709171476)
  );
#1835 = ORIENTED_EDGE('',*,*,#1836,.T.);
#1836 = EDGE_CURVE('',#1828,#1837,#1839,.T.);
#1837 = VERTEX_POINT('',#1838);
#1838 = CARTESIAN_POINT('',(46.,31.873284736907,641.64440858095));
#1839 = CIRCLE('',#1840,69.396969596908);
#1840 = AXIS2_PLACEMENT_3D('',#1841,#1842,#1843);
#1841 = CARTESIAN_POINT('',(46.,-6.216005488113E-11,579.99999999987));
#1842 = DIRECTION('',(1.,0.,2.22044604925E-16));
#1843 = DIRECTION('',(-1.966711476947E-16,0.464204394242,0.885728107472)
  );
#1844 = ORIENTED_EDGE('',*,*,#1845,.T.);
#1845 = EDGE_CURVE('',#1837,#1846,#1848,.T.);
#1846 = VERTEX_POINT('',#1847);
#1847 = CARTESIAN_POINT('',(46.,31.478790632142,642.48130715984));
#1848 = CIRCLE('',#1849,0.76);
#1849 = AXIS2_PLACEMENT_3D('',#1850,#1851,#1852);
#1850 = CARTESIAN_POINT('',(46.,32.221466250088,642.31995993642));
#1851 = DIRECTION('',(-1.,0.,-2.22044604925E-16));
#1852 = DIRECTION('',(1.973717550423E-16,-0.458133569976,-0.888883362462
    ));
#1853 = ORIENTED_EDGE('',*,*,#1854,.T.);
#1854 = EDGE_CURVE('',#1846,#1855,#1857,.T.);
#1855 = VERTEX_POINT('',#1856);
#1856 = CARTESIAN_POINT('',(46.,31.953635841369,646.63127012779));
#1857 = B_SPLINE_CURVE_WITH_KNOTS('',4,(#1858,#1859,#1860,#1861,#1862),
  .UNSPECIFIED.,.F.,.F.,(5,5),(0.,1.),.PIECEWISE_BEZIER_KNOTS.);
#1858 = CARTESIAN_POINT('',(46.,31.478790632142,642.48130715984));
#1859 = CARTESIAN_POINT('',(46.,31.641565948404,643.24785752435));
#1860 = CARTESIAN_POINT('',(46.,31.795652125323,644.19477125734));
#1861 = CARTESIAN_POINT('',(46.,31.910265325639,645.3244595143));
#1862 = CARTESIAN_POINT('',(46.,31.953635841369,646.63127012779));
#1863 = ORIENTED_EDGE('',*,*,#1864,.T.);
#1864 = EDGE_CURVE('',#1855,#1865,#1867,.T.);
#1865 = VERTEX_POINT('',#1866);
#1866 = CARTESIAN_POINT('',(46.,30.503095557843,647.30767621137));
#1867 = CIRCLE('',#1868,73.89696959692);
#1868 = AXIS2_PLACEMENT_3D('',#1869,#1870,#1871);
#1869 = CARTESIAN_POINT('',(46.,-3.167921805201E-04,580.00014356745));
#1870 = DIRECTION('',(1.,0.,2.22044604925E-16));
#1871 = DIRECTION('',(-2.002122990091E-16,0.432412219443,0.901676035212)
  );
#1872 = ORIENTED_EDGE('',*,*,#1873,.T.);
#1873 = EDGE_CURVE('',#1865,#1874,#1876,.T.);
#1874 = VERTEX_POINT('',#1875);
#1875 = CARTESIAN_POINT('',(46.,27.629281848693,644.27636304833));
#1876 = B_SPLINE_CURVE_WITH_KNOTS('',4,(#1877,#1878,#1879,#1880,#1881),
  .UNSPECIFIED.,.F.,.F.,(5,5),(0.,1.),.PIECEWISE_BEZIER_KNOTS.);
#1877 = CARTESIAN_POINT('',(46.,30.503095557843,647.30767621137));
#1878 = CARTESIAN_POINT('',(46.,29.529916037556,646.43443461642));
#1879 = CARTESIAN_POINT('',(46.,28.738196570924,645.62048619683));
#1880 = CARTESIAN_POINT('',(46.,28.111863253,644.89378492223));
#1881 = CARTESIAN_POINT('',(46.,27.629281848693,644.27636304833));
#1882 = ORIENTED_EDGE('',*,*,#1883,.T.);
#1883 = EDGE_CURVE('',#1874,#1884,#1886,.T.);
#1884 = VERTEX_POINT('',#1885);
#1885 = CARTESIAN_POINT('',(46.,26.734604133898,644.04061469894));
#1886 = CIRCLE('',#1887,0.76);
#1887 = AXIS2_PLACEMENT_3D('',#1888,#1889,#1890);
#1888 = CARTESIAN_POINT('',(46.,27.028299757048,644.74157324332));
#1889 = DIRECTION('',(-1.,0.,-2.22044604925E-16));
#1890 = DIRECTION('',(1.359176499387E-16,0.79076591006,-0.612118677617)
  );
#1891 = ORIENTED_EDGE('',*,*,#1892,.T.);
#1892 = EDGE_CURVE('',#1884,#1893,#1895,.T.);
#1893 = VERTEX_POINT('',#1894);
#1894 = CARTESIAN_POINT('',(46.,26.379333049562,644.18777280039));
#1895 = CIRCLE('',#1896,69.396969594556);
#1896 = AXIS2_PLACEMENT_3D('',#1897,#1898,#1899);
#1897 = CARTESIAN_POINT('',(46.,8.50308268241E-10,580.00000000204));
#1898 = DIRECTION('',(1.,0.,2.22044604925E-16));
#1899 = DIRECTION('',(-2.049062527169E-16,0.385241665295,0.922815723382)
  );
#1900 = ORIENTED_EDGE('',*,*,#1901,.T.);
#1901 = EDGE_CURVE('',#1893,#1902,#1904,.T.);
#1902 = VERTEX_POINT('',#1903);
#1903 = CARTESIAN_POINT('',(46.,25.913399596718,644.98710430082));
#1904 = CIRCLE('',#1905,0.76);
#1905 = AXIS2_PLACEMENT_3D('',#1906,#1907,#1908);
#1906 = CARTESIAN_POINT('',(46.,26.667311446817,644.89109949739));
#1907 = DIRECTION('',(-1.,0.,-2.22044604925E-16));
#1908 = DIRECTION('',(2.054867086432E-16,-0.378918943756,-0.925429864475
    ));
#1909 = ORIENTED_EDGE('',*,*,#1910,.T.);
#1910 = EDGE_CURVE('',#1902,#1911,#1913,.T.);
#1911 = VERTEX_POINT('',#1912);
#1912 = CARTESIAN_POINT('',(46.,26.024744771718,649.16266089367));
#1913 = B_SPLINE_CURVE_WITH_KNOTS('',4,(#1914,#1915,#1916,#1917,#1918),
  .UNSPECIFIED.,.F.,.F.,(5,5),(0.,1.),.PIECEWISE_BEZIER_KNOTS.);
#1914 = CARTESIAN_POINT('',(46.,25.913399596718,644.98710430082));
#1915 = CARTESIAN_POINT('',(46.,26.008746237387,645.76492451335));
#1916 = CARTESIAN_POINT('',(46.,26.079717100166,646.72166444891));
#1917 = CARTESIAN_POINT('',(46.,26.095435343543,647.85704309959));
#1918 = CARTESIAN_POINT('',(46.,26.024744771718,649.16266089367));
#1919 = ORIENTED_EDGE('',*,*,#1920,.T.);
#1920 = EDGE_CURVE('',#1911,#1921,#1923,.T.);
#1921 = VERTEX_POINT('',#1922);
#1922 = CARTESIAN_POINT('',(46.,24.520771557288,649.71007013209));
#1923 = CIRCLE('',#1924,73.89696959684);
#1924 = AXIS2_PLACEMENT_3D('',#1925,#1926,#1927);
#1925 = CARTESIAN_POINT('',(46.,-3.280993904866E-04,580.00011541095));
#1926 = DIRECTION('',(1.,0.,2.22044604925E-16));
#1927 = DIRECTION('',(-2.078186720119E-16,0.352180515833,0.935932093834)
  );
#1928 = ORIENTED_EDGE('',*,*,#1929,.T.);
#1929 = EDGE_CURVE('',#1921,#1930,#1932,.T.);
#1930 = VERTEX_POINT('',#1931);
#1931 = CARTESIAN_POINT('',(46.,21.922089927154,646.43982266248));
#1932 = B_SPLINE_CURVE_WITH_KNOTS('',4,(#1933,#1934,#1935,#1936,#1937),
  .UNSPECIFIED.,.F.,.F.,(5,5),(0.,1.),.PIECEWISE_BEZIER_KNOTS.);
#1933 = CARTESIAN_POINT('',(46.,24.520771557288,649.71007013209));
#1934 = CARTESIAN_POINT('',(46.,23.627403298693,648.75533330113));
#1935 = CARTESIAN_POINT('',(46.,22.909636842725,647.87547930285));
#1936 = CARTESIAN_POINT('',(46.,22.349023101515,647.09695480047));
#1937 = CARTESIAN_POINT('',(46.,21.922089927154,646.43982266248));
#1938 = ORIENTED_EDGE('',*,*,#1939,.T.);
#1939 = EDGE_CURVE('',#1930,#1940,#1942,.T.);
#1940 = VERTEX_POINT('',#1941);
#1941 = CARTESIAN_POINT('',(46.,21.051363553668,646.12699510598));
#1942 = CIRCLE('',#1943,0.76);
#1943 = AXIS2_PLACEMENT_3D('',#1944,#1945,#1946);
#1944 = CARTESIAN_POINT('',(46.,21.282849013731,646.85088355165));
#1945 = DIRECTION('',(-1.,0.,-2.22044604925E-16));
#1946 = DIRECTION('',(1.200971746527E-16,0.84110646503,-0.540869591014)
  );
#1947 = ORIENTED_EDGE('',*,*,#1948,.T.);
#1948 = EDGE_CURVE('',#1940,#1949,#1951,.T.);
#1949 = VERTEX_POINT('',#1950);
#1950 = CARTESIAN_POINT('',(46.,20.684618709434,646.24262931119));
#1951 = CIRCLE('',#1952,69.396969598966);
#1952 = AXIS2_PLACEMENT_3D('',#1953,#1954,#1955);
#1953 = CARTESIAN_POINT('',(46.,-6.596128088177E-10,579.9999999979));
#1954 = DIRECTION('',(1.,0.,2.22044604925E-16));
#1955 = DIRECTION('',(-2.115818974302E-16,0.30334701466,0.952880154425)
  );
#1956 = ORIENTED_EDGE('',*,*,#1957,.T.);
#1957 = EDGE_CURVE('',#1949,#1958,#1960,.T.);
#1958 = VERTEX_POINT('',#1959);
#1959 = CARTESIAN_POINT('',(46.,20.150791943426,646.99831033778));
#1960 = CIRCLE('',#1961,0.76);
#1961 = AXIS2_PLACEMENT_3D('',#1962,#1963,#1964);
#1962 = CARTESIAN_POINT('',(46.,20.910202301272,646.96837860888));
#1963 = DIRECTION('',(-1.,0.,-2.22044604925E-16));
#1964 = DIRECTION('',(2.120377843152E-16,-0.296820515577,-0.95493328643)
  );
#1965 = ORIENTED_EDGE('',*,*,#1966,.T.);
#1966 = EDGE_CURVE('',#1958,#1967,#1969,.T.);
#1967 = VERTEX_POINT('',#1968);
#1968 = CARTESIAN_POINT('',(46.,19.897789680184,651.16768204859));
#1969 = B_SPLINE_CURVE_WITH_KNOTS('',4,(#1970,#1971,#1972,#1973,#1974),
  .UNSPECIFIED.,.F.,.F.,(5,5),(0.,1.),.PIECEWISE_BEZIER_KNOTS.);
#1970 = CARTESIAN_POINT('',(46.,20.150791943426,646.99831033778));
#1971 = CARTESIAN_POINT('',(46.,20.177984262993,647.78148071686));
#1972 = CARTESIAN_POINT('',(46.,20.165299680513,648.74076548637));
#1973 = CARTESIAN_POINT('',(46.,20.082003341629,649.87319361368));
#1974 = CARTESIAN_POINT('',(46.,19.897789680184,651.16768204859));
#1975 = ORIENTED_EDGE('',*,*,#1976,.T.);
#1976 = EDGE_CURVE('',#1967,#1977,#1979,.T.);
#1977 = VERTEX_POINT('',#1978);
#1978 = CARTESIAN_POINT('',(46.,18.351829679135,651.58192832701));
#1979 = CIRCLE('',#1980,73.896969596713);
#1980 = AXIS2_PLACEMENT_3D('',#1981,#1982,#1983);
#1981 = CARTESIAN_POINT('',(46.,-3.369095676611E-04,580.00008637615));
#1982 = DIRECTION('',(1.,0.,2.22044604925E-16));
#1983 = DIRECTION('',(-2.138434194364E-16,0.269268505845,0.96306514409)
  );
#1984 = ORIENTED_EDGE('',*,*,#1985,.T.);
#1985 = EDGE_CURVE('',#1977,#1986,#1988,.T.);
#1986 = VERTEX_POINT('',#1987);
#1987 = CARTESIAN_POINT('',(46.,16.04805766435,648.0976351087));
#1988 = B_SPLINE_CURVE_WITH_KNOTS('',4,(#1989,#1990,#1991,#1992,#1993),
  .UNSPECIFIED.,.F.,.F.,(5,5),(0.,1.),.PIECEWISE_BEZIER_KNOTS.);
#1989 = CARTESIAN_POINT('',(46.,18.351829679135,651.58192832701));
#1990 = CARTESIAN_POINT('',(46.,17.54507175411,650.55296238381));
#1991 = CARTESIAN_POINT('',(46.,16.906720944937,649.61389902704));
#1992 = CARTESIAN_POINT('',(46.,16.416093389518,648.78947633842));
#1993 = CARTESIAN_POINT('',(46.,16.04805766435,648.0976351087));
#1994 = ORIENTED_EDGE('',*,*,#1995,.T.);
#1995 = EDGE_CURVE('',#1986,#1996,#1998,.T.);
#1996 = VERTEX_POINT('',#1997);
#1997 = CARTESIAN_POINT('',(46.,15.207909385633,647.71010915168));
#1998 = CIRCLE('',#1999,0.76);
#1999 = AXIS2_PLACEMENT_3D('',#2000,#2001,#2002);
#2000 = CARTESIAN_POINT('',(46.,15.375422938485,648.45141827048));
#2001 = DIRECTION('',(-1.,0.,-2.22044604925E-16));
#2002 = DIRECTION('',(1.03362687351E-16,0.885045691928,-0.465504160238)
  );
#2003 = ORIENTED_EDGE('',*,*,#2004,.T.);
#2004 = EDGE_CURVE('',#1996,#2005,#2007,.T.);
#2005 = VERTEX_POINT('',#2006);
#2006 = CARTESIAN_POINT('',(46.,14.832481931212,647.79333941454));
#2007 = CIRCLE('',#2008,69.396969591852);
#2008 = AXIS2_PLACEMENT_3D('',#2009,#2010,#2011);
#2009 = CARTESIAN_POINT('',(46.,1.068157118311E-09,580.0000000048));
#2010 = DIRECTION('',(1.,0.,2.22044604925E-16));
#2011 = DIRECTION('',(-2.166472761473E-16,0.219143710079,0.975692592128)
  );
#2012 = ORIENTED_EDGE('',*,*,#2013,.T.);
#2013 = EDGE_CURVE('',#2005,#2014,#2016,.T.);
#2014 = VERTEX_POINT('',#2015);
#2015 = CARTESIAN_POINT('',(46.,14.234824596063,648.49961877839));
#2016 = CIRCLE('',#2017,0.76);
#2017 = AXIS2_PLACEMENT_3D('',#2018,#2019,#2020);
#2018 = CARTESIAN_POINT('',(46.,14.99395389029,648.53598792254));
#2019 = DIRECTION('',(-1.,0.,-2.22044604925E-16));
#2020 = DIRECTION('',(2.169751244165E-16,-0.212463104049,-0.977169089471
    ));
#2021 = ORIENTED_EDGE('',*,*,#2022,.T.);
#2022 = EDGE_CURVE('',#2014,#2023,#2025,.T.);
#2023 = VERTEX_POINT('',#2024);
#2024 = CARTESIAN_POINT('',(46.,13.619400394569,652.6310741709));
#2025 = B_SPLINE_CURVE_WITH_KNOTS('',4,(#2026,#2027,#2028,#2029,#2030),
  .UNSPECIFIED.,.F.,.F.,(5,5),(0.,1.),.PIECEWISE_BEZIER_KNOTS.);
#2026 = CARTESIAN_POINT('',(46.,14.234824596063,648.49961877839));
#2027 = CARTESIAN_POINT('',(46.,14.193655644558,649.28217892454));
#2028 = CARTESIAN_POINT('',(46.,14.097412154151,650.23670779167));
#2029 = CARTESIAN_POINT('',(46.,13.915735168439,651.35756693379));
#2030 = CARTESIAN_POINT('',(46.,13.619400394569,652.6310741709));
#2031 = ORIENTED_EDGE('',*,*,#2032,.T.);
#2032 = EDGE_CURVE('',#2023,#2033,#2035,.T.);
#2033 = VERTEX_POINT('',#2034);
#2034 = CARTESIAN_POINT('',(46.,12.043219295986,652.90900482502));
#2035 = CIRCLE('',#2036,73.896969597359);
#2036 = AXIS2_PLACEMENT_3D('',#2037,#2038,#2039);
#2037 = CARTESIAN_POINT('',(46.,-3.431558150737E-04,580.00005668322));
#2038 = DIRECTION('',(1.,0.,2.22044604925E-16));
#2039 = DIRECTION('',(-2.182406893168E-16,0.184307199938,0.982868687084)
  );
#2040 = ORIENTED_EDGE('',*,*,#2041,.T.);
#2041 = EDGE_CURVE('',#2033,#2042,#2044,.T.);
#2042 = VERTEX_POINT('',#2043);
#2043 = CARTESIAN_POINT('',(46.,10.051889992638,649.23718343327));
#2044 = B_SPLINE_CURVE_WITH_KNOTS('',4,(#2045,#2046,#2047,#2048,#2049),
  .UNSPECIFIED.,.F.,.F.,(5,5),(0.,1.),.PIECEWISE_BEZIER_KNOTS.);
#2045 = CARTESIAN_POINT('',(46.,12.043219295986,652.90900482502));
#2046 = CARTESIAN_POINT('',(46.,11.329211619474,651.81364082171));
#2047 = CARTESIAN_POINT('',(46.,10.7751346922,650.82251494562));
#2048 = CARTESIAN_POINT('',(46.,10.358227294519,649.95846842522));
#2049 = CARTESIAN_POINT('',(46.,10.051889992638,649.23718343327));
#2050 = ORIENTED_EDGE('',*,*,#2051,.T.);
#2051 = EDGE_CURVE('',#2042,#2052,#2054,.T.);
#2052 = VERTEX_POINT('',#2053);
#2053 = CARTESIAN_POINT('',(46.,9.248713844387,648.77790838226));
#2054 = CIRCLE('',#2055,0.76);
#2055 = AXIS2_PLACEMENT_3D('',#2056,#2057,#2058);
#2056 = CARTESIAN_POINT('',(46.,9.350980610742,649.53099636418));
#2057 = DIRECTION('',(-1.,0.,-2.22044604925E-16));
#2058 = DIRECTION('',(8.584154758641E-17,0.922249186706,-0.386595961723)
  );
#2059 = ORIENTED_EDGE('',*,*,#2060,.T.);
#2060 = EDGE_CURVE('',#2052,#2061,#2063,.T.);
#2061 = VERTEX_POINT('',#2062);
#2062 = CARTESIAN_POINT('',(46.,8.867461009397,648.8281012702));
#2063 = CIRCLE('',#2064,69.396969596643);
#2064 = AXIS2_PLACEMENT_3D('',#2065,#2066,#2067);
#2065 = CARTESIAN_POINT('',(46.,1.742606059452E-11,580.00000000012));
#2066 = DIRECTION('',(1.,0.,2.22044604925E-16));
#2067 = DIRECTION('',(-2.200638382778E-16,0.13327258954,0.991079420065)
  );
#2068 = ORIENTED_EDGE('',*,*,#2069,.T.);
#2069 = EDGE_CURVE('',#2061,#2070,#2072,.T.);
#2070 = VERTEX_POINT('',#2071);
#2071 = CARTESIAN_POINT('',(46.,8.210521638301,649.47960375889));
#2072 = CIRCLE('',#2073,0.76);
#2073 = AXIS2_PLACEMENT_3D('',#2074,#2075,#2076);
#2074 = CARTESIAN_POINT('',(46.,8.963592436605,649.58199698494));
#2075 = DIRECTION('',(-1.,0.,-2.22044604925E-16));
#2076 = DIRECTION('',(2.20261152808E-16,-0.126488720011,-0.99196804571)
  );
#2077 = ORIENTED_EDGE('',*,*,#2078,.T.);
#2078 = EDGE_CURVE('',#2070,#2079,#2081,.T.);
#2079 = VERTEX_POINT('',#2080);
#2080 = CARTESIAN_POINT('',(46.,7.237359248334,653.54169996292));
#2081 = B_SPLINE_CURVE_WITH_KNOTS('',4,(#2082,#2083,#2084,#2085,#2086),
  .UNSPECIFIED.,.F.,.F.,(5,5),(0.,1.),.PIECEWISE_BEZIER_KNOTS.);
#2082 = CARTESIAN_POINT('',(46.,8.210521638301,649.47960375889));
#2083 = CARTESIAN_POINT('',(46.,8.101304736304,650.25559791687));
#2084 = CARTESIAN_POINT('',(46.,7.922234809045,651.1981063406));
#2085 = CARTESIAN_POINT('',(46.,7.643559848067,652.29886608265));
#2086 = CARTESIAN_POINT('',(46.,7.237359248334,653.54169996292));
#2087 = ORIENTED_EDGE('',*,*,#2088,.T.);
#2088 = EDGE_CURVE('',#2079,#2089,#2091,.T.);
#2089 = VERTEX_POINT('',#2090);
#2090 = CARTESIAN_POINT('',(46.,5.642952742101,653.68119977264));
#2091 = CIRCLE('',#2092,73.896969596909);
#2092 = AXIS2_PLACEMENT_3D('',#2093,#2094,#2095);
#2093 = CARTESIAN_POINT('',(46.,-3.467902340386E-04,580.00002655997));
#2094 = DIRECTION('',(1.,0.,2.22044604925E-16));
#2095 = DIRECTION('',(-2.209770157742E-16,9.794320495208E-02,
    0.995192005898));
#2096 = ORIENTED_EDGE('',*,*,#2097,.T.);
#2097 = EDGE_CURVE('',#2089,#2098,#2100,.T.);
#2098 = VERTEX_POINT('',#2099);
#2099 = CARTESIAN_POINT('',(46.,3.979221368585,649.84979498535));
#2100 = B_SPLINE_CURVE_WITH_KNOTS('',4,(#2101,#2102,#2103,#2104,#2105),
  .UNSPECIFIED.,.F.,.F.,(5,5),(0.,1.),.PIECEWISE_BEZIER_KNOTS.);
#2101 = CARTESIAN_POINT('',(46.,5.642952742101,653.68119977264));
#2102 = CARTESIAN_POINT('',(46.,5.027129343649,652.52777409069));
#2103 = CARTESIAN_POINT('',(46.,4.561543158252,651.49212876165));
#2104 = CARTESIAN_POINT('',(46.,4.22152883534,650.59503432523));
#2105 = CARTESIAN_POINT('',(46.,3.979221368585,649.84979498535));
#2106 = ORIENTED_EDGE('',*,*,#2107,.T.);
#2107 = EDGE_CURVE('',#2098,#2108,#2110,.T.);
#2108 = VERTEX_POINT('',#2109);
#2109 = CARTESIAN_POINT('',(46.,3.219130006259,649.32226620082));
#2110 = CIRCLE('',#2111,0.76);
#2111 = AXIS2_PLACEMENT_3D('',#2112,#2113,#2114);
#2112 = CARTESIAN_POINT('',(46.,3.255371674275,650.08140159158));
#2113 = DIRECTION('',(-1.,0.,-2.22044604925E-16));
#2114 = DIRECTION('',(6.766710181215E-17,0.952433808303,-0.304745534506)
  );
#2115 = ORIENTED_EDGE('',*,*,#2116,.T.);
#2116 = EDGE_CURVE('',#2108,#2117,#2119,.T.);
#2117 = VERTEX_POINT('',#2118);
#2118 = CARTESIAN_POINT('',(46.,2.83495335498,649.33903971566));
#2119 = CIRCLE('',#2120,69.396969597519);
#2120 = AXIS2_PLACEMENT_3D('',#2121,#2122,#2123);
#2121 = CARTESIAN_POINT('',(46.,-2.960054423795E-11,579.99999999925));
#2122 = DIRECTION('',(1.,0.,2.22044604925E-16));
#2123 = DIRECTION('',(-2.218055817208E-16,4.638718412286E-02,
    0.998923535186));
#2124 = ORIENTED_EDGE('',*,*,#2125,.T.);
#2125 = EDGE_CURVE('',#2117,#2126,#2128,.T.);
#2126 = VERTEX_POINT('',#2127);
#2127 = CARTESIAN_POINT('',(46.,2.123731653224,649.93080700185));
#2128 = CIRCLE('',#2129,0.76);
#2129 = AXIS2_PLACEMENT_3D('',#2130,#2131,#2132);
#2130 = CARTESIAN_POINT('',(46.,2.865012632113,650.09844503554));
#2131 = DIRECTION('',(-1.,0.,-2.22044604925E-16));
#2132 = DIRECTION('',(2.218708608292E-16,-3.955168043785E-02,
    -0.999217526155));
#2133 = ORIENTED_EDGE('',*,*,#2134,.T.);
#2134 = EDGE_CURVE('',#2126,#2135,#2137,.T.);
#2135 = VERTEX_POINT('',#2136);
#2136 = CARTESIAN_POINT('',(46.,0.800237428181,653.89262901254));
#2137 = B_SPLINE_CURVE_WITH_KNOTS('',4,(#2138,#2139,#2140,#2141,#2142),
  .UNSPECIFIED.,.F.,.F.,(5,5),(0.,1.),.PIECEWISE_BEZIER_KNOTS.);
#2138 = CARTESIAN_POINT('',(46.,2.123731653224,649.93080700185));
#2139 = CARTESIAN_POINT('',(46.,1.947298007305,650.69432938757));
#2140 = CARTESIAN_POINT('',(46.,1.686764473466,651.61764430968));
#2141 = CARTESIAN_POINT('',(46.,1.313212421944,652.68992720538));
#2142 = CARTESIAN_POINT('',(46.,0.800237428181,653.89262901254));
#2143 = ORIENTED_EDGE('',*,*,#2144,.T.);
#2144 = EDGE_CURVE('',#2135,#2145,#2147,.T.);
#2145 = VERTEX_POINT('',#2146);
#2146 = CARTESIAN_POINT('',(46.,-0.800260089461,653.89263630007));
#2147 = CIRCLE('',#2148,73.896969596669);
#2148 = AXIS2_PLACEMENT_3D('',#2149,#2150,#2151);
#2149 = CARTESIAN_POINT('',(46.,-3.477854464536E-04,579.99999623439));
#2150 = DIRECTION('',(1.,0.,2.22044604925E-16));
#2151 = DIRECTION('',(-2.22031573712E-16,1.083380303681E-02,
    0.999941312634));
#2152 = ORIENTED_EDGE('',*,*,#2153,.T.);
#2153 = EDGE_CURVE('',#2145,#2154,#2156,.T.);
#2154 = VERTEX_POINT('',#2155);
#2155 = CARTESIAN_POINT('',(46.,-2.123731532802,649.93080742114));
#2156 = B_SPLINE_CURVE_WITH_KNOTS('',4,(#2157,#2158,#2159,#2160,#2161),
  .UNSPECIFIED.,.F.,.F.,(5,5),(0.,1.),.PIECEWISE_BEZIER_KNOTS.);
#2157 = CARTESIAN_POINT('',(46.,-0.800260089461,653.89263630007));
#2158 = CARTESIAN_POINT('',(46.,-1.313212421944,652.68992720538));
#2159 = CARTESIAN_POINT('',(46.,-1.686764473466,651.61764430968));
#2160 = CARTESIAN_POINT('',(46.,-1.947298007305,650.69432938757));
#2161 = CARTESIAN_POINT('',(46.,-2.123731532802,649.93080742114));
#2162 = ORIENTED_EDGE('',*,*,#2163,.T.);
#2163 = EDGE_CURVE('',#2154,#2164,#2166,.T.);
#2164 = VERTEX_POINT('',#2165);
#2165 = CARTESIAN_POINT('',(46.,-2.83495335498,649.33903971566));
#2166 = CIRCLE('',#2167,0.76);
#2167 = AXIS2_PLACEMENT_3D('',#2168,#2169,#2170);
#2168 = CARTESIAN_POINT('',(46.,-2.86501260628,650.09844503656));
#2169 = DIRECTION('',(-1.,0.,-2.22044604925E-16));
#2170 = DIRECTION('',(4.897766853458E-17,0.975369833524,-0.220575809762)
  );
#2171 = ORIENTED_EDGE('',*,*,#2172,.T.);
#2172 = EDGE_CURVE('',#2164,#2173,#2175,.T.);
#2173 = VERTEX_POINT('',#2174);
#2174 = CARTESIAN_POINT('',(46.,-3.219130006259,649.32226620082));
#2175 = CIRCLE('',#2176,69.396969590876);
#2176 = AXIS2_PLACEMENT_3D('',#2177,#2178,#2179);
#2177 = CARTESIAN_POINT('',(46.,-2.550490929565E-10,580.00000000588));
#2178 = DIRECTION('',(1.,0.,2.22044604925E-16));
#2179 = DIRECTION('',(-2.21859250757E-16,-4.08512557744E-02,
    0.999165239038));
#2180 = ORIENTED_EDGE('',*,*,#2181,.T.);
#2181 = EDGE_CURVE('',#2173,#2182,#2184,.T.);
#2182 = VERTEX_POINT('',#2183);
#2183 = CARTESIAN_POINT('',(46.,-3.979221212078,649.84979457815));
#2184 = CIRCLE('',#2185,0.76);
#2185 = AXIS2_PLACEMENT_3D('',#2186,#2187,#2188);
#2186 = CARTESIAN_POINT('',(46.,-3.255371648452,650.08140159281));
#2187 = DIRECTION('',(-1.,0.,-2.22044604925E-16));
#2188 = DIRECTION('',(2.217919976302E-16,4.768637130563E-02,
    -0.998862357881));
#2189 = ORIENTED_EDGE('',*,*,#2190,.T.);
#2190 = EDGE_CURVE('',#2182,#2191,#2193,.T.);
#2191 = VERTEX_POINT('',#2192);
#2192 = CARTESIAN_POINT('',(46.,-5.642974681997,653.68119053778));
#2193 = B_SPLINE_CURVE_WITH_KNOTS('',4,(#2194,#2195,#2196,#2197,#2198),
  .UNSPECIFIED.,.F.,.F.,(5,5),(0.,1.),.PIECEWISE_BEZIER_KNOTS.);
#2194 = CARTESIAN_POINT('',(46.,-3.979221212078,649.84979457815));
#2195 = CARTESIAN_POINT('',(46.,-4.22152883534,650.59503432523));
#2196 = CARTESIAN_POINT('',(46.,-4.561543158252,651.49212876165));
#2197 = CARTESIAN_POINT('',(46.,-5.027129343649,652.52777409069));
#2198 = CARTESIAN_POINT('',(46.,-5.642974681997,653.68119053778));
#2199 = ORIENTED_EDGE('',*,*,#2200,.T.);
#2200 = EDGE_CURVE('',#2191,#2201,#2203,.T.);
#2201 = VERTEX_POINT('',#2202);
#2202 = CARTESIAN_POINT('',(46.,-7.237382458531,653.54170524766));
#2203 = CIRCLE('',#2204,73.89696959665);
#2204 = AXIS2_PLACEMENT_3D('',#2205,#2206,#2207);
#2205 = CARTESIAN_POINT('',(46.,-3.461338247073E-04,579.99996593724));
#2206 = DIRECTION('',(1.,0.,2.22044604925E-16));
#2207 = DIRECTION('',(-2.213963373075E-16,-7.635805066123E-02,
    0.997080462199));
#2208 = ORIENTED_EDGE('',*,*,#2209,.T.);
#2209 = EDGE_CURVE('',#2201,#2210,#2212,.T.);
#2210 = VERTEX_POINT('',#2211);
#2211 = CARTESIAN_POINT('',(46.,-8.210521554881,649.47960418708));
#2212 = B_SPLINE_CURVE_WITH_KNOTS('',4,(#2213,#2214,#2215,#2216,#2217),
  .UNSPECIFIED.,.F.,.F.,(5,5),(0.,1.),.PIECEWISE_BEZIER_KNOTS.);
#2213 = CARTESIAN_POINT('',(46.,-7.237382458531,653.54170524766));
#2214 = CARTESIAN_POINT('',(46.,-7.643559848067,652.29886608265));
#2215 = CARTESIAN_POINT('',(46.,-7.922234809045,651.1981063406));
#2216 = CARTESIAN_POINT('',(46.,-8.101304736304,650.25559791687));
#2217 = CARTESIAN_POINT('',(46.,-8.210521554881,649.47960418708));
#2218 = ORIENTED_EDGE('',*,*,#2219,.T.);
#2219 = EDGE_CURVE('',#2210,#2220,#2222,.T.);
#2220 = VERTEX_POINT('',#2221);
#2221 = CARTESIAN_POINT('',(46.,-8.867461009397,648.8281012702));
#2222 = CIRCLE('',#2223,0.76);
#2223 = AXIS2_PLACEMENT_3D('',#2224,#2225,#2226);
#2224 = CARTESIAN_POINT('',(46.,-8.96359241096,649.58199698821));
#2225 = DIRECTION('',(-1.,0.,-2.22044604925E-16));
#2226 = DIRECTION('',(2.991548562594E-17,0.990882705367,-0.134727369918)
  );
#2227 = ORIENTED_EDGE('',*,*,#2228,.T.);
#2228 = EDGE_CURVE('',#2220,#2229,#2231,.T.);
#2229 = VERTEX_POINT('',#2230);
#2230 = CARTESIAN_POINT('',(46.,-9.248713844387,648.77790838226));
#2231 = CIRCLE('',#2232,69.396969598509);
#2232 = AXIS2_PLACEMENT_3D('',#2233,#2234,#2235);
#2233 = CARTESIAN_POINT('',(46.,2.287041667159E-10,579.99999999827));
#2234 = DIRECTION('',(1.,0.,2.22044604925E-16));
#2235 = DIRECTION('',(-2.202244369327E-16,-0.127778792949,0.991802692108
    ));
#2236 = ORIENTED_EDGE('',*,*,#2237,.T.);
#2237 = EDGE_CURVE('',#2229,#2238,#2240,.T.);
#2238 = VERTEX_POINT('',#2239);
#2239 = CARTESIAN_POINT('',(46.,-10.05188980123,649.23718304126));
#2240 = CIRCLE('',#2241,0.76);
#2241 = AXIS2_PLACEMENT_3D('',#2242,#2243,#2244);
#2242 = CARTESIAN_POINT('',(46.,-9.350980585124,649.53099636765));
#2243 = DIRECTION('',(-1.,0.,-2.22044604925E-16));
#2244 = DIRECTION('',(2.200251634076E-16,0.13456150097,-0.990905243934)
  );
#2245 = ORIENTED_EDGE('',*,*,#2246,.T.);
#2246 = EDGE_CURVE('',#2238,#2247,#2249,.T.);
#2247 = VERTEX_POINT('',#2248);
#2248 = CARTESIAN_POINT('',(46.,-12.04324034752,652.90899371311));
#2249 = B_SPLINE_CURVE_WITH_KNOTS('',4,(#2250,#2251,#2252,#2253,#2254),
  .UNSPECIFIED.,.F.,.F.,(5,5),(0.,1.),.PIECEWISE_BEZIER_KNOTS.);
#2250 = CARTESIAN_POINT('',(46.,-10.05188980123,649.23718304126));
#2251 = CARTESIAN_POINT('',(46.,-10.35822729451,649.95846842522));
#2252 = CARTESIAN_POINT('',(46.,-10.7751346922,650.82251494562));
#2253 = CARTESIAN_POINT('',(46.,-11.32921161947,651.81364082171));
#2254 = CARTESIAN_POINT('',(46.,-12.04324034752,652.90899371311));
#2255 = ORIENTED_EDGE('',*,*,#2256,.T.);
#2256 = EDGE_CURVE('',#2247,#2257,#2259,.T.);
#2257 = VERTEX_POINT('',#2258);
#2258 = CARTESIAN_POINT('',(46.,-13.61942397704,652.63107741263));
#2259 = CIRCLE('',#2260,73.896969596812);
#2260 = AXIS2_PLACEMENT_3D('',#2261,#2262,#2263);
#2261 = CARTESIAN_POINT('',(46.,-3.418478879729E-04,579.99993589914));
#2262 = DIRECTION('',(1.,0.,2.22044604925E-16));
#2263 = DIRECTION('',(-2.190761410933E-16,-0.162968773487,0.986631227393
    ));
#2264 = ORIENTED_EDGE('',*,*,#2265,.T.);
#2265 = EDGE_CURVE('',#2257,#2266,#2268,.T.);
#2266 = VERTEX_POINT('',#2267);
#2267 = CARTESIAN_POINT('',(46.,-14.23482455027,648.49961921222));
#2268 = B_SPLINE_CURVE_WITH_KNOTS('',4,(#2269,#2270,#2271,#2272,#2273),
  .UNSPECIFIED.,.F.,.F.,(5,5),(0.,1.),.PIECEWISE_BEZIER_KNOTS.);
#2269 = CARTESIAN_POINT('',(46.,-13.61942397704,652.63107741263));
#2270 = CARTESIAN_POINT('',(46.,-13.91573516843,651.35756693379));
#2271 = CARTESIAN_POINT('',(46.,-14.09741215415,650.23670779167));
#2272 = CARTESIAN_POINT('',(46.,-14.19365564455,649.28217892454));
#2273 = CARTESIAN_POINT('',(46.,-14.23482455027,648.49961921222));
#2274 = ORIENTED_EDGE('',*,*,#2275,.T.);
#2275 = EDGE_CURVE('',#2266,#2276,#2278,.T.);
#2276 = VERTEX_POINT('',#2277);
#2277 = CARTESIAN_POINT('',(46.,-14.83248193121,647.79333941454));
#2278 = CIRCLE('',#2279,0.76);
#2279 = AXIS2_PLACEMENT_3D('',#2280,#2281,#2282);
#2280 = CARTESIAN_POINT('',(46.,-14.99395386502,648.53598792803));
#2281 = DIRECTION('',(-1.,0.,-2.22044604925E-16));
#2282 = DIRECTION('',(1.062562780822E-17,0.998854361511,
    -4.785357343769E-02));
#2283 = ORIENTED_EDGE('',*,*,#2284,.T.);
#2284 = EDGE_CURVE('',#2276,#2285,#2287,.T.);
#2285 = VERTEX_POINT('',#2286);
#2286 = CARTESIAN_POINT('',(46.,-15.20790938563,647.71010915168));
#2287 = CIRCLE('',#2288,69.396969598372);
#2288 = AXIS2_PLACEMENT_3D('',#2289,#2290,#2291);
#2289 = CARTESIAN_POINT('',(46.,3.482290011902E-10,579.99999999843));
#2290 = DIRECTION('',(1.,0.,2.22044604925E-16));
#2291 = DIRECTION('',(-2.169135821682E-16,-0.213733856354,0.976891927824
    ));
#2292 = ORIENTED_EDGE('',*,*,#2293,.T.);
#2293 = EDGE_CURVE('',#2285,#2294,#2296,.T.);
#2294 = VERTEX_POINT('',#2295);
#2295 = CARTESIAN_POINT('',(46.,-16.04805743951,648.09763473487));
#2296 = CIRCLE('',#2297,0.76);
#2297 = AXIS2_PLACEMENT_3D('',#2298,#2299,#2300);
#2298 = CARTESIAN_POINT('',(46.,-15.37542291326,648.45141827618));
#2299 = DIRECTION('',(-1.,0.,-2.22044604925E-16));
#2300 = DIRECTION('',(2.165838048366E-16,0.220412536361,-0.975406742757)
  );
#2301 = ORIENTED_EDGE('',*,*,#2302,.T.);
#2302 = EDGE_CURVE('',#2294,#2303,#2305,.T.);
#2303 = VERTEX_POINT('',#2304);
#2304 = CARTESIAN_POINT('',(46.,-18.35184968209,651.58191542262));
#2305 = B_SPLINE_CURVE_WITH_KNOTS('',4,(#2306,#2307,#2308,#2309,#2310),
  .UNSPECIFIED.,.F.,.F.,(5,5),(0.,1.),.PIECEWISE_BEZIER_KNOTS.);
#2306 = CARTESIAN_POINT('',(46.,-16.04805743951,648.09763473487));
#2307 = CARTESIAN_POINT('',(46.,-16.41609338951,648.78947633842));
#2308 = CARTESIAN_POINT('',(46.,-16.90672094493,649.61389902704));
#2309 = CARTESIAN_POINT('',(46.,-17.54507175411,650.55296238381));
#2310 = CARTESIAN_POINT('',(46.,-18.35184968209,651.58191542262));
#2311 = ORIENTED_EDGE('',*,*,#2312,.T.);
#2312 = EDGE_CURVE('',#2303,#2313,#2315,.T.);
#2313 = VERTEX_POINT('',#2314);
#2314 = CARTESIAN_POINT('',(46.,-19.89781345545,651.16768322264));
#2315 = CIRCLE('',#2316,73.896969596695);
#2316 = AXIS2_PLACEMENT_3D('',#2317,#2318,#2319);
#2317 = CARTESIAN_POINT('',(46.,-3.349603267022E-04,579.99990634917));
#2318 = DIRECTION('',(1.,0.,2.22044604925E-16));
#2319 = DIRECTION('',(-2.150886431636E-16,-0.248339205544,0.968673133203
    ));
#2320 = ORIENTED_EDGE('',*,*,#2321,.T.);
#2321 = EDGE_CURVE('',#2313,#2322,#2324,.T.);
#2322 = VERTEX_POINT('',#2323);
#2323 = CARTESIAN_POINT('',(46.,-20.15079193562,646.99831077395));
#2324 = B_SPLINE_CURVE_WITH_KNOTS('',4,(#2325,#2326,#2327,#2328,#2329),
  .UNSPECIFIED.,.F.,.F.,(5,5),(0.,1.),.PIECEWISE_BEZIER_KNOTS.);
#2325 = CARTESIAN_POINT('',(46.,-19.89781345545,651.16768322264));
#2326 = CARTESIAN_POINT('',(46.,-20.08200334162,649.87319361368));
#2327 = CARTESIAN_POINT('',(46.,-20.16529968051,648.74076548637));
#2328 = CARTESIAN_POINT('',(46.,-20.17798426299,647.78148071686));
#2329 = CARTESIAN_POINT('',(46.,-20.15079193562,646.99831077395));
#2330 = ORIENTED_EDGE('',*,*,#2331,.T.);
#2331 = EDGE_CURVE('',#2322,#2332,#2334,.T.);
#2332 = VERTEX_POINT('',#2333);
#2333 = CARTESIAN_POINT('',(46.,-20.68461870943,646.24262931119));
#2334 = CIRCLE('',#2335,0.76);
#2335 = AXIS2_PLACEMENT_3D('',#2336,#2337,#2338);
#2336 = CARTESIAN_POINT('',(46.,-20.91020227658,646.96837861655));
#2337 = DIRECTION('',(-1.,0.,-2.22044604925E-16));
#2338 = DIRECTION('',(-8.745097453035E-18,0.999224132839,
    3.938441763081E-02));
#2339 = ORIENTED_EDGE('',*,*,#2340,.T.);
#2340 = EDGE_CURVE('',#2332,#2341,#2343,.T.);
#2341 = VERTEX_POINT('',#2342);
#2342 = CARTESIAN_POINT('',(46.,-21.05136355366,646.12699510598));
#2343 = CIRCLE('',#2344,69.3969695927);
#2344 = AXIS2_PLACEMENT_3D('',#2345,#2346,#2347);
#2345 = CARTESIAN_POINT('',(46.,-1.222275614055E-09,580.00000000388));
#2346 = DIRECTION('',(1.,0.,2.22044604925E-16));
#2347 = DIRECTION('',(-2.119518840674E-16,-0.298062276056,0.954546426106
    ));
#2348 = ORIENTED_EDGE('',*,*,#2349,.T.);
#2349 = EDGE_CURVE('',#2341,#2350,#2352,.T.);
#2350 = VERTEX_POINT('',#2351);
#2351 = CARTESIAN_POINT('',(46.,-21.92208967059,646.43982230966));
#2352 = CIRCLE('',#2353,0.76);
#2353 = AXIS2_PLACEMENT_3D('',#2354,#2355,#2356);
#2354 = CARTESIAN_POINT('',(46.,-21.2828489891,646.85088355952));
#2355 = DIRECTION('',(-1.,0.,-2.22044604925E-16));
#2356 = DIRECTION('',(2.114941127339E-16,0.304586099262,-0.9524848073));
#2357 = ORIENTED_EDGE('',*,*,#2358,.T.);
#2358 = EDGE_CURVE('',#2350,#2359,#2361,.T.);
#2359 = VERTEX_POINT('',#2360);
#2360 = CARTESIAN_POINT('',(46.,-24.52079035944,649.71005553343));
#2361 = B_SPLINE_CURVE_WITH_KNOTS('',4,(#2362,#2363,#2364,#2365,#2366),
  .UNSPECIFIED.,.F.,.F.,(5,5),(0.,1.),.PIECEWISE_BEZIER_KNOTS.);
#2362 = CARTESIAN_POINT('',(46.,-21.92208967059,646.43982230966));
#2363 = CARTESIAN_POINT('',(46.,-22.34902310151,647.09695480047));
#2364 = CARTESIAN_POINT('',(46.,-22.90963684272,647.87547930285));
#2365 = CARTESIAN_POINT('',(46.,-23.62740329869,648.75533330113));
#2366 = CARTESIAN_POINT('',(46.,-24.52079035944,649.71005553343));
#2367 = ORIENTED_EDGE('',*,*,#2368,.T.);
#2368 = EDGE_CURVE('',#2359,#2369,#2371,.T.);
#2369 = VERTEX_POINT('',#2370);
#2370 = CARTESIAN_POINT('',(46.,-26.02476855883,649.1626599911));
#2371 = CIRCLE('',#2372,73.896969596888);
#2372 = AXIS2_PLACEMENT_3D('',#2373,#2374,#2375);
#2373 = CARTESIAN_POINT('',(46.,-3.25523428387E-04,579.99987751165));
#2374 = DIRECTION('',(1.,0.,2.22044604925E-16));
#2375 = DIRECTION('',(-2.094641907853E-16,-0.331819626296,0.943342851568
    ));
#2376 = ORIENTED_EDGE('',*,*,#2377,.T.);
#2377 = EDGE_CURVE('',#2369,#2378,#2380,.T.);
#2378 = VERTEX_POINT('',#2379);
#2379 = CARTESIAN_POINT('',(46.,-25.91339962696,644.98710473601));
#2380 = B_SPLINE_CURVE_WITH_KNOTS('',4,(#2381,#2382,#2383,#2384,#2385),
  .UNSPECIFIED.,.F.,.F.,(5,5),(0.,1.),.PIECEWISE_BEZIER_KNOTS.);
#2381 = CARTESIAN_POINT('',(46.,-26.02476855883,649.1626599911));
#2382 = CARTESIAN_POINT('',(46.,-26.09543534354,647.85704309959));
#2383 = CARTESIAN_POINT('',(46.,-26.07971710016,646.72166444891));
#2384 = CARTESIAN_POINT('',(46.,-26.00874623738,645.76492451335));
#2385 = CARTESIAN_POINT('',(46.,-25.91339962696,644.98710473601));
#2386 = ORIENTED_EDGE('',*,*,#2387,.T.);
#2387 = EDGE_CURVE('',#2378,#2388,#2390,.T.);
#2388 = VERTEX_POINT('',#2389);
#2389 = CARTESIAN_POINT('',(46.,-26.37933304956,644.18777280039));
#2390 = CIRCLE('',#2391,0.76);
#2391 = AXIS2_PLACEMENT_3D('',#2392,#2393,#2394);
#2392 = CARTESIAN_POINT('',(46.,-26.66731142289,644.89109950719));
#2393 = DIRECTION('',(-1.,0.,-2.22044604925E-16));
#2394 = DIRECTION('',(-2.804926724225E-17,0.991989205168,0.1263226695));
#2395 = ORIENTED_EDGE('',*,*,#2396,.T.);
#2396 = EDGE_CURVE('',#2388,#2397,#2399,.T.);
#2397 = VERTEX_POINT('',#2398);
#2398 = CARTESIAN_POINT('',(46.,-26.73460413389,644.04061469894));
#2399 = CIRCLE('',#2400,69.396969598928);
#2400 = AXIS2_PLACEMENT_3D('',#2401,#2402,#2403);
#2401 = CARTESIAN_POINT('',(46.,8.279155139235E-10,579.999999998));
#2402 = DIRECTION('',(1.,0.,2.22044604925E-16));
#2403 = DIRECTION('',(-2.053771041487E-16,-0.380122261863,0.924936249715
    ));
#2404 = ORIENTED_EDGE('',*,*,#2405,.T.);
#2405 = EDGE_CURVE('',#2397,#2406,#2408,.T.);
#2406 = VERTEX_POINT('',#2407);
#2407 = CARTESIAN_POINT('',(46.,-27.62928156235,644.27636271922));
#2408 = CIRCLE('',#2409,0.76);
#2409 = AXIS2_PLACEMENT_3D('',#2410,#2411,#2412);
#2410 = CARTESIAN_POINT('',(46.,-27.0282997332,644.74157325331));
#2411 = DIRECTION('',(-1.,0.,-2.22044604925E-16));
#2412 = DIRECTION('',(2.047948227297E-16,0.386441578033,-0.922313887333)
  );
#2413 = ORIENTED_EDGE('',*,*,#2414,.T.);
#2414 = EDGE_CURVE('',#2406,#2415,#2417,.T.);
#2415 = VERTEX_POINT('',#2416);
#2416 = CARTESIAN_POINT('',(46.,-30.50311301609,647.30766002955));
#2417 = B_SPLINE_CURVE_WITH_KNOTS('',4,(#2418,#2419,#2420,#2421,#2422),
  .UNSPECIFIED.,.F.,.F.,(5,5),(0.,1.),.PIECEWISE_BEZIER_KNOTS.);
#2418 = CARTESIAN_POINT('',(46.,-27.62928156235,644.27636271922));
#2419 = CARTESIAN_POINT('',(46.,-28.111863253,644.89378492223));
#2420 = CARTESIAN_POINT('',(46.,-28.73819657092,645.62048619683));
#2421 = CARTESIAN_POINT('',(46.,-29.52991603755,646.43443461642));
#2422 = CARTESIAN_POINT('',(46.,-30.50311301609,647.30766002955));
#2423 = ORIENTED_EDGE('',*,*,#2424,.T.);
#2424 = EDGE_CURVE('',#2415,#2425,#2427,.T.);
#2425 = VERTEX_POINT('',#2426);
#2426 = CARTESIAN_POINT('',(46.,-31.9536594593,646.63126715547));
#2427 = CIRCLE('',#2428,73.896969596989);
#2428 = AXIS2_PLACEMENT_3D('',#2429,#2430,#2431);
#2429 = CARTESIAN_POINT('',(46.,-3.136091070601E-04,579.99984960642));
#2430 = DIRECTION('',(1.,0.,2.22044604925E-16));
#2431 = DIRECTION('',(-2.022455894373E-16,-0.412774699333,0.910833161227
    ));
#2432 = ORIENTED_EDGE('',*,*,#2433,.T.);
#2433 = EDGE_CURVE('',#2425,#2434,#2436,.T.);
#2434 = VERTEX_POINT('',#2435);
#2435 = CARTESIAN_POINT('',(46.,-31.4787907002,642.48130759074));
#2436 = B_SPLINE_CURVE_WITH_KNOTS('',4,(#2437,#2438,#2439,#2440,#2441),
  .UNSPECIFIED.,.F.,.F.,(5,5),(0.,1.),.PIECEWISE_BEZIER_KNOTS.);
#2437 = CARTESIAN_POINT('',(46.,-31.9536594593,646.63126715547));
#2438 = CARTESIAN_POINT('',(46.,-31.91026532563,645.3244595143));
#2439 = CARTESIAN_POINT('',(46.,-31.79565212532,644.19477125734));
#2440 = CARTESIAN_POINT('',(46.,-31.6415659484,643.24785752435));
#2441 = CARTESIAN_POINT('',(46.,-31.4787907002,642.48130759074));
#2442 = ORIENTED_EDGE('',*,*,#2443,.T.);
#2443 = EDGE_CURVE('',#2434,#2444,#2446,.T.);
#2444 = VERTEX_POINT('',#2445);
#2445 = CARTESIAN_POINT('',(46.,-31.8732847369,641.64440858095));
#2446 = CIRCLE('',#2447,0.76);
#2447 = AXIS2_PLACEMENT_3D('',#2448,#2449,#2450);
#2448 = CARTESIAN_POINT('',(46.,-32.2214662271,642.31995994826));
#2449 = DIRECTION('',(-1.,0.,-2.22044604925E-16));
#2450 = DIRECTION('',(-4.713996517115E-17,0.977204640667,0.212299529579)
  );
#2451 = ORIENTED_EDGE('',*,*,#2452,.T.);
#2452 = EDGE_CURVE('',#2444,#2453,#2455,.T.);
#2453 = VERTEX_POINT('',#2454);
#2454 = CARTESIAN_POINT('',(46.,-32.21437823387,641.46684654527));
#2455 = CIRCLE('',#2456,69.396969593108);
#2456 = AXIS2_PLACEMENT_3D('',#2457,#2458,#2459);
#2457 = CARTESIAN_POINT('',(46.,-1.689524964377E-09,580.00000000324));
#2458 = DIRECTION('',(1.,0.,2.22044604925E-16));
#2459 = DIRECTION('',(-1.972392804575E-16,-0.459289287733,0.888286749971
    ));
#2460 = ORIENTED_EDGE('',*,*,#2461,.T.);
#2461 = EDGE_CURVE('',#2453,#2462,#2464,.T.);
#2462 = VERTEX_POINT('',#2463);
#2463 = CARTESIAN_POINT('',(46.,-33.12619793841,641.62372119736));
#2464 = CIRCLE('',#2465,0.76);
#2465 = AXIS2_PLACEMENT_3D('',#2466,#2467,#2468);
#2466 = CARTESIAN_POINT('',(46.,-32.56804879619,642.13954048262));
#2467 = DIRECTION('',(-1.,0.,-2.22044604925E-16));
#2468 = DIRECTION('',(1.965369204661E-16,0.465356003056,-0.885123601775)
  );
#2469 = ORIENTED_EDGE('',*,*,#2470,.T.);
#2470 = EDGE_CURVE('',#2462,#2471,#2473,.T.);
#2471 = VERTEX_POINT('',#2472);
#2472 = CARTESIAN_POINT('',(46.,-36.2532885644,644.39301259137));
#2473 = B_SPLINE_CURVE_WITH_KNOTS('',4,(#2474,#2475,#2476,#2477,#2478),
  .UNSPECIFIED.,.F.,.F.,(5,5),(0.,1.),.PIECEWISE_BEZIER_KNOTS.);
#2474 = CARTESIAN_POINT('',(46.,-33.12619793841,641.62372119736));
#2475 = CARTESIAN_POINT('',(46.,-33.66075515072,642.19673415679));
#2476 = CARTESIAN_POINT('',(46.,-34.34804127062,642.86608156811));
#2477 = CARTESIAN_POINT('',(46.,-35.20768828472,643.60792977007));
#2478 = CARTESIAN_POINT('',(46.,-36.2532885644,644.39301259137));
#2479 = ORIENTED_EDGE('',*,*,#2480,.T.);
#2480 = EDGE_CURVE('',#2471,#2481,#2483,.T.);
#2481 = VERTEX_POINT('',#2482);
#2482 = CARTESIAN_POINT('',(46.,-37.63936371714,643.59277014373));
#2483 = CIRCLE('',#2484,73.896969597064);
#2484 = AXIS2_PLACEMENT_3D('',#2485,#2486,#2487);
#2485 = CARTESIAN_POINT('',(46.,-2.993080290672E-04,579.99982284582));
#2486 = DIRECTION('',(1.,0.,2.22044604925E-16));
#2487 = DIRECTION('',(-1.934877770344E-16,-0.490588307667,0.871391480553
    ));
#2488 = ORIENTED_EDGE('',*,*,#2489,.T.);
#2489 = EDGE_CURVE('',#2481,#2490,#2492,.T.);
#2490 = VERTEX_POINT('',#2491);
#2491 = CARTESIAN_POINT('',(46.,-36.80460916879,639.49998996746));
#2492 = B_SPLINE_CURVE_WITH_KNOTS('',4,(#2493,#2494,#2495,#2496,#2497),
  .UNSPECIFIED.,.F.,.F.,(5,5),(0.,1.),.PIECEWISE_BEZIER_KNOTS.);
#2493 = CARTESIAN_POINT('',(46.,-37.63936371714,643.59277014373));
#2494 = CARTESIAN_POINT('',(46.,-37.48223892066,642.29471734813));
#2495 = CARTESIAN_POINT('',(46.,-37.26960303906,641.17931709465));
#2496 = CARTESIAN_POINT('',(46.,-37.03357423685,640.24943614949));
#2497 = CARTESIAN_POINT('',(46.,-36.80460916879,639.49998996746));
#2498 = ORIENTED_EDGE('',*,*,#2499,.T.);
#2499 = EDGE_CURVE('',#2490,#2500,#2502,.T.);
#2500 = VERTEX_POINT('',#2501);
#2501 = CARTESIAN_POINT('',(46.,-37.12466148178,638.63189319029));
#2502 = CIRCLE('',#2503,0.76);
#2503 = AXIS2_PLACEMENT_3D('',#2504,#2505,#2506);
#2504 = CARTESIAN_POINT('',(46.,-37.53039621748,639.27452786431));
#2505 = DIRECTION('',(-1.,0.,-2.22044604925E-16));
#2506 = DIRECTION('',(-6.587189950119E-17,0.954982958797,0.296660662048)
  );
#2507 = ORIENTED_EDGE('',*,*,#2508,.T.);
#2508 = EDGE_CURVE('',#2500,#2509,#2511,.T.);
#2509 = VERTEX_POINT('',#2510);
#2510 = CARTESIAN_POINT('',(46.,-37.44898146391,638.42527857469));
#2511 = CIRCLE('',#2512,69.39696959522);
#2512 = AXIS2_PLACEMENT_3D('',#2513,#2514,#2515);
#2513 = CARTESIAN_POINT('',(46.,-8.31537505519E-10,580.0000000013));
#2514 = DIRECTION('',(1.,0.,2.22044604925E-16));
#2515 = DIRECTION('',(-1.876003467456E-16,-0.534960844796,0.844876851698
    ));
#2516 = ORIENTED_EDGE('',*,*,#2517,.T.);
#2517 = EDGE_CURVE('',#2509,#2518,#2520,.T.);
#2518 = VERTEX_POINT('',#2519);
#2519 = CARTESIAN_POINT('',(46.,-38.37100394601,638.50208594777));
#2520 = CIRCLE('',#2521,0.76);
#2521 = AXIS2_PLACEMENT_3D('',#2522,#2523,#2524);
#2522 = CARTESIAN_POINT('',(46.,-37.85993534272,639.06458828797));
#2523 = DIRECTION('',(-1.,0.,-2.22044604925E-16));
#2524 = DIRECTION('',(1.867832535654E-16,0.540728787906,-0.841196991156)
  );
#2525 = ORIENTED_EDGE('',*,*,#2526,.T.);
#2526 = EDGE_CURVE('',#2518,#2527,#2529,.T.);
#2527 = VERTEX_POINT('',#2528);
#2528 = CARTESIAN_POINT('',(46.,-41.72755469641,640.9882954458));
#2529 = B_SPLINE_CURVE_WITH_KNOTS('',4,(#2530,#2531,#2532,#2533,#2534),
  .UNSPECIFIED.,.F.,.F.,(5,5),(0.,1.),.PIECEWISE_BEZIER_KNOTS.);
#2530 = CARTESIAN_POINT('',(46.,-38.37100394601,638.50208594777));
#2531 = CARTESIAN_POINT('',(46.,-38.95346837682,639.02632868901));
#2532 = CARTESIAN_POINT('',(46.,-39.69647663633,639.63322809909));
#2533 = CARTESIAN_POINT('',(46.,-40.61750876506,640.29733017065));
#2534 = CARTESIAN_POINT('',(46.,-41.72755469641,640.9882954458));
#2535 = ORIENTED_EDGE('',*,*,#2536,.T.);
#2536 = EDGE_CURVE('',#2527,#2537,#2539,.T.);
#2537 = VERTEX_POINT('',#2538);
#2538 = CARTESIAN_POINT('',(46.,-43.03860968982,640.07029375284));
#2539 = CIRCLE('',#2540,73.896969597024);
#2540 = AXIS2_PLACEMENT_3D('',#2541,#2542,#2543);
#2541 = CARTESIAN_POINT('',(46.,-2.827290911505E-04,579.99979743356));
#2542 = DIRECTION('',(1.,0.,2.22044604925E-16));
#2543 = DIRECTION('',(-1.832574058171E-16,-0.564668242756,0.825317984551
    ));
#2544 = ORIENTED_EDGE('',*,*,#2545,.T.);
#2545 = EDGE_CURVE('',#2537,#2546,#2548,.T.);
#2546 = VERTEX_POINT('',#2547);
#2547 = CARTESIAN_POINT('',(46.,-41.85032233838,636.06584149345));
#2548 = B_SPLINE_CURVE_WITH_KNOTS('',4,(#2549,#2550,#2551,#2552,#2553),
  .UNSPECIFIED.,.F.,.F.,(5,5),(0.,1.),.PIECEWISE_BEZIER_KNOTS.);
#2549 = CARTESIAN_POINT('',(46.,-43.03860968982,640.07029375284));
#2550 = CARTESIAN_POINT('',(46.,-42.7689500451,638.79087476835));
#2551 = CARTESIAN_POINT('',(46.,-42.45990976968,637.69825138778));
#2552 = CARTESIAN_POINT('',(46.,-42.14373466387,636.79248018592));
#2553 = CARTESIAN_POINT('',(46.,-41.85032233838,636.06584149345));
#2554 = ORIENTED_EDGE('',*,*,#2555,.T.);
#2555 = EDGE_CURVE('',#2546,#2556,#2558,.T.);
#2556 = VERTEX_POINT('',#2557);
#2557 = CARTESIAN_POINT('',(46.,-42.0934971363,635.17315368954));
#2558 = CIRCLE('',#2559,0.76);
#2559 = AXIS2_PLACEMENT_3D('',#2560,#2561,#2562);
#2560 = CARTESIAN_POINT('',(46.,-42.55369723116,635.77798083236));
#2561 = DIRECTION('',(-1.,0.,-2.22044604925E-16));
#2562 = DIRECTION('',(-8.41025089015E-17,0.925493279977,0.37876402775));
#2563 = ORIENTED_EDGE('',*,*,#2564,.T.);
#2564 = EDGE_CURVE('',#2556,#2565,#2567,.T.);
#2565 = VERTEX_POINT('',#2566);
#2566 = CARTESIAN_POINT('',(46.,-42.3985753327,634.93905895601));
#2567 = CIRCLE('',#2568,69.39696959577);
#2568 = AXIS2_PLACEMENT_3D('',#2569,#2570,#2571);
#2569 = CARTESIAN_POINT('',(46.,-6.075389080706E-10,580.00000000079));
#2570 = DIRECTION('',(1.,0.,2.22044604925E-16));
#2571 = DIRECTION('',(-1.765336611187E-16,-0.606561026813,0.795036930433
    ));
#2572 = ORIENTED_EDGE('',*,*,#2573,.T.);
#2573 = EDGE_CURVE('',#2565,#2574,#2576,.T.);
#2574 = VERTEX_POINT('',#2575);
#2575 = CARTESIAN_POINT('',(46.,-43.32378344454,634.93521449958));
#2576 = CIRCLE('',#2577,0.76);
#2577 = AXIS2_PLACEMENT_3D('',#2578,#2579,#2580);
#2578 = CARTESIAN_POINT('',(46.,-42.86368492084,635.54011891227));
#2579 = DIRECTION('',(-1.,0.,-2.22044604925E-16));
#2580 = DIRECTION('',(1.756080533223E-16,0.611986300178,-0.790868363506)
  );
#2581 = ORIENTED_EDGE('',*,*,#2582,.T.);
#2582 = EDGE_CURVE('',#2574,#2583,#2585,.T.);
#2583 = VERTEX_POINT('',#2584);
#2584 = CARTESIAN_POINT('',(46.,-46.88424894139,637.11942054615));
#2585 = B_SPLINE_CURVE_WITH_KNOTS('',4,(#2586,#2587,#2588,#2589,#2590),
  .UNSPECIFIED.,.F.,.F.,(5,5),(0.,1.),.PIECEWISE_BEZIER_KNOTS.);
#2586 = CARTESIAN_POINT('',(46.,-43.32378344454,634.93521449958));
#2587 = CARTESIAN_POINT('',(46.,-43.94972218784,635.40669721883));
#2588 = CARTESIAN_POINT('',(46.,-44.74279784545,635.94652975671));
#2589 = CARTESIAN_POINT('',(46.,-45.71820547817,636.52783148012));
#2590 = CARTESIAN_POINT('',(46.,-46.88424894139,637.11942054615));
#2591 = ORIENTED_EDGE('',*,*,#2592,.T.);
#2592 = EDGE_CURVE('',#2583,#2593,#2595,.T.);
#2593 = VERTEX_POINT('',#2594);
#2594 = CARTESIAN_POINT('',(46.,-48.11030585534,636.09064615505));
#2595 = CIRCLE('',#2596,73.896969596845);
#2596 = AXIS2_PLACEMENT_3D('',#2597,#2598,#2599);
#2597 = CARTESIAN_POINT('',(46.,-2.63998508597E-04,579.99977356306));
#2598 = DIRECTION('',(1.,0.,2.22044604925E-16));
#2599 = DIRECTION('',(-1.716323350878E-16,-0.634450711561,0.772963320346
    ));
#2600 = ORIENTED_EDGE('',*,*,#2601,.T.);
#2601 = EDGE_CURVE('',#2593,#2602,#2604,.T.);
#2602 = VERTEX_POINT('',#2603);
#2603 = CARTESIAN_POINT('',(46.,-46.57752928506,632.2049981122));
#2604 = B_SPLINE_CURVE_WITH_KNOTS('',4,(#2605,#2606,#2607,#2608,#2609),
  .UNSPECIFIED.,.F.,.F.,(5,5),(0.,1.),.PIECEWISE_BEZIER_KNOTS.);
#2605 = CARTESIAN_POINT('',(46.,-48.11030585534,636.09064615505));
#2606 = CARTESIAN_POINT('',(46.,-47.7301636351,634.83959813269));
#2607 = CARTESIAN_POINT('',(46.,-47.32707094895,633.7780671487));
#2608 = CARTESIAN_POINT('',(46.,-46.93315582302,632.90329915591));
#2609 = CARTESIAN_POINT('',(46.,-46.57752928506,632.2049981122));
#2610 = ORIENTED_EDGE('',*,*,#2611,.T.);
#2611 = EDGE_CURVE('',#2602,#2612,#2614,.T.);
#2612 = VERTEX_POINT('',#2613);
#2613 = CARTESIAN_POINT('',(46.,-46.74197586087,631.29451317476));
#2614 = CIRCLE('',#2615,0.76);
#2615 = AXIS2_PLACEMENT_3D('',#2616,#2617,#2618);
#2616 = CARTESIAN_POINT('',(46.,-47.2531389143,631.85692968662));
#2617 = DIRECTION('',(-1.,0.,-2.22044604925E-16));
#2618 = DIRECTION('',(-1.016930474266E-16,0.888960038468,0.457984770497)
  );
#2619 = ORIENTED_EDGE('',*,*,#2620,.T.);
#2620 = EDGE_CURVE('',#2612,#2621,#2623,.T.);
#2621 = VERTEX_POINT('',#2622);
#2622 = CARTESIAN_POINT('',(46.,-47.02549044225,631.03471992556));
#2623 = CIRCLE('',#2624,69.396969601259);
#2624 = AXIS2_PLACEMENT_3D('',#2625,#2626,#2627);
#2625 = CARTESIAN_POINT('',(46.,3.032511131096E-09,579.99999999669));
#2626 = DIRECTION('',(1.,0.,2.22044604925E-16));
#2627 = DIRECTION('',(-1.641234477369E-16,-0.673544913164,0.73914629807)
  );
#2628 = ORIENTED_EDGE('',*,*,#2629,.T.);
#2629 = EDGE_CURVE('',#2621,#2630,#2632,.T.);
#2630 = VERTEX_POINT('',#2631);
#2631 = CARTESIAN_POINT('',(46.,-47.94684279144,630.95025289827));
#2632 = CIRCLE('',#2633,0.76);
#2633 = AXIS2_PLACEMENT_3D('',#2634,#2635,#2636);
#2634 = CARTESIAN_POINT('',(46.,-47.54121597491,631.59295569561));
#2635 = DIRECTION('',(-1.,0.,-2.22044604925E-16));
#2636 = DIRECTION('',(1.630963697584E-16,0.678586227179,-0.734520750069)
  );
#2637 = ORIENTED_EDGE('',*,*,#2638,.T.);
#2638 = EDGE_CURVE('',#2630,#2639,#2641,.T.);
#2639 = VERTEX_POINT('',#2640);
#2640 = CARTESIAN_POINT('',(46.,-51.68412574244,632.81583236649));
#2641 = B_SPLINE_CURVE_WITH_KNOTS('',4,(#2642,#2643,#2644,#2645,#2646),
  .UNSPECIFIED.,.F.,.F.,(5,5),(0.,1.),.PIECEWISE_BEZIER_KNOTS.);
#2642 = CARTESIAN_POINT('',(46.,-47.94684279144,630.95025289827));
#2643 = CARTESIAN_POINT('',(46.,-48.61149207543,631.36538732734));
#2644 = CARTESIAN_POINT('',(46.,-49.44859934653,631.83404454143));
#2645 = CARTESIAN_POINT('',(46.,-50.47095904218,632.32812185957));
#2646 = CARTESIAN_POINT('',(46.,-51.68412574244,632.81583236649));
#2647 = ORIENTED_EDGE('',*,*,#2648,.T.);
#2648 = EDGE_CURVE('',#2639,#2649,#2651,.T.);
#2649 = VERTEX_POINT('',#2650);
#2650 = CARTESIAN_POINT('',(46.,-52.8158535435,631.68411487156));
#2651 = CIRCLE('',#2652,73.896969596811);
#2652 = AXIS2_PLACEMENT_3D('',#2653,#2654,#2655);
#2653 = CARTESIAN_POINT('',(46.,-2.432586586814E-04,579.99975141576));
#2654 = DIRECTION('',(1.,0.,2.22044604925E-16));
#2655 = DIRECTION('',(-1.58701038654E-16,-0.699404627359,0.714725938545)
  );
#2656 = ORIENTED_EDGE('',*,*,#2657,.T.);
#2657 = EDGE_CURVE('',#2649,#2658,#2660,.T.);
#2658 = VERTEX_POINT('',#2659);
#2659 = CARTESIAN_POINT('',(46.,-50.9502531096,627.94684317307));
#2660 = B_SPLINE_CURVE_WITH_KNOTS('',4,(#2661,#2662,#2663,#2664,#2665),
  .UNSPECIFIED.,.F.,.F.,(5,5),(0.,1.),.PIECEWISE_BEZIER_KNOTS.);
#2661 = CARTESIAN_POINT('',(46.,-52.8158535435,631.68411487156));
#2662 = CARTESIAN_POINT('',(46.,-52.32812185957,630.47095904218));
#2663 = CARTESIAN_POINT('',(46.,-51.83404454143,629.44859934653));
#2664 = CARTESIAN_POINT('',(46.,-51.36538732734,628.61149207543));
#2665 = CARTESIAN_POINT('',(46.,-50.9502531096,627.94684317307));
#2666 = ORIENTED_EDGE('',*,*,#2667,.T.);
#2667 = EDGE_CURVE('',#2658,#2668,#2670,.T.);
#2668 = VERTEX_POINT('',#2669);
#2669 = CARTESIAN_POINT('',(46.,-51.03471992556,627.02549044225));
#2670 = CIRCLE('',#2671,0.76);
#2671 = AXIS2_PLACEMENT_3D('',#2672,#2673,#2674);
#2672 = CARTESIAN_POINT('',(46.,-51.59295567807,627.5412159939));
#2673 = DIRECTION('',(-1.,0.,-2.22044604925E-16));
#2674 = DIRECTION('',(-1.185096404568E-16,0.845661274298,0.533719972601)
  );
#2675 = ORIENTED_EDGE('',*,*,#2676,.T.);
#2676 = EDGE_CURVE('',#2668,#2677,#2679,.T.);
#2677 = VERTEX_POINT('',#2678);
#2678 = CARTESIAN_POINT('',(46.,-51.29451317476,626.74197586087));
#2679 = CIRCLE('',#2680,69.396969598538);
#2680 = AXIS2_PLACEMENT_3D('',#2681,#2682,#2683);
#2681 = CARTESIAN_POINT('',(46.,1.303639862726E-09,579.9999999988));
#2682 = DIRECTION('',(1.,0.,2.22044604925E-16));
#2683 = DIRECTION('',(-1.504641558173E-16,-0.735402716028,0.677630316071
    ));
#2684 = ORIENTED_EDGE('',*,*,#2685,.T.);
#2685 = EDGE_CURVE('',#2677,#2686,#2688,.T.);
#2686 = VERTEX_POINT('',#2687);
#2687 = CARTESIAN_POINT('',(46.,-52.2049977136,626.5775291078));
#2688 = CIRCLE('',#2689,0.76);
#2689 = AXIS2_PLACEMENT_3D('',#2690,#2691,#2692);
#2690 = CARTESIAN_POINT('',(46.,-51.85692966923,627.25313893343));
#2691 = DIRECTION('',(-1.,0.,-2.22044604925E-16));
#2692 = DIRECTION('',(1.493434243403E-16,0.74002170325,-0.672582990209)
  );
#2693 = ORIENTED_EDGE('',*,*,#2694,.T.);
#2694 = EDGE_CURVE('',#2686,#2695,#2697,.T.);
#2695 = VERTEX_POINT('',#2696);
#2696 = CARTESIAN_POINT('',(46.,-56.09065513886,628.11028381146));
#2697 = B_SPLINE_CURVE_WITH_KNOTS('',4,(#2698,#2699,#2700,#2701,#2702),
  .UNSPECIFIED.,.F.,.F.,(5,5),(0.,1.),.PIECEWISE_BEZIER_KNOTS.);
#2698 = CARTESIAN_POINT('',(46.,-52.2049977136,626.5775291078));
#2699 = CARTESIAN_POINT('',(46.,-52.90329915591,626.93315582302));
#2700 = CARTESIAN_POINT('',(46.,-53.7780671487,627.32707094895));
#2701 = CARTESIAN_POINT('',(46.,-54.83959813269,627.7301636351));
#2702 = CARTESIAN_POINT('',(46.,-56.09065513886,628.11028381146));
#2703 = ORIENTED_EDGE('',*,*,#2704,.T.);
#2704 = EDGE_CURVE('',#2695,#2705,#2707,.T.);
#2705 = VERTEX_POINT('',#2706);
#2706 = CARTESIAN_POINT('',(46.,-57.11944069511,626.88423626618));
#2707 = CIRCLE('',#2708,73.896969596618);
#2708 = AXIS2_PLACEMENT_3D('',#2709,#2710,#2711);
#2709 = CARTESIAN_POINT('',(46.,-2.206675906216E-04,579.99973116043));
#2710 = DIRECTION('',(1.,0.,2.22044604925E-16));
#2711 = DIRECTION('',(-1.445619314897E-16,-0.75903565163,0.651049060789)
  );
#2712 = ORIENTED_EDGE('',*,*,#2713,.T.);
#2713 = EDGE_CURVE('',#2705,#2714,#2716,.T.);
#2714 = VERTEX_POINT('',#2715);
#2715 = CARTESIAN_POINT('',(46.,-54.93521474337,623.3237838063));
#2716 = B_SPLINE_CURVE_WITH_KNOTS('',4,(#2717,#2718,#2719,#2720,#2721),
  .UNSPECIFIED.,.F.,.F.,(5,5),(0.,1.),.PIECEWISE_BEZIER_KNOTS.);
#2717 = CARTESIAN_POINT('',(46.,-57.11944069511,626.88423626618));
#2718 = CARTESIAN_POINT('',(46.,-56.52783148012,625.71820547817));
#2719 = CARTESIAN_POINT('',(46.,-55.94652975671,624.74279784545));
#2720 = CARTESIAN_POINT('',(46.,-55.40669721883,623.94972218784));
#2721 = CARTESIAN_POINT('',(46.,-54.93521474337,623.3237838063));
#2722 = ORIENTED_EDGE('',*,*,#2723,.T.);
#2723 = EDGE_CURVE('',#2714,#2724,#2726,.T.);
#2724 = VERTEX_POINT('',#2725);
#2725 = CARTESIAN_POINT('',(46.,-54.93905895601,622.3985753327));
#2726 = CIRCLE('',#2727,0.76);
#2727 = AXIS2_PLACEMENT_3D('',#2728,#2729,#2730);
#2728 = CARTESIAN_POINT('',(46.,-55.54011889645,622.86368494128));
#2729 = DIRECTION('',(-1.,0.,-2.22044604925E-16));
#2730 = DIRECTION('',(-1.344243035651E-16,0.795926517206,0.605393243445)
  );
#2731 = ORIENTED_EDGE('',*,*,#2732,.T.);
#2732 = EDGE_CURVE('',#2724,#2733,#2735,.T.);
#2733 = VERTEX_POINT('',#2734);
#2734 = CARTESIAN_POINT('',(46.,-55.17315368954,622.0934971363));
#2735 = CIRCLE('',#2736,69.396969595653);
#2736 = AXIS2_PLACEMENT_3D('',#2737,#2738,#2739);
#2737 = CARTESIAN_POINT('',(46.,-8.842953036492E-10,580.00000000068));
#2738 = DIRECTION('',(1.,0.,2.22044604925E-16));
#2739 = DIRECTION('',(-1.356597408192E-16,-0.791663660175,0.610957158202
    ));
#2740 = ORIENTED_EDGE('',*,*,#2741,.T.);
#2741 = EDGE_CURVE('',#2733,#2742,#2744,.T.);
#2742 = VERTEX_POINT('',#2743);
#2743 = CARTESIAN_POINT('',(46.,-56.06584108092,621.85032219653));
#2744 = CIRCLE('',#2745,0.76);
#2745 = AXIS2_PLACEMENT_3D('',#2746,#2747,#2748);
#2746 = CARTESIAN_POINT('',(46.,-55.77798081671,622.55369725174));
#2747 = DIRECTION('',(-1.,0.,-2.22044604925E-16));
#2748 = DIRECTION('',(1.34453885287E-16,0.795825167322,-0.605526467677)
  );
#2749 = ORIENTED_EDGE('',*,*,#2750,.T.);
#2750 = EDGE_CURVE('',#2742,#2751,#2753,.T.);
#2751 = VERTEX_POINT('',#2752);
#2752 = CARTESIAN_POINT('',(46.,-60.07030078122,623.03858694683));
#2753 = B_SPLINE_CURVE_WITH_KNOTS('',4,(#2754,#2755,#2756,#2757,#2758),
  .UNSPECIFIED.,.F.,.F.,(5,5),(0.,1.),.PIECEWISE_BEZIER_KNOTS.);
#2754 = CARTESIAN_POINT('',(46.,-56.06584108092,621.85032219653));
#2755 = CARTESIAN_POINT('',(46.,-56.79248018592,622.14373466387));
#2756 = CARTESIAN_POINT('',(46.,-57.69825138778,622.45990976968));
#2757 = CARTESIAN_POINT('',(46.,-58.79087476835,622.7689500451));
#2758 = CARTESIAN_POINT('',(46.,-60.07030078122,623.03858694683));
#2759 = ORIENTED_EDGE('',*,*,#2760,.T.);
#2760 = EDGE_CURVE('',#2751,#2761,#2763,.T.);
#2761 = VERTEX_POINT('',#2762);
#2762 = CARTESIAN_POINT('',(46.,-60.98831441337,621.72754031333));
#2763 = CIRCLE('',#2764,73.896969596836);
#2764 = AXIS2_PLACEMENT_3D('',#2765,#2766,#2767);
#2765 = CARTESIAN_POINT('',(46.,-1.963967931751E-04,579.99971295088));
#2766 = DIRECTION('',(1.,0.,2.22044604925E-16));
#2767 = DIRECTION('',(-1.293226207379E-16,-0.812889956275,0.582417306566
    ));
#2768 = ORIENTED_EDGE('',*,*,#2769,.T.);
#2769 = EDGE_CURVE('',#2761,#2770,#2772,.T.);
#2770 = VERTEX_POINT('',#2771);
#2771 = CARTESIAN_POINT('',(46.,-58.50208622216,618.37100428515));
#2772 = B_SPLINE_CURVE_WITH_KNOTS('',4,(#2773,#2774,#2775,#2776,#2777),
  .UNSPECIFIED.,.F.,.F.,(5,5),(0.,1.),.PIECEWISE_BEZIER_KNOTS.);
#2773 = CARTESIAN_POINT('',(46.,-60.98831441337,621.72754031333));
#2774 = CARTESIAN_POINT('',(46.,-60.29733017065,620.61750876506));
#2775 = CARTESIAN_POINT('',(46.,-59.63322809909,619.69647663633));
#2776 = CARTESIAN_POINT('',(46.,-59.02632868901,618.95346837682));
#2777 = CARTESIAN_POINT('',(46.,-58.50208622216,618.37100428515));
#2778 = ORIENTED_EDGE('',*,*,#2779,.T.);
#2779 = EDGE_CURVE('',#2770,#2780,#2782,.T.);
#2780 = VERTEX_POINT('',#2781);
#2781 = CARTESIAN_POINT('',(46.,-58.42527857469,617.44898146391));
#2782 = CIRCLE('',#2783,0.76);
#2783 = AXIS2_PLACEMENT_3D('',#2784,#2785,#2786);
#2784 = CARTESIAN_POINT('',(46.,-59.06458827399,617.85993536447));
#2785 = DIRECTION('',(-1.,0.,-2.22044604925E-16));
#2786 = DIRECTION('',(-1.493159165556E-16,0.740134278724,0.67245910616)
  );
#2787 = ORIENTED_EDGE('',*,*,#2788,.T.);
#2788 = EDGE_CURVE('',#2780,#2789,#2791,.T.);
#2789 = VERTEX_POINT('',#2790);
#2790 = CARTESIAN_POINT('',(46.,-58.63189319029,617.12466148178));
#2791 = CIRCLE('',#2792,69.396969594388);
#2792 = AXIS2_PLACEMENT_3D('',#2793,#2794,#2795);
#2793 = CARTESIAN_POINT('',(46.,-2.008448518609E-09,580.00000000128));
#2794 = DIRECTION('',(1.,0.,2.22044604925E-16));
#2795 = DIRECTION('',(-1.198228732799E-16,-0.841899565848,0.539634247454
    ));
#2796 = ORIENTED_EDGE('',*,*,#2797,.T.);
#2797 = EDGE_CURVE('',#2789,#2798,#2800,.T.);
#2798 = VERTEX_POINT('',#2799);
#2799 = CARTESIAN_POINT('',(46.,-59.49998954414,616.80460906344));
#2800 = CIRCLE('',#2801,0.76);
#2801 = AXIS2_PLACEMENT_3D('',#2802,#2803,#2804);
#2802 = CARTESIAN_POINT('',(46.,-59.2745278505,617.53039623934));
#2803 = DIRECTION('',(-1.,0.,-2.22044604925E-16));
#2804 = DIRECTION('',(1.185410709812E-16,0.845571921338,-0.533861523099)
  );
#2805 = ORIENTED_EDGE('',*,*,#2806,.T.);
#2806 = EDGE_CURVE('',#2798,#2807,#2809,.T.);
#2807 = VERTEX_POINT('',#2808);
#2808 = CARTESIAN_POINT('',(46.,-63.59277516319,617.63934044813));
#2809 = B_SPLINE_CURVE_WITH_KNOTS('',4,(#2810,#2811,#2812,#2813,#2814),
  .UNSPECIFIED.,.F.,.F.,(5,5),(0.,1.),.PIECEWISE_BEZIER_KNOTS.);
#2810 = CARTESIAN_POINT('',(46.,-59.49998954414,616.80460906344));
#2811 = CARTESIAN_POINT('',(46.,-60.24943614949,617.03357423685));
#2812 = CARTESIAN_POINT('',(46.,-61.17931709465,617.26960303906));
#2813 = CARTESIAN_POINT('',(46.,-62.29471734813,617.48223892066));
#2814 = CARTESIAN_POINT('',(46.,-63.59277516319,617.63934044813));
#2815 = ORIENTED_EDGE('',*,*,#2816,.T.);
#2816 = EDGE_CURVE('',#2807,#2817,#2819,.T.);
#2817 = VERTEX_POINT('',#2818);
#2818 = CARTESIAN_POINT('',(46.,-64.3930302332,616.25327258293));
#2819 = CIRCLE('',#2820,73.89696959701);
#2820 = AXIS2_PLACEMENT_3D('',#2821,#2822,#2823);
#2821 = CARTESIAN_POINT('',(46.,-1.706313137788E-04,579.99969692599));
#2822 = DIRECTION('',(1.,0.,2.22044604925E-16));
#2823 = DIRECTION('',(-1.130990867551E-16,-0.860557677516,0.509353004966
    ));
#2824 = ORIENTED_EDGE('',*,*,#2825,.T.);
#2825 = EDGE_CURVE('',#2817,#2826,#2828,.T.);
#2826 = VERTEX_POINT('',#2827);
#2827 = CARTESIAN_POINT('',(46.,-61.62372150026,613.12619825234));
#2828 = B_SPLINE_CURVE_WITH_KNOTS('',4,(#2829,#2830,#2831,#2832,#2833),
  .UNSPECIFIED.,.F.,.F.,(5,5),(0.,1.),.PIECEWISE_BEZIER_KNOTS.);
#2829 = CARTESIAN_POINT('',(46.,-64.3930302332,616.25327258293));
#2830 = CARTESIAN_POINT('',(46.,-63.60792977007,615.20768828472));
#2831 = CARTESIAN_POINT('',(46.,-62.86608156811,614.34804127062));
#2832 = CARTESIAN_POINT('',(46.,-62.19673415679,613.66075515072));
#2833 = CARTESIAN_POINT('',(46.,-61.62372150026,613.12619825234));
#2834 = ORIENTED_EDGE('',*,*,#2835,.T.);
#2835 = EDGE_CURVE('',#2826,#2836,#2838,.T.);
#2836 = VERTEX_POINT('',#2837);
#2837 = CARTESIAN_POINT('',(46.,-61.46684654527,612.21437823387));
#2838 = CIRCLE('',#2839,0.76);
#2839 = AXIS2_PLACEMENT_3D('',#2840,#2841,#2842);
#2840 = CARTESIAN_POINT('',(46.,-62.13954047059,612.56804881908));
#2841 = DIRECTION('',(-1.,0.,-2.22044604925E-16));
#2842 = DIRECTION('',(-1.630711452617E-16,0.678709171476,0.734407149036)
  );
#2843 = ORIENTED_EDGE('',*,*,#2844,.T.);
#2844 = EDGE_CURVE('',#2836,#2845,#2847,.T.);
#2845 = VERTEX_POINT('',#2846);
#2846 = CARTESIAN_POINT('',(46.,-61.64440858095,611.8732847369));
#2847 = CIRCLE('',#2848,69.396969596054);
#2848 = AXIS2_PLACEMENT_3D('',#2849,#2850,#2851);
#2849 = CARTESIAN_POINT('',(46.,-6.344720304696E-10,580.00000000033));
#2850 = DIRECTION('',(1.,0.,2.22044604925E-16));
#2851 = DIRECTION('',(-1.030740813239E-16,-0.885728107472,0.464204394242
    ));
#2852 = ORIENTED_EDGE('',*,*,#2853,.T.);
#2853 = EDGE_CURVE('',#2845,#2854,#2856,.T.);
#2854 = VERTEX_POINT('',#2855);
#2855 = CARTESIAN_POINT('',(46.,-62.48130715984,611.47879063214));
#2856 = CIRCLE('',#2857,0.76);
#2857 = AXIS2_PLACEMENT_3D('',#2858,#2859,#2860);
#2858 = CARTESIAN_POINT('',(46.,-62.31995993642,612.22146625008));
#2859 = DIRECTION('',(-1.,0.,-2.22044604925E-16));
#2860 = DIRECTION('',(1.017260875481E-16,0.888883362462,-0.458133569976)
  );
#2861 = ORIENTED_EDGE('',*,*,#2862,.T.);
#2862 = EDGE_CURVE('',#2854,#2863,#2865,.T.);
#2863 = VERTEX_POINT('',#2864);
#2864 = CARTESIAN_POINT('',(46.,-66.63127012779,611.95363584136));
#2865 = B_SPLINE_CURVE_WITH_KNOTS('',4,(#2866,#2867,#2868,#2869,#2870),
  .UNSPECIFIED.,.F.,.F.,(5,5),(0.,1.),.PIECEWISE_BEZIER_KNOTS.);
#2866 = CARTESIAN_POINT('',(46.,-62.48130715984,611.47879063214));
#2867 = CARTESIAN_POINT('',(46.,-63.24785752435,611.6415659484));
#2868 = CARTESIAN_POINT('',(46.,-64.19477125734,611.79565212532));
#2869 = CARTESIAN_POINT('',(46.,-65.3244595143,611.91026532563));
#2870 = CARTESIAN_POINT('',(46.,-66.63127012779,611.95363584136));
#2871 = ORIENTED_EDGE('',*,*,#2872,.T.);
#2872 = EDGE_CURVE('',#2863,#2873,#2875,.T.);
#2873 = VERTEX_POINT('',#2874);
#2874 = CARTESIAN_POINT('',(46.,-67.30767621137,610.50309555784));
#2875 = CIRCLE('',#2876,73.896969597021);
#2876 = AXIS2_PLACEMENT_3D('',#2877,#2878,#2879);
#2877 = CARTESIAN_POINT('',(46.,-1.435673610004E-04,579.99968320777));
#2878 = DIRECTION('',(1.,0.,2.22044604925E-16));
#2879 = DIRECTION('',(-9.601480043107E-17,-0.901676035212,0.432412219443
    ));
#2880 = ORIENTED_EDGE('',*,*,#2881,.T.);
#2881 = EDGE_CURVE('',#2873,#2882,#2884,.T.);
#2882 = VERTEX_POINT('',#2883);
#2883 = CARTESIAN_POINT('',(46.,-64.27636304833,607.62928184869));
#2884 = B_SPLINE_CURVE_WITH_KNOTS('',4,(#2885,#2886,#2887,#2888,#2889),
  .UNSPECIFIED.,.F.,.F.,(5,5),(0.,1.),.PIECEWISE_BEZIER_KNOTS.);
#2885 = CARTESIAN_POINT('',(46.,-67.30767621137,610.50309555784));
#2886 = CARTESIAN_POINT('',(46.,-66.43443461642,609.52991603755));
#2887 = CARTESIAN_POINT('',(46.,-65.62048619683,608.73819657092));
#2888 = CARTESIAN_POINT('',(46.,-64.89378492223,608.111863253));
#2889 = CARTESIAN_POINT('',(46.,-64.27636304833,607.62928184869));
#2890 = ORIENTED_EDGE('',*,*,#2891,.T.);
#2891 = EDGE_CURVE('',#2882,#2892,#2894,.T.);
#2892 = VERTEX_POINT('',#2893);
#2893 = CARTESIAN_POINT('',(46.,-64.04061469894,606.73460413389));
#2894 = CIRCLE('',#2895,0.76);
#2895 = AXIS2_PLACEMENT_3D('',#2896,#2897,#2898);
#2896 = CARTESIAN_POINT('',(46.,-64.74157324332,607.02829975704));
#2897 = DIRECTION('',(-1.,0.,-2.22044604925E-16));
#2898 = DIRECTION('',(-1.755853040873E-16,0.612118677617,0.79076591006)
  );
#2899 = ORIENTED_EDGE('',*,*,#2900,.T.);
#2900 = EDGE_CURVE('',#2892,#2901,#2903,.T.);
#2901 = VERTEX_POINT('',#2902);
#2902 = CARTESIAN_POINT('',(46.,-64.18777280039,606.37933304956));
#2903 = CIRCLE('',#2904,69.396969593965);
#2904 = AXIS2_PLACEMENT_3D('',#2905,#2906,#2907);
#2905 = CARTESIAN_POINT('',(46.,-2.590553549453E-09,580.00000000107));
#2906 = DIRECTION('',(1.,0.,2.22044604925E-16));
#2907 = DIRECTION('',(-8.554083337114E-17,-0.922815723382,0.385241665295
    ));
#2908 = ORIENTED_EDGE('',*,*,#2909,.T.);
#2909 = EDGE_CURVE('',#2901,#2910,#2912,.T.);
#2910 = VERTEX_POINT('',#2911);
#2911 = CARTESIAN_POINT('',(46.,-64.98710430082,605.91339959671));
#2912 = CIRCLE('',#2913,0.76);
#2913 = AXIS2_PLACEMENT_3D('',#2914,#2915,#2916);
#2914 = CARTESIAN_POINT('',(46.,-64.89109949739,606.66731144681));
#2915 = DIRECTION('',(-1.,0.,-2.22044604925E-16));
#2916 = DIRECTION('',(8.413690716493E-17,0.925429864475,-0.378918943756)
  );
#2917 = ORIENTED_EDGE('',*,*,#2918,.T.);
#2918 = EDGE_CURVE('',#2910,#2919,#2921,.T.);
#2919 = VERTEX_POINT('',#2920);
#2920 = CARTESIAN_POINT('',(46.,-69.16266089367,606.02474477171));
#2921 = B_SPLINE_CURVE_WITH_KNOTS('',4,(#2922,#2923,#2924,#2925,#2926),
  .UNSPECIFIED.,.F.,.F.,(5,5),(0.,1.),.PIECEWISE_BEZIER_KNOTS.);
#2922 = CARTESIAN_POINT('',(46.,-64.98710430082,605.91339959671));
#2923 = CARTESIAN_POINT('',(46.,-65.76492451335,606.00874623738));
#2924 = CARTESIAN_POINT('',(46.,-66.72166444891,606.07971710016));
#2925 = CARTESIAN_POINT('',(46.,-67.85704309959,606.09543534354));
#2926 = CARTESIAN_POINT('',(46.,-69.16266089367,606.02474477171));
#2927 = ORIENTED_EDGE('',*,*,#2928,.T.);
#2928 = EDGE_CURVE('',#2919,#2929,#2931,.T.);
#2929 = VERTEX_POINT('',#2930);
#2930 = CARTESIAN_POINT('',(46.,-69.71007013209,604.52077155728));
#2931 = CIRCLE('',#2932,73.896969596814);
#2932 = AXIS2_PLACEMENT_3D('',#2933,#2934,#2935);
#2933 = CARTESIAN_POINT('',(46.,-1.154109761998E-04,579.99967190061));
#2934 = DIRECTION('',(1.,0.,2.22044604925E-16));
#2935 = DIRECTION('',(-7.819978350043E-17,-0.935932093834,0.352180515833
    ));
#2936 = ORIENTED_EDGE('',*,*,#2937,.T.);
#2937 = EDGE_CURVE('',#2929,#2938,#2940,.T.);
#2938 = VERTEX_POINT('',#2939);
#2939 = CARTESIAN_POINT('',(46.,-66.43982266248,601.92208992715));
#2940 = B_SPLINE_CURVE_WITH_KNOTS('',4,(#2941,#2942,#2943,#2944,#2945),
  .UNSPECIFIED.,.F.,.F.,(5,5),(0.,1.),.PIECEWISE_BEZIER_KNOTS.);
#2941 = CARTESIAN_POINT('',(46.,-69.71007013209,604.52077155728));
#2942 = CARTESIAN_POINT('',(46.,-68.75533330113,603.62740329869));
#2943 = CARTESIAN_POINT('',(46.,-67.87547930285,602.90963684272));
#2944 = CARTESIAN_POINT('',(46.,-67.09695480047,602.34902310151));
#2945 = CARTESIAN_POINT('',(46.,-66.43982266248,601.92208992715));
#2946 = ORIENTED_EDGE('',*,*,#2947,.T.);
#2947 = EDGE_CURVE('',#2938,#2948,#2950,.T.);
#2948 = VERTEX_POINT('',#2949);
#2949 = CARTESIAN_POINT('',(46.,-66.12699510598,601.05136355366));
#2950 = CIRCLE('',#2951,0.76);
#2951 = AXIS2_PLACEMENT_3D('',#2952,#2953,#2954);
#2952 = CARTESIAN_POINT('',(46.,-66.85088355165,601.28284901373));
#2953 = DIRECTION('',(-1.,0.,-2.22044604925E-16));
#2954 = DIRECTION('',(-1.867631527276E-16,0.540869591014,0.84110646503)
  );
#2955 = ORIENTED_EDGE('',*,*,#2956,.T.);
#2956 = EDGE_CURVE('',#2948,#2957,#2959,.T.);
#2957 = VERTEX_POINT('',#2958);
#2958 = CARTESIAN_POINT('',(46.,-66.24262931119,600.68461870943));
#2959 = CIRCLE('',#2960,69.396969595091);
#2960 = AXIS2_PLACEMENT_3D('',#2961,#2962,#2963);
#2961 = CARTESIAN_POINT('',(46.,-1.601620169822E-09,580.0000000005));
#2962 = DIRECTION('',(1.,0.,2.22044604925E-16));
#2963 = DIRECTION('',(-6.73565680255E-17,-0.952880154425,0.303347014661)
  );
#2964 = ORIENTED_EDGE('',*,*,#2965,.T.);
#2965 = EDGE_CURVE('',#2957,#2966,#2968,.T.);
#2966 = VERTEX_POINT('',#2967);
#2967 = CARTESIAN_POINT('',(46.,-66.99831033778,600.15079194342));
#2968 = CIRCLE('',#2969,0.76);
#2969 = AXIS2_PLACEMENT_3D('',#2970,#2971,#2972);
#2970 = CARTESIAN_POINT('',(46.,-66.96837860888,600.91020230127));
#2971 = DIRECTION('',(-1.,0.,-2.22044604925E-16));
#2972 = DIRECTION('',(6.590739411497E-17,0.95493328643,-0.296820515577)
  );
#2973 = ORIENTED_EDGE('',*,*,#2974,.T.);
#2974 = EDGE_CURVE('',#2966,#2975,#2977,.T.);
#2975 = VERTEX_POINT('',#2976);
#2976 = CARTESIAN_POINT('',(46.,-71.16768204859,599.89778968018));
#2977 = B_SPLINE_CURVE_WITH_KNOTS('',4,(#2978,#2979,#2980,#2981,#2982),
  .UNSPECIFIED.,.F.,.F.,(5,5),(0.,1.),.PIECEWISE_BEZIER_KNOTS.);
#2978 = CARTESIAN_POINT('',(46.,-66.99831033778,600.15079194342));
#2979 = CARTESIAN_POINT('',(46.,-67.78148071686,600.17798426299));
#2980 = CARTESIAN_POINT('',(46.,-68.74076548637,600.16529968051));
#2981 = CARTESIAN_POINT('',(46.,-69.87319361368,600.08200334162));
#2982 = CARTESIAN_POINT('',(46.,-71.16768204859,599.89778968018));
#2983 = ORIENTED_EDGE('',*,*,#2984,.T.);
#2984 = EDGE_CURVE('',#2975,#2985,#2987,.T.);
#2985 = VERTEX_POINT('',#2986);
#2986 = CARTESIAN_POINT('',(46.,-71.58192832701,598.35182967913));
#2987 = CIRCLE('',#2988,73.89696959669);
#2988 = AXIS2_PLACEMENT_3D('',#2989,#2990,#2991);
#2989 = CARTESIAN_POINT('',(46.,-8.637617688834E-05,579.99966309043));
#2990 = DIRECTION('',(1.,0.,2.22044604925E-16));
#2991 = DIRECTION('',(-5.978961899902E-17,-0.96306514409,0.269268505845)
  );
#2992 = ORIENTED_EDGE('',*,*,#2993,.T.);
#2993 = EDGE_CURVE('',#2985,#2994,#2996,.T.);
#2994 = VERTEX_POINT('',#2995);
#2995 = CARTESIAN_POINT('',(46.,-68.0976351087,596.04805766435));
#2996 = B_SPLINE_CURVE_WITH_KNOTS('',4,(#2997,#2998,#2999,#3000,#3001),
  .UNSPECIFIED.,.F.,.F.,(5,5),(0.,1.),.PIECEWISE_BEZIER_KNOTS.);
#2997 = CARTESIAN_POINT('',(46.,-71.58192832701,598.35182967913));
#2998 = CARTESIAN_POINT('',(46.,-70.55296238381,597.54507175411));
#2999 = CARTESIAN_POINT('',(46.,-69.61389902704,596.90672094493));
#3000 = CARTESIAN_POINT('',(46.,-68.78947633842,596.41609338951));
#3001 = CARTESIAN_POINT('',(46.,-68.0976351087,596.04805766435));
#3002 = ORIENTED_EDGE('',*,*,#3003,.T.);
#3003 = EDGE_CURVE('',#2994,#3004,#3006,.T.);
#3004 = VERTEX_POINT('',#3005);
#3005 = CARTESIAN_POINT('',(46.,-67.71010915168,595.20790938563));
#3006 = CIRCLE('',#3007,0.76);
#3007 = AXIS2_PLACEMENT_3D('',#3008,#3009,#3010);
#3008 = CARTESIAN_POINT('',(46.,-68.45141827048,595.37542293848));
#3009 = DIRECTION('',(-1.,0.,-2.22044604925E-16));
#3010 = DIRECTION('',(-1.965196210049E-16,0.465504160238,0.885045691928)
  );
#3011 = ORIENTED_EDGE('',*,*,#3012,.T.);
#3012 = EDGE_CURVE('',#3004,#3013,#3015,.T.);
#3013 = VERTEX_POINT('',#3014);
#3014 = CARTESIAN_POINT('',(46.,-67.79333941454,594.83248193121));
#3015 = CIRCLE('',#3016,69.396969596066);
#3016 = AXIS2_PLACEMENT_3D('',#3017,#3018,#3019);
#3017 = CARTESIAN_POINT('',(46.,-6.865263912914E-10,580.00000000015));
#3018 = DIRECTION('',(1.,0.,2.22044604925E-16));
#3019 = DIRECTION('',(-4.865967852616E-17,-0.975692592128,0.219143710078
    ));
#3020 = ORIENTED_EDGE('',*,*,#3021,.T.);
#3021 = EDGE_CURVE('',#3013,#3022,#3024,.T.);
#3022 = VERTEX_POINT('',#3023);
#3023 = CARTESIAN_POINT('',(46.,-68.49961877839,594.23482459606));
#3024 = CIRCLE('',#3025,0.76);
#3025 = AXIS2_PLACEMENT_3D('',#3026,#3027,#3028);
#3026 = CARTESIAN_POINT('',(46.,-68.53598792254,594.99395389029));
#3027 = DIRECTION('',(-1.,0.,-2.22044604925E-16));
#3028 = DIRECTION('',(4.717628599981E-17,0.977169089471,-0.212463104049)
  );
#3029 = ORIENTED_EDGE('',*,*,#3030,.T.);
#3030 = EDGE_CURVE('',#3022,#3031,#3033,.T.);
#3031 = VERTEX_POINT('',#3032);
#3032 = CARTESIAN_POINT('',(46.,-72.6310741709,593.61940039456));
#3033 = B_SPLINE_CURVE_WITH_KNOTS('',4,(#3034,#3035,#3036,#3037,#3038),
  .UNSPECIFIED.,.F.,.F.,(5,5),(0.,1.),.PIECEWISE_BEZIER_KNOTS.);
#3034 = CARTESIAN_POINT('',(46.,-68.49961877839,594.23482459606));
#3035 = CARTESIAN_POINT('',(46.,-69.28217892454,594.19365564455));
#3036 = CARTESIAN_POINT('',(46.,-70.23670779167,594.09741215415));
#3037 = CARTESIAN_POINT('',(46.,-71.35756693379,593.91573516843));
#3038 = CARTESIAN_POINT('',(46.,-72.6310741709,593.61940039456));
#3039 = ORIENTED_EDGE('',*,*,#3040,.T.);
#3040 = EDGE_CURVE('',#3031,#3041,#3043,.T.);
#3041 = VERTEX_POINT('',#3042);
#3042 = CARTESIAN_POINT('',(46.,-72.90900482502,592.04321929598));
#3043 = CIRCLE('',#3044,73.896969597359);
#3044 = AXIS2_PLACEMENT_3D('',#3045,#3046,#3047);
#3045 = CARTESIAN_POINT('',(46.,-5.668322776842E-05,579.99965684418));
#3046 = DIRECTION('',(1.,0.,2.22044604925E-16));
#3047 = DIRECTION('',(-4.092441939505E-17,-0.982868687084,0.184307199938
    ));
#3048 = ORIENTED_EDGE('',*,*,#3049,.T.);
#3049 = EDGE_CURVE('',#3041,#3050,#3052,.T.);
#3050 = VERTEX_POINT('',#3051);
#3051 = CARTESIAN_POINT('',(46.,-69.23718343327,590.05188999263));
#3052 = B_SPLINE_CURVE_WITH_KNOTS('',4,(#3053,#3054,#3055,#3056,#3057),
  .UNSPECIFIED.,.F.,.F.,(5,5),(0.,1.),.PIECEWISE_BEZIER_KNOTS.);
#3053 = CARTESIAN_POINT('',(46.,-72.90900482502,592.04321929598));
#3054 = CARTESIAN_POINT('',(46.,-71.81364082171,591.32921161947));
#3055 = CARTESIAN_POINT('',(46.,-70.82251494562,590.7751346922));
#3056 = CARTESIAN_POINT('',(46.,-69.95846842522,590.35822729451));
#3057 = CARTESIAN_POINT('',(46.,-69.23718343327,590.05188999263));
#3058 = ORIENTED_EDGE('',*,*,#3059,.T.);
#3059 = EDGE_CURVE('',#3050,#3060,#3062,.T.);
#3060 = VERTEX_POINT('',#3061);
#3061 = CARTESIAN_POINT('',(46.,-68.77790838226,589.24871384438));
#3062 = CIRCLE('',#3063,0.76);
#3063 = AXIS2_PLACEMENT_3D('',#3064,#3065,#3066);
#3064 = CARTESIAN_POINT('',(46.,-69.53099636418,589.35098061074));
#3065 = DIRECTION('',(-1.,0.,-2.22044604925E-16));
#3066 = DIRECTION('',(-2.047804563045E-16,0.386595961723,0.922249186706)
  );
#3067 = ORIENTED_EDGE('',*,*,#3068,.T.);
#3068 = EDGE_CURVE('',#3060,#3069,#3071,.T.);
#3069 = VERTEX_POINT('',#3070);
#3070 = CARTESIAN_POINT('',(46.,-68.8281012702,588.86746100939));
#3071 = CIRCLE('',#3072,69.396969596643);
#3072 = AXIS2_PLACEMENT_3D('',#3073,#3074,#3075);
#3073 = CARTESIAN_POINT('',(46.,-1.260076487597E-10,580.00000000001));
#3074 = DIRECTION('',(1.,0.,2.22044604925E-16));
#3075 = DIRECTION('',(-2.959245949173E-17,-0.991079420065,0.13327258954)
  );
#3076 = ORIENTED_EDGE('',*,*,#3077,.T.);
#3077 = EDGE_CURVE('',#3069,#3078,#3080,.T.);
#3078 = VERTEX_POINT('',#3079);
#3079 = CARTESIAN_POINT('',(46.,-69.47960375889,588.2105216383));
#3080 = CIRCLE('',#3081,0.76);
#3081 = AXIS2_PLACEMENT_3D('',#3082,#3083,#3084);
#3082 = CARTESIAN_POINT('',(46.,-69.58199698494,588.9635924366));
#3083 = DIRECTION('',(-1.,0.,-2.22044604925E-16));
#3084 = DIRECTION('',(2.808613786238E-17,0.99196804571,-0.126488720011)
  );
#3085 = ORIENTED_EDGE('',*,*,#3086,.T.);
#3086 = EDGE_CURVE('',#3078,#3087,#3089,.T.);
#3087 = VERTEX_POINT('',#3088);
#3088 = CARTESIAN_POINT('',(46.,-73.54169996292,587.23735924833));
#3089 = B_SPLINE_CURVE_WITH_KNOTS('',4,(#3090,#3091,#3092,#3093,#3094),
  .UNSPECIFIED.,.F.,.F.,(5,5),(0.,1.),.PIECEWISE_BEZIER_KNOTS.);
#3090 = CARTESIAN_POINT('',(46.,-69.47960375889,588.2105216383));
#3091 = CARTESIAN_POINT('',(46.,-70.25559791687,588.1013047363));
#3092 = CARTESIAN_POINT('',(46.,-71.1981063406,587.92223480904));
#3093 = CARTESIAN_POINT('',(46.,-72.29886608265,587.64355984806));
#3094 = CARTESIAN_POINT('',(46.,-73.54169996292,587.23735924833));
#3095 = ORIENTED_EDGE('',*,*,#3096,.T.);
#3096 = EDGE_CURVE('',#3087,#3097,#3099,.T.);
#3097 = VERTEX_POINT('',#3098);
#3098 = CARTESIAN_POINT('',(46.,-73.68119977264,585.6429527421));
#3099 = CIRCLE('',#3100,73.89696959691);
#3100 = AXIS2_PLACEMENT_3D('',#3101,#3102,#3103);
#3101 = CARTESIAN_POINT('',(46.,-2.655997862178E-05,579.99965320976));
#3102 = DIRECTION('',(1.,0.,2.22044604925E-16));
#3103 = DIRECTION('',(-2.174776024868E-17,-0.995192005898,
    9.794320495208E-02));
#3104 = ORIENTED_EDGE('',*,*,#3105,.T.);
#3105 = EDGE_CURVE('',#3097,#3106,#3108,.T.);
#3106 = VERTEX_POINT('',#3107);
#3107 = CARTESIAN_POINT('',(46.,-69.84979498535,583.97922136858));
#3108 = B_SPLINE_CURVE_WITH_KNOTS('',4,(#3109,#3110,#3111,#3112,#3113),
  .UNSPECIFIED.,.F.,.F.,(5,5),(0.,1.),.PIECEWISE_BEZIER_KNOTS.);
#3109 = CARTESIAN_POINT('',(46.,-73.68119977264,585.6429527421));
#3110 = CARTESIAN_POINT('',(46.,-72.52777409069,585.02712934364));
#3111 = CARTESIAN_POINT('',(46.,-71.49212876165,584.56154315825));
#3112 = CARTESIAN_POINT('',(46.,-70.59503432523,584.22152883534));
#3113 = CARTESIAN_POINT('',(46.,-69.84979498535,583.97922136858));
#3114 = ORIENTED_EDGE('',*,*,#3115,.T.);
#3115 = EDGE_CURVE('',#3106,#3116,#3118,.T.);
#3116 = VERTEX_POINT('',#3117);
#3117 = CARTESIAN_POINT('',(46.,-69.32226620082,583.21913000625));
#3118 = CIRCLE('',#3119,0.76);
#3119 = AXIS2_PLACEMENT_3D('',#3120,#3121,#3122);
#3120 = CARTESIAN_POINT('',(46.,-70.08140159158,583.25537167427));
#3121 = DIRECTION('',(-1.,0.,-2.22044604925E-16));
#3122 = DIRECTION('',(-2.114827886819E-16,0.304745534506,0.952433808303)
  );
#3123 = ORIENTED_EDGE('',*,*,#3124,.T.);
#3124 = EDGE_CURVE('',#3116,#3125,#3127,.T.);
#3125 = VERTEX_POINT('',#3126);
#3126 = CARTESIAN_POINT('',(46.,-69.33903971566,582.83495335498));
#3127 = CIRCLE('',#3128,69.396969597519);
#3128 = AXIS2_PLACEMENT_3D('',#3129,#3130,#3131);
#3129 = CARTESIAN_POINT('',(46.,7.483791364393E-10,579.99999999997));
#3130 = DIRECTION('',(1.,0.,2.22044604925E-16));
#3131 = DIRECTION('',(-1.030002397215E-17,-0.998923535186,
    4.638718412286E-02));
#3132 = ORIENTED_EDGE('',*,*,#3133,.T.);
#3133 = EDGE_CURVE('',#3125,#3134,#3136,.T.);
#3134 = VERTEX_POINT('',#3135);
#3135 = CARTESIAN_POINT('',(46.,-69.93080700185,582.12373165322));
#3136 = CIRCLE('',#3137,0.76);
#3137 = AXIS2_PLACEMENT_3D('',#3138,#3139,#3140);
#3138 = CARTESIAN_POINT('',(46.,-70.09844503554,582.86501263211));
#3139 = DIRECTION('',(-1.,0.,-2.22044604925E-16));
#3140 = DIRECTION('',(8.782237256955E-18,0.999217526155,
    -3.95516804379E-02));
#3141 = ORIENTED_EDGE('',*,*,#3142,.T.);
#3142 = EDGE_CURVE('',#3134,#3143,#3145,.T.);
#3143 = VERTEX_POINT('',#3144);
#3144 = CARTESIAN_POINT('',(46.,-73.89262901254,580.80023742818));
#3145 = B_SPLINE_CURVE_WITH_KNOTS('',4,(#3146,#3147,#3148,#3149,#3150),
  .UNSPECIFIED.,.F.,.F.,(5,5),(0.,1.),.PIECEWISE_BEZIER_KNOTS.);
#3146 = CARTESIAN_POINT('',(46.,-69.93080700185,582.12373165322));
#3147 = CARTESIAN_POINT('',(46.,-70.69432938757,581.9472980073));
#3148 = CARTESIAN_POINT('',(46.,-71.61764430968,581.68676447346));
#3149 = CARTESIAN_POINT('',(46.,-72.68992720538,581.31321242194));
#3150 = CARTESIAN_POINT('',(46.,-73.89262901254,580.80023742818));
#3151 = ORIENTED_EDGE('',*,*,#3152,.T.);
#3152 = EDGE_CURVE('',#3143,#3153,#3155,.T.);
#3153 = VERTEX_POINT('',#3154);
#3154 = CARTESIAN_POINT('',(46.,-73.89263630007,579.19973991053));
#3155 = CIRCLE('',#3156,73.896969596669);
#3156 = AXIS2_PLACEMENT_3D('',#3157,#3158,#3159);
#3157 = CARTESIAN_POINT('',(46.,3.765609314144E-06,579.99965221455));
#3158 = DIRECTION('',(1.,0.,2.22044604925E-16));
#3159 = DIRECTION('',(-2.405587515144E-18,-0.999941312634,
    1.083380303681E-02));
#3160 = ORIENTED_EDGE('',*,*,#3161,.T.);
#3161 = EDGE_CURVE('',#3153,#3162,#3164,.T.);
#3162 = VERTEX_POINT('',#3163);
#3163 = CARTESIAN_POINT('',(46.,-69.93080742114,577.87626846719));
#3164 = B_SPLINE_CURVE_WITH_KNOTS('',4,(#3165,#3166,#3167,#3168,#3169),
  .UNSPECIFIED.,.F.,.F.,(5,5),(0.,1.),.PIECEWISE_BEZIER_KNOTS.);
#3165 = CARTESIAN_POINT('',(46.,-73.89263630007,579.19973991053));
#3166 = CARTESIAN_POINT('',(46.,-72.68992720538,578.68678757805));
#3167 = CARTESIAN_POINT('',(46.,-71.61764430968,578.31323552653));
#3168 = CARTESIAN_POINT('',(46.,-70.69432938757,578.05270199269));
#3169 = CARTESIAN_POINT('',(46.,-69.93080742114,577.87626846719));
#3170 = ORIENTED_EDGE('',*,*,#3171,.T.);
#3171 = EDGE_CURVE('',#3162,#3172,#3174,.T.);
#3172 = VERTEX_POINT('',#3173);
#3173 = CARTESIAN_POINT('',(46.,-69.33903971566,577.16504664502));
#3174 = CIRCLE('',#3175,0.76);
#3175 = AXIS2_PLACEMENT_3D('',#3176,#3177,#3178);
#3176 = CARTESIAN_POINT('',(46.,-70.09844503656,577.13498739372));
#3177 = DIRECTION('',(-1.,0.,-2.22044604925E-16));
#3178 = DIRECTION('',(-2.165756093405E-16,0.220575809762,0.975369833524)
  );
#3179 = ORIENTED_EDGE('',*,*,#3180,.T.);
#3180 = EDGE_CURVE('',#3172,#3181,#3183,.T.);
#3181 = VERTEX_POINT('',#3182);
#3182 = CARTESIAN_POINT('',(46.,-69.32226620082,576.78086999374));
#3183 = CIRCLE('',#3184,69.396969590876);
#3184 = AXIS2_PLACEMENT_3D('',#3185,#3186,#3187);
#3185 = CARTESIAN_POINT('',(46.,-5.889020826544E-09,579.99999999974));
#3186 = DIRECTION('',(1.,0.,2.22044604925E-16));
#3187 = DIRECTION('',(9.070800949118E-18,-0.999165239038,
    -4.08512557744E-02));
#3188 = ORIENTED_EDGE('',*,*,#3189,.T.);
#3189 = EDGE_CURVE('',#3181,#3190,#3192,.T.);
#3190 = VERTEX_POINT('',#3191);
#3191 = CARTESIAN_POINT('',(46.,-69.84979457815,576.02077878792));
#3192 = CIRCLE('',#3193,0.76);
#3193 = AXIS2_PLACEMENT_3D('',#3194,#3195,#3196);
#3194 = CARTESIAN_POINT('',(46.,-70.08140159281,576.74462835154));
#3195 = DIRECTION('',(-1.,0.,-2.22044604925E-16));
#3196 = DIRECTION('',(-1.058850147687E-17,0.998862357881,
    4.768637130563E-02));
#3197 = ORIENTED_EDGE('',*,*,#3198,.T.);
#3198 = EDGE_CURVE('',#3190,#3199,#3201,.T.);
#3199 = VERTEX_POINT('',#3200);
#3200 = CARTESIAN_POINT('',(46.,-73.68119053778,574.357025318));
#3201 = B_SPLINE_CURVE_WITH_KNOTS('',4,(#3202,#3203,#3204,#3205,#3206),
  .UNSPECIFIED.,.F.,.F.,(5,5),(0.,1.),.PIECEWISE_BEZIER_KNOTS.);
#3202 = CARTESIAN_POINT('',(46.,-69.84979457815,576.02077878792));
#3203 = CARTESIAN_POINT('',(46.,-70.59503432523,575.77847116466));
#3204 = CARTESIAN_POINT('',(46.,-71.49212876165,575.43845684174));
#3205 = CARTESIAN_POINT('',(46.,-72.52777409069,574.97287065635));
#3206 = CARTESIAN_POINT('',(46.,-73.68119053778,574.357025318));
#3207 = ORIENTED_EDGE('',*,*,#3208,.T.);
#3208 = EDGE_CURVE('',#3199,#3209,#3211,.T.);
#3209 = VERTEX_POINT('',#3210);
#3210 = CARTESIAN_POINT('',(46.,-73.54170524766,572.76261754146));
#3211 = CIRCLE('',#3212,73.896969596649);
#3212 = AXIS2_PLACEMENT_3D('',#3213,#3214,#3215);
#3213 = CARTESIAN_POINT('',(46.,3.406275902762E-05,579.99965386617));
#3214 = DIRECTION('',(1.,0.,2.22044604925E-16));
#3215 = DIRECTION('',(1.695489319192E-17,-0.997080462199,
    -7.635805066123E-02));
#3216 = ORIENTED_EDGE('',*,*,#3217,.T.);
#3217 = EDGE_CURVE('',#3209,#3218,#3220,.T.);
#3218 = VERTEX_POINT('',#3219);
#3219 = CARTESIAN_POINT('',(46.,-69.47960418708,571.78947844511));
#3220 = B_SPLINE_CURVE_WITH_KNOTS('',4,(#3221,#3222,#3223,#3224,#3225),
  .UNSPECIFIED.,.F.,.F.,(5,5),(0.,1.),.PIECEWISE_BEZIER_KNOTS.);
#3221 = CARTESIAN_POINT('',(46.,-73.54170524766,572.76261754146));
#3222 = CARTESIAN_POINT('',(46.,-72.29886608265,572.35644015193));
#3223 = CARTESIAN_POINT('',(46.,-71.1981063406,572.07776519095));
#3224 = CARTESIAN_POINT('',(46.,-70.25559791687,571.89869526369));
#3225 = CARTESIAN_POINT('',(46.,-69.47960418708,571.78947844511));
#3226 = ORIENTED_EDGE('',*,*,#3227,.T.);
#3227 = EDGE_CURVE('',#3218,#3228,#3230,.T.);
#3228 = VERTEX_POINT('',#3229);
#3229 = CARTESIAN_POINT('',(46.,-68.8281012702,571.1325389906));
#3230 = CIRCLE('',#3231,0.76);
#3231 = AXIS2_PLACEMENT_3D('',#3232,#3233,#3234);
#3232 = CARTESIAN_POINT('',(46.,-69.58199698821,571.03640758904));
#3233 = DIRECTION('',(-1.,0.,-2.22044604925E-16));
#3234 = DIRECTION('',(-2.200201588402E-16,0.134727369918,0.990882705367)
  );
#3235 = ORIENTED_EDGE('',*,*,#3236,.T.);
#3236 = EDGE_CURVE('',#3228,#3237,#3239,.T.);
#3237 = VERTEX_POINT('',#3238);
#3238 = CARTESIAN_POINT('',(46.,-68.77790838226,570.75128615561));
#3239 = CIRCLE('',#3240,69.396969598509);
#3240 = AXIS2_PLACEMENT_3D('',#3241,#3242,#3243);
#3241 = CARTESIAN_POINT('',(46.,1.723435616441E-09,580.00000000022));
#3242 = DIRECTION('',(1.,0.,2.22044604925E-16));
#3243 = DIRECTION('',(2.837259159819E-17,-0.991802692108,-0.127778792949
    ));
#3244 = ORIENTED_EDGE('',*,*,#3245,.T.);
#3245 = EDGE_CURVE('',#3237,#3246,#3248,.T.);
#3246 = VERTEX_POINT('',#3247);
#3247 = CARTESIAN_POINT('',(46.,-69.23718304126,569.94811019876));
#3248 = CIRCLE('',#3249,0.76);
#3249 = AXIS2_PLACEMENT_3D('',#3250,#3251,#3252);
#3250 = CARTESIAN_POINT('',(46.,-69.53099636765,570.64901941487));
#3251 = DIRECTION('',(-1.,0.,-2.22044604925E-16));
#3252 = DIRECTION('',(-2.987865532094E-17,0.990905243934,0.13456150097)
  );
#3253 = ORIENTED_EDGE('',*,*,#3254,.T.);
#3254 = EDGE_CURVE('',#3246,#3255,#3257,.T.);
#3255 = VERTEX_POINT('',#3256);
#3256 = CARTESIAN_POINT('',(46.,-72.90899371311,567.95675965247));
#3257 = B_SPLINE_CURVE_WITH_KNOTS('',4,(#3258,#3259,#3260,#3261,#3262),
  .UNSPECIFIED.,.F.,.F.,(5,5),(0.,1.),.PIECEWISE_BEZIER_KNOTS.);
#3258 = CARTESIAN_POINT('',(46.,-69.23718304126,569.94811019876));
#3259 = CARTESIAN_POINT('',(46.,-69.95846842522,569.64177270548));
#3260 = CARTESIAN_POINT('',(46.,-70.82251494562,569.2248653078));
#3261 = CARTESIAN_POINT('',(46.,-71.81364082171,568.67078838052));
#3262 = CARTESIAN_POINT('',(46.,-72.90899371311,567.95675965247));
#3263 = ORIENTED_EDGE('',*,*,#3264,.T.);
#3264 = EDGE_CURVE('',#3255,#3265,#3267,.T.);
#3265 = VERTEX_POINT('',#3266);
#3266 = CARTESIAN_POINT('',(46.,-72.63107741263,566.38057602296));
#3267 = CIRCLE('',#3268,73.896969596812);
#3268 = AXIS2_PLACEMENT_3D('',#3269,#3270,#3271);
#3269 = CARTESIAN_POINT('',(46.,6.410085198638E-05,579.99965815211));
#3270 = DIRECTION('',(1.,0.,2.22044604925E-16));
#3271 = DIRECTION('',(3.618633692415E-17,-0.986631227393,-0.162968773487
    ));
#3272 = ORIENTED_EDGE('',*,*,#3273,.T.);
#3273 = EDGE_CURVE('',#3265,#3274,#3276,.T.);
#3274 = VERTEX_POINT('',#3275);
#3275 = CARTESIAN_POINT('',(46.,-68.49961921222,565.76517544972));
#3276 = B_SPLINE_CURVE_WITH_KNOTS('',4,(#3277,#3278,#3279,#3280,#3281),
  .UNSPECIFIED.,.F.,.F.,(5,5),(0.,1.),.PIECEWISE_BEZIER_KNOTS.);
#3277 = CARTESIAN_POINT('',(46.,-72.63107741263,566.38057602296));
#3278 = CARTESIAN_POINT('',(46.,-71.35756693379,566.08426483156));
#3279 = CARTESIAN_POINT('',(46.,-70.23670779167,565.90258784584));
#3280 = CARTESIAN_POINT('',(46.,-69.28217892454,565.80634435544));
#3281 = CARTESIAN_POINT('',(46.,-68.49961921222,565.76517544972));
#3282 = ORIENTED_EDGE('',*,*,#3283,.T.);
#3283 = EDGE_CURVE('',#3274,#3284,#3286,.T.);
#3284 = VERTEX_POINT('',#3285);
#3285 = CARTESIAN_POINT('',(46.,-67.79333941454,565.16751806878));
#3286 = CIRCLE('',#3287,0.76);
#3287 = AXIS2_PLACEMENT_3D('',#3288,#3289,#3290);
#3288 = CARTESIAN_POINT('',(46.,-68.53598792803,565.00604613497));
#3289 = DIRECTION('',(-1.,0.,-2.22044604925E-16));
#3290 = DIRECTION('',(-2.217902220793E-16,4.785357343769E-02,
    0.998854361511));
#3291 = ORIENTED_EDGE('',*,*,#3292,.T.);
#3292 = EDGE_CURVE('',#3284,#3293,#3295,.T.);
#3293 = VERTEX_POINT('',#3294);
#3294 = CARTESIAN_POINT('',(46.,-67.71010915168,564.79209061436));
#3295 = CIRCLE('',#3296,69.396969598372);
#3296 = AXIS2_PLACEMENT_3D('',#3297,#3298,#3299);
#3297 = CARTESIAN_POINT('',(46.,1.563748242006E-09,580.00000000034));
#3298 = DIRECTION('',(1.,0.,2.22044604925E-16));
#3299 = DIRECTION('',(4.745844969329E-17,-0.976891927824,-0.213733856354
    ));
#3300 = ORIENTED_EDGE('',*,*,#3301,.T.);
#3301 = EDGE_CURVE('',#3293,#3302,#3304,.T.);
#3302 = VERTEX_POINT('',#3303);
#3303 = CARTESIAN_POINT('',(46.,-68.09763473487,563.95194256048));
#3304 = CIRCLE('',#3305,0.76);
#3305 = AXIS2_PLACEMENT_3D('',#3306,#3307,#3308);
#3306 = CARTESIAN_POINT('',(46.,-68.45141827618,564.62457708673));
#3307 = DIRECTION('',(-1.,0.,-2.22044604925E-16));
#3308 = DIRECTION('',(-4.89414145568E-17,0.975406742757,0.220412536361)
  );
#3309 = ORIENTED_EDGE('',*,*,#3310,.T.);
#3310 = EDGE_CURVE('',#3302,#3311,#3313,.T.);
#3311 = VERTEX_POINT('',#3312);
#3312 = CARTESIAN_POINT('',(46.,-71.58191542262,561.6481503179));
#3313 = B_SPLINE_CURVE_WITH_KNOTS('',4,(#3314,#3315,#3316,#3317,#3318),
  .UNSPECIFIED.,.F.,.F.,(5,5),(0.,1.),.PIECEWISE_BEZIER_KNOTS.);
#3314 = CARTESIAN_POINT('',(46.,-68.09763473487,563.95194256048));
#3315 = CARTESIAN_POINT('',(46.,-68.78947633842,563.58390661048));
#3316 = CARTESIAN_POINT('',(46.,-69.61389902704,563.09327905506));
#3317 = CARTESIAN_POINT('',(46.,-70.55296238381,562.45492824589));
#3318 = CARTESIAN_POINT('',(46.,-71.58191542262,561.6481503179));
#3319 = ORIENTED_EDGE('',*,*,#3320,.T.);
#3320 = EDGE_CURVE('',#3311,#3321,#3323,.T.);
#3321 = VERTEX_POINT('',#3322);
#3322 = CARTESIAN_POINT('',(46.,-71.16768322264,560.10218654454));
#3323 = CIRCLE('',#3324,73.896969596524);
#3324 = AXIS2_PLACEMENT_3D('',#3325,#3326,#3327);
#3325 = CARTESIAN_POINT('',(46.,9.365065672995E-05,579.99966503963));
#3326 = DIRECTION('',(1.,0.,2.22044604925E-16));
#3327 = DIRECTION('',(5.514238078247E-17,-0.968673133203,-0.248339205544
    ));
#3328 = ORIENTED_EDGE('',*,*,#3329,.T.);
#3329 = EDGE_CURVE('',#3321,#3330,#3332,.T.);
#3330 = VERTEX_POINT('',#3331);
#3331 = CARTESIAN_POINT('',(46.,-66.99831077395,559.84920806437));
#3332 = B_SPLINE_CURVE_WITH_KNOTS('',4,(#3333,#3334,#3335,#3336,#3337),
  .UNSPECIFIED.,.F.,.F.,(5,5),(0.,1.),.PIECEWISE_BEZIER_KNOTS.);
#3333 = CARTESIAN_POINT('',(46.,-71.16768322264,560.10218654454));
#3334 = CARTESIAN_POINT('',(46.,-69.87319361368,559.91799665837));
#3335 = CARTESIAN_POINT('',(46.,-68.74076548637,559.83470031948));
#3336 = CARTESIAN_POINT('',(46.,-67.78148071686,559.822015737));
#3337 = CARTESIAN_POINT('',(46.,-66.99831077395,559.84920806437));
#3338 = ORIENTED_EDGE('',*,*,#3339,.T.);
#3339 = EDGE_CURVE('',#3330,#3340,#3342,.T.);
#3340 = VERTEX_POINT('',#3341);
#3341 = CARTESIAN_POINT('',(46.,-66.24262931119,559.31538129056));
#3342 = CIRCLE('',#3343,0.76);
#3343 = AXIS2_PLACEMENT_3D('',#3344,#3345,#3346);
#3344 = CARTESIAN_POINT('',(46.,-66.96837861655,559.08979772341));
#3345 = DIRECTION('',(-1.,0.,-2.22044604925E-16));
#3346 = DIRECTION('',(-2.218723278078E-16,-3.938441763081E-02,
    0.999224132839));
#3347 = ORIENTED_EDGE('',*,*,#3348,.T.);
#3348 = EDGE_CURVE('',#3340,#3349,#3351,.T.);
#3349 = VERTEX_POINT('',#3350);
#3350 = CARTESIAN_POINT('',(46.,-66.12699510598,558.94863644633));
#3351 = CIRCLE('',#3352,69.396969597235);
#3352 = AXIS2_PLACEMENT_3D('',#3353,#3354,#3355);
#3353 = CARTESIAN_POINT('',(46.,4.429665523276E-10,580.00000000013));
#3354 = DIRECTION('',(1.,0.,2.22044604925E-16));
#3355 = DIRECTION('',(6.618312033001E-17,-0.954546426106,-0.298062276056
    ));
#3356 = ORIENTED_EDGE('',*,*,#3357,.T.);
#3357 = EDGE_CURVE('',#3349,#3358,#3360,.T.);
#3358 = VERTEX_POINT('',#3359);
#3359 = CARTESIAN_POINT('',(46.,-66.43982230966,558.07791032941));
#3360 = CIRCLE('',#3361,0.76);
#3361 = AXIS2_PLACEMENT_3D('',#3362,#3363,#3364);
#3362 = CARTESIAN_POINT('',(46.,-66.85088355952,558.71715101089));
#3363 = DIRECTION('',(-1.,0.,-2.22044604925E-16));
#3364 = DIRECTION('',(-6.763170007624E-17,0.9524848073,0.304586099262));
#3365 = ORIENTED_EDGE('',*,*,#3366,.T.);
#3366 = EDGE_CURVE('',#3358,#3367,#3369,.T.);
#3367 = VERTEX_POINT('',#3368);
#3368 = CARTESIAN_POINT('',(46.,-69.71005553343,555.47920964055));
#3369 = B_SPLINE_CURVE_WITH_KNOTS('',4,(#3370,#3371,#3372,#3373,#3374),
  .UNSPECIFIED.,.F.,.F.,(5,5),(0.,1.),.PIECEWISE_BEZIER_KNOTS.);
#3370 = CARTESIAN_POINT('',(46.,-66.43982230966,558.07791032941));
#3371 = CARTESIAN_POINT('',(46.,-67.09695480047,557.65097689848));
#3372 = CARTESIAN_POINT('',(46.,-67.87547930285,557.09036315727));
#3373 = CARTESIAN_POINT('',(46.,-68.75533330113,556.3725967013));
#3374 = CARTESIAN_POINT('',(46.,-69.71005553343,555.47920964055));
#3375 = ORIENTED_EDGE('',*,*,#3376,.T.);
#3376 = EDGE_CURVE('',#3367,#3377,#3379,.T.);
#3377 = VERTEX_POINT('',#3378);
#3378 = CARTESIAN_POINT('',(46.,-69.1626599911,553.97523144116));
#3379 = CIRCLE('',#3380,73.896969596888);
#3380 = AXIS2_PLACEMENT_3D('',#3381,#3382,#3383);
#3381 = CARTESIAN_POINT('',(46.,1.224883495183E-04,579.99967447657));
#3382 = DIRECTION('',(1.,0.,2.22044604925E-16));
#3383 = DIRECTION('',(7.367875782717E-17,-0.943342851568,-0.331819626296
    ));
#3384 = ORIENTED_EDGE('',*,*,#3385,.T.);
#3385 = EDGE_CURVE('',#3377,#3386,#3388,.T.);
#3386 = VERTEX_POINT('',#3387);
#3387 = CARTESIAN_POINT('',(46.,-64.98710473601,554.08660037303));
#3388 = B_SPLINE_CURVE_WITH_KNOTS('',4,(#3389,#3390,#3391,#3392,#3393),
  .UNSPECIFIED.,.F.,.F.,(5,5),(0.,1.),.PIECEWISE_BEZIER_KNOTS.);
#3389 = CARTESIAN_POINT('',(46.,-69.1626599911,553.97523144116));
#3390 = CARTESIAN_POINT('',(46.,-67.85704309959,553.90456465645));
#3391 = CARTESIAN_POINT('',(46.,-66.72166444891,553.92028289983));
#3392 = CARTESIAN_POINT('',(46.,-65.76492451335,553.99125376261));
#3393 = CARTESIAN_POINT('',(46.,-64.98710473601,554.08660037303));
#3394 = ORIENTED_EDGE('',*,*,#3395,.T.);
#3395 = EDGE_CURVE('',#3386,#3396,#3398,.T.);
#3396 = VERTEX_POINT('',#3397);
#3397 = CARTESIAN_POINT('',(46.,-64.18777280039,553.62066695043));
#3398 = CIRCLE('',#3399,0.76);
#3399 = AXIS2_PLACEMENT_3D('',#3400,#3401,#3402);
#3400 = CARTESIAN_POINT('',(46.,-64.89109950719,553.3326885771));
#3401 = DIRECTION('',(-1.,0.,-2.22044604925E-16));
#3402 = DIRECTION('',(-2.202658511515E-16,-0.1263226695,0.991989205168)
  );
#3403 = ORIENTED_EDGE('',*,*,#3404,.T.);
#3404 = EDGE_CURVE('',#3396,#3405,#3407,.T.);
#3405 = VERTEX_POINT('',#3406);
#3406 = CARTESIAN_POINT('',(46.,-64.04061469894,553.2653958661));
#3407 = CIRCLE('',#3408,69.396969598039);
#3408 = AXIS2_PLACEMENT_3D('',#3409,#3410,#3411);
#3409 = CARTESIAN_POINT('',(46.,1.171144958789E-09,580.00000000048));
#3410 = DIRECTION('',(1.,0.,2.22044604925E-16));
#3411 = DIRECTION('',(8.44040974586E-17,-0.924936249715,-0.380122261863)
  );
#3412 = ORIENTED_EDGE('',*,*,#3413,.T.);
#3413 = EDGE_CURVE('',#3405,#3414,#3416,.T.);
#3414 = VERTEX_POINT('',#3415);
#3415 = CARTESIAN_POINT('',(46.,-64.27636271922,552.37071843764));
#3416 = CIRCLE('',#3417,0.76);
#3417 = AXIS2_PLACEMENT_3D('',#3418,#3419,#3420);
#3418 = CARTESIAN_POINT('',(46.,-64.74157325331,552.97170026679));
#3419 = DIRECTION('',(-1.,0.,-2.22044604925E-16));
#3420 = DIRECTION('',(-8.580726752096E-17,0.922313887333,0.386441578033)
  );
#3421 = ORIENTED_EDGE('',*,*,#3422,.T.);
#3422 = EDGE_CURVE('',#3414,#3423,#3425,.T.);
#3423 = VERTEX_POINT('',#3424);
#3424 = CARTESIAN_POINT('',(46.,-67.30766002955,549.4968869839));
#3425 = B_SPLINE_CURVE_WITH_KNOTS('',4,(#3426,#3427,#3428,#3429,#3430),
  .UNSPECIFIED.,.F.,.F.,(5,5),(0.,1.),.PIECEWISE_BEZIER_KNOTS.);
#3426 = CARTESIAN_POINT('',(46.,-64.27636271922,552.37071843764));
#3427 = CARTESIAN_POINT('',(46.,-64.89378492223,551.888136747));
#3428 = CARTESIAN_POINT('',(46.,-65.62048619683,551.26180342907));
#3429 = CARTESIAN_POINT('',(46.,-66.43443461642,550.47008396244));
#3430 = CARTESIAN_POINT('',(46.,-67.30766002955,549.4968869839));
#3431 = ORIENTED_EDGE('',*,*,#3432,.T.);
#3432 = EDGE_CURVE('',#3423,#3433,#3435,.T.);
#3433 = VERTEX_POINT('',#3434);
#3434 = CARTESIAN_POINT('',(46.,-66.63126715547,548.04634054069));
#3435 = CIRCLE('',#3436,73.896969596785);
#3436 = AXIS2_PLACEMENT_3D('',#3437,#3438,#3439);
#3437 = CARTESIAN_POINT('',(46.,1.503933876208E-04,579.9996863908));
#3438 = DIRECTION('',(1.,0.,2.22044604925E-16));
#3439 = DIRECTION('',(9.165439503634E-17,-0.910833161227,-0.412774699333
    ));
#3440 = ORIENTED_EDGE('',*,*,#3441,.T.);
#3441 = EDGE_CURVE('',#3433,#3442,#3444,.T.);
#3442 = VERTEX_POINT('',#3443);
#3443 = CARTESIAN_POINT('',(46.,-62.48130759074,548.52120929979));
#3444 = B_SPLINE_CURVE_WITH_KNOTS('',4,(#3445,#3446,#3447,#3448,#3449),
  .UNSPECIFIED.,.F.,.F.,(5,5),(0.,1.),.PIECEWISE_BEZIER_KNOTS.);
#3445 = CARTESIAN_POINT('',(46.,-66.63126715547,548.04634054069));
#3446 = CARTESIAN_POINT('',(46.,-65.3244595143,548.08973467436));
#3447 = CARTESIAN_POINT('',(46.,-64.19477125734,548.20434787467));
#3448 = CARTESIAN_POINT('',(46.,-63.24785752435,548.35843405159));
#3449 = CARTESIAN_POINT('',(46.,-62.48130759074,548.52120929979));
#3450 = ORIENTED_EDGE('',*,*,#3451,.T.);
#3451 = EDGE_CURVE('',#3442,#3452,#3454,.T.);
#3452 = VERTEX_POINT('',#3453);
#3453 = CARTESIAN_POINT('',(46.,-61.64440858095,548.12671526309));
#3454 = CIRCLE('',#3455,0.76);
#3455 = AXIS2_PLACEMENT_3D('',#3456,#3457,#3458);
#3456 = CARTESIAN_POINT('',(46.,-62.31995994826,547.77853377289));
#3457 = DIRECTION('',(-1.,0.,-2.22044604925E-16));
#3458 = DIRECTION('',(-2.169830183677E-16,-0.212299529579,0.977204640667
    ));
#3459 = ORIENTED_EDGE('',*,*,#3460,.T.);
#3460 = EDGE_CURVE('',#3452,#3461,#3463,.T.);
#3461 = VERTEX_POINT('',#3462);
#3462 = CARTESIAN_POINT('',(46.,-61.46684654527,547.78562176612));
#3463 = CIRCLE('',#3464,69.396969596883);
#3464 = AXIS2_PLACEMENT_3D('',#3465,#3466,#3467);
#3465 = CARTESIAN_POINT('',(46.,9.867306971501E-11,580.00000000005));
#3466 = DIRECTION('',(1.,0.,2.22044604925E-16));
#3467 = DIRECTION('',(1.019827084409E-16,-0.888286749971,-0.459289287733
    ));
#3468 = ORIENTED_EDGE('',*,*,#3469,.T.);
#3469 = EDGE_CURVE('',#3461,#3470,#3472,.T.);
#3470 = VERTEX_POINT('',#3471);
#3471 = CARTESIAN_POINT('',(46.,-61.62372119736,546.87380206158));
#3472 = CIRCLE('',#3473,0.76);
#3473 = AXIS2_PLACEMENT_3D('',#3474,#3475,#3476);
#3474 = CARTESIAN_POINT('',(46.,-62.13954048262,547.4319512038));
#3475 = DIRECTION('',(-1.,0.,-2.22044604925E-16));
#3476 = DIRECTION('',(-1.03329789848E-16,0.885123601775,0.465356003056)
  );
#3477 = ORIENTED_EDGE('',*,*,#3478,.T.);
#3478 = EDGE_CURVE('',#3470,#3479,#3481,.T.);
#3479 = VERTEX_POINT('',#3480);
#3480 = CARTESIAN_POINT('',(46.,-64.39301259137,543.74671143559));
#3481 = B_SPLINE_CURVE_WITH_KNOTS('',4,(#3482,#3483,#3484,#3485,#3486),
  .UNSPECIFIED.,.F.,.F.,(5,5),(0.,1.),.PIECEWISE_BEZIER_KNOTS.);
#3482 = CARTESIAN_POINT('',(46.,-61.62372119736,546.87380206158));
#3483 = CARTESIAN_POINT('',(46.,-62.19673415679,546.33924484927));
#3484 = CARTESIAN_POINT('',(46.,-62.86608156811,545.65195872938));
#3485 = CARTESIAN_POINT('',(46.,-63.60792977007,544.79231171527));
#3486 = CARTESIAN_POINT('',(46.,-64.39301259137,543.74671143559));
#3487 = ORIENTED_EDGE('',*,*,#3488,.T.);
#3488 = EDGE_CURVE('',#3479,#3489,#3491,.T.);
#3489 = VERTEX_POINT('',#3490);
#3490 = CARTESIAN_POINT('',(46.,-63.59277014373,542.36063628285));
#3491 = CIRCLE('',#3492,73.896969597064);
#3492 = AXIS2_PLACEMENT_3D('',#3493,#3494,#3495);
#3493 = CARTESIAN_POINT('',(46.,1.771541794007E-04,579.99970069197));
#3494 = DIRECTION('',(1.,0.,2.22044604925E-16));
#3495 = DIRECTION('',(1.089324869569E-16,-0.871391480553,-0.490588307667
    ));
#3496 = ORIENTED_EDGE('',*,*,#3497,.T.);
#3497 = EDGE_CURVE('',#3489,#3498,#3500,.T.);
#3498 = VERTEX_POINT('',#3499);
#3499 = CARTESIAN_POINT('',(46.,-59.49998996746,543.1953908312));
#3500 = B_SPLINE_CURVE_WITH_KNOTS('',4,(#3501,#3502,#3503,#3504,#3505),
  .UNSPECIFIED.,.F.,.F.,(5,5),(0.,1.),.PIECEWISE_BEZIER_KNOTS.);
#3501 = CARTESIAN_POINT('',(46.,-63.59277014373,542.36063628285));
#3502 = CARTESIAN_POINT('',(46.,-62.29471734813,542.51776107933));
#3503 = CARTESIAN_POINT('',(46.,-61.17931709465,542.73039696093));
#3504 = CARTESIAN_POINT('',(46.,-60.24943614949,542.96642576314));
#3505 = CARTESIAN_POINT('',(46.,-59.49998996746,543.1953908312));
#3506 = ORIENTED_EDGE('',*,*,#3507,.T.);
#3507 = EDGE_CURVE('',#3498,#3508,#3510,.T.);
#3508 = VERTEX_POINT('',#3509);
#3509 = CARTESIAN_POINT('',(46.,-58.63189319029,542.87533851821));
#3510 = CIRCLE('',#3511,0.76);
#3511 = AXIS2_PLACEMENT_3D('',#3512,#3513,#3514);
#3512 = CARTESIAN_POINT('',(46.,-59.27452786431,542.46960378251));
#3513 = DIRECTION('',(-1.,0.,-2.22044604925E-16));
#3514 = DIRECTION('',(-2.120488137963E-16,-0.296660662048,0.954982958797
    ));
#3515 = ORIENTED_EDGE('',*,*,#3516,.T.);
#3516 = EDGE_CURVE('',#3508,#3517,#3519,.T.);
#3517 = VERTEX_POINT('',#3518);
#3518 = CARTESIAN_POINT('',(46.,-58.42527857469,542.55101853608));
#3519 = CIRCLE('',#3520,69.396969593708);
#3520 = AXIS2_PLACEMENT_3D('',#3521,#3522,#3523);
#3521 = CARTESIAN_POINT('',(46.,-2.583814051604E-09,579.99999999835));
#3522 = DIRECTION('',(1.,0.,2.22044604925E-16));
#3523 = DIRECTION('',(1.187851694331E-16,-0.844876851698,-0.534960844796
    ));
#3524 = ORIENTED_EDGE('',*,*,#3525,.T.);
#3525 = EDGE_CURVE('',#3517,#3526,#3528,.T.);
#3526 = VERTEX_POINT('',#3527);
#3527 = CARTESIAN_POINT('',(46.,-58.50208594777,541.62899605398));
#3528 = CIRCLE('',#3529,0.76);
#3529 = AXIS2_PLACEMENT_3D('',#3530,#3531,#3532);
#3530 = CARTESIAN_POINT('',(46.,-59.06458828797,542.14006465727));
#3531 = DIRECTION('',(-1.,0.,-2.22044604925E-16));
#3532 = DIRECTION('',(-1.200659100821E-16,0.841196991156,0.540728787906)
  );
#3533 = ORIENTED_EDGE('',*,*,#3534,.T.);
#3534 = EDGE_CURVE('',#3526,#3535,#3537,.T.);
#3535 = VERTEX_POINT('',#3536);
#3536 = CARTESIAN_POINT('',(46.,-60.9882954458,538.27244530358));
#3537 = B_SPLINE_CURVE_WITH_KNOTS('',4,(#3538,#3539,#3540,#3541,#3542),
  .UNSPECIFIED.,.F.,.F.,(5,5),(0.,1.),.PIECEWISE_BEZIER_KNOTS.);
#3538 = CARTESIAN_POINT('',(46.,-58.50208594777,541.62899605398));
#3539 = CARTESIAN_POINT('',(46.,-59.02632868901,541.04653162317));
#3540 = CARTESIAN_POINT('',(46.,-59.63322809909,540.30352336366));
#3541 = CARTESIAN_POINT('',(46.,-60.29733017065,539.38249123494));
#3542 = CARTESIAN_POINT('',(46.,-60.9882954458,538.27244530358));
#3543 = ORIENTED_EDGE('',*,*,#3544,.T.);
#3544 = EDGE_CURVE('',#3535,#3545,#3547,.T.);
#3545 = VERTEX_POINT('',#3546);
#3546 = CARTESIAN_POINT('',(46.,-60.07029375284,536.96139031017));
#3547 = CIRCLE('',#3548,73.896969596739);
#3548 = AXIS2_PLACEMENT_3D('',#3549,#3550,#3551);
#3549 = CARTESIAN_POINT('',(46.,2.025662014269E-04,579.99971727074));
#3550 = DIRECTION('',(1.,0.,2.22044604925E-16));
#3551 = DIRECTION('',(1.253815368764E-16,-0.825317984551,-0.564668242756
    ));
#3552 = ORIENTED_EDGE('',*,*,#3553,.T.);
#3553 = EDGE_CURVE('',#3545,#3554,#3556,.T.);
#3554 = VERTEX_POINT('',#3555);
#3555 = CARTESIAN_POINT('',(46.,-56.06584149345,538.14967766161));
#3556 = B_SPLINE_CURVE_WITH_KNOTS('',4,(#3557,#3558,#3559,#3560,#3561),
  .UNSPECIFIED.,.F.,.F.,(5,5),(0.,1.),.PIECEWISE_BEZIER_KNOTS.);
#3557 = CARTESIAN_POINT('',(46.,-60.07029375284,536.96139031017));
#3558 = CARTESIAN_POINT('',(46.,-58.79087476835,537.23104995489));
#3559 = CARTESIAN_POINT('',(46.,-57.69825138778,537.54009023032));
#3560 = CARTESIAN_POINT('',(46.,-56.79248018592,537.85626533612));
#3561 = CARTESIAN_POINT('',(46.,-56.06584149345,538.14967766161));
#3562 = ORIENTED_EDGE('',*,*,#3563,.T.);
#3563 = EDGE_CURVE('',#3554,#3564,#3566,.T.);
#3564 = VERTEX_POINT('',#3565);
#3565 = CARTESIAN_POINT('',(46.,-55.17315368954,537.90650286369));
#3566 = CIRCLE('',#3567,0.76);
#3567 = AXIS2_PLACEMENT_3D('',#3568,#3569,#3570);
#3568 = CARTESIAN_POINT('',(46.,-55.77798083236,537.44630276883));
#3569 = DIRECTION('',(-1.,0.,-2.22044604925E-16));
#3570 = DIRECTION('',(-2.055007897133E-16,-0.37876402775,0.925493279977)
  );
#3571 = ORIENTED_EDGE('',*,*,#3572,.T.);
#3572 = EDGE_CURVE('',#3564,#3573,#3575,.T.);
#3573 = VERTEX_POINT('',#3574);
#3574 = CARTESIAN_POINT('',(46.,-54.93905895601,537.60142466729));
#3575 = CIRCLE('',#3576,69.39696959577);
#3576 = AXIS2_PLACEMENT_3D('',#3577,#3578,#3579);
#3577 = CARTESIAN_POINT('',(46.,-7.947704716571E-10,579.99999999939));
#3578 = DIRECTION('',(1.,0.,2.22044604925E-16));
#3579 = DIRECTION('',(1.346836035616E-16,-0.795036930433,-0.606561026813
    ));
#3580 = ORIENTED_EDGE('',*,*,#3581,.T.);
#3581 = EDGE_CURVE('',#3573,#3582,#3584,.T.);
#3582 = VERTEX_POINT('',#3583);
#3583 = CARTESIAN_POINT('',(46.,-54.93521449958,536.67621655545));
#3584 = CIRCLE('',#3585,0.76);
#3585 = AXIS2_PLACEMENT_3D('',#3586,#3587,#3588);
#3586 = CARTESIAN_POINT('',(46.,-55.54011891227,537.13631507915));
#3587 = DIRECTION('',(-1.,0.,-2.22044604925E-16));
#3588 = DIRECTION('',(-1.358882562426E-16,0.790868363506,0.611986300178)
  );
#3589 = ORIENTED_EDGE('',*,*,#3590,.T.);
#3590 = EDGE_CURVE('',#3582,#3591,#3593,.T.);
#3591 = VERTEX_POINT('',#3592);
#3592 = CARTESIAN_POINT('',(46.,-57.11942054615,533.1157510586));
#3593 = B_SPLINE_CURVE_WITH_KNOTS('',4,(#3594,#3595,#3596,#3597,#3598),
  .UNSPECIFIED.,.F.,.F.,(5,5),(0.,1.),.PIECEWISE_BEZIER_KNOTS.);
#3594 = CARTESIAN_POINT('',(46.,-54.93521449958,536.67621655545));
#3595 = CARTESIAN_POINT('',(46.,-55.40669721883,536.05027781216));
#3596 = CARTESIAN_POINT('',(46.,-55.94652975671,535.25720215454));
#3597 = CARTESIAN_POINT('',(46.,-56.52783148012,534.28179452182));
#3598 = CARTESIAN_POINT('',(46.,-57.11942054615,533.1157510586));
#3599 = ORIENTED_EDGE('',*,*,#3600,.T.);
#3600 = EDGE_CURVE('',#3591,#3601,#3603,.T.);
#3601 = VERTEX_POINT('',#3602);
#3602 = CARTESIAN_POINT('',(46.,-56.09064615505,531.88969414465));
#3603 = CIRCLE('',#3604,73.896969596845);
#3604 = AXIS2_PLACEMENT_3D('',#3605,#3606,#3607);
#3605 = CARTESIAN_POINT('',(46.,2.264369353568E-04,579.99973600149));
#3606 = DIRECTION('',(1.,0.,2.22044604925E-16));
#3607 = DIRECTION('',(1.408763575929E-16,-0.772963320346,-0.634450711561
    ));
#3608 = ORIENTED_EDGE('',*,*,#3609,.T.);
#3609 = EDGE_CURVE('',#3601,#3610,#3612,.T.);
#3610 = VERTEX_POINT('',#3611);
#3611 = CARTESIAN_POINT('',(46.,-52.2049981122,533.42247071493));
#3612 = B_SPLINE_CURVE_WITH_KNOTS('',4,(#3613,#3614,#3615,#3616,#3617),
  .UNSPECIFIED.,.F.,.F.,(5,5),(0.,1.),.PIECEWISE_BEZIER_KNOTS.);
#3613 = CARTESIAN_POINT('',(46.,-56.09064615505,531.88969414465));
#3614 = CARTESIAN_POINT('',(46.,-54.83959813269,532.26983636489));
#3615 = CARTESIAN_POINT('',(46.,-53.7780671487,532.67292905104));
#3616 = CARTESIAN_POINT('',(46.,-52.90329915591,533.06684417697));
#3617 = CARTESIAN_POINT('',(46.,-52.2049981122,533.42247071493));
#3618 = ORIENTED_EDGE('',*,*,#3619,.T.);
#3619 = EDGE_CURVE('',#3610,#3620,#3622,.T.);
#3620 = VERTEX_POINT('',#3621);
#3621 = CARTESIAN_POINT('',(46.,-51.29451317476,533.25802413912));
#3622 = CIRCLE('',#3623,0.76);
#3623 = AXIS2_PLACEMENT_3D('',#3624,#3625,#3626);
#3624 = CARTESIAN_POINT('',(46.,-51.85692968662,532.74686108569));
#3625 = DIRECTION('',(-1.,0.,-2.22044604925E-16));
#3626 = DIRECTION('',(-1.973887805358E-16,-0.457984770497,0.888960038468
    ));
#3627 = ORIENTED_EDGE('',*,*,#3628,.T.);
#3628 = EDGE_CURVE('',#3620,#3629,#3631,.T.);
#3629 = VERTEX_POINT('',#3630);
#3630 = CARTESIAN_POINT('',(46.,-51.03471992556,532.97450955774));
#3631 = CIRCLE('',#3632,69.396969595087);
#3632 = AXIS2_PLACEMENT_3D('',#3633,#3634,#3635);
#3633 = CARTESIAN_POINT('',(46.,-1.241154734544E-09,579.99999999886));
#3634 = DIRECTION('',(1.,0.,2.22044604925E-16));
#3635 = DIRECTION('',(1.495570141427E-16,-0.739146298071,-0.673544913164
    ));
#3636 = ORIENTED_EDGE('',*,*,#3637,.T.);
#3637 = EDGE_CURVE('',#3629,#3638,#3640,.T.);
#3638 = VERTEX_POINT('',#3639);
#3639 = CARTESIAN_POINT('',(46.,-50.95025289827,532.05315720855));
#3640 = CIRCLE('',#3641,0.76);
#3641 = AXIS2_PLACEMENT_3D('',#3642,#3643,#3644);
#3642 = CARTESIAN_POINT('',(46.,-51.59295569561,532.45878402509));
#3643 = DIRECTION('',(-1.,0.,-2.22044604925E-16));
#3644 = DIRECTION('',(-1.506764107216E-16,0.734520750069,0.678586227179)
  );
#3645 = ORIENTED_EDGE('',*,*,#3646,.T.);
#3646 = EDGE_CURVE('',#3638,#3647,#3649,.T.);
#3647 = VERTEX_POINT('',#3648);
#3648 = CARTESIAN_POINT('',(46.,-52.81583236649,528.31587425755));
#3649 = B_SPLINE_CURVE_WITH_KNOTS('',4,(#3650,#3651,#3652,#3653,#3654),
  .UNSPECIFIED.,.F.,.F.,(5,5),(0.,1.),.PIECEWISE_BEZIER_KNOTS.);
#3650 = CARTESIAN_POINT('',(46.,-50.95025289827,532.05315720855));
#3651 = CARTESIAN_POINT('',(46.,-51.36538732734,531.38850792456));
#3652 = CARTESIAN_POINT('',(46.,-51.83404454143,530.55140065346));
#3653 = CARTESIAN_POINT('',(46.,-52.32812185957,529.52904095781));
#3654 = CARTESIAN_POINT('',(46.,-52.81583236649,528.31587425755));
#3655 = ORIENTED_EDGE('',*,*,#3656,.T.);
#3656 = EDGE_CURVE('',#3647,#3657,#3659,.T.);
#3657 = VERTEX_POINT('',#3658);
#3658 = CARTESIAN_POINT('',(46.,-51.68411487156,527.18414645649));
#3659 = CIRCLE('',#3660,73.896969596854);
#3660 = AXIS2_PLACEMENT_3D('',#3661,#3662,#3663);
#3661 = CARTESIAN_POINT('',(46.,2.485842665259E-04,579.99975674137));
#3662 = DIRECTION('',(1.,0.,2.22044604925E-16));
#3663 = DIRECTION('',(1.552990241646E-16,-0.714725938545,-0.699404627359
    ));
#3664 = ORIENTED_EDGE('',*,*,#3665,.T.);
#3665 = EDGE_CURVE('',#3657,#3666,#3668,.T.);
#3666 = VERTEX_POINT('',#3667);
#3667 = CARTESIAN_POINT('',(46.,-47.94684317307,529.04974689039));
#3668 = B_SPLINE_CURVE_WITH_KNOTS('',4,(#3669,#3670,#3671,#3672,#3673),
  .UNSPECIFIED.,.F.,.F.,(5,5),(0.,1.),.PIECEWISE_BEZIER_KNOTS.);
#3669 = CARTESIAN_POINT('',(46.,-51.68411487156,527.18414645649));
#3670 = CARTESIAN_POINT('',(46.,-50.47095904218,527.67187814042));
#3671 = CARTESIAN_POINT('',(46.,-49.44859934653,528.16595545856));
#3672 = CARTESIAN_POINT('',(46.,-48.61149207543,528.63461267265));
#3673 = CARTESIAN_POINT('',(46.,-47.94684317307,529.04974689039));
#3674 = ORIENTED_EDGE('',*,*,#3675,.T.);
#3675 = EDGE_CURVE('',#3666,#3676,#3678,.T.);
#3676 = VERTEX_POINT('',#3677);
#3677 = CARTESIAN_POINT('',(46.,-47.02549044225,528.96528007443));
#3678 = CIRCLE('',#3679,0.76);
#3679 = AXIS2_PLACEMENT_3D('',#3680,#3681,#3682);
#3680 = CARTESIAN_POINT('',(46.,-47.5412159939,528.40704432192));
#3681 = DIRECTION('',(-1.,0.,-2.22044604925E-16));
#3682 = DIRECTION('',(-1.877745235518E-16,-0.533719972601,0.845661274298
    ));
#3683 = ORIENTED_EDGE('',*,*,#3684,.T.);
#3684 = EDGE_CURVE('',#3676,#3685,#3687,.T.);
#3685 = VERTEX_POINT('',#3686);
#3686 = CARTESIAN_POINT('',(46.,-46.74197586087,528.70548682523));
#3687 = CIRCLE('',#3688,69.396969597208);
#3688 = AXIS2_PLACEMENT_3D('',#3689,#3690,#3691);
#3689 = CARTESIAN_POINT('',(46.,2.946656252334E-10,580.00000000032));
#3690 = DIRECTION('',(1.,0.,2.22044604925E-16));
#3691 = DIRECTION('',(1.632922055412E-16,-0.677630316071,-0.735402716028
    ));
#3692 = ORIENTED_EDGE('',*,*,#3693,.T.);
#3693 = EDGE_CURVE('',#3685,#3694,#3696,.T.);
#3694 = VERTEX_POINT('',#3695);
#3695 = CARTESIAN_POINT('',(46.,-46.5775291078,527.79500228639));
#3696 = CIRCLE('',#3697,0.76);
#3697 = AXIS2_PLACEMENT_3D('',#3698,#3699,#3700);
#3698 = CARTESIAN_POINT('',(46.,-47.25313893343,528.14307033076));
#3699 = DIRECTION('',(-1.,0.,-2.22044604925E-16));
#3700 = DIRECTION('',(-1.643178267341E-16,0.672582990209,0.74002170325)
  );
#3701 = ORIENTED_EDGE('',*,*,#3702,.T.);
#3702 = EDGE_CURVE('',#3694,#3703,#3705,.T.);
#3703 = VERTEX_POINT('',#3704);
#3704 = CARTESIAN_POINT('',(46.,-48.11028381146,523.90934486113));
#3705 = B_SPLINE_CURVE_WITH_KNOTS('',4,(#3706,#3707,#3708,#3709,#3710),
  .UNSPECIFIED.,.F.,.F.,(5,5),(0.,1.),.PIECEWISE_BEZIER_KNOTS.);
#3706 = CARTESIAN_POINT('',(46.,-46.5775291078,527.79500228639));
#3707 = CARTESIAN_POINT('',(46.,-46.93315582302,527.09670084408));
#3708 = CARTESIAN_POINT('',(46.,-47.32707094895,526.22193285129));
#3709 = CARTESIAN_POINT('',(46.,-47.7301636351,525.1604018673));
#3710 = CARTESIAN_POINT('',(46.,-48.11028381146,523.90934486113));
#3711 = ORIENTED_EDGE('',*,*,#3712,.T.);
#3712 = EDGE_CURVE('',#3703,#3713,#3715,.T.);
#3713 = VERTEX_POINT('',#3714);
#3714 = CARTESIAN_POINT('',(46.,-46.88423626618,522.88055930488));
#3715 = CIRCLE('',#3716,73.896969596759);
#3716 = AXIS2_PLACEMENT_3D('',#3717,#3718,#3719);
#3717 = CARTESIAN_POINT('',(46.,2.688396538737E-04,579.99977933251));
#3718 = DIRECTION('',(1.,0.,2.22044604925E-16));
#3719 = DIRECTION('',(1.685397713903E-16,-0.651049060789,-0.75903565163)
  );
#3720 = ORIENTED_EDGE('',*,*,#3721,.T.);
#3721 = EDGE_CURVE('',#3713,#3722,#3724,.T.);
#3722 = VERTEX_POINT('',#3723);
#3723 = CARTESIAN_POINT('',(46.,-43.3237838063,525.06478525662));
#3724 = B_SPLINE_CURVE_WITH_KNOTS('',4,(#3725,#3726,#3727,#3728,#3729),
  .UNSPECIFIED.,.F.,.F.,(5,5),(0.,1.),.PIECEWISE_BEZIER_KNOTS.);
#3725 = CARTESIAN_POINT('',(46.,-46.88423626618,522.88055930488));
#3726 = CARTESIAN_POINT('',(46.,-45.71820547817,523.47216851988));
#3727 = CARTESIAN_POINT('',(46.,-44.74279784545,524.05347024329));
#3728 = CARTESIAN_POINT('',(46.,-43.94972218784,524.59330278116));
#3729 = CARTESIAN_POINT('',(46.,-43.3237838063,525.06478525662));
#3730 = ORIENTED_EDGE('',*,*,#3731,.T.);
#3731 = EDGE_CURVE('',#3722,#3732,#3734,.T.);
#3732 = VERTEX_POINT('',#3733);
#3733 = CARTESIAN_POINT('',(46.,-42.3985753327,525.06094104399));
#3734 = CIRCLE('',#3735,0.76);
#3735 = AXIS2_PLACEMENT_3D('',#3736,#3737,#3738);
#3736 = CARTESIAN_POINT('',(46.,-42.86368494128,524.45988110354));
#3737 = DIRECTION('',(-1.,0.,-2.22044604925E-16));
#3738 = DIRECTION('',(-1.767311890623E-16,-0.605393243445,0.795926517206
    ));
#3739 = ORIENTED_EDGE('',*,*,#3740,.T.);
#3740 = EDGE_CURVE('',#3732,#3741,#3743,.T.);
#3741 = VERTEX_POINT('',#3742);
#3742 = CARTESIAN_POINT('',(46.,-42.0934971363,524.82684631045));
#3743 = CIRCLE('',#3744,69.396969600183);
#3744 = AXIS2_PLACEMENT_3D('',#3745,#3746,#3747);
#3745 = CARTESIAN_POINT('',(46.,2.074934002394E-09,580.0000000027));
#3746 = DIRECTION('',(1.,0.,2.22044604925E-16));
#3747 = DIRECTION('',(1.75784644657E-16,-0.610957158202,-0.791663660175)
  );
#3748 = ORIENTED_EDGE('',*,*,#3749,.T.);
#3749 = EDGE_CURVE('',#3741,#3750,#3752,.T.);
#3750 = VERTEX_POINT('',#3751);
#3751 = CARTESIAN_POINT('',(46.,-41.85032219653,523.93415891907));
#3752 = CIRCLE('',#3753,0.76);
#3753 = AXIS2_PLACEMENT_3D('',#3754,#3755,#3756);
#3754 = CARTESIAN_POINT('',(46.,-42.55369725174,524.22201918328));
#3755 = DIRECTION('',(-1.,0.,-2.22044604925E-16));
#3756 = DIRECTION('',(-1.767086848673E-16,0.605526467677,0.795825167322)
  );
#3757 = ORIENTED_EDGE('',*,*,#3758,.T.);
#3758 = EDGE_CURVE('',#3750,#3759,#3761,.T.);
#3759 = VERTEX_POINT('',#3760);
#3760 = CARTESIAN_POINT('',(46.,-43.03858694683,519.92969921877));
#3761 = B_SPLINE_CURVE_WITH_KNOTS('',4,(#3762,#3763,#3764,#3765,#3766),
  .UNSPECIFIED.,.F.,.F.,(5,5),(0.,1.),.PIECEWISE_BEZIER_KNOTS.);
#3762 = CARTESIAN_POINT('',(46.,-41.85032219653,523.93415891907));
#3763 = CARTESIAN_POINT('',(46.,-42.14373466387,523.20751981407));
#3764 = CARTESIAN_POINT('',(46.,-42.45990976968,522.30174861221));
#3765 = CARTESIAN_POINT('',(46.,-42.7689500451,521.20912523164));
#3766 = CARTESIAN_POINT('',(46.,-43.03858694683,519.92969921877));
#3767 = ORIENTED_EDGE('',*,*,#3768,.T.);
#3768 = EDGE_CURVE('',#3759,#3769,#3771,.T.);
#3769 = VERTEX_POINT('',#3770);
#3770 = CARTESIAN_POINT('',(46.,-41.72754031333,519.01168558662));
#3771 = CIRCLE('',#3772,73.896969596836);
#3772 = AXIS2_PLACEMENT_3D('',#3773,#3774,#3775);
#3773 = CARTESIAN_POINT('',(46.,2.870491202742E-04,579.9998036032));
#3774 = DIRECTION('',(1.,0.,2.22044604925E-16));
#3775 = DIRECTION('',(1.804978291886E-16,-0.582417306566,-0.812889956275
    ));
#3776 = ORIENTED_EDGE('',*,*,#3777,.T.);
#3777 = EDGE_CURVE('',#3769,#3778,#3780,.T.);
#3778 = VERTEX_POINT('',#3779);
#3779 = CARTESIAN_POINT('',(46.,-38.37100428515,521.49791377784));
#3780 = B_SPLINE_CURVE_WITH_KNOTS('',4,(#3781,#3782,#3783,#3784,#3785),
  .UNSPECIFIED.,.F.,.F.,(5,5),(0.,1.),.PIECEWISE_BEZIER_KNOTS.);
#3781 = CARTESIAN_POINT('',(46.,-41.72754031333,519.01168558662));
#3782 = CARTESIAN_POINT('',(46.,-40.61750876506,519.70266982934));
#3783 = CARTESIAN_POINT('',(46.,-39.69647663633,520.3667719009));
#3784 = CARTESIAN_POINT('',(46.,-38.95346837682,520.97367131098));
#3785 = CARTESIAN_POINT('',(46.,-38.37100428515,521.49791377784));
#3786 = ORIENTED_EDGE('',*,*,#3787,.T.);
#3787 = EDGE_CURVE('',#3778,#3788,#3790,.T.);
#3788 = VERTEX_POINT('',#3789);
#3789 = CARTESIAN_POINT('',(46.,-37.44898146391,521.5747214253));
#3790 = CIRCLE('',#3791,0.76);
#3791 = AXIS2_PLACEMENT_3D('',#3792,#3793,#3794);
#3792 = CARTESIAN_POINT('',(46.,-37.85993536447,520.935411726));
#3793 = DIRECTION('',(-1.,0.,-2.22044604925E-16));
#3794 = DIRECTION('',(-1.643428235107E-16,-0.67245910616,0.740134278724)
  );
#3795 = ORIENTED_EDGE('',*,*,#3796,.T.);
#3796 = EDGE_CURVE('',#3788,#3797,#3799,.T.);
#3797 = VERTEX_POINT('',#3798);
#3798 = CARTESIAN_POINT('',(46.,-37.12466148178,521.3681068097));
#3799 = CIRCLE('',#3800,69.396969597408);
#3800 = AXIS2_PLACEMENT_3D('',#3801,#3802,#3803);
#3801 = CARTESIAN_POINT('',(46.,3.405418169677E-10,580.00000000053));
#3802 = DIRECTION('',(1.,0.,2.22044604925E-16));
#3803 = DIRECTION('',(1.869392564853E-16,-0.539634247454,-0.841899565848
    ));
#3804 = ORIENTED_EDGE('',*,*,#3805,.T.);
#3805 = EDGE_CURVE('',#3797,#3806,#3808,.T.);
#3806 = VERTEX_POINT('',#3807);
#3807 = CARTESIAN_POINT('',(46.,-36.80460906344,520.50001045585));
#3808 = CIRCLE('',#3809,0.76);
#3809 = AXIS2_PLACEMENT_3D('',#3810,#3811,#3812);
#3810 = CARTESIAN_POINT('',(46.,-37.53039623934,520.72547214949));
#3811 = DIRECTION('',(-1.,0.,-2.22044604925E-16));
#3812 = DIRECTION('',(-1.877546832091E-16,0.533861523099,0.845571921338)
  );
#3813 = ORIENTED_EDGE('',*,*,#3814,.T.);
#3814 = EDGE_CURVE('',#3806,#3815,#3817,.T.);
#3815 = VERTEX_POINT('',#3816);
#3816 = CARTESIAN_POINT('',(46.,-37.63934044813,516.40722483681));
#3817 = B_SPLINE_CURVE_WITH_KNOTS('',4,(#3818,#3819,#3820,#3821,#3822),
  .UNSPECIFIED.,.F.,.F.,(5,5),(0.,1.),.PIECEWISE_BEZIER_KNOTS.);
#3818 = CARTESIAN_POINT('',(46.,-36.80460906344,520.50001045585));
#3819 = CARTESIAN_POINT('',(46.,-37.03357423685,519.7505638505));
#3820 = CARTESIAN_POINT('',(46.,-37.26960303906,518.82068290534));
#3821 = CARTESIAN_POINT('',(46.,-37.48223892066,517.70528265186));
#3822 = CARTESIAN_POINT('',(46.,-37.63934044813,516.40722483681));
#3823 = ORIENTED_EDGE('',*,*,#3824,.T.);
#3824 = EDGE_CURVE('',#3815,#3825,#3827,.T.);
#3825 = VERTEX_POINT('',#3826);
#3826 = CARTESIAN_POINT('',(46.,-36.25327258293,515.6069697668));
#3827 = CIRCLE('',#3828,73.89696959701);
#3828 = AXIS2_PLACEMENT_3D('',#3829,#3830,#3831);
#3829 = CARTESIAN_POINT('',(46.,3.030740070926E-04,579.99982936868));
#3830 = DIRECTION('',(1.,0.,2.22044604925E-16));
#3831 = DIRECTION('',(1.910821895192E-16,-0.509353004966,-0.860557677516
    ));
#3832 = ORIENTED_EDGE('',*,*,#3833,.T.);
#3833 = EDGE_CURVE('',#3825,#3834,#3836,.T.);
#3834 = VERTEX_POINT('',#3835);
#3835 = CARTESIAN_POINT('',(46.,-33.12619825234,518.37627849973));
#3836 = B_SPLINE_CURVE_WITH_KNOTS('',4,(#3837,#3838,#3839,#3840,#3841),
  .UNSPECIFIED.,.F.,.F.,(5,5),(0.,1.),.PIECEWISE_BEZIER_KNOTS.);
#3837 = CARTESIAN_POINT('',(46.,-36.25327258293,515.6069697668));
#3838 = CARTESIAN_POINT('',(46.,-35.20768828472,516.39207022992));
#3839 = CARTESIAN_POINT('',(46.,-34.34804127062,517.13391843188));
#3840 = CARTESIAN_POINT('',(46.,-33.66075515072,517.8032658432));
#3841 = CARTESIAN_POINT('',(46.,-33.12619825234,518.37627849973));
#3842 = ORIENTED_EDGE('',*,*,#3843,.T.);
#3843 = EDGE_CURVE('',#3834,#3844,#3846,.T.);
#3844 = VERTEX_POINT('',#3845);
#3845 = CARTESIAN_POINT('',(46.,-32.21437823387,518.53315345472));
#3846 = CIRCLE('',#3847,0.76);
#3847 = AXIS2_PLACEMENT_3D('',#3848,#3849,#3850);
#3848 = CARTESIAN_POINT('',(46.,-32.56804881908,517.86045952941));
#3849 = DIRECTION('',(-1.,0.,-2.22044604925E-16));
#3850 = DIRECTION('',(-1.507037098394E-16,-0.734407149036,0.678709171476
    ));
#3851 = ORIENTED_EDGE('',*,*,#3852,.T.);
#3852 = EDGE_CURVE('',#3844,#3853,#3855,.T.);
#3853 = VERTEX_POINT('',#3854);
#3854 = CARTESIAN_POINT('',(46.,-31.8732847369,518.35559141905));
#3855 = CIRCLE('',#3856,69.396969596054);
#3856 = AXIS2_PLACEMENT_3D('',#3857,#3858,#3859);
#3857 = CARTESIAN_POINT('',(46.,-3.318945118735E-10,579.99999999936));
#3858 = DIRECTION('',(1.,0.,2.22044604925E-16));
#3859 = DIRECTION('',(1.966711476947E-16,-0.464204394242,-0.885728107472
    ));
#3860 = ORIENTED_EDGE('',*,*,#3861,.T.);
#3861 = EDGE_CURVE('',#3853,#3862,#3864,.T.);
#3862 = VERTEX_POINT('',#3863);
#3863 = CARTESIAN_POINT('',(46.,-31.47879063214,517.51869284015));
#3864 = CIRCLE('',#3865,0.76);
#3865 = AXIS2_PLACEMENT_3D('',#3866,#3867,#3868);
#3866 = CARTESIAN_POINT('',(46.,-32.22146625008,517.68004006357));
#3867 = DIRECTION('',(-1.,0.,-2.22044604925E-16));
#3868 = DIRECTION('',(-1.973717550423E-16,0.458133569976,0.888883362462)
  );
#3869 = ORIENTED_EDGE('',*,*,#3870,.T.);
#3870 = EDGE_CURVE('',#3862,#3871,#3873,.T.);
#3871 = VERTEX_POINT('',#3872);
#3872 = CARTESIAN_POINT('',(46.,-31.95363584136,513.3687298722));
#3873 = B_SPLINE_CURVE_WITH_KNOTS('',4,(#3874,#3875,#3876,#3877,#3878),
  .UNSPECIFIED.,.F.,.F.,(5,5),(0.,1.),.PIECEWISE_BEZIER_KNOTS.);
#3874 = CARTESIAN_POINT('',(46.,-31.47879063214,517.51869284015));
#3875 = CARTESIAN_POINT('',(46.,-31.6415659484,516.75214247564));
#3876 = CARTESIAN_POINT('',(46.,-31.79565212532,515.80522874265));
#3877 = CARTESIAN_POINT('',(46.,-31.91026532563,514.67554048569));
#3878 = CARTESIAN_POINT('',(46.,-31.95363584136,513.3687298722));
#3879 = ORIENTED_EDGE('',*,*,#3880,.T.);
#3880 = EDGE_CURVE('',#3871,#3881,#3883,.T.);
#3881 = VERTEX_POINT('',#3882);
#3882 = CARTESIAN_POINT('',(46.,-30.50309555784,512.69232378862));
#3883 = CIRCLE('',#3884,73.896969597021);
#3884 = AXIS2_PLACEMENT_3D('',#3885,#3886,#3887);
#3885 = CARTESIAN_POINT('',(46.,3.167922229519E-04,579.99985643263));
#3886 = DIRECTION('',(1.,0.,2.22044604925E-16));
#3887 = DIRECTION('',(2.002122990091E-16,-0.432412219443,-0.901676035212
    ));
#3888 = ORIENTED_EDGE('',*,*,#3889,.T.);
#3889 = EDGE_CURVE('',#3881,#3890,#3892,.T.);
#3890 = VERTEX_POINT('',#3891);
#3891 = CARTESIAN_POINT('',(46.,-27.62928184869,515.72363695166));
#3892 = B_SPLINE_CURVE_WITH_KNOTS('',4,(#3893,#3894,#3895,#3896,#3897),
  .UNSPECIFIED.,.F.,.F.,(5,5),(0.,1.),.PIECEWISE_BEZIER_KNOTS.);
#3893 = CARTESIAN_POINT('',(46.,-30.50309555784,512.69232378862));
#3894 = CARTESIAN_POINT('',(46.,-29.52991603755,513.56556538357));
#3895 = CARTESIAN_POINT('',(46.,-28.73819657092,514.37951380316));
#3896 = CARTESIAN_POINT('',(46.,-28.111863253,515.10621507776));
#3897 = CARTESIAN_POINT('',(46.,-27.62928184869,515.72363695166));
#3898 = ORIENTED_EDGE('',*,*,#3899,.T.);
#3899 = EDGE_CURVE('',#3890,#3900,#3902,.T.);
#3900 = VERTEX_POINT('',#3901);
#3901 = CARTESIAN_POINT('',(46.,-26.73460413389,515.95938530105));
#3902 = CIRCLE('',#3903,0.76);
#3903 = AXIS2_PLACEMENT_3D('',#3904,#3905,#3906);
#3904 = CARTESIAN_POINT('',(46.,-27.02829975704,515.25842675667));
#3905 = DIRECTION('',(-1.,0.,-2.22044604925E-16));
#3906 = DIRECTION('',(-1.359176499387E-16,-0.79076591006,0.612118677617)
  );
#3907 = ORIENTED_EDGE('',*,*,#3908,.T.);
#3908 = EDGE_CURVE('',#3900,#3909,#3911,.T.);
#3909 = VERTEX_POINT('',#3910);
#3910 = CARTESIAN_POINT('',(46.,-26.37933304956,515.8122271996));
#3911 = CIRCLE('',#3912,69.396969597216);
#3912 = AXIS2_PLACEMENT_3D('',#3913,#3914,#3915);
#3913 = CARTESIAN_POINT('',(46.,1.700488638789E-10,580.00000000041));
#3914 = DIRECTION('',(1.,0.,2.22044604925E-16));
#3915 = DIRECTION('',(2.049062527169E-16,-0.385241665295,-0.922815723382
    ));
#3916 = ORIENTED_EDGE('',*,*,#3917,.T.);
#3917 = EDGE_CURVE('',#3909,#3918,#3920,.T.);
#3918 = VERTEX_POINT('',#3919);
#3919 = CARTESIAN_POINT('',(46.,-25.91339959671,515.01289569917));
#3920 = CIRCLE('',#3921,0.76);
#3921 = AXIS2_PLACEMENT_3D('',#3922,#3923,#3924);
#3922 = CARTESIAN_POINT('',(46.,-26.66731144681,515.1089005026));
#3923 = DIRECTION('',(-1.,0.,-2.22044604925E-16));
#3924 = DIRECTION('',(-2.054867086432E-16,0.378918943756,0.925429864475)
  );
#3925 = ORIENTED_EDGE('',*,*,#3926,.T.);
#3926 = EDGE_CURVE('',#3918,#3927,#3929,.T.);
#3927 = VERTEX_POINT('',#3928);
#3928 = CARTESIAN_POINT('',(46.,-26.02474477171,510.83733910632));
#3929 = B_SPLINE_CURVE_WITH_KNOTS('',4,(#3930,#3931,#3932,#3933,#3934),
  .UNSPECIFIED.,.F.,.F.,(5,5),(0.,1.),.PIECEWISE_BEZIER_KNOTS.);
#3930 = CARTESIAN_POINT('',(46.,-25.91339959671,515.01289569917));
#3931 = CARTESIAN_POINT('',(46.,-26.00874623738,514.23507548664));
#3932 = CARTESIAN_POINT('',(46.,-26.07971710016,513.27833555109));
#3933 = CARTESIAN_POINT('',(46.,-26.09543534354,512.1429569004));
#3934 = CARTESIAN_POINT('',(46.,-26.02474477171,510.83733910632));
#3935 = ORIENTED_EDGE('',*,*,#3936,.T.);
#3936 = EDGE_CURVE('',#3927,#3937,#3939,.T.);
#3937 = VERTEX_POINT('',#3938);
#3938 = CARTESIAN_POINT('',(46.,-24.52077155728,510.2899298679));
#3939 = CIRCLE('',#3940,73.89696959697);
#3940 = AXIS2_PLACEMENT_3D('',#3941,#3942,#3943);
#3941 = CARTESIAN_POINT('',(46.,3.280994350128E-04,579.99988458917));
#3942 = DIRECTION('',(1.,0.,2.22044604925E-16));
#3943 = DIRECTION('',(2.078186720119E-16,-0.352180515833,-0.935932093834
    ));
#3944 = ORIENTED_EDGE('',*,*,#3945,.T.);
#3945 = EDGE_CURVE('',#3937,#3946,#3948,.T.);
#3946 = VERTEX_POINT('',#3947);
#3947 = CARTESIAN_POINT('',(46.,-21.92208992715,513.56017733751));
#3948 = B_SPLINE_CURVE_WITH_KNOTS('',4,(#3949,#3950,#3951,#3952,#3953),
  .UNSPECIFIED.,.F.,.F.,(5,5),(0.,1.),.PIECEWISE_BEZIER_KNOTS.);
#3949 = CARTESIAN_POINT('',(46.,-24.52077155728,510.2899298679));
#3950 = CARTESIAN_POINT('',(46.,-23.62740329869,511.24466669886));
#3951 = CARTESIAN_POINT('',(46.,-22.90963684272,512.12452069714));
#3952 = CARTESIAN_POINT('',(46.,-22.34902310151,512.90304519953));
#3953 = CARTESIAN_POINT('',(46.,-21.92208992715,513.56017733751));
#3954 = ORIENTED_EDGE('',*,*,#3955,.T.);
#3955 = EDGE_CURVE('',#3946,#3956,#3958,.T.);
#3956 = VERTEX_POINT('',#3957);
#3957 = CARTESIAN_POINT('',(46.,-21.05136355366,513.87300489401));
#3958 = CIRCLE('',#3959,0.76);
#3959 = AXIS2_PLACEMENT_3D('',#3960,#3961,#3962);
#3960 = CARTESIAN_POINT('',(46.,-21.28284901373,513.14911644834));
#3961 = DIRECTION('',(-1.,0.,-2.22044604925E-16));
#3962 = DIRECTION('',(-1.200971746527E-16,-0.84110646503,0.540869591014)
  );
#3963 = ORIENTED_EDGE('',*,*,#3964,.T.);
#3964 = EDGE_CURVE('',#3956,#3965,#3967,.T.);
#3965 = VERTEX_POINT('',#3966);
#3966 = CARTESIAN_POINT('',(46.,-20.68461870943,513.7573706888));
#3967 = CIRCLE('',#3968,69.396969595091);
#3968 = AXIS2_PLACEMENT_3D('',#3969,#3970,#3971);
#3969 = CARTESIAN_POINT('',(46.,-5.060183383421E-10,579.99999999839));
#3970 = DIRECTION('',(1.,0.,2.22044604925E-16));
#3971 = DIRECTION('',(2.115818974301E-16,-0.303347014661,-0.952880154425
    ));
#3972 = ORIENTED_EDGE('',*,*,#3973,.T.);
#3973 = EDGE_CURVE('',#3965,#3974,#3976,.T.);
#3974 = VERTEX_POINT('',#3975);
#3975 = CARTESIAN_POINT('',(46.,-20.15079194342,513.00168966221));
#3976 = CIRCLE('',#3977,0.76);
#3977 = AXIS2_PLACEMENT_3D('',#3978,#3979,#3980);
#3978 = CARTESIAN_POINT('',(46.,-20.91020230127,513.03162139111));
#3979 = DIRECTION('',(-1.,0.,-2.22044604925E-16));
#3980 = DIRECTION('',(-2.120377843152E-16,0.296820515577,0.95493328643)
  );
#3981 = ORIENTED_EDGE('',*,*,#3982,.T.);
#3982 = EDGE_CURVE('',#3974,#3983,#3985,.T.);
#3983 = VERTEX_POINT('',#3984);
#3984 = CARTESIAN_POINT('',(46.,-19.89778968018,508.8323179514));
#3985 = B_SPLINE_CURVE_WITH_KNOTS('',4,(#3986,#3987,#3988,#3989,#3990),
  .UNSPECIFIED.,.F.,.F.,(5,5),(0.,1.),.PIECEWISE_BEZIER_KNOTS.);
#3986 = CARTESIAN_POINT('',(46.,-20.15079194342,513.00168966221));
#3987 = CARTESIAN_POINT('',(46.,-20.17798426299,512.21851928313));
#3988 = CARTESIAN_POINT('',(46.,-20.16529968051,511.25923451362));
#3989 = CARTESIAN_POINT('',(46.,-20.08200334162,510.12680638631));
#3990 = CARTESIAN_POINT('',(46.,-19.89778968018,508.8323179514));
#3991 = ORIENTED_EDGE('',*,*,#3992,.T.);
#3992 = EDGE_CURVE('',#3983,#3993,#3995,.T.);
#3993 = VERTEX_POINT('',#3994);
#3994 = CARTESIAN_POINT('',(46.,-18.35182967913,508.41807167298));
#3995 = CIRCLE('',#3996,73.89696959669);
#3996 = AXIS2_PLACEMENT_3D('',#3997,#3998,#3999);
#3997 = CARTESIAN_POINT('',(46.,3.369095625221E-04,579.99991362382));
#3998 = DIRECTION('',(1.,0.,2.22044604925E-16));
#3999 = DIRECTION('',(2.138434194364E-16,-0.269268505845,-0.96306514409)
  );
#4000 = ORIENTED_EDGE('',*,*,#4001,.T.);
#4001 = EDGE_CURVE('',#3993,#4002,#4004,.T.);
#4002 = VERTEX_POINT('',#4003);
#4003 = CARTESIAN_POINT('',(46.,-16.04805766435,511.90236489129));
#4004 = B_SPLINE_CURVE_WITH_KNOTS('',4,(#4005,#4006,#4007,#4008,#4009),
  .UNSPECIFIED.,.F.,.F.,(5,5),(0.,1.),.PIECEWISE_BEZIER_KNOTS.);
#4005 = CARTESIAN_POINT('',(46.,-18.35182967913,508.41807167298));
#4006 = CARTESIAN_POINT('',(46.,-17.54507175411,509.44703761618));
#4007 = CARTESIAN_POINT('',(46.,-16.90672094493,510.38610097295));
#4008 = CARTESIAN_POINT('',(46.,-16.41609338951,511.21052366157));
#4009 = CARTESIAN_POINT('',(46.,-16.04805766435,511.90236489129));
#4010 = ORIENTED_EDGE('',*,*,#4011,.T.);
#4011 = EDGE_CURVE('',#4002,#4012,#4014,.T.);
#4012 = VERTEX_POINT('',#4013);
#4013 = CARTESIAN_POINT('',(46.,-15.20790938563,512.28989084831));
#4014 = CIRCLE('',#4015,0.76);
#4015 = AXIS2_PLACEMENT_3D('',#4016,#4017,#4018);
#4016 = CARTESIAN_POINT('',(46.,-15.37542293848,511.54858172951));
#4017 = DIRECTION('',(-1.,0.,-2.22044604925E-16));
#4018 = DIRECTION('',(-1.03362687351E-16,-0.885045691928,0.465504160238)
  );
#4019 = ORIENTED_EDGE('',*,*,#4020,.T.);
#4020 = EDGE_CURVE('',#4012,#4021,#4023,.T.);
#4021 = VERTEX_POINT('',#4022);
#4022 = CARTESIAN_POINT('',(46.,-14.83248193121,512.20666058545));
#4023 = CIRCLE('',#4024,69.396969596066);
#4024 = AXIS2_PLACEMENT_3D('',#4025,#4026,#4027);
#4025 = CARTESIAN_POINT('',(46.,-1.560742646234E-10,579.99999999931));
#4026 = DIRECTION('',(1.,0.,2.22044604925E-16));
#4027 = DIRECTION('',(2.166472761473E-16,-0.219143710078,-0.975692592128
    ));
#4028 = ORIENTED_EDGE('',*,*,#4029,.T.);
#4029 = EDGE_CURVE('',#4021,#4030,#4032,.T.);
#4030 = VERTEX_POINT('',#4031);
#4031 = CARTESIAN_POINT('',(46.,-14.23482459606,511.5003812216));
#4032 = CIRCLE('',#4033,0.76);
#4033 = AXIS2_PLACEMENT_3D('',#4034,#4035,#4036);
#4034 = CARTESIAN_POINT('',(46.,-14.99395389029,511.46401207746));
#4035 = DIRECTION('',(-1.,0.,-2.22044604925E-16));
#4036 = DIRECTION('',(-2.169751244165E-16,0.212463104049,0.977169089471)
  );
#4037 = ORIENTED_EDGE('',*,*,#4038,.T.);
#4038 = EDGE_CURVE('',#4030,#4039,#4041,.T.);
#4039 = VERTEX_POINT('',#4040);
#4040 = CARTESIAN_POINT('',(46.,-13.61940039456,507.36892582909));
#4041 = B_SPLINE_CURVE_WITH_KNOTS('',4,(#4042,#4043,#4044,#4045,#4046),
  .UNSPECIFIED.,.F.,.F.,(5,5),(0.,1.),.PIECEWISE_BEZIER_KNOTS.);
#4042 = CARTESIAN_POINT('',(46.,-14.23482459606,511.5003812216));
#4043 = CARTESIAN_POINT('',(46.,-14.19365564455,510.71782107545));
#4044 = CARTESIAN_POINT('',(46.,-14.09741215415,509.76329220832));
#4045 = CARTESIAN_POINT('',(46.,-13.91573516843,508.6424330662));
#4046 = CARTESIAN_POINT('',(46.,-13.61940039456,507.36892582909));
#4047 = ORIENTED_EDGE('',*,*,#4048,.T.);
#4048 = EDGE_CURVE('',#4039,#4049,#4051,.T.);
#4049 = VERTEX_POINT('',#4050);
#4050 = CARTESIAN_POINT('',(46.,-12.04321929598,507.09099517498));
#4051 = CIRCLE('',#4052,73.896969597359);
#4052 = AXIS2_PLACEMENT_3D('',#4053,#4054,#4055);
#4053 = CARTESIAN_POINT('',(46.,3.431558150968E-04,579.99994331677));
#4054 = DIRECTION('',(1.,0.,2.22044604925E-16));
#4055 = DIRECTION('',(2.182406893168E-16,-0.184307199938,-0.982868687084
    ));
#4056 = ORIENTED_EDGE('',*,*,#4057,.T.);
#4057 = EDGE_CURVE('',#4049,#4058,#4060,.T.);
#4058 = VERTEX_POINT('',#4059);
#4059 = CARTESIAN_POINT('',(46.,-10.05188999263,510.76281656673));
#4060 = B_SPLINE_CURVE_WITH_KNOTS('',4,(#4061,#4062,#4063,#4064,#4065),
  .UNSPECIFIED.,.F.,.F.,(5,5),(0.,1.),.PIECEWISE_BEZIER_KNOTS.);
#4061 = CARTESIAN_POINT('',(46.,-12.04321929598,507.09099517498));
#4062 = CARTESIAN_POINT('',(46.,-11.32921161947,508.18635917828));
#4063 = CARTESIAN_POINT('',(46.,-10.7751346922,509.17748505438));
#4064 = CARTESIAN_POINT('',(46.,-10.35822729451,510.04153157477));
#4065 = CARTESIAN_POINT('',(46.,-10.05188999263,510.76281656673));
#4066 = ORIENTED_EDGE('',*,*,#4067,.T.);
#4067 = EDGE_CURVE('',#4058,#4068,#4070,.T.);
#4068 = VERTEX_POINT('',#4069);
#4069 = CARTESIAN_POINT('',(46.,-9.248713844387,511.22209161773));
#4070 = CIRCLE('',#4071,0.76);
#4071 = AXIS2_PLACEMENT_3D('',#4072,#4073,#4074);
#4072 = CARTESIAN_POINT('',(46.,-9.350980610742,510.46900363582));
#4073 = DIRECTION('',(-1.,0.,-2.22044604925E-16));
#4074 = DIRECTION('',(-8.584154758641E-17,-0.922249186706,0.386595961723
    ));
#4075 = ORIENTED_EDGE('',*,*,#4076,.T.);
#4076 = EDGE_CURVE('',#4068,#4077,#4079,.T.);
#4077 = VERTEX_POINT('',#4078);
#4078 = CARTESIAN_POINT('',(46.,-8.867461009397,511.17189872979));
#4079 = CIRCLE('',#4080,69.396969596643);
#4080 = AXIS2_PLACEMENT_3D('',#4081,#4082,#4083);
#4081 = CARTESIAN_POINT('',(46.,-1.740474431244E-11,579.99999999987));
#4082 = DIRECTION('',(1.,0.,2.22044604925E-16));
#4083 = DIRECTION('',(2.200638382778E-16,-0.13327258954,-0.991079420065)
  );
#4084 = ORIENTED_EDGE('',*,*,#4085,.T.);
#4085 = EDGE_CURVE('',#4077,#4086,#4088,.T.);
#4086 = VERTEX_POINT('',#4087);
#4087 = CARTESIAN_POINT('',(46.,-8.210521638301,510.5203962411));
#4088 = CIRCLE('',#4089,0.76);
#4089 = AXIS2_PLACEMENT_3D('',#4090,#4091,#4092);
#4090 = CARTESIAN_POINT('',(46.,-8.963592436605,510.41800301505));
#4091 = DIRECTION('',(-1.,0.,-2.22044604925E-16));
#4092 = DIRECTION('',(-2.20261152808E-16,0.126488720011,0.99196804571));
#4093 = ORIENTED_EDGE('',*,*,#4094,.T.);
#4094 = EDGE_CURVE('',#4086,#4095,#4097,.T.);
#4095 = VERTEX_POINT('',#4096);
#4096 = CARTESIAN_POINT('',(46.,-7.237359248334,506.45830003707));
#4097 = B_SPLINE_CURVE_WITH_KNOTS('',4,(#4098,#4099,#4100,#4101,#4102),
  .UNSPECIFIED.,.F.,.F.,(5,5),(0.,1.),.PIECEWISE_BEZIER_KNOTS.);
#4098 = CARTESIAN_POINT('',(46.,-8.210521638301,510.5203962411));
#4099 = CARTESIAN_POINT('',(46.,-8.101304736304,509.74440208312));
#4100 = CARTESIAN_POINT('',(46.,-7.922234809045,508.80189365939));
#4101 = CARTESIAN_POINT('',(46.,-7.643559848067,507.70113391734));
#4102 = CARTESIAN_POINT('',(46.,-7.237359248334,506.45830003707));
#4103 = ORIENTED_EDGE('',*,*,#4104,.T.);
#4104 = EDGE_CURVE('',#4095,#4105,#4107,.T.);
#4105 = VERTEX_POINT('',#4106);
#4106 = CARTESIAN_POINT('',(46.,-5.642952742101,506.31880022735));
#4107 = CIRCLE('',#4108,73.89696959691);
#4108 = AXIS2_PLACEMENT_3D('',#4109,#4110,#4111);
#4109 = CARTESIAN_POINT('',(46.,3.467902340786E-04,579.99997344002));
#4110 = DIRECTION('',(1.,0.,2.22044604925E-16));
#4111 = DIRECTION('',(2.209770157742E-16,-9.794320495208E-02,
    -0.995192005898));
#4112 = ORIENTED_EDGE('',*,*,#4113,.T.);
#4113 = EDGE_CURVE('',#4105,#4114,#4116,.T.);
#4114 = VERTEX_POINT('',#4115);
#4115 = CARTESIAN_POINT('',(46.,-3.979221368585,510.15020501464));
#4116 = B_SPLINE_CURVE_WITH_KNOTS('',4,(#4117,#4118,#4119,#4120,#4121),
  .UNSPECIFIED.,.F.,.F.,(5,5),(0.,1.),.PIECEWISE_BEZIER_KNOTS.);
#4117 = CARTESIAN_POINT('',(46.,-5.642952742101,506.31880022735));
#4118 = CARTESIAN_POINT('',(46.,-5.027129343649,507.4722259093));
#4119 = CARTESIAN_POINT('',(46.,-4.561543158252,508.50787123834));
#4120 = CARTESIAN_POINT('',(46.,-4.22152883534,509.40496567476));
#4121 = CARTESIAN_POINT('',(46.,-3.979221368585,510.15020501464));
#4122 = ORIENTED_EDGE('',*,*,#4123,.T.);
#4123 = EDGE_CURVE('',#4114,#4124,#4126,.T.);
#4124 = VERTEX_POINT('',#4125);
#4125 = CARTESIAN_POINT('',(46.,-3.219130006259,510.67773379917));
#4126 = CIRCLE('',#4127,0.76);
#4127 = AXIS2_PLACEMENT_3D('',#4128,#4129,#4130);
#4128 = CARTESIAN_POINT('',(46.,-3.255371674275,509.91859840841));
#4129 = DIRECTION('',(-1.,0.,-2.22044604925E-16));
#4130 = DIRECTION('',(-6.766710181215E-17,-0.952433808303,0.304745534506
    ));
#4131 = ORIENTED_EDGE('',*,*,#4132,.T.);
#4132 = EDGE_CURVE('',#4124,#70,#4133,.T.);
#4133 = CIRCLE('',#4134,69.396969597519);
#4134 = AXIS2_PLACEMENT_3D('',#4135,#4136,#4137);
#4135 = CARTESIAN_POINT('',(46.,2.959921197032E-11,580.00000000074));
#4136 = DIRECTION('',(1.,0.,2.22044604925E-16));
#4137 = DIRECTION('',(2.218055817208E-16,-4.638718412286E-02,
    -0.998923535186));
#4138 = ORIENTED_EDGE('',*,*,#87,.T.);
#4139 = FACE_BOUND('',#4140,.F.);
#4140 = EDGE_LOOP('',(#4141,#4152,#4161,#4170,#4179));
#4141 = ORIENTED_EDGE('',*,*,#4142,.F.);
#4142 = EDGE_CURVE('',#4143,#4145,#4147,.T.);
#4143 = VERTEX_POINT('',#4144);
#4144 = CARTESIAN_POINT('',(46.,-55.16127794511,597.92298567374));
#4145 = VERTEX_POINT('',#4146);
#4146 = CARTESIAN_POINT('',(46.,-57.9646679671,577.97582919125));
#4147 = CIRCLE('',#4148,58.);
#4148 = AXIS2_PLACEMENT_3D('',#4149,#4150,#4151);
#4149 = CARTESIAN_POINT('',(46.,0.,580.));
#4150 = DIRECTION('',(1.,-0.,2.22044604925E-16));
#4151 = DIRECTION('',(2.22044604925E-16,0.,-1.));
#4152 = ORIENTED_EDGE('',*,*,#4153,.F.);
#4153 = EDGE_CURVE('',#4154,#4143,#4156,.T.);
#4154 = VERTEX_POINT('',#4155);
#4155 = CARTESIAN_POINT('',(46.,-38.0422606518,592.36067977499));
#4156 = CIRCLE('',#4157,9.);
#4157 = AXIS2_PLACEMENT_3D('',#4158,#4159,#4160);
#4158 = CARTESIAN_POINT('',(46.,-46.60176929846,595.14183272437));
#4159 = DIRECTION('',(1.,-0.,2.22044604925E-16));
#4160 = DIRECTION('',(2.22044604925E-16,0.,-1.));
#4161 = ORIENTED_EDGE('',*,*,#4162,.T.);
#4162 = EDGE_CURVE('',#4154,#4163,#4165,.T.);
#4163 = VERTEX_POINT('',#4164);
#4164 = CARTESIAN_POINT('',(46.,-39.97563308076,578.6040201319));
#4165 = CIRCLE('',#4166,40.);
#4166 = AXIS2_PLACEMENT_3D('',#4167,#4168,#4169);
#4167 = CARTESIAN_POINT('',(46.,0.,580.));
#4168 = DIRECTION('',(1.,-0.,2.22044604925E-16));
#4169 = DIRECTION('',(2.22044604925E-16,0.,-1.));
#4170 = ORIENTED_EDGE('',*,*,#4171,.F.);
#4171 = EDGE_CURVE('',#4172,#4163,#4174,.T.);
#4172 = VERTEX_POINT('',#4173);
#4173 = CARTESIAN_POINT('',(46.,-48.97015052393,569.28992466157));
#4174 = CIRCLE('',#4175,9.);
#4175 = AXIS2_PLACEMENT_3D('',#4176,#4177,#4178);
#4176 = CARTESIAN_POINT('',(46.,-48.97015052393,578.28992466157));
#4177 = DIRECTION('',(1.,-0.,2.22044604925E-16));
#4178 = DIRECTION('',(2.22044604925E-16,0.,-1.));
#4179 = ORIENTED_EDGE('',*,*,#4180,.F.);
#4180 = EDGE_CURVE('',#4145,#4172,#4181,.T.);
#4181 = CIRCLE('',#4182,9.);
#4182 = AXIS2_PLACEMENT_3D('',#4183,#4184,#4185);
#4183 = CARTESIAN_POINT('',(46.,-48.97015052393,578.28992466157));
#4184 = DIRECTION('',(1.,-0.,2.22044604925E-16));
#4185 = DIRECTION('',(2.22044604925E-16,0.,-1.));
#4186 = FACE_BOUND('',#4187,.F.);
#4187 = EDGE_LOOP('',(#4188,#4199,#4208,#4217,#4226));
#4188 = ORIENTED_EDGE('',*,*,#4189,.F.);
#4189 = EDGE_CURVE('',#4190,#4192,#4194,.T.);
#4190 = VERTEX_POINT('',#4191);
#4191 = CARTESIAN_POINT('',(46.,-12.05887806743,636.73256084256));
#4192 = VERTEX_POINT('',#4193);
#4193 = CARTESIAN_POINT('',(46.,-30.73531732552,629.18678957707));
#4194 = CIRCLE('',#4195,58.);
#4195 = AXIS2_PLACEMENT_3D('',#4196,#4197,#4198);
#4196 = CARTESIAN_POINT('',(46.,0.,580.));
#4197 = DIRECTION('',(1.,-0.,2.22044604925E-16));
#4198 = DIRECTION('',(2.22044604925E-16,0.,-1.));
#4199 = ORIENTED_EDGE('',*,*,#4200,.F.);
#4200 = EDGE_CURVE('',#4201,#4190,#4203,.T.);
#4201 = VERTEX_POINT('',#4202);
#4202 = CARTESIAN_POINT('',(46.,-8.31646763271,619.12590402935));
#4203 = CIRCLE('',#4204,9.);
#4204 = AXIS2_PLACEMENT_3D('',#4205,#4206,#4207);
#4205 = CARTESIAN_POINT('',(46.,-10.18767285007,627.92923243595));
#4206 = DIRECTION('',(1.,-0.,2.22044604925E-16));
#4207 = DIRECTION('',(2.22044604925E-16,0.,-1.));
#4208 = ORIENTED_EDGE('',*,*,#4209,.T.);
#4209 = EDGE_CURVE('',#4201,#4210,#4212,.T.);
#4210 = VERTEX_POINT('',#4211);
#4211 = CARTESIAN_POINT('',(46.,-21.19677056932,613.92192384625));
#4212 = CIRCLE('',#4213,40.);
#4213 = AXIS2_PLACEMENT_3D('',#4214,#4215,#4216);
#4214 = CARTESIAN_POINT('',(46.,0.,580.));
#4215 = DIRECTION('',(1.,-0.,2.22044604925E-16));
#4216 = DIRECTION('',(2.22044604925E-16,0.,-1.));
#4217 = ORIENTED_EDGE('',*,*,#4218,.F.);
#4218 = EDGE_CURVE('',#4219,#4210,#4221,.T.);
#4219 = VERTEX_POINT('',#4220);
#4220 = CARTESIAN_POINT('',(46.,-25.96604394742,612.55435671166));
#4221 = CIRCLE('',#4222,9.);
#4222 = AXIS2_PLACEMENT_3D('',#4223,#4224,#4225);
#4223 = CARTESIAN_POINT('',(46.,-25.96604394742,621.55435671166));
#4224 = DIRECTION('',(1.,-0.,2.22044604925E-16));
#4225 = DIRECTION('',(2.22044604925E-16,0.,-1.));
#4226 = ORIENTED_EDGE('',*,*,#4227,.F.);
#4227 = EDGE_CURVE('',#4192,#4219,#4228,.T.);
#4228 = CIRCLE('',#4229,9.);
#4229 = AXIS2_PLACEMENT_3D('',#4230,#4231,#4232);
#4230 = CARTESIAN_POINT('',(46.,-25.96604394742,621.55435671166));
#4231 = DIRECTION('',(1.,-0.,2.22044604925E-16));
#4232 = DIRECTION('',(2.22044604925E-16,0.,-1.));
#4233 = FACE_BOUND('',#4234,.F.);
#4234 = EDGE_LOOP('',(#4235));
#4235 = ORIENTED_EDGE('',*,*,#4236,.T.);
#4236 = EDGE_CURVE('',#4237,#4237,#4239,.T.);
#4237 = VERTEX_POINT('',#4238);
#4238 = CARTESIAN_POINT('',(46.,-28.28427124746,606.03427124746));
#4239 = CIRCLE('',#4240,2.25);
#4240 = AXIS2_PLACEMENT_3D('',#4241,#4242,#4243);
#4241 = CARTESIAN_POINT('',(46.,-28.28427124746,608.28427124746));
#4242 = DIRECTION('',(-1.,0.,0.));
#4243 = DIRECTION('',(0.,0.,-1.));
#4244 = FACE_BOUND('',#4245,.F.);
#4245 = EDGE_LOOP('',(#4246,#4257,#4266,#4275,#4284,#4293));
#4246 = ORIENTED_EDGE('',*,*,#4247,.F.);
#4247 = EDGE_CURVE('',#4248,#4250,#4252,.T.);
#4248 = VERTEX_POINT('',#4249);
#4249 = CARTESIAN_POINT('',(46.,-43.10239987768,541.19042483118));
#4250 = VERTEX_POINT('',#4251);
#4251 = CARTESIAN_POINT('',(46.,-27.22935064158,528.78903961418));
#4252 = CIRCLE('',#4253,58.);
#4253 = AXIS2_PLACEMENT_3D('',#4254,#4255,#4256);
#4254 = CARTESIAN_POINT('',(46.,0.,580.));
#4255 = DIRECTION('',(1.,-0.,2.22044604925E-16));
#4256 = DIRECTION('',(2.22044604925E-16,0.,-1.));
#4257 = ORIENTED_EDGE('',*,*,#4258,.F.);
#4258 = EDGE_CURVE('',#4259,#4248,#4261,.T.);
#4259 = VERTEX_POINT('',#4260);
#4260 = CARTESIAN_POINT('',(46.,-29.83108709984,553.34969959646));
#4261 = CIRCLE('',#4262,9.);
#4262 = AXIS2_PLACEMENT_3D('',#4263,#4264,#4265);
#4263 = CARTESIAN_POINT('',(46.,-36.41409644839,547.21260028841));
#4264 = DIRECTION('',(1.,-0.,2.22044604925E-16));
#4265 = DIRECTION('',(2.22044604925E-16,0.,-1.));
#4266 = ORIENTED_EDGE('',*,*,#4267,.T.);
#4267 = EDGE_CURVE('',#4259,#4268,#4270,.T.);
#4268 = VERTEX_POINT('',#4269);
#4269 = CARTESIAN_POINT('',(46.,-26.64916376233,550.17011446941));
#4270 = CIRCLE('',#4271,2.25);
#4271 = AXIS2_PLACEMENT_3D('',#4272,#4273,#4274);
#4272 = CARTESIAN_POINT('',(46.,-28.28427124746,551.71572875253));
#4273 = DIRECTION('',(-1.,0.,0.));
#4274 = DIRECTION('',(0.,0.,-1.));
#4275 = ORIENTED_EDGE('',*,*,#4276,.T.);
#4276 = EDGE_CURVE('',#4268,#4277,#4279,.T.);
#4277 = VERTEX_POINT('',#4278);
#4278 = CARTESIAN_POINT('',(46.,-18.77886251143,544.68209628564));
#4279 = CIRCLE('',#4280,40.);
#4280 = AXIS2_PLACEMENT_3D('',#4281,#4282,#4283);
#4281 = CARTESIAN_POINT('',(46.,0.,580.));
#4282 = DIRECTION('',(1.,-0.,2.22044604925E-16));
#4283 = DIRECTION('',(2.22044604925E-16,0.,-1.));
#4284 = ORIENTED_EDGE('',*,*,#4285,.F.);
#4285 = EDGE_CURVE('',#4286,#4277,#4288,.T.);
#4286 = VERTEX_POINT('',#4287);
#4287 = CARTESIAN_POINT('',(46.,-23.0041065765,527.73556794991));
#4288 = CIRCLE('',#4289,9.);
#4289 = AXIS2_PLACEMENT_3D('',#4290,#4291,#4292);
#4290 = CARTESIAN_POINT('',(46.,-23.0041065765,536.73556794991));
#4291 = DIRECTION('',(1.,-0.,2.22044604925E-16));
#4292 = DIRECTION('',(2.22044604925E-16,0.,-1.));
#4293 = ORIENTED_EDGE('',*,*,#4294,.F.);
#4294 = EDGE_CURVE('',#4250,#4286,#4295,.T.);
#4295 = CIRCLE('',#4296,9.);
#4296 = AXIS2_PLACEMENT_3D('',#4297,#4298,#4299);
#4297 = CARTESIAN_POINT('',(46.,-23.0041065765,536.73556794991));
#4298 = DIRECTION('',(1.,-0.,2.22044604925E-16));
#4299 = DIRECTION('',(2.22044604925E-16,0.,-1.));
#4300 = FACE_BOUND('',#4301,.F.);
#4301 = EDGE_LOOP('',(#4302,#4313,#4322,#4331,#4340,#4349,#4358));
#4302 = ORIENTED_EDGE('',*,*,#4303,.F.);
#4303 = EDGE_CURVE('',#4304,#4306,#4308,.T.);
#4304 = VERTEX_POINT('',#4305);
#4305 = CARTESIAN_POINT('',(46.,43.102399877689,618.80957516881));
#4306 = VERTEX_POINT('',#4307);
#4307 = CARTESIAN_POINT('',(46.,27.229350641582,631.21096038581));
#4308 = CIRCLE('',#4309,58.);
#4309 = AXIS2_PLACEMENT_3D('',#4310,#4311,#4312);
#4310 = CARTESIAN_POINT('',(46.,0.,580.));
#4311 = DIRECTION('',(1.,-0.,2.22044604925E-16));
#4312 = DIRECTION('',(2.22044604925E-16,0.,-1.));
#4313 = ORIENTED_EDGE('',*,*,#4314,.F.);
#4314 = EDGE_CURVE('',#4315,#4304,#4317,.T.);
#4315 = VERTEX_POINT('',#4316);
#4316 = CARTESIAN_POINT('',(46.,36.414096448392,603.78739971158));
#4317 = CIRCLE('',#4318,9.);
#4318 = AXIS2_PLACEMENT_3D('',#4319,#4320,#4321);
#4319 = CARTESIAN_POINT('',(46.,36.414096448392,612.78739971158));
#4320 = DIRECTION('',(1.,-0.,2.22044604925E-16));
#4321 = DIRECTION('',(2.22044604925E-16,0.,-1.));
#4322 = ORIENTED_EDGE('',*,*,#4323,.F.);
#4323 = EDGE_CURVE('',#4324,#4315,#4326,.T.);
#4324 = VERTEX_POINT('',#4325);
#4325 = CARTESIAN_POINT('',(46.,29.83108709984,606.65030040353));
#4326 = CIRCLE('',#4327,9.);
#4327 = AXIS2_PLACEMENT_3D('',#4328,#4329,#4330);
#4328 = CARTESIAN_POINT('',(46.,36.414096448392,612.78739971158));
#4329 = DIRECTION('',(1.,-0.,2.22044604925E-16));
#4330 = DIRECTION('',(2.22044604925E-16,0.,-1.));
#4331 = ORIENTED_EDGE('',*,*,#4332,.T.);
#4332 = EDGE_CURVE('',#4324,#4333,#4335,.T.);
#4333 = VERTEX_POINT('',#4334);
#4334 = CARTESIAN_POINT('',(46.,28.284271247462,606.03427124746));
#4335 = CIRCLE('',#4336,2.25);
#4336 = AXIS2_PLACEMENT_3D('',#4337,#4338,#4339);
#4337 = CARTESIAN_POINT('',(46.,28.284271247462,608.28427124746));
#4338 = DIRECTION('',(-1.,0.,0.));
#4339 = DIRECTION('',(0.,0.,-1.));
#4340 = ORIENTED_EDGE('',*,*,#4341,.T.);
#4341 = EDGE_CURVE('',#4333,#4342,#4344,.T.);
#4342 = VERTEX_POINT('',#4343);
#4343 = CARTESIAN_POINT('',(46.,26.649163762377,609.82988553055));
#4344 = CIRCLE('',#4345,2.25);
#4345 = AXIS2_PLACEMENT_3D('',#4346,#4347,#4348);
#4346 = CARTESIAN_POINT('',(46.,28.284271247462,608.28427124746));
#4347 = DIRECTION('',(-1.,0.,0.));
#4348 = DIRECTION('',(0.,0.,-1.));
#4349 = ORIENTED_EDGE('',*,*,#4350,.T.);
#4350 = EDGE_CURVE('',#4342,#4351,#4353,.T.);
#4351 = VERTEX_POINT('',#4352);
#4352 = CARTESIAN_POINT('',(46.,18.778862511436,615.31790371435));
#4353 = CIRCLE('',#4354,40.);
#4354 = AXIS2_PLACEMENT_3D('',#4355,#4356,#4357);
#4355 = CARTESIAN_POINT('',(46.,0.,580.));
#4356 = DIRECTION('',(1.,-0.,2.22044604925E-16));
#4357 = DIRECTION('',(2.22044604925E-16,0.,-1.));
#4358 = ORIENTED_EDGE('',*,*,#4359,.F.);
#4359 = EDGE_CURVE('',#4306,#4351,#4360,.T.);
#4360 = CIRCLE('',#4361,9.);
#4361 = AXIS2_PLACEMENT_3D('',#4362,#4363,#4364);
#4362 = CARTESIAN_POINT('',(46.,23.004106576509,623.26443205008));
#4363 = DIRECTION('',(1.,-0.,2.22044604925E-16));
#4364 = DIRECTION('',(2.22044604925E-16,0.,-1.));
#4365 = FACE_BOUND('',#4366,.F.);
#4366 = EDGE_LOOP('',(#4367));
#4367 = ORIENTED_EDGE('',*,*,#4368,.F.);
#4368 = EDGE_CURVE('',#4369,#4369,#4371,.T.);
#4369 = VERTEX_POINT('',#4370);
#4370 = CARTESIAN_POINT('',(46.,7.837739514543E-15,612.));
#4371 = CIRCLE('',#4372,32.);
#4372 = AXIS2_PLACEMENT_3D('',#4373,#4374,#4375);
#4373 = CARTESIAN_POINT('',(46.,0.,580.));
#4374 = DIRECTION('',(1.,0.,-0.));
#4375 = DIRECTION('',(0.,0.,1.));
#4376 = FACE_BOUND('',#4377,.F.);
#4377 = EDGE_LOOP('',(#4378));
#4378 = ORIENTED_EDGE('',*,*,#4379,.T.);
#4379 = EDGE_CURVE('',#4380,#4380,#4382,.T.);
#4380 = VERTEX_POINT('',#4381);
#4381 = CARTESIAN_POINT('',(46.,28.284271247462,549.46572875253));
#4382 = CIRCLE('',#4383,2.25);
#4383 = AXIS2_PLACEMENT_3D('',#4384,#4385,#4386);
#4384 = CARTESIAN_POINT('',(46.,28.284271247462,551.71572875253));
#4385 = DIRECTION('',(-1.,0.,0.));
#4386 = DIRECTION('',(0.,0.,-1.));
#4387 = FACE_BOUND('',#4388,.F.);
#4388 = EDGE_LOOP('',(#4389,#4400,#4409,#4418,#4427));
#4389 = ORIENTED_EDGE('',*,*,#4390,.F.);
#4390 = EDGE_CURVE('',#4391,#4393,#4395,.T.);
#4391 = VERTEX_POINT('',#4392);
#4392 = CARTESIAN_POINT('',(46.,12.05887806743,523.26743915743));
#4393 = VERTEX_POINT('',#4394);
#4394 = CARTESIAN_POINT('',(46.,30.735317325526,530.81321042292));
#4395 = CIRCLE('',#4396,58.);
#4396 = AXIS2_PLACEMENT_3D('',#4397,#4398,#4399);
#4397 = CARTESIAN_POINT('',(46.,0.,580.));
#4398 = DIRECTION('',(1.,-0.,2.22044604925E-16));
#4399 = DIRECTION('',(2.22044604925E-16,0.,-1.));
#4400 = ORIENTED_EDGE('',*,*,#4401,.F.);
#4401 = EDGE_CURVE('',#4402,#4391,#4404,.T.);
#4402 = VERTEX_POINT('',#4403);
#4403 = CARTESIAN_POINT('',(46.,10.18767285007,523.07076756404));
#4404 = CIRCLE('',#4405,9.);
#4405 = AXIS2_PLACEMENT_3D('',#4406,#4407,#4408);
#4406 = CARTESIAN_POINT('',(46.,10.18767285007,532.07076756404));
#4407 = DIRECTION('',(1.,-0.,2.22044604925E-16));
#4408 = DIRECTION('',(2.22044604925E-16,0.,-1.));
#4409 = ORIENTED_EDGE('',*,*,#4410,.F.);
#4410 = EDGE_CURVE('',#4411,#4402,#4413,.T.);
#4411 = VERTEX_POINT('',#4412);
#4412 = CARTESIAN_POINT('',(46.,8.31646763271,540.87409597064));
#4413 = CIRCLE('',#4414,9.);
#4414 = AXIS2_PLACEMENT_3D('',#4415,#4416,#4417);
#4415 = CARTESIAN_POINT('',(46.,10.18767285007,532.07076756404));
#4416 = DIRECTION('',(1.,-0.,2.22044604925E-16));
#4417 = DIRECTION('',(2.22044604925E-16,0.,-1.));
#4418 = ORIENTED_EDGE('',*,*,#4419,.T.);
#4419 = EDGE_CURVE('',#4411,#4420,#4422,.T.);
#4420 = VERTEX_POINT('',#4421);
#4421 = CARTESIAN_POINT('',(46.,21.196770569328,546.07807615374));
#4422 = CIRCLE('',#4423,40.);
#4423 = AXIS2_PLACEMENT_3D('',#4424,#4425,#4426);
#4424 = CARTESIAN_POINT('',(46.,0.,580.));
#4425 = DIRECTION('',(1.,-0.,2.22044604925E-16));
#4426 = DIRECTION('',(2.22044604925E-16,0.,-1.));
#4427 = ORIENTED_EDGE('',*,*,#4428,.F.);
#4428 = EDGE_CURVE('',#4393,#4420,#4429,.T.);
#4429 = CIRCLE('',#4430,9.);
#4430 = AXIS2_PLACEMENT_3D('',#4431,#4432,#4433);
#4431 = CARTESIAN_POINT('',(46.,25.966043947427,538.44564328833));
#4432 = DIRECTION('',(1.,-0.,2.22044604925E-16));
#4433 = DIRECTION('',(2.22044604925E-16,0.,-1.));
#4434 = FACE_BOUND('',#4435,.F.);
#4435 = EDGE_LOOP('',(#4436,#4447,#4456,#4465,#4474));
#4436 = ORIENTED_EDGE('',*,*,#4437,.F.);
#4437 = EDGE_CURVE('',#4438,#4440,#4442,.T.);
#4438 = VERTEX_POINT('',#4439);
#4439 = CARTESIAN_POINT('',(46.,55.161277945119,562.07701432625));
#4440 = VERTEX_POINT('',#4441);
#4441 = CARTESIAN_POINT('',(46.,57.964667967108,582.02417080874));
#4442 = CIRCLE('',#4443,58.);
#4443 = AXIS2_PLACEMENT_3D('',#4444,#4445,#4446);
#4444 = CARTESIAN_POINT('',(46.,0.,580.));
#4445 = DIRECTION('',(1.,-0.,2.22044604925E-16));
#4446 = DIRECTION('',(2.22044604925E-16,0.,-1.));
#4447 = ORIENTED_EDGE('',*,*,#4448,.F.);
#4448 = EDGE_CURVE('',#4449,#4438,#4451,.T.);
#4449 = VERTEX_POINT('',#4450);
#4450 = CARTESIAN_POINT('',(46.,46.601769298463,555.85816727562));
#4451 = CIRCLE('',#4452,9.);
#4452 = AXIS2_PLACEMENT_3D('',#4453,#4454,#4455);
#4453 = CARTESIAN_POINT('',(46.,46.601769298463,564.85816727562));
#4454 = DIRECTION('',(1.,-0.,2.22044604925E-16));
#4455 = DIRECTION('',(2.22044604925E-16,0.,-1.));
#4456 = ORIENTED_EDGE('',*,*,#4457,.F.);
#4457 = EDGE_CURVE('',#4458,#4449,#4460,.T.);
#4458 = VERTEX_POINT('',#4459);
#4459 = CARTESIAN_POINT('',(46.,38.042260651806,567.639320225));
#4460 = CIRCLE('',#4461,9.);
#4461 = AXIS2_PLACEMENT_3D('',#4462,#4463,#4464);
#4462 = CARTESIAN_POINT('',(46.,46.601769298463,564.85816727562));
#4463 = DIRECTION('',(1.,-0.,2.22044604925E-16));
#4464 = DIRECTION('',(2.22044604925E-16,0.,-1.));
#4465 = ORIENTED_EDGE('',*,*,#4466,.T.);
#4466 = EDGE_CURVE('',#4458,#4467,#4469,.T.);
#4467 = VERTEX_POINT('',#4468);
#4468 = CARTESIAN_POINT('',(46.,39.975633080764,581.3959798681));
#4469 = CIRCLE('',#4470,40.);
#4470 = AXIS2_PLACEMENT_3D('',#4471,#4472,#4473);
#4471 = CARTESIAN_POINT('',(46.,0.,580.));
#4472 = DIRECTION('',(1.,-0.,2.22044604925E-16));
#4473 = DIRECTION('',(2.22044604925E-16,0.,-1.));
#4474 = ORIENTED_EDGE('',*,*,#4475,.F.);
#4475 = EDGE_CURVE('',#4440,#4467,#4476,.T.);
#4476 = CIRCLE('',#4477,9.);
#4477 = AXIS2_PLACEMENT_3D('',#4478,#4479,#4480);
#4478 = CARTESIAN_POINT('',(46.,48.970150523936,581.71007533842));
#4479 = DIRECTION('',(1.,-0.,2.22044604925E-16));
#4480 = DIRECTION('',(2.22044604925E-16,0.,-1.));
#4481 = PLANE('',#4482);
#4482 = AXIS2_PLACEMENT_3D('',#4483,#4484,#4485);
#4483 = CARTESIAN_POINT('',(46.,-6.249193713476E-15,580.));
#4484 = DIRECTION('',(1.,0.,2.22044604925E-16));
#4485 = DIRECTION('',(2.22044604925E-16,0.,-1.));
#4486 = ADVANCED_FACE('',(#4487,#8494,#8541,#8588,#8599,#8655,#8720,
    #8731,#8742,#8789),#8836,.T.);
#4487 = FACE_BOUND('',#4488,.T.);
#4488 = EDGE_LOOP('',(#4489,#4490,#4491,#4501,#4510,#4519,#4528,#4538,
    #4547,#4557,#4566,#4575,#4584,#4594,#4603,#4613,#4622,#4631,#4640,
    #4650,#4659,#4669,#4678,#4687,#4696,#4706,#4715,#4725,#4734,#4743,
    #4752,#4762,#4771,#4781,#4790,#4799,#4808,#4818,#4827,#4837,#4846,
    #4855,#4864,#4874,#4883,#4893,#4902,#4911,#4920,#4930,#4939,#4949,
    #4958,#4967,#4976,#4986,#4995,#5005,#5014,#5023,#5032,#5042,#5051,
    #5061,#5070,#5079,#5088,#5098,#5107,#5117,#5126,#5135,#5144,#5154,
    #5163,#5173,#5182,#5191,#5200,#5210,#5219,#5229,#5238,#5247,#5256,
    #5266,#5275,#5285,#5294,#5303,#5312,#5322,#5331,#5341,#5350,#5359,
    #5368,#5378,#5387,#5397,#5406,#5415,#5424,#5434,#5443,#5453,#5462,
    #5471,#5480,#5490,#5499,#5509,#5518,#5527,#5536,#5546,#5555,#5565,
    #5574,#5583,#5592,#5602,#5611,#5621,#5630,#5639,#5648,#5658,#5667,
    #5677,#5686,#5695,#5704,#5714,#5723,#5733,#5742,#5751,#5760,#5770,
    #5779,#5789,#5798,#5807,#5816,#5826,#5835,#5845,#5854,#5863,#5872,
    #5882,#5891,#5901,#5910,#5919,#5928,#5938,#5947,#5957,#5966,#5975,
    #5984,#5994,#6003,#6013,#6022,#6031,#6040,#6050,#6059,#6069,#6078,
    #6087,#6096,#6106,#6115,#6125,#6134,#6143,#6152,#6162,#6171,#6181,
    #6190,#6199,#6208,#6218,#6227,#6237,#6246,#6255,#6264,#6274,#6283,
    #6293,#6302,#6311,#6320,#6330,#6339,#6349,#6358,#6367,#6376,#6386,
    #6395,#6405,#6414,#6423,#6432,#6442,#6451,#6461,#6470,#6479,#6488,
    #6498,#6507,#6517,#6526,#6535,#6544,#6554,#6563,#6573,#6582,#6591,
    #6600,#6610,#6619,#6629,#6638,#6647,#6656,#6666,#6675,#6685,#6694,
    #6703,#6712,#6722,#6731,#6741,#6750,#6759,#6768,#6778,#6787,#6797,
    #6806,#6815,#6824,#6834,#6843,#6853,#6862,#6871,#6880,#6890,#6899,
    #6909,#6918,#6927,#6936,#6946,#6955,#6965,#6974,#6983,#6992,#7002,
    #7011,#7021,#7030,#7039,#7048,#7058,#7067,#7077,#7086,#7095,#7104,
    #7114,#7123,#7133,#7142,#7151,#7160,#7170,#7179,#7189,#7198,#7207,
    #7216,#7226,#7235,#7245,#7254,#7263,#7272,#7282,#7291,#7301,#7310,
    #7319,#7328,#7338,#7347,#7357,#7366,#7375,#7384,#7394,#7403,#7413,
    #7422,#7431,#7440,#7450,#7459,#7469,#7478,#7487,#7496,#7506,#7515,
    #7525,#7534,#7543,#7552,#7562,#7571,#7581,#7590,#7599,#7608,#7618,
    #7627,#7637,#7646,#7655,#7664,#7674,#7683,#7693,#7702,#7711,#7720,
    #7730,#7739,#7749,#7758,#7767,#7776,#7786,#7795,#7805,#7814,#7823,
    #7832,#7842,#7851,#7861,#7870,#7879,#7888,#7898,#7907,#7917,#7926,
    #7935,#7944,#7954,#7963,#7973,#7982,#7991,#8000,#8010,#8019,#8029,
    #8038,#8047,#8056,#8066,#8075,#8085,#8094,#8103,#8112,#8122,#8131,
    #8141,#8150,#8159,#8168,#8178,#8187,#8197,#8206,#8215,#8224,#8234,
    #8243,#8253,#8262,#8271,#8280,#8290,#8299,#8309,#8318,#8327,#8336,
    #8346,#8355,#8365,#8374,#8383,#8392,#8402,#8411,#8421,#8430,#8439,
    #8448,#8458,#8467,#8477,#8486,#8493));
#4489 = ORIENTED_EDGE('',*,*,#31,.T.);
#4490 = ORIENTED_EDGE('',*,*,#103,.T.);
#4491 = ORIENTED_EDGE('',*,*,#4492,.T.);
#4492 = EDGE_CURVE('',#104,#4493,#4495,.T.);
#4493 = VERTEX_POINT('',#4494);
#4494 = CARTESIAN_POINT('',(56.,2.123731532802,510.06919257885));
#4495 = B_SPLINE_CURVE_WITH_KNOTS('',4,(#4496,#4497,#4498,#4499,#4500),
  .UNSPECIFIED.,.F.,.F.,(5,5),(0.,1.),.PIECEWISE_BEZIER_KNOTS.);
#4496 = CARTESIAN_POINT('',(56.,0.800260089461,506.10736369992));
#4497 = CARTESIAN_POINT('',(56.,1.313212421944,507.31007279461));
#4498 = CARTESIAN_POINT('',(56.,1.686764473466,508.38235569031));
#4499 = CARTESIAN_POINT('',(56.,1.947298007305,509.30567061242));
#4500 = CARTESIAN_POINT('',(56.,2.123731532802,510.06919257885));
#4501 = ORIENTED_EDGE('',*,*,#4502,.T.);
#4502 = EDGE_CURVE('',#4493,#4503,#4505,.T.);
#4503 = VERTEX_POINT('',#4504);
#4504 = CARTESIAN_POINT('',(56.,2.83495335498,510.66096028433));
#4505 = CIRCLE('',#4506,0.76);
#4506 = AXIS2_PLACEMENT_3D('',#4507,#4508,#4509);
#4507 = CARTESIAN_POINT('',(56.,2.86501260628,509.90155496343));
#4508 = DIRECTION('',(-1.,0.,-2.22044604925E-16));
#4509 = DIRECTION('',(-4.897766853458E-17,-0.975369833524,0.220575809762
    ));
#4510 = ORIENTED_EDGE('',*,*,#4511,.T.);
#4511 = EDGE_CURVE('',#4503,#4512,#4514,.T.);
#4512 = VERTEX_POINT('',#4513);
#4513 = CARTESIAN_POINT('',(56.,3.219130006259,510.67773379917));
#4514 = CIRCLE('',#4515,69.39696959087);
#4515 = AXIS2_PLACEMENT_3D('',#4516,#4517,#4518);
#4516 = CARTESIAN_POINT('',(56.,2.552942302003E-10,579.9999999941));
#4517 = DIRECTION('',(1.,0.,2.22044604925E-16));
#4518 = DIRECTION('',(2.21859250757E-16,4.08512557744E-02,
    -0.999165239038));
#4519 = ORIENTED_EDGE('',*,*,#4520,.T.);
#4520 = EDGE_CURVE('',#4512,#4521,#4523,.T.);
#4521 = VERTEX_POINT('',#4522);
#4522 = CARTESIAN_POINT('',(56.,3.979221212078,510.15020542184));
#4523 = CIRCLE('',#4524,0.76);
#4524 = AXIS2_PLACEMENT_3D('',#4525,#4526,#4527);
#4525 = CARTESIAN_POINT('',(56.,3.255371648452,509.91859840718));
#4526 = DIRECTION('',(-1.,0.,-2.22044604925E-16));
#4527 = DIRECTION('',(-2.217919976302E-16,-4.768637130563E-02,
    0.998862357881));
#4528 = ORIENTED_EDGE('',*,*,#4529,.T.);
#4529 = EDGE_CURVE('',#4521,#4530,#4532,.T.);
#4530 = VERTEX_POINT('',#4531);
#4531 = CARTESIAN_POINT('',(56.,5.642974681997,506.31880946221));
#4532 = B_SPLINE_CURVE_WITH_KNOTS('',4,(#4533,#4534,#4535,#4536,#4537),
  .UNSPECIFIED.,.F.,.F.,(5,5),(0.,1.),.PIECEWISE_BEZIER_KNOTS.);
#4533 = CARTESIAN_POINT('',(56.,3.979221212078,510.15020542184));
#4534 = CARTESIAN_POINT('',(56.,4.22152883534,509.40496567476));
#4535 = CARTESIAN_POINT('',(56.,4.561543158252,508.50787123834));
#4536 = CARTESIAN_POINT('',(56.,5.027129343649,507.4722259093));
#4537 = CARTESIAN_POINT('',(56.,5.642974681997,506.31880946221));
#4538 = ORIENTED_EDGE('',*,*,#4539,.T.);
#4539 = EDGE_CURVE('',#4530,#4540,#4542,.T.);
#4540 = VERTEX_POINT('',#4541);
#4541 = CARTESIAN_POINT('',(56.,7.237382458531,506.45829475233));
#4542 = CIRCLE('',#4543,73.89696959665);
#4543 = AXIS2_PLACEMENT_3D('',#4544,#4545,#4546);
#4544 = CARTESIAN_POINT('',(56.,3.461338247233E-04,580.00003406276));
#4545 = DIRECTION('',(1.,0.,2.22044604925E-16));
#4546 = DIRECTION('',(2.213963373075E-16,7.635805066123E-02,
    -0.997080462199));
#4547 = ORIENTED_EDGE('',*,*,#4548,.T.);
#4548 = EDGE_CURVE('',#4540,#4549,#4551,.T.);
#4549 = VERTEX_POINT('',#4550);
#4550 = CARTESIAN_POINT('',(56.,8.210521554881,510.52039581292));
#4551 = B_SPLINE_CURVE_WITH_KNOTS('',4,(#4552,#4553,#4554,#4555,#4556),
  .UNSPECIFIED.,.F.,.F.,(5,5),(0.,1.),.PIECEWISE_BEZIER_KNOTS.);
#4552 = CARTESIAN_POINT('',(56.,7.237382458531,506.45829475233));
#4553 = CARTESIAN_POINT('',(56.,7.643559848067,507.70113391734));
#4554 = CARTESIAN_POINT('',(56.,7.922234809045,508.80189365939));
#4555 = CARTESIAN_POINT('',(56.,8.101304736304,509.74440208312));
#4556 = CARTESIAN_POINT('',(56.,8.210521554881,510.52039581292));
#4557 = ORIENTED_EDGE('',*,*,#4558,.T.);
#4558 = EDGE_CURVE('',#4549,#4559,#4561,.T.);
#4559 = VERTEX_POINT('',#4560);
#4560 = CARTESIAN_POINT('',(56.,8.867461009397,511.17189872979));
#4561 = CIRCLE('',#4562,0.76);
#4562 = AXIS2_PLACEMENT_3D('',#4563,#4564,#4565);
#4563 = CARTESIAN_POINT('',(56.,8.96359241096,510.41800301178));
#4564 = DIRECTION('',(-1.,0.,-2.22044604925E-16));
#4565 = DIRECTION('',(-2.991548562594E-17,-0.990882705367,0.134727369918
    ));
#4566 = ORIENTED_EDGE('',*,*,#4567,.T.);
#4567 = EDGE_CURVE('',#4559,#4568,#4570,.T.);
#4568 = VERTEX_POINT('',#4569);
#4569 = CARTESIAN_POINT('',(56.,9.248713844387,511.22209161773));
#4570 = CIRCLE('',#4571,69.39696959857);
#4571 = AXIS2_PLACEMENT_3D('',#4572,#4573,#4574);
#4572 = CARTESIAN_POINT('',(56.,-2.365938556181E-10,580.00000000178));
#4573 = DIRECTION('',(1.,0.,2.22044604925E-16));
#4574 = DIRECTION('',(2.202244369327E-16,0.127778792949,-0.991802692108)
  );
#4575 = ORIENTED_EDGE('',*,*,#4576,.T.);
#4576 = EDGE_CURVE('',#4568,#4577,#4579,.T.);
#4577 = VERTEX_POINT('',#4578);
#4578 = CARTESIAN_POINT('',(56.,10.051889801237,510.76281695873));
#4579 = CIRCLE('',#4580,0.76);
#4580 = AXIS2_PLACEMENT_3D('',#4581,#4582,#4583);
#4581 = CARTESIAN_POINT('',(56.,9.350980585124,510.46900363234));
#4582 = DIRECTION('',(-1.,0.,-2.22044604925E-16));
#4583 = DIRECTION('',(-2.200251634076E-16,-0.13456150097,0.990905243934)
  );
#4584 = ORIENTED_EDGE('',*,*,#4585,.T.);
#4585 = EDGE_CURVE('',#4577,#4586,#4588,.T.);
#4586 = VERTEX_POINT('',#4587);
#4587 = CARTESIAN_POINT('',(56.,12.043240347523,507.09100628689));
#4588 = B_SPLINE_CURVE_WITH_KNOTS('',4,(#4589,#4590,#4591,#4592,#4593),
  .UNSPECIFIED.,.F.,.F.,(5,5),(0.,1.),.PIECEWISE_BEZIER_KNOTS.);
#4589 = CARTESIAN_POINT('',(56.,10.051889801237,510.76281695873));
#4590 = CARTESIAN_POINT('',(56.,10.358227294519,510.04153157477));
#4591 = CARTESIAN_POINT('',(56.,10.7751346922,509.17748505438));
#4592 = CARTESIAN_POINT('',(56.,11.329211619474,508.18635917828));
#4593 = CARTESIAN_POINT('',(56.,12.043240347523,507.09100628689));
#4594 = ORIENTED_EDGE('',*,*,#4595,.T.);
#4595 = EDGE_CURVE('',#4586,#4596,#4598,.T.);
#4596 = VERTEX_POINT('',#4597);
#4597 = CARTESIAN_POINT('',(56.,13.61942397704,507.36892258736));
#4598 = CIRCLE('',#4599,73.896969596813);
#4599 = AXIS2_PLACEMENT_3D('',#4600,#4601,#4602);
#4600 = CARTESIAN_POINT('',(56.,3.418478878725E-04,580.00006410085));
#4601 = DIRECTION('',(1.,0.,2.22044604925E-16));
#4602 = DIRECTION('',(2.190761410933E-16,0.162968773487,-0.986631227393)
  );
#4603 = ORIENTED_EDGE('',*,*,#4604,.T.);
#4604 = EDGE_CURVE('',#4596,#4605,#4607,.T.);
#4605 = VERTEX_POINT('',#4606);
#4606 = CARTESIAN_POINT('',(56.,14.234824550279,511.50038078777));
#4607 = B_SPLINE_CURVE_WITH_KNOTS('',4,(#4608,#4609,#4610,#4611,#4612),
  .UNSPECIFIED.,.F.,.F.,(5,5),(0.,1.),.PIECEWISE_BEZIER_KNOTS.);
#4608 = CARTESIAN_POINT('',(56.,13.61942397704,507.36892258736));
#4609 = CARTESIAN_POINT('',(56.,13.915735168439,508.6424330662));
#4610 = CARTESIAN_POINT('',(56.,14.097412154151,509.76329220832));
#4611 = CARTESIAN_POINT('',(56.,14.193655644558,510.71782107545));
#4612 = CARTESIAN_POINT('',(56.,14.234824550279,511.50038078777));
#4613 = ORIENTED_EDGE('',*,*,#4614,.T.);
#4614 = EDGE_CURVE('',#4605,#4615,#4617,.T.);
#4615 = VERTEX_POINT('',#4616);
#4616 = CARTESIAN_POINT('',(56.,14.832481931212,512.20666058545));
#4617 = CIRCLE('',#4618,0.76);
#4618 = AXIS2_PLACEMENT_3D('',#4619,#4620,#4621);
#4619 = CARTESIAN_POINT('',(56.,14.993953865027,511.46401207196));
#4620 = DIRECTION('',(-1.,0.,-2.22044604925E-16));
#4621 = DIRECTION('',(-1.062562780822E-17,-0.998854361511,
    4.785357343769E-02));
#4622 = ORIENTED_EDGE('',*,*,#4623,.T.);
#4623 = EDGE_CURVE('',#4615,#4624,#4626,.T.);
#4624 = VERTEX_POINT('',#4625);
#4625 = CARTESIAN_POINT('',(56.,15.207909385633,512.28989084831));
#4626 = CIRCLE('',#4627,69.396969600331);
#4627 = AXIS2_PLACEMENT_3D('',#4628,#4629,#4630);
#4628 = CARTESIAN_POINT('',(56.,-7.696927539769E-10,580.00000000347));
#4629 = DIRECTION('',(1.,0.,2.22044604925E-16));
#4630 = DIRECTION('',(2.169135821682E-16,0.213733856354,-0.976891927824)
  );
#4631 = ORIENTED_EDGE('',*,*,#4632,.T.);
#4632 = EDGE_CURVE('',#4624,#4633,#4635,.T.);
#4633 = VERTEX_POINT('',#4634);
#4634 = CARTESIAN_POINT('',(56.,16.048057439512,511.90236526513));
#4635 = CIRCLE('',#4636,0.76);
#4636 = AXIS2_PLACEMENT_3D('',#4637,#4638,#4639);
#4637 = CARTESIAN_POINT('',(56.,15.375422913268,511.54858172381));
#4638 = DIRECTION('',(-1.,0.,-2.22044604925E-16));
#4639 = DIRECTION('',(-2.165838048366E-16,-0.220412536361,0.975406742757
    ));
#4640 = ORIENTED_EDGE('',*,*,#4641,.T.);
#4641 = EDGE_CURVE('',#4633,#4642,#4644,.T.);
#4642 = VERTEX_POINT('',#4643);
#4643 = CARTESIAN_POINT('',(56.,18.351849682098,508.41808457737));
#4644 = B_SPLINE_CURVE_WITH_KNOTS('',4,(#4645,#4646,#4647,#4648,#4649),
  .UNSPECIFIED.,.F.,.F.,(5,5),(0.,1.),.PIECEWISE_BEZIER_KNOTS.);
#4645 = CARTESIAN_POINT('',(56.,16.048057439512,511.90236526513));
#4646 = CARTESIAN_POINT('',(56.,16.416093389518,511.21052366157));
#4647 = CARTESIAN_POINT('',(56.,16.906720944937,510.38610097295));
#4648 = CARTESIAN_POINT('',(56.,17.54507175411,509.44703761618));
#4649 = CARTESIAN_POINT('',(56.,18.351849682098,508.41808457737));
#4650 = ORIENTED_EDGE('',*,*,#4651,.T.);
#4651 = EDGE_CURVE('',#4642,#4652,#4654,.T.);
#4652 = VERTEX_POINT('',#4653);
#4653 = CARTESIAN_POINT('',(56.,19.897813455452,508.83231677736));
#4654 = CIRCLE('',#4655,73.896969596702);
#4655 = AXIS2_PLACEMENT_3D('',#4656,#4657,#4658);
#4656 = CARTESIAN_POINT('',(56.,3.349603247571E-04,580.00009365082));
#4657 = DIRECTION('',(1.,0.,2.22044604925E-16));
#4658 = DIRECTION('',(2.150886431636E-16,0.248339205544,-0.968673133203)
  );
#4659 = ORIENTED_EDGE('',*,*,#4660,.T.);
#4660 = EDGE_CURVE('',#4652,#4661,#4663,.T.);
#4661 = VERTEX_POINT('',#4662);
#4662 = CARTESIAN_POINT('',(56.,20.150791935627,513.00168922604));
#4663 = B_SPLINE_CURVE_WITH_KNOTS('',4,(#4664,#4665,#4666,#4667,#4668),
  .UNSPECIFIED.,.F.,.F.,(5,5),(0.,1.),.PIECEWISE_BEZIER_KNOTS.);
#4664 = CARTESIAN_POINT('',(56.,19.897813455452,508.83231677736));
#4665 = CARTESIAN_POINT('',(56.,20.082003341629,510.12680638631));
#4666 = CARTESIAN_POINT('',(56.,20.165299680513,511.25923451362));
#4667 = CARTESIAN_POINT('',(56.,20.177984262993,512.21851928313));
#4668 = CARTESIAN_POINT('',(56.,20.150791935627,513.00168922604));
#4669 = ORIENTED_EDGE('',*,*,#4670,.T.);
#4670 = EDGE_CURVE('',#4661,#4671,#4673,.T.);
#4671 = VERTEX_POINT('',#4672);
#4672 = CARTESIAN_POINT('',(56.,20.684618709434,513.7573706888));
#4673 = CIRCLE('',#4674,0.76);
#4674 = AXIS2_PLACEMENT_3D('',#4675,#4676,#4677);
#4675 = CARTESIAN_POINT('',(56.,20.910202276585,513.03162138344));
#4676 = DIRECTION('',(-1.,0.,-2.22044604925E-16));
#4677 = DIRECTION('',(8.745097453035E-18,-0.999224132839,
    -3.938441763081E-02));
#4678 = ORIENTED_EDGE('',*,*,#4679,.T.);
#4679 = EDGE_CURVE('',#4671,#4680,#4682,.T.);
#4680 = VERTEX_POINT('',#4681);
#4681 = CARTESIAN_POINT('',(56.,21.051363553668,513.87300489401));
#4682 = CIRCLE('',#4683,69.39696959879);
#4683 = AXIS2_PLACEMENT_3D('',#4684,#4685,#4686);
#4684 = CARTESIAN_POINT('',(56.,-6.090594695252E-10,580.00000000192));
#4685 = DIRECTION('',(1.,0.,2.22044604925E-16));
#4686 = DIRECTION('',(2.119518840673E-16,0.298062276057,-0.954546426106)
  );
#4687 = ORIENTED_EDGE('',*,*,#4688,.T.);
#4688 = EDGE_CURVE('',#4680,#4689,#4691,.T.);
#4689 = VERTEX_POINT('',#4690);
#4690 = CARTESIAN_POINT('',(56.,21.92208967059,513.56017769033));
#4691 = CIRCLE('',#4692,0.76);
#4692 = AXIS2_PLACEMENT_3D('',#4693,#4694,#4695);
#4693 = CARTESIAN_POINT('',(56.,21.282848989107,513.14911644047));
#4694 = DIRECTION('',(-1.,0.,-2.22044604925E-16));
#4695 = DIRECTION('',(-2.114941127339E-16,-0.304586099262,0.9524848073)
  );
#4696 = ORIENTED_EDGE('',*,*,#4697,.T.);
#4697 = EDGE_CURVE('',#4689,#4698,#4700,.T.);
#4698 = VERTEX_POINT('',#4699);
#4699 = CARTESIAN_POINT('',(56.,24.520790359442,510.28994446656));
#4700 = B_SPLINE_CURVE_WITH_KNOTS('',4,(#4701,#4702,#4703,#4704,#4705),
  .UNSPECIFIED.,.F.,.F.,(5,5),(0.,1.),.PIECEWISE_BEZIER_KNOTS.);
#4701 = CARTESIAN_POINT('',(56.,21.92208967059,513.56017769033));
#4702 = CARTESIAN_POINT('',(56.,22.349023101515,512.90304519953));
#4703 = CARTESIAN_POINT('',(56.,22.909636842725,512.12452069714));
#4704 = CARTESIAN_POINT('',(56.,23.627403298693,511.24466669886));
#4705 = CARTESIAN_POINT('',(56.,24.520790359442,510.28994446656));
#4706 = ORIENTED_EDGE('',*,*,#4707,.T.);
#4707 = EDGE_CURVE('',#4698,#4708,#4710,.T.);
#4708 = VERTEX_POINT('',#4709);
#4709 = CARTESIAN_POINT('',(56.,26.024768558839,510.83734000889));
#4710 = CIRCLE('',#4711,73.896969597231);
#4711 = AXIS2_PLACEMENT_3D('',#4712,#4713,#4714);
#4712 = CARTESIAN_POINT('',(56.,3.255233109076E-04,580.00012248867));
#4713 = DIRECTION('',(1.,0.,2.22044604925E-16));
#4714 = DIRECTION('',(2.094641907853E-16,0.331819626296,-0.943342851568)
  );
#4715 = ORIENTED_EDGE('',*,*,#4716,.T.);
#4716 = EDGE_CURVE('',#4708,#4717,#4719,.T.);
#4717 = VERTEX_POINT('',#4718);
#4718 = CARTESIAN_POINT('',(56.,25.913399626964,515.01289526398));
#4719 = B_SPLINE_CURVE_WITH_KNOTS('',4,(#4720,#4721,#4722,#4723,#4724),
  .UNSPECIFIED.,.F.,.F.,(5,5),(0.,1.),.PIECEWISE_BEZIER_KNOTS.);
#4720 = CARTESIAN_POINT('',(56.,26.024768558839,510.83734000889));
#4721 = CARTESIAN_POINT('',(56.,26.095435343543,512.1429569004));
#4722 = CARTESIAN_POINT('',(56.,26.079717100166,513.27833555109));
#4723 = CARTESIAN_POINT('',(56.,26.008746237387,514.23507548664));
#4724 = CARTESIAN_POINT('',(56.,25.913399626964,515.01289526398));
#4725 = ORIENTED_EDGE('',*,*,#4726,.T.);
#4726 = EDGE_CURVE('',#4717,#4727,#4729,.T.);
#4727 = VERTEX_POINT('',#4728);
#4728 = CARTESIAN_POINT('',(56.,26.379333049562,515.8122271996));
#4729 = CIRCLE('',#4730,0.76);
#4730 = AXIS2_PLACEMENT_3D('',#4731,#4732,#4733);
#4731 = CARTESIAN_POINT('',(56.,26.667311422892,515.1089004928));
#4732 = DIRECTION('',(-1.,0.,-2.22044604925E-16));
#4733 = DIRECTION('',(2.804926724225E-17,-0.991989205168,-0.1263226695)
  );
#4734 = ORIENTED_EDGE('',*,*,#4735,.T.);
#4735 = EDGE_CURVE('',#4727,#4736,#4738,.T.);
#4736 = VERTEX_POINT('',#4737);
#4737 = CARTESIAN_POINT('',(56.,26.734604133898,515.95938530105));
#4738 = CIRCLE('',#4739,69.396969598927);
#4739 = AXIS2_PLACEMENT_3D('',#4740,#4741,#4742);
#4740 = CARTESIAN_POINT('',(56.,-8.272227347561E-10,580.00000000199));
#4741 = DIRECTION('',(1.,0.,2.22044604925E-16));
#4742 = DIRECTION('',(2.053771041487E-16,0.380122261863,-0.924936249715)
  );
#4743 = ORIENTED_EDGE('',*,*,#4744,.T.);
#4744 = EDGE_CURVE('',#4736,#4745,#4747,.T.);
#4745 = VERTEX_POINT('',#4746);
#4746 = CARTESIAN_POINT('',(56.,27.629281562355,515.72363728077));
#4747 = CIRCLE('',#4748,0.76);
#4748 = AXIS2_PLACEMENT_3D('',#4749,#4750,#4751);
#4749 = CARTESIAN_POINT('',(56.,27.028299733203,515.25842674668));
#4750 = DIRECTION('',(-1.,0.,-2.22044604925E-16));
#4751 = DIRECTION('',(-2.047948227297E-16,-0.386441578033,0.922313887333
    ));
#4752 = ORIENTED_EDGE('',*,*,#4753,.T.);
#4753 = EDGE_CURVE('',#4745,#4754,#4756,.T.);
#4754 = VERTEX_POINT('',#4755);
#4755 = CARTESIAN_POINT('',(56.,30.503113016092,512.69233997044));
#4756 = B_SPLINE_CURVE_WITH_KNOTS('',4,(#4757,#4758,#4759,#4760,#4761),
  .UNSPECIFIED.,.F.,.F.,(5,5),(0.,1.),.PIECEWISE_BEZIER_KNOTS.);
#4757 = CARTESIAN_POINT('',(56.,27.629281562355,515.72363728077));
#4758 = CARTESIAN_POINT('',(56.,28.111863253,515.10621507776));
#4759 = CARTESIAN_POINT('',(56.,28.738196570924,514.37951380316));
#4760 = CARTESIAN_POINT('',(56.,29.529916037556,513.56556538357));
#4761 = CARTESIAN_POINT('',(56.,30.503113016092,512.69233997044));
#4762 = ORIENTED_EDGE('',*,*,#4763,.T.);
#4763 = EDGE_CURVE('',#4754,#4764,#4766,.T.);
#4764 = VERTEX_POINT('',#4765);
#4765 = CARTESIAN_POINT('',(56.,31.953659459308,513.36873284452));
#4766 = CIRCLE('',#4767,73.896969596657);
#4767 = AXIS2_PLACEMENT_3D('',#4768,#4769,#4770);
#4768 = CARTESIAN_POINT('',(56.,3.136092481046E-04,580.00015039327));
#4769 = DIRECTION('',(1.,0.,2.22044604925E-16));
#4770 = DIRECTION('',(2.022455894373E-16,0.412774699333,-0.910833161227)
  );
#4771 = ORIENTED_EDGE('',*,*,#4772,.T.);
#4772 = EDGE_CURVE('',#4764,#4773,#4775,.T.);
#4773 = VERTEX_POINT('',#4774);
#4774 = CARTESIAN_POINT('',(56.,31.478790700201,517.51869240925));
#4775 = B_SPLINE_CURVE_WITH_KNOTS('',4,(#4776,#4777,#4778,#4779,#4780),
  .UNSPECIFIED.,.F.,.F.,(5,5),(0.,1.),.PIECEWISE_BEZIER_KNOTS.);
#4776 = CARTESIAN_POINT('',(56.,31.953659459308,513.36873284452));
#4777 = CARTESIAN_POINT('',(56.,31.910265325639,514.67554048569));
#4778 = CARTESIAN_POINT('',(56.,31.795652125323,515.80522874265));
#4779 = CARTESIAN_POINT('',(56.,31.641565948404,516.75214247564));
#4780 = CARTESIAN_POINT('',(56.,31.478790700201,517.51869240925));
#4781 = ORIENTED_EDGE('',*,*,#4782,.T.);
#4782 = EDGE_CURVE('',#4773,#4783,#4785,.T.);
#4783 = VERTEX_POINT('',#4784);
#4784 = CARTESIAN_POINT('',(56.,31.873284736907,518.35559141905));
#4785 = CIRCLE('',#4786,0.76);
#4786 = AXIS2_PLACEMENT_3D('',#4787,#4788,#4789);
#4787 = CARTESIAN_POINT('',(56.,32.221466227108,517.68004005173));
#4788 = DIRECTION('',(-1.,0.,-2.22044604925E-16));
#4789 = DIRECTION('',(4.713996517114E-17,-0.977204640667,-0.212299529579
    ));
#4790 = ORIENTED_EDGE('',*,*,#4791,.T.);
#4791 = EDGE_CURVE('',#4783,#4792,#4794,.T.);
#4792 = VERTEX_POINT('',#4793);
#4793 = CARTESIAN_POINT('',(56.,32.214378233874,518.53315345472));
#4794 = CIRCLE('',#4795,69.396969596485);
#4795 = AXIS2_PLACEMENT_3D('',#4796,#4797,#4798);
#4796 = CARTESIAN_POINT('',(56.,1.306510455379E-10,579.99999999974));
#4797 = DIRECTION('',(1.,0.,2.22044604925E-16));
#4798 = DIRECTION('',(1.972392804574E-16,0.459289287733,-0.888286749971)
  );
#4799 = ORIENTED_EDGE('',*,*,#4800,.T.);
#4800 = EDGE_CURVE('',#4792,#4801,#4803,.T.);
#4801 = VERTEX_POINT('',#4802);
#4802 = CARTESIAN_POINT('',(56.,33.126197938414,518.37627880263));
#4803 = CIRCLE('',#4804,0.76);
#4804 = AXIS2_PLACEMENT_3D('',#4805,#4806,#4807);
#4805 = CARTESIAN_POINT('',(56.,32.568048796197,517.86045951737));
#4806 = DIRECTION('',(-1.,0.,-2.22044604925E-16));
#4807 = DIRECTION('',(-1.965369204661E-16,-0.465356003056,0.885123601775
    ));
#4808 = ORIENTED_EDGE('',*,*,#4809,.T.);
#4809 = EDGE_CURVE('',#4801,#4810,#4812,.T.);
#4810 = VERTEX_POINT('',#4811);
#4811 = CARTESIAN_POINT('',(56.,36.253288564407,515.60698740862));
#4812 = B_SPLINE_CURVE_WITH_KNOTS('',4,(#4813,#4814,#4815,#4816,#4817),
  .UNSPECIFIED.,.F.,.F.,(5,5),(0.,1.),.PIECEWISE_BEZIER_KNOTS.);
#4813 = CARTESIAN_POINT('',(56.,33.126197938414,518.37627880263));
#4814 = CARTESIAN_POINT('',(56.,33.660755150723,517.8032658432));
#4815 = CARTESIAN_POINT('',(56.,34.34804127062,517.13391843188));
#4816 = CARTESIAN_POINT('',(56.,35.207688284723,516.39207022992));
#4817 = CARTESIAN_POINT('',(56.,36.253288564407,515.60698740862));
#4818 = ORIENTED_EDGE('',*,*,#4819,.T.);
#4819 = EDGE_CURVE('',#4810,#4820,#4822,.T.);
#4820 = VERTEX_POINT('',#4821);
#4821 = CARTESIAN_POINT('',(56.,37.639363717145,516.40722985626));
#4822 = CIRCLE('',#4823,73.896969596785);
#4823 = AXIS2_PLACEMENT_3D('',#4824,#4825,#4826);
#4824 = CARTESIAN_POINT('',(56.,2.993081688025E-04,580.00017715393));
#4825 = DIRECTION('',(1.,0.,2.22044604925E-16));
#4826 = DIRECTION('',(1.934877770344E-16,0.490588307667,-0.871391480553)
  );
#4827 = ORIENTED_EDGE('',*,*,#4828,.T.);
#4828 = EDGE_CURVE('',#4820,#4829,#4831,.T.);
#4829 = VERTEX_POINT('',#4830);
#4830 = CARTESIAN_POINT('',(56.,36.804609168797,520.50001003253));
#4831 = B_SPLINE_CURVE_WITH_KNOTS('',4,(#4832,#4833,#4834,#4835,#4836),
  .UNSPECIFIED.,.F.,.F.,(5,5),(0.,1.),.PIECEWISE_BEZIER_KNOTS.);
#4832 = CARTESIAN_POINT('',(56.,37.639363717145,516.40722985626));
#4833 = CARTESIAN_POINT('',(56.,37.482238920661,517.70528265186));
#4834 = CARTESIAN_POINT('',(56.,37.269603039066,518.82068290534));
#4835 = CARTESIAN_POINT('',(56.,37.033574236854,519.7505638505));
#4836 = CARTESIAN_POINT('',(56.,36.804609168797,520.50001003253));
#4837 = ORIENTED_EDGE('',*,*,#4838,.T.);
#4838 = EDGE_CURVE('',#4829,#4839,#4841,.T.);
#4839 = VERTEX_POINT('',#4840);
#4840 = CARTESIAN_POINT('',(56.,37.124661481788,521.3681068097));
#4841 = CIRCLE('',#4842,0.76);
#4842 = AXIS2_PLACEMENT_3D('',#4843,#4844,#4845);
#4843 = CARTESIAN_POINT('',(56.,37.530396217483,520.72547213569));
#4844 = DIRECTION('',(-1.,0.,-2.22044604925E-16));
#4845 = DIRECTION('',(6.587189950119E-17,-0.954982958797,-0.296660662048
    ));
#4846 = ORIENTED_EDGE('',*,*,#4847,.T.);
#4847 = EDGE_CURVE('',#4839,#4848,#4850,.T.);
#4848 = VERTEX_POINT('',#4849);
#4849 = CARTESIAN_POINT('',(56.,37.448981463917,521.5747214253));
#4850 = CIRCLE('',#4851,69.396969596675);
#4851 = AXIS2_PLACEMENT_3D('',#4852,#4853,#4854);
#4852 = CARTESIAN_POINT('',(56.,4.986233648197E-11,579.99999999991));
#4853 = DIRECTION('',(1.,0.,2.22044604925E-16));
#4854 = DIRECTION('',(1.876003467456E-16,0.534960844796,-0.844876851698)
  );
#4855 = ORIENTED_EDGE('',*,*,#4856,.T.);
#4856 = EDGE_CURVE('',#4848,#4857,#4859,.T.);
#4857 = VERTEX_POINT('',#4858);
#4858 = CARTESIAN_POINT('',(56.,38.371003946017,521.49791405222));
#4859 = CIRCLE('',#4860,0.76);
#4860 = AXIS2_PLACEMENT_3D('',#4861,#4862,#4863);
#4861 = CARTESIAN_POINT('',(56.,37.859935342725,520.93541171203));
#4862 = DIRECTION('',(-1.,0.,-2.22044604925E-16));
#4863 = DIRECTION('',(-1.867832535654E-16,-0.540728787906,0.841196991156
    ));
#4864 = ORIENTED_EDGE('',*,*,#4865,.T.);
#4865 = EDGE_CURVE('',#4857,#4866,#4868,.T.);
#4866 = VERTEX_POINT('',#4867);
#4867 = CARTESIAN_POINT('',(56.,41.727554696413,519.01170455419));
#4868 = B_SPLINE_CURVE_WITH_KNOTS('',4,(#4869,#4870,#4871,#4872,#4873),
  .UNSPECIFIED.,.F.,.F.,(5,5),(0.,1.),.PIECEWISE_BEZIER_KNOTS.);
#4869 = CARTESIAN_POINT('',(56.,38.371003946017,521.49791405222));
#4870 = CARTESIAN_POINT('',(56.,38.953468376829,520.97367131098));
#4871 = CARTESIAN_POINT('',(56.,39.696476636332,520.3667719009));
#4872 = CARTESIAN_POINT('',(56.,40.61750876506,519.70266982934));
#4873 = CARTESIAN_POINT('',(56.,41.727554696413,519.01170455419));
#4874 = ORIENTED_EDGE('',*,*,#4875,.T.);
#4875 = EDGE_CURVE('',#4866,#4876,#4878,.T.);
#4876 = VERTEX_POINT('',#4877);
#4877 = CARTESIAN_POINT('',(56.,43.038609689826,519.92970624715));
#4878 = CIRCLE('',#4879,73.896969596739);
#4879 = AXIS2_PLACEMENT_3D('',#4880,#4881,#4882);
#4880 = CARTESIAN_POINT('',(56.,2.827292544048E-04,580.0002025662));
#4881 = DIRECTION('',(1.,0.,2.22044604925E-16));
#4882 = DIRECTION('',(1.832574058171E-16,0.564668242756,-0.825317984551)
  );
#4883 = ORIENTED_EDGE('',*,*,#4884,.T.);
#4884 = EDGE_CURVE('',#4876,#4885,#4887,.T.);
#4885 = VERTEX_POINT('',#4886);
#4886 = CARTESIAN_POINT('',(56.,41.850322338387,523.93415850654));
#4887 = B_SPLINE_CURVE_WITH_KNOTS('',4,(#4888,#4889,#4890,#4891,#4892),
  .UNSPECIFIED.,.F.,.F.,(5,5),(0.,1.),.PIECEWISE_BEZIER_KNOTS.);
#4888 = CARTESIAN_POINT('',(56.,43.038609689826,519.92970624715));
#4889 = CARTESIAN_POINT('',(56.,42.768950045103,521.20912523164));
#4890 = CARTESIAN_POINT('',(56.,42.45990976968,522.30174861221));
#4891 = CARTESIAN_POINT('',(56.,42.143734663877,523.20751981407));
#4892 = CARTESIAN_POINT('',(56.,41.850322338387,523.93415850654));
#4893 = ORIENTED_EDGE('',*,*,#4894,.T.);
#4894 = EDGE_CURVE('',#4885,#4895,#4897,.T.);
#4895 = VERTEX_POINT('',#4896);
#4896 = CARTESIAN_POINT('',(56.,42.093497136309,524.82684631045));
#4897 = CIRCLE('',#4898,0.76);
#4898 = AXIS2_PLACEMENT_3D('',#4899,#4900,#4901);
#4899 = CARTESIAN_POINT('',(56.,42.553697231169,524.22201916763));
#4900 = DIRECTION('',(-1.,0.,-2.22044604925E-16));
#4901 = DIRECTION('',(8.41025089015E-17,-0.925493279977,-0.37876402775)
  );
#4902 = ORIENTED_EDGE('',*,*,#4903,.T.);
#4903 = EDGE_CURVE('',#4895,#4904,#4906,.T.);
#4904 = VERTEX_POINT('',#4905);
#4905 = CARTESIAN_POINT('',(56.,42.398575332706,525.06094104399));
#4906 = CIRCLE('',#4907,69.39696959577);
#4907 = AXIS2_PLACEMENT_3D('',#4908,#4909,#4910);
#4908 = CARTESIAN_POINT('',(56.,6.075531189254E-10,579.9999999992));
#4909 = DIRECTION('',(1.,0.,2.22044604925E-16));
#4910 = DIRECTION('',(1.765336611187E-16,0.606561026813,-0.795036930433)
  );
#4911 = ORIENTED_EDGE('',*,*,#4912,.T.);
#4912 = EDGE_CURVE('',#4904,#4913,#4915,.T.);
#4913 = VERTEX_POINT('',#4914);
#4914 = CARTESIAN_POINT('',(56.,43.323783444545,525.06478550041));
#4915 = CIRCLE('',#4916,0.76);
#4916 = AXIS2_PLACEMENT_3D('',#4917,#4918,#4919);
#4917 = CARTESIAN_POINT('',(56.,42.863684920842,524.45988108772));
#4918 = DIRECTION('',(-1.,0.,-2.22044604925E-16));
#4919 = DIRECTION('',(-1.756080533223E-16,-0.611986300178,0.790868363506
    ));
#4920 = ORIENTED_EDGE('',*,*,#4921,.T.);
#4921 = EDGE_CURVE('',#4913,#4922,#4924,.T.);
#4922 = VERTEX_POINT('',#4923);
#4923 = CARTESIAN_POINT('',(56.,46.884248941392,522.88057945384));
#4924 = B_SPLINE_CURVE_WITH_KNOTS('',4,(#4925,#4926,#4927,#4928,#4929),
  .UNSPECIFIED.,.F.,.F.,(5,5),(0.,1.),.PIECEWISE_BEZIER_KNOTS.);
#4925 = CARTESIAN_POINT('',(56.,43.323783444545,525.06478550041));
#4926 = CARTESIAN_POINT('',(56.,43.94972218784,524.59330278116));
#4927 = CARTESIAN_POINT('',(56.,44.742797845454,524.05347024329));
#4928 = CARTESIAN_POINT('',(56.,45.718205478172,523.47216851988));
#4929 = CARTESIAN_POINT('',(56.,46.884248941392,522.88057945384));
#4930 = ORIENTED_EDGE('',*,*,#4931,.T.);
#4931 = EDGE_CURVE('',#4922,#4932,#4934,.T.);
#4932 = VERTEX_POINT('',#4933);
#4933 = CARTESIAN_POINT('',(56.,48.110305855344,523.90935384494));
#4934 = CIRCLE('',#4935,73.896969596845);
#4935 = AXIS2_PLACEMENT_3D('',#4936,#4937,#4938);
#4936 = CARTESIAN_POINT('',(56.,2.63998508597E-04,580.00022643693));
#4937 = DIRECTION('',(1.,0.,2.22044604925E-16));
#4938 = DIRECTION('',(1.716323350878E-16,0.634450711561,-0.772963320346)
  );
#4939 = ORIENTED_EDGE('',*,*,#4940,.T.);
#4940 = EDGE_CURVE('',#4932,#4941,#4943,.T.);
#4941 = VERTEX_POINT('',#4942);
#4942 = CARTESIAN_POINT('',(56.,46.577529285066,527.79500188779));
#4943 = B_SPLINE_CURVE_WITH_KNOTS('',4,(#4944,#4945,#4946,#4947,#4948),
  .UNSPECIFIED.,.F.,.F.,(5,5),(0.,1.),.PIECEWISE_BEZIER_KNOTS.);
#4944 = CARTESIAN_POINT('',(56.,48.110305855344,523.90935384494));
#4945 = CARTESIAN_POINT('',(56.,47.730163635103,525.1604018673));
#4946 = CARTESIAN_POINT('',(56.,47.327070948953,526.22193285129));
#4947 = CARTESIAN_POINT('',(56.,46.933155823026,527.09670084408));
#4948 = CARTESIAN_POINT('',(56.,46.577529285066,527.79500188779));
#4949 = ORIENTED_EDGE('',*,*,#4950,.T.);
#4950 = EDGE_CURVE('',#4941,#4951,#4953,.T.);
#4951 = VERTEX_POINT('',#4952);
#4952 = CARTESIAN_POINT('',(56.,46.741975860875,528.70548682523));
#4953 = CIRCLE('',#4954,0.76);
#4954 = AXIS2_PLACEMENT_3D('',#4955,#4956,#4957);
#4955 = CARTESIAN_POINT('',(56.,47.253138914302,528.14307031337));
#4956 = DIRECTION('',(-1.,0.,-2.22044604925E-16));
#4957 = DIRECTION('',(1.016930474266E-16,-0.888960038468,-0.457984770497
    ));
#4958 = ORIENTED_EDGE('',*,*,#4959,.T.);
#4959 = EDGE_CURVE('',#4951,#4960,#4962,.T.);
#4960 = VERTEX_POINT('',#4961);
#4961 = CARTESIAN_POINT('',(56.,47.025490442254,528.96528007443));
#4962 = CIRCLE('',#4963,69.396969601259);
#4963 = AXIS2_PLACEMENT_3D('',#4964,#4965,#4966);
#4964 = CARTESIAN_POINT('',(56.,-3.032511131096E-09,580.0000000033));
#4965 = DIRECTION('',(1.,0.,2.22044604925E-16));
#4966 = DIRECTION('',(1.641234477369E-16,0.673544913164,-0.73914629807)
  );
#4967 = ORIENTED_EDGE('',*,*,#4968,.T.);
#4968 = EDGE_CURVE('',#4960,#4969,#4971,.T.);
#4969 = VERTEX_POINT('',#4970);
#4970 = CARTESIAN_POINT('',(56.,47.946842791444,529.04974710172));
#4971 = CIRCLE('',#4972,0.76);
#4972 = AXIS2_PLACEMENT_3D('',#4973,#4974,#4975);
#4973 = CARTESIAN_POINT('',(56.,47.54121597491,528.40704430438));
#4974 = DIRECTION('',(-1.,0.,-2.22044604925E-16));
#4975 = DIRECTION('',(-1.630963697584E-16,-0.678586227179,0.734520750069
    ));
#4976 = ORIENTED_EDGE('',*,*,#4977,.T.);
#4977 = EDGE_CURVE('',#4969,#4978,#4980,.T.);
#4978 = VERTEX_POINT('',#4979);
#4979 = CARTESIAN_POINT('',(56.,51.684125742444,527.1841676335));
#4980 = B_SPLINE_CURVE_WITH_KNOTS('',4,(#4981,#4982,#4983,#4984,#4985),
  .UNSPECIFIED.,.F.,.F.,(5,5),(0.,1.),.PIECEWISE_BEZIER_KNOTS.);
#4981 = CARTESIAN_POINT('',(56.,47.946842791444,529.04974710172));
#4982 = CARTESIAN_POINT('',(56.,48.611492075434,528.63461267265));
#4983 = CARTESIAN_POINT('',(56.,49.448599346532,528.16595545856));
#4984 = CARTESIAN_POINT('',(56.,50.470959042189,527.67187814042));
#4985 = CARTESIAN_POINT('',(56.,51.684125742444,527.1841676335));
#4986 = ORIENTED_EDGE('',*,*,#4987,.T.);
#4987 = EDGE_CURVE('',#4978,#4988,#4990,.T.);
#4988 = VERTEX_POINT('',#4989);
#4989 = CARTESIAN_POINT('',(56.,52.815853543505,528.31588512843));
#4990 = CIRCLE('',#4991,73.896969596811);
#4991 = AXIS2_PLACEMENT_3D('',#4992,#4993,#4994);
#4992 = CARTESIAN_POINT('',(56.,2.432586586814E-04,580.00024858423));
#4993 = DIRECTION('',(1.,0.,2.22044604925E-16));
#4994 = DIRECTION('',(1.58701038654E-16,0.699404627359,-0.714725938545)
  );
#4995 = ORIENTED_EDGE('',*,*,#4996,.T.);
#4996 = EDGE_CURVE('',#4988,#4997,#4999,.T.);
#4997 = VERTEX_POINT('',#4998);
#4998 = CARTESIAN_POINT('',(56.,50.950253109605,532.05315682692));
#4999 = B_SPLINE_CURVE_WITH_KNOTS('',4,(#5000,#5001,#5002,#5003,#5004),
  .UNSPECIFIED.,.F.,.F.,(5,5),(0.,1.),.PIECEWISE_BEZIER_KNOTS.);
#5000 = CARTESIAN_POINT('',(56.,52.815853543505,528.31588512843));
#5001 = CARTESIAN_POINT('',(56.,52.328121859579,529.52904095781));
#5002 = CARTESIAN_POINT('',(56.,51.834044541438,530.55140065346));
#5003 = CARTESIAN_POINT('',(56.,51.365387327347,531.38850792456));
#5004 = CARTESIAN_POINT('',(56.,50.950253109605,532.05315682692));
#5005 = ORIENTED_EDGE('',*,*,#5006,.T.);
#5006 = EDGE_CURVE('',#4997,#5007,#5009,.T.);
#5007 = VERTEX_POINT('',#5008);
#5008 = CARTESIAN_POINT('',(56.,51.034719925562,532.97450955774));
#5009 = CIRCLE('',#5010,0.76);
#5010 = AXIS2_PLACEMENT_3D('',#5011,#5012,#5013);
#5011 = CARTESIAN_POINT('',(56.,51.592955678071,532.4587840061));
#5012 = DIRECTION('',(-1.,0.,-2.22044604925E-16));
#5013 = DIRECTION('',(1.185096404568E-16,-0.845661274298,-0.533719972601
    ));
#5014 = ORIENTED_EDGE('',*,*,#5015,.T.);
#5015 = EDGE_CURVE('',#5007,#5016,#5018,.T.);
#5016 = VERTEX_POINT('',#5017);
#5017 = CARTESIAN_POINT('',(56.,51.294513174769,533.25802413912));
#5018 = CIRCLE('',#5019,69.396969598538);
#5019 = AXIS2_PLACEMENT_3D('',#5020,#5021,#5022);
#5020 = CARTESIAN_POINT('',(56.,-1.303639862726E-09,580.00000000119));
#5021 = DIRECTION('',(1.,0.,2.22044604925E-16));
#5022 = DIRECTION('',(1.504641558173E-16,0.735402716028,-0.677630316071)
  );
#5023 = ORIENTED_EDGE('',*,*,#5024,.T.);
#5024 = EDGE_CURVE('',#5016,#5025,#5027,.T.);
#5025 = VERTEX_POINT('',#5026);
#5026 = CARTESIAN_POINT('',(56.,52.204997713605,533.42247089219));
#5027 = CIRCLE('',#5028,0.76);
#5028 = AXIS2_PLACEMENT_3D('',#5029,#5030,#5031);
#5029 = CARTESIAN_POINT('',(56.,51.856929669239,532.74686106656));
#5030 = DIRECTION('',(-1.,0.,-2.22044604925E-16));
#5031 = DIRECTION('',(-1.493434243403E-16,-0.74002170325,0.672582990209)
  );
#5032 = ORIENTED_EDGE('',*,*,#5033,.T.);
#5033 = EDGE_CURVE('',#5025,#5034,#5036,.T.);
#5034 = VERTEX_POINT('',#5035);
#5035 = CARTESIAN_POINT('',(56.,56.090655138868,531.88971618854));
#5036 = B_SPLINE_CURVE_WITH_KNOTS('',4,(#5037,#5038,#5039,#5040,#5041),
  .UNSPECIFIED.,.F.,.F.,(5,5),(0.,1.),.PIECEWISE_BEZIER_KNOTS.);
#5037 = CARTESIAN_POINT('',(56.,52.204997713605,533.42247089219));
#5038 = CARTESIAN_POINT('',(56.,52.903299155912,533.06684417697));
#5039 = CARTESIAN_POINT('',(56.,53.778067148703,532.67292905104));
#5040 = CARTESIAN_POINT('',(56.,54.839598132696,532.26983636489));
#5041 = CARTESIAN_POINT('',(56.,56.090655138868,531.88971618854));
#5042 = ORIENTED_EDGE('',*,*,#5043,.T.);
#5043 = EDGE_CURVE('',#5034,#5044,#5046,.T.);
#5044 = VERTEX_POINT('',#5045);
#5045 = CARTESIAN_POINT('',(56.,57.119440695116,533.11576373381));
#5046 = CIRCLE('',#5047,73.896969596713);
#5047 = AXIS2_PLACEMENT_3D('',#5048,#5049,#5050);
#5048 = CARTESIAN_POINT('',(56.,2.206675176666E-04,580.00026883962));
#5049 = DIRECTION('',(1.,0.,2.22044604925E-16));
#5050 = DIRECTION('',(1.445619314897E-16,0.75903565163,-0.651049060789)
  );
#5051 = ORIENTED_EDGE('',*,*,#5052,.T.);
#5052 = EDGE_CURVE('',#5044,#5053,#5055,.T.);
#5053 = VERTEX_POINT('',#5054);
#5054 = CARTESIAN_POINT('',(56.,54.935214743376,536.67621619369));
#5055 = B_SPLINE_CURVE_WITH_KNOTS('',4,(#5056,#5057,#5058,#5059,#5060),
  .UNSPECIFIED.,.F.,.F.,(5,5),(0.,1.),.PIECEWISE_BEZIER_KNOTS.);
#5056 = CARTESIAN_POINT('',(56.,57.119440695116,533.11576373381));
#5057 = CARTESIAN_POINT('',(56.,56.52783148012,534.28179452182));
#5058 = CARTESIAN_POINT('',(56.,55.94652975671,535.25720215454));
#5059 = CARTESIAN_POINT('',(56.,55.406697218839,536.05027781216));
#5060 = CARTESIAN_POINT('',(56.,54.935214743376,536.67621619369));
#5061 = ORIENTED_EDGE('',*,*,#5062,.T.);
#5062 = EDGE_CURVE('',#5053,#5063,#5065,.T.);
#5063 = VERTEX_POINT('',#5064);
#5064 = CARTESIAN_POINT('',(56.,54.93905895601,537.60142466729));
#5065 = CIRCLE('',#5066,0.76);
#5066 = AXIS2_PLACEMENT_3D('',#5067,#5068,#5069);
#5067 = CARTESIAN_POINT('',(56.,55.540118896452,537.13631505871));
#5068 = DIRECTION('',(-1.,0.,-2.22044604925E-16));
#5069 = DIRECTION('',(1.344243035651E-16,-0.795926517206,-0.605393243445
    ));
#5070 = ORIENTED_EDGE('',*,*,#5071,.T.);
#5071 = EDGE_CURVE('',#5063,#5072,#5074,.T.);
#5072 = VERTEX_POINT('',#5073);
#5073 = CARTESIAN_POINT('',(56.,55.173153689549,537.90650286369));
#5074 = CIRCLE('',#5075,69.396969596921);
#5075 = AXIS2_PLACEMENT_3D('',#5076,#5077,#5078);
#5076 = CARTESIAN_POINT('',(56.,-1.210196387547E-10,580.00000000009));
#5077 = DIRECTION('',(1.,0.,2.22044604925E-16));
#5078 = DIRECTION('',(1.356597408192E-16,0.791663660175,-0.610957158202)
  );
#5079 = ORIENTED_EDGE('',*,*,#5080,.T.);
#5080 = EDGE_CURVE('',#5072,#5081,#5083,.T.);
#5081 = VERTEX_POINT('',#5082);
#5082 = CARTESIAN_POINT('',(56.,56.065841080926,538.14967780346));
#5083 = CIRCLE('',#5084,0.76);
#5084 = AXIS2_PLACEMENT_3D('',#5085,#5086,#5087);
#5085 = CARTESIAN_POINT('',(56.,55.777980816714,537.44630274825));
#5086 = DIRECTION('',(-1.,0.,-2.22044604925E-16));
#5087 = DIRECTION('',(-1.34453885287E-16,-0.795825167322,0.605526467677)
  );
#5088 = ORIENTED_EDGE('',*,*,#5089,.T.);
#5089 = EDGE_CURVE('',#5081,#5090,#5092,.T.);
#5090 = VERTEX_POINT('',#5091);
#5091 = CARTESIAN_POINT('',(56.,60.070300781221,536.96141305316));
#5092 = B_SPLINE_CURVE_WITH_KNOTS('',4,(#5093,#5094,#5095,#5096,#5097),
  .UNSPECIFIED.,.F.,.F.,(5,5),(0.,1.),.PIECEWISE_BEZIER_KNOTS.);
#5093 = CARTESIAN_POINT('',(56.,56.065841080926,538.14967780346));
#5094 = CARTESIAN_POINT('',(56.,56.792480185929,537.85626533612));
#5095 = CARTESIAN_POINT('',(56.,57.698251387787,537.54009023031));
#5096 = CARTESIAN_POINT('',(56.,58.790874768358,537.23104995489));
#5097 = CARTESIAN_POINT('',(56.,60.070300781221,536.96141305316));
#5098 = ORIENTED_EDGE('',*,*,#5099,.T.);
#5099 = EDGE_CURVE('',#5090,#5100,#5102,.T.);
#5100 = VERTEX_POINT('',#5101);
#5101 = CARTESIAN_POINT('',(56.,60.988314413377,538.27245968666));
#5102 = CIRCLE('',#5103,73.896969596836);
#5103 = AXIS2_PLACEMENT_3D('',#5104,#5105,#5106);
#5104 = CARTESIAN_POINT('',(56.,1.963967931893E-04,580.00028704912));
#5105 = DIRECTION('',(1.,0.,2.22044604925E-16));
#5106 = DIRECTION('',(1.293226207379E-16,0.812889956275,-0.582417306566)
  );
#5107 = ORIENTED_EDGE('',*,*,#5108,.T.);
#5108 = EDGE_CURVE('',#5100,#5109,#5111,.T.);
#5109 = VERTEX_POINT('',#5110);
#5110 = CARTESIAN_POINT('',(56.,58.50208622216,541.62899571484));
#5111 = B_SPLINE_CURVE_WITH_KNOTS('',4,(#5112,#5113,#5114,#5115,#5116),
  .UNSPECIFIED.,.F.,.F.,(5,5),(0.,1.),.PIECEWISE_BEZIER_KNOTS.);
#5112 = CARTESIAN_POINT('',(56.,60.988314413377,538.27245968666));
#5113 = CARTESIAN_POINT('',(56.,60.297330170659,539.38249123494));
#5114 = CARTESIAN_POINT('',(56.,59.633228099096,540.30352336366));
#5115 = CARTESIAN_POINT('',(56.,59.026328689016,541.04653162317));
#5116 = CARTESIAN_POINT('',(56.,58.50208622216,541.62899571484));
#5117 = ORIENTED_EDGE('',*,*,#5118,.T.);
#5118 = EDGE_CURVE('',#5109,#5119,#5121,.T.);
#5119 = VERTEX_POINT('',#5120);
#5120 = CARTESIAN_POINT('',(56.,58.425278574691,542.55101853608));
#5121 = CIRCLE('',#5122,0.76);
#5122 = AXIS2_PLACEMENT_3D('',#5123,#5124,#5125);
#5123 = CARTESIAN_POINT('',(56.,59.064588273991,542.14006463552));
#5124 = DIRECTION('',(-1.,0.,-2.22044604925E-16));
#5125 = DIRECTION('',(1.493159165556E-16,-0.740134278724,-0.67245910616)
  );
#5126 = ORIENTED_EDGE('',*,*,#5127,.T.);
#5127 = EDGE_CURVE('',#5119,#5128,#5130,.T.);
#5128 = VERTEX_POINT('',#5129);
#5129 = CARTESIAN_POINT('',(56.,58.631893190291,542.87533851821));
#5130 = CIRCLE('',#5131,69.39696959371);
#5131 = AXIS2_PLACEMENT_3D('',#5132,#5133,#5134);
#5132 = CARTESIAN_POINT('',(56.,2.580396341045E-09,579.99999999835));
#5133 = DIRECTION('',(1.,0.,2.22044604925E-16));
#5134 = DIRECTION('',(1.198228732799E-16,0.841899565848,-0.539634247454)
  );
#5135 = ORIENTED_EDGE('',*,*,#5136,.T.);
#5136 = EDGE_CURVE('',#5128,#5137,#5139,.T.);
#5137 = VERTEX_POINT('',#5138);
#5138 = CARTESIAN_POINT('',(56.,59.499989544141,543.19539093655));
#5139 = CIRCLE('',#5140,0.76);
#5140 = AXIS2_PLACEMENT_3D('',#5141,#5142,#5143);
#5141 = CARTESIAN_POINT('',(56.,59.274527850508,542.46960376065));
#5142 = DIRECTION('',(-1.,0.,-2.22044604925E-16));
#5143 = DIRECTION('',(-1.185410709812E-16,-0.845571921338,0.533861523099
    ));
#5144 = ORIENTED_EDGE('',*,*,#5145,.T.);
#5145 = EDGE_CURVE('',#5137,#5146,#5148,.T.);
#5146 = VERTEX_POINT('',#5147);
#5147 = CARTESIAN_POINT('',(56.,63.59277516319,542.36065955186));
#5148 = B_SPLINE_CURVE_WITH_KNOTS('',4,(#5149,#5150,#5151,#5152,#5153),
  .UNSPECIFIED.,.F.,.F.,(5,5),(0.,1.),.PIECEWISE_BEZIER_KNOTS.);
#5149 = CARTESIAN_POINT('',(56.,59.499989544141,543.19539093655));
#5150 = CARTESIAN_POINT('',(56.,60.249436149493,542.96642576314));
#5151 = CARTESIAN_POINT('',(56.,61.179317094653,542.73039696093));
#5152 = CARTESIAN_POINT('',(56.,62.294717348132,542.51776107933));
#5153 = CARTESIAN_POINT('',(56.,63.59277516319,542.36065955186));
#5154 = ORIENTED_EDGE('',*,*,#5155,.T.);
#5155 = EDGE_CURVE('',#5146,#5156,#5158,.T.);
#5156 = VERTEX_POINT('',#5157);
#5157 = CARTESIAN_POINT('',(56.,64.3930302332,543.74672741707));
#5158 = CIRCLE('',#5159,73.896969596782);
#5159 = AXIS2_PLACEMENT_3D('',#5160,#5161,#5162);
#5160 = CARTESIAN_POINT('',(56.,1.706315113168E-04,580.00030307389));
#5161 = DIRECTION('',(1.,0.,2.22044604925E-16));
#5162 = DIRECTION('',(1.130990867551E-16,0.860557677516,-0.509353004966)
  );
#5163 = ORIENTED_EDGE('',*,*,#5164,.T.);
#5164 = EDGE_CURVE('',#5156,#5165,#5167,.T.);
#5165 = VERTEX_POINT('',#5166);
#5166 = CARTESIAN_POINT('',(56.,61.623721500269,546.87380174765));
#5167 = B_SPLINE_CURVE_WITH_KNOTS('',4,(#5168,#5169,#5170,#5171,#5172),
  .UNSPECIFIED.,.F.,.F.,(5,5),(0.,1.),.PIECEWISE_BEZIER_KNOTS.);
#5168 = CARTESIAN_POINT('',(56.,64.3930302332,543.74672741707));
#5169 = CARTESIAN_POINT('',(56.,63.607929770077,544.79231171527));
#5170 = CARTESIAN_POINT('',(56.,62.866081568119,545.65195872938));
#5171 = CARTESIAN_POINT('',(56.,62.196734156799,546.33924484927));
#5172 = CARTESIAN_POINT('',(56.,61.623721500269,546.87380174765));
#5173 = ORIENTED_EDGE('',*,*,#5174,.T.);
#5174 = EDGE_CURVE('',#5165,#5175,#5177,.T.);
#5175 = VERTEX_POINT('',#5176);
#5176 = CARTESIAN_POINT('',(56.,61.466846545272,547.78562176612));
#5177 = CIRCLE('',#5178,0.76);
#5178 = AXIS2_PLACEMENT_3D('',#5179,#5180,#5181);
#5179 = CARTESIAN_POINT('',(56.,62.13954047059,547.43195118092));
#5180 = DIRECTION('',(-1.,0.,-2.22044604925E-16));
#5181 = DIRECTION('',(1.630711452617E-16,-0.678709171476,-0.734407149036
    ));
#5182 = ORIENTED_EDGE('',*,*,#5183,.T.);
#5183 = EDGE_CURVE('',#5175,#5184,#5186,.T.);
#5184 = VERTEX_POINT('',#5185);
#5185 = CARTESIAN_POINT('',(56.,61.64440858095,548.12671526309));
#5186 = CIRCLE('',#5187,69.396969596054);
#5187 = AXIS2_PLACEMENT_3D('',#5188,#5189,#5190);
#5188 = CARTESIAN_POINT('',(56.,6.344862413243E-10,579.99999999966));
#5189 = DIRECTION('',(1.,0.,2.22044604925E-16));
#5190 = DIRECTION('',(1.030740813239E-16,0.885728107472,-0.464204394242)
  );
#5191 = ORIENTED_EDGE('',*,*,#5192,.T.);
#5192 = EDGE_CURVE('',#5184,#5193,#5195,.T.);
#5193 = VERTEX_POINT('',#5194);
#5194 = CARTESIAN_POINT('',(56.,62.481307159849,548.52120936785));
#5195 = CIRCLE('',#5196,0.76);
#5196 = AXIS2_PLACEMENT_3D('',#5197,#5198,#5199);
#5197 = CARTESIAN_POINT('',(56.,62.319959936421,547.77853374991));
#5198 = DIRECTION('',(-1.,0.,-2.22044604925E-16));
#5199 = DIRECTION('',(-1.017260875481E-16,-0.888883362462,0.458133569976
    ));
#5200 = ORIENTED_EDGE('',*,*,#5201,.T.);
#5201 = EDGE_CURVE('',#5193,#5202,#5204,.T.);
#5202 = VERTEX_POINT('',#5203);
#5203 = CARTESIAN_POINT('',(56.,66.631270127799,548.04636415863));
#5204 = B_SPLINE_CURVE_WITH_KNOTS('',4,(#5205,#5206,#5207,#5208,#5209),
  .UNSPECIFIED.,.F.,.F.,(5,5),(0.,1.),.PIECEWISE_BEZIER_KNOTS.);
#5205 = CARTESIAN_POINT('',(56.,62.481307159849,548.52120936785));
#5206 = CARTESIAN_POINT('',(56.,63.247857524356,548.35843405159));
#5207 = CARTESIAN_POINT('',(56.,64.194771257347,548.20434787467));
#5208 = CARTESIAN_POINT('',(56.,65.324459514309,548.08973467436));
#5209 = CARTESIAN_POINT('',(56.,66.631270127799,548.04636415863));
#5210 = ORIENTED_EDGE('',*,*,#5211,.T.);
#5211 = EDGE_CURVE('',#5202,#5212,#5214,.T.);
#5212 = VERTEX_POINT('',#5213);
#5213 = CARTESIAN_POINT('',(56.,67.307676211374,549.49690444215));
#5214 = CIRCLE('',#5215,73.896969597148);
#5215 = AXIS2_PLACEMENT_3D('',#5216,#5217,#5218);
#5216 = CARTESIAN_POINT('',(56.,1.435672453809E-04,580.00031679227));
#5217 = DIRECTION('',(1.,0.,2.22044604925E-16));
#5218 = DIRECTION('',(9.601480043107E-17,0.901676035212,-0.432412219443)
  );
#5219 = ORIENTED_EDGE('',*,*,#5220,.T.);
#5220 = EDGE_CURVE('',#5212,#5221,#5223,.T.);
#5221 = VERTEX_POINT('',#5222);
#5222 = CARTESIAN_POINT('',(56.,64.276363048339,552.3707181513));
#5223 = B_SPLINE_CURVE_WITH_KNOTS('',4,(#5224,#5225,#5226,#5227,#5228),
  .UNSPECIFIED.,.F.,.F.,(5,5),(0.,1.),.PIECEWISE_BEZIER_KNOTS.);
#5224 = CARTESIAN_POINT('',(56.,67.307676211374,549.49690444215));
#5225 = CARTESIAN_POINT('',(56.,66.434434616425,550.47008396244));
#5226 = CARTESIAN_POINT('',(56.,65.620486196832,551.26180342907));
#5227 = CARTESIAN_POINT('',(56.,64.893784922233,551.888136747));
#5228 = CARTESIAN_POINT('',(56.,64.276363048339,552.3707181513));
#5229 = ORIENTED_EDGE('',*,*,#5230,.T.);
#5230 = EDGE_CURVE('',#5221,#5231,#5233,.T.);
#5231 = VERTEX_POINT('',#5232);
#5232 = CARTESIAN_POINT('',(56.,64.040614698946,553.2653958661));
#5233 = CIRCLE('',#5234,0.76);
#5234 = AXIS2_PLACEMENT_3D('',#5235,#5236,#5237);
#5235 = CARTESIAN_POINT('',(56.,64.741573243328,552.97170024295));
#5236 = DIRECTION('',(-1.,0.,-2.22044604925E-16));
#5237 = DIRECTION('',(1.755853040874E-16,-0.612118677617,-0.79076591006)
  );
#5238 = ORIENTED_EDGE('',*,*,#5239,.T.);
#5239 = EDGE_CURVE('',#5231,#5240,#5242,.T.);
#5240 = VERTEX_POINT('',#5241);
#5241 = CARTESIAN_POINT('',(56.,64.187772800397,553.62066695043));
#5242 = CIRCLE('',#5243,69.396969594556);
#5243 = AXIS2_PLACEMENT_3D('',#5244,#5245,#5246);
#5244 = CARTESIAN_POINT('',(56.,2.045062785783E-09,579.99999999915));
#5245 = DIRECTION('',(1.,0.,2.22044604925E-16));
#5246 = DIRECTION('',(8.554083337114E-17,0.922815723382,-0.385241665295)
  );
#5247 = ORIENTED_EDGE('',*,*,#5248,.T.);
#5248 = EDGE_CURVE('',#5240,#5249,#5251,.T.);
#5249 = VERTEX_POINT('',#5250);
#5250 = CARTESIAN_POINT('',(56.,64.987104300826,554.08660040328));
#5251 = CIRCLE('',#5252,0.76);
#5252 = AXIS2_PLACEMENT_3D('',#5253,#5254,#5255);
#5253 = CARTESIAN_POINT('',(56.,64.891099497398,553.33268855318));
#5254 = DIRECTION('',(-1.,0.,-2.22044604925E-16));
#5255 = DIRECTION('',(-8.413690716492E-17,-0.925429864475,0.378918943756
    ));
#5256 = ORIENTED_EDGE('',*,*,#5257,.T.);
#5257 = EDGE_CURVE('',#5249,#5258,#5260,.T.);
#5258 = VERTEX_POINT('',#5259);
#5259 = CARTESIAN_POINT('',(56.,69.162660893675,553.97525522828));
#5260 = B_SPLINE_CURVE_WITH_KNOTS('',4,(#5261,#5262,#5263,#5264,#5265),
  .UNSPECIFIED.,.F.,.F.,(5,5),(0.,1.),.PIECEWISE_BEZIER_KNOTS.);
#5261 = CARTESIAN_POINT('',(56.,64.987104300826,554.08660040328));
#5262 = CARTESIAN_POINT('',(56.,65.764924513358,553.99125376261));
#5263 = CARTESIAN_POINT('',(56.,66.72166444891,553.92028289983));
#5264 = CARTESIAN_POINT('',(56.,67.857043099594,553.90456465645));
#5265 = CARTESIAN_POINT('',(56.,69.162660893675,553.97525522828));
#5266 = ORIENTED_EDGE('',*,*,#5267,.T.);
#5267 = EDGE_CURVE('',#5258,#5268,#5270,.T.);
#5268 = VERTEX_POINT('',#5269);
#5269 = CARTESIAN_POINT('',(56.,69.710070132093,555.47922844271));
#5270 = CIRCLE('',#5271,73.89696959697);
#5271 = AXIS2_PLACEMENT_3D('',#5272,#5273,#5274);
#5272 = CARTESIAN_POINT('',(56.,1.154108300128E-04,580.00032809943));
#5273 = DIRECTION('',(1.,0.,2.22044604925E-16));
#5274 = DIRECTION('',(7.819978350042E-17,0.935932093834,-0.352180515833)
  );
#5275 = ORIENTED_EDGE('',*,*,#5276,.T.);
#5276 = EDGE_CURVE('',#5268,#5277,#5279,.T.);
#5277 = VERTEX_POINT('',#5278);
#5278 = CARTESIAN_POINT('',(56.,66.439822662483,558.07791007284));
#5279 = B_SPLINE_CURVE_WITH_KNOTS('',4,(#5280,#5281,#5282,#5283,#5284),
  .UNSPECIFIED.,.F.,.F.,(5,5),(0.,1.),.PIECEWISE_BEZIER_KNOTS.);
#5280 = CARTESIAN_POINT('',(56.,69.710070132093,555.47922844271));
#5281 = CARTESIAN_POINT('',(56.,68.755333301135,556.3725967013));
#5282 = CARTESIAN_POINT('',(56.,67.875479302853,557.09036315727));
#5283 = CARTESIAN_POINT('',(56.,67.09695480047,557.65097689848));
#5284 = CARTESIAN_POINT('',(56.,66.439822662483,558.07791007284));
#5285 = ORIENTED_EDGE('',*,*,#5286,.T.);
#5286 = EDGE_CURVE('',#5277,#5287,#5289,.T.);
#5287 = VERTEX_POINT('',#5288);
#5288 = CARTESIAN_POINT('',(56.,66.126995105981,558.94863644633));
#5289 = CIRCLE('',#5290,0.76);
#5290 = AXIS2_PLACEMENT_3D('',#5291,#5292,#5293);
#5291 = CARTESIAN_POINT('',(56.,66.850883551654,558.71715098626));
#5292 = DIRECTION('',(-1.,0.,-2.22044604925E-16));
#5293 = DIRECTION('',(1.867631527276E-16,-0.540869591014,-0.84110646503)
  );
#5294 = ORIENTED_EDGE('',*,*,#5295,.T.);
#5295 = EDGE_CURVE('',#5287,#5296,#5298,.T.);
#5296 = VERTEX_POINT('',#5297);
#5297 = CARTESIAN_POINT('',(56.,66.242629311195,559.31538129056));
#5298 = CIRCLE('',#5299,69.396969594396);
#5299 = AXIS2_PLACEMENT_3D('',#5300,#5301,#5302);
#5300 = CARTESIAN_POINT('',(56.,2.264634701987E-09,579.99999999928));
#5301 = DIRECTION('',(1.,0.,2.22044604925E-16));
#5302 = DIRECTION('',(6.73565680255E-17,0.952880154425,-0.303347014661)
  );
#5303 = ORIENTED_EDGE('',*,*,#5304,.T.);
#5304 = EDGE_CURVE('',#5296,#5305,#5307,.T.);
#5305 = VERTEX_POINT('',#5306);
#5306 = CARTESIAN_POINT('',(56.,66.998310337787,559.84920805657));
#5307 = CIRCLE('',#5308,0.76);
#5308 = AXIS2_PLACEMENT_3D('',#5309,#5310,#5311);
#5309 = CARTESIAN_POINT('',(56.,66.968378608882,559.08979769872));
#5310 = DIRECTION('',(-1.,0.,-2.22044604925E-16));
#5311 = DIRECTION('',(-6.590739411497E-17,-0.95493328643,0.296820515577)
  );
#5312 = ORIENTED_EDGE('',*,*,#5313,.T.);
#5313 = EDGE_CURVE('',#5305,#5314,#5316,.T.);
#5314 = VERTEX_POINT('',#5315);
#5315 = CARTESIAN_POINT('',(56.,71.167682048594,560.10221031981));
#5316 = B_SPLINE_CURVE_WITH_KNOTS('',4,(#5317,#5318,#5319,#5320,#5321),
  .UNSPECIFIED.,.F.,.F.,(5,5),(0.,1.),.PIECEWISE_BEZIER_KNOTS.);
#5317 = CARTESIAN_POINT('',(56.,66.998310337787,559.84920805657));
#5318 = CARTESIAN_POINT('',(56.,67.781480716866,559.822015737));
#5319 = CARTESIAN_POINT('',(56.,68.740765486375,559.83470031948));
#5320 = CARTESIAN_POINT('',(56.,69.873193613689,559.91799665837));
#5321 = CARTESIAN_POINT('',(56.,71.167682048594,560.10221031981));
#5322 = ORIENTED_EDGE('',*,*,#5323,.T.);
#5323 = EDGE_CURVE('',#5314,#5324,#5326,.T.);
#5324 = VERTEX_POINT('',#5325);
#5325 = CARTESIAN_POINT('',(56.,71.581928327016,561.64817032086));
#5326 = CIRCLE('',#5327,73.89696959669);
#5327 = AXIS2_PLACEMENT_3D('',#5328,#5329,#5330);
#5328 = CARTESIAN_POINT('',(56.,8.637617688834E-05,580.00033690956));
#5329 = DIRECTION('',(1.,0.,2.22044604925E-16));
#5330 = DIRECTION('',(5.978961899902E-17,0.96306514409,-0.269268505845)
  );
#5331 = ORIENTED_EDGE('',*,*,#5332,.T.);
#5332 = EDGE_CURVE('',#5324,#5333,#5335,.T.);
#5333 = VERTEX_POINT('',#5334);
#5334 = CARTESIAN_POINT('',(56.,68.097635108703,563.95194233565));
#5335 = B_SPLINE_CURVE_WITH_KNOTS('',4,(#5336,#5337,#5338,#5339,#5340),
  .UNSPECIFIED.,.F.,.F.,(5,5),(0.,1.),.PIECEWISE_BEZIER_KNOTS.);
#5336 = CARTESIAN_POINT('',(56.,71.581928327016,561.64817032086));
#5337 = CARTESIAN_POINT('',(56.,70.552962383817,562.45492824589));
#5338 = CARTESIAN_POINT('',(56.,69.613899027045,563.09327905506));
#5339 = CARTESIAN_POINT('',(56.,68.789476338427,563.58390661048));
#5340 = CARTESIAN_POINT('',(56.,68.097635108703,563.95194233565));
#5341 = ORIENTED_EDGE('',*,*,#5342,.T.);
#5342 = EDGE_CURVE('',#5333,#5343,#5345,.T.);
#5343 = VERTEX_POINT('',#5344);
#5344 = CARTESIAN_POINT('',(56.,67.710109151688,564.79209061436));
#5345 = CIRCLE('',#5346,0.76);
#5346 = AXIS2_PLACEMENT_3D('',#5347,#5348,#5349);
#5347 = CARTESIAN_POINT('',(56.,68.451418270484,564.62457706151));
#5348 = DIRECTION('',(-1.,0.,-2.22044604925E-16));
#5349 = DIRECTION('',(1.965196210049E-16,-0.465504160238,-0.885045691928
    ));
#5350 = ORIENTED_EDGE('',*,*,#5351,.T.);
#5351 = EDGE_CURVE('',#5343,#5352,#5354,.T.);
#5352 = VERTEX_POINT('',#5353);
#5353 = CARTESIAN_POINT('',(56.,67.793339414542,565.16751806878));
#5354 = CIRCLE('',#5355,69.396969591852);
#5355 = AXIS2_PLACEMENT_3D('',#5356,#5357,#5358);
#5356 = CARTESIAN_POINT('',(56.,4.801215425232E-09,579.99999999893));
#5357 = DIRECTION('',(1.,0.,2.22044604925E-16));
#5358 = DIRECTION('',(4.865967852619E-17,0.975692592128,-0.219143710079)
  );
#5359 = ORIENTED_EDGE('',*,*,#5360,.T.);
#5360 = EDGE_CURVE('',#5352,#5361,#5363,.T.);
#5361 = VERTEX_POINT('',#5362);
#5362 = CARTESIAN_POINT('',(56.,68.499618778391,565.76517540393));
#5363 = CIRCLE('',#5364,0.76);
#5364 = AXIS2_PLACEMENT_3D('',#5365,#5366,#5367);
#5365 = CARTESIAN_POINT('',(56.,68.53598792254,565.00604610971));
#5366 = DIRECTION('',(-1.,0.,-2.22044604925E-16));
#5367 = DIRECTION('',(-4.717628599981E-17,-0.977169089471,0.212463104049
    ));
#5368 = ORIENTED_EDGE('',*,*,#5369,.T.);
#5369 = EDGE_CURVE('',#5361,#5370,#5372,.T.);
#5370 = VERTEX_POINT('',#5371);
#5371 = CARTESIAN_POINT('',(56.,72.631074170901,566.38059960543));
#5372 = B_SPLINE_CURVE_WITH_KNOTS('',4,(#5373,#5374,#5375,#5376,#5377),
  .UNSPECIFIED.,.F.,.F.,(5,5),(0.,1.),.PIECEWISE_BEZIER_KNOTS.);
#5373 = CARTESIAN_POINT('',(56.,68.499618778391,565.76517540393));
#5374 = CARTESIAN_POINT('',(56.,69.282178924541,565.80634435544));
#5375 = CARTESIAN_POINT('',(56.,70.236707791679,565.90258784584));
#5376 = CARTESIAN_POINT('',(56.,71.357566933795,566.08426483156));
#5377 = CARTESIAN_POINT('',(56.,72.631074170901,566.38059960543));
#5378 = ORIENTED_EDGE('',*,*,#5379,.T.);
#5379 = EDGE_CURVE('',#5370,#5380,#5382,.T.);
#5380 = VERTEX_POINT('',#5381);
#5381 = CARTESIAN_POINT('',(56.,72.90900482502,567.95678070401));
#5382 = CIRCLE('',#5383,73.896969596911);
#5383 = AXIS2_PLACEMENT_3D('',#5384,#5385,#5386);
#5384 = CARTESIAN_POINT('',(56.,5.668366853229E-05,580.00034315573));
#5385 = DIRECTION('',(1.,0.,2.22044604925E-16));
#5386 = DIRECTION('',(4.092441939506E-17,0.982868687084,-0.184307199938)
  );
#5387 = ORIENTED_EDGE('',*,*,#5388,.T.);
#5388 = EDGE_CURVE('',#5380,#5389,#5391,.T.);
#5389 = VERTEX_POINT('',#5390);
#5390 = CARTESIAN_POINT('',(56.,69.23718343327,569.94811000736));
#5391 = B_SPLINE_CURVE_WITH_KNOTS('',4,(#5392,#5393,#5394,#5395,#5396),
  .UNSPECIFIED.,.F.,.F.,(5,5),(0.,1.),.PIECEWISE_BEZIER_KNOTS.);
#5392 = CARTESIAN_POINT('',(56.,72.90900482502,567.95678070401));
#5393 = CARTESIAN_POINT('',(56.,71.813640821716,568.67078838052));
#5394 = CARTESIAN_POINT('',(56.,70.82251494562,569.2248653078));
#5395 = CARTESIAN_POINT('',(56.,69.958468425227,569.64177270548));
#5396 = CARTESIAN_POINT('',(56.,69.23718343327,569.94811000736));
#5397 = ORIENTED_EDGE('',*,*,#5398,.T.);
#5398 = EDGE_CURVE('',#5389,#5399,#5401,.T.);
#5399 = VERTEX_POINT('',#5400);
#5400 = CARTESIAN_POINT('',(56.,68.777908382269,570.75128615561));
#5401 = CIRCLE('',#5402,0.76);
#5402 = AXIS2_PLACEMENT_3D('',#5403,#5404,#5405);
#5403 = CARTESIAN_POINT('',(56.,69.53099636418,570.64901938925));
#5404 = DIRECTION('',(-1.,0.,-2.22044604925E-16));
#5405 = DIRECTION('',(2.047804563045E-16,-0.386595961723,-0.922249186706
    ));
#5406 = ORIENTED_EDGE('',*,*,#5407,.T.);
#5407 = EDGE_CURVE('',#5399,#5408,#5410,.T.);
#5408 = VERTEX_POINT('',#5409);
#5409 = CARTESIAN_POINT('',(56.,68.828101270207,571.1325389906));
#5410 = CIRCLE('',#5411,69.396969596674);
#5411 = AXIS2_PLACEMENT_3D('',#5412,#5413,#5414);
#5412 = CARTESIAN_POINT('',(56.,9.552536539559E-11,579.99999999998));
#5413 = DIRECTION('',(1.,0.,2.22044604925E-16));
#5414 = DIRECTION('',(2.959245949173E-17,0.991079420065,-0.13327258954)
  );
#5415 = ORIENTED_EDGE('',*,*,#5416,.T.);
#5416 = EDGE_CURVE('',#5408,#5417,#5419,.T.);
#5417 = VERTEX_POINT('',#5418);
#5418 = CARTESIAN_POINT('',(56.,69.479603758891,571.78947836169));
#5419 = CIRCLE('',#5420,0.76);
#5420 = AXIS2_PLACEMENT_3D('',#5421,#5422,#5423);
#5421 = CARTESIAN_POINT('',(56.,69.581996984947,571.03640756339));
#5422 = DIRECTION('',(-1.,0.,-2.22044604925E-16));
#5423 = DIRECTION('',(-2.808613786238E-17,-0.99196804571,0.126488720011)
  );
#5424 = ORIENTED_EDGE('',*,*,#5425,.T.);
#5425 = EDGE_CURVE('',#5417,#5426,#5428,.T.);
#5426 = VERTEX_POINT('',#5427);
#5427 = CARTESIAN_POINT('',(56.,73.541699962927,572.76264075166));
#5428 = B_SPLINE_CURVE_WITH_KNOTS('',4,(#5429,#5430,#5431,#5432,#5433),
  .UNSPECIFIED.,.F.,.F.,(5,5),(0.,1.),.PIECEWISE_BEZIER_KNOTS.);
#5429 = CARTESIAN_POINT('',(56.,69.479603758891,571.78947836169));
#5430 = CARTESIAN_POINT('',(56.,70.255597916877,571.89869526369));
#5431 = CARTESIAN_POINT('',(56.,71.198106340604,572.07776519095));
#5432 = CARTESIAN_POINT('',(56.,72.298866082659,572.35644015193));
#5433 = CARTESIAN_POINT('',(56.,73.541699962927,572.76264075166));
#5434 = ORIENTED_EDGE('',*,*,#5435,.T.);
#5435 = EDGE_CURVE('',#5426,#5436,#5438,.T.);
#5436 = VERTEX_POINT('',#5437);
#5437 = CARTESIAN_POINT('',(56.,73.681199772645,574.35704725789));
#5438 = CIRCLE('',#5439,73.896969596908);
#5439 = AXIS2_PLACEMENT_3D('',#5440,#5441,#5442);
#5440 = CARTESIAN_POINT('',(56.,2.655997992207E-05,580.00034679023));
#5441 = DIRECTION('',(1.,0.,2.22044604925E-16));
#5442 = DIRECTION('',(2.174776024868E-17,0.995192005898,
    -9.794320495208E-02));
#5443 = ORIENTED_EDGE('',*,*,#5444,.T.);
#5444 = EDGE_CURVE('',#5436,#5445,#5447,.T.);
#5445 = VERTEX_POINT('',#5446);
#5446 = CARTESIAN_POINT('',(56.,69.849794985356,576.02077863141));
#5447 = B_SPLINE_CURVE_WITH_KNOTS('',4,(#5448,#5449,#5450,#5451,#5452),
  .UNSPECIFIED.,.F.,.F.,(5,5),(0.,1.),.PIECEWISE_BEZIER_KNOTS.);
#5448 = CARTESIAN_POINT('',(56.,73.681199772645,574.35704725789));
#5449 = CARTESIAN_POINT('',(56.,72.527774090699,574.97287065635));
#5450 = CARTESIAN_POINT('',(56.,71.492128761655,575.43845684174));
#5451 = CARTESIAN_POINT('',(56.,70.595034325233,575.77847116466));
#5452 = CARTESIAN_POINT('',(56.,69.849794985356,576.02077863141));
#5453 = ORIENTED_EDGE('',*,*,#5454,.T.);
#5454 = EDGE_CURVE('',#5445,#5455,#5457,.T.);
#5455 = VERTEX_POINT('',#5456);
#5456 = CARTESIAN_POINT('',(56.,69.322266200824,576.78086999374));
#5457 = CIRCLE('',#5458,0.76);
#5458 = AXIS2_PLACEMENT_3D('',#5459,#5460,#5461);
#5459 = CARTESIAN_POINT('',(56.,70.081401591581,576.74462832572));
#5460 = DIRECTION('',(-1.,0.,-2.22044604925E-16));
#5461 = DIRECTION('',(2.114827886819E-16,-0.304745534506,-0.952433808303
    ));
#5462 = ORIENTED_EDGE('',*,*,#5463,.T.);
#5463 = EDGE_CURVE('',#5455,#5464,#5466,.T.);
#5464 = VERTEX_POINT('',#5465);
#5465 = CARTESIAN_POINT('',(56.,69.339039715662,577.16504664502));
#5466 = CIRCLE('',#5467,69.396969597519);
#5467 = AXIS2_PLACEMENT_3D('',#5468,#5469,#5470);
#5468 = CARTESIAN_POINT('',(56.,-7.483791364393E-10,580.00000000003));
#5469 = DIRECTION('',(1.,0.,2.22044604925E-16));
#5470 = DIRECTION('',(1.030002397215E-17,0.998923535186,
    -4.638718412286E-02));
#5471 = ORIENTED_EDGE('',*,*,#5472,.T.);
#5472 = EDGE_CURVE('',#5464,#5473,#5475,.T.);
#5473 = VERTEX_POINT('',#5474);
#5474 = CARTESIAN_POINT('',(56.,69.930807001855,577.87626834677));
#5475 = CIRCLE('',#5476,0.76);
#5476 = AXIS2_PLACEMENT_3D('',#5477,#5478,#5479);
#5477 = CARTESIAN_POINT('',(56.,70.09844503554,577.13498736788));
#5478 = DIRECTION('',(-1.,0.,-2.22044604925E-16));
#5479 = DIRECTION('',(-8.782237256942E-18,-0.999217526155,
    3.955168043785E-02));
#5480 = ORIENTED_EDGE('',*,*,#5481,.T.);
#5481 = EDGE_CURVE('',#5473,#5482,#5484,.T.);
#5482 = VERTEX_POINT('',#5483);
#5483 = CARTESIAN_POINT('',(56.,73.892629012542,579.19976257181));
#5484 = B_SPLINE_CURVE_WITH_KNOTS('',4,(#5485,#5486,#5487,#5488,#5489),
  .UNSPECIFIED.,.F.,.F.,(5,5),(0.,1.),.PIECEWISE_BEZIER_KNOTS.);
#5485 = CARTESIAN_POINT('',(56.,69.930807001855,577.87626834677));
#5486 = CARTESIAN_POINT('',(56.,70.694329387577,578.05270199269));
#5487 = CARTESIAN_POINT('',(56.,71.617644309686,578.31323552653));
#5488 = CARTESIAN_POINT('',(56.,72.689927205384,578.68678757805));
#5489 = CARTESIAN_POINT('',(56.,73.892629012542,579.19976257181));
#5490 = ORIENTED_EDGE('',*,*,#5491,.T.);
#5491 = EDGE_CURVE('',#5482,#5492,#5494,.T.);
#5492 = VERTEX_POINT('',#5493);
#5493 = CARTESIAN_POINT('',(56.,73.892636300075,580.80026008946));
#5494 = CIRCLE('',#5495,73.896969596669);
#5495 = AXIS2_PLACEMENT_3D('',#5496,#5497,#5498);
#5496 = CARTESIAN_POINT('',(56.,-3.765609314144E-06,580.00034778544));
#5497 = DIRECTION('',(1.,0.,2.22044604925E-16));
#5498 = DIRECTION('',(2.405587515144E-18,0.999941312634,
    -1.083380303681E-02));
#5499 = ORIENTED_EDGE('',*,*,#5500,.T.);
#5500 = EDGE_CURVE('',#5492,#5501,#5503,.T.);
#5501 = VERTEX_POINT('',#5502);
#5502 = CARTESIAN_POINT('',(56.,69.930807421143,582.1237315328));
#5503 = B_SPLINE_CURVE_WITH_KNOTS('',4,(#5504,#5505,#5506,#5507,#5508),
  .UNSPECIFIED.,.F.,.F.,(5,5),(0.,1.),.PIECEWISE_BEZIER_KNOTS.);
#5504 = CARTESIAN_POINT('',(56.,73.892636300075,580.80026008946));
#5505 = CARTESIAN_POINT('',(56.,72.689927205384,581.31321242194));
#5506 = CARTESIAN_POINT('',(56.,71.617644309686,581.68676447346));
#5507 = CARTESIAN_POINT('',(56.,70.694329387577,581.9472980073));
#5508 = CARTESIAN_POINT('',(56.,69.930807421143,582.1237315328));
#5509 = ORIENTED_EDGE('',*,*,#5510,.T.);
#5510 = EDGE_CURVE('',#5501,#5511,#5513,.T.);
#5511 = VERTEX_POINT('',#5512);
#5512 = CARTESIAN_POINT('',(56.,69.339039715662,582.83495335498));
#5513 = CIRCLE('',#5514,0.76);
#5514 = AXIS2_PLACEMENT_3D('',#5515,#5516,#5517);
#5515 = CARTESIAN_POINT('',(56.,70.098445036562,582.86501260628));
#5516 = DIRECTION('',(-1.,0.,-2.22044604925E-16));
#5517 = DIRECTION('',(2.165756093405E-16,-0.220575809762,-0.975369833524
    ));
#5518 = ORIENTED_EDGE('',*,*,#5519,.T.);
#5519 = EDGE_CURVE('',#5511,#5520,#5522,.T.);
#5520 = VERTEX_POINT('',#5521);
#5521 = CARTESIAN_POINT('',(56.,69.322266200824,583.21913000625));
#5522 = CIRCLE('',#5523,69.39696959087);
#5523 = AXIS2_PLACEMENT_3D('',#5524,#5525,#5526);
#5524 = CARTESIAN_POINT('',(56.,5.894449373045E-09,580.00000000025));
#5525 = DIRECTION('',(1.,0.,2.22044604925E-16));
#5526 = DIRECTION('',(-9.070800949118E-18,0.999165239038,
    4.08512557744E-02));
#5527 = ORIENTED_EDGE('',*,*,#5528,.T.);
#5528 = EDGE_CURVE('',#5520,#5529,#5531,.T.);
#5529 = VERTEX_POINT('',#5530);
#5530 = CARTESIAN_POINT('',(56.,69.849794578158,583.97922121207));
#5531 = CIRCLE('',#5532,0.76);
#5532 = AXIS2_PLACEMENT_3D('',#5533,#5534,#5535);
#5533 = CARTESIAN_POINT('',(56.,70.081401592813,583.25537164845));
#5534 = DIRECTION('',(-1.,0.,-2.22044604925E-16));
#5535 = DIRECTION('',(1.058850147687E-17,-0.998862357881,
    -4.768637130563E-02));
#5536 = ORIENTED_EDGE('',*,*,#5537,.T.);
#5537 = EDGE_CURVE('',#5529,#5538,#5540,.T.);
#5538 = VERTEX_POINT('',#5539);
#5539 = CARTESIAN_POINT('',(56.,73.681190537782,585.64297468199));
#5540 = B_SPLINE_CURVE_WITH_KNOTS('',4,(#5541,#5542,#5543,#5544,#5545),
  .UNSPECIFIED.,.F.,.F.,(5,5),(0.,1.),.PIECEWISE_BEZIER_KNOTS.);
#5541 = CARTESIAN_POINT('',(56.,69.849794578158,583.97922121207));
#5542 = CARTESIAN_POINT('',(56.,70.595034325233,584.22152883534));
#5543 = CARTESIAN_POINT('',(56.,71.492128761655,584.56154315825));
#5544 = CARTESIAN_POINT('',(56.,72.527774090699,585.02712934364));
#5545 = CARTESIAN_POINT('',(56.,73.681190537782,585.64297468199));
#5546 = ORIENTED_EDGE('',*,*,#5547,.T.);
#5547 = EDGE_CURVE('',#5538,#5548,#5550,.T.);
#5548 = VERTEX_POINT('',#5549);
#5549 = CARTESIAN_POINT('',(56.,73.541705247669,587.23738245853));
#5550 = CIRCLE('',#5551,73.896969596648);
#5551 = AXIS2_PLACEMENT_3D('',#5552,#5553,#5554);
#5552 = CARTESIAN_POINT('',(56.,-3.406275832418E-05,580.00034613382));
#5553 = DIRECTION('',(1.,0.,2.22044604925E-16));
#5554 = DIRECTION('',(-1.695489319192E-17,0.997080462199,
    7.635805066123E-02));
#5555 = ORIENTED_EDGE('',*,*,#5556,.T.);
#5556 = EDGE_CURVE('',#5548,#5557,#5559,.T.);
#5557 = VERTEX_POINT('',#5558);
#5558 = CARTESIAN_POINT('',(56.,69.47960418708,588.21052155488));
#5559 = B_SPLINE_CURVE_WITH_KNOTS('',4,(#5560,#5561,#5562,#5563,#5564),
  .UNSPECIFIED.,.F.,.F.,(5,5),(0.,1.),.PIECEWISE_BEZIER_KNOTS.);
#5560 = CARTESIAN_POINT('',(56.,73.541705247669,587.23738245853));
#5561 = CARTESIAN_POINT('',(56.,72.298866082659,587.64355984806));
#5562 = CARTESIAN_POINT('',(56.,71.198106340604,587.92223480904));
#5563 = CARTESIAN_POINT('',(56.,70.255597916877,588.1013047363));
#5564 = CARTESIAN_POINT('',(56.,69.47960418708,588.21052155488));
#5565 = ORIENTED_EDGE('',*,*,#5566,.T.);
#5566 = EDGE_CURVE('',#5557,#5567,#5569,.T.);
#5567 = VERTEX_POINT('',#5568);
#5568 = CARTESIAN_POINT('',(56.,68.828101270207,588.86746100939));
#5569 = CIRCLE('',#5570,0.76);
#5570 = AXIS2_PLACEMENT_3D('',#5571,#5572,#5573);
#5571 = CARTESIAN_POINT('',(56.,69.581996988217,588.96359241096));
#5572 = DIRECTION('',(-1.,0.,-2.22044604925E-16));
#5573 = DIRECTION('',(2.200201588402E-16,-0.134727369918,-0.990882705367
    ));
#5574 = ORIENTED_EDGE('',*,*,#5575,.T.);
#5575 = EDGE_CURVE('',#5567,#5576,#5578,.T.);
#5576 = VERTEX_POINT('',#5577);
#5577 = CARTESIAN_POINT('',(56.,68.777908382268,589.24871384438));
#5578 = CIRCLE('',#5579,69.39696959857);
#5579 = AXIS2_PLACEMENT_3D('',#5580,#5581,#5582);
#5580 = CARTESIAN_POINT('',(56.,-1.78348358304E-09,579.99999999976));
#5581 = DIRECTION('',(1.,0.,2.22044604925E-16));
#5582 = DIRECTION('',(-2.837259159819E-17,0.991802692108,0.127778792949)
  );
#5583 = ORIENTED_EDGE('',*,*,#5584,.T.);
#5584 = EDGE_CURVE('',#5576,#5585,#5587,.T.);
#5585 = VERTEX_POINT('',#5586);
#5586 = CARTESIAN_POINT('',(56.,69.237183041263,590.05188980123));
#5587 = CIRCLE('',#5588,0.76);
#5588 = AXIS2_PLACEMENT_3D('',#5589,#5590,#5591);
#5589 = CARTESIAN_POINT('',(56.,69.530996367659,589.35098058512));
#5590 = DIRECTION('',(-1.,0.,-2.22044604925E-16));
#5591 = DIRECTION('',(2.987865532094E-17,-0.990905243934,-0.13456150097)
  );
#5592 = ORIENTED_EDGE('',*,*,#5593,.T.);
#5593 = EDGE_CURVE('',#5585,#5594,#5596,.T.);
#5594 = VERTEX_POINT('',#5595);
#5595 = CARTESIAN_POINT('',(56.,72.90899371311,592.04324034752));
#5596 = B_SPLINE_CURVE_WITH_KNOTS('',4,(#5597,#5598,#5599,#5600,#5601),
  .UNSPECIFIED.,.F.,.F.,(5,5),(0.,1.),.PIECEWISE_BEZIER_KNOTS.);
#5597 = CARTESIAN_POINT('',(56.,69.237183041263,590.05188980123));
#5598 = CARTESIAN_POINT('',(56.,69.958468425227,590.35822729451));
#5599 = CARTESIAN_POINT('',(56.,70.82251494562,590.7751346922));
#5600 = CARTESIAN_POINT('',(56.,71.813640821716,591.32921161947));
#5601 = CARTESIAN_POINT('',(56.,72.90899371311,592.04324034752));
#5602 = ORIENTED_EDGE('',*,*,#5603,.T.);
#5603 = EDGE_CURVE('',#5594,#5604,#5606,.T.);
#5604 = VERTEX_POINT('',#5605);
#5605 = CARTESIAN_POINT('',(56.,72.631077412631,593.61942397704));
#5606 = CIRCLE('',#5607,73.896969596813);
#5607 = AXIS2_PLACEMENT_3D('',#5608,#5609,#5610);
#5608 = CARTESIAN_POINT('',(56.,-6.410085270403E-05,580.00034184788));
#5609 = DIRECTION('',(1.,0.,2.22044604925E-16));
#5610 = DIRECTION('',(-3.618633692415E-17,0.986631227393,0.162968773487)
  );
#5611 = ORIENTED_EDGE('',*,*,#5612,.T.);
#5612 = EDGE_CURVE('',#5604,#5613,#5615,.T.);
#5613 = VERTEX_POINT('',#5614);
#5614 = CARTESIAN_POINT('',(56.,68.49961921222,594.23482455027));
#5615 = B_SPLINE_CURVE_WITH_KNOTS('',4,(#5616,#5617,#5618,#5619,#5620),
  .UNSPECIFIED.,.F.,.F.,(5,5),(0.,1.),.PIECEWISE_BEZIER_KNOTS.);
#5616 = CARTESIAN_POINT('',(56.,72.631077412631,593.61942397704));
#5617 = CARTESIAN_POINT('',(56.,71.357566933795,593.91573516843));
#5618 = CARTESIAN_POINT('',(56.,70.236707791679,594.09741215415));
#5619 = CARTESIAN_POINT('',(56.,69.282178924541,594.19365564455));
#5620 = CARTESIAN_POINT('',(56.,68.49961921222,594.23482455027));
#5621 = ORIENTED_EDGE('',*,*,#5622,.T.);
#5622 = EDGE_CURVE('',#5613,#5623,#5625,.T.);
#5623 = VERTEX_POINT('',#5624);
#5624 = CARTESIAN_POINT('',(56.,67.793339414542,594.83248193121));
#5625 = CIRCLE('',#5626,0.76);
#5626 = AXIS2_PLACEMENT_3D('',#5627,#5628,#5629);
#5627 = CARTESIAN_POINT('',(56.,68.535987928033,594.99395386502));
#5628 = DIRECTION('',(-1.,0.,-2.22044604925E-16));
#5629 = DIRECTION('',(2.217902220793E-16,-4.785357343769E-02,
    -0.998854361511));
#5630 = ORIENTED_EDGE('',*,*,#5631,.T.);
#5631 = EDGE_CURVE('',#5623,#5632,#5634,.T.);
#5632 = VERTEX_POINT('',#5633);
#5633 = CARTESIAN_POINT('',(56.,67.710109151688,595.20790938563));
#5634 = CIRCLE('',#5635,69.396969593958);
#5635 = AXIS2_PLACEMENT_3D('',#5636,#5637,#5638);
#5636 = CARTESIAN_POINT('',(56.,2.745139227045E-09,580.00000000061));
#5637 = DIRECTION('',(1.,0.,2.22044604925E-16));
#5638 = DIRECTION('',(-4.745844969324E-17,0.976891927824,0.213733856354)
  );
#5639 = ORIENTED_EDGE('',*,*,#5640,.T.);
#5640 = EDGE_CURVE('',#5632,#5641,#5643,.T.);
#5641 = VERTEX_POINT('',#5642);
#5642 = CARTESIAN_POINT('',(56.,68.09763473487,596.04805743951));
#5643 = CIRCLE('',#5644,0.76);
#5644 = AXIS2_PLACEMENT_3D('',#5645,#5646,#5647);
#5645 = CARTESIAN_POINT('',(56.,68.451418276183,595.37542291326));
#5646 = DIRECTION('',(-1.,0.,-2.22044604925E-16));
#5647 = DIRECTION('',(4.894141455679E-17,-0.975406742757,-0.220412536361
    ));
#5648 = ORIENTED_EDGE('',*,*,#5649,.T.);
#5649 = EDGE_CURVE('',#5641,#5650,#5652,.T.);
#5650 = VERTEX_POINT('',#5651);
#5651 = CARTESIAN_POINT('',(56.,71.581915422628,598.35184968209));
#5652 = B_SPLINE_CURVE_WITH_KNOTS('',4,(#5653,#5654,#5655,#5656,#5657),
  .UNSPECIFIED.,.F.,.F.,(5,5),(0.,1.),.PIECEWISE_BEZIER_KNOTS.);
#5653 = CARTESIAN_POINT('',(56.,68.09763473487,596.04805743951));
#5654 = CARTESIAN_POINT('',(56.,68.789476338427,596.41609338951));
#5655 = CARTESIAN_POINT('',(56.,69.613899027045,596.90672094493));
#5656 = CARTESIAN_POINT('',(56.,70.552962383817,597.54507175411));
#5657 = CARTESIAN_POINT('',(56.,71.581915422628,598.35184968209));
#5658 = ORIENTED_EDGE('',*,*,#5659,.T.);
#5659 = EDGE_CURVE('',#5650,#5660,#5662,.T.);
#5660 = VERTEX_POINT('',#5661);
#5661 = CARTESIAN_POINT('',(56.,71.16768322264,599.89781345545));
#5662 = CIRCLE('',#5663,73.896969596702);
#5663 = AXIS2_PLACEMENT_3D('',#5664,#5665,#5666);
#5664 = CARTESIAN_POINT('',(56.,-9.365082915735E-05,580.00033496032));
#5665 = DIRECTION('',(1.,0.,2.22044604925E-16));
#5666 = DIRECTION('',(-5.514238078247E-17,0.968673133203,0.248339205544)
  );
#5667 = ORIENTED_EDGE('',*,*,#5668,.T.);
#5668 = EDGE_CURVE('',#5660,#5669,#5671,.T.);
#5669 = VERTEX_POINT('',#5670);
#5670 = CARTESIAN_POINT('',(56.,66.998310773955,600.15079193562));
#5671 = B_SPLINE_CURVE_WITH_KNOTS('',4,(#5672,#5673,#5674,#5675,#5676),
  .UNSPECIFIED.,.F.,.F.,(5,5),(0.,1.),.PIECEWISE_BEZIER_KNOTS.);
#5672 = CARTESIAN_POINT('',(56.,71.16768322264,599.89781345545));
#5673 = CARTESIAN_POINT('',(56.,69.873193613689,600.08200334162));
#5674 = CARTESIAN_POINT('',(56.,68.740765486375,600.16529968051));
#5675 = CARTESIAN_POINT('',(56.,67.781480716866,600.17798426299));
#5676 = CARTESIAN_POINT('',(56.,66.998310773955,600.15079193562));
#5677 = ORIENTED_EDGE('',*,*,#5678,.T.);
#5678 = EDGE_CURVE('',#5669,#5679,#5681,.T.);
#5679 = VERTEX_POINT('',#5680);
#5680 = CARTESIAN_POINT('',(56.,66.242629311195,600.68461870943));
#5681 = CIRCLE('',#5682,0.76);
#5682 = AXIS2_PLACEMENT_3D('',#5683,#5684,#5685);
#5683 = CARTESIAN_POINT('',(56.,66.968378616556,600.91020227658));
#5684 = DIRECTION('',(-1.,0.,-2.22044604925E-16));
#5685 = DIRECTION('',(2.218723278078E-16,3.938441763081E-02,
    -0.999224132839));
#5686 = ORIENTED_EDGE('',*,*,#5687,.T.);
#5687 = EDGE_CURVE('',#5679,#5688,#5690,.T.);
#5688 = VERTEX_POINT('',#5689);
#5689 = CARTESIAN_POINT('',(56.,66.126995105981,601.05136355366));
#5690 = CIRCLE('',#5691,69.39696959879);
#5691 = AXIS2_PLACEMENT_3D('',#5692,#5693,#5694);
#5692 = CARTESIAN_POINT('',(56.,-1.925371861944E-09,579.99999999939));
#5693 = DIRECTION('',(1.,0.,2.22044604925E-16));
#5694 = DIRECTION('',(-6.618312033003E-17,0.954546426106,0.298062276057)
  );
#5695 = ORIENTED_EDGE('',*,*,#5696,.T.);
#5696 = EDGE_CURVE('',#5688,#5697,#5699,.T.);
#5697 = VERTEX_POINT('',#5698);
#5698 = CARTESIAN_POINT('',(56.,66.439822309668,601.92208967059));
#5699 = CIRCLE('',#5700,0.76);
#5700 = AXIS2_PLACEMENT_3D('',#5701,#5702,#5703);
#5701 = CARTESIAN_POINT('',(56.,66.850883559528,601.2828489891));
#5702 = DIRECTION('',(-1.,0.,-2.22044604925E-16));
#5703 = DIRECTION('',(6.763170007624E-17,-0.9524848073,-0.304586099262)
  );
#5704 = ORIENTED_EDGE('',*,*,#5705,.T.);
#5705 = EDGE_CURVE('',#5697,#5706,#5708,.T.);
#5706 = VERTEX_POINT('',#5707);
#5707 = CARTESIAN_POINT('',(56.,69.710055533437,604.52079035944));
#5708 = B_SPLINE_CURVE_WITH_KNOTS('',4,(#5709,#5710,#5711,#5712,#5713),
  .UNSPECIFIED.,.F.,.F.,(5,5),(0.,1.),.PIECEWISE_BEZIER_KNOTS.);
#5709 = CARTESIAN_POINT('',(56.,66.439822309668,601.92208967059));
#5710 = CARTESIAN_POINT('',(56.,67.09695480047,602.34902310151));
#5711 = CARTESIAN_POINT('',(56.,67.875479302853,602.90963684272));
#5712 = CARTESIAN_POINT('',(56.,68.755333301135,603.62740329869));
#5713 = CARTESIAN_POINT('',(56.,69.710055533437,604.52079035944));
#5714 = ORIENTED_EDGE('',*,*,#5715,.T.);
#5715 = EDGE_CURVE('',#5706,#5716,#5718,.T.);
#5716 = VERTEX_POINT('',#5717);
#5717 = CARTESIAN_POINT('',(56.,69.162659991103,606.02476855883));
#5718 = CIRCLE('',#5719,73.896969597231);
#5719 = AXIS2_PLACEMENT_3D('',#5720,#5721,#5722);
#5720 = CARTESIAN_POINT('',(56.,-1.224886721545E-04,580.00032552331));
#5721 = DIRECTION('',(1.,0.,2.22044604925E-16));
#5722 = DIRECTION('',(-7.367875782718E-17,0.943342851568,0.331819626296)
  );
#5723 = ORIENTED_EDGE('',*,*,#5724,.T.);
#5724 = EDGE_CURVE('',#5716,#5725,#5727,.T.);
#5725 = VERTEX_POINT('',#5726);
#5726 = CARTESIAN_POINT('',(56.,64.987104736014,605.91339962696));
#5727 = B_SPLINE_CURVE_WITH_KNOTS('',4,(#5728,#5729,#5730,#5731,#5732),
  .UNSPECIFIED.,.F.,.F.,(5,5),(0.,1.),.PIECEWISE_BEZIER_KNOTS.);
#5728 = CARTESIAN_POINT('',(56.,69.162659991103,606.02476855883));
#5729 = CARTESIAN_POINT('',(56.,67.857043099594,606.09543534354));
#5730 = CARTESIAN_POINT('',(56.,66.72166444891,606.07971710016));
#5731 = CARTESIAN_POINT('',(56.,65.764924513358,606.00874623738));
#5732 = CARTESIAN_POINT('',(56.,64.987104736014,605.91339962696));
#5733 = ORIENTED_EDGE('',*,*,#5734,.T.);
#5734 = EDGE_CURVE('',#5725,#5735,#5737,.T.);
#5735 = VERTEX_POINT('',#5736);
#5736 = CARTESIAN_POINT('',(56.,64.187772800397,606.37933304956));
#5737 = CIRCLE('',#5738,0.76);
#5738 = AXIS2_PLACEMENT_3D('',#5739,#5740,#5741);
#5739 = CARTESIAN_POINT('',(56.,64.891099507194,606.66731142289));
#5740 = DIRECTION('',(-1.,0.,-2.22044604925E-16));
#5741 = DIRECTION('',(2.202658511515E-16,0.1263226695,-0.991989205168));
#5742 = ORIENTED_EDGE('',*,*,#5743,.T.);
#5743 = EDGE_CURVE('',#5735,#5744,#5746,.T.);
#5744 = VERTEX_POINT('',#5745);
#5745 = CARTESIAN_POINT('',(56.,64.040614698946,606.73460413389));
#5746 = CIRCLE('',#5747,69.396969598927);
#5747 = AXIS2_PLACEMENT_3D('',#5748,#5749,#5750);
#5748 = CARTESIAN_POINT('',(56.,-1.99118233013E-09,579.99999999917));
#5749 = DIRECTION('',(1.,0.,2.22044604925E-16));
#5750 = DIRECTION('',(-8.44040974586E-17,0.924936249715,0.380122261863)
  );
#5751 = ORIENTED_EDGE('',*,*,#5752,.T.);
#5752 = EDGE_CURVE('',#5744,#5753,#5755,.T.);
#5753 = VERTEX_POINT('',#5754);
#5754 = CARTESIAN_POINT('',(56.,64.276362719227,607.62928156235));
#5755 = CIRCLE('',#5756,0.76);
#5756 = AXIS2_PLACEMENT_3D('',#5757,#5758,#5759);
#5757 = CARTESIAN_POINT('',(56.,64.741573253319,607.0282997332));
#5758 = DIRECTION('',(-1.,0.,-2.22044604925E-16));
#5759 = DIRECTION('',(8.580726752096E-17,-0.922313887333,-0.386441578033
    ));
#5760 = ORIENTED_EDGE('',*,*,#5761,.T.);
#5761 = EDGE_CURVE('',#5753,#5762,#5764,.T.);
#5762 = VERTEX_POINT('',#5763);
#5763 = CARTESIAN_POINT('',(56.,67.307660029554,610.50311301609));
#5764 = B_SPLINE_CURVE_WITH_KNOTS('',4,(#5765,#5766,#5767,#5768,#5769),
  .UNSPECIFIED.,.F.,.F.,(5,5),(0.,1.),.PIECEWISE_BEZIER_KNOTS.);
#5765 = CARTESIAN_POINT('',(56.,64.276362719227,607.62928156235));
#5766 = CARTESIAN_POINT('',(56.,64.893784922233,608.111863253));
#5767 = CARTESIAN_POINT('',(56.,65.620486196832,608.73819657092));
#5768 = CARTESIAN_POINT('',(56.,66.434434616425,609.52991603755));
#5769 = CARTESIAN_POINT('',(56.,67.307660029554,610.50311301609));
#5770 = ORIENTED_EDGE('',*,*,#5771,.T.);
#5771 = EDGE_CURVE('',#5762,#5772,#5774,.T.);
#5772 = VERTEX_POINT('',#5773);
#5773 = CARTESIAN_POINT('',(56.,66.631267155477,611.9536594593));
#5774 = CIRCLE('',#5775,73.896969596773);
#5775 = AXIS2_PLACEMENT_3D('',#5776,#5777,#5778);
#5776 = CARTESIAN_POINT('',(56.,-1.503933764369E-04,580.00031360919));
#5777 = DIRECTION('',(1.,0.,2.22044604925E-16));
#5778 = DIRECTION('',(-9.165439503634E-17,0.910833161227,0.412774699333)
  );
#5779 = ORIENTED_EDGE('',*,*,#5780,.T.);
#5780 = EDGE_CURVE('',#5772,#5781,#5783,.T.);
#5781 = VERTEX_POINT('',#5782);
#5782 = CARTESIAN_POINT('',(56.,62.481307590746,611.4787907002));
#5783 = B_SPLINE_CURVE_WITH_KNOTS('',4,(#5784,#5785,#5786,#5787,#5788),
  .UNSPECIFIED.,.F.,.F.,(5,5),(0.,1.),.PIECEWISE_BEZIER_KNOTS.);
#5784 = CARTESIAN_POINT('',(56.,66.631267155477,611.9536594593));
#5785 = CARTESIAN_POINT('',(56.,65.324459514309,611.91026532563));
#5786 = CARTESIAN_POINT('',(56.,64.194771257347,611.79565212532));
#5787 = CARTESIAN_POINT('',(56.,63.247857524356,611.6415659484));
#5788 = CARTESIAN_POINT('',(56.,62.481307590746,611.4787907002));
#5789 = ORIENTED_EDGE('',*,*,#5790,.T.);
#5790 = EDGE_CURVE('',#5781,#5791,#5793,.T.);
#5791 = VERTEX_POINT('',#5792);
#5792 = CARTESIAN_POINT('',(56.,61.64440858095,611.8732847369));
#5793 = CIRCLE('',#5794,0.76);
#5794 = AXIS2_PLACEMENT_3D('',#5795,#5796,#5797);
#5795 = CARTESIAN_POINT('',(56.,62.319959948265,612.2214662271));
#5796 = DIRECTION('',(-1.,0.,-2.22044604925E-16));
#5797 = DIRECTION('',(2.169830183677E-16,0.212299529579,-0.977204640667)
  );
#5798 = ORIENTED_EDGE('',*,*,#5799,.T.);
#5799 = EDGE_CURVE('',#5791,#5800,#5802,.T.);
#5800 = VERTEX_POINT('',#5801);
#5801 = CARTESIAN_POINT('',(56.,61.466846545272,612.21437823387));
#5802 = CIRCLE('',#5803,69.396969601228);
#5803 = AXIS2_PLACEMENT_3D('',#5804,#5805,#5806);
#5804 = CARTESIAN_POINT('',(56.,-3.952809635166E-09,579.99999999794));
#5805 = DIRECTION('',(1.,0.,2.22044604925E-16));
#5806 = DIRECTION('',(-1.019827084409E-16,0.888286749971,0.459289287733)
  );
#5807 = ORIENTED_EDGE('',*,*,#5808,.T.);
#5808 = EDGE_CURVE('',#5800,#5809,#5811,.T.);
#5809 = VERTEX_POINT('',#5810);
#5810 = CARTESIAN_POINT('',(56.,61.623721197365,613.12619793841));
#5811 = CIRCLE('',#5812,0.76);
#5812 = AXIS2_PLACEMENT_3D('',#5813,#5814,#5815);
#5813 = CARTESIAN_POINT('',(56.,62.139540482621,612.56804879619));
#5814 = DIRECTION('',(-1.,0.,-2.22044604925E-16));
#5815 = DIRECTION('',(1.03329789848E-16,-0.885123601775,-0.465356003056)
  );
#5816 = ORIENTED_EDGE('',*,*,#5817,.T.);
#5817 = EDGE_CURVE('',#5809,#5818,#5820,.T.);
#5818 = VERTEX_POINT('',#5819);
#5819 = CARTESIAN_POINT('',(56.,64.393012591371,616.2532885644));
#5820 = B_SPLINE_CURVE_WITH_KNOTS('',4,(#5821,#5822,#5823,#5824,#5825),
  .UNSPECIFIED.,.F.,.F.,(5,5),(0.,1.),.PIECEWISE_BEZIER_KNOTS.);
#5821 = CARTESIAN_POINT('',(56.,61.623721197365,613.12619793841));
#5822 = CARTESIAN_POINT('',(56.,62.196734156799,613.66075515072));
#5823 = CARTESIAN_POINT('',(56.,62.866081568119,614.34804127062));
#5824 = CARTESIAN_POINT('',(56.,63.607929770077,615.20768828472));
#5825 = CARTESIAN_POINT('',(56.,64.393012591371,616.2532885644));
#5826 = ORIENTED_EDGE('',*,*,#5827,.T.);
#5827 = EDGE_CURVE('',#5818,#5828,#5830,.T.);
#5828 = VERTEX_POINT('',#5829);
#5829 = CARTESIAN_POINT('',(56.,63.592770143739,617.63936371714));
#5830 = CIRCLE('',#5831,73.896969596785);
#5831 = AXIS2_PLACEMENT_3D('',#5832,#5833,#5834);
#5832 = CARTESIAN_POINT('',(56.,-1.771539367965E-04,580.00029930816));
#5833 = DIRECTION('',(1.,0.,2.22044604925E-16));
#5834 = DIRECTION('',(-1.089324869569E-16,0.871391480553,0.490588307667)
  );
#5835 = ORIENTED_EDGE('',*,*,#5836,.T.);
#5836 = EDGE_CURVE('',#5828,#5837,#5839,.T.);
#5837 = VERTEX_POINT('',#5838);
#5838 = CARTESIAN_POINT('',(56.,59.499989967466,616.80460916879));
#5839 = B_SPLINE_CURVE_WITH_KNOTS('',4,(#5840,#5841,#5842,#5843,#5844),
  .UNSPECIFIED.,.F.,.F.,(5,5),(0.,1.),.PIECEWISE_BEZIER_KNOTS.);
#5840 = CARTESIAN_POINT('',(56.,63.592770143739,617.63936371714));
#5841 = CARTESIAN_POINT('',(56.,62.294717348132,617.48223892066));
#5842 = CARTESIAN_POINT('',(56.,61.179317094653,617.26960303906));
#5843 = CARTESIAN_POINT('',(56.,60.249436149493,617.03357423685));
#5844 = CARTESIAN_POINT('',(56.,59.499989967466,616.80460916879));
#5845 = ORIENTED_EDGE('',*,*,#5846,.T.);
#5846 = EDGE_CURVE('',#5837,#5847,#5849,.T.);
#5847 = VERTEX_POINT('',#5848);
#5848 = CARTESIAN_POINT('',(56.,58.631893190291,617.12466148178));
#5849 = CIRCLE('',#5850,0.76);
#5850 = AXIS2_PLACEMENT_3D('',#5851,#5852,#5853);
#5851 = CARTESIAN_POINT('',(56.,59.27452786431,617.53039621748));
#5852 = DIRECTION('',(-1.,0.,-2.22044604925E-16));
#5853 = DIRECTION('',(2.120488137963E-16,0.296660662048,-0.954982958797)
  );
#5854 = ORIENTED_EDGE('',*,*,#5855,.T.);
#5855 = EDGE_CURVE('',#5847,#5856,#5858,.T.);
#5856 = VERTEX_POINT('',#5857);
#5857 = CARTESIAN_POINT('',(56.,58.425278574691,617.44898146391));
#5858 = CIRCLE('',#5859,69.396969594276);
#5859 = AXIS2_PLACEMENT_3D('',#5860,#5861,#5862);
#5860 = CARTESIAN_POINT('',(56.,2.105046803536E-09,580.00000000133));
#5861 = DIRECTION('',(1.,0.,2.22044604925E-16));
#5862 = DIRECTION('',(-1.187851694331E-16,0.844876851698,0.534960844796)
  );
#5863 = ORIENTED_EDGE('',*,*,#5864,.T.);
#5864 = EDGE_CURVE('',#5856,#5865,#5867,.T.);
#5865 = VERTEX_POINT('',#5866);
#5866 = CARTESIAN_POINT('',(56.,58.502085947771,618.37100394601));
#5867 = CIRCLE('',#5868,0.76);
#5868 = AXIS2_PLACEMENT_3D('',#5869,#5870,#5871);
#5869 = CARTESIAN_POINT('',(56.,59.06458828797,617.85993534272));
#5870 = DIRECTION('',(-1.,0.,-2.22044604925E-16));
#5871 = DIRECTION('',(1.200659100821E-16,-0.841196991156,-0.540728787906
    ));
#5872 = ORIENTED_EDGE('',*,*,#5873,.T.);
#5873 = EDGE_CURVE('',#5865,#5874,#5876,.T.);
#5874 = VERTEX_POINT('',#5875);
#5875 = CARTESIAN_POINT('',(56.,60.988295445802,621.72755469641));
#5876 = B_SPLINE_CURVE_WITH_KNOTS('',4,(#5877,#5878,#5879,#5880,#5881),
  .UNSPECIFIED.,.F.,.F.,(5,5),(0.,1.),.PIECEWISE_BEZIER_KNOTS.);
#5877 = CARTESIAN_POINT('',(56.,58.502085947771,618.37100394601));
#5878 = CARTESIAN_POINT('',(56.,59.026328689016,618.95346837682));
#5879 = CARTESIAN_POINT('',(56.,59.633228099096,619.69647663633));
#5880 = CARTESIAN_POINT('',(56.,60.297330170659,620.61750876506));
#5881 = CARTESIAN_POINT('',(56.,60.988295445802,621.72755469641));
#5882 = ORIENTED_EDGE('',*,*,#5883,.T.);
#5883 = EDGE_CURVE('',#5874,#5884,#5886,.T.);
#5884 = VERTEX_POINT('',#5885);
#5885 = CARTESIAN_POINT('',(56.,60.070293752843,623.03860968982));
#5886 = CIRCLE('',#5887,73.896969597024);
#5887 = AXIS2_PLACEMENT_3D('',#5888,#5889,#5890);
#5888 = CARTESIAN_POINT('',(56.,-2.025664348615E-04,580.00028272909));
#5889 = DIRECTION('',(1.,0.,2.22044604925E-16));
#5890 = DIRECTION('',(-1.253815368764E-16,0.825317984551,0.564668242756)
  );
#5891 = ORIENTED_EDGE('',*,*,#5892,.T.);
#5892 = EDGE_CURVE('',#5884,#5893,#5895,.T.);
#5893 = VERTEX_POINT('',#5894);
#5894 = CARTESIAN_POINT('',(56.,56.065841493458,621.85032233838));
#5895 = B_SPLINE_CURVE_WITH_KNOTS('',4,(#5896,#5897,#5898,#5899,#5900),
  .UNSPECIFIED.,.F.,.F.,(5,5),(0.,1.),.PIECEWISE_BEZIER_KNOTS.);
#5896 = CARTESIAN_POINT('',(56.,60.070293752843,623.03860968982));
#5897 = CARTESIAN_POINT('',(56.,58.790874768358,622.7689500451));
#5898 = CARTESIAN_POINT('',(56.,57.698251387787,622.45990976968));
#5899 = CARTESIAN_POINT('',(56.,56.792480185929,622.14373466387));
#5900 = CARTESIAN_POINT('',(56.,56.065841493458,621.85032233838));
#5901 = ORIENTED_EDGE('',*,*,#5902,.T.);
#5902 = EDGE_CURVE('',#5893,#5903,#5905,.T.);
#5903 = VERTEX_POINT('',#5904);
#5904 = CARTESIAN_POINT('',(56.,55.173153689549,622.0934971363));
#5905 = CIRCLE('',#5906,0.76);
#5906 = AXIS2_PLACEMENT_3D('',#5907,#5908,#5909);
#5907 = CARTESIAN_POINT('',(56.,55.777980832368,622.55369723116));
#5908 = DIRECTION('',(-1.,0.,-2.22044604925E-16));
#5909 = DIRECTION('',(2.055007897133E-16,0.37876402775,-0.925493279977)
  );
#5910 = ORIENTED_EDGE('',*,*,#5911,.T.);
#5911 = EDGE_CURVE('',#5903,#5912,#5914,.T.);
#5912 = VERTEX_POINT('',#5913);
#5913 = CARTESIAN_POINT('',(56.,54.93905895601,622.3985753327));
#5914 = CIRCLE('',#5915,69.39696959577);
#5915 = AXIS2_PLACEMENT_3D('',#5916,#5917,#5918);
#5916 = CARTESIAN_POINT('',(56.,7.947846825118E-10,580.0000000006));
#5917 = DIRECTION('',(1.,0.,2.22044604925E-16));
#5918 = DIRECTION('',(-1.346836035616E-16,0.795036930433,0.606561026813)
  );
#5919 = ORIENTED_EDGE('',*,*,#5920,.T.);
#5920 = EDGE_CURVE('',#5912,#5921,#5923,.T.);
#5921 = VERTEX_POINT('',#5922);
#5922 = CARTESIAN_POINT('',(56.,54.935214499588,623.32378344454));
#5923 = CIRCLE('',#5924,0.76);
#5924 = AXIS2_PLACEMENT_3D('',#5925,#5926,#5927);
#5925 = CARTESIAN_POINT('',(56.,55.540118912274,622.86368492084));
#5926 = DIRECTION('',(-1.,0.,-2.22044604925E-16));
#5927 = DIRECTION('',(1.358882562426E-16,-0.790868363506,-0.611986300178
    ));
#5928 = ORIENTED_EDGE('',*,*,#5929,.T.);
#5929 = EDGE_CURVE('',#5921,#5930,#5932,.T.);
#5930 = VERTEX_POINT('',#5931);
#5931 = CARTESIAN_POINT('',(56.,57.119420546152,626.88424894139));
#5932 = B_SPLINE_CURVE_WITH_KNOTS('',4,(#5933,#5934,#5935,#5936,#5937),
  .UNSPECIFIED.,.F.,.F.,(5,5),(0.,1.),.PIECEWISE_BEZIER_KNOTS.);
#5933 = CARTESIAN_POINT('',(56.,54.935214499588,623.32378344454));
#5934 = CARTESIAN_POINT('',(56.,55.406697218839,623.94972218784));
#5935 = CARTESIAN_POINT('',(56.,55.94652975671,624.74279784545));
#5936 = CARTESIAN_POINT('',(56.,56.52783148012,625.71820547817));
#5937 = CARTESIAN_POINT('',(56.,57.119420546152,626.88424894139));
#5938 = ORIENTED_EDGE('',*,*,#5939,.T.);
#5939 = EDGE_CURVE('',#5930,#5940,#5942,.T.);
#5940 = VERTEX_POINT('',#5941);
#5941 = CARTESIAN_POINT('',(56.,56.090646155053,628.11030585534));
#5942 = CIRCLE('',#5943,73.896969596845);
#5943 = AXIS2_PLACEMENT_3D('',#5944,#5945,#5946);
#5944 = CARTESIAN_POINT('',(56.,-2.264369350016E-04,580.0002639985));
#5945 = DIRECTION('',(1.,0.,2.22044604925E-16));
#5946 = DIRECTION('',(-1.408763575929E-16,0.772963320346,0.634450711561)
  );
#5947 = ORIENTED_EDGE('',*,*,#5948,.T.);
#5948 = EDGE_CURVE('',#5940,#5949,#5951,.T.);
#5949 = VERTEX_POINT('',#5950);
#5950 = CARTESIAN_POINT('',(56.,52.204998112204,626.57752928506));
#5951 = B_SPLINE_CURVE_WITH_KNOTS('',4,(#5952,#5953,#5954,#5955,#5956),
  .UNSPECIFIED.,.F.,.F.,(5,5),(0.,1.),.PIECEWISE_BEZIER_KNOTS.);
#5952 = CARTESIAN_POINT('',(56.,56.090646155053,628.11030585534));
#5953 = CARTESIAN_POINT('',(56.,54.839598132696,627.7301636351));
#5954 = CARTESIAN_POINT('',(56.,53.778067148703,627.32707094895));
#5955 = CARTESIAN_POINT('',(56.,52.903299155912,626.93315582302));
#5956 = CARTESIAN_POINT('',(56.,52.204998112204,626.57752928506));
#5957 = ORIENTED_EDGE('',*,*,#5958,.T.);
#5958 = EDGE_CURVE('',#5949,#5959,#5961,.T.);
#5959 = VERTEX_POINT('',#5960);
#5960 = CARTESIAN_POINT('',(56.,51.294513174769,626.74197586087));
#5961 = CIRCLE('',#5962,0.76);
#5962 = AXIS2_PLACEMENT_3D('',#5963,#5964,#5965);
#5963 = CARTESIAN_POINT('',(56.,51.856929686627,627.2531389143));
#5964 = DIRECTION('',(-1.,0.,-2.22044604925E-16));
#5965 = DIRECTION('',(1.973887805358E-16,0.457984770497,-0.888960038468)
  );
#5966 = ORIENTED_EDGE('',*,*,#5967,.T.);
#5967 = EDGE_CURVE('',#5959,#5968,#5970,.T.);
#5968 = VERTEX_POINT('',#5969);
#5969 = CARTESIAN_POINT('',(56.,51.034719925562,627.02549044225));
#5970 = CIRCLE('',#5971,69.396969595828);
#5971 = AXIS2_PLACEMENT_3D('',#5972,#5973,#5974);
#5972 = CARTESIAN_POINT('',(56.,6.952340925181E-10,580.00000000063));
#5973 = DIRECTION('',(1.,0.,2.22044604925E-16));
#5974 = DIRECTION('',(-1.495570141427E-16,0.739146298071,0.673544913164)
  );
#5975 = ORIENTED_EDGE('',*,*,#5976,.T.);
#5976 = EDGE_CURVE('',#5968,#5977,#5979,.T.);
#5977 = VERTEX_POINT('',#5978);
#5978 = CARTESIAN_POINT('',(56.,50.950252898275,627.94684279144));
#5979 = CIRCLE('',#5980,0.76);
#5980 = AXIS2_PLACEMENT_3D('',#5981,#5982,#5983);
#5981 = CARTESIAN_POINT('',(56.,51.592955695615,627.54121597491));
#5982 = DIRECTION('',(-1.,0.,-2.22044604925E-16));
#5983 = DIRECTION('',(1.506764107216E-16,-0.734520750069,-0.678586227179
    ));
#5984 = ORIENTED_EDGE('',*,*,#5985,.T.);
#5985 = EDGE_CURVE('',#5977,#5986,#5988,.T.);
#5986 = VERTEX_POINT('',#5987);
#5987 = CARTESIAN_POINT('',(56.,52.815832366496,631.68412574244));
#5988 = B_SPLINE_CURVE_WITH_KNOTS('',4,(#5989,#5990,#5991,#5992,#5993),
  .UNSPECIFIED.,.F.,.F.,(5,5),(0.,1.),.PIECEWISE_BEZIER_KNOTS.);
#5989 = CARTESIAN_POINT('',(56.,50.950252898275,627.94684279144));
#5990 = CARTESIAN_POINT('',(56.,51.365387327347,628.61149207543));
#5991 = CARTESIAN_POINT('',(56.,51.834044541438,629.44859934653));
#5992 = CARTESIAN_POINT('',(56.,52.328121859579,630.47095904218));
#5993 = CARTESIAN_POINT('',(56.,52.815832366496,631.68412574244));
#5994 = ORIENTED_EDGE('',*,*,#5995,.T.);
#5995 = EDGE_CURVE('',#5986,#5996,#5998,.T.);
#5996 = VERTEX_POINT('',#5997);
#5997 = CARTESIAN_POINT('',(56.,51.684114871564,632.8158535435));
#5998 = CIRCLE('',#5999,73.896969596811);
#5999 = AXIS2_PLACEMENT_3D('',#6000,#6001,#6002);
#6000 = CARTESIAN_POINT('',(56.,-2.485842365765E-04,580.00024325865));
#6001 = DIRECTION('',(1.,0.,2.22044604925E-16));
#6002 = DIRECTION('',(-1.552990241646E-16,0.714725938545,0.699404627359)
  );
#6003 = ORIENTED_EDGE('',*,*,#6004,.T.);
#6004 = EDGE_CURVE('',#5996,#6005,#6007,.T.);
#6005 = VERTEX_POINT('',#6006);
#6006 = CARTESIAN_POINT('',(56.,47.946843173077,630.9502531096));
#6007 = B_SPLINE_CURVE_WITH_KNOTS('',4,(#6008,#6009,#6010,#6011,#6012),
  .UNSPECIFIED.,.F.,.F.,(5,5),(0.,1.),.PIECEWISE_BEZIER_KNOTS.);
#6008 = CARTESIAN_POINT('',(56.,51.684114871564,632.8158535435));
#6009 = CARTESIAN_POINT('',(56.,50.470959042189,632.32812185957));
#6010 = CARTESIAN_POINT('',(56.,49.448599346532,631.83404454143));
#6011 = CARTESIAN_POINT('',(56.,48.611492075434,631.36538732734));
#6012 = CARTESIAN_POINT('',(56.,47.946843173077,630.9502531096));
#6013 = ORIENTED_EDGE('',*,*,#6014,.T.);
#6014 = EDGE_CURVE('',#6005,#6015,#6017,.T.);
#6015 = VERTEX_POINT('',#6016);
#6016 = CARTESIAN_POINT('',(56.,47.025490442254,631.03471992556));
#6017 = CIRCLE('',#6018,0.76);
#6018 = AXIS2_PLACEMENT_3D('',#6019,#6020,#6021);
#6019 = CARTESIAN_POINT('',(56.,47.5412159939,631.59295567807));
#6020 = DIRECTION('',(-1.,0.,-2.22044604925E-16));
#6021 = DIRECTION('',(1.877745235518E-16,0.533719972601,-0.845661274298)
  );
#6022 = ORIENTED_EDGE('',*,*,#6023,.T.);
#6023 = EDGE_CURVE('',#6015,#6024,#6026,.T.);
#6024 = VERTEX_POINT('',#6025);
#6025 = CARTESIAN_POINT('',(56.,46.741975860875,631.29451317476));
#6026 = CIRCLE('',#6027,69.396969598538);
#6027 = AXIS2_PLACEMENT_3D('',#6028,#6029,#6030);
#6028 = CARTESIAN_POINT('',(56.,-1.193523502252E-09,579.99999999869));
#6029 = DIRECTION('',(1.,0.,2.22044604925E-16));
#6030 = DIRECTION('',(-1.632922055412E-16,0.677630316071,0.735402716028)
  );
#6031 = ORIENTED_EDGE('',*,*,#6032,.T.);
#6032 = EDGE_CURVE('',#6024,#6033,#6035,.T.);
#6033 = VERTEX_POINT('',#6034);
#6034 = CARTESIAN_POINT('',(56.,46.577529107801,632.2049977136));
#6035 = CIRCLE('',#6036,0.76);
#6036 = AXIS2_PLACEMENT_3D('',#6037,#6038,#6039);
#6037 = CARTESIAN_POINT('',(56.,47.253138933434,631.85692966923));
#6038 = DIRECTION('',(-1.,0.,-2.22044604925E-16));
#6039 = DIRECTION('',(1.643178267341E-16,-0.672582990209,-0.74002170325)
  );
#6040 = ORIENTED_EDGE('',*,*,#6041,.T.);
#6041 = EDGE_CURVE('',#6033,#6042,#6044,.T.);
#6042 = VERTEX_POINT('',#6043);
#6043 = CARTESIAN_POINT('',(56.,48.11028381146,636.09065513886));
#6044 = B_SPLINE_CURVE_WITH_KNOTS('',4,(#6045,#6046,#6047,#6048,#6049),
  .UNSPECIFIED.,.F.,.F.,(5,5),(0.,1.),.PIECEWISE_BEZIER_KNOTS.);
#6045 = CARTESIAN_POINT('',(56.,46.577529107801,632.2049977136));
#6046 = CARTESIAN_POINT('',(56.,46.933155823026,632.90329915591));
#6047 = CARTESIAN_POINT('',(56.,47.327070948953,633.7780671487));
#6048 = CARTESIAN_POINT('',(56.,47.730163635103,634.83959813269));
#6049 = CARTESIAN_POINT('',(56.,48.11028381146,636.09065513886));
#6050 = ORIENTED_EDGE('',*,*,#6051,.T.);
#6051 = EDGE_CURVE('',#6042,#6052,#6054,.T.);
#6052 = VERTEX_POINT('',#6053);
#6053 = CARTESIAN_POINT('',(56.,46.884236266181,637.11944069511));
#6054 = CIRCLE('',#6055,73.896969596618);
#6055 = AXIS2_PLACEMENT_3D('',#6056,#6057,#6058);
#6056 = CARTESIAN_POINT('',(56.,-2.688395630273E-04,580.00022066759));
#6057 = DIRECTION('',(1.,0.,2.22044604925E-16));
#6058 = DIRECTION('',(-1.685397713903E-16,0.651049060789,0.75903565163)
  );
#6059 = ORIENTED_EDGE('',*,*,#6060,.T.);
#6060 = EDGE_CURVE('',#6052,#6061,#6063,.T.);
#6061 = VERTEX_POINT('',#6062);
#6062 = CARTESIAN_POINT('',(56.,43.323783806306,634.93521474337));
#6063 = B_SPLINE_CURVE_WITH_KNOTS('',4,(#6064,#6065,#6066,#6067,#6068),
  .UNSPECIFIED.,.F.,.F.,(5,5),(0.,1.),.PIECEWISE_BEZIER_KNOTS.);
#6064 = CARTESIAN_POINT('',(56.,46.884236266181,637.11944069511));
#6065 = CARTESIAN_POINT('',(56.,45.718205478172,636.52783148012));
#6066 = CARTESIAN_POINT('',(56.,44.742797845454,635.94652975671));
#6067 = CARTESIAN_POINT('',(56.,43.94972218784,635.40669721883));
#6068 = CARTESIAN_POINT('',(56.,43.323783806306,634.93521474337));
#6069 = ORIENTED_EDGE('',*,*,#6070,.T.);
#6070 = EDGE_CURVE('',#6061,#6071,#6073,.T.);
#6071 = VERTEX_POINT('',#6072);
#6072 = CARTESIAN_POINT('',(56.,42.398575332706,634.93905895601));
#6073 = CIRCLE('',#6074,0.76);
#6074 = AXIS2_PLACEMENT_3D('',#6075,#6076,#6077);
#6075 = CARTESIAN_POINT('',(56.,42.863684941288,635.54011889645));
#6076 = DIRECTION('',(-1.,0.,-2.22044604925E-16));
#6077 = DIRECTION('',(1.767311890623E-16,0.605393243445,-0.795926517206)
  );
#6078 = ORIENTED_EDGE('',*,*,#6079,.T.);
#6079 = EDGE_CURVE('',#6071,#6080,#6082,.T.);
#6080 = VERTEX_POINT('',#6081);
#6081 = CARTESIAN_POINT('',(56.,42.093497136309,635.17315368954));
#6082 = CIRCLE('',#6083,69.396969595653);
#6083 = AXIS2_PLACEMENT_3D('',#6084,#6085,#6086);
#6084 = CARTESIAN_POINT('',(56.,6.830767063093E-10,580.00000000088));
#6085 = DIRECTION('',(1.,0.,2.22044604925E-16));
#6086 = DIRECTION('',(-1.75784644657E-16,0.610957158202,0.791663660175)
  );
#6087 = ORIENTED_EDGE('',*,*,#6088,.T.);
#6088 = EDGE_CURVE('',#6080,#6089,#6091,.T.);
#6089 = VERTEX_POINT('',#6090);
#6090 = CARTESIAN_POINT('',(56.,41.850322196537,636.06584108092));
#6091 = CIRCLE('',#6092,0.76);
#6092 = AXIS2_PLACEMENT_3D('',#6093,#6094,#6095);
#6093 = CARTESIAN_POINT('',(56.,42.553697251744,635.77798081671));
#6094 = DIRECTION('',(-1.,0.,-2.22044604925E-16));
#6095 = DIRECTION('',(1.767086848673E-16,-0.605526467677,-0.795825167322
    ));
#6096 = ORIENTED_EDGE('',*,*,#6097,.T.);
#6097 = EDGE_CURVE('',#6089,#6098,#6100,.T.);
#6098 = VERTEX_POINT('',#6099);
#6099 = CARTESIAN_POINT('',(56.,43.038586946834,640.07030078122));
#6100 = B_SPLINE_CURVE_WITH_KNOTS('',4,(#6101,#6102,#6103,#6104,#6105),
  .UNSPECIFIED.,.F.,.F.,(5,5),(0.,1.),.PIECEWISE_BEZIER_KNOTS.);
#6101 = CARTESIAN_POINT('',(56.,41.850322196537,636.06584108092));
#6102 = CARTESIAN_POINT('',(56.,42.143734663877,636.79248018592));
#6103 = CARTESIAN_POINT('',(56.,42.45990976968,637.69825138778));
#6104 = CARTESIAN_POINT('',(56.,42.768950045103,638.79087476835));
#6105 = CARTESIAN_POINT('',(56.,43.038586946834,640.07030078122));
#6106 = ORIENTED_EDGE('',*,*,#6107,.T.);
#6107 = EDGE_CURVE('',#6098,#6108,#6110,.T.);
#6108 = VERTEX_POINT('',#6109);
#6109 = CARTESIAN_POINT('',(56.,41.727540313337,640.98831441337));
#6110 = CIRCLE('',#6111,73.896969596836);
#6111 = AXIS2_PLACEMENT_3D('',#6112,#6113,#6114);
#6112 = CARTESIAN_POINT('',(56.,-2.870491202813E-04,580.00019639679));
#6113 = DIRECTION('',(1.,0.,2.22044604925E-16));
#6114 = DIRECTION('',(-1.804978291886E-16,0.582417306566,0.812889956275)
  );
#6115 = ORIENTED_EDGE('',*,*,#6116,.T.);
#6116 = EDGE_CURVE('',#6108,#6117,#6119,.T.);
#6117 = VERTEX_POINT('',#6118);
#6118 = CARTESIAN_POINT('',(56.,38.371004285154,638.50208622216));
#6119 = B_SPLINE_CURVE_WITH_KNOTS('',4,(#6120,#6121,#6122,#6123,#6124),
  .UNSPECIFIED.,.F.,.F.,(5,5),(0.,1.),.PIECEWISE_BEZIER_KNOTS.);
#6120 = CARTESIAN_POINT('',(56.,41.727540313337,640.98831441337));
#6121 = CARTESIAN_POINT('',(56.,40.61750876506,640.29733017065));
#6122 = CARTESIAN_POINT('',(56.,39.696476636332,639.63322809909));
#6123 = CARTESIAN_POINT('',(56.,38.953468376829,639.02632868901));
#6124 = CARTESIAN_POINT('',(56.,38.371004285154,638.50208622216));
#6125 = ORIENTED_EDGE('',*,*,#6126,.T.);
#6126 = EDGE_CURVE('',#6117,#6127,#6129,.T.);
#6127 = VERTEX_POINT('',#6128);
#6128 = CARTESIAN_POINT('',(56.,37.448981463917,638.42527857469));
#6129 = CIRCLE('',#6130,0.76);
#6130 = AXIS2_PLACEMENT_3D('',#6131,#6132,#6133);
#6131 = CARTESIAN_POINT('',(56.,37.859935364473,639.06458827399));
#6132 = DIRECTION('',(-1.,0.,-2.22044604925E-16));
#6133 = DIRECTION('',(1.643428235107E-16,0.67245910616,-0.740134278724)
  );
#6134 = ORIENTED_EDGE('',*,*,#6135,.T.);
#6135 = EDGE_CURVE('',#6127,#6136,#6138,.T.);
#6136 = VERTEX_POINT('',#6137);
#6137 = CARTESIAN_POINT('',(56.,37.124661481788,638.63189319029));
#6138 = CIRCLE('',#6139,69.396969594388);
#6139 = AXIS2_PLACEMENT_3D('',#6140,#6141,#6142);
#6140 = CARTESIAN_POINT('',(56.,1.282337791508E-09,580.000000002));
#6141 = DIRECTION('',(1.,0.,2.22044604925E-16));
#6142 = DIRECTION('',(-1.869392564853E-16,0.539634247454,0.841899565848)
  );
#6143 = ORIENTED_EDGE('',*,*,#6144,.T.);
#6144 = EDGE_CURVE('',#6136,#6145,#6147,.T.);
#6145 = VERTEX_POINT('',#6146);
#6146 = CARTESIAN_POINT('',(56.,36.804609063441,639.49998954414));
#6147 = CIRCLE('',#6148,0.76);
#6148 = AXIS2_PLACEMENT_3D('',#6149,#6150,#6151);
#6149 = CARTESIAN_POINT('',(56.,37.530396239343,639.2745278505));
#6150 = DIRECTION('',(-1.,0.,-2.22044604925E-16));
#6151 = DIRECTION('',(1.877546832091E-16,-0.533861523099,-0.845571921338
    ));
#6152 = ORIENTED_EDGE('',*,*,#6153,.T.);
#6153 = EDGE_CURVE('',#6145,#6154,#6156,.T.);
#6154 = VERTEX_POINT('',#6155);
#6155 = CARTESIAN_POINT('',(56.,37.639340448135,643.59277516319));
#6156 = B_SPLINE_CURVE_WITH_KNOTS('',4,(#6157,#6158,#6159,#6160,#6161),
  .UNSPECIFIED.,.F.,.F.,(5,5),(0.,1.),.PIECEWISE_BEZIER_KNOTS.);
#6157 = CARTESIAN_POINT('',(56.,36.804609063441,639.49998954414));
#6158 = CARTESIAN_POINT('',(56.,37.033574236854,640.24943614949));
#6159 = CARTESIAN_POINT('',(56.,37.269603039066,641.17931709465));
#6160 = CARTESIAN_POINT('',(56.,37.482238920661,642.29471734813));
#6161 = CARTESIAN_POINT('',(56.,37.639340448135,643.59277516319));
#6162 = ORIENTED_EDGE('',*,*,#6163,.T.);
#6163 = EDGE_CURVE('',#6154,#6164,#6166,.T.);
#6164 = VERTEX_POINT('',#6165);
#6165 = CARTESIAN_POINT('',(56.,36.25327258293,644.3930302332));
#6166 = CIRCLE('',#6167,73.89696959701);
#6167 = AXIS2_PLACEMENT_3D('',#6168,#6169,#6170);
#6168 = CARTESIAN_POINT('',(56.,-3.030740071353E-04,580.00017063131));
#6169 = DIRECTION('',(1.,0.,2.22044604925E-16));
#6170 = DIRECTION('',(-1.910821895192E-16,0.509353004966,0.860557677516)
  );
#6171 = ORIENTED_EDGE('',*,*,#6172,.T.);
#6172 = EDGE_CURVE('',#6164,#6173,#6175,.T.);
#6173 = VERTEX_POINT('',#6174);
#6174 = CARTESIAN_POINT('',(56.,33.126198252347,641.62372150026));
#6175 = B_SPLINE_CURVE_WITH_KNOTS('',4,(#6176,#6177,#6178,#6179,#6180),
  .UNSPECIFIED.,.F.,.F.,(5,5),(0.,1.),.PIECEWISE_BEZIER_KNOTS.);
#6176 = CARTESIAN_POINT('',(56.,36.25327258293,644.3930302332));
#6177 = CARTESIAN_POINT('',(56.,35.207688284723,643.60792977007));
#6178 = CARTESIAN_POINT('',(56.,34.34804127062,642.86608156811));
#6179 = CARTESIAN_POINT('',(56.,33.660755150723,642.19673415679));
#6180 = CARTESIAN_POINT('',(56.,33.126198252347,641.62372150026));
#6181 = ORIENTED_EDGE('',*,*,#6182,.T.);
#6182 = EDGE_CURVE('',#6173,#6183,#6185,.T.);
#6183 = VERTEX_POINT('',#6184);
#6184 = CARTESIAN_POINT('',(56.,32.214378233874,641.46684654527));
#6185 = CIRCLE('',#6186,0.76);
#6186 = AXIS2_PLACEMENT_3D('',#6187,#6188,#6189);
#6187 = CARTESIAN_POINT('',(56.,32.56804881908,642.13954047059));
#6188 = DIRECTION('',(-1.,0.,-2.22044604925E-16));
#6189 = DIRECTION('',(1.507037098394E-16,0.734407149036,-0.678709171476)
  );
#6190 = ORIENTED_EDGE('',*,*,#6191,.T.);
#6191 = EDGE_CURVE('',#6183,#6192,#6194,.T.);
#6192 = VERTEX_POINT('',#6193);
#6193 = CARTESIAN_POINT('',(56.,31.873284736907,641.64440858095));
#6194 = CIRCLE('',#6195,69.396969596908);
#6195 = AXIS2_PLACEMENT_3D('',#6196,#6197,#6198);
#6196 = CARTESIAN_POINT('',(56.,-6.216005488113E-11,579.99999999987));
#6197 = DIRECTION('',(1.,0.,2.22044604925E-16));
#6198 = DIRECTION('',(-1.966711476947E-16,0.464204394242,0.885728107472)
  );
#6199 = ORIENTED_EDGE('',*,*,#6200,.T.);
#6200 = EDGE_CURVE('',#6192,#6201,#6203,.T.);
#6201 = VERTEX_POINT('',#6202);
#6202 = CARTESIAN_POINT('',(56.,31.478790632142,642.48130715984));
#6203 = CIRCLE('',#6204,0.76);
#6204 = AXIS2_PLACEMENT_3D('',#6205,#6206,#6207);
#6205 = CARTESIAN_POINT('',(56.,32.221466250088,642.31995993642));
#6206 = DIRECTION('',(-1.,0.,-2.22044604925E-16));
#6207 = DIRECTION('',(1.973717550423E-16,-0.458133569976,-0.888883362462
    ));
#6208 = ORIENTED_EDGE('',*,*,#6209,.T.);
#6209 = EDGE_CURVE('',#6201,#6210,#6212,.T.);
#6210 = VERTEX_POINT('',#6211);
#6211 = CARTESIAN_POINT('',(56.,31.953635841369,646.63127012779));
#6212 = B_SPLINE_CURVE_WITH_KNOTS('',4,(#6213,#6214,#6215,#6216,#6217),
  .UNSPECIFIED.,.F.,.F.,(5,5),(0.,1.),.PIECEWISE_BEZIER_KNOTS.);
#6213 = CARTESIAN_POINT('',(56.,31.478790632142,642.48130715984));
#6214 = CARTESIAN_POINT('',(56.,31.641565948404,643.24785752435));
#6215 = CARTESIAN_POINT('',(56.,31.795652125323,644.19477125734));
#6216 = CARTESIAN_POINT('',(56.,31.910265325639,645.3244595143));
#6217 = CARTESIAN_POINT('',(56.,31.953635841369,646.63127012779));
#6218 = ORIENTED_EDGE('',*,*,#6219,.T.);
#6219 = EDGE_CURVE('',#6210,#6220,#6222,.T.);
#6220 = VERTEX_POINT('',#6221);
#6221 = CARTESIAN_POINT('',(56.,30.503095557843,647.30767621137));
#6222 = CIRCLE('',#6223,73.89696959692);
#6223 = AXIS2_PLACEMENT_3D('',#6224,#6225,#6226);
#6224 = CARTESIAN_POINT('',(56.,-3.167921805201E-04,580.00014356745));
#6225 = DIRECTION('',(1.,0.,2.22044604925E-16));
#6226 = DIRECTION('',(-2.002122990091E-16,0.432412219443,0.901676035212)
  );
#6227 = ORIENTED_EDGE('',*,*,#6228,.T.);
#6228 = EDGE_CURVE('',#6220,#6229,#6231,.T.);
#6229 = VERTEX_POINT('',#6230);
#6230 = CARTESIAN_POINT('',(56.,27.629281848693,644.27636304833));
#6231 = B_SPLINE_CURVE_WITH_KNOTS('',4,(#6232,#6233,#6234,#6235,#6236),
  .UNSPECIFIED.,.F.,.F.,(5,5),(0.,1.),.PIECEWISE_BEZIER_KNOTS.);
#6232 = CARTESIAN_POINT('',(56.,30.503095557843,647.30767621137));
#6233 = CARTESIAN_POINT('',(56.,29.529916037556,646.43443461642));
#6234 = CARTESIAN_POINT('',(56.,28.738196570924,645.62048619683));
#6235 = CARTESIAN_POINT('',(56.,28.111863253,644.89378492223));
#6236 = CARTESIAN_POINT('',(56.,27.629281848693,644.27636304833));
#6237 = ORIENTED_EDGE('',*,*,#6238,.T.);
#6238 = EDGE_CURVE('',#6229,#6239,#6241,.T.);
#6239 = VERTEX_POINT('',#6240);
#6240 = CARTESIAN_POINT('',(56.,26.734604133898,644.04061469894));
#6241 = CIRCLE('',#6242,0.76);
#6242 = AXIS2_PLACEMENT_3D('',#6243,#6244,#6245);
#6243 = CARTESIAN_POINT('',(56.,27.028299757048,644.74157324332));
#6244 = DIRECTION('',(-1.,0.,-2.22044604925E-16));
#6245 = DIRECTION('',(1.359176499387E-16,0.79076591006,-0.612118677617)
  );
#6246 = ORIENTED_EDGE('',*,*,#6247,.T.);
#6247 = EDGE_CURVE('',#6239,#6248,#6250,.T.);
#6248 = VERTEX_POINT('',#6249);
#6249 = CARTESIAN_POINT('',(56.,26.379333049562,644.18777280039));
#6250 = CIRCLE('',#6251,69.396969594556);
#6251 = AXIS2_PLACEMENT_3D('',#6252,#6253,#6254);
#6252 = CARTESIAN_POINT('',(56.,8.50308268241E-10,580.00000000204));
#6253 = DIRECTION('',(1.,0.,2.22044604925E-16));
#6254 = DIRECTION('',(-2.049062527169E-16,0.385241665295,0.922815723382)
  );
#6255 = ORIENTED_EDGE('',*,*,#6256,.T.);
#6256 = EDGE_CURVE('',#6248,#6257,#6259,.T.);
#6257 = VERTEX_POINT('',#6258);
#6258 = CARTESIAN_POINT('',(56.,25.913399596718,644.98710430082));
#6259 = CIRCLE('',#6260,0.76);
#6260 = AXIS2_PLACEMENT_3D('',#6261,#6262,#6263);
#6261 = CARTESIAN_POINT('',(56.,26.667311446817,644.89109949739));
#6262 = DIRECTION('',(-1.,0.,-2.22044604925E-16));
#6263 = DIRECTION('',(2.054867086432E-16,-0.378918943756,-0.925429864475
    ));
#6264 = ORIENTED_EDGE('',*,*,#6265,.T.);
#6265 = EDGE_CURVE('',#6257,#6266,#6268,.T.);
#6266 = VERTEX_POINT('',#6267);
#6267 = CARTESIAN_POINT('',(56.,26.024744771718,649.16266089367));
#6268 = B_SPLINE_CURVE_WITH_KNOTS('',4,(#6269,#6270,#6271,#6272,#6273),
  .UNSPECIFIED.,.F.,.F.,(5,5),(0.,1.),.PIECEWISE_BEZIER_KNOTS.);
#6269 = CARTESIAN_POINT('',(56.,25.913399596718,644.98710430082));
#6270 = CARTESIAN_POINT('',(56.,26.008746237387,645.76492451335));
#6271 = CARTESIAN_POINT('',(56.,26.079717100166,646.72166444891));
#6272 = CARTESIAN_POINT('',(56.,26.095435343543,647.85704309959));
#6273 = CARTESIAN_POINT('',(56.,26.024744771718,649.16266089367));
#6274 = ORIENTED_EDGE('',*,*,#6275,.T.);
#6275 = EDGE_CURVE('',#6266,#6276,#6278,.T.);
#6276 = VERTEX_POINT('',#6277);
#6277 = CARTESIAN_POINT('',(56.,24.520771557288,649.71007013209));
#6278 = CIRCLE('',#6279,73.89696959684);
#6279 = AXIS2_PLACEMENT_3D('',#6280,#6281,#6282);
#6280 = CARTESIAN_POINT('',(56.,-3.280993904866E-04,580.00011541095));
#6281 = DIRECTION('',(1.,0.,2.22044604925E-16));
#6282 = DIRECTION('',(-2.078186720119E-16,0.352180515833,0.935932093834)
  );
#6283 = ORIENTED_EDGE('',*,*,#6284,.T.);
#6284 = EDGE_CURVE('',#6276,#6285,#6287,.T.);
#6285 = VERTEX_POINT('',#6286);
#6286 = CARTESIAN_POINT('',(56.,21.922089927154,646.43982266248));
#6287 = B_SPLINE_CURVE_WITH_KNOTS('',4,(#6288,#6289,#6290,#6291,#6292),
  .UNSPECIFIED.,.F.,.F.,(5,5),(0.,1.),.PIECEWISE_BEZIER_KNOTS.);
#6288 = CARTESIAN_POINT('',(56.,24.520771557288,649.71007013209));
#6289 = CARTESIAN_POINT('',(56.,23.627403298693,648.75533330113));
#6290 = CARTESIAN_POINT('',(56.,22.909636842725,647.87547930285));
#6291 = CARTESIAN_POINT('',(56.,22.349023101515,647.09695480047));
#6292 = CARTESIAN_POINT('',(56.,21.922089927154,646.43982266248));
#6293 = ORIENTED_EDGE('',*,*,#6294,.T.);
#6294 = EDGE_CURVE('',#6285,#6295,#6297,.T.);
#6295 = VERTEX_POINT('',#6296);
#6296 = CARTESIAN_POINT('',(56.,21.051363553668,646.12699510598));
#6297 = CIRCLE('',#6298,0.76);
#6298 = AXIS2_PLACEMENT_3D('',#6299,#6300,#6301);
#6299 = CARTESIAN_POINT('',(56.,21.282849013731,646.85088355165));
#6300 = DIRECTION('',(-1.,0.,-2.22044604925E-16));
#6301 = DIRECTION('',(1.200971746527E-16,0.84110646503,-0.540869591014)
  );
#6302 = ORIENTED_EDGE('',*,*,#6303,.T.);
#6303 = EDGE_CURVE('',#6295,#6304,#6306,.T.);
#6304 = VERTEX_POINT('',#6305);
#6305 = CARTESIAN_POINT('',(56.,20.684618709434,646.24262931119));
#6306 = CIRCLE('',#6307,69.396969598966);
#6307 = AXIS2_PLACEMENT_3D('',#6308,#6309,#6310);
#6308 = CARTESIAN_POINT('',(56.,-6.596128088177E-10,579.9999999979));
#6309 = DIRECTION('',(1.,0.,2.22044604925E-16));
#6310 = DIRECTION('',(-2.115818974302E-16,0.30334701466,0.952880154425)
  );
#6311 = ORIENTED_EDGE('',*,*,#6312,.T.);
#6312 = EDGE_CURVE('',#6304,#6313,#6315,.T.);
#6313 = VERTEX_POINT('',#6314);
#6314 = CARTESIAN_POINT('',(56.,20.150791943426,646.99831033778));
#6315 = CIRCLE('',#6316,0.76);
#6316 = AXIS2_PLACEMENT_3D('',#6317,#6318,#6319);
#6317 = CARTESIAN_POINT('',(56.,20.910202301272,646.96837860888));
#6318 = DIRECTION('',(-1.,0.,-2.22044604925E-16));
#6319 = DIRECTION('',(2.120377843152E-16,-0.296820515577,-0.95493328643)
  );
#6320 = ORIENTED_EDGE('',*,*,#6321,.T.);
#6321 = EDGE_CURVE('',#6313,#6322,#6324,.T.);
#6322 = VERTEX_POINT('',#6323);
#6323 = CARTESIAN_POINT('',(56.,19.897789680184,651.16768204859));
#6324 = B_SPLINE_CURVE_WITH_KNOTS('',4,(#6325,#6326,#6327,#6328,#6329),
  .UNSPECIFIED.,.F.,.F.,(5,5),(0.,1.),.PIECEWISE_BEZIER_KNOTS.);
#6325 = CARTESIAN_POINT('',(56.,20.150791943426,646.99831033778));
#6326 = CARTESIAN_POINT('',(56.,20.177984262993,647.78148071686));
#6327 = CARTESIAN_POINT('',(56.,20.165299680513,648.74076548637));
#6328 = CARTESIAN_POINT('',(56.,20.082003341629,649.87319361368));
#6329 = CARTESIAN_POINT('',(56.,19.897789680184,651.16768204859));
#6330 = ORIENTED_EDGE('',*,*,#6331,.T.);
#6331 = EDGE_CURVE('',#6322,#6332,#6334,.T.);
#6332 = VERTEX_POINT('',#6333);
#6333 = CARTESIAN_POINT('',(56.,18.351829679135,651.58192832701));
#6334 = CIRCLE('',#6335,73.896969596713);
#6335 = AXIS2_PLACEMENT_3D('',#6336,#6337,#6338);
#6336 = CARTESIAN_POINT('',(56.,-3.369095676611E-04,580.00008637615));
#6337 = DIRECTION('',(1.,0.,2.22044604925E-16));
#6338 = DIRECTION('',(-2.138434194364E-16,0.269268505845,0.96306514409)
  );
#6339 = ORIENTED_EDGE('',*,*,#6340,.T.);
#6340 = EDGE_CURVE('',#6332,#6341,#6343,.T.);
#6341 = VERTEX_POINT('',#6342);
#6342 = CARTESIAN_POINT('',(56.,16.04805766435,648.0976351087));
#6343 = B_SPLINE_CURVE_WITH_KNOTS('',4,(#6344,#6345,#6346,#6347,#6348),
  .UNSPECIFIED.,.F.,.F.,(5,5),(0.,1.),.PIECEWISE_BEZIER_KNOTS.);
#6344 = CARTESIAN_POINT('',(56.,18.351829679135,651.58192832701));
#6345 = CARTESIAN_POINT('',(56.,17.54507175411,650.55296238381));
#6346 = CARTESIAN_POINT('',(56.,16.906720944937,649.61389902704));
#6347 = CARTESIAN_POINT('',(56.,16.416093389518,648.78947633842));
#6348 = CARTESIAN_POINT('',(56.,16.04805766435,648.0976351087));
#6349 = ORIENTED_EDGE('',*,*,#6350,.T.);
#6350 = EDGE_CURVE('',#6341,#6351,#6353,.T.);
#6351 = VERTEX_POINT('',#6352);
#6352 = CARTESIAN_POINT('',(56.,15.207909385633,647.71010915168));
#6353 = CIRCLE('',#6354,0.76);
#6354 = AXIS2_PLACEMENT_3D('',#6355,#6356,#6357);
#6355 = CARTESIAN_POINT('',(56.,15.375422938485,648.45141827048));
#6356 = DIRECTION('',(-1.,0.,-2.22044604925E-16));
#6357 = DIRECTION('',(1.03362687351E-16,0.885045691928,-0.465504160238)
  );
#6358 = ORIENTED_EDGE('',*,*,#6359,.T.);
#6359 = EDGE_CURVE('',#6351,#6360,#6362,.T.);
#6360 = VERTEX_POINT('',#6361);
#6361 = CARTESIAN_POINT('',(56.,14.832481931212,647.79333941454));
#6362 = CIRCLE('',#6363,69.396969591852);
#6363 = AXIS2_PLACEMENT_3D('',#6364,#6365,#6366);
#6364 = CARTESIAN_POINT('',(56.,1.068157118311E-09,580.0000000048));
#6365 = DIRECTION('',(1.,0.,2.22044604925E-16));
#6366 = DIRECTION('',(-2.166472761473E-16,0.219143710079,0.975692592128)
  );
#6367 = ORIENTED_EDGE('',*,*,#6368,.T.);
#6368 = EDGE_CURVE('',#6360,#6369,#6371,.T.);
#6369 = VERTEX_POINT('',#6370);
#6370 = CARTESIAN_POINT('',(56.,14.234824596063,648.49961877839));
#6371 = CIRCLE('',#6372,0.76);
#6372 = AXIS2_PLACEMENT_3D('',#6373,#6374,#6375);
#6373 = CARTESIAN_POINT('',(56.,14.99395389029,648.53598792254));
#6374 = DIRECTION('',(-1.,0.,-2.22044604925E-16));
#6375 = DIRECTION('',(2.169751244165E-16,-0.212463104049,-0.977169089471
    ));
#6376 = ORIENTED_EDGE('',*,*,#6377,.T.);
#6377 = EDGE_CURVE('',#6369,#6378,#6380,.T.);
#6378 = VERTEX_POINT('',#6379);
#6379 = CARTESIAN_POINT('',(56.,13.619400394569,652.6310741709));
#6380 = B_SPLINE_CURVE_WITH_KNOTS('',4,(#6381,#6382,#6383,#6384,#6385),
  .UNSPECIFIED.,.F.,.F.,(5,5),(0.,1.),.PIECEWISE_BEZIER_KNOTS.);
#6381 = CARTESIAN_POINT('',(56.,14.234824596063,648.49961877839));
#6382 = CARTESIAN_POINT('',(56.,14.193655644558,649.28217892454));
#6383 = CARTESIAN_POINT('',(56.,14.097412154151,650.23670779167));
#6384 = CARTESIAN_POINT('',(56.,13.915735168439,651.35756693379));
#6385 = CARTESIAN_POINT('',(56.,13.619400394569,652.6310741709));
#6386 = ORIENTED_EDGE('',*,*,#6387,.T.);
#6387 = EDGE_CURVE('',#6378,#6388,#6390,.T.);
#6388 = VERTEX_POINT('',#6389);
#6389 = CARTESIAN_POINT('',(56.,12.043219295986,652.90900482502));
#6390 = CIRCLE('',#6391,73.896969597359);
#6391 = AXIS2_PLACEMENT_3D('',#6392,#6393,#6394);
#6392 = CARTESIAN_POINT('',(56.,-3.431558150737E-04,580.00005668322));
#6393 = DIRECTION('',(1.,0.,2.22044604925E-16));
#6394 = DIRECTION('',(-2.182406893168E-16,0.184307199938,0.982868687084)
  );
#6395 = ORIENTED_EDGE('',*,*,#6396,.T.);
#6396 = EDGE_CURVE('',#6388,#6397,#6399,.T.);
#6397 = VERTEX_POINT('',#6398);
#6398 = CARTESIAN_POINT('',(56.,10.051889992638,649.23718343327));
#6399 = B_SPLINE_CURVE_WITH_KNOTS('',4,(#6400,#6401,#6402,#6403,#6404),
  .UNSPECIFIED.,.F.,.F.,(5,5),(0.,1.),.PIECEWISE_BEZIER_KNOTS.);
#6400 = CARTESIAN_POINT('',(56.,12.043219295986,652.90900482502));
#6401 = CARTESIAN_POINT('',(56.,11.329211619474,651.81364082171));
#6402 = CARTESIAN_POINT('',(56.,10.7751346922,650.82251494562));
#6403 = CARTESIAN_POINT('',(56.,10.358227294519,649.95846842522));
#6404 = CARTESIAN_POINT('',(56.,10.051889992638,649.23718343327));
#6405 = ORIENTED_EDGE('',*,*,#6406,.T.);
#6406 = EDGE_CURVE('',#6397,#6407,#6409,.T.);
#6407 = VERTEX_POINT('',#6408);
#6408 = CARTESIAN_POINT('',(56.,9.248713844387,648.77790838226));
#6409 = CIRCLE('',#6410,0.76);
#6410 = AXIS2_PLACEMENT_3D('',#6411,#6412,#6413);
#6411 = CARTESIAN_POINT('',(56.,9.350980610742,649.53099636418));
#6412 = DIRECTION('',(-1.,0.,-2.22044604925E-16));
#6413 = DIRECTION('',(8.584154758641E-17,0.922249186706,-0.386595961723)
  );
#6414 = ORIENTED_EDGE('',*,*,#6415,.T.);
#6415 = EDGE_CURVE('',#6407,#6416,#6418,.T.);
#6416 = VERTEX_POINT('',#6417);
#6417 = CARTESIAN_POINT('',(56.,8.867461009397,648.8281012702));
#6418 = CIRCLE('',#6419,69.396969596643);
#6419 = AXIS2_PLACEMENT_3D('',#6420,#6421,#6422);
#6420 = CARTESIAN_POINT('',(56.,1.742606059452E-11,580.00000000012));
#6421 = DIRECTION('',(1.,0.,2.22044604925E-16));
#6422 = DIRECTION('',(-2.200638382778E-16,0.13327258954,0.991079420065)
  );
#6423 = ORIENTED_EDGE('',*,*,#6424,.T.);
#6424 = EDGE_CURVE('',#6416,#6425,#6427,.T.);
#6425 = VERTEX_POINT('',#6426);
#6426 = CARTESIAN_POINT('',(56.,8.210521638301,649.47960375889));
#6427 = CIRCLE('',#6428,0.76);
#6428 = AXIS2_PLACEMENT_3D('',#6429,#6430,#6431);
#6429 = CARTESIAN_POINT('',(56.,8.963592436605,649.58199698494));
#6430 = DIRECTION('',(-1.,0.,-2.22044604925E-16));
#6431 = DIRECTION('',(2.20261152808E-16,-0.126488720011,-0.99196804571)
  );
#6432 = ORIENTED_EDGE('',*,*,#6433,.T.);
#6433 = EDGE_CURVE('',#6425,#6434,#6436,.T.);
#6434 = VERTEX_POINT('',#6435);
#6435 = CARTESIAN_POINT('',(56.,7.237359248334,653.54169996292));
#6436 = B_SPLINE_CURVE_WITH_KNOTS('',4,(#6437,#6438,#6439,#6440,#6441),
  .UNSPECIFIED.,.F.,.F.,(5,5),(0.,1.),.PIECEWISE_BEZIER_KNOTS.);
#6437 = CARTESIAN_POINT('',(56.,8.210521638301,649.47960375889));
#6438 = CARTESIAN_POINT('',(56.,8.101304736304,650.25559791687));
#6439 = CARTESIAN_POINT('',(56.,7.922234809045,651.1981063406));
#6440 = CARTESIAN_POINT('',(56.,7.643559848067,652.29886608265));
#6441 = CARTESIAN_POINT('',(56.,7.237359248334,653.54169996292));
#6442 = ORIENTED_EDGE('',*,*,#6443,.T.);
#6443 = EDGE_CURVE('',#6434,#6444,#6446,.T.);
#6444 = VERTEX_POINT('',#6445);
#6445 = CARTESIAN_POINT('',(56.,5.642952742101,653.68119977264));
#6446 = CIRCLE('',#6447,73.896969596909);
#6447 = AXIS2_PLACEMENT_3D('',#6448,#6449,#6450);
#6448 = CARTESIAN_POINT('',(56.,-3.467902340386E-04,580.00002655997));
#6449 = DIRECTION('',(1.,0.,2.22044604925E-16));
#6450 = DIRECTION('',(-2.209770157742E-16,9.794320495208E-02,
    0.995192005898));
#6451 = ORIENTED_EDGE('',*,*,#6452,.T.);
#6452 = EDGE_CURVE('',#6444,#6453,#6455,.T.);
#6453 = VERTEX_POINT('',#6454);
#6454 = CARTESIAN_POINT('',(56.,3.979221368585,649.84979498535));
#6455 = B_SPLINE_CURVE_WITH_KNOTS('',4,(#6456,#6457,#6458,#6459,#6460),
  .UNSPECIFIED.,.F.,.F.,(5,5),(0.,1.),.PIECEWISE_BEZIER_KNOTS.);
#6456 = CARTESIAN_POINT('',(56.,5.642952742101,653.68119977264));
#6457 = CARTESIAN_POINT('',(56.,5.027129343649,652.52777409069));
#6458 = CARTESIAN_POINT('',(56.,4.561543158252,651.49212876165));
#6459 = CARTESIAN_POINT('',(56.,4.22152883534,650.59503432523));
#6460 = CARTESIAN_POINT('',(56.,3.979221368585,649.84979498535));
#6461 = ORIENTED_EDGE('',*,*,#6462,.T.);
#6462 = EDGE_CURVE('',#6453,#6463,#6465,.T.);
#6463 = VERTEX_POINT('',#6464);
#6464 = CARTESIAN_POINT('',(56.,3.219130006259,649.32226620082));
#6465 = CIRCLE('',#6466,0.76);
#6466 = AXIS2_PLACEMENT_3D('',#6467,#6468,#6469);
#6467 = CARTESIAN_POINT('',(56.,3.255371674275,650.08140159158));
#6468 = DIRECTION('',(-1.,0.,-2.22044604925E-16));
#6469 = DIRECTION('',(6.766710181215E-17,0.952433808303,-0.304745534506)
  );
#6470 = ORIENTED_EDGE('',*,*,#6471,.T.);
#6471 = EDGE_CURVE('',#6463,#6472,#6474,.T.);
#6472 = VERTEX_POINT('',#6473);
#6473 = CARTESIAN_POINT('',(56.,2.83495335498,649.33903971566));
#6474 = CIRCLE('',#6475,69.396969597519);
#6475 = AXIS2_PLACEMENT_3D('',#6476,#6477,#6478);
#6476 = CARTESIAN_POINT('',(56.,-2.960054423795E-11,579.99999999925));
#6477 = DIRECTION('',(1.,0.,2.22044604925E-16));
#6478 = DIRECTION('',(-2.218055817208E-16,4.638718412286E-02,
    0.998923535186));
#6479 = ORIENTED_EDGE('',*,*,#6480,.T.);
#6480 = EDGE_CURVE('',#6472,#6481,#6483,.T.);
#6481 = VERTEX_POINT('',#6482);
#6482 = CARTESIAN_POINT('',(56.,2.123731653224,649.93080700185));
#6483 = CIRCLE('',#6484,0.76);
#6484 = AXIS2_PLACEMENT_3D('',#6485,#6486,#6487);
#6485 = CARTESIAN_POINT('',(56.,2.865012632113,650.09844503554));
#6486 = DIRECTION('',(-1.,0.,-2.22044604925E-16));
#6487 = DIRECTION('',(2.218708608292E-16,-3.955168043785E-02,
    -0.999217526155));
#6488 = ORIENTED_EDGE('',*,*,#6489,.T.);
#6489 = EDGE_CURVE('',#6481,#6490,#6492,.T.);
#6490 = VERTEX_POINT('',#6491);
#6491 = CARTESIAN_POINT('',(56.,0.800237428181,653.89262901254));
#6492 = B_SPLINE_CURVE_WITH_KNOTS('',4,(#6493,#6494,#6495,#6496,#6497),
  .UNSPECIFIED.,.F.,.F.,(5,5),(0.,1.),.PIECEWISE_BEZIER_KNOTS.);
#6493 = CARTESIAN_POINT('',(56.,2.123731653224,649.93080700185));
#6494 = CARTESIAN_POINT('',(56.,1.947298007305,650.69432938757));
#6495 = CARTESIAN_POINT('',(56.,1.686764473466,651.61764430968));
#6496 = CARTESIAN_POINT('',(56.,1.313212421944,652.68992720538));
#6497 = CARTESIAN_POINT('',(56.,0.800237428181,653.89262901254));
#6498 = ORIENTED_EDGE('',*,*,#6499,.T.);
#6499 = EDGE_CURVE('',#6490,#6500,#6502,.T.);
#6500 = VERTEX_POINT('',#6501);
#6501 = CARTESIAN_POINT('',(56.,-0.800260089461,653.89263630007));
#6502 = CIRCLE('',#6503,73.896969596669);
#6503 = AXIS2_PLACEMENT_3D('',#6504,#6505,#6506);
#6504 = CARTESIAN_POINT('',(56.,-3.477854464536E-04,579.99999623439));
#6505 = DIRECTION('',(1.,0.,2.22044604925E-16));
#6506 = DIRECTION('',(-2.22031573712E-16,1.083380303681E-02,
    0.999941312634));
#6507 = ORIENTED_EDGE('',*,*,#6508,.T.);
#6508 = EDGE_CURVE('',#6500,#6509,#6511,.T.);
#6509 = VERTEX_POINT('',#6510);
#6510 = CARTESIAN_POINT('',(56.,-2.123731532802,649.93080742114));
#6511 = B_SPLINE_CURVE_WITH_KNOTS('',4,(#6512,#6513,#6514,#6515,#6516),
  .UNSPECIFIED.,.F.,.F.,(5,5),(0.,1.),.PIECEWISE_BEZIER_KNOTS.);
#6512 = CARTESIAN_POINT('',(56.,-0.800260089461,653.89263630007));
#6513 = CARTESIAN_POINT('',(56.,-1.313212421944,652.68992720538));
#6514 = CARTESIAN_POINT('',(56.,-1.686764473466,651.61764430968));
#6515 = CARTESIAN_POINT('',(56.,-1.947298007305,650.69432938757));
#6516 = CARTESIAN_POINT('',(56.,-2.123731532802,649.93080742114));
#6517 = ORIENTED_EDGE('',*,*,#6518,.T.);
#6518 = EDGE_CURVE('',#6509,#6519,#6521,.T.);
#6519 = VERTEX_POINT('',#6520);
#6520 = CARTESIAN_POINT('',(56.,-2.83495335498,649.33903971566));
#6521 = CIRCLE('',#6522,0.76);
#6522 = AXIS2_PLACEMENT_3D('',#6523,#6524,#6525);
#6523 = CARTESIAN_POINT('',(56.,-2.86501260628,650.09844503656));
#6524 = DIRECTION('',(-1.,0.,-2.22044604925E-16));
#6525 = DIRECTION('',(4.897766853458E-17,0.975369833524,-0.220575809762)
  );
#6526 = ORIENTED_EDGE('',*,*,#6527,.T.);
#6527 = EDGE_CURVE('',#6519,#6528,#6530,.T.);
#6528 = VERTEX_POINT('',#6529);
#6529 = CARTESIAN_POINT('',(56.,-3.219130006259,649.32226620082));
#6530 = CIRCLE('',#6531,69.396969590876);
#6531 = AXIS2_PLACEMENT_3D('',#6532,#6533,#6534);
#6532 = CARTESIAN_POINT('',(56.,-2.550490929565E-10,580.00000000588));
#6533 = DIRECTION('',(1.,0.,2.22044604925E-16));
#6534 = DIRECTION('',(-2.21859250757E-16,-4.08512557744E-02,
    0.999165239038));
#6535 = ORIENTED_EDGE('',*,*,#6536,.T.);
#6536 = EDGE_CURVE('',#6528,#6537,#6539,.T.);
#6537 = VERTEX_POINT('',#6538);
#6538 = CARTESIAN_POINT('',(56.,-3.979221212078,649.84979457815));
#6539 = CIRCLE('',#6540,0.76);
#6540 = AXIS2_PLACEMENT_3D('',#6541,#6542,#6543);
#6541 = CARTESIAN_POINT('',(56.,-3.255371648452,650.08140159281));
#6542 = DIRECTION('',(-1.,0.,-2.22044604925E-16));
#6543 = DIRECTION('',(2.217919976302E-16,4.768637130563E-02,
    -0.998862357881));
#6544 = ORIENTED_EDGE('',*,*,#6545,.T.);
#6545 = EDGE_CURVE('',#6537,#6546,#6548,.T.);
#6546 = VERTEX_POINT('',#6547);
#6547 = CARTESIAN_POINT('',(56.,-5.642974681997,653.68119053778));
#6548 = B_SPLINE_CURVE_WITH_KNOTS('',4,(#6549,#6550,#6551,#6552,#6553),
  .UNSPECIFIED.,.F.,.F.,(5,5),(0.,1.),.PIECEWISE_BEZIER_KNOTS.);
#6549 = CARTESIAN_POINT('',(56.,-3.979221212078,649.84979457815));
#6550 = CARTESIAN_POINT('',(56.,-4.22152883534,650.59503432523));
#6551 = CARTESIAN_POINT('',(56.,-4.561543158252,651.49212876165));
#6552 = CARTESIAN_POINT('',(56.,-5.027129343649,652.52777409069));
#6553 = CARTESIAN_POINT('',(56.,-5.642974681997,653.68119053778));
#6554 = ORIENTED_EDGE('',*,*,#6555,.T.);
#6555 = EDGE_CURVE('',#6546,#6556,#6558,.T.);
#6556 = VERTEX_POINT('',#6557);
#6557 = CARTESIAN_POINT('',(56.,-7.237382458531,653.54170524766));
#6558 = CIRCLE('',#6559,73.89696959665);
#6559 = AXIS2_PLACEMENT_3D('',#6560,#6561,#6562);
#6560 = CARTESIAN_POINT('',(56.,-3.461338247073E-04,579.99996593724));
#6561 = DIRECTION('',(1.,0.,2.22044604925E-16));
#6562 = DIRECTION('',(-2.213963373075E-16,-7.635805066123E-02,
    0.997080462199));
#6563 = ORIENTED_EDGE('',*,*,#6564,.T.);
#6564 = EDGE_CURVE('',#6556,#6565,#6567,.T.);
#6565 = VERTEX_POINT('',#6566);
#6566 = CARTESIAN_POINT('',(56.,-8.210521554881,649.47960418708));
#6567 = B_SPLINE_CURVE_WITH_KNOTS('',4,(#6568,#6569,#6570,#6571,#6572),
  .UNSPECIFIED.,.F.,.F.,(5,5),(0.,1.),.PIECEWISE_BEZIER_KNOTS.);
#6568 = CARTESIAN_POINT('',(56.,-7.237382458531,653.54170524766));
#6569 = CARTESIAN_POINT('',(56.,-7.643559848067,652.29886608265));
#6570 = CARTESIAN_POINT('',(56.,-7.922234809045,651.1981063406));
#6571 = CARTESIAN_POINT('',(56.,-8.101304736304,650.25559791687));
#6572 = CARTESIAN_POINT('',(56.,-8.210521554881,649.47960418708));
#6573 = ORIENTED_EDGE('',*,*,#6574,.T.);
#6574 = EDGE_CURVE('',#6565,#6575,#6577,.T.);
#6575 = VERTEX_POINT('',#6576);
#6576 = CARTESIAN_POINT('',(56.,-8.867461009397,648.8281012702));
#6577 = CIRCLE('',#6578,0.76);
#6578 = AXIS2_PLACEMENT_3D('',#6579,#6580,#6581);
#6579 = CARTESIAN_POINT('',(56.,-8.96359241096,649.58199698821));
#6580 = DIRECTION('',(-1.,0.,-2.22044604925E-16));
#6581 = DIRECTION('',(2.991548562594E-17,0.990882705367,-0.134727369918)
  );
#6582 = ORIENTED_EDGE('',*,*,#6583,.T.);
#6583 = EDGE_CURVE('',#6575,#6584,#6586,.T.);
#6584 = VERTEX_POINT('',#6585);
#6585 = CARTESIAN_POINT('',(56.,-9.248713844387,648.77790838226));
#6586 = CIRCLE('',#6587,69.396969598509);
#6587 = AXIS2_PLACEMENT_3D('',#6588,#6589,#6590);
#6588 = CARTESIAN_POINT('',(56.,2.287041667159E-10,579.99999999827));
#6589 = DIRECTION('',(1.,0.,2.22044604925E-16));
#6590 = DIRECTION('',(-2.202244369327E-16,-0.127778792949,0.991802692108
    ));
#6591 = ORIENTED_EDGE('',*,*,#6592,.T.);
#6592 = EDGE_CURVE('',#6584,#6593,#6595,.T.);
#6593 = VERTEX_POINT('',#6594);
#6594 = CARTESIAN_POINT('',(56.,-10.05188980123,649.23718304126));
#6595 = CIRCLE('',#6596,0.76);
#6596 = AXIS2_PLACEMENT_3D('',#6597,#6598,#6599);
#6597 = CARTESIAN_POINT('',(56.,-9.350980585124,649.53099636765));
#6598 = DIRECTION('',(-1.,0.,-2.22044604925E-16));
#6599 = DIRECTION('',(2.200251634076E-16,0.13456150097,-0.990905243934)
  );
#6600 = ORIENTED_EDGE('',*,*,#6601,.T.);
#6601 = EDGE_CURVE('',#6593,#6602,#6604,.T.);
#6602 = VERTEX_POINT('',#6603);
#6603 = CARTESIAN_POINT('',(56.,-12.04324034752,652.90899371311));
#6604 = B_SPLINE_CURVE_WITH_KNOTS('',4,(#6605,#6606,#6607,#6608,#6609),
  .UNSPECIFIED.,.F.,.F.,(5,5),(0.,1.),.PIECEWISE_BEZIER_KNOTS.);
#6605 = CARTESIAN_POINT('',(56.,-10.05188980123,649.23718304126));
#6606 = CARTESIAN_POINT('',(56.,-10.35822729451,649.95846842522));
#6607 = CARTESIAN_POINT('',(56.,-10.7751346922,650.82251494562));
#6608 = CARTESIAN_POINT('',(56.,-11.32921161947,651.81364082171));
#6609 = CARTESIAN_POINT('',(56.,-12.04324034752,652.90899371311));
#6610 = ORIENTED_EDGE('',*,*,#6611,.T.);
#6611 = EDGE_CURVE('',#6602,#6612,#6614,.T.);
#6612 = VERTEX_POINT('',#6613);
#6613 = CARTESIAN_POINT('',(56.,-13.61942397704,652.63107741263));
#6614 = CIRCLE('',#6615,73.896969596812);
#6615 = AXIS2_PLACEMENT_3D('',#6616,#6617,#6618);
#6616 = CARTESIAN_POINT('',(56.,-3.418478879729E-04,579.99993589914));
#6617 = DIRECTION('',(1.,0.,2.22044604925E-16));
#6618 = DIRECTION('',(-2.190761410933E-16,-0.162968773487,0.986631227393
    ));
#6619 = ORIENTED_EDGE('',*,*,#6620,.T.);
#6620 = EDGE_CURVE('',#6612,#6621,#6623,.T.);
#6621 = VERTEX_POINT('',#6622);
#6622 = CARTESIAN_POINT('',(56.,-14.23482455027,648.49961921222));
#6623 = B_SPLINE_CURVE_WITH_KNOTS('',4,(#6624,#6625,#6626,#6627,#6628),
  .UNSPECIFIED.,.F.,.F.,(5,5),(0.,1.),.PIECEWISE_BEZIER_KNOTS.);
#6624 = CARTESIAN_POINT('',(56.,-13.61942397704,652.63107741263));
#6625 = CARTESIAN_POINT('',(56.,-13.91573516843,651.35756693379));
#6626 = CARTESIAN_POINT('',(56.,-14.09741215415,650.23670779167));
#6627 = CARTESIAN_POINT('',(56.,-14.19365564455,649.28217892454));
#6628 = CARTESIAN_POINT('',(56.,-14.23482455027,648.49961921222));
#6629 = ORIENTED_EDGE('',*,*,#6630,.T.);
#6630 = EDGE_CURVE('',#6621,#6631,#6633,.T.);
#6631 = VERTEX_POINT('',#6632);
#6632 = CARTESIAN_POINT('',(56.,-14.83248193121,647.79333941454));
#6633 = CIRCLE('',#6634,0.76);
#6634 = AXIS2_PLACEMENT_3D('',#6635,#6636,#6637);
#6635 = CARTESIAN_POINT('',(56.,-14.99395386502,648.53598792803));
#6636 = DIRECTION('',(-1.,0.,-2.22044604925E-16));
#6637 = DIRECTION('',(1.062562780822E-17,0.998854361511,
    -4.785357343769E-02));
#6638 = ORIENTED_EDGE('',*,*,#6639,.T.);
#6639 = EDGE_CURVE('',#6631,#6640,#6642,.T.);
#6640 = VERTEX_POINT('',#6641);
#6641 = CARTESIAN_POINT('',(56.,-15.20790938563,647.71010915168));
#6642 = CIRCLE('',#6643,69.396969598372);
#6643 = AXIS2_PLACEMENT_3D('',#6644,#6645,#6646);
#6644 = CARTESIAN_POINT('',(56.,3.482290011902E-10,579.99999999843));
#6645 = DIRECTION('',(1.,0.,2.22044604925E-16));
#6646 = DIRECTION('',(-2.169135821682E-16,-0.213733856354,0.976891927824
    ));
#6647 = ORIENTED_EDGE('',*,*,#6648,.T.);
#6648 = EDGE_CURVE('',#6640,#6649,#6651,.T.);
#6649 = VERTEX_POINT('',#6650);
#6650 = CARTESIAN_POINT('',(56.,-16.04805743951,648.09763473487));
#6651 = CIRCLE('',#6652,0.76);
#6652 = AXIS2_PLACEMENT_3D('',#6653,#6654,#6655);
#6653 = CARTESIAN_POINT('',(56.,-15.37542291326,648.45141827618));
#6654 = DIRECTION('',(-1.,0.,-2.22044604925E-16));
#6655 = DIRECTION('',(2.165838048366E-16,0.220412536361,-0.975406742757)
  );
#6656 = ORIENTED_EDGE('',*,*,#6657,.T.);
#6657 = EDGE_CURVE('',#6649,#6658,#6660,.T.);
#6658 = VERTEX_POINT('',#6659);
#6659 = CARTESIAN_POINT('',(56.,-18.35184968209,651.58191542262));
#6660 = B_SPLINE_CURVE_WITH_KNOTS('',4,(#6661,#6662,#6663,#6664,#6665),
  .UNSPECIFIED.,.F.,.F.,(5,5),(0.,1.),.PIECEWISE_BEZIER_KNOTS.);
#6661 = CARTESIAN_POINT('',(56.,-16.04805743951,648.09763473487));
#6662 = CARTESIAN_POINT('',(56.,-16.41609338951,648.78947633842));
#6663 = CARTESIAN_POINT('',(56.,-16.90672094493,649.61389902704));
#6664 = CARTESIAN_POINT('',(56.,-17.54507175411,650.55296238381));
#6665 = CARTESIAN_POINT('',(56.,-18.35184968209,651.58191542262));
#6666 = ORIENTED_EDGE('',*,*,#6667,.T.);
#6667 = EDGE_CURVE('',#6658,#6668,#6670,.T.);
#6668 = VERTEX_POINT('',#6669);
#6669 = CARTESIAN_POINT('',(56.,-19.89781345545,651.16768322264));
#6670 = CIRCLE('',#6671,73.896969596695);
#6671 = AXIS2_PLACEMENT_3D('',#6672,#6673,#6674);
#6672 = CARTESIAN_POINT('',(56.,-3.349603267022E-04,579.99990634917));
#6673 = DIRECTION('',(1.,0.,2.22044604925E-16));
#6674 = DIRECTION('',(-2.150886431636E-16,-0.248339205544,0.968673133203
    ));
#6675 = ORIENTED_EDGE('',*,*,#6676,.T.);
#6676 = EDGE_CURVE('',#6668,#6677,#6679,.T.);
#6677 = VERTEX_POINT('',#6678);
#6678 = CARTESIAN_POINT('',(56.,-20.15079193562,646.99831077395));
#6679 = B_SPLINE_CURVE_WITH_KNOTS('',4,(#6680,#6681,#6682,#6683,#6684),
  .UNSPECIFIED.,.F.,.F.,(5,5),(0.,1.),.PIECEWISE_BEZIER_KNOTS.);
#6680 = CARTESIAN_POINT('',(56.,-19.89781345545,651.16768322264));
#6681 = CARTESIAN_POINT('',(56.,-20.08200334162,649.87319361368));
#6682 = CARTESIAN_POINT('',(56.,-20.16529968051,648.74076548637));
#6683 = CARTESIAN_POINT('',(56.,-20.17798426299,647.78148071686));
#6684 = CARTESIAN_POINT('',(56.,-20.15079193562,646.99831077395));
#6685 = ORIENTED_EDGE('',*,*,#6686,.T.);
#6686 = EDGE_CURVE('',#6677,#6687,#6689,.T.);
#6687 = VERTEX_POINT('',#6688);
#6688 = CARTESIAN_POINT('',(56.,-20.68461870943,646.24262931119));
#6689 = CIRCLE('',#6690,0.76);
#6690 = AXIS2_PLACEMENT_3D('',#6691,#6692,#6693);
#6691 = CARTESIAN_POINT('',(56.,-20.91020227658,646.96837861655));
#6692 = DIRECTION('',(-1.,0.,-2.22044604925E-16));
#6693 = DIRECTION('',(-8.745097453035E-18,0.999224132839,
    3.938441763081E-02));
#6694 = ORIENTED_EDGE('',*,*,#6695,.T.);
#6695 = EDGE_CURVE('',#6687,#6696,#6698,.T.);
#6696 = VERTEX_POINT('',#6697);
#6697 = CARTESIAN_POINT('',(56.,-21.05136355366,646.12699510598));
#6698 = CIRCLE('',#6699,69.3969695927);
#6699 = AXIS2_PLACEMENT_3D('',#6700,#6701,#6702);
#6700 = CARTESIAN_POINT('',(56.,-1.222275614055E-09,580.00000000388));
#6701 = DIRECTION('',(1.,0.,2.22044604925E-16));
#6702 = DIRECTION('',(-2.119518840674E-16,-0.298062276056,0.954546426106
    ));
#6703 = ORIENTED_EDGE('',*,*,#6704,.T.);
#6704 = EDGE_CURVE('',#6696,#6705,#6707,.T.);
#6705 = VERTEX_POINT('',#6706);
#6706 = CARTESIAN_POINT('',(56.,-21.92208967059,646.43982230966));
#6707 = CIRCLE('',#6708,0.76);
#6708 = AXIS2_PLACEMENT_3D('',#6709,#6710,#6711);
#6709 = CARTESIAN_POINT('',(56.,-21.2828489891,646.85088355952));
#6710 = DIRECTION('',(-1.,0.,-2.22044604925E-16));
#6711 = DIRECTION('',(2.114941127339E-16,0.304586099262,-0.9524848073));
#6712 = ORIENTED_EDGE('',*,*,#6713,.T.);
#6713 = EDGE_CURVE('',#6705,#6714,#6716,.T.);
#6714 = VERTEX_POINT('',#6715);
#6715 = CARTESIAN_POINT('',(56.,-24.52079035944,649.71005553343));
#6716 = B_SPLINE_CURVE_WITH_KNOTS('',4,(#6717,#6718,#6719,#6720,#6721),
  .UNSPECIFIED.,.F.,.F.,(5,5),(0.,1.),.PIECEWISE_BEZIER_KNOTS.);
#6717 = CARTESIAN_POINT('',(56.,-21.92208967059,646.43982230966));
#6718 = CARTESIAN_POINT('',(56.,-22.34902310151,647.09695480047));
#6719 = CARTESIAN_POINT('',(56.,-22.90963684272,647.87547930285));
#6720 = CARTESIAN_POINT('',(56.,-23.62740329869,648.75533330113));
#6721 = CARTESIAN_POINT('',(56.,-24.52079035944,649.71005553343));
#6722 = ORIENTED_EDGE('',*,*,#6723,.T.);
#6723 = EDGE_CURVE('',#6714,#6724,#6726,.T.);
#6724 = VERTEX_POINT('',#6725);
#6725 = CARTESIAN_POINT('',(56.,-26.02476855883,649.1626599911));
#6726 = CIRCLE('',#6727,73.896969596888);
#6727 = AXIS2_PLACEMENT_3D('',#6728,#6729,#6730);
#6728 = CARTESIAN_POINT('',(56.,-3.25523428387E-04,579.99987751165));
#6729 = DIRECTION('',(1.,0.,2.22044604925E-16));
#6730 = DIRECTION('',(-2.094641907853E-16,-0.331819626296,0.943342851568
    ));
#6731 = ORIENTED_EDGE('',*,*,#6732,.T.);
#6732 = EDGE_CURVE('',#6724,#6733,#6735,.T.);
#6733 = VERTEX_POINT('',#6734);
#6734 = CARTESIAN_POINT('',(56.,-25.91339962696,644.98710473601));
#6735 = B_SPLINE_CURVE_WITH_KNOTS('',4,(#6736,#6737,#6738,#6739,#6740),
  .UNSPECIFIED.,.F.,.F.,(5,5),(0.,1.),.PIECEWISE_BEZIER_KNOTS.);
#6736 = CARTESIAN_POINT('',(56.,-26.02476855883,649.1626599911));
#6737 = CARTESIAN_POINT('',(56.,-26.09543534354,647.85704309959));
#6738 = CARTESIAN_POINT('',(56.,-26.07971710016,646.72166444891));
#6739 = CARTESIAN_POINT('',(56.,-26.00874623738,645.76492451335));
#6740 = CARTESIAN_POINT('',(56.,-25.91339962696,644.98710473601));
#6741 = ORIENTED_EDGE('',*,*,#6742,.T.);
#6742 = EDGE_CURVE('',#6733,#6743,#6745,.T.);
#6743 = VERTEX_POINT('',#6744);
#6744 = CARTESIAN_POINT('',(56.,-26.37933304956,644.18777280039));
#6745 = CIRCLE('',#6746,0.76);
#6746 = AXIS2_PLACEMENT_3D('',#6747,#6748,#6749);
#6747 = CARTESIAN_POINT('',(56.,-26.66731142289,644.89109950719));
#6748 = DIRECTION('',(-1.,0.,-2.22044604925E-16));
#6749 = DIRECTION('',(-2.804926724225E-17,0.991989205168,0.1263226695));
#6750 = ORIENTED_EDGE('',*,*,#6751,.T.);
#6751 = EDGE_CURVE('',#6743,#6752,#6754,.T.);
#6752 = VERTEX_POINT('',#6753);
#6753 = CARTESIAN_POINT('',(56.,-26.73460413389,644.04061469894));
#6754 = CIRCLE('',#6755,69.396969598928);
#6755 = AXIS2_PLACEMENT_3D('',#6756,#6757,#6758);
#6756 = CARTESIAN_POINT('',(56.,8.279155139235E-10,579.999999998));
#6757 = DIRECTION('',(1.,0.,2.22044604925E-16));
#6758 = DIRECTION('',(-2.053771041487E-16,-0.380122261863,0.924936249715
    ));
#6759 = ORIENTED_EDGE('',*,*,#6760,.T.);
#6760 = EDGE_CURVE('',#6752,#6761,#6763,.T.);
#6761 = VERTEX_POINT('',#6762);
#6762 = CARTESIAN_POINT('',(56.,-27.62928156235,644.27636271922));
#6763 = CIRCLE('',#6764,0.76);
#6764 = AXIS2_PLACEMENT_3D('',#6765,#6766,#6767);
#6765 = CARTESIAN_POINT('',(56.,-27.0282997332,644.74157325331));
#6766 = DIRECTION('',(-1.,0.,-2.22044604925E-16));
#6767 = DIRECTION('',(2.047948227297E-16,0.386441578033,-0.922313887333)
  );
#6768 = ORIENTED_EDGE('',*,*,#6769,.T.);
#6769 = EDGE_CURVE('',#6761,#6770,#6772,.T.);
#6770 = VERTEX_POINT('',#6771);
#6771 = CARTESIAN_POINT('',(56.,-30.50311301609,647.30766002955));
#6772 = B_SPLINE_CURVE_WITH_KNOTS('',4,(#6773,#6774,#6775,#6776,#6777),
  .UNSPECIFIED.,.F.,.F.,(5,5),(0.,1.),.PIECEWISE_BEZIER_KNOTS.);
#6773 = CARTESIAN_POINT('',(56.,-27.62928156235,644.27636271922));
#6774 = CARTESIAN_POINT('',(56.,-28.111863253,644.89378492223));
#6775 = CARTESIAN_POINT('',(56.,-28.73819657092,645.62048619683));
#6776 = CARTESIAN_POINT('',(56.,-29.52991603755,646.43443461642));
#6777 = CARTESIAN_POINT('',(56.,-30.50311301609,647.30766002955));
#6778 = ORIENTED_EDGE('',*,*,#6779,.T.);
#6779 = EDGE_CURVE('',#6770,#6780,#6782,.T.);
#6780 = VERTEX_POINT('',#6781);
#6781 = CARTESIAN_POINT('',(56.,-31.9536594593,646.63126715547));
#6782 = CIRCLE('',#6783,73.896969596989);
#6783 = AXIS2_PLACEMENT_3D('',#6784,#6785,#6786);
#6784 = CARTESIAN_POINT('',(56.,-3.136091070601E-04,579.99984960642));
#6785 = DIRECTION('',(1.,0.,2.22044604925E-16));
#6786 = DIRECTION('',(-2.022455894373E-16,-0.412774699333,0.910833161227
    ));
#6787 = ORIENTED_EDGE('',*,*,#6788,.T.);
#6788 = EDGE_CURVE('',#6780,#6789,#6791,.T.);
#6789 = VERTEX_POINT('',#6790);
#6790 = CARTESIAN_POINT('',(56.,-31.4787907002,642.48130759074));
#6791 = B_SPLINE_CURVE_WITH_KNOTS('',4,(#6792,#6793,#6794,#6795,#6796),
  .UNSPECIFIED.,.F.,.F.,(5,5),(0.,1.),.PIECEWISE_BEZIER_KNOTS.);
#6792 = CARTESIAN_POINT('',(56.,-31.9536594593,646.63126715547));
#6793 = CARTESIAN_POINT('',(56.,-31.91026532563,645.3244595143));
#6794 = CARTESIAN_POINT('',(56.,-31.79565212532,644.19477125734));
#6795 = CARTESIAN_POINT('',(56.,-31.6415659484,643.24785752435));
#6796 = CARTESIAN_POINT('',(56.,-31.4787907002,642.48130759074));
#6797 = ORIENTED_EDGE('',*,*,#6798,.T.);
#6798 = EDGE_CURVE('',#6789,#6799,#6801,.T.);
#6799 = VERTEX_POINT('',#6800);
#6800 = CARTESIAN_POINT('',(56.,-31.8732847369,641.64440858095));
#6801 = CIRCLE('',#6802,0.76);
#6802 = AXIS2_PLACEMENT_3D('',#6803,#6804,#6805);
#6803 = CARTESIAN_POINT('',(56.,-32.2214662271,642.31995994826));
#6804 = DIRECTION('',(-1.,0.,-2.22044604925E-16));
#6805 = DIRECTION('',(-4.713996517115E-17,0.977204640667,0.212299529579)
  );
#6806 = ORIENTED_EDGE('',*,*,#6807,.T.);
#6807 = EDGE_CURVE('',#6799,#6808,#6810,.T.);
#6808 = VERTEX_POINT('',#6809);
#6809 = CARTESIAN_POINT('',(56.,-32.21437823387,641.46684654527));
#6810 = CIRCLE('',#6811,69.396969593108);
#6811 = AXIS2_PLACEMENT_3D('',#6812,#6813,#6814);
#6812 = CARTESIAN_POINT('',(56.,-1.689524964377E-09,580.00000000324));
#6813 = DIRECTION('',(1.,0.,2.22044604925E-16));
#6814 = DIRECTION('',(-1.972392804575E-16,-0.459289287733,0.888286749971
    ));
#6815 = ORIENTED_EDGE('',*,*,#6816,.T.);
#6816 = EDGE_CURVE('',#6808,#6817,#6819,.T.);
#6817 = VERTEX_POINT('',#6818);
#6818 = CARTESIAN_POINT('',(56.,-33.12619793841,641.62372119736));
#6819 = CIRCLE('',#6820,0.76);
#6820 = AXIS2_PLACEMENT_3D('',#6821,#6822,#6823);
#6821 = CARTESIAN_POINT('',(56.,-32.56804879619,642.13954048262));
#6822 = DIRECTION('',(-1.,0.,-2.22044604925E-16));
#6823 = DIRECTION('',(1.965369204661E-16,0.465356003056,-0.885123601775)
  );
#6824 = ORIENTED_EDGE('',*,*,#6825,.T.);
#6825 = EDGE_CURVE('',#6817,#6826,#6828,.T.);
#6826 = VERTEX_POINT('',#6827);
#6827 = CARTESIAN_POINT('',(56.,-36.2532885644,644.39301259137));
#6828 = B_SPLINE_CURVE_WITH_KNOTS('',4,(#6829,#6830,#6831,#6832,#6833),
  .UNSPECIFIED.,.F.,.F.,(5,5),(0.,1.),.PIECEWISE_BEZIER_KNOTS.);
#6829 = CARTESIAN_POINT('',(56.,-33.12619793841,641.62372119736));
#6830 = CARTESIAN_POINT('',(56.,-33.66075515072,642.19673415679));
#6831 = CARTESIAN_POINT('',(56.,-34.34804127062,642.86608156811));
#6832 = CARTESIAN_POINT('',(56.,-35.20768828472,643.60792977007));
#6833 = CARTESIAN_POINT('',(56.,-36.2532885644,644.39301259137));
#6834 = ORIENTED_EDGE('',*,*,#6835,.T.);
#6835 = EDGE_CURVE('',#6826,#6836,#6838,.T.);
#6836 = VERTEX_POINT('',#6837);
#6837 = CARTESIAN_POINT('',(56.,-37.63936371714,643.59277014373));
#6838 = CIRCLE('',#6839,73.896969597064);
#6839 = AXIS2_PLACEMENT_3D('',#6840,#6841,#6842);
#6840 = CARTESIAN_POINT('',(56.,-2.993080290672E-04,579.99982284582));
#6841 = DIRECTION('',(1.,0.,2.22044604925E-16));
#6842 = DIRECTION('',(-1.934877770344E-16,-0.490588307667,0.871391480553
    ));
#6843 = ORIENTED_EDGE('',*,*,#6844,.T.);
#6844 = EDGE_CURVE('',#6836,#6845,#6847,.T.);
#6845 = VERTEX_POINT('',#6846);
#6846 = CARTESIAN_POINT('',(56.,-36.80460916879,639.49998996746));
#6847 = B_SPLINE_CURVE_WITH_KNOTS('',4,(#6848,#6849,#6850,#6851,#6852),
  .UNSPECIFIED.,.F.,.F.,(5,5),(0.,1.),.PIECEWISE_BEZIER_KNOTS.);
#6848 = CARTESIAN_POINT('',(56.,-37.63936371714,643.59277014373));
#6849 = CARTESIAN_POINT('',(56.,-37.48223892066,642.29471734813));
#6850 = CARTESIAN_POINT('',(56.,-37.26960303906,641.17931709465));
#6851 = CARTESIAN_POINT('',(56.,-37.03357423685,640.24943614949));
#6852 = CARTESIAN_POINT('',(56.,-36.80460916879,639.49998996746));
#6853 = ORIENTED_EDGE('',*,*,#6854,.T.);
#6854 = EDGE_CURVE('',#6845,#6855,#6857,.T.);
#6855 = VERTEX_POINT('',#6856);
#6856 = CARTESIAN_POINT('',(56.,-37.12466148178,638.63189319029));
#6857 = CIRCLE('',#6858,0.76);
#6858 = AXIS2_PLACEMENT_3D('',#6859,#6860,#6861);
#6859 = CARTESIAN_POINT('',(56.,-37.53039621748,639.27452786431));
#6860 = DIRECTION('',(-1.,0.,-2.22044604925E-16));
#6861 = DIRECTION('',(-6.587189950119E-17,0.954982958797,0.296660662048)
  );
#6862 = ORIENTED_EDGE('',*,*,#6863,.T.);
#6863 = EDGE_CURVE('',#6855,#6864,#6866,.T.);
#6864 = VERTEX_POINT('',#6865);
#6865 = CARTESIAN_POINT('',(56.,-37.44898146391,638.42527857469));
#6866 = CIRCLE('',#6867,69.39696959522);
#6867 = AXIS2_PLACEMENT_3D('',#6868,#6869,#6870);
#6868 = CARTESIAN_POINT('',(56.,-8.31537505519E-10,580.0000000013));
#6869 = DIRECTION('',(1.,0.,2.22044604925E-16));
#6870 = DIRECTION('',(-1.876003467456E-16,-0.534960844796,0.844876851698
    ));
#6871 = ORIENTED_EDGE('',*,*,#6872,.T.);
#6872 = EDGE_CURVE('',#6864,#6873,#6875,.T.);
#6873 = VERTEX_POINT('',#6874);
#6874 = CARTESIAN_POINT('',(56.,-38.37100394601,638.50208594777));
#6875 = CIRCLE('',#6876,0.76);
#6876 = AXIS2_PLACEMENT_3D('',#6877,#6878,#6879);
#6877 = CARTESIAN_POINT('',(56.,-37.85993534272,639.06458828797));
#6878 = DIRECTION('',(-1.,0.,-2.22044604925E-16));
#6879 = DIRECTION('',(1.867832535654E-16,0.540728787906,-0.841196991156)
  );
#6880 = ORIENTED_EDGE('',*,*,#6881,.T.);
#6881 = EDGE_CURVE('',#6873,#6882,#6884,.T.);
#6882 = VERTEX_POINT('',#6883);
#6883 = CARTESIAN_POINT('',(56.,-41.72755469641,640.9882954458));
#6884 = B_SPLINE_CURVE_WITH_KNOTS('',4,(#6885,#6886,#6887,#6888,#6889),
  .UNSPECIFIED.,.F.,.F.,(5,5),(0.,1.),.PIECEWISE_BEZIER_KNOTS.);
#6885 = CARTESIAN_POINT('',(56.,-38.37100394601,638.50208594777));
#6886 = CARTESIAN_POINT('',(56.,-38.95346837682,639.02632868901));
#6887 = CARTESIAN_POINT('',(56.,-39.69647663633,639.63322809909));
#6888 = CARTESIAN_POINT('',(56.,-40.61750876506,640.29733017065));
#6889 = CARTESIAN_POINT('',(56.,-41.72755469641,640.9882954458));
#6890 = ORIENTED_EDGE('',*,*,#6891,.T.);
#6891 = EDGE_CURVE('',#6882,#6892,#6894,.T.);
#6892 = VERTEX_POINT('',#6893);
#6893 = CARTESIAN_POINT('',(56.,-43.03860968982,640.07029375284));
#6894 = CIRCLE('',#6895,73.896969597024);
#6895 = AXIS2_PLACEMENT_3D('',#6896,#6897,#6898);
#6896 = CARTESIAN_POINT('',(56.,-2.827290911505E-04,579.99979743356));
#6897 = DIRECTION('',(1.,0.,2.22044604925E-16));
#6898 = DIRECTION('',(-1.832574058171E-16,-0.564668242756,0.825317984551
    ));
#6899 = ORIENTED_EDGE('',*,*,#6900,.T.);
#6900 = EDGE_CURVE('',#6892,#6901,#6903,.T.);
#6901 = VERTEX_POINT('',#6902);
#6902 = CARTESIAN_POINT('',(56.,-41.85032233838,636.06584149345));
#6903 = B_SPLINE_CURVE_WITH_KNOTS('',4,(#6904,#6905,#6906,#6907,#6908),
  .UNSPECIFIED.,.F.,.F.,(5,5),(0.,1.),.PIECEWISE_BEZIER_KNOTS.);
#6904 = CARTESIAN_POINT('',(56.,-43.03860968982,640.07029375284));
#6905 = CARTESIAN_POINT('',(56.,-42.7689500451,638.79087476835));
#6906 = CARTESIAN_POINT('',(56.,-42.45990976968,637.69825138778));
#6907 = CARTESIAN_POINT('',(56.,-42.14373466387,636.79248018592));
#6908 = CARTESIAN_POINT('',(56.,-41.85032233838,636.06584149345));
#6909 = ORIENTED_EDGE('',*,*,#6910,.T.);
#6910 = EDGE_CURVE('',#6901,#6911,#6913,.T.);
#6911 = VERTEX_POINT('',#6912);
#6912 = CARTESIAN_POINT('',(56.,-42.0934971363,635.17315368954));
#6913 = CIRCLE('',#6914,0.76);
#6914 = AXIS2_PLACEMENT_3D('',#6915,#6916,#6917);
#6915 = CARTESIAN_POINT('',(56.,-42.55369723116,635.77798083236));
#6916 = DIRECTION('',(-1.,0.,-2.22044604925E-16));
#6917 = DIRECTION('',(-8.41025089015E-17,0.925493279977,0.37876402775));
#6918 = ORIENTED_EDGE('',*,*,#6919,.T.);
#6919 = EDGE_CURVE('',#6911,#6920,#6922,.T.);
#6920 = VERTEX_POINT('',#6921);
#6921 = CARTESIAN_POINT('',(56.,-42.3985753327,634.93905895601));
#6922 = CIRCLE('',#6923,69.39696959577);
#6923 = AXIS2_PLACEMENT_3D('',#6924,#6925,#6926);
#6924 = CARTESIAN_POINT('',(56.,-6.075389080706E-10,580.00000000079));
#6925 = DIRECTION('',(1.,0.,2.22044604925E-16));
#6926 = DIRECTION('',(-1.765336611187E-16,-0.606561026813,0.795036930433
    ));
#6927 = ORIENTED_EDGE('',*,*,#6928,.T.);
#6928 = EDGE_CURVE('',#6920,#6929,#6931,.T.);
#6929 = VERTEX_POINT('',#6930);
#6930 = CARTESIAN_POINT('',(56.,-43.32378344454,634.93521449958));
#6931 = CIRCLE('',#6932,0.76);
#6932 = AXIS2_PLACEMENT_3D('',#6933,#6934,#6935);
#6933 = CARTESIAN_POINT('',(56.,-42.86368492084,635.54011891227));
#6934 = DIRECTION('',(-1.,0.,-2.22044604925E-16));
#6935 = DIRECTION('',(1.756080533223E-16,0.611986300178,-0.790868363506)
  );
#6936 = ORIENTED_EDGE('',*,*,#6937,.T.);
#6937 = EDGE_CURVE('',#6929,#6938,#6940,.T.);
#6938 = VERTEX_POINT('',#6939);
#6939 = CARTESIAN_POINT('',(56.,-46.88424894139,637.11942054615));
#6940 = B_SPLINE_CURVE_WITH_KNOTS('',4,(#6941,#6942,#6943,#6944,#6945),
  .UNSPECIFIED.,.F.,.F.,(5,5),(0.,1.),.PIECEWISE_BEZIER_KNOTS.);
#6941 = CARTESIAN_POINT('',(56.,-43.32378344454,634.93521449958));
#6942 = CARTESIAN_POINT('',(56.,-43.94972218784,635.40669721883));
#6943 = CARTESIAN_POINT('',(56.,-44.74279784545,635.94652975671));
#6944 = CARTESIAN_POINT('',(56.,-45.71820547817,636.52783148012));
#6945 = CARTESIAN_POINT('',(56.,-46.88424894139,637.11942054615));
#6946 = ORIENTED_EDGE('',*,*,#6947,.T.);
#6947 = EDGE_CURVE('',#6938,#6948,#6950,.T.);
#6948 = VERTEX_POINT('',#6949);
#6949 = CARTESIAN_POINT('',(56.,-48.11030585534,636.09064615505));
#6950 = CIRCLE('',#6951,73.896969596845);
#6951 = AXIS2_PLACEMENT_3D('',#6952,#6953,#6954);
#6952 = CARTESIAN_POINT('',(56.,-2.63998508597E-04,579.99977356306));
#6953 = DIRECTION('',(1.,0.,2.22044604925E-16));
#6954 = DIRECTION('',(-1.716323350878E-16,-0.634450711561,0.772963320346
    ));
#6955 = ORIENTED_EDGE('',*,*,#6956,.T.);
#6956 = EDGE_CURVE('',#6948,#6957,#6959,.T.);
#6957 = VERTEX_POINT('',#6958);
#6958 = CARTESIAN_POINT('',(56.,-46.57752928506,632.2049981122));
#6959 = B_SPLINE_CURVE_WITH_KNOTS('',4,(#6960,#6961,#6962,#6963,#6964),
  .UNSPECIFIED.,.F.,.F.,(5,5),(0.,1.),.PIECEWISE_BEZIER_KNOTS.);
#6960 = CARTESIAN_POINT('',(56.,-48.11030585534,636.09064615505));
#6961 = CARTESIAN_POINT('',(56.,-47.7301636351,634.83959813269));
#6962 = CARTESIAN_POINT('',(56.,-47.32707094895,633.7780671487));
#6963 = CARTESIAN_POINT('',(56.,-46.93315582302,632.90329915591));
#6964 = CARTESIAN_POINT('',(56.,-46.57752928506,632.2049981122));
#6965 = ORIENTED_EDGE('',*,*,#6966,.T.);
#6966 = EDGE_CURVE('',#6957,#6967,#6969,.T.);
#6967 = VERTEX_POINT('',#6968);
#6968 = CARTESIAN_POINT('',(56.,-46.74197586087,631.29451317476));
#6969 = CIRCLE('',#6970,0.76);
#6970 = AXIS2_PLACEMENT_3D('',#6971,#6972,#6973);
#6971 = CARTESIAN_POINT('',(56.,-47.2531389143,631.85692968662));
#6972 = DIRECTION('',(-1.,0.,-2.22044604925E-16));
#6973 = DIRECTION('',(-1.016930474266E-16,0.888960038468,0.457984770497)
  );
#6974 = ORIENTED_EDGE('',*,*,#6975,.T.);
#6975 = EDGE_CURVE('',#6967,#6976,#6978,.T.);
#6976 = VERTEX_POINT('',#6977);
#6977 = CARTESIAN_POINT('',(56.,-47.02549044225,631.03471992556));
#6978 = CIRCLE('',#6979,69.396969601259);
#6979 = AXIS2_PLACEMENT_3D('',#6980,#6981,#6982);
#6980 = CARTESIAN_POINT('',(56.,3.032511131096E-09,579.99999999669));
#6981 = DIRECTION('',(1.,0.,2.22044604925E-16));
#6982 = DIRECTION('',(-1.641234477369E-16,-0.673544913164,0.73914629807)
  );
#6983 = ORIENTED_EDGE('',*,*,#6984,.T.);
#6984 = EDGE_CURVE('',#6976,#6985,#6987,.T.);
#6985 = VERTEX_POINT('',#6986);
#6986 = CARTESIAN_POINT('',(56.,-47.94684279144,630.95025289827));
#6987 = CIRCLE('',#6988,0.76);
#6988 = AXIS2_PLACEMENT_3D('',#6989,#6990,#6991);
#6989 = CARTESIAN_POINT('',(56.,-47.54121597491,631.59295569561));
#6990 = DIRECTION('',(-1.,0.,-2.22044604925E-16));
#6991 = DIRECTION('',(1.630963697584E-16,0.678586227179,-0.734520750069)
  );
#6992 = ORIENTED_EDGE('',*,*,#6993,.T.);
#6993 = EDGE_CURVE('',#6985,#6994,#6996,.T.);
#6994 = VERTEX_POINT('',#6995);
#6995 = CARTESIAN_POINT('',(56.,-51.68412574244,632.81583236649));
#6996 = B_SPLINE_CURVE_WITH_KNOTS('',4,(#6997,#6998,#6999,#7000,#7001),
  .UNSPECIFIED.,.F.,.F.,(5,5),(0.,1.),.PIECEWISE_BEZIER_KNOTS.);
#6997 = CARTESIAN_POINT('',(56.,-47.94684279144,630.95025289827));
#6998 = CARTESIAN_POINT('',(56.,-48.61149207543,631.36538732734));
#6999 = CARTESIAN_POINT('',(56.,-49.44859934653,631.83404454143));
#7000 = CARTESIAN_POINT('',(56.,-50.47095904218,632.32812185957));
#7001 = CARTESIAN_POINT('',(56.,-51.68412574244,632.81583236649));
#7002 = ORIENTED_EDGE('',*,*,#7003,.T.);
#7003 = EDGE_CURVE('',#6994,#7004,#7006,.T.);
#7004 = VERTEX_POINT('',#7005);
#7005 = CARTESIAN_POINT('',(56.,-52.8158535435,631.68411487156));
#7006 = CIRCLE('',#7007,73.896969596811);
#7007 = AXIS2_PLACEMENT_3D('',#7008,#7009,#7010);
#7008 = CARTESIAN_POINT('',(56.,-2.432586586814E-04,579.99975141576));
#7009 = DIRECTION('',(1.,0.,2.22044604925E-16));
#7010 = DIRECTION('',(-1.58701038654E-16,-0.699404627359,0.714725938545)
  );
#7011 = ORIENTED_EDGE('',*,*,#7012,.T.);
#7012 = EDGE_CURVE('',#7004,#7013,#7015,.T.);
#7013 = VERTEX_POINT('',#7014);
#7014 = CARTESIAN_POINT('',(56.,-50.9502531096,627.94684317307));
#7015 = B_SPLINE_CURVE_WITH_KNOTS('',4,(#7016,#7017,#7018,#7019,#7020),
  .UNSPECIFIED.,.F.,.F.,(5,5),(0.,1.),.PIECEWISE_BEZIER_KNOTS.);
#7016 = CARTESIAN_POINT('',(56.,-52.8158535435,631.68411487156));
#7017 = CARTESIAN_POINT('',(56.,-52.32812185957,630.47095904218));
#7018 = CARTESIAN_POINT('',(56.,-51.83404454143,629.44859934653));
#7019 = CARTESIAN_POINT('',(56.,-51.36538732734,628.61149207543));
#7020 = CARTESIAN_POINT('',(56.,-50.9502531096,627.94684317307));
#7021 = ORIENTED_EDGE('',*,*,#7022,.T.);
#7022 = EDGE_CURVE('',#7013,#7023,#7025,.T.);
#7023 = VERTEX_POINT('',#7024);
#7024 = CARTESIAN_POINT('',(56.,-51.03471992556,627.02549044225));
#7025 = CIRCLE('',#7026,0.76);
#7026 = AXIS2_PLACEMENT_3D('',#7027,#7028,#7029);
#7027 = CARTESIAN_POINT('',(56.,-51.59295567807,627.5412159939));
#7028 = DIRECTION('',(-1.,0.,-2.22044604925E-16));
#7029 = DIRECTION('',(-1.185096404568E-16,0.845661274298,0.533719972601)
  );
#7030 = ORIENTED_EDGE('',*,*,#7031,.T.);
#7031 = EDGE_CURVE('',#7023,#7032,#7034,.T.);
#7032 = VERTEX_POINT('',#7033);
#7033 = CARTESIAN_POINT('',(56.,-51.29451317476,626.74197586087));
#7034 = CIRCLE('',#7035,69.396969598538);
#7035 = AXIS2_PLACEMENT_3D('',#7036,#7037,#7038);
#7036 = CARTESIAN_POINT('',(56.,1.303639862726E-09,579.9999999988));
#7037 = DIRECTION('',(1.,0.,2.22044604925E-16));
#7038 = DIRECTION('',(-1.504641558173E-16,-0.735402716028,0.677630316071
    ));
#7039 = ORIENTED_EDGE('',*,*,#7040,.T.);
#7040 = EDGE_CURVE('',#7032,#7041,#7043,.T.);
#7041 = VERTEX_POINT('',#7042);
#7042 = CARTESIAN_POINT('',(56.,-52.2049977136,626.5775291078));
#7043 = CIRCLE('',#7044,0.76);
#7044 = AXIS2_PLACEMENT_3D('',#7045,#7046,#7047);
#7045 = CARTESIAN_POINT('',(56.,-51.85692966923,627.25313893343));
#7046 = DIRECTION('',(-1.,0.,-2.22044604925E-16));
#7047 = DIRECTION('',(1.493434243403E-16,0.74002170325,-0.672582990209)
  );
#7048 = ORIENTED_EDGE('',*,*,#7049,.T.);
#7049 = EDGE_CURVE('',#7041,#7050,#7052,.T.);
#7050 = VERTEX_POINT('',#7051);
#7051 = CARTESIAN_POINT('',(56.,-56.09065513886,628.11028381146));
#7052 = B_SPLINE_CURVE_WITH_KNOTS('',4,(#7053,#7054,#7055,#7056,#7057),
  .UNSPECIFIED.,.F.,.F.,(5,5),(0.,1.),.PIECEWISE_BEZIER_KNOTS.);
#7053 = CARTESIAN_POINT('',(56.,-52.2049977136,626.5775291078));
#7054 = CARTESIAN_POINT('',(56.,-52.90329915591,626.93315582302));
#7055 = CARTESIAN_POINT('',(56.,-53.7780671487,627.32707094895));
#7056 = CARTESIAN_POINT('',(56.,-54.83959813269,627.7301636351));
#7057 = CARTESIAN_POINT('',(56.,-56.09065513886,628.11028381146));
#7058 = ORIENTED_EDGE('',*,*,#7059,.T.);
#7059 = EDGE_CURVE('',#7050,#7060,#7062,.T.);
#7060 = VERTEX_POINT('',#7061);
#7061 = CARTESIAN_POINT('',(56.,-57.11944069511,626.88423626618));
#7062 = CIRCLE('',#7063,73.896969596618);
#7063 = AXIS2_PLACEMENT_3D('',#7064,#7065,#7066);
#7064 = CARTESIAN_POINT('',(56.,-2.206675906216E-04,579.99973116043));
#7065 = DIRECTION('',(1.,0.,2.22044604925E-16));
#7066 = DIRECTION('',(-1.445619314897E-16,-0.75903565163,0.651049060789)
  );
#7067 = ORIENTED_EDGE('',*,*,#7068,.T.);
#7068 = EDGE_CURVE('',#7060,#7069,#7071,.T.);
#7069 = VERTEX_POINT('',#7070);
#7070 = CARTESIAN_POINT('',(56.,-54.93521474337,623.3237838063));
#7071 = B_SPLINE_CURVE_WITH_KNOTS('',4,(#7072,#7073,#7074,#7075,#7076),
  .UNSPECIFIED.,.F.,.F.,(5,5),(0.,1.),.PIECEWISE_BEZIER_KNOTS.);
#7072 = CARTESIAN_POINT('',(56.,-57.11944069511,626.88423626618));
#7073 = CARTESIAN_POINT('',(56.,-56.52783148012,625.71820547817));
#7074 = CARTESIAN_POINT('',(56.,-55.94652975671,624.74279784545));
#7075 = CARTESIAN_POINT('',(56.,-55.40669721883,623.94972218784));
#7076 = CARTESIAN_POINT('',(56.,-54.93521474337,623.3237838063));
#7077 = ORIENTED_EDGE('',*,*,#7078,.T.);
#7078 = EDGE_CURVE('',#7069,#7079,#7081,.T.);
#7079 = VERTEX_POINT('',#7080);
#7080 = CARTESIAN_POINT('',(56.,-54.93905895601,622.3985753327));
#7081 = CIRCLE('',#7082,0.76);
#7082 = AXIS2_PLACEMENT_3D('',#7083,#7084,#7085);
#7083 = CARTESIAN_POINT('',(56.,-55.54011889645,622.86368494128));
#7084 = DIRECTION('',(-1.,0.,-2.22044604925E-16));
#7085 = DIRECTION('',(-1.344243035651E-16,0.795926517206,0.605393243445)
  );
#7086 = ORIENTED_EDGE('',*,*,#7087,.T.);
#7087 = EDGE_CURVE('',#7079,#7088,#7090,.T.);
#7088 = VERTEX_POINT('',#7089);
#7089 = CARTESIAN_POINT('',(56.,-55.17315368954,622.0934971363));
#7090 = CIRCLE('',#7091,69.396969595653);
#7091 = AXIS2_PLACEMENT_3D('',#7092,#7093,#7094);
#7092 = CARTESIAN_POINT('',(56.,-8.842953036492E-10,580.00000000068));
#7093 = DIRECTION('',(1.,0.,2.22044604925E-16));
#7094 = DIRECTION('',(-1.356597408192E-16,-0.791663660175,0.610957158202
    ));
#7095 = ORIENTED_EDGE('',*,*,#7096,.T.);
#7096 = EDGE_CURVE('',#7088,#7097,#7099,.T.);
#7097 = VERTEX_POINT('',#7098);
#7098 = CARTESIAN_POINT('',(56.,-56.06584108092,621.85032219653));
#7099 = CIRCLE('',#7100,0.76);
#7100 = AXIS2_PLACEMENT_3D('',#7101,#7102,#7103);
#7101 = CARTESIAN_POINT('',(56.,-55.77798081671,622.55369725174));
#7102 = DIRECTION('',(-1.,0.,-2.22044604925E-16));
#7103 = DIRECTION('',(1.34453885287E-16,0.795825167322,-0.605526467677)
  );
#7104 = ORIENTED_EDGE('',*,*,#7105,.T.);
#7105 = EDGE_CURVE('',#7097,#7106,#7108,.T.);
#7106 = VERTEX_POINT('',#7107);
#7107 = CARTESIAN_POINT('',(56.,-60.07030078122,623.03858694683));
#7108 = B_SPLINE_CURVE_WITH_KNOTS('',4,(#7109,#7110,#7111,#7112,#7113),
  .UNSPECIFIED.,.F.,.F.,(5,5),(0.,1.),.PIECEWISE_BEZIER_KNOTS.);
#7109 = CARTESIAN_POINT('',(56.,-56.06584108092,621.85032219653));
#7110 = CARTESIAN_POINT('',(56.,-56.79248018592,622.14373466387));
#7111 = CARTESIAN_POINT('',(56.,-57.69825138778,622.45990976968));
#7112 = CARTESIAN_POINT('',(56.,-58.79087476835,622.7689500451));
#7113 = CARTESIAN_POINT('',(56.,-60.07030078122,623.03858694683));
#7114 = ORIENTED_EDGE('',*,*,#7115,.T.);
#7115 = EDGE_CURVE('',#7106,#7116,#7118,.T.);
#7116 = VERTEX_POINT('',#7117);
#7117 = CARTESIAN_POINT('',(56.,-60.98831441337,621.72754031333));
#7118 = CIRCLE('',#7119,73.896969596836);
#7119 = AXIS2_PLACEMENT_3D('',#7120,#7121,#7122);
#7120 = CARTESIAN_POINT('',(56.,-1.963967931751E-04,579.99971295088));
#7121 = DIRECTION('',(1.,0.,2.22044604925E-16));
#7122 = DIRECTION('',(-1.293226207379E-16,-0.812889956275,0.582417306566
    ));
#7123 = ORIENTED_EDGE('',*,*,#7124,.T.);
#7124 = EDGE_CURVE('',#7116,#7125,#7127,.T.);
#7125 = VERTEX_POINT('',#7126);
#7126 = CARTESIAN_POINT('',(56.,-58.50208622216,618.37100428515));
#7127 = B_SPLINE_CURVE_WITH_KNOTS('',4,(#7128,#7129,#7130,#7131,#7132),
  .UNSPECIFIED.,.F.,.F.,(5,5),(0.,1.),.PIECEWISE_BEZIER_KNOTS.);
#7128 = CARTESIAN_POINT('',(56.,-60.98831441337,621.72754031333));
#7129 = CARTESIAN_POINT('',(56.,-60.29733017065,620.61750876506));
#7130 = CARTESIAN_POINT('',(56.,-59.63322809909,619.69647663633));
#7131 = CARTESIAN_POINT('',(56.,-59.02632868901,618.95346837682));
#7132 = CARTESIAN_POINT('',(56.,-58.50208622216,618.37100428515));
#7133 = ORIENTED_EDGE('',*,*,#7134,.T.);
#7134 = EDGE_CURVE('',#7125,#7135,#7137,.T.);
#7135 = VERTEX_POINT('',#7136);
#7136 = CARTESIAN_POINT('',(56.,-58.42527857469,617.44898146391));
#7137 = CIRCLE('',#7138,0.76);
#7138 = AXIS2_PLACEMENT_3D('',#7139,#7140,#7141);
#7139 = CARTESIAN_POINT('',(56.,-59.06458827399,617.85993536447));
#7140 = DIRECTION('',(-1.,0.,-2.22044604925E-16));
#7141 = DIRECTION('',(-1.493159165556E-16,0.740134278724,0.67245910616)
  );
#7142 = ORIENTED_EDGE('',*,*,#7143,.T.);
#7143 = EDGE_CURVE('',#7135,#7144,#7146,.T.);
#7144 = VERTEX_POINT('',#7145);
#7145 = CARTESIAN_POINT('',(56.,-58.63189319029,617.12466148178));
#7146 = CIRCLE('',#7147,69.396969594388);
#7147 = AXIS2_PLACEMENT_3D('',#7148,#7149,#7150);
#7148 = CARTESIAN_POINT('',(56.,-2.008448518609E-09,580.00000000128));
#7149 = DIRECTION('',(1.,0.,2.22044604925E-16));
#7150 = DIRECTION('',(-1.198228732799E-16,-0.841899565848,0.539634247454
    ));
#7151 = ORIENTED_EDGE('',*,*,#7152,.T.);
#7152 = EDGE_CURVE('',#7144,#7153,#7155,.T.);
#7153 = VERTEX_POINT('',#7154);
#7154 = CARTESIAN_POINT('',(56.,-59.49998954414,616.80460906344));
#7155 = CIRCLE('',#7156,0.76);
#7156 = AXIS2_PLACEMENT_3D('',#7157,#7158,#7159);
#7157 = CARTESIAN_POINT('',(56.,-59.2745278505,617.53039623934));
#7158 = DIRECTION('',(-1.,0.,-2.22044604925E-16));
#7159 = DIRECTION('',(1.185410709812E-16,0.845571921338,-0.533861523099)
  );
#7160 = ORIENTED_EDGE('',*,*,#7161,.T.);
#7161 = EDGE_CURVE('',#7153,#7162,#7164,.T.);
#7162 = VERTEX_POINT('',#7163);
#7163 = CARTESIAN_POINT('',(56.,-63.59277516319,617.63934044813));
#7164 = B_SPLINE_CURVE_WITH_KNOTS('',4,(#7165,#7166,#7167,#7168,#7169),
  .UNSPECIFIED.,.F.,.F.,(5,5),(0.,1.),.PIECEWISE_BEZIER_KNOTS.);
#7165 = CARTESIAN_POINT('',(56.,-59.49998954414,616.80460906344));
#7166 = CARTESIAN_POINT('',(56.,-60.24943614949,617.03357423685));
#7167 = CARTESIAN_POINT('',(56.,-61.17931709465,617.26960303906));
#7168 = CARTESIAN_POINT('',(56.,-62.29471734813,617.48223892066));
#7169 = CARTESIAN_POINT('',(56.,-63.59277516319,617.63934044813));
#7170 = ORIENTED_EDGE('',*,*,#7171,.T.);
#7171 = EDGE_CURVE('',#7162,#7172,#7174,.T.);
#7172 = VERTEX_POINT('',#7173);
#7173 = CARTESIAN_POINT('',(56.,-64.3930302332,616.25327258293));
#7174 = CIRCLE('',#7175,73.89696959701);
#7175 = AXIS2_PLACEMENT_3D('',#7176,#7177,#7178);
#7176 = CARTESIAN_POINT('',(56.,-1.706313137788E-04,579.99969692599));
#7177 = DIRECTION('',(1.,0.,2.22044604925E-16));
#7178 = DIRECTION('',(-1.130990867551E-16,-0.860557677516,0.509353004966
    ));
#7179 = ORIENTED_EDGE('',*,*,#7180,.T.);
#7180 = EDGE_CURVE('',#7172,#7181,#7183,.T.);
#7181 = VERTEX_POINT('',#7182);
#7182 = CARTESIAN_POINT('',(56.,-61.62372150026,613.12619825234));
#7183 = B_SPLINE_CURVE_WITH_KNOTS('',4,(#7184,#7185,#7186,#7187,#7188),
  .UNSPECIFIED.,.F.,.F.,(5,5),(0.,1.),.PIECEWISE_BEZIER_KNOTS.);
#7184 = CARTESIAN_POINT('',(56.,-64.3930302332,616.25327258293));
#7185 = CARTESIAN_POINT('',(56.,-63.60792977007,615.20768828472));
#7186 = CARTESIAN_POINT('',(56.,-62.86608156811,614.34804127062));
#7187 = CARTESIAN_POINT('',(56.,-62.19673415679,613.66075515072));
#7188 = CARTESIAN_POINT('',(56.,-61.62372150026,613.12619825234));
#7189 = ORIENTED_EDGE('',*,*,#7190,.T.);
#7190 = EDGE_CURVE('',#7181,#7191,#7193,.T.);
#7191 = VERTEX_POINT('',#7192);
#7192 = CARTESIAN_POINT('',(56.,-61.46684654527,612.21437823387));
#7193 = CIRCLE('',#7194,0.76);
#7194 = AXIS2_PLACEMENT_3D('',#7195,#7196,#7197);
#7195 = CARTESIAN_POINT('',(56.,-62.13954047059,612.56804881908));
#7196 = DIRECTION('',(-1.,0.,-2.22044604925E-16));
#7197 = DIRECTION('',(-1.630711452617E-16,0.678709171476,0.734407149036)
  );
#7198 = ORIENTED_EDGE('',*,*,#7199,.T.);
#7199 = EDGE_CURVE('',#7191,#7200,#7202,.T.);
#7200 = VERTEX_POINT('',#7201);
#7201 = CARTESIAN_POINT('',(56.,-61.64440858095,611.8732847369));
#7202 = CIRCLE('',#7203,69.396969596054);
#7203 = AXIS2_PLACEMENT_3D('',#7204,#7205,#7206);
#7204 = CARTESIAN_POINT('',(56.,-6.344720304696E-10,580.00000000033));
#7205 = DIRECTION('',(1.,0.,2.22044604925E-16));
#7206 = DIRECTION('',(-1.030740813239E-16,-0.885728107472,0.464204394242
    ));
#7207 = ORIENTED_EDGE('',*,*,#7208,.T.);
#7208 = EDGE_CURVE('',#7200,#7209,#7211,.T.);
#7209 = VERTEX_POINT('',#7210);
#7210 = CARTESIAN_POINT('',(56.,-62.48130715984,611.47879063214));
#7211 = CIRCLE('',#7212,0.76);
#7212 = AXIS2_PLACEMENT_3D('',#7213,#7214,#7215);
#7213 = CARTESIAN_POINT('',(56.,-62.31995993642,612.22146625008));
#7214 = DIRECTION('',(-1.,0.,-2.22044604925E-16));
#7215 = DIRECTION('',(1.017260875481E-16,0.888883362462,-0.458133569976)
  );
#7216 = ORIENTED_EDGE('',*,*,#7217,.T.);
#7217 = EDGE_CURVE('',#7209,#7218,#7220,.T.);
#7218 = VERTEX_POINT('',#7219);
#7219 = CARTESIAN_POINT('',(56.,-66.63127012779,611.95363584136));
#7220 = B_SPLINE_CURVE_WITH_KNOTS('',4,(#7221,#7222,#7223,#7224,#7225),
  .UNSPECIFIED.,.F.,.F.,(5,5),(0.,1.),.PIECEWISE_BEZIER_KNOTS.);
#7221 = CARTESIAN_POINT('',(56.,-62.48130715984,611.47879063214));
#7222 = CARTESIAN_POINT('',(56.,-63.24785752435,611.6415659484));
#7223 = CARTESIAN_POINT('',(56.,-64.19477125734,611.79565212532));
#7224 = CARTESIAN_POINT('',(56.,-65.3244595143,611.91026532563));
#7225 = CARTESIAN_POINT('',(56.,-66.63127012779,611.95363584136));
#7226 = ORIENTED_EDGE('',*,*,#7227,.T.);
#7227 = EDGE_CURVE('',#7218,#7228,#7230,.T.);
#7228 = VERTEX_POINT('',#7229);
#7229 = CARTESIAN_POINT('',(56.,-67.30767621137,610.50309555784));
#7230 = CIRCLE('',#7231,73.896969597021);
#7231 = AXIS2_PLACEMENT_3D('',#7232,#7233,#7234);
#7232 = CARTESIAN_POINT('',(56.,-1.435673610004E-04,579.99968320777));
#7233 = DIRECTION('',(1.,0.,2.22044604925E-16));
#7234 = DIRECTION('',(-9.601480043107E-17,-0.901676035212,0.432412219443
    ));
#7235 = ORIENTED_EDGE('',*,*,#7236,.T.);
#7236 = EDGE_CURVE('',#7228,#7237,#7239,.T.);
#7237 = VERTEX_POINT('',#7238);
#7238 = CARTESIAN_POINT('',(56.,-64.27636304833,607.62928184869));
#7239 = B_SPLINE_CURVE_WITH_KNOTS('',4,(#7240,#7241,#7242,#7243,#7244),
  .UNSPECIFIED.,.F.,.F.,(5,5),(0.,1.),.PIECEWISE_BEZIER_KNOTS.);
#7240 = CARTESIAN_POINT('',(56.,-67.30767621137,610.50309555784));
#7241 = CARTESIAN_POINT('',(56.,-66.43443461642,609.52991603755));
#7242 = CARTESIAN_POINT('',(56.,-65.62048619683,608.73819657092));
#7243 = CARTESIAN_POINT('',(56.,-64.89378492223,608.111863253));
#7244 = CARTESIAN_POINT('',(56.,-64.27636304833,607.62928184869));
#7245 = ORIENTED_EDGE('',*,*,#7246,.T.);
#7246 = EDGE_CURVE('',#7237,#7247,#7249,.T.);
#7247 = VERTEX_POINT('',#7248);
#7248 = CARTESIAN_POINT('',(56.,-64.04061469894,606.73460413389));
#7249 = CIRCLE('',#7250,0.76);
#7250 = AXIS2_PLACEMENT_3D('',#7251,#7252,#7253);
#7251 = CARTESIAN_POINT('',(56.,-64.74157324332,607.02829975704));
#7252 = DIRECTION('',(-1.,0.,-2.22044604925E-16));
#7253 = DIRECTION('',(-1.755853040873E-16,0.612118677617,0.79076591006)
  );
#7254 = ORIENTED_EDGE('',*,*,#7255,.T.);
#7255 = EDGE_CURVE('',#7247,#7256,#7258,.T.);
#7256 = VERTEX_POINT('',#7257);
#7257 = CARTESIAN_POINT('',(56.,-64.18777280039,606.37933304956));
#7258 = CIRCLE('',#7259,69.396969593965);
#7259 = AXIS2_PLACEMENT_3D('',#7260,#7261,#7262);
#7260 = CARTESIAN_POINT('',(56.,-2.590553549453E-09,580.00000000107));
#7261 = DIRECTION('',(1.,0.,2.22044604925E-16));
#7262 = DIRECTION('',(-8.554083337114E-17,-0.922815723382,0.385241665295
    ));
#7263 = ORIENTED_EDGE('',*,*,#7264,.T.);
#7264 = EDGE_CURVE('',#7256,#7265,#7267,.T.);
#7265 = VERTEX_POINT('',#7266);
#7266 = CARTESIAN_POINT('',(56.,-64.98710430082,605.91339959671));
#7267 = CIRCLE('',#7268,0.76);
#7268 = AXIS2_PLACEMENT_3D('',#7269,#7270,#7271);
#7269 = CARTESIAN_POINT('',(56.,-64.89109949739,606.66731144681));
#7270 = DIRECTION('',(-1.,0.,-2.22044604925E-16));
#7271 = DIRECTION('',(8.413690716493E-17,0.925429864475,-0.378918943756)
  );
#7272 = ORIENTED_EDGE('',*,*,#7273,.T.);
#7273 = EDGE_CURVE('',#7265,#7274,#7276,.T.);
#7274 = VERTEX_POINT('',#7275);
#7275 = CARTESIAN_POINT('',(56.,-69.16266089367,606.02474477171));
#7276 = B_SPLINE_CURVE_WITH_KNOTS('',4,(#7277,#7278,#7279,#7280,#7281),
  .UNSPECIFIED.,.F.,.F.,(5,5),(0.,1.),.PIECEWISE_BEZIER_KNOTS.);
#7277 = CARTESIAN_POINT('',(56.,-64.98710430082,605.91339959671));
#7278 = CARTESIAN_POINT('',(56.,-65.76492451335,606.00874623738));
#7279 = CARTESIAN_POINT('',(56.,-66.72166444891,606.07971710016));
#7280 = CARTESIAN_POINT('',(56.,-67.85704309959,606.09543534354));
#7281 = CARTESIAN_POINT('',(56.,-69.16266089367,606.02474477171));
#7282 = ORIENTED_EDGE('',*,*,#7283,.T.);
#7283 = EDGE_CURVE('',#7274,#7284,#7286,.T.);
#7284 = VERTEX_POINT('',#7285);
#7285 = CARTESIAN_POINT('',(56.,-69.71007013209,604.52077155728));
#7286 = CIRCLE('',#7287,73.896969596814);
#7287 = AXIS2_PLACEMENT_3D('',#7288,#7289,#7290);
#7288 = CARTESIAN_POINT('',(56.,-1.154109761998E-04,579.99967190061));
#7289 = DIRECTION('',(1.,0.,2.22044604925E-16));
#7290 = DIRECTION('',(-7.819978350043E-17,-0.935932093834,0.352180515833
    ));
#7291 = ORIENTED_EDGE('',*,*,#7292,.T.);
#7292 = EDGE_CURVE('',#7284,#7293,#7295,.T.);
#7293 = VERTEX_POINT('',#7294);
#7294 = CARTESIAN_POINT('',(56.,-66.43982266248,601.92208992715));
#7295 = B_SPLINE_CURVE_WITH_KNOTS('',4,(#7296,#7297,#7298,#7299,#7300),
  .UNSPECIFIED.,.F.,.F.,(5,5),(0.,1.),.PIECEWISE_BEZIER_KNOTS.);
#7296 = CARTESIAN_POINT('',(56.,-69.71007013209,604.52077155728));
#7297 = CARTESIAN_POINT('',(56.,-68.75533330113,603.62740329869));
#7298 = CARTESIAN_POINT('',(56.,-67.87547930285,602.90963684272));
#7299 = CARTESIAN_POINT('',(56.,-67.09695480047,602.34902310151));
#7300 = CARTESIAN_POINT('',(56.,-66.43982266248,601.92208992715));
#7301 = ORIENTED_EDGE('',*,*,#7302,.T.);
#7302 = EDGE_CURVE('',#7293,#7303,#7305,.T.);
#7303 = VERTEX_POINT('',#7304);
#7304 = CARTESIAN_POINT('',(56.,-66.12699510598,601.05136355366));
#7305 = CIRCLE('',#7306,0.76);
#7306 = AXIS2_PLACEMENT_3D('',#7307,#7308,#7309);
#7307 = CARTESIAN_POINT('',(56.,-66.85088355165,601.28284901373));
#7308 = DIRECTION('',(-1.,0.,-2.22044604925E-16));
#7309 = DIRECTION('',(-1.867631527276E-16,0.540869591014,0.84110646503)
  );
#7310 = ORIENTED_EDGE('',*,*,#7311,.T.);
#7311 = EDGE_CURVE('',#7303,#7312,#7314,.T.);
#7312 = VERTEX_POINT('',#7313);
#7313 = CARTESIAN_POINT('',(56.,-66.24262931119,600.68461870943));
#7314 = CIRCLE('',#7315,69.396969595091);
#7315 = AXIS2_PLACEMENT_3D('',#7316,#7317,#7318);
#7316 = CARTESIAN_POINT('',(56.,-1.601620169822E-09,580.0000000005));
#7317 = DIRECTION('',(1.,0.,2.22044604925E-16));
#7318 = DIRECTION('',(-6.73565680255E-17,-0.952880154425,0.303347014661)
  );
#7319 = ORIENTED_EDGE('',*,*,#7320,.T.);
#7320 = EDGE_CURVE('',#7312,#7321,#7323,.T.);
#7321 = VERTEX_POINT('',#7322);
#7322 = CARTESIAN_POINT('',(56.,-66.99831033778,600.15079194342));
#7323 = CIRCLE('',#7324,0.76);
#7324 = AXIS2_PLACEMENT_3D('',#7325,#7326,#7327);
#7325 = CARTESIAN_POINT('',(56.,-66.96837860888,600.91020230127));
#7326 = DIRECTION('',(-1.,0.,-2.22044604925E-16));
#7327 = DIRECTION('',(6.590739411497E-17,0.95493328643,-0.296820515577)
  );
#7328 = ORIENTED_EDGE('',*,*,#7329,.T.);
#7329 = EDGE_CURVE('',#7321,#7330,#7332,.T.);
#7330 = VERTEX_POINT('',#7331);
#7331 = CARTESIAN_POINT('',(56.,-71.16768204859,599.89778968018));
#7332 = B_SPLINE_CURVE_WITH_KNOTS('',4,(#7333,#7334,#7335,#7336,#7337),
  .UNSPECIFIED.,.F.,.F.,(5,5),(0.,1.),.PIECEWISE_BEZIER_KNOTS.);
#7333 = CARTESIAN_POINT('',(56.,-66.99831033778,600.15079194342));
#7334 = CARTESIAN_POINT('',(56.,-67.78148071686,600.17798426299));
#7335 = CARTESIAN_POINT('',(56.,-68.74076548637,600.16529968051));
#7336 = CARTESIAN_POINT('',(56.,-69.87319361368,600.08200334162));
#7337 = CARTESIAN_POINT('',(56.,-71.16768204859,599.89778968018));
#7338 = ORIENTED_EDGE('',*,*,#7339,.T.);
#7339 = EDGE_CURVE('',#7330,#7340,#7342,.T.);
#7340 = VERTEX_POINT('',#7341);
#7341 = CARTESIAN_POINT('',(56.,-71.58192832701,598.35182967913));
#7342 = CIRCLE('',#7343,73.89696959669);
#7343 = AXIS2_PLACEMENT_3D('',#7344,#7345,#7346);
#7344 = CARTESIAN_POINT('',(56.,-8.637617688834E-05,579.99966309043));
#7345 = DIRECTION('',(1.,0.,2.22044604925E-16));
#7346 = DIRECTION('',(-5.978961899902E-17,-0.96306514409,0.269268505845)
  );
#7347 = ORIENTED_EDGE('',*,*,#7348,.T.);
#7348 = EDGE_CURVE('',#7340,#7349,#7351,.T.);
#7349 = VERTEX_POINT('',#7350);
#7350 = CARTESIAN_POINT('',(56.,-68.0976351087,596.04805766435));
#7351 = B_SPLINE_CURVE_WITH_KNOTS('',4,(#7352,#7353,#7354,#7355,#7356),
  .UNSPECIFIED.,.F.,.F.,(5,5),(0.,1.),.PIECEWISE_BEZIER_KNOTS.);
#7352 = CARTESIAN_POINT('',(56.,-71.58192832701,598.35182967913));
#7353 = CARTESIAN_POINT('',(56.,-70.55296238381,597.54507175411));
#7354 = CARTESIAN_POINT('',(56.,-69.61389902704,596.90672094493));
#7355 = CARTESIAN_POINT('',(56.,-68.78947633842,596.41609338951));
#7356 = CARTESIAN_POINT('',(56.,-68.0976351087,596.04805766435));
#7357 = ORIENTED_EDGE('',*,*,#7358,.T.);
#7358 = EDGE_CURVE('',#7349,#7359,#7361,.T.);
#7359 = VERTEX_POINT('',#7360);
#7360 = CARTESIAN_POINT('',(56.,-67.71010915168,595.20790938563));
#7361 = CIRCLE('',#7362,0.76);
#7362 = AXIS2_PLACEMENT_3D('',#7363,#7364,#7365);
#7363 = CARTESIAN_POINT('',(56.,-68.45141827048,595.37542293848));
#7364 = DIRECTION('',(-1.,0.,-2.22044604925E-16));
#7365 = DIRECTION('',(-1.965196210049E-16,0.465504160238,0.885045691928)
  );
#7366 = ORIENTED_EDGE('',*,*,#7367,.T.);
#7367 = EDGE_CURVE('',#7359,#7368,#7370,.T.);
#7368 = VERTEX_POINT('',#7369);
#7369 = CARTESIAN_POINT('',(56.,-67.79333941454,594.83248193121));
#7370 = CIRCLE('',#7371,69.396969596066);
#7371 = AXIS2_PLACEMENT_3D('',#7372,#7373,#7374);
#7372 = CARTESIAN_POINT('',(56.,-6.865263912914E-10,580.00000000015));
#7373 = DIRECTION('',(1.,0.,2.22044604925E-16));
#7374 = DIRECTION('',(-4.865967852616E-17,-0.975692592128,0.219143710078
    ));
#7375 = ORIENTED_EDGE('',*,*,#7376,.T.);
#7376 = EDGE_CURVE('',#7368,#7377,#7379,.T.);
#7377 = VERTEX_POINT('',#7378);
#7378 = CARTESIAN_POINT('',(56.,-68.49961877839,594.23482459606));
#7379 = CIRCLE('',#7380,0.76);
#7380 = AXIS2_PLACEMENT_3D('',#7381,#7382,#7383);
#7381 = CARTESIAN_POINT('',(56.,-68.53598792254,594.99395389029));
#7382 = DIRECTION('',(-1.,0.,-2.22044604925E-16));
#7383 = DIRECTION('',(4.717628599981E-17,0.977169089471,-0.212463104049)
  );
#7384 = ORIENTED_EDGE('',*,*,#7385,.T.);
#7385 = EDGE_CURVE('',#7377,#7386,#7388,.T.);
#7386 = VERTEX_POINT('',#7387);
#7387 = CARTESIAN_POINT('',(56.,-72.6310741709,593.61940039456));
#7388 = B_SPLINE_CURVE_WITH_KNOTS('',4,(#7389,#7390,#7391,#7392,#7393),
  .UNSPECIFIED.,.F.,.F.,(5,5),(0.,1.),.PIECEWISE_BEZIER_KNOTS.);
#7389 = CARTESIAN_POINT('',(56.,-68.49961877839,594.23482459606));
#7390 = CARTESIAN_POINT('',(56.,-69.28217892454,594.19365564455));
#7391 = CARTESIAN_POINT('',(56.,-70.23670779167,594.09741215415));
#7392 = CARTESIAN_POINT('',(56.,-71.35756693379,593.91573516843));
#7393 = CARTESIAN_POINT('',(56.,-72.6310741709,593.61940039456));
#7394 = ORIENTED_EDGE('',*,*,#7395,.T.);
#7395 = EDGE_CURVE('',#7386,#7396,#7398,.T.);
#7396 = VERTEX_POINT('',#7397);
#7397 = CARTESIAN_POINT('',(56.,-72.90900482502,592.04321929598));
#7398 = CIRCLE('',#7399,73.896969597359);
#7399 = AXIS2_PLACEMENT_3D('',#7400,#7401,#7402);
#7400 = CARTESIAN_POINT('',(56.,-5.668322776842E-05,579.99965684418));
#7401 = DIRECTION('',(1.,0.,2.22044604925E-16));
#7402 = DIRECTION('',(-4.092441939505E-17,-0.982868687084,0.184307199938
    ));
#7403 = ORIENTED_EDGE('',*,*,#7404,.T.);
#7404 = EDGE_CURVE('',#7396,#7405,#7407,.T.);
#7405 = VERTEX_POINT('',#7406);
#7406 = CARTESIAN_POINT('',(56.,-69.23718343327,590.05188999263));
#7407 = B_SPLINE_CURVE_WITH_KNOTS('',4,(#7408,#7409,#7410,#7411,#7412),
  .UNSPECIFIED.,.F.,.F.,(5,5),(0.,1.),.PIECEWISE_BEZIER_KNOTS.);
#7408 = CARTESIAN_POINT('',(56.,-72.90900482502,592.04321929598));
#7409 = CARTESIAN_POINT('',(56.,-71.81364082171,591.32921161947));
#7410 = CARTESIAN_POINT('',(56.,-70.82251494562,590.7751346922));
#7411 = CARTESIAN_POINT('',(56.,-69.95846842522,590.35822729451));
#7412 = CARTESIAN_POINT('',(56.,-69.23718343327,590.05188999263));
#7413 = ORIENTED_EDGE('',*,*,#7414,.T.);
#7414 = EDGE_CURVE('',#7405,#7415,#7417,.T.);
#7415 = VERTEX_POINT('',#7416);
#7416 = CARTESIAN_POINT('',(56.,-68.77790838226,589.24871384438));
#7417 = CIRCLE('',#7418,0.76);
#7418 = AXIS2_PLACEMENT_3D('',#7419,#7420,#7421);
#7419 = CARTESIAN_POINT('',(56.,-69.53099636418,589.35098061074));
#7420 = DIRECTION('',(-1.,0.,-2.22044604925E-16));
#7421 = DIRECTION('',(-2.047804563045E-16,0.386595961723,0.922249186706)
  );
#7422 = ORIENTED_EDGE('',*,*,#7423,.T.);
#7423 = EDGE_CURVE('',#7415,#7424,#7426,.T.);
#7424 = VERTEX_POINT('',#7425);
#7425 = CARTESIAN_POINT('',(56.,-68.8281012702,588.86746100939));
#7426 = CIRCLE('',#7427,69.396969596643);
#7427 = AXIS2_PLACEMENT_3D('',#7428,#7429,#7430);
#7428 = CARTESIAN_POINT('',(56.,-1.260076487597E-10,580.00000000001));
#7429 = DIRECTION('',(1.,0.,2.22044604925E-16));
#7430 = DIRECTION('',(-2.959245949173E-17,-0.991079420065,0.13327258954)
  );
#7431 = ORIENTED_EDGE('',*,*,#7432,.T.);
#7432 = EDGE_CURVE('',#7424,#7433,#7435,.T.);
#7433 = VERTEX_POINT('',#7434);
#7434 = CARTESIAN_POINT('',(56.,-69.47960375889,588.2105216383));
#7435 = CIRCLE('',#7436,0.76);
#7436 = AXIS2_PLACEMENT_3D('',#7437,#7438,#7439);
#7437 = CARTESIAN_POINT('',(56.,-69.58199698494,588.9635924366));
#7438 = DIRECTION('',(-1.,0.,-2.22044604925E-16));
#7439 = DIRECTION('',(2.808613786238E-17,0.99196804571,-0.126488720011)
  );
#7440 = ORIENTED_EDGE('',*,*,#7441,.T.);
#7441 = EDGE_CURVE('',#7433,#7442,#7444,.T.);
#7442 = VERTEX_POINT('',#7443);
#7443 = CARTESIAN_POINT('',(56.,-73.54169996292,587.23735924833));
#7444 = B_SPLINE_CURVE_WITH_KNOTS('',4,(#7445,#7446,#7447,#7448,#7449),
  .UNSPECIFIED.,.F.,.F.,(5,5),(0.,1.),.PIECEWISE_BEZIER_KNOTS.);
#7445 = CARTESIAN_POINT('',(56.,-69.47960375889,588.2105216383));
#7446 = CARTESIAN_POINT('',(56.,-70.25559791687,588.1013047363));
#7447 = CARTESIAN_POINT('',(56.,-71.1981063406,587.92223480904));
#7448 = CARTESIAN_POINT('',(56.,-72.29886608265,587.64355984806));
#7449 = CARTESIAN_POINT('',(56.,-73.54169996292,587.23735924833));
#7450 = ORIENTED_EDGE('',*,*,#7451,.T.);
#7451 = EDGE_CURVE('',#7442,#7452,#7454,.T.);
#7452 = VERTEX_POINT('',#7453);
#7453 = CARTESIAN_POINT('',(56.,-73.68119977264,585.6429527421));
#7454 = CIRCLE('',#7455,73.89696959691);
#7455 = AXIS2_PLACEMENT_3D('',#7456,#7457,#7458);
#7456 = CARTESIAN_POINT('',(56.,-2.655997862178E-05,579.99965320976));
#7457 = DIRECTION('',(1.,0.,2.22044604925E-16));
#7458 = DIRECTION('',(-2.174776024868E-17,-0.995192005898,
    9.794320495208E-02));
#7459 = ORIENTED_EDGE('',*,*,#7460,.T.);
#7460 = EDGE_CURVE('',#7452,#7461,#7463,.T.);
#7461 = VERTEX_POINT('',#7462);
#7462 = CARTESIAN_POINT('',(56.,-69.84979498535,583.97922136858));
#7463 = B_SPLINE_CURVE_WITH_KNOTS('',4,(#7464,#7465,#7466,#7467,#7468),
  .UNSPECIFIED.,.F.,.F.,(5,5),(0.,1.),.PIECEWISE_BEZIER_KNOTS.);
#7464 = CARTESIAN_POINT('',(56.,-73.68119977264,585.6429527421));
#7465 = CARTESIAN_POINT('',(56.,-72.52777409069,585.02712934364));
#7466 = CARTESIAN_POINT('',(56.,-71.49212876165,584.56154315825));
#7467 = CARTESIAN_POINT('',(56.,-70.59503432523,584.22152883534));
#7468 = CARTESIAN_POINT('',(56.,-69.84979498535,583.97922136858));
#7469 = ORIENTED_EDGE('',*,*,#7470,.T.);
#7470 = EDGE_CURVE('',#7461,#7471,#7473,.T.);
#7471 = VERTEX_POINT('',#7472);
#7472 = CARTESIAN_POINT('',(56.,-69.32226620082,583.21913000625));
#7473 = CIRCLE('',#7474,0.76);
#7474 = AXIS2_PLACEMENT_3D('',#7475,#7476,#7477);
#7475 = CARTESIAN_POINT('',(56.,-70.08140159158,583.25537167427));
#7476 = DIRECTION('',(-1.,0.,-2.22044604925E-16));
#7477 = DIRECTION('',(-2.114827886819E-16,0.304745534506,0.952433808303)
  );
#7478 = ORIENTED_EDGE('',*,*,#7479,.T.);
#7479 = EDGE_CURVE('',#7471,#7480,#7482,.T.);
#7480 = VERTEX_POINT('',#7481);
#7481 = CARTESIAN_POINT('',(56.,-69.33903971566,582.83495335498));
#7482 = CIRCLE('',#7483,69.396969597519);
#7483 = AXIS2_PLACEMENT_3D('',#7484,#7485,#7486);
#7484 = CARTESIAN_POINT('',(56.,7.483791364393E-10,579.99999999997));
#7485 = DIRECTION('',(1.,0.,2.22044604925E-16));
#7486 = DIRECTION('',(-1.030002397215E-17,-0.998923535186,
    4.638718412286E-02));
#7487 = ORIENTED_EDGE('',*,*,#7488,.T.);
#7488 = EDGE_CURVE('',#7480,#7489,#7491,.T.);
#7489 = VERTEX_POINT('',#7490);
#7490 = CARTESIAN_POINT('',(56.,-69.93080700185,582.12373165322));
#7491 = CIRCLE('',#7492,0.76);
#7492 = AXIS2_PLACEMENT_3D('',#7493,#7494,#7495);
#7493 = CARTESIAN_POINT('',(56.,-70.09844503554,582.86501263211));
#7494 = DIRECTION('',(-1.,0.,-2.22044604925E-16));
#7495 = DIRECTION('',(8.782237256955E-18,0.999217526155,
    -3.95516804379E-02));
#7496 = ORIENTED_EDGE('',*,*,#7497,.T.);
#7497 = EDGE_CURVE('',#7489,#7498,#7500,.T.);
#7498 = VERTEX_POINT('',#7499);
#7499 = CARTESIAN_POINT('',(56.,-73.89262901254,580.80023742818));
#7500 = B_SPLINE_CURVE_WITH_KNOTS('',4,(#7501,#7502,#7503,#7504,#7505),
  .UNSPECIFIED.,.F.,.F.,(5,5),(0.,1.),.PIECEWISE_BEZIER_KNOTS.);
#7501 = CARTESIAN_POINT('',(56.,-69.93080700185,582.12373165322));
#7502 = CARTESIAN_POINT('',(56.,-70.69432938757,581.9472980073));
#7503 = CARTESIAN_POINT('',(56.,-71.61764430968,581.68676447346));
#7504 = CARTESIAN_POINT('',(56.,-72.68992720538,581.31321242194));
#7505 = CARTESIAN_POINT('',(56.,-73.89262901254,580.80023742818));
#7506 = ORIENTED_EDGE('',*,*,#7507,.T.);
#7507 = EDGE_CURVE('',#7498,#7508,#7510,.T.);
#7508 = VERTEX_POINT('',#7509);
#7509 = CARTESIAN_POINT('',(56.,-73.89263630007,579.19973991053));
#7510 = CIRCLE('',#7511,73.896969596669);
#7511 = AXIS2_PLACEMENT_3D('',#7512,#7513,#7514);
#7512 = CARTESIAN_POINT('',(56.,3.765609314144E-06,579.99965221455));
#7513 = DIRECTION('',(1.,0.,2.22044604925E-16));
#7514 = DIRECTION('',(-2.405587515144E-18,-0.999941312634,
    1.083380303681E-02));
#7515 = ORIENTED_EDGE('',*,*,#7516,.T.);
#7516 = EDGE_CURVE('',#7508,#7517,#7519,.T.);
#7517 = VERTEX_POINT('',#7518);
#7518 = CARTESIAN_POINT('',(56.,-69.93080742114,577.87626846719));
#7519 = B_SPLINE_CURVE_WITH_KNOTS('',4,(#7520,#7521,#7522,#7523,#7524),
  .UNSPECIFIED.,.F.,.F.,(5,5),(0.,1.),.PIECEWISE_BEZIER_KNOTS.);
#7520 = CARTESIAN_POINT('',(56.,-73.89263630007,579.19973991053));
#7521 = CARTESIAN_POINT('',(56.,-72.68992720538,578.68678757805));
#7522 = CARTESIAN_POINT('',(56.,-71.61764430968,578.31323552653));
#7523 = CARTESIAN_POINT('',(56.,-70.69432938757,578.05270199269));
#7524 = CARTESIAN_POINT('',(56.,-69.93080742114,577.87626846719));
#7525 = ORIENTED_EDGE('',*,*,#7526,.T.);
#7526 = EDGE_CURVE('',#7517,#7527,#7529,.T.);
#7527 = VERTEX_POINT('',#7528);
#7528 = CARTESIAN_POINT('',(56.,-69.33903971566,577.16504664502));
#7529 = CIRCLE('',#7530,0.76);
#7530 = AXIS2_PLACEMENT_3D('',#7531,#7532,#7533);
#7531 = CARTESIAN_POINT('',(56.,-70.09844503656,577.13498739372));
#7532 = DIRECTION('',(-1.,0.,-2.22044604925E-16));
#7533 = DIRECTION('',(-2.165756093405E-16,0.220575809762,0.975369833524)
  );
#7534 = ORIENTED_EDGE('',*,*,#7535,.T.);
#7535 = EDGE_CURVE('',#7527,#7536,#7538,.T.);
#7536 = VERTEX_POINT('',#7537);
#7537 = CARTESIAN_POINT('',(56.,-69.32226620082,576.78086999374));
#7538 = CIRCLE('',#7539,69.396969590876);
#7539 = AXIS2_PLACEMENT_3D('',#7540,#7541,#7542);
#7540 = CARTESIAN_POINT('',(56.,-5.889020826544E-09,579.99999999974));
#7541 = DIRECTION('',(1.,0.,2.22044604925E-16));
#7542 = DIRECTION('',(9.070800949118E-18,-0.999165239038,
    -4.08512557744E-02));
#7543 = ORIENTED_EDGE('',*,*,#7544,.T.);
#7544 = EDGE_CURVE('',#7536,#7545,#7547,.T.);
#7545 = VERTEX_POINT('',#7546);
#7546 = CARTESIAN_POINT('',(56.,-69.84979457815,576.02077878792));
#7547 = CIRCLE('',#7548,0.76);
#7548 = AXIS2_PLACEMENT_3D('',#7549,#7550,#7551);
#7549 = CARTESIAN_POINT('',(56.,-70.08140159281,576.74462835154));
#7550 = DIRECTION('',(-1.,0.,-2.22044604925E-16));
#7551 = DIRECTION('',(-1.058850147687E-17,0.998862357881,
    4.768637130563E-02));
#7552 = ORIENTED_EDGE('',*,*,#7553,.T.);
#7553 = EDGE_CURVE('',#7545,#7554,#7556,.T.);
#7554 = VERTEX_POINT('',#7555);
#7555 = CARTESIAN_POINT('',(56.,-73.68119053778,574.357025318));
#7556 = B_SPLINE_CURVE_WITH_KNOTS('',4,(#7557,#7558,#7559,#7560,#7561),
  .UNSPECIFIED.,.F.,.F.,(5,5),(0.,1.),.PIECEWISE_BEZIER_KNOTS.);
#7557 = CARTESIAN_POINT('',(56.,-69.84979457815,576.02077878792));
#7558 = CARTESIAN_POINT('',(56.,-70.59503432523,575.77847116466));
#7559 = CARTESIAN_POINT('',(56.,-71.49212876165,575.43845684174));
#7560 = CARTESIAN_POINT('',(56.,-72.52777409069,574.97287065635));
#7561 = CARTESIAN_POINT('',(56.,-73.68119053778,574.357025318));
#7562 = ORIENTED_EDGE('',*,*,#7563,.T.);
#7563 = EDGE_CURVE('',#7554,#7564,#7566,.T.);
#7564 = VERTEX_POINT('',#7565);
#7565 = CARTESIAN_POINT('',(56.,-73.54170524766,572.76261754146));
#7566 = CIRCLE('',#7567,73.896969596649);
#7567 = AXIS2_PLACEMENT_3D('',#7568,#7569,#7570);
#7568 = CARTESIAN_POINT('',(56.,3.406275902762E-05,579.99965386617));
#7569 = DIRECTION('',(1.,0.,2.22044604925E-16));
#7570 = DIRECTION('',(1.695489319192E-17,-0.997080462199,
    -7.635805066123E-02));
#7571 = ORIENTED_EDGE('',*,*,#7572,.T.);
#7572 = EDGE_CURVE('',#7564,#7573,#7575,.T.);
#7573 = VERTEX_POINT('',#7574);
#7574 = CARTESIAN_POINT('',(56.,-69.47960418708,571.78947844511));
#7575 = B_SPLINE_CURVE_WITH_KNOTS('',4,(#7576,#7577,#7578,#7579,#7580),
  .UNSPECIFIED.,.F.,.F.,(5,5),(0.,1.),.PIECEWISE_BEZIER_KNOTS.);
#7576 = CARTESIAN_POINT('',(56.,-73.54170524766,572.76261754146));
#7577 = CARTESIAN_POINT('',(56.,-72.29886608265,572.35644015193));
#7578 = CARTESIAN_POINT('',(56.,-71.1981063406,572.07776519095));
#7579 = CARTESIAN_POINT('',(56.,-70.25559791687,571.89869526369));
#7580 = CARTESIAN_POINT('',(56.,-69.47960418708,571.78947844511));
#7581 = ORIENTED_EDGE('',*,*,#7582,.T.);
#7582 = EDGE_CURVE('',#7573,#7583,#7585,.T.);
#7583 = VERTEX_POINT('',#7584);
#7584 = CARTESIAN_POINT('',(56.,-68.8281012702,571.1325389906));
#7585 = CIRCLE('',#7586,0.76);
#7586 = AXIS2_PLACEMENT_3D('',#7587,#7588,#7589);
#7587 = CARTESIAN_POINT('',(56.,-69.58199698821,571.03640758904));
#7588 = DIRECTION('',(-1.,0.,-2.22044604925E-16));
#7589 = DIRECTION('',(-2.200201588402E-16,0.134727369918,0.990882705367)
  );
#7590 = ORIENTED_EDGE('',*,*,#7591,.T.);
#7591 = EDGE_CURVE('',#7583,#7592,#7594,.T.);
#7592 = VERTEX_POINT('',#7593);
#7593 = CARTESIAN_POINT('',(56.,-68.77790838226,570.75128615561));
#7594 = CIRCLE('',#7595,69.396969598509);
#7595 = AXIS2_PLACEMENT_3D('',#7596,#7597,#7598);
#7596 = CARTESIAN_POINT('',(56.,1.723435616441E-09,580.00000000022));
#7597 = DIRECTION('',(1.,0.,2.22044604925E-16));
#7598 = DIRECTION('',(2.837259159819E-17,-0.991802692108,-0.127778792949
    ));
#7599 = ORIENTED_EDGE('',*,*,#7600,.T.);
#7600 = EDGE_CURVE('',#7592,#7601,#7603,.T.);
#7601 = VERTEX_POINT('',#7602);
#7602 = CARTESIAN_POINT('',(56.,-69.23718304126,569.94811019876));
#7603 = CIRCLE('',#7604,0.76);
#7604 = AXIS2_PLACEMENT_3D('',#7605,#7606,#7607);
#7605 = CARTESIAN_POINT('',(56.,-69.53099636765,570.64901941487));
#7606 = DIRECTION('',(-1.,0.,-2.22044604925E-16));
#7607 = DIRECTION('',(-2.987865532094E-17,0.990905243934,0.13456150097)
  );
#7608 = ORIENTED_EDGE('',*,*,#7609,.T.);
#7609 = EDGE_CURVE('',#7601,#7610,#7612,.T.);
#7610 = VERTEX_POINT('',#7611);
#7611 = CARTESIAN_POINT('',(56.,-72.90899371311,567.95675965247));
#7612 = B_SPLINE_CURVE_WITH_KNOTS('',4,(#7613,#7614,#7615,#7616,#7617),
  .UNSPECIFIED.,.F.,.F.,(5,5),(0.,1.),.PIECEWISE_BEZIER_KNOTS.);
#7613 = CARTESIAN_POINT('',(56.,-69.23718304126,569.94811019876));
#7614 = CARTESIAN_POINT('',(56.,-69.95846842522,569.64177270548));
#7615 = CARTESIAN_POINT('',(56.,-70.82251494562,569.2248653078));
#7616 = CARTESIAN_POINT('',(56.,-71.81364082171,568.67078838052));
#7617 = CARTESIAN_POINT('',(56.,-72.90899371311,567.95675965247));
#7618 = ORIENTED_EDGE('',*,*,#7619,.T.);
#7619 = EDGE_CURVE('',#7610,#7620,#7622,.T.);
#7620 = VERTEX_POINT('',#7621);
#7621 = CARTESIAN_POINT('',(56.,-72.63107741263,566.38057602296));
#7622 = CIRCLE('',#7623,73.896969596812);
#7623 = AXIS2_PLACEMENT_3D('',#7624,#7625,#7626);
#7624 = CARTESIAN_POINT('',(56.,6.410085198638E-05,579.99965815211));
#7625 = DIRECTION('',(1.,0.,2.22044604925E-16));
#7626 = DIRECTION('',(3.618633692415E-17,-0.986631227393,-0.162968773487
    ));
#7627 = ORIENTED_EDGE('',*,*,#7628,.T.);
#7628 = EDGE_CURVE('',#7620,#7629,#7631,.T.);
#7629 = VERTEX_POINT('',#7630);
#7630 = CARTESIAN_POINT('',(56.,-68.49961921222,565.76517544972));
#7631 = B_SPLINE_CURVE_WITH_KNOTS('',4,(#7632,#7633,#7634,#7635,#7636),
  .UNSPECIFIED.,.F.,.F.,(5,5),(0.,1.),.PIECEWISE_BEZIER_KNOTS.);
#7632 = CARTESIAN_POINT('',(56.,-72.63107741263,566.38057602296));
#7633 = CARTESIAN_POINT('',(56.,-71.35756693379,566.08426483156));
#7634 = CARTESIAN_POINT('',(56.,-70.23670779167,565.90258784584));
#7635 = CARTESIAN_POINT('',(56.,-69.28217892454,565.80634435544));
#7636 = CARTESIAN_POINT('',(56.,-68.49961921222,565.76517544972));
#7637 = ORIENTED_EDGE('',*,*,#7638,.T.);
#7638 = EDGE_CURVE('',#7629,#7639,#7641,.T.);
#7639 = VERTEX_POINT('',#7640);
#7640 = CARTESIAN_POINT('',(56.,-67.79333941454,565.16751806878));
#7641 = CIRCLE('',#7642,0.76);
#7642 = AXIS2_PLACEMENT_3D('',#7643,#7644,#7645);
#7643 = CARTESIAN_POINT('',(56.,-68.53598792803,565.00604613497));
#7644 = DIRECTION('',(-1.,0.,-2.22044604925E-16));
#7645 = DIRECTION('',(-2.217902220793E-16,4.785357343769E-02,
    0.998854361511));
#7646 = ORIENTED_EDGE('',*,*,#7647,.T.);
#7647 = EDGE_CURVE('',#7639,#7648,#7650,.T.);
#7648 = VERTEX_POINT('',#7649);
#7649 = CARTESIAN_POINT('',(56.,-67.71010915168,564.79209061436));
#7650 = CIRCLE('',#7651,69.396969598372);
#7651 = AXIS2_PLACEMENT_3D('',#7652,#7653,#7654);
#7652 = CARTESIAN_POINT('',(56.,1.563748242006E-09,580.00000000034));
#7653 = DIRECTION('',(1.,0.,2.22044604925E-16));
#7654 = DIRECTION('',(4.745844969329E-17,-0.976891927824,-0.213733856354
    ));
#7655 = ORIENTED_EDGE('',*,*,#7656,.T.);
#7656 = EDGE_CURVE('',#7648,#7657,#7659,.T.);
#7657 = VERTEX_POINT('',#7658);
#7658 = CARTESIAN_POINT('',(56.,-68.09763473487,563.95194256048));
#7659 = CIRCLE('',#7660,0.76);
#7660 = AXIS2_PLACEMENT_3D('',#7661,#7662,#7663);
#7661 = CARTESIAN_POINT('',(56.,-68.45141827618,564.62457708673));
#7662 = DIRECTION('',(-1.,0.,-2.22044604925E-16));
#7663 = DIRECTION('',(-4.89414145568E-17,0.975406742757,0.220412536361)
  );
#7664 = ORIENTED_EDGE('',*,*,#7665,.T.);
#7665 = EDGE_CURVE('',#7657,#7666,#7668,.T.);
#7666 = VERTEX_POINT('',#7667);
#7667 = CARTESIAN_POINT('',(56.,-71.58191542262,561.6481503179));
#7668 = B_SPLINE_CURVE_WITH_KNOTS('',4,(#7669,#7670,#7671,#7672,#7673),
  .UNSPECIFIED.,.F.,.F.,(5,5),(0.,1.),.PIECEWISE_BEZIER_KNOTS.);
#7669 = CARTESIAN_POINT('',(56.,-68.09763473487,563.95194256048));
#7670 = CARTESIAN_POINT('',(56.,-68.78947633842,563.58390661048));
#7671 = CARTESIAN_POINT('',(56.,-69.61389902704,563.09327905506));
#7672 = CARTESIAN_POINT('',(56.,-70.55296238381,562.45492824589));
#7673 = CARTESIAN_POINT('',(56.,-71.58191542262,561.6481503179));
#7674 = ORIENTED_EDGE('',*,*,#7675,.T.);
#7675 = EDGE_CURVE('',#7666,#7676,#7678,.T.);
#7676 = VERTEX_POINT('',#7677);
#7677 = CARTESIAN_POINT('',(56.,-71.16768322264,560.10218654454));
#7678 = CIRCLE('',#7679,73.896969596524);
#7679 = AXIS2_PLACEMENT_3D('',#7680,#7681,#7682);
#7680 = CARTESIAN_POINT('',(56.,9.365065672995E-05,579.99966503963));
#7681 = DIRECTION('',(1.,0.,2.22044604925E-16));
#7682 = DIRECTION('',(5.514238078247E-17,-0.968673133203,-0.248339205544
    ));
#7683 = ORIENTED_EDGE('',*,*,#7684,.T.);
#7684 = EDGE_CURVE('',#7676,#7685,#7687,.T.);
#7685 = VERTEX_POINT('',#7686);
#7686 = CARTESIAN_POINT('',(56.,-66.99831077395,559.84920806437));
#7687 = B_SPLINE_CURVE_WITH_KNOTS('',4,(#7688,#7689,#7690,#7691,#7692),
  .UNSPECIFIED.,.F.,.F.,(5,5),(0.,1.),.PIECEWISE_BEZIER_KNOTS.);
#7688 = CARTESIAN_POINT('',(56.,-71.16768322264,560.10218654454));
#7689 = CARTESIAN_POINT('',(56.,-69.87319361368,559.91799665837));
#7690 = CARTESIAN_POINT('',(56.,-68.74076548637,559.83470031948));
#7691 = CARTESIAN_POINT('',(56.,-67.78148071686,559.822015737));
#7692 = CARTESIAN_POINT('',(56.,-66.99831077395,559.84920806437));
#7693 = ORIENTED_EDGE('',*,*,#7694,.T.);
#7694 = EDGE_CURVE('',#7685,#7695,#7697,.T.);
#7695 = VERTEX_POINT('',#7696);
#7696 = CARTESIAN_POINT('',(56.,-66.24262931119,559.31538129056));
#7697 = CIRCLE('',#7698,0.76);
#7698 = AXIS2_PLACEMENT_3D('',#7699,#7700,#7701);
#7699 = CARTESIAN_POINT('',(56.,-66.96837861655,559.08979772341));
#7700 = DIRECTION('',(-1.,0.,-2.22044604925E-16));
#7701 = DIRECTION('',(-2.218723278078E-16,-3.938441763081E-02,
    0.999224132839));
#7702 = ORIENTED_EDGE('',*,*,#7703,.T.);
#7703 = EDGE_CURVE('',#7695,#7704,#7706,.T.);
#7704 = VERTEX_POINT('',#7705);
#7705 = CARTESIAN_POINT('',(56.,-66.12699510598,558.94863644633));
#7706 = CIRCLE('',#7707,69.396969597235);
#7707 = AXIS2_PLACEMENT_3D('',#7708,#7709,#7710);
#7708 = CARTESIAN_POINT('',(56.,4.429665523276E-10,580.00000000013));
#7709 = DIRECTION('',(1.,0.,2.22044604925E-16));
#7710 = DIRECTION('',(6.618312033001E-17,-0.954546426106,-0.298062276056
    ));
#7711 = ORIENTED_EDGE('',*,*,#7712,.T.);
#7712 = EDGE_CURVE('',#7704,#7713,#7715,.T.);
#7713 = VERTEX_POINT('',#7714);
#7714 = CARTESIAN_POINT('',(56.,-66.43982230966,558.07791032941));
#7715 = CIRCLE('',#7716,0.76);
#7716 = AXIS2_PLACEMENT_3D('',#7717,#7718,#7719);
#7717 = CARTESIAN_POINT('',(56.,-66.85088355952,558.71715101089));
#7718 = DIRECTION('',(-1.,0.,-2.22044604925E-16));
#7719 = DIRECTION('',(-6.763170007624E-17,0.9524848073,0.304586099262));
#7720 = ORIENTED_EDGE('',*,*,#7721,.T.);
#7721 = EDGE_CURVE('',#7713,#7722,#7724,.T.);
#7722 = VERTEX_POINT('',#7723);
#7723 = CARTESIAN_POINT('',(56.,-69.71005553343,555.47920964055));
#7724 = B_SPLINE_CURVE_WITH_KNOTS('',4,(#7725,#7726,#7727,#7728,#7729),
  .UNSPECIFIED.,.F.,.F.,(5,5),(0.,1.),.PIECEWISE_BEZIER_KNOTS.);
#7725 = CARTESIAN_POINT('',(56.,-66.43982230966,558.07791032941));
#7726 = CARTESIAN_POINT('',(56.,-67.09695480047,557.65097689848));
#7727 = CARTESIAN_POINT('',(56.,-67.87547930285,557.09036315727));
#7728 = CARTESIAN_POINT('',(56.,-68.75533330113,556.3725967013));
#7729 = CARTESIAN_POINT('',(56.,-69.71005553343,555.47920964055));
#7730 = ORIENTED_EDGE('',*,*,#7731,.T.);
#7731 = EDGE_CURVE('',#7722,#7732,#7734,.T.);
#7732 = VERTEX_POINT('',#7733);
#7733 = CARTESIAN_POINT('',(56.,-69.1626599911,553.97523144116));
#7734 = CIRCLE('',#7735,73.896969596888);
#7735 = AXIS2_PLACEMENT_3D('',#7736,#7737,#7738);
#7736 = CARTESIAN_POINT('',(56.,1.224883495183E-04,579.99967447657));
#7737 = DIRECTION('',(1.,0.,2.22044604925E-16));
#7738 = DIRECTION('',(7.367875782717E-17,-0.943342851568,-0.331819626296
    ));
#7739 = ORIENTED_EDGE('',*,*,#7740,.T.);
#7740 = EDGE_CURVE('',#7732,#7741,#7743,.T.);
#7741 = VERTEX_POINT('',#7742);
#7742 = CARTESIAN_POINT('',(56.,-64.98710473601,554.08660037303));
#7743 = B_SPLINE_CURVE_WITH_KNOTS('',4,(#7744,#7745,#7746,#7747,#7748),
  .UNSPECIFIED.,.F.,.F.,(5,5),(0.,1.),.PIECEWISE_BEZIER_KNOTS.);
#7744 = CARTESIAN_POINT('',(56.,-69.1626599911,553.97523144116));
#7745 = CARTESIAN_POINT('',(56.,-67.85704309959,553.90456465645));
#7746 = CARTESIAN_POINT('',(56.,-66.72166444891,553.92028289983));
#7747 = CARTESIAN_POINT('',(56.,-65.76492451335,553.99125376261));
#7748 = CARTESIAN_POINT('',(56.,-64.98710473601,554.08660037303));
#7749 = ORIENTED_EDGE('',*,*,#7750,.T.);
#7750 = EDGE_CURVE('',#7741,#7751,#7753,.T.);
#7751 = VERTEX_POINT('',#7752);
#7752 = CARTESIAN_POINT('',(56.,-64.18777280039,553.62066695043));
#7753 = CIRCLE('',#7754,0.76);
#7754 = AXIS2_PLACEMENT_3D('',#7755,#7756,#7757);
#7755 = CARTESIAN_POINT('',(56.,-64.89109950719,553.3326885771));
#7756 = DIRECTION('',(-1.,0.,-2.22044604925E-16));
#7757 = DIRECTION('',(-2.202658511515E-16,-0.1263226695,0.991989205168)
  );
#7758 = ORIENTED_EDGE('',*,*,#7759,.T.);
#7759 = EDGE_CURVE('',#7751,#7760,#7762,.T.);
#7760 = VERTEX_POINT('',#7761);
#7761 = CARTESIAN_POINT('',(56.,-64.04061469894,553.2653958661));
#7762 = CIRCLE('',#7763,69.396969598039);
#7763 = AXIS2_PLACEMENT_3D('',#7764,#7765,#7766);
#7764 = CARTESIAN_POINT('',(56.,1.171144958789E-09,580.00000000048));
#7765 = DIRECTION('',(1.,0.,2.22044604925E-16));
#7766 = DIRECTION('',(8.44040974586E-17,-0.924936249715,-0.380122261863)
  );
#7767 = ORIENTED_EDGE('',*,*,#7768,.T.);
#7768 = EDGE_CURVE('',#7760,#7769,#7771,.T.);
#7769 = VERTEX_POINT('',#7770);
#7770 = CARTESIAN_POINT('',(56.,-64.27636271922,552.37071843764));
#7771 = CIRCLE('',#7772,0.76);
#7772 = AXIS2_PLACEMENT_3D('',#7773,#7774,#7775);
#7773 = CARTESIAN_POINT('',(56.,-64.74157325331,552.97170026679));
#7774 = DIRECTION('',(-1.,0.,-2.22044604925E-16));
#7775 = DIRECTION('',(-8.580726752096E-17,0.922313887333,0.386441578033)
  );
#7776 = ORIENTED_EDGE('',*,*,#7777,.T.);
#7777 = EDGE_CURVE('',#7769,#7778,#7780,.T.);
#7778 = VERTEX_POINT('',#7779);
#7779 = CARTESIAN_POINT('',(56.,-67.30766002955,549.4968869839));
#7780 = B_SPLINE_CURVE_WITH_KNOTS('',4,(#7781,#7782,#7783,#7784,#7785),
  .UNSPECIFIED.,.F.,.F.,(5,5),(0.,1.),.PIECEWISE_BEZIER_KNOTS.);
#7781 = CARTESIAN_POINT('',(56.,-64.27636271922,552.37071843764));
#7782 = CARTESIAN_POINT('',(56.,-64.89378492223,551.888136747));
#7783 = CARTESIAN_POINT('',(56.,-65.62048619683,551.26180342907));
#7784 = CARTESIAN_POINT('',(56.,-66.43443461642,550.47008396244));
#7785 = CARTESIAN_POINT('',(56.,-67.30766002955,549.4968869839));
#7786 = ORIENTED_EDGE('',*,*,#7787,.T.);
#7787 = EDGE_CURVE('',#7778,#7788,#7790,.T.);
#7788 = VERTEX_POINT('',#7789);
#7789 = CARTESIAN_POINT('',(56.,-66.63126715547,548.04634054069));
#7790 = CIRCLE('',#7791,73.896969596785);
#7791 = AXIS2_PLACEMENT_3D('',#7792,#7793,#7794);
#7792 = CARTESIAN_POINT('',(56.,1.503933876208E-04,579.9996863908));
#7793 = DIRECTION('',(1.,0.,2.22044604925E-16));
#7794 = DIRECTION('',(9.165439503634E-17,-0.910833161227,-0.412774699333
    ));
#7795 = ORIENTED_EDGE('',*,*,#7796,.T.);
#7796 = EDGE_CURVE('',#7788,#7797,#7799,.T.);
#7797 = VERTEX_POINT('',#7798);
#7798 = CARTESIAN_POINT('',(56.,-62.48130759074,548.52120929979));
#7799 = B_SPLINE_CURVE_WITH_KNOTS('',4,(#7800,#7801,#7802,#7803,#7804),
  .UNSPECIFIED.,.F.,.F.,(5,5),(0.,1.),.PIECEWISE_BEZIER_KNOTS.);
#7800 = CARTESIAN_POINT('',(56.,-66.63126715547,548.04634054069));
#7801 = CARTESIAN_POINT('',(56.,-65.3244595143,548.08973467436));
#7802 = CARTESIAN_POINT('',(56.,-64.19477125734,548.20434787467));
#7803 = CARTESIAN_POINT('',(56.,-63.24785752435,548.35843405159));
#7804 = CARTESIAN_POINT('',(56.,-62.48130759074,548.52120929979));
#7805 = ORIENTED_EDGE('',*,*,#7806,.T.);
#7806 = EDGE_CURVE('',#7797,#7807,#7809,.T.);
#7807 = VERTEX_POINT('',#7808);
#7808 = CARTESIAN_POINT('',(56.,-61.64440858095,548.12671526309));
#7809 = CIRCLE('',#7810,0.76);
#7810 = AXIS2_PLACEMENT_3D('',#7811,#7812,#7813);
#7811 = CARTESIAN_POINT('',(56.,-62.31995994826,547.77853377289));
#7812 = DIRECTION('',(-1.,0.,-2.22044604925E-16));
#7813 = DIRECTION('',(-2.169830183677E-16,-0.212299529579,0.977204640667
    ));
#7814 = ORIENTED_EDGE('',*,*,#7815,.T.);
#7815 = EDGE_CURVE('',#7807,#7816,#7818,.T.);
#7816 = VERTEX_POINT('',#7817);
#7817 = CARTESIAN_POINT('',(56.,-61.46684654527,547.78562176612));
#7818 = CIRCLE('',#7819,69.396969596883);
#7819 = AXIS2_PLACEMENT_3D('',#7820,#7821,#7822);
#7820 = CARTESIAN_POINT('',(56.,9.867306971501E-11,580.00000000005));
#7821 = DIRECTION('',(1.,0.,2.22044604925E-16));
#7822 = DIRECTION('',(1.019827084409E-16,-0.888286749971,-0.459289287733
    ));
#7823 = ORIENTED_EDGE('',*,*,#7824,.T.);
#7824 = EDGE_CURVE('',#7816,#7825,#7827,.T.);
#7825 = VERTEX_POINT('',#7826);
#7826 = CARTESIAN_POINT('',(56.,-61.62372119736,546.87380206158));
#7827 = CIRCLE('',#7828,0.76);
#7828 = AXIS2_PLACEMENT_3D('',#7829,#7830,#7831);
#7829 = CARTESIAN_POINT('',(56.,-62.13954048262,547.4319512038));
#7830 = DIRECTION('',(-1.,0.,-2.22044604925E-16));
#7831 = DIRECTION('',(-1.03329789848E-16,0.885123601775,0.465356003056)
  );
#7832 = ORIENTED_EDGE('',*,*,#7833,.T.);
#7833 = EDGE_CURVE('',#7825,#7834,#7836,.T.);
#7834 = VERTEX_POINT('',#7835);
#7835 = CARTESIAN_POINT('',(56.,-64.39301259137,543.74671143559));
#7836 = B_SPLINE_CURVE_WITH_KNOTS('',4,(#7837,#7838,#7839,#7840,#7841),
  .UNSPECIFIED.,.F.,.F.,(5,5),(0.,1.),.PIECEWISE_BEZIER_KNOTS.);
#7837 = CARTESIAN_POINT('',(56.,-61.62372119736,546.87380206158));
#7838 = CARTESIAN_POINT('',(56.,-62.19673415679,546.33924484927));
#7839 = CARTESIAN_POINT('',(56.,-62.86608156811,545.65195872938));
#7840 = CARTESIAN_POINT('',(56.,-63.60792977007,544.79231171527));
#7841 = CARTESIAN_POINT('',(56.,-64.39301259137,543.74671143559));
#7842 = ORIENTED_EDGE('',*,*,#7843,.T.);
#7843 = EDGE_CURVE('',#7834,#7844,#7846,.T.);
#7844 = VERTEX_POINT('',#7845);
#7845 = CARTESIAN_POINT('',(56.,-63.59277014373,542.36063628285));
#7846 = CIRCLE('',#7847,73.896969597064);
#7847 = AXIS2_PLACEMENT_3D('',#7848,#7849,#7850);
#7848 = CARTESIAN_POINT('',(56.,1.771541794007E-04,579.99970069197));
#7849 = DIRECTION('',(1.,0.,2.22044604925E-16));
#7850 = DIRECTION('',(1.089324869569E-16,-0.871391480553,-0.490588307667
    ));
#7851 = ORIENTED_EDGE('',*,*,#7852,.T.);
#7852 = EDGE_CURVE('',#7844,#7853,#7855,.T.);
#7853 = VERTEX_POINT('',#7854);
#7854 = CARTESIAN_POINT('',(56.,-59.49998996746,543.1953908312));
#7855 = B_SPLINE_CURVE_WITH_KNOTS('',4,(#7856,#7857,#7858,#7859,#7860),
  .UNSPECIFIED.,.F.,.F.,(5,5),(0.,1.),.PIECEWISE_BEZIER_KNOTS.);
#7856 = CARTESIAN_POINT('',(56.,-63.59277014373,542.36063628285));
#7857 = CARTESIAN_POINT('',(56.,-62.29471734813,542.51776107933));
#7858 = CARTESIAN_POINT('',(56.,-61.17931709465,542.73039696093));
#7859 = CARTESIAN_POINT('',(56.,-60.24943614949,542.96642576314));
#7860 = CARTESIAN_POINT('',(56.,-59.49998996746,543.1953908312));
#7861 = ORIENTED_EDGE('',*,*,#7862,.T.);
#7862 = EDGE_CURVE('',#7853,#7863,#7865,.T.);
#7863 = VERTEX_POINT('',#7864);
#7864 = CARTESIAN_POINT('',(56.,-58.63189319029,542.87533851821));
#7865 = CIRCLE('',#7866,0.76);
#7866 = AXIS2_PLACEMENT_3D('',#7867,#7868,#7869);
#7867 = CARTESIAN_POINT('',(56.,-59.27452786431,542.46960378251));
#7868 = DIRECTION('',(-1.,0.,-2.22044604925E-16));
#7869 = DIRECTION('',(-2.120488137963E-16,-0.296660662048,0.954982958797
    ));
#7870 = ORIENTED_EDGE('',*,*,#7871,.T.);
#7871 = EDGE_CURVE('',#7863,#7872,#7874,.T.);
#7872 = VERTEX_POINT('',#7873);
#7873 = CARTESIAN_POINT('',(56.,-58.42527857469,542.55101853608));
#7874 = CIRCLE('',#7875,69.396969593708);
#7875 = AXIS2_PLACEMENT_3D('',#7876,#7877,#7878);
#7876 = CARTESIAN_POINT('',(56.,-2.583814051604E-09,579.99999999835));
#7877 = DIRECTION('',(1.,0.,2.22044604925E-16));
#7878 = DIRECTION('',(1.187851694331E-16,-0.844876851698,-0.534960844796
    ));
#7879 = ORIENTED_EDGE('',*,*,#7880,.T.);
#7880 = EDGE_CURVE('',#7872,#7881,#7883,.T.);
#7881 = VERTEX_POINT('',#7882);
#7882 = CARTESIAN_POINT('',(56.,-58.50208594777,541.62899605398));
#7883 = CIRCLE('',#7884,0.76);
#7884 = AXIS2_PLACEMENT_3D('',#7885,#7886,#7887);
#7885 = CARTESIAN_POINT('',(56.,-59.06458828797,542.14006465727));
#7886 = DIRECTION('',(-1.,0.,-2.22044604925E-16));
#7887 = DIRECTION('',(-1.200659100821E-16,0.841196991156,0.540728787906)
  );
#7888 = ORIENTED_EDGE('',*,*,#7889,.T.);
#7889 = EDGE_CURVE('',#7881,#7890,#7892,.T.);
#7890 = VERTEX_POINT('',#7891);
#7891 = CARTESIAN_POINT('',(56.,-60.9882954458,538.27244530358));
#7892 = B_SPLINE_CURVE_WITH_KNOTS('',4,(#7893,#7894,#7895,#7896,#7897),
  .UNSPECIFIED.,.F.,.F.,(5,5),(0.,1.),.PIECEWISE_BEZIER_KNOTS.);
#7893 = CARTESIAN_POINT('',(56.,-58.50208594777,541.62899605398));
#7894 = CARTESIAN_POINT('',(56.,-59.02632868901,541.04653162317));
#7895 = CARTESIAN_POINT('',(56.,-59.63322809909,540.30352336366));
#7896 = CARTESIAN_POINT('',(56.,-60.29733017065,539.38249123494));
#7897 = CARTESIAN_POINT('',(56.,-60.9882954458,538.27244530358));
#7898 = ORIENTED_EDGE('',*,*,#7899,.T.);
#7899 = EDGE_CURVE('',#7890,#7900,#7902,.T.);
#7900 = VERTEX_POINT('',#7901);
#7901 = CARTESIAN_POINT('',(56.,-60.07029375284,536.96139031017));
#7902 = CIRCLE('',#7903,73.896969596739);
#7903 = AXIS2_PLACEMENT_3D('',#7904,#7905,#7906);
#7904 = CARTESIAN_POINT('',(56.,2.025662014269E-04,579.99971727074));
#7905 = DIRECTION('',(1.,0.,2.22044604925E-16));
#7906 = DIRECTION('',(1.253815368764E-16,-0.825317984551,-0.564668242756
    ));
#7907 = ORIENTED_EDGE('',*,*,#7908,.T.);
#7908 = EDGE_CURVE('',#7900,#7909,#7911,.T.);
#7909 = VERTEX_POINT('',#7910);
#7910 = CARTESIAN_POINT('',(56.,-56.06584149345,538.14967766161));
#7911 = B_SPLINE_CURVE_WITH_KNOTS('',4,(#7912,#7913,#7914,#7915,#7916),
  .UNSPECIFIED.,.F.,.F.,(5,5),(0.,1.),.PIECEWISE_BEZIER_KNOTS.);
#7912 = CARTESIAN_POINT('',(56.,-60.07029375284,536.96139031017));
#7913 = CARTESIAN_POINT('',(56.,-58.79087476835,537.23104995489));
#7914 = CARTESIAN_POINT('',(56.,-57.69825138778,537.54009023032));
#7915 = CARTESIAN_POINT('',(56.,-56.79248018592,537.85626533612));
#7916 = CARTESIAN_POINT('',(56.,-56.06584149345,538.14967766161));
#7917 = ORIENTED_EDGE('',*,*,#7918,.T.);
#7918 = EDGE_CURVE('',#7909,#7919,#7921,.T.);
#7919 = VERTEX_POINT('',#7920);
#7920 = CARTESIAN_POINT('',(56.,-55.17315368954,537.90650286369));
#7921 = CIRCLE('',#7922,0.76);
#7922 = AXIS2_PLACEMENT_3D('',#7923,#7924,#7925);
#7923 = CARTESIAN_POINT('',(56.,-55.77798083236,537.44630276883));
#7924 = DIRECTION('',(-1.,0.,-2.22044604925E-16));
#7925 = DIRECTION('',(-2.055007897133E-16,-0.37876402775,0.925493279977)
  );
#7926 = ORIENTED_EDGE('',*,*,#7927,.T.);
#7927 = EDGE_CURVE('',#7919,#7928,#7930,.T.);
#7928 = VERTEX_POINT('',#7929);
#7929 = CARTESIAN_POINT('',(56.,-54.93905895601,537.60142466729));
#7930 = CIRCLE('',#7931,69.39696959577);
#7931 = AXIS2_PLACEMENT_3D('',#7932,#7933,#7934);
#7932 = CARTESIAN_POINT('',(56.,-7.947704716571E-10,579.99999999939));
#7933 = DIRECTION('',(1.,0.,2.22044604925E-16));
#7934 = DIRECTION('',(1.346836035616E-16,-0.795036930433,-0.606561026813
    ));
#7935 = ORIENTED_EDGE('',*,*,#7936,.T.);
#7936 = EDGE_CURVE('',#7928,#7937,#7939,.T.);
#7937 = VERTEX_POINT('',#7938);
#7938 = CARTESIAN_POINT('',(56.,-54.93521449958,536.67621655545));
#7939 = CIRCLE('',#7940,0.76);
#7940 = AXIS2_PLACEMENT_3D('',#7941,#7942,#7943);
#7941 = CARTESIAN_POINT('',(56.,-55.54011891227,537.13631507915));
#7942 = DIRECTION('',(-1.,0.,-2.22044604925E-16));
#7943 = DIRECTION('',(-1.358882562426E-16,0.790868363506,0.611986300178)
  );
#7944 = ORIENTED_EDGE('',*,*,#7945,.T.);
#7945 = EDGE_CURVE('',#7937,#7946,#7948,.T.);
#7946 = VERTEX_POINT('',#7947);
#7947 = CARTESIAN_POINT('',(56.,-57.11942054615,533.1157510586));
#7948 = B_SPLINE_CURVE_WITH_KNOTS('',4,(#7949,#7950,#7951,#7952,#7953),
  .UNSPECIFIED.,.F.,.F.,(5,5),(0.,1.),.PIECEWISE_BEZIER_KNOTS.);
#7949 = CARTESIAN_POINT('',(56.,-54.93521449958,536.67621655545));
#7950 = CARTESIAN_POINT('',(56.,-55.40669721883,536.05027781216));
#7951 = CARTESIAN_POINT('',(56.,-55.94652975671,535.25720215454));
#7952 = CARTESIAN_POINT('',(56.,-56.52783148012,534.28179452182));
#7953 = CARTESIAN_POINT('',(56.,-57.11942054615,533.1157510586));
#7954 = ORIENTED_EDGE('',*,*,#7955,.T.);
#7955 = EDGE_CURVE('',#7946,#7956,#7958,.T.);
#7956 = VERTEX_POINT('',#7957);
#7957 = CARTESIAN_POINT('',(56.,-56.09064615505,531.88969414465));
#7958 = CIRCLE('',#7959,73.896969596845);
#7959 = AXIS2_PLACEMENT_3D('',#7960,#7961,#7962);
#7960 = CARTESIAN_POINT('',(56.,2.264369353568E-04,579.99973600149));
#7961 = DIRECTION('',(1.,0.,2.22044604925E-16));
#7962 = DIRECTION('',(1.408763575929E-16,-0.772963320346,-0.634450711561
    ));
#7963 = ORIENTED_EDGE('',*,*,#7964,.T.);
#7964 = EDGE_CURVE('',#7956,#7965,#7967,.T.);
#7965 = VERTEX_POINT('',#7966);
#7966 = CARTESIAN_POINT('',(56.,-52.2049981122,533.42247071493));
#7967 = B_SPLINE_CURVE_WITH_KNOTS('',4,(#7968,#7969,#7970,#7971,#7972),
  .UNSPECIFIED.,.F.,.F.,(5,5),(0.,1.),.PIECEWISE_BEZIER_KNOTS.);
#7968 = CARTESIAN_POINT('',(56.,-56.09064615505,531.88969414465));
#7969 = CARTESIAN_POINT('',(56.,-54.83959813269,532.26983636489));
#7970 = CARTESIAN_POINT('',(56.,-53.7780671487,532.67292905104));
#7971 = CARTESIAN_POINT('',(56.,-52.90329915591,533.06684417697));
#7972 = CARTESIAN_POINT('',(56.,-52.2049981122,533.42247071493));
#7973 = ORIENTED_EDGE('',*,*,#7974,.T.);
#7974 = EDGE_CURVE('',#7965,#7975,#7977,.T.);
#7975 = VERTEX_POINT('',#7976);
#7976 = CARTESIAN_POINT('',(56.,-51.29451317476,533.25802413912));
#7977 = CIRCLE('',#7978,0.76);
#7978 = AXIS2_PLACEMENT_3D('',#7979,#7980,#7981);
#7979 = CARTESIAN_POINT('',(56.,-51.85692968662,532.74686108569));
#7980 = DIRECTION('',(-1.,0.,-2.22044604925E-16));
#7981 = DIRECTION('',(-1.973887805358E-16,-0.457984770497,0.888960038468
    ));
#7982 = ORIENTED_EDGE('',*,*,#7983,.T.);
#7983 = EDGE_CURVE('',#7975,#7984,#7986,.T.);
#7984 = VERTEX_POINT('',#7985);
#7985 = CARTESIAN_POINT('',(56.,-51.03471992556,532.97450955774));
#7986 = CIRCLE('',#7987,69.396969595087);
#7987 = AXIS2_PLACEMENT_3D('',#7988,#7989,#7990);
#7988 = CARTESIAN_POINT('',(56.,-1.241154734544E-09,579.99999999886));
#7989 = DIRECTION('',(1.,0.,2.22044604925E-16));
#7990 = DIRECTION('',(1.495570141427E-16,-0.739146298071,-0.673544913164
    ));
#7991 = ORIENTED_EDGE('',*,*,#7992,.T.);
#7992 = EDGE_CURVE('',#7984,#7993,#7995,.T.);
#7993 = VERTEX_POINT('',#7994);
#7994 = CARTESIAN_POINT('',(56.,-50.95025289827,532.05315720855));
#7995 = CIRCLE('',#7996,0.76);
#7996 = AXIS2_PLACEMENT_3D('',#7997,#7998,#7999);
#7997 = CARTESIAN_POINT('',(56.,-51.59295569561,532.45878402509));
#7998 = DIRECTION('',(-1.,0.,-2.22044604925E-16));
#7999 = DIRECTION('',(-1.506764107216E-16,0.734520750069,0.678586227179)
  );
#8000 = ORIENTED_EDGE('',*,*,#8001,.T.);
#8001 = EDGE_CURVE('',#7993,#8002,#8004,.T.);
#8002 = VERTEX_POINT('',#8003);
#8003 = CARTESIAN_POINT('',(56.,-52.81583236649,528.31587425755));
#8004 = B_SPLINE_CURVE_WITH_KNOTS('',4,(#8005,#8006,#8007,#8008,#8009),
  .UNSPECIFIED.,.F.,.F.,(5,5),(0.,1.),.PIECEWISE_BEZIER_KNOTS.);
#8005 = CARTESIAN_POINT('',(56.,-50.95025289827,532.05315720855));
#8006 = CARTESIAN_POINT('',(56.,-51.36538732734,531.38850792456));
#8007 = CARTESIAN_POINT('',(56.,-51.83404454143,530.55140065346));
#8008 = CARTESIAN_POINT('',(56.,-52.32812185957,529.52904095781));
#8009 = CARTESIAN_POINT('',(56.,-52.81583236649,528.31587425755));
#8010 = ORIENTED_EDGE('',*,*,#8011,.T.);
#8011 = EDGE_CURVE('',#8002,#8012,#8014,.T.);
#8012 = VERTEX_POINT('',#8013);
#8013 = CARTESIAN_POINT('',(56.,-51.68411487156,527.18414645649));
#8014 = CIRCLE('',#8015,73.896969596854);
#8015 = AXIS2_PLACEMENT_3D('',#8016,#8017,#8018);
#8016 = CARTESIAN_POINT('',(56.,2.485842665259E-04,579.99975674137));
#8017 = DIRECTION('',(1.,0.,2.22044604925E-16));
#8018 = DIRECTION('',(1.552990241646E-16,-0.714725938545,-0.699404627359
    ));
#8019 = ORIENTED_EDGE('',*,*,#8020,.T.);
#8020 = EDGE_CURVE('',#8012,#8021,#8023,.T.);
#8021 = VERTEX_POINT('',#8022);
#8022 = CARTESIAN_POINT('',(56.,-47.94684317307,529.04974689039));
#8023 = B_SPLINE_CURVE_WITH_KNOTS('',4,(#8024,#8025,#8026,#8027,#8028),
  .UNSPECIFIED.,.F.,.F.,(5,5),(0.,1.),.PIECEWISE_BEZIER_KNOTS.);
#8024 = CARTESIAN_POINT('',(56.,-51.68411487156,527.18414645649));
#8025 = CARTESIAN_POINT('',(56.,-50.47095904218,527.67187814042));
#8026 = CARTESIAN_POINT('',(56.,-49.44859934653,528.16595545856));
#8027 = CARTESIAN_POINT('',(56.,-48.61149207543,528.63461267265));
#8028 = CARTESIAN_POINT('',(56.,-47.94684317307,529.04974689039));
#8029 = ORIENTED_EDGE('',*,*,#8030,.T.);
#8030 = EDGE_CURVE('',#8021,#8031,#8033,.T.);
#8031 = VERTEX_POINT('',#8032);
#8032 = CARTESIAN_POINT('',(56.,-47.02549044225,528.96528007443));
#8033 = CIRCLE('',#8034,0.76);
#8034 = AXIS2_PLACEMENT_3D('',#8035,#8036,#8037);
#8035 = CARTESIAN_POINT('',(56.,-47.5412159939,528.40704432192));
#8036 = DIRECTION('',(-1.,0.,-2.22044604925E-16));
#8037 = DIRECTION('',(-1.877745235518E-16,-0.533719972601,0.845661274298
    ));
#8038 = ORIENTED_EDGE('',*,*,#8039,.T.);
#8039 = EDGE_CURVE('',#8031,#8040,#8042,.T.);
#8040 = VERTEX_POINT('',#8041);
#8041 = CARTESIAN_POINT('',(56.,-46.74197586087,528.70548682523));
#8042 = CIRCLE('',#8043,69.396969597208);
#8043 = AXIS2_PLACEMENT_3D('',#8044,#8045,#8046);
#8044 = CARTESIAN_POINT('',(56.,2.946656252334E-10,580.00000000032));
#8045 = DIRECTION('',(1.,0.,2.22044604925E-16));
#8046 = DIRECTION('',(1.632922055412E-16,-0.677630316071,-0.735402716028
    ));
#8047 = ORIENTED_EDGE('',*,*,#8048,.T.);
#8048 = EDGE_CURVE('',#8040,#8049,#8051,.T.);
#8049 = VERTEX_POINT('',#8050);
#8050 = CARTESIAN_POINT('',(56.,-46.5775291078,527.79500228639));
#8051 = CIRCLE('',#8052,0.76);
#8052 = AXIS2_PLACEMENT_3D('',#8053,#8054,#8055);
#8053 = CARTESIAN_POINT('',(56.,-47.25313893343,528.14307033076));
#8054 = DIRECTION('',(-1.,0.,-2.22044604925E-16));
#8055 = DIRECTION('',(-1.643178267341E-16,0.672582990209,0.74002170325)
  );
#8056 = ORIENTED_EDGE('',*,*,#8057,.T.);
#8057 = EDGE_CURVE('',#8049,#8058,#8060,.T.);
#8058 = VERTEX_POINT('',#8059);
#8059 = CARTESIAN_POINT('',(56.,-48.11028381146,523.90934486113));
#8060 = B_SPLINE_CURVE_WITH_KNOTS('',4,(#8061,#8062,#8063,#8064,#8065),
  .UNSPECIFIED.,.F.,.F.,(5,5),(0.,1.),.PIECEWISE_BEZIER_KNOTS.);
#8061 = CARTESIAN_POINT('',(56.,-46.5775291078,527.79500228639));
#8062 = CARTESIAN_POINT('',(56.,-46.93315582302,527.09670084408));
#8063 = CARTESIAN_POINT('',(56.,-47.32707094895,526.22193285129));
#8064 = CARTESIAN_POINT('',(56.,-47.7301636351,525.1604018673));
#8065 = CARTESIAN_POINT('',(56.,-48.11028381146,523.90934486113));
#8066 = ORIENTED_EDGE('',*,*,#8067,.T.);
#8067 = EDGE_CURVE('',#8058,#8068,#8070,.T.);
#8068 = VERTEX_POINT('',#8069);
#8069 = CARTESIAN_POINT('',(56.,-46.88423626618,522.88055930488));
#8070 = CIRCLE('',#8071,73.896969596759);
#8071 = AXIS2_PLACEMENT_3D('',#8072,#8073,#8074);
#8072 = CARTESIAN_POINT('',(56.,2.688396538737E-04,579.99977933251));
#8073 = DIRECTION('',(1.,0.,2.22044604925E-16));
#8074 = DIRECTION('',(1.685397713903E-16,-0.651049060789,-0.75903565163)
  );
#8075 = ORIENTED_EDGE('',*,*,#8076,.T.);
#8076 = EDGE_CURVE('',#8068,#8077,#8079,.T.);
#8077 = VERTEX_POINT('',#8078);
#8078 = CARTESIAN_POINT('',(56.,-43.3237838063,525.06478525662));
#8079 = B_SPLINE_CURVE_WITH_KNOTS('',4,(#8080,#8081,#8082,#8083,#8084),
  .UNSPECIFIED.,.F.,.F.,(5,5),(0.,1.),.PIECEWISE_BEZIER_KNOTS.);
#8080 = CARTESIAN_POINT('',(56.,-46.88423626618,522.88055930488));
#8081 = CARTESIAN_POINT('',(56.,-45.71820547817,523.47216851988));
#8082 = CARTESIAN_POINT('',(56.,-44.74279784545,524.05347024329));
#8083 = CARTESIAN_POINT('',(56.,-43.94972218784,524.59330278116));
#8084 = CARTESIAN_POINT('',(56.,-43.3237838063,525.06478525662));
#8085 = ORIENTED_EDGE('',*,*,#8086,.T.);
#8086 = EDGE_CURVE('',#8077,#8087,#8089,.T.);
#8087 = VERTEX_POINT('',#8088);
#8088 = CARTESIAN_POINT('',(56.,-42.3985753327,525.06094104399));
#8089 = CIRCLE('',#8090,0.76);
#8090 = AXIS2_PLACEMENT_3D('',#8091,#8092,#8093);
#8091 = CARTESIAN_POINT('',(56.,-42.86368494128,524.45988110354));
#8092 = DIRECTION('',(-1.,0.,-2.22044604925E-16));
#8093 = DIRECTION('',(-1.767311890623E-16,-0.605393243445,0.795926517206
    ));
#8094 = ORIENTED_EDGE('',*,*,#8095,.T.);
#8095 = EDGE_CURVE('',#8087,#8096,#8098,.T.);
#8096 = VERTEX_POINT('',#8097);
#8097 = CARTESIAN_POINT('',(56.,-42.0934971363,524.82684631045));
#8098 = CIRCLE('',#8099,69.396969600183);
#8099 = AXIS2_PLACEMENT_3D('',#8100,#8101,#8102);
#8100 = CARTESIAN_POINT('',(56.,2.074934002394E-09,580.0000000027));
#8101 = DIRECTION('',(1.,0.,2.22044604925E-16));
#8102 = DIRECTION('',(1.75784644657E-16,-0.610957158202,-0.791663660175)
  );
#8103 = ORIENTED_EDGE('',*,*,#8104,.T.);
#8104 = EDGE_CURVE('',#8096,#8105,#8107,.T.);
#8105 = VERTEX_POINT('',#8106);
#8106 = CARTESIAN_POINT('',(56.,-41.85032219653,523.93415891907));
#8107 = CIRCLE('',#8108,0.76);
#8108 = AXIS2_PLACEMENT_3D('',#8109,#8110,#8111);
#8109 = CARTESIAN_POINT('',(56.,-42.55369725174,524.22201918328));
#8110 = DIRECTION('',(-1.,0.,-2.22044604925E-16));
#8111 = DIRECTION('',(-1.767086848673E-16,0.605526467677,0.795825167322)
  );
#8112 = ORIENTED_EDGE('',*,*,#8113,.T.);
#8113 = EDGE_CURVE('',#8105,#8114,#8116,.T.);
#8114 = VERTEX_POINT('',#8115);
#8115 = CARTESIAN_POINT('',(56.,-43.03858694683,519.92969921877));
#8116 = B_SPLINE_CURVE_WITH_KNOTS('',4,(#8117,#8118,#8119,#8120,#8121),
  .UNSPECIFIED.,.F.,.F.,(5,5),(0.,1.),.PIECEWISE_BEZIER_KNOTS.);
#8117 = CARTESIAN_POINT('',(56.,-41.85032219653,523.93415891907));
#8118 = CARTESIAN_POINT('',(56.,-42.14373466387,523.20751981407));
#8119 = CARTESIAN_POINT('',(56.,-42.45990976968,522.30174861221));
#8120 = CARTESIAN_POINT('',(56.,-42.7689500451,521.20912523164));
#8121 = CARTESIAN_POINT('',(56.,-43.03858694683,519.92969921877));
#8122 = ORIENTED_EDGE('',*,*,#8123,.T.);
#8123 = EDGE_CURVE('',#8114,#8124,#8126,.T.);
#8124 = VERTEX_POINT('',#8125);
#8125 = CARTESIAN_POINT('',(56.,-41.72754031333,519.01168558662));
#8126 = CIRCLE('',#8127,73.896969596836);
#8127 = AXIS2_PLACEMENT_3D('',#8128,#8129,#8130);
#8128 = CARTESIAN_POINT('',(56.,2.870491202742E-04,579.9998036032));
#8129 = DIRECTION('',(1.,0.,2.22044604925E-16));
#8130 = DIRECTION('',(1.804978291886E-16,-0.582417306566,-0.812889956275
    ));
#8131 = ORIENTED_EDGE('',*,*,#8132,.T.);
#8132 = EDGE_CURVE('',#8124,#8133,#8135,.T.);
#8133 = VERTEX_POINT('',#8134);
#8134 = CARTESIAN_POINT('',(56.,-38.37100428515,521.49791377784));
#8135 = B_SPLINE_CURVE_WITH_KNOTS('',4,(#8136,#8137,#8138,#8139,#8140),
  .UNSPECIFIED.,.F.,.F.,(5,5),(0.,1.),.PIECEWISE_BEZIER_KNOTS.);
#8136 = CARTESIAN_POINT('',(56.,-41.72754031333,519.01168558662));
#8137 = CARTESIAN_POINT('',(56.,-40.61750876506,519.70266982934));
#8138 = CARTESIAN_POINT('',(56.,-39.69647663633,520.3667719009));
#8139 = CARTESIAN_POINT('',(56.,-38.95346837682,520.97367131098));
#8140 = CARTESIAN_POINT('',(56.,-38.37100428515,521.49791377784));
#8141 = ORIENTED_EDGE('',*,*,#8142,.T.);
#8142 = EDGE_CURVE('',#8133,#8143,#8145,.T.);
#8143 = VERTEX_POINT('',#8144);
#8144 = CARTESIAN_POINT('',(56.,-37.44898146391,521.5747214253));
#8145 = CIRCLE('',#8146,0.76);
#8146 = AXIS2_PLACEMENT_3D('',#8147,#8148,#8149);
#8147 = CARTESIAN_POINT('',(56.,-37.85993536447,520.935411726));
#8148 = DIRECTION('',(-1.,0.,-2.22044604925E-16));
#8149 = DIRECTION('',(-1.643428235107E-16,-0.67245910616,0.740134278724)
  );
#8150 = ORIENTED_EDGE('',*,*,#8151,.T.);
#8151 = EDGE_CURVE('',#8143,#8152,#8154,.T.);
#8152 = VERTEX_POINT('',#8153);
#8153 = CARTESIAN_POINT('',(56.,-37.12466148178,521.3681068097));
#8154 = CIRCLE('',#8155,69.396969597408);
#8155 = AXIS2_PLACEMENT_3D('',#8156,#8157,#8158);
#8156 = CARTESIAN_POINT('',(56.,3.405418169677E-10,580.00000000053));
#8157 = DIRECTION('',(1.,0.,2.22044604925E-16));
#8158 = DIRECTION('',(1.869392564853E-16,-0.539634247454,-0.841899565848
    ));
#8159 = ORIENTED_EDGE('',*,*,#8160,.T.);
#8160 = EDGE_CURVE('',#8152,#8161,#8163,.T.);
#8161 = VERTEX_POINT('',#8162);
#8162 = CARTESIAN_POINT('',(56.,-36.80460906344,520.50001045585));
#8163 = CIRCLE('',#8164,0.76);
#8164 = AXIS2_PLACEMENT_3D('',#8165,#8166,#8167);
#8165 = CARTESIAN_POINT('',(56.,-37.53039623934,520.72547214949));
#8166 = DIRECTION('',(-1.,0.,-2.22044604925E-16));
#8167 = DIRECTION('',(-1.877546832091E-16,0.533861523099,0.845571921338)
  );
#8168 = ORIENTED_EDGE('',*,*,#8169,.T.);
#8169 = EDGE_CURVE('',#8161,#8170,#8172,.T.);
#8170 = VERTEX_POINT('',#8171);
#8171 = CARTESIAN_POINT('',(56.,-37.63934044813,516.40722483681));
#8172 = B_SPLINE_CURVE_WITH_KNOTS('',4,(#8173,#8174,#8175,#8176,#8177),
  .UNSPECIFIED.,.F.,.F.,(5,5),(0.,1.),.PIECEWISE_BEZIER_KNOTS.);
#8173 = CARTESIAN_POINT('',(56.,-36.80460906344,520.50001045585));
#8174 = CARTESIAN_POINT('',(56.,-37.03357423685,519.7505638505));
#8175 = CARTESIAN_POINT('',(56.,-37.26960303906,518.82068290534));
#8176 = CARTESIAN_POINT('',(56.,-37.48223892066,517.70528265186));
#8177 = CARTESIAN_POINT('',(56.,-37.63934044813,516.40722483681));
#8178 = ORIENTED_EDGE('',*,*,#8179,.T.);
#8179 = EDGE_CURVE('',#8170,#8180,#8182,.T.);
#8180 = VERTEX_POINT('',#8181);
#8181 = CARTESIAN_POINT('',(56.,-36.25327258293,515.6069697668));
#8182 = CIRCLE('',#8183,73.89696959701);
#8183 = AXIS2_PLACEMENT_3D('',#8184,#8185,#8186);
#8184 = CARTESIAN_POINT('',(56.,3.030740070926E-04,579.99982936868));
#8185 = DIRECTION('',(1.,0.,2.22044604925E-16));
#8186 = DIRECTION('',(1.910821895192E-16,-0.509353004966,-0.860557677516
    ));
#8187 = ORIENTED_EDGE('',*,*,#8188,.T.);
#8188 = EDGE_CURVE('',#8180,#8189,#8191,.T.);
#8189 = VERTEX_POINT('',#8190);
#8190 = CARTESIAN_POINT('',(56.,-33.12619825234,518.37627849973));
#8191 = B_SPLINE_CURVE_WITH_KNOTS('',4,(#8192,#8193,#8194,#8195,#8196),
  .UNSPECIFIED.,.F.,.F.,(5,5),(0.,1.),.PIECEWISE_BEZIER_KNOTS.);
#8192 = CARTESIAN_POINT('',(56.,-36.25327258293,515.6069697668));
#8193 = CARTESIAN_POINT('',(56.,-35.20768828472,516.39207022992));
#8194 = CARTESIAN_POINT('',(56.,-34.34804127062,517.13391843188));
#8195 = CARTESIAN_POINT('',(56.,-33.66075515072,517.8032658432));
#8196 = CARTESIAN_POINT('',(56.,-33.12619825234,518.37627849973));
#8197 = ORIENTED_EDGE('',*,*,#8198,.T.);
#8198 = EDGE_CURVE('',#8189,#8199,#8201,.T.);
#8199 = VERTEX_POINT('',#8200);
#8200 = CARTESIAN_POINT('',(56.,-32.21437823387,518.53315345472));
#8201 = CIRCLE('',#8202,0.76);
#8202 = AXIS2_PLACEMENT_3D('',#8203,#8204,#8205);
#8203 = CARTESIAN_POINT('',(56.,-32.56804881908,517.86045952941));
#8204 = DIRECTION('',(-1.,0.,-2.22044604925E-16));
#8205 = DIRECTION('',(-1.507037098394E-16,-0.734407149036,0.678709171476
    ));
#8206 = ORIENTED_EDGE('',*,*,#8207,.T.);
#8207 = EDGE_CURVE('',#8199,#8208,#8210,.T.);
#8208 = VERTEX_POINT('',#8209);
#8209 = CARTESIAN_POINT('',(56.,-31.8732847369,518.35559141905));
#8210 = CIRCLE('',#8211,69.396969596054);
#8211 = AXIS2_PLACEMENT_3D('',#8212,#8213,#8214);
#8212 = CARTESIAN_POINT('',(56.,-3.318945118735E-10,579.99999999936));
#8213 = DIRECTION('',(1.,0.,2.22044604925E-16));
#8214 = DIRECTION('',(1.966711476947E-16,-0.464204394242,-0.885728107472
    ));
#8215 = ORIENTED_EDGE('',*,*,#8216,.T.);
#8216 = EDGE_CURVE('',#8208,#8217,#8219,.T.);
#8217 = VERTEX_POINT('',#8218);
#8218 = CARTESIAN_POINT('',(56.,-31.47879063214,517.51869284015));
#8219 = CIRCLE('',#8220,0.76);
#8220 = AXIS2_PLACEMENT_3D('',#8221,#8222,#8223);
#8221 = CARTESIAN_POINT('',(56.,-32.22146625008,517.68004006357));
#8222 = DIRECTION('',(-1.,0.,-2.22044604925E-16));
#8223 = DIRECTION('',(-1.973717550423E-16,0.458133569976,0.888883362462)
  );
#8224 = ORIENTED_EDGE('',*,*,#8225,.T.);
#8225 = EDGE_CURVE('',#8217,#8226,#8228,.T.);
#8226 = VERTEX_POINT('',#8227);
#8227 = CARTESIAN_POINT('',(56.,-31.95363584136,513.3687298722));
#8228 = B_SPLINE_CURVE_WITH_KNOTS('',4,(#8229,#8230,#8231,#8232,#8233),
  .UNSPECIFIED.,.F.,.F.,(5,5),(0.,1.),.PIECEWISE_BEZIER_KNOTS.);
#8229 = CARTESIAN_POINT('',(56.,-31.47879063214,517.51869284015));
#8230 = CARTESIAN_POINT('',(56.,-31.6415659484,516.75214247564));
#8231 = CARTESIAN_POINT('',(56.,-31.79565212532,515.80522874265));
#8232 = CARTESIAN_POINT('',(56.,-31.91026532563,514.67554048569));
#8233 = CARTESIAN_POINT('',(56.,-31.95363584136,513.3687298722));
#8234 = ORIENTED_EDGE('',*,*,#8235,.T.);
#8235 = EDGE_CURVE('',#8226,#8236,#8238,.T.);
#8236 = VERTEX_POINT('',#8237);
#8237 = CARTESIAN_POINT('',(56.,-30.50309555784,512.69232378862));
#8238 = CIRCLE('',#8239,73.896969597021);
#8239 = AXIS2_PLACEMENT_3D('',#8240,#8241,#8242);
#8240 = CARTESIAN_POINT('',(56.,3.167922229519E-04,579.99985643263));
#8241 = DIRECTION('',(1.,0.,2.22044604925E-16));
#8242 = DIRECTION('',(2.002122990091E-16,-0.432412219443,-0.901676035212
    ));
#8243 = ORIENTED_EDGE('',*,*,#8244,.T.);
#8244 = EDGE_CURVE('',#8236,#8245,#8247,.T.);
#8245 = VERTEX_POINT('',#8246);
#8246 = CARTESIAN_POINT('',(56.,-27.62928184869,515.72363695166));
#8247 = B_SPLINE_CURVE_WITH_KNOTS('',4,(#8248,#8249,#8250,#8251,#8252),
  .UNSPECIFIED.,.F.,.F.,(5,5),(0.,1.),.PIECEWISE_BEZIER_KNOTS.);
#8248 = CARTESIAN_POINT('',(56.,-30.50309555784,512.69232378862));
#8249 = CARTESIAN_POINT('',(56.,-29.52991603755,513.56556538357));
#8250 = CARTESIAN_POINT('',(56.,-28.73819657092,514.37951380316));
#8251 = CARTESIAN_POINT('',(56.,-28.111863253,515.10621507776));
#8252 = CARTESIAN_POINT('',(56.,-27.62928184869,515.72363695166));
#8253 = ORIENTED_EDGE('',*,*,#8254,.T.);
#8254 = EDGE_CURVE('',#8245,#8255,#8257,.T.);
#8255 = VERTEX_POINT('',#8256);
#8256 = CARTESIAN_POINT('',(56.,-26.73460413389,515.95938530105));
#8257 = CIRCLE('',#8258,0.76);
#8258 = AXIS2_PLACEMENT_3D('',#8259,#8260,#8261);
#8259 = CARTESIAN_POINT('',(56.,-27.02829975704,515.25842675667));
#8260 = DIRECTION('',(-1.,0.,-2.22044604925E-16));
#8261 = DIRECTION('',(-1.359176499387E-16,-0.79076591006,0.612118677617)
  );
#8262 = ORIENTED_EDGE('',*,*,#8263,.T.);
#8263 = EDGE_CURVE('',#8255,#8264,#8266,.T.);
#8264 = VERTEX_POINT('',#8265);
#8265 = CARTESIAN_POINT('',(56.,-26.37933304956,515.8122271996));
#8266 = CIRCLE('',#8267,69.396969597216);
#8267 = AXIS2_PLACEMENT_3D('',#8268,#8269,#8270);
#8268 = CARTESIAN_POINT('',(56.,1.700488638789E-10,580.00000000041));
#8269 = DIRECTION('',(1.,0.,2.22044604925E-16));
#8270 = DIRECTION('',(2.049062527169E-16,-0.385241665295,-0.922815723382
    ));
#8271 = ORIENTED_EDGE('',*,*,#8272,.T.);
#8272 = EDGE_CURVE('',#8264,#8273,#8275,.T.);
#8273 = VERTEX_POINT('',#8274);
#8274 = CARTESIAN_POINT('',(56.,-25.91339959671,515.01289569917));
#8275 = CIRCLE('',#8276,0.76);
#8276 = AXIS2_PLACEMENT_3D('',#8277,#8278,#8279);
#8277 = CARTESIAN_POINT('',(56.,-26.66731144681,515.1089005026));
#8278 = DIRECTION('',(-1.,0.,-2.22044604925E-16));
#8279 = DIRECTION('',(-2.054867086432E-16,0.378918943756,0.925429864475)
  );
#8280 = ORIENTED_EDGE('',*,*,#8281,.T.);
#8281 = EDGE_CURVE('',#8273,#8282,#8284,.T.);
#8282 = VERTEX_POINT('',#8283);
#8283 = CARTESIAN_POINT('',(56.,-26.02474477171,510.83733910632));
#8284 = B_SPLINE_CURVE_WITH_KNOTS('',4,(#8285,#8286,#8287,#8288,#8289),
  .UNSPECIFIED.,.F.,.F.,(5,5),(0.,1.),.PIECEWISE_BEZIER_KNOTS.);
#8285 = CARTESIAN_POINT('',(56.,-25.91339959671,515.01289569917));
#8286 = CARTESIAN_POINT('',(56.,-26.00874623738,514.23507548664));
#8287 = CARTESIAN_POINT('',(56.,-26.07971710016,513.27833555109));
#8288 = CARTESIAN_POINT('',(56.,-26.09543534354,512.1429569004));
#8289 = CARTESIAN_POINT('',(56.,-26.02474477171,510.83733910632));
#8290 = ORIENTED_EDGE('',*,*,#8291,.T.);
#8291 = EDGE_CURVE('',#8282,#8292,#8294,.T.);
#8292 = VERTEX_POINT('',#8293);
#8293 = CARTESIAN_POINT('',(56.,-24.52077155728,510.2899298679));
#8294 = CIRCLE('',#8295,73.89696959697);
#8295 = AXIS2_PLACEMENT_3D('',#8296,#8297,#8298);
#8296 = CARTESIAN_POINT('',(56.,3.280994350128E-04,579.99988458917));
#8297 = DIRECTION('',(1.,0.,2.22044604925E-16));
#8298 = DIRECTION('',(2.078186720119E-16,-0.352180515833,-0.935932093834
    ));
#8299 = ORIENTED_EDGE('',*,*,#8300,.T.);
#8300 = EDGE_CURVE('',#8292,#8301,#8303,.T.);
#8301 = VERTEX_POINT('',#8302);
#8302 = CARTESIAN_POINT('',(56.,-21.92208992715,513.56017733751));
#8303 = B_SPLINE_CURVE_WITH_KNOTS('',4,(#8304,#8305,#8306,#8307,#8308),
  .UNSPECIFIED.,.F.,.F.,(5,5),(0.,1.),.PIECEWISE_BEZIER_KNOTS.);
#8304 = CARTESIAN_POINT('',(56.,-24.52077155728,510.2899298679));
#8305 = CARTESIAN_POINT('',(56.,-23.62740329869,511.24466669886));
#8306 = CARTESIAN_POINT('',(56.,-22.90963684272,512.12452069714));
#8307 = CARTESIAN_POINT('',(56.,-22.34902310151,512.90304519953));
#8308 = CARTESIAN_POINT('',(56.,-21.92208992715,513.56017733751));
#8309 = ORIENTED_EDGE('',*,*,#8310,.T.);
#8310 = EDGE_CURVE('',#8301,#8311,#8313,.T.);
#8311 = VERTEX_POINT('',#8312);
#8312 = CARTESIAN_POINT('',(56.,-21.05136355366,513.87300489401));
#8313 = CIRCLE('',#8314,0.76);
#8314 = AXIS2_PLACEMENT_3D('',#8315,#8316,#8317);
#8315 = CARTESIAN_POINT('',(56.,-21.28284901373,513.14911644834));
#8316 = DIRECTION('',(-1.,0.,-2.22044604925E-16));
#8317 = DIRECTION('',(-1.200971746527E-16,-0.84110646503,0.540869591014)
  );
#8318 = ORIENTED_EDGE('',*,*,#8319,.T.);
#8319 = EDGE_CURVE('',#8311,#8320,#8322,.T.);
#8320 = VERTEX_POINT('',#8321);
#8321 = CARTESIAN_POINT('',(56.,-20.68461870943,513.7573706888));
#8322 = CIRCLE('',#8323,69.396969595091);
#8323 = AXIS2_PLACEMENT_3D('',#8324,#8325,#8326);
#8324 = CARTESIAN_POINT('',(56.,-5.060183383421E-10,579.99999999839));
#8325 = DIRECTION('',(1.,0.,2.22044604925E-16));
#8326 = DIRECTION('',(2.115818974301E-16,-0.303347014661,-0.952880154425
    ));
#8327 = ORIENTED_EDGE('',*,*,#8328,.T.);
#8328 = EDGE_CURVE('',#8320,#8329,#8331,.T.);
#8329 = VERTEX_POINT('',#8330);
#8330 = CARTESIAN_POINT('',(56.,-20.15079194342,513.00168966221));
#8331 = CIRCLE('',#8332,0.76);
#8332 = AXIS2_PLACEMENT_3D('',#8333,#8334,#8335);
#8333 = CARTESIAN_POINT('',(56.,-20.91020230127,513.03162139111));
#8334 = DIRECTION('',(-1.,0.,-2.22044604925E-16));
#8335 = DIRECTION('',(-2.120377843152E-16,0.296820515577,0.95493328643)
  );
#8336 = ORIENTED_EDGE('',*,*,#8337,.T.);
#8337 = EDGE_CURVE('',#8329,#8338,#8340,.T.);
#8338 = VERTEX_POINT('',#8339);
#8339 = CARTESIAN_POINT('',(56.,-19.89778968018,508.8323179514));
#8340 = B_SPLINE_CURVE_WITH_KNOTS('',4,(#8341,#8342,#8343,#8344,#8345),
  .UNSPECIFIED.,.F.,.F.,(5,5),(0.,1.),.PIECEWISE_BEZIER_KNOTS.);
#8341 = CARTESIAN_POINT('',(56.,-20.15079194342,513.00168966221));
#8342 = CARTESIAN_POINT('',(56.,-20.17798426299,512.21851928313));
#8343 = CARTESIAN_POINT('',(56.,-20.16529968051,511.25923451362));
#8344 = CARTESIAN_POINT('',(56.,-20.08200334162,510.12680638631));
#8345 = CARTESIAN_POINT('',(56.,-19.89778968018,508.8323179514));
#8346 = ORIENTED_EDGE('',*,*,#8347,.T.);
#8347 = EDGE_CURVE('',#8338,#8348,#8350,.T.);
#8348 = VERTEX_POINT('',#8349);
#8349 = CARTESIAN_POINT('',(56.,-18.35182967913,508.41807167298));
#8350 = CIRCLE('',#8351,73.89696959669);
#8351 = AXIS2_PLACEMENT_3D('',#8352,#8353,#8354);
#8352 = CARTESIAN_POINT('',(56.,3.369095625221E-04,579.99991362382));
#8353 = DIRECTION('',(1.,0.,2.22044604925E-16));
#8354 = DIRECTION('',(2.138434194364E-16,-0.269268505845,-0.96306514409)
  );
#8355 = ORIENTED_EDGE('',*,*,#8356,.T.);
#8356 = EDGE_CURVE('',#8348,#8357,#8359,.T.);
#8357 = VERTEX_POINT('',#8358);
#8358 = CARTESIAN_POINT('',(56.,-16.04805766435,511.90236489129));
#8359 = B_SPLINE_CURVE_WITH_KNOTS('',4,(#8360,#8361,#8362,#8363,#8364),
  .UNSPECIFIED.,.F.,.F.,(5,5),(0.,1.),.PIECEWISE_BEZIER_KNOTS.);
#8360 = CARTESIAN_POINT('',(56.,-18.35182967913,508.41807167298));
#8361 = CARTESIAN_POINT('',(56.,-17.54507175411,509.44703761618));
#8362 = CARTESIAN_POINT('',(56.,-16.90672094493,510.38610097295));
#8363 = CARTESIAN_POINT('',(56.,-16.41609338951,511.21052366157));
#8364 = CARTESIAN_POINT('',(56.,-16.04805766435,511.90236489129));
#8365 = ORIENTED_EDGE('',*,*,#8366,.T.);
#8366 = EDGE_CURVE('',#8357,#8367,#8369,.T.);
#8367 = VERTEX_POINT('',#8368);
#8368 = CARTESIAN_POINT('',(56.,-15.20790938563,512.28989084831));
#8369 = CIRCLE('',#8370,0.76);
#8370 = AXIS2_PLACEMENT_3D('',#8371,#8372,#8373);
#8371 = CARTESIAN_POINT('',(56.,-15.37542293848,511.54858172951));
#8372 = DIRECTION('',(-1.,0.,-2.22044604925E-16));
#8373 = DIRECTION('',(-1.03362687351E-16,-0.885045691928,0.465504160238)
  );
#8374 = ORIENTED_EDGE('',*,*,#8375,.T.);
#8375 = EDGE_CURVE('',#8367,#8376,#8378,.T.);
#8376 = VERTEX_POINT('',#8377);
#8377 = CARTESIAN_POINT('',(56.,-14.83248193121,512.20666058545));
#8378 = CIRCLE('',#8379,69.396969596066);
#8379 = AXIS2_PLACEMENT_3D('',#8380,#8381,#8382);
#8380 = CARTESIAN_POINT('',(56.,-1.560742646234E-10,579.99999999931));
#8381 = DIRECTION('',(1.,0.,2.22044604925E-16));
#8382 = DIRECTION('',(2.166472761473E-16,-0.219143710078,-0.975692592128
    ));
#8383 = ORIENTED_EDGE('',*,*,#8384,.T.);
#8384 = EDGE_CURVE('',#8376,#8385,#8387,.T.);
#8385 = VERTEX_POINT('',#8386);
#8386 = CARTESIAN_POINT('',(56.,-14.23482459606,511.5003812216));
#8387 = CIRCLE('',#8388,0.76);
#8388 = AXIS2_PLACEMENT_3D('',#8389,#8390,#8391);
#8389 = CARTESIAN_POINT('',(56.,-14.99395389029,511.46401207746));
#8390 = DIRECTION('',(-1.,0.,-2.22044604925E-16));
#8391 = DIRECTION('',(-2.169751244165E-16,0.212463104049,0.977169089471)
  );
#8392 = ORIENTED_EDGE('',*,*,#8393,.T.);
#8393 = EDGE_CURVE('',#8385,#8394,#8396,.T.);
#8394 = VERTEX_POINT('',#8395);
#8395 = CARTESIAN_POINT('',(56.,-13.61940039456,507.36892582909));
#8396 = B_SPLINE_CURVE_WITH_KNOTS('',4,(#8397,#8398,#8399,#8400,#8401),
  .UNSPECIFIED.,.F.,.F.,(5,5),(0.,1.),.PIECEWISE_BEZIER_KNOTS.);
#8397 = CARTESIAN_POINT('',(56.,-14.23482459606,511.5003812216));
#8398 = CARTESIAN_POINT('',(56.,-14.19365564455,510.71782107545));
#8399 = CARTESIAN_POINT('',(56.,-14.09741215415,509.76329220832));
#8400 = CARTESIAN_POINT('',(56.,-13.91573516843,508.6424330662));
#8401 = CARTESIAN_POINT('',(56.,-13.61940039456,507.36892582909));
#8402 = ORIENTED_EDGE('',*,*,#8403,.T.);
#8403 = EDGE_CURVE('',#8394,#8404,#8406,.T.);
#8404 = VERTEX_POINT('',#8405);
#8405 = CARTESIAN_POINT('',(56.,-12.04321929598,507.09099517498));
#8406 = CIRCLE('',#8407,73.896969597359);
#8407 = AXIS2_PLACEMENT_3D('',#8408,#8409,#8410);
#8408 = CARTESIAN_POINT('',(56.,3.431558150968E-04,579.99994331677));
#8409 = DIRECTION('',(1.,0.,2.22044604925E-16));
#8410 = DIRECTION('',(2.182406893168E-16,-0.184307199938,-0.982868687084
    ));
#8411 = ORIENTED_EDGE('',*,*,#8412,.T.);
#8412 = EDGE_CURVE('',#8404,#8413,#8415,.T.);
#8413 = VERTEX_POINT('',#8414);
#8414 = CARTESIAN_POINT('',(56.,-10.05188999263,510.76281656673));
#8415 = B_SPLINE_CURVE_WITH_KNOTS('',4,(#8416,#8417,#8418,#8419,#8420),
  .UNSPECIFIED.,.F.,.F.,(5,5),(0.,1.),.PIECEWISE_BEZIER_KNOTS.);
#8416 = CARTESIAN_POINT('',(56.,-12.04321929598,507.09099517498));
#8417 = CARTESIAN_POINT('',(56.,-11.32921161947,508.18635917828));
#8418 = CARTESIAN_POINT('',(56.,-10.7751346922,509.17748505438));
#8419 = CARTESIAN_POINT('',(56.,-10.35822729451,510.04153157477));
#8420 = CARTESIAN_POINT('',(56.,-10.05188999263,510.76281656673));
#8421 = ORIENTED_EDGE('',*,*,#8422,.T.);
#8422 = EDGE_CURVE('',#8413,#8423,#8425,.T.);
#8423 = VERTEX_POINT('',#8424);
#8424 = CARTESIAN_POINT('',(56.,-9.248713844387,511.22209161773));
#8425 = CIRCLE('',#8426,0.76);
#8426 = AXIS2_PLACEMENT_3D('',#8427,#8428,#8429);
#8427 = CARTESIAN_POINT('',(56.,-9.350980610742,510.46900363582));
#8428 = DIRECTION('',(-1.,0.,-2.22044604925E-16));
#8429 = DIRECTION('',(-8.584154758641E-17,-0.922249186706,0.386595961723
    ));
#8430 = ORIENTED_EDGE('',*,*,#8431,.T.);
#8431 = EDGE_CURVE('',#8423,#8432,#8434,.T.);
#8432 = VERTEX_POINT('',#8433);
#8433 = CARTESIAN_POINT('',(56.,-8.867461009397,511.17189872979));
#8434 = CIRCLE('',#8435,69.396969596643);
#8435 = AXIS2_PLACEMENT_3D('',#8436,#8437,#8438);
#8436 = CARTESIAN_POINT('',(56.,-1.740474431244E-11,579.99999999987));
#8437 = DIRECTION('',(1.,0.,2.22044604925E-16));
#8438 = DIRECTION('',(2.200638382778E-16,-0.13327258954,-0.991079420065)
  );
#8439 = ORIENTED_EDGE('',*,*,#8440,.T.);
#8440 = EDGE_CURVE('',#8432,#8441,#8443,.T.);
#8441 = VERTEX_POINT('',#8442);
#8442 = CARTESIAN_POINT('',(56.,-8.210521638301,510.5203962411));
#8443 = CIRCLE('',#8444,0.76);
#8444 = AXIS2_PLACEMENT_3D('',#8445,#8446,#8447);
#8445 = CARTESIAN_POINT('',(56.,-8.963592436605,510.41800301505));
#8446 = DIRECTION('',(-1.,0.,-2.22044604925E-16));
#8447 = DIRECTION('',(-2.20261152808E-16,0.126488720011,0.99196804571));
#8448 = ORIENTED_EDGE('',*,*,#8449,.T.);
#8449 = EDGE_CURVE('',#8441,#8450,#8452,.T.);
#8450 = VERTEX_POINT('',#8451);
#8451 = CARTESIAN_POINT('',(56.,-7.237359248334,506.45830003707));
#8452 = B_SPLINE_CURVE_WITH_KNOTS('',4,(#8453,#8454,#8455,#8456,#8457),
  .UNSPECIFIED.,.F.,.F.,(5,5),(0.,1.),.PIECEWISE_BEZIER_KNOTS.);
#8453 = CARTESIAN_POINT('',(56.,-8.210521638301,510.5203962411));
#8454 = CARTESIAN_POINT('',(56.,-8.101304736304,509.74440208312));
#8455 = CARTESIAN_POINT('',(56.,-7.922234809045,508.80189365939));
#8456 = CARTESIAN_POINT('',(56.,-7.643559848067,507.70113391734));
#8457 = CARTESIAN_POINT('',(56.,-7.237359248334,506.45830003707));
#8458 = ORIENTED_EDGE('',*,*,#8459,.T.);
#8459 = EDGE_CURVE('',#8450,#8460,#8462,.T.);
#8460 = VERTEX_POINT('',#8461);
#8461 = CARTESIAN_POINT('',(56.,-5.642952742101,506.31880022735));
#8462 = CIRCLE('',#8463,73.89696959691);
#8463 = AXIS2_PLACEMENT_3D('',#8464,#8465,#8466);
#8464 = CARTESIAN_POINT('',(56.,3.467902340786E-04,579.99997344002));
#8465 = DIRECTION('',(1.,0.,2.22044604925E-16));
#8466 = DIRECTION('',(2.209770157742E-16,-9.794320495208E-02,
    -0.995192005898));
#8467 = ORIENTED_EDGE('',*,*,#8468,.T.);
#8468 = EDGE_CURVE('',#8460,#8469,#8471,.T.);
#8469 = VERTEX_POINT('',#8470);
#8470 = CARTESIAN_POINT('',(56.,-3.979221368585,510.15020501464));
#8471 = B_SPLINE_CURVE_WITH_KNOTS('',4,(#8472,#8473,#8474,#8475,#8476),
  .UNSPECIFIED.,.F.,.F.,(5,5),(0.,1.),.PIECEWISE_BEZIER_KNOTS.);
#8472 = CARTESIAN_POINT('',(56.,-5.642952742101,506.31880022735));
#8473 = CARTESIAN_POINT('',(56.,-5.027129343649,507.4722259093));
#8474 = CARTESIAN_POINT('',(56.,-4.561543158252,508.50787123834));
#8475 = CARTESIAN_POINT('',(56.,-4.22152883534,509.40496567476));
#8476 = CARTESIAN_POINT('',(56.,-3.979221368585,510.15020501464));
#8477 = ORIENTED_EDGE('',*,*,#8478,.T.);
#8478 = EDGE_CURVE('',#8469,#8479,#8481,.T.);
#8479 = VERTEX_POINT('',#8480);
#8480 = CARTESIAN_POINT('',(56.,-3.219130006259,510.67773379917));
#8481 = CIRCLE('',#8482,0.76);
#8482 = AXIS2_PLACEMENT_3D('',#8483,#8484,#8485);
#8483 = CARTESIAN_POINT('',(56.,-3.255371674275,509.91859840841));
#8484 = DIRECTION('',(-1.,0.,-2.22044604925E-16));
#8485 = DIRECTION('',(-6.766710181215E-17,-0.952433808303,0.304745534506
    ));
#8486 = ORIENTED_EDGE('',*,*,#8487,.T.);
#8487 = EDGE_CURVE('',#8479,#72,#8488,.T.);
#8488 = CIRCLE('',#8489,69.396969597519);
#8489 = AXIS2_PLACEMENT_3D('',#8490,#8491,#8492);
#8490 = CARTESIAN_POINT('',(56.,2.959921197032E-11,580.00000000074));
#8491 = DIRECTION('',(1.,0.,2.22044604925E-16));
#8492 = DIRECTION('',(2.218055817208E-16,-4.638718412286E-02,
    -0.998923535186));
#8493 = ORIENTED_EDGE('',*,*,#79,.T.);
#8494 = FACE_BOUND('',#8495,.T.);
#8495 = EDGE_LOOP('',(#8496,#8507,#8516,#8525,#8534));
#8496 = ORIENTED_EDGE('',*,*,#8497,.F.);
#8497 = EDGE_CURVE('',#8498,#8500,#8502,.T.);
#8498 = VERTEX_POINT('',#8499);
#8499 = CARTESIAN_POINT('',(56.,-55.16127794511,597.92298567374));
#8500 = VERTEX_POINT('',#8501);
#8501 = CARTESIAN_POINT('',(56.,-57.9646679671,577.97582919125));
#8502 = CIRCLE('',#8503,58.);
#8503 = AXIS2_PLACEMENT_3D('',#8504,#8505,#8506);
#8504 = CARTESIAN_POINT('',(56.,0.,580.));
#8505 = DIRECTION('',(1.,-0.,2.22044604925E-16));
#8506 = DIRECTION('',(2.22044604925E-16,0.,-1.));
#8507 = ORIENTED_EDGE('',*,*,#8508,.F.);
#8508 = EDGE_CURVE('',#8509,#8498,#8511,.T.);
#8509 = VERTEX_POINT('',#8510);
#8510 = CARTESIAN_POINT('',(56.,-38.0422606518,592.36067977499));
#8511 = CIRCLE('',#8512,9.);
#8512 = AXIS2_PLACEMENT_3D('',#8513,#8514,#8515);
#8513 = CARTESIAN_POINT('',(56.,-46.60176929846,595.14183272437));
#8514 = DIRECTION('',(1.,-0.,2.22044604925E-16));
#8515 = DIRECTION('',(2.22044604925E-16,0.,-1.));
#8516 = ORIENTED_EDGE('',*,*,#8517,.T.);
#8517 = EDGE_CURVE('',#8509,#8518,#8520,.T.);
#8518 = VERTEX_POINT('',#8519);
#8519 = CARTESIAN_POINT('',(56.,-39.97563308076,578.6040201319));
#8520 = CIRCLE('',#8521,40.);
#8521 = AXIS2_PLACEMENT_3D('',#8522,#8523,#8524);
#8522 = CARTESIAN_POINT('',(56.,0.,580.));
#8523 = DIRECTION('',(1.,-0.,2.22044604925E-16));
#8524 = DIRECTION('',(2.22044604925E-16,0.,-1.));
#8525 = ORIENTED_EDGE('',*,*,#8526,.F.);
#8526 = EDGE_CURVE('',#8527,#8518,#8529,.T.);
#8527 = VERTEX_POINT('',#8528);
#8528 = CARTESIAN_POINT('',(56.,-48.97015052393,569.28992466157));
#8529 = CIRCLE('',#8530,9.);
#8530 = AXIS2_PLACEMENT_3D('',#8531,#8532,#8533);
#8531 = CARTESIAN_POINT('',(56.,-48.97015052393,578.28992466157));
#8532 = DIRECTION('',(1.,-0.,2.22044604925E-16));
#8533 = DIRECTION('',(2.22044604925E-16,0.,-1.));
#8534 = ORIENTED_EDGE('',*,*,#8535,.F.);
#8535 = EDGE_CURVE('',#8500,#8527,#8536,.T.);
#8536 = CIRCLE('',#8537,9.);
#8537 = AXIS2_PLACEMENT_3D('',#8538,#8539,#8540);
#8538 = CARTESIAN_POINT('',(56.,-48.97015052393,578.28992466157));
#8539 = DIRECTION('',(1.,-0.,2.22044604925E-16));
#8540 = DIRECTION('',(2.22044604925E-16,0.,-1.));
#8541 = FACE_BOUND('',#8542,.T.);
#8542 = EDGE_LOOP('',(#8543,#8554,#8563,#8572,#8581));
#8543 = ORIENTED_EDGE('',*,*,#8544,.F.);
#8544 = EDGE_CURVE('',#8545,#8547,#8549,.T.);
#8545 = VERTEX_POINT('',#8546);
#8546 = CARTESIAN_POINT('',(56.,-12.05887806743,636.73256084256));
#8547 = VERTEX_POINT('',#8548);
#8548 = CARTESIAN_POINT('',(56.,-30.73531732552,629.18678957707));
#8549 = CIRCLE('',#8550,58.);
#8550 = AXIS2_PLACEMENT_3D('',#8551,#8552,#8553);
#8551 = CARTESIAN_POINT('',(56.,0.,580.));
#8552 = DIRECTION('',(1.,-0.,2.22044604925E-16));
#8553 = DIRECTION('',(2.22044604925E-16,0.,-1.));
#8554 = ORIENTED_EDGE('',*,*,#8555,.F.);
#8555 = EDGE_CURVE('',#8556,#8545,#8558,.T.);
#8556 = VERTEX_POINT('',#8557);
#8557 = CARTESIAN_POINT('',(56.,-8.31646763271,619.12590402935));
#8558 = CIRCLE('',#8559,9.);
#8559 = AXIS2_PLACEMENT_3D('',#8560,#8561,#8562);
#8560 = CARTESIAN_POINT('',(56.,-10.18767285007,627.92923243595));
#8561 = DIRECTION('',(1.,-0.,2.22044604925E-16));
#8562 = DIRECTION('',(2.22044604925E-16,0.,-1.));
#8563 = ORIENTED_EDGE('',*,*,#8564,.T.);
#8564 = EDGE_CURVE('',#8556,#8565,#8567,.T.);
#8565 = VERTEX_POINT('',#8566);
#8566 = CARTESIAN_POINT('',(56.,-21.19677056932,613.92192384625));
#8567 = CIRCLE('',#8568,40.);
#8568 = AXIS2_PLACEMENT_3D('',#8569,#8570,#8571);
#8569 = CARTESIAN_POINT('',(56.,0.,580.));
#8570 = DIRECTION('',(1.,-0.,2.22044604925E-16));
#8571 = DIRECTION('',(2.22044604925E-16,0.,-1.));
#8572 = ORIENTED_EDGE('',*,*,#8573,.F.);
#8573 = EDGE_CURVE('',#8574,#8565,#8576,.T.);
#8574 = VERTEX_POINT('',#8575);
#8575 = CARTESIAN_POINT('',(56.,-25.96604394742,612.55435671166));
#8576 = CIRCLE('',#8577,9.);
#8577 = AXIS2_PLACEMENT_3D('',#8578,#8579,#8580);
#8578 = CARTESIAN_POINT('',(56.,-25.96604394742,621.55435671166));
#8579 = DIRECTION('',(1.,-0.,2.22044604925E-16));
#8580 = DIRECTION('',(2.22044604925E-16,0.,-1.));
#8581 = ORIENTED_EDGE('',*,*,#8582,.F.);
#8582 = EDGE_CURVE('',#8547,#8574,#8583,.T.);
#8583 = CIRCLE('',#8584,9.);
#8584 = AXIS2_PLACEMENT_3D('',#8585,#8586,#8587);
#8585 = CARTESIAN_POINT('',(56.,-25.96604394742,621.55435671166));
#8586 = DIRECTION('',(1.,-0.,2.22044604925E-16));
#8587 = DIRECTION('',(2.22044604925E-16,0.,-1.));
#8588 = FACE_BOUND('',#8589,.T.);
#8589 = EDGE_LOOP('',(#8590));
#8590 = ORIENTED_EDGE('',*,*,#8591,.T.);
#8591 = EDGE_CURVE('',#8592,#8592,#8594,.T.);
#8592 = VERTEX_POINT('',#8593);
#8593 = CARTESIAN_POINT('',(56.,-28.28427124746,604.18427124746));
#8594 = CIRCLE('',#8595,4.1);
#8595 = AXIS2_PLACEMENT_3D('',#8596,#8597,#8598);
#8596 = CARTESIAN_POINT('',(56.,-28.28427124746,608.28427124746));
#8597 = DIRECTION('',(-1.,0.,0.));
#8598 = DIRECTION('',(0.,0.,-1.));
#8599 = FACE_BOUND('',#8600,.T.);
#8600 = EDGE_LOOP('',(#8601,#8612,#8621,#8630,#8639,#8648));
#8601 = ORIENTED_EDGE('',*,*,#8602,.F.);
#8602 = EDGE_CURVE('',#8603,#8605,#8607,.T.);
#8603 = VERTEX_POINT('',#8604);
#8604 = CARTESIAN_POINT('',(56.,-43.10239987768,541.19042483118));
#8605 = VERTEX_POINT('',#8606);
#8606 = CARTESIAN_POINT('',(56.,-27.22935064158,528.78903961418));
#8607 = CIRCLE('',#8608,58.);
#8608 = AXIS2_PLACEMENT_3D('',#8609,#8610,#8611);
#8609 = CARTESIAN_POINT('',(56.,0.,580.));
#8610 = DIRECTION('',(1.,-0.,2.22044604925E-16));
#8611 = DIRECTION('',(2.22044604925E-16,0.,-1.));
#8612 = ORIENTED_EDGE('',*,*,#8613,.F.);
#8613 = EDGE_CURVE('',#8614,#8603,#8616,.T.);
#8614 = VERTEX_POINT('',#8615);
#8615 = CARTESIAN_POINT('',(56.,-31.22881134372,554.56874183023));
#8616 = CIRCLE('',#8617,9.);
#8617 = AXIS2_PLACEMENT_3D('',#8618,#8619,#8620);
#8618 = CARTESIAN_POINT('',(56.,-36.41409644839,547.21260028841));
#8619 = DIRECTION('',(1.,-0.,2.22044604925E-16));
#8620 = DIRECTION('',(2.22044604925E-16,0.,-1.));
#8621 = ORIENTED_EDGE('',*,*,#8622,.T.);
#8622 = EDGE_CURVE('',#8614,#8623,#8625,.T.);
#8623 = VERTEX_POINT('',#8624);
#8624 = CARTESIAN_POINT('',(56.,-25.24036251888,548.96898164875));
#8625 = CIRCLE('',#8626,4.1);
#8626 = AXIS2_PLACEMENT_3D('',#8627,#8628,#8629);
#8627 = CARTESIAN_POINT('',(56.,-28.28427124746,551.71572875253));
#8628 = DIRECTION('',(-1.,0.,0.));
#8629 = DIRECTION('',(0.,0.,-1.));
#8630 = ORIENTED_EDGE('',*,*,#8631,.T.);
#8631 = EDGE_CURVE('',#8623,#8632,#8634,.T.);
#8632 = VERTEX_POINT('',#8633);
#8633 = CARTESIAN_POINT('',(56.,-18.77886251143,544.68209628564));
#8634 = CIRCLE('',#8635,40.);
#8635 = AXIS2_PLACEMENT_3D('',#8636,#8637,#8638);
#8636 = CARTESIAN_POINT('',(56.,0.,580.));
#8637 = DIRECTION('',(1.,-0.,2.22044604925E-16));
#8638 = DIRECTION('',(2.22044604925E-16,0.,-1.));
#8639 = ORIENTED_EDGE('',*,*,#8640,.F.);
#8640 = EDGE_CURVE('',#8641,#8632,#8643,.T.);
#8641 = VERTEX_POINT('',#8642);
#8642 = CARTESIAN_POINT('',(56.,-23.0041065765,527.73556794991));
#8643 = CIRCLE('',#8644,9.);
#8644 = AXIS2_PLACEMENT_3D('',#8645,#8646,#8647);
#8645 = CARTESIAN_POINT('',(56.,-23.0041065765,536.73556794991));
#8646 = DIRECTION('',(1.,-0.,2.22044604925E-16));
#8647 = DIRECTION('',(2.22044604925E-16,0.,-1.));
#8648 = ORIENTED_EDGE('',*,*,#8649,.F.);
#8649 = EDGE_CURVE('',#8605,#8641,#8650,.T.);
#8650 = CIRCLE('',#8651,9.);
#8651 = AXIS2_PLACEMENT_3D('',#8652,#8653,#8654);
#8652 = CARTESIAN_POINT('',(56.,-23.0041065765,536.73556794991));
#8653 = DIRECTION('',(1.,-0.,2.22044604925E-16));
#8654 = DIRECTION('',(2.22044604925E-16,0.,-1.));
#8655 = FACE_BOUND('',#8656,.T.);
#8656 = EDGE_LOOP('',(#8657,#8668,#8677,#8686,#8695,#8704,#8713));
#8657 = ORIENTED_EDGE('',*,*,#8658,.F.);
#8658 = EDGE_CURVE('',#8659,#8661,#8663,.T.);
#8659 = VERTEX_POINT('',#8660);
#8660 = CARTESIAN_POINT('',(56.,43.102399877689,618.80957516881));
#8661 = VERTEX_POINT('',#8662);
#8662 = CARTESIAN_POINT('',(56.,27.229350641582,631.21096038581));
#8663 = CIRCLE('',#8664,58.);
#8664 = AXIS2_PLACEMENT_3D('',#8665,#8666,#8667);
#8665 = CARTESIAN_POINT('',(56.,0.,580.));
#8666 = DIRECTION('',(1.,-0.,2.22044604925E-16));
#8667 = DIRECTION('',(2.22044604925E-16,0.,-1.));
#8668 = ORIENTED_EDGE('',*,*,#8669,.F.);
#8669 = EDGE_CURVE('',#8670,#8659,#8672,.T.);
#8670 = VERTEX_POINT('',#8671);
#8671 = CARTESIAN_POINT('',(56.,36.414096448392,603.78739971158));
#8672 = CIRCLE('',#8673,9.);
#8673 = AXIS2_PLACEMENT_3D('',#8674,#8675,#8676);
#8674 = CARTESIAN_POINT('',(56.,36.414096448392,612.78739971158));
#8675 = DIRECTION('',(1.,-0.,2.22044604925E-16));
#8676 = DIRECTION('',(2.22044604925E-16,0.,-1.));
#8677 = ORIENTED_EDGE('',*,*,#8678,.F.);
#8678 = EDGE_CURVE('',#8679,#8670,#8681,.T.);
#8679 = VERTEX_POINT('',#8680);
#8680 = CARTESIAN_POINT('',(56.,31.228811343722,605.43125816976));
#8681 = CIRCLE('',#8682,9.);
#8682 = AXIS2_PLACEMENT_3D('',#8683,#8684,#8685);
#8683 = CARTESIAN_POINT('',(56.,36.414096448392,612.78739971158));
#8684 = DIRECTION('',(1.,-0.,2.22044604925E-16));
#8685 = DIRECTION('',(2.22044604925E-16,0.,-1.));
#8686 = ORIENTED_EDGE('',*,*,#8687,.T.);
#8687 = EDGE_CURVE('',#8679,#8688,#8690,.T.);
#8688 = VERTEX_POINT('',#8689);
#8689 = CARTESIAN_POINT('',(56.,28.284271247462,604.18427124746));
#8690 = CIRCLE('',#8691,4.1);
#8691 = AXIS2_PLACEMENT_3D('',#8692,#8693,#8694);
#8692 = CARTESIAN_POINT('',(56.,28.284271247462,608.28427124746));
#8693 = DIRECTION('',(-1.,0.,0.));
#8694 = DIRECTION('',(0.,0.,-1.));
#8695 = ORIENTED_EDGE('',*,*,#8696,.T.);
#8696 = EDGE_CURVE('',#8688,#8697,#8699,.T.);
#8697 = VERTEX_POINT('',#8698);
#8698 = CARTESIAN_POINT('',(56.,25.240362518889,611.03101835124));
#8699 = CIRCLE('',#8700,4.1);
#8700 = AXIS2_PLACEMENT_3D('',#8701,#8702,#8703);
#8701 = CARTESIAN_POINT('',(56.,28.284271247462,608.28427124746));
#8702 = DIRECTION('',(-1.,0.,0.));
#8703 = DIRECTION('',(0.,0.,-1.));
#8704 = ORIENTED_EDGE('',*,*,#8705,.T.);
#8705 = EDGE_CURVE('',#8697,#8706,#8708,.T.);
#8706 = VERTEX_POINT('',#8707);
#8707 = CARTESIAN_POINT('',(56.,18.778862511436,615.31790371435));
#8708 = CIRCLE('',#8709,40.);
#8709 = AXIS2_PLACEMENT_3D('',#8710,#8711,#8712);
#8710 = CARTESIAN_POINT('',(56.,0.,580.));
#8711 = DIRECTION('',(1.,-0.,2.22044604925E-16));
#8712 = DIRECTION('',(2.22044604925E-16,0.,-1.));
#8713 = ORIENTED_EDGE('',*,*,#8714,.F.);
#8714 = EDGE_CURVE('',#8661,#8706,#8715,.T.);
#8715 = CIRCLE('',#8716,9.);
#8716 = AXIS2_PLACEMENT_3D('',#8717,#8718,#8719);
#8717 = CARTESIAN_POINT('',(56.,23.004106576509,623.26443205008));
#8718 = DIRECTION('',(1.,-0.,2.22044604925E-16));
#8719 = DIRECTION('',(2.22044604925E-16,0.,-1.));
#8720 = FACE_BOUND('',#8721,.T.);
#8721 = EDGE_LOOP('',(#8722));
#8722 = ORIENTED_EDGE('',*,*,#8723,.F.);
#8723 = EDGE_CURVE('',#8724,#8724,#8726,.T.);
#8724 = VERTEX_POINT('',#8725);
#8725 = CARTESIAN_POINT('',(56.,7.837739514543E-15,612.));
#8726 = CIRCLE('',#8727,32.);
#8727 = AXIS2_PLACEMENT_3D('',#8728,#8729,#8730);
#8728 = CARTESIAN_POINT('',(56.,0.,580.));
#8729 = DIRECTION('',(1.,0.,-0.));
#8730 = DIRECTION('',(0.,0.,1.));
#8731 = FACE_BOUND('',#8732,.T.);
#8732 = EDGE_LOOP('',(#8733));
#8733 = ORIENTED_EDGE('',*,*,#8734,.T.);
#8734 = EDGE_CURVE('',#8735,#8735,#8737,.T.);
#8735 = VERTEX_POINT('',#8736);
#8736 = CARTESIAN_POINT('',(56.,28.284271247462,547.61572875253));
#8737 = CIRCLE('',#8738,4.1);
#8738 = AXIS2_PLACEMENT_3D('',#8739,#8740,#8741);
#8739 = CARTESIAN_POINT('',(56.,28.284271247462,551.71572875253));
#8740 = DIRECTION('',(-1.,0.,0.));
#8741 = DIRECTION('',(0.,0.,-1.));
#8742 = FACE_BOUND('',#8743,.T.);
#8743 = EDGE_LOOP('',(#8744,#8755,#8764,#8773,#8782));
#8744 = ORIENTED_EDGE('',*,*,#8745,.F.);
#8745 = EDGE_CURVE('',#8746,#8748,#8750,.T.);
#8746 = VERTEX_POINT('',#8747);
#8747 = CARTESIAN_POINT('',(56.,12.05887806743,523.26743915743));
#8748 = VERTEX_POINT('',#8749);
#8749 = CARTESIAN_POINT('',(56.,30.735317325526,530.81321042292));
#8750 = CIRCLE('',#8751,58.);
#8751 = AXIS2_PLACEMENT_3D('',#8752,#8753,#8754);
#8752 = CARTESIAN_POINT('',(56.,0.,580.));
#8753 = DIRECTION('',(1.,-0.,2.22044604925E-16));
#8754 = DIRECTION('',(2.22044604925E-16,0.,-1.));
#8755 = ORIENTED_EDGE('',*,*,#8756,.F.);
#8756 = EDGE_CURVE('',#8757,#8746,#8759,.T.);
#8757 = VERTEX_POINT('',#8758);
#8758 = CARTESIAN_POINT('',(56.,10.18767285007,523.07076756404));
#8759 = CIRCLE('',#8760,9.);
#8760 = AXIS2_PLACEMENT_3D('',#8761,#8762,#8763);
#8761 = CARTESIAN_POINT('',(56.,10.18767285007,532.07076756404));
#8762 = DIRECTION('',(1.,-0.,2.22044604925E-16));
#8763 = DIRECTION('',(2.22044604925E-16,0.,-1.));
#8764 = ORIENTED_EDGE('',*,*,#8765,.F.);
#8765 = EDGE_CURVE('',#8766,#8757,#8768,.T.);
#8766 = VERTEX_POINT('',#8767);
#8767 = CARTESIAN_POINT('',(56.,8.31646763271,540.87409597064));
#8768 = CIRCLE('',#8769,9.);
#8769 = AXIS2_PLACEMENT_3D('',#8770,#8771,#8772);
#8770 = CARTESIAN_POINT('',(56.,10.18767285007,532.07076756404));
#8771 = DIRECTION('',(1.,-0.,2.22044604925E-16));
#8772 = DIRECTION('',(2.22044604925E-16,0.,-1.));
#8773 = ORIENTED_EDGE('',*,*,#8774,.T.);
#8774 = EDGE_CURVE('',#8766,#8775,#8777,.T.);
#8775 = VERTEX_POINT('',#8776);
#8776 = CARTESIAN_POINT('',(56.,21.196770569328,546.07807615374));
#8777 = CIRCLE('',#8778,40.);
#8778 = AXIS2_PLACEMENT_3D('',#8779,#8780,#8781);
#8779 = CARTESIAN_POINT('',(56.,0.,580.));
#8780 = DIRECTION('',(1.,-0.,2.22044604925E-16));
#8781 = DIRECTION('',(2.22044604925E-16,0.,-1.));
#8782 = ORIENTED_EDGE('',*,*,#8783,.F.);
#8783 = EDGE_CURVE('',#8748,#8775,#8784,.T.);
#8784 = CIRCLE('',#8785,9.);
#8785 = AXIS2_PLACEMENT_3D('',#8786,#8787,#8788);
#8786 = CARTESIAN_POINT('',(56.,25.966043947427,538.44564328833));
#8787 = DIRECTION('',(1.,-0.,2.22044604925E-16));
#8788 = DIRECTION('',(2.22044604925E-16,0.,-1.));
#8789 = FACE_BOUND('',#8790,.T.);
#8790 = EDGE_LOOP('',(#8791,#8802,#8811,#8820,#8829));
#8791 = ORIENTED_EDGE('',*,*,#8792,.F.);
#8792 = EDGE_CURVE('',#8793,#8795,#8797,.T.);
#8793 = VERTEX_POINT('',#8794);
#8794 = CARTESIAN_POINT('',(56.,55.161277945119,562.07701432625));
#8795 = VERTEX_POINT('',#8796);
#8796 = CARTESIAN_POINT('',(56.,57.964667967108,582.02417080874));
#8797 = CIRCLE('',#8798,58.);
#8798 = AXIS2_PLACEMENT_3D('',#8799,#8800,#8801);
#8799 = CARTESIAN_POINT('',(56.,0.,580.));
#8800 = DIRECTION('',(1.,-0.,2.22044604925E-16));
#8801 = DIRECTION('',(2.22044604925E-16,0.,-1.));
#8802 = ORIENTED_EDGE('',*,*,#8803,.F.);
#8803 = EDGE_CURVE('',#8804,#8793,#8806,.T.);
#8804 = VERTEX_POINT('',#8805);
#8805 = CARTESIAN_POINT('',(56.,46.601769298463,555.85816727562));
#8806 = CIRCLE('',#8807,9.);
#8807 = AXIS2_PLACEMENT_3D('',#8808,#8809,#8810);
#8808 = CARTESIAN_POINT('',(56.,46.601769298463,564.85816727562));
#8809 = DIRECTION('',(1.,-0.,2.22044604925E-16));
#8810 = DIRECTION('',(2.22044604925E-16,0.,-1.));
#8811 = ORIENTED_EDGE('',*,*,#8812,.F.);
#8812 = EDGE_CURVE('',#8813,#8804,#8815,.T.);
#8813 = VERTEX_POINT('',#8814);
#8814 = CARTESIAN_POINT('',(56.,38.042260651806,567.639320225));
#8815 = CIRCLE('',#8816,9.);
#8816 = AXIS2_PLACEMENT_3D('',#8817,#8818,#8819);
#8817 = CARTESIAN_POINT('',(56.,46.601769298463,564.85816727562));
#8818 = DIRECTION('',(1.,-0.,2.22044604925E-16));
#8819 = DIRECTION('',(2.22044604925E-16,0.,-1.));
#8820 = ORIENTED_EDGE('',*,*,#8821,.T.);
#8821 = EDGE_CURVE('',#8813,#8822,#8824,.T.);
#8822 = VERTEX_POINT('',#8823);
#8823 = CARTESIAN_POINT('',(56.,39.975633080764,581.3959798681));
#8824 = CIRCLE('',#8825,40.);
#8825 = AXIS2_PLACEMENT_3D('',#8826,#8827,#8828);
#8826 = CARTESIAN_POINT('',(56.,0.,580.));
#8827 = DIRECTION('',(1.,-0.,2.22044604925E-16));
#8828 = DIRECTION('',(2.22044604925E-16,0.,-1.));
#8829 = ORIENTED_EDGE('',*,*,#8830,.F.);
#8830 = EDGE_CURVE('',#8795,#8822,#8831,.T.);
#8831 = CIRCLE('',#8832,9.);
#8832 = AXIS2_PLACEMENT_3D('',#8833,#8834,#8835);
#8833 = CARTESIAN_POINT('',(56.,48.970150523936,581.71007533842));
#8834 = DIRECTION('',(1.,-0.,2.22044604925E-16));
#8835 = DIRECTION('',(2.22044604925E-16,0.,-1.));
#8836 = PLANE('',#8837);
#8837 = AXIS2_PLACEMENT_3D('',#8838,#8839,#8840);
#8838 = CARTESIAN_POINT('',(56.,-6.249193713476E-15,580.));
#8839 = DIRECTION('',(1.,0.,2.22044604925E-16));
#8840 = DIRECTION('',(2.22044604925E-16,0.,-1.));
#8841 = ADVANCED_FACE('',(#8842),#8853,.T.);
#8842 = FACE_BOUND('',#8843,.F.);
#8843 = EDGE_LOOP('',(#8844,#8850,#8851,#8852));
#8844 = ORIENTED_EDGE('',*,*,#8845,.T.);
#8845 = EDGE_CURVE('',#4124,#8479,#8846,.T.);
#8846 = LINE('',#8847,#8848);
#8847 = CARTESIAN_POINT('',(46.,-3.219130006259,510.67773379917));
#8848 = VECTOR('',#8849,1.);
#8849 = DIRECTION('',(1.,0.,2.22044604925E-16));
#8850 = ORIENTED_EDGE('',*,*,#8487,.T.);
#8851 = ORIENTED_EDGE('',*,*,#69,.F.);
#8852 = ORIENTED_EDGE('',*,*,#4132,.F.);
#8853 = CYLINDRICAL_SURFACE('',#8854,69.396969597519);
#8854 = AXIS2_PLACEMENT_3D('',#8855,#8856,#8857);
#8855 = CARTESIAN_POINT('',(46.,2.959921197032E-11,580.00000000074));
#8856 = DIRECTION('',(-1.,0.,-2.22044604925E-16));
#8857 = DIRECTION('',(2.218055817208E-16,-4.638718412286E-02,
    -0.998923535186));
#8858 = ADVANCED_FACE('',(#8859),#8870,.F.);
#8859 = FACE_BOUND('',#8860,.F.);
#8860 = EDGE_LOOP('',(#8861,#8862,#8863,#8869));
#8861 = ORIENTED_EDGE('',*,*,#112,.T.);
#8862 = ORIENTED_EDGE('',*,*,#4492,.T.);
#8863 = ORIENTED_EDGE('',*,*,#8864,.F.);
#8864 = EDGE_CURVE('',#138,#4493,#8865,.T.);
#8865 = LINE('',#8866,#8867);
#8866 = CARTESIAN_POINT('',(46.,2.123731532802,510.06919257885));
#8867 = VECTOR('',#8868,1.);
#8868 = DIRECTION('',(1.,0.,2.22044604925E-16));
#8869 = ORIENTED_EDGE('',*,*,#137,.F.);
#8870 = SURFACE_OF_LINEAR_EXTRUSION('',#8871,#8877);
#8871 = B_SPLINE_CURVE_WITH_KNOTS('',4,(#8872,#8873,#8874,#8875,#8876),
  .UNSPECIFIED.,.F.,.F.,(5,5),(0.,1.),.PIECEWISE_BEZIER_KNOTS.);
#8872 = CARTESIAN_POINT('',(46.,0.800260089461,506.10736369992));
#8873 = CARTESIAN_POINT('',(46.,1.313212421944,507.31007279461));
#8874 = CARTESIAN_POINT('',(46.,1.686764473466,508.38235569031));
#8875 = CARTESIAN_POINT('',(46.,1.947298007305,509.30567061242));
#8876 = CARTESIAN_POINT('',(46.,2.123731532802,510.06919257885));
#8877 = VECTOR('',#8878,1.);
#8878 = DIRECTION('',(-1.,-0.,-2.22044604925E-16));
#8879 = ADVANCED_FACE('',(#8880),#8891,.F.);
#8880 = FACE_BOUND('',#8881,.F.);
#8881 = EDGE_LOOP('',(#8882,#8888,#8889,#8890));
#8882 = ORIENTED_EDGE('',*,*,#8883,.T.);
#8883 = EDGE_CURVE('',#4114,#8469,#8884,.T.);
#8884 = LINE('',#8885,#8886);
#8885 = CARTESIAN_POINT('',(46.,-3.979221368585,510.15020501464));
#8886 = VECTOR('',#8887,1.);
#8887 = DIRECTION('',(1.,0.,2.22044604925E-16));
#8888 = ORIENTED_EDGE('',*,*,#8478,.T.);
#8889 = ORIENTED_EDGE('',*,*,#8845,.F.);
#8890 = ORIENTED_EDGE('',*,*,#4123,.F.);
#8891 = CYLINDRICAL_SURFACE('',#8892,0.76);
#8892 = AXIS2_PLACEMENT_3D('',#8893,#8894,#8895);
#8893 = CARTESIAN_POINT('',(46.,-3.255371674275,509.91859840841));
#8894 = DIRECTION('',(-1.,0.,-2.22044604925E-16));
#8895 = DIRECTION('',(-6.766710181215E-17,-0.952433808303,0.304745534506
    ));
#8896 = ADVANCED_FACE('',(#8897),#8908,.F.);
#8897 = FACE_BOUND('',#8898,.F.);
#8898 = EDGE_LOOP('',(#8899,#8900,#8901,#8907));
#8899 = ORIENTED_EDGE('',*,*,#8864,.T.);
#8900 = ORIENTED_EDGE('',*,*,#4502,.T.);
#8901 = ORIENTED_EDGE('',*,*,#8902,.F.);
#8902 = EDGE_CURVE('',#148,#4503,#8903,.T.);
#8903 = LINE('',#8904,#8905);
#8904 = CARTESIAN_POINT('',(46.,2.83495335498,510.66096028433));
#8905 = VECTOR('',#8906,1.);
#8906 = DIRECTION('',(1.,0.,2.22044604925E-16));
#8907 = ORIENTED_EDGE('',*,*,#147,.F.);
#8908 = CYLINDRICAL_SURFACE('',#8909,0.76);
#8909 = AXIS2_PLACEMENT_3D('',#8910,#8911,#8912);
#8910 = CARTESIAN_POINT('',(46.,2.86501260628,509.90155496343));
#8911 = DIRECTION('',(-1.,0.,-2.22044604925E-16));
#8912 = DIRECTION('',(-4.897766853458E-17,-0.975369833524,0.220575809762
    ));
#8913 = ADVANCED_FACE('',(#8914),#8925,.F.);
#8914 = FACE_BOUND('',#8915,.F.);
#8915 = EDGE_LOOP('',(#8916,#8922,#8923,#8924));
#8916 = ORIENTED_EDGE('',*,*,#8917,.T.);
#8917 = EDGE_CURVE('',#4105,#8460,#8918,.T.);
#8918 = LINE('',#8919,#8920);
#8919 = CARTESIAN_POINT('',(46.,-5.642952742101,506.31880022735));
#8920 = VECTOR('',#8921,1.);
#8921 = DIRECTION('',(1.,0.,2.22044604925E-16));
#8922 = ORIENTED_EDGE('',*,*,#8468,.T.);
#8923 = ORIENTED_EDGE('',*,*,#8883,.F.);
#8924 = ORIENTED_EDGE('',*,*,#4113,.F.);
#8925 = SURFACE_OF_LINEAR_EXTRUSION('',#8926,#8932);
#8926 = B_SPLINE_CURVE_WITH_KNOTS('',4,(#8927,#8928,#8929,#8930,#8931),
  .UNSPECIFIED.,.F.,.F.,(5,5),(0.,1.),.PIECEWISE_BEZIER_KNOTS.);
#8927 = CARTESIAN_POINT('',(46.,-5.642952742101,506.31880022735));
#8928 = CARTESIAN_POINT('',(46.,-5.027129343649,507.4722259093));
#8929 = CARTESIAN_POINT('',(46.,-4.561543158252,508.50787123834));
#8930 = CARTESIAN_POINT('',(46.,-4.22152883534,509.40496567476));
#8931 = CARTESIAN_POINT('',(46.,-3.979221368585,510.15020501464));
#8932 = VECTOR('',#8933,1.);
#8933 = DIRECTION('',(-1.,-0.,-2.22044604925E-16));
#8934 = ADVANCED_FACE('',(#8935),#8946,.T.);
#8935 = FACE_BOUND('',#8936,.F.);
#8936 = EDGE_LOOP('',(#8937,#8938,#8939,#8945));
#8937 = ORIENTED_EDGE('',*,*,#8902,.T.);
#8938 = ORIENTED_EDGE('',*,*,#4511,.T.);
#8939 = ORIENTED_EDGE('',*,*,#8940,.F.);
#8940 = EDGE_CURVE('',#157,#4512,#8941,.T.);
#8941 = LINE('',#8942,#8943);
#8942 = CARTESIAN_POINT('',(46.,3.219130006259,510.67773379917));
#8943 = VECTOR('',#8944,1.);
#8944 = DIRECTION('',(1.,0.,2.22044604925E-16));
#8945 = ORIENTED_EDGE('',*,*,#156,.F.);
#8946 = CYLINDRICAL_SURFACE('',#8947,69.39696959087);
#8947 = AXIS2_PLACEMENT_3D('',#8948,#8949,#8950);
#8948 = CARTESIAN_POINT('',(46.,2.552942302003E-10,579.9999999941));
#8949 = DIRECTION('',(-1.,0.,-2.22044604925E-16));
#8950 = DIRECTION('',(2.21859250757E-16,4.08512557744E-02,
    -0.999165239038));
#8951 = ADVANCED_FACE('',(#8952),#8963,.T.);
#8952 = FACE_BOUND('',#8953,.F.);
#8953 = EDGE_LOOP('',(#8954,#8960,#8961,#8962));
#8954 = ORIENTED_EDGE('',*,*,#8955,.T.);
#8955 = EDGE_CURVE('',#4095,#8450,#8956,.T.);
#8956 = LINE('',#8957,#8958);
#8957 = CARTESIAN_POINT('',(46.,-7.237359248334,506.45830003707));
#8958 = VECTOR('',#8959,1.);
#8959 = DIRECTION('',(1.,0.,2.22044604925E-16));
#8960 = ORIENTED_EDGE('',*,*,#8459,.T.);
#8961 = ORIENTED_EDGE('',*,*,#8917,.F.);
#8962 = ORIENTED_EDGE('',*,*,#4104,.F.);
#8963 = CYLINDRICAL_SURFACE('',#8964,73.89696959691);
#8964 = AXIS2_PLACEMENT_3D('',#8965,#8966,#8967);
#8965 = CARTESIAN_POINT('',(46.,3.467902340786E-04,579.99997344002));
#8966 = DIRECTION('',(-1.,0.,-2.22044604925E-16));
#8967 = DIRECTION('',(2.209770157742E-16,-9.794320495208E-02,
    -0.995192005898));
#8968 = ADVANCED_FACE('',(#8969),#8980,.F.);
#8969 = FACE_BOUND('',#8970,.F.);
#8970 = EDGE_LOOP('',(#8971,#8972,#8973,#8979));
#8971 = ORIENTED_EDGE('',*,*,#8940,.T.);
#8972 = ORIENTED_EDGE('',*,*,#4520,.T.);
#8973 = ORIENTED_EDGE('',*,*,#8974,.F.);
#8974 = EDGE_CURVE('',#166,#4521,#8975,.T.);
#8975 = LINE('',#8976,#8977);
#8976 = CARTESIAN_POINT('',(46.,3.979221212078,510.15020542184));
#8977 = VECTOR('',#8978,1.);
#8978 = DIRECTION('',(1.,0.,2.22044604925E-16));
#8979 = ORIENTED_EDGE('',*,*,#165,.F.);
#8980 = CYLINDRICAL_SURFACE('',#8981,0.76);
#8981 = AXIS2_PLACEMENT_3D('',#8982,#8983,#8984);
#8982 = CARTESIAN_POINT('',(46.,3.255371648452,509.91859840718));
#8983 = DIRECTION('',(-1.,0.,-2.22044604925E-16));
#8984 = DIRECTION('',(-2.217919976302E-16,-4.768637130563E-02,
    0.998862357881));
#8985 = ADVANCED_FACE('',(#8986),#8997,.F.);
#8986 = FACE_BOUND('',#8987,.F.);
#8987 = EDGE_LOOP('',(#8988,#8994,#8995,#8996));
#8988 = ORIENTED_EDGE('',*,*,#8989,.T.);
#8989 = EDGE_CURVE('',#4086,#8441,#8990,.T.);
#8990 = LINE('',#8991,#8992);
#8991 = CARTESIAN_POINT('',(46.,-8.210521638301,510.5203962411));
#8992 = VECTOR('',#8993,1.);
#8993 = DIRECTION('',(1.,0.,2.22044604925E-16));
#8994 = ORIENTED_EDGE('',*,*,#8449,.T.);
#8995 = ORIENTED_EDGE('',*,*,#8955,.F.);
#8996 = ORIENTED_EDGE('',*,*,#4094,.F.);
#8997 = SURFACE_OF_LINEAR_EXTRUSION('',#8998,#9004);
#8998 = B_SPLINE_CURVE_WITH_KNOTS('',4,(#8999,#9000,#9001,#9002,#9003),
  .UNSPECIFIED.,.F.,.F.,(5,5),(0.,1.),.PIECEWISE_BEZIER_KNOTS.);
#8999 = CARTESIAN_POINT('',(46.,-8.210521638301,510.5203962411));
#9000 = CARTESIAN_POINT('',(46.,-8.101304736304,509.74440208312));
#9001 = CARTESIAN_POINT('',(46.,-7.922234809045,508.80189365939));
#9002 = CARTESIAN_POINT('',(46.,-7.643559848067,507.70113391734));
#9003 = CARTESIAN_POINT('',(46.,-7.237359248334,506.45830003707));
#9004 = VECTOR('',#9005,1.);
#9005 = DIRECTION('',(-1.,-0.,-2.22044604925E-16));
#9006 = ADVANCED_FACE('',(#9007),#9018,.F.);
#9007 = FACE_BOUND('',#9008,.F.);
#9008 = EDGE_LOOP('',(#9009,#9010,#9011,#9017));
#9009 = ORIENTED_EDGE('',*,*,#8974,.T.);
#9010 = ORIENTED_EDGE('',*,*,#4529,.T.);
#9011 = ORIENTED_EDGE('',*,*,#9012,.F.);
#9012 = EDGE_CURVE('',#175,#4530,#9013,.T.);
#9013 = LINE('',#9014,#9015);
#9014 = CARTESIAN_POINT('',(46.,5.642974681997,506.31880946221));
#9015 = VECTOR('',#9016,1.);
#9016 = DIRECTION('',(1.,0.,2.22044604925E-16));
#9017 = ORIENTED_EDGE('',*,*,#174,.F.);
#9018 = SURFACE_OF_LINEAR_EXTRUSION('',#9019,#9025);
#9019 = B_SPLINE_CURVE_WITH_KNOTS('',4,(#9020,#9021,#9022,#9023,#9024),
  .UNSPECIFIED.,.F.,.F.,(5,5),(0.,1.),.PIECEWISE_BEZIER_KNOTS.);
#9020 = CARTESIAN_POINT('',(46.,3.979221212078,510.15020542184));
#9021 = CARTESIAN_POINT('',(46.,4.22152883534,509.40496567476));
#9022 = CARTESIAN_POINT('',(46.,4.561543158252,508.50787123834));
#9023 = CARTESIAN_POINT('',(46.,5.027129343649,507.4722259093));
#9024 = CARTESIAN_POINT('',(46.,5.642974681997,506.31880946221));
#9025 = VECTOR('',#9026,1.);
#9026 = DIRECTION('',(-1.,-0.,-2.22044604925E-16));
#9027 = ADVANCED_FACE('',(#9028),#9039,.F.);
#9028 = FACE_BOUND('',#9029,.F.);
#9029 = EDGE_LOOP('',(#9030,#9036,#9037,#9038));
#9030 = ORIENTED_EDGE('',*,*,#9031,.T.);
#9031 = EDGE_CURVE('',#4077,#8432,#9032,.T.);
#9032 = LINE('',#9033,#9034);
#9033 = CARTESIAN_POINT('',(46.,-8.867461009397,511.17189872979));
#9034 = VECTOR('',#9035,1.);
#9035 = DIRECTION('',(1.,0.,2.22044604925E-16));
#9036 = ORIENTED_EDGE('',*,*,#8440,.T.);
#9037 = ORIENTED_EDGE('',*,*,#8989,.F.);
#9038 = ORIENTED_EDGE('',*,*,#4085,.F.);
#9039 = CYLINDRICAL_SURFACE('',#9040,0.76);
#9040 = AXIS2_PLACEMENT_3D('',#9041,#9042,#9043);
#9041 = CARTESIAN_POINT('',(46.,-8.963592436605,510.41800301505));
#9042 = DIRECTION('',(-1.,0.,-2.22044604925E-16));
#9043 = DIRECTION('',(-2.20261152808E-16,0.126488720011,0.99196804571));
#9044 = ADVANCED_FACE('',(#9045),#9056,.T.);
#9045 = FACE_BOUND('',#9046,.F.);
#9046 = EDGE_LOOP('',(#9047,#9048,#9049,#9055));
#9047 = ORIENTED_EDGE('',*,*,#9012,.T.);
#9048 = ORIENTED_EDGE('',*,*,#4539,.T.);
#9049 = ORIENTED_EDGE('',*,*,#9050,.F.);
#9050 = EDGE_CURVE('',#185,#4540,#9051,.T.);
#9051 = LINE('',#9052,#9053);
#9052 = CARTESIAN_POINT('',(46.,7.237382458531,506.45829475233));
#9053 = VECTOR('',#9054,1.);
#9054 = DIRECTION('',(1.,0.,2.22044604925E-16));
#9055 = ORIENTED_EDGE('',*,*,#184,.F.);
#9056 = CYLINDRICAL_SURFACE('',#9057,73.89696959665);
#9057 = AXIS2_PLACEMENT_3D('',#9058,#9059,#9060);
#9058 = CARTESIAN_POINT('',(46.,3.461338247233E-04,580.00003406276));
#9059 = DIRECTION('',(-1.,0.,-2.22044604925E-16));
#9060 = DIRECTION('',(2.213963373075E-16,7.635805066123E-02,
    -0.997080462199));
#9061 = ADVANCED_FACE('',(#9062),#9073,.T.);
#9062 = FACE_BOUND('',#9063,.F.);
#9063 = EDGE_LOOP('',(#9064,#9070,#9071,#9072));
#9064 = ORIENTED_EDGE('',*,*,#9065,.T.);
#9065 = EDGE_CURVE('',#4068,#8423,#9066,.T.);
#9066 = LINE('',#9067,#9068);
#9067 = CARTESIAN_POINT('',(46.,-9.248713844387,511.22209161773));
#9068 = VECTOR('',#9069,1.);
#9069 = DIRECTION('',(1.,0.,2.22044604925E-16));
#9070 = ORIENTED_EDGE('',*,*,#8431,.T.);
#9071 = ORIENTED_EDGE('',*,*,#9031,.F.);
#9072 = ORIENTED_EDGE('',*,*,#4076,.F.);
#9073 = CYLINDRICAL_SURFACE('',#9074,69.396969596643);
#9074 = AXIS2_PLACEMENT_3D('',#9075,#9076,#9077);
#9075 = CARTESIAN_POINT('',(46.,-1.740474431244E-11,579.99999999987));
#9076 = DIRECTION('',(-1.,0.,-2.22044604925E-16));
#9077 = DIRECTION('',(2.200638382778E-16,-0.13327258954,-0.991079420065)
  );
#9078 = ADVANCED_FACE('',(#9079),#9090,.F.);
#9079 = FACE_BOUND('',#9080,.F.);
#9080 = EDGE_LOOP('',(#9081,#9082,#9083,#9089));
#9081 = ORIENTED_EDGE('',*,*,#9050,.T.);
#9082 = ORIENTED_EDGE('',*,*,#4548,.T.);
#9083 = ORIENTED_EDGE('',*,*,#9084,.F.);
#9084 = EDGE_CURVE('',#194,#4549,#9085,.T.);
#9085 = LINE('',#9086,#9087);
#9086 = CARTESIAN_POINT('',(46.,8.210521554881,510.52039581292));
#9087 = VECTOR('',#9088,1.);
#9088 = DIRECTION('',(1.,0.,2.22044604925E-16));
#9089 = ORIENTED_EDGE('',*,*,#193,.F.);
#9090 = SURFACE_OF_LINEAR_EXTRUSION('',#9091,#9097);
#9091 = B_SPLINE_CURVE_WITH_KNOTS('',4,(#9092,#9093,#9094,#9095,#9096),
  .UNSPECIFIED.,.F.,.F.,(5,5),(0.,1.),.PIECEWISE_BEZIER_KNOTS.);
#9092 = CARTESIAN_POINT('',(46.,7.237382458531,506.45829475233));
#9093 = CARTESIAN_POINT('',(46.,7.643559848067,507.70113391734));
#9094 = CARTESIAN_POINT('',(46.,7.922234809045,508.80189365939));
#9095 = CARTESIAN_POINT('',(46.,8.101304736304,509.74440208312));
#9096 = CARTESIAN_POINT('',(46.,8.210521554881,510.52039581292));
#9097 = VECTOR('',#9098,1.);
#9098 = DIRECTION('',(-1.,-0.,-2.22044604925E-16));
#9099 = ADVANCED_FACE('',(#9100),#9111,.F.);
#9100 = FACE_BOUND('',#9101,.F.);
#9101 = EDGE_LOOP('',(#9102,#9108,#9109,#9110));
#9102 = ORIENTED_EDGE('',*,*,#9103,.T.);
#9103 = EDGE_CURVE('',#4058,#8413,#9104,.T.);
#9104 = LINE('',#9105,#9106);
#9105 = CARTESIAN_POINT('',(46.,-10.05188999263,510.76281656673));
#9106 = VECTOR('',#9107,1.);
#9107 = DIRECTION('',(1.,0.,2.22044604925E-16));
#9108 = ORIENTED_EDGE('',*,*,#8422,.T.);
#9109 = ORIENTED_EDGE('',*,*,#9065,.F.);
#9110 = ORIENTED_EDGE('',*,*,#4067,.F.);
#9111 = CYLINDRICAL_SURFACE('',#9112,0.76);
#9112 = AXIS2_PLACEMENT_3D('',#9113,#9114,#9115);
#9113 = CARTESIAN_POINT('',(46.,-9.350980610742,510.46900363582));
#9114 = DIRECTION('',(-1.,0.,-2.22044604925E-16));
#9115 = DIRECTION('',(-8.584154758641E-17,-0.922249186706,0.386595961723
    ));
#9116 = ADVANCED_FACE('',(#9117),#9128,.F.);
#9117 = FACE_BOUND('',#9118,.F.);
#9118 = EDGE_LOOP('',(#9119,#9120,#9121,#9127));
#9119 = ORIENTED_EDGE('',*,*,#9084,.T.);
#9120 = ORIENTED_EDGE('',*,*,#4558,.T.);
#9121 = ORIENTED_EDGE('',*,*,#9122,.F.);
#9122 = EDGE_CURVE('',#204,#4559,#9123,.T.);
#9123 = LINE('',#9124,#9125);
#9124 = CARTESIAN_POINT('',(46.,8.867461009397,511.17189872979));
#9125 = VECTOR('',#9126,1.);
#9126 = DIRECTION('',(1.,0.,2.22044604925E-16));
#9127 = ORIENTED_EDGE('',*,*,#203,.F.);
#9128 = CYLINDRICAL_SURFACE('',#9129,0.76);
#9129 = AXIS2_PLACEMENT_3D('',#9130,#9131,#9132);
#9130 = CARTESIAN_POINT('',(46.,8.96359241096,510.41800301178));
#9131 = DIRECTION('',(-1.,0.,-2.22044604925E-16));
#9132 = DIRECTION('',(-2.991548562594E-17,-0.990882705367,0.134727369918
    ));
#9133 = ADVANCED_FACE('',(#9134),#9145,.F.);
#9134 = FACE_BOUND('',#9135,.F.);
#9135 = EDGE_LOOP('',(#9136,#9142,#9143,#9144));
#9136 = ORIENTED_EDGE('',*,*,#9137,.T.);
#9137 = EDGE_CURVE('',#4049,#8404,#9138,.T.);
#9138 = LINE('',#9139,#9140);
#9139 = CARTESIAN_POINT('',(46.,-12.04321929598,507.09099517498));
#9140 = VECTOR('',#9141,1.);
#9141 = DIRECTION('',(1.,0.,2.22044604925E-16));
#9142 = ORIENTED_EDGE('',*,*,#8412,.T.);
#9143 = ORIENTED_EDGE('',*,*,#9103,.F.);
#9144 = ORIENTED_EDGE('',*,*,#4057,.F.);
#9145 = SURFACE_OF_LINEAR_EXTRUSION('',#9146,#9152);
#9146 = B_SPLINE_CURVE_WITH_KNOTS('',4,(#9147,#9148,#9149,#9150,#9151),
  .UNSPECIFIED.,.F.,.F.,(5,5),(0.,1.),.PIECEWISE_BEZIER_KNOTS.);
#9147 = CARTESIAN_POINT('',(46.,-12.04321929598,507.09099517498));
#9148 = CARTESIAN_POINT('',(46.,-11.32921161947,508.18635917828));
#9149 = CARTESIAN_POINT('',(46.,-10.7751346922,509.17748505438));
#9150 = CARTESIAN_POINT('',(46.,-10.35822729451,510.04153157477));
#9151 = CARTESIAN_POINT('',(46.,-10.05188999263,510.76281656673));
#9152 = VECTOR('',#9153,1.);
#9153 = DIRECTION('',(-1.,-0.,-2.22044604925E-16));
#9154 = ADVANCED_FACE('',(#9155),#9166,.T.);
#9155 = FACE_BOUND('',#9156,.F.);
#9156 = EDGE_LOOP('',(#9157,#9158,#9159,#9165));
#9157 = ORIENTED_EDGE('',*,*,#9122,.T.);
#9158 = ORIENTED_EDGE('',*,*,#4567,.T.);
#9159 = ORIENTED_EDGE('',*,*,#9160,.F.);
#9160 = EDGE_CURVE('',#213,#4568,#9161,.T.);
#9161 = LINE('',#9162,#9163);
#9162 = CARTESIAN_POINT('',(46.,9.248713844387,511.22209161773));
#9163 = VECTOR('',#9164,1.);
#9164 = DIRECTION('',(1.,0.,2.22044604925E-16));
#9165 = ORIENTED_EDGE('',*,*,#212,.F.);
#9166 = CYLINDRICAL_SURFACE('',#9167,69.39696959857);
#9167 = AXIS2_PLACEMENT_3D('',#9168,#9169,#9170);
#9168 = CARTESIAN_POINT('',(46.,-2.365938556181E-10,580.00000000178));
#9169 = DIRECTION('',(-1.,0.,-2.22044604925E-16));
#9170 = DIRECTION('',(2.202244369327E-16,0.127778792949,-0.991802692108)
  );
#9171 = ADVANCED_FACE('',(#9172),#9183,.T.);
#9172 = FACE_BOUND('',#9173,.F.);
#9173 = EDGE_LOOP('',(#9174,#9180,#9181,#9182));
#9174 = ORIENTED_EDGE('',*,*,#9175,.T.);
#9175 = EDGE_CURVE('',#4039,#8394,#9176,.T.);
#9176 = LINE('',#9177,#9178);
#9177 = CARTESIAN_POINT('',(46.,-13.61940039456,507.36892582909));
#9178 = VECTOR('',#9179,1.);
#9179 = DIRECTION('',(1.,0.,2.22044604925E-16));
#9180 = ORIENTED_EDGE('',*,*,#8403,.T.);
#9181 = ORIENTED_EDGE('',*,*,#9137,.F.);
#9182 = ORIENTED_EDGE('',*,*,#4048,.F.);
#9183 = CYLINDRICAL_SURFACE('',#9184,73.896969597359);
#9184 = AXIS2_PLACEMENT_3D('',#9185,#9186,#9187);
#9185 = CARTESIAN_POINT('',(46.,3.431558150968E-04,579.99994331677));
#9186 = DIRECTION('',(-1.,0.,-2.22044604925E-16));
#9187 = DIRECTION('',(2.182406893168E-16,-0.184307199938,-0.982868687084
    ));
#9188 = ADVANCED_FACE('',(#9189),#9200,.F.);
#9189 = FACE_BOUND('',#9190,.F.);
#9190 = EDGE_LOOP('',(#9191,#9192,#9193,#9199));
#9191 = ORIENTED_EDGE('',*,*,#9160,.T.);
#9192 = ORIENTED_EDGE('',*,*,#4576,.T.);
#9193 = ORIENTED_EDGE('',*,*,#9194,.F.);
#9194 = EDGE_CURVE('',#222,#4577,#9195,.T.);
#9195 = LINE('',#9196,#9197);
#9196 = CARTESIAN_POINT('',(46.,10.051889801237,510.76281695873));
#9197 = VECTOR('',#9198,1.);
#9198 = DIRECTION('',(1.,0.,2.22044604925E-16));
#9199 = ORIENTED_EDGE('',*,*,#221,.F.);
#9200 = CYLINDRICAL_SURFACE('',#9201,0.76);
#9201 = AXIS2_PLACEMENT_3D('',#9202,#9203,#9204);
#9202 = CARTESIAN_POINT('',(46.,9.350980585124,510.46900363234));
#9203 = DIRECTION('',(-1.,0.,-2.22044604925E-16));
#9204 = DIRECTION('',(-2.200251634076E-16,-0.13456150097,0.990905243934)
  );
#9205 = ADVANCED_FACE('',(#9206),#9217,.F.);
#9206 = FACE_BOUND('',#9207,.F.);
#9207 = EDGE_LOOP('',(#9208,#9214,#9215,#9216));
#9208 = ORIENTED_EDGE('',*,*,#9209,.T.);
#9209 = EDGE_CURVE('',#4030,#8385,#9210,.T.);
#9210 = LINE('',#9211,#9212);
#9211 = CARTESIAN_POINT('',(46.,-14.23482459606,511.5003812216));
#9212 = VECTOR('',#9213,1.);
#9213 = DIRECTION('',(1.,0.,2.22044604925E-16));
#9214 = ORIENTED_EDGE('',*,*,#8393,.T.);
#9215 = ORIENTED_EDGE('',*,*,#9175,.F.);
#9216 = ORIENTED_EDGE('',*,*,#4038,.F.);
#9217 = SURFACE_OF_LINEAR_EXTRUSION('',#9218,#9224);
#9218 = B_SPLINE_CURVE_WITH_KNOTS('',4,(#9219,#9220,#9221,#9222,#9223),
  .UNSPECIFIED.,.F.,.F.,(5,5),(0.,1.),.PIECEWISE_BEZIER_KNOTS.);
#9219 = CARTESIAN_POINT('',(46.,-14.23482459606,511.5003812216));
#9220 = CARTESIAN_POINT('',(46.,-14.19365564455,510.71782107545));
#9221 = CARTESIAN_POINT('',(46.,-14.09741215415,509.76329220832));
#9222 = CARTESIAN_POINT('',(46.,-13.91573516843,508.6424330662));
#9223 = CARTESIAN_POINT('',(46.,-13.61940039456,507.36892582909));
#9224 = VECTOR('',#9225,1.);
#9225 = DIRECTION('',(-1.,-0.,-2.22044604925E-16));
#9226 = ADVANCED_FACE('',(#9227),#9238,.F.);
#9227 = FACE_BOUND('',#9228,.F.);
#9228 = EDGE_LOOP('',(#9229,#9230,#9231,#9237));
#9229 = ORIENTED_EDGE('',*,*,#9194,.T.);
#9230 = ORIENTED_EDGE('',*,*,#4585,.T.);
#9231 = ORIENTED_EDGE('',*,*,#9232,.F.);
#9232 = EDGE_CURVE('',#231,#4586,#9233,.T.);
#9233 = LINE('',#9234,#9235);
#9234 = CARTESIAN_POINT('',(46.,12.043240347523,507.09100628689));
#9235 = VECTOR('',#9236,1.);
#9236 = DIRECTION('',(1.,0.,2.22044604925E-16));
#9237 = ORIENTED_EDGE('',*,*,#230,.F.);
#9238 = SURFACE_OF_LINEAR_EXTRUSION('',#9239,#9245);
#9239 = B_SPLINE_CURVE_WITH_KNOTS('',4,(#9240,#9241,#9242,#9243,#9244),
  .UNSPECIFIED.,.F.,.F.,(5,5),(0.,1.),.PIECEWISE_BEZIER_KNOTS.);
#9240 = CARTESIAN_POINT('',(46.,10.051889801237,510.76281695873));
#9241 = CARTESIAN_POINT('',(46.,10.358227294519,510.04153157477));
#9242 = CARTESIAN_POINT('',(46.,10.7751346922,509.17748505438));
#9243 = CARTESIAN_POINT('',(46.,11.329211619474,508.18635917828));
#9244 = CARTESIAN_POINT('',(46.,12.043240347523,507.09100628689));
#9245 = VECTOR('',#9246,1.);
#9246 = DIRECTION('',(-1.,-0.,-2.22044604925E-16));
#9247 = ADVANCED_FACE('',(#9248),#9259,.F.);
#9248 = FACE_BOUND('',#9249,.F.);
#9249 = EDGE_LOOP('',(#9250,#9256,#9257,#9258));
#9250 = ORIENTED_EDGE('',*,*,#9251,.T.);
#9251 = EDGE_CURVE('',#4021,#8376,#9252,.T.);
#9252 = LINE('',#9253,#9254);
#9253 = CARTESIAN_POINT('',(46.,-14.83248193121,512.20666058545));
#9254 = VECTOR('',#9255,1.);
#9255 = DIRECTION('',(1.,0.,2.22044604925E-16));
#9256 = ORIENTED_EDGE('',*,*,#8384,.T.);
#9257 = ORIENTED_EDGE('',*,*,#9209,.F.);
#9258 = ORIENTED_EDGE('',*,*,#4029,.F.);
#9259 = CYLINDRICAL_SURFACE('',#9260,0.76);
#9260 = AXIS2_PLACEMENT_3D('',#9261,#9262,#9263);
#9261 = CARTESIAN_POINT('',(46.,-14.99395389029,511.46401207746));
#9262 = DIRECTION('',(-1.,0.,-2.22044604925E-16));
#9263 = DIRECTION('',(-2.169751244165E-16,0.212463104049,0.977169089471)
  );
#9264 = ADVANCED_FACE('',(#9265),#9276,.T.);
#9265 = FACE_BOUND('',#9266,.F.);
#9266 = EDGE_LOOP('',(#9267,#9268,#9269,#9275));
#9267 = ORIENTED_EDGE('',*,*,#9232,.T.);
#9268 = ORIENTED_EDGE('',*,*,#4595,.T.);
#9269 = ORIENTED_EDGE('',*,*,#9270,.F.);
#9270 = EDGE_CURVE('',#241,#4596,#9271,.T.);
#9271 = LINE('',#9272,#9273);
#9272 = CARTESIAN_POINT('',(46.,13.61942397704,507.36892258736));
#9273 = VECTOR('',#9274,1.);
#9274 = DIRECTION('',(1.,0.,2.22044604925E-16));
#9275 = ORIENTED_EDGE('',*,*,#240,.F.);
#9276 = CYLINDRICAL_SURFACE('',#9277,73.896969596813);
#9277 = AXIS2_PLACEMENT_3D('',#9278,#9279,#9280);
#9278 = CARTESIAN_POINT('',(46.,3.418478878725E-04,580.00006410085));
#9279 = DIRECTION('',(-1.,0.,-2.22044604925E-16));
#9280 = DIRECTION('',(2.190761410933E-16,0.162968773487,-0.986631227393)
  );
#9281 = ADVANCED_FACE('',(#9282),#9293,.T.);
#9282 = FACE_BOUND('',#9283,.F.);
#9283 = EDGE_LOOP('',(#9284,#9290,#9291,#9292));
#9284 = ORIENTED_EDGE('',*,*,#9285,.T.);
#9285 = EDGE_CURVE('',#4012,#8367,#9286,.T.);
#9286 = LINE('',#9287,#9288);
#9287 = CARTESIAN_POINT('',(46.,-15.20790938563,512.28989084831));
#9288 = VECTOR('',#9289,1.);
#9289 = DIRECTION('',(1.,0.,2.22044604925E-16));
#9290 = ORIENTED_EDGE('',*,*,#8375,.T.);
#9291 = ORIENTED_EDGE('',*,*,#9251,.F.);
#9292 = ORIENTED_EDGE('',*,*,#4020,.F.);
#9293 = CYLINDRICAL_SURFACE('',#9294,69.396969596066);
#9294 = AXIS2_PLACEMENT_3D('',#9295,#9296,#9297);
#9295 = CARTESIAN_POINT('',(46.,-1.560742646234E-10,579.99999999931));
#9296 = DIRECTION('',(-1.,0.,-2.22044604925E-16));
#9297 = DIRECTION('',(2.166472761473E-16,-0.219143710078,-0.975692592128
    ));
#9298 = ADVANCED_FACE('',(#9299),#9310,.F.);
#9299 = FACE_BOUND('',#9300,.F.);
#9300 = EDGE_LOOP('',(#9301,#9302,#9303,#9309));
#9301 = ORIENTED_EDGE('',*,*,#9270,.T.);
#9302 = ORIENTED_EDGE('',*,*,#4604,.T.);
#9303 = ORIENTED_EDGE('',*,*,#9304,.F.);
#9304 = EDGE_CURVE('',#250,#4605,#9305,.T.);
#9305 = LINE('',#9306,#9307);
#9306 = CARTESIAN_POINT('',(46.,14.234824550279,511.50038078777));
#9307 = VECTOR('',#9308,1.);
#9308 = DIRECTION('',(1.,0.,2.22044604925E-16));
#9309 = ORIENTED_EDGE('',*,*,#249,.F.);
#9310 = SURFACE_OF_LINEAR_EXTRUSION('',#9311,#9317);
#9311 = B_SPLINE_CURVE_WITH_KNOTS('',4,(#9312,#9313,#9314,#9315,#9316),
  .UNSPECIFIED.,.F.,.F.,(5,5),(0.,1.),.PIECEWISE_BEZIER_KNOTS.);
#9312 = CARTESIAN_POINT('',(46.,13.61942397704,507.36892258736));
#9313 = CARTESIAN_POINT('',(46.,13.915735168439,508.6424330662));
#9314 = CARTESIAN_POINT('',(46.,14.097412154151,509.76329220832));
#9315 = CARTESIAN_POINT('',(46.,14.193655644558,510.71782107545));
#9316 = CARTESIAN_POINT('',(46.,14.234824550279,511.50038078777));
#9317 = VECTOR('',#9318,1.);
#9318 = DIRECTION('',(-1.,-0.,-2.22044604925E-16));
#9319 = ADVANCED_FACE('',(#9320),#9331,.F.);
#9320 = FACE_BOUND('',#9321,.F.);
#9321 = EDGE_LOOP('',(#9322,#9328,#9329,#9330));
#9322 = ORIENTED_EDGE('',*,*,#9323,.T.);
#9323 = EDGE_CURVE('',#4002,#8357,#9324,.T.);
#9324 = LINE('',#9325,#9326);
#9325 = CARTESIAN_POINT('',(46.,-16.04805766435,511.90236489129));
#9326 = VECTOR('',#9327,1.);
#9327 = DIRECTION('',(1.,0.,2.22044604925E-16));
#9328 = ORIENTED_EDGE('',*,*,#8366,.T.);
#9329 = ORIENTED_EDGE('',*,*,#9285,.F.);
#9330 = ORIENTED_EDGE('',*,*,#4011,.F.);
#9331 = CYLINDRICAL_SURFACE('',#9332,0.76);
#9332 = AXIS2_PLACEMENT_3D('',#9333,#9334,#9335);
#9333 = CARTESIAN_POINT('',(46.,-15.37542293848,511.54858172951));
#9334 = DIRECTION('',(-1.,0.,-2.22044604925E-16));
#9335 = DIRECTION('',(-1.03362687351E-16,-0.885045691928,0.465504160238)
  );
#9336 = ADVANCED_FACE('',(#9337),#9348,.F.);
#9337 = FACE_BOUND('',#9338,.F.);
#9338 = EDGE_LOOP('',(#9339,#9340,#9341,#9347));
#9339 = ORIENTED_EDGE('',*,*,#9304,.T.);
#9340 = ORIENTED_EDGE('',*,*,#4614,.T.);
#9341 = ORIENTED_EDGE('',*,*,#9342,.F.);
#9342 = EDGE_CURVE('',#260,#4615,#9343,.T.);
#9343 = LINE('',#9344,#9345);
#9344 = CARTESIAN_POINT('',(46.,14.832481931212,512.20666058545));
#9345 = VECTOR('',#9346,1.);
#9346 = DIRECTION('',(1.,0.,2.22044604925E-16));
#9347 = ORIENTED_EDGE('',*,*,#259,.F.);
#9348 = CYLINDRICAL_SURFACE('',#9349,0.76);
#9349 = AXIS2_PLACEMENT_3D('',#9350,#9351,#9352);
#9350 = CARTESIAN_POINT('',(46.,14.993953865027,511.46401207196));
#9351 = DIRECTION('',(-1.,0.,-2.22044604925E-16));
#9352 = DIRECTION('',(-1.062562780822E-17,-0.998854361511,
    4.785357343769E-02));
#9353 = ADVANCED_FACE('',(#9354),#9365,.F.);
#9354 = FACE_BOUND('',#9355,.F.);
#9355 = EDGE_LOOP('',(#9356,#9362,#9363,#9364));
#9356 = ORIENTED_EDGE('',*,*,#9357,.T.);
#9357 = EDGE_CURVE('',#3993,#8348,#9358,.T.);
#9358 = LINE('',#9359,#9360);
#9359 = CARTESIAN_POINT('',(46.,-18.35182967913,508.41807167298));
#9360 = VECTOR('',#9361,1.);
#9361 = DIRECTION('',(1.,0.,2.22044604925E-16));
#9362 = ORIENTED_EDGE('',*,*,#8356,.T.);
#9363 = ORIENTED_EDGE('',*,*,#9323,.F.);
#9364 = ORIENTED_EDGE('',*,*,#4001,.F.);
#9365 = SURFACE_OF_LINEAR_EXTRUSION('',#9366,#9372);
#9366 = B_SPLINE_CURVE_WITH_KNOTS('',4,(#9367,#9368,#9369,#9370,#9371),
  .UNSPECIFIED.,.F.,.F.,(5,5),(0.,1.),.PIECEWISE_BEZIER_KNOTS.);
#9367 = CARTESIAN_POINT('',(46.,-18.35182967913,508.41807167298));
#9368 = CARTESIAN_POINT('',(46.,-17.54507175411,509.44703761618));
#9369 = CARTESIAN_POINT('',(46.,-16.90672094493,510.38610097295));
#9370 = CARTESIAN_POINT('',(46.,-16.41609338951,511.21052366157));
#9371 = CARTESIAN_POINT('',(46.,-16.04805766435,511.90236489129));
#9372 = VECTOR('',#9373,1.);
#9373 = DIRECTION('',(-1.,-0.,-2.22044604925E-16));
#9374 = ADVANCED_FACE('',(#9375),#9386,.T.);
#9375 = FACE_BOUND('',#9376,.F.);
#9376 = EDGE_LOOP('',(#9377,#9378,#9379,#9385));
#9377 = ORIENTED_EDGE('',*,*,#9342,.T.);
#9378 = ORIENTED_EDGE('',*,*,#4623,.T.);
#9379 = ORIENTED_EDGE('',*,*,#9380,.F.);
#9380 = EDGE_CURVE('',#269,#4624,#9381,.T.);
#9381 = LINE('',#9382,#9383);
#9382 = CARTESIAN_POINT('',(46.,15.207909385633,512.28989084831));
#9383 = VECTOR('',#9384,1.);
#9384 = DIRECTION('',(1.,0.,2.22044604925E-16));
#9385 = ORIENTED_EDGE('',*,*,#268,.F.);
#9386 = CYLINDRICAL_SURFACE('',#9387,69.396969600331);
#9387 = AXIS2_PLACEMENT_3D('',#9388,#9389,#9390);
#9388 = CARTESIAN_POINT('',(46.,-7.696927539769E-10,580.00000000347));
#9389 = DIRECTION('',(-1.,0.,-2.22044604925E-16));
#9390 = DIRECTION('',(2.169135821682E-16,0.213733856354,-0.976891927824)
  );
#9391 = ADVANCED_FACE('',(#9392),#9403,.T.);
#9392 = FACE_BOUND('',#9393,.F.);
#9393 = EDGE_LOOP('',(#9394,#9400,#9401,#9402));
#9394 = ORIENTED_EDGE('',*,*,#9395,.T.);
#9395 = EDGE_CURVE('',#3983,#8338,#9396,.T.);
#9396 = LINE('',#9397,#9398);
#9397 = CARTESIAN_POINT('',(46.,-19.89778968018,508.8323179514));
#9398 = VECTOR('',#9399,1.);
#9399 = DIRECTION('',(1.,0.,2.22044604925E-16));
#9400 = ORIENTED_EDGE('',*,*,#8347,.T.);
#9401 = ORIENTED_EDGE('',*,*,#9357,.F.);
#9402 = ORIENTED_EDGE('',*,*,#3992,.F.);
#9403 = CYLINDRICAL_SURFACE('',#9404,73.89696959669);
#9404 = AXIS2_PLACEMENT_3D('',#9405,#9406,#9407);
#9405 = CARTESIAN_POINT('',(46.,3.369095625221E-04,579.99991362382));
#9406 = DIRECTION('',(-1.,0.,-2.22044604925E-16));
#9407 = DIRECTION('',(2.138434194364E-16,-0.269268505845,-0.96306514409)
  );
#9408 = ADVANCED_FACE('',(#9409),#9420,.F.);
#9409 = FACE_BOUND('',#9410,.F.);
#9410 = EDGE_LOOP('',(#9411,#9412,#9413,#9419));
#9411 = ORIENTED_EDGE('',*,*,#9380,.T.);
#9412 = ORIENTED_EDGE('',*,*,#4632,.T.);
#9413 = ORIENTED_EDGE('',*,*,#9414,.F.);
#9414 = EDGE_CURVE('',#278,#4633,#9415,.T.);
#9415 = LINE('',#9416,#9417);
#9416 = CARTESIAN_POINT('',(46.,16.048057439512,511.90236526513));
#9417 = VECTOR('',#9418,1.);
#9418 = DIRECTION('',(1.,0.,2.22044604925E-16));
#9419 = ORIENTED_EDGE('',*,*,#277,.F.);
#9420 = CYLINDRICAL_SURFACE('',#9421,0.76);
#9421 = AXIS2_PLACEMENT_3D('',#9422,#9423,#9424);
#9422 = CARTESIAN_POINT('',(46.,15.375422913268,511.54858172381));
#9423 = DIRECTION('',(-1.,0.,-2.22044604925E-16));
#9424 = DIRECTION('',(-2.165838048366E-16,-0.220412536361,0.975406742757
    ));
#9425 = ADVANCED_FACE('',(#9426),#9437,.F.);
#9426 = FACE_BOUND('',#9427,.F.);
#9427 = EDGE_LOOP('',(#9428,#9434,#9435,#9436));
#9428 = ORIENTED_EDGE('',*,*,#9429,.T.);
#9429 = EDGE_CURVE('',#3974,#8329,#9430,.T.);
#9430 = LINE('',#9431,#9432);
#9431 = CARTESIAN_POINT('',(46.,-20.15079194342,513.00168966221));
#9432 = VECTOR('',#9433,1.);
#9433 = DIRECTION('',(1.,0.,2.22044604925E-16));
#9434 = ORIENTED_EDGE('',*,*,#8337,.T.);
#9435 = ORIENTED_EDGE('',*,*,#9395,.F.);
#9436 = ORIENTED_EDGE('',*,*,#3982,.F.);
#9437 = SURFACE_OF_LINEAR_EXTRUSION('',#9438,#9444);
#9438 = B_SPLINE_CURVE_WITH_KNOTS('',4,(#9439,#9440,#9441,#9442,#9443),
  .UNSPECIFIED.,.F.,.F.,(5,5),(0.,1.),.PIECEWISE_BEZIER_KNOTS.);
#9439 = CARTESIAN_POINT('',(46.,-20.15079194342,513.00168966221));
#9440 = CARTESIAN_POINT('',(46.,-20.17798426299,512.21851928313));
#9441 = CARTESIAN_POINT('',(46.,-20.16529968051,511.25923451362));
#9442 = CARTESIAN_POINT('',(46.,-20.08200334162,510.12680638631));
#9443 = CARTESIAN_POINT('',(46.,-19.89778968018,508.8323179514));
#9444 = VECTOR('',#9445,1.);
#9445 = DIRECTION('',(-1.,-0.,-2.22044604925E-16));
#9446 = ADVANCED_FACE('',(#9447),#9458,.F.);
#9447 = FACE_BOUND('',#9448,.F.);
#9448 = EDGE_LOOP('',(#9449,#9450,#9451,#9457));
#9449 = ORIENTED_EDGE('',*,*,#9414,.T.);
#9450 = ORIENTED_EDGE('',*,*,#4641,.T.);
#9451 = ORIENTED_EDGE('',*,*,#9452,.F.);
#9452 = EDGE_CURVE('',#287,#4642,#9453,.T.);
#9453 = LINE('',#9454,#9455);
#9454 = CARTESIAN_POINT('',(46.,18.351849682098,508.41808457737));
#9455 = VECTOR('',#9456,1.);
#9456 = DIRECTION('',(1.,0.,2.22044604925E-16));
#9457 = ORIENTED_EDGE('',*,*,#286,.F.);
#9458 = SURFACE_OF_LINEAR_EXTRUSION('',#9459,#9465);
#9459 = B_SPLINE_CURVE_WITH_KNOTS('',4,(#9460,#9461,#9462,#9463,#9464),
  .UNSPECIFIED.,.F.,.F.,(5,5),(0.,1.),.PIECEWISE_BEZIER_KNOTS.);
#9460 = CARTESIAN_POINT('',(46.,16.048057439512,511.90236526513));
#9461 = CARTESIAN_POINT('',(46.,16.416093389518,511.21052366157));
#9462 = CARTESIAN_POINT('',(46.,16.906720944937,510.38610097295));
#9463 = CARTESIAN_POINT('',(46.,17.54507175411,509.44703761618));
#9464 = CARTESIAN_POINT('',(46.,18.351849682098,508.41808457737));
#9465 = VECTOR('',#9466,1.);
#9466 = DIRECTION('',(-1.,-0.,-2.22044604925E-16));
#9467 = ADVANCED_FACE('',(#9468),#9479,.F.);
#9468 = FACE_BOUND('',#9469,.F.);
#9469 = EDGE_LOOP('',(#9470,#9476,#9477,#9478));
#9470 = ORIENTED_EDGE('',*,*,#9471,.T.);
#9471 = EDGE_CURVE('',#3965,#8320,#9472,.T.);
#9472 = LINE('',#9473,#9474);
#9473 = CARTESIAN_POINT('',(46.,-20.68461870943,513.7573706888));
#9474 = VECTOR('',#9475,1.);
#9475 = DIRECTION('',(1.,0.,2.22044604925E-16));
#9476 = ORIENTED_EDGE('',*,*,#8328,.T.);
#9477 = ORIENTED_EDGE('',*,*,#9429,.F.);
#9478 = ORIENTED_EDGE('',*,*,#3973,.F.);
#9479 = CYLINDRICAL_SURFACE('',#9480,0.76);
#9480 = AXIS2_PLACEMENT_3D('',#9481,#9482,#9483);
#9481 = CARTESIAN_POINT('',(46.,-20.91020230127,513.03162139111));
#9482 = DIRECTION('',(-1.,0.,-2.22044604925E-16));
#9483 = DIRECTION('',(-2.120377843152E-16,0.296820515577,0.95493328643)
  );
#9484 = ADVANCED_FACE('',(#9485),#9496,.T.);
#9485 = FACE_BOUND('',#9486,.F.);
#9486 = EDGE_LOOP('',(#9487,#9488,#9489,#9495));
#9487 = ORIENTED_EDGE('',*,*,#9452,.T.);
#9488 = ORIENTED_EDGE('',*,*,#4651,.T.);
#9489 = ORIENTED_EDGE('',*,*,#9490,.F.);
#9490 = EDGE_CURVE('',#297,#4652,#9491,.T.);
#9491 = LINE('',#9492,#9493);
#9492 = CARTESIAN_POINT('',(46.,19.897813455452,508.83231677736));
#9493 = VECTOR('',#9494,1.);
#9494 = DIRECTION('',(1.,0.,2.22044604925E-16));
#9495 = ORIENTED_EDGE('',*,*,#296,.F.);
#9496 = CYLINDRICAL_SURFACE('',#9497,73.896969596702);
#9497 = AXIS2_PLACEMENT_3D('',#9498,#9499,#9500);
#9498 = CARTESIAN_POINT('',(46.,3.349603247571E-04,580.00009365082));
#9499 = DIRECTION('',(-1.,0.,-2.22044604925E-16));
#9500 = DIRECTION('',(2.150886431636E-16,0.248339205544,-0.968673133203)
  );
#9501 = ADVANCED_FACE('',(#9502),#9513,.T.);
#9502 = FACE_BOUND('',#9503,.F.);
#9503 = EDGE_LOOP('',(#9504,#9510,#9511,#9512));
#9504 = ORIENTED_EDGE('',*,*,#9505,.T.);
#9505 = EDGE_CURVE('',#3956,#8311,#9506,.T.);
#9506 = LINE('',#9507,#9508);
#9507 = CARTESIAN_POINT('',(46.,-21.05136355366,513.87300489401));
#9508 = VECTOR('',#9509,1.);
#9509 = DIRECTION('',(1.,0.,2.22044604925E-16));
#9510 = ORIENTED_EDGE('',*,*,#8319,.T.);
#9511 = ORIENTED_EDGE('',*,*,#9471,.F.);
#9512 = ORIENTED_EDGE('',*,*,#3964,.F.);
#9513 = CYLINDRICAL_SURFACE('',#9514,69.396969595091);
#9514 = AXIS2_PLACEMENT_3D('',#9515,#9516,#9517);
#9515 = CARTESIAN_POINT('',(46.,-5.060183383421E-10,579.99999999839));
#9516 = DIRECTION('',(-1.,0.,-2.22044604925E-16));
#9517 = DIRECTION('',(2.115818974301E-16,-0.303347014661,-0.952880154425
    ));
#9518 = ADVANCED_FACE('',(#9519),#9530,.F.);
#9519 = FACE_BOUND('',#9520,.F.);
#9520 = EDGE_LOOP('',(#9521,#9522,#9523,#9529));
#9521 = ORIENTED_EDGE('',*,*,#9490,.T.);
#9522 = ORIENTED_EDGE('',*,*,#4660,.T.);
#9523 = ORIENTED_EDGE('',*,*,#9524,.F.);
#9524 = EDGE_CURVE('',#306,#4661,#9525,.T.);
#9525 = LINE('',#9526,#9527);
#9526 = CARTESIAN_POINT('',(46.,20.150791935627,513.00168922604));
#9527 = VECTOR('',#9528,1.);
#9528 = DIRECTION('',(1.,0.,2.22044604925E-16));
#9529 = ORIENTED_EDGE('',*,*,#305,.F.);
#9530 = SURFACE_OF_LINEAR_EXTRUSION('',#9531,#9537);
#9531 = B_SPLINE_CURVE_WITH_KNOTS('',4,(#9532,#9533,#9534,#9535,#9536),
  .UNSPECIFIED.,.F.,.F.,(5,5),(0.,1.),.PIECEWISE_BEZIER_KNOTS.);
#9532 = CARTESIAN_POINT('',(46.,19.897813455452,508.83231677736));
#9533 = CARTESIAN_POINT('',(46.,20.082003341629,510.12680638631));
#9534 = CARTESIAN_POINT('',(46.,20.165299680513,511.25923451362));
#9535 = CARTESIAN_POINT('',(46.,20.177984262993,512.21851928313));
#9536 = CARTESIAN_POINT('',(46.,20.150791935627,513.00168922604));
#9537 = VECTOR('',#9538,1.);
#9538 = DIRECTION('',(-1.,-0.,-2.22044604925E-16));
#9539 = ADVANCED_FACE('',(#9540),#9551,.F.);
#9540 = FACE_BOUND('',#9541,.F.);
#9541 = EDGE_LOOP('',(#9542,#9548,#9549,#9550));
#9542 = ORIENTED_EDGE('',*,*,#9543,.T.);
#9543 = EDGE_CURVE('',#3946,#8301,#9544,.T.);
#9544 = LINE('',#9545,#9546);
#9545 = CARTESIAN_POINT('',(46.,-21.92208992715,513.56017733751));
#9546 = VECTOR('',#9547,1.);
#9547 = DIRECTION('',(1.,0.,2.22044604925E-16));
#9548 = ORIENTED_EDGE('',*,*,#8310,.T.);
#9549 = ORIENTED_EDGE('',*,*,#9505,.F.);
#9550 = ORIENTED_EDGE('',*,*,#3955,.F.);
#9551 = CYLINDRICAL_SURFACE('',#9552,0.76);
#9552 = AXIS2_PLACEMENT_3D('',#9553,#9554,#9555);
#9553 = CARTESIAN_POINT('',(46.,-21.28284901373,513.14911644834));
#9554 = DIRECTION('',(-1.,0.,-2.22044604925E-16));
#9555 = DIRECTION('',(-1.200971746527E-16,-0.84110646503,0.540869591014)
  );
#9556 = ADVANCED_FACE('',(#9557),#9568,.F.);
#9557 = FACE_BOUND('',#9558,.F.);
#9558 = EDGE_LOOP('',(#9559,#9560,#9561,#9567));
#9559 = ORIENTED_EDGE('',*,*,#9524,.T.);
#9560 = ORIENTED_EDGE('',*,*,#4670,.T.);
#9561 = ORIENTED_EDGE('',*,*,#9562,.F.);
#9562 = EDGE_CURVE('',#316,#4671,#9563,.T.);
#9563 = LINE('',#9564,#9565);
#9564 = CARTESIAN_POINT('',(46.,20.684618709434,513.7573706888));
#9565 = VECTOR('',#9566,1.);
#9566 = DIRECTION('',(1.,0.,2.22044604925E-16));
#9567 = ORIENTED_EDGE('',*,*,#315,.F.);
#9568 = CYLINDRICAL_SURFACE('',#9569,0.76);
#9569 = AXIS2_PLACEMENT_3D('',#9570,#9571,#9572);
#9570 = CARTESIAN_POINT('',(46.,20.910202276585,513.03162138344));
#9571 = DIRECTION('',(-1.,0.,-2.22044604925E-16));
#9572 = DIRECTION('',(8.745097453035E-18,-0.999224132839,
    -3.938441763081E-02));
#9573 = ADVANCED_FACE('',(#9574),#9585,.F.);
#9574 = FACE_BOUND('',#9575,.F.);
#9575 = EDGE_LOOP('',(#9576,#9582,#9583,#9584));
#9576 = ORIENTED_EDGE('',*,*,#9577,.T.);
#9577 = EDGE_CURVE('',#3937,#8292,#9578,.T.);
#9578 = LINE('',#9579,#9580);
#9579 = CARTESIAN_POINT('',(46.,-24.52077155728,510.2899298679));
#9580 = VECTOR('',#9581,1.);
#9581 = DIRECTION('',(1.,0.,2.22044604925E-16));
#9582 = ORIENTED_EDGE('',*,*,#8300,.T.);
#9583 = ORIENTED_EDGE('',*,*,#9543,.F.);
#9584 = ORIENTED_EDGE('',*,*,#3945,.F.);
#9585 = SURFACE_OF_LINEAR_EXTRUSION('',#9586,#9592);
#9586 = B_SPLINE_CURVE_WITH_KNOTS('',4,(#9587,#9588,#9589,#9590,#9591),
  .UNSPECIFIED.,.F.,.F.,(5,5),(0.,1.),.PIECEWISE_BEZIER_KNOTS.);
#9587 = CARTESIAN_POINT('',(46.,-24.52077155728,510.2899298679));
#9588 = CARTESIAN_POINT('',(46.,-23.62740329869,511.24466669886));
#9589 = CARTESIAN_POINT('',(46.,-22.90963684272,512.12452069714));
#9590 = CARTESIAN_POINT('',(46.,-22.34902310151,512.90304519953));
#9591 = CARTESIAN_POINT('',(46.,-21.92208992715,513.56017733751));
#9592 = VECTOR('',#9593,1.);
#9593 = DIRECTION('',(-1.,-0.,-2.22044604925E-16));
#9594 = ADVANCED_FACE('',(#9595),#9606,.T.);
#9595 = FACE_BOUND('',#9596,.F.);
#9596 = EDGE_LOOP('',(#9597,#9598,#9599,#9605));
#9597 = ORIENTED_EDGE('',*,*,#9562,.T.);
#9598 = ORIENTED_EDGE('',*,*,#4679,.T.);
#9599 = ORIENTED_EDGE('',*,*,#9600,.F.);
#9600 = EDGE_CURVE('',#325,#4680,#9601,.T.);
#9601 = LINE('',#9602,#9603);
#9602 = CARTESIAN_POINT('',(46.,21.051363553668,513.87300489401));
#9603 = VECTOR('',#9604,1.);
#9604 = DIRECTION('',(1.,0.,2.22044604925E-16));
#9605 = ORIENTED_EDGE('',*,*,#324,.F.);
#9606 = CYLINDRICAL_SURFACE('',#9607,69.39696959879);
#9607 = AXIS2_PLACEMENT_3D('',#9608,#9609,#9610);
#9608 = CARTESIAN_POINT('',(46.,-6.090594695252E-10,580.00000000192));
#9609 = DIRECTION('',(-1.,0.,-2.22044604925E-16));
#9610 = DIRECTION('',(2.119518840673E-16,0.298062276057,-0.954546426106)
  );
#9611 = ADVANCED_FACE('',(#9612),#9623,.T.);
#9612 = FACE_BOUND('',#9613,.F.);
#9613 = EDGE_LOOP('',(#9614,#9620,#9621,#9622));
#9614 = ORIENTED_EDGE('',*,*,#9615,.T.);
#9615 = EDGE_CURVE('',#3927,#8282,#9616,.T.);
#9616 = LINE('',#9617,#9618);
#9617 = CARTESIAN_POINT('',(46.,-26.02474477171,510.83733910632));
#9618 = VECTOR('',#9619,1.);
#9619 = DIRECTION('',(1.,0.,2.22044604925E-16));
#9620 = ORIENTED_EDGE('',*,*,#8291,.T.);
#9621 = ORIENTED_EDGE('',*,*,#9577,.F.);
#9622 = ORIENTED_EDGE('',*,*,#3936,.F.);
#9623 = CYLINDRICAL_SURFACE('',#9624,73.89696959697);
#9624 = AXIS2_PLACEMENT_3D('',#9625,#9626,#9627);
#9625 = CARTESIAN_POINT('',(46.,3.280994350128E-04,579.99988458917));
#9626 = DIRECTION('',(-1.,0.,-2.22044604925E-16));
#9627 = DIRECTION('',(2.078186720119E-16,-0.352180515833,-0.935932093834
    ));
#9628 = ADVANCED_FACE('',(#9629),#9640,.F.);
#9629 = FACE_BOUND('',#9630,.F.);
#9630 = EDGE_LOOP('',(#9631,#9632,#9633,#9639));
#9631 = ORIENTED_EDGE('',*,*,#9600,.T.);
#9632 = ORIENTED_EDGE('',*,*,#4688,.T.);
#9633 = ORIENTED_EDGE('',*,*,#9634,.F.);
#9634 = EDGE_CURVE('',#334,#4689,#9635,.T.);
#9635 = LINE('',#9636,#9637);
#9636 = CARTESIAN_POINT('',(46.,21.92208967059,513.56017769033));
#9637 = VECTOR('',#9638,1.);
#9638 = DIRECTION('',(1.,0.,2.22044604925E-16));
#9639 = ORIENTED_EDGE('',*,*,#333,.F.);
#9640 = CYLINDRICAL_SURFACE('',#9641,0.76);
#9641 = AXIS2_PLACEMENT_3D('',#9642,#9643,#9644);
#9642 = CARTESIAN_POINT('',(46.,21.282848989107,513.14911644047));
#9643 = DIRECTION('',(-1.,0.,-2.22044604925E-16));
#9644 = DIRECTION('',(-2.114941127339E-16,-0.304586099262,0.9524848073)
  );
#9645 = ADVANCED_FACE('',(#9646),#9657,.F.);
#9646 = FACE_BOUND('',#9647,.F.);
#9647 = EDGE_LOOP('',(#9648,#9654,#9655,#9656));
#9648 = ORIENTED_EDGE('',*,*,#9649,.T.);
#9649 = EDGE_CURVE('',#3918,#8273,#9650,.T.);
#9650 = LINE('',#9651,#9652);
#9651 = CARTESIAN_POINT('',(46.,-25.91339959671,515.01289569917));
#9652 = VECTOR('',#9653,1.);
#9653 = DIRECTION('',(1.,0.,2.22044604925E-16));
#9654 = ORIENTED_EDGE('',*,*,#8281,.T.);
#9655 = ORIENTED_EDGE('',*,*,#9615,.F.);
#9656 = ORIENTED_EDGE('',*,*,#3926,.F.);
#9657 = SURFACE_OF_LINEAR_EXTRUSION('',#9658,#9664);
#9658 = B_SPLINE_CURVE_WITH_KNOTS('',4,(#9659,#9660,#9661,#9662,#9663),
  .UNSPECIFIED.,.F.,.F.,(5,5),(0.,1.),.PIECEWISE_BEZIER_KNOTS.);
#9659 = CARTESIAN_POINT('',(46.,-25.91339959671,515.01289569917));
#9660 = CARTESIAN_POINT('',(46.,-26.00874623738,514.23507548664));
#9661 = CARTESIAN_POINT('',(46.,-26.07971710016,513.27833555109));
#9662 = CARTESIAN_POINT('',(46.,-26.09543534354,512.1429569004));
#9663 = CARTESIAN_POINT('',(46.,-26.02474477171,510.83733910632));
#9664 = VECTOR('',#9665,1.);
#9665 = DIRECTION('',(-1.,-0.,-2.22044604925E-16));
#9666 = ADVANCED_FACE('',(#9667),#9678,.F.);
#9667 = FACE_BOUND('',#9668,.F.);
#9668 = EDGE_LOOP('',(#9669,#9670,#9671,#9677));
#9669 = ORIENTED_EDGE('',*,*,#9634,.T.);
#9670 = ORIENTED_EDGE('',*,*,#4697,.T.);
#9671 = ORIENTED_EDGE('',*,*,#9672,.F.);
#9672 = EDGE_CURVE('',#343,#4698,#9673,.T.);
#9673 = LINE('',#9674,#9675);
#9674 = CARTESIAN_POINT('',(46.,24.520790359442,510.28994446656));
#9675 = VECTOR('',#9676,1.);
#9676 = DIRECTION('',(1.,0.,2.22044604925E-16));
#9677 = ORIENTED_EDGE('',*,*,#342,.F.);
#9678 = SURFACE_OF_LINEAR_EXTRUSION('',#9679,#9685);
#9679 = B_SPLINE_CURVE_WITH_KNOTS('',4,(#9680,#9681,#9682,#9683,#9684),
  .UNSPECIFIED.,.F.,.F.,(5,5),(0.,1.),.PIECEWISE_BEZIER_KNOTS.);
#9680 = CARTESIAN_POINT('',(46.,21.92208967059,513.56017769033));
#9681 = CARTESIAN_POINT('',(46.,22.349023101515,512.90304519953));
#9682 = CARTESIAN_POINT('',(46.,22.909636842725,512.12452069714));
#9683 = CARTESIAN_POINT('',(46.,23.627403298693,511.24466669886));
#9684 = CARTESIAN_POINT('',(46.,24.520790359442,510.28994446656));
#9685 = VECTOR('',#9686,1.);
#9686 = DIRECTION('',(-1.,-0.,-2.22044604925E-16));
#9687 = ADVANCED_FACE('',(#9688),#9699,.F.);
#9688 = FACE_BOUND('',#9689,.F.);
#9689 = EDGE_LOOP('',(#9690,#9696,#9697,#9698));
#9690 = ORIENTED_EDGE('',*,*,#9691,.T.);
#9691 = EDGE_CURVE('',#3909,#8264,#9692,.T.);
#9692 = LINE('',#9693,#9694);
#9693 = CARTESIAN_POINT('',(46.,-26.37933304956,515.8122271996));
#9694 = VECTOR('',#9695,1.);
#9695 = DIRECTION('',(1.,0.,2.22044604925E-16));
#9696 = ORIENTED_EDGE('',*,*,#8272,.T.);
#9697 = ORIENTED_EDGE('',*,*,#9649,.F.);
#9698 = ORIENTED_EDGE('',*,*,#3917,.F.);
#9699 = CYLINDRICAL_SURFACE('',#9700,0.76);
#9700 = AXIS2_PLACEMENT_3D('',#9701,#9702,#9703);
#9701 = CARTESIAN_POINT('',(46.,-26.66731144681,515.1089005026));
#9702 = DIRECTION('',(-1.,0.,-2.22044604925E-16));
#9703 = DIRECTION('',(-2.054867086432E-16,0.378918943756,0.925429864475)
  );
#9704 = ADVANCED_FACE('',(#9705),#9716,.T.);
#9705 = FACE_BOUND('',#9706,.F.);
#9706 = EDGE_LOOP('',(#9707,#9708,#9709,#9715));
#9707 = ORIENTED_EDGE('',*,*,#9672,.T.);
#9708 = ORIENTED_EDGE('',*,*,#4707,.T.);
#9709 = ORIENTED_EDGE('',*,*,#9710,.F.);
#9710 = EDGE_CURVE('',#353,#4708,#9711,.T.);
#9711 = LINE('',#9712,#9713);
#9712 = CARTESIAN_POINT('',(46.,26.024768558839,510.83734000889));
#9713 = VECTOR('',#9714,1.);
#9714 = DIRECTION('',(1.,0.,2.22044604925E-16));
#9715 = ORIENTED_EDGE('',*,*,#352,.F.);
#9716 = CYLINDRICAL_SURFACE('',#9717,73.896969597231);
#9717 = AXIS2_PLACEMENT_3D('',#9718,#9719,#9720);
#9718 = CARTESIAN_POINT('',(46.,3.255233109076E-04,580.00012248867));
#9719 = DIRECTION('',(-1.,0.,-2.22044604925E-16));
#9720 = DIRECTION('',(2.094641907853E-16,0.331819626296,-0.943342851568)
  );
#9721 = ADVANCED_FACE('',(#9722),#9733,.T.);
#9722 = FACE_BOUND('',#9723,.F.);
#9723 = EDGE_LOOP('',(#9724,#9730,#9731,#9732));
#9724 = ORIENTED_EDGE('',*,*,#9725,.T.);
#9725 = EDGE_CURVE('',#3900,#8255,#9726,.T.);
#9726 = LINE('',#9727,#9728);
#9727 = CARTESIAN_POINT('',(46.,-26.73460413389,515.95938530105));
#9728 = VECTOR('',#9729,1.);
#9729 = DIRECTION('',(1.,0.,2.22044604925E-16));
#9730 = ORIENTED_EDGE('',*,*,#8263,.T.);
#9731 = ORIENTED_EDGE('',*,*,#9691,.F.);
#9732 = ORIENTED_EDGE('',*,*,#3908,.F.);
#9733 = CYLINDRICAL_SURFACE('',#9734,69.396969597216);
#9734 = AXIS2_PLACEMENT_3D('',#9735,#9736,#9737);
#9735 = CARTESIAN_POINT('',(46.,1.700488638789E-10,580.00000000041));
#9736 = DIRECTION('',(-1.,0.,-2.22044604925E-16));
#9737 = DIRECTION('',(2.049062527169E-16,-0.385241665295,-0.922815723382
    ));
#9738 = ADVANCED_FACE('',(#9739),#9750,.F.);
#9739 = FACE_BOUND('',#9740,.F.);
#9740 = EDGE_LOOP('',(#9741,#9742,#9743,#9749));
#9741 = ORIENTED_EDGE('',*,*,#9710,.T.);
#9742 = ORIENTED_EDGE('',*,*,#4716,.T.);
#9743 = ORIENTED_EDGE('',*,*,#9744,.F.);
#9744 = EDGE_CURVE('',#362,#4717,#9745,.T.);
#9745 = LINE('',#9746,#9747);
#9746 = CARTESIAN_POINT('',(46.,25.913399626964,515.01289526398));
#9747 = VECTOR('',#9748,1.);
#9748 = DIRECTION('',(1.,0.,2.22044604925E-16));
#9749 = ORIENTED_EDGE('',*,*,#361,.F.);
#9750 = SURFACE_OF_LINEAR_EXTRUSION('',#9751,#9757);
#9751 = B_SPLINE_CURVE_WITH_KNOTS('',4,(#9752,#9753,#9754,#9755,#9756),
  .UNSPECIFIED.,.F.,.F.,(5,5),(0.,1.),.PIECEWISE_BEZIER_KNOTS.);
#9752 = CARTESIAN_POINT('',(46.,26.024768558839,510.83734000889));
#9753 = CARTESIAN_POINT('',(46.,26.095435343543,512.1429569004));
#9754 = CARTESIAN_POINT('',(46.,26.079717100166,513.27833555109));
#9755 = CARTESIAN_POINT('',(46.,26.008746237387,514.23507548664));
#9756 = CARTESIAN_POINT('',(46.,25.913399626964,515.01289526398));
#9757 = VECTOR('',#9758,1.);
#9758 = DIRECTION('',(-1.,-0.,-2.22044604925E-16));
#9759 = ADVANCED_FACE('',(#9760),#9771,.F.);
#9760 = FACE_BOUND('',#9761,.F.);
#9761 = EDGE_LOOP('',(#9762,#9768,#9769,#9770));
#9762 = ORIENTED_EDGE('',*,*,#9763,.T.);
#9763 = EDGE_CURVE('',#3890,#8245,#9764,.T.);
#9764 = LINE('',#9765,#9766);
#9765 = CARTESIAN_POINT('',(46.,-27.62928184869,515.72363695166));
#9766 = VECTOR('',#9767,1.);
#9767 = DIRECTION('',(1.,0.,2.22044604925E-16));
#9768 = ORIENTED_EDGE('',*,*,#8254,.T.);
#9769 = ORIENTED_EDGE('',*,*,#9725,.F.);
#9770 = ORIENTED_EDGE('',*,*,#3899,.F.);
#9771 = CYLINDRICAL_SURFACE('',#9772,0.76);
#9772 = AXIS2_PLACEMENT_3D('',#9773,#9774,#9775);
#9773 = CARTESIAN_POINT('',(46.,-27.02829975704,515.25842675667));
#9774 = DIRECTION('',(-1.,0.,-2.22044604925E-16));
#9775 = DIRECTION('',(-1.359176499387E-16,-0.79076591006,0.612118677617)
  );
#9776 = ADVANCED_FACE('',(#9777),#9788,.F.);
#9777 = FACE_BOUND('',#9778,.F.);
#9778 = EDGE_LOOP('',(#9779,#9780,#9781,#9787));
#9779 = ORIENTED_EDGE('',*,*,#9744,.T.);
#9780 = ORIENTED_EDGE('',*,*,#4726,.T.);
#9781 = ORIENTED_EDGE('',*,*,#9782,.F.);
#9782 = EDGE_CURVE('',#372,#4727,#9783,.T.);
#9783 = LINE('',#9784,#9785);
#9784 = CARTESIAN_POINT('',(46.,26.379333049562,515.8122271996));
#9785 = VECTOR('',#9786,1.);
#9786 = DIRECTION('',(1.,0.,2.22044604925E-16));
#9787 = ORIENTED_EDGE('',*,*,#371,.F.);
#9788 = CYLINDRICAL_SURFACE('',#9789,0.76);
#9789 = AXIS2_PLACEMENT_3D('',#9790,#9791,#9792);
#9790 = CARTESIAN_POINT('',(46.,26.667311422892,515.1089004928));
#9791 = DIRECTION('',(-1.,0.,-2.22044604925E-16));
#9792 = DIRECTION('',(2.804926724225E-17,-0.991989205168,-0.1263226695)
  );
#9793 = ADVANCED_FACE('',(#9794),#9805,.F.);
#9794 = FACE_BOUND('',#9795,.F.);
#9795 = EDGE_LOOP('',(#9796,#9802,#9803,#9804));
#9796 = ORIENTED_EDGE('',*,*,#9797,.T.);
#9797 = EDGE_CURVE('',#3881,#8236,#9798,.T.);
#9798 = LINE('',#9799,#9800);
#9799 = CARTESIAN_POINT('',(46.,-30.50309555784,512.69232378862));
#9800 = VECTOR('',#9801,1.);
#9801 = DIRECTION('',(1.,0.,2.22044604925E-16));
#9802 = ORIENTED_EDGE('',*,*,#8244,.T.);
#9803 = ORIENTED_EDGE('',*,*,#9763,.F.);
#9804 = ORIENTED_EDGE('',*,*,#3889,.F.);
#9805 = SURFACE_OF_LINEAR_EXTRUSION('',#9806,#9812);
#9806 = B_SPLINE_CURVE_WITH_KNOTS('',4,(#9807,#9808,#9809,#9810,#9811),
  .UNSPECIFIED.,.F.,.F.,(5,5),(0.,1.),.PIECEWISE_BEZIER_KNOTS.);
#9807 = CARTESIAN_POINT('',(46.,-30.50309555784,512.69232378862));
#9808 = CARTESIAN_POINT('',(46.,-29.52991603755,513.56556538357));
#9809 = CARTESIAN_POINT('',(46.,-28.73819657092,514.37951380316));
#9810 = CARTESIAN_POINT('',(46.,-28.111863253,515.10621507776));
#9811 = CARTESIAN_POINT('',(46.,-27.62928184869,515.72363695166));
#9812 = VECTOR('',#9813,1.);
#9813 = DIRECTION('',(-1.,-0.,-2.22044604925E-16));
#9814 = ADVANCED_FACE('',(#9815),#9826,.T.);
#9815 = FACE_BOUND('',#9816,.F.);
#9816 = EDGE_LOOP('',(#9817,#9818,#9819,#9825));
#9817 = ORIENTED_EDGE('',*,*,#9782,.T.);
#9818 = ORIENTED_EDGE('',*,*,#4735,.T.);
#9819 = ORIENTED_EDGE('',*,*,#9820,.F.);
#9820 = EDGE_CURVE('',#381,#4736,#9821,.T.);
#9821 = LINE('',#9822,#9823);
#9822 = CARTESIAN_POINT('',(46.,26.734604133898,515.95938530105));
#9823 = VECTOR('',#9824,1.);
#9824 = DIRECTION('',(1.,0.,2.22044604925E-16));
#9825 = ORIENTED_EDGE('',*,*,#380,.F.);
#9826 = CYLINDRICAL_SURFACE('',#9827,69.396969598927);
#9827 = AXIS2_PLACEMENT_3D('',#9828,#9829,#9830);
#9828 = CARTESIAN_POINT('',(46.,-8.272227347561E-10,580.00000000199));
#9829 = DIRECTION('',(-1.,0.,-2.22044604925E-16));
#9830 = DIRECTION('',(2.053771041487E-16,0.380122261863,-0.924936249715)
  );
#9831 = ADVANCED_FACE('',(#9832),#9843,.T.);
#9832 = FACE_BOUND('',#9833,.F.);
#9833 = EDGE_LOOP('',(#9834,#9840,#9841,#9842));
#9834 = ORIENTED_EDGE('',*,*,#9835,.T.);
#9835 = EDGE_CURVE('',#3871,#8226,#9836,.T.);
#9836 = LINE('',#9837,#9838);
#9837 = CARTESIAN_POINT('',(46.,-31.95363584136,513.3687298722));
#9838 = VECTOR('',#9839,1.);
#9839 = DIRECTION('',(1.,0.,2.22044604925E-16));
#9840 = ORIENTED_EDGE('',*,*,#8235,.T.);
#9841 = ORIENTED_EDGE('',*,*,#9797,.F.);
#9842 = ORIENTED_EDGE('',*,*,#3880,.F.);
#9843 = CYLINDRICAL_SURFACE('',#9844,73.896969597021);
#9844 = AXIS2_PLACEMENT_3D('',#9845,#9846,#9847);
#9845 = CARTESIAN_POINT('',(46.,3.167922229519E-04,579.99985643263));
#9846 = DIRECTION('',(-1.,0.,-2.22044604925E-16));
#9847 = DIRECTION('',(2.002122990091E-16,-0.432412219443,-0.901676035212
    ));
#9848 = ADVANCED_FACE('',(#9849),#9860,.F.);
#9849 = FACE_BOUND('',#9850,.F.);
#9850 = EDGE_LOOP('',(#9851,#9852,#9853,#9859));
#9851 = ORIENTED_EDGE('',*,*,#9820,.T.);
#9852 = ORIENTED_EDGE('',*,*,#4744,.T.);
#9853 = ORIENTED_EDGE('',*,*,#9854,.F.);
#9854 = EDGE_CURVE('',#390,#4745,#9855,.T.);
#9855 = LINE('',#9856,#9857);
#9856 = CARTESIAN_POINT('',(46.,27.629281562355,515.72363728077));
#9857 = VECTOR('',#9858,1.);
#9858 = DIRECTION('',(1.,0.,2.22044604925E-16));
#9859 = ORIENTED_EDGE('',*,*,#389,.F.);
#9860 = CYLINDRICAL_SURFACE('',#9861,0.76);
#9861 = AXIS2_PLACEMENT_3D('',#9862,#9863,#9864);
#9862 = CARTESIAN_POINT('',(46.,27.028299733203,515.25842674668));
#9863 = DIRECTION('',(-1.,0.,-2.22044604925E-16));
#9864 = DIRECTION('',(-2.047948227297E-16,-0.386441578033,0.922313887333
    ));
#9865 = ADVANCED_FACE('',(#9866),#9877,.F.);
#9866 = FACE_BOUND('',#9867,.F.);
#9867 = EDGE_LOOP('',(#9868,#9874,#9875,#9876));
#9868 = ORIENTED_EDGE('',*,*,#9869,.T.);
#9869 = EDGE_CURVE('',#3862,#8217,#9870,.T.);
#9870 = LINE('',#9871,#9872);
#9871 = CARTESIAN_POINT('',(46.,-31.47879063214,517.51869284015));
#9872 = VECTOR('',#9873,1.);
#9873 = DIRECTION('',(1.,0.,2.22044604925E-16));
#9874 = ORIENTED_EDGE('',*,*,#8225,.T.);
#9875 = ORIENTED_EDGE('',*,*,#9835,.F.);
#9876 = ORIENTED_EDGE('',*,*,#3870,.F.);
#9877 = SURFACE_OF_LINEAR_EXTRUSION('',#9878,#9884);
#9878 = B_SPLINE_CURVE_WITH_KNOTS('',4,(#9879,#9880,#9881,#9882,#9883),
  .UNSPECIFIED.,.F.,.F.,(5,5),(0.,1.),.PIECEWISE_BEZIER_KNOTS.);
#9879 = CARTESIAN_POINT('',(46.,-31.47879063214,517.51869284015));
#9880 = CARTESIAN_POINT('',(46.,-31.6415659484,516.75214247564));
#9881 = CARTESIAN_POINT('',(46.,-31.79565212532,515.80522874265));
#9882 = CARTESIAN_POINT('',(46.,-31.91026532563,514.67554048569));
#9883 = CARTESIAN_POINT('',(46.,-31.95363584136,513.3687298722));
#9884 = VECTOR('',#9885,1.);
#9885 = DIRECTION('',(-1.,-0.,-2.22044604925E-16));
#9886 = ADVANCED_FACE('',(#9887),#9898,.F.);
#9887 = FACE_BOUND('',#9888,.F.);
#9888 = EDGE_LOOP('',(#9889,#9890,#9891,#9897));
#9889 = ORIENTED_EDGE('',*,*,#9854,.T.);
#9890 = ORIENTED_EDGE('',*,*,#4753,.T.);
#9891 = ORIENTED_EDGE('',*,*,#9892,.F.);
#9892 = EDGE_CURVE('',#399,#4754,#9893,.T.);
#9893 = LINE('',#9894,#9895);
#9894 = CARTESIAN_POINT('',(46.,30.503113016092,512.69233997044));
#9895 = VECTOR('',#9896,1.);
#9896 = DIRECTION('',(1.,0.,2.22044604925E-16));
#9897 = ORIENTED_EDGE('',*,*,#398,.F.);
#9898 = SURFACE_OF_LINEAR_EXTRUSION('',#9899,#9905);
#9899 = B_SPLINE_CURVE_WITH_KNOTS('',4,(#9900,#9901,#9902,#9903,#9904),
  .UNSPECIFIED.,.F.,.F.,(5,5),(0.,1.),.PIECEWISE_BEZIER_KNOTS.);
#9900 = CARTESIAN_POINT('',(46.,27.629281562355,515.72363728077));
#9901 = CARTESIAN_POINT('',(46.,28.111863253,515.10621507776));
#9902 = CARTESIAN_POINT('',(46.,28.738196570924,514.37951380316));
#9903 = CARTESIAN_POINT('',(46.,29.529916037556,513.56556538357));
#9904 = CARTESIAN_POINT('',(46.,30.503113016092,512.69233997044));
#9905 = VECTOR('',#9906,1.);
#9906 = DIRECTION('',(-1.,-0.,-2.22044604925E-16));
#9907 = ADVANCED_FACE('',(#9908),#9919,.F.);
#9908 = FACE_BOUND('',#9909,.F.);
#9909 = EDGE_LOOP('',(#9910,#9916,#9917,#9918));
#9910 = ORIENTED_EDGE('',*,*,#9911,.T.);
#9911 = EDGE_CURVE('',#3853,#8208,#9912,.T.);
#9912 = LINE('',#9913,#9914);
#9913 = CARTESIAN_POINT('',(46.,-31.8732847369,518.35559141905));
#9914 = VECTOR('',#9915,1.);
#9915 = DIRECTION('',(1.,0.,2.22044604925E-16));
#9916 = ORIENTED_EDGE('',*,*,#8216,.T.);
#9917 = ORIENTED_EDGE('',*,*,#9869,.F.);
#9918 = ORIENTED_EDGE('',*,*,#3861,.F.);
#9919 = CYLINDRICAL_SURFACE('',#9920,0.76);
#9920 = AXIS2_PLACEMENT_3D('',#9921,#9922,#9923);
#9921 = CARTESIAN_POINT('',(46.,-32.22146625008,517.68004006357));
#9922 = DIRECTION('',(-1.,0.,-2.22044604925E-16));
#9923 = DIRECTION('',(-1.973717550423E-16,0.458133569976,0.888883362462)
  );
#9924 = ADVANCED_FACE('',(#9925),#9936,.T.);
#9925 = FACE_BOUND('',#9926,.F.);
#9926 = EDGE_LOOP('',(#9927,#9928,#9929,#9935));
#9927 = ORIENTED_EDGE('',*,*,#9892,.T.);
#9928 = ORIENTED_EDGE('',*,*,#4763,.T.);
#9929 = ORIENTED_EDGE('',*,*,#9930,.F.);
#9930 = EDGE_CURVE('',#409,#4764,#9931,.T.);
#9931 = LINE('',#9932,#9933);
#9932 = CARTESIAN_POINT('',(46.,31.953659459308,513.36873284452));
#9933 = VECTOR('',#9934,1.);
#9934 = DIRECTION('',(1.,0.,2.22044604925E-16));
#9935 = ORIENTED_EDGE('',*,*,#408,.F.);
#9936 = CYLINDRICAL_SURFACE('',#9937,73.896969596657);
#9937 = AXIS2_PLACEMENT_3D('',#9938,#9939,#9940);
#9938 = CARTESIAN_POINT('',(46.,3.136092481046E-04,580.00015039327));
#9939 = DIRECTION('',(-1.,0.,-2.22044604925E-16));
#9940 = DIRECTION('',(2.022455894373E-16,0.412774699333,-0.910833161227)
  );
#9941 = ADVANCED_FACE('',(#9942),#9953,.T.);
#9942 = FACE_BOUND('',#9943,.F.);
#9943 = EDGE_LOOP('',(#9944,#9950,#9951,#9952));
#9944 = ORIENTED_EDGE('',*,*,#9945,.T.);
#9945 = EDGE_CURVE('',#3844,#8199,#9946,.T.);
#9946 = LINE('',#9947,#9948);
#9947 = CARTESIAN_POINT('',(46.,-32.21437823387,518.53315345472));
#9948 = VECTOR('',#9949,1.);
#9949 = DIRECTION('',(1.,0.,2.22044604925E-16));
#9950 = ORIENTED_EDGE('',*,*,#8207,.T.);
#9951 = ORIENTED_EDGE('',*,*,#9911,.F.);
#9952 = ORIENTED_EDGE('',*,*,#3852,.F.);
#9953 = CYLINDRICAL_SURFACE('',#9954,69.396969596054);
#9954 = AXIS2_PLACEMENT_3D('',#9955,#9956,#9957);
#9955 = CARTESIAN_POINT('',(46.,-3.318945118735E-10,579.99999999936));
#9956 = DIRECTION('',(-1.,0.,-2.22044604925E-16));
#9957 = DIRECTION('',(1.966711476947E-16,-0.464204394242,-0.885728107472
    ));
#9958 = ADVANCED_FACE('',(#9959),#9970,.F.);
#9959 = FACE_BOUND('',#9960,.F.);
#9960 = EDGE_LOOP('',(#9961,#9962,#9963,#9969));
#9961 = ORIENTED_EDGE('',*,*,#9930,.T.);
#9962 = ORIENTED_EDGE('',*,*,#4772,.T.);
#9963 = ORIENTED_EDGE('',*,*,#9964,.F.);
#9964 = EDGE_CURVE('',#418,#4773,#9965,.T.);
#9965 = LINE('',#9966,#9967);
#9966 = CARTESIAN_POINT('',(46.,31.478790700201,517.51869240925));
#9967 = VECTOR('',#9968,1.);
#9968 = DIRECTION('',(1.,0.,2.22044604925E-16));
#9969 = ORIENTED_EDGE('',*,*,#417,.F.);
#9970 = SURFACE_OF_LINEAR_EXTRUSION('',#9971,#9977);
#9971 = B_SPLINE_CURVE_WITH_KNOTS('',4,(#9972,#9973,#9974,#9975,#9976),
  .UNSPECIFIED.,.F.,.F.,(5,5),(0.,1.),.PIECEWISE_BEZIER_KNOTS.);
#9972 = CARTESIAN_POINT('',(46.,31.953659459308,513.36873284452));
#9973 = CARTESIAN_POINT('',(46.,31.910265325639,514.67554048569));
#9974 = CARTESIAN_POINT('',(46.,31.795652125323,515.80522874265));
#9975 = CARTESIAN_POINT('',(46.,31.641565948404,516.75214247564));
#9976 = CARTESIAN_POINT('',(46.,31.478790700201,517.51869240925));
#9977 = VECTOR('',#9978,1.);
#9978 = DIRECTION('',(-1.,-0.,-2.22044604925E-16));
#9979 = ADVANCED_FACE('',(#9980),#9991,.F.);
#9980 = FACE_BOUND('',#9981,.F.);
#9981 = EDGE_LOOP('',(#9982,#9988,#9989,#9990));
#9982 = ORIENTED_EDGE('',*,*,#9983,.T.);
#9983 = EDGE_CURVE('',#3834,#8189,#9984,.T.);
#9984 = LINE('',#9985,#9986);
#9985 = CARTESIAN_POINT('',(46.,-33.12619825234,518.37627849973));
#9986 = VECTOR('',#9987,1.);
#9987 = DIRECTION('',(1.,0.,2.22044604925E-16));
#9988 = ORIENTED_EDGE('',*,*,#8198,.T.);
#9989 = ORIENTED_EDGE('',*,*,#9945,.F.);
#9990 = ORIENTED_EDGE('',*,*,#3843,.F.);
#9991 = CYLINDRICAL_SURFACE('',#9992,0.76);
#9992 = AXIS2_PLACEMENT_3D('',#9993,#9994,#9995);
#9993 = CARTESIAN_POINT('',(46.,-32.56804881908,517.86045952941));
#9994 = DIRECTION('',(-1.,0.,-2.22044604925E-16));
#9995 = DIRECTION('',(-1.507037098394E-16,-0.734407149036,0.678709171476
    ));
#9996 = ADVANCED_FACE('',(#9997),#10008,.F.);
#9997 = FACE_BOUND('',#9998,.F.);
#9998 = EDGE_LOOP('',(#9999,#10000,#10001,#10007));
#9999 = ORIENTED_EDGE('',*,*,#9964,.T.);
#10000 = ORIENTED_EDGE('',*,*,#4782,.T.);
#10001 = ORIENTED_EDGE('',*,*,#10002,.F.);
#10002 = EDGE_CURVE('',#428,#4783,#10003,.T.);
#10003 = LINE('',#10004,#10005);
#10004 = CARTESIAN_POINT('',(46.,31.873284736907,518.35559141905));
#10005 = VECTOR('',#10006,1.);
#10006 = DIRECTION('',(1.,0.,2.22044604925E-16));
#10007 = ORIENTED_EDGE('',*,*,#427,.F.);
#10008 = CYLINDRICAL_SURFACE('',#10009,0.76);
#10009 = AXIS2_PLACEMENT_3D('',#10010,#10011,#10012);
#10010 = CARTESIAN_POINT('',(46.,32.221466227108,517.68004005173));
#10011 = DIRECTION('',(-1.,0.,-2.22044604925E-16));
#10012 = DIRECTION('',(4.713996517114E-17,-0.977204640667,
    -0.212299529579));
#10013 = ADVANCED_FACE('',(#10014),#10025,.F.);
#10014 = FACE_BOUND('',#10015,.F.);
#10015 = EDGE_LOOP('',(#10016,#10022,#10023,#10024));
#10016 = ORIENTED_EDGE('',*,*,#10017,.T.);
#10017 = EDGE_CURVE('',#3825,#8180,#10018,.T.);
#10018 = LINE('',#10019,#10020);
#10019 = CARTESIAN_POINT('',(46.,-36.25327258293,515.6069697668));
#10020 = VECTOR('',#10021,1.);
#10021 = DIRECTION('',(1.,0.,2.22044604925E-16));
#10022 = ORIENTED_EDGE('',*,*,#8188,.T.);
#10023 = ORIENTED_EDGE('',*,*,#9983,.F.);
#10024 = ORIENTED_EDGE('',*,*,#3833,.F.);
#10025 = SURFACE_OF_LINEAR_EXTRUSION('',#10026,#10032);
#10026 = B_SPLINE_CURVE_WITH_KNOTS('',4,(#10027,#10028,#10029,#10030,
    #10031),.UNSPECIFIED.,.F.,.F.,(5,5),(0.,1.),
  .PIECEWISE_BEZIER_KNOTS.);
#10027 = CARTESIAN_POINT('',(46.,-36.25327258293,515.6069697668));
#10028 = CARTESIAN_POINT('',(46.,-35.20768828472,516.39207022992));
#10029 = CARTESIAN_POINT('',(46.,-34.34804127062,517.13391843188));
#10030 = CARTESIAN_POINT('',(46.,-33.66075515072,517.8032658432));
#10031 = CARTESIAN_POINT('',(46.,-33.12619825234,518.37627849973));
#10032 = VECTOR('',#10033,1.);
#10033 = DIRECTION('',(-1.,-0.,-2.22044604925E-16));
#10034 = ADVANCED_FACE('',(#10035),#10046,.T.);
#10035 = FACE_BOUND('',#10036,.F.);
#10036 = EDGE_LOOP('',(#10037,#10038,#10039,#10045));
#10037 = ORIENTED_EDGE('',*,*,#10002,.T.);
#10038 = ORIENTED_EDGE('',*,*,#4791,.T.);
#10039 = ORIENTED_EDGE('',*,*,#10040,.F.);
#10040 = EDGE_CURVE('',#437,#4792,#10041,.T.);
#10041 = LINE('',#10042,#10043);
#10042 = CARTESIAN_POINT('',(46.,32.214378233874,518.53315345472));
#10043 = VECTOR('',#10044,1.);
#10044 = DIRECTION('',(1.,0.,2.22044604925E-16));
#10045 = ORIENTED_EDGE('',*,*,#436,.F.);
#10046 = CYLINDRICAL_SURFACE('',#10047,69.396969596485);
#10047 = AXIS2_PLACEMENT_3D('',#10048,#10049,#10050);
#10048 = CARTESIAN_POINT('',(46.,1.306510455379E-10,579.99999999974));
#10049 = DIRECTION('',(-1.,0.,-2.22044604925E-16));
#10050 = DIRECTION('',(1.972392804574E-16,0.459289287733,-0.888286749971
    ));
#10051 = ADVANCED_FACE('',(#10052),#10063,.T.);
#10052 = FACE_BOUND('',#10053,.F.);
#10053 = EDGE_LOOP('',(#10054,#10060,#10061,#10062));
#10054 = ORIENTED_EDGE('',*,*,#10055,.T.);
#10055 = EDGE_CURVE('',#3815,#8170,#10056,.T.);
#10056 = LINE('',#10057,#10058);
#10057 = CARTESIAN_POINT('',(46.,-37.63934044813,516.40722483681));
#10058 = VECTOR('',#10059,1.);
#10059 = DIRECTION('',(1.,0.,2.22044604925E-16));
#10060 = ORIENTED_EDGE('',*,*,#8179,.T.);
#10061 = ORIENTED_EDGE('',*,*,#10017,.F.);
#10062 = ORIENTED_EDGE('',*,*,#3824,.F.);
#10063 = CYLINDRICAL_SURFACE('',#10064,73.89696959701);
#10064 = AXIS2_PLACEMENT_3D('',#10065,#10066,#10067);
#10065 = CARTESIAN_POINT('',(46.,3.030740070926E-04,579.99982936868));
#10066 = DIRECTION('',(-1.,0.,-2.22044604925E-16));
#10067 = DIRECTION('',(1.910821895192E-16,-0.509353004966,
    -0.860557677516));
#10068 = ADVANCED_FACE('',(#10069),#10080,.F.);
#10069 = FACE_BOUND('',#10070,.F.);
#10070 = EDGE_LOOP('',(#10071,#10072,#10073,#10079));
#10071 = ORIENTED_EDGE('',*,*,#10040,.T.);
#10072 = ORIENTED_EDGE('',*,*,#4800,.T.);
#10073 = ORIENTED_EDGE('',*,*,#10074,.F.);
#10074 = EDGE_CURVE('',#446,#4801,#10075,.T.);
#10075 = LINE('',#10076,#10077);
#10076 = CARTESIAN_POINT('',(46.,33.126197938414,518.37627880263));
#10077 = VECTOR('',#10078,1.);
#10078 = DIRECTION('',(1.,0.,2.22044604925E-16));
#10079 = ORIENTED_EDGE('',*,*,#445,.F.);
#10080 = CYLINDRICAL_SURFACE('',#10081,0.76);
#10081 = AXIS2_PLACEMENT_3D('',#10082,#10083,#10084);
#10082 = CARTESIAN_POINT('',(46.,32.568048796197,517.86045951737));
#10083 = DIRECTION('',(-1.,0.,-2.22044604925E-16));
#10084 = DIRECTION('',(-1.965369204661E-16,-0.465356003056,
    0.885123601775));
#10085 = ADVANCED_FACE('',(#10086),#10097,.F.);
#10086 = FACE_BOUND('',#10087,.F.);
#10087 = EDGE_LOOP('',(#10088,#10094,#10095,#10096));
#10088 = ORIENTED_EDGE('',*,*,#10089,.T.);
#10089 = EDGE_CURVE('',#3806,#8161,#10090,.T.);
#10090 = LINE('',#10091,#10092);
#10091 = CARTESIAN_POINT('',(46.,-36.80460906344,520.50001045585));
#10092 = VECTOR('',#10093,1.);
#10093 = DIRECTION('',(1.,0.,2.22044604925E-16));
#10094 = ORIENTED_EDGE('',*,*,#8169,.T.);
#10095 = ORIENTED_EDGE('',*,*,#10055,.F.);
#10096 = ORIENTED_EDGE('',*,*,#3814,.F.);
#10097 = SURFACE_OF_LINEAR_EXTRUSION('',#10098,#10104);
#10098 = B_SPLINE_CURVE_WITH_KNOTS('',4,(#10099,#10100,#10101,#10102,
    #10103),.UNSPECIFIED.,.F.,.F.,(5,5),(0.,1.),
  .PIECEWISE_BEZIER_KNOTS.);
#10099 = CARTESIAN_POINT('',(46.,-36.80460906344,520.50001045585));
#10100 = CARTESIAN_POINT('',(46.,-37.03357423685,519.7505638505));
#10101 = CARTESIAN_POINT('',(46.,-37.26960303906,518.82068290534));
#10102 = CARTESIAN_POINT('',(46.,-37.48223892066,517.70528265186));
#10103 = CARTESIAN_POINT('',(46.,-37.63934044813,516.40722483681));
#10104 = VECTOR('',#10105,1.);
#10105 = DIRECTION('',(-1.,-0.,-2.22044604925E-16));
#10106 = ADVANCED_FACE('',(#10107),#10118,.F.);
#10107 = FACE_BOUND('',#10108,.F.);
#10108 = EDGE_LOOP('',(#10109,#10110,#10111,#10117));
#10109 = ORIENTED_EDGE('',*,*,#10074,.T.);
#10110 = ORIENTED_EDGE('',*,*,#4809,.T.);
#10111 = ORIENTED_EDGE('',*,*,#10112,.F.);
#10112 = EDGE_CURVE('',#455,#4810,#10113,.T.);
#10113 = LINE('',#10114,#10115);
#10114 = CARTESIAN_POINT('',(46.,36.253288564407,515.60698740862));
#10115 = VECTOR('',#10116,1.);
#10116 = DIRECTION('',(1.,0.,2.22044604925E-16));
#10117 = ORIENTED_EDGE('',*,*,#454,.F.);
#10118 = SURFACE_OF_LINEAR_EXTRUSION('',#10119,#10125);
#10119 = B_SPLINE_CURVE_WITH_KNOTS('',4,(#10120,#10121,#10122,#10123,
    #10124),.UNSPECIFIED.,.F.,.F.,(5,5),(0.,1.),
  .PIECEWISE_BEZIER_KNOTS.);
#10120 = CARTESIAN_POINT('',(46.,33.126197938414,518.37627880263));
#10121 = CARTESIAN_POINT('',(46.,33.660755150723,517.8032658432));
#10122 = CARTESIAN_POINT('',(46.,34.34804127062,517.13391843188));
#10123 = CARTESIAN_POINT('',(46.,35.207688284723,516.39207022992));
#10124 = CARTESIAN_POINT('',(46.,36.253288564407,515.60698740862));
#10125 = VECTOR('',#10126,1.);
#10126 = DIRECTION('',(-1.,-0.,-2.22044604925E-16));
#10127 = ADVANCED_FACE('',(#10128),#10139,.F.);
#10128 = FACE_BOUND('',#10129,.F.);
#10129 = EDGE_LOOP('',(#10130,#10136,#10137,#10138));
#10130 = ORIENTED_EDGE('',*,*,#10131,.T.);
#10131 = EDGE_CURVE('',#3797,#8152,#10132,.T.);
#10132 = LINE('',#10133,#10134);
#10133 = CARTESIAN_POINT('',(46.,-37.12466148178,521.3681068097));
#10134 = VECTOR('',#10135,1.);
#10135 = DIRECTION('',(1.,0.,2.22044604925E-16));
#10136 = ORIENTED_EDGE('',*,*,#8160,.T.);
#10137 = ORIENTED_EDGE('',*,*,#10089,.F.);
#10138 = ORIENTED_EDGE('',*,*,#3805,.F.);
#10139 = CYLINDRICAL_SURFACE('',#10140,0.76);
#10140 = AXIS2_PLACEMENT_3D('',#10141,#10142,#10143);
#10141 = CARTESIAN_POINT('',(46.,-37.53039623934,520.72547214949));
#10142 = DIRECTION('',(-1.,0.,-2.22044604925E-16));
#10143 = DIRECTION('',(-1.877546832091E-16,0.533861523099,0.845571921338
    ));
#10144 = ADVANCED_FACE('',(#10145),#10156,.T.);
#10145 = FACE_BOUND('',#10146,.F.);
#10146 = EDGE_LOOP('',(#10147,#10148,#10149,#10155));
#10147 = ORIENTED_EDGE('',*,*,#10112,.T.);
#10148 = ORIENTED_EDGE('',*,*,#4819,.T.);
#10149 = ORIENTED_EDGE('',*,*,#10150,.F.);
#10150 = EDGE_CURVE('',#465,#4820,#10151,.T.);
#10151 = LINE('',#10152,#10153);
#10152 = CARTESIAN_POINT('',(46.,37.639363717145,516.40722985626));
#10153 = VECTOR('',#10154,1.);
#10154 = DIRECTION('',(1.,0.,2.22044604925E-16));
#10155 = ORIENTED_EDGE('',*,*,#464,.F.);
#10156 = CYLINDRICAL_SURFACE('',#10157,73.896969596785);
#10157 = AXIS2_PLACEMENT_3D('',#10158,#10159,#10160);
#10158 = CARTESIAN_POINT('',(46.,2.993081688025E-04,580.00017715393));
#10159 = DIRECTION('',(-1.,0.,-2.22044604925E-16));
#10160 = DIRECTION('',(1.934877770344E-16,0.490588307667,-0.871391480553
    ));
#10161 = ADVANCED_FACE('',(#10162),#10173,.T.);
#10162 = FACE_BOUND('',#10163,.F.);
#10163 = EDGE_LOOP('',(#10164,#10170,#10171,#10172));
#10164 = ORIENTED_EDGE('',*,*,#10165,.T.);
#10165 = EDGE_CURVE('',#3788,#8143,#10166,.T.);
#10166 = LINE('',#10167,#10168);
#10167 = CARTESIAN_POINT('',(46.,-37.44898146391,521.5747214253));
#10168 = VECTOR('',#10169,1.);
#10169 = DIRECTION('',(1.,0.,2.22044604925E-16));
#10170 = ORIENTED_EDGE('',*,*,#8151,.T.);
#10171 = ORIENTED_EDGE('',*,*,#10131,.F.);
#10172 = ORIENTED_EDGE('',*,*,#3796,.F.);
#10173 = CYLINDRICAL_SURFACE('',#10174,69.396969597408);
#10174 = AXIS2_PLACEMENT_3D('',#10175,#10176,#10177);
#10175 = CARTESIAN_POINT('',(46.,3.405418169677E-10,580.00000000053));
#10176 = DIRECTION('',(-1.,0.,-2.22044604925E-16));
#10177 = DIRECTION('',(1.869392564853E-16,-0.539634247454,
    -0.841899565848));
#10178 = ADVANCED_FACE('',(#10179),#10190,.F.);
#10179 = FACE_BOUND('',#10180,.F.);
#10180 = EDGE_LOOP('',(#10181,#10182,#10183,#10189));
#10181 = ORIENTED_EDGE('',*,*,#10150,.T.);
#10182 = ORIENTED_EDGE('',*,*,#4828,.T.);
#10183 = ORIENTED_EDGE('',*,*,#10184,.F.);
#10184 = EDGE_CURVE('',#474,#4829,#10185,.T.);
#10185 = LINE('',#10186,#10187);
#10186 = CARTESIAN_POINT('',(46.,36.804609168797,520.50001003253));
#10187 = VECTOR('',#10188,1.);
#10188 = DIRECTION('',(1.,0.,2.22044604925E-16));
#10189 = ORIENTED_EDGE('',*,*,#473,.F.);
#10190 = SURFACE_OF_LINEAR_EXTRUSION('',#10191,#10197);
#10191 = B_SPLINE_CURVE_WITH_KNOTS('',4,(#10192,#10193,#10194,#10195,
    #10196),.UNSPECIFIED.,.F.,.F.,(5,5),(0.,1.),
  .PIECEWISE_BEZIER_KNOTS.);
#10192 = CARTESIAN_POINT('',(46.,37.639363717145,516.40722985626));
#10193 = CARTESIAN_POINT('',(46.,37.482238920661,517.70528265186));
#10194 = CARTESIAN_POINT('',(46.,37.269603039066,518.82068290534));
#10195 = CARTESIAN_POINT('',(46.,37.033574236854,519.7505638505));
#10196 = CARTESIAN_POINT('',(46.,36.804609168797,520.50001003253));
#10197 = VECTOR('',#10198,1.);
#10198 = DIRECTION('',(-1.,-0.,-2.22044604925E-16));
#10199 = ADVANCED_FACE('',(#10200),#10211,.F.);
#10200 = FACE_BOUND('',#10201,.F.);
#10201 = EDGE_LOOP('',(#10202,#10208,#10209,#10210));
#10202 = ORIENTED_EDGE('',*,*,#10203,.T.);
#10203 = EDGE_CURVE('',#3778,#8133,#10204,.T.);
#10204 = LINE('',#10205,#10206);
#10205 = CARTESIAN_POINT('',(46.,-38.37100428515,521.49791377784));
#10206 = VECTOR('',#10207,1.);
#10207 = DIRECTION('',(1.,0.,2.22044604925E-16));
#10208 = ORIENTED_EDGE('',*,*,#8142,.T.);
#10209 = ORIENTED_EDGE('',*,*,#10165,.F.);
#10210 = ORIENTED_EDGE('',*,*,#3787,.F.);
#10211 = CYLINDRICAL_SURFACE('',#10212,0.76);
#10212 = AXIS2_PLACEMENT_3D('',#10213,#10214,#10215);
#10213 = CARTESIAN_POINT('',(46.,-37.85993536447,520.935411726));
#10214 = DIRECTION('',(-1.,0.,-2.22044604925E-16));
#10215 = DIRECTION('',(-1.643428235107E-16,-0.67245910616,0.740134278724
    ));
#10216 = ADVANCED_FACE('',(#10217),#10228,.F.);
#10217 = FACE_BOUND('',#10218,.F.);
#10218 = EDGE_LOOP('',(#10219,#10220,#10221,#10227));
#10219 = ORIENTED_EDGE('',*,*,#10184,.T.);
#10220 = ORIENTED_EDGE('',*,*,#4838,.T.);
#10221 = ORIENTED_EDGE('',*,*,#10222,.F.);
#10222 = EDGE_CURVE('',#484,#4839,#10223,.T.);
#10223 = LINE('',#10224,#10225);
#10224 = CARTESIAN_POINT('',(46.,37.124661481788,521.3681068097));
#10225 = VECTOR('',#10226,1.);
#10226 = DIRECTION('',(1.,0.,2.22044604925E-16));
#10227 = ORIENTED_EDGE('',*,*,#483,.F.);
#10228 = CYLINDRICAL_SURFACE('',#10229,0.76);
#10229 = AXIS2_PLACEMENT_3D('',#10230,#10231,#10232);
#10230 = CARTESIAN_POINT('',(46.,37.530396217483,520.72547213569));
#10231 = DIRECTION('',(-1.,0.,-2.22044604925E-16));
#10232 = DIRECTION('',(6.587189950119E-17,-0.954982958797,
    -0.296660662048));
#10233 = ADVANCED_FACE('',(#10234),#10245,.F.);
#10234 = FACE_BOUND('',#10235,.F.);
#10235 = EDGE_LOOP('',(#10236,#10242,#10243,#10244));
#10236 = ORIENTED_EDGE('',*,*,#10237,.T.);
#10237 = EDGE_CURVE('',#3769,#8124,#10238,.T.);
#10238 = LINE('',#10239,#10240);
#10239 = CARTESIAN_POINT('',(46.,-41.72754031333,519.01168558662));
#10240 = VECTOR('',#10241,1.);
#10241 = DIRECTION('',(1.,0.,2.22044604925E-16));
#10242 = ORIENTED_EDGE('',*,*,#8132,.T.);
#10243 = ORIENTED_EDGE('',*,*,#10203,.F.);
#10244 = ORIENTED_EDGE('',*,*,#3777,.F.);
#10245 = SURFACE_OF_LINEAR_EXTRUSION('',#10246,#10252);
#10246 = B_SPLINE_CURVE_WITH_KNOTS('',4,(#10247,#10248,#10249,#10250,
    #10251),.UNSPECIFIED.,.F.,.F.,(5,5),(0.,1.),
  .PIECEWISE_BEZIER_KNOTS.);
#10247 = CARTESIAN_POINT('',(46.,-41.72754031333,519.01168558662));
#10248 = CARTESIAN_POINT('',(46.,-40.61750876506,519.70266982934));
#10249 = CARTESIAN_POINT('',(46.,-39.69647663633,520.3667719009));
#10250 = CARTESIAN_POINT('',(46.,-38.95346837682,520.97367131098));
#10251 = CARTESIAN_POINT('',(46.,-38.37100428515,521.49791377784));
#10252 = VECTOR('',#10253,1.);
#10253 = DIRECTION('',(-1.,-0.,-2.22044604925E-16));
#10254 = ADVANCED_FACE('',(#10255),#10266,.T.);
#10255 = FACE_BOUND('',#10256,.F.);
#10256 = EDGE_LOOP('',(#10257,#10258,#10259,#10265));
#10257 = ORIENTED_EDGE('',*,*,#10222,.T.);
#10258 = ORIENTED_EDGE('',*,*,#4847,.T.);
#10259 = ORIENTED_EDGE('',*,*,#10260,.F.);
#10260 = EDGE_CURVE('',#493,#4848,#10261,.T.);
#10261 = LINE('',#10262,#10263);
#10262 = CARTESIAN_POINT('',(46.,37.448981463917,521.5747214253));
#10263 = VECTOR('',#10264,1.);
#10264 = DIRECTION('',(1.,0.,2.22044604925E-16));
#10265 = ORIENTED_EDGE('',*,*,#492,.F.);
#10266 = CYLINDRICAL_SURFACE('',#10267,69.396969596675);
#10267 = AXIS2_PLACEMENT_3D('',#10268,#10269,#10270);
#10268 = CARTESIAN_POINT('',(46.,4.986233648197E-11,579.99999999991));
#10269 = DIRECTION('',(-1.,0.,-2.22044604925E-16));
#10270 = DIRECTION('',(1.876003467456E-16,0.534960844796,-0.844876851698
    ));
#10271 = ADVANCED_FACE('',(#10272),#10283,.T.);
#10272 = FACE_BOUND('',#10273,.F.);
#10273 = EDGE_LOOP('',(#10274,#10280,#10281,#10282));
#10274 = ORIENTED_EDGE('',*,*,#10275,.T.);
#10275 = EDGE_CURVE('',#3759,#8114,#10276,.T.);
#10276 = LINE('',#10277,#10278);
#10277 = CARTESIAN_POINT('',(46.,-43.03858694683,519.92969921877));
#10278 = VECTOR('',#10279,1.);
#10279 = DIRECTION('',(1.,0.,2.22044604925E-16));
#10280 = ORIENTED_EDGE('',*,*,#8123,.T.);
#10281 = ORIENTED_EDGE('',*,*,#10237,.F.);
#10282 = ORIENTED_EDGE('',*,*,#3768,.F.);
#10283 = CYLINDRICAL_SURFACE('',#10284,73.896969596836);
#10284 = AXIS2_PLACEMENT_3D('',#10285,#10286,#10287);
#10285 = CARTESIAN_POINT('',(46.,2.870491202742E-04,579.9998036032));
#10286 = DIRECTION('',(-1.,0.,-2.22044604925E-16));
#10287 = DIRECTION('',(1.804978291886E-16,-0.582417306566,
    -0.812889956275));
#10288 = ADVANCED_FACE('',(#10289),#10300,.F.);
#10289 = FACE_BOUND('',#10290,.F.);
#10290 = EDGE_LOOP('',(#10291,#10292,#10293,#10299));
#10291 = ORIENTED_EDGE('',*,*,#10260,.T.);
#10292 = ORIENTED_EDGE('',*,*,#4856,.T.);
#10293 = ORIENTED_EDGE('',*,*,#10294,.F.);
#10294 = EDGE_CURVE('',#502,#4857,#10295,.T.);
#10295 = LINE('',#10296,#10297);
#10296 = CARTESIAN_POINT('',(46.,38.371003946017,521.49791405222));
#10297 = VECTOR('',#10298,1.);
#10298 = DIRECTION('',(1.,0.,2.22044604925E-16));
#10299 = ORIENTED_EDGE('',*,*,#501,.F.);
#10300 = CYLINDRICAL_SURFACE('',#10301,0.76);
#10301 = AXIS2_PLACEMENT_3D('',#10302,#10303,#10304);
#10302 = CARTESIAN_POINT('',(46.,37.859935342725,520.93541171203));
#10303 = DIRECTION('',(-1.,0.,-2.22044604925E-16));
#10304 = DIRECTION('',(-1.867832535654E-16,-0.540728787906,
    0.841196991156));
#10305 = ADVANCED_FACE('',(#10306),#10317,.F.);
#10306 = FACE_BOUND('',#10307,.F.);
#10307 = EDGE_LOOP('',(#10308,#10314,#10315,#10316));
#10308 = ORIENTED_EDGE('',*,*,#10309,.T.);
#10309 = EDGE_CURVE('',#3750,#8105,#10310,.T.);
#10310 = LINE('',#10311,#10312);
#10311 = CARTESIAN_POINT('',(46.,-41.85032219653,523.93415891907));
#10312 = VECTOR('',#10313,1.);
#10313 = DIRECTION('',(1.,0.,2.22044604925E-16));
#10314 = ORIENTED_EDGE('',*,*,#8113,.T.);
#10315 = ORIENTED_EDGE('',*,*,#10275,.F.);
#10316 = ORIENTED_EDGE('',*,*,#3758,.F.);
#10317 = SURFACE_OF_LINEAR_EXTRUSION('',#10318,#10324);
#10318 = B_SPLINE_CURVE_WITH_KNOTS('',4,(#10319,#10320,#10321,#10322,
    #10323),.UNSPECIFIED.,.F.,.F.,(5,5),(0.,1.),
  .PIECEWISE_BEZIER_KNOTS.);
#10319 = CARTESIAN_POINT('',(46.,-41.85032219653,523.93415891907));
#10320 = CARTESIAN_POINT('',(46.,-42.14373466387,523.20751981407));
#10321 = CARTESIAN_POINT('',(46.,-42.45990976968,522.30174861221));
#10322 = CARTESIAN_POINT('',(46.,-42.7689500451,521.20912523164));
#10323 = CARTESIAN_POINT('',(46.,-43.03858694683,519.92969921877));
#10324 = VECTOR('',#10325,1.);
#10325 = DIRECTION('',(-1.,-0.,-2.22044604925E-16));
#10326 = ADVANCED_FACE('',(#10327),#10338,.F.);
#10327 = FACE_BOUND('',#10328,.F.);
#10328 = EDGE_LOOP('',(#10329,#10330,#10331,#10337));
#10329 = ORIENTED_EDGE('',*,*,#10294,.T.);
#10330 = ORIENTED_EDGE('',*,*,#4865,.T.);
#10331 = ORIENTED_EDGE('',*,*,#10332,.F.);
#10332 = EDGE_CURVE('',#511,#4866,#10333,.T.);
#10333 = LINE('',#10334,#10335);
#10334 = CARTESIAN_POINT('',(46.,41.727554696413,519.01170455419));
#10335 = VECTOR('',#10336,1.);
#10336 = DIRECTION('',(1.,0.,2.22044604925E-16));
#10337 = ORIENTED_EDGE('',*,*,#510,.F.);
#10338 = SURFACE_OF_LINEAR_EXTRUSION('',#10339,#10345);
#10339 = B_SPLINE_CURVE_WITH_KNOTS('',4,(#10340,#10341,#10342,#10343,
    #10344),.UNSPECIFIED.,.F.,.F.,(5,5),(0.,1.),
  .PIECEWISE_BEZIER_KNOTS.);
#10340 = CARTESIAN_POINT('',(46.,38.371003946017,521.49791405222));
#10341 = CARTESIAN_POINT('',(46.,38.953468376829,520.97367131098));
#10342 = CARTESIAN_POINT('',(46.,39.696476636332,520.3667719009));
#10343 = CARTESIAN_POINT('',(46.,40.61750876506,519.70266982934));
#10344 = CARTESIAN_POINT('',(46.,41.727554696413,519.01170455419));
#10345 = VECTOR('',#10346,1.);
#10346 = DIRECTION('',(-1.,-0.,-2.22044604925E-16));
#10347 = ADVANCED_FACE('',(#10348),#10359,.F.);
#10348 = FACE_BOUND('',#10349,.F.);
#10349 = EDGE_LOOP('',(#10350,#10356,#10357,#10358));
#10350 = ORIENTED_EDGE('',*,*,#10351,.T.);
#10351 = EDGE_CURVE('',#3741,#8096,#10352,.T.);
#10352 = LINE('',#10353,#10354);
#10353 = CARTESIAN_POINT('',(46.,-42.0934971363,524.82684631045));
#10354 = VECTOR('',#10355,1.);
#10355 = DIRECTION('',(1.,0.,2.22044604925E-16));
#10356 = ORIENTED_EDGE('',*,*,#8104,.T.);
#10357 = ORIENTED_EDGE('',*,*,#10309,.F.);
#10358 = ORIENTED_EDGE('',*,*,#3749,.F.);
#10359 = CYLINDRICAL_SURFACE('',#10360,0.76);
#10360 = AXIS2_PLACEMENT_3D('',#10361,#10362,#10363);
#10361 = CARTESIAN_POINT('',(46.,-42.55369725174,524.22201918328));
#10362 = DIRECTION('',(-1.,0.,-2.22044604925E-16));
#10363 = DIRECTION('',(-1.767086848673E-16,0.605526467677,0.795825167322
    ));
#10364 = ADVANCED_FACE('',(#10365),#10376,.T.);
#10365 = FACE_BOUND('',#10366,.F.);
#10366 = EDGE_LOOP('',(#10367,#10368,#10369,#10375));
#10367 = ORIENTED_EDGE('',*,*,#10332,.T.);
#10368 = ORIENTED_EDGE('',*,*,#4875,.T.);
#10369 = ORIENTED_EDGE('',*,*,#10370,.F.);
#10370 = EDGE_CURVE('',#521,#4876,#10371,.T.);
#10371 = LINE('',#10372,#10373);
#10372 = CARTESIAN_POINT('',(46.,43.038609689826,519.92970624715));
#10373 = VECTOR('',#10374,1.);
#10374 = DIRECTION('',(1.,0.,2.22044604925E-16));
#10375 = ORIENTED_EDGE('',*,*,#520,.F.);
#10376 = CYLINDRICAL_SURFACE('',#10377,73.896969596739);
#10377 = AXIS2_PLACEMENT_3D('',#10378,#10379,#10380);
#10378 = CARTESIAN_POINT('',(46.,2.827292544048E-04,580.0002025662));
#10379 = DIRECTION('',(-1.,0.,-2.22044604925E-16));
#10380 = DIRECTION('',(1.832574058171E-16,0.564668242756,-0.825317984551
    ));
#10381 = ADVANCED_FACE('',(#10382),#10393,.T.);
#10382 = FACE_BOUND('',#10383,.F.);
#10383 = EDGE_LOOP('',(#10384,#10390,#10391,#10392));
#10384 = ORIENTED_EDGE('',*,*,#10385,.T.);
#10385 = EDGE_CURVE('',#3732,#8087,#10386,.T.);
#10386 = LINE('',#10387,#10388);
#10387 = CARTESIAN_POINT('',(46.,-42.3985753327,525.06094104399));
#10388 = VECTOR('',#10389,1.);
#10389 = DIRECTION('',(1.,0.,2.22044604925E-16));
#10390 = ORIENTED_EDGE('',*,*,#8095,.T.);
#10391 = ORIENTED_EDGE('',*,*,#10351,.F.);
#10392 = ORIENTED_EDGE('',*,*,#3740,.F.);
#10393 = CYLINDRICAL_SURFACE('',#10394,69.396969600183);
#10394 = AXIS2_PLACEMENT_3D('',#10395,#10396,#10397);
#10395 = CARTESIAN_POINT('',(46.,2.074934002394E-09,580.0000000027));
#10396 = DIRECTION('',(-1.,0.,-2.22044604925E-16));
#10397 = DIRECTION('',(1.75784644657E-16,-0.610957158202,-0.791663660175
    ));
#10398 = ADVANCED_FACE('',(#10399),#10410,.F.);
#10399 = FACE_BOUND('',#10400,.F.);
#10400 = EDGE_LOOP('',(#10401,#10402,#10403,#10409));
#10401 = ORIENTED_EDGE('',*,*,#10370,.T.);
#10402 = ORIENTED_EDGE('',*,*,#4884,.T.);
#10403 = ORIENTED_EDGE('',*,*,#10404,.F.);
#10404 = EDGE_CURVE('',#530,#4885,#10405,.T.);
#10405 = LINE('',#10406,#10407);
#10406 = CARTESIAN_POINT('',(46.,41.850322338387,523.93415850654));
#10407 = VECTOR('',#10408,1.);
#10408 = DIRECTION('',(1.,0.,2.22044604925E-16));
#10409 = ORIENTED_EDGE('',*,*,#529,.F.);
#10410 = SURFACE_OF_LINEAR_EXTRUSION('',#10411,#10417);
#10411 = B_SPLINE_CURVE_WITH_KNOTS('',4,(#10412,#10413,#10414,#10415,
    #10416),.UNSPECIFIED.,.F.,.F.,(5,5),(0.,1.),
  .PIECEWISE_BEZIER_KNOTS.);
#10412 = CARTESIAN_POINT('',(46.,43.038609689826,519.92970624715));
#10413 = CARTESIAN_POINT('',(46.,42.768950045103,521.20912523164));
#10414 = CARTESIAN_POINT('',(46.,42.45990976968,522.30174861221));
#10415 = CARTESIAN_POINT('',(46.,42.143734663877,523.20751981407));
#10416 = CARTESIAN_POINT('',(46.,41.850322338387,523.93415850654));
#10417 = VECTOR('',#10418,1.);
#10418 = DIRECTION('',(-1.,-0.,-2.22044604925E-16));
#10419 = ADVANCED_FACE('',(#10420),#10431,.F.);
#10420 = FACE_BOUND('',#10421,.F.);
#10421 = EDGE_LOOP('',(#10422,#10428,#10429,#10430));
#10422 = ORIENTED_EDGE('',*,*,#10423,.T.);
#10423 = EDGE_CURVE('',#3722,#8077,#10424,.T.);
#10424 = LINE('',#10425,#10426);
#10425 = CARTESIAN_POINT('',(46.,-43.3237838063,525.06478525662));
#10426 = VECTOR('',#10427,1.);
#10427 = DIRECTION('',(1.,0.,2.22044604925E-16));
#10428 = ORIENTED_EDGE('',*,*,#8086,.T.);
#10429 = ORIENTED_EDGE('',*,*,#10385,.F.);
#10430 = ORIENTED_EDGE('',*,*,#3731,.F.);
#10431 = CYLINDRICAL_SURFACE('',#10432,0.76);
#10432 = AXIS2_PLACEMENT_3D('',#10433,#10434,#10435);
#10433 = CARTESIAN_POINT('',(46.,-42.86368494128,524.45988110354));
#10434 = DIRECTION('',(-1.,0.,-2.22044604925E-16));
#10435 = DIRECTION('',(-1.767311890623E-16,-0.605393243445,
    0.795926517206));
#10436 = ADVANCED_FACE('',(#10437),#10448,.F.);
#10437 = FACE_BOUND('',#10438,.F.);
#10438 = EDGE_LOOP('',(#10439,#10440,#10441,#10447));
#10439 = ORIENTED_EDGE('',*,*,#10404,.T.);
#10440 = ORIENTED_EDGE('',*,*,#4894,.T.);
#10441 = ORIENTED_EDGE('',*,*,#10442,.F.);
#10442 = EDGE_CURVE('',#540,#4895,#10443,.T.);
#10443 = LINE('',#10444,#10445);
#10444 = CARTESIAN_POINT('',(46.,42.093497136309,524.82684631045));
#10445 = VECTOR('',#10446,1.);
#10446 = DIRECTION('',(1.,0.,2.22044604925E-16));
#10447 = ORIENTED_EDGE('',*,*,#539,.F.);
#10448 = CYLINDRICAL_SURFACE('',#10449,0.76);
#10449 = AXIS2_PLACEMENT_3D('',#10450,#10451,#10452);
#10450 = CARTESIAN_POINT('',(46.,42.553697231169,524.22201916763));
#10451 = DIRECTION('',(-1.,0.,-2.22044604925E-16));
#10452 = DIRECTION('',(8.41025089015E-17,-0.925493279977,-0.37876402775)
  );
#10453 = ADVANCED_FACE('',(#10454),#10465,.F.);
#10454 = FACE_BOUND('',#10455,.F.);
#10455 = EDGE_LOOP('',(#10456,#10462,#10463,#10464));
#10456 = ORIENTED_EDGE('',*,*,#10457,.T.);
#10457 = EDGE_CURVE('',#3713,#8068,#10458,.T.);
#10458 = LINE('',#10459,#10460);
#10459 = CARTESIAN_POINT('',(46.,-46.88423626618,522.88055930488));
#10460 = VECTOR('',#10461,1.);
#10461 = DIRECTION('',(1.,0.,2.22044604925E-16));
#10462 = ORIENTED_EDGE('',*,*,#8076,.T.);
#10463 = ORIENTED_EDGE('',*,*,#10423,.F.);
#10464 = ORIENTED_EDGE('',*,*,#3721,.F.);
#10465 = SURFACE_OF_LINEAR_EXTRUSION('',#10466,#10472);
#10466 = B_SPLINE_CURVE_WITH_KNOTS('',4,(#10467,#10468,#10469,#10470,
    #10471),.UNSPECIFIED.,.F.,.F.,(5,5),(0.,1.),
  .PIECEWISE_BEZIER_KNOTS.);
#10467 = CARTESIAN_POINT('',(46.,-46.88423626618,522.88055930488));
#10468 = CARTESIAN_POINT('',(46.,-45.71820547817,523.47216851988));
#10469 = CARTESIAN_POINT('',(46.,-44.74279784545,524.05347024329));
#10470 = CARTESIAN_POINT('',(46.,-43.94972218784,524.59330278116));
#10471 = CARTESIAN_POINT('',(46.,-43.3237838063,525.06478525662));
#10472 = VECTOR('',#10473,1.);
#10473 = DIRECTION('',(-1.,-0.,-2.22044604925E-16));
#10474 = ADVANCED_FACE('',(#10475),#10486,.T.);
#10475 = FACE_BOUND('',#10476,.F.);
#10476 = EDGE_LOOP('',(#10477,#10478,#10479,#10485));
#10477 = ORIENTED_EDGE('',*,*,#10442,.T.);
#10478 = ORIENTED_EDGE('',*,*,#4903,.T.);
#10479 = ORIENTED_EDGE('',*,*,#10480,.F.);
#10480 = EDGE_CURVE('',#549,#4904,#10481,.T.);
#10481 = LINE('',#10482,#10483);
#10482 = CARTESIAN_POINT('',(46.,42.398575332706,525.06094104399));
#10483 = VECTOR('',#10484,1.);
#10484 = DIRECTION('',(1.,0.,2.22044604925E-16));
#10485 = ORIENTED_EDGE('',*,*,#548,.F.);
#10486 = CYLINDRICAL_SURFACE('',#10487,69.39696959577);
#10487 = AXIS2_PLACEMENT_3D('',#10488,#10489,#10490);
#10488 = CARTESIAN_POINT('',(46.,6.075531189254E-10,579.9999999992));
#10489 = DIRECTION('',(-1.,0.,-2.22044604925E-16));
#10490 = DIRECTION('',(1.765336611187E-16,0.606561026813,-0.795036930433
    ));
#10491 = ADVANCED_FACE('',(#10492),#10503,.T.);
#10492 = FACE_BOUND('',#10493,.F.);
#10493 = EDGE_LOOP('',(#10494,#10500,#10501,#10502));
#10494 = ORIENTED_EDGE('',*,*,#10495,.T.);
#10495 = EDGE_CURVE('',#3703,#8058,#10496,.T.);
#10496 = LINE('',#10497,#10498);
#10497 = CARTESIAN_POINT('',(46.,-48.11028381146,523.90934486113));
#10498 = VECTOR('',#10499,1.);
#10499 = DIRECTION('',(1.,0.,2.22044604925E-16));
#10500 = ORIENTED_EDGE('',*,*,#8067,.T.);
#10501 = ORIENTED_EDGE('',*,*,#10457,.F.);
#10502 = ORIENTED_EDGE('',*,*,#3712,.F.);
#10503 = CYLINDRICAL_SURFACE('',#10504,73.896969596759);
#10504 = AXIS2_PLACEMENT_3D('',#10505,#10506,#10507);
#10505 = CARTESIAN_POINT('',(46.,2.688396538737E-04,579.99977933251));
#10506 = DIRECTION('',(-1.,0.,-2.22044604925E-16));
#10507 = DIRECTION('',(1.685397713903E-16,-0.651049060789,-0.75903565163
    ));
#10508 = ADVANCED_FACE('',(#10509),#10520,.F.);
#10509 = FACE_BOUND('',#10510,.F.);
#10510 = EDGE_LOOP('',(#10511,#10512,#10513,#10519));
#10511 = ORIENTED_EDGE('',*,*,#10480,.T.);
#10512 = ORIENTED_EDGE('',*,*,#4912,.T.);
#10513 = ORIENTED_EDGE('',*,*,#10514,.F.);
#10514 = EDGE_CURVE('',#558,#4913,#10515,.T.);
#10515 = LINE('',#10516,#10517);
#10516 = CARTESIAN_POINT('',(46.,43.323783444545,525.06478550041));
#10517 = VECTOR('',#10518,1.);
#10518 = DIRECTION('',(1.,0.,2.22044604925E-16));
#10519 = ORIENTED_EDGE('',*,*,#557,.F.);
#10520 = CYLINDRICAL_SURFACE('',#10521,0.76);
#10521 = AXIS2_PLACEMENT_3D('',#10522,#10523,#10524);
#10522 = CARTESIAN_POINT('',(46.,42.863684920842,524.45988108772));
#10523 = DIRECTION('',(-1.,0.,-2.22044604925E-16));
#10524 = DIRECTION('',(-1.756080533223E-16,-0.611986300178,
    0.790868363506));
#10525 = ADVANCED_FACE('',(#10526),#10537,.F.);
#10526 = FACE_BOUND('',#10527,.F.);
#10527 = EDGE_LOOP('',(#10528,#10534,#10535,#10536));
#10528 = ORIENTED_EDGE('',*,*,#10529,.T.);
#10529 = EDGE_CURVE('',#3694,#8049,#10530,.T.);
#10530 = LINE('',#10531,#10532);
#10531 = CARTESIAN_POINT('',(46.,-46.5775291078,527.79500228639));
#10532 = VECTOR('',#10533,1.);
#10533 = DIRECTION('',(1.,0.,2.22044604925E-16));
#10534 = ORIENTED_EDGE('',*,*,#8057,.T.);
#10535 = ORIENTED_EDGE('',*,*,#10495,.F.);
#10536 = ORIENTED_EDGE('',*,*,#3702,.F.);
#10537 = SURFACE_OF_LINEAR_EXTRUSION('',#10538,#10544);
#10538 = B_SPLINE_CURVE_WITH_KNOTS('',4,(#10539,#10540,#10541,#10542,
    #10543),.UNSPECIFIED.,.F.,.F.,(5,5),(0.,1.),
  .PIECEWISE_BEZIER_KNOTS.);
#10539 = CARTESIAN_POINT('',(46.,-46.5775291078,527.79500228639));
#10540 = CARTESIAN_POINT('',(46.,-46.93315582302,527.09670084408));
#10541 = CARTESIAN_POINT('',(46.,-47.32707094895,526.22193285129));
#10542 = CARTESIAN_POINT('',(46.,-47.7301636351,525.1604018673));
#10543 = CARTESIAN_POINT('',(46.,-48.11028381146,523.90934486113));
#10544 = VECTOR('',#10545,1.);
#10545 = DIRECTION('',(-1.,-0.,-2.22044604925E-16));
#10546 = ADVANCED_FACE('',(#10547),#10558,.F.);
#10547 = FACE_BOUND('',#10548,.F.);
#10548 = EDGE_LOOP('',(#10549,#10550,#10551,#10557));
#10549 = ORIENTED_EDGE('',*,*,#10514,.T.);
#10550 = ORIENTED_EDGE('',*,*,#4921,.T.);
#10551 = ORIENTED_EDGE('',*,*,#10552,.F.);
#10552 = EDGE_CURVE('',#567,#4922,#10553,.T.);
#10553 = LINE('',#10554,#10555);
#10554 = CARTESIAN_POINT('',(46.,46.884248941392,522.88057945384));
#10555 = VECTOR('',#10556,1.);
#10556 = DIRECTION('',(1.,0.,2.22044604925E-16));
#10557 = ORIENTED_EDGE('',*,*,#566,.F.);
#10558 = SURFACE_OF_LINEAR_EXTRUSION('',#10559,#10565);
#10559 = B_SPLINE_CURVE_WITH_KNOTS('',4,(#10560,#10561,#10562,#10563,
    #10564),.UNSPECIFIED.,.F.,.F.,(5,5),(0.,1.),
  .PIECEWISE_BEZIER_KNOTS.);
#10560 = CARTESIAN_POINT('',(46.,43.323783444545,525.06478550041));
#10561 = CARTESIAN_POINT('',(46.,43.94972218784,524.59330278116));
#10562 = CARTESIAN_POINT('',(46.,44.742797845454,524.05347024329));
#10563 = CARTESIAN_POINT('',(46.,45.718205478172,523.47216851988));
#10564 = CARTESIAN_POINT('',(46.,46.884248941392,522.88057945384));
#10565 = VECTOR('',#10566,1.);
#10566 = DIRECTION('',(-1.,-0.,-2.22044604925E-16));
#10567 = ADVANCED_FACE('',(#10568),#10579,.F.);
#10568 = FACE_BOUND('',#10569,.F.);
#10569 = EDGE_LOOP('',(#10570,#10576,#10577,#10578));
#10570 = ORIENTED_EDGE('',*,*,#10571,.T.);
#10571 = EDGE_CURVE('',#3685,#8040,#10572,.T.);
#10572 = LINE('',#10573,#10574);
#10573 = CARTESIAN_POINT('',(46.,-46.74197586087,528.70548682523));
#10574 = VECTOR('',#10575,1.);
#10575 = DIRECTION('',(1.,0.,2.22044604925E-16));
#10576 = ORIENTED_EDGE('',*,*,#8048,.T.);
#10577 = ORIENTED_EDGE('',*,*,#10529,.F.);
#10578 = ORIENTED_EDGE('',*,*,#3693,.F.);
#10579 = CYLINDRICAL_SURFACE('',#10580,0.76);
#10580 = AXIS2_PLACEMENT_3D('',#10581,#10582,#10583);
#10581 = CARTESIAN_POINT('',(46.,-47.25313893343,528.14307033076));
#10582 = DIRECTION('',(-1.,0.,-2.22044604925E-16));
#10583 = DIRECTION('',(-1.643178267341E-16,0.672582990209,0.74002170325)
  );
#10584 = ADVANCED_FACE('',(#10585),#10596,.T.);
#10585 = FACE_BOUND('',#10586,.F.);
#10586 = EDGE_LOOP('',(#10587,#10588,#10589,#10595));
#10587 = ORIENTED_EDGE('',*,*,#10552,.T.);
#10588 = ORIENTED_EDGE('',*,*,#4931,.T.);
#10589 = ORIENTED_EDGE('',*,*,#10590,.F.);
#10590 = EDGE_CURVE('',#577,#4932,#10591,.T.);
#10591 = LINE('',#10592,#10593);
#10592 = CARTESIAN_POINT('',(46.,48.110305855344,523.90935384494));
#10593 = VECTOR('',#10594,1.);
#10594 = DIRECTION('',(1.,0.,2.22044604925E-16));
#10595 = ORIENTED_EDGE('',*,*,#576,.F.);
#10596 = CYLINDRICAL_SURFACE('',#10597,73.896969596845);
#10597 = AXIS2_PLACEMENT_3D('',#10598,#10599,#10600);
#10598 = CARTESIAN_POINT('',(46.,2.63998508597E-04,580.00022643693));
#10599 = DIRECTION('',(-1.,0.,-2.22044604925E-16));
#10600 = DIRECTION('',(1.716323350878E-16,0.634450711561,-0.772963320346
    ));
#10601 = ADVANCED_FACE('',(#10602),#10613,.T.);
#10602 = FACE_BOUND('',#10603,.F.);
#10603 = EDGE_LOOP('',(#10604,#10610,#10611,#10612));
#10604 = ORIENTED_EDGE('',*,*,#10605,.T.);
#10605 = EDGE_CURVE('',#3676,#8031,#10606,.T.);
#10606 = LINE('',#10607,#10608);
#10607 = CARTESIAN_POINT('',(46.,-47.02549044225,528.96528007443));
#10608 = VECTOR('',#10609,1.);
#10609 = DIRECTION('',(1.,0.,2.22044604925E-16));
#10610 = ORIENTED_EDGE('',*,*,#8039,.T.);
#10611 = ORIENTED_EDGE('',*,*,#10571,.F.);
#10612 = ORIENTED_EDGE('',*,*,#3684,.F.);
#10613 = CYLINDRICAL_SURFACE('',#10614,69.396969597208);
#10614 = AXIS2_PLACEMENT_3D('',#10615,#10616,#10617);
#10615 = CARTESIAN_POINT('',(46.,2.946656252334E-10,580.00000000032));
#10616 = DIRECTION('',(-1.,0.,-2.22044604925E-16));
#10617 = DIRECTION('',(1.632922055412E-16,-0.677630316071,
    -0.735402716028));
#10618 = ADVANCED_FACE('',(#10619),#10630,.F.);
#10619 = FACE_BOUND('',#10620,.F.);
#10620 = EDGE_LOOP('',(#10621,#10622,#10623,#10629));
#10621 = ORIENTED_EDGE('',*,*,#10590,.T.);
#10622 = ORIENTED_EDGE('',*,*,#4940,.T.);
#10623 = ORIENTED_EDGE('',*,*,#10624,.F.);
#10624 = EDGE_CURVE('',#586,#4941,#10625,.T.);
#10625 = LINE('',#10626,#10627);
#10626 = CARTESIAN_POINT('',(46.,46.577529285066,527.79500188779));
#10627 = VECTOR('',#10628,1.);
#10628 = DIRECTION('',(1.,0.,2.22044604925E-16));
#10629 = ORIENTED_EDGE('',*,*,#585,.F.);
#10630 = SURFACE_OF_LINEAR_EXTRUSION('',#10631,#10637);
#10631 = B_SPLINE_CURVE_WITH_KNOTS('',4,(#10632,#10633,#10634,#10635,
    #10636),.UNSPECIFIED.,.F.,.F.,(5,5),(0.,1.),
  .PIECEWISE_BEZIER_KNOTS.);
#10632 = CARTESIAN_POINT('',(46.,48.110305855344,523.90935384494));
#10633 = CARTESIAN_POINT('',(46.,47.730163635103,525.1604018673));
#10634 = CARTESIAN_POINT('',(46.,47.327070948953,526.22193285129));
#10635 = CARTESIAN_POINT('',(46.,46.933155823026,527.09670084408));
#10636 = CARTESIAN_POINT('',(46.,46.577529285066,527.79500188779));
#10637 = VECTOR('',#10638,1.);
#10638 = DIRECTION('',(-1.,-0.,-2.22044604925E-16));
#10639 = ADVANCED_FACE('',(#10640),#10651,.F.);
#10640 = FACE_BOUND('',#10641,.F.);
#10641 = EDGE_LOOP('',(#10642,#10648,#10649,#10650));
#10642 = ORIENTED_EDGE('',*,*,#10643,.T.);
#10643 = EDGE_CURVE('',#3666,#8021,#10644,.T.);
#10644 = LINE('',#10645,#10646);
#10645 = CARTESIAN_POINT('',(46.,-47.94684317307,529.04974689039));
#10646 = VECTOR('',#10647,1.);
#10647 = DIRECTION('',(1.,0.,2.22044604925E-16));
#10648 = ORIENTED_EDGE('',*,*,#8030,.T.);
#10649 = ORIENTED_EDGE('',*,*,#10605,.F.);
#10650 = ORIENTED_EDGE('',*,*,#3675,.F.);
#10651 = CYLINDRICAL_SURFACE('',#10652,0.76);
#10652 = AXIS2_PLACEMENT_3D('',#10653,#10654,#10655);
#10653 = CARTESIAN_POINT('',(46.,-47.5412159939,528.40704432192));
#10654 = DIRECTION('',(-1.,0.,-2.22044604925E-16));
#10655 = DIRECTION('',(-1.877745235518E-16,-0.533719972601,
    0.845661274298));
#10656 = ADVANCED_FACE('',(#10657),#10668,.F.);
#10657 = FACE_BOUND('',#10658,.F.);
#10658 = EDGE_LOOP('',(#10659,#10660,#10661,#10667));
#10659 = ORIENTED_EDGE('',*,*,#10624,.T.);
#10660 = ORIENTED_EDGE('',*,*,#4950,.T.);
#10661 = ORIENTED_EDGE('',*,*,#10662,.F.);
#10662 = EDGE_CURVE('',#596,#4951,#10663,.T.);
#10663 = LINE('',#10664,#10665);
#10664 = CARTESIAN_POINT('',(46.,46.741975860875,528.70548682523));
#10665 = VECTOR('',#10666,1.);
#10666 = DIRECTION('',(1.,0.,2.22044604925E-16));
#10667 = ORIENTED_EDGE('',*,*,#595,.F.);
#10668 = CYLINDRICAL_SURFACE('',#10669,0.76);
#10669 = AXIS2_PLACEMENT_3D('',#10670,#10671,#10672);
#10670 = CARTESIAN_POINT('',(46.,47.253138914302,528.14307031337));
#10671 = DIRECTION('',(-1.,0.,-2.22044604925E-16));
#10672 = DIRECTION('',(1.016930474266E-16,-0.888960038468,
    -0.457984770497));
#10673 = ADVANCED_FACE('',(#10674),#10685,.F.);
#10674 = FACE_BOUND('',#10675,.F.);
#10675 = EDGE_LOOP('',(#10676,#10682,#10683,#10684));
#10676 = ORIENTED_EDGE('',*,*,#10677,.T.);
#10677 = EDGE_CURVE('',#3657,#8012,#10678,.T.);
#10678 = LINE('',#10679,#10680);
#10679 = CARTESIAN_POINT('',(46.,-51.68411487156,527.18414645649));
#10680 = VECTOR('',#10681,1.);
#10681 = DIRECTION('',(1.,0.,2.22044604925E-16));
#10682 = ORIENTED_EDGE('',*,*,#8020,.T.);
#10683 = ORIENTED_EDGE('',*,*,#10643,.F.);
#10684 = ORIENTED_EDGE('',*,*,#3665,.F.);
#10685 = SURFACE_OF_LINEAR_EXTRUSION('',#10686,#10692);
#10686 = B_SPLINE_CURVE_WITH_KNOTS('',4,(#10687,#10688,#10689,#10690,
    #10691),.UNSPECIFIED.,.F.,.F.,(5,5),(0.,1.),
  .PIECEWISE_BEZIER_KNOTS.);
#10687 = CARTESIAN_POINT('',(46.,-51.68411487156,527.18414645649));
#10688 = CARTESIAN_POINT('',(46.,-50.47095904218,527.67187814042));
#10689 = CARTESIAN_POINT('',(46.,-49.44859934653,528.16595545856));
#10690 = CARTESIAN_POINT('',(46.,-48.61149207543,528.63461267265));
#10691 = CARTESIAN_POINT('',(46.,-47.94684317307,529.04974689039));
#10692 = VECTOR('',#10693,1.);
#10693 = DIRECTION('',(-1.,-0.,-2.22044604925E-16));
#10694 = ADVANCED_FACE('',(#10695),#10706,.T.);
#10695 = FACE_BOUND('',#10696,.F.);
#10696 = EDGE_LOOP('',(#10697,#10698,#10699,#10705));
#10697 = ORIENTED_EDGE('',*,*,#10662,.T.);
#10698 = ORIENTED_EDGE('',*,*,#4959,.T.);
#10699 = ORIENTED_EDGE('',*,*,#10700,.F.);
#10700 = EDGE_CURVE('',#605,#4960,#10701,.T.);
#10701 = LINE('',#10702,#10703);
#10702 = CARTESIAN_POINT('',(46.,47.025490442254,528.96528007443));
#10703 = VECTOR('',#10704,1.);
#10704 = DIRECTION('',(1.,0.,2.22044604925E-16));
#10705 = ORIENTED_EDGE('',*,*,#604,.F.);
#10706 = CYLINDRICAL_SURFACE('',#10707,69.396969601259);
#10707 = AXIS2_PLACEMENT_3D('',#10708,#10709,#10710);
#10708 = CARTESIAN_POINT('',(46.,-3.032511131096E-09,580.0000000033));
#10709 = DIRECTION('',(-1.,0.,-2.22044604925E-16));
#10710 = DIRECTION('',(1.641234477369E-16,0.673544913164,-0.73914629807)
  );
#10711 = ADVANCED_FACE('',(#10712),#10723,.T.);
#10712 = FACE_BOUND('',#10713,.F.);
#10713 = EDGE_LOOP('',(#10714,#10720,#10721,#10722));
#10714 = ORIENTED_EDGE('',*,*,#10715,.T.);
#10715 = EDGE_CURVE('',#3647,#8002,#10716,.T.);
#10716 = LINE('',#10717,#10718);
#10717 = CARTESIAN_POINT('',(46.,-52.81583236649,528.31587425755));
#10718 = VECTOR('',#10719,1.);
#10719 = DIRECTION('',(1.,0.,2.22044604925E-16));
#10720 = ORIENTED_EDGE('',*,*,#8011,.T.);
#10721 = ORIENTED_EDGE('',*,*,#10677,.F.);
#10722 = ORIENTED_EDGE('',*,*,#3656,.F.);
#10723 = CYLINDRICAL_SURFACE('',#10724,73.896969596854);
#10724 = AXIS2_PLACEMENT_3D('',#10725,#10726,#10727);
#10725 = CARTESIAN_POINT('',(46.,2.485842665259E-04,579.99975674137));
#10726 = DIRECTION('',(-1.,0.,-2.22044604925E-16));
#10727 = DIRECTION('',(1.552990241646E-16,-0.714725938545,
    -0.699404627359));
#10728 = ADVANCED_FACE('',(#10729),#10740,.F.);
#10729 = FACE_BOUND('',#10730,.F.);
#10730 = EDGE_LOOP('',(#10731,#10732,#10733,#10739));
#10731 = ORIENTED_EDGE('',*,*,#10700,.T.);
#10732 = ORIENTED_EDGE('',*,*,#4968,.T.);
#10733 = ORIENTED_EDGE('',*,*,#10734,.F.);
#10734 = EDGE_CURVE('',#614,#4969,#10735,.T.);
#10735 = LINE('',#10736,#10737);
#10736 = CARTESIAN_POINT('',(46.,47.946842791444,529.04974710172));
#10737 = VECTOR('',#10738,1.);
#10738 = DIRECTION('',(1.,0.,2.22044604925E-16));
#10739 = ORIENTED_EDGE('',*,*,#613,.F.);
#10740 = CYLINDRICAL_SURFACE('',#10741,0.76);
#10741 = AXIS2_PLACEMENT_3D('',#10742,#10743,#10744);
#10742 = CARTESIAN_POINT('',(46.,47.54121597491,528.40704430438));
#10743 = DIRECTION('',(-1.,0.,-2.22044604925E-16));
#10744 = DIRECTION('',(-1.630963697584E-16,-0.678586227179,
    0.734520750069));
#10745 = ADVANCED_FACE('',(#10746),#10757,.F.);
#10746 = FACE_BOUND('',#10747,.F.);
#10747 = EDGE_LOOP('',(#10748,#10754,#10755,#10756));
#10748 = ORIENTED_EDGE('',*,*,#10749,.T.);
#10749 = EDGE_CURVE('',#3638,#7993,#10750,.T.);
#10750 = LINE('',#10751,#10752);
#10751 = CARTESIAN_POINT('',(46.,-50.95025289827,532.05315720855));
#10752 = VECTOR('',#10753,1.);
#10753 = DIRECTION('',(1.,0.,2.22044604925E-16));
#10754 = ORIENTED_EDGE('',*,*,#8001,.T.);
#10755 = ORIENTED_EDGE('',*,*,#10715,.F.);
#10756 = ORIENTED_EDGE('',*,*,#3646,.F.);
#10757 = SURFACE_OF_LINEAR_EXTRUSION('',#10758,#10764);
#10758 = B_SPLINE_CURVE_WITH_KNOTS('',4,(#10759,#10760,#10761,#10762,
    #10763),.UNSPECIFIED.,.F.,.F.,(5,5),(0.,1.),
  .PIECEWISE_BEZIER_KNOTS.);
#10759 = CARTESIAN_POINT('',(46.,-50.95025289827,532.05315720855));
#10760 = CARTESIAN_POINT('',(46.,-51.36538732734,531.38850792456));
#10761 = CARTESIAN_POINT('',(46.,-51.83404454143,530.55140065346));
#10762 = CARTESIAN_POINT('',(46.,-52.32812185957,529.52904095781));
#10763 = CARTESIAN_POINT('',(46.,-52.81583236649,528.31587425755));
#10764 = VECTOR('',#10765,1.);
#10765 = DIRECTION('',(-1.,-0.,-2.22044604925E-16));
#10766 = ADVANCED_FACE('',(#10767),#10778,.F.);
#10767 = FACE_BOUND('',#10768,.F.);
#10768 = EDGE_LOOP('',(#10769,#10770,#10771,#10777));
#10769 = ORIENTED_EDGE('',*,*,#10734,.T.);
#10770 = ORIENTED_EDGE('',*,*,#4977,.T.);
#10771 = ORIENTED_EDGE('',*,*,#10772,.F.);
#10772 = EDGE_CURVE('',#623,#4978,#10773,.T.);
#10773 = LINE('',#10774,#10775);
#10774 = CARTESIAN_POINT('',(46.,51.684125742444,527.1841676335));
#10775 = VECTOR('',#10776,1.);
#10776 = DIRECTION('',(1.,0.,2.22044604925E-16));
#10777 = ORIENTED_EDGE('',*,*,#622,.F.);
#10778 = SURFACE_OF_LINEAR_EXTRUSION('',#10779,#10785);
#10779 = B_SPLINE_CURVE_WITH_KNOTS('',4,(#10780,#10781,#10782,#10783,
    #10784),.UNSPECIFIED.,.F.,.F.,(5,5),(0.,1.),
  .PIECEWISE_BEZIER_KNOTS.);
#10780 = CARTESIAN_POINT('',(46.,47.946842791444,529.04974710172));
#10781 = CARTESIAN_POINT('',(46.,48.611492075434,528.63461267265));
#10782 = CARTESIAN_POINT('',(46.,49.448599346532,528.16595545856));
#10783 = CARTESIAN_POINT('',(46.,50.470959042189,527.67187814042));
#10784 = CARTESIAN_POINT('',(46.,51.684125742444,527.1841676335));
#10785 = VECTOR('',#10786,1.);
#10786 = DIRECTION('',(-1.,-0.,-2.22044604925E-16));
#10787 = ADVANCED_FACE('',(#10788),#10799,.F.);
#10788 = FACE_BOUND('',#10789,.F.);
#10789 = EDGE_LOOP('',(#10790,#10796,#10797,#10798));
#10790 = ORIENTED_EDGE('',*,*,#10791,.T.);
#10791 = EDGE_CURVE('',#3629,#7984,#10792,.T.);
#10792 = LINE('',#10793,#10794);
#10793 = CARTESIAN_POINT('',(46.,-51.03471992556,532.97450955774));
#10794 = VECTOR('',#10795,1.);
#10795 = DIRECTION('',(1.,0.,2.22044604925E-16));
#10796 = ORIENTED_EDGE('',*,*,#7992,.T.);
#10797 = ORIENTED_EDGE('',*,*,#10749,.F.);
#10798 = ORIENTED_EDGE('',*,*,#3637,.F.);
#10799 = CYLINDRICAL_SURFACE('',#10800,0.76);
#10800 = AXIS2_PLACEMENT_3D('',#10801,#10802,#10803);
#10801 = CARTESIAN_POINT('',(46.,-51.59295569561,532.45878402509));
#10802 = DIRECTION('',(-1.,0.,-2.22044604925E-16));
#10803 = DIRECTION('',(-1.506764107216E-16,0.734520750069,0.678586227179
    ));
#10804 = ADVANCED_FACE('',(#10805),#10816,.T.);
#10805 = FACE_BOUND('',#10806,.F.);
#10806 = EDGE_LOOP('',(#10807,#10808,#10809,#10815));
#10807 = ORIENTED_EDGE('',*,*,#10772,.T.);
#10808 = ORIENTED_EDGE('',*,*,#4987,.T.);
#10809 = ORIENTED_EDGE('',*,*,#10810,.F.);
#10810 = EDGE_CURVE('',#633,#4988,#10811,.T.);
#10811 = LINE('',#10812,#10813);
#10812 = CARTESIAN_POINT('',(46.,52.815853543505,528.31588512843));
#10813 = VECTOR('',#10814,1.);
#10814 = DIRECTION('',(1.,0.,2.22044604925E-16));
#10815 = ORIENTED_EDGE('',*,*,#632,.F.);
#10816 = CYLINDRICAL_SURFACE('',#10817,73.896969596811);
#10817 = AXIS2_PLACEMENT_3D('',#10818,#10819,#10820);
#10818 = CARTESIAN_POINT('',(46.,2.432586586814E-04,580.00024858423));
#10819 = DIRECTION('',(-1.,0.,-2.22044604925E-16));
#10820 = DIRECTION('',(1.58701038654E-16,0.699404627359,-0.714725938545)
  );
#10821 = ADVANCED_FACE('',(#10822),#10833,.T.);
#10822 = FACE_BOUND('',#10823,.F.);
#10823 = EDGE_LOOP('',(#10824,#10830,#10831,#10832));
#10824 = ORIENTED_EDGE('',*,*,#10825,.T.);
#10825 = EDGE_CURVE('',#3620,#7975,#10826,.T.);
#10826 = LINE('',#10827,#10828);
#10827 = CARTESIAN_POINT('',(46.,-51.29451317476,533.25802413912));
#10828 = VECTOR('',#10829,1.);
#10829 = DIRECTION('',(1.,0.,2.22044604925E-16));
#10830 = ORIENTED_EDGE('',*,*,#7983,.T.);
#10831 = ORIENTED_EDGE('',*,*,#10791,.F.);
#10832 = ORIENTED_EDGE('',*,*,#3628,.F.);
#10833 = CYLINDRICAL_SURFACE('',#10834,69.396969595087);
#10834 = AXIS2_PLACEMENT_3D('',#10835,#10836,#10837);
#10835 = CARTESIAN_POINT('',(46.,-1.241154734544E-09,579.99999999886));
#10836 = DIRECTION('',(-1.,0.,-2.22044604925E-16));
#10837 = DIRECTION('',(1.495570141427E-16,-0.739146298071,
    -0.673544913164));
#10838 = ADVANCED_FACE('',(#10839),#10850,.F.);
#10839 = FACE_BOUND('',#10840,.F.);
#10840 = EDGE_LOOP('',(#10841,#10842,#10843,#10849));
#10841 = ORIENTED_EDGE('',*,*,#10810,.T.);
#10842 = ORIENTED_EDGE('',*,*,#4996,.T.);
#10843 = ORIENTED_EDGE('',*,*,#10844,.F.);
#10844 = EDGE_CURVE('',#642,#4997,#10845,.T.);
#10845 = LINE('',#10846,#10847);
#10846 = CARTESIAN_POINT('',(46.,50.950253109605,532.05315682692));
#10847 = VECTOR('',#10848,1.);
#10848 = DIRECTION('',(1.,0.,2.22044604925E-16));
#10849 = ORIENTED_EDGE('',*,*,#641,.F.);
#10850 = SURFACE_OF_LINEAR_EXTRUSION('',#10851,#10857);
#10851 = B_SPLINE_CURVE_WITH_KNOTS('',4,(#10852,#10853,#10854,#10855,
    #10856),.UNSPECIFIED.,.F.,.F.,(5,5),(0.,1.),
  .PIECEWISE_BEZIER_KNOTS.);
#10852 = CARTESIAN_POINT('',(46.,52.815853543505,528.31588512843));
#10853 = CARTESIAN_POINT('',(46.,52.328121859579,529.52904095781));
#10854 = CARTESIAN_POINT('',(46.,51.834044541438,530.55140065346));
#10855 = CARTESIAN_POINT('',(46.,51.365387327347,531.38850792456));
#10856 = CARTESIAN_POINT('',(46.,50.950253109605,532.05315682692));
#10857 = VECTOR('',#10858,1.);
#10858 = DIRECTION('',(-1.,-0.,-2.22044604925E-16));
#10859 = ADVANCED_FACE('',(#10860),#10871,.F.);
#10860 = FACE_BOUND('',#10861,.F.);
#10861 = EDGE_LOOP('',(#10862,#10868,#10869,#10870));
#10862 = ORIENTED_EDGE('',*,*,#10863,.T.);
#10863 = EDGE_CURVE('',#3610,#7965,#10864,.T.);
#10864 = LINE('',#10865,#10866);
#10865 = CARTESIAN_POINT('',(46.,-52.2049981122,533.42247071493));
#10866 = VECTOR('',#10867,1.);
#10867 = DIRECTION('',(1.,0.,2.22044604925E-16));
#10868 = ORIENTED_EDGE('',*,*,#7974,.T.);
#10869 = ORIENTED_EDGE('',*,*,#10825,.F.);
#10870 = ORIENTED_EDGE('',*,*,#3619,.F.);
#10871 = CYLINDRICAL_SURFACE('',#10872,0.76);
#10872 = AXIS2_PLACEMENT_3D('',#10873,#10874,#10875);
#10873 = CARTESIAN_POINT('',(46.,-51.85692968662,532.74686108569));
#10874 = DIRECTION('',(-1.,0.,-2.22044604925E-16));
#10875 = DIRECTION('',(-1.973887805358E-16,-0.457984770497,
    0.888960038468));
#10876 = ADVANCED_FACE('',(#10877),#10888,.F.);
#10877 = FACE_BOUND('',#10878,.F.);
#10878 = EDGE_LOOP('',(#10879,#10880,#10881,#10887));
#10879 = ORIENTED_EDGE('',*,*,#10844,.T.);
#10880 = ORIENTED_EDGE('',*,*,#5006,.T.);
#10881 = ORIENTED_EDGE('',*,*,#10882,.F.);
#10882 = EDGE_CURVE('',#652,#5007,#10883,.T.);
#10883 = LINE('',#10884,#10885);
#10884 = CARTESIAN_POINT('',(46.,51.034719925562,532.97450955774));
#10885 = VECTOR('',#10886,1.);
#10886 = DIRECTION('',(1.,0.,2.22044604925E-16));
#10887 = ORIENTED_EDGE('',*,*,#651,.F.);
#10888 = CYLINDRICAL_SURFACE('',#10889,0.76);
#10889 = AXIS2_PLACEMENT_3D('',#10890,#10891,#10892);
#10890 = CARTESIAN_POINT('',(46.,51.592955678071,532.4587840061));
#10891 = DIRECTION('',(-1.,0.,-2.22044604925E-16));
#10892 = DIRECTION('',(1.185096404568E-16,-0.845661274298,
    -0.533719972601));
#10893 = ADVANCED_FACE('',(#10894),#10905,.F.);
#10894 = FACE_BOUND('',#10895,.F.);
#10895 = EDGE_LOOP('',(#10896,#10902,#10903,#10904));
#10896 = ORIENTED_EDGE('',*,*,#10897,.T.);
#10897 = EDGE_CURVE('',#3601,#7956,#10898,.T.);
#10898 = LINE('',#10899,#10900);
#10899 = CARTESIAN_POINT('',(46.,-56.09064615505,531.88969414465));
#10900 = VECTOR('',#10901,1.);
#10901 = DIRECTION('',(1.,0.,2.22044604925E-16));
#10902 = ORIENTED_EDGE('',*,*,#7964,.T.);
#10903 = ORIENTED_EDGE('',*,*,#10863,.F.);
#10904 = ORIENTED_EDGE('',*,*,#3609,.F.);
#10905 = SURFACE_OF_LINEAR_EXTRUSION('',#10906,#10912);
#10906 = B_SPLINE_CURVE_WITH_KNOTS('',4,(#10907,#10908,#10909,#10910,
    #10911),.UNSPECIFIED.,.F.,.F.,(5,5),(0.,1.),
  .PIECEWISE_BEZIER_KNOTS.);
#10907 = CARTESIAN_POINT('',(46.,-56.09064615505,531.88969414465));
#10908 = CARTESIAN_POINT('',(46.,-54.83959813269,532.26983636489));
#10909 = CARTESIAN_POINT('',(46.,-53.7780671487,532.67292905104));
#10910 = CARTESIAN_POINT('',(46.,-52.90329915591,533.06684417697));
#10911 = CARTESIAN_POINT('',(46.,-52.2049981122,533.42247071493));
#10912 = VECTOR('',#10913,1.);
#10913 = DIRECTION('',(-1.,-0.,-2.22044604925E-16));
#10914 = ADVANCED_FACE('',(#10915),#10926,.T.);
#10915 = FACE_BOUND('',#10916,.F.);
#10916 = EDGE_LOOP('',(#10917,#10918,#10919,#10925));
#10917 = ORIENTED_EDGE('',*,*,#10882,.T.);
#10918 = ORIENTED_EDGE('',*,*,#5015,.T.);
#10919 = ORIENTED_EDGE('',*,*,#10920,.F.);
#10920 = EDGE_CURVE('',#661,#5016,#10921,.T.);
#10921 = LINE('',#10922,#10923);
#10922 = CARTESIAN_POINT('',(46.,51.294513174769,533.25802413912));
#10923 = VECTOR('',#10924,1.);
#10924 = DIRECTION('',(1.,0.,2.22044604925E-16));
#10925 = ORIENTED_EDGE('',*,*,#660,.F.);
#10926 = CYLINDRICAL_SURFACE('',#10927,69.396969598538);
#10927 = AXIS2_PLACEMENT_3D('',#10928,#10929,#10930);
#10928 = CARTESIAN_POINT('',(46.,-1.303639862726E-09,580.00000000119));
#10929 = DIRECTION('',(-1.,0.,-2.22044604925E-16));
#10930 = DIRECTION('',(1.504641558173E-16,0.735402716028,-0.677630316071
    ));
#10931 = ADVANCED_FACE('',(#10932),#10943,.T.);
#10932 = FACE_BOUND('',#10933,.F.);
#10933 = EDGE_LOOP('',(#10934,#10940,#10941,#10942));
#10934 = ORIENTED_EDGE('',*,*,#10935,.T.);
#10935 = EDGE_CURVE('',#3591,#7946,#10936,.T.);
#10936 = LINE('',#10937,#10938);
#10937 = CARTESIAN_POINT('',(46.,-57.11942054615,533.1157510586));
#10938 = VECTOR('',#10939,1.);
#10939 = DIRECTION('',(1.,0.,2.22044604925E-16));
#10940 = ORIENTED_EDGE('',*,*,#7955,.T.);
#10941 = ORIENTED_EDGE('',*,*,#10897,.F.);
#10942 = ORIENTED_EDGE('',*,*,#3600,.F.);
#10943 = CYLINDRICAL_SURFACE('',#10944,73.896969596845);
#10944 = AXIS2_PLACEMENT_3D('',#10945,#10946,#10947);
#10945 = CARTESIAN_POINT('',(46.,2.264369353568E-04,579.99973600149));
#10946 = DIRECTION('',(-1.,0.,-2.22044604925E-16));
#10947 = DIRECTION('',(1.408763575929E-16,-0.772963320346,
    -0.634450711561));
#10948 = ADVANCED_FACE('',(#10949),#10960,.F.);
#10949 = FACE_BOUND('',#10950,.F.);
#10950 = EDGE_LOOP('',(#10951,#10952,#10953,#10959));
#10951 = ORIENTED_EDGE('',*,*,#10920,.T.);
#10952 = ORIENTED_EDGE('',*,*,#5024,.T.);
#10953 = ORIENTED_EDGE('',*,*,#10954,.F.);
#10954 = EDGE_CURVE('',#670,#5025,#10955,.T.);
#10955 = LINE('',#10956,#10957);
#10956 = CARTESIAN_POINT('',(46.,52.204997713605,533.42247089219));
#10957 = VECTOR('',#10958,1.);
#10958 = DIRECTION('',(1.,0.,2.22044604925E-16));
#10959 = ORIENTED_EDGE('',*,*,#669,.F.);
#10960 = CYLINDRICAL_SURFACE('',#10961,0.76);
#10961 = AXIS2_PLACEMENT_3D('',#10962,#10963,#10964);
#10962 = CARTESIAN_POINT('',(46.,51.856929669239,532.74686106656));
#10963 = DIRECTION('',(-1.,0.,-2.22044604925E-16));
#10964 = DIRECTION('',(-1.493434243403E-16,-0.74002170325,0.672582990209
    ));
#10965 = ADVANCED_FACE('',(#10966),#10977,.F.);
#10966 = FACE_BOUND('',#10967,.F.);
#10967 = EDGE_LOOP('',(#10968,#10974,#10975,#10976));
#10968 = ORIENTED_EDGE('',*,*,#10969,.T.);
#10969 = EDGE_CURVE('',#3582,#7937,#10970,.T.);
#10970 = LINE('',#10971,#10972);
#10971 = CARTESIAN_POINT('',(46.,-54.93521449958,536.67621655545));
#10972 = VECTOR('',#10973,1.);
#10973 = DIRECTION('',(1.,0.,2.22044604925E-16));
#10974 = ORIENTED_EDGE('',*,*,#7945,.T.);
#10975 = ORIENTED_EDGE('',*,*,#10935,.F.);
#10976 = ORIENTED_EDGE('',*,*,#3590,.F.);
#10977 = SURFACE_OF_LINEAR_EXTRUSION('',#10978,#10984);
#10978 = B_SPLINE_CURVE_WITH_KNOTS('',4,(#10979,#10980,#10981,#10982,
    #10983),.UNSPECIFIED.,.F.,.F.,(5,5),(0.,1.),
  .PIECEWISE_BEZIER_KNOTS.);
#10979 = CARTESIAN_POINT('',(46.,-54.93521449958,536.67621655545));
#10980 = CARTESIAN_POINT('',(46.,-55.40669721883,536.05027781216));
#10981 = CARTESIAN_POINT('',(46.,-55.94652975671,535.25720215454));
#10982 = CARTESIAN_POINT('',(46.,-56.52783148012,534.28179452182));
#10983 = CARTESIAN_POINT('',(46.,-57.11942054615,533.1157510586));
#10984 = VECTOR('',#10985,1.);
#10985 = DIRECTION('',(-1.,-0.,-2.22044604925E-16));
#10986 = ADVANCED_FACE('',(#10987),#10998,.F.);
#10987 = FACE_BOUND('',#10988,.F.);
#10988 = EDGE_LOOP('',(#10989,#10990,#10991,#10997));
#10989 = ORIENTED_EDGE('',*,*,#10954,.T.);
#10990 = ORIENTED_EDGE('',*,*,#5033,.T.);
#10991 = ORIENTED_EDGE('',*,*,#10992,.F.);
#10992 = EDGE_CURVE('',#679,#5034,#10993,.T.);
#10993 = LINE('',#10994,#10995);
#10994 = CARTESIAN_POINT('',(46.,56.090655138868,531.88971618854));
#10995 = VECTOR('',#10996,1.);
#10996 = DIRECTION('',(1.,0.,2.22044604925E-16));
#10997 = ORIENTED_EDGE('',*,*,#678,.F.);
#10998 = SURFACE_OF_LINEAR_EXTRUSION('',#10999,#11005);
#10999 = B_SPLINE_CURVE_WITH_KNOTS('',4,(#11000,#11001,#11002,#11003,
    #11004),.UNSPECIFIED.,.F.,.F.,(5,5),(0.,1.),
  .PIECEWISE_BEZIER_KNOTS.);
#11000 = CARTESIAN_POINT('',(46.,52.204997713605,533.42247089219));
#11001 = CARTESIAN_POINT('',(46.,52.903299155912,533.06684417697));
#11002 = CARTESIAN_POINT('',(46.,53.778067148703,532.67292905104));
#11003 = CARTESIAN_POINT('',(46.,54.839598132696,532.26983636489));
#11004 = CARTESIAN_POINT('',(46.,56.090655138868,531.88971618854));
#11005 = VECTOR('',#11006,1.);
#11006 = DIRECTION('',(-1.,-0.,-2.22044604925E-16));
#11007 = ADVANCED_FACE('',(#11008),#11019,.F.);
#11008 = FACE_BOUND('',#11009,.F.);
#11009 = EDGE_LOOP('',(#11010,#11016,#11017,#11018));
#11010 = ORIENTED_EDGE('',*,*,#11011,.T.);
#11011 = EDGE_CURVE('',#3573,#7928,#11012,.T.);
#11012 = LINE('',#11013,#11014);
#11013 = CARTESIAN_POINT('',(46.,-54.93905895601,537.60142466729));
#11014 = VECTOR('',#11015,1.);
#11015 = DIRECTION('',(1.,0.,2.22044604925E-16));
#11016 = ORIENTED_EDGE('',*,*,#7936,.T.);
#11017 = ORIENTED_EDGE('',*,*,#10969,.F.);
#11018 = ORIENTED_EDGE('',*,*,#3581,.F.);
#11019 = CYLINDRICAL_SURFACE('',#11020,0.76);
#11020 = AXIS2_PLACEMENT_3D('',#11021,#11022,#11023);
#11021 = CARTESIAN_POINT('',(46.,-55.54011891227,537.13631507915));
#11022 = DIRECTION('',(-1.,0.,-2.22044604925E-16));
#11023 = DIRECTION('',(-1.358882562426E-16,0.790868363506,0.611986300178
    ));
#11024 = ADVANCED_FACE('',(#11025),#11036,.T.);
#11025 = FACE_BOUND('',#11026,.F.);
#11026 = EDGE_LOOP('',(#11027,#11028,#11029,#11035));
#11027 = ORIENTED_EDGE('',*,*,#10992,.T.);
#11028 = ORIENTED_EDGE('',*,*,#5043,.T.);
#11029 = ORIENTED_EDGE('',*,*,#11030,.F.);
#11030 = EDGE_CURVE('',#689,#5044,#11031,.T.);
#11031 = LINE('',#11032,#11033);
#11032 = CARTESIAN_POINT('',(46.,57.119440695116,533.11576373381));
#11033 = VECTOR('',#11034,1.);
#11034 = DIRECTION('',(1.,0.,2.22044604925E-16));
#11035 = ORIENTED_EDGE('',*,*,#688,.F.);
#11036 = CYLINDRICAL_SURFACE('',#11037,73.896969596713);
#11037 = AXIS2_PLACEMENT_3D('',#11038,#11039,#11040);
#11038 = CARTESIAN_POINT('',(46.,2.206675176666E-04,580.00026883962));
#11039 = DIRECTION('',(-1.,0.,-2.22044604925E-16));
#11040 = DIRECTION('',(1.445619314897E-16,0.75903565163,-0.651049060789)
  );
#11041 = ADVANCED_FACE('',(#11042),#11053,.T.);
#11042 = FACE_BOUND('',#11043,.F.);
#11043 = EDGE_LOOP('',(#11044,#11050,#11051,#11052));
#11044 = ORIENTED_EDGE('',*,*,#11045,.T.);
#11045 = EDGE_CURVE('',#3564,#7919,#11046,.T.);
#11046 = LINE('',#11047,#11048);
#11047 = CARTESIAN_POINT('',(46.,-55.17315368954,537.90650286369));
#11048 = VECTOR('',#11049,1.);
#11049 = DIRECTION('',(1.,0.,2.22044604925E-16));
#11050 = ORIENTED_EDGE('',*,*,#7927,.T.);
#11051 = ORIENTED_EDGE('',*,*,#11011,.F.);
#11052 = ORIENTED_EDGE('',*,*,#3572,.F.);
#11053 = CYLINDRICAL_SURFACE('',#11054,69.39696959577);
#11054 = AXIS2_PLACEMENT_3D('',#11055,#11056,#11057);
#11055 = CARTESIAN_POINT('',(46.,-7.947704716571E-10,579.99999999939));
#11056 = DIRECTION('',(-1.,0.,-2.22044604925E-16));
#11057 = DIRECTION('',(1.346836035616E-16,-0.795036930433,
    -0.606561026813));
#11058 = ADVANCED_FACE('',(#11059),#11070,.F.);
#11059 = FACE_BOUND('',#11060,.F.);
#11060 = EDGE_LOOP('',(#11061,#11062,#11063,#11069));
#11061 = ORIENTED_EDGE('',*,*,#11030,.T.);
#11062 = ORIENTED_EDGE('',*,*,#5052,.T.);
#11063 = ORIENTED_EDGE('',*,*,#11064,.F.);
#11064 = EDGE_CURVE('',#698,#5053,#11065,.T.);
#11065 = LINE('',#11066,#11067);
#11066 = CARTESIAN_POINT('',(46.,54.935214743376,536.67621619369));
#11067 = VECTOR('',#11068,1.);
#11068 = DIRECTION('',(1.,0.,2.22044604925E-16));
#11069 = ORIENTED_EDGE('',*,*,#697,.F.);
#11070 = SURFACE_OF_LINEAR_EXTRUSION('',#11071,#11077);
#11071 = B_SPLINE_CURVE_WITH_KNOTS('',4,(#11072,#11073,#11074,#11075,
    #11076),.UNSPECIFIED.,.F.,.F.,(5,5),(0.,1.),
  .PIECEWISE_BEZIER_KNOTS.);
#11072 = CARTESIAN_POINT('',(46.,57.119440695116,533.11576373381));
#11073 = CARTESIAN_POINT('',(46.,56.52783148012,534.28179452182));
#11074 = CARTESIAN_POINT('',(46.,55.94652975671,535.25720215454));
#11075 = CARTESIAN_POINT('',(46.,55.406697218839,536.05027781216));
#11076 = CARTESIAN_POINT('',(46.,54.935214743376,536.67621619369));
#11077 = VECTOR('',#11078,1.);
#11078 = DIRECTION('',(-1.,-0.,-2.22044604925E-16));
#11079 = ADVANCED_FACE('',(#11080),#11091,.F.);
#11080 = FACE_BOUND('',#11081,.F.);
#11081 = EDGE_LOOP('',(#11082,#11088,#11089,#11090));
#11082 = ORIENTED_EDGE('',*,*,#11083,.T.);
#11083 = EDGE_CURVE('',#3554,#7909,#11084,.T.);
#11084 = LINE('',#11085,#11086);
#11085 = CARTESIAN_POINT('',(46.,-56.06584149345,538.14967766161));
#11086 = VECTOR('',#11087,1.);
#11087 = DIRECTION('',(1.,0.,2.22044604925E-16));
#11088 = ORIENTED_EDGE('',*,*,#7918,.T.);
#11089 = ORIENTED_EDGE('',*,*,#11045,.F.);
#11090 = ORIENTED_EDGE('',*,*,#3563,.F.);
#11091 = CYLINDRICAL_SURFACE('',#11092,0.76);
#11092 = AXIS2_PLACEMENT_3D('',#11093,#11094,#11095);
#11093 = CARTESIAN_POINT('',(46.,-55.77798083236,537.44630276883));
#11094 = DIRECTION('',(-1.,0.,-2.22044604925E-16));
#11095 = DIRECTION('',(-2.055007897133E-16,-0.37876402775,0.925493279977
    ));
#11096 = ADVANCED_FACE('',(#11097),#11108,.F.);
#11097 = FACE_BOUND('',#11098,.F.);
#11098 = EDGE_LOOP('',(#11099,#11100,#11101,#11107));
#11099 = ORIENTED_EDGE('',*,*,#11064,.T.);
#11100 = ORIENTED_EDGE('',*,*,#5062,.T.);
#11101 = ORIENTED_EDGE('',*,*,#11102,.F.);
#11102 = EDGE_CURVE('',#708,#5063,#11103,.T.);
#11103 = LINE('',#11104,#11105);
#11104 = CARTESIAN_POINT('',(46.,54.93905895601,537.60142466729));
#11105 = VECTOR('',#11106,1.);
#11106 = DIRECTION('',(1.,0.,2.22044604925E-16));
#11107 = ORIENTED_EDGE('',*,*,#707,.F.);
#11108 = CYLINDRICAL_SURFACE('',#11109,0.76);
#11109 = AXIS2_PLACEMENT_3D('',#11110,#11111,#11112);
#11110 = CARTESIAN_POINT('',(46.,55.540118896452,537.13631505871));
#11111 = DIRECTION('',(-1.,0.,-2.22044604925E-16));
#11112 = DIRECTION('',(1.344243035651E-16,-0.795926517206,
    -0.605393243445));
#11113 = ADVANCED_FACE('',(#11114),#11125,.F.);
#11114 = FACE_BOUND('',#11115,.F.);
#11115 = EDGE_LOOP('',(#11116,#11122,#11123,#11124));
#11116 = ORIENTED_EDGE('',*,*,#11117,.T.);
#11117 = EDGE_CURVE('',#3545,#7900,#11118,.T.);
#11118 = LINE('',#11119,#11120);
#11119 = CARTESIAN_POINT('',(46.,-60.07029375284,536.96139031017));
#11120 = VECTOR('',#11121,1.);
#11121 = DIRECTION('',(1.,0.,2.22044604925E-16));
#11122 = ORIENTED_EDGE('',*,*,#7908,.T.);
#11123 = ORIENTED_EDGE('',*,*,#11083,.F.);
#11124 = ORIENTED_EDGE('',*,*,#3553,.F.);
#11125 = SURFACE_OF_LINEAR_EXTRUSION('',#11126,#11132);
#11126 = B_SPLINE_CURVE_WITH_KNOTS('',4,(#11127,#11128,#11129,#11130,
    #11131),.UNSPECIFIED.,.F.,.F.,(5,5),(0.,1.),
  .PIECEWISE_BEZIER_KNOTS.);
#11127 = CARTESIAN_POINT('',(46.,-60.07029375284,536.96139031017));
#11128 = CARTESIAN_POINT('',(46.,-58.79087476835,537.23104995489));
#11129 = CARTESIAN_POINT('',(46.,-57.69825138778,537.54009023032));
#11130 = CARTESIAN_POINT('',(46.,-56.79248018592,537.85626533612));
#11131 = CARTESIAN_POINT('',(46.,-56.06584149345,538.14967766161));
#11132 = VECTOR('',#11133,1.);
#11133 = DIRECTION('',(-1.,-0.,-2.22044604925E-16));
#11134 = ADVANCED_FACE('',(#11135),#11146,.T.);
#11135 = FACE_BOUND('',#11136,.F.);
#11136 = EDGE_LOOP('',(#11137,#11138,#11139,#11145));
#11137 = ORIENTED_EDGE('',*,*,#11102,.T.);
#11138 = ORIENTED_EDGE('',*,*,#5071,.T.);
#11139 = ORIENTED_EDGE('',*,*,#11140,.F.);
#11140 = EDGE_CURVE('',#717,#5072,#11141,.T.);
#11141 = LINE('',#11142,#11143);
#11142 = CARTESIAN_POINT('',(46.,55.173153689549,537.90650286369));
#11143 = VECTOR('',#11144,1.);
#11144 = DIRECTION('',(1.,0.,2.22044604925E-16));
#11145 = ORIENTED_EDGE('',*,*,#716,.F.);
#11146 = CYLINDRICAL_SURFACE('',#11147,69.396969596921);
#11147 = AXIS2_PLACEMENT_3D('',#11148,#11149,#11150);
#11148 = CARTESIAN_POINT('',(46.,-1.210196387547E-10,580.00000000009));
#11149 = DIRECTION('',(-1.,0.,-2.22044604925E-16));
#11150 = DIRECTION('',(1.356597408192E-16,0.791663660175,-0.610957158202
    ));
#11151 = ADVANCED_FACE('',(#11152),#11163,.T.);
#11152 = FACE_BOUND('',#11153,.F.);
#11153 = EDGE_LOOP('',(#11154,#11160,#11161,#11162));
#11154 = ORIENTED_EDGE('',*,*,#11155,.T.);
#11155 = EDGE_CURVE('',#3535,#7890,#11156,.T.);
#11156 = LINE('',#11157,#11158);
#11157 = CARTESIAN_POINT('',(46.,-60.9882954458,538.27244530358));
#11158 = VECTOR('',#11159,1.);
#11159 = DIRECTION('',(1.,0.,2.22044604925E-16));
#11160 = ORIENTED_EDGE('',*,*,#7899,.T.);
#11161 = ORIENTED_EDGE('',*,*,#11117,.F.);
#11162 = ORIENTED_EDGE('',*,*,#3544,.F.);
#11163 = CYLINDRICAL_SURFACE('',#11164,73.896969596739);
#11164 = AXIS2_PLACEMENT_3D('',#11165,#11166,#11167);
#11165 = CARTESIAN_POINT('',(46.,2.025662014269E-04,579.99971727074));
#11166 = DIRECTION('',(-1.,0.,-2.22044604925E-16));
#11167 = DIRECTION('',(1.253815368764E-16,-0.825317984551,
    -0.564668242756));
#11168 = ADVANCED_FACE('',(#11169),#11180,.F.);
#11169 = FACE_BOUND('',#11170,.F.);
#11170 = EDGE_LOOP('',(#11171,#11172,#11173,#11179));
#11171 = ORIENTED_EDGE('',*,*,#11140,.T.);
#11172 = ORIENTED_EDGE('',*,*,#5080,.T.);
#11173 = ORIENTED_EDGE('',*,*,#11174,.F.);
#11174 = EDGE_CURVE('',#726,#5081,#11175,.T.);
#11175 = LINE('',#11176,#11177);
#11176 = CARTESIAN_POINT('',(46.,56.065841080926,538.14967780346));
#11177 = VECTOR('',#11178,1.);
#11178 = DIRECTION('',(1.,0.,2.22044604925E-16));
#11179 = ORIENTED_EDGE('',*,*,#725,.F.);
#11180 = CYLINDRICAL_SURFACE('',#11181,0.76);
#11181 = AXIS2_PLACEMENT_3D('',#11182,#11183,#11184);
#11182 = CARTESIAN_POINT('',(46.,55.777980816714,537.44630274825));
#11183 = DIRECTION('',(-1.,0.,-2.22044604925E-16));
#11184 = DIRECTION('',(-1.34453885287E-16,-0.795825167322,0.605526467677
    ));
#11185 = ADVANCED_FACE('',(#11186),#11197,.F.);
#11186 = FACE_BOUND('',#11187,.F.);
#11187 = EDGE_LOOP('',(#11188,#11194,#11195,#11196));
#11188 = ORIENTED_EDGE('',*,*,#11189,.T.);
#11189 = EDGE_CURVE('',#3526,#7881,#11190,.T.);
#11190 = LINE('',#11191,#11192);
#11191 = CARTESIAN_POINT('',(46.,-58.50208594777,541.62899605398));
#11192 = VECTOR('',#11193,1.);
#11193 = DIRECTION('',(1.,0.,2.22044604925E-16));
#11194 = ORIENTED_EDGE('',*,*,#7889,.T.);
#11195 = ORIENTED_EDGE('',*,*,#11155,.F.);
#11196 = ORIENTED_EDGE('',*,*,#3534,.F.);
#11197 = SURFACE_OF_LINEAR_EXTRUSION('',#11198,#11204);
#11198 = B_SPLINE_CURVE_WITH_KNOTS('',4,(#11199,#11200,#11201,#11202,
    #11203),.UNSPECIFIED.,.F.,.F.,(5,5),(0.,1.),
  .PIECEWISE_BEZIER_KNOTS.);
#11199 = CARTESIAN_POINT('',(46.,-58.50208594777,541.62899605398));
#11200 = CARTESIAN_POINT('',(46.,-59.02632868901,541.04653162317));
#11201 = CARTESIAN_POINT('',(46.,-59.63322809909,540.30352336366));
#11202 = CARTESIAN_POINT('',(46.,-60.29733017065,539.38249123494));
#11203 = CARTESIAN_POINT('',(46.,-60.9882954458,538.27244530358));
#11204 = VECTOR('',#11205,1.);
#11205 = DIRECTION('',(-1.,-0.,-2.22044604925E-16));
#11206 = ADVANCED_FACE('',(#11207),#11218,.F.);
#11207 = FACE_BOUND('',#11208,.F.);
#11208 = EDGE_LOOP('',(#11209,#11210,#11211,#11217));
#11209 = ORIENTED_EDGE('',*,*,#11174,.T.);
#11210 = ORIENTED_EDGE('',*,*,#5089,.T.);
#11211 = ORIENTED_EDGE('',*,*,#11212,.F.);
#11212 = EDGE_CURVE('',#735,#5090,#11213,.T.);
#11213 = LINE('',#11214,#11215);
#11214 = CARTESIAN_POINT('',(46.,60.070300781221,536.96141305316));
#11215 = VECTOR('',#11216,1.);
#11216 = DIRECTION('',(1.,0.,2.22044604925E-16));
#11217 = ORIENTED_EDGE('',*,*,#734,.F.);
#11218 = SURFACE_OF_LINEAR_EXTRUSION('',#11219,#11225);
#11219 = B_SPLINE_CURVE_WITH_KNOTS('',4,(#11220,#11221,#11222,#11223,
    #11224),.UNSPECIFIED.,.F.,.F.,(5,5),(0.,1.),
  .PIECEWISE_BEZIER_KNOTS.);
#11220 = CARTESIAN_POINT('',(46.,56.065841080926,538.14967780346));
#11221 = CARTESIAN_POINT('',(46.,56.792480185929,537.85626533612));
#11222 = CARTESIAN_POINT('',(46.,57.698251387787,537.54009023031));
#11223 = CARTESIAN_POINT('',(46.,58.790874768358,537.23104995489));
#11224 = CARTESIAN_POINT('',(46.,60.070300781221,536.96141305316));
#11225 = VECTOR('',#11226,1.);
#11226 = DIRECTION('',(-1.,-0.,-2.22044604925E-16));
#11227 = ADVANCED_FACE('',(#11228),#11239,.F.);
#11228 = FACE_BOUND('',#11229,.F.);
#11229 = EDGE_LOOP('',(#11230,#11236,#11237,#11238));
#11230 = ORIENTED_EDGE('',*,*,#11231,.T.);
#11231 = EDGE_CURVE('',#3517,#7872,#11232,.T.);
#11232 = LINE('',#11233,#11234);
#11233 = CARTESIAN_POINT('',(46.,-58.42527857469,542.55101853608));
#11234 = VECTOR('',#11235,1.);
#11235 = DIRECTION('',(1.,0.,2.22044604925E-16));
#11236 = ORIENTED_EDGE('',*,*,#7880,.T.);
#11237 = ORIENTED_EDGE('',*,*,#11189,.F.);
#11238 = ORIENTED_EDGE('',*,*,#3525,.F.);
#11239 = CYLINDRICAL_SURFACE('',#11240,0.76);
#11240 = AXIS2_PLACEMENT_3D('',#11241,#11242,#11243);
#11241 = CARTESIAN_POINT('',(46.,-59.06458828797,542.14006465727));
#11242 = DIRECTION('',(-1.,0.,-2.22044604925E-16));
#11243 = DIRECTION('',(-1.200659100821E-16,0.841196991156,0.540728787906
    ));
#11244 = ADVANCED_FACE('',(#11245),#11256,.T.);
#11245 = FACE_BOUND('',#11246,.F.);
#11246 = EDGE_LOOP('',(#11247,#11248,#11249,#11255));
#11247 = ORIENTED_EDGE('',*,*,#11212,.T.);
#11248 = ORIENTED_EDGE('',*,*,#5099,.T.);
#11249 = ORIENTED_EDGE('',*,*,#11250,.F.);
#11250 = EDGE_CURVE('',#745,#5100,#11251,.T.);
#11251 = LINE('',#11252,#11253);
#11252 = CARTESIAN_POINT('',(46.,60.988314413377,538.27245968666));
#11253 = VECTOR('',#11254,1.);
#11254 = DIRECTION('',(1.,0.,2.22044604925E-16));
#11255 = ORIENTED_EDGE('',*,*,#744,.F.);
#11256 = CYLINDRICAL_SURFACE('',#11257,73.896969596836);
#11257 = AXIS2_PLACEMENT_3D('',#11258,#11259,#11260);
#11258 = CARTESIAN_POINT('',(46.,1.963967931893E-04,580.00028704912));
#11259 = DIRECTION('',(-1.,0.,-2.22044604925E-16));
#11260 = DIRECTION('',(1.293226207379E-16,0.812889956275,-0.582417306566
    ));
#11261 = ADVANCED_FACE('',(#11262),#11273,.T.);
#11262 = FACE_BOUND('',#11263,.F.);
#11263 = EDGE_LOOP('',(#11264,#11270,#11271,#11272));
#11264 = ORIENTED_EDGE('',*,*,#11265,.T.);
#11265 = EDGE_CURVE('',#3508,#7863,#11266,.T.);
#11266 = LINE('',#11267,#11268);
#11267 = CARTESIAN_POINT('',(46.,-58.63189319029,542.87533851821));
#11268 = VECTOR('',#11269,1.);
#11269 = DIRECTION('',(1.,0.,2.22044604925E-16));
#11270 = ORIENTED_EDGE('',*,*,#7871,.T.);
#11271 = ORIENTED_EDGE('',*,*,#11231,.F.);
#11272 = ORIENTED_EDGE('',*,*,#3516,.F.);
#11273 = CYLINDRICAL_SURFACE('',#11274,69.396969593708);
#11274 = AXIS2_PLACEMENT_3D('',#11275,#11276,#11277);
#11275 = CARTESIAN_POINT('',(46.,-2.583814051604E-09,579.99999999835));
#11276 = DIRECTION('',(-1.,0.,-2.22044604925E-16));
#11277 = DIRECTION('',(1.187851694331E-16,-0.844876851698,
    -0.534960844796));
#11278 = ADVANCED_FACE('',(#11279),#11290,.F.);
#11279 = FACE_BOUND('',#11280,.F.);
#11280 = EDGE_LOOP('',(#11281,#11282,#11283,#11289));
#11281 = ORIENTED_EDGE('',*,*,#11250,.T.);
#11282 = ORIENTED_EDGE('',*,*,#5108,.T.);
#11283 = ORIENTED_EDGE('',*,*,#11284,.F.);
#11284 = EDGE_CURVE('',#754,#5109,#11285,.T.);
#11285 = LINE('',#11286,#11287);
#11286 = CARTESIAN_POINT('',(46.,58.50208622216,541.62899571484));
#11287 = VECTOR('',#11288,1.);
#11288 = DIRECTION('',(1.,0.,2.22044604925E-16));
#11289 = ORIENTED_EDGE('',*,*,#753,.F.);
#11290 = SURFACE_OF_LINEAR_EXTRUSION('',#11291,#11297);
#11291 = B_SPLINE_CURVE_WITH_KNOTS('',4,(#11292,#11293,#11294,#11295,
    #11296),.UNSPECIFIED.,.F.,.F.,(5,5),(0.,1.),
  .PIECEWISE_BEZIER_KNOTS.);
#11292 = CARTESIAN_POINT('',(46.,60.988314413377,538.27245968666));
#11293 = CARTESIAN_POINT('',(46.,60.297330170659,539.38249123494));
#11294 = CARTESIAN_POINT('',(46.,59.633228099096,540.30352336366));
#11295 = CARTESIAN_POINT('',(46.,59.026328689016,541.04653162317));
#11296 = CARTESIAN_POINT('',(46.,58.50208622216,541.62899571484));
#11297 = VECTOR('',#11298,1.);
#11298 = DIRECTION('',(-1.,-0.,-2.22044604925E-16));
#11299 = ADVANCED_FACE('',(#11300),#11311,.F.);
#11300 = FACE_BOUND('',#11301,.F.);
#11301 = EDGE_LOOP('',(#11302,#11308,#11309,#11310));
#11302 = ORIENTED_EDGE('',*,*,#11303,.T.);
#11303 = EDGE_CURVE('',#3498,#7853,#11304,.T.);
#11304 = LINE('',#11305,#11306);
#11305 = CARTESIAN_POINT('',(46.,-59.49998996746,543.1953908312));
#11306 = VECTOR('',#11307,1.);
#11307 = DIRECTION('',(1.,0.,2.22044604925E-16));
#11308 = ORIENTED_EDGE('',*,*,#7862,.T.);
#11309 = ORIENTED_EDGE('',*,*,#11265,.F.);
#11310 = ORIENTED_EDGE('',*,*,#3507,.F.);
#11311 = CYLINDRICAL_SURFACE('',#11312,0.76);
#11312 = AXIS2_PLACEMENT_3D('',#11313,#11314,#11315);
#11313 = CARTESIAN_POINT('',(46.,-59.27452786431,542.46960378251));
#11314 = DIRECTION('',(-1.,0.,-2.22044604925E-16));
#11315 = DIRECTION('',(-2.120488137963E-16,-0.296660662048,
    0.954982958797));
#11316 = ADVANCED_FACE('',(#11317),#11328,.F.);
#11317 = FACE_BOUND('',#11318,.F.);
#11318 = EDGE_LOOP('',(#11319,#11320,#11321,#11327));
#11319 = ORIENTED_EDGE('',*,*,#11284,.T.);
#11320 = ORIENTED_EDGE('',*,*,#5118,.T.);
#11321 = ORIENTED_EDGE('',*,*,#11322,.F.);
#11322 = EDGE_CURVE('',#764,#5119,#11323,.T.);
#11323 = LINE('',#11324,#11325);
#11324 = CARTESIAN_POINT('',(46.,58.425278574691,542.55101853608));
#11325 = VECTOR('',#11326,1.);
#11326 = DIRECTION('',(1.,0.,2.22044604925E-16));
#11327 = ORIENTED_EDGE('',*,*,#763,.F.);
#11328 = CYLINDRICAL_SURFACE('',#11329,0.76);
#11329 = AXIS2_PLACEMENT_3D('',#11330,#11331,#11332);
#11330 = CARTESIAN_POINT('',(46.,59.064588273991,542.14006463552));
#11331 = DIRECTION('',(-1.,0.,-2.22044604925E-16));
#11332 = DIRECTION('',(1.493159165556E-16,-0.740134278724,-0.67245910616
    ));
#11333 = ADVANCED_FACE('',(#11334),#11345,.F.);
#11334 = FACE_BOUND('',#11335,.F.);
#11335 = EDGE_LOOP('',(#11336,#11342,#11343,#11344));
#11336 = ORIENTED_EDGE('',*,*,#11337,.T.);
#11337 = EDGE_CURVE('',#3489,#7844,#11338,.T.);
#11338 = LINE('',#11339,#11340);
#11339 = CARTESIAN_POINT('',(46.,-63.59277014373,542.36063628285));
#11340 = VECTOR('',#11341,1.);
#11341 = DIRECTION('',(1.,0.,2.22044604925E-16));
#11342 = ORIENTED_EDGE('',*,*,#7852,.T.);
#11343 = ORIENTED_EDGE('',*,*,#11303,.F.);
#11344 = ORIENTED_EDGE('',*,*,#3497,.F.);
#11345 = SURFACE_OF_LINEAR_EXTRUSION('',#11346,#11352);
#11346 = B_SPLINE_CURVE_WITH_KNOTS('',4,(#11347,#11348,#11349,#11350,
    #11351),.UNSPECIFIED.,.F.,.F.,(5,5),(0.,1.),
  .PIECEWISE_BEZIER_KNOTS.);
#11347 = CARTESIAN_POINT('',(46.,-63.59277014373,542.36063628285));
#11348 = CARTESIAN_POINT('',(46.,-62.29471734813,542.51776107933));
#11349 = CARTESIAN_POINT('',(46.,-61.17931709465,542.73039696093));
#11350 = CARTESIAN_POINT('',(46.,-60.24943614949,542.96642576314));
#11351 = CARTESIAN_POINT('',(46.,-59.49998996746,543.1953908312));
#11352 = VECTOR('',#11353,1.);
#11353 = DIRECTION('',(-1.,-0.,-2.22044604925E-16));
#11354 = ADVANCED_FACE('',(#11355),#11366,.T.);
#11355 = FACE_BOUND('',#11356,.F.);
#11356 = EDGE_LOOP('',(#11357,#11358,#11359,#11365));
#11357 = ORIENTED_EDGE('',*,*,#11322,.T.);
#11358 = ORIENTED_EDGE('',*,*,#5127,.T.);
#11359 = ORIENTED_EDGE('',*,*,#11360,.F.);
#11360 = EDGE_CURVE('',#773,#5128,#11361,.T.);
#11361 = LINE('',#11362,#11363);
#11362 = CARTESIAN_POINT('',(46.,58.631893190291,542.87533851821));
#11363 = VECTOR('',#11364,1.);
#11364 = DIRECTION('',(1.,0.,2.22044604925E-16));
#11365 = ORIENTED_EDGE('',*,*,#772,.F.);
#11366 = CYLINDRICAL_SURFACE('',#11367,69.39696959371);
#11367 = AXIS2_PLACEMENT_3D('',#11368,#11369,#11370);
#11368 = CARTESIAN_POINT('',(46.,2.580396341045E-09,579.99999999835));
#11369 = DIRECTION('',(-1.,0.,-2.22044604925E-16));
#11370 = DIRECTION('',(1.198228732799E-16,0.841899565848,-0.539634247454
    ));
#11371 = ADVANCED_FACE('',(#11372),#11383,.T.);
#11372 = FACE_BOUND('',#11373,.F.);
#11373 = EDGE_LOOP('',(#11374,#11380,#11381,#11382));
#11374 = ORIENTED_EDGE('',*,*,#11375,.T.);
#11375 = EDGE_CURVE('',#3479,#7834,#11376,.T.);
#11376 = LINE('',#11377,#11378);
#11377 = CARTESIAN_POINT('',(46.,-64.39301259137,543.74671143559));
#11378 = VECTOR('',#11379,1.);
#11379 = DIRECTION('',(1.,0.,2.22044604925E-16));
#11380 = ORIENTED_EDGE('',*,*,#7843,.T.);
#11381 = ORIENTED_EDGE('',*,*,#11337,.F.);
#11382 = ORIENTED_EDGE('',*,*,#3488,.F.);
#11383 = CYLINDRICAL_SURFACE('',#11384,73.896969597064);
#11384 = AXIS2_PLACEMENT_3D('',#11385,#11386,#11387);
#11385 = CARTESIAN_POINT('',(46.,1.771541794007E-04,579.99970069197));
#11386 = DIRECTION('',(-1.,0.,-2.22044604925E-16));
#11387 = DIRECTION('',(1.089324869569E-16,-0.871391480553,
    -0.490588307667));
#11388 = ADVANCED_FACE('',(#11389),#11400,.F.);
#11389 = FACE_BOUND('',#11390,.F.);
#11390 = EDGE_LOOP('',(#11391,#11392,#11393,#11399));
#11391 = ORIENTED_EDGE('',*,*,#11360,.T.);
#11392 = ORIENTED_EDGE('',*,*,#5136,.T.);
#11393 = ORIENTED_EDGE('',*,*,#11394,.F.);
#11394 = EDGE_CURVE('',#782,#5137,#11395,.T.);
#11395 = LINE('',#11396,#11397);
#11396 = CARTESIAN_POINT('',(46.,59.499989544141,543.19539093655));
#11397 = VECTOR('',#11398,1.);
#11398 = DIRECTION('',(1.,0.,2.22044604925E-16));
#11399 = ORIENTED_EDGE('',*,*,#781,.F.);
#11400 = CYLINDRICAL_SURFACE('',#11401,0.76);
#11401 = AXIS2_PLACEMENT_3D('',#11402,#11403,#11404);
#11402 = CARTESIAN_POINT('',(46.,59.274527850508,542.46960376065));
#11403 = DIRECTION('',(-1.,0.,-2.22044604925E-16));
#11404 = DIRECTION('',(-1.185410709812E-16,-0.845571921338,
    0.533861523099));
#11405 = ADVANCED_FACE('',(#11406),#11417,.F.);
#11406 = FACE_BOUND('',#11407,.F.);
#11407 = EDGE_LOOP('',(#11408,#11414,#11415,#11416));
#11408 = ORIENTED_EDGE('',*,*,#11409,.T.);
#11409 = EDGE_CURVE('',#3470,#7825,#11410,.T.);
#11410 = LINE('',#11411,#11412);
#11411 = CARTESIAN_POINT('',(46.,-61.62372119736,546.87380206158));
#11412 = VECTOR('',#11413,1.);
#11413 = DIRECTION('',(1.,0.,2.22044604925E-16));
#11414 = ORIENTED_EDGE('',*,*,#7833,.T.);
#11415 = ORIENTED_EDGE('',*,*,#11375,.F.);
#11416 = ORIENTED_EDGE('',*,*,#3478,.F.);
#11417 = SURFACE_OF_LINEAR_EXTRUSION('',#11418,#11424);
#11418 = B_SPLINE_CURVE_WITH_KNOTS('',4,(#11419,#11420,#11421,#11422,
    #11423),.UNSPECIFIED.,.F.,.F.,(5,5),(0.,1.),
  .PIECEWISE_BEZIER_KNOTS.);
#11419 = CARTESIAN_POINT('',(46.,-61.62372119736,546.87380206158));
#11420 = CARTESIAN_POINT('',(46.,-62.19673415679,546.33924484927));
#11421 = CARTESIAN_POINT('',(46.,-62.86608156811,545.65195872938));
#11422 = CARTESIAN_POINT('',(46.,-63.60792977007,544.79231171527));
#11423 = CARTESIAN_POINT('',(46.,-64.39301259137,543.74671143559));
#11424 = VECTOR('',#11425,1.);
#11425 = DIRECTION('',(-1.,-0.,-2.22044604925E-16));
#11426 = ADVANCED_FACE('',(#11427),#11438,.F.);
#11427 = FACE_BOUND('',#11428,.F.);
#11428 = EDGE_LOOP('',(#11429,#11430,#11431,#11437));
#11429 = ORIENTED_EDGE('',*,*,#11394,.T.);
#11430 = ORIENTED_EDGE('',*,*,#5145,.T.);
#11431 = ORIENTED_EDGE('',*,*,#11432,.F.);
#11432 = EDGE_CURVE('',#791,#5146,#11433,.T.);
#11433 = LINE('',#11434,#11435);
#11434 = CARTESIAN_POINT('',(46.,63.59277516319,542.36065955186));
#11435 = VECTOR('',#11436,1.);
#11436 = DIRECTION('',(1.,0.,2.22044604925E-16));
#11437 = ORIENTED_EDGE('',*,*,#790,.F.);
#11438 = SURFACE_OF_LINEAR_EXTRUSION('',#11439,#11445);
#11439 = B_SPLINE_CURVE_WITH_KNOTS('',4,(#11440,#11441,#11442,#11443,
    #11444),.UNSPECIFIED.,.F.,.F.,(5,5),(0.,1.),
  .PIECEWISE_BEZIER_KNOTS.);
#11440 = CARTESIAN_POINT('',(46.,59.499989544141,543.19539093655));
#11441 = CARTESIAN_POINT('',(46.,60.249436149493,542.96642576314));
#11442 = CARTESIAN_POINT('',(46.,61.179317094653,542.73039696093));
#11443 = CARTESIAN_POINT('',(46.,62.294717348132,542.51776107933));
#11444 = CARTESIAN_POINT('',(46.,63.59277516319,542.36065955186));
#11445 = VECTOR('',#11446,1.);
#11446 = DIRECTION('',(-1.,-0.,-2.22044604925E-16));
#11447 = ADVANCED_FACE('',(#11448),#11459,.F.);
#11448 = FACE_BOUND('',#11449,.F.);
#11449 = EDGE_LOOP('',(#11450,#11456,#11457,#11458));
#11450 = ORIENTED_EDGE('',*,*,#11451,.T.);
#11451 = EDGE_CURVE('',#3461,#7816,#11452,.T.);
#11452 = LINE('',#11453,#11454);
#11453 = CARTESIAN_POINT('',(46.,-61.46684654527,547.78562176612));
#11454 = VECTOR('',#11455,1.);
#11455 = DIRECTION('',(1.,0.,2.22044604925E-16));
#11456 = ORIENTED_EDGE('',*,*,#7824,.T.);
#11457 = ORIENTED_EDGE('',*,*,#11409,.F.);
#11458 = ORIENTED_EDGE('',*,*,#3469,.F.);
#11459 = CYLINDRICAL_SURFACE('',#11460,0.76);
#11460 = AXIS2_PLACEMENT_3D('',#11461,#11462,#11463);
#11461 = CARTESIAN_POINT('',(46.,-62.13954048262,547.4319512038));
#11462 = DIRECTION('',(-1.,0.,-2.22044604925E-16));
#11463 = DIRECTION('',(-1.03329789848E-16,0.885123601775,0.465356003056)
  );
#11464 = ADVANCED_FACE('',(#11465),#11476,.T.);
#11465 = FACE_BOUND('',#11466,.F.);
#11466 = EDGE_LOOP('',(#11467,#11468,#11469,#11475));
#11467 = ORIENTED_EDGE('',*,*,#11432,.T.);
#11468 = ORIENTED_EDGE('',*,*,#5155,.T.);
#11469 = ORIENTED_EDGE('',*,*,#11470,.F.);
#11470 = EDGE_CURVE('',#801,#5156,#11471,.T.);
#11471 = LINE('',#11472,#11473);
#11472 = CARTESIAN_POINT('',(46.,64.3930302332,543.74672741707));
#11473 = VECTOR('',#11474,1.);
#11474 = DIRECTION('',(1.,0.,2.22044604925E-16));
#11475 = ORIENTED_EDGE('',*,*,#800,.F.);
#11476 = CYLINDRICAL_SURFACE('',#11477,73.896969596782);
#11477 = AXIS2_PLACEMENT_3D('',#11478,#11479,#11480);
#11478 = CARTESIAN_POINT('',(46.,1.706315113168E-04,580.00030307389));
#11479 = DIRECTION('',(-1.,0.,-2.22044604925E-16));
#11480 = DIRECTION('',(1.130990867551E-16,0.860557677516,-0.509353004966
    ));
#11481 = ADVANCED_FACE('',(#11482),#11493,.T.);
#11482 = FACE_BOUND('',#11483,.F.);
#11483 = EDGE_LOOP('',(#11484,#11490,#11491,#11492));
#11484 = ORIENTED_EDGE('',*,*,#11485,.T.);
#11485 = EDGE_CURVE('',#3452,#7807,#11486,.T.);
#11486 = LINE('',#11487,#11488);
#11487 = CARTESIAN_POINT('',(46.,-61.64440858095,548.12671526309));
#11488 = VECTOR('',#11489,1.);
#11489 = DIRECTION('',(1.,0.,2.22044604925E-16));
#11490 = ORIENTED_EDGE('',*,*,#7815,.T.);
#11491 = ORIENTED_EDGE('',*,*,#11451,.F.);
#11492 = ORIENTED_EDGE('',*,*,#3460,.F.);
#11493 = CYLINDRICAL_SURFACE('',#11494,69.396969596883);
#11494 = AXIS2_PLACEMENT_3D('',#11495,#11496,#11497);
#11495 = CARTESIAN_POINT('',(46.,9.867306971501E-11,580.00000000005));
#11496 = DIRECTION('',(-1.,0.,-2.22044604925E-16));
#11497 = DIRECTION('',(1.019827084409E-16,-0.888286749971,
    -0.459289287733));
#11498 = ADVANCED_FACE('',(#11499),#11510,.F.);
#11499 = FACE_BOUND('',#11500,.F.);
#11500 = EDGE_LOOP('',(#11501,#11502,#11503,#11509));
#11501 = ORIENTED_EDGE('',*,*,#11470,.T.);
#11502 = ORIENTED_EDGE('',*,*,#5164,.T.);
#11503 = ORIENTED_EDGE('',*,*,#11504,.F.);
#11504 = EDGE_CURVE('',#810,#5165,#11505,.T.);
#11505 = LINE('',#11506,#11507);
#11506 = CARTESIAN_POINT('',(46.,61.623721500269,546.87380174765));
#11507 = VECTOR('',#11508,1.);
#11508 = DIRECTION('',(1.,0.,2.22044604925E-16));
#11509 = ORIENTED_EDGE('',*,*,#809,.F.);
#11510 = SURFACE_OF_LINEAR_EXTRUSION('',#11511,#11517);
#11511 = B_SPLINE_CURVE_WITH_KNOTS('',4,(#11512,#11513,#11514,#11515,
    #11516),.UNSPECIFIED.,.F.,.F.,(5,5),(0.,1.),
  .PIECEWISE_BEZIER_KNOTS.);
#11512 = CARTESIAN_POINT('',(46.,64.3930302332,543.74672741707));
#11513 = CARTESIAN_POINT('',(46.,63.607929770077,544.79231171527));
#11514 = CARTESIAN_POINT('',(46.,62.866081568119,545.65195872938));
#11515 = CARTESIAN_POINT('',(46.,62.196734156799,546.33924484927));
#11516 = CARTESIAN_POINT('',(46.,61.623721500269,546.87380174765));
#11517 = VECTOR('',#11518,1.);
#11518 = DIRECTION('',(-1.,-0.,-2.22044604925E-16));
#11519 = ADVANCED_FACE('',(#11520),#11531,.F.);
#11520 = FACE_BOUND('',#11521,.F.);
#11521 = EDGE_LOOP('',(#11522,#11528,#11529,#11530));
#11522 = ORIENTED_EDGE('',*,*,#11523,.T.);
#11523 = EDGE_CURVE('',#3442,#7797,#11524,.T.);
#11524 = LINE('',#11525,#11526);
#11525 = CARTESIAN_POINT('',(46.,-62.48130759074,548.52120929979));
#11526 = VECTOR('',#11527,1.);
#11527 = DIRECTION('',(1.,0.,2.22044604925E-16));
#11528 = ORIENTED_EDGE('',*,*,#7806,.T.);
#11529 = ORIENTED_EDGE('',*,*,#11485,.F.);
#11530 = ORIENTED_EDGE('',*,*,#3451,.F.);
#11531 = CYLINDRICAL_SURFACE('',#11532,0.76);
#11532 = AXIS2_PLACEMENT_3D('',#11533,#11534,#11535);
#11533 = CARTESIAN_POINT('',(46.,-62.31995994826,547.77853377289));
#11534 = DIRECTION('',(-1.,0.,-2.22044604925E-16));
#11535 = DIRECTION('',(-2.169830183677E-16,-0.212299529579,
    0.977204640667));
#11536 = ADVANCED_FACE('',(#11537),#11548,.F.);
#11537 = FACE_BOUND('',#11538,.F.);
#11538 = EDGE_LOOP('',(#11539,#11540,#11541,#11547));
#11539 = ORIENTED_EDGE('',*,*,#11504,.T.);
#11540 = ORIENTED_EDGE('',*,*,#5174,.T.);
#11541 = ORIENTED_EDGE('',*,*,#11542,.F.);
#11542 = EDGE_CURVE('',#820,#5175,#11543,.T.);
#11543 = LINE('',#11544,#11545);
#11544 = CARTESIAN_POINT('',(46.,61.466846545272,547.78562176612));
#11545 = VECTOR('',#11546,1.);
#11546 = DIRECTION('',(1.,0.,2.22044604925E-16));
#11547 = ORIENTED_EDGE('',*,*,#819,.F.);
#11548 = CYLINDRICAL_SURFACE('',#11549,0.76);
#11549 = AXIS2_PLACEMENT_3D('',#11550,#11551,#11552);
#11550 = CARTESIAN_POINT('',(46.,62.13954047059,547.43195118092));
#11551 = DIRECTION('',(-1.,0.,-2.22044604925E-16));
#11552 = DIRECTION('',(1.630711452617E-16,-0.678709171476,
    -0.734407149036));
#11553 = ADVANCED_FACE('',(#11554),#11565,.F.);
#11554 = FACE_BOUND('',#11555,.F.);
#11555 = EDGE_LOOP('',(#11556,#11562,#11563,#11564));
#11556 = ORIENTED_EDGE('',*,*,#11557,.T.);
#11557 = EDGE_CURVE('',#3433,#7788,#11558,.T.);
#11558 = LINE('',#11559,#11560);
#11559 = CARTESIAN_POINT('',(46.,-66.63126715547,548.04634054069));
#11560 = VECTOR('',#11561,1.);
#11561 = DIRECTION('',(1.,0.,2.22044604925E-16));
#11562 = ORIENTED_EDGE('',*,*,#7796,.T.);
#11563 = ORIENTED_EDGE('',*,*,#11523,.F.);
#11564 = ORIENTED_EDGE('',*,*,#3441,.F.);
#11565 = SURFACE_OF_LINEAR_EXTRUSION('',#11566,#11572);
#11566 = B_SPLINE_CURVE_WITH_KNOTS('',4,(#11567,#11568,#11569,#11570,
    #11571),.UNSPECIFIED.,.F.,.F.,(5,5),(0.,1.),
  .PIECEWISE_BEZIER_KNOTS.);
#11567 = CARTESIAN_POINT('',(46.,-66.63126715547,548.04634054069));
#11568 = CARTESIAN_POINT('',(46.,-65.3244595143,548.08973467436));
#11569 = CARTESIAN_POINT('',(46.,-64.19477125734,548.20434787467));
#11570 = CARTESIAN_POINT('',(46.,-63.24785752435,548.35843405159));
#11571 = CARTESIAN_POINT('',(46.,-62.48130759074,548.52120929979));
#11572 = VECTOR('',#11573,1.);
#11573 = DIRECTION('',(-1.,-0.,-2.22044604925E-16));
#11574 = ADVANCED_FACE('',(#11575),#11586,.T.);
#11575 = FACE_BOUND('',#11576,.F.);
#11576 = EDGE_LOOP('',(#11577,#11578,#11579,#11585));
#11577 = ORIENTED_EDGE('',*,*,#11542,.T.);
#11578 = ORIENTED_EDGE('',*,*,#5183,.T.);
#11579 = ORIENTED_EDGE('',*,*,#11580,.F.);
#11580 = EDGE_CURVE('',#829,#5184,#11581,.T.);
#11581 = LINE('',#11582,#11583);
#11582 = CARTESIAN_POINT('',(46.,61.64440858095,548.12671526309));
#11583 = VECTOR('',#11584,1.);
#11584 = DIRECTION('',(1.,0.,2.22044604925E-16));
#11585 = ORIENTED_EDGE('',*,*,#828,.F.);
#11586 = CYLINDRICAL_SURFACE('',#11587,69.396969596054);
#11587 = AXIS2_PLACEMENT_3D('',#11588,#11589,#11590);
#11588 = CARTESIAN_POINT('',(46.,6.344862413243E-10,579.99999999966));
#11589 = DIRECTION('',(-1.,0.,-2.22044604925E-16));
#11590 = DIRECTION('',(1.030740813239E-16,0.885728107472,-0.464204394242
    ));
#11591 = ADVANCED_FACE('',(#11592),#11603,.T.);
#11592 = FACE_BOUND('',#11593,.F.);
#11593 = EDGE_LOOP('',(#11594,#11600,#11601,#11602));
#11594 = ORIENTED_EDGE('',*,*,#11595,.T.);
#11595 = EDGE_CURVE('',#3423,#7778,#11596,.T.);
#11596 = LINE('',#11597,#11598);
#11597 = CARTESIAN_POINT('',(46.,-67.30766002955,549.4968869839));
#11598 = VECTOR('',#11599,1.);
#11599 = DIRECTION('',(1.,0.,2.22044604925E-16));
#11600 = ORIENTED_EDGE('',*,*,#7787,.T.);
#11601 = ORIENTED_EDGE('',*,*,#11557,.F.);
#11602 = ORIENTED_EDGE('',*,*,#3432,.F.);
#11603 = CYLINDRICAL_SURFACE('',#11604,73.896969596785);
#11604 = AXIS2_PLACEMENT_3D('',#11605,#11606,#11607);
#11605 = CARTESIAN_POINT('',(46.,1.503933876208E-04,579.9996863908));
#11606 = DIRECTION('',(-1.,0.,-2.22044604925E-16));
#11607 = DIRECTION('',(9.165439503634E-17,-0.910833161227,
    -0.412774699333));
#11608 = ADVANCED_FACE('',(#11609),#11620,.F.);
#11609 = FACE_BOUND('',#11610,.F.);
#11610 = EDGE_LOOP('',(#11611,#11612,#11613,#11619));
#11611 = ORIENTED_EDGE('',*,*,#11580,.T.);
#11612 = ORIENTED_EDGE('',*,*,#5192,.T.);
#11613 = ORIENTED_EDGE('',*,*,#11614,.F.);
#11614 = EDGE_CURVE('',#838,#5193,#11615,.T.);
#11615 = LINE('',#11616,#11617);
#11616 = CARTESIAN_POINT('',(46.,62.481307159849,548.52120936785));
#11617 = VECTOR('',#11618,1.);
#11618 = DIRECTION('',(1.,0.,2.22044604925E-16));
#11619 = ORIENTED_EDGE('',*,*,#837,.F.);
#11620 = CYLINDRICAL_SURFACE('',#11621,0.76);
#11621 = AXIS2_PLACEMENT_3D('',#11622,#11623,#11624);
#11622 = CARTESIAN_POINT('',(46.,62.319959936421,547.77853374991));
#11623 = DIRECTION('',(-1.,0.,-2.22044604925E-16));
#11624 = DIRECTION('',(-1.017260875481E-16,-0.888883362462,
    0.458133569976));
#11625 = ADVANCED_FACE('',(#11626),#11637,.F.);
#11626 = FACE_BOUND('',#11627,.F.);
#11627 = EDGE_LOOP('',(#11628,#11634,#11635,#11636));
#11628 = ORIENTED_EDGE('',*,*,#11629,.T.);
#11629 = EDGE_CURVE('',#3414,#7769,#11630,.T.);
#11630 = LINE('',#11631,#11632);
#11631 = CARTESIAN_POINT('',(46.,-64.27636271922,552.37071843764));
#11632 = VECTOR('',#11633,1.);
#11633 = DIRECTION('',(1.,0.,2.22044604925E-16));
#11634 = ORIENTED_EDGE('',*,*,#7777,.T.);
#11635 = ORIENTED_EDGE('',*,*,#11595,.F.);
#11636 = ORIENTED_EDGE('',*,*,#3422,.F.);
#11637 = SURFACE_OF_LINEAR_EXTRUSION('',#11638,#11644);
#11638 = B_SPLINE_CURVE_WITH_KNOTS('',4,(#11639,#11640,#11641,#11642,
    #11643),.UNSPECIFIED.,.F.,.F.,(5,5),(0.,1.),
  .PIECEWISE_BEZIER_KNOTS.);
#11639 = CARTESIAN_POINT('',(46.,-64.27636271922,552.37071843764));
#11640 = CARTESIAN_POINT('',(46.,-64.89378492223,551.888136747));
#11641 = CARTESIAN_POINT('',(46.,-65.62048619683,551.26180342907));
#11642 = CARTESIAN_POINT('',(46.,-66.43443461642,550.47008396244));
#11643 = CARTESIAN_POINT('',(46.,-67.30766002955,549.4968869839));
#11644 = VECTOR('',#11645,1.);
#11645 = DIRECTION('',(-1.,-0.,-2.22044604925E-16));
#11646 = ADVANCED_FACE('',(#11647),#11658,.F.);
#11647 = FACE_BOUND('',#11648,.F.);
#11648 = EDGE_LOOP('',(#11649,#11650,#11651,#11657));
#11649 = ORIENTED_EDGE('',*,*,#11614,.T.);
#11650 = ORIENTED_EDGE('',*,*,#5201,.T.);
#11651 = ORIENTED_EDGE('',*,*,#11652,.F.);
#11652 = EDGE_CURVE('',#847,#5202,#11653,.T.);
#11653 = LINE('',#11654,#11655);
#11654 = CARTESIAN_POINT('',(46.,66.631270127799,548.04636415863));
#11655 = VECTOR('',#11656,1.);
#11656 = DIRECTION('',(1.,0.,2.22044604925E-16));
#11657 = ORIENTED_EDGE('',*,*,#846,.F.);
#11658 = SURFACE_OF_LINEAR_EXTRUSION('',#11659,#11665);
#11659 = B_SPLINE_CURVE_WITH_KNOTS('',4,(#11660,#11661,#11662,#11663,
    #11664),.UNSPECIFIED.,.F.,.F.,(5,5),(0.,1.),
  .PIECEWISE_BEZIER_KNOTS.);
#11660 = CARTESIAN_POINT('',(46.,62.481307159849,548.52120936785));
#11661 = CARTESIAN_POINT('',(46.,63.247857524356,548.35843405159));
#11662 = CARTESIAN_POINT('',(46.,64.194771257347,548.20434787467));
#11663 = CARTESIAN_POINT('',(46.,65.324459514309,548.08973467436));
#11664 = CARTESIAN_POINT('',(46.,66.631270127799,548.04636415863));
#11665 = VECTOR('',#11666,1.);
#11666 = DIRECTION('',(-1.,-0.,-2.22044604925E-16));
#11667 = ADVANCED_FACE('',(#11668),#11679,.F.);
#11668 = FACE_BOUND('',#11669,.F.);
#11669 = EDGE_LOOP('',(#11670,#11676,#11677,#11678));
#11670 = ORIENTED_EDGE('',*,*,#11671,.T.);
#11671 = EDGE_CURVE('',#3405,#7760,#11672,.T.);
#11672 = LINE('',#11673,#11674);
#11673 = CARTESIAN_POINT('',(46.,-64.04061469894,553.2653958661));
#11674 = VECTOR('',#11675,1.);
#11675 = DIRECTION('',(1.,0.,2.22044604925E-16));
#11676 = ORIENTED_EDGE('',*,*,#7768,.T.);
#11677 = ORIENTED_EDGE('',*,*,#11629,.F.);
#11678 = ORIENTED_EDGE('',*,*,#3413,.F.);
#11679 = CYLINDRICAL_SURFACE('',#11680,0.76);
#11680 = AXIS2_PLACEMENT_3D('',#11681,#11682,#11683);
#11681 = CARTESIAN_POINT('',(46.,-64.74157325331,552.97170026679));
#11682 = DIRECTION('',(-1.,0.,-2.22044604925E-16));
#11683 = DIRECTION('',(-8.580726752096E-17,0.922313887333,0.386441578033
    ));
#11684 = ADVANCED_FACE('',(#11685),#11696,.T.);
#11685 = FACE_BOUND('',#11686,.F.);
#11686 = EDGE_LOOP('',(#11687,#11688,#11689,#11695));
#11687 = ORIENTED_EDGE('',*,*,#11652,.T.);
#11688 = ORIENTED_EDGE('',*,*,#5211,.T.);
#11689 = ORIENTED_EDGE('',*,*,#11690,.F.);
#11690 = EDGE_CURVE('',#857,#5212,#11691,.T.);
#11691 = LINE('',#11692,#11693);
#11692 = CARTESIAN_POINT('',(46.,67.307676211374,549.49690444215));
#11693 = VECTOR('',#11694,1.);
#11694 = DIRECTION('',(1.,0.,2.22044604925E-16));
#11695 = ORIENTED_EDGE('',*,*,#856,.F.);
#11696 = CYLINDRICAL_SURFACE('',#11697,73.896969597148);
#11697 = AXIS2_PLACEMENT_3D('',#11698,#11699,#11700);
#11698 = CARTESIAN_POINT('',(46.,1.435672453809E-04,580.00031679227));
#11699 = DIRECTION('',(-1.,0.,-2.22044604925E-16));
#11700 = DIRECTION('',(9.601480043107E-17,0.901676035212,-0.432412219443
    ));
#11701 = ADVANCED_FACE('',(#11702),#11713,.T.);
#11702 = FACE_BOUND('',#11703,.F.);
#11703 = EDGE_LOOP('',(#11704,#11710,#11711,#11712));
#11704 = ORIENTED_EDGE('',*,*,#11705,.T.);
#11705 = EDGE_CURVE('',#3396,#7751,#11706,.T.);
#11706 = LINE('',#11707,#11708);
#11707 = CARTESIAN_POINT('',(46.,-64.18777280039,553.62066695043));
#11708 = VECTOR('',#11709,1.);
#11709 = DIRECTION('',(1.,0.,2.22044604925E-16));
#11710 = ORIENTED_EDGE('',*,*,#7759,.T.);
#11711 = ORIENTED_EDGE('',*,*,#11671,.F.);
#11712 = ORIENTED_EDGE('',*,*,#3404,.F.);
#11713 = CYLINDRICAL_SURFACE('',#11714,69.396969598039);
#11714 = AXIS2_PLACEMENT_3D('',#11715,#11716,#11717);
#11715 = CARTESIAN_POINT('',(46.,1.171144958789E-09,580.00000000048));
#11716 = DIRECTION('',(-1.,0.,-2.22044604925E-16));
#11717 = DIRECTION('',(8.44040974586E-17,-0.924936249715,-0.380122261863
    ));
#11718 = ADVANCED_FACE('',(#11719),#11730,.F.);
#11719 = FACE_BOUND('',#11720,.F.);
#11720 = EDGE_LOOP('',(#11721,#11722,#11723,#11729));
#11721 = ORIENTED_EDGE('',*,*,#11690,.T.);
#11722 = ORIENTED_EDGE('',*,*,#5220,.T.);
#11723 = ORIENTED_EDGE('',*,*,#11724,.F.);
#11724 = EDGE_CURVE('',#866,#5221,#11725,.T.);
#11725 = LINE('',#11726,#11727);
#11726 = CARTESIAN_POINT('',(46.,64.276363048339,552.3707181513));
#11727 = VECTOR('',#11728,1.);
#11728 = DIRECTION('',(1.,0.,2.22044604925E-16));
#11729 = ORIENTED_EDGE('',*,*,#865,.F.);
#11730 = SURFACE_OF_LINEAR_EXTRUSION('',#11731,#11737);
#11731 = B_SPLINE_CURVE_WITH_KNOTS('',4,(#11732,#11733,#11734,#11735,
    #11736),.UNSPECIFIED.,.F.,.F.,(5,5),(0.,1.),
  .PIECEWISE_BEZIER_KNOTS.);
#11732 = CARTESIAN_POINT('',(46.,67.307676211374,549.49690444215));
#11733 = CARTESIAN_POINT('',(46.,66.434434616425,550.47008396244));
#11734 = CARTESIAN_POINT('',(46.,65.620486196832,551.26180342907));
#11735 = CARTESIAN_POINT('',(46.,64.893784922233,551.888136747));
#11736 = CARTESIAN_POINT('',(46.,64.276363048339,552.3707181513));
#11737 = VECTOR('',#11738,1.);
#11738 = DIRECTION('',(-1.,-0.,-2.22044604925E-16));
#11739 = ADVANCED_FACE('',(#11740),#11751,.F.);
#11740 = FACE_BOUND('',#11741,.F.);
#11741 = EDGE_LOOP('',(#11742,#11748,#11749,#11750));
#11742 = ORIENTED_EDGE('',*,*,#11743,.T.);
#11743 = EDGE_CURVE('',#3386,#7741,#11744,.T.);
#11744 = LINE('',#11745,#11746);
#11745 = CARTESIAN_POINT('',(46.,-64.98710473601,554.08660037303));
#11746 = VECTOR('',#11747,1.);
#11747 = DIRECTION('',(1.,0.,2.22044604925E-16));
#11748 = ORIENTED_EDGE('',*,*,#7750,.T.);
#11749 = ORIENTED_EDGE('',*,*,#11705,.F.);
#11750 = ORIENTED_EDGE('',*,*,#3395,.F.);
#11751 = CYLINDRICAL_SURFACE('',#11752,0.76);
#11752 = AXIS2_PLACEMENT_3D('',#11753,#11754,#11755);
#11753 = CARTESIAN_POINT('',(46.,-64.89109950719,553.3326885771));
#11754 = DIRECTION('',(-1.,0.,-2.22044604925E-16));
#11755 = DIRECTION('',(-2.202658511515E-16,-0.1263226695,0.991989205168)
  );
#11756 = ADVANCED_FACE('',(#11757),#11768,.F.);
#11757 = FACE_BOUND('',#11758,.F.);
#11758 = EDGE_LOOP('',(#11759,#11760,#11761,#11767));
#11759 = ORIENTED_EDGE('',*,*,#11724,.T.);
#11760 = ORIENTED_EDGE('',*,*,#5230,.T.);
#11761 = ORIENTED_EDGE('',*,*,#11762,.F.);
#11762 = EDGE_CURVE('',#876,#5231,#11763,.T.);
#11763 = LINE('',#11764,#11765);
#11764 = CARTESIAN_POINT('',(46.,64.040614698946,553.2653958661));
#11765 = VECTOR('',#11766,1.);
#11766 = DIRECTION('',(1.,0.,2.22044604925E-16));
#11767 = ORIENTED_EDGE('',*,*,#875,.F.);
#11768 = CYLINDRICAL_SURFACE('',#11769,0.76);
#11769 = AXIS2_PLACEMENT_3D('',#11770,#11771,#11772);
#11770 = CARTESIAN_POINT('',(46.,64.741573243328,552.97170024295));
#11771 = DIRECTION('',(-1.,0.,-2.22044604925E-16));
#11772 = DIRECTION('',(1.755853040874E-16,-0.612118677617,-0.79076591006
    ));
#11773 = ADVANCED_FACE('',(#11774),#11785,.F.);
#11774 = FACE_BOUND('',#11775,.F.);
#11775 = EDGE_LOOP('',(#11776,#11782,#11783,#11784));
#11776 = ORIENTED_EDGE('',*,*,#11777,.T.);
#11777 = EDGE_CURVE('',#3377,#7732,#11778,.T.);
#11778 = LINE('',#11779,#11780);
#11779 = CARTESIAN_POINT('',(46.,-69.1626599911,553.97523144116));
#11780 = VECTOR('',#11781,1.);
#11781 = DIRECTION('',(1.,0.,2.22044604925E-16));
#11782 = ORIENTED_EDGE('',*,*,#7740,.T.);
#11783 = ORIENTED_EDGE('',*,*,#11743,.F.);
#11784 = ORIENTED_EDGE('',*,*,#3385,.F.);
#11785 = SURFACE_OF_LINEAR_EXTRUSION('',#11786,#11792);
#11786 = B_SPLINE_CURVE_WITH_KNOTS('',4,(#11787,#11788,#11789,#11790,
    #11791),.UNSPECIFIED.,.F.,.F.,(5,5),(0.,1.),
  .PIECEWISE_BEZIER_KNOTS.);
#11787 = CARTESIAN_POINT('',(46.,-69.1626599911,553.97523144116));
#11788 = CARTESIAN_POINT('',(46.,-67.85704309959,553.90456465645));
#11789 = CARTESIAN_POINT('',(46.,-66.72166444891,553.92028289983));
#11790 = CARTESIAN_POINT('',(46.,-65.76492451335,553.99125376261));
#11791 = CARTESIAN_POINT('',(46.,-64.98710473601,554.08660037303));
#11792 = VECTOR('',#11793,1.);
#11793 = DIRECTION('',(-1.,-0.,-2.22044604925E-16));
#11794 = ADVANCED_FACE('',(#11795),#11806,.T.);
#11795 = FACE_BOUND('',#11796,.F.);
#11796 = EDGE_LOOP('',(#11797,#11798,#11799,#11805));
#11797 = ORIENTED_EDGE('',*,*,#11762,.T.);
#11798 = ORIENTED_EDGE('',*,*,#5239,.T.);
#11799 = ORIENTED_EDGE('',*,*,#11800,.F.);
#11800 = EDGE_CURVE('',#885,#5240,#11801,.T.);
#11801 = LINE('',#11802,#11803);
#11802 = CARTESIAN_POINT('',(46.,64.187772800397,553.62066695043));
#11803 = VECTOR('',#11804,1.);
#11804 = DIRECTION('',(1.,0.,2.22044604925E-16));
#11805 = ORIENTED_EDGE('',*,*,#884,.F.);
#11806 = CYLINDRICAL_SURFACE('',#11807,69.396969594556);
#11807 = AXIS2_PLACEMENT_3D('',#11808,#11809,#11810);
#11808 = CARTESIAN_POINT('',(46.,2.045062785783E-09,579.99999999915));
#11809 = DIRECTION('',(-1.,0.,-2.22044604925E-16));
#11810 = DIRECTION('',(8.554083337114E-17,0.922815723382,-0.385241665295
    ));
#11811 = ADVANCED_FACE('',(#11812),#11823,.T.);
#11812 = FACE_BOUND('',#11813,.F.);
#11813 = EDGE_LOOP('',(#11814,#11820,#11821,#11822));
#11814 = ORIENTED_EDGE('',*,*,#11815,.T.);
#11815 = EDGE_CURVE('',#3367,#7722,#11816,.T.);
#11816 = LINE('',#11817,#11818);
#11817 = CARTESIAN_POINT('',(46.,-69.71005553343,555.47920964055));
#11818 = VECTOR('',#11819,1.);
#11819 = DIRECTION('',(1.,0.,2.22044604925E-16));
#11820 = ORIENTED_EDGE('',*,*,#7731,.T.);
#11821 = ORIENTED_EDGE('',*,*,#11777,.F.);
#11822 = ORIENTED_EDGE('',*,*,#3376,.F.);
#11823 = CYLINDRICAL_SURFACE('',#11824,73.896969596888);
#11824 = AXIS2_PLACEMENT_3D('',#11825,#11826,#11827);
#11825 = CARTESIAN_POINT('',(46.,1.224883495183E-04,579.99967447657));
#11826 = DIRECTION('',(-1.,0.,-2.22044604925E-16));
#11827 = DIRECTION('',(7.367875782717E-17,-0.943342851568,
    -0.331819626296));
#11828 = ADVANCED_FACE('',(#11829),#11840,.F.);
#11829 = FACE_BOUND('',#11830,.F.);
#11830 = EDGE_LOOP('',(#11831,#11832,#11833,#11839));
#11831 = ORIENTED_EDGE('',*,*,#11800,.T.);
#11832 = ORIENTED_EDGE('',*,*,#5248,.T.);
#11833 = ORIENTED_EDGE('',*,*,#11834,.F.);
#11834 = EDGE_CURVE('',#894,#5249,#11835,.T.);
#11835 = LINE('',#11836,#11837);
#11836 = CARTESIAN_POINT('',(46.,64.987104300826,554.08660040328));
#11837 = VECTOR('',#11838,1.);
#11838 = DIRECTION('',(1.,0.,2.22044604925E-16));
#11839 = ORIENTED_EDGE('',*,*,#893,.F.);
#11840 = CYLINDRICAL_SURFACE('',#11841,0.76);
#11841 = AXIS2_PLACEMENT_3D('',#11842,#11843,#11844);
#11842 = CARTESIAN_POINT('',(46.,64.891099497398,553.33268855318));
#11843 = DIRECTION('',(-1.,0.,-2.22044604925E-16));
#11844 = DIRECTION('',(-8.413690716492E-17,-0.925429864475,
    0.378918943756));
#11845 = ADVANCED_FACE('',(#11846),#11857,.F.);
#11846 = FACE_BOUND('',#11847,.F.);
#11847 = EDGE_LOOP('',(#11848,#11854,#11855,#11856));
#11848 = ORIENTED_EDGE('',*,*,#11849,.T.);
#11849 = EDGE_CURVE('',#3358,#7713,#11850,.T.);
#11850 = LINE('',#11851,#11852);
#11851 = CARTESIAN_POINT('',(46.,-66.43982230966,558.07791032941));
#11852 = VECTOR('',#11853,1.);
#11853 = DIRECTION('',(1.,0.,2.22044604925E-16));
#11854 = ORIENTED_EDGE('',*,*,#7721,.T.);
#11855 = ORIENTED_EDGE('',*,*,#11815,.F.);
#11856 = ORIENTED_EDGE('',*,*,#3366,.F.);
#11857 = SURFACE_OF_LINEAR_EXTRUSION('',#11858,#11864);
#11858 = B_SPLINE_CURVE_WITH_KNOTS('',4,(#11859,#11860,#11861,#11862,
    #11863),.UNSPECIFIED.,.F.,.F.,(5,5),(0.,1.),
  .PIECEWISE_BEZIER_KNOTS.);
#11859 = CARTESIAN_POINT('',(46.,-66.43982230966,558.07791032941));
#11860 = CARTESIAN_POINT('',(46.,-67.09695480047,557.65097689848));
#11861 = CARTESIAN_POINT('',(46.,-67.87547930285,557.09036315727));
#11862 = CARTESIAN_POINT('',(46.,-68.75533330113,556.3725967013));
#11863 = CARTESIAN_POINT('',(46.,-69.71005553343,555.47920964055));
#11864 = VECTOR('',#11865,1.);
#11865 = DIRECTION('',(-1.,-0.,-2.22044604925E-16));
#11866 = ADVANCED_FACE('',(#11867),#11878,.F.);
#11867 = FACE_BOUND('',#11868,.F.);
#11868 = EDGE_LOOP('',(#11869,#11870,#11871,#11877));
#11869 = ORIENTED_EDGE('',*,*,#11834,.T.);
#11870 = ORIENTED_EDGE('',*,*,#5257,.T.);
#11871 = ORIENTED_EDGE('',*,*,#11872,.F.);
#11872 = EDGE_CURVE('',#903,#5258,#11873,.T.);
#11873 = LINE('',#11874,#11875);
#11874 = CARTESIAN_POINT('',(46.,69.162660893675,553.97525522828));
#11875 = VECTOR('',#11876,1.);
#11876 = DIRECTION('',(1.,0.,2.22044604925E-16));
#11877 = ORIENTED_EDGE('',*,*,#902,.F.);
#11878 = SURFACE_OF_LINEAR_EXTRUSION('',#11879,#11885);
#11879 = B_SPLINE_CURVE_WITH_KNOTS('',4,(#11880,#11881,#11882,#11883,
    #11884),.UNSPECIFIED.,.F.,.F.,(5,5),(0.,1.),
  .PIECEWISE_BEZIER_KNOTS.);
#11880 = CARTESIAN_POINT('',(46.,64.987104300826,554.08660040328));
#11881 = CARTESIAN_POINT('',(46.,65.764924513358,553.99125376261));
#11882 = CARTESIAN_POINT('',(46.,66.72166444891,553.92028289983));
#11883 = CARTESIAN_POINT('',(46.,67.857043099594,553.90456465645));
#11884 = CARTESIAN_POINT('',(46.,69.162660893675,553.97525522828));
#11885 = VECTOR('',#11886,1.);
#11886 = DIRECTION('',(-1.,-0.,-2.22044604925E-16));
#11887 = ADVANCED_FACE('',(#11888),#11899,.F.);
#11888 = FACE_BOUND('',#11889,.F.);
#11889 = EDGE_LOOP('',(#11890,#11896,#11897,#11898));
#11890 = ORIENTED_EDGE('',*,*,#11891,.T.);
#11891 = EDGE_CURVE('',#3349,#7704,#11892,.T.);
#11892 = LINE('',#11893,#11894);
#11893 = CARTESIAN_POINT('',(46.,-66.12699510598,558.94863644633));
#11894 = VECTOR('',#11895,1.);
#11895 = DIRECTION('',(1.,0.,2.22044604925E-16));
#11896 = ORIENTED_EDGE('',*,*,#7712,.T.);
#11897 = ORIENTED_EDGE('',*,*,#11849,.F.);
#11898 = ORIENTED_EDGE('',*,*,#3357,.F.);
#11899 = CYLINDRICAL_SURFACE('',#11900,0.76);
#11900 = AXIS2_PLACEMENT_3D('',#11901,#11902,#11903);
#11901 = CARTESIAN_POINT('',(46.,-66.85088355952,558.71715101089));
#11902 = DIRECTION('',(-1.,0.,-2.22044604925E-16));
#11903 = DIRECTION('',(-6.763170007624E-17,0.9524848073,0.304586099262)
  );
#11904 = ADVANCED_FACE('',(#11905),#11916,.T.);
#11905 = FACE_BOUND('',#11906,.F.);
#11906 = EDGE_LOOP('',(#11907,#11908,#11909,#11915));
#11907 = ORIENTED_EDGE('',*,*,#11872,.T.);
#11908 = ORIENTED_EDGE('',*,*,#5267,.T.);
#11909 = ORIENTED_EDGE('',*,*,#11910,.F.);
#11910 = EDGE_CURVE('',#913,#5268,#11911,.T.);
#11911 = LINE('',#11912,#11913);
#11912 = CARTESIAN_POINT('',(46.,69.710070132093,555.47922844271));
#11913 = VECTOR('',#11914,1.);
#11914 = DIRECTION('',(1.,0.,2.22044604925E-16));
#11915 = ORIENTED_EDGE('',*,*,#912,.F.);
#11916 = CYLINDRICAL_SURFACE('',#11917,73.89696959697);
#11917 = AXIS2_PLACEMENT_3D('',#11918,#11919,#11920);
#11918 = CARTESIAN_POINT('',(46.,1.154108300128E-04,580.00032809943));
#11919 = DIRECTION('',(-1.,0.,-2.22044604925E-16));
#11920 = DIRECTION('',(7.819978350042E-17,0.935932093834,-0.352180515833
    ));
#11921 = ADVANCED_FACE('',(#11922),#11933,.T.);
#11922 = FACE_BOUND('',#11923,.F.);
#11923 = EDGE_LOOP('',(#11924,#11930,#11931,#11932));
#11924 = ORIENTED_EDGE('',*,*,#11925,.T.);
#11925 = EDGE_CURVE('',#3340,#7695,#11926,.T.);
#11926 = LINE('',#11927,#11928);
#11927 = CARTESIAN_POINT('',(46.,-66.24262931119,559.31538129056));
#11928 = VECTOR('',#11929,1.);
#11929 = DIRECTION('',(1.,0.,2.22044604925E-16));
#11930 = ORIENTED_EDGE('',*,*,#7703,.T.);
#11931 = ORIENTED_EDGE('',*,*,#11891,.F.);
#11932 = ORIENTED_EDGE('',*,*,#3348,.F.);
#11933 = CYLINDRICAL_SURFACE('',#11934,69.396969597235);
#11934 = AXIS2_PLACEMENT_3D('',#11935,#11936,#11937);
#11935 = CARTESIAN_POINT('',(46.,4.429665523276E-10,580.00000000013));
#11936 = DIRECTION('',(-1.,0.,-2.22044604925E-16));
#11937 = DIRECTION('',(6.618312033001E-17,-0.954546426106,
    -0.298062276056));
#11938 = ADVANCED_FACE('',(#11939),#11950,.F.);
#11939 = FACE_BOUND('',#11940,.F.);
#11940 = EDGE_LOOP('',(#11941,#11942,#11943,#11949));
#11941 = ORIENTED_EDGE('',*,*,#11910,.T.);
#11942 = ORIENTED_EDGE('',*,*,#5276,.T.);
#11943 = ORIENTED_EDGE('',*,*,#11944,.F.);
#11944 = EDGE_CURVE('',#922,#5277,#11945,.T.);
#11945 = LINE('',#11946,#11947);
#11946 = CARTESIAN_POINT('',(46.,66.439822662483,558.07791007284));
#11947 = VECTOR('',#11948,1.);
#11948 = DIRECTION('',(1.,0.,2.22044604925E-16));
#11949 = ORIENTED_EDGE('',*,*,#921,.F.);
#11950 = SURFACE_OF_LINEAR_EXTRUSION('',#11951,#11957);
#11951 = B_SPLINE_CURVE_WITH_KNOTS('',4,(#11952,#11953,#11954,#11955,
    #11956),.UNSPECIFIED.,.F.,.F.,(5,5),(0.,1.),
  .PIECEWISE_BEZIER_KNOTS.);
#11952 = CARTESIAN_POINT('',(46.,69.710070132093,555.47922844271));
#11953 = CARTESIAN_POINT('',(46.,68.755333301135,556.3725967013));
#11954 = CARTESIAN_POINT('',(46.,67.875479302853,557.09036315727));
#11955 = CARTESIAN_POINT('',(46.,67.09695480047,557.65097689848));
#11956 = CARTESIAN_POINT('',(46.,66.439822662483,558.07791007284));
#11957 = VECTOR('',#11958,1.);
#11958 = DIRECTION('',(-1.,-0.,-2.22044604925E-16));
#11959 = ADVANCED_FACE('',(#11960),#11971,.F.);
#11960 = FACE_BOUND('',#11961,.F.);
#11961 = EDGE_LOOP('',(#11962,#11968,#11969,#11970));
#11962 = ORIENTED_EDGE('',*,*,#11963,.T.);
#11963 = EDGE_CURVE('',#3330,#7685,#11964,.T.);
#11964 = LINE('',#11965,#11966);
#11965 = CARTESIAN_POINT('',(46.,-66.99831077395,559.84920806437));
#11966 = VECTOR('',#11967,1.);
#11967 = DIRECTION('',(1.,0.,2.22044604925E-16));
#11968 = ORIENTED_EDGE('',*,*,#7694,.T.);
#11969 = ORIENTED_EDGE('',*,*,#11925,.F.);
#11970 = ORIENTED_EDGE('',*,*,#3339,.F.);
#11971 = CYLINDRICAL_SURFACE('',#11972,0.76);
#11972 = AXIS2_PLACEMENT_3D('',#11973,#11974,#11975);
#11973 = CARTESIAN_POINT('',(46.,-66.96837861655,559.08979772341));
#11974 = DIRECTION('',(-1.,0.,-2.22044604925E-16));
#11975 = DIRECTION('',(-2.218723278078E-16,-3.938441763081E-02,
    0.999224132839));
#11976 = ADVANCED_FACE('',(#11977),#11988,.F.);
#11977 = FACE_BOUND('',#11978,.F.);
#11978 = EDGE_LOOP('',(#11979,#11980,#11981,#11987));
#11979 = ORIENTED_EDGE('',*,*,#11944,.T.);
#11980 = ORIENTED_EDGE('',*,*,#5286,.T.);
#11981 = ORIENTED_EDGE('',*,*,#11982,.F.);
#11982 = EDGE_CURVE('',#932,#5287,#11983,.T.);
#11983 = LINE('',#11984,#11985);
#11984 = CARTESIAN_POINT('',(46.,66.126995105981,558.94863644633));
#11985 = VECTOR('',#11986,1.);
#11986 = DIRECTION('',(1.,0.,2.22044604925E-16));
#11987 = ORIENTED_EDGE('',*,*,#931,.F.);
#11988 = CYLINDRICAL_SURFACE('',#11989,0.76);
#11989 = AXIS2_PLACEMENT_3D('',#11990,#11991,#11992);
#11990 = CARTESIAN_POINT('',(46.,66.850883551654,558.71715098626));
#11991 = DIRECTION('',(-1.,0.,-2.22044604925E-16));
#11992 = DIRECTION('',(1.867631527276E-16,-0.540869591014,-0.84110646503
    ));
#11993 = ADVANCED_FACE('',(#11994),#12005,.F.);
#11994 = FACE_BOUND('',#11995,.F.);
#11995 = EDGE_LOOP('',(#11996,#12002,#12003,#12004));
#11996 = ORIENTED_EDGE('',*,*,#11997,.T.);
#11997 = EDGE_CURVE('',#3321,#7676,#11998,.T.);
#11998 = LINE('',#11999,#12000);
#11999 = CARTESIAN_POINT('',(46.,-71.16768322264,560.10218654454));
#12000 = VECTOR('',#12001,1.);
#12001 = DIRECTION('',(1.,0.,2.22044604925E-16));
#12002 = ORIENTED_EDGE('',*,*,#7684,.T.);
#12003 = ORIENTED_EDGE('',*,*,#11963,.F.);
#12004 = ORIENTED_EDGE('',*,*,#3329,.F.);
#12005 = SURFACE_OF_LINEAR_EXTRUSION('',#12006,#12012);
#12006 = B_SPLINE_CURVE_WITH_KNOTS('',4,(#12007,#12008,#12009,#12010,
    #12011),.UNSPECIFIED.,.F.,.F.,(5,5),(0.,1.),
  .PIECEWISE_BEZIER_KNOTS.);
#12007 = CARTESIAN_POINT('',(46.,-71.16768322264,560.10218654454));
#12008 = CARTESIAN_POINT('',(46.,-69.87319361368,559.91799665837));
#12009 = CARTESIAN_POINT('',(46.,-68.74076548637,559.83470031948));
#12010 = CARTESIAN_POINT('',(46.,-67.78148071686,559.822015737));
#12011 = CARTESIAN_POINT('',(46.,-66.99831077395,559.84920806437));
#12012 = VECTOR('',#12013,1.);
#12013 = DIRECTION('',(-1.,-0.,-2.22044604925E-16));
#12014 = ADVANCED_FACE('',(#12015),#12026,.T.);
#12015 = FACE_BOUND('',#12016,.F.);
#12016 = EDGE_LOOP('',(#12017,#12018,#12019,#12025));
#12017 = ORIENTED_EDGE('',*,*,#11982,.T.);
#12018 = ORIENTED_EDGE('',*,*,#5295,.T.);
#12019 = ORIENTED_EDGE('',*,*,#12020,.F.);
#12020 = EDGE_CURVE('',#941,#5296,#12021,.T.);
#12021 = LINE('',#12022,#12023);
#12022 = CARTESIAN_POINT('',(46.,66.242629311195,559.31538129056));
#12023 = VECTOR('',#12024,1.);
#12024 = DIRECTION('',(1.,0.,2.22044604925E-16));
#12025 = ORIENTED_EDGE('',*,*,#940,.F.);
#12026 = CYLINDRICAL_SURFACE('',#12027,69.396969594396);
#12027 = AXIS2_PLACEMENT_3D('',#12028,#12029,#12030);
#12028 = CARTESIAN_POINT('',(46.,2.264634701987E-09,579.99999999928));
#12029 = DIRECTION('',(-1.,0.,-2.22044604925E-16));
#12030 = DIRECTION('',(6.73565680255E-17,0.952880154425,-0.303347014661)
  );
#12031 = ADVANCED_FACE('',(#12032),#12043,.T.);
#12032 = FACE_BOUND('',#12033,.F.);
#12033 = EDGE_LOOP('',(#12034,#12040,#12041,#12042));
#12034 = ORIENTED_EDGE('',*,*,#12035,.T.);
#12035 = EDGE_CURVE('',#3311,#7666,#12036,.T.);
#12036 = LINE('',#12037,#12038);
#12037 = CARTESIAN_POINT('',(46.,-71.58191542262,561.6481503179));
#12038 = VECTOR('',#12039,1.);
#12039 = DIRECTION('',(1.,0.,2.22044604925E-16));
#12040 = ORIENTED_EDGE('',*,*,#7675,.T.);
#12041 = ORIENTED_EDGE('',*,*,#11997,.F.);
#12042 = ORIENTED_EDGE('',*,*,#3320,.F.);
#12043 = CYLINDRICAL_SURFACE('',#12044,73.896969596524);
#12044 = AXIS2_PLACEMENT_3D('',#12045,#12046,#12047);
#12045 = CARTESIAN_POINT('',(46.,9.365065672995E-05,579.99966503963));
#12046 = DIRECTION('',(-1.,0.,-2.22044604925E-16));
#12047 = DIRECTION('',(5.514238078247E-17,-0.968673133203,
    -0.248339205544));
#12048 = ADVANCED_FACE('',(#12049),#12060,.F.);
#12049 = FACE_BOUND('',#12050,.F.);
#12050 = EDGE_LOOP('',(#12051,#12052,#12053,#12059));
#12051 = ORIENTED_EDGE('',*,*,#12020,.T.);
#12052 = ORIENTED_EDGE('',*,*,#5304,.T.);
#12053 = ORIENTED_EDGE('',*,*,#12054,.F.);
#12054 = EDGE_CURVE('',#950,#5305,#12055,.T.);
#12055 = LINE('',#12056,#12057);
#12056 = CARTESIAN_POINT('',(46.,66.998310337787,559.84920805657));
#12057 = VECTOR('',#12058,1.);
#12058 = DIRECTION('',(1.,0.,2.22044604925E-16));
#12059 = ORIENTED_EDGE('',*,*,#949,.F.);
#12060 = CYLINDRICAL_SURFACE('',#12061,0.76);
#12061 = AXIS2_PLACEMENT_3D('',#12062,#12063,#12064);
#12062 = CARTESIAN_POINT('',(46.,66.968378608882,559.08979769872));
#12063 = DIRECTION('',(-1.,0.,-2.22044604925E-16));
#12064 = DIRECTION('',(-6.590739411497E-17,-0.95493328643,0.296820515577
    ));
#12065 = ADVANCED_FACE('',(#12066),#12077,.F.);
#12066 = FACE_BOUND('',#12067,.F.);
#12067 = EDGE_LOOP('',(#12068,#12074,#12075,#12076));
#12068 = ORIENTED_EDGE('',*,*,#12069,.T.);
#12069 = EDGE_CURVE('',#3302,#7657,#12070,.T.);
#12070 = LINE('',#12071,#12072);
#12071 = CARTESIAN_POINT('',(46.,-68.09763473487,563.95194256048));
#12072 = VECTOR('',#12073,1.);
#12073 = DIRECTION('',(1.,0.,2.22044604925E-16));
#12074 = ORIENTED_EDGE('',*,*,#7665,.T.);
#12075 = ORIENTED_EDGE('',*,*,#12035,.F.);
#12076 = ORIENTED_EDGE('',*,*,#3310,.F.);
#12077 = SURFACE_OF_LINEAR_EXTRUSION('',#12078,#12084);
#12078 = B_SPLINE_CURVE_WITH_KNOTS('',4,(#12079,#12080,#12081,#12082,
    #12083),.UNSPECIFIED.,.F.,.F.,(5,5),(0.,1.),
  .PIECEWISE_BEZIER_KNOTS.);
#12079 = CARTESIAN_POINT('',(46.,-68.09763473487,563.95194256048));
#12080 = CARTESIAN_POINT('',(46.,-68.78947633842,563.58390661048));
#12081 = CARTESIAN_POINT('',(46.,-69.61389902704,563.09327905506));
#12082 = CARTESIAN_POINT('',(46.,-70.55296238381,562.45492824589));
#12083 = CARTESIAN_POINT('',(46.,-71.58191542262,561.6481503179));
#12084 = VECTOR('',#12085,1.);
#12085 = DIRECTION('',(-1.,-0.,-2.22044604925E-16));
#12086 = ADVANCED_FACE('',(#12087),#12098,.F.);
#12087 = FACE_BOUND('',#12088,.F.);
#12088 = EDGE_LOOP('',(#12089,#12090,#12091,#12097));
#12089 = ORIENTED_EDGE('',*,*,#12054,.T.);
#12090 = ORIENTED_EDGE('',*,*,#5313,.T.);
#12091 = ORIENTED_EDGE('',*,*,#12092,.F.);
#12092 = EDGE_CURVE('',#959,#5314,#12093,.T.);
#12093 = LINE('',#12094,#12095);
#12094 = CARTESIAN_POINT('',(46.,71.167682048594,560.10221031981));
#12095 = VECTOR('',#12096,1.);
#12096 = DIRECTION('',(1.,0.,2.22044604925E-16));
#12097 = ORIENTED_EDGE('',*,*,#958,.F.);
#12098 = SURFACE_OF_LINEAR_EXTRUSION('',#12099,#12105);
#12099 = B_SPLINE_CURVE_WITH_KNOTS('',4,(#12100,#12101,#12102,#12103,
    #12104),.UNSPECIFIED.,.F.,.F.,(5,5),(0.,1.),
  .PIECEWISE_BEZIER_KNOTS.);
#12100 = CARTESIAN_POINT('',(46.,66.998310337787,559.84920805657));
#12101 = CARTESIAN_POINT('',(46.,67.781480716866,559.822015737));
#12102 = CARTESIAN_POINT('',(46.,68.740765486375,559.83470031948));
#12103 = CARTESIAN_POINT('',(46.,69.873193613689,559.91799665837));
#12104 = CARTESIAN_POINT('',(46.,71.167682048594,560.10221031981));
#12105 = VECTOR('',#12106,1.);
#12106 = DIRECTION('',(-1.,-0.,-2.22044604925E-16));
#12107 = ADVANCED_FACE('',(#12108),#12119,.F.);
#12108 = FACE_BOUND('',#12109,.F.);
#12109 = EDGE_LOOP('',(#12110,#12116,#12117,#12118));
#12110 = ORIENTED_EDGE('',*,*,#12111,.T.);
#12111 = EDGE_CURVE('',#3293,#7648,#12112,.T.);
#12112 = LINE('',#12113,#12114);
#12113 = CARTESIAN_POINT('',(46.,-67.71010915168,564.79209061436));
#12114 = VECTOR('',#12115,1.);
#12115 = DIRECTION('',(1.,0.,2.22044604925E-16));
#12116 = ORIENTED_EDGE('',*,*,#7656,.T.);
#12117 = ORIENTED_EDGE('',*,*,#12069,.F.);
#12118 = ORIENTED_EDGE('',*,*,#3301,.F.);
#12119 = CYLINDRICAL_SURFACE('',#12120,0.76);
#12120 = AXIS2_PLACEMENT_3D('',#12121,#12122,#12123);
#12121 = CARTESIAN_POINT('',(46.,-68.45141827618,564.62457708673));
#12122 = DIRECTION('',(-1.,0.,-2.22044604925E-16));
#12123 = DIRECTION('',(-4.89414145568E-17,0.975406742757,0.220412536361)
  );
#12124 = ADVANCED_FACE('',(#12125),#12136,.T.);
#12125 = FACE_BOUND('',#12126,.F.);
#12126 = EDGE_LOOP('',(#12127,#12128,#12129,#12135));
#12127 = ORIENTED_EDGE('',*,*,#12092,.T.);
#12128 = ORIENTED_EDGE('',*,*,#5323,.T.);
#12129 = ORIENTED_EDGE('',*,*,#12130,.F.);
#12130 = EDGE_CURVE('',#969,#5324,#12131,.T.);
#12131 = LINE('',#12132,#12133);
#12132 = CARTESIAN_POINT('',(46.,71.581928327016,561.64817032086));
#12133 = VECTOR('',#12134,1.);
#12134 = DIRECTION('',(1.,0.,2.22044604925E-16));
#12135 = ORIENTED_EDGE('',*,*,#968,.F.);
#12136 = CYLINDRICAL_SURFACE('',#12137,73.89696959669);
#12137 = AXIS2_PLACEMENT_3D('',#12138,#12139,#12140);
#12138 = CARTESIAN_POINT('',(46.,8.637617688834E-05,580.00033690956));
#12139 = DIRECTION('',(-1.,0.,-2.22044604925E-16));
#12140 = DIRECTION('',(5.978961899902E-17,0.96306514409,-0.269268505845)
  );
#12141 = ADVANCED_FACE('',(#12142),#12153,.T.);
#12142 = FACE_BOUND('',#12143,.F.);
#12143 = EDGE_LOOP('',(#12144,#12150,#12151,#12152));
#12144 = ORIENTED_EDGE('',*,*,#12145,.T.);
#12145 = EDGE_CURVE('',#3284,#7639,#12146,.T.);
#12146 = LINE('',#12147,#12148);
#12147 = CARTESIAN_POINT('',(46.,-67.79333941454,565.16751806878));
#12148 = VECTOR('',#12149,1.);
#12149 = DIRECTION('',(1.,0.,2.22044604925E-16));
#12150 = ORIENTED_EDGE('',*,*,#7647,.T.);
#12151 = ORIENTED_EDGE('',*,*,#12111,.F.);
#12152 = ORIENTED_EDGE('',*,*,#3292,.F.);
#12153 = CYLINDRICAL_SURFACE('',#12154,69.396969598372);
#12154 = AXIS2_PLACEMENT_3D('',#12155,#12156,#12157);
#12155 = CARTESIAN_POINT('',(46.,1.563748242006E-09,580.00000000034));
#12156 = DIRECTION('',(-1.,0.,-2.22044604925E-16));
#12157 = DIRECTION('',(4.745844969329E-17,-0.976891927824,
    -0.213733856354));
#12158 = ADVANCED_FACE('',(#12159),#12170,.F.);
#12159 = FACE_BOUND('',#12160,.F.);
#12160 = EDGE_LOOP('',(#12161,#12162,#12163,#12169));
#12161 = ORIENTED_EDGE('',*,*,#12130,.T.);
#12162 = ORIENTED_EDGE('',*,*,#5332,.T.);
#12163 = ORIENTED_EDGE('',*,*,#12164,.F.);
#12164 = EDGE_CURVE('',#978,#5333,#12165,.T.);
#12165 = LINE('',#12166,#12167);
#12166 = CARTESIAN_POINT('',(46.,68.097635108703,563.95194233565));
#12167 = VECTOR('',#12168,1.);
#12168 = DIRECTION('',(1.,0.,2.22044604925E-16));
#12169 = ORIENTED_EDGE('',*,*,#977,.F.);
#12170 = SURFACE_OF_LINEAR_EXTRUSION('',#12171,#12177);
#12171 = B_SPLINE_CURVE_WITH_KNOTS('',4,(#12172,#12173,#12174,#12175,
    #12176),.UNSPECIFIED.,.F.,.F.,(5,5),(0.,1.),
  .PIECEWISE_BEZIER_KNOTS.);
#12172 = CARTESIAN_POINT('',(46.,71.581928327016,561.64817032086));
#12173 = CARTESIAN_POINT('',(46.,70.552962383817,562.45492824589));
#12174 = CARTESIAN_POINT('',(46.,69.613899027045,563.09327905506));
#12175 = CARTESIAN_POINT('',(46.,68.789476338427,563.58390661048));
#12176 = CARTESIAN_POINT('',(46.,68.097635108703,563.95194233565));
#12177 = VECTOR('',#12178,1.);
#12178 = DIRECTION('',(-1.,-0.,-2.22044604925E-16));
#12179 = ADVANCED_FACE('',(#12180),#12191,.F.);
#12180 = FACE_BOUND('',#12181,.F.);
#12181 = EDGE_LOOP('',(#12182,#12188,#12189,#12190));
#12182 = ORIENTED_EDGE('',*,*,#12183,.T.);
#12183 = EDGE_CURVE('',#3274,#7629,#12184,.T.);
#12184 = LINE('',#12185,#12186);
#12185 = CARTESIAN_POINT('',(46.,-68.49961921222,565.76517544972));
#12186 = VECTOR('',#12187,1.);
#12187 = DIRECTION('',(1.,0.,2.22044604925E-16));
#12188 = ORIENTED_EDGE('',*,*,#7638,.T.);
#12189 = ORIENTED_EDGE('',*,*,#12145,.F.);
#12190 = ORIENTED_EDGE('',*,*,#3283,.F.);
#12191 = CYLINDRICAL_SURFACE('',#12192,0.76);
#12192 = AXIS2_PLACEMENT_3D('',#12193,#12194,#12195);
#12193 = CARTESIAN_POINT('',(46.,-68.53598792803,565.00604613497));
#12194 = DIRECTION('',(-1.,0.,-2.22044604925E-16));
#12195 = DIRECTION('',(-2.217902220793E-16,4.785357343769E-02,
    0.998854361511));
#12196 = ADVANCED_FACE('',(#12197),#12208,.F.);
#12197 = FACE_BOUND('',#12198,.F.);
#12198 = EDGE_LOOP('',(#12199,#12200,#12201,#12207));
#12199 = ORIENTED_EDGE('',*,*,#12164,.T.);
#12200 = ORIENTED_EDGE('',*,*,#5342,.T.);
#12201 = ORIENTED_EDGE('',*,*,#12202,.F.);
#12202 = EDGE_CURVE('',#988,#5343,#12203,.T.);
#12203 = LINE('',#12204,#12205);
#12204 = CARTESIAN_POINT('',(46.,67.710109151688,564.79209061436));
#12205 = VECTOR('',#12206,1.);
#12206 = DIRECTION('',(1.,0.,2.22044604925E-16));
#12207 = ORIENTED_EDGE('',*,*,#987,.F.);
#12208 = CYLINDRICAL_SURFACE('',#12209,0.76);
#12209 = AXIS2_PLACEMENT_3D('',#12210,#12211,#12212);
#12210 = CARTESIAN_POINT('',(46.,68.451418270484,564.62457706151));
#12211 = DIRECTION('',(-1.,0.,-2.22044604925E-16));
#12212 = DIRECTION('',(1.965196210049E-16,-0.465504160238,
    -0.885045691928));
#12213 = ADVANCED_FACE('',(#12214),#12225,.F.);
#12214 = FACE_BOUND('',#12215,.F.);
#12215 = EDGE_LOOP('',(#12216,#12222,#12223,#12224));
#12216 = ORIENTED_EDGE('',*,*,#12217,.T.);
#12217 = EDGE_CURVE('',#3265,#7620,#12218,.T.);
#12218 = LINE('',#12219,#12220);
#12219 = CARTESIAN_POINT('',(46.,-72.63107741263,566.38057602296));
#12220 = VECTOR('',#12221,1.);
#12221 = DIRECTION('',(1.,0.,2.22044604925E-16));
#12222 = ORIENTED_EDGE('',*,*,#7628,.T.);
#12223 = ORIENTED_EDGE('',*,*,#12183,.F.);
#12224 = ORIENTED_EDGE('',*,*,#3273,.F.);
#12225 = SURFACE_OF_LINEAR_EXTRUSION('',#12226,#12232);
#12226 = B_SPLINE_CURVE_WITH_KNOTS('',4,(#12227,#12228,#12229,#12230,
    #12231),.UNSPECIFIED.,.F.,.F.,(5,5),(0.,1.),
  .PIECEWISE_BEZIER_KNOTS.);
#12227 = CARTESIAN_POINT('',(46.,-72.63107741263,566.38057602296));
#12228 = CARTESIAN_POINT('',(46.,-71.35756693379,566.08426483156));
#12229 = CARTESIAN_POINT('',(46.,-70.23670779167,565.90258784584));
#12230 = CARTESIAN_POINT('',(46.,-69.28217892454,565.80634435544));
#12231 = CARTESIAN_POINT('',(46.,-68.49961921222,565.76517544972));
#12232 = VECTOR('',#12233,1.);
#12233 = DIRECTION('',(-1.,-0.,-2.22044604925E-16));
#12234 = ADVANCED_FACE('',(#12235),#12246,.T.);
#12235 = FACE_BOUND('',#12236,.F.);
#12236 = EDGE_LOOP('',(#12237,#12238,#12239,#12245));
#12237 = ORIENTED_EDGE('',*,*,#12202,.T.);
#12238 = ORIENTED_EDGE('',*,*,#5351,.T.);
#12239 = ORIENTED_EDGE('',*,*,#12240,.F.);
#12240 = EDGE_CURVE('',#997,#5352,#12241,.T.);
#12241 = LINE('',#12242,#12243);
#12242 = CARTESIAN_POINT('',(46.,67.793339414542,565.16751806878));
#12243 = VECTOR('',#12244,1.);
#12244 = DIRECTION('',(1.,0.,2.22044604925E-16));
#12245 = ORIENTED_EDGE('',*,*,#996,.F.);
#12246 = CYLINDRICAL_SURFACE('',#12247,69.396969591852);
#12247 = AXIS2_PLACEMENT_3D('',#12248,#12249,#12250);
#12248 = CARTESIAN_POINT('',(46.,4.801215425232E-09,579.99999999893));
#12249 = DIRECTION('',(-1.,0.,-2.22044604925E-16));
#12250 = DIRECTION('',(4.865967852619E-17,0.975692592128,-0.219143710079
    ));
#12251 = ADVANCED_FACE('',(#12252),#12263,.T.);
#12252 = FACE_BOUND('',#12253,.F.);
#12253 = EDGE_LOOP('',(#12254,#12260,#12261,#12262));
#12254 = ORIENTED_EDGE('',*,*,#12255,.T.);
#12255 = EDGE_CURVE('',#3255,#7610,#12256,.T.);
#12256 = LINE('',#12257,#12258);
#12257 = CARTESIAN_POINT('',(46.,-72.90899371311,567.95675965247));
#12258 = VECTOR('',#12259,1.);
#12259 = DIRECTION('',(1.,0.,2.22044604925E-16));
#12260 = ORIENTED_EDGE('',*,*,#7619,.T.);
#12261 = ORIENTED_EDGE('',*,*,#12217,.F.);
#12262 = ORIENTED_EDGE('',*,*,#3264,.F.);
#12263 = CYLINDRICAL_SURFACE('',#12264,73.896969596812);
#12264 = AXIS2_PLACEMENT_3D('',#12265,#12266,#12267);
#12265 = CARTESIAN_POINT('',(46.,6.410085198638E-05,579.99965815211));
#12266 = DIRECTION('',(-1.,0.,-2.22044604925E-16));
#12267 = DIRECTION('',(3.618633692415E-17,-0.986631227393,
    -0.162968773487));
#12268 = ADVANCED_FACE('',(#12269),#12280,.F.);
#12269 = FACE_BOUND('',#12270,.F.);
#12270 = EDGE_LOOP('',(#12271,#12272,#12273,#12279));
#12271 = ORIENTED_EDGE('',*,*,#12240,.T.);
#12272 = ORIENTED_EDGE('',*,*,#5360,.T.);
#12273 = ORIENTED_EDGE('',*,*,#12274,.F.);
#12274 = EDGE_CURVE('',#1006,#5361,#12275,.T.);
#12275 = LINE('',#12276,#12277);
#12276 = CARTESIAN_POINT('',(46.,68.499618778391,565.76517540393));
#12277 = VECTOR('',#12278,1.);
#12278 = DIRECTION('',(1.,0.,2.22044604925E-16));
#12279 = ORIENTED_EDGE('',*,*,#1005,.F.);
#12280 = CYLINDRICAL_SURFACE('',#12281,0.76);
#12281 = AXIS2_PLACEMENT_3D('',#12282,#12283,#12284);
#12282 = CARTESIAN_POINT('',(46.,68.53598792254,565.00604610971));
#12283 = DIRECTION('',(-1.,0.,-2.22044604925E-16));
#12284 = DIRECTION('',(-4.717628599981E-17,-0.977169089471,
    0.212463104049));
#12285 = ADVANCED_FACE('',(#12286),#12297,.F.);
#12286 = FACE_BOUND('',#12287,.F.);
#12287 = EDGE_LOOP('',(#12288,#12294,#12295,#12296));
#12288 = ORIENTED_EDGE('',*,*,#12289,.T.);
#12289 = EDGE_CURVE('',#3246,#7601,#12290,.T.);
#12290 = LINE('',#12291,#12292);
#12291 = CARTESIAN_POINT('',(46.,-69.23718304126,569.94811019876));
#12292 = VECTOR('',#12293,1.);
#12293 = DIRECTION('',(1.,0.,2.22044604925E-16));
#12294 = ORIENTED_EDGE('',*,*,#7609,.T.);
#12295 = ORIENTED_EDGE('',*,*,#12255,.F.);
#12296 = ORIENTED_EDGE('',*,*,#3254,.F.);
#12297 = SURFACE_OF_LINEAR_EXTRUSION('',#12298,#12304);
#12298 = B_SPLINE_CURVE_WITH_KNOTS('',4,(#12299,#12300,#12301,#12302,
    #12303),.UNSPECIFIED.,.F.,.F.,(5,5),(0.,1.),
  .PIECEWISE_BEZIER_KNOTS.);
#12299 = CARTESIAN_POINT('',(46.,-69.23718304126,569.94811019876));
#12300 = CARTESIAN_POINT('',(46.,-69.95846842522,569.64177270548));
#12301 = CARTESIAN_POINT('',(46.,-70.82251494562,569.2248653078));
#12302 = CARTESIAN_POINT('',(46.,-71.81364082171,568.67078838052));
#12303 = CARTESIAN_POINT('',(46.,-72.90899371311,567.95675965247));
#12304 = VECTOR('',#12305,1.);
#12305 = DIRECTION('',(-1.,-0.,-2.22044604925E-16));
#12306 = ADVANCED_FACE('',(#12307),#12318,.F.);
#12307 = FACE_BOUND('',#12308,.F.);
#12308 = EDGE_LOOP('',(#12309,#12310,#12311,#12317));
#12309 = ORIENTED_EDGE('',*,*,#12274,.T.);
#12310 = ORIENTED_EDGE('',*,*,#5369,.T.);
#12311 = ORIENTED_EDGE('',*,*,#12312,.F.);
#12312 = EDGE_CURVE('',#1015,#5370,#12313,.T.);
#12313 = LINE('',#12314,#12315);
#12314 = CARTESIAN_POINT('',(46.,72.631074170901,566.38059960543));
#12315 = VECTOR('',#12316,1.);
#12316 = DIRECTION('',(1.,0.,2.22044604925E-16));
#12317 = ORIENTED_EDGE('',*,*,#1014,.F.);
#12318 = SURFACE_OF_LINEAR_EXTRUSION('',#12319,#12325);
#12319 = B_SPLINE_CURVE_WITH_KNOTS('',4,(#12320,#12321,#12322,#12323,
    #12324),.UNSPECIFIED.,.F.,.F.,(5,5),(0.,1.),
  .PIECEWISE_BEZIER_KNOTS.);
#12320 = CARTESIAN_POINT('',(46.,68.499618778391,565.76517540393));
#12321 = CARTESIAN_POINT('',(46.,69.282178924541,565.80634435544));
#12322 = CARTESIAN_POINT('',(46.,70.236707791679,565.90258784584));
#12323 = CARTESIAN_POINT('',(46.,71.357566933795,566.08426483156));
#12324 = CARTESIAN_POINT('',(46.,72.631074170901,566.38059960543));
#12325 = VECTOR('',#12326,1.);
#12326 = DIRECTION('',(-1.,-0.,-2.22044604925E-16));
#12327 = ADVANCED_FACE('',(#12328),#12339,.F.);
#12328 = FACE_BOUND('',#12329,.F.);
#12329 = EDGE_LOOP('',(#12330,#12336,#12337,#12338));
#12330 = ORIENTED_EDGE('',*,*,#12331,.T.);
#12331 = EDGE_CURVE('',#3237,#7592,#12332,.T.);
#12332 = LINE('',#12333,#12334);
#12333 = CARTESIAN_POINT('',(46.,-68.77790838226,570.75128615561));
#12334 = VECTOR('',#12335,1.);
#12335 = DIRECTION('',(1.,0.,2.22044604925E-16));
#12336 = ORIENTED_EDGE('',*,*,#7600,.T.);
#12337 = ORIENTED_EDGE('',*,*,#12289,.F.);
#12338 = ORIENTED_EDGE('',*,*,#3245,.F.);
#12339 = CYLINDRICAL_SURFACE('',#12340,0.76);
#12340 = AXIS2_PLACEMENT_3D('',#12341,#12342,#12343);
#12341 = CARTESIAN_POINT('',(46.,-69.53099636765,570.64901941487));
#12342 = DIRECTION('',(-1.,0.,-2.22044604925E-16));
#12343 = DIRECTION('',(-2.987865532094E-17,0.990905243934,0.13456150097)
  );
#12344 = ADVANCED_FACE('',(#12345),#12356,.T.);
#12345 = FACE_BOUND('',#12346,.F.);
#12346 = EDGE_LOOP('',(#12347,#12348,#12349,#12355));
#12347 = ORIENTED_EDGE('',*,*,#12312,.T.);
#12348 = ORIENTED_EDGE('',*,*,#5379,.T.);
#12349 = ORIENTED_EDGE('',*,*,#12350,.F.);
#12350 = EDGE_CURVE('',#1025,#5380,#12351,.T.);
#12351 = LINE('',#12352,#12353);
#12352 = CARTESIAN_POINT('',(46.,72.90900482502,567.95678070401));
#12353 = VECTOR('',#12354,1.);
#12354 = DIRECTION('',(1.,0.,2.22044604925E-16));
#12355 = ORIENTED_EDGE('',*,*,#1024,.F.);
#12356 = CYLINDRICAL_SURFACE('',#12357,73.896969596911);
#12357 = AXIS2_PLACEMENT_3D('',#12358,#12359,#12360);
#12358 = CARTESIAN_POINT('',(46.,5.668366853229E-05,580.00034315573));
#12359 = DIRECTION('',(-1.,0.,-2.22044604925E-16));
#12360 = DIRECTION('',(4.092441939506E-17,0.982868687084,-0.184307199938
    ));
#12361 = ADVANCED_FACE('',(#12362),#12373,.T.);
#12362 = FACE_BOUND('',#12363,.F.);
#12363 = EDGE_LOOP('',(#12364,#12370,#12371,#12372));
#12364 = ORIENTED_EDGE('',*,*,#12365,.T.);
#12365 = EDGE_CURVE('',#3228,#7583,#12366,.T.);
#12366 = LINE('',#12367,#12368);
#12367 = CARTESIAN_POINT('',(46.,-68.8281012702,571.1325389906));
#12368 = VECTOR('',#12369,1.);
#12369 = DIRECTION('',(1.,0.,2.22044604925E-16));
#12370 = ORIENTED_EDGE('',*,*,#7591,.T.);
#12371 = ORIENTED_EDGE('',*,*,#12331,.F.);
#12372 = ORIENTED_EDGE('',*,*,#3236,.F.);
#12373 = CYLINDRICAL_SURFACE('',#12374,69.396969598509);
#12374 = AXIS2_PLACEMENT_3D('',#12375,#12376,#12377);
#12375 = CARTESIAN_POINT('',(46.,1.723435616441E-09,580.00000000022));
#12376 = DIRECTION('',(-1.,0.,-2.22044604925E-16));
#12377 = DIRECTION('',(2.837259159819E-17,-0.991802692108,
    -0.127778792949));
#12378 = ADVANCED_FACE('',(#12379),#12390,.F.);
#12379 = FACE_BOUND('',#12380,.F.);
#12380 = EDGE_LOOP('',(#12381,#12382,#12383,#12389));
#12381 = ORIENTED_EDGE('',*,*,#12350,.T.);
#12382 = ORIENTED_EDGE('',*,*,#5388,.T.);
#12383 = ORIENTED_EDGE('',*,*,#12384,.F.);
#12384 = EDGE_CURVE('',#1034,#5389,#12385,.T.);
#12385 = LINE('',#12386,#12387);
#12386 = CARTESIAN_POINT('',(46.,69.23718343327,569.94811000736));
#12387 = VECTOR('',#12388,1.);
#12388 = DIRECTION('',(1.,0.,2.22044604925E-16));
#12389 = ORIENTED_EDGE('',*,*,#1033,.F.);
#12390 = SURFACE_OF_LINEAR_EXTRUSION('',#12391,#12397);
#12391 = B_SPLINE_CURVE_WITH_KNOTS('',4,(#12392,#12393,#12394,#12395,
    #12396),.UNSPECIFIED.,.F.,.F.,(5,5),(0.,1.),
  .PIECEWISE_BEZIER_KNOTS.);
#12392 = CARTESIAN_POINT('',(46.,72.90900482502,567.95678070401));
#12393 = CARTESIAN_POINT('',(46.,71.813640821716,568.67078838052));
#12394 = CARTESIAN_POINT('',(46.,70.82251494562,569.2248653078));
#12395 = CARTESIAN_POINT('',(46.,69.958468425227,569.64177270548));
#12396 = CARTESIAN_POINT('',(46.,69.23718343327,569.94811000736));
#12397 = VECTOR('',#12398,1.);
#12398 = DIRECTION('',(-1.,-0.,-2.22044604925E-16));
#12399 = ADVANCED_FACE('',(#12400),#12411,.F.);
#12400 = FACE_BOUND('',#12401,.F.);
#12401 = EDGE_LOOP('',(#12402,#12408,#12409,#12410));
#12402 = ORIENTED_EDGE('',*,*,#12403,.T.);
#12403 = EDGE_CURVE('',#3218,#7573,#12404,.T.);
#12404 = LINE('',#12405,#12406);
#12405 = CARTESIAN_POINT('',(46.,-69.47960418708,571.78947844511));
#12406 = VECTOR('',#12407,1.);
#12407 = DIRECTION('',(1.,0.,2.22044604925E-16));
#12408 = ORIENTED_EDGE('',*,*,#7582,.T.);
#12409 = ORIENTED_EDGE('',*,*,#12365,.F.);
#12410 = ORIENTED_EDGE('',*,*,#3227,.F.);
#12411 = CYLINDRICAL_SURFACE('',#12412,0.76);
#12412 = AXIS2_PLACEMENT_3D('',#12413,#12414,#12415);
#12413 = CARTESIAN_POINT('',(46.,-69.58199698821,571.03640758904));
#12414 = DIRECTION('',(-1.,0.,-2.22044604925E-16));
#12415 = DIRECTION('',(-2.200201588402E-16,0.134727369918,0.990882705367
    ));
#12416 = ADVANCED_FACE('',(#12417),#12428,.F.);
#12417 = FACE_BOUND('',#12418,.F.);
#12418 = EDGE_LOOP('',(#12419,#12420,#12421,#12427));
#12419 = ORIENTED_EDGE('',*,*,#12384,.T.);
#12420 = ORIENTED_EDGE('',*,*,#5398,.T.);
#12421 = ORIENTED_EDGE('',*,*,#12422,.F.);
#12422 = EDGE_CURVE('',#1044,#5399,#12423,.T.);
#12423 = LINE('',#12424,#12425);
#12424 = CARTESIAN_POINT('',(46.,68.777908382269,570.75128615561));
#12425 = VECTOR('',#12426,1.);
#12426 = DIRECTION('',(1.,0.,2.22044604925E-16));
#12427 = ORIENTED_EDGE('',*,*,#1043,.F.);
#12428 = CYLINDRICAL_SURFACE('',#12429,0.76);
#12429 = AXIS2_PLACEMENT_3D('',#12430,#12431,#12432);
#12430 = CARTESIAN_POINT('',(46.,69.53099636418,570.64901938925));
#12431 = DIRECTION('',(-1.,0.,-2.22044604925E-16));
#12432 = DIRECTION('',(2.047804563045E-16,-0.386595961723,
    -0.922249186706));
#12433 = ADVANCED_FACE('',(#12434),#12445,.F.);
#12434 = FACE_BOUND('',#12435,.F.);
#12435 = EDGE_LOOP('',(#12436,#12442,#12443,#12444));
#12436 = ORIENTED_EDGE('',*,*,#12437,.T.);
#12437 = EDGE_CURVE('',#3209,#7564,#12438,.T.);
#12438 = LINE('',#12439,#12440);
#12439 = CARTESIAN_POINT('',(46.,-73.54170524766,572.76261754146));
#12440 = VECTOR('',#12441,1.);
#12441 = DIRECTION('',(1.,0.,2.22044604925E-16));
#12442 = ORIENTED_EDGE('',*,*,#7572,.T.);
#12443 = ORIENTED_EDGE('',*,*,#12403,.F.);
#12444 = ORIENTED_EDGE('',*,*,#3217,.F.);
#12445 = SURFACE_OF_LINEAR_EXTRUSION('',#12446,#12452);
#12446 = B_SPLINE_CURVE_WITH_KNOTS('',4,(#12447,#12448,#12449,#12450,
    #12451),.UNSPECIFIED.,.F.,.F.,(5,5),(0.,1.),
  .PIECEWISE_BEZIER_KNOTS.);
#12447 = CARTESIAN_POINT('',(46.,-73.54170524766,572.76261754146));
#12448 = CARTESIAN_POINT('',(46.,-72.29886608265,572.35644015193));
#12449 = CARTESIAN_POINT('',(46.,-71.1981063406,572.07776519095));
#12450 = CARTESIAN_POINT('',(46.,-70.25559791687,571.89869526369));
#12451 = CARTESIAN_POINT('',(46.,-69.47960418708,571.78947844511));
#12452 = VECTOR('',#12453,1.);
#12453 = DIRECTION('',(-1.,-0.,-2.22044604925E-16));
#12454 = ADVANCED_FACE('',(#12455),#12466,.T.);
#12455 = FACE_BOUND('',#12456,.F.);
#12456 = EDGE_LOOP('',(#12457,#12458,#12459,#12465));
#12457 = ORIENTED_EDGE('',*,*,#12422,.T.);
#12458 = ORIENTED_EDGE('',*,*,#5407,.T.);
#12459 = ORIENTED_EDGE('',*,*,#12460,.F.);
#12460 = EDGE_CURVE('',#1053,#5408,#12461,.T.);
#12461 = LINE('',#12462,#12463);
#12462 = CARTESIAN_POINT('',(46.,68.828101270207,571.1325389906));
#12463 = VECTOR('',#12464,1.);
#12464 = DIRECTION('',(1.,0.,2.22044604925E-16));
#12465 = ORIENTED_EDGE('',*,*,#1052,.F.);
#12466 = CYLINDRICAL_SURFACE('',#12467,69.396969596674);
#12467 = AXIS2_PLACEMENT_3D('',#12468,#12469,#12470);
#12468 = CARTESIAN_POINT('',(46.,9.552536539559E-11,579.99999999998));
#12469 = DIRECTION('',(-1.,0.,-2.22044604925E-16));
#12470 = DIRECTION('',(2.959245949173E-17,0.991079420065,-0.13327258954)
  );
#12471 = ADVANCED_FACE('',(#12472),#12483,.T.);
#12472 = FACE_BOUND('',#12473,.F.);
#12473 = EDGE_LOOP('',(#12474,#12480,#12481,#12482));
#12474 = ORIENTED_EDGE('',*,*,#12475,.T.);
#12475 = EDGE_CURVE('',#3199,#7554,#12476,.T.);
#12476 = LINE('',#12477,#12478);
#12477 = CARTESIAN_POINT('',(46.,-73.68119053778,574.357025318));
#12478 = VECTOR('',#12479,1.);
#12479 = DIRECTION('',(1.,0.,2.22044604925E-16));
#12480 = ORIENTED_EDGE('',*,*,#7563,.T.);
#12481 = ORIENTED_EDGE('',*,*,#12437,.F.);
#12482 = ORIENTED_EDGE('',*,*,#3208,.F.);
#12483 = CYLINDRICAL_SURFACE('',#12484,73.896969596649);
#12484 = AXIS2_PLACEMENT_3D('',#12485,#12486,#12487);
#12485 = CARTESIAN_POINT('',(46.,3.406275902762E-05,579.99965386617));
#12486 = DIRECTION('',(-1.,0.,-2.22044604925E-16));
#12487 = DIRECTION('',(1.695489319192E-17,-0.997080462199,
    -7.635805066123E-02));
#12488 = ADVANCED_FACE('',(#12489),#12500,.F.);
#12489 = FACE_BOUND('',#12490,.F.);
#12490 = EDGE_LOOP('',(#12491,#12492,#12493,#12499));
#12491 = ORIENTED_EDGE('',*,*,#12460,.T.);
#12492 = ORIENTED_EDGE('',*,*,#5416,.T.);
#12493 = ORIENTED_EDGE('',*,*,#12494,.F.);
#12494 = EDGE_CURVE('',#1062,#5417,#12495,.T.);
#12495 = LINE('',#12496,#12497);
#12496 = CARTESIAN_POINT('',(46.,69.479603758891,571.78947836169));
#12497 = VECTOR('',#12498,1.);
#12498 = DIRECTION('',(1.,0.,2.22044604925E-16));
#12499 = ORIENTED_EDGE('',*,*,#1061,.F.);
#12500 = CYLINDRICAL_SURFACE('',#12501,0.76);
#12501 = AXIS2_PLACEMENT_3D('',#12502,#12503,#12504);
#12502 = CARTESIAN_POINT('',(46.,69.581996984947,571.03640756339));
#12503 = DIRECTION('',(-1.,0.,-2.22044604925E-16));
#12504 = DIRECTION('',(-2.808613786238E-17,-0.99196804571,0.126488720011
    ));
#12505 = ADVANCED_FACE('',(#12506),#12517,.F.);
#12506 = FACE_BOUND('',#12507,.F.);
#12507 = EDGE_LOOP('',(#12508,#12514,#12515,#12516));
#12508 = ORIENTED_EDGE('',*,*,#12509,.T.);
#12509 = EDGE_CURVE('',#3190,#7545,#12510,.T.);
#12510 = LINE('',#12511,#12512);
#12511 = CARTESIAN_POINT('',(46.,-69.84979457815,576.02077878792));
#12512 = VECTOR('',#12513,1.);
#12513 = DIRECTION('',(1.,0.,2.22044604925E-16));
#12514 = ORIENTED_EDGE('',*,*,#7553,.T.);
#12515 = ORIENTED_EDGE('',*,*,#12475,.F.);
#12516 = ORIENTED_EDGE('',*,*,#3198,.F.);
#12517 = SURFACE_OF_LINEAR_EXTRUSION('',#12518,#12524);
#12518 = B_SPLINE_CURVE_WITH_KNOTS('',4,(#12519,#12520,#12521,#12522,
    #12523),.UNSPECIFIED.,.F.,.F.,(5,5),(0.,1.),
  .PIECEWISE_BEZIER_KNOTS.);
#12519 = CARTESIAN_POINT('',(46.,-69.84979457815,576.02077878792));
#12520 = CARTESIAN_POINT('',(46.,-70.59503432523,575.77847116466));
#12521 = CARTESIAN_POINT('',(46.,-71.49212876165,575.43845684174));
#12522 = CARTESIAN_POINT('',(46.,-72.52777409069,574.97287065635));
#12523 = CARTESIAN_POINT('',(46.,-73.68119053778,574.357025318));
#12524 = VECTOR('',#12525,1.);
#12525 = DIRECTION('',(-1.,-0.,-2.22044604925E-16));
#12526 = ADVANCED_FACE('',(#12527),#12538,.F.);
#12527 = FACE_BOUND('',#12528,.F.);
#12528 = EDGE_LOOP('',(#12529,#12530,#12531,#12537));
#12529 = ORIENTED_EDGE('',*,*,#12494,.T.);
#12530 = ORIENTED_EDGE('',*,*,#5425,.T.);
#12531 = ORIENTED_EDGE('',*,*,#12532,.F.);
#12532 = EDGE_CURVE('',#1071,#5426,#12533,.T.);
#12533 = LINE('',#12534,#12535);
#12534 = CARTESIAN_POINT('',(46.,73.541699962927,572.76264075166));
#12535 = VECTOR('',#12536,1.);
#12536 = DIRECTION('',(1.,0.,2.22044604925E-16));
#12537 = ORIENTED_EDGE('',*,*,#1070,.F.);
#12538 = SURFACE_OF_LINEAR_EXTRUSION('',#12539,#12545);
#12539 = B_SPLINE_CURVE_WITH_KNOTS('',4,(#12540,#12541,#12542,#12543,
    #12544),.UNSPECIFIED.,.F.,.F.,(5,5),(0.,1.),
  .PIECEWISE_BEZIER_KNOTS.);
#12540 = CARTESIAN_POINT('',(46.,69.479603758891,571.78947836169));
#12541 = CARTESIAN_POINT('',(46.,70.255597916877,571.89869526369));
#12542 = CARTESIAN_POINT('',(46.,71.198106340604,572.07776519095));
#12543 = CARTESIAN_POINT('',(46.,72.298866082659,572.35644015193));
#12544 = CARTESIAN_POINT('',(46.,73.541699962927,572.76264075166));
#12545 = VECTOR('',#12546,1.);
#12546 = DIRECTION('',(-1.,-0.,-2.22044604925E-16));
#12547 = ADVANCED_FACE('',(#12548),#12559,.F.);
#12548 = FACE_BOUND('',#12549,.F.);
#12549 = EDGE_LOOP('',(#12550,#12556,#12557,#12558));
#12550 = ORIENTED_EDGE('',*,*,#12551,.T.);
#12551 = EDGE_CURVE('',#3181,#7536,#12552,.T.);
#12552 = LINE('',#12553,#12554);
#12553 = CARTESIAN_POINT('',(46.,-69.32226620082,576.78086999374));
#12554 = VECTOR('',#12555,1.);
#12555 = DIRECTION('',(1.,0.,2.22044604925E-16));
#12556 = ORIENTED_EDGE('',*,*,#7544,.T.);
#12557 = ORIENTED_EDGE('',*,*,#12509,.F.);
#12558 = ORIENTED_EDGE('',*,*,#3189,.F.);
#12559 = CYLINDRICAL_SURFACE('',#12560,0.76);
#12560 = AXIS2_PLACEMENT_3D('',#12561,#12562,#12563);
#12561 = CARTESIAN_POINT('',(46.,-70.08140159281,576.74462835154));
#12562 = DIRECTION('',(-1.,0.,-2.22044604925E-16));
#12563 = DIRECTION('',(-1.058850147687E-17,0.998862357881,
    4.768637130563E-02));
#12564 = ADVANCED_FACE('',(#12565),#12576,.T.);
#12565 = FACE_BOUND('',#12566,.F.);
#12566 = EDGE_LOOP('',(#12567,#12568,#12569,#12575));
#12567 = ORIENTED_EDGE('',*,*,#12532,.T.);
#12568 = ORIENTED_EDGE('',*,*,#5435,.T.);
#12569 = ORIENTED_EDGE('',*,*,#12570,.F.);
#12570 = EDGE_CURVE('',#1081,#5436,#12571,.T.);
#12571 = LINE('',#12572,#12573);
#12572 = CARTESIAN_POINT('',(46.,73.681199772645,574.35704725789));
#12573 = VECTOR('',#12574,1.);
#12574 = DIRECTION('',(1.,0.,2.22044604925E-16));
#12575 = ORIENTED_EDGE('',*,*,#1080,.F.);
#12576 = CYLINDRICAL_SURFACE('',#12577,73.896969596908);
#12577 = AXIS2_PLACEMENT_3D('',#12578,#12579,#12580);
#12578 = CARTESIAN_POINT('',(46.,2.655997992207E-05,580.00034679023));
#12579 = DIRECTION('',(-1.,0.,-2.22044604925E-16));
#12580 = DIRECTION('',(2.174776024868E-17,0.995192005898,
    -9.794320495208E-02));
#12581 = ADVANCED_FACE('',(#12582),#12593,.T.);
#12582 = FACE_BOUND('',#12583,.F.);
#12583 = EDGE_LOOP('',(#12584,#12590,#12591,#12592));
#12584 = ORIENTED_EDGE('',*,*,#12585,.T.);
#12585 = EDGE_CURVE('',#3172,#7527,#12586,.T.);
#12586 = LINE('',#12587,#12588);
#12587 = CARTESIAN_POINT('',(46.,-69.33903971566,577.16504664502));
#12588 = VECTOR('',#12589,1.);
#12589 = DIRECTION('',(1.,0.,2.22044604925E-16));
#12590 = ORIENTED_EDGE('',*,*,#7535,.T.);
#12591 = ORIENTED_EDGE('',*,*,#12551,.F.);
#12592 = ORIENTED_EDGE('',*,*,#3180,.F.);
#12593 = CYLINDRICAL_SURFACE('',#12594,69.396969590876);
#12594 = AXIS2_PLACEMENT_3D('',#12595,#12596,#12597);
#12595 = CARTESIAN_POINT('',(46.,-5.889020826544E-09,579.99999999974));
#12596 = DIRECTION('',(-1.,0.,-2.22044604925E-16));
#12597 = DIRECTION('',(9.070800949118E-18,-0.999165239038,
    -4.08512557744E-02));
#12598 = ADVANCED_FACE('',(#12599),#12610,.F.);
#12599 = FACE_BOUND('',#12600,.F.);
#12600 = EDGE_LOOP('',(#12601,#12602,#12603,#12609));
#12601 = ORIENTED_EDGE('',*,*,#12570,.T.);
#12602 = ORIENTED_EDGE('',*,*,#5444,.T.);
#12603 = ORIENTED_EDGE('',*,*,#12604,.F.);
#12604 = EDGE_CURVE('',#1090,#5445,#12605,.T.);
#12605 = LINE('',#12606,#12607);
#12606 = CARTESIAN_POINT('',(46.,69.849794985356,576.02077863141));
#12607 = VECTOR('',#12608,1.);
#12608 = DIRECTION('',(1.,0.,2.22044604925E-16));
#12609 = ORIENTED_EDGE('',*,*,#1089,.F.);
#12610 = SURFACE_OF_LINEAR_EXTRUSION('',#12611,#12617);
#12611 = B_SPLINE_CURVE_WITH_KNOTS('',4,(#12612,#12613,#12614,#12615,
    #12616),.UNSPECIFIED.,.F.,.F.,(5,5),(0.,1.),
  .PIECEWISE_BEZIER_KNOTS.);
#12612 = CARTESIAN_POINT('',(46.,73.681199772645,574.35704725789));
#12613 = CARTESIAN_POINT('',(46.,72.527774090699,574.97287065635));
#12614 = CARTESIAN_POINT('',(46.,71.492128761655,575.43845684174));
#12615 = CARTESIAN_POINT('',(46.,70.595034325233,575.77847116466));
#12616 = CARTESIAN_POINT('',(46.,69.849794985356,576.02077863141));
#12617 = VECTOR('',#12618,1.);
#12618 = DIRECTION('',(-1.,-0.,-2.22044604925E-16));
#12619 = ADVANCED_FACE('',(#12620),#12631,.F.);
#12620 = FACE_BOUND('',#12621,.F.);
#12621 = EDGE_LOOP('',(#12622,#12628,#12629,#12630));
#12622 = ORIENTED_EDGE('',*,*,#12623,.T.);
#12623 = EDGE_CURVE('',#3162,#7517,#12624,.T.);
#12624 = LINE('',#12625,#12626);
#12625 = CARTESIAN_POINT('',(46.,-69.93080742114,577.87626846719));
#12626 = VECTOR('',#12627,1.);
#12627 = DIRECTION('',(1.,0.,2.22044604925E-16));
#12628 = ORIENTED_EDGE('',*,*,#7526,.T.);
#12629 = ORIENTED_EDGE('',*,*,#12585,.F.);
#12630 = ORIENTED_EDGE('',*,*,#3171,.F.);
#12631 = CYLINDRICAL_SURFACE('',#12632,0.76);
#12632 = AXIS2_PLACEMENT_3D('',#12633,#12634,#12635);
#12633 = CARTESIAN_POINT('',(46.,-70.09844503656,577.13498739372));
#12634 = DIRECTION('',(-1.,0.,-2.22044604925E-16));
#12635 = DIRECTION('',(-2.165756093405E-16,0.220575809762,0.975369833524
    ));
#12636 = ADVANCED_FACE('',(#12637),#12648,.F.);
#12637 = FACE_BOUND('',#12638,.F.);
#12638 = EDGE_LOOP('',(#12639,#12640,#12641,#12647));
#12639 = ORIENTED_EDGE('',*,*,#12604,.T.);
#12640 = ORIENTED_EDGE('',*,*,#5454,.T.);
#12641 = ORIENTED_EDGE('',*,*,#12642,.F.);
#12642 = EDGE_CURVE('',#1100,#5455,#12643,.T.);
#12643 = LINE('',#12644,#12645);
#12644 = CARTESIAN_POINT('',(46.,69.322266200824,576.78086999374));
#12645 = VECTOR('',#12646,1.);
#12646 = DIRECTION('',(1.,0.,2.22044604925E-16));
#12647 = ORIENTED_EDGE('',*,*,#1099,.F.);
#12648 = CYLINDRICAL_SURFACE('',#12649,0.76);
#12649 = AXIS2_PLACEMENT_3D('',#12650,#12651,#12652);
#12650 = CARTESIAN_POINT('',(46.,70.081401591581,576.74462832572));
#12651 = DIRECTION('',(-1.,0.,-2.22044604925E-16));
#12652 = DIRECTION('',(2.114827886819E-16,-0.304745534506,
    -0.952433808303));
#12653 = ADVANCED_FACE('',(#12654),#12665,.F.);
#12654 = FACE_BOUND('',#12655,.F.);
#12655 = EDGE_LOOP('',(#12656,#12662,#12663,#12664));
#12656 = ORIENTED_EDGE('',*,*,#12657,.T.);
#12657 = EDGE_CURVE('',#3153,#7508,#12658,.T.);
#12658 = LINE('',#12659,#12660);
#12659 = CARTESIAN_POINT('',(46.,-73.89263630007,579.19973991053));
#12660 = VECTOR('',#12661,1.);
#12661 = DIRECTION('',(1.,0.,2.22044604925E-16));
#12662 = ORIENTED_EDGE('',*,*,#7516,.T.);
#12663 = ORIENTED_EDGE('',*,*,#12623,.F.);
#12664 = ORIENTED_EDGE('',*,*,#3161,.F.);
#12665 = SURFACE_OF_LINEAR_EXTRUSION('',#12666,#12672);
#12666 = B_SPLINE_CURVE_WITH_KNOTS('',4,(#12667,#12668,#12669,#12670,
    #12671),.UNSPECIFIED.,.F.,.F.,(5,5),(0.,1.),
  .PIECEWISE_BEZIER_KNOTS.);
#12667 = CARTESIAN_POINT('',(46.,-73.89263630007,579.19973991053));
#12668 = CARTESIAN_POINT('',(46.,-72.68992720538,578.68678757805));
#12669 = CARTESIAN_POINT('',(46.,-71.61764430968,578.31323552653));
#12670 = CARTESIAN_POINT('',(46.,-70.69432938757,578.05270199269));
#12671 = CARTESIAN_POINT('',(46.,-69.93080742114,577.87626846719));
#12672 = VECTOR('',#12673,1.);
#12673 = DIRECTION('',(-1.,-0.,-2.22044604925E-16));
#12674 = ADVANCED_FACE('',(#12675),#12686,.T.);
#12675 = FACE_BOUND('',#12676,.F.);
#12676 = EDGE_LOOP('',(#12677,#12678,#12679,#12685));
#12677 = ORIENTED_EDGE('',*,*,#12642,.T.);
#12678 = ORIENTED_EDGE('',*,*,#5463,.T.);
#12679 = ORIENTED_EDGE('',*,*,#12680,.F.);
#12680 = EDGE_CURVE('',#1109,#5464,#12681,.T.);
#12681 = LINE('',#12682,#12683);
#12682 = CARTESIAN_POINT('',(46.,69.339039715662,577.16504664502));
#12683 = VECTOR('',#12684,1.);
#12684 = DIRECTION('',(1.,0.,2.22044604925E-16));
#12685 = ORIENTED_EDGE('',*,*,#1108,.F.);
#12686 = CYLINDRICAL_SURFACE('',#12687,69.396969597519);
#12687 = AXIS2_PLACEMENT_3D('',#12688,#12689,#12690);
#12688 = CARTESIAN_POINT('',(46.,-7.483791364393E-10,580.00000000003));
#12689 = DIRECTION('',(-1.,0.,-2.22044604925E-16));
#12690 = DIRECTION('',(1.030002397215E-17,0.998923535186,
    -4.638718412286E-02));
#12691 = ADVANCED_FACE('',(#12692),#12703,.T.);
#12692 = FACE_BOUND('',#12693,.F.);
#12693 = EDGE_LOOP('',(#12694,#12700,#12701,#12702));
#12694 = ORIENTED_EDGE('',*,*,#12695,.T.);
#12695 = EDGE_CURVE('',#3143,#7498,#12696,.T.);
#12696 = LINE('',#12697,#12698);
#12697 = CARTESIAN_POINT('',(46.,-73.89262901254,580.80023742818));
#12698 = VECTOR('',#12699,1.);
#12699 = DIRECTION('',(1.,0.,2.22044604925E-16));
#12700 = ORIENTED_EDGE('',*,*,#7507,.T.);
#12701 = ORIENTED_EDGE('',*,*,#12657,.F.);
#12702 = ORIENTED_EDGE('',*,*,#3152,.F.);
#12703 = CYLINDRICAL_SURFACE('',#12704,73.896969596669);
#12704 = AXIS2_PLACEMENT_3D('',#12705,#12706,#12707);
#12705 = CARTESIAN_POINT('',(46.,3.765609314144E-06,579.99965221455));
#12706 = DIRECTION('',(-1.,-0.,-2.22044604925E-16));
#12707 = DIRECTION('',(-2.405587515144E-18,-0.999941312634,
    1.083380303681E-02));
#12708 = ADVANCED_FACE('',(#12709),#12720,.F.);
#12709 = FACE_BOUND('',#12710,.F.);
#12710 = EDGE_LOOP('',(#12711,#12712,#12713,#12719));
#12711 = ORIENTED_EDGE('',*,*,#12680,.T.);
#12712 = ORIENTED_EDGE('',*,*,#5472,.T.);
#12713 = ORIENTED_EDGE('',*,*,#12714,.F.);
#12714 = EDGE_CURVE('',#1118,#5473,#12715,.T.);
#12715 = LINE('',#12716,#12717);
#12716 = CARTESIAN_POINT('',(46.,69.930807001855,577.87626834677));
#12717 = VECTOR('',#12718,1.);
#12718 = DIRECTION('',(1.,0.,2.22044604925E-16));
#12719 = ORIENTED_EDGE('',*,*,#1117,.F.);
#12720 = CYLINDRICAL_SURFACE('',#12721,0.76);
#12721 = AXIS2_PLACEMENT_3D('',#12722,#12723,#12724);
#12722 = CARTESIAN_POINT('',(46.,70.09844503554,577.13498736788));
#12723 = DIRECTION('',(-1.,0.,-2.22044604925E-16));
#12724 = DIRECTION('',(-8.782237256942E-18,-0.999217526155,
    3.955168043785E-02));
#12725 = ADVANCED_FACE('',(#12726),#12737,.F.);
#12726 = FACE_BOUND('',#12727,.F.);
#12727 = EDGE_LOOP('',(#12728,#12734,#12735,#12736));
#12728 = ORIENTED_EDGE('',*,*,#12729,.T.);
#12729 = EDGE_CURVE('',#3134,#7489,#12730,.T.);
#12730 = LINE('',#12731,#12732);
#12731 = CARTESIAN_POINT('',(46.,-69.93080700185,582.12373165322));
#12732 = VECTOR('',#12733,1.);
#12733 = DIRECTION('',(1.,0.,2.22044604925E-16));
#12734 = ORIENTED_EDGE('',*,*,#7497,.T.);
#12735 = ORIENTED_EDGE('',*,*,#12695,.F.);
#12736 = ORIENTED_EDGE('',*,*,#3142,.F.);
#12737 = SURFACE_OF_LINEAR_EXTRUSION('',#12738,#12744);
#12738 = B_SPLINE_CURVE_WITH_KNOTS('',4,(#12739,#12740,#12741,#12742,
    #12743),.UNSPECIFIED.,.F.,.F.,(5,5),(0.,1.),
  .PIECEWISE_BEZIER_KNOTS.);
#12739 = CARTESIAN_POINT('',(46.,-69.93080700185,582.12373165322));
#12740 = CARTESIAN_POINT('',(46.,-70.69432938757,581.9472980073));
#12741 = CARTESIAN_POINT('',(46.,-71.61764430968,581.68676447346));
#12742 = CARTESIAN_POINT('',(46.,-72.68992720538,581.31321242194));
#12743 = CARTESIAN_POINT('',(46.,-73.89262901254,580.80023742818));
#12744 = VECTOR('',#12745,1.);
#12745 = DIRECTION('',(-1.,-0.,-2.22044604925E-16));
#12746 = ADVANCED_FACE('',(#12747),#12758,.F.);
#12747 = FACE_BOUND('',#12748,.F.);
#12748 = EDGE_LOOP('',(#12749,#12750,#12751,#12757));
#12749 = ORIENTED_EDGE('',*,*,#12714,.T.);
#12750 = ORIENTED_EDGE('',*,*,#5481,.T.);
#12751 = ORIENTED_EDGE('',*,*,#12752,.F.);
#12752 = EDGE_CURVE('',#1127,#5482,#12753,.T.);
#12753 = LINE('',#12754,#12755);
#12754 = CARTESIAN_POINT('',(46.,73.892629012542,579.19976257181));
#12755 = VECTOR('',#12756,1.);
#12756 = DIRECTION('',(1.,0.,2.22044604925E-16));
#12757 = ORIENTED_EDGE('',*,*,#1126,.F.);
#12758 = SURFACE_OF_LINEAR_EXTRUSION('',#12759,#12765);
#12759 = B_SPLINE_CURVE_WITH_KNOTS('',4,(#12760,#12761,#12762,#12763,
    #12764),.UNSPECIFIED.,.F.,.F.,(5,5),(0.,1.),
  .PIECEWISE_BEZIER_KNOTS.);
#12760 = CARTESIAN_POINT('',(46.,69.930807001855,577.87626834677));
#12761 = CARTESIAN_POINT('',(46.,70.694329387577,578.05270199269));
#12762 = CARTESIAN_POINT('',(46.,71.617644309686,578.31323552653));
#12763 = CARTESIAN_POINT('',(46.,72.689927205384,578.68678757805));
#12764 = CARTESIAN_POINT('',(46.,73.892629012542,579.19976257181));
#12765 = VECTOR('',#12766,1.);
#12766 = DIRECTION('',(-1.,-0.,-2.22044604925E-16));
#12767 = ADVANCED_FACE('',(#12768),#12779,.F.);
#12768 = FACE_BOUND('',#12769,.F.);
#12769 = EDGE_LOOP('',(#12770,#12776,#12777,#12778));
#12770 = ORIENTED_EDGE('',*,*,#12771,.T.);
#12771 = EDGE_CURVE('',#3125,#7480,#12772,.T.);
#12772 = LINE('',#12773,#12774);
#12773 = CARTESIAN_POINT('',(46.,-69.33903971566,582.83495335498));
#12774 = VECTOR('',#12775,1.);
#12775 = DIRECTION('',(1.,0.,2.22044604925E-16));
#12776 = ORIENTED_EDGE('',*,*,#7488,.T.);
#12777 = ORIENTED_EDGE('',*,*,#12729,.F.);
#12778 = ORIENTED_EDGE('',*,*,#3133,.F.);
#12779 = CYLINDRICAL_SURFACE('',#12780,0.76);
#12780 = AXIS2_PLACEMENT_3D('',#12781,#12782,#12783);
#12781 = CARTESIAN_POINT('',(46.,-70.09844503554,582.86501263211));
#12782 = DIRECTION('',(-1.,0.,-2.22044604925E-16));
#12783 = DIRECTION('',(8.782237256955E-18,0.999217526155,
    -3.95516804379E-02));
#12784 = ADVANCED_FACE('',(#12785),#12796,.T.);
#12785 = FACE_BOUND('',#12786,.F.);
#12786 = EDGE_LOOP('',(#12787,#12788,#12789,#12795));
#12787 = ORIENTED_EDGE('',*,*,#12752,.T.);
#12788 = ORIENTED_EDGE('',*,*,#5491,.T.);
#12789 = ORIENTED_EDGE('',*,*,#12790,.F.);
#12790 = EDGE_CURVE('',#1137,#5492,#12791,.T.);
#12791 = LINE('',#12792,#12793);
#12792 = CARTESIAN_POINT('',(46.,73.892636300075,580.80026008946));
#12793 = VECTOR('',#12794,1.);
#12794 = DIRECTION('',(1.,0.,2.22044604925E-16));
#12795 = ORIENTED_EDGE('',*,*,#1136,.F.);
#12796 = CYLINDRICAL_SURFACE('',#12797,73.896969596669);
#12797 = AXIS2_PLACEMENT_3D('',#12798,#12799,#12800);
#12798 = CARTESIAN_POINT('',(46.,-3.765609314144E-06,580.00034778544));
#12799 = DIRECTION('',(-1.,0.,-2.22044604925E-16));
#12800 = DIRECTION('',(2.405587515144E-18,0.999941312634,
    -1.083380303681E-02));
#12801 = ADVANCED_FACE('',(#12802),#12813,.T.);
#12802 = FACE_BOUND('',#12803,.F.);
#12803 = EDGE_LOOP('',(#12804,#12810,#12811,#12812));
#12804 = ORIENTED_EDGE('',*,*,#12805,.T.);
#12805 = EDGE_CURVE('',#3116,#7471,#12806,.T.);
#12806 = LINE('',#12807,#12808);
#12807 = CARTESIAN_POINT('',(46.,-69.32226620082,583.21913000625));
#12808 = VECTOR('',#12809,1.);
#12809 = DIRECTION('',(1.,0.,2.22044604925E-16));
#12810 = ORIENTED_EDGE('',*,*,#7479,.T.);
#12811 = ORIENTED_EDGE('',*,*,#12771,.F.);
#12812 = ORIENTED_EDGE('',*,*,#3124,.F.);
#12813 = CYLINDRICAL_SURFACE('',#12814,69.396969597519);
#12814 = AXIS2_PLACEMENT_3D('',#12815,#12816,#12817);
#12815 = CARTESIAN_POINT('',(46.,7.483791364393E-10,579.99999999997));
#12816 = DIRECTION('',(-1.,-0.,-2.22044604925E-16));
#12817 = DIRECTION('',(-1.030002397215E-17,-0.998923535186,
    4.638718412286E-02));
#12818 = ADVANCED_FACE('',(#12819),#12830,.F.);
#12819 = FACE_BOUND('',#12820,.F.);
#12820 = EDGE_LOOP('',(#12821,#12822,#12823,#12829));
#12821 = ORIENTED_EDGE('',*,*,#12790,.T.);
#12822 = ORIENTED_EDGE('',*,*,#5500,.T.);
#12823 = ORIENTED_EDGE('',*,*,#12824,.F.);
#12824 = EDGE_CURVE('',#1146,#5501,#12825,.T.);
#12825 = LINE('',#12826,#12827);
#12826 = CARTESIAN_POINT('',(46.,69.930807421143,582.1237315328));
#12827 = VECTOR('',#12828,1.);
#12828 = DIRECTION('',(1.,0.,2.22044604925E-16));
#12829 = ORIENTED_EDGE('',*,*,#1145,.F.);
#12830 = SURFACE_OF_LINEAR_EXTRUSION('',#12831,#12837);
#12831 = B_SPLINE_CURVE_WITH_KNOTS('',4,(#12832,#12833,#12834,#12835,
    #12836),.UNSPECIFIED.,.F.,.F.,(5,5),(0.,1.),
  .PIECEWISE_BEZIER_KNOTS.);
#12832 = CARTESIAN_POINT('',(46.,73.892636300075,580.80026008946));
#12833 = CARTESIAN_POINT('',(46.,72.689927205384,581.31321242194));
#12834 = CARTESIAN_POINT('',(46.,71.617644309686,581.68676447346));
#12835 = CARTESIAN_POINT('',(46.,70.694329387577,581.9472980073));
#12836 = CARTESIAN_POINT('',(46.,69.930807421143,582.1237315328));
#12837 = VECTOR('',#12838,1.);
#12838 = DIRECTION('',(-1.,-0.,-2.22044604925E-16));
#12839 = ADVANCED_FACE('',(#12840),#12851,.F.);
#12840 = FACE_BOUND('',#12841,.F.);
#12841 = EDGE_LOOP('',(#12842,#12848,#12849,#12850));
#12842 = ORIENTED_EDGE('',*,*,#12843,.T.);
#12843 = EDGE_CURVE('',#3106,#7461,#12844,.T.);
#12844 = LINE('',#12845,#12846);
#12845 = CARTESIAN_POINT('',(46.,-69.84979498535,583.97922136858));
#12846 = VECTOR('',#12847,1.);
#12847 = DIRECTION('',(1.,0.,2.22044604925E-16));
#12848 = ORIENTED_EDGE('',*,*,#7470,.T.);
#12849 = ORIENTED_EDGE('',*,*,#12805,.F.);
#12850 = ORIENTED_EDGE('',*,*,#3115,.F.);
#12851 = CYLINDRICAL_SURFACE('',#12852,0.76);
#12852 = AXIS2_PLACEMENT_3D('',#12853,#12854,#12855);
#12853 = CARTESIAN_POINT('',(46.,-70.08140159158,583.25537167427));
#12854 = DIRECTION('',(-1.,0.,-2.22044604925E-16));
#12855 = DIRECTION('',(-2.114827886819E-16,0.304745534506,0.952433808303
    ));
#12856 = ADVANCED_FACE('',(#12857),#12868,.F.);
#12857 = FACE_BOUND('',#12858,.F.);
#12858 = EDGE_LOOP('',(#12859,#12860,#12861,#12867));
#12859 = ORIENTED_EDGE('',*,*,#12824,.T.);
#12860 = ORIENTED_EDGE('',*,*,#5510,.T.);
#12861 = ORIENTED_EDGE('',*,*,#12862,.F.);
#12862 = EDGE_CURVE('',#1156,#5511,#12863,.T.);
#12863 = LINE('',#12864,#12865);
#12864 = CARTESIAN_POINT('',(46.,69.339039715662,582.83495335498));
#12865 = VECTOR('',#12866,1.);
#12866 = DIRECTION('',(1.,0.,2.22044604925E-16));
#12867 = ORIENTED_EDGE('',*,*,#1155,.F.);
#12868 = CYLINDRICAL_SURFACE('',#12869,0.76);
#12869 = AXIS2_PLACEMENT_3D('',#12870,#12871,#12872);
#12870 = CARTESIAN_POINT('',(46.,70.098445036562,582.86501260628));
#12871 = DIRECTION('',(-1.,0.,-2.22044604925E-16));
#12872 = DIRECTION('',(2.165756093405E-16,-0.220575809762,
    -0.975369833524));
#12873 = ADVANCED_FACE('',(#12874),#12885,.F.);
#12874 = FACE_BOUND('',#12875,.F.);
#12875 = EDGE_LOOP('',(#12876,#12882,#12883,#12884));
#12876 = ORIENTED_EDGE('',*,*,#12877,.T.);
#12877 = EDGE_CURVE('',#3097,#7452,#12878,.T.);
#12878 = LINE('',#12879,#12880);
#12879 = CARTESIAN_POINT('',(46.,-73.68119977264,585.6429527421));
#12880 = VECTOR('',#12881,1.);
#12881 = DIRECTION('',(1.,0.,2.22044604925E-16));
#12882 = ORIENTED_EDGE('',*,*,#7460,.T.);
#12883 = ORIENTED_EDGE('',*,*,#12843,.F.);
#12884 = ORIENTED_EDGE('',*,*,#3105,.F.);
#12885 = SURFACE_OF_LINEAR_EXTRUSION('',#12886,#12892);
#12886 = B_SPLINE_CURVE_WITH_KNOTS('',4,(#12887,#12888,#12889,#12890,
    #12891),.UNSPECIFIED.,.F.,.F.,(5,5),(0.,1.),
  .PIECEWISE_BEZIER_KNOTS.);
#12887 = CARTESIAN_POINT('',(46.,-73.68119977264,585.6429527421));
#12888 = CARTESIAN_POINT('',(46.,-72.52777409069,585.02712934364));
#12889 = CARTESIAN_POINT('',(46.,-71.49212876165,584.56154315825));
#12890 = CARTESIAN_POINT('',(46.,-70.59503432523,584.22152883534));
#12891 = CARTESIAN_POINT('',(46.,-69.84979498535,583.97922136858));
#12892 = VECTOR('',#12893,1.);
#12893 = DIRECTION('',(-1.,-0.,-2.22044604925E-16));
#12894 = ADVANCED_FACE('',(#12895),#12906,.T.);
#12895 = FACE_BOUND('',#12896,.F.);
#12896 = EDGE_LOOP('',(#12897,#12898,#12899,#12905));
#12897 = ORIENTED_EDGE('',*,*,#12862,.T.);
#12898 = ORIENTED_EDGE('',*,*,#5519,.T.);
#12899 = ORIENTED_EDGE('',*,*,#12900,.F.);
#12900 = EDGE_CURVE('',#1165,#5520,#12901,.T.);
#12901 = LINE('',#12902,#12903);
#12902 = CARTESIAN_POINT('',(46.,69.322266200824,583.21913000625));
#12903 = VECTOR('',#12904,1.);
#12904 = DIRECTION('',(1.,0.,2.22044604925E-16));
#12905 = ORIENTED_EDGE('',*,*,#1164,.F.);
#12906 = CYLINDRICAL_SURFACE('',#12907,69.39696959087);
#12907 = AXIS2_PLACEMENT_3D('',#12908,#12909,#12910);
#12908 = CARTESIAN_POINT('',(46.,5.894449373045E-09,580.00000000025));
#12909 = DIRECTION('',(-1.,-0.,-2.22044604925E-16));
#12910 = DIRECTION('',(-9.070800949118E-18,0.999165239038,
    4.08512557744E-02));
#12911 = ADVANCED_FACE('',(#12912),#12923,.T.);
#12912 = FACE_BOUND('',#12913,.F.);
#12913 = EDGE_LOOP('',(#12914,#12920,#12921,#12922));
#12914 = ORIENTED_EDGE('',*,*,#12915,.T.);
#12915 = EDGE_CURVE('',#3087,#7442,#12916,.T.);
#12916 = LINE('',#12917,#12918);
#12917 = CARTESIAN_POINT('',(46.,-73.54169996292,587.23735924833));
#12918 = VECTOR('',#12919,1.);
#12919 = DIRECTION('',(1.,0.,2.22044604925E-16));
#12920 = ORIENTED_EDGE('',*,*,#7451,.T.);
#12921 = ORIENTED_EDGE('',*,*,#12877,.F.);
#12922 = ORIENTED_EDGE('',*,*,#3096,.F.);
#12923 = CYLINDRICAL_SURFACE('',#12924,73.89696959691);
#12924 = AXIS2_PLACEMENT_3D('',#12925,#12926,#12927);
#12925 = CARTESIAN_POINT('',(46.,-2.655997862178E-05,579.99965320976));
#12926 = DIRECTION('',(-1.,-0.,-2.22044604925E-16));
#12927 = DIRECTION('',(-2.174776024868E-17,-0.995192005898,
    9.794320495208E-02));
#12928 = ADVANCED_FACE('',(#12929),#12940,.F.);
#12929 = FACE_BOUND('',#12930,.F.);
#12930 = EDGE_LOOP('',(#12931,#12932,#12933,#12939));
#12931 = ORIENTED_EDGE('',*,*,#12900,.T.);
#12932 = ORIENTED_EDGE('',*,*,#5528,.T.);
#12933 = ORIENTED_EDGE('',*,*,#12934,.F.);
#12934 = EDGE_CURVE('',#1174,#5529,#12935,.T.);
#12935 = LINE('',#12936,#12937);
#12936 = CARTESIAN_POINT('',(46.,69.849794578158,583.97922121207));
#12937 = VECTOR('',#12938,1.);
#12938 = DIRECTION('',(1.,0.,2.22044604925E-16));
#12939 = ORIENTED_EDGE('',*,*,#1173,.F.);
#12940 = CYLINDRICAL_SURFACE('',#12941,0.76);
#12941 = AXIS2_PLACEMENT_3D('',#12942,#12943,#12944);
#12942 = CARTESIAN_POINT('',(46.,70.081401592813,583.25537164845));
#12943 = DIRECTION('',(-1.,0.,-2.22044604925E-16));
#12944 = DIRECTION('',(1.058850147687E-17,-0.998862357881,
    -4.768637130563E-02));
#12945 = ADVANCED_FACE('',(#12946),#12957,.F.);
#12946 = FACE_BOUND('',#12947,.F.);
#12947 = EDGE_LOOP('',(#12948,#12954,#12955,#12956));
#12948 = ORIENTED_EDGE('',*,*,#12949,.T.);
#12949 = EDGE_CURVE('',#3078,#7433,#12950,.T.);
#12950 = LINE('',#12951,#12952);
#12951 = CARTESIAN_POINT('',(46.,-69.47960375889,588.2105216383));
#12952 = VECTOR('',#12953,1.);
#12953 = DIRECTION('',(1.,0.,2.22044604925E-16));
#12954 = ORIENTED_EDGE('',*,*,#7441,.T.);
#12955 = ORIENTED_EDGE('',*,*,#12915,.F.);
#12956 = ORIENTED_EDGE('',*,*,#3086,.F.);
#12957 = SURFACE_OF_LINEAR_EXTRUSION('',#12958,#12964);
#12958 = B_SPLINE_CURVE_WITH_KNOTS('',4,(#12959,#12960,#12961,#12962,
    #12963),.UNSPECIFIED.,.F.,.F.,(5,5),(0.,1.),
  .PIECEWISE_BEZIER_KNOTS.);
#12959 = CARTESIAN_POINT('',(46.,-69.47960375889,588.2105216383));
#12960 = CARTESIAN_POINT('',(46.,-70.25559791687,588.1013047363));
#12961 = CARTESIAN_POINT('',(46.,-71.1981063406,587.92223480904));
#12962 = CARTESIAN_POINT('',(46.,-72.29886608265,587.64355984806));
#12963 = CARTESIAN_POINT('',(46.,-73.54169996292,587.23735924833));
#12964 = VECTOR('',#12965,1.);
#12965 = DIRECTION('',(-1.,-0.,-2.22044604925E-16));
#12966 = ADVANCED_FACE('',(#12967),#12978,.F.);
#12967 = FACE_BOUND('',#12968,.F.);
#12968 = EDGE_LOOP('',(#12969,#12970,#12971,#12977));
#12969 = ORIENTED_EDGE('',*,*,#12934,.T.);
#12970 = ORIENTED_EDGE('',*,*,#5537,.T.);
#12971 = ORIENTED_EDGE('',*,*,#12972,.F.);
#12972 = EDGE_CURVE('',#1183,#5538,#12973,.T.);
#12973 = LINE('',#12974,#12975);
#12974 = CARTESIAN_POINT('',(46.,73.681190537782,585.64297468199));
#12975 = VECTOR('',#12976,1.);
#12976 = DIRECTION('',(1.,0.,2.22044604925E-16));
#12977 = ORIENTED_EDGE('',*,*,#1182,.F.);
#12978 = SURFACE_OF_LINEAR_EXTRUSION('',#12979,#12985);
#12979 = B_SPLINE_CURVE_WITH_KNOTS('',4,(#12980,#12981,#12982,#12983,
    #12984),.UNSPECIFIED.,.F.,.F.,(5,5),(0.,1.),
  .PIECEWISE_BEZIER_KNOTS.);
#12980 = CARTESIAN_POINT('',(46.,69.849794578158,583.97922121207));
#12981 = CARTESIAN_POINT('',(46.,70.595034325233,584.22152883534));
#12982 = CARTESIAN_POINT('',(46.,71.492128761655,584.56154315825));
#12983 = CARTESIAN_POINT('',(46.,72.527774090699,585.02712934364));
#12984 = CARTESIAN_POINT('',(46.,73.681190537782,585.64297468199));
#12985 = VECTOR('',#12986,1.);
#12986 = DIRECTION('',(-1.,-0.,-2.22044604925E-16));
#12987 = ADVANCED_FACE('',(#12988),#12999,.F.);
#12988 = FACE_BOUND('',#12989,.F.);
#12989 = EDGE_LOOP('',(#12990,#12996,#12997,#12998));
#12990 = ORIENTED_EDGE('',*,*,#12991,.T.);
#12991 = EDGE_CURVE('',#3069,#7424,#12992,.T.);
#12992 = LINE('',#12993,#12994);
#12993 = CARTESIAN_POINT('',(46.,-68.8281012702,588.86746100939));
#12994 = VECTOR('',#12995,1.);
#12995 = DIRECTION('',(1.,0.,2.22044604925E-16));
#12996 = ORIENTED_EDGE('',*,*,#7432,.T.);
#12997 = ORIENTED_EDGE('',*,*,#12949,.F.);
#12998 = ORIENTED_EDGE('',*,*,#3077,.F.);
#12999 = CYLINDRICAL_SURFACE('',#13000,0.76);
#13000 = AXIS2_PLACEMENT_3D('',#13001,#13002,#13003);
#13001 = CARTESIAN_POINT('',(46.,-69.58199698494,588.9635924366));
#13002 = DIRECTION('',(-1.,0.,-2.22044604925E-16));
#13003 = DIRECTION('',(2.808613786238E-17,0.99196804571,-0.126488720011)
  );
#13004 = ADVANCED_FACE('',(#13005),#13016,.T.);
#13005 = FACE_BOUND('',#13006,.F.);
#13006 = EDGE_LOOP('',(#13007,#13008,#13009,#13015));
#13007 = ORIENTED_EDGE('',*,*,#12972,.T.);
#13008 = ORIENTED_EDGE('',*,*,#5547,.T.);
#13009 = ORIENTED_EDGE('',*,*,#13010,.F.);
#13010 = EDGE_CURVE('',#1193,#5548,#13011,.T.);
#13011 = LINE('',#13012,#13013);
#13012 = CARTESIAN_POINT('',(46.,73.541705247669,587.23738245853));
#13013 = VECTOR('',#13014,1.);
#13014 = DIRECTION('',(1.,0.,2.22044604925E-16));
#13015 = ORIENTED_EDGE('',*,*,#1192,.F.);
#13016 = CYLINDRICAL_SURFACE('',#13017,73.896969596648);
#13017 = AXIS2_PLACEMENT_3D('',#13018,#13019,#13020);
#13018 = CARTESIAN_POINT('',(46.,-3.406275832418E-05,580.00034613382));
#13019 = DIRECTION('',(-1.,-0.,-2.22044604925E-16));
#13020 = DIRECTION('',(-1.695489319192E-17,0.997080462199,
    7.635805066123E-02));
#13021 = ADVANCED_FACE('',(#13022),#13033,.T.);
#13022 = FACE_BOUND('',#13023,.F.);
#13023 = EDGE_LOOP('',(#13024,#13030,#13031,#13032));
#13024 = ORIENTED_EDGE('',*,*,#13025,.T.);
#13025 = EDGE_CURVE('',#3060,#7415,#13026,.T.);
#13026 = LINE('',#13027,#13028);
#13027 = CARTESIAN_POINT('',(46.,-68.77790838226,589.24871384438));
#13028 = VECTOR('',#13029,1.);
#13029 = DIRECTION('',(1.,0.,2.22044604925E-16));
#13030 = ORIENTED_EDGE('',*,*,#7423,.T.);
#13031 = ORIENTED_EDGE('',*,*,#12991,.F.);
#13032 = ORIENTED_EDGE('',*,*,#3068,.F.);
#13033 = CYLINDRICAL_SURFACE('',#13034,69.396969596643);
#13034 = AXIS2_PLACEMENT_3D('',#13035,#13036,#13037);
#13035 = CARTESIAN_POINT('',(46.,-1.260076487597E-10,580.00000000001));
#13036 = DIRECTION('',(-1.,-0.,-2.22044604925E-16));
#13037 = DIRECTION('',(-2.959245949173E-17,-0.991079420065,0.13327258954
    ));
#13038 = ADVANCED_FACE('',(#13039),#13050,.F.);
#13039 = FACE_BOUND('',#13040,.F.);
#13040 = EDGE_LOOP('',(#13041,#13042,#13043,#13049));
#13041 = ORIENTED_EDGE('',*,*,#13010,.T.);
#13042 = ORIENTED_EDGE('',*,*,#5556,.T.);
#13043 = ORIENTED_EDGE('',*,*,#13044,.F.);
#13044 = EDGE_CURVE('',#1202,#5557,#13045,.T.);
#13045 = LINE('',#13046,#13047);
#13046 = CARTESIAN_POINT('',(46.,69.47960418708,588.21052155488));
#13047 = VECTOR('',#13048,1.);
#13048 = DIRECTION('',(1.,0.,2.22044604925E-16));
#13049 = ORIENTED_EDGE('',*,*,#1201,.F.);
#13050 = SURFACE_OF_LINEAR_EXTRUSION('',#13051,#13057);
#13051 = B_SPLINE_CURVE_WITH_KNOTS('',4,(#13052,#13053,#13054,#13055,
    #13056),.UNSPECIFIED.,.F.,.F.,(5,5),(0.,1.),
  .PIECEWISE_BEZIER_KNOTS.);
#13052 = CARTESIAN_POINT('',(46.,73.541705247669,587.23738245853));
#13053 = CARTESIAN_POINT('',(46.,72.298866082659,587.64355984806));
#13054 = CARTESIAN_POINT('',(46.,71.198106340604,587.92223480904));
#13055 = CARTESIAN_POINT('',(46.,70.255597916877,588.1013047363));
#13056 = CARTESIAN_POINT('',(46.,69.47960418708,588.21052155488));
#13057 = VECTOR('',#13058,1.);
#13058 = DIRECTION('',(-1.,-0.,-2.22044604925E-16));
#13059 = ADVANCED_FACE('',(#13060),#13071,.F.);
#13060 = FACE_BOUND('',#13061,.F.);
#13061 = EDGE_LOOP('',(#13062,#13068,#13069,#13070));
#13062 = ORIENTED_EDGE('',*,*,#13063,.T.);
#13063 = EDGE_CURVE('',#3050,#7405,#13064,.T.);
#13064 = LINE('',#13065,#13066);
#13065 = CARTESIAN_POINT('',(46.,-69.23718343327,590.05188999263));
#13066 = VECTOR('',#13067,1.);
#13067 = DIRECTION('',(1.,0.,2.22044604925E-16));
#13068 = ORIENTED_EDGE('',*,*,#7414,.T.);
#13069 = ORIENTED_EDGE('',*,*,#13025,.F.);
#13070 = ORIENTED_EDGE('',*,*,#3059,.F.);
#13071 = CYLINDRICAL_SURFACE('',#13072,0.76);
#13072 = AXIS2_PLACEMENT_3D('',#13073,#13074,#13075);
#13073 = CARTESIAN_POINT('',(46.,-69.53099636418,589.35098061074));
#13074 = DIRECTION('',(-1.,0.,-2.22044604925E-16));
#13075 = DIRECTION('',(-2.047804563045E-16,0.386595961723,0.922249186706
    ));
#13076 = ADVANCED_FACE('',(#13077),#13088,.F.);
#13077 = FACE_BOUND('',#13078,.F.);
#13078 = EDGE_LOOP('',(#13079,#13080,#13081,#13087));
#13079 = ORIENTED_EDGE('',*,*,#13044,.T.);
#13080 = ORIENTED_EDGE('',*,*,#5566,.T.);
#13081 = ORIENTED_EDGE('',*,*,#13082,.F.);
#13082 = EDGE_CURVE('',#1212,#5567,#13083,.T.);
#13083 = LINE('',#13084,#13085);
#13084 = CARTESIAN_POINT('',(46.,68.828101270207,588.86746100939));
#13085 = VECTOR('',#13086,1.);
#13086 = DIRECTION('',(1.,0.,2.22044604925E-16));
#13087 = ORIENTED_EDGE('',*,*,#1211,.F.);
#13088 = CYLINDRICAL_SURFACE('',#13089,0.76);
#13089 = AXIS2_PLACEMENT_3D('',#13090,#13091,#13092);
#13090 = CARTESIAN_POINT('',(46.,69.581996988217,588.96359241096));
#13091 = DIRECTION('',(-1.,0.,-2.22044604925E-16));
#13092 = DIRECTION('',(2.200201588402E-16,-0.134727369918,
    -0.990882705367));
#13093 = ADVANCED_FACE('',(#13094),#13105,.F.);
#13094 = FACE_BOUND('',#13095,.F.);
#13095 = EDGE_LOOP('',(#13096,#13102,#13103,#13104));
#13096 = ORIENTED_EDGE('',*,*,#13097,.T.);
#13097 = EDGE_CURVE('',#3041,#7396,#13098,.T.);
#13098 = LINE('',#13099,#13100);
#13099 = CARTESIAN_POINT('',(46.,-72.90900482502,592.04321929598));
#13100 = VECTOR('',#13101,1.);
#13101 = DIRECTION('',(1.,0.,2.22044604925E-16));
#13102 = ORIENTED_EDGE('',*,*,#7404,.T.);
#13103 = ORIENTED_EDGE('',*,*,#13063,.F.);
#13104 = ORIENTED_EDGE('',*,*,#3049,.F.);
#13105 = SURFACE_OF_LINEAR_EXTRUSION('',#13106,#13112);
#13106 = B_SPLINE_CURVE_WITH_KNOTS('',4,(#13107,#13108,#13109,#13110,
    #13111),.UNSPECIFIED.,.F.,.F.,(5,5),(0.,1.),
  .PIECEWISE_BEZIER_KNOTS.);
#13107 = CARTESIAN_POINT('',(46.,-72.90900482502,592.04321929598));
#13108 = CARTESIAN_POINT('',(46.,-71.81364082171,591.32921161947));
#13109 = CARTESIAN_POINT('',(46.,-70.82251494562,590.7751346922));
#13110 = CARTESIAN_POINT('',(46.,-69.95846842522,590.35822729451));
#13111 = CARTESIAN_POINT('',(46.,-69.23718343327,590.05188999263));
#13112 = VECTOR('',#13113,1.);
#13113 = DIRECTION('',(-1.,-0.,-2.22044604925E-16));
#13114 = ADVANCED_FACE('',(#13115),#13126,.T.);
#13115 = FACE_BOUND('',#13116,.F.);
#13116 = EDGE_LOOP('',(#13117,#13118,#13119,#13125));
#13117 = ORIENTED_EDGE('',*,*,#13082,.T.);
#13118 = ORIENTED_EDGE('',*,*,#5575,.T.);
#13119 = ORIENTED_EDGE('',*,*,#13120,.F.);
#13120 = EDGE_CURVE('',#1221,#5576,#13121,.T.);
#13121 = LINE('',#13122,#13123);
#13122 = CARTESIAN_POINT('',(46.,68.777908382268,589.24871384438));
#13123 = VECTOR('',#13124,1.);
#13124 = DIRECTION('',(1.,0.,2.22044604925E-16));
#13125 = ORIENTED_EDGE('',*,*,#1220,.F.);
#13126 = CYLINDRICAL_SURFACE('',#13127,69.39696959857);
#13127 = AXIS2_PLACEMENT_3D('',#13128,#13129,#13130);
#13128 = CARTESIAN_POINT('',(46.,-1.78348358304E-09,579.99999999976));
#13129 = DIRECTION('',(-1.,-0.,-2.22044604925E-16));
#13130 = DIRECTION('',(-2.837259159819E-17,0.991802692108,0.127778792949
    ));
#13131 = ADVANCED_FACE('',(#13132),#13143,.T.);
#13132 = FACE_BOUND('',#13133,.F.);
#13133 = EDGE_LOOP('',(#13134,#13140,#13141,#13142));
#13134 = ORIENTED_EDGE('',*,*,#13135,.T.);
#13135 = EDGE_CURVE('',#3031,#7386,#13136,.T.);
#13136 = LINE('',#13137,#13138);
#13137 = CARTESIAN_POINT('',(46.,-72.6310741709,593.61940039456));
#13138 = VECTOR('',#13139,1.);
#13139 = DIRECTION('',(1.,0.,2.22044604925E-16));
#13140 = ORIENTED_EDGE('',*,*,#7395,.T.);
#13141 = ORIENTED_EDGE('',*,*,#13097,.F.);
#13142 = ORIENTED_EDGE('',*,*,#3040,.F.);
#13143 = CYLINDRICAL_SURFACE('',#13144,73.896969597359);
#13144 = AXIS2_PLACEMENT_3D('',#13145,#13146,#13147);
#13145 = CARTESIAN_POINT('',(46.,-5.668322776842E-05,579.99965684418));
#13146 = DIRECTION('',(-1.,-0.,-2.22044604925E-16));
#13147 = DIRECTION('',(-4.092441939505E-17,-0.982868687084,
    0.184307199938));
#13148 = ADVANCED_FACE('',(#13149),#13160,.F.);
#13149 = FACE_BOUND('',#13150,.F.);
#13150 = EDGE_LOOP('',(#13151,#13152,#13153,#13159));
#13151 = ORIENTED_EDGE('',*,*,#13120,.T.);
#13152 = ORIENTED_EDGE('',*,*,#5584,.T.);
#13153 = ORIENTED_EDGE('',*,*,#13154,.F.);
#13154 = EDGE_CURVE('',#1230,#5585,#13155,.T.);
#13155 = LINE('',#13156,#13157);
#13156 = CARTESIAN_POINT('',(46.,69.237183041263,590.05188980123));
#13157 = VECTOR('',#13158,1.);
#13158 = DIRECTION('',(1.,0.,2.22044604925E-16));
#13159 = ORIENTED_EDGE('',*,*,#1229,.F.);
#13160 = CYLINDRICAL_SURFACE('',#13161,0.76);
#13161 = AXIS2_PLACEMENT_3D('',#13162,#13163,#13164);
#13162 = CARTESIAN_POINT('',(46.,69.530996367659,589.35098058512));
#13163 = DIRECTION('',(-1.,0.,-2.22044604925E-16));
#13164 = DIRECTION('',(2.987865532094E-17,-0.990905243934,-0.13456150097
    ));
#13165 = ADVANCED_FACE('',(#13166),#13177,.F.);
#13166 = FACE_BOUND('',#13167,.F.);
#13167 = EDGE_LOOP('',(#13168,#13174,#13175,#13176));
#13168 = ORIENTED_EDGE('',*,*,#13169,.T.);
#13169 = EDGE_CURVE('',#3022,#7377,#13170,.T.);
#13170 = LINE('',#13171,#13172);
#13171 = CARTESIAN_POINT('',(46.,-68.49961877839,594.23482459606));
#13172 = VECTOR('',#13173,1.);
#13173 = DIRECTION('',(1.,0.,2.22044604925E-16));
#13174 = ORIENTED_EDGE('',*,*,#7385,.T.);
#13175 = ORIENTED_EDGE('',*,*,#13135,.F.);
#13176 = ORIENTED_EDGE('',*,*,#3030,.F.);
#13177 = SURFACE_OF_LINEAR_EXTRUSION('',#13178,#13184);
#13178 = B_SPLINE_CURVE_WITH_KNOTS('',4,(#13179,#13180,#13181,#13182,
    #13183),.UNSPECIFIED.,.F.,.F.,(5,5),(0.,1.),
  .PIECEWISE_BEZIER_KNOTS.);
#13179 = CARTESIAN_POINT('',(46.,-68.49961877839,594.23482459606));
#13180 = CARTESIAN_POINT('',(46.,-69.28217892454,594.19365564455));
#13181 = CARTESIAN_POINT('',(46.,-70.23670779167,594.09741215415));
#13182 = CARTESIAN_POINT('',(46.,-71.35756693379,593.91573516843));
#13183 = CARTESIAN_POINT('',(46.,-72.6310741709,593.61940039456));
#13184 = VECTOR('',#13185,1.);
#13185 = DIRECTION('',(-1.,-0.,-2.22044604925E-16));
#13186 = ADVANCED_FACE('',(#13187),#13198,.F.);
#13187 = FACE_BOUND('',#13188,.F.);
#13188 = EDGE_LOOP('',(#13189,#13190,#13191,#13197));
#13189 = ORIENTED_EDGE('',*,*,#13154,.T.);
#13190 = ORIENTED_EDGE('',*,*,#5593,.T.);
#13191 = ORIENTED_EDGE('',*,*,#13192,.F.);
#13192 = EDGE_CURVE('',#1239,#5594,#13193,.T.);
#13193 = LINE('',#13194,#13195);
#13194 = CARTESIAN_POINT('',(46.,72.90899371311,592.04324034752));
#13195 = VECTOR('',#13196,1.);
#13196 = DIRECTION('',(1.,0.,2.22044604925E-16));
#13197 = ORIENTED_EDGE('',*,*,#1238,.F.);
#13198 = SURFACE_OF_LINEAR_EXTRUSION('',#13199,#13205);
#13199 = B_SPLINE_CURVE_WITH_KNOTS('',4,(#13200,#13201,#13202,#13203,
    #13204),.UNSPECIFIED.,.F.,.F.,(5,5),(0.,1.),
  .PIECEWISE_BEZIER_KNOTS.);
#13200 = CARTESIAN_POINT('',(46.,69.237183041263,590.05188980123));
#13201 = CARTESIAN_POINT('',(46.,69.958468425227,590.35822729451));
#13202 = CARTESIAN_POINT('',(46.,70.82251494562,590.7751346922));
#13203 = CARTESIAN_POINT('',(46.,71.813640821716,591.32921161947));
#13204 = CARTESIAN_POINT('',(46.,72.90899371311,592.04324034752));
#13205 = VECTOR('',#13206,1.);
#13206 = DIRECTION('',(-1.,-0.,-2.22044604925E-16));
#13207 = ADVANCED_FACE('',(#13208),#13219,.F.);
#13208 = FACE_BOUND('',#13209,.F.);
#13209 = EDGE_LOOP('',(#13210,#13216,#13217,#13218));
#13210 = ORIENTED_EDGE('',*,*,#13211,.T.);
#13211 = EDGE_CURVE('',#3013,#7368,#13212,.T.);
#13212 = LINE('',#13213,#13214);
#13213 = CARTESIAN_POINT('',(46.,-67.79333941454,594.83248193121));
#13214 = VECTOR('',#13215,1.);
#13215 = DIRECTION('',(1.,0.,2.22044604925E-16));
#13216 = ORIENTED_EDGE('',*,*,#7376,.T.);
#13217 = ORIENTED_EDGE('',*,*,#13169,.F.);
#13218 = ORIENTED_EDGE('',*,*,#3021,.F.);
#13219 = CYLINDRICAL_SURFACE('',#13220,0.76);
#13220 = AXIS2_PLACEMENT_3D('',#13221,#13222,#13223);
#13221 = CARTESIAN_POINT('',(46.,-68.53598792254,594.99395389029));
#13222 = DIRECTION('',(-1.,0.,-2.22044604925E-16));
#13223 = DIRECTION('',(4.717628599981E-17,0.977169089471,-0.212463104049
    ));
#13224 = ADVANCED_FACE('',(#13225),#13236,.T.);
#13225 = FACE_BOUND('',#13226,.F.);
#13226 = EDGE_LOOP('',(#13227,#13228,#13229,#13235));
#13227 = ORIENTED_EDGE('',*,*,#13192,.T.);
#13228 = ORIENTED_EDGE('',*,*,#5603,.T.);
#13229 = ORIENTED_EDGE('',*,*,#13230,.F.);
#13230 = EDGE_CURVE('',#1249,#5604,#13231,.T.);
#13231 = LINE('',#13232,#13233);
#13232 = CARTESIAN_POINT('',(46.,72.631077412631,593.61942397704));
#13233 = VECTOR('',#13234,1.);
#13234 = DIRECTION('',(1.,0.,2.22044604925E-16));
#13235 = ORIENTED_EDGE('',*,*,#1248,.F.);
#13236 = CYLINDRICAL_SURFACE('',#13237,73.896969596813);
#13237 = AXIS2_PLACEMENT_3D('',#13238,#13239,#13240);
#13238 = CARTESIAN_POINT('',(46.,-6.410085270403E-05,580.00034184788));
#13239 = DIRECTION('',(-1.,-0.,-2.22044604925E-16));
#13240 = DIRECTION('',(-3.618633692415E-17,0.986631227393,0.162968773487
    ));
#13241 = ADVANCED_FACE('',(#13242),#13253,.T.);
#13242 = FACE_BOUND('',#13243,.F.);
#13243 = EDGE_LOOP('',(#13244,#13250,#13251,#13252));
#13244 = ORIENTED_EDGE('',*,*,#13245,.T.);
#13245 = EDGE_CURVE('',#3004,#7359,#13246,.T.);
#13246 = LINE('',#13247,#13248);
#13247 = CARTESIAN_POINT('',(46.,-67.71010915168,595.20790938563));
#13248 = VECTOR('',#13249,1.);
#13249 = DIRECTION('',(1.,0.,2.22044604925E-16));
#13250 = ORIENTED_EDGE('',*,*,#7367,.T.);
#13251 = ORIENTED_EDGE('',*,*,#13211,.F.);
#13252 = ORIENTED_EDGE('',*,*,#3012,.F.);
#13253 = CYLINDRICAL_SURFACE('',#13254,69.396969596066);
#13254 = AXIS2_PLACEMENT_3D('',#13255,#13256,#13257);
#13255 = CARTESIAN_POINT('',(46.,-6.865263912914E-10,580.00000000015));
#13256 = DIRECTION('',(-1.,-0.,-2.22044604925E-16));
#13257 = DIRECTION('',(-4.865967852616E-17,-0.975692592128,
    0.219143710078));
#13258 = ADVANCED_FACE('',(#13259),#13270,.F.);
#13259 = FACE_BOUND('',#13260,.F.);
#13260 = EDGE_LOOP('',(#13261,#13262,#13263,#13269));
#13261 = ORIENTED_EDGE('',*,*,#13230,.T.);
#13262 = ORIENTED_EDGE('',*,*,#5612,.T.);
#13263 = ORIENTED_EDGE('',*,*,#13264,.F.);
#13264 = EDGE_CURVE('',#1258,#5613,#13265,.T.);
#13265 = LINE('',#13266,#13267);
#13266 = CARTESIAN_POINT('',(46.,68.49961921222,594.23482455027));
#13267 = VECTOR('',#13268,1.);
#13268 = DIRECTION('',(1.,0.,2.22044604925E-16));
#13269 = ORIENTED_EDGE('',*,*,#1257,.F.);
#13270 = SURFACE_OF_LINEAR_EXTRUSION('',#13271,#13277);
#13271 = B_SPLINE_CURVE_WITH_KNOTS('',4,(#13272,#13273,#13274,#13275,
    #13276),.UNSPECIFIED.,.F.,.F.,(5,5),(0.,1.),
  .PIECEWISE_BEZIER_KNOTS.);
#13272 = CARTESIAN_POINT('',(46.,72.631077412631,593.61942397704));
#13273 = CARTESIAN_POINT('',(46.,71.357566933795,593.91573516843));
#13274 = CARTESIAN_POINT('',(46.,70.236707791679,594.09741215415));
#13275 = CARTESIAN_POINT('',(46.,69.282178924541,594.19365564455));
#13276 = CARTESIAN_POINT('',(46.,68.49961921222,594.23482455027));
#13277 = VECTOR('',#13278,1.);
#13278 = DIRECTION('',(-1.,-0.,-2.22044604925E-16));
#13279 = ADVANCED_FACE('',(#13280),#13291,.F.);
#13280 = FACE_BOUND('',#13281,.F.);
#13281 = EDGE_LOOP('',(#13282,#13288,#13289,#13290));
#13282 = ORIENTED_EDGE('',*,*,#13283,.T.);
#13283 = EDGE_CURVE('',#2994,#7349,#13284,.T.);
#13284 = LINE('',#13285,#13286);
#13285 = CARTESIAN_POINT('',(46.,-68.0976351087,596.04805766435));
#13286 = VECTOR('',#13287,1.);
#13287 = DIRECTION('',(1.,0.,2.22044604925E-16));
#13288 = ORIENTED_EDGE('',*,*,#7358,.T.);
#13289 = ORIENTED_EDGE('',*,*,#13245,.F.);
#13290 = ORIENTED_EDGE('',*,*,#3003,.F.);
#13291 = CYLINDRICAL_SURFACE('',#13292,0.76);
#13292 = AXIS2_PLACEMENT_3D('',#13293,#13294,#13295);
#13293 = CARTESIAN_POINT('',(46.,-68.45141827048,595.37542293848));
#13294 = DIRECTION('',(-1.,0.,-2.22044604925E-16));
#13295 = DIRECTION('',(-1.965196210049E-16,0.465504160238,0.885045691928
    ));
#13296 = ADVANCED_FACE('',(#13297),#13308,.F.);
#13297 = FACE_BOUND('',#13298,.F.);
#13298 = EDGE_LOOP('',(#13299,#13300,#13301,#13307));
#13299 = ORIENTED_EDGE('',*,*,#13264,.T.);
#13300 = ORIENTED_EDGE('',*,*,#5622,.T.);
#13301 = ORIENTED_EDGE('',*,*,#13302,.F.);
#13302 = EDGE_CURVE('',#1268,#5623,#13303,.T.);
#13303 = LINE('',#13304,#13305);
#13304 = CARTESIAN_POINT('',(46.,67.793339414542,594.83248193121));
#13305 = VECTOR('',#13306,1.);
#13306 = DIRECTION('',(1.,0.,2.22044604925E-16));
#13307 = ORIENTED_EDGE('',*,*,#1267,.F.);
#13308 = CYLINDRICAL_SURFACE('',#13309,0.76);
#13309 = AXIS2_PLACEMENT_3D('',#13310,#13311,#13312);
#13310 = CARTESIAN_POINT('',(46.,68.535987928033,594.99395386502));
#13311 = DIRECTION('',(-1.,0.,-2.22044604925E-16));
#13312 = DIRECTION('',(2.217902220793E-16,-4.785357343769E-02,
    -0.998854361511));
#13313 = ADVANCED_FACE('',(#13314),#13325,.F.);
#13314 = FACE_BOUND('',#13315,.F.);
#13315 = EDGE_LOOP('',(#13316,#13322,#13323,#13324));
#13316 = ORIENTED_EDGE('',*,*,#13317,.T.);
#13317 = EDGE_CURVE('',#2985,#7340,#13318,.T.);
#13318 = LINE('',#13319,#13320);
#13319 = CARTESIAN_POINT('',(46.,-71.58192832701,598.35182967913));
#13320 = VECTOR('',#13321,1.);
#13321 = DIRECTION('',(1.,0.,2.22044604925E-16));
#13322 = ORIENTED_EDGE('',*,*,#7348,.T.);
#13323 = ORIENTED_EDGE('',*,*,#13283,.F.);
#13324 = ORIENTED_EDGE('',*,*,#2993,.F.);
#13325 = SURFACE_OF_LINEAR_EXTRUSION('',#13326,#13332);
#13326 = B_SPLINE_CURVE_WITH_KNOTS('',4,(#13327,#13328,#13329,#13330,
    #13331),.UNSPECIFIED.,.F.,.F.,(5,5),(0.,1.),
  .PIECEWISE_BEZIER_KNOTS.);
#13327 = CARTESIAN_POINT('',(46.,-71.58192832701,598.35182967913));
#13328 = CARTESIAN_POINT('',(46.,-70.55296238381,597.54507175411));
#13329 = CARTESIAN_POINT('',(46.,-69.61389902704,596.90672094493));
#13330 = CARTESIAN_POINT('',(46.,-68.78947633842,596.41609338951));
#13331 = CARTESIAN_POINT('',(46.,-68.0976351087,596.04805766435));
#13332 = VECTOR('',#13333,1.);
#13333 = DIRECTION('',(-1.,-0.,-2.22044604925E-16));
#13334 = ADVANCED_FACE('',(#13335),#13346,.T.);
#13335 = FACE_BOUND('',#13336,.F.);
#13336 = EDGE_LOOP('',(#13337,#13338,#13339,#13345));
#13337 = ORIENTED_EDGE('',*,*,#13302,.T.);
#13338 = ORIENTED_EDGE('',*,*,#5631,.T.);
#13339 = ORIENTED_EDGE('',*,*,#13340,.F.);
#13340 = EDGE_CURVE('',#1277,#5632,#13341,.T.);
#13341 = LINE('',#13342,#13343);
#13342 = CARTESIAN_POINT('',(46.,67.710109151688,595.20790938563));
#13343 = VECTOR('',#13344,1.);
#13344 = DIRECTION('',(1.,0.,2.22044604925E-16));
#13345 = ORIENTED_EDGE('',*,*,#1276,.F.);
#13346 = CYLINDRICAL_SURFACE('',#13347,69.396969593958);
#13347 = AXIS2_PLACEMENT_3D('',#13348,#13349,#13350);
#13348 = CARTESIAN_POINT('',(46.,2.745139227045E-09,580.00000000061));
#13349 = DIRECTION('',(-1.,-0.,-2.22044604925E-16));
#13350 = DIRECTION('',(-4.745844969324E-17,0.976891927824,0.213733856354
    ));
#13351 = ADVANCED_FACE('',(#13352),#13363,.T.);
#13352 = FACE_BOUND('',#13353,.F.);
#13353 = EDGE_LOOP('',(#13354,#13360,#13361,#13362));
#13354 = ORIENTED_EDGE('',*,*,#13355,.T.);
#13355 = EDGE_CURVE('',#2975,#7330,#13356,.T.);
#13356 = LINE('',#13357,#13358);
#13357 = CARTESIAN_POINT('',(46.,-71.16768204859,599.89778968018));
#13358 = VECTOR('',#13359,1.);
#13359 = DIRECTION('',(1.,0.,2.22044604925E-16));
#13360 = ORIENTED_EDGE('',*,*,#7339,.T.);
#13361 = ORIENTED_EDGE('',*,*,#13317,.F.);
#13362 = ORIENTED_EDGE('',*,*,#2984,.F.);
#13363 = CYLINDRICAL_SURFACE('',#13364,73.89696959669);
#13364 = AXIS2_PLACEMENT_3D('',#13365,#13366,#13367);
#13365 = CARTESIAN_POINT('',(46.,-8.637617688834E-05,579.99966309043));
#13366 = DIRECTION('',(-1.,-0.,-2.22044604925E-16));
#13367 = DIRECTION('',(-5.978961899902E-17,-0.96306514409,0.269268505845
    ));
#13368 = ADVANCED_FACE('',(#13369),#13380,.F.);
#13369 = FACE_BOUND('',#13370,.F.);
#13370 = EDGE_LOOP('',(#13371,#13372,#13373,#13379));
#13371 = ORIENTED_EDGE('',*,*,#13340,.T.);
#13372 = ORIENTED_EDGE('',*,*,#5640,.T.);
#13373 = ORIENTED_EDGE('',*,*,#13374,.F.);
#13374 = EDGE_CURVE('',#1286,#5641,#13375,.T.);
#13375 = LINE('',#13376,#13377);
#13376 = CARTESIAN_POINT('',(46.,68.09763473487,596.04805743951));
#13377 = VECTOR('',#13378,1.);
#13378 = DIRECTION('',(1.,0.,2.22044604925E-16));
#13379 = ORIENTED_EDGE('',*,*,#1285,.F.);
#13380 = CYLINDRICAL_SURFACE('',#13381,0.76);
#13381 = AXIS2_PLACEMENT_3D('',#13382,#13383,#13384);
#13382 = CARTESIAN_POINT('',(46.,68.451418276183,595.37542291326));
#13383 = DIRECTION('',(-1.,0.,-2.22044604925E-16));
#13384 = DIRECTION('',(4.894141455679E-17,-0.975406742757,
    -0.220412536361));
#13385 = ADVANCED_FACE('',(#13386),#13397,.F.);
#13386 = FACE_BOUND('',#13387,.F.);
#13387 = EDGE_LOOP('',(#13388,#13394,#13395,#13396));
#13388 = ORIENTED_EDGE('',*,*,#13389,.T.);
#13389 = EDGE_CURVE('',#2966,#7321,#13390,.T.);
#13390 = LINE('',#13391,#13392);
#13391 = CARTESIAN_POINT('',(46.,-66.99831033778,600.15079194342));
#13392 = VECTOR('',#13393,1.);
#13393 = DIRECTION('',(1.,0.,2.22044604925E-16));
#13394 = ORIENTED_EDGE('',*,*,#7329,.T.);
#13395 = ORIENTED_EDGE('',*,*,#13355,.F.);
#13396 = ORIENTED_EDGE('',*,*,#2974,.F.);
#13397 = SURFACE_OF_LINEAR_EXTRUSION('',#13398,#13404);
#13398 = B_SPLINE_CURVE_WITH_KNOTS('',4,(#13399,#13400,#13401,#13402,
    #13403),.UNSPECIFIED.,.F.,.F.,(5,5),(0.,1.),
  .PIECEWISE_BEZIER_KNOTS.);
#13399 = CARTESIAN_POINT('',(46.,-66.99831033778,600.15079194342));
#13400 = CARTESIAN_POINT('',(46.,-67.78148071686,600.17798426299));
#13401 = CARTESIAN_POINT('',(46.,-68.74076548637,600.16529968051));
#13402 = CARTESIAN_POINT('',(46.,-69.87319361368,600.08200334162));
#13403 = CARTESIAN_POINT('',(46.,-71.16768204859,599.89778968018));
#13404 = VECTOR('',#13405,1.);
#13405 = DIRECTION('',(-1.,-0.,-2.22044604925E-16));
#13406 = ADVANCED_FACE('',(#13407),#13418,.F.);
#13407 = FACE_BOUND('',#13408,.F.);
#13408 = EDGE_LOOP('',(#13409,#13410,#13411,#13417));
#13409 = ORIENTED_EDGE('',*,*,#13374,.T.);
#13410 = ORIENTED_EDGE('',*,*,#5649,.T.);
#13411 = ORIENTED_EDGE('',*,*,#13412,.F.);
#13412 = EDGE_CURVE('',#1295,#5650,#13413,.T.);
#13413 = LINE('',#13414,#13415);
#13414 = CARTESIAN_POINT('',(46.,71.581915422628,598.35184968209));
#13415 = VECTOR('',#13416,1.);
#13416 = DIRECTION('',(1.,0.,2.22044604925E-16));
#13417 = ORIENTED_EDGE('',*,*,#1294,.F.);
#13418 = SURFACE_OF_LINEAR_EXTRUSION('',#13419,#13425);
#13419 = B_SPLINE_CURVE_WITH_KNOTS('',4,(#13420,#13421,#13422,#13423,
    #13424),.UNSPECIFIED.,.F.,.F.,(5,5),(0.,1.),
  .PIECEWISE_BEZIER_KNOTS.);
#13420 = CARTESIAN_POINT('',(46.,68.09763473487,596.04805743951));
#13421 = CARTESIAN_POINT('',(46.,68.789476338427,596.41609338951));
#13422 = CARTESIAN_POINT('',(46.,69.613899027045,596.90672094493));
#13423 = CARTESIAN_POINT('',(46.,70.552962383817,597.54507175411));
#13424 = CARTESIAN_POINT('',(46.,71.581915422628,598.35184968209));
#13425 = VECTOR('',#13426,1.);
#13426 = DIRECTION('',(-1.,-0.,-2.22044604925E-16));
#13427 = ADVANCED_FACE('',(#13428),#13439,.F.);
#13428 = FACE_BOUND('',#13429,.F.);
#13429 = EDGE_LOOP('',(#13430,#13436,#13437,#13438));
#13430 = ORIENTED_EDGE('',*,*,#13431,.T.);
#13431 = EDGE_CURVE('',#2957,#7312,#13432,.T.);
#13432 = LINE('',#13433,#13434);
#13433 = CARTESIAN_POINT('',(46.,-66.24262931119,600.68461870943));
#13434 = VECTOR('',#13435,1.);
#13435 = DIRECTION('',(1.,0.,2.22044604925E-16));
#13436 = ORIENTED_EDGE('',*,*,#7320,.T.);
#13437 = ORIENTED_EDGE('',*,*,#13389,.F.);
#13438 = ORIENTED_EDGE('',*,*,#2965,.F.);
#13439 = CYLINDRICAL_SURFACE('',#13440,0.76);
#13440 = AXIS2_PLACEMENT_3D('',#13441,#13442,#13443);
#13441 = CARTESIAN_POINT('',(46.,-66.96837860888,600.91020230127));
#13442 = DIRECTION('',(-1.,0.,-2.22044604925E-16));
#13443 = DIRECTION('',(6.590739411497E-17,0.95493328643,-0.296820515577)
  );
#13444 = ADVANCED_FACE('',(#13445),#13456,.T.);
#13445 = FACE_BOUND('',#13446,.F.);
#13446 = EDGE_LOOP('',(#13447,#13448,#13449,#13455));
#13447 = ORIENTED_EDGE('',*,*,#13412,.T.);
#13448 = ORIENTED_EDGE('',*,*,#5659,.T.);
#13449 = ORIENTED_EDGE('',*,*,#13450,.F.);
#13450 = EDGE_CURVE('',#1305,#5660,#13451,.T.);
#13451 = LINE('',#13452,#13453);
#13452 = CARTESIAN_POINT('',(46.,71.16768322264,599.89781345545));
#13453 = VECTOR('',#13454,1.);
#13454 = DIRECTION('',(1.,0.,2.22044604925E-16));
#13455 = ORIENTED_EDGE('',*,*,#1304,.F.);
#13456 = CYLINDRICAL_SURFACE('',#13457,73.896969596702);
#13457 = AXIS2_PLACEMENT_3D('',#13458,#13459,#13460);
#13458 = CARTESIAN_POINT('',(46.,-9.365082915735E-05,580.00033496032));
#13459 = DIRECTION('',(-1.,-0.,-2.22044604925E-16));
#13460 = DIRECTION('',(-5.514238078247E-17,0.968673133203,0.248339205544
    ));
#13461 = ADVANCED_FACE('',(#13462),#13473,.T.);
#13462 = FACE_BOUND('',#13463,.F.);
#13463 = EDGE_LOOP('',(#13464,#13470,#13471,#13472));
#13464 = ORIENTED_EDGE('',*,*,#13465,.T.);
#13465 = EDGE_CURVE('',#2948,#7303,#13466,.T.);
#13466 = LINE('',#13467,#13468);
#13467 = CARTESIAN_POINT('',(46.,-66.12699510598,601.05136355366));
#13468 = VECTOR('',#13469,1.);
#13469 = DIRECTION('',(1.,0.,2.22044604925E-16));
#13470 = ORIENTED_EDGE('',*,*,#7311,.T.);
#13471 = ORIENTED_EDGE('',*,*,#13431,.F.);
#13472 = ORIENTED_EDGE('',*,*,#2956,.F.);
#13473 = CYLINDRICAL_SURFACE('',#13474,69.396969595091);
#13474 = AXIS2_PLACEMENT_3D('',#13475,#13476,#13477);
#13475 = CARTESIAN_POINT('',(46.,-1.601620169822E-09,580.0000000005));
#13476 = DIRECTION('',(-1.,-0.,-2.22044604925E-16));
#13477 = DIRECTION('',(-6.73565680255E-17,-0.952880154425,0.303347014661
    ));
#13478 = ADVANCED_FACE('',(#13479),#13490,.F.);
#13479 = FACE_BOUND('',#13480,.F.);
#13480 = EDGE_LOOP('',(#13481,#13482,#13483,#13489));
#13481 = ORIENTED_EDGE('',*,*,#13450,.T.);
#13482 = ORIENTED_EDGE('',*,*,#5668,.T.);
#13483 = ORIENTED_EDGE('',*,*,#13484,.F.);
#13484 = EDGE_CURVE('',#1314,#5669,#13485,.T.);
#13485 = LINE('',#13486,#13487);
#13486 = CARTESIAN_POINT('',(46.,66.998310773955,600.15079193562));
#13487 = VECTOR('',#13488,1.);
#13488 = DIRECTION('',(1.,0.,2.22044604925E-16));
#13489 = ORIENTED_EDGE('',*,*,#1313,.F.);
#13490 = SURFACE_OF_LINEAR_EXTRUSION('',#13491,#13497);
#13491 = B_SPLINE_CURVE_WITH_KNOTS('',4,(#13492,#13493,#13494,#13495,
    #13496),.UNSPECIFIED.,.F.,.F.,(5,5),(0.,1.),
  .PIECEWISE_BEZIER_KNOTS.);
#13492 = CARTESIAN_POINT('',(46.,71.16768322264,599.89781345545));
#13493 = CARTESIAN_POINT('',(46.,69.873193613689,600.08200334162));
#13494 = CARTESIAN_POINT('',(46.,68.740765486375,600.16529968051));
#13495 = CARTESIAN_POINT('',(46.,67.781480716866,600.17798426299));
#13496 = CARTESIAN_POINT('',(46.,66.998310773955,600.15079193562));
#13497 = VECTOR('',#13498,1.);
#13498 = DIRECTION('',(-1.,-0.,-2.22044604925E-16));
#13499 = ADVANCED_FACE('',(#13500),#13511,.F.);
#13500 = FACE_BOUND('',#13501,.F.);
#13501 = EDGE_LOOP('',(#13502,#13508,#13509,#13510));
#13502 = ORIENTED_EDGE('',*,*,#13503,.T.);
#13503 = EDGE_CURVE('',#2938,#7293,#13504,.T.);
#13504 = LINE('',#13505,#13506);
#13505 = CARTESIAN_POINT('',(46.,-66.43982266248,601.92208992715));
#13506 = VECTOR('',#13507,1.);
#13507 = DIRECTION('',(1.,0.,2.22044604925E-16));
#13508 = ORIENTED_EDGE('',*,*,#7302,.T.);
#13509 = ORIENTED_EDGE('',*,*,#13465,.F.);
#13510 = ORIENTED_EDGE('',*,*,#2947,.F.);
#13511 = CYLINDRICAL_SURFACE('',#13512,0.76);
#13512 = AXIS2_PLACEMENT_3D('',#13513,#13514,#13515);
#13513 = CARTESIAN_POINT('',(46.,-66.85088355165,601.28284901373));
#13514 = DIRECTION('',(-1.,0.,-2.22044604925E-16));
#13515 = DIRECTION('',(-1.867631527276E-16,0.540869591014,0.84110646503)
  );
#13516 = ADVANCED_FACE('',(#13517),#13528,.F.);
#13517 = FACE_BOUND('',#13518,.F.);
#13518 = EDGE_LOOP('',(#13519,#13520,#13521,#13527));
#13519 = ORIENTED_EDGE('',*,*,#13484,.T.);
#13520 = ORIENTED_EDGE('',*,*,#5678,.T.);
#13521 = ORIENTED_EDGE('',*,*,#13522,.F.);
#13522 = EDGE_CURVE('',#1324,#5679,#13523,.T.);
#13523 = LINE('',#13524,#13525);
#13524 = CARTESIAN_POINT('',(46.,66.242629311195,600.68461870943));
#13525 = VECTOR('',#13526,1.);
#13526 = DIRECTION('',(1.,0.,2.22044604925E-16));
#13527 = ORIENTED_EDGE('',*,*,#1323,.F.);
#13528 = CYLINDRICAL_SURFACE('',#13529,0.76);
#13529 = AXIS2_PLACEMENT_3D('',#13530,#13531,#13532);
#13530 = CARTESIAN_POINT('',(46.,66.968378616556,600.91020227658));
#13531 = DIRECTION('',(-1.,0.,-2.22044604925E-16));
#13532 = DIRECTION('',(2.218723278078E-16,3.938441763081E-02,
    -0.999224132839));
#13533 = ADVANCED_FACE('',(#13534),#13545,.F.);
#13534 = FACE_BOUND('',#13535,.F.);
#13535 = EDGE_LOOP('',(#13536,#13542,#13543,#13544));
#13536 = ORIENTED_EDGE('',*,*,#13537,.T.);
#13537 = EDGE_CURVE('',#2929,#7284,#13538,.T.);
#13538 = LINE('',#13539,#13540);
#13539 = CARTESIAN_POINT('',(46.,-69.71007013209,604.52077155728));
#13540 = VECTOR('',#13541,1.);
#13541 = DIRECTION('',(1.,0.,2.22044604925E-16));
#13542 = ORIENTED_EDGE('',*,*,#7292,.T.);
#13543 = ORIENTED_EDGE('',*,*,#13503,.F.);
#13544 = ORIENTED_EDGE('',*,*,#2937,.F.);
#13545 = SURFACE_OF_LINEAR_EXTRUSION('',#13546,#13552);
#13546 = B_SPLINE_CURVE_WITH_KNOTS('',4,(#13547,#13548,#13549,#13550,
    #13551),.UNSPECIFIED.,.F.,.F.,(5,5),(0.,1.),
  .PIECEWISE_BEZIER_KNOTS.);
#13547 = CARTESIAN_POINT('',(46.,-69.71007013209,604.52077155728));
#13548 = CARTESIAN_POINT('',(46.,-68.75533330113,603.62740329869));
#13549 = CARTESIAN_POINT('',(46.,-67.87547930285,602.90963684272));
#13550 = CARTESIAN_POINT('',(46.,-67.09695480047,602.34902310151));
#13551 = CARTESIAN_POINT('',(46.,-66.43982266248,601.92208992715));
#13552 = VECTOR('',#13553,1.);
#13553 = DIRECTION('',(-1.,-0.,-2.22044604925E-16));
#13554 = ADVANCED_FACE('',(#13555),#13566,.T.);
#13555 = FACE_BOUND('',#13556,.F.);
#13556 = EDGE_LOOP('',(#13557,#13558,#13559,#13565));
#13557 = ORIENTED_EDGE('',*,*,#13522,.T.);
#13558 = ORIENTED_EDGE('',*,*,#5687,.T.);
#13559 = ORIENTED_EDGE('',*,*,#13560,.F.);
#13560 = EDGE_CURVE('',#1333,#5688,#13561,.T.);
#13561 = LINE('',#13562,#13563);
#13562 = CARTESIAN_POINT('',(46.,66.126995105981,601.05136355366));
#13563 = VECTOR('',#13564,1.);
#13564 = DIRECTION('',(1.,0.,2.22044604925E-16));
#13565 = ORIENTED_EDGE('',*,*,#1332,.F.);
#13566 = CYLINDRICAL_SURFACE('',#13567,69.39696959879);
#13567 = AXIS2_PLACEMENT_3D('',#13568,#13569,#13570);
#13568 = CARTESIAN_POINT('',(46.,-1.925371861944E-09,579.99999999939));
#13569 = DIRECTION('',(-1.,-0.,-2.22044604925E-16));
#13570 = DIRECTION('',(-6.618312033003E-17,0.954546426106,0.298062276057
    ));
#13571 = ADVANCED_FACE('',(#13572),#13583,.T.);
#13572 = FACE_BOUND('',#13573,.F.);
#13573 = EDGE_LOOP('',(#13574,#13580,#13581,#13582));
#13574 = ORIENTED_EDGE('',*,*,#13575,.T.);
#13575 = EDGE_CURVE('',#2919,#7274,#13576,.T.);
#13576 = LINE('',#13577,#13578);
#13577 = CARTESIAN_POINT('',(46.,-69.16266089367,606.02474477171));
#13578 = VECTOR('',#13579,1.);
#13579 = DIRECTION('',(1.,0.,2.22044604925E-16));
#13580 = ORIENTED_EDGE('',*,*,#7283,.T.);
#13581 = ORIENTED_EDGE('',*,*,#13537,.F.);
#13582 = ORIENTED_EDGE('',*,*,#2928,.F.);
#13583 = CYLINDRICAL_SURFACE('',#13584,73.896969596814);
#13584 = AXIS2_PLACEMENT_3D('',#13585,#13586,#13587);
#13585 = CARTESIAN_POINT('',(46.,-1.154109761998E-04,579.99967190061));
#13586 = DIRECTION('',(-1.,-0.,-2.22044604925E-16));
#13587 = DIRECTION('',(-7.819978350043E-17,-0.935932093834,
    0.352180515833));
#13588 = ADVANCED_FACE('',(#13589),#13600,.F.);
#13589 = FACE_BOUND('',#13590,.F.);
#13590 = EDGE_LOOP('',(#13591,#13592,#13593,#13599));
#13591 = ORIENTED_EDGE('',*,*,#13560,.T.);
#13592 = ORIENTED_EDGE('',*,*,#5696,.T.);
#13593 = ORIENTED_EDGE('',*,*,#13594,.F.);
#13594 = EDGE_CURVE('',#1342,#5697,#13595,.T.);
#13595 = LINE('',#13596,#13597);
#13596 = CARTESIAN_POINT('',(46.,66.439822309668,601.92208967059));
#13597 = VECTOR('',#13598,1.);
#13598 = DIRECTION('',(1.,0.,2.22044604925E-16));
#13599 = ORIENTED_EDGE('',*,*,#1341,.F.);
#13600 = CYLINDRICAL_SURFACE('',#13601,0.76);
#13601 = AXIS2_PLACEMENT_3D('',#13602,#13603,#13604);
#13602 = CARTESIAN_POINT('',(46.,66.850883559528,601.2828489891));
#13603 = DIRECTION('',(-1.,0.,-2.22044604925E-16));
#13604 = DIRECTION('',(6.763170007624E-17,-0.9524848073,-0.304586099262)
  );
#13605 = ADVANCED_FACE('',(#13606),#13617,.F.);
#13606 = FACE_BOUND('',#13607,.F.);
#13607 = EDGE_LOOP('',(#13608,#13614,#13615,#13616));
#13608 = ORIENTED_EDGE('',*,*,#13609,.T.);
#13609 = EDGE_CURVE('',#2910,#7265,#13610,.T.);
#13610 = LINE('',#13611,#13612);
#13611 = CARTESIAN_POINT('',(46.,-64.98710430082,605.91339959671));
#13612 = VECTOR('',#13613,1.);
#13613 = DIRECTION('',(1.,0.,2.22044604925E-16));
#13614 = ORIENTED_EDGE('',*,*,#7273,.T.);
#13615 = ORIENTED_EDGE('',*,*,#13575,.F.);
#13616 = ORIENTED_EDGE('',*,*,#2918,.F.);
#13617 = SURFACE_OF_LINEAR_EXTRUSION('',#13618,#13624);
#13618 = B_SPLINE_CURVE_WITH_KNOTS('',4,(#13619,#13620,#13621,#13622,
    #13623),.UNSPECIFIED.,.F.,.F.,(5,5),(0.,1.),
  .PIECEWISE_BEZIER_KNOTS.);
#13619 = CARTESIAN_POINT('',(46.,-64.98710430082,605.91339959671));
#13620 = CARTESIAN_POINT('',(46.,-65.76492451335,606.00874623738));
#13621 = CARTESIAN_POINT('',(46.,-66.72166444891,606.07971710016));
#13622 = CARTESIAN_POINT('',(46.,-67.85704309959,606.09543534354));
#13623 = CARTESIAN_POINT('',(46.,-69.16266089367,606.02474477171));
#13624 = VECTOR('',#13625,1.);
#13625 = DIRECTION('',(-1.,-0.,-2.22044604925E-16));
#13626 = ADVANCED_FACE('',(#13627),#13638,.F.);
#13627 = FACE_BOUND('',#13628,.F.);
#13628 = EDGE_LOOP('',(#13629,#13630,#13631,#13637));
#13629 = ORIENTED_EDGE('',*,*,#13594,.T.);
#13630 = ORIENTED_EDGE('',*,*,#5705,.T.);
#13631 = ORIENTED_EDGE('',*,*,#13632,.F.);
#13632 = EDGE_CURVE('',#1351,#5706,#13633,.T.);
#13633 = LINE('',#13634,#13635);
#13634 = CARTESIAN_POINT('',(46.,69.710055533437,604.52079035944));
#13635 = VECTOR('',#13636,1.);
#13636 = DIRECTION('',(1.,0.,2.22044604925E-16));
#13637 = ORIENTED_EDGE('',*,*,#1350,.F.);
#13638 = SURFACE_OF_LINEAR_EXTRUSION('',#13639,#13645);
#13639 = B_SPLINE_CURVE_WITH_KNOTS('',4,(#13640,#13641,#13642,#13643,
    #13644),.UNSPECIFIED.,.F.,.F.,(5,5),(0.,1.),
  .PIECEWISE_BEZIER_KNOTS.);
#13640 = CARTESIAN_POINT('',(46.,66.439822309668,601.92208967059));
#13641 = CARTESIAN_POINT('',(46.,67.09695480047,602.34902310151));
#13642 = CARTESIAN_POINT('',(46.,67.875479302853,602.90963684272));
#13643 = CARTESIAN_POINT('',(46.,68.755333301135,603.62740329869));
#13644 = CARTESIAN_POINT('',(46.,69.710055533437,604.52079035944));
#13645 = VECTOR('',#13646,1.);
#13646 = DIRECTION('',(-1.,-0.,-2.22044604925E-16));
#13647 = ADVANCED_FACE('',(#13648),#13659,.F.);
#13648 = FACE_BOUND('',#13649,.F.);
#13649 = EDGE_LOOP('',(#13650,#13656,#13657,#13658));
#13650 = ORIENTED_EDGE('',*,*,#13651,.T.);
#13651 = EDGE_CURVE('',#2901,#7256,#13652,.T.);
#13652 = LINE('',#13653,#13654);
#13653 = CARTESIAN_POINT('',(46.,-64.18777280039,606.37933304956));
#13654 = VECTOR('',#13655,1.);
#13655 = DIRECTION('',(1.,0.,2.22044604925E-16));
#13656 = ORIENTED_EDGE('',*,*,#7264,.T.);
#13657 = ORIENTED_EDGE('',*,*,#13609,.F.);
#13658 = ORIENTED_EDGE('',*,*,#2909,.F.);
#13659 = CYLINDRICAL_SURFACE('',#13660,0.76);
#13660 = AXIS2_PLACEMENT_3D('',#13661,#13662,#13663);
#13661 = CARTESIAN_POINT('',(46.,-64.89109949739,606.66731144681));
#13662 = DIRECTION('',(-1.,0.,-2.22044604925E-16));
#13663 = DIRECTION('',(8.413690716493E-17,0.925429864475,-0.378918943756
    ));
#13664 = ADVANCED_FACE('',(#13665),#13676,.T.);
#13665 = FACE_BOUND('',#13666,.F.);
#13666 = EDGE_LOOP('',(#13667,#13668,#13669,#13675));
#13667 = ORIENTED_EDGE('',*,*,#13632,.T.);
#13668 = ORIENTED_EDGE('',*,*,#5715,.T.);
#13669 = ORIENTED_EDGE('',*,*,#13670,.F.);
#13670 = EDGE_CURVE('',#1361,#5716,#13671,.T.);
#13671 = LINE('',#13672,#13673);
#13672 = CARTESIAN_POINT('',(46.,69.162659991103,606.02476855883));
#13673 = VECTOR('',#13674,1.);
#13674 = DIRECTION('',(1.,0.,2.22044604925E-16));
#13675 = ORIENTED_EDGE('',*,*,#1360,.F.);
#13676 = CYLINDRICAL_SURFACE('',#13677,73.896969597231);
#13677 = AXIS2_PLACEMENT_3D('',#13678,#13679,#13680);
#13678 = CARTESIAN_POINT('',(46.,-1.224886721545E-04,580.00032552331));
#13679 = DIRECTION('',(-1.,-0.,-2.22044604925E-16));
#13680 = DIRECTION('',(-7.367875782718E-17,0.943342851568,0.331819626296
    ));
#13681 = ADVANCED_FACE('',(#13682),#13693,.T.);
#13682 = FACE_BOUND('',#13683,.F.);
#13683 = EDGE_LOOP('',(#13684,#13690,#13691,#13692));
#13684 = ORIENTED_EDGE('',*,*,#13685,.T.);
#13685 = EDGE_CURVE('',#2892,#7247,#13686,.T.);
#13686 = LINE('',#13687,#13688);
#13687 = CARTESIAN_POINT('',(46.,-64.04061469894,606.73460413389));
#13688 = VECTOR('',#13689,1.);
#13689 = DIRECTION('',(1.,0.,2.22044604925E-16));
#13690 = ORIENTED_EDGE('',*,*,#7255,.T.);
#13691 = ORIENTED_EDGE('',*,*,#13651,.F.);
#13692 = ORIENTED_EDGE('',*,*,#2900,.F.);
#13693 = CYLINDRICAL_SURFACE('',#13694,69.396969593965);
#13694 = AXIS2_PLACEMENT_3D('',#13695,#13696,#13697);
#13695 = CARTESIAN_POINT('',(46.,-2.590553549453E-09,580.00000000107));
#13696 = DIRECTION('',(-1.,-0.,-2.22044604925E-16));
#13697 = DIRECTION('',(-8.554083337114E-17,-0.922815723382,
    0.385241665295));
#13698 = ADVANCED_FACE('',(#13699),#13710,.F.);
#13699 = FACE_BOUND('',#13700,.F.);
#13700 = EDGE_LOOP('',(#13701,#13702,#13703,#13709));
#13701 = ORIENTED_EDGE('',*,*,#13670,.T.);
#13702 = ORIENTED_EDGE('',*,*,#5724,.T.);
#13703 = ORIENTED_EDGE('',*,*,#13704,.F.);
#13704 = EDGE_CURVE('',#1370,#5725,#13705,.T.);
#13705 = LINE('',#13706,#13707);
#13706 = CARTESIAN_POINT('',(46.,64.987104736014,605.91339962696));
#13707 = VECTOR('',#13708,1.);
#13708 = DIRECTION('',(1.,0.,2.22044604925E-16));
#13709 = ORIENTED_EDGE('',*,*,#1369,.F.);
#13710 = SURFACE_OF_LINEAR_EXTRUSION('',#13711,#13717);
#13711 = B_SPLINE_CURVE_WITH_KNOTS('',4,(#13712,#13713,#13714,#13715,
    #13716),.UNSPECIFIED.,.F.,.F.,(5,5),(0.,1.),
  .PIECEWISE_BEZIER_KNOTS.);
#13712 = CARTESIAN_POINT('',(46.,69.162659991103,606.02476855883));
#13713 = CARTESIAN_POINT('',(46.,67.857043099594,606.09543534354));
#13714 = CARTESIAN_POINT('',(46.,66.72166444891,606.07971710016));
#13715 = CARTESIAN_POINT('',(46.,65.764924513358,606.00874623738));
#13716 = CARTESIAN_POINT('',(46.,64.987104736014,605.91339962696));
#13717 = VECTOR('',#13718,1.);
#13718 = DIRECTION('',(-1.,-0.,-2.22044604925E-16));
#13719 = ADVANCED_FACE('',(#13720),#13731,.F.);
#13720 = FACE_BOUND('',#13721,.F.);
#13721 = EDGE_LOOP('',(#13722,#13728,#13729,#13730));
#13722 = ORIENTED_EDGE('',*,*,#13723,.T.);
#13723 = EDGE_CURVE('',#2882,#7237,#13724,.T.);
#13724 = LINE('',#13725,#13726);
#13725 = CARTESIAN_POINT('',(46.,-64.27636304833,607.62928184869));
#13726 = VECTOR('',#13727,1.);
#13727 = DIRECTION('',(1.,0.,2.22044604925E-16));
#13728 = ORIENTED_EDGE('',*,*,#7246,.T.);
#13729 = ORIENTED_EDGE('',*,*,#13685,.F.);
#13730 = ORIENTED_EDGE('',*,*,#2891,.F.);
#13731 = CYLINDRICAL_SURFACE('',#13732,0.76);
#13732 = AXIS2_PLACEMENT_3D('',#13733,#13734,#13735);
#13733 = CARTESIAN_POINT('',(46.,-64.74157324332,607.02829975704));
#13734 = DIRECTION('',(-1.,0.,-2.22044604925E-16));
#13735 = DIRECTION('',(-1.755853040873E-16,0.612118677617,0.79076591006)
  );
#13736 = ADVANCED_FACE('',(#13737),#13748,.F.);
#13737 = FACE_BOUND('',#13738,.F.);
#13738 = EDGE_LOOP('',(#13739,#13740,#13741,#13747));
#13739 = ORIENTED_EDGE('',*,*,#13704,.T.);
#13740 = ORIENTED_EDGE('',*,*,#5734,.T.);
#13741 = ORIENTED_EDGE('',*,*,#13742,.F.);
#13742 = EDGE_CURVE('',#1380,#5735,#13743,.T.);
#13743 = LINE('',#13744,#13745);
#13744 = CARTESIAN_POINT('',(46.,64.187772800397,606.37933304956));
#13745 = VECTOR('',#13746,1.);
#13746 = DIRECTION('',(1.,0.,2.22044604925E-16));
#13747 = ORIENTED_EDGE('',*,*,#1379,.F.);
#13748 = CYLINDRICAL_SURFACE('',#13749,0.76);
#13749 = AXIS2_PLACEMENT_3D('',#13750,#13751,#13752);
#13750 = CARTESIAN_POINT('',(46.,64.891099507194,606.66731142289));
#13751 = DIRECTION('',(-1.,0.,-2.22044604925E-16));
#13752 = DIRECTION('',(2.202658511515E-16,0.1263226695,-0.991989205168)
  );
#13753 = ADVANCED_FACE('',(#13754),#13765,.F.);
#13754 = FACE_BOUND('',#13755,.F.);
#13755 = EDGE_LOOP('',(#13756,#13762,#13763,#13764));
#13756 = ORIENTED_EDGE('',*,*,#13757,.T.);
#13757 = EDGE_CURVE('',#2873,#7228,#13758,.T.);
#13758 = LINE('',#13759,#13760);
#13759 = CARTESIAN_POINT('',(46.,-67.30767621137,610.50309555784));
#13760 = VECTOR('',#13761,1.);
#13761 = DIRECTION('',(1.,0.,2.22044604925E-16));
#13762 = ORIENTED_EDGE('',*,*,#7236,.T.);
#13763 = ORIENTED_EDGE('',*,*,#13723,.F.);
#13764 = ORIENTED_EDGE('',*,*,#2881,.F.);
#13765 = SURFACE_OF_LINEAR_EXTRUSION('',#13766,#13772);
#13766 = B_SPLINE_CURVE_WITH_KNOTS('',4,(#13767,#13768,#13769,#13770,
    #13771),.UNSPECIFIED.,.F.,.F.,(5,5),(0.,1.),
  .PIECEWISE_BEZIER_KNOTS.);
#13767 = CARTESIAN_POINT('',(46.,-67.30767621137,610.50309555784));
#13768 = CARTESIAN_POINT('',(46.,-66.43443461642,609.52991603755));
#13769 = CARTESIAN_POINT('',(46.,-65.62048619683,608.73819657092));
#13770 = CARTESIAN_POINT('',(46.,-64.89378492223,608.111863253));
#13771 = CARTESIAN_POINT('',(46.,-64.27636304833,607.62928184869));
#13772 = VECTOR('',#13773,1.);
#13773 = DIRECTION('',(-1.,-0.,-2.22044604925E-16));
#13774 = ADVANCED_FACE('',(#13775),#13786,.T.);
#13775 = FACE_BOUND('',#13776,.F.);
#13776 = EDGE_LOOP('',(#13777,#13778,#13779,#13785));
#13777 = ORIENTED_EDGE('',*,*,#13742,.T.);
#13778 = ORIENTED_EDGE('',*,*,#5743,.T.);
#13779 = ORIENTED_EDGE('',*,*,#13780,.F.);
#13780 = EDGE_CURVE('',#1389,#5744,#13781,.T.);
#13781 = LINE('',#13782,#13783);
#13782 = CARTESIAN_POINT('',(46.,64.040614698946,606.73460413389));
#13783 = VECTOR('',#13784,1.);
#13784 = DIRECTION('',(1.,0.,2.22044604925E-16));
#13785 = ORIENTED_EDGE('',*,*,#1388,.F.);
#13786 = CYLINDRICAL_SURFACE('',#13787,69.396969598927);
#13787 = AXIS2_PLACEMENT_3D('',#13788,#13789,#13790);
#13788 = CARTESIAN_POINT('',(46.,-1.99118233013E-09,579.99999999917));
#13789 = DIRECTION('',(-1.,-0.,-2.22044604925E-16));
#13790 = DIRECTION('',(-8.44040974586E-17,0.924936249715,0.380122261863)
  );
#13791 = ADVANCED_FACE('',(#13792),#13803,.T.);
#13792 = FACE_BOUND('',#13793,.F.);
#13793 = EDGE_LOOP('',(#13794,#13800,#13801,#13802));
#13794 = ORIENTED_EDGE('',*,*,#13795,.T.);
#13795 = EDGE_CURVE('',#2863,#7218,#13796,.T.);
#13796 = LINE('',#13797,#13798);
#13797 = CARTESIAN_POINT('',(46.,-66.63127012779,611.95363584136));
#13798 = VECTOR('',#13799,1.);
#13799 = DIRECTION('',(1.,0.,2.22044604925E-16));
#13800 = ORIENTED_EDGE('',*,*,#7227,.T.);
#13801 = ORIENTED_EDGE('',*,*,#13757,.F.);
#13802 = ORIENTED_EDGE('',*,*,#2872,.F.);
#13803 = CYLINDRICAL_SURFACE('',#13804,73.896969597021);
#13804 = AXIS2_PLACEMENT_3D('',#13805,#13806,#13807);
#13805 = CARTESIAN_POINT('',(46.,-1.435673610004E-04,579.99968320777));
#13806 = DIRECTION('',(-1.,-0.,-2.22044604925E-16));
#13807 = DIRECTION('',(-9.601480043107E-17,-0.901676035212,
    0.432412219443));
#13808 = ADVANCED_FACE('',(#13809),#13820,.F.);
#13809 = FACE_BOUND('',#13810,.F.);
#13810 = EDGE_LOOP('',(#13811,#13812,#13813,#13819));
#13811 = ORIENTED_EDGE('',*,*,#13780,.T.);
#13812 = ORIENTED_EDGE('',*,*,#5752,.T.);
#13813 = ORIENTED_EDGE('',*,*,#13814,.F.);
#13814 = EDGE_CURVE('',#1398,#5753,#13815,.T.);
#13815 = LINE('',#13816,#13817);
#13816 = CARTESIAN_POINT('',(46.,64.276362719227,607.62928156235));
#13817 = VECTOR('',#13818,1.);
#13818 = DIRECTION('',(1.,0.,2.22044604925E-16));
#13819 = ORIENTED_EDGE('',*,*,#1397,.F.);
#13820 = CYLINDRICAL_SURFACE('',#13821,0.76);
#13821 = AXIS2_PLACEMENT_3D('',#13822,#13823,#13824);
#13822 = CARTESIAN_POINT('',(46.,64.741573253319,607.0282997332));
#13823 = DIRECTION('',(-1.,0.,-2.22044604925E-16));
#13824 = DIRECTION('',(8.580726752096E-17,-0.922313887333,
    -0.386441578033));
#13825 = ADVANCED_FACE('',(#13826),#13837,.F.);
#13826 = FACE_BOUND('',#13827,.F.);
#13827 = EDGE_LOOP('',(#13828,#13834,#13835,#13836));
#13828 = ORIENTED_EDGE('',*,*,#13829,.T.);
#13829 = EDGE_CURVE('',#2854,#7209,#13830,.T.);
#13830 = LINE('',#13831,#13832);
#13831 = CARTESIAN_POINT('',(46.,-62.48130715984,611.47879063214));
#13832 = VECTOR('',#13833,1.);
#13833 = DIRECTION('',(1.,0.,2.22044604925E-16));
#13834 = ORIENTED_EDGE('',*,*,#7217,.T.);
#13835 = ORIENTED_EDGE('',*,*,#13795,.F.);
#13836 = ORIENTED_EDGE('',*,*,#2862,.F.);
#13837 = SURFACE_OF_LINEAR_EXTRUSION('',#13838,#13844);
#13838 = B_SPLINE_CURVE_WITH_KNOTS('',4,(#13839,#13840,#13841,#13842,
    #13843),.UNSPECIFIED.,.F.,.F.,(5,5),(0.,1.),
  .PIECEWISE_BEZIER_KNOTS.);
#13839 = CARTESIAN_POINT('',(46.,-62.48130715984,611.47879063214));
#13840 = CARTESIAN_POINT('',(46.,-63.24785752435,611.6415659484));
#13841 = CARTESIAN_POINT('',(46.,-64.19477125734,611.79565212532));
#13842 = CARTESIAN_POINT('',(46.,-65.3244595143,611.91026532563));
#13843 = CARTESIAN_POINT('',(46.,-66.63127012779,611.95363584136));
#13844 = VECTOR('',#13845,1.);
#13845 = DIRECTION('',(-1.,-0.,-2.22044604925E-16));
#13846 = ADVANCED_FACE('',(#13847),#13858,.F.);
#13847 = FACE_BOUND('',#13848,.F.);
#13848 = EDGE_LOOP('',(#13849,#13850,#13851,#13857));
#13849 = ORIENTED_EDGE('',*,*,#13814,.T.);
#13850 = ORIENTED_EDGE('',*,*,#5761,.T.);
#13851 = ORIENTED_EDGE('',*,*,#13852,.F.);
#13852 = EDGE_CURVE('',#1407,#5762,#13853,.T.);
#13853 = LINE('',#13854,#13855);
#13854 = CARTESIAN_POINT('',(46.,67.307660029554,610.50311301609));
#13855 = VECTOR('',#13856,1.);
#13856 = DIRECTION('',(1.,0.,2.22044604925E-16));
#13857 = ORIENTED_EDGE('',*,*,#1406,.F.);
#13858 = SURFACE_OF_LINEAR_EXTRUSION('',#13859,#13865);
#13859 = B_SPLINE_CURVE_WITH_KNOTS('',4,(#13860,#13861,#13862,#13863,
    #13864),.UNSPECIFIED.,.F.,.F.,(5,5),(0.,1.),
  .PIECEWISE_BEZIER_KNOTS.);
#13860 = CARTESIAN_POINT('',(46.,64.276362719227,607.62928156235));
#13861 = CARTESIAN_POINT('',(46.,64.893784922233,608.111863253));
#13862 = CARTESIAN_POINT('',(46.,65.620486196832,608.73819657092));
#13863 = CARTESIAN_POINT('',(46.,66.434434616425,609.52991603755));
#13864 = CARTESIAN_POINT('',(46.,67.307660029554,610.50311301609));
#13865 = VECTOR('',#13866,1.);
#13866 = DIRECTION('',(-1.,-0.,-2.22044604925E-16));
#13867 = ADVANCED_FACE('',(#13868),#13879,.F.);
#13868 = FACE_BOUND('',#13869,.F.);
#13869 = EDGE_LOOP('',(#13870,#13876,#13877,#13878));
#13870 = ORIENTED_EDGE('',*,*,#13871,.T.);
#13871 = EDGE_CURVE('',#2845,#7200,#13872,.T.);
#13872 = LINE('',#13873,#13874);
#13873 = CARTESIAN_POINT('',(46.,-61.64440858095,611.8732847369));
#13874 = VECTOR('',#13875,1.);
#13875 = DIRECTION('',(1.,0.,2.22044604925E-16));
#13876 = ORIENTED_EDGE('',*,*,#7208,.T.);
#13877 = ORIENTED_EDGE('',*,*,#13829,.F.);
#13878 = ORIENTED_EDGE('',*,*,#2853,.F.);
#13879 = CYLINDRICAL_SURFACE('',#13880,0.76);
#13880 = AXIS2_PLACEMENT_3D('',#13881,#13882,#13883);
#13881 = CARTESIAN_POINT('',(46.,-62.31995993642,612.22146625008));
#13882 = DIRECTION('',(-1.,0.,-2.22044604925E-16));
#13883 = DIRECTION('',(1.017260875481E-16,0.888883362462,-0.458133569976
    ));
#13884 = ADVANCED_FACE('',(#13885),#13896,.T.);
#13885 = FACE_BOUND('',#13886,.F.);
#13886 = EDGE_LOOP('',(#13887,#13888,#13889,#13895));
#13887 = ORIENTED_EDGE('',*,*,#13852,.T.);
#13888 = ORIENTED_EDGE('',*,*,#5771,.T.);
#13889 = ORIENTED_EDGE('',*,*,#13890,.F.);
#13890 = EDGE_CURVE('',#1417,#5772,#13891,.T.);
#13891 = LINE('',#13892,#13893);
#13892 = CARTESIAN_POINT('',(46.,66.631267155477,611.9536594593));
#13893 = VECTOR('',#13894,1.);
#13894 = DIRECTION('',(1.,0.,2.22044604925E-16));
#13895 = ORIENTED_EDGE('',*,*,#1416,.F.);
#13896 = CYLINDRICAL_SURFACE('',#13897,73.896969596773);
#13897 = AXIS2_PLACEMENT_3D('',#13898,#13899,#13900);
#13898 = CARTESIAN_POINT('',(46.,-1.503933764369E-04,580.00031360919));
#13899 = DIRECTION('',(-1.,-0.,-2.22044604925E-16));
#13900 = DIRECTION('',(-9.165439503634E-17,0.910833161227,0.412774699333
    ));
#13901 = ADVANCED_FACE('',(#13902),#13913,.T.);
#13902 = FACE_BOUND('',#13903,.F.);
#13903 = EDGE_LOOP('',(#13904,#13910,#13911,#13912));
#13904 = ORIENTED_EDGE('',*,*,#13905,.T.);
#13905 = EDGE_CURVE('',#2836,#7191,#13906,.T.);
#13906 = LINE('',#13907,#13908);
#13907 = CARTESIAN_POINT('',(46.,-61.46684654527,612.21437823387));
#13908 = VECTOR('',#13909,1.);
#13909 = DIRECTION('',(1.,0.,2.22044604925E-16));
#13910 = ORIENTED_EDGE('',*,*,#7199,.T.);
#13911 = ORIENTED_EDGE('',*,*,#13871,.F.);
#13912 = ORIENTED_EDGE('',*,*,#2844,.F.);
#13913 = CYLINDRICAL_SURFACE('',#13914,69.396969596054);
#13914 = AXIS2_PLACEMENT_3D('',#13915,#13916,#13917);
#13915 = CARTESIAN_POINT('',(46.,-6.344720304696E-10,580.00000000033));
#13916 = DIRECTION('',(-1.,-0.,-2.22044604925E-16));
#13917 = DIRECTION('',(-1.030740813239E-16,-0.885728107472,
    0.464204394242));
#13918 = ADVANCED_FACE('',(#13919),#13930,.F.);
#13919 = FACE_BOUND('',#13920,.F.);
#13920 = EDGE_LOOP('',(#13921,#13922,#13923,#13929));
#13921 = ORIENTED_EDGE('',*,*,#13890,.T.);
#13922 = ORIENTED_EDGE('',*,*,#5780,.T.);
#13923 = ORIENTED_EDGE('',*,*,#13924,.F.);
#13924 = EDGE_CURVE('',#1426,#5781,#13925,.T.);
#13925 = LINE('',#13926,#13927);
#13926 = CARTESIAN_POINT('',(46.,62.481307590746,611.4787907002));
#13927 = VECTOR('',#13928,1.);
#13928 = DIRECTION('',(1.,0.,2.22044604925E-16));
#13929 = ORIENTED_EDGE('',*,*,#1425,.F.);
#13930 = SURFACE_OF_LINEAR_EXTRUSION('',#13931,#13937);
#13931 = B_SPLINE_CURVE_WITH_KNOTS('',4,(#13932,#13933,#13934,#13935,
    #13936),.UNSPECIFIED.,.F.,.F.,(5,5),(0.,1.),
  .PIECEWISE_BEZIER_KNOTS.);
#13932 = CARTESIAN_POINT('',(46.,66.631267155477,611.9536594593));
#13933 = CARTESIAN_POINT('',(46.,65.324459514309,611.91026532563));
#13934 = CARTESIAN_POINT('',(46.,64.194771257347,611.79565212532));
#13935 = CARTESIAN_POINT('',(46.,63.247857524356,611.6415659484));
#13936 = CARTESIAN_POINT('',(46.,62.481307590746,611.4787907002));
#13937 = VECTOR('',#13938,1.);
#13938 = DIRECTION('',(-1.,-0.,-2.22044604925E-16));
#13939 = ADVANCED_FACE('',(#13940),#13951,.F.);
#13940 = FACE_BOUND('',#13941,.F.);
#13941 = EDGE_LOOP('',(#13942,#13948,#13949,#13950));
#13942 = ORIENTED_EDGE('',*,*,#13943,.T.);
#13943 = EDGE_CURVE('',#2826,#7181,#13944,.T.);
#13944 = LINE('',#13945,#13946);
#13945 = CARTESIAN_POINT('',(46.,-61.62372150026,613.12619825234));
#13946 = VECTOR('',#13947,1.);
#13947 = DIRECTION('',(1.,0.,2.22044604925E-16));
#13948 = ORIENTED_EDGE('',*,*,#7190,.T.);
#13949 = ORIENTED_EDGE('',*,*,#13905,.F.);
#13950 = ORIENTED_EDGE('',*,*,#2835,.F.);
#13951 = CYLINDRICAL_SURFACE('',#13952,0.76);
#13952 = AXIS2_PLACEMENT_3D('',#13953,#13954,#13955);
#13953 = CARTESIAN_POINT('',(46.,-62.13954047059,612.56804881908));
#13954 = DIRECTION('',(-1.,0.,-2.22044604925E-16));
#13955 = DIRECTION('',(-1.630711452617E-16,0.678709171476,0.734407149036
    ));
#13956 = ADVANCED_FACE('',(#13957),#13968,.F.);
#13957 = FACE_BOUND('',#13958,.F.);
#13958 = EDGE_LOOP('',(#13959,#13960,#13961,#13967));
#13959 = ORIENTED_EDGE('',*,*,#13924,.T.);
#13960 = ORIENTED_EDGE('',*,*,#5790,.T.);
#13961 = ORIENTED_EDGE('',*,*,#13962,.F.);
#13962 = EDGE_CURVE('',#1436,#5791,#13963,.T.);
#13963 = LINE('',#13964,#13965);
#13964 = CARTESIAN_POINT('',(46.,61.64440858095,611.8732847369));
#13965 = VECTOR('',#13966,1.);
#13966 = DIRECTION('',(1.,0.,2.22044604925E-16));
#13967 = ORIENTED_EDGE('',*,*,#1435,.F.);
#13968 = CYLINDRICAL_SURFACE('',#13969,0.76);
#13969 = AXIS2_PLACEMENT_3D('',#13970,#13971,#13972);
#13970 = CARTESIAN_POINT('',(46.,62.319959948265,612.2214662271));
#13971 = DIRECTION('',(-1.,0.,-2.22044604925E-16));
#13972 = DIRECTION('',(2.169830183677E-16,0.212299529579,-0.977204640667
    ));
#13973 = ADVANCED_FACE('',(#13974),#13985,.F.);
#13974 = FACE_BOUND('',#13975,.F.);
#13975 = EDGE_LOOP('',(#13976,#13982,#13983,#13984));
#13976 = ORIENTED_EDGE('',*,*,#13977,.T.);
#13977 = EDGE_CURVE('',#2817,#7172,#13978,.T.);
#13978 = LINE('',#13979,#13980);
#13979 = CARTESIAN_POINT('',(46.,-64.3930302332,616.25327258293));
#13980 = VECTOR('',#13981,1.);
#13981 = DIRECTION('',(1.,0.,2.22044604925E-16));
#13982 = ORIENTED_EDGE('',*,*,#7180,.T.);
#13983 = ORIENTED_EDGE('',*,*,#13943,.F.);
#13984 = ORIENTED_EDGE('',*,*,#2825,.F.);
#13985 = SURFACE_OF_LINEAR_EXTRUSION('',#13986,#13992);
#13986 = B_SPLINE_CURVE_WITH_KNOTS('',4,(#13987,#13988,#13989,#13990,
    #13991),.UNSPECIFIED.,.F.,.F.,(5,5),(0.,1.),
  .PIECEWISE_BEZIER_KNOTS.);
#13987 = CARTESIAN_POINT('',(46.,-64.3930302332,616.25327258293));
#13988 = CARTESIAN_POINT('',(46.,-63.60792977007,615.20768828472));
#13989 = CARTESIAN_POINT('',(46.,-62.86608156811,614.34804127062));
#13990 = CARTESIAN_POINT('',(46.,-62.19673415679,613.66075515072));
#13991 = CARTESIAN_POINT('',(46.,-61.62372150026,613.12619825234));
#13992 = VECTOR('',#13993,1.);
#13993 = DIRECTION('',(-1.,-0.,-2.22044604925E-16));
#13994 = ADVANCED_FACE('',(#13995),#14006,.T.);
#13995 = FACE_BOUND('',#13996,.F.);
#13996 = EDGE_LOOP('',(#13997,#13998,#13999,#14005));
#13997 = ORIENTED_EDGE('',*,*,#13962,.T.);
#13998 = ORIENTED_EDGE('',*,*,#5799,.T.);
#13999 = ORIENTED_EDGE('',*,*,#14000,.F.);
#14000 = EDGE_CURVE('',#1445,#5800,#14001,.T.);
#14001 = LINE('',#14002,#14003);
#14002 = CARTESIAN_POINT('',(46.,61.466846545272,612.21437823387));
#14003 = VECTOR('',#14004,1.);
#14004 = DIRECTION('',(1.,0.,2.22044604925E-16));
#14005 = ORIENTED_EDGE('',*,*,#1444,.F.);
#14006 = CYLINDRICAL_SURFACE('',#14007,69.396969601228);
#14007 = AXIS2_PLACEMENT_3D('',#14008,#14009,#14010);
#14008 = CARTESIAN_POINT('',(46.,-3.952809635166E-09,579.99999999794));
#14009 = DIRECTION('',(-1.,-0.,-2.22044604925E-16));
#14010 = DIRECTION('',(-1.019827084409E-16,0.888286749971,0.459289287733
    ));
#14011 = ADVANCED_FACE('',(#14012),#14023,.T.);
#14012 = FACE_BOUND('',#14013,.F.);
#14013 = EDGE_LOOP('',(#14014,#14020,#14021,#14022));
#14014 = ORIENTED_EDGE('',*,*,#14015,.T.);
#14015 = EDGE_CURVE('',#2807,#7162,#14016,.T.);
#14016 = LINE('',#14017,#14018);
#14017 = CARTESIAN_POINT('',(46.,-63.59277516319,617.63934044813));
#14018 = VECTOR('',#14019,1.);
#14019 = DIRECTION('',(1.,0.,2.22044604925E-16));
#14020 = ORIENTED_EDGE('',*,*,#7171,.T.);
#14021 = ORIENTED_EDGE('',*,*,#13977,.F.);
#14022 = ORIENTED_EDGE('',*,*,#2816,.F.);
#14023 = CYLINDRICAL_SURFACE('',#14024,73.89696959701);
#14024 = AXIS2_PLACEMENT_3D('',#14025,#14026,#14027);
#14025 = CARTESIAN_POINT('',(46.,-1.706313137788E-04,579.99969692599));
#14026 = DIRECTION('',(-1.,-0.,-2.22044604925E-16));
#14027 = DIRECTION('',(-1.130990867551E-16,-0.860557677516,
    0.509353004966));
#14028 = ADVANCED_FACE('',(#14029),#14040,.F.);
#14029 = FACE_BOUND('',#14030,.F.);
#14030 = EDGE_LOOP('',(#14031,#14032,#14033,#14039));
#14031 = ORIENTED_EDGE('',*,*,#14000,.T.);
#14032 = ORIENTED_EDGE('',*,*,#5808,.T.);
#14033 = ORIENTED_EDGE('',*,*,#14034,.F.);
#14034 = EDGE_CURVE('',#1454,#5809,#14035,.T.);
#14035 = LINE('',#14036,#14037);
#14036 = CARTESIAN_POINT('',(46.,61.623721197365,613.12619793841));
#14037 = VECTOR('',#14038,1.);
#14038 = DIRECTION('',(1.,0.,2.22044604925E-16));
#14039 = ORIENTED_EDGE('',*,*,#1453,.F.);
#14040 = CYLINDRICAL_SURFACE('',#14041,0.76);
#14041 = AXIS2_PLACEMENT_3D('',#14042,#14043,#14044);
#14042 = CARTESIAN_POINT('',(46.,62.139540482621,612.56804879619));
#14043 = DIRECTION('',(-1.,0.,-2.22044604925E-16));
#14044 = DIRECTION('',(1.03329789848E-16,-0.885123601775,-0.465356003056
    ));
#14045 = ADVANCED_FACE('',(#14046),#14057,.F.);
#14046 = FACE_BOUND('',#14047,.F.);
#14047 = EDGE_LOOP('',(#14048,#14054,#14055,#14056));
#14048 = ORIENTED_EDGE('',*,*,#14049,.T.);
#14049 = EDGE_CURVE('',#2798,#7153,#14050,.T.);
#14050 = LINE('',#14051,#14052);
#14051 = CARTESIAN_POINT('',(46.,-59.49998954414,616.80460906344));
#14052 = VECTOR('',#14053,1.);
#14053 = DIRECTION('',(1.,0.,2.22044604925E-16));
#14054 = ORIENTED_EDGE('',*,*,#7161,.T.);
#14055 = ORIENTED_EDGE('',*,*,#14015,.F.);
#14056 = ORIENTED_EDGE('',*,*,#2806,.F.);
#14057 = SURFACE_OF_LINEAR_EXTRUSION('',#14058,#14064);
#14058 = B_SPLINE_CURVE_WITH_KNOTS('',4,(#14059,#14060,#14061,#14062,
    #14063),.UNSPECIFIED.,.F.,.F.,(5,5),(0.,1.),
  .PIECEWISE_BEZIER_KNOTS.);
#14059 = CARTESIAN_POINT('',(46.,-59.49998954414,616.80460906344));
#14060 = CARTESIAN_POINT('',(46.,-60.24943614949,617.03357423685));
#14061 = CARTESIAN_POINT('',(46.,-61.17931709465,617.26960303906));
#14062 = CARTESIAN_POINT('',(46.,-62.29471734813,617.48223892066));
#14063 = CARTESIAN_POINT('',(46.,-63.59277516319,617.63934044813));
#14064 = VECTOR('',#14065,1.);
#14065 = DIRECTION('',(-1.,-0.,-2.22044604925E-16));
#14066 = ADVANCED_FACE('',(#14067),#14078,.F.);
#14067 = FACE_BOUND('',#14068,.F.);
#14068 = EDGE_LOOP('',(#14069,#14070,#14071,#14077));
#14069 = ORIENTED_EDGE('',*,*,#14034,.T.);
#14070 = ORIENTED_EDGE('',*,*,#5817,.T.);
#14071 = ORIENTED_EDGE('',*,*,#14072,.F.);
#14072 = EDGE_CURVE('',#1463,#5818,#14073,.T.);
#14073 = LINE('',#14074,#14075);
#14074 = CARTESIAN_POINT('',(46.,64.393012591371,616.2532885644));
#14075 = VECTOR('',#14076,1.);
#14076 = DIRECTION('',(1.,0.,2.22044604925E-16));
#14077 = ORIENTED_EDGE('',*,*,#1462,.F.);
#14078 = SURFACE_OF_LINEAR_EXTRUSION('',#14079,#14085);
#14079 = B_SPLINE_CURVE_WITH_KNOTS('',4,(#14080,#14081,#14082,#14083,
    #14084),.UNSPECIFIED.,.F.,.F.,(5,5),(0.,1.),
  .PIECEWISE_BEZIER_KNOTS.);
#14080 = CARTESIAN_POINT('',(46.,61.623721197365,613.12619793841));
#14081 = CARTESIAN_POINT('',(46.,62.196734156799,613.66075515072));
#14082 = CARTESIAN_POINT('',(46.,62.866081568119,614.34804127062));
#14083 = CARTESIAN_POINT('',(46.,63.607929770077,615.20768828472));
#14084 = CARTESIAN_POINT('',(46.,64.393012591371,616.2532885644));
#14085 = VECTOR('',#14086,1.);
#14086 = DIRECTION('',(-1.,-0.,-2.22044604925E-16));
#14087 = ADVANCED_FACE('',(#14088),#14099,.F.);
#14088 = FACE_BOUND('',#14089,.F.);
#14089 = EDGE_LOOP('',(#14090,#14096,#14097,#14098));
#14090 = ORIENTED_EDGE('',*,*,#14091,.T.);
#14091 = EDGE_CURVE('',#2789,#7144,#14092,.T.);
#14092 = LINE('',#14093,#14094);
#14093 = CARTESIAN_POINT('',(46.,-58.63189319029,617.12466148178));
#14094 = VECTOR('',#14095,1.);
#14095 = DIRECTION('',(1.,0.,2.22044604925E-16));
#14096 = ORIENTED_EDGE('',*,*,#7152,.T.);
#14097 = ORIENTED_EDGE('',*,*,#14049,.F.);
#14098 = ORIENTED_EDGE('',*,*,#2797,.F.);
#14099 = CYLINDRICAL_SURFACE('',#14100,0.76);
#14100 = AXIS2_PLACEMENT_3D('',#14101,#14102,#14103);
#14101 = CARTESIAN_POINT('',(46.,-59.2745278505,617.53039623934));
#14102 = DIRECTION('',(-1.,0.,-2.22044604925E-16));
#14103 = DIRECTION('',(1.185410709812E-16,0.845571921338,-0.533861523099
    ));
#14104 = ADVANCED_FACE('',(#14105),#14116,.T.);
#14105 = FACE_BOUND('',#14106,.F.);
#14106 = EDGE_LOOP('',(#14107,#14108,#14109,#14115));
#14107 = ORIENTED_EDGE('',*,*,#14072,.T.);
#14108 = ORIENTED_EDGE('',*,*,#5827,.T.);
#14109 = ORIENTED_EDGE('',*,*,#14110,.F.);
#14110 = EDGE_CURVE('',#1473,#5828,#14111,.T.);
#14111 = LINE('',#14112,#14113);
#14112 = CARTESIAN_POINT('',(46.,63.592770143739,617.63936371714));
#14113 = VECTOR('',#14114,1.);
#14114 = DIRECTION('',(1.,0.,2.22044604925E-16));
#14115 = ORIENTED_EDGE('',*,*,#1472,.F.);
#14116 = CYLINDRICAL_SURFACE('',#14117,73.896969596785);
#14117 = AXIS2_PLACEMENT_3D('',#14118,#14119,#14120);
#14118 = CARTESIAN_POINT('',(46.,-1.771539367965E-04,580.00029930816));
#14119 = DIRECTION('',(-1.,-0.,-2.22044604925E-16));
#14120 = DIRECTION('',(-1.089324869569E-16,0.871391480553,0.490588307667
    ));
#14121 = ADVANCED_FACE('',(#14122),#14133,.T.);
#14122 = FACE_BOUND('',#14123,.F.);
#14123 = EDGE_LOOP('',(#14124,#14130,#14131,#14132));
#14124 = ORIENTED_EDGE('',*,*,#14125,.T.);
#14125 = EDGE_CURVE('',#2780,#7135,#14126,.T.);
#14126 = LINE('',#14127,#14128);
#14127 = CARTESIAN_POINT('',(46.,-58.42527857469,617.44898146391));
#14128 = VECTOR('',#14129,1.);
#14129 = DIRECTION('',(1.,0.,2.22044604925E-16));
#14130 = ORIENTED_EDGE('',*,*,#7143,.T.);
#14131 = ORIENTED_EDGE('',*,*,#14091,.F.);
#14132 = ORIENTED_EDGE('',*,*,#2788,.F.);
#14133 = CYLINDRICAL_SURFACE('',#14134,69.396969594388);
#14134 = AXIS2_PLACEMENT_3D('',#14135,#14136,#14137);
#14135 = CARTESIAN_POINT('',(46.,-2.008448518609E-09,580.00000000128));
#14136 = DIRECTION('',(-1.,-0.,-2.22044604925E-16));
#14137 = DIRECTION('',(-1.198228732799E-16,-0.841899565848,
    0.539634247454));
#14138 = ADVANCED_FACE('',(#14139),#14150,.F.);
#14139 = FACE_BOUND('',#14140,.F.);
#14140 = EDGE_LOOP('',(#14141,#14142,#14143,#14149));
#14141 = ORIENTED_EDGE('',*,*,#14110,.T.);
#14142 = ORIENTED_EDGE('',*,*,#5836,.T.);
#14143 = ORIENTED_EDGE('',*,*,#14144,.F.);
#14144 = EDGE_CURVE('',#1482,#5837,#14145,.T.);
#14145 = LINE('',#14146,#14147);
#14146 = CARTESIAN_POINT('',(46.,59.499989967466,616.80460916879));
#14147 = VECTOR('',#14148,1.);
#14148 = DIRECTION('',(1.,0.,2.22044604925E-16));
#14149 = ORIENTED_EDGE('',*,*,#1481,.F.);
#14150 = SURFACE_OF_LINEAR_EXTRUSION('',#14151,#14157);
#14151 = B_SPLINE_CURVE_WITH_KNOTS('',4,(#14152,#14153,#14154,#14155,
    #14156),.UNSPECIFIED.,.F.,.F.,(5,5),(0.,1.),
  .PIECEWISE_BEZIER_KNOTS.);
#14152 = CARTESIAN_POINT('',(46.,63.592770143739,617.63936371714));
#14153 = CARTESIAN_POINT('',(46.,62.294717348132,617.48223892066));
#14154 = CARTESIAN_POINT('',(46.,61.179317094653,617.26960303906));
#14155 = CARTESIAN_POINT('',(46.,60.249436149493,617.03357423685));
#14156 = CARTESIAN_POINT('',(46.,59.499989967466,616.80460916879));
#14157 = VECTOR('',#14158,1.);
#14158 = DIRECTION('',(-1.,-0.,-2.22044604925E-16));
#14159 = ADVANCED_FACE('',(#14160),#14171,.F.);
#14160 = FACE_BOUND('',#14161,.F.);
#14161 = EDGE_LOOP('',(#14162,#14168,#14169,#14170));
#14162 = ORIENTED_EDGE('',*,*,#14163,.T.);
#14163 = EDGE_CURVE('',#2770,#7125,#14164,.T.);
#14164 = LINE('',#14165,#14166);
#14165 = CARTESIAN_POINT('',(46.,-58.50208622216,618.37100428515));
#14166 = VECTOR('',#14167,1.);
#14167 = DIRECTION('',(1.,0.,2.22044604925E-16));
#14168 = ORIENTED_EDGE('',*,*,#7134,.T.);
#14169 = ORIENTED_EDGE('',*,*,#14125,.F.);
#14170 = ORIENTED_EDGE('',*,*,#2779,.F.);
#14171 = CYLINDRICAL_SURFACE('',#14172,0.76);
#14172 = AXIS2_PLACEMENT_3D('',#14173,#14174,#14175);
#14173 = CARTESIAN_POINT('',(46.,-59.06458827399,617.85993536447));
#14174 = DIRECTION('',(-1.,0.,-2.22044604925E-16));
#14175 = DIRECTION('',(-1.493159165556E-16,0.740134278724,0.67245910616)
  );
#14176 = ADVANCED_FACE('',(#14177),#14188,.F.);
#14177 = FACE_BOUND('',#14178,.F.);
#14178 = EDGE_LOOP('',(#14179,#14180,#14181,#14187));
#14179 = ORIENTED_EDGE('',*,*,#14144,.T.);
#14180 = ORIENTED_EDGE('',*,*,#5846,.T.);
#14181 = ORIENTED_EDGE('',*,*,#14182,.F.);
#14182 = EDGE_CURVE('',#1492,#5847,#14183,.T.);
#14183 = LINE('',#14184,#14185);
#14184 = CARTESIAN_POINT('',(46.,58.631893190291,617.12466148178));
#14185 = VECTOR('',#14186,1.);
#14186 = DIRECTION('',(1.,0.,2.22044604925E-16));
#14187 = ORIENTED_EDGE('',*,*,#1491,.F.);
#14188 = CYLINDRICAL_SURFACE('',#14189,0.76);
#14189 = AXIS2_PLACEMENT_3D('',#14190,#14191,#14192);
#14190 = CARTESIAN_POINT('',(46.,59.27452786431,617.53039621748));
#14191 = DIRECTION('',(-1.,0.,-2.22044604925E-16));
#14192 = DIRECTION('',(2.120488137963E-16,0.296660662048,-0.954982958797
    ));
#14193 = ADVANCED_FACE('',(#14194),#14205,.F.);
#14194 = FACE_BOUND('',#14195,.F.);
#14195 = EDGE_LOOP('',(#14196,#14202,#14203,#14204));
#14196 = ORIENTED_EDGE('',*,*,#14197,.T.);
#14197 = EDGE_CURVE('',#2761,#7116,#14198,.T.);
#14198 = LINE('',#14199,#14200);
#14199 = CARTESIAN_POINT('',(46.,-60.98831441337,621.72754031333));
#14200 = VECTOR('',#14201,1.);
#14201 = DIRECTION('',(1.,0.,2.22044604925E-16));
#14202 = ORIENTED_EDGE('',*,*,#7124,.T.);
#14203 = ORIENTED_EDGE('',*,*,#14163,.F.);
#14204 = ORIENTED_EDGE('',*,*,#2769,.F.);
#14205 = SURFACE_OF_LINEAR_EXTRUSION('',#14206,#14212);
#14206 = B_SPLINE_CURVE_WITH_KNOTS('',4,(#14207,#14208,#14209,#14210,
    #14211),.UNSPECIFIED.,.F.,.F.,(5,5),(0.,1.),
  .PIECEWISE_BEZIER_KNOTS.);
#14207 = CARTESIAN_POINT('',(46.,-60.98831441337,621.72754031333));
#14208 = CARTESIAN_POINT('',(46.,-60.29733017065,620.61750876506));
#14209 = CARTESIAN_POINT('',(46.,-59.63322809909,619.69647663633));
#14210 = CARTESIAN_POINT('',(46.,-59.02632868901,618.95346837682));
#14211 = CARTESIAN_POINT('',(46.,-58.50208622216,618.37100428515));
#14212 = VECTOR('',#14213,1.);
#14213 = DIRECTION('',(-1.,-0.,-2.22044604925E-16));
#14214 = ADVANCED_FACE('',(#14215),#14226,.T.);
#14215 = FACE_BOUND('',#14216,.F.);
#14216 = EDGE_LOOP('',(#14217,#14218,#14219,#14225));
#14217 = ORIENTED_EDGE('',*,*,#14182,.T.);
#14218 = ORIENTED_EDGE('',*,*,#5855,.T.);
#14219 = ORIENTED_EDGE('',*,*,#14220,.F.);
#14220 = EDGE_CURVE('',#1501,#5856,#14221,.T.);
#14221 = LINE('',#14222,#14223);
#14222 = CARTESIAN_POINT('',(46.,58.425278574691,617.44898146391));
#14223 = VECTOR('',#14224,1.);
#14224 = DIRECTION('',(1.,0.,2.22044604925E-16));
#14225 = ORIENTED_EDGE('',*,*,#1500,.F.);
#14226 = CYLINDRICAL_SURFACE('',#14227,69.396969594276);
#14227 = AXIS2_PLACEMENT_3D('',#14228,#14229,#14230);
#14228 = CARTESIAN_POINT('',(46.,2.105046803536E-09,580.00000000133));
#14229 = DIRECTION('',(-1.,-0.,-2.22044604925E-16));
#14230 = DIRECTION('',(-1.187851694331E-16,0.844876851698,0.534960844796
    ));
#14231 = ADVANCED_FACE('',(#14232),#14243,.T.);
#14232 = FACE_BOUND('',#14233,.F.);
#14233 = EDGE_LOOP('',(#14234,#14240,#14241,#14242));
#14234 = ORIENTED_EDGE('',*,*,#14235,.T.);
#14235 = EDGE_CURVE('',#2751,#7106,#14236,.T.);
#14236 = LINE('',#14237,#14238);
#14237 = CARTESIAN_POINT('',(46.,-60.07030078122,623.03858694683));
#14238 = VECTOR('',#14239,1.);
#14239 = DIRECTION('',(1.,0.,2.22044604925E-16));
#14240 = ORIENTED_EDGE('',*,*,#7115,.T.);
#14241 = ORIENTED_EDGE('',*,*,#14197,.F.);
#14242 = ORIENTED_EDGE('',*,*,#2760,.F.);
#14243 = CYLINDRICAL_SURFACE('',#14244,73.896969596836);
#14244 = AXIS2_PLACEMENT_3D('',#14245,#14246,#14247);
#14245 = CARTESIAN_POINT('',(46.,-1.963967931751E-04,579.99971295088));
#14246 = DIRECTION('',(-1.,-0.,-2.22044604925E-16));
#14247 = DIRECTION('',(-1.293226207379E-16,-0.812889956275,
    0.582417306566));
#14248 = ADVANCED_FACE('',(#14249),#14260,.F.);
#14249 = FACE_BOUND('',#14250,.F.);
#14250 = EDGE_LOOP('',(#14251,#14252,#14253,#14259));
#14251 = ORIENTED_EDGE('',*,*,#14220,.T.);
#14252 = ORIENTED_EDGE('',*,*,#5864,.T.);
#14253 = ORIENTED_EDGE('',*,*,#14254,.F.);
#14254 = EDGE_CURVE('',#1510,#5865,#14255,.T.);
#14255 = LINE('',#14256,#14257);
#14256 = CARTESIAN_POINT('',(46.,58.502085947771,618.37100394601));
#14257 = VECTOR('',#14258,1.);
#14258 = DIRECTION('',(1.,0.,2.22044604925E-16));
#14259 = ORIENTED_EDGE('',*,*,#1509,.F.);
#14260 = CYLINDRICAL_SURFACE('',#14261,0.76);
#14261 = AXIS2_PLACEMENT_3D('',#14262,#14263,#14264);
#14262 = CARTESIAN_POINT('',(46.,59.06458828797,617.85993534272));
#14263 = DIRECTION('',(-1.,0.,-2.22044604925E-16));
#14264 = DIRECTION('',(1.200659100821E-16,-0.841196991156,
    -0.540728787906));
#14265 = ADVANCED_FACE('',(#14266),#14277,.F.);
#14266 = FACE_BOUND('',#14267,.F.);
#14267 = EDGE_LOOP('',(#14268,#14274,#14275,#14276));
#14268 = ORIENTED_EDGE('',*,*,#14269,.T.);
#14269 = EDGE_CURVE('',#2742,#7097,#14270,.T.);
#14270 = LINE('',#14271,#14272);
#14271 = CARTESIAN_POINT('',(46.,-56.06584108092,621.85032219653));
#14272 = VECTOR('',#14273,1.);
#14273 = DIRECTION('',(1.,0.,2.22044604925E-16));
#14274 = ORIENTED_EDGE('',*,*,#7105,.T.);
#14275 = ORIENTED_EDGE('',*,*,#14235,.F.);
#14276 = ORIENTED_EDGE('',*,*,#2750,.F.);
#14277 = SURFACE_OF_LINEAR_EXTRUSION('',#14278,#14284);
#14278 = B_SPLINE_CURVE_WITH_KNOTS('',4,(#14279,#14280,#14281,#14282,
    #14283),.UNSPECIFIED.,.F.,.F.,(5,5),(0.,1.),
  .PIECEWISE_BEZIER_KNOTS.);
#14279 = CARTESIAN_POINT('',(46.,-56.06584108092,621.85032219653));
#14280 = CARTESIAN_POINT('',(46.,-56.79248018592,622.14373466387));
#14281 = CARTESIAN_POINT('',(46.,-57.69825138778,622.45990976968));
#14282 = CARTESIAN_POINT('',(46.,-58.79087476835,622.7689500451));
#14283 = CARTESIAN_POINT('',(46.,-60.07030078122,623.03858694683));
#14284 = VECTOR('',#14285,1.);
#14285 = DIRECTION('',(-1.,-0.,-2.22044604925E-16));
#14286 = ADVANCED_FACE('',(#14287),#14298,.F.);
#14287 = FACE_BOUND('',#14288,.F.);
#14288 = EDGE_LOOP('',(#14289,#14290,#14291,#14297));
#14289 = ORIENTED_EDGE('',*,*,#14254,.T.);
#14290 = ORIENTED_EDGE('',*,*,#5873,.T.);
#14291 = ORIENTED_EDGE('',*,*,#14292,.F.);
#14292 = EDGE_CURVE('',#1519,#5874,#14293,.T.);
#14293 = LINE('',#14294,#14295);
#14294 = CARTESIAN_POINT('',(46.,60.988295445802,621.72755469641));
#14295 = VECTOR('',#14296,1.);
#14296 = DIRECTION('',(1.,0.,2.22044604925E-16));
#14297 = ORIENTED_EDGE('',*,*,#1518,.F.);
#14298 = SURFACE_OF_LINEAR_EXTRUSION('',#14299,#14305);
#14299 = B_SPLINE_CURVE_WITH_KNOTS('',4,(#14300,#14301,#14302,#14303,
    #14304),.UNSPECIFIED.,.F.,.F.,(5,5),(0.,1.),
  .PIECEWISE_BEZIER_KNOTS.);
#14300 = CARTESIAN_POINT('',(46.,58.502085947771,618.37100394601));
#14301 = CARTESIAN_POINT('',(46.,59.026328689016,618.95346837682));
#14302 = CARTESIAN_POINT('',(46.,59.633228099096,619.69647663633));
#14303 = CARTESIAN_POINT('',(46.,60.297330170659,620.61750876506));
#14304 = CARTESIAN_POINT('',(46.,60.988295445802,621.72755469641));
#14305 = VECTOR('',#14306,1.);
#14306 = DIRECTION('',(-1.,-0.,-2.22044604925E-16));
#14307 = ADVANCED_FACE('',(#14308),#14319,.F.);
#14308 = FACE_BOUND('',#14309,.F.);
#14309 = EDGE_LOOP('',(#14310,#14316,#14317,#14318));
#14310 = ORIENTED_EDGE('',*,*,#14311,.T.);
#14311 = EDGE_CURVE('',#2733,#7088,#14312,.T.);
#14312 = LINE('',#14313,#14314);
#14313 = CARTESIAN_POINT('',(46.,-55.17315368954,622.0934971363));
#14314 = VECTOR('',#14315,1.);
#14315 = DIRECTION('',(1.,0.,2.22044604925E-16));
#14316 = ORIENTED_EDGE('',*,*,#7096,.T.);
#14317 = ORIENTED_EDGE('',*,*,#14269,.F.);
#14318 = ORIENTED_EDGE('',*,*,#2741,.F.);
#14319 = CYLINDRICAL_SURFACE('',#14320,0.76);
#14320 = AXIS2_PLACEMENT_3D('',#14321,#14322,#14323);
#14321 = CARTESIAN_POINT('',(46.,-55.77798081671,622.55369725174));
#14322 = DIRECTION('',(-1.,0.,-2.22044604925E-16));
#14323 = DIRECTION('',(1.34453885287E-16,0.795825167322,-0.605526467677)
  );
#14324 = ADVANCED_FACE('',(#14325),#14336,.T.);
#14325 = FACE_BOUND('',#14326,.F.);
#14326 = EDGE_LOOP('',(#14327,#14328,#14329,#14335));
#14327 = ORIENTED_EDGE('',*,*,#14292,.T.);
#14328 = ORIENTED_EDGE('',*,*,#5883,.T.);
#14329 = ORIENTED_EDGE('',*,*,#14330,.F.);
#14330 = EDGE_CURVE('',#1529,#5884,#14331,.T.);
#14331 = LINE('',#14332,#14333);
#14332 = CARTESIAN_POINT('',(46.,60.070293752843,623.03860968982));
#14333 = VECTOR('',#14334,1.);
#14334 = DIRECTION('',(1.,0.,2.22044604925E-16));
#14335 = ORIENTED_EDGE('',*,*,#1528,.F.);
#14336 = CYLINDRICAL_SURFACE('',#14337,73.896969597024);
#14337 = AXIS2_PLACEMENT_3D('',#14338,#14339,#14340);
#14338 = CARTESIAN_POINT('',(46.,-2.025664348615E-04,580.00028272909));
#14339 = DIRECTION('',(-1.,-0.,-2.22044604925E-16));
#14340 = DIRECTION('',(-1.253815368764E-16,0.825317984551,0.564668242756
    ));
#14341 = ADVANCED_FACE('',(#14342),#14353,.T.);
#14342 = FACE_BOUND('',#14343,.F.);
#14343 = EDGE_LOOP('',(#14344,#14350,#14351,#14352));
#14344 = ORIENTED_EDGE('',*,*,#14345,.T.);
#14345 = EDGE_CURVE('',#2724,#7079,#14346,.T.);
#14346 = LINE('',#14347,#14348);
#14347 = CARTESIAN_POINT('',(46.,-54.93905895601,622.3985753327));
#14348 = VECTOR('',#14349,1.);
#14349 = DIRECTION('',(1.,0.,2.22044604925E-16));
#14350 = ORIENTED_EDGE('',*,*,#7087,.T.);
#14351 = ORIENTED_EDGE('',*,*,#14311,.F.);
#14352 = ORIENTED_EDGE('',*,*,#2732,.F.);
#14353 = CYLINDRICAL_SURFACE('',#14354,69.396969595653);
#14354 = AXIS2_PLACEMENT_3D('',#14355,#14356,#14357);
#14355 = CARTESIAN_POINT('',(46.,-8.842953036492E-10,580.00000000068));
#14356 = DIRECTION('',(-1.,-0.,-2.22044604925E-16));
#14357 = DIRECTION('',(-1.356597408192E-16,-0.791663660175,
    0.610957158202));
#14358 = ADVANCED_FACE('',(#14359),#14370,.F.);
#14359 = FACE_BOUND('',#14360,.F.);
#14360 = EDGE_LOOP('',(#14361,#14362,#14363,#14369));
#14361 = ORIENTED_EDGE('',*,*,#14330,.T.);
#14362 = ORIENTED_EDGE('',*,*,#5892,.T.);
#14363 = ORIENTED_EDGE('',*,*,#14364,.F.);
#14364 = EDGE_CURVE('',#1538,#5893,#14365,.T.);
#14365 = LINE('',#14366,#14367);
#14366 = CARTESIAN_POINT('',(46.,56.065841493458,621.85032233838));
#14367 = VECTOR('',#14368,1.);
#14368 = DIRECTION('',(1.,0.,2.22044604925E-16));
#14369 = ORIENTED_EDGE('',*,*,#1537,.F.);
#14370 = SURFACE_OF_LINEAR_EXTRUSION('',#14371,#14377);
#14371 = B_SPLINE_CURVE_WITH_KNOTS('',4,(#14372,#14373,#14374,#14375,
    #14376),.UNSPECIFIED.,.F.,.F.,(5,5),(0.,1.),
  .PIECEWISE_BEZIER_KNOTS.);
#14372 = CARTESIAN_POINT('',(46.,60.070293752843,623.03860968982));
#14373 = CARTESIAN_POINT('',(46.,58.790874768358,622.7689500451));
#14374 = CARTESIAN_POINT('',(46.,57.698251387787,622.45990976968));
#14375 = CARTESIAN_POINT('',(46.,56.792480185929,622.14373466387));
#14376 = CARTESIAN_POINT('',(46.,56.065841493458,621.85032233838));
#14377 = VECTOR('',#14378,1.);
#14378 = DIRECTION('',(-1.,-0.,-2.22044604925E-16));
#14379 = ADVANCED_FACE('',(#14380),#14391,.F.);
#14380 = FACE_BOUND('',#14381,.F.);
#14381 = EDGE_LOOP('',(#14382,#14388,#14389,#14390));
#14382 = ORIENTED_EDGE('',*,*,#14383,.T.);
#14383 = EDGE_CURVE('',#2714,#7069,#14384,.T.);
#14384 = LINE('',#14385,#14386);
#14385 = CARTESIAN_POINT('',(46.,-54.93521474337,623.3237838063));
#14386 = VECTOR('',#14387,1.);
#14387 = DIRECTION('',(1.,0.,2.22044604925E-16));
#14388 = ORIENTED_EDGE('',*,*,#7078,.T.);
#14389 = ORIENTED_EDGE('',*,*,#14345,.F.);
#14390 = ORIENTED_EDGE('',*,*,#2723,.F.);
#14391 = CYLINDRICAL_SURFACE('',#14392,0.76);
#14392 = AXIS2_PLACEMENT_3D('',#14393,#14394,#14395);
#14393 = CARTESIAN_POINT('',(46.,-55.54011889645,622.86368494128));
#14394 = DIRECTION('',(-1.,0.,-2.22044604925E-16));
#14395 = DIRECTION('',(-1.344243035651E-16,0.795926517206,0.605393243445
    ));
#14396 = ADVANCED_FACE('',(#14397),#14408,.F.);
#14397 = FACE_BOUND('',#14398,.F.);
#14398 = EDGE_LOOP('',(#14399,#14400,#14401,#14407));
#14399 = ORIENTED_EDGE('',*,*,#14364,.T.);
#14400 = ORIENTED_EDGE('',*,*,#5902,.T.);
#14401 = ORIENTED_EDGE('',*,*,#14402,.F.);
#14402 = EDGE_CURVE('',#1548,#5903,#14403,.T.);
#14403 = LINE('',#14404,#14405);
#14404 = CARTESIAN_POINT('',(46.,55.173153689549,622.0934971363));
#14405 = VECTOR('',#14406,1.);
#14406 = DIRECTION('',(1.,0.,2.22044604925E-16));
#14407 = ORIENTED_EDGE('',*,*,#1547,.F.);
#14408 = CYLINDRICAL_SURFACE('',#14409,0.76);
#14409 = AXIS2_PLACEMENT_3D('',#14410,#14411,#14412);
#14410 = CARTESIAN_POINT('',(46.,55.777980832368,622.55369723116));
#14411 = DIRECTION('',(-1.,0.,-2.22044604925E-16));
#14412 = DIRECTION('',(2.055007897133E-16,0.37876402775,-0.925493279977)
  );
#14413 = ADVANCED_FACE('',(#14414),#14425,.F.);
#14414 = FACE_BOUND('',#14415,.F.);
#14415 = EDGE_LOOP('',(#14416,#14422,#14423,#14424));
#14416 = ORIENTED_EDGE('',*,*,#14417,.T.);
#14417 = EDGE_CURVE('',#2705,#7060,#14418,.T.);
#14418 = LINE('',#14419,#14420);
#14419 = CARTESIAN_POINT('',(46.,-57.11944069511,626.88423626618));
#14420 = VECTOR('',#14421,1.);
#14421 = DIRECTION('',(1.,0.,2.22044604925E-16));
#14422 = ORIENTED_EDGE('',*,*,#7068,.T.);
#14423 = ORIENTED_EDGE('',*,*,#14383,.F.);
#14424 = ORIENTED_EDGE('',*,*,#2713,.F.);
#14425 = SURFACE_OF_LINEAR_EXTRUSION('',#14426,#14432);
#14426 = B_SPLINE_CURVE_WITH_KNOTS('',4,(#14427,#14428,#14429,#14430,
    #14431),.UNSPECIFIED.,.F.,.F.,(5,5),(0.,1.),
  .PIECEWISE_BEZIER_KNOTS.);
#14427 = CARTESIAN_POINT('',(46.,-57.11944069511,626.88423626618));
#14428 = CARTESIAN_POINT('',(46.,-56.52783148012,625.71820547817));
#14429 = CARTESIAN_POINT('',(46.,-55.94652975671,624.74279784545));
#14430 = CARTESIAN_POINT('',(46.,-55.40669721883,623.94972218784));
#14431 = CARTESIAN_POINT('',(46.,-54.93521474337,623.3237838063));
#14432 = VECTOR('',#14433,1.);
#14433 = DIRECTION('',(-1.,-0.,-2.22044604925E-16));
#14434 = ADVANCED_FACE('',(#14435),#14446,.T.);
#14435 = FACE_BOUND('',#14436,.F.);
#14436 = EDGE_LOOP('',(#14437,#14438,#14439,#14445));
#14437 = ORIENTED_EDGE('',*,*,#14402,.T.);
#14438 = ORIENTED_EDGE('',*,*,#5911,.T.);
#14439 = ORIENTED_EDGE('',*,*,#14440,.F.);
#14440 = EDGE_CURVE('',#1557,#5912,#14441,.T.);
#14441 = LINE('',#14442,#14443);
#14442 = CARTESIAN_POINT('',(46.,54.93905895601,622.3985753327));
#14443 = VECTOR('',#14444,1.);
#14444 = DIRECTION('',(1.,0.,2.22044604925E-16));
#14445 = ORIENTED_EDGE('',*,*,#1556,.F.);
#14446 = CYLINDRICAL_SURFACE('',#14447,69.39696959577);
#14447 = AXIS2_PLACEMENT_3D('',#14448,#14449,#14450);
#14448 = CARTESIAN_POINT('',(46.,7.947846825118E-10,580.0000000006));
#14449 = DIRECTION('',(-1.,-0.,-2.22044604925E-16));
#14450 = DIRECTION('',(-1.346836035616E-16,0.795036930433,0.606561026813
    ));
#14451 = ADVANCED_FACE('',(#14452),#14463,.T.);
#14452 = FACE_BOUND('',#14453,.F.);
#14453 = EDGE_LOOP('',(#14454,#14460,#14461,#14462));
#14454 = ORIENTED_EDGE('',*,*,#14455,.T.);
#14455 = EDGE_CURVE('',#2695,#7050,#14456,.T.);
#14456 = LINE('',#14457,#14458);
#14457 = CARTESIAN_POINT('',(46.,-56.09065513886,628.11028381146));
#14458 = VECTOR('',#14459,1.);
#14459 = DIRECTION('',(1.,0.,2.22044604925E-16));
#14460 = ORIENTED_EDGE('',*,*,#7059,.T.);
#14461 = ORIENTED_EDGE('',*,*,#14417,.F.);
#14462 = ORIENTED_EDGE('',*,*,#2704,.F.);
#14463 = CYLINDRICAL_SURFACE('',#14464,73.896969596618);
#14464 = AXIS2_PLACEMENT_3D('',#14465,#14466,#14467);
#14465 = CARTESIAN_POINT('',(46.,-2.206675906216E-04,579.99973116043));
#14466 = DIRECTION('',(-1.,-0.,-2.22044604925E-16));
#14467 = DIRECTION('',(-1.445619314897E-16,-0.75903565163,0.651049060789
    ));
#14468 = ADVANCED_FACE('',(#14469),#14480,.F.);
#14469 = FACE_BOUND('',#14470,.F.);
#14470 = EDGE_LOOP('',(#14471,#14472,#14473,#14479));
#14471 = ORIENTED_EDGE('',*,*,#14440,.T.);
#14472 = ORIENTED_EDGE('',*,*,#5920,.T.);
#14473 = ORIENTED_EDGE('',*,*,#14474,.F.);
#14474 = EDGE_CURVE('',#1566,#5921,#14475,.T.);
#14475 = LINE('',#14476,#14477);
#14476 = CARTESIAN_POINT('',(46.,54.935214499588,623.32378344454));
#14477 = VECTOR('',#14478,1.);
#14478 = DIRECTION('',(1.,0.,2.22044604925E-16));
#14479 = ORIENTED_EDGE('',*,*,#1565,.F.);
#14480 = CYLINDRICAL_SURFACE('',#14481,0.76);
#14481 = AXIS2_PLACEMENT_3D('',#14482,#14483,#14484);
#14482 = CARTESIAN_POINT('',(46.,55.540118912274,622.86368492084));
#14483 = DIRECTION('',(-1.,0.,-2.22044604925E-16));
#14484 = DIRECTION('',(1.358882562426E-16,-0.790868363506,
    -0.611986300178));
#14485 = ADVANCED_FACE('',(#14486),#14497,.F.);
#14486 = FACE_BOUND('',#14487,.F.);
#14487 = EDGE_LOOP('',(#14488,#14494,#14495,#14496));
#14488 = ORIENTED_EDGE('',*,*,#14489,.T.);
#14489 = EDGE_CURVE('',#2686,#7041,#14490,.T.);
#14490 = LINE('',#14491,#14492);
#14491 = CARTESIAN_POINT('',(46.,-52.2049977136,626.5775291078));
#14492 = VECTOR('',#14493,1.);
#14493 = DIRECTION('',(1.,0.,2.22044604925E-16));
#14494 = ORIENTED_EDGE('',*,*,#7049,.T.);
#14495 = ORIENTED_EDGE('',*,*,#14455,.F.);
#14496 = ORIENTED_EDGE('',*,*,#2694,.F.);
#14497 = SURFACE_OF_LINEAR_EXTRUSION('',#14498,#14504);
#14498 = B_SPLINE_CURVE_WITH_KNOTS('',4,(#14499,#14500,#14501,#14502,
    #14503),.UNSPECIFIED.,.F.,.F.,(5,5),(0.,1.),
  .PIECEWISE_BEZIER_KNOTS.);
#14499 = CARTESIAN_POINT('',(46.,-52.2049977136,626.5775291078));
#14500 = CARTESIAN_POINT('',(46.,-52.90329915591,626.93315582302));
#14501 = CARTESIAN_POINT('',(46.,-53.7780671487,627.32707094895));
#14502 = CARTESIAN_POINT('',(46.,-54.83959813269,627.7301636351));
#14503 = CARTESIAN_POINT('',(46.,-56.09065513886,628.11028381146));
#14504 = VECTOR('',#14505,1.);
#14505 = DIRECTION('',(-1.,-0.,-2.22044604925E-16));
#14506 = ADVANCED_FACE('',(#14507),#14518,.F.);
#14507 = FACE_BOUND('',#14508,.F.);
#14508 = EDGE_LOOP('',(#14509,#14510,#14511,#14517));
#14509 = ORIENTED_EDGE('',*,*,#14474,.T.);
#14510 = ORIENTED_EDGE('',*,*,#5929,.T.);
#14511 = ORIENTED_EDGE('',*,*,#14512,.F.);
#14512 = EDGE_CURVE('',#1575,#5930,#14513,.T.);
#14513 = LINE('',#14514,#14515);
#14514 = CARTESIAN_POINT('',(46.,57.119420546152,626.88424894139));
#14515 = VECTOR('',#14516,1.);
#14516 = DIRECTION('',(1.,0.,2.22044604925E-16));
#14517 = ORIENTED_EDGE('',*,*,#1574,.F.);
#14518 = SURFACE_OF_LINEAR_EXTRUSION('',#14519,#14525);
#14519 = B_SPLINE_CURVE_WITH_KNOTS('',4,(#14520,#14521,#14522,#14523,
    #14524),.UNSPECIFIED.,.F.,.F.,(5,5),(0.,1.),
  .PIECEWISE_BEZIER_KNOTS.);
#14520 = CARTESIAN_POINT('',(46.,54.935214499588,623.32378344454));
#14521 = CARTESIAN_POINT('',(46.,55.406697218839,623.94972218784));
#14522 = CARTESIAN_POINT('',(46.,55.94652975671,624.74279784545));
#14523 = CARTESIAN_POINT('',(46.,56.52783148012,625.71820547817));
#14524 = CARTESIAN_POINT('',(46.,57.119420546152,626.88424894139));
#14525 = VECTOR('',#14526,1.);
#14526 = DIRECTION('',(-1.,-0.,-2.22044604925E-16));
#14527 = ADVANCED_FACE('',(#14528),#14539,.F.);
#14528 = FACE_BOUND('',#14529,.F.);
#14529 = EDGE_LOOP('',(#14530,#14536,#14537,#14538));
#14530 = ORIENTED_EDGE('',*,*,#14531,.T.);
#14531 = EDGE_CURVE('',#2677,#7032,#14532,.T.);
#14532 = LINE('',#14533,#14534);
#14533 = CARTESIAN_POINT('',(46.,-51.29451317476,626.74197586087));
#14534 = VECTOR('',#14535,1.);
#14535 = DIRECTION('',(1.,0.,2.22044604925E-16));
#14536 = ORIENTED_EDGE('',*,*,#7040,.T.);
#14537 = ORIENTED_EDGE('',*,*,#14489,.F.);
#14538 = ORIENTED_EDGE('',*,*,#2685,.F.);
#14539 = CYLINDRICAL_SURFACE('',#14540,0.76);
#14540 = AXIS2_PLACEMENT_3D('',#14541,#14542,#14543);
#14541 = CARTESIAN_POINT('',(46.,-51.85692966923,627.25313893343));
#14542 = DIRECTION('',(-1.,0.,-2.22044604925E-16));
#14543 = DIRECTION('',(1.493434243403E-16,0.74002170325,-0.672582990209)
  );
#14544 = ADVANCED_FACE('',(#14545),#14556,.T.);
#14545 = FACE_BOUND('',#14546,.F.);
#14546 = EDGE_LOOP('',(#14547,#14548,#14549,#14555));
#14547 = ORIENTED_EDGE('',*,*,#14512,.T.);
#14548 = ORIENTED_EDGE('',*,*,#5939,.T.);
#14549 = ORIENTED_EDGE('',*,*,#14550,.F.);
#14550 = EDGE_CURVE('',#1585,#5940,#14551,.T.);
#14551 = LINE('',#14552,#14553);
#14552 = CARTESIAN_POINT('',(46.,56.090646155053,628.11030585534));
#14553 = VECTOR('',#14554,1.);
#14554 = DIRECTION('',(1.,0.,2.22044604925E-16));
#14555 = ORIENTED_EDGE('',*,*,#1584,.F.);
#14556 = CYLINDRICAL_SURFACE('',#14557,73.896969596845);
#14557 = AXIS2_PLACEMENT_3D('',#14558,#14559,#14560);
#14558 = CARTESIAN_POINT('',(46.,-2.264369350016E-04,580.0002639985));
#14559 = DIRECTION('',(-1.,-0.,-2.22044604925E-16));
#14560 = DIRECTION('',(-1.408763575929E-16,0.772963320346,0.634450711561
    ));
#14561 = ADVANCED_FACE('',(#14562),#14573,.T.);
#14562 = FACE_BOUND('',#14563,.F.);
#14563 = EDGE_LOOP('',(#14564,#14570,#14571,#14572));
#14564 = ORIENTED_EDGE('',*,*,#14565,.T.);
#14565 = EDGE_CURVE('',#2668,#7023,#14566,.T.);
#14566 = LINE('',#14567,#14568);
#14567 = CARTESIAN_POINT('',(46.,-51.03471992556,627.02549044225));
#14568 = VECTOR('',#14569,1.);
#14569 = DIRECTION('',(1.,0.,2.22044604925E-16));
#14570 = ORIENTED_EDGE('',*,*,#7031,.T.);
#14571 = ORIENTED_EDGE('',*,*,#14531,.F.);
#14572 = ORIENTED_EDGE('',*,*,#2676,.F.);
#14573 = CYLINDRICAL_SURFACE('',#14574,69.396969598538);
#14574 = AXIS2_PLACEMENT_3D('',#14575,#14576,#14577);
#14575 = CARTESIAN_POINT('',(46.,1.303639862726E-09,579.9999999988));
#14576 = DIRECTION('',(-1.,-0.,-2.22044604925E-16));
#14577 = DIRECTION('',(-1.504641558173E-16,-0.735402716028,
    0.677630316071));
#14578 = ADVANCED_FACE('',(#14579),#14590,.F.);
#14579 = FACE_BOUND('',#14580,.F.);
#14580 = EDGE_LOOP('',(#14581,#14582,#14583,#14589));
#14581 = ORIENTED_EDGE('',*,*,#14550,.T.);
#14582 = ORIENTED_EDGE('',*,*,#5948,.T.);
#14583 = ORIENTED_EDGE('',*,*,#14584,.F.);
#14584 = EDGE_CURVE('',#1594,#5949,#14585,.T.);
#14585 = LINE('',#14586,#14587);
#14586 = CARTESIAN_POINT('',(46.,52.204998112204,626.57752928506));
#14587 = VECTOR('',#14588,1.);
#14588 = DIRECTION('',(1.,0.,2.22044604925E-16));
#14589 = ORIENTED_EDGE('',*,*,#1593,.F.);
#14590 = SURFACE_OF_LINEAR_EXTRUSION('',#14591,#14597);
#14591 = B_SPLINE_CURVE_WITH_KNOTS('',4,(#14592,#14593,#14594,#14595,
    #14596),.UNSPECIFIED.,.F.,.F.,(5,5),(0.,1.),
  .PIECEWISE_BEZIER_KNOTS.);
#14592 = CARTESIAN_POINT('',(46.,56.090646155053,628.11030585534));
#14593 = CARTESIAN_POINT('',(46.,54.839598132696,627.7301636351));
#14594 = CARTESIAN_POINT('',(46.,53.778067148703,627.32707094895));
#14595 = CARTESIAN_POINT('',(46.,52.903299155912,626.93315582302));
#14596 = CARTESIAN_POINT('',(46.,52.204998112204,626.57752928506));
#14597 = VECTOR('',#14598,1.);
#14598 = DIRECTION('',(-1.,-0.,-2.22044604925E-16));
#14599 = ADVANCED_FACE('',(#14600),#14611,.F.);
#14600 = FACE_BOUND('',#14601,.F.);
#14601 = EDGE_LOOP('',(#14602,#14608,#14609,#14610));
#14602 = ORIENTED_EDGE('',*,*,#14603,.T.);
#14603 = EDGE_CURVE('',#2658,#7013,#14604,.T.);
#14604 = LINE('',#14605,#14606);
#14605 = CARTESIAN_POINT('',(46.,-50.9502531096,627.94684317307));
#14606 = VECTOR('',#14607,1.);
#14607 = DIRECTION('',(1.,0.,2.22044604925E-16));
#14608 = ORIENTED_EDGE('',*,*,#7022,.T.);
#14609 = ORIENTED_EDGE('',*,*,#14565,.F.);
#14610 = ORIENTED_EDGE('',*,*,#2667,.F.);
#14611 = CYLINDRICAL_SURFACE('',#14612,0.76);
#14612 = AXIS2_PLACEMENT_3D('',#14613,#14614,#14615);
#14613 = CARTESIAN_POINT('',(46.,-51.59295567807,627.5412159939));
#14614 = DIRECTION('',(-1.,0.,-2.22044604925E-16));
#14615 = DIRECTION('',(-1.185096404568E-16,0.845661274298,0.533719972601
    ));
#14616 = ADVANCED_FACE('',(#14617),#14628,.F.);
#14617 = FACE_BOUND('',#14618,.F.);
#14618 = EDGE_LOOP('',(#14619,#14620,#14621,#14627));
#14619 = ORIENTED_EDGE('',*,*,#14584,.T.);
#14620 = ORIENTED_EDGE('',*,*,#5958,.T.);
#14621 = ORIENTED_EDGE('',*,*,#14622,.F.);
#14622 = EDGE_CURVE('',#1604,#5959,#14623,.T.);
#14623 = LINE('',#14624,#14625);
#14624 = CARTESIAN_POINT('',(46.,51.294513174769,626.74197586087));
#14625 = VECTOR('',#14626,1.);
#14626 = DIRECTION('',(1.,0.,2.22044604925E-16));
#14627 = ORIENTED_EDGE('',*,*,#1603,.F.);
#14628 = CYLINDRICAL_SURFACE('',#14629,0.76);
#14629 = AXIS2_PLACEMENT_3D('',#14630,#14631,#14632);
#14630 = CARTESIAN_POINT('',(46.,51.856929686627,627.2531389143));
#14631 = DIRECTION('',(-1.,0.,-2.22044604925E-16));
#14632 = DIRECTION('',(1.973887805358E-16,0.457984770497,-0.888960038468
    ));
#14633 = ADVANCED_FACE('',(#14634),#14645,.F.);
#14634 = FACE_BOUND('',#14635,.F.);
#14635 = EDGE_LOOP('',(#14636,#14642,#14643,#14644));
#14636 = ORIENTED_EDGE('',*,*,#14637,.T.);
#14637 = EDGE_CURVE('',#2649,#7004,#14638,.T.);
#14638 = LINE('',#14639,#14640);
#14639 = CARTESIAN_POINT('',(46.,-52.8158535435,631.68411487156));
#14640 = VECTOR('',#14641,1.);
#14641 = DIRECTION('',(1.,0.,2.22044604925E-16));
#14642 = ORIENTED_EDGE('',*,*,#7012,.T.);
#14643 = ORIENTED_EDGE('',*,*,#14603,.F.);
#14644 = ORIENTED_EDGE('',*,*,#2657,.F.);
#14645 = SURFACE_OF_LINEAR_EXTRUSION('',#14646,#14652);
#14646 = B_SPLINE_CURVE_WITH_KNOTS('',4,(#14647,#14648,#14649,#14650,
    #14651),.UNSPECIFIED.,.F.,.F.,(5,5),(0.,1.),
  .PIECEWISE_BEZIER_KNOTS.);
#14647 = CARTESIAN_POINT('',(46.,-52.8158535435,631.68411487156));
#14648 = CARTESIAN_POINT('',(46.,-52.32812185957,630.47095904218));
#14649 = CARTESIAN_POINT('',(46.,-51.83404454143,629.44859934653));
#14650 = CARTESIAN_POINT('',(46.,-51.36538732734,628.61149207543));
#14651 = CARTESIAN_POINT('',(46.,-50.9502531096,627.94684317307));
#14652 = VECTOR('',#14653,1.);
#14653 = DIRECTION('',(-1.,-0.,-2.22044604925E-16));
#14654 = ADVANCED_FACE('',(#14655),#14666,.T.);
#14655 = FACE_BOUND('',#14656,.F.);
#14656 = EDGE_LOOP('',(#14657,#14658,#14659,#14665));
#14657 = ORIENTED_EDGE('',*,*,#14622,.T.);
#14658 = ORIENTED_EDGE('',*,*,#5967,.T.);
#14659 = ORIENTED_EDGE('',*,*,#14660,.F.);
#14660 = EDGE_CURVE('',#1613,#5968,#14661,.T.);
#14661 = LINE('',#14662,#14663);
#14662 = CARTESIAN_POINT('',(46.,51.034719925562,627.02549044225));
#14663 = VECTOR('',#14664,1.);
#14664 = DIRECTION('',(1.,0.,2.22044604925E-16));
#14665 = ORIENTED_EDGE('',*,*,#1612,.F.);
#14666 = CYLINDRICAL_SURFACE('',#14667,69.396969595828);
#14667 = AXIS2_PLACEMENT_3D('',#14668,#14669,#14670);
#14668 = CARTESIAN_POINT('',(46.,6.952340925181E-10,580.00000000063));
#14669 = DIRECTION('',(-1.,-0.,-2.22044604925E-16));
#14670 = DIRECTION('',(-1.495570141427E-16,0.739146298071,0.673544913164
    ));
#14671 = ADVANCED_FACE('',(#14672),#14683,.T.);
#14672 = FACE_BOUND('',#14673,.F.);
#14673 = EDGE_LOOP('',(#14674,#14680,#14681,#14682));
#14674 = ORIENTED_EDGE('',*,*,#14675,.T.);
#14675 = EDGE_CURVE('',#2639,#6994,#14676,.T.);
#14676 = LINE('',#14677,#14678);
#14677 = CARTESIAN_POINT('',(46.,-51.68412574244,632.81583236649));
#14678 = VECTOR('',#14679,1.);
#14679 = DIRECTION('',(1.,0.,2.22044604925E-16));
#14680 = ORIENTED_EDGE('',*,*,#7003,.T.);
#14681 = ORIENTED_EDGE('',*,*,#14637,.F.);
#14682 = ORIENTED_EDGE('',*,*,#2648,.F.);
#14683 = CYLINDRICAL_SURFACE('',#14684,73.896969596811);
#14684 = AXIS2_PLACEMENT_3D('',#14685,#14686,#14687);
#14685 = CARTESIAN_POINT('',(46.,-2.432586586814E-04,579.99975141576));
#14686 = DIRECTION('',(-1.,-0.,-2.22044604925E-16));
#14687 = DIRECTION('',(-1.58701038654E-16,-0.699404627359,0.714725938545
    ));
#14688 = ADVANCED_FACE('',(#14689),#14700,.F.);
#14689 = FACE_BOUND('',#14690,.F.);
#14690 = EDGE_LOOP('',(#14691,#14692,#14693,#14699));
#14691 = ORIENTED_EDGE('',*,*,#14660,.T.);
#14692 = ORIENTED_EDGE('',*,*,#5976,.T.);
#14693 = ORIENTED_EDGE('',*,*,#14694,.F.);
#14694 = EDGE_CURVE('',#1622,#5977,#14695,.T.);
#14695 = LINE('',#14696,#14697);
#14696 = CARTESIAN_POINT('',(46.,50.950252898275,627.94684279144));
#14697 = VECTOR('',#14698,1.);
#14698 = DIRECTION('',(1.,0.,2.22044604925E-16));
#14699 = ORIENTED_EDGE('',*,*,#1621,.F.);
#14700 = CYLINDRICAL_SURFACE('',#14701,0.76);
#14701 = AXIS2_PLACEMENT_3D('',#14702,#14703,#14704);
#14702 = CARTESIAN_POINT('',(46.,51.592955695615,627.54121597491));
#14703 = DIRECTION('',(-1.,0.,-2.22044604925E-16));
#14704 = DIRECTION('',(1.506764107216E-16,-0.734520750069,
    -0.678586227179));
#14705 = ADVANCED_FACE('',(#14706),#14717,.F.);
#14706 = FACE_BOUND('',#14707,.F.);
#14707 = EDGE_LOOP('',(#14708,#14714,#14715,#14716));
#14708 = ORIENTED_EDGE('',*,*,#14709,.T.);
#14709 = EDGE_CURVE('',#2630,#6985,#14710,.T.);
#14710 = LINE('',#14711,#14712);
#14711 = CARTESIAN_POINT('',(46.,-47.94684279144,630.95025289827));
#14712 = VECTOR('',#14713,1.);
#14713 = DIRECTION('',(1.,0.,2.22044604925E-16));
#14714 = ORIENTED_EDGE('',*,*,#6993,.T.);
#14715 = ORIENTED_EDGE('',*,*,#14675,.F.);
#14716 = ORIENTED_EDGE('',*,*,#2638,.F.);
#14717 = SURFACE_OF_LINEAR_EXTRUSION('',#14718,#14724);
#14718 = B_SPLINE_CURVE_WITH_KNOTS('',4,(#14719,#14720,#14721,#14722,
    #14723),.UNSPECIFIED.,.F.,.F.,(5,5),(0.,1.),
  .PIECEWISE_BEZIER_KNOTS.);
#14719 = CARTESIAN_POINT('',(46.,-47.94684279144,630.95025289827));
#14720 = CARTESIAN_POINT('',(46.,-48.61149207543,631.36538732734));
#14721 = CARTESIAN_POINT('',(46.,-49.44859934653,631.83404454143));
#14722 = CARTESIAN_POINT('',(46.,-50.47095904218,632.32812185957));
#14723 = CARTESIAN_POINT('',(46.,-51.68412574244,632.81583236649));
#14724 = VECTOR('',#14725,1.);
#14725 = DIRECTION('',(-1.,-0.,-2.22044604925E-16));
#14726 = ADVANCED_FACE('',(#14727),#14738,.F.);
#14727 = FACE_BOUND('',#14728,.F.);
#14728 = EDGE_LOOP('',(#14729,#14730,#14731,#14737));
#14729 = ORIENTED_EDGE('',*,*,#14694,.T.);
#14730 = ORIENTED_EDGE('',*,*,#5985,.T.);
#14731 = ORIENTED_EDGE('',*,*,#14732,.F.);
#14732 = EDGE_CURVE('',#1631,#5986,#14733,.T.);
#14733 = LINE('',#14734,#14735);
#14734 = CARTESIAN_POINT('',(46.,52.815832366496,631.68412574244));
#14735 = VECTOR('',#14736,1.);
#14736 = DIRECTION('',(1.,0.,2.22044604925E-16));
#14737 = ORIENTED_EDGE('',*,*,#1630,.F.);
#14738 = SURFACE_OF_LINEAR_EXTRUSION('',#14739,#14745);
#14739 = B_SPLINE_CURVE_WITH_KNOTS('',4,(#14740,#14741,#14742,#14743,
    #14744),.UNSPECIFIED.,.F.,.F.,(5,5),(0.,1.),
  .PIECEWISE_BEZIER_KNOTS.);
#14740 = CARTESIAN_POINT('',(46.,50.950252898275,627.94684279144));
#14741 = CARTESIAN_POINT('',(46.,51.365387327347,628.61149207543));
#14742 = CARTESIAN_POINT('',(46.,51.834044541438,629.44859934653));
#14743 = CARTESIAN_POINT('',(46.,52.328121859579,630.47095904218));
#14744 = CARTESIAN_POINT('',(46.,52.815832366496,631.68412574244));
#14745 = VECTOR('',#14746,1.);
#14746 = DIRECTION('',(-1.,-0.,-2.22044604925E-16));
#14747 = ADVANCED_FACE('',(#14748),#14759,.F.);
#14748 = FACE_BOUND('',#14749,.F.);
#14749 = EDGE_LOOP('',(#14750,#14756,#14757,#14758));
#14750 = ORIENTED_EDGE('',*,*,#14751,.T.);
#14751 = EDGE_CURVE('',#2621,#6976,#14752,.T.);
#14752 = LINE('',#14753,#14754);
#14753 = CARTESIAN_POINT('',(46.,-47.02549044225,631.03471992556));
#14754 = VECTOR('',#14755,1.);
#14755 = DIRECTION('',(1.,0.,2.22044604925E-16));
#14756 = ORIENTED_EDGE('',*,*,#6984,.T.);
#14757 = ORIENTED_EDGE('',*,*,#14709,.F.);
#14758 = ORIENTED_EDGE('',*,*,#2629,.F.);
#14759 = CYLINDRICAL_SURFACE('',#14760,0.76);
#14760 = AXIS2_PLACEMENT_3D('',#14761,#14762,#14763);
#14761 = CARTESIAN_POINT('',(46.,-47.54121597491,631.59295569561));
#14762 = DIRECTION('',(-1.,0.,-2.22044604925E-16));
#14763 = DIRECTION('',(1.630963697584E-16,0.678586227179,-0.734520750069
    ));
#14764 = ADVANCED_FACE('',(#14765),#14776,.T.);
#14765 = FACE_BOUND('',#14766,.F.);
#14766 = EDGE_LOOP('',(#14767,#14768,#14769,#14775));
#14767 = ORIENTED_EDGE('',*,*,#14732,.T.);
#14768 = ORIENTED_EDGE('',*,*,#5995,.T.);
#14769 = ORIENTED_EDGE('',*,*,#14770,.F.);
#14770 = EDGE_CURVE('',#1641,#5996,#14771,.T.);
#14771 = LINE('',#14772,#14773);
#14772 = CARTESIAN_POINT('',(46.,51.684114871564,632.8158535435));
#14773 = VECTOR('',#14774,1.);
#14774 = DIRECTION('',(1.,0.,2.22044604925E-16));
#14775 = ORIENTED_EDGE('',*,*,#1640,.F.);
#14776 = CYLINDRICAL_SURFACE('',#14777,73.896969596811);
#14777 = AXIS2_PLACEMENT_3D('',#14778,#14779,#14780);
#14778 = CARTESIAN_POINT('',(46.,-2.485842365765E-04,580.00024325865));
#14779 = DIRECTION('',(-1.,-0.,-2.22044604925E-16));
#14780 = DIRECTION('',(-1.552990241646E-16,0.714725938545,0.699404627359
    ));
#14781 = ADVANCED_FACE('',(#14782),#14793,.T.);
#14782 = FACE_BOUND('',#14783,.F.);
#14783 = EDGE_LOOP('',(#14784,#14790,#14791,#14792));
#14784 = ORIENTED_EDGE('',*,*,#14785,.T.);
#14785 = EDGE_CURVE('',#2612,#6967,#14786,.T.);
#14786 = LINE('',#14787,#14788);
#14787 = CARTESIAN_POINT('',(46.,-46.74197586087,631.29451317476));
#14788 = VECTOR('',#14789,1.);
#14789 = DIRECTION('',(1.,0.,2.22044604925E-16));
#14790 = ORIENTED_EDGE('',*,*,#6975,.T.);
#14791 = ORIENTED_EDGE('',*,*,#14751,.F.);
#14792 = ORIENTED_EDGE('',*,*,#2620,.F.);
#14793 = CYLINDRICAL_SURFACE('',#14794,69.396969601259);
#14794 = AXIS2_PLACEMENT_3D('',#14795,#14796,#14797);
#14795 = CARTESIAN_POINT('',(46.,3.032511131096E-09,579.99999999669));
#14796 = DIRECTION('',(-1.,-0.,-2.22044604925E-16));
#14797 = DIRECTION('',(-1.641234477369E-16,-0.673544913164,0.73914629807
    ));
#14798 = ADVANCED_FACE('',(#14799),#14810,.F.);
#14799 = FACE_BOUND('',#14800,.F.);
#14800 = EDGE_LOOP('',(#14801,#14802,#14803,#14809));
#14801 = ORIENTED_EDGE('',*,*,#14770,.T.);
#14802 = ORIENTED_EDGE('',*,*,#6004,.T.);
#14803 = ORIENTED_EDGE('',*,*,#14804,.F.);
#14804 = EDGE_CURVE('',#1650,#6005,#14805,.T.);
#14805 = LINE('',#14806,#14807);
#14806 = CARTESIAN_POINT('',(46.,47.946843173077,630.9502531096));
#14807 = VECTOR('',#14808,1.);
#14808 = DIRECTION('',(1.,0.,2.22044604925E-16));
#14809 = ORIENTED_EDGE('',*,*,#1649,.F.);
#14810 = SURFACE_OF_LINEAR_EXTRUSION('',#14811,#14817);
#14811 = B_SPLINE_CURVE_WITH_KNOTS('',4,(#14812,#14813,#14814,#14815,
    #14816),.UNSPECIFIED.,.F.,.F.,(5,5),(0.,1.),
  .PIECEWISE_BEZIER_KNOTS.);
#14812 = CARTESIAN_POINT('',(46.,51.684114871564,632.8158535435));
#14813 = CARTESIAN_POINT('',(46.,50.470959042189,632.32812185957));
#14814 = CARTESIAN_POINT('',(46.,49.448599346532,631.83404454143));
#14815 = CARTESIAN_POINT('',(46.,48.611492075434,631.36538732734));
#14816 = CARTESIAN_POINT('',(46.,47.946843173077,630.9502531096));
#14817 = VECTOR('',#14818,1.);
#14818 = DIRECTION('',(-1.,-0.,-2.22044604925E-16));
#14819 = ADVANCED_FACE('',(#14820),#14831,.F.);
#14820 = FACE_BOUND('',#14821,.F.);
#14821 = EDGE_LOOP('',(#14822,#14828,#14829,#14830));
#14822 = ORIENTED_EDGE('',*,*,#14823,.T.);
#14823 = EDGE_CURVE('',#2602,#6957,#14824,.T.);
#14824 = LINE('',#14825,#14826);
#14825 = CARTESIAN_POINT('',(46.,-46.57752928506,632.2049981122));
#14826 = VECTOR('',#14827,1.);
#14827 = DIRECTION('',(1.,0.,2.22044604925E-16));
#14828 = ORIENTED_EDGE('',*,*,#6966,.T.);
#14829 = ORIENTED_EDGE('',*,*,#14785,.F.);
#14830 = ORIENTED_EDGE('',*,*,#2611,.F.);
#14831 = CYLINDRICAL_SURFACE('',#14832,0.76);
#14832 = AXIS2_PLACEMENT_3D('',#14833,#14834,#14835);
#14833 = CARTESIAN_POINT('',(46.,-47.2531389143,631.85692968662));
#14834 = DIRECTION('',(-1.,0.,-2.22044604925E-16));
#14835 = DIRECTION('',(-1.016930474266E-16,0.888960038468,0.457984770497
    ));
#14836 = ADVANCED_FACE('',(#14837),#14848,.F.);
#14837 = FACE_BOUND('',#14838,.F.);
#14838 = EDGE_LOOP('',(#14839,#14840,#14841,#14847));
#14839 = ORIENTED_EDGE('',*,*,#14804,.T.);
#14840 = ORIENTED_EDGE('',*,*,#6014,.T.);
#14841 = ORIENTED_EDGE('',*,*,#14842,.F.);
#14842 = EDGE_CURVE('',#1660,#6015,#14843,.T.);
#14843 = LINE('',#14844,#14845);
#14844 = CARTESIAN_POINT('',(46.,47.025490442254,631.03471992556));
#14845 = VECTOR('',#14846,1.);
#14846 = DIRECTION('',(1.,0.,2.22044604925E-16));
#14847 = ORIENTED_EDGE('',*,*,#1659,.F.);
#14848 = CYLINDRICAL_SURFACE('',#14849,0.76);
#14849 = AXIS2_PLACEMENT_3D('',#14850,#14851,#14852);
#14850 = CARTESIAN_POINT('',(46.,47.5412159939,631.59295567807));
#14851 = DIRECTION('',(-1.,0.,-2.22044604925E-16));
#14852 = DIRECTION('',(1.877745235518E-16,0.533719972601,-0.845661274298
    ));
#14853 = ADVANCED_FACE('',(#14854),#14865,.F.);
#14854 = FACE_BOUND('',#14855,.F.);
#14855 = EDGE_LOOP('',(#14856,#14862,#14863,#14864));
#14856 = ORIENTED_EDGE('',*,*,#14857,.T.);
#14857 = EDGE_CURVE('',#2593,#6948,#14858,.T.);
#14858 = LINE('',#14859,#14860);
#14859 = CARTESIAN_POINT('',(46.,-48.11030585534,636.09064615505));
#14860 = VECTOR('',#14861,1.);
#14861 = DIRECTION('',(1.,0.,2.22044604925E-16));
#14862 = ORIENTED_EDGE('',*,*,#6956,.T.);
#14863 = ORIENTED_EDGE('',*,*,#14823,.F.);
#14864 = ORIENTED_EDGE('',*,*,#2601,.F.);
#14865 = SURFACE_OF_LINEAR_EXTRUSION('',#14866,#14872);
#14866 = B_SPLINE_CURVE_WITH_KNOTS('',4,(#14867,#14868,#14869,#14870,
    #14871),.UNSPECIFIED.,.F.,.F.,(5,5),(0.,1.),
  .PIECEWISE_BEZIER_KNOTS.);
#14867 = CARTESIAN_POINT('',(46.,-48.11030585534,636.09064615505));
#14868 = CARTESIAN_POINT('',(46.,-47.7301636351,634.83959813269));
#14869 = CARTESIAN_POINT('',(46.,-47.32707094895,633.7780671487));
#14870 = CARTESIAN_POINT('',(46.,-46.93315582302,632.90329915591));
#14871 = CARTESIAN_POINT('',(46.,-46.57752928506,632.2049981122));
#14872 = VECTOR('',#14873,1.);
#14873 = DIRECTION('',(-1.,-0.,-2.22044604925E-16));
#14874 = ADVANCED_FACE('',(#14875),#14886,.T.);
#14875 = FACE_BOUND('',#14876,.F.);
#14876 = EDGE_LOOP('',(#14877,#14878,#14879,#14885));
#14877 = ORIENTED_EDGE('',*,*,#14842,.T.);
#14878 = ORIENTED_EDGE('',*,*,#6023,.T.);
#14879 = ORIENTED_EDGE('',*,*,#14880,.F.);
#14880 = EDGE_CURVE('',#1669,#6024,#14881,.T.);
#14881 = LINE('',#14882,#14883);
#14882 = CARTESIAN_POINT('',(46.,46.741975860875,631.29451317476));
#14883 = VECTOR('',#14884,1.);
#14884 = DIRECTION('',(1.,0.,2.22044604925E-16));
#14885 = ORIENTED_EDGE('',*,*,#1668,.F.);
#14886 = CYLINDRICAL_SURFACE('',#14887,69.396969598538);
#14887 = AXIS2_PLACEMENT_3D('',#14888,#14889,#14890);
#14888 = CARTESIAN_POINT('',(46.,-1.193523502252E-09,579.99999999869));
#14889 = DIRECTION('',(-1.,-0.,-2.22044604925E-16));
#14890 = DIRECTION('',(-1.632922055412E-16,0.677630316071,0.735402716028
    ));
#14891 = ADVANCED_FACE('',(#14892),#14903,.T.);
#14892 = FACE_BOUND('',#14893,.F.);
#14893 = EDGE_LOOP('',(#14894,#14900,#14901,#14902));
#14894 = ORIENTED_EDGE('',*,*,#14895,.T.);
#14895 = EDGE_CURVE('',#2583,#6938,#14896,.T.);
#14896 = LINE('',#14897,#14898);
#14897 = CARTESIAN_POINT('',(46.,-46.88424894139,637.11942054615));
#14898 = VECTOR('',#14899,1.);
#14899 = DIRECTION('',(1.,0.,2.22044604925E-16));
#14900 = ORIENTED_EDGE('',*,*,#6947,.T.);
#14901 = ORIENTED_EDGE('',*,*,#14857,.F.);
#14902 = ORIENTED_EDGE('',*,*,#2592,.F.);
#14903 = CYLINDRICAL_SURFACE('',#14904,73.896969596845);
#14904 = AXIS2_PLACEMENT_3D('',#14905,#14906,#14907);
#14905 = CARTESIAN_POINT('',(46.,-2.63998508597E-04,579.99977356306));
#14906 = DIRECTION('',(-1.,-0.,-2.22044604925E-16));
#14907 = DIRECTION('',(-1.716323350878E-16,-0.634450711561,
    0.772963320346));
#14908 = ADVANCED_FACE('',(#14909),#14920,.F.);
#14909 = FACE_BOUND('',#14910,.F.);
#14910 = EDGE_LOOP('',(#14911,#14912,#14913,#14919));
#14911 = ORIENTED_EDGE('',*,*,#14880,.T.);
#14912 = ORIENTED_EDGE('',*,*,#6032,.T.);
#14913 = ORIENTED_EDGE('',*,*,#14914,.F.);
#14914 = EDGE_CURVE('',#1678,#6033,#14915,.T.);
#14915 = LINE('',#14916,#14917);
#14916 = CARTESIAN_POINT('',(46.,46.577529107801,632.2049977136));
#14917 = VECTOR('',#14918,1.);
#14918 = DIRECTION('',(1.,0.,2.22044604925E-16));
#14919 = ORIENTED_EDGE('',*,*,#1677,.F.);
#14920 = CYLINDRICAL_SURFACE('',#14921,0.76);
#14921 = AXIS2_PLACEMENT_3D('',#14922,#14923,#14924);
#14922 = CARTESIAN_POINT('',(46.,47.253138933434,631.85692966923));
#14923 = DIRECTION('',(-1.,0.,-2.22044604925E-16));
#14924 = DIRECTION('',(1.643178267341E-16,-0.672582990209,-0.74002170325
    ));
#14925 = ADVANCED_FACE('',(#14926),#14937,.F.);
#14926 = FACE_BOUND('',#14927,.F.);
#14927 = EDGE_LOOP('',(#14928,#14934,#14935,#14936));
#14928 = ORIENTED_EDGE('',*,*,#14929,.T.);
#14929 = EDGE_CURVE('',#2574,#6929,#14930,.T.);
#14930 = LINE('',#14931,#14932);
#14931 = CARTESIAN_POINT('',(46.,-43.32378344454,634.93521449958));
#14932 = VECTOR('',#14933,1.);
#14933 = DIRECTION('',(1.,0.,2.22044604925E-16));
#14934 = ORIENTED_EDGE('',*,*,#6937,.T.);
#14935 = ORIENTED_EDGE('',*,*,#14895,.F.);
#14936 = ORIENTED_EDGE('',*,*,#2582,.F.);
#14937 = SURFACE_OF_LINEAR_EXTRUSION('',#14938,#14944);
#14938 = B_SPLINE_CURVE_WITH_KNOTS('',4,(#14939,#14940,#14941,#14942,
    #14943),.UNSPECIFIED.,.F.,.F.,(5,5),(0.,1.),
  .PIECEWISE_BEZIER_KNOTS.);
#14939 = CARTESIAN_POINT('',(46.,-43.32378344454,634.93521449958));
#14940 = CARTESIAN_POINT('',(46.,-43.94972218784,635.40669721883));
#14941 = CARTESIAN_POINT('',(46.,-44.74279784545,635.94652975671));
#14942 = CARTESIAN_POINT('',(46.,-45.71820547817,636.52783148012));
#14943 = CARTESIAN_POINT('',(46.,-46.88424894139,637.11942054615));
#14944 = VECTOR('',#14945,1.);
#14945 = DIRECTION('',(-1.,-0.,-2.22044604925E-16));
#14946 = ADVANCED_FACE('',(#14947),#14958,.F.);
#14947 = FACE_BOUND('',#14948,.F.);
#14948 = EDGE_LOOP('',(#14949,#14950,#14951,#14957));
#14949 = ORIENTED_EDGE('',*,*,#14914,.T.);
#14950 = ORIENTED_EDGE('',*,*,#6041,.T.);
#14951 = ORIENTED_EDGE('',*,*,#14952,.F.);
#14952 = EDGE_CURVE('',#1687,#6042,#14953,.T.);
#14953 = LINE('',#14954,#14955);
#14954 = CARTESIAN_POINT('',(46.,48.11028381146,636.09065513886));
#14955 = VECTOR('',#14956,1.);
#14956 = DIRECTION('',(1.,0.,2.22044604925E-16));
#14957 = ORIENTED_EDGE('',*,*,#1686,.F.);
#14958 = SURFACE_OF_LINEAR_EXTRUSION('',#14959,#14965);
#14959 = B_SPLINE_CURVE_WITH_KNOTS('',4,(#14960,#14961,#14962,#14963,
    #14964),.UNSPECIFIED.,.F.,.F.,(5,5),(0.,1.),
  .PIECEWISE_BEZIER_KNOTS.);
#14960 = CARTESIAN_POINT('',(46.,46.577529107801,632.2049977136));
#14961 = CARTESIAN_POINT('',(46.,46.933155823026,632.90329915591));
#14962 = CARTESIAN_POINT('',(46.,47.327070948953,633.7780671487));
#14963 = CARTESIAN_POINT('',(46.,47.730163635103,634.83959813269));
#14964 = CARTESIAN_POINT('',(46.,48.11028381146,636.09065513886));
#14965 = VECTOR('',#14966,1.);
#14966 = DIRECTION('',(-1.,-0.,-2.22044604925E-16));
#14967 = ADVANCED_FACE('',(#14968),#14979,.F.);
#14968 = FACE_BOUND('',#14969,.F.);
#14969 = EDGE_LOOP('',(#14970,#14976,#14977,#14978));
#14970 = ORIENTED_EDGE('',*,*,#14971,.T.);
#14971 = EDGE_CURVE('',#2565,#6920,#14972,.T.);
#14972 = LINE('',#14973,#14974);
#14973 = CARTESIAN_POINT('',(46.,-42.3985753327,634.93905895601));
#14974 = VECTOR('',#14975,1.);
#14975 = DIRECTION('',(1.,0.,2.22044604925E-16));
#14976 = ORIENTED_EDGE('',*,*,#6928,.T.);
#14977 = ORIENTED_EDGE('',*,*,#14929,.F.);
#14978 = ORIENTED_EDGE('',*,*,#2573,.F.);
#14979 = CYLINDRICAL_SURFACE('',#14980,0.76);
#14980 = AXIS2_PLACEMENT_3D('',#14981,#14982,#14983);
#14981 = CARTESIAN_POINT('',(46.,-42.86368492084,635.54011891227));
#14982 = DIRECTION('',(-1.,0.,-2.22044604925E-16));
#14983 = DIRECTION('',(1.756080533223E-16,0.611986300178,-0.790868363506
    ));
#14984 = ADVANCED_FACE('',(#14985),#14996,.T.);
#14985 = FACE_BOUND('',#14986,.F.);
#14986 = EDGE_LOOP('',(#14987,#14988,#14989,#14995));
#14987 = ORIENTED_EDGE('',*,*,#14952,.T.);
#14988 = ORIENTED_EDGE('',*,*,#6051,.T.);
#14989 = ORIENTED_EDGE('',*,*,#14990,.F.);
#14990 = EDGE_CURVE('',#1697,#6052,#14991,.T.);
#14991 = LINE('',#14992,#14993);
#14992 = CARTESIAN_POINT('',(46.,46.884236266181,637.11944069511));
#14993 = VECTOR('',#14994,1.);
#14994 = DIRECTION('',(1.,0.,2.22044604925E-16));
#14995 = ORIENTED_EDGE('',*,*,#1696,.F.);
#14996 = CYLINDRICAL_SURFACE('',#14997,73.896969596618);
#14997 = AXIS2_PLACEMENT_3D('',#14998,#14999,#15000);
#14998 = CARTESIAN_POINT('',(46.,-2.688395630273E-04,580.00022066759));
#14999 = DIRECTION('',(-1.,-0.,-2.22044604925E-16));
#15000 = DIRECTION('',(-1.685397713903E-16,0.651049060789,0.75903565163)
  );
#15001 = ADVANCED_FACE('',(#15002),#15013,.T.);
#15002 = FACE_BOUND('',#15003,.F.);
#15003 = EDGE_LOOP('',(#15004,#15010,#15011,#15012));
#15004 = ORIENTED_EDGE('',*,*,#15005,.T.);
#15005 = EDGE_CURVE('',#2556,#6911,#15006,.T.);
#15006 = LINE('',#15007,#15008);
#15007 = CARTESIAN_POINT('',(46.,-42.0934971363,635.17315368954));
#15008 = VECTOR('',#15009,1.);
#15009 = DIRECTION('',(1.,0.,2.22044604925E-16));
#15010 = ORIENTED_EDGE('',*,*,#6919,.T.);
#15011 = ORIENTED_EDGE('',*,*,#14971,.F.);
#15012 = ORIENTED_EDGE('',*,*,#2564,.F.);
#15013 = CYLINDRICAL_SURFACE('',#15014,69.39696959577);
#15014 = AXIS2_PLACEMENT_3D('',#15015,#15016,#15017);
#15015 = CARTESIAN_POINT('',(46.,-6.075389080706E-10,580.00000000079));
#15016 = DIRECTION('',(-1.,-0.,-2.22044604925E-16));
#15017 = DIRECTION('',(-1.765336611187E-16,-0.606561026813,
    0.795036930433));
#15018 = ADVANCED_FACE('',(#15019),#15030,.F.);
#15019 = FACE_BOUND('',#15020,.F.);
#15020 = EDGE_LOOP('',(#15021,#15022,#15023,#15029));
#15021 = ORIENTED_EDGE('',*,*,#14990,.T.);
#15022 = ORIENTED_EDGE('',*,*,#6060,.T.);
#15023 = ORIENTED_EDGE('',*,*,#15024,.F.);
#15024 = EDGE_CURVE('',#1706,#6061,#15025,.T.);
#15025 = LINE('',#15026,#15027);
#15026 = CARTESIAN_POINT('',(46.,43.323783806306,634.93521474337));
#15027 = VECTOR('',#15028,1.);
#15028 = DIRECTION('',(1.,0.,2.22044604925E-16));
#15029 = ORIENTED_EDGE('',*,*,#1705,.F.);
#15030 = SURFACE_OF_LINEAR_EXTRUSION('',#15031,#15037);
#15031 = B_SPLINE_CURVE_WITH_KNOTS('',4,(#15032,#15033,#15034,#15035,
    #15036),.UNSPECIFIED.,.F.,.F.,(5,5),(0.,1.),
  .PIECEWISE_BEZIER_KNOTS.);
#15032 = CARTESIAN_POINT('',(46.,46.884236266181,637.11944069511));
#15033 = CARTESIAN_POINT('',(46.,45.718205478172,636.52783148012));
#15034 = CARTESIAN_POINT('',(46.,44.742797845454,635.94652975671));
#15035 = CARTESIAN_POINT('',(46.,43.94972218784,635.40669721883));
#15036 = CARTESIAN_POINT('',(46.,43.323783806306,634.93521474337));
#15037 = VECTOR('',#15038,1.);
#15038 = DIRECTION('',(-1.,-0.,-2.22044604925E-16));
#15039 = ADVANCED_FACE('',(#15040),#15051,.F.);
#15040 = FACE_BOUND('',#15041,.F.);
#15041 = EDGE_LOOP('',(#15042,#15048,#15049,#15050));
#15042 = ORIENTED_EDGE('',*,*,#15043,.T.);
#15043 = EDGE_CURVE('',#2546,#6901,#15044,.T.);
#15044 = LINE('',#15045,#15046);
#15045 = CARTESIAN_POINT('',(46.,-41.85032233838,636.06584149345));
#15046 = VECTOR('',#15047,1.);
#15047 = DIRECTION('',(1.,0.,2.22044604925E-16));
#15048 = ORIENTED_EDGE('',*,*,#6910,.T.);
#15049 = ORIENTED_EDGE('',*,*,#15005,.F.);
#15050 = ORIENTED_EDGE('',*,*,#2555,.F.);
#15051 = CYLINDRICAL_SURFACE('',#15052,0.76);
#15052 = AXIS2_PLACEMENT_3D('',#15053,#15054,#15055);
#15053 = CARTESIAN_POINT('',(46.,-42.55369723116,635.77798083236));
#15054 = DIRECTION('',(-1.,0.,-2.22044604925E-16));
#15055 = DIRECTION('',(-8.41025089015E-17,0.925493279977,0.37876402775)
  );
#15056 = ADVANCED_FACE('',(#15057),#15068,.F.);
#15057 = FACE_BOUND('',#15058,.F.);
#15058 = EDGE_LOOP('',(#15059,#15060,#15061,#15067));
#15059 = ORIENTED_EDGE('',*,*,#15024,.T.);
#15060 = ORIENTED_EDGE('',*,*,#6070,.T.);
#15061 = ORIENTED_EDGE('',*,*,#15062,.F.);
#15062 = EDGE_CURVE('',#1716,#6071,#15063,.T.);
#15063 = LINE('',#15064,#15065);
#15064 = CARTESIAN_POINT('',(46.,42.398575332706,634.93905895601));
#15065 = VECTOR('',#15066,1.);
#15066 = DIRECTION('',(1.,0.,2.22044604925E-16));
#15067 = ORIENTED_EDGE('',*,*,#1715,.F.);
#15068 = CYLINDRICAL_SURFACE('',#15069,0.76);
#15069 = AXIS2_PLACEMENT_3D('',#15070,#15071,#15072);
#15070 = CARTESIAN_POINT('',(46.,42.863684941288,635.54011889645));
#15071 = DIRECTION('',(-1.,0.,-2.22044604925E-16));
#15072 = DIRECTION('',(1.767311890623E-16,0.605393243445,-0.795926517206
    ));
#15073 = ADVANCED_FACE('',(#15074),#15085,.F.);
#15074 = FACE_BOUND('',#15075,.F.);
#15075 = EDGE_LOOP('',(#15076,#15082,#15083,#15084));
#15076 = ORIENTED_EDGE('',*,*,#15077,.T.);
#15077 = EDGE_CURVE('',#2537,#6892,#15078,.T.);
#15078 = LINE('',#15079,#15080);
#15079 = CARTESIAN_POINT('',(46.,-43.03860968982,640.07029375284));
#15080 = VECTOR('',#15081,1.);
#15081 = DIRECTION('',(1.,0.,2.22044604925E-16));
#15082 = ORIENTED_EDGE('',*,*,#6900,.T.);
#15083 = ORIENTED_EDGE('',*,*,#15043,.F.);
#15084 = ORIENTED_EDGE('',*,*,#2545,.F.);
#15085 = SURFACE_OF_LINEAR_EXTRUSION('',#15086,#15092);
#15086 = B_SPLINE_CURVE_WITH_KNOTS('',4,(#15087,#15088,#15089,#15090,
    #15091),.UNSPECIFIED.,.F.,.F.,(5,5),(0.,1.),
  .PIECEWISE_BEZIER_KNOTS.);
#15087 = CARTESIAN_POINT('',(46.,-43.03860968982,640.07029375284));
#15088 = CARTESIAN_POINT('',(46.,-42.7689500451,638.79087476835));
#15089 = CARTESIAN_POINT('',(46.,-42.45990976968,637.69825138778));
#15090 = CARTESIAN_POINT('',(46.,-42.14373466387,636.79248018592));
#15091 = CARTESIAN_POINT('',(46.,-41.85032233838,636.06584149345));
#15092 = VECTOR('',#15093,1.);
#15093 = DIRECTION('',(-1.,-0.,-2.22044604925E-16));
#15094 = ADVANCED_FACE('',(#15095),#15106,.T.);
#15095 = FACE_BOUND('',#15096,.F.);
#15096 = EDGE_LOOP('',(#15097,#15098,#15099,#15105));
#15097 = ORIENTED_EDGE('',*,*,#15062,.T.);
#15098 = ORIENTED_EDGE('',*,*,#6079,.T.);
#15099 = ORIENTED_EDGE('',*,*,#15100,.F.);
#15100 = EDGE_CURVE('',#1725,#6080,#15101,.T.);
#15101 = LINE('',#15102,#15103);
#15102 = CARTESIAN_POINT('',(46.,42.093497136309,635.17315368954));
#15103 = VECTOR('',#15104,1.);
#15104 = DIRECTION('',(1.,0.,2.22044604925E-16));
#15105 = ORIENTED_EDGE('',*,*,#1724,.F.);
#15106 = CYLINDRICAL_SURFACE('',#15107,69.396969595653);
#15107 = AXIS2_PLACEMENT_3D('',#15108,#15109,#15110);
#15108 = CARTESIAN_POINT('',(46.,6.830767063093E-10,580.00000000088));
#15109 = DIRECTION('',(-1.,-0.,-2.22044604925E-16));
#15110 = DIRECTION('',(-1.75784644657E-16,0.610957158202,0.791663660175)
  );
#15111 = ADVANCED_FACE('',(#15112),#15123,.T.);
#15112 = FACE_BOUND('',#15113,.F.);
#15113 = EDGE_LOOP('',(#15114,#15120,#15121,#15122));
#15114 = ORIENTED_EDGE('',*,*,#15115,.T.);
#15115 = EDGE_CURVE('',#2527,#6882,#15116,.T.);
#15116 = LINE('',#15117,#15118);
#15117 = CARTESIAN_POINT('',(46.,-41.72755469641,640.9882954458));
#15118 = VECTOR('',#15119,1.);
#15119 = DIRECTION('',(1.,0.,2.22044604925E-16));
#15120 = ORIENTED_EDGE('',*,*,#6891,.T.);
#15121 = ORIENTED_EDGE('',*,*,#15077,.F.);
#15122 = ORIENTED_EDGE('',*,*,#2536,.F.);
#15123 = CYLINDRICAL_SURFACE('',#15124,73.896969597024);
#15124 = AXIS2_PLACEMENT_3D('',#15125,#15126,#15127);
#15125 = CARTESIAN_POINT('',(46.,-2.827290911505E-04,579.99979743356));
#15126 = DIRECTION('',(-1.,-0.,-2.22044604925E-16));
#15127 = DIRECTION('',(-1.832574058171E-16,-0.564668242756,
    0.825317984551));
#15128 = ADVANCED_FACE('',(#15129),#15140,.F.);
#15129 = FACE_BOUND('',#15130,.F.);
#15130 = EDGE_LOOP('',(#15131,#15132,#15133,#15139));
#15131 = ORIENTED_EDGE('',*,*,#15100,.T.);
#15132 = ORIENTED_EDGE('',*,*,#6088,.T.);
#15133 = ORIENTED_EDGE('',*,*,#15134,.F.);
#15134 = EDGE_CURVE('',#1734,#6089,#15135,.T.);
#15135 = LINE('',#15136,#15137);
#15136 = CARTESIAN_POINT('',(46.,41.850322196537,636.06584108092));
#15137 = VECTOR('',#15138,1.);
#15138 = DIRECTION('',(1.,0.,2.22044604925E-16));
#15139 = ORIENTED_EDGE('',*,*,#1733,.F.);
#15140 = CYLINDRICAL_SURFACE('',#15141,0.76);
#15141 = AXIS2_PLACEMENT_3D('',#15142,#15143,#15144);
#15142 = CARTESIAN_POINT('',(46.,42.553697251744,635.77798081671));
#15143 = DIRECTION('',(-1.,0.,-2.22044604925E-16));
#15144 = DIRECTION('',(1.767086848673E-16,-0.605526467677,
    -0.795825167322));
#15145 = ADVANCED_FACE('',(#15146),#15157,.F.);
#15146 = FACE_BOUND('',#15147,.F.);
#15147 = EDGE_LOOP('',(#15148,#15154,#15155,#15156));
#15148 = ORIENTED_EDGE('',*,*,#15149,.T.);
#15149 = EDGE_CURVE('',#2518,#6873,#15150,.T.);
#15150 = LINE('',#15151,#15152);
#15151 = CARTESIAN_POINT('',(46.,-38.37100394601,638.50208594777));
#15152 = VECTOR('',#15153,1.);
#15153 = DIRECTION('',(1.,0.,2.22044604925E-16));
#15154 = ORIENTED_EDGE('',*,*,#6881,.T.);
#15155 = ORIENTED_EDGE('',*,*,#15115,.F.);
#15156 = ORIENTED_EDGE('',*,*,#2526,.F.);
#15157 = SURFACE_OF_LINEAR_EXTRUSION('',#15158,#15164);
#15158 = B_SPLINE_CURVE_WITH_KNOTS('',4,(#15159,#15160,#15161,#15162,
    #15163),.UNSPECIFIED.,.F.,.F.,(5,5),(0.,1.),
  .PIECEWISE_BEZIER_KNOTS.);
#15159 = CARTESIAN_POINT('',(46.,-38.37100394601,638.50208594777));
#15160 = CARTESIAN_POINT('',(46.,-38.95346837682,639.02632868901));
#15161 = CARTESIAN_POINT('',(46.,-39.69647663633,639.63322809909));
#15162 = CARTESIAN_POINT('',(46.,-40.61750876506,640.29733017065));
#15163 = CARTESIAN_POINT('',(46.,-41.72755469641,640.9882954458));
#15164 = VECTOR('',#15165,1.);
#15165 = DIRECTION('',(-1.,-0.,-2.22044604925E-16));
#15166 = ADVANCED_FACE('',(#15167),#15178,.F.);
#15167 = FACE_BOUND('',#15168,.F.);
#15168 = EDGE_LOOP('',(#15169,#15170,#15171,#15177));
#15169 = ORIENTED_EDGE('',*,*,#15134,.T.);
#15170 = ORIENTED_EDGE('',*,*,#6097,.T.);
#15171 = ORIENTED_EDGE('',*,*,#15172,.F.);
#15172 = EDGE_CURVE('',#1743,#6098,#15173,.T.);
#15173 = LINE('',#15174,#15175);
#15174 = CARTESIAN_POINT('',(46.,43.038586946834,640.07030078122));
#15175 = VECTOR('',#15176,1.);
#15176 = DIRECTION('',(1.,0.,2.22044604925E-16));
#15177 = ORIENTED_EDGE('',*,*,#1742,.F.);
#15178 = SURFACE_OF_LINEAR_EXTRUSION('',#15179,#15185);
#15179 = B_SPLINE_CURVE_WITH_KNOTS('',4,(#15180,#15181,#15182,#15183,
    #15184),.UNSPECIFIED.,.F.,.F.,(5,5),(0.,1.),
  .PIECEWISE_BEZIER_KNOTS.);
#15180 = CARTESIAN_POINT('',(46.,41.850322196537,636.06584108092));
#15181 = CARTESIAN_POINT('',(46.,42.143734663877,636.79248018592));
#15182 = CARTESIAN_POINT('',(46.,42.45990976968,637.69825138778));
#15183 = CARTESIAN_POINT('',(46.,42.768950045103,638.79087476835));
#15184 = CARTESIAN_POINT('',(46.,43.038586946834,640.07030078122));
#15185 = VECTOR('',#15186,1.);
#15186 = DIRECTION('',(-1.,-0.,-2.22044604925E-16));
#15187 = ADVANCED_FACE('',(#15188),#15199,.F.);
#15188 = FACE_BOUND('',#15189,.F.);
#15189 = EDGE_LOOP('',(#15190,#15196,#15197,#15198));
#15190 = ORIENTED_EDGE('',*,*,#15191,.T.);
#15191 = EDGE_CURVE('',#2509,#6864,#15192,.T.);
#15192 = LINE('',#15193,#15194);
#15193 = CARTESIAN_POINT('',(46.,-37.44898146391,638.42527857469));
#15194 = VECTOR('',#15195,1.);
#15195 = DIRECTION('',(1.,0.,2.22044604925E-16));
#15196 = ORIENTED_EDGE('',*,*,#6872,.T.);
#15197 = ORIENTED_EDGE('',*,*,#15149,.F.);
#15198 = ORIENTED_EDGE('',*,*,#2517,.F.);
#15199 = CYLINDRICAL_SURFACE('',#15200,0.76);
#15200 = AXIS2_PLACEMENT_3D('',#15201,#15202,#15203);
#15201 = CARTESIAN_POINT('',(46.,-37.85993534272,639.06458828797));
#15202 = DIRECTION('',(-1.,0.,-2.22044604925E-16));
#15203 = DIRECTION('',(1.867832535654E-16,0.540728787906,-0.841196991156
    ));
#15204 = ADVANCED_FACE('',(#15205),#15216,.T.);
#15205 = FACE_BOUND('',#15206,.F.);
#15206 = EDGE_LOOP('',(#15207,#15208,#15209,#15215));
#15207 = ORIENTED_EDGE('',*,*,#15172,.T.);
#15208 = ORIENTED_EDGE('',*,*,#6107,.T.);
#15209 = ORIENTED_EDGE('',*,*,#15210,.F.);
#15210 = EDGE_CURVE('',#1753,#6108,#15211,.T.);
#15211 = LINE('',#15212,#15213);
#15212 = CARTESIAN_POINT('',(46.,41.727540313337,640.98831441337));
#15213 = VECTOR('',#15214,1.);
#15214 = DIRECTION('',(1.,0.,2.22044604925E-16));
#15215 = ORIENTED_EDGE('',*,*,#1752,.F.);
#15216 = CYLINDRICAL_SURFACE('',#15217,73.896969596836);
#15217 = AXIS2_PLACEMENT_3D('',#15218,#15219,#15220);
#15218 = CARTESIAN_POINT('',(46.,-2.870491202813E-04,580.00019639679));
#15219 = DIRECTION('',(-1.,-0.,-2.22044604925E-16));
#15220 = DIRECTION('',(-1.804978291886E-16,0.582417306566,0.812889956275
    ));
#15221 = ADVANCED_FACE('',(#15222),#15233,.T.);
#15222 = FACE_BOUND('',#15223,.F.);
#15223 = EDGE_LOOP('',(#15224,#15230,#15231,#15232));
#15224 = ORIENTED_EDGE('',*,*,#15225,.T.);
#15225 = EDGE_CURVE('',#2500,#6855,#15226,.T.);
#15226 = LINE('',#15227,#15228);
#15227 = CARTESIAN_POINT('',(46.,-37.12466148178,638.63189319029));
#15228 = VECTOR('',#15229,1.);
#15229 = DIRECTION('',(1.,0.,2.22044604925E-16));
#15230 = ORIENTED_EDGE('',*,*,#6863,.T.);
#15231 = ORIENTED_EDGE('',*,*,#15191,.F.);
#15232 = ORIENTED_EDGE('',*,*,#2508,.F.);
#15233 = CYLINDRICAL_SURFACE('',#15234,69.39696959522);
#15234 = AXIS2_PLACEMENT_3D('',#15235,#15236,#15237);
#15235 = CARTESIAN_POINT('',(46.,-8.31537505519E-10,580.0000000013));
#15236 = DIRECTION('',(-1.,-0.,-2.22044604925E-16));
#15237 = DIRECTION('',(-1.876003467456E-16,-0.534960844796,
    0.844876851698));
#15238 = ADVANCED_FACE('',(#15239),#15250,.F.);
#15239 = FACE_BOUND('',#15240,.F.);
#15240 = EDGE_LOOP('',(#15241,#15242,#15243,#15249));
#15241 = ORIENTED_EDGE('',*,*,#15210,.T.);
#15242 = ORIENTED_EDGE('',*,*,#6116,.T.);
#15243 = ORIENTED_EDGE('',*,*,#15244,.F.);
#15244 = EDGE_CURVE('',#1762,#6117,#15245,.T.);
#15245 = LINE('',#15246,#15247);
#15246 = CARTESIAN_POINT('',(46.,38.371004285154,638.50208622216));
#15247 = VECTOR('',#15248,1.);
#15248 = DIRECTION('',(1.,0.,2.22044604925E-16));
#15249 = ORIENTED_EDGE('',*,*,#1761,.F.);
#15250 = SURFACE_OF_LINEAR_EXTRUSION('',#15251,#15257);
#15251 = B_SPLINE_CURVE_WITH_KNOTS('',4,(#15252,#15253,#15254,#15255,
    #15256),.UNSPECIFIED.,.F.,.F.,(5,5),(0.,1.),
  .PIECEWISE_BEZIER_KNOTS.);
#15252 = CARTESIAN_POINT('',(46.,41.727540313337,640.98831441337));
#15253 = CARTESIAN_POINT('',(46.,40.61750876506,640.29733017065));
#15254 = CARTESIAN_POINT('',(46.,39.696476636332,639.63322809909));
#15255 = CARTESIAN_POINT('',(46.,38.953468376829,639.02632868901));
#15256 = CARTESIAN_POINT('',(46.,38.371004285154,638.50208622216));
#15257 = VECTOR('',#15258,1.);
#15258 = DIRECTION('',(-1.,-0.,-2.22044604925E-16));
#15259 = ADVANCED_FACE('',(#15260),#15271,.F.);
#15260 = FACE_BOUND('',#15261,.F.);
#15261 = EDGE_LOOP('',(#15262,#15268,#15269,#15270));
#15262 = ORIENTED_EDGE('',*,*,#15263,.T.);
#15263 = EDGE_CURVE('',#2490,#6845,#15264,.T.);
#15264 = LINE('',#15265,#15266);
#15265 = CARTESIAN_POINT('',(46.,-36.80460916879,639.49998996746));
#15266 = VECTOR('',#15267,1.);
#15267 = DIRECTION('',(1.,0.,2.22044604925E-16));
#15268 = ORIENTED_EDGE('',*,*,#6854,.T.);
#15269 = ORIENTED_EDGE('',*,*,#15225,.F.);
#15270 = ORIENTED_EDGE('',*,*,#2499,.F.);
#15271 = CYLINDRICAL_SURFACE('',#15272,0.76);
#15272 = AXIS2_PLACEMENT_3D('',#15273,#15274,#15275);
#15273 = CARTESIAN_POINT('',(46.,-37.53039621748,639.27452786431));
#15274 = DIRECTION('',(-1.,0.,-2.22044604925E-16));
#15275 = DIRECTION('',(-6.587189950119E-17,0.954982958797,0.296660662048
    ));
#15276 = ADVANCED_FACE('',(#15277),#15288,.F.);
#15277 = FACE_BOUND('',#15278,.F.);
#15278 = EDGE_LOOP('',(#15279,#15280,#15281,#15287));
#15279 = ORIENTED_EDGE('',*,*,#15244,.T.);
#15280 = ORIENTED_EDGE('',*,*,#6126,.T.);
#15281 = ORIENTED_EDGE('',*,*,#15282,.F.);
#15282 = EDGE_CURVE('',#1772,#6127,#15283,.T.);
#15283 = LINE('',#15284,#15285);
#15284 = CARTESIAN_POINT('',(46.,37.448981463917,638.42527857469));
#15285 = VECTOR('',#15286,1.);
#15286 = DIRECTION('',(1.,0.,2.22044604925E-16));
#15287 = ORIENTED_EDGE('',*,*,#1771,.F.);
#15288 = CYLINDRICAL_SURFACE('',#15289,0.76);
#15289 = AXIS2_PLACEMENT_3D('',#15290,#15291,#15292);
#15290 = CARTESIAN_POINT('',(46.,37.859935364473,639.06458827399));
#15291 = DIRECTION('',(-1.,0.,-2.22044604925E-16));
#15292 = DIRECTION('',(1.643428235107E-16,0.67245910616,-0.740134278724)
  );
#15293 = ADVANCED_FACE('',(#15294),#15305,.F.);
#15294 = FACE_BOUND('',#15295,.F.);
#15295 = EDGE_LOOP('',(#15296,#15302,#15303,#15304));
#15296 = ORIENTED_EDGE('',*,*,#15297,.T.);
#15297 = EDGE_CURVE('',#2481,#6836,#15298,.T.);
#15298 = LINE('',#15299,#15300);
#15299 = CARTESIAN_POINT('',(46.,-37.63936371714,643.59277014373));
#15300 = VECTOR('',#15301,1.);
#15301 = DIRECTION('',(1.,0.,2.22044604925E-16));
#15302 = ORIENTED_EDGE('',*,*,#6844,.T.);
#15303 = ORIENTED_EDGE('',*,*,#15263,.F.);
#15304 = ORIENTED_EDGE('',*,*,#2489,.F.);
#15305 = SURFACE_OF_LINEAR_EXTRUSION('',#15306,#15312);
#15306 = B_SPLINE_CURVE_WITH_KNOTS('',4,(#15307,#15308,#15309,#15310,
    #15311),.UNSPECIFIED.,.F.,.F.,(5,5),(0.,1.),
  .PIECEWISE_BEZIER_KNOTS.);
#15307 = CARTESIAN_POINT('',(46.,-37.63936371714,643.59277014373));
#15308 = CARTESIAN_POINT('',(46.,-37.48223892066,642.29471734813));
#15309 = CARTESIAN_POINT('',(46.,-37.26960303906,641.17931709465));
#15310 = CARTESIAN_POINT('',(46.,-37.03357423685,640.24943614949));
#15311 = CARTESIAN_POINT('',(46.,-36.80460916879,639.49998996746));
#15312 = VECTOR('',#15313,1.);
#15313 = DIRECTION('',(-1.,-0.,-2.22044604925E-16));
#15314 = ADVANCED_FACE('',(#15315),#15326,.T.);
#15315 = FACE_BOUND('',#15316,.F.);
#15316 = EDGE_LOOP('',(#15317,#15318,#15319,#15325));
#15317 = ORIENTED_EDGE('',*,*,#15282,.T.);
#15318 = ORIENTED_EDGE('',*,*,#6135,.T.);
#15319 = ORIENTED_EDGE('',*,*,#15320,.F.);
#15320 = EDGE_CURVE('',#1781,#6136,#15321,.T.);
#15321 = LINE('',#15322,#15323);
#15322 = CARTESIAN_POINT('',(46.,37.124661481788,638.63189319029));
#15323 = VECTOR('',#15324,1.);
#15324 = DIRECTION('',(1.,0.,2.22044604925E-16));
#15325 = ORIENTED_EDGE('',*,*,#1780,.F.);
#15326 = CYLINDRICAL_SURFACE('',#15327,69.396969594388);
#15327 = AXIS2_PLACEMENT_3D('',#15328,#15329,#15330);
#15328 = CARTESIAN_POINT('',(46.,1.282337791508E-09,580.000000002));
#15329 = DIRECTION('',(-1.,-0.,-2.22044604925E-16));
#15330 = DIRECTION('',(-1.869392564853E-16,0.539634247454,0.841899565848
    ));
#15331 = ADVANCED_FACE('',(#15332),#15343,.T.);
#15332 = FACE_BOUND('',#15333,.F.);
#15333 = EDGE_LOOP('',(#15334,#15340,#15341,#15342));
#15334 = ORIENTED_EDGE('',*,*,#15335,.T.);
#15335 = EDGE_CURVE('',#2471,#6826,#15336,.T.);
#15336 = LINE('',#15337,#15338);
#15337 = CARTESIAN_POINT('',(46.,-36.2532885644,644.39301259137));
#15338 = VECTOR('',#15339,1.);
#15339 = DIRECTION('',(1.,0.,2.22044604925E-16));
#15340 = ORIENTED_EDGE('',*,*,#6835,.T.);
#15341 = ORIENTED_EDGE('',*,*,#15297,.F.);
#15342 = ORIENTED_EDGE('',*,*,#2480,.F.);
#15343 = CYLINDRICAL_SURFACE('',#15344,73.896969597064);
#15344 = AXIS2_PLACEMENT_3D('',#15345,#15346,#15347);
#15345 = CARTESIAN_POINT('',(46.,-2.993080290672E-04,579.99982284582));
#15346 = DIRECTION('',(-1.,-0.,-2.22044604925E-16));
#15347 = DIRECTION('',(-1.934877770344E-16,-0.490588307667,
    0.871391480553));
#15348 = ADVANCED_FACE('',(#15349),#15360,.F.);
#15349 = FACE_BOUND('',#15350,.F.);
#15350 = EDGE_LOOP('',(#15351,#15352,#15353,#15359));
#15351 = ORIENTED_EDGE('',*,*,#15320,.T.);
#15352 = ORIENTED_EDGE('',*,*,#6144,.T.);
#15353 = ORIENTED_EDGE('',*,*,#15354,.F.);
#15354 = EDGE_CURVE('',#1790,#6145,#15355,.T.);
#15355 = LINE('',#15356,#15357);
#15356 = CARTESIAN_POINT('',(46.,36.804609063441,639.49998954414));
#15357 = VECTOR('',#15358,1.);
#15358 = DIRECTION('',(1.,0.,2.22044604925E-16));
#15359 = ORIENTED_EDGE('',*,*,#1789,.F.);
#15360 = CYLINDRICAL_SURFACE('',#15361,0.76);
#15361 = AXIS2_PLACEMENT_3D('',#15362,#15363,#15364);
#15362 = CARTESIAN_POINT('',(46.,37.530396239343,639.2745278505));
#15363 = DIRECTION('',(-1.,0.,-2.22044604925E-16));
#15364 = DIRECTION('',(1.877546832091E-16,-0.533861523099,
    -0.845571921338));
#15365 = ADVANCED_FACE('',(#15366),#15377,.F.);
#15366 = FACE_BOUND('',#15367,.F.);
#15367 = EDGE_LOOP('',(#15368,#15374,#15375,#15376));
#15368 = ORIENTED_EDGE('',*,*,#15369,.T.);
#15369 = EDGE_CURVE('',#2462,#6817,#15370,.T.);
#15370 = LINE('',#15371,#15372);
#15371 = CARTESIAN_POINT('',(46.,-33.12619793841,641.62372119736));
#15372 = VECTOR('',#15373,1.);
#15373 = DIRECTION('',(1.,0.,2.22044604925E-16));
#15374 = ORIENTED_EDGE('',*,*,#6825,.T.);
#15375 = ORIENTED_EDGE('',*,*,#15335,.F.);
#15376 = ORIENTED_EDGE('',*,*,#2470,.F.);
#15377 = SURFACE_OF_LINEAR_EXTRUSION('',#15378,#15384);
#15378 = B_SPLINE_CURVE_WITH_KNOTS('',4,(#15379,#15380,#15381,#15382,
    #15383),.UNSPECIFIED.,.F.,.F.,(5,5),(0.,1.),
  .PIECEWISE_BEZIER_KNOTS.);
#15379 = CARTESIAN_POINT('',(46.,-33.12619793841,641.62372119736));
#15380 = CARTESIAN_POINT('',(46.,-33.66075515072,642.19673415679));
#15381 = CARTESIAN_POINT('',(46.,-34.34804127062,642.86608156811));
#15382 = CARTESIAN_POINT('',(46.,-35.20768828472,643.60792977007));
#15383 = CARTESIAN_POINT('',(46.,-36.2532885644,644.39301259137));
#15384 = VECTOR('',#15385,1.);
#15385 = DIRECTION('',(-1.,-0.,-2.22044604925E-16));
#15386 = ADVANCED_FACE('',(#15387),#15398,.F.);
#15387 = FACE_BOUND('',#15388,.F.);
#15388 = EDGE_LOOP('',(#15389,#15390,#15391,#15397));
#15389 = ORIENTED_EDGE('',*,*,#15354,.T.);
#15390 = ORIENTED_EDGE('',*,*,#6153,.T.);
#15391 = ORIENTED_EDGE('',*,*,#15392,.F.);
#15392 = EDGE_CURVE('',#1799,#6154,#15393,.T.);
#15393 = LINE('',#15394,#15395);
#15394 = CARTESIAN_POINT('',(46.,37.639340448135,643.59277516319));
#15395 = VECTOR('',#15396,1.);
#15396 = DIRECTION('',(1.,0.,2.22044604925E-16));
#15397 = ORIENTED_EDGE('',*,*,#1798,.F.);
#15398 = SURFACE_OF_LINEAR_EXTRUSION('',#15399,#15405);
#15399 = B_SPLINE_CURVE_WITH_KNOTS('',4,(#15400,#15401,#15402,#15403,
    #15404),.UNSPECIFIED.,.F.,.F.,(5,5),(0.,1.),
  .PIECEWISE_BEZIER_KNOTS.);
#15400 = CARTESIAN_POINT('',(46.,36.804609063441,639.49998954414));
#15401 = CARTESIAN_POINT('',(46.,37.033574236854,640.24943614949));
#15402 = CARTESIAN_POINT('',(46.,37.269603039066,641.17931709465));
#15403 = CARTESIAN_POINT('',(46.,37.482238920661,642.29471734813));
#15404 = CARTESIAN_POINT('',(46.,37.639340448135,643.59277516319));
#15405 = VECTOR('',#15406,1.);
#15406 = DIRECTION('',(-1.,-0.,-2.22044604925E-16));
#15407 = ADVANCED_FACE('',(#15408),#15419,.F.);
#15408 = FACE_BOUND('',#15409,.F.);
#15409 = EDGE_LOOP('',(#15410,#15416,#15417,#15418));
#15410 = ORIENTED_EDGE('',*,*,#15411,.T.);
#15411 = EDGE_CURVE('',#2453,#6808,#15412,.T.);
#15412 = LINE('',#15413,#15414);
#15413 = CARTESIAN_POINT('',(46.,-32.21437823387,641.46684654527));
#15414 = VECTOR('',#15415,1.);
#15415 = DIRECTION('',(1.,0.,2.22044604925E-16));
#15416 = ORIENTED_EDGE('',*,*,#6816,.T.);
#15417 = ORIENTED_EDGE('',*,*,#15369,.F.);
#15418 = ORIENTED_EDGE('',*,*,#2461,.F.);
#15419 = CYLINDRICAL_SURFACE('',#15420,0.76);
#15420 = AXIS2_PLACEMENT_3D('',#15421,#15422,#15423);
#15421 = CARTESIAN_POINT('',(46.,-32.56804879619,642.13954048262));
#15422 = DIRECTION('',(-1.,0.,-2.22044604925E-16));
#15423 = DIRECTION('',(1.965369204661E-16,0.465356003056,-0.885123601775
    ));
#15424 = ADVANCED_FACE('',(#15425),#15436,.T.);
#15425 = FACE_BOUND('',#15426,.F.);
#15426 = EDGE_LOOP('',(#15427,#15428,#15429,#15435));
#15427 = ORIENTED_EDGE('',*,*,#15392,.T.);
#15428 = ORIENTED_EDGE('',*,*,#6163,.T.);
#15429 = ORIENTED_EDGE('',*,*,#15430,.F.);
#15430 = EDGE_CURVE('',#1809,#6164,#15431,.T.);
#15431 = LINE('',#15432,#15433);
#15432 = CARTESIAN_POINT('',(46.,36.25327258293,644.3930302332));
#15433 = VECTOR('',#15434,1.);
#15434 = DIRECTION('',(1.,0.,2.22044604925E-16));
#15435 = ORIENTED_EDGE('',*,*,#1808,.F.);
#15436 = CYLINDRICAL_SURFACE('',#15437,73.89696959701);
#15437 = AXIS2_PLACEMENT_3D('',#15438,#15439,#15440);
#15438 = CARTESIAN_POINT('',(46.,-3.030740071353E-04,580.00017063131));
#15439 = DIRECTION('',(-1.,-0.,-2.22044604925E-16));
#15440 = DIRECTION('',(-1.910821895192E-16,0.509353004966,0.860557677516
    ));
#15441 = ADVANCED_FACE('',(#15442),#15453,.T.);
#15442 = FACE_BOUND('',#15443,.F.);
#15443 = EDGE_LOOP('',(#15444,#15450,#15451,#15452));
#15444 = ORIENTED_EDGE('',*,*,#15445,.T.);
#15445 = EDGE_CURVE('',#2444,#6799,#15446,.T.);
#15446 = LINE('',#15447,#15448);
#15447 = CARTESIAN_POINT('',(46.,-31.8732847369,641.64440858095));
#15448 = VECTOR('',#15449,1.);
#15449 = DIRECTION('',(1.,0.,2.22044604925E-16));
#15450 = ORIENTED_EDGE('',*,*,#6807,.T.);
#15451 = ORIENTED_EDGE('',*,*,#15411,.F.);
#15452 = ORIENTED_EDGE('',*,*,#2452,.F.);
#15453 = CYLINDRICAL_SURFACE('',#15454,69.396969593108);
#15454 = AXIS2_PLACEMENT_3D('',#15455,#15456,#15457);
#15455 = CARTESIAN_POINT('',(46.,-1.689524964377E-09,580.00000000324));
#15456 = DIRECTION('',(-1.,-0.,-2.22044604925E-16));
#15457 = DIRECTION('',(-1.972392804575E-16,-0.459289287733,
    0.888286749971));
#15458 = ADVANCED_FACE('',(#15459),#15470,.F.);
#15459 = FACE_BOUND('',#15460,.F.);
#15460 = EDGE_LOOP('',(#15461,#15462,#15463,#15469));
#15461 = ORIENTED_EDGE('',*,*,#15430,.T.);
#15462 = ORIENTED_EDGE('',*,*,#6172,.T.);
#15463 = ORIENTED_EDGE('',*,*,#15464,.F.);
#15464 = EDGE_CURVE('',#1818,#6173,#15465,.T.);
#15465 = LINE('',#15466,#15467);
#15466 = CARTESIAN_POINT('',(46.,33.126198252347,641.62372150026));
#15467 = VECTOR('',#15468,1.);
#15468 = DIRECTION('',(1.,0.,2.22044604925E-16));
#15469 = ORIENTED_EDGE('',*,*,#1817,.F.);
#15470 = SURFACE_OF_LINEAR_EXTRUSION('',#15471,#15477);
#15471 = B_SPLINE_CURVE_WITH_KNOTS('',4,(#15472,#15473,#15474,#15475,
    #15476),.UNSPECIFIED.,.F.,.F.,(5,5),(0.,1.),
  .PIECEWISE_BEZIER_KNOTS.);
#15472 = CARTESIAN_POINT('',(46.,36.25327258293,644.3930302332));
#15473 = CARTESIAN_POINT('',(46.,35.207688284723,643.60792977007));
#15474 = CARTESIAN_POINT('',(46.,34.34804127062,642.86608156811));
#15475 = CARTESIAN_POINT('',(46.,33.660755150723,642.19673415679));
#15476 = CARTESIAN_POINT('',(46.,33.126198252347,641.62372150026));
#15477 = VECTOR('',#15478,1.);
#15478 = DIRECTION('',(-1.,-0.,-2.22044604925E-16));
#15479 = ADVANCED_FACE('',(#15480),#15491,.F.);
#15480 = FACE_BOUND('',#15481,.F.);
#15481 = EDGE_LOOP('',(#15482,#15488,#15489,#15490));
#15482 = ORIENTED_EDGE('',*,*,#15483,.T.);
#15483 = EDGE_CURVE('',#2434,#6789,#15484,.T.);
#15484 = LINE('',#15485,#15486);
#15485 = CARTESIAN_POINT('',(46.,-31.4787907002,642.48130759074));
#15486 = VECTOR('',#15487,1.);
#15487 = DIRECTION('',(1.,0.,2.22044604925E-16));
#15488 = ORIENTED_EDGE('',*,*,#6798,.T.);
#15489 = ORIENTED_EDGE('',*,*,#15445,.F.);
#15490 = ORIENTED_EDGE('',*,*,#2443,.F.);
#15491 = CYLINDRICAL_SURFACE('',#15492,0.76);
#15492 = AXIS2_PLACEMENT_3D('',#15493,#15494,#15495);
#15493 = CARTESIAN_POINT('',(46.,-32.2214662271,642.31995994826));
#15494 = DIRECTION('',(-1.,0.,-2.22044604925E-16));
#15495 = DIRECTION('',(-4.713996517115E-17,0.977204640667,0.212299529579
    ));
#15496 = ADVANCED_FACE('',(#15497),#15508,.F.);
#15497 = FACE_BOUND('',#15498,.F.);
#15498 = EDGE_LOOP('',(#15499,#15500,#15501,#15507));
#15499 = ORIENTED_EDGE('',*,*,#15464,.T.);
#15500 = ORIENTED_EDGE('',*,*,#6182,.T.);
#15501 = ORIENTED_EDGE('',*,*,#15502,.F.);
#15502 = EDGE_CURVE('',#1828,#6183,#15503,.T.);
#15503 = LINE('',#15504,#15505);
#15504 = CARTESIAN_POINT('',(46.,32.214378233874,641.46684654527));
#15505 = VECTOR('',#15506,1.);
#15506 = DIRECTION('',(1.,0.,2.22044604925E-16));
#15507 = ORIENTED_EDGE('',*,*,#1827,.F.);
#15508 = CYLINDRICAL_SURFACE('',#15509,0.76);
#15509 = AXIS2_PLACEMENT_3D('',#15510,#15511,#15512);
#15510 = CARTESIAN_POINT('',(46.,32.56804881908,642.13954047059));
#15511 = DIRECTION('',(-1.,0.,-2.22044604925E-16));
#15512 = DIRECTION('',(1.507037098394E-16,0.734407149036,-0.678709171476
    ));
#15513 = ADVANCED_FACE('',(#15514),#15525,.F.);
#15514 = FACE_BOUND('',#15515,.F.);
#15515 = EDGE_LOOP('',(#15516,#15522,#15523,#15524));
#15516 = ORIENTED_EDGE('',*,*,#15517,.T.);
#15517 = EDGE_CURVE('',#2425,#6780,#15518,.T.);
#15518 = LINE('',#15519,#15520);
#15519 = CARTESIAN_POINT('',(46.,-31.9536594593,646.63126715547));
#15520 = VECTOR('',#15521,1.);
#15521 = DIRECTION('',(1.,0.,2.22044604925E-16));
#15522 = ORIENTED_EDGE('',*,*,#6788,.T.);
#15523 = ORIENTED_EDGE('',*,*,#15483,.F.);
#15524 = ORIENTED_EDGE('',*,*,#2433,.F.);
#15525 = SURFACE_OF_LINEAR_EXTRUSION('',#15526,#15532);
#15526 = B_SPLINE_CURVE_WITH_KNOTS('',4,(#15527,#15528,#15529,#15530,
    #15531),.UNSPECIFIED.,.F.,.F.,(5,5),(0.,1.),
  .PIECEWISE_BEZIER_KNOTS.);
#15527 = CARTESIAN_POINT('',(46.,-31.9536594593,646.63126715547));
#15528 = CARTESIAN_POINT('',(46.,-31.91026532563,645.3244595143));
#15529 = CARTESIAN_POINT('',(46.,-31.79565212532,644.19477125734));
#15530 = CARTESIAN_POINT('',(46.,-31.6415659484,643.24785752435));
#15531 = CARTESIAN_POINT('',(46.,-31.4787907002,642.48130759074));
#15532 = VECTOR('',#15533,1.);
#15533 = DIRECTION('',(-1.,-0.,-2.22044604925E-16));
#15534 = ADVANCED_FACE('',(#15535),#15546,.T.);
#15535 = FACE_BOUND('',#15536,.F.);
#15536 = EDGE_LOOP('',(#15537,#15538,#15539,#15545));
#15537 = ORIENTED_EDGE('',*,*,#15502,.T.);
#15538 = ORIENTED_EDGE('',*,*,#6191,.T.);
#15539 = ORIENTED_EDGE('',*,*,#15540,.F.);
#15540 = EDGE_CURVE('',#1837,#6192,#15541,.T.);
#15541 = LINE('',#15542,#15543);
#15542 = CARTESIAN_POINT('',(46.,31.873284736907,641.64440858095));
#15543 = VECTOR('',#15544,1.);
#15544 = DIRECTION('',(1.,0.,2.22044604925E-16));
#15545 = ORIENTED_EDGE('',*,*,#1836,.F.);
#15546 = CYLINDRICAL_SURFACE('',#15547,69.396969596908);
#15547 = AXIS2_PLACEMENT_3D('',#15548,#15549,#15550);
#15548 = CARTESIAN_POINT('',(46.,-6.216005488113E-11,579.99999999987));
#15549 = DIRECTION('',(-1.,-0.,-2.22044604925E-16));
#15550 = DIRECTION('',(-1.966711476947E-16,0.464204394242,0.885728107472
    ));
#15551 = ADVANCED_FACE('',(#15552),#15563,.T.);
#15552 = FACE_BOUND('',#15553,.F.);
#15553 = EDGE_LOOP('',(#15554,#15560,#15561,#15562));
#15554 = ORIENTED_EDGE('',*,*,#15555,.T.);
#15555 = EDGE_CURVE('',#2415,#6770,#15556,.T.);
#15556 = LINE('',#15557,#15558);
#15557 = CARTESIAN_POINT('',(46.,-30.50311301609,647.30766002955));
#15558 = VECTOR('',#15559,1.);
#15559 = DIRECTION('',(1.,0.,2.22044604925E-16));
#15560 = ORIENTED_EDGE('',*,*,#6779,.T.);
#15561 = ORIENTED_EDGE('',*,*,#15517,.F.);
#15562 = ORIENTED_EDGE('',*,*,#2424,.F.);
#15563 = CYLINDRICAL_SURFACE('',#15564,73.896969596989);
#15564 = AXIS2_PLACEMENT_3D('',#15565,#15566,#15567);
#15565 = CARTESIAN_POINT('',(46.,-3.136091070601E-04,579.99984960642));
#15566 = DIRECTION('',(-1.,-0.,-2.22044604925E-16));
#15567 = DIRECTION('',(-2.022455894373E-16,-0.412774699333,
    0.910833161227));
#15568 = ADVANCED_FACE('',(#15569),#15580,.F.);
#15569 = FACE_BOUND('',#15570,.F.);
#15570 = EDGE_LOOP('',(#15571,#15572,#15573,#15579));
#15571 = ORIENTED_EDGE('',*,*,#15540,.T.);
#15572 = ORIENTED_EDGE('',*,*,#6200,.T.);
#15573 = ORIENTED_EDGE('',*,*,#15574,.F.);
#15574 = EDGE_CURVE('',#1846,#6201,#15575,.T.);
#15575 = LINE('',#15576,#15577);
#15576 = CARTESIAN_POINT('',(46.,31.478790632142,642.48130715984));
#15577 = VECTOR('',#15578,1.);
#15578 = DIRECTION('',(1.,0.,2.22044604925E-16));
#15579 = ORIENTED_EDGE('',*,*,#1845,.F.);
#15580 = CYLINDRICAL_SURFACE('',#15581,0.76);
#15581 = AXIS2_PLACEMENT_3D('',#15582,#15583,#15584);
#15582 = CARTESIAN_POINT('',(46.,32.221466250088,642.31995993642));
#15583 = DIRECTION('',(-1.,0.,-2.22044604925E-16));
#15584 = DIRECTION('',(1.973717550423E-16,-0.458133569976,
    -0.888883362462));
#15585 = ADVANCED_FACE('',(#15586),#15597,.F.);
#15586 = FACE_BOUND('',#15587,.F.);
#15587 = EDGE_LOOP('',(#15588,#15594,#15595,#15596));
#15588 = ORIENTED_EDGE('',*,*,#15589,.T.);
#15589 = EDGE_CURVE('',#2406,#6761,#15590,.T.);
#15590 = LINE('',#15591,#15592);
#15591 = CARTESIAN_POINT('',(46.,-27.62928156235,644.27636271922));
#15592 = VECTOR('',#15593,1.);
#15593 = DIRECTION('',(1.,0.,2.22044604925E-16));
#15594 = ORIENTED_EDGE('',*,*,#6769,.T.);
#15595 = ORIENTED_EDGE('',*,*,#15555,.F.);
#15596 = ORIENTED_EDGE('',*,*,#2414,.F.);
#15597 = SURFACE_OF_LINEAR_EXTRUSION('',#15598,#15604);
#15598 = B_SPLINE_CURVE_WITH_KNOTS('',4,(#15599,#15600,#15601,#15602,
    #15603),.UNSPECIFIED.,.F.,.F.,(5,5),(0.,1.),
  .PIECEWISE_BEZIER_KNOTS.);
#15599 = CARTESIAN_POINT('',(46.,-27.62928156235,644.27636271922));
#15600 = CARTESIAN_POINT('',(46.,-28.111863253,644.89378492223));
#15601 = CARTESIAN_POINT('',(46.,-28.73819657092,645.62048619683));
#15602 = CARTESIAN_POINT('',(46.,-29.52991603755,646.43443461642));
#15603 = CARTESIAN_POINT('',(46.,-30.50311301609,647.30766002955));
#15604 = VECTOR('',#15605,1.);
#15605 = DIRECTION('',(-1.,-0.,-2.22044604925E-16));
#15606 = ADVANCED_FACE('',(#15607),#15618,.F.);
#15607 = FACE_BOUND('',#15608,.F.);
#15608 = EDGE_LOOP('',(#15609,#15610,#15611,#15617));
#15609 = ORIENTED_EDGE('',*,*,#15574,.T.);
#15610 = ORIENTED_EDGE('',*,*,#6209,.T.);
#15611 = ORIENTED_EDGE('',*,*,#15612,.F.);
#15612 = EDGE_CURVE('',#1855,#6210,#15613,.T.);
#15613 = LINE('',#15614,#15615);
#15614 = CARTESIAN_POINT('',(46.,31.953635841369,646.63127012779));
#15615 = VECTOR('',#15616,1.);
#15616 = DIRECTION('',(1.,0.,2.22044604925E-16));
#15617 = ORIENTED_EDGE('',*,*,#1854,.F.);
#15618 = SURFACE_OF_LINEAR_EXTRUSION('',#15619,#15625);
#15619 = B_SPLINE_CURVE_WITH_KNOTS('',4,(#15620,#15621,#15622,#15623,
    #15624),.UNSPECIFIED.,.F.,.F.,(5,5),(0.,1.),
  .PIECEWISE_BEZIER_KNOTS.);
#15620 = CARTESIAN_POINT('',(46.,31.478790632142,642.48130715984));
#15621 = CARTESIAN_POINT('',(46.,31.641565948404,643.24785752435));
#15622 = CARTESIAN_POINT('',(46.,31.795652125323,644.19477125734));
#15623 = CARTESIAN_POINT('',(46.,31.910265325639,645.3244595143));
#15624 = CARTESIAN_POINT('',(46.,31.953635841369,646.63127012779));
#15625 = VECTOR('',#15626,1.);
#15626 = DIRECTION('',(-1.,-0.,-2.22044604925E-16));
#15627 = ADVANCED_FACE('',(#15628),#15639,.F.);
#15628 = FACE_BOUND('',#15629,.F.);
#15629 = EDGE_LOOP('',(#15630,#15636,#15637,#15638));
#15630 = ORIENTED_EDGE('',*,*,#15631,.T.);
#15631 = EDGE_CURVE('',#2397,#6752,#15632,.T.);
#15632 = LINE('',#15633,#15634);
#15633 = CARTESIAN_POINT('',(46.,-26.73460413389,644.04061469894));
#15634 = VECTOR('',#15635,1.);
#15635 = DIRECTION('',(1.,0.,2.22044604925E-16));
#15636 = ORIENTED_EDGE('',*,*,#6760,.T.);
#15637 = ORIENTED_EDGE('',*,*,#15589,.F.);
#15638 = ORIENTED_EDGE('',*,*,#2405,.F.);
#15639 = CYLINDRICAL_SURFACE('',#15640,0.76);
#15640 = AXIS2_PLACEMENT_3D('',#15641,#15642,#15643);
#15641 = CARTESIAN_POINT('',(46.,-27.0282997332,644.74157325331));
#15642 = DIRECTION('',(-1.,0.,-2.22044604925E-16));
#15643 = DIRECTION('',(2.047948227297E-16,0.386441578033,-0.922313887333
    ));
#15644 = ADVANCED_FACE('',(#15645),#15656,.T.);
#15645 = FACE_BOUND('',#15646,.F.);
#15646 = EDGE_LOOP('',(#15647,#15648,#15649,#15655));
#15647 = ORIENTED_EDGE('',*,*,#15612,.T.);
#15648 = ORIENTED_EDGE('',*,*,#6219,.T.);
#15649 = ORIENTED_EDGE('',*,*,#15650,.F.);
#15650 = EDGE_CURVE('',#1865,#6220,#15651,.T.);
#15651 = LINE('',#15652,#15653);
#15652 = CARTESIAN_POINT('',(46.,30.503095557843,647.30767621137));
#15653 = VECTOR('',#15654,1.);
#15654 = DIRECTION('',(1.,0.,2.22044604925E-16));
#15655 = ORIENTED_EDGE('',*,*,#1864,.F.);
#15656 = CYLINDRICAL_SURFACE('',#15657,73.89696959692);
#15657 = AXIS2_PLACEMENT_3D('',#15658,#15659,#15660);
#15658 = CARTESIAN_POINT('',(46.,-3.167921805201E-04,580.00014356745));
#15659 = DIRECTION('',(-1.,-0.,-2.22044604925E-16));
#15660 = DIRECTION('',(-2.002122990091E-16,0.432412219443,0.901676035212
    ));
#15661 = ADVANCED_FACE('',(#15662),#15673,.T.);
#15662 = FACE_BOUND('',#15663,.F.);
#15663 = EDGE_LOOP('',(#15664,#15670,#15671,#15672));
#15664 = ORIENTED_EDGE('',*,*,#15665,.T.);
#15665 = EDGE_CURVE('',#2388,#6743,#15666,.T.);
#15666 = LINE('',#15667,#15668);
#15667 = CARTESIAN_POINT('',(46.,-26.37933304956,644.18777280039));
#15668 = VECTOR('',#15669,1.);
#15669 = DIRECTION('',(1.,0.,2.22044604925E-16));
#15670 = ORIENTED_EDGE('',*,*,#6751,.T.);
#15671 = ORIENTED_EDGE('',*,*,#15631,.F.);
#15672 = ORIENTED_EDGE('',*,*,#2396,.F.);
#15673 = CYLINDRICAL_SURFACE('',#15674,69.396969598928);
#15674 = AXIS2_PLACEMENT_3D('',#15675,#15676,#15677);
#15675 = CARTESIAN_POINT('',(46.,8.279155139235E-10,579.999999998));
#15676 = DIRECTION('',(-1.,-0.,-2.22044604925E-16));
#15677 = DIRECTION('',(-2.053771041487E-16,-0.380122261863,
    0.924936249715));
#15678 = ADVANCED_FACE('',(#15679),#15690,.F.);
#15679 = FACE_BOUND('',#15680,.F.);
#15680 = EDGE_LOOP('',(#15681,#15682,#15683,#15689));
#15681 = ORIENTED_EDGE('',*,*,#15650,.T.);
#15682 = ORIENTED_EDGE('',*,*,#6228,.T.);
#15683 = ORIENTED_EDGE('',*,*,#15684,.F.);
#15684 = EDGE_CURVE('',#1874,#6229,#15685,.T.);
#15685 = LINE('',#15686,#15687);
#15686 = CARTESIAN_POINT('',(46.,27.629281848693,644.27636304833));
#15687 = VECTOR('',#15688,1.);
#15688 = DIRECTION('',(1.,0.,2.22044604925E-16));
#15689 = ORIENTED_EDGE('',*,*,#1873,.F.);
#15690 = SURFACE_OF_LINEAR_EXTRUSION('',#15691,#15697);
#15691 = B_SPLINE_CURVE_WITH_KNOTS('',4,(#15692,#15693,#15694,#15695,
    #15696),.UNSPECIFIED.,.F.,.F.,(5,5),(0.,1.),
  .PIECEWISE_BEZIER_KNOTS.);
#15692 = CARTESIAN_POINT('',(46.,30.503095557843,647.30767621137));
#15693 = CARTESIAN_POINT('',(46.,29.529916037556,646.43443461642));
#15694 = CARTESIAN_POINT('',(46.,28.738196570924,645.62048619683));
#15695 = CARTESIAN_POINT('',(46.,28.111863253,644.89378492223));
#15696 = CARTESIAN_POINT('',(46.,27.629281848693,644.27636304833));
#15697 = VECTOR('',#15698,1.);
#15698 = DIRECTION('',(-1.,-0.,-2.22044604925E-16));
#15699 = ADVANCED_FACE('',(#15700),#15711,.F.);
#15700 = FACE_BOUND('',#15701,.F.);
#15701 = EDGE_LOOP('',(#15702,#15708,#15709,#15710));
#15702 = ORIENTED_EDGE('',*,*,#15703,.T.);
#15703 = EDGE_CURVE('',#2378,#6733,#15704,.T.);
#15704 = LINE('',#15705,#15706);
#15705 = CARTESIAN_POINT('',(46.,-25.91339962696,644.98710473601));
#15706 = VECTOR('',#15707,1.);
#15707 = DIRECTION('',(1.,0.,2.22044604925E-16));
#15708 = ORIENTED_EDGE('',*,*,#6742,.T.);
#15709 = ORIENTED_EDGE('',*,*,#15665,.F.);
#15710 = ORIENTED_EDGE('',*,*,#2387,.F.);
#15711 = CYLINDRICAL_SURFACE('',#15712,0.76);
#15712 = AXIS2_PLACEMENT_3D('',#15713,#15714,#15715);
#15713 = CARTESIAN_POINT('',(46.,-26.66731142289,644.89109950719));
#15714 = DIRECTION('',(-1.,0.,-2.22044604925E-16));
#15715 = DIRECTION('',(-2.804926724225E-17,0.991989205168,0.1263226695)
  );
#15716 = ADVANCED_FACE('',(#15717),#15728,.F.);
#15717 = FACE_BOUND('',#15718,.F.);
#15718 = EDGE_LOOP('',(#15719,#15720,#15721,#15727));
#15719 = ORIENTED_EDGE('',*,*,#15684,.T.);
#15720 = ORIENTED_EDGE('',*,*,#6238,.T.);
#15721 = ORIENTED_EDGE('',*,*,#15722,.F.);
#15722 = EDGE_CURVE('',#1884,#6239,#15723,.T.);
#15723 = LINE('',#15724,#15725);
#15724 = CARTESIAN_POINT('',(46.,26.734604133898,644.04061469894));
#15725 = VECTOR('',#15726,1.);
#15726 = DIRECTION('',(1.,0.,2.22044604925E-16));
#15727 = ORIENTED_EDGE('',*,*,#1883,.F.);
#15728 = CYLINDRICAL_SURFACE('',#15729,0.76);
#15729 = AXIS2_PLACEMENT_3D('',#15730,#15731,#15732);
#15730 = CARTESIAN_POINT('',(46.,27.028299757048,644.74157324332));
#15731 = DIRECTION('',(-1.,0.,-2.22044604925E-16));
#15732 = DIRECTION('',(1.359176499387E-16,0.79076591006,-0.612118677617)
  );
#15733 = ADVANCED_FACE('',(#15734),#15745,.F.);
#15734 = FACE_BOUND('',#15735,.F.);
#15735 = EDGE_LOOP('',(#15736,#15742,#15743,#15744));
#15736 = ORIENTED_EDGE('',*,*,#15737,.T.);
#15737 = EDGE_CURVE('',#2369,#6724,#15738,.T.);
#15738 = LINE('',#15739,#15740);
#15739 = CARTESIAN_POINT('',(46.,-26.02476855883,649.1626599911));
#15740 = VECTOR('',#15741,1.);
#15741 = DIRECTION('',(1.,0.,2.22044604925E-16));
#15742 = ORIENTED_EDGE('',*,*,#6732,.T.);
#15743 = ORIENTED_EDGE('',*,*,#15703,.F.);
#15744 = ORIENTED_EDGE('',*,*,#2377,.F.);
#15745 = SURFACE_OF_LINEAR_EXTRUSION('',#15746,#15752);
#15746 = B_SPLINE_CURVE_WITH_KNOTS('',4,(#15747,#15748,#15749,#15750,
    #15751),.UNSPECIFIED.,.F.,.F.,(5,5),(0.,1.),
  .PIECEWISE_BEZIER_KNOTS.);
#15747 = CARTESIAN_POINT('',(46.,-26.02476855883,649.1626599911));
#15748 = CARTESIAN_POINT('',(46.,-26.09543534354,647.85704309959));
#15749 = CARTESIAN_POINT('',(46.,-26.07971710016,646.72166444891));
#15750 = CARTESIAN_POINT('',(46.,-26.00874623738,645.76492451335));
#15751 = CARTESIAN_POINT('',(46.,-25.91339962696,644.98710473601));
#15752 = VECTOR('',#15753,1.);
#15753 = DIRECTION('',(-1.,-0.,-2.22044604925E-16));
#15754 = ADVANCED_FACE('',(#15755),#15766,.T.);
#15755 = FACE_BOUND('',#15756,.F.);
#15756 = EDGE_LOOP('',(#15757,#15758,#15759,#15765));
#15757 = ORIENTED_EDGE('',*,*,#15722,.T.);
#15758 = ORIENTED_EDGE('',*,*,#6247,.T.);
#15759 = ORIENTED_EDGE('',*,*,#15760,.F.);
#15760 = EDGE_CURVE('',#1893,#6248,#15761,.T.);
#15761 = LINE('',#15762,#15763);
#15762 = CARTESIAN_POINT('',(46.,26.379333049562,644.18777280039));
#15763 = VECTOR('',#15764,1.);
#15764 = DIRECTION('',(1.,0.,2.22044604925E-16));
#15765 = ORIENTED_EDGE('',*,*,#1892,.F.);
#15766 = CYLINDRICAL_SURFACE('',#15767,69.396969594556);
#15767 = AXIS2_PLACEMENT_3D('',#15768,#15769,#15770);
#15768 = CARTESIAN_POINT('',(46.,8.50308268241E-10,580.00000000204));
#15769 = DIRECTION('',(-1.,-0.,-2.22044604925E-16));
#15770 = DIRECTION('',(-2.049062527169E-16,0.385241665295,0.922815723382
    ));
#15771 = ADVANCED_FACE('',(#15772),#15783,.T.);
#15772 = FACE_BOUND('',#15773,.F.);
#15773 = EDGE_LOOP('',(#15774,#15780,#15781,#15782));
#15774 = ORIENTED_EDGE('',*,*,#15775,.T.);
#15775 = EDGE_CURVE('',#2359,#6714,#15776,.T.);
#15776 = LINE('',#15777,#15778);
#15777 = CARTESIAN_POINT('',(46.,-24.52079035944,649.71005553343));
#15778 = VECTOR('',#15779,1.);
#15779 = DIRECTION('',(1.,0.,2.22044604925E-16));
#15780 = ORIENTED_EDGE('',*,*,#6723,.T.);
#15781 = ORIENTED_EDGE('',*,*,#15737,.F.);
#15782 = ORIENTED_EDGE('',*,*,#2368,.F.);
#15783 = CYLINDRICAL_SURFACE('',#15784,73.896969596888);
#15784 = AXIS2_PLACEMENT_3D('',#15785,#15786,#15787);
#15785 = CARTESIAN_POINT('',(46.,-3.25523428387E-04,579.99987751165));
#15786 = DIRECTION('',(-1.,-0.,-2.22044604925E-16));
#15787 = DIRECTION('',(-2.094641907853E-16,-0.331819626296,
    0.943342851568));
#15788 = ADVANCED_FACE('',(#15789),#15800,.F.);
#15789 = FACE_BOUND('',#15790,.F.);
#15790 = EDGE_LOOP('',(#15791,#15792,#15793,#15799));
#15791 = ORIENTED_EDGE('',*,*,#15760,.T.);
#15792 = ORIENTED_EDGE('',*,*,#6256,.T.);
#15793 = ORIENTED_EDGE('',*,*,#15794,.F.);
#15794 = EDGE_CURVE('',#1902,#6257,#15795,.T.);
#15795 = LINE('',#15796,#15797);
#15796 = CARTESIAN_POINT('',(46.,25.913399596718,644.98710430082));
#15797 = VECTOR('',#15798,1.);
#15798 = DIRECTION('',(1.,0.,2.22044604925E-16));
#15799 = ORIENTED_EDGE('',*,*,#1901,.F.);
#15800 = CYLINDRICAL_SURFACE('',#15801,0.76);
#15801 = AXIS2_PLACEMENT_3D('',#15802,#15803,#15804);
#15802 = CARTESIAN_POINT('',(46.,26.667311446817,644.89109949739));
#15803 = DIRECTION('',(-1.,0.,-2.22044604925E-16));
#15804 = DIRECTION('',(2.054867086432E-16,-0.378918943756,
    -0.925429864475));
#15805 = ADVANCED_FACE('',(#15806),#15817,.F.);
#15806 = FACE_BOUND('',#15807,.F.);
#15807 = EDGE_LOOP('',(#15808,#15814,#15815,#15816));
#15808 = ORIENTED_EDGE('',*,*,#15809,.T.);
#15809 = EDGE_CURVE('',#2350,#6705,#15810,.T.);
#15810 = LINE('',#15811,#15812);
#15811 = CARTESIAN_POINT('',(46.,-21.92208967059,646.43982230966));
#15812 = VECTOR('',#15813,1.);
#15813 = DIRECTION('',(1.,0.,2.22044604925E-16));
#15814 = ORIENTED_EDGE('',*,*,#6713,.T.);
#15815 = ORIENTED_EDGE('',*,*,#15775,.F.);
#15816 = ORIENTED_EDGE('',*,*,#2358,.F.);
#15817 = SURFACE_OF_LINEAR_EXTRUSION('',#15818,#15824);
#15818 = B_SPLINE_CURVE_WITH_KNOTS('',4,(#15819,#15820,#15821,#15822,
    #15823),.UNSPECIFIED.,.F.,.F.,(5,5),(0.,1.),
  .PIECEWISE_BEZIER_KNOTS.);
#15819 = CARTESIAN_POINT('',(46.,-21.92208967059,646.43982230966));
#15820 = CARTESIAN_POINT('',(46.,-22.34902310151,647.09695480047));
#15821 = CARTESIAN_POINT('',(46.,-22.90963684272,647.87547930285));
#15822 = CARTESIAN_POINT('',(46.,-23.62740329869,648.75533330113));
#15823 = CARTESIAN_POINT('',(46.,-24.52079035944,649.71005553343));
#15824 = VECTOR('',#15825,1.);
#15825 = DIRECTION('',(-1.,-0.,-2.22044604925E-16));
#15826 = ADVANCED_FACE('',(#15827),#15838,.F.);
#15827 = FACE_BOUND('',#15828,.F.);
#15828 = EDGE_LOOP('',(#15829,#15830,#15831,#15837));
#15829 = ORIENTED_EDGE('',*,*,#15794,.T.);
#15830 = ORIENTED_EDGE('',*,*,#6265,.T.);
#15831 = ORIENTED_EDGE('',*,*,#15832,.F.);
#15832 = EDGE_CURVE('',#1911,#6266,#15833,.T.);
#15833 = LINE('',#15834,#15835);
#15834 = CARTESIAN_POINT('',(46.,26.024744771718,649.16266089367));
#15835 = VECTOR('',#15836,1.);
#15836 = DIRECTION('',(1.,0.,2.22044604925E-16));
#15837 = ORIENTED_EDGE('',*,*,#1910,.F.);
#15838 = SURFACE_OF_LINEAR_EXTRUSION('',#15839,#15845);
#15839 = B_SPLINE_CURVE_WITH_KNOTS('',4,(#15840,#15841,#15842,#15843,
    #15844),.UNSPECIFIED.,.F.,.F.,(5,5),(0.,1.),
  .PIECEWISE_BEZIER_KNOTS.);
#15840 = CARTESIAN_POINT('',(46.,25.913399596718,644.98710430082));
#15841 = CARTESIAN_POINT('',(46.,26.008746237387,645.76492451335));
#15842 = CARTESIAN_POINT('',(46.,26.079717100166,646.72166444891));
#15843 = CARTESIAN_POINT('',(46.,26.095435343543,647.85704309959));
#15844 = CARTESIAN_POINT('',(46.,26.024744771718,649.16266089367));
#15845 = VECTOR('',#15846,1.);
#15846 = DIRECTION('',(-1.,-0.,-2.22044604925E-16));
#15847 = ADVANCED_FACE('',(#15848),#15859,.F.);
#15848 = FACE_BOUND('',#15849,.F.);
#15849 = EDGE_LOOP('',(#15850,#15856,#15857,#15858));
#15850 = ORIENTED_EDGE('',*,*,#15851,.T.);
#15851 = EDGE_CURVE('',#2341,#6696,#15852,.T.);
#15852 = LINE('',#15853,#15854);
#15853 = CARTESIAN_POINT('',(46.,-21.05136355366,646.12699510598));
#15854 = VECTOR('',#15855,1.);
#15855 = DIRECTION('',(1.,0.,2.22044604925E-16));
#15856 = ORIENTED_EDGE('',*,*,#6704,.T.);
#15857 = ORIENTED_EDGE('',*,*,#15809,.F.);
#15858 = ORIENTED_EDGE('',*,*,#2349,.F.);
#15859 = CYLINDRICAL_SURFACE('',#15860,0.76);
#15860 = AXIS2_PLACEMENT_3D('',#15861,#15862,#15863);
#15861 = CARTESIAN_POINT('',(46.,-21.2828489891,646.85088355952));
#15862 = DIRECTION('',(-1.,0.,-2.22044604925E-16));
#15863 = DIRECTION('',(2.114941127339E-16,0.304586099262,-0.9524848073)
  );
#15864 = ADVANCED_FACE('',(#15865),#15876,.T.);
#15865 = FACE_BOUND('',#15866,.F.);
#15866 = EDGE_LOOP('',(#15867,#15868,#15869,#15875));
#15867 = ORIENTED_EDGE('',*,*,#15832,.T.);
#15868 = ORIENTED_EDGE('',*,*,#6275,.T.);
#15869 = ORIENTED_EDGE('',*,*,#15870,.F.);
#15870 = EDGE_CURVE('',#1921,#6276,#15871,.T.);
#15871 = LINE('',#15872,#15873);
#15872 = CARTESIAN_POINT('',(46.,24.520771557288,649.71007013209));
#15873 = VECTOR('',#15874,1.);
#15874 = DIRECTION('',(1.,0.,2.22044604925E-16));
#15875 = ORIENTED_EDGE('',*,*,#1920,.F.);
#15876 = CYLINDRICAL_SURFACE('',#15877,73.89696959684);
#15877 = AXIS2_PLACEMENT_3D('',#15878,#15879,#15880);
#15878 = CARTESIAN_POINT('',(46.,-3.280993904866E-04,580.00011541095));
#15879 = DIRECTION('',(-1.,-0.,-2.22044604925E-16));
#15880 = DIRECTION('',(-2.078186720119E-16,0.352180515833,0.935932093834
    ));
#15881 = ADVANCED_FACE('',(#15882),#15893,.T.);
#15882 = FACE_BOUND('',#15883,.F.);
#15883 = EDGE_LOOP('',(#15884,#15890,#15891,#15892));
#15884 = ORIENTED_EDGE('',*,*,#15885,.T.);
#15885 = EDGE_CURVE('',#2332,#6687,#15886,.T.);
#15886 = LINE('',#15887,#15888);
#15887 = CARTESIAN_POINT('',(46.,-20.68461870943,646.24262931119));
#15888 = VECTOR('',#15889,1.);
#15889 = DIRECTION('',(1.,0.,2.22044604925E-16));
#15890 = ORIENTED_EDGE('',*,*,#6695,.T.);
#15891 = ORIENTED_EDGE('',*,*,#15851,.F.);
#15892 = ORIENTED_EDGE('',*,*,#2340,.F.);
#15893 = CYLINDRICAL_SURFACE('',#15894,69.3969695927);
#15894 = AXIS2_PLACEMENT_3D('',#15895,#15896,#15897);
#15895 = CARTESIAN_POINT('',(46.,-1.222275614055E-09,580.00000000388));
#15896 = DIRECTION('',(-1.,-0.,-2.22044604925E-16));
#15897 = DIRECTION('',(-2.119518840674E-16,-0.298062276056,
    0.954546426106));
#15898 = ADVANCED_FACE('',(#15899),#15910,.F.);
#15899 = FACE_BOUND('',#15900,.F.);
#15900 = EDGE_LOOP('',(#15901,#15902,#15903,#15909));
#15901 = ORIENTED_EDGE('',*,*,#15870,.T.);
#15902 = ORIENTED_EDGE('',*,*,#6284,.T.);
#15903 = ORIENTED_EDGE('',*,*,#15904,.F.);
#15904 = EDGE_CURVE('',#1930,#6285,#15905,.T.);
#15905 = LINE('',#15906,#15907);
#15906 = CARTESIAN_POINT('',(46.,21.922089927154,646.43982266248));
#15907 = VECTOR('',#15908,1.);
#15908 = DIRECTION('',(1.,0.,2.22044604925E-16));
#15909 = ORIENTED_EDGE('',*,*,#1929,.F.);
#15910 = SURFACE_OF_LINEAR_EXTRUSION('',#15911,#15917);
#15911 = B_SPLINE_CURVE_WITH_KNOTS('',4,(#15912,#15913,#15914,#15915,
    #15916),.UNSPECIFIED.,.F.,.F.,(5,5),(0.,1.),
  .PIECEWISE_BEZIER_KNOTS.);
#15912 = CARTESIAN_POINT('',(46.,24.520771557288,649.71007013209));
#15913 = CARTESIAN_POINT('',(46.,23.627403298693,648.75533330113));
#15914 = CARTESIAN_POINT('',(46.,22.909636842725,647.87547930285));
#15915 = CARTESIAN_POINT('',(46.,22.349023101515,647.09695480047));
#15916 = CARTESIAN_POINT('',(46.,21.922089927154,646.43982266248));
#15917 = VECTOR('',#15918,1.);
#15918 = DIRECTION('',(-1.,-0.,-2.22044604925E-16));
#15919 = ADVANCED_FACE('',(#15920),#15931,.F.);
#15920 = FACE_BOUND('',#15921,.F.);
#15921 = EDGE_LOOP('',(#15922,#15928,#15929,#15930));
#15922 = ORIENTED_EDGE('',*,*,#15923,.T.);
#15923 = EDGE_CURVE('',#2322,#6677,#15924,.T.);
#15924 = LINE('',#15925,#15926);
#15925 = CARTESIAN_POINT('',(46.,-20.15079193562,646.99831077395));
#15926 = VECTOR('',#15927,1.);
#15927 = DIRECTION('',(1.,0.,2.22044604925E-16));
#15928 = ORIENTED_EDGE('',*,*,#6686,.T.);
#15929 = ORIENTED_EDGE('',*,*,#15885,.F.);
#15930 = ORIENTED_EDGE('',*,*,#2331,.F.);
#15931 = CYLINDRICAL_SURFACE('',#15932,0.76);
#15932 = AXIS2_PLACEMENT_3D('',#15933,#15934,#15935);
#15933 = CARTESIAN_POINT('',(46.,-20.91020227658,646.96837861655));
#15934 = DIRECTION('',(-1.,0.,-2.22044604925E-16));
#15935 = DIRECTION('',(-8.745097453035E-18,0.999224132839,
    3.938441763081E-02));
#15936 = ADVANCED_FACE('',(#15937),#15948,.F.);
#15937 = FACE_BOUND('',#15938,.F.);
#15938 = EDGE_LOOP('',(#15939,#15940,#15941,#15947));
#15939 = ORIENTED_EDGE('',*,*,#15904,.T.);
#15940 = ORIENTED_EDGE('',*,*,#6294,.T.);
#15941 = ORIENTED_EDGE('',*,*,#15942,.F.);
#15942 = EDGE_CURVE('',#1940,#6295,#15943,.T.);
#15943 = LINE('',#15944,#15945);
#15944 = CARTESIAN_POINT('',(46.,21.051363553668,646.12699510598));
#15945 = VECTOR('',#15946,1.);
#15946 = DIRECTION('',(1.,0.,2.22044604925E-16));
#15947 = ORIENTED_EDGE('',*,*,#1939,.F.);
#15948 = CYLINDRICAL_SURFACE('',#15949,0.76);
#15949 = AXIS2_PLACEMENT_3D('',#15950,#15951,#15952);
#15950 = CARTESIAN_POINT('',(46.,21.282849013731,646.85088355165));
#15951 = DIRECTION('',(-1.,0.,-2.22044604925E-16));
#15952 = DIRECTION('',(1.200971746527E-16,0.84110646503,-0.540869591014)
  );
#15953 = ADVANCED_FACE('',(#15954),#15965,.F.);
#15954 = FACE_BOUND('',#15955,.F.);
#15955 = EDGE_LOOP('',(#15956,#15962,#15963,#15964));
#15956 = ORIENTED_EDGE('',*,*,#15957,.T.);
#15957 = EDGE_CURVE('',#2313,#6668,#15958,.T.);
#15958 = LINE('',#15959,#15960);
#15959 = CARTESIAN_POINT('',(46.,-19.89781345545,651.16768322264));
#15960 = VECTOR('',#15961,1.);
#15961 = DIRECTION('',(1.,0.,2.22044604925E-16));
#15962 = ORIENTED_EDGE('',*,*,#6676,.T.);
#15963 = ORIENTED_EDGE('',*,*,#15923,.F.);
#15964 = ORIENTED_EDGE('',*,*,#2321,.F.);
#15965 = SURFACE_OF_LINEAR_EXTRUSION('',#15966,#15972);
#15966 = B_SPLINE_CURVE_WITH_KNOTS('',4,(#15967,#15968,#15969,#15970,
    #15971),.UNSPECIFIED.,.F.,.F.,(5,5),(0.,1.),
  .PIECEWISE_BEZIER_KNOTS.);
#15967 = CARTESIAN_POINT('',(46.,-19.89781345545,651.16768322264));
#15968 = CARTESIAN_POINT('',(46.,-20.08200334162,649.87319361368));
#15969 = CARTESIAN_POINT('',(46.,-20.16529968051,648.74076548637));
#15970 = CARTESIAN_POINT('',(46.,-20.17798426299,647.78148071686));
#15971 = CARTESIAN_POINT('',(46.,-20.15079193562,646.99831077395));
#15972 = VECTOR('',#15973,1.);
#15973 = DIRECTION('',(-1.,-0.,-2.22044604925E-16));
#15974 = ADVANCED_FACE('',(#15975),#15986,.T.);
#15975 = FACE_BOUND('',#15976,.F.);
#15976 = EDGE_LOOP('',(#15977,#15978,#15979,#15985));
#15977 = ORIENTED_EDGE('',*,*,#15942,.T.);
#15978 = ORIENTED_EDGE('',*,*,#6303,.T.);
#15979 = ORIENTED_EDGE('',*,*,#15980,.F.);
#15980 = EDGE_CURVE('',#1949,#6304,#15981,.T.);
#15981 = LINE('',#15982,#15983);
#15982 = CARTESIAN_POINT('',(46.,20.684618709434,646.24262931119));
#15983 = VECTOR('',#15984,1.);
#15984 = DIRECTION('',(1.,0.,2.22044604925E-16));
#15985 = ORIENTED_EDGE('',*,*,#1948,.F.);
#15986 = CYLINDRICAL_SURFACE('',#15987,69.396969598966);
#15987 = AXIS2_PLACEMENT_3D('',#15988,#15989,#15990);
#15988 = CARTESIAN_POINT('',(46.,-6.596128088177E-10,579.9999999979));
#15989 = DIRECTION('',(-1.,-0.,-2.22044604925E-16));
#15990 = DIRECTION('',(-2.115818974302E-16,0.30334701466,0.952880154425)
  );
#15991 = ADVANCED_FACE('',(#15992),#16003,.T.);
#15992 = FACE_BOUND('',#15993,.F.);
#15993 = EDGE_LOOP('',(#15994,#16000,#16001,#16002));
#15994 = ORIENTED_EDGE('',*,*,#15995,.T.);
#15995 = EDGE_CURVE('',#2303,#6658,#15996,.T.);
#15996 = LINE('',#15997,#15998);
#15997 = CARTESIAN_POINT('',(46.,-18.35184968209,651.58191542262));
#15998 = VECTOR('',#15999,1.);
#15999 = DIRECTION('',(1.,0.,2.22044604925E-16));
#16000 = ORIENTED_EDGE('',*,*,#6667,.T.);
#16001 = ORIENTED_EDGE('',*,*,#15957,.F.);
#16002 = ORIENTED_EDGE('',*,*,#2312,.F.);
#16003 = CYLINDRICAL_SURFACE('',#16004,73.896969596695);
#16004 = AXIS2_PLACEMENT_3D('',#16005,#16006,#16007);
#16005 = CARTESIAN_POINT('',(46.,-3.349603267022E-04,579.99990634917));
#16006 = DIRECTION('',(-1.,-0.,-2.22044604925E-16));
#16007 = DIRECTION('',(-2.150886431636E-16,-0.248339205544,
    0.968673133203));
#16008 = ADVANCED_FACE('',(#16009),#16020,.F.);
#16009 = FACE_BOUND('',#16010,.F.);
#16010 = EDGE_LOOP('',(#16011,#16012,#16013,#16019));
#16011 = ORIENTED_EDGE('',*,*,#15980,.T.);
#16012 = ORIENTED_EDGE('',*,*,#6312,.T.);
#16013 = ORIENTED_EDGE('',*,*,#16014,.F.);
#16014 = EDGE_CURVE('',#1958,#6313,#16015,.T.);
#16015 = LINE('',#16016,#16017);
#16016 = CARTESIAN_POINT('',(46.,20.150791943426,646.99831033778));
#16017 = VECTOR('',#16018,1.);
#16018 = DIRECTION('',(1.,0.,2.22044604925E-16));
#16019 = ORIENTED_EDGE('',*,*,#1957,.F.);
#16020 = CYLINDRICAL_SURFACE('',#16021,0.76);
#16021 = AXIS2_PLACEMENT_3D('',#16022,#16023,#16024);
#16022 = CARTESIAN_POINT('',(46.,20.910202301272,646.96837860888));
#16023 = DIRECTION('',(-1.,0.,-2.22044604925E-16));
#16024 = DIRECTION('',(2.120377843152E-16,-0.296820515577,-0.95493328643
    ));
#16025 = ADVANCED_FACE('',(#16026),#16037,.F.);
#16026 = FACE_BOUND('',#16027,.F.);
#16027 = EDGE_LOOP('',(#16028,#16034,#16035,#16036));
#16028 = ORIENTED_EDGE('',*,*,#16029,.T.);
#16029 = EDGE_CURVE('',#2294,#6649,#16030,.T.);
#16030 = LINE('',#16031,#16032);
#16031 = CARTESIAN_POINT('',(46.,-16.04805743951,648.09763473487));
#16032 = VECTOR('',#16033,1.);
#16033 = DIRECTION('',(1.,0.,2.22044604925E-16));
#16034 = ORIENTED_EDGE('',*,*,#6657,.T.);
#16035 = ORIENTED_EDGE('',*,*,#15995,.F.);
#16036 = ORIENTED_EDGE('',*,*,#2302,.F.);
#16037 = SURFACE_OF_LINEAR_EXTRUSION('',#16038,#16044);
#16038 = B_SPLINE_CURVE_WITH_KNOTS('',4,(#16039,#16040,#16041,#16042,
    #16043),.UNSPECIFIED.,.F.,.F.,(5,5),(0.,1.),
  .PIECEWISE_BEZIER_KNOTS.);
#16039 = CARTESIAN_POINT('',(46.,-16.04805743951,648.09763473487));
#16040 = CARTESIAN_POINT('',(46.,-16.41609338951,648.78947633842));
#16041 = CARTESIAN_POINT('',(46.,-16.90672094493,649.61389902704));
#16042 = CARTESIAN_POINT('',(46.,-17.54507175411,650.55296238381));
#16043 = CARTESIAN_POINT('',(46.,-18.35184968209,651.58191542262));
#16044 = VECTOR('',#16045,1.);
#16045 = DIRECTION('',(-1.,-0.,-2.22044604925E-16));
#16046 = ADVANCED_FACE('',(#16047),#16058,.F.);
#16047 = FACE_BOUND('',#16048,.F.);
#16048 = EDGE_LOOP('',(#16049,#16050,#16051,#16057));
#16049 = ORIENTED_EDGE('',*,*,#16014,.T.);
#16050 = ORIENTED_EDGE('',*,*,#6321,.T.);
#16051 = ORIENTED_EDGE('',*,*,#16052,.F.);
#16052 = EDGE_CURVE('',#1967,#6322,#16053,.T.);
#16053 = LINE('',#16054,#16055);
#16054 = CARTESIAN_POINT('',(46.,19.897789680184,651.16768204859));
#16055 = VECTOR('',#16056,1.);
#16056 = DIRECTION('',(1.,0.,2.22044604925E-16));
#16057 = ORIENTED_EDGE('',*,*,#1966,.F.);
#16058 = SURFACE_OF_LINEAR_EXTRUSION('',#16059,#16065);
#16059 = B_SPLINE_CURVE_WITH_KNOTS('',4,(#16060,#16061,#16062,#16063,
    #16064),.UNSPECIFIED.,.F.,.F.,(5,5),(0.,1.),
  .PIECEWISE_BEZIER_KNOTS.);
#16060 = CARTESIAN_POINT('',(46.,20.150791943426,646.99831033778));
#16061 = CARTESIAN_POINT('',(46.,20.177984262993,647.78148071686));
#16062 = CARTESIAN_POINT('',(46.,20.165299680513,648.74076548637));
#16063 = CARTESIAN_POINT('',(46.,20.082003341629,649.87319361368));
#16064 = CARTESIAN_POINT('',(46.,19.897789680184,651.16768204859));
#16065 = VECTOR('',#16066,1.);
#16066 = DIRECTION('',(-1.,-0.,-2.22044604925E-16));
#16067 = ADVANCED_FACE('',(#16068),#16079,.F.);
#16068 = FACE_BOUND('',#16069,.F.);
#16069 = EDGE_LOOP('',(#16070,#16076,#16077,#16078));
#16070 = ORIENTED_EDGE('',*,*,#16071,.T.);
#16071 = EDGE_CURVE('',#2285,#6640,#16072,.T.);
#16072 = LINE('',#16073,#16074);
#16073 = CARTESIAN_POINT('',(46.,-15.20790938563,647.71010915168));
#16074 = VECTOR('',#16075,1.);
#16075 = DIRECTION('',(1.,0.,2.22044604925E-16));
#16076 = ORIENTED_EDGE('',*,*,#6648,.T.);
#16077 = ORIENTED_EDGE('',*,*,#16029,.F.);
#16078 = ORIENTED_EDGE('',*,*,#2293,.F.);
#16079 = CYLINDRICAL_SURFACE('',#16080,0.76);
#16080 = AXIS2_PLACEMENT_3D('',#16081,#16082,#16083);
#16081 = CARTESIAN_POINT('',(46.,-15.37542291326,648.45141827618));
#16082 = DIRECTION('',(-1.,0.,-2.22044604925E-16));
#16083 = DIRECTION('',(2.165838048366E-16,0.220412536361,-0.975406742757
    ));
#16084 = ADVANCED_FACE('',(#16085),#16096,.T.);
#16085 = FACE_BOUND('',#16086,.F.);
#16086 = EDGE_LOOP('',(#16087,#16088,#16089,#16095));
#16087 = ORIENTED_EDGE('',*,*,#16052,.T.);
#16088 = ORIENTED_EDGE('',*,*,#6331,.T.);
#16089 = ORIENTED_EDGE('',*,*,#16090,.F.);
#16090 = EDGE_CURVE('',#1977,#6332,#16091,.T.);
#16091 = LINE('',#16092,#16093);
#16092 = CARTESIAN_POINT('',(46.,18.351829679135,651.58192832701));
#16093 = VECTOR('',#16094,1.);
#16094 = DIRECTION('',(1.,0.,2.22044604925E-16));
#16095 = ORIENTED_EDGE('',*,*,#1976,.F.);
#16096 = CYLINDRICAL_SURFACE('',#16097,73.896969596713);
#16097 = AXIS2_PLACEMENT_3D('',#16098,#16099,#16100);
#16098 = CARTESIAN_POINT('',(46.,-3.369095676611E-04,580.00008637615));
#16099 = DIRECTION('',(-1.,-0.,-2.22044604925E-16));
#16100 = DIRECTION('',(-2.138434194364E-16,0.269268505845,0.96306514409)
  );
#16101 = ADVANCED_FACE('',(#16102),#16113,.T.);
#16102 = FACE_BOUND('',#16103,.F.);
#16103 = EDGE_LOOP('',(#16104,#16110,#16111,#16112));
#16104 = ORIENTED_EDGE('',*,*,#16105,.T.);
#16105 = EDGE_CURVE('',#2276,#6631,#16106,.T.);
#16106 = LINE('',#16107,#16108);
#16107 = CARTESIAN_POINT('',(46.,-14.83248193121,647.79333941454));
#16108 = VECTOR('',#16109,1.);
#16109 = DIRECTION('',(1.,0.,2.22044604925E-16));
#16110 = ORIENTED_EDGE('',*,*,#6639,.T.);
#16111 = ORIENTED_EDGE('',*,*,#16071,.F.);
#16112 = ORIENTED_EDGE('',*,*,#2284,.F.);
#16113 = CYLINDRICAL_SURFACE('',#16114,69.396969598372);
#16114 = AXIS2_PLACEMENT_3D('',#16115,#16116,#16117);
#16115 = CARTESIAN_POINT('',(46.,3.482290011902E-10,579.99999999843));
#16116 = DIRECTION('',(-1.,-0.,-2.22044604925E-16));
#16117 = DIRECTION('',(-2.169135821682E-16,-0.213733856354,
    0.976891927824));
#16118 = ADVANCED_FACE('',(#16119),#16130,.F.);
#16119 = FACE_BOUND('',#16120,.F.);
#16120 = EDGE_LOOP('',(#16121,#16122,#16123,#16129));
#16121 = ORIENTED_EDGE('',*,*,#16090,.T.);
#16122 = ORIENTED_EDGE('',*,*,#6340,.T.);
#16123 = ORIENTED_EDGE('',*,*,#16124,.F.);
#16124 = EDGE_CURVE('',#1986,#6341,#16125,.T.);
#16125 = LINE('',#16126,#16127);
#16126 = CARTESIAN_POINT('',(46.,16.04805766435,648.0976351087));
#16127 = VECTOR('',#16128,1.);
#16128 = DIRECTION('',(1.,0.,2.22044604925E-16));
#16129 = ORIENTED_EDGE('',*,*,#1985,.F.);
#16130 = SURFACE_OF_LINEAR_EXTRUSION('',#16131,#16137);
#16131 = B_SPLINE_CURVE_WITH_KNOTS('',4,(#16132,#16133,#16134,#16135,
    #16136),.UNSPECIFIED.,.F.,.F.,(5,5),(0.,1.),
  .PIECEWISE_BEZIER_KNOTS.);
#16132 = CARTESIAN_POINT('',(46.,18.351829679135,651.58192832701));
#16133 = CARTESIAN_POINT('',(46.,17.54507175411,650.55296238381));
#16134 = CARTESIAN_POINT('',(46.,16.906720944937,649.61389902704));
#16135 = CARTESIAN_POINT('',(46.,16.416093389518,648.78947633842));
#16136 = CARTESIAN_POINT('',(46.,16.04805766435,648.0976351087));
#16137 = VECTOR('',#16138,1.);
#16138 = DIRECTION('',(-1.,-0.,-2.22044604925E-16));
#16139 = ADVANCED_FACE('',(#16140),#16151,.F.);
#16140 = FACE_BOUND('',#16141,.F.);
#16141 = EDGE_LOOP('',(#16142,#16148,#16149,#16150));
#16142 = ORIENTED_EDGE('',*,*,#16143,.T.);
#16143 = EDGE_CURVE('',#2266,#6621,#16144,.T.);
#16144 = LINE('',#16145,#16146);
#16145 = CARTESIAN_POINT('',(46.,-14.23482455027,648.49961921222));
#16146 = VECTOR('',#16147,1.);
#16147 = DIRECTION('',(1.,0.,2.22044604925E-16));
#16148 = ORIENTED_EDGE('',*,*,#6630,.T.);
#16149 = ORIENTED_EDGE('',*,*,#16105,.F.);
#16150 = ORIENTED_EDGE('',*,*,#2275,.F.);
#16151 = CYLINDRICAL_SURFACE('',#16152,0.76);
#16152 = AXIS2_PLACEMENT_3D('',#16153,#16154,#16155);
#16153 = CARTESIAN_POINT('',(46.,-14.99395386502,648.53598792803));
#16154 = DIRECTION('',(-1.,0.,-2.22044604925E-16));
#16155 = DIRECTION('',(1.062562780822E-17,0.998854361511,
    -4.785357343769E-02));
#16156 = ADVANCED_FACE('',(#16157),#16168,.F.);
#16157 = FACE_BOUND('',#16158,.F.);
#16158 = EDGE_LOOP('',(#16159,#16160,#16161,#16167));
#16159 = ORIENTED_EDGE('',*,*,#16124,.T.);
#16160 = ORIENTED_EDGE('',*,*,#6350,.T.);
#16161 = ORIENTED_EDGE('',*,*,#16162,.F.);
#16162 = EDGE_CURVE('',#1996,#6351,#16163,.T.);
#16163 = LINE('',#16164,#16165);
#16164 = CARTESIAN_POINT('',(46.,15.207909385633,647.71010915168));
#16165 = VECTOR('',#16166,1.);
#16166 = DIRECTION('',(1.,0.,2.22044604925E-16));
#16167 = ORIENTED_EDGE('',*,*,#1995,.F.);
#16168 = CYLINDRICAL_SURFACE('',#16169,0.76);
#16169 = AXIS2_PLACEMENT_3D('',#16170,#16171,#16172);
#16170 = CARTESIAN_POINT('',(46.,15.375422938485,648.45141827048));
#16171 = DIRECTION('',(-1.,0.,-2.22044604925E-16));
#16172 = DIRECTION('',(1.03362687351E-16,0.885045691928,-0.465504160238)
  );
#16173 = ADVANCED_FACE('',(#16174),#16185,.F.);
#16174 = FACE_BOUND('',#16175,.F.);
#16175 = EDGE_LOOP('',(#16176,#16182,#16183,#16184));
#16176 = ORIENTED_EDGE('',*,*,#16177,.T.);
#16177 = EDGE_CURVE('',#2257,#6612,#16178,.T.);
#16178 = LINE('',#16179,#16180);
#16179 = CARTESIAN_POINT('',(46.,-13.61942397704,652.63107741263));
#16180 = VECTOR('',#16181,1.);
#16181 = DIRECTION('',(1.,0.,2.22044604925E-16));
#16182 = ORIENTED_EDGE('',*,*,#6620,.T.);
#16183 = ORIENTED_EDGE('',*,*,#16143,.F.);
#16184 = ORIENTED_EDGE('',*,*,#2265,.F.);
#16185 = SURFACE_OF_LINEAR_EXTRUSION('',#16186,#16192);
#16186 = B_SPLINE_CURVE_WITH_KNOTS('',4,(#16187,#16188,#16189,#16190,
    #16191),.UNSPECIFIED.,.F.,.F.,(5,5),(0.,1.),
  .PIECEWISE_BEZIER_KNOTS.);
#16187 = CARTESIAN_POINT('',(46.,-13.61942397704,652.63107741263));
#16188 = CARTESIAN_POINT('',(46.,-13.91573516843,651.35756693379));
#16189 = CARTESIAN_POINT('',(46.,-14.09741215415,650.23670779167));
#16190 = CARTESIAN_POINT('',(46.,-14.19365564455,649.28217892454));
#16191 = CARTESIAN_POINT('',(46.,-14.23482455027,648.49961921222));
#16192 = VECTOR('',#16193,1.);
#16193 = DIRECTION('',(-1.,-0.,-2.22044604925E-16));
#16194 = ADVANCED_FACE('',(#16195),#16206,.T.);
#16195 = FACE_BOUND('',#16196,.F.);
#16196 = EDGE_LOOP('',(#16197,#16198,#16199,#16205));
#16197 = ORIENTED_EDGE('',*,*,#16162,.T.);
#16198 = ORIENTED_EDGE('',*,*,#6359,.T.);
#16199 = ORIENTED_EDGE('',*,*,#16200,.F.);
#16200 = EDGE_CURVE('',#2005,#6360,#16201,.T.);
#16201 = LINE('',#16202,#16203);
#16202 = CARTESIAN_POINT('',(46.,14.832481931212,647.79333941454));
#16203 = VECTOR('',#16204,1.);
#16204 = DIRECTION('',(1.,0.,2.22044604925E-16));
#16205 = ORIENTED_EDGE('',*,*,#2004,.F.);
#16206 = CYLINDRICAL_SURFACE('',#16207,69.396969591852);
#16207 = AXIS2_PLACEMENT_3D('',#16208,#16209,#16210);
#16208 = CARTESIAN_POINT('',(46.,1.068157118311E-09,580.0000000048));
#16209 = DIRECTION('',(-1.,-0.,-2.22044604925E-16));
#16210 = DIRECTION('',(-2.166472761473E-16,0.219143710079,0.975692592128
    ));
#16211 = ADVANCED_FACE('',(#16212),#16223,.T.);
#16212 = FACE_BOUND('',#16213,.F.);
#16213 = EDGE_LOOP('',(#16214,#16220,#16221,#16222));
#16214 = ORIENTED_EDGE('',*,*,#16215,.T.);
#16215 = EDGE_CURVE('',#2247,#6602,#16216,.T.);
#16216 = LINE('',#16217,#16218);
#16217 = CARTESIAN_POINT('',(46.,-12.04324034752,652.90899371311));
#16218 = VECTOR('',#16219,1.);
#16219 = DIRECTION('',(1.,0.,2.22044604925E-16));
#16220 = ORIENTED_EDGE('',*,*,#6611,.T.);
#16221 = ORIENTED_EDGE('',*,*,#16177,.F.);
#16222 = ORIENTED_EDGE('',*,*,#2256,.F.);
#16223 = CYLINDRICAL_SURFACE('',#16224,73.896969596812);
#16224 = AXIS2_PLACEMENT_3D('',#16225,#16226,#16227);
#16225 = CARTESIAN_POINT('',(46.,-3.418478879729E-04,579.99993589914));
#16226 = DIRECTION('',(-1.,-0.,-2.22044604925E-16));
#16227 = DIRECTION('',(-2.190761410933E-16,-0.162968773487,
    0.986631227393));
#16228 = ADVANCED_FACE('',(#16229),#16240,.F.);
#16229 = FACE_BOUND('',#16230,.F.);
#16230 = EDGE_LOOP('',(#16231,#16232,#16233,#16239));
#16231 = ORIENTED_EDGE('',*,*,#16200,.T.);
#16232 = ORIENTED_EDGE('',*,*,#6368,.T.);
#16233 = ORIENTED_EDGE('',*,*,#16234,.F.);
#16234 = EDGE_CURVE('',#2014,#6369,#16235,.T.);
#16235 = LINE('',#16236,#16237);
#16236 = CARTESIAN_POINT('',(46.,14.234824596063,648.49961877839));
#16237 = VECTOR('',#16238,1.);
#16238 = DIRECTION('',(1.,0.,2.22044604925E-16));
#16239 = ORIENTED_EDGE('',*,*,#2013,.F.);
#16240 = CYLINDRICAL_SURFACE('',#16241,0.76);
#16241 = AXIS2_PLACEMENT_3D('',#16242,#16243,#16244);
#16242 = CARTESIAN_POINT('',(46.,14.99395389029,648.53598792254));
#16243 = DIRECTION('',(-1.,0.,-2.22044604925E-16));
#16244 = DIRECTION('',(2.169751244165E-16,-0.212463104049,
    -0.977169089471));
#16245 = ADVANCED_FACE('',(#16246),#16257,.F.);
#16246 = FACE_BOUND('',#16247,.F.);
#16247 = EDGE_LOOP('',(#16248,#16254,#16255,#16256));
#16248 = ORIENTED_EDGE('',*,*,#16249,.T.);
#16249 = EDGE_CURVE('',#2238,#6593,#16250,.T.);
#16250 = LINE('',#16251,#16252);
#16251 = CARTESIAN_POINT('',(46.,-10.05188980123,649.23718304126));
#16252 = VECTOR('',#16253,1.);
#16253 = DIRECTION('',(1.,0.,2.22044604925E-16));
#16254 = ORIENTED_EDGE('',*,*,#6601,.T.);
#16255 = ORIENTED_EDGE('',*,*,#16215,.F.);
#16256 = ORIENTED_EDGE('',*,*,#2246,.F.);
#16257 = SURFACE_OF_LINEAR_EXTRUSION('',#16258,#16264);
#16258 = B_SPLINE_CURVE_WITH_KNOTS('',4,(#16259,#16260,#16261,#16262,
    #16263),.UNSPECIFIED.,.F.,.F.,(5,5),(0.,1.),
  .PIECEWISE_BEZIER_KNOTS.);
#16259 = CARTESIAN_POINT('',(46.,-10.05188980123,649.23718304126));
#16260 = CARTESIAN_POINT('',(46.,-10.35822729451,649.95846842522));
#16261 = CARTESIAN_POINT('',(46.,-10.7751346922,650.82251494562));
#16262 = CARTESIAN_POINT('',(46.,-11.32921161947,651.81364082171));
#16263 = CARTESIAN_POINT('',(46.,-12.04324034752,652.90899371311));
#16264 = VECTOR('',#16265,1.);
#16265 = DIRECTION('',(-1.,-0.,-2.22044604925E-16));
#16266 = ADVANCED_FACE('',(#16267),#16278,.F.);
#16267 = FACE_BOUND('',#16268,.F.);
#16268 = EDGE_LOOP('',(#16269,#16270,#16271,#16277));
#16269 = ORIENTED_EDGE('',*,*,#16234,.T.);
#16270 = ORIENTED_EDGE('',*,*,#6377,.T.);
#16271 = ORIENTED_EDGE('',*,*,#16272,.F.);
#16272 = EDGE_CURVE('',#2023,#6378,#16273,.T.);
#16273 = LINE('',#16274,#16275);
#16274 = CARTESIAN_POINT('',(46.,13.619400394569,652.6310741709));
#16275 = VECTOR('',#16276,1.);
#16276 = DIRECTION('',(1.,0.,2.22044604925E-16));
#16277 = ORIENTED_EDGE('',*,*,#2022,.F.);
#16278 = SURFACE_OF_LINEAR_EXTRUSION('',#16279,#16285);
#16279 = B_SPLINE_CURVE_WITH_KNOTS('',4,(#16280,#16281,#16282,#16283,
    #16284),.UNSPECIFIED.,.F.,.F.,(5,5),(0.,1.),
  .PIECEWISE_BEZIER_KNOTS.);
#16280 = CARTESIAN_POINT('',(46.,14.234824596063,648.49961877839));
#16281 = CARTESIAN_POINT('',(46.,14.193655644558,649.28217892454));
#16282 = CARTESIAN_POINT('',(46.,14.097412154151,650.23670779167));
#16283 = CARTESIAN_POINT('',(46.,13.915735168439,651.35756693379));
#16284 = CARTESIAN_POINT('',(46.,13.619400394569,652.6310741709));
#16285 = VECTOR('',#16286,1.);
#16286 = DIRECTION('',(-1.,-0.,-2.22044604925E-16));
#16287 = ADVANCED_FACE('',(#16288),#16299,.F.);
#16288 = FACE_BOUND('',#16289,.F.);
#16289 = EDGE_LOOP('',(#16290,#16296,#16297,#16298));
#16290 = ORIENTED_EDGE('',*,*,#16291,.T.);
#16291 = EDGE_CURVE('',#2229,#6584,#16292,.T.);
#16292 = LINE('',#16293,#16294);
#16293 = CARTESIAN_POINT('',(46.,-9.248713844387,648.77790838226));
#16294 = VECTOR('',#16295,1.);
#16295 = DIRECTION('',(1.,0.,2.22044604925E-16));
#16296 = ORIENTED_EDGE('',*,*,#6592,.T.);
#16297 = ORIENTED_EDGE('',*,*,#16249,.F.);
#16298 = ORIENTED_EDGE('',*,*,#2237,.F.);
#16299 = CYLINDRICAL_SURFACE('',#16300,0.76);
#16300 = AXIS2_PLACEMENT_3D('',#16301,#16302,#16303);
#16301 = CARTESIAN_POINT('',(46.,-9.350980585124,649.53099636765));
#16302 = DIRECTION('',(-1.,0.,-2.22044604925E-16));
#16303 = DIRECTION('',(2.200251634076E-16,0.13456150097,-0.990905243934)
  );
#16304 = ADVANCED_FACE('',(#16305),#16316,.T.);
#16305 = FACE_BOUND('',#16306,.F.);
#16306 = EDGE_LOOP('',(#16307,#16308,#16309,#16315));
#16307 = ORIENTED_EDGE('',*,*,#16272,.T.);
#16308 = ORIENTED_EDGE('',*,*,#6387,.T.);
#16309 = ORIENTED_EDGE('',*,*,#16310,.F.);
#16310 = EDGE_CURVE('',#2033,#6388,#16311,.T.);
#16311 = LINE('',#16312,#16313);
#16312 = CARTESIAN_POINT('',(46.,12.043219295986,652.90900482502));
#16313 = VECTOR('',#16314,1.);
#16314 = DIRECTION('',(1.,0.,2.22044604925E-16));
#16315 = ORIENTED_EDGE('',*,*,#2032,.F.);
#16316 = CYLINDRICAL_SURFACE('',#16317,73.896969597359);
#16317 = AXIS2_PLACEMENT_3D('',#16318,#16319,#16320);
#16318 = CARTESIAN_POINT('',(46.,-3.431558150737E-04,580.00005668322));
#16319 = DIRECTION('',(-1.,-0.,-2.22044604925E-16));
#16320 = DIRECTION('',(-2.182406893168E-16,0.184307199938,0.982868687084
    ));
#16321 = ADVANCED_FACE('',(#16322),#16333,.T.);
#16322 = FACE_BOUND('',#16323,.F.);
#16323 = EDGE_LOOP('',(#16324,#16330,#16331,#16332));
#16324 = ORIENTED_EDGE('',*,*,#16325,.T.);
#16325 = EDGE_CURVE('',#2220,#6575,#16326,.T.);
#16326 = LINE('',#16327,#16328);
#16327 = CARTESIAN_POINT('',(46.,-8.867461009397,648.8281012702));
#16328 = VECTOR('',#16329,1.);
#16329 = DIRECTION('',(1.,0.,2.22044604925E-16));
#16330 = ORIENTED_EDGE('',*,*,#6583,.T.);
#16331 = ORIENTED_EDGE('',*,*,#16291,.F.);
#16332 = ORIENTED_EDGE('',*,*,#2228,.F.);
#16333 = CYLINDRICAL_SURFACE('',#16334,69.396969598509);
#16334 = AXIS2_PLACEMENT_3D('',#16335,#16336,#16337);
#16335 = CARTESIAN_POINT('',(46.,2.287041667159E-10,579.99999999827));
#16336 = DIRECTION('',(-1.,-0.,-2.22044604925E-16));
#16337 = DIRECTION('',(-2.202244369327E-16,-0.127778792949,
    0.991802692108));
#16338 = ADVANCED_FACE('',(#16339),#16350,.F.);
#16339 = FACE_BOUND('',#16340,.F.);
#16340 = EDGE_LOOP('',(#16341,#16342,#16343,#16349));
#16341 = ORIENTED_EDGE('',*,*,#16310,.T.);
#16342 = ORIENTED_EDGE('',*,*,#6396,.T.);
#16343 = ORIENTED_EDGE('',*,*,#16344,.F.);
#16344 = EDGE_CURVE('',#2042,#6397,#16345,.T.);
#16345 = LINE('',#16346,#16347);
#16346 = CARTESIAN_POINT('',(46.,10.051889992638,649.23718343327));
#16347 = VECTOR('',#16348,1.);
#16348 = DIRECTION('',(1.,0.,2.22044604925E-16));
#16349 = ORIENTED_EDGE('',*,*,#2041,.F.);
#16350 = SURFACE_OF_LINEAR_EXTRUSION('',#16351,#16357);
#16351 = B_SPLINE_CURVE_WITH_KNOTS('',4,(#16352,#16353,#16354,#16355,
    #16356),.UNSPECIFIED.,.F.,.F.,(5,5),(0.,1.),
  .PIECEWISE_BEZIER_KNOTS.);
#16352 = CARTESIAN_POINT('',(46.,12.043219295986,652.90900482502));
#16353 = CARTESIAN_POINT('',(46.,11.329211619474,651.81364082171));
#16354 = CARTESIAN_POINT('',(46.,10.7751346922,650.82251494562));
#16355 = CARTESIAN_POINT('',(46.,10.358227294519,649.95846842522));
#16356 = CARTESIAN_POINT('',(46.,10.051889992638,649.23718343327));
#16357 = VECTOR('',#16358,1.);
#16358 = DIRECTION('',(-1.,-0.,-2.22044604925E-16));
#16359 = ADVANCED_FACE('',(#16360),#16371,.F.);
#16360 = FACE_BOUND('',#16361,.F.);
#16361 = EDGE_LOOP('',(#16362,#16368,#16369,#16370));
#16362 = ORIENTED_EDGE('',*,*,#16363,.T.);
#16363 = EDGE_CURVE('',#2210,#6565,#16364,.T.);
#16364 = LINE('',#16365,#16366);
#16365 = CARTESIAN_POINT('',(46.,-8.210521554881,649.47960418708));
#16366 = VECTOR('',#16367,1.);
#16367 = DIRECTION('',(1.,0.,2.22044604925E-16));
#16368 = ORIENTED_EDGE('',*,*,#6574,.T.);
#16369 = ORIENTED_EDGE('',*,*,#16325,.F.);
#16370 = ORIENTED_EDGE('',*,*,#2219,.F.);
#16371 = CYLINDRICAL_SURFACE('',#16372,0.76);
#16372 = AXIS2_PLACEMENT_3D('',#16373,#16374,#16375);
#16373 = CARTESIAN_POINT('',(46.,-8.96359241096,649.58199698821));
#16374 = DIRECTION('',(-1.,0.,-2.22044604925E-16));
#16375 = DIRECTION('',(2.991548562594E-17,0.990882705367,-0.134727369918
    ));
#16376 = ADVANCED_FACE('',(#16377),#16388,.F.);
#16377 = FACE_BOUND('',#16378,.F.);
#16378 = EDGE_LOOP('',(#16379,#16380,#16381,#16387));
#16379 = ORIENTED_EDGE('',*,*,#16344,.T.);
#16380 = ORIENTED_EDGE('',*,*,#6406,.T.);
#16381 = ORIENTED_EDGE('',*,*,#16382,.F.);
#16382 = EDGE_CURVE('',#2052,#6407,#16383,.T.);
#16383 = LINE('',#16384,#16385);
#16384 = CARTESIAN_POINT('',(46.,9.248713844387,648.77790838226));
#16385 = VECTOR('',#16386,1.);
#16386 = DIRECTION('',(1.,0.,2.22044604925E-16));
#16387 = ORIENTED_EDGE('',*,*,#2051,.F.);
#16388 = CYLINDRICAL_SURFACE('',#16389,0.76);
#16389 = AXIS2_PLACEMENT_3D('',#16390,#16391,#16392);
#16390 = CARTESIAN_POINT('',(46.,9.350980610742,649.53099636418));
#16391 = DIRECTION('',(-1.,0.,-2.22044604925E-16));
#16392 = DIRECTION('',(8.584154758641E-17,0.922249186706,-0.386595961723
    ));
#16393 = ADVANCED_FACE('',(#16394),#16405,.F.);
#16394 = FACE_BOUND('',#16395,.F.);
#16395 = EDGE_LOOP('',(#16396,#16402,#16403,#16404));
#16396 = ORIENTED_EDGE('',*,*,#16397,.T.);
#16397 = EDGE_CURVE('',#2201,#6556,#16398,.T.);
#16398 = LINE('',#16399,#16400);
#16399 = CARTESIAN_POINT('',(46.,-7.237382458531,653.54170524766));
#16400 = VECTOR('',#16401,1.);
#16401 = DIRECTION('',(1.,0.,2.22044604925E-16));
#16402 = ORIENTED_EDGE('',*,*,#6564,.T.);
#16403 = ORIENTED_EDGE('',*,*,#16363,.F.);
#16404 = ORIENTED_EDGE('',*,*,#2209,.F.);
#16405 = SURFACE_OF_LINEAR_EXTRUSION('',#16406,#16412);
#16406 = B_SPLINE_CURVE_WITH_KNOTS('',4,(#16407,#16408,#16409,#16410,
    #16411),.UNSPECIFIED.,.F.,.F.,(5,5),(0.,1.),
  .PIECEWISE_BEZIER_KNOTS.);
#16407 = CARTESIAN_POINT('',(46.,-7.237382458531,653.54170524766));
#16408 = CARTESIAN_POINT('',(46.,-7.643559848067,652.29886608265));
#16409 = CARTESIAN_POINT('',(46.,-7.922234809045,651.1981063406));
#16410 = CARTESIAN_POINT('',(46.,-8.101304736304,650.25559791687));
#16411 = CARTESIAN_POINT('',(46.,-8.210521554881,649.47960418708));
#16412 = VECTOR('',#16413,1.);
#16413 = DIRECTION('',(-1.,-0.,-2.22044604925E-16));
#16414 = ADVANCED_FACE('',(#16415),#16426,.T.);
#16415 = FACE_BOUND('',#16416,.F.);
#16416 = EDGE_LOOP('',(#16417,#16418,#16419,#16425));
#16417 = ORIENTED_EDGE('',*,*,#16382,.T.);
#16418 = ORIENTED_EDGE('',*,*,#6415,.T.);
#16419 = ORIENTED_EDGE('',*,*,#16420,.F.);
#16420 = EDGE_CURVE('',#2061,#6416,#16421,.T.);
#16421 = LINE('',#16422,#16423);
#16422 = CARTESIAN_POINT('',(46.,8.867461009397,648.8281012702));
#16423 = VECTOR('',#16424,1.);
#16424 = DIRECTION('',(1.,0.,2.22044604925E-16));
#16425 = ORIENTED_EDGE('',*,*,#2060,.F.);
#16426 = CYLINDRICAL_SURFACE('',#16427,69.396969596643);
#16427 = AXIS2_PLACEMENT_3D('',#16428,#16429,#16430);
#16428 = CARTESIAN_POINT('',(46.,1.742606059452E-11,580.00000000012));
#16429 = DIRECTION('',(-1.,-0.,-2.22044604925E-16));
#16430 = DIRECTION('',(-2.200638382778E-16,0.13327258954,0.991079420065)
  );
#16431 = ADVANCED_FACE('',(#16432),#16443,.T.);
#16432 = FACE_BOUND('',#16433,.F.);
#16433 = EDGE_LOOP('',(#16434,#16440,#16441,#16442));
#16434 = ORIENTED_EDGE('',*,*,#16435,.T.);
#16435 = EDGE_CURVE('',#2191,#6546,#16436,.T.);
#16436 = LINE('',#16437,#16438);
#16437 = CARTESIAN_POINT('',(46.,-5.642974681997,653.68119053778));
#16438 = VECTOR('',#16439,1.);
#16439 = DIRECTION('',(1.,0.,2.22044604925E-16));
#16440 = ORIENTED_EDGE('',*,*,#6555,.T.);
#16441 = ORIENTED_EDGE('',*,*,#16397,.F.);
#16442 = ORIENTED_EDGE('',*,*,#2200,.F.);
#16443 = CYLINDRICAL_SURFACE('',#16444,73.89696959665);
#16444 = AXIS2_PLACEMENT_3D('',#16445,#16446,#16447);
#16445 = CARTESIAN_POINT('',(46.,-3.461338247073E-04,579.99996593724));
#16446 = DIRECTION('',(-1.,-0.,-2.22044604925E-16));
#16447 = DIRECTION('',(-2.213963373075E-16,-7.635805066123E-02,
    0.997080462199));
#16448 = ADVANCED_FACE('',(#16449),#16460,.F.);
#16449 = FACE_BOUND('',#16450,.F.);
#16450 = EDGE_LOOP('',(#16451,#16452,#16453,#16459));
#16451 = ORIENTED_EDGE('',*,*,#16420,.T.);
#16452 = ORIENTED_EDGE('',*,*,#6424,.T.);
#16453 = ORIENTED_EDGE('',*,*,#16454,.F.);
#16454 = EDGE_CURVE('',#2070,#6425,#16455,.T.);
#16455 = LINE('',#16456,#16457);
#16456 = CARTESIAN_POINT('',(46.,8.210521638301,649.47960375889));
#16457 = VECTOR('',#16458,1.);
#16458 = DIRECTION('',(1.,0.,2.22044604925E-16));
#16459 = ORIENTED_EDGE('',*,*,#2069,.F.);
#16460 = CYLINDRICAL_SURFACE('',#16461,0.76);
#16461 = AXIS2_PLACEMENT_3D('',#16462,#16463,#16464);
#16462 = CARTESIAN_POINT('',(46.,8.963592436605,649.58199698494));
#16463 = DIRECTION('',(-1.,0.,-2.22044604925E-16));
#16464 = DIRECTION('',(2.20261152808E-16,-0.126488720011,-0.99196804571)
  );
#16465 = ADVANCED_FACE('',(#16466),#16477,.F.);
#16466 = FACE_BOUND('',#16467,.F.);
#16467 = EDGE_LOOP('',(#16468,#16474,#16475,#16476));
#16468 = ORIENTED_EDGE('',*,*,#16469,.T.);
#16469 = EDGE_CURVE('',#2182,#6537,#16470,.T.);
#16470 = LINE('',#16471,#16472);
#16471 = CARTESIAN_POINT('',(46.,-3.979221212078,649.84979457815));
#16472 = VECTOR('',#16473,1.);
#16473 = DIRECTION('',(1.,0.,2.22044604925E-16));
#16474 = ORIENTED_EDGE('',*,*,#6545,.T.);
#16475 = ORIENTED_EDGE('',*,*,#16435,.F.);
#16476 = ORIENTED_EDGE('',*,*,#2190,.F.);
#16477 = SURFACE_OF_LINEAR_EXTRUSION('',#16478,#16484);
#16478 = B_SPLINE_CURVE_WITH_KNOTS('',4,(#16479,#16480,#16481,#16482,
    #16483),.UNSPECIFIED.,.F.,.F.,(5,5),(0.,1.),
  .PIECEWISE_BEZIER_KNOTS.);
#16479 = CARTESIAN_POINT('',(46.,-3.979221212078,649.84979457815));
#16480 = CARTESIAN_POINT('',(46.,-4.22152883534,650.59503432523));
#16481 = CARTESIAN_POINT('',(46.,-4.561543158252,651.49212876165));
#16482 = CARTESIAN_POINT('',(46.,-5.027129343649,652.52777409069));
#16483 = CARTESIAN_POINT('',(46.,-5.642974681997,653.68119053778));
#16484 = VECTOR('',#16485,1.);
#16485 = DIRECTION('',(-1.,-0.,-2.22044604925E-16));
#16486 = ADVANCED_FACE('',(#16487),#16498,.F.);
#16487 = FACE_BOUND('',#16488,.F.);
#16488 = EDGE_LOOP('',(#16489,#16490,#16491,#16497));
#16489 = ORIENTED_EDGE('',*,*,#16454,.T.);
#16490 = ORIENTED_EDGE('',*,*,#6433,.T.);
#16491 = ORIENTED_EDGE('',*,*,#16492,.F.);
#16492 = EDGE_CURVE('',#2079,#6434,#16493,.T.);
#16493 = LINE('',#16494,#16495);
#16494 = CARTESIAN_POINT('',(46.,7.237359248334,653.54169996292));
#16495 = VECTOR('',#16496,1.);
#16496 = DIRECTION('',(1.,0.,2.22044604925E-16));
#16497 = ORIENTED_EDGE('',*,*,#2078,.F.);
#16498 = SURFACE_OF_LINEAR_EXTRUSION('',#16499,#16505);
#16499 = B_SPLINE_CURVE_WITH_KNOTS('',4,(#16500,#16501,#16502,#16503,
    #16504),.UNSPECIFIED.,.F.,.F.,(5,5),(0.,1.),
  .PIECEWISE_BEZIER_KNOTS.);
#16500 = CARTESIAN_POINT('',(46.,8.210521638301,649.47960375889));
#16501 = CARTESIAN_POINT('',(46.,8.101304736304,650.25559791687));
#16502 = CARTESIAN_POINT('',(46.,7.922234809045,651.1981063406));
#16503 = CARTESIAN_POINT('',(46.,7.643559848067,652.29886608265));
#16504 = CARTESIAN_POINT('',(46.,7.237359248334,653.54169996292));
#16505 = VECTOR('',#16506,1.);
#16506 = DIRECTION('',(-1.,-0.,-2.22044604925E-16));
#16507 = ADVANCED_FACE('',(#16508),#16519,.F.);
#16508 = FACE_BOUND('',#16509,.F.);
#16509 = EDGE_LOOP('',(#16510,#16516,#16517,#16518));
#16510 = ORIENTED_EDGE('',*,*,#16511,.T.);
#16511 = EDGE_CURVE('',#2173,#6528,#16512,.T.);
#16512 = LINE('',#16513,#16514);
#16513 = CARTESIAN_POINT('',(46.,-3.219130006259,649.32226620082));
#16514 = VECTOR('',#16515,1.);
#16515 = DIRECTION('',(1.,0.,2.22044604925E-16));
#16516 = ORIENTED_EDGE('',*,*,#6536,.T.);
#16517 = ORIENTED_EDGE('',*,*,#16469,.F.);
#16518 = ORIENTED_EDGE('',*,*,#2181,.F.);
#16519 = CYLINDRICAL_SURFACE('',#16520,0.76);
#16520 = AXIS2_PLACEMENT_3D('',#16521,#16522,#16523);
#16521 = CARTESIAN_POINT('',(46.,-3.255371648452,650.08140159281));
#16522 = DIRECTION('',(-1.,0.,-2.22044604925E-16));
#16523 = DIRECTION('',(2.217919976302E-16,4.768637130563E-02,
    -0.998862357881));
#16524 = ADVANCED_FACE('',(#16525),#16536,.T.);
#16525 = FACE_BOUND('',#16526,.F.);
#16526 = EDGE_LOOP('',(#16527,#16528,#16529,#16535));
#16527 = ORIENTED_EDGE('',*,*,#16492,.T.);
#16528 = ORIENTED_EDGE('',*,*,#6443,.T.);
#16529 = ORIENTED_EDGE('',*,*,#16530,.F.);
#16530 = EDGE_CURVE('',#2089,#6444,#16531,.T.);
#16531 = LINE('',#16532,#16533);
#16532 = CARTESIAN_POINT('',(46.,5.642952742101,653.68119977264));
#16533 = VECTOR('',#16534,1.);
#16534 = DIRECTION('',(1.,0.,2.22044604925E-16));
#16535 = ORIENTED_EDGE('',*,*,#2088,.F.);
#16536 = CYLINDRICAL_SURFACE('',#16537,73.896969596909);
#16537 = AXIS2_PLACEMENT_3D('',#16538,#16539,#16540);
#16538 = CARTESIAN_POINT('',(46.,-3.467902340386E-04,580.00002655997));
#16539 = DIRECTION('',(-1.,-0.,-2.22044604925E-16));
#16540 = DIRECTION('',(-2.209770157742E-16,9.794320495208E-02,
    0.995192005898));
#16541 = ADVANCED_FACE('',(#16542),#16553,.T.);
#16542 = FACE_BOUND('',#16543,.F.);
#16543 = EDGE_LOOP('',(#16544,#16550,#16551,#16552));
#16544 = ORIENTED_EDGE('',*,*,#16545,.T.);
#16545 = EDGE_CURVE('',#2164,#6519,#16546,.T.);
#16546 = LINE('',#16547,#16548);
#16547 = CARTESIAN_POINT('',(46.,-2.83495335498,649.33903971566));
#16548 = VECTOR('',#16549,1.);
#16549 = DIRECTION('',(1.,0.,2.22044604925E-16));
#16550 = ORIENTED_EDGE('',*,*,#6527,.T.);
#16551 = ORIENTED_EDGE('',*,*,#16511,.F.);
#16552 = ORIENTED_EDGE('',*,*,#2172,.F.);
#16553 = CYLINDRICAL_SURFACE('',#16554,69.396969590876);
#16554 = AXIS2_PLACEMENT_3D('',#16555,#16556,#16557);
#16555 = CARTESIAN_POINT('',(46.,-2.550490929565E-10,580.00000000588));
#16556 = DIRECTION('',(-1.,-0.,-2.22044604925E-16));
#16557 = DIRECTION('',(-2.21859250757E-16,-4.08512557744E-02,
    0.999165239038));
#16558 = ADVANCED_FACE('',(#16559),#16570,.F.);
#16559 = FACE_BOUND('',#16560,.F.);
#16560 = EDGE_LOOP('',(#16561,#16562,#16563,#16569));
#16561 = ORIENTED_EDGE('',*,*,#16530,.T.);
#16562 = ORIENTED_EDGE('',*,*,#6452,.T.);
#16563 = ORIENTED_EDGE('',*,*,#16564,.F.);
#16564 = EDGE_CURVE('',#2098,#6453,#16565,.T.);
#16565 = LINE('',#16566,#16567);
#16566 = CARTESIAN_POINT('',(46.,3.979221368585,649.84979498535));
#16567 = VECTOR('',#16568,1.);
#16568 = DIRECTION('',(1.,0.,2.22044604925E-16));
#16569 = ORIENTED_EDGE('',*,*,#2097,.F.);
#16570 = SURFACE_OF_LINEAR_EXTRUSION('',#16571,#16577);
#16571 = B_SPLINE_CURVE_WITH_KNOTS('',4,(#16572,#16573,#16574,#16575,
    #16576),.UNSPECIFIED.,.F.,.F.,(5,5),(0.,1.),
  .PIECEWISE_BEZIER_KNOTS.);
#16572 = CARTESIAN_POINT('',(46.,5.642952742101,653.68119977264));
#16573 = CARTESIAN_POINT('',(46.,5.027129343649,652.52777409069));
#16574 = CARTESIAN_POINT('',(46.,4.561543158252,651.49212876165));
#16575 = CARTESIAN_POINT('',(46.,4.22152883534,650.59503432523));
#16576 = CARTESIAN_POINT('',(46.,3.979221368585,649.84979498535));
#16577 = VECTOR('',#16578,1.);
#16578 = DIRECTION('',(-1.,-0.,-2.22044604925E-16));
#16579 = ADVANCED_FACE('',(#16580),#16591,.F.);
#16580 = FACE_BOUND('',#16581,.F.);
#16581 = EDGE_LOOP('',(#16582,#16588,#16589,#16590));
#16582 = ORIENTED_EDGE('',*,*,#16583,.T.);
#16583 = EDGE_CURVE('',#2154,#6509,#16584,.T.);
#16584 = LINE('',#16585,#16586);
#16585 = CARTESIAN_POINT('',(46.,-2.123731532802,649.93080742114));
#16586 = VECTOR('',#16587,1.);
#16587 = DIRECTION('',(1.,0.,2.22044604925E-16));
#16588 = ORIENTED_EDGE('',*,*,#6518,.T.);
#16589 = ORIENTED_EDGE('',*,*,#16545,.F.);
#16590 = ORIENTED_EDGE('',*,*,#2163,.F.);
#16591 = CYLINDRICAL_SURFACE('',#16592,0.76);
#16592 = AXIS2_PLACEMENT_3D('',#16593,#16594,#16595);
#16593 = CARTESIAN_POINT('',(46.,-2.86501260628,650.09844503656));
#16594 = DIRECTION('',(-1.,0.,-2.22044604925E-16));
#16595 = DIRECTION('',(4.897766853458E-17,0.975369833524,-0.220575809762
    ));
#16596 = ADVANCED_FACE('',(#16597),#16608,.F.);
#16597 = FACE_BOUND('',#16598,.F.);
#16598 = EDGE_LOOP('',(#16599,#16600,#16601,#16607));
#16599 = ORIENTED_EDGE('',*,*,#16564,.T.);
#16600 = ORIENTED_EDGE('',*,*,#6462,.T.);
#16601 = ORIENTED_EDGE('',*,*,#16602,.F.);
#16602 = EDGE_CURVE('',#2108,#6463,#16603,.T.);
#16603 = LINE('',#16604,#16605);
#16604 = CARTESIAN_POINT('',(46.,3.219130006259,649.32226620082));
#16605 = VECTOR('',#16606,1.);
#16606 = DIRECTION('',(1.,0.,2.22044604925E-16));
#16607 = ORIENTED_EDGE('',*,*,#2107,.F.);
#16608 = CYLINDRICAL_SURFACE('',#16609,0.76);
#16609 = AXIS2_PLACEMENT_3D('',#16610,#16611,#16612);
#16610 = CARTESIAN_POINT('',(46.,3.255371674275,650.08140159158));
#16611 = DIRECTION('',(-1.,0.,-2.22044604925E-16));
#16612 = DIRECTION('',(6.766710181215E-17,0.952433808303,-0.304745534506
    ));
#16613 = ADVANCED_FACE('',(#16614),#16625,.F.);
#16614 = FACE_BOUND('',#16615,.F.);
#16615 = EDGE_LOOP('',(#16616,#16622,#16623,#16624));
#16616 = ORIENTED_EDGE('',*,*,#16617,.T.);
#16617 = EDGE_CURVE('',#2145,#6500,#16618,.T.);
#16618 = LINE('',#16619,#16620);
#16619 = CARTESIAN_POINT('',(46.,-0.800260089461,653.89263630007));
#16620 = VECTOR('',#16621,1.);
#16621 = DIRECTION('',(1.,0.,2.22044604925E-16));
#16622 = ORIENTED_EDGE('',*,*,#6508,.T.);
#16623 = ORIENTED_EDGE('',*,*,#16583,.F.);
#16624 = ORIENTED_EDGE('',*,*,#2153,.F.);
#16625 = SURFACE_OF_LINEAR_EXTRUSION('',#16626,#16632);
#16626 = B_SPLINE_CURVE_WITH_KNOTS('',4,(#16627,#16628,#16629,#16630,
    #16631),.UNSPECIFIED.,.F.,.F.,(5,5),(0.,1.),
  .PIECEWISE_BEZIER_KNOTS.);
#16627 = CARTESIAN_POINT('',(46.,-0.800260089461,653.89263630007));
#16628 = CARTESIAN_POINT('',(46.,-1.313212421944,652.68992720538));
#16629 = CARTESIAN_POINT('',(46.,-1.686764473466,651.61764430968));
#16630 = CARTESIAN_POINT('',(46.,-1.947298007305,650.69432938757));
#16631 = CARTESIAN_POINT('',(46.,-2.123731532802,649.93080742114));
#16632 = VECTOR('',#16633,1.);
#16633 = DIRECTION('',(-1.,-0.,-2.22044604925E-16));
#16634 = ADVANCED_FACE('',(#16635),#16646,.T.);
#16635 = FACE_BOUND('',#16636,.F.);
#16636 = EDGE_LOOP('',(#16637,#16638,#16639,#16645));
#16637 = ORIENTED_EDGE('',*,*,#16602,.T.);
#16638 = ORIENTED_EDGE('',*,*,#6471,.T.);
#16639 = ORIENTED_EDGE('',*,*,#16640,.F.);
#16640 = EDGE_CURVE('',#2117,#6472,#16641,.T.);
#16641 = LINE('',#16642,#16643);
#16642 = CARTESIAN_POINT('',(46.,2.83495335498,649.33903971566));
#16643 = VECTOR('',#16644,1.);
#16644 = DIRECTION('',(1.,0.,2.22044604925E-16));
#16645 = ORIENTED_EDGE('',*,*,#2116,.F.);
#16646 = CYLINDRICAL_SURFACE('',#16647,69.396969597519);
#16647 = AXIS2_PLACEMENT_3D('',#16648,#16649,#16650);
#16648 = CARTESIAN_POINT('',(46.,-2.960054423795E-11,579.99999999925));
#16649 = DIRECTION('',(-1.,-0.,-2.22044604925E-16));
#16650 = DIRECTION('',(-2.218055817208E-16,4.638718412286E-02,
    0.998923535186));
#16651 = ADVANCED_FACE('',(#16652),#16663,.T.);
#16652 = FACE_BOUND('',#16653,.F.);
#16653 = EDGE_LOOP('',(#16654,#16660,#16661,#16662));
#16654 = ORIENTED_EDGE('',*,*,#16655,.T.);
#16655 = EDGE_CURVE('',#2135,#6490,#16656,.T.);
#16656 = LINE('',#16657,#16658);
#16657 = CARTESIAN_POINT('',(46.,0.800237428181,653.89262901254));
#16658 = VECTOR('',#16659,1.);
#16659 = DIRECTION('',(1.,0.,2.22044604925E-16));
#16660 = ORIENTED_EDGE('',*,*,#6499,.T.);
#16661 = ORIENTED_EDGE('',*,*,#16617,.F.);
#16662 = ORIENTED_EDGE('',*,*,#2144,.F.);
#16663 = CYLINDRICAL_SURFACE('',#16664,73.896969596669);
#16664 = AXIS2_PLACEMENT_3D('',#16665,#16666,#16667);
#16665 = CARTESIAN_POINT('',(46.,-3.477854464536E-04,579.99999623439));
#16666 = DIRECTION('',(-1.,-0.,-2.22044604925E-16));
#16667 = DIRECTION('',(-2.22031573712E-16,1.083380303681E-02,
    0.999941312634));
#16668 = ADVANCED_FACE('',(#16669),#16680,.F.);
#16669 = FACE_BOUND('',#16670,.F.);
#16670 = EDGE_LOOP('',(#16671,#16672,#16673,#16679));
#16671 = ORIENTED_EDGE('',*,*,#16640,.T.);
#16672 = ORIENTED_EDGE('',*,*,#6480,.T.);
#16673 = ORIENTED_EDGE('',*,*,#16674,.F.);
#16674 = EDGE_CURVE('',#2126,#6481,#16675,.T.);
#16675 = LINE('',#16676,#16677);
#16676 = CARTESIAN_POINT('',(46.,2.123731653224,649.93080700185));
#16677 = VECTOR('',#16678,1.);
#16678 = DIRECTION('',(1.,0.,2.22044604925E-16));
#16679 = ORIENTED_EDGE('',*,*,#2125,.F.);
#16680 = CYLINDRICAL_SURFACE('',#16681,0.76);
#16681 = AXIS2_PLACEMENT_3D('',#16682,#16683,#16684);
#16682 = CARTESIAN_POINT('',(46.,2.865012632113,650.09844503554));
#16683 = DIRECTION('',(-1.,0.,-2.22044604925E-16));
#16684 = DIRECTION('',(2.218708608292E-16,-3.955168043785E-02,
    -0.999217526155));
#16685 = ADVANCED_FACE('',(#16686),#16692,.F.);
#16686 = FACE_BOUND('',#16687,.F.);
#16687 = EDGE_LOOP('',(#16688,#16689,#16690,#16691));
#16688 = ORIENTED_EDGE('',*,*,#16674,.T.);
#16689 = ORIENTED_EDGE('',*,*,#6489,.T.);
#16690 = ORIENTED_EDGE('',*,*,#16655,.F.);
#16691 = ORIENTED_EDGE('',*,*,#2134,.F.);
#16692 = SURFACE_OF_LINEAR_EXTRUSION('',#16693,#16699);
#16693 = B_SPLINE_CURVE_WITH_KNOTS('',4,(#16694,#16695,#16696,#16697,
    #16698),.UNSPECIFIED.,.F.,.F.,(5,5),(0.,1.),
  .PIECEWISE_BEZIER_KNOTS.);
#16694 = CARTESIAN_POINT('',(46.,2.123731653224,649.93080700185));
#16695 = CARTESIAN_POINT('',(46.,1.947298007305,650.69432938757));
#16696 = CARTESIAN_POINT('',(46.,1.686764473466,651.61764430968));
#16697 = CARTESIAN_POINT('',(46.,1.313212421944,652.68992720538));
#16698 = CARTESIAN_POINT('',(46.,0.800237428181,653.89262901254));
#16699 = VECTOR('',#16700,1.);
#16700 = DIRECTION('',(-1.,-0.,-2.22044604925E-16));
#16701 = ADVANCED_FACE('',(#16702),#16718,.F.);
#16702 = FACE_BOUND('',#16703,.F.);
#16703 = EDGE_LOOP('',(#16704,#16705,#16711,#16712));
#16704 = ORIENTED_EDGE('',*,*,#8497,.F.);
#16705 = ORIENTED_EDGE('',*,*,#16706,.F.);
#16706 = EDGE_CURVE('',#4143,#8498,#16707,.T.);
#16707 = LINE('',#16708,#16709);
#16708 = CARTESIAN_POINT('',(45.,-55.16127794511,597.92298567374));
#16709 = VECTOR('',#16710,1.);
#16710 = DIRECTION('',(1.,0.,2.22044604925E-16));
#16711 = ORIENTED_EDGE('',*,*,#4142,.T.);
#16712 = ORIENTED_EDGE('',*,*,#16713,.T.);
#16713 = EDGE_CURVE('',#4145,#8500,#16714,.T.);
#16714 = LINE('',#16715,#16716);
#16715 = CARTESIAN_POINT('',(45.,-57.9646679671,577.97582919125));
#16716 = VECTOR('',#16717,1.);
#16717 = DIRECTION('',(1.,0.,2.22044604925E-16));
#16718 = CYLINDRICAL_SURFACE('',#16719,58.);
#16719 = AXIS2_PLACEMENT_3D('',#16720,#16721,#16722);
#16720 = CARTESIAN_POINT('',(45.,0.,580.));
#16721 = DIRECTION('',(1.,0.,2.22044604925E-16));
#16722 = DIRECTION('',(2.22044604925E-16,0.,-1.));
#16723 = ADVANCED_FACE('',(#16724),#16735,.F.);
#16724 = FACE_BOUND('',#16725,.F.);
#16725 = EDGE_LOOP('',(#16726,#16727,#16733,#16734));
#16726 = ORIENTED_EDGE('',*,*,#8508,.F.);
#16727 = ORIENTED_EDGE('',*,*,#16728,.F.);
#16728 = EDGE_CURVE('',#4154,#8509,#16729,.T.);
#16729 = LINE('',#16730,#16731);
#16730 = CARTESIAN_POINT('',(45.,-38.0422606518,592.36067977499));
#16731 = VECTOR('',#16732,1.);
#16732 = DIRECTION('',(1.,0.,2.22044604925E-16));
#16733 = ORIENTED_EDGE('',*,*,#4153,.T.);
#16734 = ORIENTED_EDGE('',*,*,#16706,.T.);
#16735 = CYLINDRICAL_SURFACE('',#16736,9.);
#16736 = AXIS2_PLACEMENT_3D('',#16737,#16738,#16739);
#16737 = CARTESIAN_POINT('',(45.,-46.60176929846,595.14183272437));
#16738 = DIRECTION('',(1.,0.,2.22044604925E-16));
#16739 = DIRECTION('',(2.22044604925E-16,0.,-1.));
#16740 = ADVANCED_FACE('',(#16741),#16752,.F.);
#16741 = FACE_BOUND('',#16742,.F.);
#16742 = EDGE_LOOP('',(#16743,#16744,#16750,#16751));
#16743 = ORIENTED_EDGE('',*,*,#4180,.T.);
#16744 = ORIENTED_EDGE('',*,*,#16745,.T.);
#16745 = EDGE_CURVE('',#4172,#8527,#16746,.T.);
#16746 = LINE('',#16747,#16748);
#16747 = CARTESIAN_POINT('',(45.,-48.97015052393,569.28992466157));
#16748 = VECTOR('',#16749,1.);
#16749 = DIRECTION('',(1.,0.,2.22044604925E-16));
#16750 = ORIENTED_EDGE('',*,*,#8535,.F.);
#16751 = ORIENTED_EDGE('',*,*,#16713,.F.);
#16752 = CYLINDRICAL_SURFACE('',#16753,9.);
#16753 = AXIS2_PLACEMENT_3D('',#16754,#16755,#16756);
#16754 = CARTESIAN_POINT('',(45.,-48.97015052393,578.28992466157));
#16755 = DIRECTION('',(1.,0.,2.22044604925E-16));
#16756 = DIRECTION('',(2.22044604925E-16,0.,-1.));
#16757 = ADVANCED_FACE('',(#16758),#16769,.T.);
#16758 = FACE_BOUND('',#16759,.T.);
#16759 = EDGE_LOOP('',(#16760,#16761,#16762,#16763));
#16760 = ORIENTED_EDGE('',*,*,#8517,.F.);
#16761 = ORIENTED_EDGE('',*,*,#16728,.F.);
#16762 = ORIENTED_EDGE('',*,*,#4162,.T.);
#16763 = ORIENTED_EDGE('',*,*,#16764,.T.);
#16764 = EDGE_CURVE('',#4163,#8518,#16765,.T.);
#16765 = LINE('',#16766,#16767);
#16766 = CARTESIAN_POINT('',(45.,-39.97563308076,578.6040201319));
#16767 = VECTOR('',#16768,1.);
#16768 = DIRECTION('',(1.,0.,2.22044604925E-16));
#16769 = CYLINDRICAL_SURFACE('',#16770,40.);
#16770 = AXIS2_PLACEMENT_3D('',#16771,#16772,#16773);
#16771 = CARTESIAN_POINT('',(45.,0.,580.));
#16772 = DIRECTION('',(1.,0.,2.22044604925E-16));
#16773 = DIRECTION('',(2.22044604925E-16,0.,-1.));
#16774 = ADVANCED_FACE('',(#16775),#16781,.F.);
#16775 = FACE_BOUND('',#16776,.F.);
#16776 = EDGE_LOOP('',(#16777,#16778,#16779,#16780));
#16777 = ORIENTED_EDGE('',*,*,#8526,.F.);
#16778 = ORIENTED_EDGE('',*,*,#16745,.F.);
#16779 = ORIENTED_EDGE('',*,*,#4171,.T.);
#16780 = ORIENTED_EDGE('',*,*,#16764,.T.);
#16781 = CYLINDRICAL_SURFACE('',#16782,9.);
#16782 = AXIS2_PLACEMENT_3D('',#16783,#16784,#16785);
#16783 = CARTESIAN_POINT('',(45.,-48.97015052393,578.28992466157));
#16784 = DIRECTION('',(1.,0.,2.22044604925E-16));
#16785 = DIRECTION('',(2.22044604925E-16,0.,-1.));
#16786 = ADVANCED_FACE('',(#16787),#16803,.F.);
#16787 = FACE_BOUND('',#16788,.F.);
#16788 = EDGE_LOOP('',(#16789,#16790,#16796,#16797));
#16789 = ORIENTED_EDGE('',*,*,#8544,.F.);
#16790 = ORIENTED_EDGE('',*,*,#16791,.F.);
#16791 = EDGE_CURVE('',#4190,#8545,#16792,.T.);
#16792 = LINE('',#16793,#16794);
#16793 = CARTESIAN_POINT('',(45.,-12.05887806743,636.73256084256));
#16794 = VECTOR('',#16795,1.);
#16795 = DIRECTION('',(1.,0.,2.22044604925E-16));
#16796 = ORIENTED_EDGE('',*,*,#4189,.T.);
#16797 = ORIENTED_EDGE('',*,*,#16798,.T.);
#16798 = EDGE_CURVE('',#4192,#8547,#16799,.T.);
#16799 = LINE('',#16800,#16801);
#16800 = CARTESIAN_POINT('',(45.,-30.73531732552,629.18678957707));
#16801 = VECTOR('',#16802,1.);
#16802 = DIRECTION('',(1.,0.,2.22044604925E-16));
#16803 = CYLINDRICAL_SURFACE('',#16804,58.);
#16804 = AXIS2_PLACEMENT_3D('',#16805,#16806,#16807);
#16805 = CARTESIAN_POINT('',(45.,0.,580.));
#16806 = DIRECTION('',(1.,0.,2.22044604925E-16));
#16807 = DIRECTION('',(2.22044604925E-16,0.,-1.));
#16808 = ADVANCED_FACE('',(#16809),#16820,.F.);
#16809 = FACE_BOUND('',#16810,.F.);
#16810 = EDGE_LOOP('',(#16811,#16812,#16818,#16819));
#16811 = ORIENTED_EDGE('',*,*,#8555,.F.);
#16812 = ORIENTED_EDGE('',*,*,#16813,.F.);
#16813 = EDGE_CURVE('',#4201,#8556,#16814,.T.);
#16814 = LINE('',#16815,#16816);
#16815 = CARTESIAN_POINT('',(45.,-8.31646763271,619.12590402935));
#16816 = VECTOR('',#16817,1.);
#16817 = DIRECTION('',(1.,0.,2.22044604925E-16));
#16818 = ORIENTED_EDGE('',*,*,#4200,.T.);
#16819 = ORIENTED_EDGE('',*,*,#16791,.T.);
#16820 = CYLINDRICAL_SURFACE('',#16821,9.);
#16821 = AXIS2_PLACEMENT_3D('',#16822,#16823,#16824);
#16822 = CARTESIAN_POINT('',(45.,-10.18767285007,627.92923243595));
#16823 = DIRECTION('',(1.,0.,2.22044604925E-16));
#16824 = DIRECTION('',(2.22044604925E-16,0.,-1.));
#16825 = ADVANCED_FACE('',(#16826),#16837,.F.);
#16826 = FACE_BOUND('',#16827,.F.);
#16827 = EDGE_LOOP('',(#16828,#16829,#16835,#16836));
#16828 = ORIENTED_EDGE('',*,*,#4227,.T.);
#16829 = ORIENTED_EDGE('',*,*,#16830,.T.);
#16830 = EDGE_CURVE('',#4219,#8574,#16831,.T.);
#16831 = LINE('',#16832,#16833);
#16832 = CARTESIAN_POINT('',(45.,-25.96604394742,612.55435671166));
#16833 = VECTOR('',#16834,1.);
#16834 = DIRECTION('',(1.,0.,2.22044604925E-16));
#16835 = ORIENTED_EDGE('',*,*,#8582,.F.);
#16836 = ORIENTED_EDGE('',*,*,#16798,.F.);
#16837 = CYLINDRICAL_SURFACE('',#16838,9.);
#16838 = AXIS2_PLACEMENT_3D('',#16839,#16840,#16841);
#16839 = CARTESIAN_POINT('',(45.,-25.96604394742,621.55435671166));
#16840 = DIRECTION('',(1.,0.,2.22044604925E-16));
#16841 = DIRECTION('',(2.22044604925E-16,0.,-1.));
#16842 = ADVANCED_FACE('',(#16843),#16854,.T.);
#16843 = FACE_BOUND('',#16844,.T.);
#16844 = EDGE_LOOP('',(#16845,#16846,#16847,#16848));
#16845 = ORIENTED_EDGE('',*,*,#8564,.F.);
#16846 = ORIENTED_EDGE('',*,*,#16813,.F.);
#16847 = ORIENTED_EDGE('',*,*,#4209,.T.);
#16848 = ORIENTED_EDGE('',*,*,#16849,.T.);
#16849 = EDGE_CURVE('',#4210,#8565,#16850,.T.);
#16850 = LINE('',#16851,#16852);
#16851 = CARTESIAN_POINT('',(45.,-21.19677056932,613.92192384625));
#16852 = VECTOR('',#16853,1.);
#16853 = DIRECTION('',(1.,0.,2.22044604925E-16));
#16854 = CYLINDRICAL_SURFACE('',#16855,40.);
#16855 = AXIS2_PLACEMENT_3D('',#16856,#16857,#16858);
#16856 = CARTESIAN_POINT('',(45.,0.,580.));
#16857 = DIRECTION('',(1.,0.,2.22044604925E-16));
#16858 = DIRECTION('',(2.22044604925E-16,0.,-1.));
#16859 = ADVANCED_FACE('',(#16860),#16866,.F.);
#16860 = FACE_BOUND('',#16861,.F.);
#16861 = EDGE_LOOP('',(#16862,#16863,#16864,#16865));
#16862 = ORIENTED_EDGE('',*,*,#8573,.F.);
#16863 = ORIENTED_EDGE('',*,*,#16830,.F.);
#16864 = ORIENTED_EDGE('',*,*,#4218,.T.);
#16865 = ORIENTED_EDGE('',*,*,#16849,.T.);
#16866 = CYLINDRICAL_SURFACE('',#16867,9.);
#16867 = AXIS2_PLACEMENT_3D('',#16868,#16869,#16870);
#16868 = CARTESIAN_POINT('',(45.,-25.96604394742,621.55435671166));
#16869 = DIRECTION('',(1.,0.,2.22044604925E-16));
#16870 = DIRECTION('',(2.22044604925E-16,0.,-1.));
#16871 = ADVANCED_FACE('',(#16872),#16891,.F.);
#16872 = FACE_BOUND('',#16873,.F.);
#16873 = EDGE_LOOP('',(#16874,#16882,#16883,#16884));
#16874 = ORIENTED_EDGE('',*,*,#16875,.T.);
#16875 = EDGE_CURVE('',#16876,#4237,#16878,.T.);
#16876 = VERTEX_POINT('',#16877);
#16877 = CARTESIAN_POINT('',(51.49,-28.28427124746,606.03427124746));
#16878 = LINE('',#16879,#16880);
#16879 = CARTESIAN_POINT('',(51.51,-28.28427124746,606.03427124746));
#16880 = VECTOR('',#16881,1.);
#16881 = DIRECTION('',(-1.,0.,0.));
#16882 = ORIENTED_EDGE('',*,*,#4236,.F.);
#16883 = ORIENTED_EDGE('',*,*,#16875,.F.);
#16884 = ORIENTED_EDGE('',*,*,#16885,.T.);
#16885 = EDGE_CURVE('',#16876,#16876,#16886,.T.);
#16886 = CIRCLE('',#16887,2.25);
#16887 = AXIS2_PLACEMENT_3D('',#16888,#16889,#16890);
#16888 = CARTESIAN_POINT('',(51.49,-28.28427124746,608.28427124746));
#16889 = DIRECTION('',(-1.,0.,0.));
#16890 = DIRECTION('',(0.,0.,-1.));
#16891 = CYLINDRICAL_SURFACE('',#16892,2.25);
#16892 = AXIS2_PLACEMENT_3D('',#16893,#16894,#16895);
#16893 = CARTESIAN_POINT('',(51.51,-28.28427124746,608.28427124746));
#16894 = DIRECTION('',(-1.,0.,0.));
#16895 = DIRECTION('',(0.,0.,-1.));
#16896 = ADVANCED_FACE('',(#16897),#16913,.F.);
#16897 = FACE_BOUND('',#16898,.F.);
#16898 = EDGE_LOOP('',(#16899,#16900,#16906,#16907));
#16899 = ORIENTED_EDGE('',*,*,#8602,.F.);
#16900 = ORIENTED_EDGE('',*,*,#16901,.F.);
#16901 = EDGE_CURVE('',#4248,#8603,#16902,.T.);
#16902 = LINE('',#16903,#16904);
#16903 = CARTESIAN_POINT('',(45.,-43.10239987768,541.19042483118));
#16904 = VECTOR('',#16905,1.);
#16905 = DIRECTION('',(1.,0.,2.22044604925E-16));
#16906 = ORIENTED_EDGE('',*,*,#4247,.T.);
#16907 = ORIENTED_EDGE('',*,*,#16908,.T.);
#16908 = EDGE_CURVE('',#4250,#8605,#16909,.T.);
#16909 = LINE('',#16910,#16911);
#16910 = CARTESIAN_POINT('',(45.,-27.22935064158,528.78903961418));
#16911 = VECTOR('',#16912,1.);
#16912 = DIRECTION('',(1.,0.,2.22044604925E-16));
#16913 = CYLINDRICAL_SURFACE('',#16914,58.);
#16914 = AXIS2_PLACEMENT_3D('',#16915,#16916,#16917);
#16915 = CARTESIAN_POINT('',(45.,0.,580.));
#16916 = DIRECTION('',(1.,0.,2.22044604925E-16));
#16917 = DIRECTION('',(2.22044604925E-16,0.,-1.));
#16918 = ADVANCED_FACE('',(#16919),#16947,.F.);
#16919 = FACE_BOUND('',#16920,.F.);
#16920 = EDGE_LOOP('',(#16921,#16922,#16930,#16939,#16945,#16946));
#16921 = ORIENTED_EDGE('',*,*,#8613,.F.);
#16922 = ORIENTED_EDGE('',*,*,#16923,.F.);
#16923 = EDGE_CURVE('',#16924,#8614,#16926,.T.);
#16924 = VERTEX_POINT('',#16925);
#16925 = CARTESIAN_POINT('',(51.49,-31.22881134372,554.56874183023));
#16926 = LINE('',#16927,#16928);
#16927 = CARTESIAN_POINT('',(45.,-31.22881134372,554.56874183023));
#16928 = VECTOR('',#16929,1.);
#16929 = DIRECTION('',(1.,0.,2.22044604925E-16));
#16930 = ORIENTED_EDGE('',*,*,#16931,.F.);
#16931 = EDGE_CURVE('',#16932,#16924,#16934,.T.);
#16932 = VERTEX_POINT('',#16933);
#16933 = CARTESIAN_POINT('',(51.49,-29.83108709984,553.34969959647));
#16934 = CIRCLE('',#16935,9.);
#16935 = AXIS2_PLACEMENT_3D('',#16936,#16937,#16938);
#16936 = CARTESIAN_POINT('',(51.49,-36.41409644839,547.21260028841));
#16937 = DIRECTION('',(1.,-0.,2.22044604925E-16));
#16938 = DIRECTION('',(2.22044604925E-16,0.,-1.));
#16939 = ORIENTED_EDGE('',*,*,#16940,.F.);
#16940 = EDGE_CURVE('',#4259,#16932,#16941,.T.);
#16941 = LINE('',#16942,#16943);
#16942 = CARTESIAN_POINT('',(45.,-29.83108709984,553.34969959647));
#16943 = VECTOR('',#16944,1.);
#16944 = DIRECTION('',(1.,0.,2.22044604925E-16));
#16945 = ORIENTED_EDGE('',*,*,#4258,.T.);
#16946 = ORIENTED_EDGE('',*,*,#16901,.T.);
#16947 = CYLINDRICAL_SURFACE('',#16948,9.);
#16948 = AXIS2_PLACEMENT_3D('',#16949,#16950,#16951);
#16949 = CARTESIAN_POINT('',(45.,-36.41409644839,547.21260028841));
#16950 = DIRECTION('',(1.,0.,2.22044604925E-16));
#16951 = DIRECTION('',(2.22044604925E-16,0.,-1.));
#16952 = ADVANCED_FACE('',(#16953),#16964,.F.);
#16953 = FACE_BOUND('',#16954,.F.);
#16954 = EDGE_LOOP('',(#16955,#16956,#16962,#16963));
#16955 = ORIENTED_EDGE('',*,*,#4294,.T.);
#16956 = ORIENTED_EDGE('',*,*,#16957,.T.);
#16957 = EDGE_CURVE('',#4286,#8641,#16958,.T.);
#16958 = LINE('',#16959,#16960);
#16959 = CARTESIAN_POINT('',(45.,-23.0041065765,527.73556794991));
#16960 = VECTOR('',#16961,1.);
#16961 = DIRECTION('',(1.,0.,2.22044604925E-16));
#16962 = ORIENTED_EDGE('',*,*,#8649,.F.);
#16963 = ORIENTED_EDGE('',*,*,#16908,.F.);
#16964 = CYLINDRICAL_SURFACE('',#16965,9.);
#16965 = AXIS2_PLACEMENT_3D('',#16966,#16967,#16968);
#16966 = CARTESIAN_POINT('',(45.,-23.0041065765,536.73556794991));
#16967 = DIRECTION('',(1.,0.,2.22044604925E-16));
#16968 = DIRECTION('',(2.22044604925E-16,0.,-1.));
#16969 = ADVANCED_FACE('',(#16970),#16989,.F.);
#16970 = FACE_BOUND('',#16971,.F.);
#16971 = EDGE_LOOP('',(#16972,#16973,#16974,#16983));
#16972 = ORIENTED_EDGE('',*,*,#4267,.F.);
#16973 = ORIENTED_EDGE('',*,*,#16940,.T.);
#16974 = ORIENTED_EDGE('',*,*,#16975,.T.);
#16975 = EDGE_CURVE('',#16932,#16976,#16978,.T.);
#16976 = VERTEX_POINT('',#16977);
#16977 = CARTESIAN_POINT('',(51.49,-26.64916376235,550.17011446942));
#16978 = CIRCLE('',#16979,2.25);
#16979 = AXIS2_PLACEMENT_3D('',#16980,#16981,#16982);
#16980 = CARTESIAN_POINT('',(51.49,-28.28427124746,551.71572875253));
#16981 = DIRECTION('',(-1.,0.,0.));
#16982 = DIRECTION('',(0.,0.,-1.));
#16983 = ORIENTED_EDGE('',*,*,#16984,.F.);
#16984 = EDGE_CURVE('',#4268,#16976,#16985,.T.);
#16985 = LINE('',#16986,#16987);
#16986 = CARTESIAN_POINT('',(45.,-26.64916376235,550.17011446942));
#16987 = VECTOR('',#16988,1.);
#16988 = DIRECTION('',(1.,0.,2.22044604925E-16));
#16989 = CYLINDRICAL_SURFACE('',#16990,2.25);
#16990 = AXIS2_PLACEMENT_3D('',#16991,#16992,#16993);
#16991 = CARTESIAN_POINT('',(51.51,-28.28427124746,551.71572875253));
#16992 = DIRECTION('',(-1.,0.,0.));
#16993 = DIRECTION('',(0.,0.,-1.));
#16994 = ADVANCED_FACE('',(#16995),#17006,.F.);
#16995 = FACE_BOUND('',#16996,.F.);
#16996 = EDGE_LOOP('',(#16997,#16998,#16999,#17000));
#16997 = ORIENTED_EDGE('',*,*,#8640,.F.);
#16998 = ORIENTED_EDGE('',*,*,#16957,.F.);
#16999 = ORIENTED_EDGE('',*,*,#4285,.T.);
#17000 = ORIENTED_EDGE('',*,*,#17001,.T.);
#17001 = EDGE_CURVE('',#4277,#8632,#17002,.T.);
#17002 = LINE('',#17003,#17004);
#17003 = CARTESIAN_POINT('',(45.,-18.77886251143,544.68209628564));
#17004 = VECTOR('',#17005,1.);
#17005 = DIRECTION('',(1.,0.,2.22044604925E-16));
#17006 = CYLINDRICAL_SURFACE('',#17007,9.);
#17007 = AXIS2_PLACEMENT_3D('',#17008,#17009,#17010);
#17008 = CARTESIAN_POINT('',(45.,-23.0041065765,536.73556794991));
#17009 = DIRECTION('',(1.,0.,2.22044604925E-16));
#17010 = DIRECTION('',(2.22044604925E-16,0.,-1.));
#17011 = ADVANCED_FACE('',(#17012),#17033,.T.);
#17012 = FACE_BOUND('',#17013,.T.);
#17013 = EDGE_LOOP('',(#17014,#17015,#17023,#17030,#17031,#17032));
#17014 = ORIENTED_EDGE('',*,*,#8631,.F.);
#17015 = ORIENTED_EDGE('',*,*,#17016,.F.);
#17016 = EDGE_CURVE('',#17017,#8623,#17019,.T.);
#17017 = VERTEX_POINT('',#17018);
#17018 = CARTESIAN_POINT('',(51.49,-25.24036251889,548.96898164875));
#17019 = LINE('',#17020,#17021);
#17020 = CARTESIAN_POINT('',(45.,-25.24036251888,548.96898164875));
#17021 = VECTOR('',#17022,1.);
#17022 = DIRECTION('',(1.,0.,2.22044604925E-16));
#17023 = ORIENTED_EDGE('',*,*,#17024,.F.);
#17024 = EDGE_CURVE('',#16976,#17017,#17025,.T.);
#17025 = CIRCLE('',#17026,40.);
#17026 = AXIS2_PLACEMENT_3D('',#17027,#17028,#17029);
#17027 = CARTESIAN_POINT('',(51.49,0.,580.));
#17028 = DIRECTION('',(1.,-0.,2.22044604925E-16));
#17029 = DIRECTION('',(2.22044604925E-16,0.,-1.));
#17030 = ORIENTED_EDGE('',*,*,#16984,.F.);
#17031 = ORIENTED_EDGE('',*,*,#4276,.T.);
#17032 = ORIENTED_EDGE('',*,*,#17001,.T.);
#17033 = CYLINDRICAL_SURFACE('',#17034,40.);
#17034 = AXIS2_PLACEMENT_3D('',#17035,#17036,#17037);
#17035 = CARTESIAN_POINT('',(45.,0.,580.));
#17036 = DIRECTION('',(1.,0.,2.22044604925E-16));
#17037 = DIRECTION('',(2.22044604925E-16,0.,-1.));
#17038 = ADVANCED_FACE('',(#17039),#17055,.F.);
#17039 = FACE_BOUND('',#17040,.F.);
#17040 = EDGE_LOOP('',(#17041,#17042,#17048,#17049));
#17041 = ORIENTED_EDGE('',*,*,#8658,.F.);
#17042 = ORIENTED_EDGE('',*,*,#17043,.F.);
#17043 = EDGE_CURVE('',#4304,#8659,#17044,.T.);
#17044 = LINE('',#17045,#17046);
#17045 = CARTESIAN_POINT('',(45.,43.102399877689,618.80957516881));
#17046 = VECTOR('',#17047,1.);
#17047 = DIRECTION('',(1.,0.,2.22044604925E-16));
#17048 = ORIENTED_EDGE('',*,*,#4303,.T.);
#17049 = ORIENTED_EDGE('',*,*,#17050,.T.);
#17050 = EDGE_CURVE('',#4306,#8661,#17051,.T.);
#17051 = LINE('',#17052,#17053);
#17052 = CARTESIAN_POINT('',(45.,27.229350641582,631.21096038581));
#17053 = VECTOR('',#17054,1.);
#17054 = DIRECTION('',(1.,0.,2.22044604925E-16));
#17055 = CYLINDRICAL_SURFACE('',#17056,58.);
#17056 = AXIS2_PLACEMENT_3D('',#17057,#17058,#17059);
#17057 = CARTESIAN_POINT('',(45.,0.,580.));
#17058 = DIRECTION('',(1.,0.,2.22044604925E-16));
#17059 = DIRECTION('',(2.22044604925E-16,0.,-1.));
#17060 = ADVANCED_FACE('',(#17061),#17072,.F.);
#17061 = FACE_BOUND('',#17062,.F.);
#17062 = EDGE_LOOP('',(#17063,#17064,#17070,#17071));
#17063 = ORIENTED_EDGE('',*,*,#8669,.F.);
#17064 = ORIENTED_EDGE('',*,*,#17065,.F.);
#17065 = EDGE_CURVE('',#4315,#8670,#17066,.T.);
#17066 = LINE('',#17067,#17068);
#17067 = CARTESIAN_POINT('',(45.,36.414096448392,603.78739971158));
#17068 = VECTOR('',#17069,1.);
#17069 = DIRECTION('',(1.,0.,2.22044604925E-16));
#17070 = ORIENTED_EDGE('',*,*,#4314,.T.);
#17071 = ORIENTED_EDGE('',*,*,#17043,.T.);
#17072 = CYLINDRICAL_SURFACE('',#17073,9.);
#17073 = AXIS2_PLACEMENT_3D('',#17074,#17075,#17076);
#17074 = CARTESIAN_POINT('',(45.,36.414096448392,612.78739971158));
#17075 = DIRECTION('',(1.,0.,2.22044604925E-16));
#17076 = DIRECTION('',(2.22044604925E-16,0.,-1.));
#17077 = ADVANCED_FACE('',(#17078),#17089,.F.);
#17078 = FACE_BOUND('',#17079,.F.);
#17079 = EDGE_LOOP('',(#17080,#17081,#17082,#17083));
#17080 = ORIENTED_EDGE('',*,*,#8714,.F.);
#17081 = ORIENTED_EDGE('',*,*,#17050,.F.);
#17082 = ORIENTED_EDGE('',*,*,#4359,.T.);
#17083 = ORIENTED_EDGE('',*,*,#17084,.T.);
#17084 = EDGE_CURVE('',#4351,#8706,#17085,.T.);
#17085 = LINE('',#17086,#17087);
#17086 = CARTESIAN_POINT('',(45.,18.778862511436,615.31790371435));
#17087 = VECTOR('',#17088,1.);
#17088 = DIRECTION('',(1.,0.,2.22044604925E-16));
#17089 = CYLINDRICAL_SURFACE('',#17090,9.);
#17090 = AXIS2_PLACEMENT_3D('',#17091,#17092,#17093);
#17091 = CARTESIAN_POINT('',(45.,23.004106576509,623.26443205008));
#17092 = DIRECTION('',(1.,0.,2.22044604925E-16));
#17093 = DIRECTION('',(2.22044604925E-16,0.,-1.));
#17094 = ADVANCED_FACE('',(#17095),#17123,.F.);
#17095 = FACE_BOUND('',#17096,.F.);
#17096 = EDGE_LOOP('',(#17097,#17105,#17106,#17107,#17108,#17116));
#17097 = ORIENTED_EDGE('',*,*,#17098,.F.);
#17098 = EDGE_CURVE('',#4324,#17099,#17101,.T.);
#17099 = VERTEX_POINT('',#17100);
#17100 = CARTESIAN_POINT('',(51.49,29.831087099844,606.65030040353));
#17101 = LINE('',#17102,#17103);
#17102 = CARTESIAN_POINT('',(45.,29.831087099844,606.65030040353));
#17103 = VECTOR('',#17104,1.);
#17104 = DIRECTION('',(1.,0.,2.22044604925E-16));
#17105 = ORIENTED_EDGE('',*,*,#4323,.T.);
#17106 = ORIENTED_EDGE('',*,*,#17065,.T.);
#17107 = ORIENTED_EDGE('',*,*,#8678,.F.);
#17108 = ORIENTED_EDGE('',*,*,#17109,.F.);
#17109 = EDGE_CURVE('',#17110,#8679,#17112,.T.);
#17110 = VERTEX_POINT('',#17111);
#17111 = CARTESIAN_POINT('',(51.49,31.228811343723,605.43125816976));
#17112 = LINE('',#17113,#17114);
#17113 = CARTESIAN_POINT('',(45.,31.228811343722,605.43125816976));
#17114 = VECTOR('',#17115,1.);
#17115 = DIRECTION('',(1.,0.,2.22044604925E-16));
#17116 = ORIENTED_EDGE('',*,*,#17117,.F.);
#17117 = EDGE_CURVE('',#17099,#17110,#17118,.T.);
#17118 = CIRCLE('',#17119,9.);
#17119 = AXIS2_PLACEMENT_3D('',#17120,#17121,#17122);
#17120 = CARTESIAN_POINT('',(51.49,36.414096448392,612.78739971158));
#17121 = DIRECTION('',(1.,-0.,2.22044604925E-16));
#17122 = DIRECTION('',(2.22044604925E-16,0.,-1.));
#17123 = CYLINDRICAL_SURFACE('',#17124,9.);
#17124 = AXIS2_PLACEMENT_3D('',#17125,#17126,#17127);
#17125 = CARTESIAN_POINT('',(45.,36.414096448392,612.78739971158));
#17126 = DIRECTION('',(1.,0.,2.22044604925E-16));
#17127 = DIRECTION('',(2.22044604925E-16,0.,-1.));
#17128 = ADVANCED_FACE('',(#17129),#17157,.T.);
#17129 = FACE_BOUND('',#17130,.T.);
#17130 = EDGE_LOOP('',(#17131,#17132,#17140,#17149,#17155,#17156));
#17131 = ORIENTED_EDGE('',*,*,#8705,.F.);
#17132 = ORIENTED_EDGE('',*,*,#17133,.F.);
#17133 = EDGE_CURVE('',#17134,#8697,#17136,.T.);
#17134 = VERTEX_POINT('',#17135);
#17135 = CARTESIAN_POINT('',(51.49,25.240362518888,611.03101835124));
#17136 = LINE('',#17137,#17138);
#17137 = CARTESIAN_POINT('',(45.,25.240362518889,611.03101835124));
#17138 = VECTOR('',#17139,1.);
#17139 = DIRECTION('',(1.,0.,2.22044604925E-16));
#17140 = ORIENTED_EDGE('',*,*,#17141,.F.);
#17141 = EDGE_CURVE('',#17142,#17134,#17144,.T.);
#17142 = VERTEX_POINT('',#17143);
#17143 = CARTESIAN_POINT('',(51.49,26.649163762357,609.82988553057));
#17144 = CIRCLE('',#17145,40.);
#17145 = AXIS2_PLACEMENT_3D('',#17146,#17147,#17148);
#17146 = CARTESIAN_POINT('',(51.49,0.,580.));
#17147 = DIRECTION('',(1.,-0.,2.22044604925E-16));
#17148 = DIRECTION('',(2.22044604925E-16,0.,-1.));
#17149 = ORIENTED_EDGE('',*,*,#17150,.F.);
#17150 = EDGE_CURVE('',#4342,#17142,#17151,.T.);
#17151 = LINE('',#17152,#17153);
#17152 = CARTESIAN_POINT('',(45.,26.649163762357,609.82988553057));
#17153 = VECTOR('',#17154,1.);
#17154 = DIRECTION('',(1.,0.,2.22044604925E-16));
#17155 = ORIENTED_EDGE('',*,*,#4350,.T.);
#17156 = ORIENTED_EDGE('',*,*,#17084,.T.);
#17157 = CYLINDRICAL_SURFACE('',#17158,40.);
#17158 = AXIS2_PLACEMENT_3D('',#17159,#17160,#17161);
#17159 = CARTESIAN_POINT('',(45.,0.,580.));
#17160 = DIRECTION('',(1.,0.,2.22044604925E-16));
#17161 = DIRECTION('',(2.22044604925E-16,0.,-1.));
#17162 = ADVANCED_FACE('',(#17163),#17182,.F.);
#17163 = FACE_BOUND('',#17164,.F.);
#17164 = EDGE_LOOP('',(#17165,#17174,#17180,#17181));
#17165 = ORIENTED_EDGE('',*,*,#17166,.T.);
#17166 = EDGE_CURVE('',#17099,#17167,#17169,.T.);
#17167 = VERTEX_POINT('',#17168);
#17168 = CARTESIAN_POINT('',(51.49,28.284271247462,606.03427124746));
#17169 = CIRCLE('',#17170,2.25);
#17170 = AXIS2_PLACEMENT_3D('',#17171,#17172,#17173);
#17171 = CARTESIAN_POINT('',(51.49,28.284271247462,608.28427124746));
#17172 = DIRECTION('',(-1.,0.,0.));
#17173 = DIRECTION('',(0.,0.,-1.));
#17174 = ORIENTED_EDGE('',*,*,#17175,.T.);
#17175 = EDGE_CURVE('',#17167,#4333,#17176,.T.);
#17176 = LINE('',#17177,#17178);
#17177 = CARTESIAN_POINT('',(51.51,28.284271247462,606.03427124746));
#17178 = VECTOR('',#17179,1.);
#17179 = DIRECTION('',(-1.,0.,0.));
#17180 = ORIENTED_EDGE('',*,*,#4332,.F.);
#17181 = ORIENTED_EDGE('',*,*,#17098,.T.);
#17182 = CYLINDRICAL_SURFACE('',#17183,2.25);
#17183 = AXIS2_PLACEMENT_3D('',#17184,#17185,#17186);
#17184 = CARTESIAN_POINT('',(51.51,28.284271247462,608.28427124746));
#17185 = DIRECTION('',(-1.,0.,0.));
#17186 = DIRECTION('',(0.,0.,-1.));
#17187 = ADVANCED_FACE('',(#17188),#17200,.F.);
#17188 = FACE_BOUND('',#17189,.F.);
#17189 = EDGE_LOOP('',(#17190,#17191,#17192,#17199));
#17190 = ORIENTED_EDGE('',*,*,#4341,.F.);
#17191 = ORIENTED_EDGE('',*,*,#17175,.F.);
#17192 = ORIENTED_EDGE('',*,*,#17193,.T.);
#17193 = EDGE_CURVE('',#17167,#17142,#17194,.T.);
#17194 = CIRCLE('',#17195,2.25);
#17195 = AXIS2_PLACEMENT_3D('',#17196,#17197,#17198);
#17196 = CARTESIAN_POINT('',(51.49,28.284271247462,608.28427124746));
#17197 = DIRECTION('',(-1.,0.,0.));
#17198 = DIRECTION('',(0.,0.,-1.));
#17199 = ORIENTED_EDGE('',*,*,#17150,.F.);
#17200 = CYLINDRICAL_SURFACE('',#17201,2.25);
#17201 = AXIS2_PLACEMENT_3D('',#17202,#17203,#17204);
#17202 = CARTESIAN_POINT('',(51.51,28.284271247462,608.28427124746));
#17203 = DIRECTION('',(-1.,0.,0.));
#17204 = DIRECTION('',(0.,0.,-1.));
#17205 = ADVANCED_FACE('',(#17206),#17217,.F.);
#17206 = FACE_BOUND('',#17207,.F.);
#17207 = EDGE_LOOP('',(#17208,#17209,#17215,#17216));
#17208 = ORIENTED_EDGE('',*,*,#8723,.F.);
#17209 = ORIENTED_EDGE('',*,*,#17210,.F.);
#17210 = EDGE_CURVE('',#4369,#8724,#17211,.T.);
#17211 = LINE('',#17212,#17213);
#17212 = CARTESIAN_POINT('',(45.,7.837739514543E-15,612.));
#17213 = VECTOR('',#17214,1.);
#17214 = DIRECTION('',(1.,0.,0.));
#17215 = ORIENTED_EDGE('',*,*,#4368,.T.);
#17216 = ORIENTED_EDGE('',*,*,#17210,.T.);
#17217 = CYLINDRICAL_SURFACE('',#17218,32.);
#17218 = AXIS2_PLACEMENT_3D('',#17219,#17220,#17221);
#17219 = CARTESIAN_POINT('',(45.,0.,580.));
#17220 = DIRECTION('',(1.,0.,0.));
#17221 = DIRECTION('',(0.,0.,1.));
#17222 = ADVANCED_FACE('',(#17223),#17242,.F.);
#17223 = FACE_BOUND('',#17224,.F.);
#17224 = EDGE_LOOP('',(#17225,#17233,#17234,#17235));
#17225 = ORIENTED_EDGE('',*,*,#17226,.T.);
#17226 = EDGE_CURVE('',#17227,#4380,#17229,.T.);
#17227 = VERTEX_POINT('',#17228);
#17228 = CARTESIAN_POINT('',(51.49,28.284271247462,549.46572875253));
#17229 = LINE('',#17230,#17231);
#17230 = CARTESIAN_POINT('',(51.51,28.284271247462,549.46572875253));
#17231 = VECTOR('',#17232,1.);
#17232 = DIRECTION('',(-1.,0.,0.));
#17233 = ORIENTED_EDGE('',*,*,#4379,.F.);
#17234 = ORIENTED_EDGE('',*,*,#17226,.F.);
#17235 = ORIENTED_EDGE('',*,*,#17236,.T.);
#17236 = EDGE_CURVE('',#17227,#17227,#17237,.T.);
#17237 = CIRCLE('',#17238,2.25);
#17238 = AXIS2_PLACEMENT_3D('',#17239,#17240,#17241);
#17239 = CARTESIAN_POINT('',(51.49,28.284271247462,551.71572875253));
#17240 = DIRECTION('',(-1.,0.,0.));
#17241 = DIRECTION('',(0.,0.,-1.));
#17242 = CYLINDRICAL_SURFACE('',#17243,2.25);
#17243 = AXIS2_PLACEMENT_3D('',#17244,#17245,#17246);
#17244 = CARTESIAN_POINT('',(51.51,28.284271247462,551.71572875253));
#17245 = DIRECTION('',(-1.,0.,0.));
#17246 = DIRECTION('',(0.,0.,-1.));
#17247 = ADVANCED_FACE('',(#17248),#17264,.F.);
#17248 = FACE_BOUND('',#17249,.F.);
#17249 = EDGE_LOOP('',(#17250,#17251,#17257,#17258));
#17250 = ORIENTED_EDGE('',*,*,#8745,.F.);
#17251 = ORIENTED_EDGE('',*,*,#17252,.F.);
#17252 = EDGE_CURVE('',#4391,#8746,#17253,.T.);
#17253 = LINE('',#17254,#17255);
#17254 = CARTESIAN_POINT('',(45.,12.05887806743,523.26743915743));
#17255 = VECTOR('',#17256,1.);
#17256 = DIRECTION('',(1.,0.,2.22044604925E-16));
#17257 = ORIENTED_EDGE('',*,*,#4390,.T.);
#17258 = ORIENTED_EDGE('',*,*,#17259,.T.);
#17259 = EDGE_CURVE('',#4393,#8748,#17260,.T.);
#17260 = LINE('',#17261,#17262);
#17261 = CARTESIAN_POINT('',(45.,30.735317325526,530.81321042292));
#17262 = VECTOR('',#17263,1.);
#17263 = DIRECTION('',(1.,0.,2.22044604925E-16));
#17264 = CYLINDRICAL_SURFACE('',#17265,58.);
#17265 = AXIS2_PLACEMENT_3D('',#17266,#17267,#17268);
#17266 = CARTESIAN_POINT('',(45.,0.,580.));
#17267 = DIRECTION('',(1.,0.,2.22044604925E-16));
#17268 = DIRECTION('',(2.22044604925E-16,0.,-1.));
#17269 = ADVANCED_FACE('',(#17270),#17281,.F.);
#17270 = FACE_BOUND('',#17271,.F.);
#17271 = EDGE_LOOP('',(#17272,#17273,#17279,#17280));
#17272 = ORIENTED_EDGE('',*,*,#8756,.F.);
#17273 = ORIENTED_EDGE('',*,*,#17274,.F.);
#17274 = EDGE_CURVE('',#4402,#8757,#17275,.T.);
#17275 = LINE('',#17276,#17277);
#17276 = CARTESIAN_POINT('',(45.,10.18767285007,523.07076756404));
#17277 = VECTOR('',#17278,1.);
#17278 = DIRECTION('',(1.,0.,2.22044604925E-16));
#17279 = ORIENTED_EDGE('',*,*,#4401,.T.);
#17280 = ORIENTED_EDGE('',*,*,#17252,.T.);
#17281 = CYLINDRICAL_SURFACE('',#17282,9.);
#17282 = AXIS2_PLACEMENT_3D('',#17283,#17284,#17285);
#17283 = CARTESIAN_POINT('',(45.,10.18767285007,532.07076756404));
#17284 = DIRECTION('',(1.,0.,2.22044604925E-16));
#17285 = DIRECTION('',(2.22044604925E-16,0.,-1.));
#17286 = ADVANCED_FACE('',(#17287),#17298,.F.);
#17287 = FACE_BOUND('',#17288,.F.);
#17288 = EDGE_LOOP('',(#17289,#17290,#17291,#17292));
#17289 = ORIENTED_EDGE('',*,*,#8783,.F.);
#17290 = ORIENTED_EDGE('',*,*,#17259,.F.);
#17291 = ORIENTED_EDGE('',*,*,#4428,.T.);
#17292 = ORIENTED_EDGE('',*,*,#17293,.T.);
#17293 = EDGE_CURVE('',#4420,#8775,#17294,.T.);
#17294 = LINE('',#17295,#17296);
#17295 = CARTESIAN_POINT('',(45.,21.196770569328,546.07807615374));
#17296 = VECTOR('',#17297,1.);
#17297 = DIRECTION('',(1.,0.,2.22044604925E-16));
#17298 = CYLINDRICAL_SURFACE('',#17299,9.);
#17299 = AXIS2_PLACEMENT_3D('',#17300,#17301,#17302);
#17300 = CARTESIAN_POINT('',(45.,25.966043947427,538.44564328833));
#17301 = DIRECTION('',(1.,0.,2.22044604925E-16));
#17302 = DIRECTION('',(2.22044604925E-16,0.,-1.));
#17303 = ADVANCED_FACE('',(#17304),#17315,.F.);
#17304 = FACE_BOUND('',#17305,.F.);
#17305 = EDGE_LOOP('',(#17306,#17307,#17308,#17309));
#17306 = ORIENTED_EDGE('',*,*,#4410,.T.);
#17307 = ORIENTED_EDGE('',*,*,#17274,.T.);
#17308 = ORIENTED_EDGE('',*,*,#8765,.F.);
#17309 = ORIENTED_EDGE('',*,*,#17310,.F.);
#17310 = EDGE_CURVE('',#4411,#8766,#17311,.T.);
#17311 = LINE('',#17312,#17313);
#17312 = CARTESIAN_POINT('',(45.,8.31646763271,540.87409597064));
#17313 = VECTOR('',#17314,1.);
#17314 = DIRECTION('',(1.,0.,2.22044604925E-16));
#17315 = CYLINDRICAL_SURFACE('',#17316,9.);
#17316 = AXIS2_PLACEMENT_3D('',#17317,#17318,#17319);
#17317 = CARTESIAN_POINT('',(45.,10.18767285007,532.07076756404));
#17318 = DIRECTION('',(1.,0.,2.22044604925E-16));
#17319 = DIRECTION('',(2.22044604925E-16,0.,-1.));
#17320 = ADVANCED_FACE('',(#17321),#17327,.T.);
#17321 = FACE_BOUND('',#17322,.T.);
#17322 = EDGE_LOOP('',(#17323,#17324,#17325,#17326));
#17323 = ORIENTED_EDGE('',*,*,#8774,.F.);
#17324 = ORIENTED_EDGE('',*,*,#17310,.F.);
#17325 = ORIENTED_EDGE('',*,*,#4419,.T.);
#17326 = ORIENTED_EDGE('',*,*,#17293,.T.);
#17327 = CYLINDRICAL_SURFACE('',#17328,40.);
#17328 = AXIS2_PLACEMENT_3D('',#17329,#17330,#17331);
#17329 = CARTESIAN_POINT('',(45.,0.,580.));
#17330 = DIRECTION('',(1.,0.,2.22044604925E-16));
#17331 = DIRECTION('',(2.22044604925E-16,0.,-1.));
#17332 = ADVANCED_FACE('',(#17333),#17349,.F.);
#17333 = FACE_BOUND('',#17334,.F.);
#17334 = EDGE_LOOP('',(#17335,#17336,#17342,#17343));
#17335 = ORIENTED_EDGE('',*,*,#8792,.F.);
#17336 = ORIENTED_EDGE('',*,*,#17337,.F.);
#17337 = EDGE_CURVE('',#4438,#8793,#17338,.T.);
#17338 = LINE('',#17339,#17340);
#17339 = CARTESIAN_POINT('',(45.,55.161277945119,562.07701432625));
#17340 = VECTOR('',#17341,1.);
#17341 = DIRECTION('',(1.,0.,2.22044604925E-16));
#17342 = ORIENTED_EDGE('',*,*,#4437,.T.);
#17343 = ORIENTED_EDGE('',*,*,#17344,.T.);
#17344 = EDGE_CURVE('',#4440,#8795,#17345,.T.);
#17345 = LINE('',#17346,#17347);
#17346 = CARTESIAN_POINT('',(45.,57.964667967108,582.02417080874));
#17347 = VECTOR('',#17348,1.);
#17348 = DIRECTION('',(1.,0.,2.22044604925E-16));
#17349 = CYLINDRICAL_SURFACE('',#17350,58.);
#17350 = AXIS2_PLACEMENT_3D('',#17351,#17352,#17353);
#17351 = CARTESIAN_POINT('',(45.,0.,580.));
#17352 = DIRECTION('',(1.,0.,2.22044604925E-16));
#17353 = DIRECTION('',(2.22044604925E-16,0.,-1.));
#17354 = ADVANCED_FACE('',(#17355),#17366,.F.);
#17355 = FACE_BOUND('',#17356,.F.);
#17356 = EDGE_LOOP('',(#17357,#17358,#17364,#17365));
#17357 = ORIENTED_EDGE('',*,*,#8803,.F.);
#17358 = ORIENTED_EDGE('',*,*,#17359,.F.);
#17359 = EDGE_CURVE('',#4449,#8804,#17360,.T.);
#17360 = LINE('',#17361,#17362);
#17361 = CARTESIAN_POINT('',(45.,46.601769298463,555.85816727562));
#17362 = VECTOR('',#17363,1.);
#17363 = DIRECTION('',(1.,0.,2.22044604925E-16));
#17364 = ORIENTED_EDGE('',*,*,#4448,.T.);
#17365 = ORIENTED_EDGE('',*,*,#17337,.T.);
#17366 = CYLINDRICAL_SURFACE('',#17367,9.);
#17367 = AXIS2_PLACEMENT_3D('',#17368,#17369,#17370);
#17368 = CARTESIAN_POINT('',(45.,46.601769298463,564.85816727562));
#17369 = DIRECTION('',(1.,0.,2.22044604925E-16));
#17370 = DIRECTION('',(2.22044604925E-16,0.,-1.));
#17371 = ADVANCED_FACE('',(#17372),#17383,.F.);
#17372 = FACE_BOUND('',#17373,.F.);
#17373 = EDGE_LOOP('',(#17374,#17375,#17376,#17377));
#17374 = ORIENTED_EDGE('',*,*,#8830,.F.);
#17375 = ORIENTED_EDGE('',*,*,#17344,.F.);
#17376 = ORIENTED_EDGE('',*,*,#4475,.T.);
#17377 = ORIENTED_EDGE('',*,*,#17378,.T.);
#17378 = EDGE_CURVE('',#4467,#8822,#17379,.T.);
#17379 = LINE('',#17380,#17381);
#17380 = CARTESIAN_POINT('',(45.,39.975633080764,581.3959798681));
#17381 = VECTOR('',#17382,1.);
#17382 = DIRECTION('',(1.,0.,2.22044604925E-16));
#17383 = CYLINDRICAL_SURFACE('',#17384,9.);
#17384 = AXIS2_PLACEMENT_3D('',#17385,#17386,#17387);
#17385 = CARTESIAN_POINT('',(45.,48.970150523936,581.71007533842));
#17386 = DIRECTION('',(1.,0.,2.22044604925E-16));
#17387 = DIRECTION('',(2.22044604925E-16,0.,-1.));
#17388 = ADVANCED_FACE('',(#17389),#17400,.F.);
#17389 = FACE_BOUND('',#17390,.F.);
#17390 = EDGE_LOOP('',(#17391,#17392,#17393,#17394));
#17391 = ORIENTED_EDGE('',*,*,#4457,.T.);
#17392 = ORIENTED_EDGE('',*,*,#17359,.T.);
#17393 = ORIENTED_EDGE('',*,*,#8812,.F.);
#17394 = ORIENTED_EDGE('',*,*,#17395,.F.);
#17395 = EDGE_CURVE('',#4458,#8813,#17396,.T.);
#17396 = LINE('',#17397,#17398);
#17397 = CARTESIAN_POINT('',(45.,38.042260651806,567.639320225));
#17398 = VECTOR('',#17399,1.);
#17399 = DIRECTION('',(1.,0.,2.22044604925E-16));
#17400 = CYLINDRICAL_SURFACE('',#17401,9.);
#17401 = AXIS2_PLACEMENT_3D('',#17402,#17403,#17404);
#17402 = CARTESIAN_POINT('',(45.,46.601769298463,564.85816727562));
#17403 = DIRECTION('',(1.,0.,2.22044604925E-16));
#17404 = DIRECTION('',(2.22044604925E-16,0.,-1.));
#17405 = ADVANCED_FACE('',(#17406),#17412,.T.);
#17406 = FACE_BOUND('',#17407,.T.);
#17407 = EDGE_LOOP('',(#17408,#17409,#17410,#17411));
#17408 = ORIENTED_EDGE('',*,*,#8821,.F.);
#17409 = ORIENTED_EDGE('',*,*,#17395,.F.);
#17410 = ORIENTED_EDGE('',*,*,#4466,.T.);
#17411 = ORIENTED_EDGE('',*,*,#17378,.T.);
#17412 = CYLINDRICAL_SURFACE('',#17413,40.);
#17413 = AXIS2_PLACEMENT_3D('',#17414,#17415,#17416);
#17414 = CARTESIAN_POINT('',(45.,0.,580.));
#17415 = DIRECTION('',(1.,0.,2.22044604925E-16));
#17416 = DIRECTION('',(2.22044604925E-16,0.,-1.));
#17417 = ADVANCED_FACE('',(#17418),#17437,.F.);
#17418 = FACE_BOUND('',#17419,.F.);
#17419 = EDGE_LOOP('',(#17420,#17429,#17435,#17436));
#17420 = ORIENTED_EDGE('',*,*,#17421,.F.);
#17421 = EDGE_CURVE('',#17422,#17422,#17424,.T.);
#17422 = VERTEX_POINT('',#17423);
#17423 = CARTESIAN_POINT('',(51.49,-28.28427124746,604.18427124746));
#17424 = CIRCLE('',#17425,4.1);
#17425 = AXIS2_PLACEMENT_3D('',#17426,#17427,#17428);
#17426 = CARTESIAN_POINT('',(51.49,-28.28427124746,608.28427124746));
#17427 = DIRECTION('',(-1.,0.,0.));
#17428 = DIRECTION('',(0.,0.,-1.));
#17429 = ORIENTED_EDGE('',*,*,#17430,.F.);
#17430 = EDGE_CURVE('',#8592,#17422,#17431,.T.);
#17431 = LINE('',#17432,#17433);
#17432 = CARTESIAN_POINT('',(56.,-28.28427124746,604.18427124746));
#17433 = VECTOR('',#17434,1.);
#17434 = DIRECTION('',(-1.,0.,0.));
#17435 = ORIENTED_EDGE('',*,*,#8591,.T.);
#17436 = ORIENTED_EDGE('',*,*,#17430,.T.);
#17437 = CYLINDRICAL_SURFACE('',#17438,4.1);
#17438 = AXIS2_PLACEMENT_3D('',#17439,#17440,#17441);
#17439 = CARTESIAN_POINT('',(56.,-28.28427124746,608.28427124746));
#17440 = DIRECTION('',(-1.,0.,0.));
#17441 = DIRECTION('',(0.,0.,-1.));
#17442 = ADVANCED_FACE('',(#17443),#17455,.F.);
#17443 = FACE_BOUND('',#17444,.F.);
#17444 = EDGE_LOOP('',(#17445,#17452,#17453,#17454));
#17445 = ORIENTED_EDGE('',*,*,#17446,.F.);
#17446 = EDGE_CURVE('',#16924,#17017,#17447,.T.);
#17447 = CIRCLE('',#17448,4.1);
#17448 = AXIS2_PLACEMENT_3D('',#17449,#17450,#17451);
#17449 = CARTESIAN_POINT('',(51.49,-28.28427124746,551.71572875253));
#17450 = DIRECTION('',(-1.,0.,0.));
#17451 = DIRECTION('',(0.,0.,-1.));
#17452 = ORIENTED_EDGE('',*,*,#16923,.T.);
#17453 = ORIENTED_EDGE('',*,*,#8622,.T.);
#17454 = ORIENTED_EDGE('',*,*,#17016,.F.);
#17455 = CYLINDRICAL_SURFACE('',#17456,4.1);
#17456 = AXIS2_PLACEMENT_3D('',#17457,#17458,#17459);
#17457 = CARTESIAN_POINT('',(56.,-28.28427124746,551.71572875253));
#17458 = DIRECTION('',(-1.,0.,0.));
#17459 = DIRECTION('',(0.,0.,-1.));
#17460 = ADVANCED_FACE('',(#17461),#17480,.F.);
#17461 = FACE_BOUND('',#17462,.F.);
#17462 = EDGE_LOOP('',(#17463,#17471,#17478,#17479));
#17463 = ORIENTED_EDGE('',*,*,#17464,.T.);
#17464 = EDGE_CURVE('',#8688,#17465,#17467,.T.);
#17465 = VERTEX_POINT('',#17466);
#17466 = CARTESIAN_POINT('',(51.49,28.284271247462,604.18427124746));
#17467 = LINE('',#17468,#17469);
#17468 = CARTESIAN_POINT('',(56.,28.284271247462,604.18427124746));
#17469 = VECTOR('',#17470,1.);
#17470 = DIRECTION('',(-1.,0.,0.));
#17471 = ORIENTED_EDGE('',*,*,#17472,.F.);
#17472 = EDGE_CURVE('',#17110,#17465,#17473,.T.);
#17473 = CIRCLE('',#17474,4.1);
#17474 = AXIS2_PLACEMENT_3D('',#17475,#17476,#17477);
#17475 = CARTESIAN_POINT('',(51.49,28.284271247462,608.28427124746));
#17476 = DIRECTION('',(-1.,0.,0.));
#17477 = DIRECTION('',(0.,0.,-1.));
#17478 = ORIENTED_EDGE('',*,*,#17109,.T.);
#17479 = ORIENTED_EDGE('',*,*,#8687,.T.);
#17480 = CYLINDRICAL_SURFACE('',#17481,4.1);
#17481 = AXIS2_PLACEMENT_3D('',#17482,#17483,#17484);
#17482 = CARTESIAN_POINT('',(56.,28.284271247462,608.28427124746));
#17483 = DIRECTION('',(-1.,0.,0.));
#17484 = DIRECTION('',(0.,0.,-1.));
#17485 = ADVANCED_FACE('',(#17486),#17498,.F.);
#17486 = FACE_BOUND('',#17487,.F.);
#17487 = EDGE_LOOP('',(#17488,#17495,#17496,#17497));
#17488 = ORIENTED_EDGE('',*,*,#17489,.F.);
#17489 = EDGE_CURVE('',#17465,#17134,#17490,.T.);
#17490 = CIRCLE('',#17491,4.1);
#17491 = AXIS2_PLACEMENT_3D('',#17492,#17493,#17494);
#17492 = CARTESIAN_POINT('',(51.49,28.284271247462,608.28427124746));
#17493 = DIRECTION('',(-1.,0.,0.));
#17494 = DIRECTION('',(0.,0.,-1.));
#17495 = ORIENTED_EDGE('',*,*,#17464,.F.);
#17496 = ORIENTED_EDGE('',*,*,#8696,.T.);
#17497 = ORIENTED_EDGE('',*,*,#17133,.F.);
#17498 = CYLINDRICAL_SURFACE('',#17499,4.1);
#17499 = AXIS2_PLACEMENT_3D('',#17500,#17501,#17502);
#17500 = CARTESIAN_POINT('',(56.,28.284271247462,608.28427124746));
#17501 = DIRECTION('',(-1.,0.,0.));
#17502 = DIRECTION('',(0.,0.,-1.));
#17503 = ADVANCED_FACE('',(#17504),#17523,.F.);
#17504 = FACE_BOUND('',#17505,.F.);
#17505 = EDGE_LOOP('',(#17506,#17515,#17521,#17522));
#17506 = ORIENTED_EDGE('',*,*,#17507,.F.);
#17507 = EDGE_CURVE('',#17508,#17508,#17510,.T.);
#17508 = VERTEX_POINT('',#17509);
#17509 = CARTESIAN_POINT('',(51.49,28.284271247462,547.61572875253));
#17510 = CIRCLE('',#17511,4.1);
#17511 = AXIS2_PLACEMENT_3D('',#17512,#17513,#17514);
#17512 = CARTESIAN_POINT('',(51.49,28.284271247462,551.71572875253));
#17513 = DIRECTION('',(-1.,0.,0.));
#17514 = DIRECTION('',(0.,0.,-1.));
#17515 = ORIENTED_EDGE('',*,*,#17516,.F.);
#17516 = EDGE_CURVE('',#8735,#17508,#17517,.T.);
#17517 = LINE('',#17518,#17519);
#17518 = CARTESIAN_POINT('',(56.,28.284271247462,547.61572875253));
#17519 = VECTOR('',#17520,1.);
#17520 = DIRECTION('',(-1.,0.,0.));
#17521 = ORIENTED_EDGE('',*,*,#8734,.T.);
#17522 = ORIENTED_EDGE('',*,*,#17516,.T.);
#17523 = CYLINDRICAL_SURFACE('',#17524,4.1);
#17524 = AXIS2_PLACEMENT_3D('',#17525,#17526,#17527);
#17525 = CARTESIAN_POINT('',(56.,28.284271247462,551.71572875253));
#17526 = DIRECTION('',(-1.,0.,0.));
#17527 = DIRECTION('',(0.,0.,-1.));
#17528 = ADVANCED_FACE('',(#17529,#17532),#17535,.F.);
#17529 = FACE_BOUND('',#17530,.F.);
#17530 = EDGE_LOOP('',(#17531));
#17531 = ORIENTED_EDGE('',*,*,#17421,.T.);
#17532 = FACE_BOUND('',#17533,.F.);
#17533 = EDGE_LOOP('',(#17534));
#17534 = ORIENTED_EDGE('',*,*,#16885,.F.);
#17535 = PLANE('',#17536);
#17536 = AXIS2_PLACEMENT_3D('',#17537,#17538,#17539);
#17537 = CARTESIAN_POINT('',(51.49,-28.28427124746,608.28427124746));
#17538 = DIRECTION('',(-1.,0.,0.));
#17539 = DIRECTION('',(0.,0.,-1.));
#17540 = ADVANCED_FACE('',(#17541),#17547,.F.);
#17541 = FACE_BOUND('',#17542,.F.);
#17542 = EDGE_LOOP('',(#17543,#17544,#17545,#17546));
#17543 = ORIENTED_EDGE('',*,*,#16931,.T.);
#17544 = ORIENTED_EDGE('',*,*,#17446,.T.);
#17545 = ORIENTED_EDGE('',*,*,#17024,.F.);
#17546 = ORIENTED_EDGE('',*,*,#16975,.F.);
#17547 = PLANE('',#17548);
#17548 = AXIS2_PLACEMENT_3D('',#17549,#17550,#17551);
#17549 = CARTESIAN_POINT('',(51.49,-28.28427124746,551.71572875253));
#17550 = DIRECTION('',(-1.,0.,0.));
#17551 = DIRECTION('',(0.,0.,-1.));
#17552 = ADVANCED_FACE('',(#17553),#17561,.F.);
#17553 = FACE_BOUND('',#17554,.F.);
#17554 = EDGE_LOOP('',(#17555,#17556,#17557,#17558,#17559,#17560));
#17555 = ORIENTED_EDGE('',*,*,#17472,.T.);
#17556 = ORIENTED_EDGE('',*,*,#17489,.T.);
#17557 = ORIENTED_EDGE('',*,*,#17141,.F.);
#17558 = ORIENTED_EDGE('',*,*,#17193,.F.);
#17559 = ORIENTED_EDGE('',*,*,#17166,.F.);
#17560 = ORIENTED_EDGE('',*,*,#17117,.T.);
#17561 = PLANE('',#17562);
#17562 = AXIS2_PLACEMENT_3D('',#17563,#17564,#17565);
#17563 = CARTESIAN_POINT('',(51.49,28.284271247462,608.28427124746));
#17564 = DIRECTION('',(-1.,0.,0.));
#17565 = DIRECTION('',(0.,0.,-1.));
#17566 = ADVANCED_FACE('',(#17567,#17570),#17573,.F.);
#17567 = FACE_BOUND('',#17568,.F.);
#17568 = EDGE_LOOP('',(#17569));
#17569 = ORIENTED_EDGE('',*,*,#17507,.T.);
#17570 = FACE_BOUND('',#17571,.F.);
#17571 = EDGE_LOOP('',(#17572));
#17572 = ORIENTED_EDGE('',*,*,#17236,.F.);
#17573 = PLANE('',#17574);
#17574 = AXIS2_PLACEMENT_3D('',#17575,#17576,#17577);
#17575 = CARTESIAN_POINT('',(51.49,28.284271247462,551.71572875253));
#17576 = DIRECTION('',(-1.,0.,0.));
#17577 = DIRECTION('',(0.,0.,-1.));
#17578 = ( GEOMETRIC_REPRESENTATION_CONTEXT(3) 
GLOBAL_UNCERTAINTY_ASSIGNED_CONTEXT((#17582)) 
GLOBAL_UNIT_ASSIGNED_CONTEXT((#17579,#17580,#17581)) 
REPRESENTATION_CONTEXT('Context #1',
  '3D Context with UNIT and UNCERTAINTY') );
#17579 = ( LENGTH_UNIT() NAMED_UNIT(*) SI_UNIT(.MILLI.,.METRE.) );
#17580 = ( NAMED_UNIT(*) PLANE_ANGLE_UNIT() SI_UNIT($,.RADIAN.) );
#17581 = ( NAMED_UNIT(*) SI_UNIT($,.STERADIAN.) SOLID_ANGLE_UNIT() );
#17582 = UNCERTAINTY_MEASURE_WITH_UNIT(LENGTH_MEASURE(1.E-07),#17579,
  'distance_accuracy_value','confusion accuracy');
#17583 = PRODUCT_RELATED_PRODUCT_CATEGORY('part',$,(#7));
ENDSEC;
END-ISO-10303-21;
