ISO-10303-21;
HEADER;
FILE_DESCRIPTION(('FreeCAD Model'),'2;1');
FILE_NAME('Open CASCADE Shape Model','2026-09-19T23:10:22',('FreeCAD'),(
    'FreeCAD'),'Open CASCADE STEP processor 7.9','FreeCAD','Unknown');
FILE_SCHEMA(('AUTOMOTIVE_DESIGN { 1 0 10303 214 1 1 1 1 }'));
ENDSEC;
DATA;
#1 = APPLICATION_PROTOCOL_DEFINITION('international standard',
  'automotive_design',2000,#2);
#2 = APPLICATION_CONTEXT(
  'core data for automotive mechanical design processes');
#3 = SHAPE_DEFINITION_REPRESENTATION(#4,#10);
#4 = PRODUCT_DEFINITION_SHAPE('','',#5);
#5 = PRODUCT_DEFINITION('design','',#6,#9);
#6 = PRODUCT_DEFINITION_FORMATION('','',#7);
#7 = PRODUCT('Open CASCADE STEP translator 7.9 19',
  'Open CASCADE STEP translator 7.9 19','',(#8));
#8 = PRODUCT_CONTEXT('',#2,'mechanical');
#9 = PRODUCT_DEFINITION_CONTEXT('part definition',#2,'design');
#10 = ADVANCED_BREP_SHAPE_REPRESENTATION('',(#11,#15),#2514);
#11 = AXIS2_PLACEMENT_3D('',#12,#13,#14);
#12 = CARTESIAN_POINT('',(0.,0.,0.));
#13 = DIRECTION('',(0.,0.,1.));
#14 = DIRECTION('',(1.,0.,-0.));
#15 = MANIFOLD_SOLID_BREP('',#16);
#16 = CLOSED_SHELL('',(#17,#50,#70,#90,#115,#140,#520,#750,#775,#800,
    #831,#855,#879,#903,#927,#944,#969,#994,#1025,#1049,#1073,#1097,
    #1121,#1138,#1163,#1188,#1205,#1222,#1247,#1278,#1302,#1326,#1350,
    #1374,#1391,#1422,#1446,#1470,#1494,#1518,#1535,#1560,#1591,#1615,
    #1639,#1663,#1687,#1704,#1729,#1754,#1779,#1804,#1835,#1859,#1906,
    #1923,#1947,#1971,#1988,#2013,#2038,#2063,#2088,#2119,#2143,#2167,
    #2184,#2209,#2234,#2246,#2258,#2283,#2292,#2304,#2329,#2341,#2356,
    #2368,#2385,#2402,#2417,#2434,#2446,#2480,#2497));
#17 = ADVANCED_FACE('',(#18),#45,.T.);
#18 = FACE_BOUND('',#19,.T.);
#19 = EDGE_LOOP('',(#20,#30,#37,#38));
#20 = ORIENTED_EDGE('',*,*,#21,.T.);
#21 = EDGE_CURVE('',#22,#24,#26,.T.);
#22 = VERTEX_POINT('',#23);
#23 = CARTESIAN_POINT('',(103.5,-2.535018874235E-14,41.));
#24 = VERTEX_POINT('',#25);
#25 = CARTESIAN_POINT('',(103.5,-2.535018874235E-14,55.2));
#26 = LINE('',#27,#28);
#27 = CARTESIAN_POINT('',(103.5,-2.535018874235E-14,40.));
#28 = VECTOR('',#29,1.);
#29 = DIRECTION('',(0.,0.,1.));
#30 = ORIENTED_EDGE('',*,*,#31,.F.);
#31 = EDGE_CURVE('',#24,#24,#32,.T.);
#32 = CIRCLE('',#33,103.5);
#33 = AXIS2_PLACEMENT_3D('',#34,#35,#36);
#34 = CARTESIAN_POINT('',(0.,0.,55.2));
#35 = DIRECTION('',(0.,0.,1.));
#36 = DIRECTION('',(1.,0.,0.));
#37 = ORIENTED_EDGE('',*,*,#21,.F.);
#38 = ORIENTED_EDGE('',*,*,#39,.T.);
#39 = EDGE_CURVE('',#22,#22,#40,.T.);
#40 = CIRCLE('',#41,103.5);
#41 = AXIS2_PLACEMENT_3D('',#42,#43,#44);
#42 = CARTESIAN_POINT('',(0.,0.,41.));
#43 = DIRECTION('',(0.,0.,1.));
#44 = DIRECTION('',(1.,0.,0.));
#45 = CYLINDRICAL_SURFACE('',#46,103.5);
#46 = AXIS2_PLACEMENT_3D('',#47,#48,#49);
#47 = CARTESIAN_POINT('',(0.,0.,40.));
#48 = DIRECTION('',(0.,0.,1.));
#49 = DIRECTION('',(1.,0.,0.));
#50 = ADVANCED_FACE('',(#51,#54),#65,.F.);
#51 = FACE_BOUND('',#52,.F.);
#52 = EDGE_LOOP('',(#53));
#53 = ORIENTED_EDGE('',*,*,#39,.T.);
#54 = FACE_BOUND('',#55,.F.);
#55 = EDGE_LOOP('',(#56));
#56 = ORIENTED_EDGE('',*,*,#57,.F.);
#57 = EDGE_CURVE('',#58,#58,#60,.T.);
#58 = VERTEX_POINT('',#59);
#59 = CARTESIAN_POINT('',(102.,-2.498279470261E-14,41.));
#60 = CIRCLE('',#61,102.);
#61 = AXIS2_PLACEMENT_3D('',#62,#63,#64);
#62 = CARTESIAN_POINT('',(0.,0.,41.));
#63 = DIRECTION('',(0.,0.,1.));
#64 = DIRECTION('',(1.,0.,0.));
#65 = PLANE('',#66);
#66 = AXIS2_PLACEMENT_3D('',#67,#68,#69);
#67 = CARTESIAN_POINT('',(0.,0.,41.));
#68 = DIRECTION('',(0.,0.,1.));
#69 = DIRECTION('',(1.,0.,0.));
#70 = ADVANCED_FACE('',(#71,#74),#85,.T.);
#71 = FACE_BOUND('',#72,.T.);
#72 = EDGE_LOOP('',(#73));
#73 = ORIENTED_EDGE('',*,*,#31,.T.);
#74 = FACE_BOUND('',#75,.T.);
#75 = EDGE_LOOP('',(#76));
#76 = ORIENTED_EDGE('',*,*,#77,.F.);
#77 = EDGE_CURVE('',#78,#78,#80,.T.);
#78 = VERTEX_POINT('',#79);
#79 = CARTESIAN_POINT('',(100.,-2.449293598295E-14,55.2));
#80 = CIRCLE('',#81,100.);
#81 = AXIS2_PLACEMENT_3D('',#82,#83,#84);
#82 = CARTESIAN_POINT('',(0.,0.,55.2));
#83 = DIRECTION('',(0.,0.,1.));
#84 = DIRECTION('',(1.,0.,0.));
#85 = PLANE('',#86);
#86 = AXIS2_PLACEMENT_3D('',#87,#88,#89);
#87 = CARTESIAN_POINT('',(0.,0.,55.2));
#88 = DIRECTION('',(0.,0.,1.));
#89 = DIRECTION('',(1.,0.,0.));
#90 = ADVANCED_FACE('',(#91),#110,.T.);
#91 = FACE_BOUND('',#92,.T.);
#92 = EDGE_LOOP('',(#93,#94,#102,#109));
#93 = ORIENTED_EDGE('',*,*,#57,.F.);
#94 = ORIENTED_EDGE('',*,*,#95,.F.);
#95 = EDGE_CURVE('',#96,#58,#98,.T.);
#96 = VERTEX_POINT('',#97);
#97 = CARTESIAN_POINT('',(102.,-2.498279470261E-14,40.));
#98 = LINE('',#99,#100);
#99 = CARTESIAN_POINT('',(102.,-2.498279470261E-14,40.));
#100 = VECTOR('',#101,1.);
#101 = DIRECTION('',(0.,0.,1.));
#102 = ORIENTED_EDGE('',*,*,#103,.T.);
#103 = EDGE_CURVE('',#96,#96,#104,.T.);
#104 = CIRCLE('',#105,102.);
#105 = AXIS2_PLACEMENT_3D('',#106,#107,#108);
#106 = CARTESIAN_POINT('',(0.,0.,40.));
#107 = DIRECTION('',(0.,0.,1.));
#108 = DIRECTION('',(1.,0.,0.));
#109 = ORIENTED_EDGE('',*,*,#95,.T.);
#110 = CYLINDRICAL_SURFACE('',#111,102.);
#111 = AXIS2_PLACEMENT_3D('',#112,#113,#114);
#112 = CARTESIAN_POINT('',(0.,0.,40.));
#113 = DIRECTION('',(0.,0.,1.));
#114 = DIRECTION('',(1.,0.,0.));
#115 = ADVANCED_FACE('',(#116),#135,.T.);
#116 = FACE_BOUND('',#117,.T.);
#117 = EDGE_LOOP('',(#118,#126,#133,#134));
#118 = ORIENTED_EDGE('',*,*,#119,.T.);
#119 = EDGE_CURVE('',#78,#120,#122,.T.);
#120 = VERTEX_POINT('',#121);
#121 = CARTESIAN_POINT('',(100.,-2.449293598295E-14,70.));
#122 = LINE('',#123,#124);
#123 = CARTESIAN_POINT('',(100.,-2.449293598295E-14,55.19));
#124 = VECTOR('',#125,1.);
#125 = DIRECTION('',(0.,0.,1.));
#126 = ORIENTED_EDGE('',*,*,#127,.F.);
#127 = EDGE_CURVE('',#120,#120,#128,.T.);
#128 = CIRCLE('',#129,100.);
#129 = AXIS2_PLACEMENT_3D('',#130,#131,#132);
#130 = CARTESIAN_POINT('',(0.,0.,70.));
#131 = DIRECTION('',(0.,0.,1.));
#132 = DIRECTION('',(1.,0.,0.));
#133 = ORIENTED_EDGE('',*,*,#119,.F.);
#134 = ORIENTED_EDGE('',*,*,#77,.T.);
#135 = CYLINDRICAL_SURFACE('',#136,100.);
#136 = AXIS2_PLACEMENT_3D('',#137,#138,#139);
#137 = CARTESIAN_POINT('',(0.,0.,55.19));
#138 = DIRECTION('',(0.,0.,1.));
#139 = DIRECTION('',(1.,0.,0.));
#140 = ADVANCED_FACE('',(#141,#144,#155,#166,#216,#227,#238,#288,#299,
    #310,#321,#332,#343,#393,#443,#454,#504),#515,.F.);
#141 = FACE_BOUND('',#142,.F.);
#142 = EDGE_LOOP('',(#143));
#143 = ORIENTED_EDGE('',*,*,#103,.T.);
#144 = FACE_BOUND('',#145,.F.);
#145 = EDGE_LOOP('',(#146));
#146 = ORIENTED_EDGE('',*,*,#147,.F.);
#147 = EDGE_CURVE('',#148,#148,#150,.T.);
#148 = VERTEX_POINT('',#149);
#149 = CARTESIAN_POINT('',(-57.77184335382,-61.87184335382,40.));
#150 = CIRCLE('',#151,4.1);
#151 = AXIS2_PLACEMENT_3D('',#152,#153,#154);
#152 = CARTESIAN_POINT('',(-61.87184335382,-61.87184335382,40.));
#153 = DIRECTION('',(0.,0.,1.));
#154 = DIRECTION('',(1.,0.,0.));
#155 = FACE_BOUND('',#156,.F.);
#156 = EDGE_LOOP('',(#157));
#157 = ORIENTED_EDGE('',*,*,#158,.T.);
#158 = EDGE_CURVE('',#159,#159,#161,.T.);
#159 = VERTEX_POINT('',#160);
#160 = CARTESIAN_POINT('',(-31.7,-60.,40.));
#161 = CIRCLE('',#162,1.7);
#162 = AXIS2_PLACEMENT_3D('',#163,#164,#165);
#163 = CARTESIAN_POINT('',(-30.,-60.,40.));
#164 = DIRECTION('',(0.,0.,-1.));
#165 = DIRECTION('',(-1.,0.,0.));
#166 = FACE_BOUND('',#167,.F.);
#167 = EDGE_LOOP('',(#168,#178,#186,#194,#202,#210));
#168 = ORIENTED_EDGE('',*,*,#169,.T.);
#169 = EDGE_CURVE('',#170,#172,#174,.T.);
#170 = VERTEX_POINT('',#171);
#171 = CARTESIAN_POINT('',(-2.95,-71.29681670589,40.));
#172 = VERTEX_POINT('',#173);
#173 = CARTESIAN_POINT('',(2.085797969492E-16,-69.59363341178,40.));
#174 = LINE('',#175,#176);
#175 = CARTESIAN_POINT('',(15.067463619066,-60.8944292353,40.));
#176 = VECTOR('',#177,1.);
#177 = DIRECTION('',(0.866025403784,0.5,0.));
#178 = ORIENTED_EDGE('',*,*,#179,.T.);
#179 = EDGE_CURVE('',#172,#180,#182,.T.);
#180 = VERTEX_POINT('',#181);
#181 = CARTESIAN_POINT('',(2.95,-71.29681670589,40.));
#182 = LINE('',#183,#184);
#183 = CARTESIAN_POINT('',(-13.59246361906,-61.74602088236,40.));
#184 = VECTOR('',#185,1.);
#185 = DIRECTION('',(0.866025403784,-0.5,0.));
#186 = ORIENTED_EDGE('',*,*,#187,.T.);
#187 = EDGE_CURVE('',#180,#188,#190,.T.);
#188 = VERTEX_POINT('',#189);
#189 = CARTESIAN_POINT('',(2.95,-74.7031832941,40.));
#190 = LINE('',#191,#192);
#191 = CARTESIAN_POINT('',(2.95,-37.35159164705,40.));
#192 = VECTOR('',#193,1.);
#193 = DIRECTION('',(-2.607407032384E-16,-1.,0.));
#194 = ORIENTED_EDGE('',*,*,#195,.T.);
#195 = EDGE_CURVE('',#188,#196,#198,.T.);
#196 = VERTEX_POINT('',#197);
#197 = CARTESIAN_POINT('',(-6.257393908477E-16,-76.40636658821,40.));
#198 = LINE('',#199,#200);
#199 = CARTESIAN_POINT('',(16.542463619066,-66.85557076469,40.));
#200 = VECTOR('',#201,1.);
#201 = DIRECTION('',(-0.866025403784,-0.5,0.));
#202 = ORIENTED_EDGE('',*,*,#203,.T.);
#203 = EDGE_CURVE('',#196,#204,#206,.T.);
#204 = VERTEX_POINT('',#205);
#205 = CARTESIAN_POINT('',(-2.95,-74.7031832941,40.));
#206 = LINE('',#207,#208);
#207 = CARTESIAN_POINT('',(-18.01746361906,-66.00397911763,40.));
#208 = VECTOR('',#209,1.);
#209 = DIRECTION('',(-0.866025403784,0.5,0.));
#210 = ORIENTED_EDGE('',*,*,#211,.T.);
#211 = EDGE_CURVE('',#204,#170,#212,.T.);
#212 = LINE('',#213,#214);
#213 = CARTESIAN_POINT('',(-2.95,-35.64840835294,40.));
#214 = VECTOR('',#215,1.);
#215 = DIRECTION('',(-1.303703516192E-16,1.,0.));
#216 = FACE_BOUND('',#217,.F.);
#217 = EDGE_LOOP('',(#218));
#218 = ORIENTED_EDGE('',*,*,#219,.F.);
#219 = EDGE_CURVE('',#220,#220,#222,.T.);
#220 = VERTEX_POINT('',#221);
#221 = CARTESIAN_POINT('',(4.2,-60.,40.));
#222 = CIRCLE('',#223,4.2);
#223 = AXIS2_PLACEMENT_3D('',#224,#225,#226);
#224 = CARTESIAN_POINT('',(0.,-60.,40.));
#225 = DIRECTION('',(0.,0.,1.));
#226 = DIRECTION('',(1.,0.,0.));
#227 = FACE_BOUND('',#228,.F.);
#228 = EDGE_LOOP('',(#229));
#229 = ORIENTED_EDGE('',*,*,#230,.T.);
#230 = EDGE_CURVE('',#231,#231,#233,.T.);
#231 = VERTEX_POINT('',#232);
#232 = CARTESIAN_POINT('',(28.3,-60.,40.));
#233 = CIRCLE('',#234,1.7);
#234 = AXIS2_PLACEMENT_3D('',#235,#236,#237);
#235 = CARTESIAN_POINT('',(30.,-60.,40.));
#236 = DIRECTION('',(0.,0.,-1.));
#237 = DIRECTION('',(-1.,0.,0.));
#238 = FACE_BOUND('',#239,.F.);
#239 = EDGE_LOOP('',(#240,#250,#258,#266,#274,#282));
#240 = ORIENTED_EDGE('',*,*,#241,.T.);
#241 = EDGE_CURVE('',#242,#244,#246,.T.);
#242 = VERTEX_POINT('',#243);
#243 = CARTESIAN_POINT('',(-2.95,-45.29681670589,40.));
#244 = VERTEX_POINT('',#245);
#245 = CARTESIAN_POINT('',(2.085797969492E-16,-43.59363341178,40.));
#246 = LINE('',#247,#248);
#247 = CARTESIAN_POINT('',(9.438298494467,-38.1444292353,40.));
#248 = VECTOR('',#249,1.);
#249 = DIRECTION('',(0.866025403784,0.5,0.));
#250 = ORIENTED_EDGE('',*,*,#251,.T.);
#251 = EDGE_CURVE('',#244,#252,#254,.T.);
#252 = VERTEX_POINT('',#253);
#253 = CARTESIAN_POINT('',(2.95,-45.29681670589,40.));
#254 = LINE('',#255,#256);
#255 = CARTESIAN_POINT('',(-7.963298494467,-38.99602088236,40.));
#256 = VECTOR('',#257,1.);
#257 = DIRECTION('',(0.866025403784,-0.5,0.));
#258 = ORIENTED_EDGE('',*,*,#259,.T.);
#259 = EDGE_CURVE('',#252,#260,#262,.T.);
#260 = VERTEX_POINT('',#261);
#261 = CARTESIAN_POINT('',(2.95,-48.7031832941,40.));
#262 = LINE('',#263,#264);
#263 = CARTESIAN_POINT('',(2.95,-24.35159164705,40.));
#264 = VECTOR('',#265,1.);
#265 = DIRECTION('',(-2.607407032384E-16,-1.,0.));
#266 = ORIENTED_EDGE('',*,*,#267,.T.);
#267 = EDGE_CURVE('',#260,#268,#270,.T.);
#268 = VERTEX_POINT('',#269);
#269 = CARTESIAN_POINT('',(-6.257393908477E-16,-50.40636658821,40.));
#270 = LINE('',#271,#272);
#271 = CARTESIAN_POINT('',(10.913298494467,-44.10557076469,40.));
#272 = VECTOR('',#273,1.);
#273 = DIRECTION('',(-0.866025403784,-0.5,0.));
#274 = ORIENTED_EDGE('',*,*,#275,.T.);
#275 = EDGE_CURVE('',#268,#276,#278,.T.);
#276 = VERTEX_POINT('',#277);
#277 = CARTESIAN_POINT('',(-2.95,-48.7031832941,40.));
#278 = LINE('',#279,#280);
#279 = CARTESIAN_POINT('',(-12.38829849446,-43.25397911763,40.));
#280 = VECTOR('',#281,1.);
#281 = DIRECTION('',(-0.866025403784,0.5,0.));
#282 = ORIENTED_EDGE('',*,*,#283,.T.);
#283 = EDGE_CURVE('',#276,#242,#284,.T.);
#284 = LINE('',#285,#286);
#285 = CARTESIAN_POINT('',(-2.95,-22.64840835294,40.));
#286 = VECTOR('',#287,1.);
#287 = DIRECTION('',(-1.303703516192E-16,1.,0.));
#288 = FACE_BOUND('',#289,.F.);
#289 = EDGE_LOOP('',(#290));
#290 = ORIENTED_EDGE('',*,*,#291,.F.);
#291 = EDGE_CURVE('',#292,#292,#294,.T.);
#292 = VERTEX_POINT('',#293);
#293 = CARTESIAN_POINT('',(65.971843353823,-61.87184335382,40.));
#294 = CIRCLE('',#295,4.1);
#295 = AXIS2_PLACEMENT_3D('',#296,#297,#298);
#296 = CARTESIAN_POINT('',(61.871843353823,-61.87184335382,40.));
#297 = DIRECTION('',(0.,0.,1.));
#298 = DIRECTION('',(1.,0.,0.));
#299 = FACE_BOUND('',#300,.F.);
#300 = EDGE_LOOP('',(#301));
#301 = ORIENTED_EDGE('',*,*,#302,.F.);
#302 = EDGE_CURVE('',#303,#303,#305,.T.);
#303 = VERTEX_POINT('',#304);
#304 = CARTESIAN_POINT('',(2.25,-30.,40.));
#305 = CIRCLE('',#306,2.25);
#306 = AXIS2_PLACEMENT_3D('',#307,#308,#309);
#307 = CARTESIAN_POINT('',(0.,-30.,40.));
#308 = DIRECTION('',(0.,0.,1.));
#309 = DIRECTION('',(1.,0.,0.));
#310 = FACE_BOUND('',#311,.F.);
#311 = EDGE_LOOP('',(#312));
#312 = ORIENTED_EDGE('',*,*,#313,.F.);
#313 = EDGE_CURVE('',#314,#314,#316,.T.);
#314 = VERTEX_POINT('',#315);
#315 = CARTESIAN_POINT('',(36.,-30.,40.));
#316 = CIRCLE('',#317,6.);
#317 = AXIS2_PLACEMENT_3D('',#318,#319,#320);
#318 = CARTESIAN_POINT('',(30.,-30.,40.));
#319 = DIRECTION('',(0.,0.,1.));
#320 = DIRECTION('',(1.,0.,0.));
#321 = FACE_BOUND('',#322,.F.);
#322 = EDGE_LOOP('',(#323));
#323 = ORIENTED_EDGE('',*,*,#324,.F.);
#324 = EDGE_CURVE('',#325,#325,#327,.T.);
#325 = VERTEX_POINT('',#326);
#326 = CARTESIAN_POINT('',(-24.,30.,40.));
#327 = CIRCLE('',#328,6.);
#328 = AXIS2_PLACEMENT_3D('',#329,#330,#331);
#329 = CARTESIAN_POINT('',(-30.,30.,40.));
#330 = DIRECTION('',(0.,0.,1.));
#331 = DIRECTION('',(1.,0.,0.));
#332 = FACE_BOUND('',#333,.F.);
#333 = EDGE_LOOP('',(#334));
#334 = ORIENTED_EDGE('',*,*,#335,.F.);
#335 = EDGE_CURVE('',#336,#336,#338,.T.);
#336 = VERTEX_POINT('',#337);
#337 = CARTESIAN_POINT('',(-57.77184335382,61.871843353823,40.));
#338 = CIRCLE('',#339,4.1);
#339 = AXIS2_PLACEMENT_3D('',#340,#341,#342);
#340 = CARTESIAN_POINT('',(-61.87184335382,61.871843353823,40.));
#341 = DIRECTION('',(0.,0.,1.));
#342 = DIRECTION('',(1.,0.,0.));
#343 = FACE_BOUND('',#344,.F.);
#344 = EDGE_LOOP('',(#345,#355,#363,#371,#379,#387));
#345 = ORIENTED_EDGE('',*,*,#346,.T.);
#346 = EDGE_CURVE('',#347,#349,#351,.T.);
#347 = VERTEX_POINT('',#348);
#348 = CARTESIAN_POINT('',(-30.95,61.703183294109,40.));
#349 = VERTEX_POINT('',#350);
#350 = CARTESIAN_POINT('',(-28.,63.406366588219,40.));
#351 = LINE('',#352,#353);
#352 = CARTESIAN_POINT('',(-31.22788105676,61.542748591183,40.));
#353 = VECTOR('',#354,1.);
#354 = DIRECTION('',(0.866025403784,0.5,0.));
#355 = ORIENTED_EDGE('',*,*,#356,.T.);
#356 = EDGE_CURVE('',#349,#357,#359,.T.);
#357 = VERTEX_POINT('',#358);
#358 = CARTESIAN_POINT('',(-25.05,61.703183294109,40.));
#359 = LINE('',#360,#361);
#360 = CARTESIAN_POINT('',(-2.297118943233,48.566801291146,40.));
#361 = VECTOR('',#362,1.);
#362 = DIRECTION('',(0.866025403784,-0.5,0.));
#363 = ORIENTED_EDGE('',*,*,#364,.T.);
#364 = EDGE_CURVE('',#357,#365,#367,.T.);
#365 = VERTEX_POINT('',#366);
#366 = CARTESIAN_POINT('',(-25.05,58.296816705891,40.));
#367 = LINE('',#368,#369);
#368 = CARTESIAN_POINT('',(-25.05,29.148408352945,40.));
#369 = VECTOR('',#370,1.);
#370 = DIRECTION('',(-2.607407032384E-16,-1.,0.));
#371 = ORIENTED_EDGE('',*,*,#372,.T.);
#372 = EDGE_CURVE('',#365,#373,#375,.T.);
#373 = VERTEX_POINT('',#374);
#374 = CARTESIAN_POINT('',(-28.,56.593633411781,40.));
#375 = LINE('',#376,#377);
#376 = CARTESIAN_POINT('',(-29.75288105676,55.5816070618,40.));
#377 = VECTOR('',#378,1.);
#378 = DIRECTION('',(-0.866025403784,-0.5,0.));
#379 = ORIENTED_EDGE('',*,*,#380,.T.);
#380 = EDGE_CURVE('',#373,#381,#383,.T.);
#381 = VERTEX_POINT('',#382);
#382 = CARTESIAN_POINT('',(-30.95,58.296816705891,40.));
#383 = LINE('',#384,#385);
#384 = CARTESIAN_POINT('',(-6.722118943233,44.308843055872,40.));
#385 = VECTOR('',#386,1.);
#386 = DIRECTION('',(-0.866025403784,0.5,0.));
#387 = ORIENTED_EDGE('',*,*,#388,.T.);
#388 = EDGE_CURVE('',#381,#347,#389,.T.);
#389 = LINE('',#390,#391);
#390 = CARTESIAN_POINT('',(-30.95,30.851591647055,40.));
#391 = VECTOR('',#392,1.);
#392 = DIRECTION('',(-1.303703516192E-16,1.,0.));
#393 = FACE_BOUND('',#394,.F.);
#394 = EDGE_LOOP('',(#395,#405,#413,#421,#429,#437));
#395 = ORIENTED_EDGE('',*,*,#396,.T.);
#396 = EDGE_CURVE('',#397,#399,#401,.T.);
#397 = VERTEX_POINT('',#398);
#398 = CARTESIAN_POINT('',(-11.2,6.466323014924,40.));
#399 = VERTEX_POINT('',#400);
#400 = CARTESIAN_POINT('',(7.918961782479E-16,12.932646029848,40.));
#401 = LINE('',#402,#403);
#402 = CARTESIAN_POINT('',(-2.8,11.316065276117,40.));
#403 = VECTOR('',#404,1.);
#404 = DIRECTION('',(0.866025403784,0.5,0.));
#405 = ORIENTED_EDGE('',*,*,#406,.T.);
#406 = EDGE_CURVE('',#399,#407,#409,.T.);
#407 = VERTEX_POINT('',#408);
#408 = CARTESIAN_POINT('',(11.2,6.466323014924,40.));
#409 = LINE('',#410,#411);
#410 = CARTESIAN_POINT('',(8.4,8.082903768655,40.));
#411 = VECTOR('',#412,1.);
#412 = DIRECTION('',(0.866025403784,-0.5,0.));
#413 = ORIENTED_EDGE('',*,*,#414,.T.);
#414 = EDGE_CURVE('',#407,#415,#417,.T.);
#415 = VERTEX_POINT('',#416);
#416 = CARTESIAN_POINT('',(11.2,-6.466323014924,40.));
#417 = LINE('',#418,#419);
#418 = CARTESIAN_POINT('',(11.2,-3.233161507462,40.));
#419 = VECTOR('',#420,1.);
#420 = DIRECTION('',(-2.747089551977E-16,-1.,0.));
#421 = ORIENTED_EDGE('',*,*,#422,.T.);
#422 = EDGE_CURVE('',#415,#423,#425,.T.);
#423 = VERTEX_POINT('',#424);
#424 = CARTESIAN_POINT('',(-2.375688534744E-15,-12.93264602984,40.));
#425 = LINE('',#426,#427);
#426 = CARTESIAN_POINT('',(2.8,-11.31606527611,40.));
#427 = VECTOR('',#428,1.);
#428 = DIRECTION('',(-0.866025403784,-0.5,0.));
#429 = ORIENTED_EDGE('',*,*,#430,.T.);
#430 = EDGE_CURVE('',#423,#431,#433,.T.);
#431 = VERTEX_POINT('',#432);
#432 = CARTESIAN_POINT('',(-11.2,-6.466323014924,40.));
#433 = LINE('',#434,#435);
#434 = CARTESIAN_POINT('',(-8.4,-8.082903768655,40.));
#435 = VECTOR('',#436,1.);
#436 = DIRECTION('',(-0.866025403784,0.5,0.));
#437 = ORIENTED_EDGE('',*,*,#438,.T.);
#438 = EDGE_CURVE('',#431,#397,#439,.T.);
#439 = LINE('',#440,#441);
#440 = CARTESIAN_POINT('',(-11.2,3.233161507462,40.));
#441 = VECTOR('',#442,1.);
#442 = DIRECTION('',(-1.373544775988E-16,1.,0.));
#443 = FACE_BOUND('',#444,.F.);
#444 = EDGE_LOOP('',(#445));
#445 = ORIENTED_EDGE('',*,*,#446,.F.);
#446 = EDGE_CURVE('',#447,#447,#449,.T.);
#447 = VERTEX_POINT('',#448);
#448 = CARTESIAN_POINT('',(7.,60.,40.));
#449 = CIRCLE('',#450,7.);
#450 = AXIS2_PLACEMENT_3D('',#451,#452,#453);
#451 = CARTESIAN_POINT('',(0.,60.,40.));
#452 = DIRECTION('',(0.,0.,1.));
#453 = DIRECTION('',(1.,0.,0.));
#454 = FACE_BOUND('',#455,.F.);
#455 = EDGE_LOOP('',(#456,#466,#474,#482,#490,#498));
#456 = ORIENTED_EDGE('',*,*,#457,.T.);
#457 = EDGE_CURVE('',#458,#460,#462,.T.);
#458 = VERTEX_POINT('',#459);
#459 = CARTESIAN_POINT('',(25.05,61.703183294109,40.));
#460 = VERTEX_POINT('',#461);
#461 = CARTESIAN_POINT('',(28.,63.406366588219,40.));
#462 = LINE('',#463,#464);
#463 = CARTESIAN_POINT('',(3.772118943233,49.4183929382,40.));
#464 = VECTOR('',#465,1.);
#465 = DIRECTION('',(0.866025403784,0.5,0.));
#466 = ORIENTED_EDGE('',*,*,#467,.T.);
#467 = EDGE_CURVE('',#460,#468,#470,.T.);
#468 = VERTEX_POINT('',#469);
#469 = CARTESIAN_POINT('',(30.95,61.703183294109,40.));
#470 = LINE('',#471,#472);
#471 = CARTESIAN_POINT('',(32.702881056767,60.691156944128,40.));
#472 = VECTOR('',#473,1.);
#473 = DIRECTION('',(0.866025403784,-0.5,0.));
#474 = ORIENTED_EDGE('',*,*,#475,.T.);
#475 = EDGE_CURVE('',#468,#476,#478,.T.);
#476 = VERTEX_POINT('',#477);
#477 = CARTESIAN_POINT('',(30.95,58.296816705891,40.));
#478 = LINE('',#479,#480);
#479 = CARTESIAN_POINT('',(30.95,29.148408352945,40.));
#480 = VECTOR('',#481,1.);
#481 = DIRECTION('',(-2.607407032384E-16,-1.,0.));
#482 = ORIENTED_EDGE('',*,*,#483,.T.);
#483 = EDGE_CURVE('',#476,#484,#486,.T.);
#484 = VERTEX_POINT('',#485);
#485 = CARTESIAN_POINT('',(28.,56.593633411781,40.));
#486 = LINE('',#487,#488);
#487 = CARTESIAN_POINT('',(5.247118943233,43.457251408817,40.));
#488 = VECTOR('',#489,1.);
#489 = DIRECTION('',(-0.866025403784,-0.5,0.));
#490 = ORIENTED_EDGE('',*,*,#491,.T.);
#491 = EDGE_CURVE('',#484,#492,#494,.T.);
#492 = VERTEX_POINT('',#493);
#493 = CARTESIAN_POINT('',(25.05,58.296816705891,40.));
#494 = LINE('',#495,#496);
#495 = CARTESIAN_POINT('',(28.277881056767,56.433198708854,40.));
#496 = VECTOR('',#497,1.);
#497 = DIRECTION('',(-0.866025403784,0.5,0.));
#498 = ORIENTED_EDGE('',*,*,#499,.T.);
#499 = EDGE_CURVE('',#492,#458,#500,.T.);
#500 = LINE('',#501,#502);
#501 = CARTESIAN_POINT('',(25.05,30.851591647055,40.));
#502 = VECTOR('',#503,1.);
#503 = DIRECTION('',(-1.303703516192E-16,1.,0.));
#504 = FACE_BOUND('',#505,.F.);
#505 = EDGE_LOOP('',(#506));
#506 = ORIENTED_EDGE('',*,*,#507,.F.);
#507 = EDGE_CURVE('',#508,#508,#510,.T.);
#508 = VERTEX_POINT('',#509);
#509 = CARTESIAN_POINT('',(65.971843353823,61.871843353823,40.));
#510 = CIRCLE('',#511,4.1);
#511 = AXIS2_PLACEMENT_3D('',#512,#513,#514);
#512 = CARTESIAN_POINT('',(61.871843353823,61.871843353823,40.));
#513 = DIRECTION('',(0.,0.,1.));
#514 = DIRECTION('',(1.,0.,0.));
#515 = PLANE('',#516);
#516 = AXIS2_PLACEMENT_3D('',#517,#518,#519);
#517 = CARTESIAN_POINT('',(0.,0.,40.));
#518 = DIRECTION('',(0.,0.,1.));
#519 = DIRECTION('',(1.,0.,0.));
#520 = ADVANCED_FACE('',(#521,#524,#535,#546,#557,#623,#634,#645,#656,
    #667,#678,#689,#723,#734),#745,.T.);
#521 = FACE_BOUND('',#522,.T.);
#522 = EDGE_LOOP('',(#523));
#523 = ORIENTED_EDGE('',*,*,#127,.T.);
#524 = FACE_BOUND('',#525,.T.);
#525 = EDGE_LOOP('',(#526));
#526 = ORIENTED_EDGE('',*,*,#527,.F.);
#527 = EDGE_CURVE('',#528,#528,#530,.T.);
#528 = VERTEX_POINT('',#529);
#529 = CARTESIAN_POINT('',(-59.62184335382,-61.87184335382,70.));
#530 = CIRCLE('',#531,2.25);
#531 = AXIS2_PLACEMENT_3D('',#532,#533,#534);
#532 = CARTESIAN_POINT('',(-61.87184335382,-61.87184335382,70.));
#533 = DIRECTION('',(0.,0.,1.));
#534 = DIRECTION('',(1.,0.,0.));
#535 = FACE_BOUND('',#536,.T.);
#536 = EDGE_LOOP('',(#537));
#537 = ORIENTED_EDGE('',*,*,#538,.T.);
#538 = EDGE_CURVE('',#539,#539,#541,.T.);
#539 = VERTEX_POINT('',#540);
#540 = CARTESIAN_POINT('',(-33.35,-60.,70.));
#541 = CIRCLE('',#542,3.35);
#542 = AXIS2_PLACEMENT_3D('',#543,#544,#545);
#543 = CARTESIAN_POINT('',(-30.,-60.,70.));
#544 = DIRECTION('',(0.,0.,-1.));
#545 = DIRECTION('',(-1.,0.,0.));
#546 = FACE_BOUND('',#547,.T.);
#547 = EDGE_LOOP('',(#548));
#548 = ORIENTED_EDGE('',*,*,#549,.T.);
#549 = EDGE_CURVE('',#550,#550,#552,.T.);
#550 = VERTEX_POINT('',#551);
#551 = CARTESIAN_POINT('',(26.65,-60.,70.));
#552 = CIRCLE('',#553,3.35);
#553 = AXIS2_PLACEMENT_3D('',#554,#555,#556);
#554 = CARTESIAN_POINT('',(30.,-60.,70.));
#555 = DIRECTION('',(0.,0.,-1.));
#556 = DIRECTION('',(-1.,0.,0.));
#557 = FACE_BOUND('',#558,.T.);
#558 = EDGE_LOOP('',(#559,#569,#577,#585,#593,#601,#609,#617));
#559 = ORIENTED_EDGE('',*,*,#560,.F.);
#560 = EDGE_CURVE('',#561,#563,#565,.T.);
#561 = VERTEX_POINT('',#562);
#562 = CARTESIAN_POINT('',(11.,-77.,70.));
#563 = VERTEX_POINT('',#564);
#564 = CARTESIAN_POINT('',(11.,-43.,70.));
#565 = LINE('',#566,#567);
#566 = CARTESIAN_POINT('',(11.,-38.5,70.));
#567 = VECTOR('',#568,1.);
#568 = DIRECTION('',(0.,1.,0.));
#569 = ORIENTED_EDGE('',*,*,#570,.T.);
#570 = EDGE_CURVE('',#561,#571,#573,.T.);
#571 = VERTEX_POINT('',#572);
#572 = CARTESIAN_POINT('',(-11.,-77.,70.));
#573 = LINE('',#574,#575);
#574 = CARTESIAN_POINT('',(-5.5,-77.,70.));
#575 = VECTOR('',#576,1.);
#576 = DIRECTION('',(-1.,0.,0.));
#577 = ORIENTED_EDGE('',*,*,#578,.T.);
#578 = EDGE_CURVE('',#571,#579,#581,.T.);
#579 = VERTEX_POINT('',#580);
#580 = CARTESIAN_POINT('',(-11.,-43.,70.));
#581 = LINE('',#582,#583);
#582 = CARTESIAN_POINT('',(-11.,-38.5,70.));
#583 = VECTOR('',#584,1.);
#584 = DIRECTION('',(0.,1.,0.));
#585 = ORIENTED_EDGE('',*,*,#586,.F.);
#586 = EDGE_CURVE('',#587,#579,#589,.T.);
#587 = VERTEX_POINT('',#588);
#588 = CARTESIAN_POINT('',(-4.,-43.,70.));
#589 = LINE('',#590,#591);
#590 = CARTESIAN_POINT('',(-5.5,-43.,70.));
#591 = VECTOR('',#592,1.);
#592 = DIRECTION('',(-1.,0.,0.));
#593 = ORIENTED_EDGE('',*,*,#594,.T.);
#594 = EDGE_CURVE('',#587,#595,#597,.T.);
#595 = VERTEX_POINT('',#596);
#596 = CARTESIAN_POINT('',(-4.,-16.,70.));
#597 = LINE('',#598,#599);
#598 = CARTESIAN_POINT('',(-4.,-23.,70.));
#599 = VECTOR('',#600,1.);
#600 = DIRECTION('',(0.,1.,0.));
#601 = ORIENTED_EDGE('',*,*,#602,.F.);
#602 = EDGE_CURVE('',#603,#595,#605,.T.);
#603 = VERTEX_POINT('',#604);
#604 = CARTESIAN_POINT('',(4.,-16.,70.));
#605 = LINE('',#606,#607);
#606 = CARTESIAN_POINT('',(-2.,-16.,70.));
#607 = VECTOR('',#608,1.);
#608 = DIRECTION('',(-1.,0.,0.));
#609 = ORIENTED_EDGE('',*,*,#610,.F.);
#610 = EDGE_CURVE('',#611,#603,#613,.T.);
#611 = VERTEX_POINT('',#612);
#612 = CARTESIAN_POINT('',(4.,-43.,70.));
#613 = LINE('',#614,#615);
#614 = CARTESIAN_POINT('',(4.,-23.,70.));
#615 = VECTOR('',#616,1.);
#616 = DIRECTION('',(0.,1.,0.));
#617 = ORIENTED_EDGE('',*,*,#618,.F.);
#618 = EDGE_CURVE('',#563,#611,#619,.T.);
#619 = LINE('',#620,#621);
#620 = CARTESIAN_POINT('',(-5.5,-43.,70.));
#621 = VECTOR('',#622,1.);
#622 = DIRECTION('',(-1.,0.,0.));
#623 = FACE_BOUND('',#624,.T.);
#624 = EDGE_LOOP('',(#625));
#625 = ORIENTED_EDGE('',*,*,#626,.F.);
#626 = EDGE_CURVE('',#627,#627,#629,.T.);
#627 = VERTEX_POINT('',#628);
#628 = CARTESIAN_POINT('',(64.121843353823,-61.87184335382,70.));
#629 = CIRCLE('',#630,2.25);
#630 = AXIS2_PLACEMENT_3D('',#631,#632,#633);
#631 = CARTESIAN_POINT('',(61.871843353823,-61.87184335382,70.));
#632 = DIRECTION('',(0.,0.,1.));
#633 = DIRECTION('',(1.,0.,0.));
#634 = FACE_BOUND('',#635,.T.);
#635 = EDGE_LOOP('',(#636));
#636 = ORIENTED_EDGE('',*,*,#637,.F.);
#637 = EDGE_CURVE('',#638,#638,#640,.T.);
#638 = VERTEX_POINT('',#639);
#639 = CARTESIAN_POINT('',(36.,-30.,70.));
#640 = CIRCLE('',#641,6.);
#641 = AXIS2_PLACEMENT_3D('',#642,#643,#644);
#642 = CARTESIAN_POINT('',(30.,-30.,70.));
#643 = DIRECTION('',(0.,0.,1.));
#644 = DIRECTION('',(1.,0.,0.));
#645 = FACE_BOUND('',#646,.T.);
#646 = EDGE_LOOP('',(#647));
#647 = ORIENTED_EDGE('',*,*,#648,.F.);
#648 = EDGE_CURVE('',#649,#649,#651,.T.);
#649 = VERTEX_POINT('',#650);
#650 = CARTESIAN_POINT('',(4.5,-1.102182119233E-15,70.));
#651 = CIRCLE('',#652,4.5);
#652 = AXIS2_PLACEMENT_3D('',#653,#654,#655);
#653 = CARTESIAN_POINT('',(0.,0.,70.));
#654 = DIRECTION('',(0.,0.,1.));
#655 = DIRECTION('',(1.,0.,0.));
#656 = FACE_BOUND('',#657,.T.);
#657 = EDGE_LOOP('',(#658));
#658 = ORIENTED_EDGE('',*,*,#659,.F.);
#659 = EDGE_CURVE('',#660,#660,#662,.T.);
#660 = VERTEX_POINT('',#661);
#661 = CARTESIAN_POINT('',(-24.,30.,70.));
#662 = CIRCLE('',#663,6.);
#663 = AXIS2_PLACEMENT_3D('',#664,#665,#666);
#664 = CARTESIAN_POINT('',(-30.,30.,70.));
#665 = DIRECTION('',(0.,0.,1.));
#666 = DIRECTION('',(1.,0.,0.));
#667 = FACE_BOUND('',#668,.T.);
#668 = EDGE_LOOP('',(#669));
#669 = ORIENTED_EDGE('',*,*,#670,.F.);
#670 = EDGE_CURVE('',#671,#671,#673,.T.);
#671 = VERTEX_POINT('',#672);
#672 = CARTESIAN_POINT('',(-59.62184335382,61.871843353823,70.));
#673 = CIRCLE('',#674,2.25);
#674 = AXIS2_PLACEMENT_3D('',#675,#676,#677);
#675 = CARTESIAN_POINT('',(-61.87184335382,61.871843353823,70.));
#676 = DIRECTION('',(0.,0.,1.));
#677 = DIRECTION('',(1.,0.,0.));
#678 = FACE_BOUND('',#679,.T.);
#679 = EDGE_LOOP('',(#680));
#680 = ORIENTED_EDGE('',*,*,#681,.T.);
#681 = EDGE_CURVE('',#682,#682,#684,.T.);
#682 = VERTEX_POINT('',#683);
#683 = CARTESIAN_POINT('',(-29.7,60.,70.));
#684 = CIRCLE('',#685,1.7);
#685 = AXIS2_PLACEMENT_3D('',#686,#687,#688);
#686 = CARTESIAN_POINT('',(-28.,60.,70.));
#687 = DIRECTION('',(0.,0.,-1.));
#688 = DIRECTION('',(-1.,0.,0.));
#689 = FACE_BOUND('',#690,.T.);
#690 = EDGE_LOOP('',(#691,#701,#709,#717));
#691 = ORIENTED_EDGE('',*,*,#692,.T.);
#692 = EDGE_CURVE('',#693,#695,#697,.T.);
#693 = VERTEX_POINT('',#694);
#694 = CARTESIAN_POINT('',(20.5,39.5,70.));
#695 = VERTEX_POINT('',#696);
#696 = CARTESIAN_POINT('',(-20.5,39.5,70.));
#697 = LINE('',#698,#699);
#698 = CARTESIAN_POINT('',(-10.25,39.5,70.));
#699 = VECTOR('',#700,1.);
#700 = DIRECTION('',(-1.,0.,0.));
#701 = ORIENTED_EDGE('',*,*,#702,.T.);
#702 = EDGE_CURVE('',#695,#703,#705,.T.);
#703 = VERTEX_POINT('',#704);
#704 = CARTESIAN_POINT('',(-20.5,80.5,70.));
#705 = LINE('',#706,#707);
#706 = CARTESIAN_POINT('',(-20.5,19.75,70.));
#707 = VECTOR('',#708,1.);
#708 = DIRECTION('',(0.,1.,0.));
#709 = ORIENTED_EDGE('',*,*,#710,.F.);
#710 = EDGE_CURVE('',#711,#703,#713,.T.);
#711 = VERTEX_POINT('',#712);
#712 = CARTESIAN_POINT('',(20.5,80.5,70.));
#713 = LINE('',#714,#715);
#714 = CARTESIAN_POINT('',(-10.25,80.5,70.));
#715 = VECTOR('',#716,1.);
#716 = DIRECTION('',(-1.,0.,0.));
#717 = ORIENTED_EDGE('',*,*,#718,.F.);
#718 = EDGE_CURVE('',#693,#711,#719,.T.);
#719 = LINE('',#720,#721);
#720 = CARTESIAN_POINT('',(20.5,19.75,70.));
#721 = VECTOR('',#722,1.);
#722 = DIRECTION('',(0.,1.,0.));
#723 = FACE_BOUND('',#724,.T.);
#724 = EDGE_LOOP('',(#725));
#725 = ORIENTED_EDGE('',*,*,#726,.T.);
#726 = EDGE_CURVE('',#727,#727,#729,.T.);
#727 = VERTEX_POINT('',#728);
#728 = CARTESIAN_POINT('',(26.3,60.,70.));
#729 = CIRCLE('',#730,1.7);
#730 = AXIS2_PLACEMENT_3D('',#731,#732,#733);
#731 = CARTESIAN_POINT('',(28.,60.,70.));
#732 = DIRECTION('',(0.,0.,-1.));
#733 = DIRECTION('',(-1.,0.,0.));
#734 = FACE_BOUND('',#735,.T.);
#735 = EDGE_LOOP('',(#736));
#736 = ORIENTED_EDGE('',*,*,#737,.F.);
#737 = EDGE_CURVE('',#738,#738,#740,.T.);
#738 = VERTEX_POINT('',#739);
#739 = CARTESIAN_POINT('',(64.121843353823,61.871843353823,70.));
#740 = CIRCLE('',#741,2.25);
#741 = AXIS2_PLACEMENT_3D('',#742,#743,#744);
#742 = CARTESIAN_POINT('',(61.871843353823,61.871843353823,70.));
#743 = DIRECTION('',(0.,0.,1.));
#744 = DIRECTION('',(1.,0.,0.));
#745 = PLANE('',#746);
#746 = AXIS2_PLACEMENT_3D('',#747,#748,#749);
#747 = CARTESIAN_POINT('',(0.,0.,70.));
#748 = DIRECTION('',(0.,0.,1.));
#749 = DIRECTION('',(1.,0.,0.));
#750 = ADVANCED_FACE('',(#751),#770,.F.);
#751 = FACE_BOUND('',#752,.F.);
#752 = EDGE_LOOP('',(#753,#762,#768,#769));
#753 = ORIENTED_EDGE('',*,*,#754,.F.);
#754 = EDGE_CURVE('',#755,#755,#757,.T.);
#755 = VERTEX_POINT('',#756);
#756 = CARTESIAN_POINT('',(-57.77184335382,-61.87184335382,48.01));
#757 = CIRCLE('',#758,4.1);
#758 = AXIS2_PLACEMENT_3D('',#759,#760,#761);
#759 = CARTESIAN_POINT('',(-61.87184335382,-61.87184335382,48.01));
#760 = DIRECTION('',(0.,0.,1.));
#761 = DIRECTION('',(1.,0.,0.));
#762 = ORIENTED_EDGE('',*,*,#763,.F.);
#763 = EDGE_CURVE('',#148,#755,#764,.T.);
#764 = LINE('',#765,#766);
#765 = CARTESIAN_POINT('',(-57.77184335382,-61.87184335382,40.));
#766 = VECTOR('',#767,1.);
#767 = DIRECTION('',(0.,0.,1.));
#768 = ORIENTED_EDGE('',*,*,#147,.T.);
#769 = ORIENTED_EDGE('',*,*,#763,.T.);
#770 = CYLINDRICAL_SURFACE('',#771,4.1);
#771 = AXIS2_PLACEMENT_3D('',#772,#773,#774);
#772 = CARTESIAN_POINT('',(-61.87184335382,-61.87184335382,40.));
#773 = DIRECTION('',(0.,0.,1.));
#774 = DIRECTION('',(1.,0.,0.));
#775 = ADVANCED_FACE('',(#776),#795,.F.);
#776 = FACE_BOUND('',#777,.F.);
#777 = EDGE_LOOP('',(#778,#786,#787,#788));
#778 = ORIENTED_EDGE('',*,*,#779,.T.);
#779 = EDGE_CURVE('',#780,#159,#782,.T.);
#780 = VERTEX_POINT('',#781);
#781 = CARTESIAN_POINT('',(-31.7,-60.,66.49));
#782 = LINE('',#783,#784);
#783 = CARTESIAN_POINT('',(-31.7,-60.,66.51));
#784 = VECTOR('',#785,1.);
#785 = DIRECTION('',(0.,0.,-1.));
#786 = ORIENTED_EDGE('',*,*,#158,.F.);
#787 = ORIENTED_EDGE('',*,*,#779,.F.);
#788 = ORIENTED_EDGE('',*,*,#789,.T.);
#789 = EDGE_CURVE('',#780,#780,#790,.T.);
#790 = CIRCLE('',#791,1.7);
#791 = AXIS2_PLACEMENT_3D('',#792,#793,#794);
#792 = CARTESIAN_POINT('',(-30.,-60.,66.49));
#793 = DIRECTION('',(0.,0.,-1.));
#794 = DIRECTION('',(-1.,0.,0.));
#795 = CYLINDRICAL_SURFACE('',#796,1.7);
#796 = AXIS2_PLACEMENT_3D('',#797,#798,#799);
#797 = CARTESIAN_POINT('',(-30.,-60.,66.51));
#798 = DIRECTION('',(0.,0.,-1.));
#799 = DIRECTION('',(-1.,0.,0.));
#800 = ADVANCED_FACE('',(#801),#826,.T.);
#801 = FACE_BOUND('',#802,.T.);
#802 = EDGE_LOOP('',(#803,#804,#812,#820));
#803 = ORIENTED_EDGE('',*,*,#169,.T.);
#804 = ORIENTED_EDGE('',*,*,#805,.T.);
#805 = EDGE_CURVE('',#172,#806,#808,.T.);
#806 = VERTEX_POINT('',#807);
#807 = CARTESIAN_POINT('',(2.085797969492E-16,-69.59363341178,43.29));
#808 = LINE('',#809,#810);
#809 = CARTESIAN_POINT('',(2.085797969492E-16,-69.59363341178,39.99));
#810 = VECTOR('',#811,1.);
#811 = DIRECTION('',(0.,0.,1.));
#812 = ORIENTED_EDGE('',*,*,#813,.T.);
#813 = EDGE_CURVE('',#806,#814,#816,.T.);
#814 = VERTEX_POINT('',#815);
#815 = CARTESIAN_POINT('',(-2.95,-71.29681670589,43.29));
#816 = LINE('',#817,#818);
#817 = CARTESIAN_POINT('',(2.085797969492E-16,-69.59363341178,43.29));
#818 = VECTOR('',#819,1.);
#819 = DIRECTION('',(-0.866025403784,-0.5,0.));
#820 = ORIENTED_EDGE('',*,*,#821,.F.);
#821 = EDGE_CURVE('',#170,#814,#822,.T.);
#822 = LINE('',#823,#824);
#823 = CARTESIAN_POINT('',(-2.95,-71.29681670589,39.99));
#824 = VECTOR('',#825,1.);
#825 = DIRECTION('',(0.,0.,1.));
#826 = PLANE('',#827);
#827 = AXIS2_PLACEMENT_3D('',#828,#829,#830);
#828 = CARTESIAN_POINT('',(2.085797969492E-16,-69.59363341178,39.99));
#829 = DIRECTION('',(0.5,-0.866025403784,0.));
#830 = DIRECTION('',(-0.866025403784,-0.5,0.));
#831 = ADVANCED_FACE('',(#832),#850,.T.);
#832 = FACE_BOUND('',#833,.T.);
#833 = EDGE_LOOP('',(#834,#835,#836,#844));
#834 = ORIENTED_EDGE('',*,*,#211,.T.);
#835 = ORIENTED_EDGE('',*,*,#821,.T.);
#836 = ORIENTED_EDGE('',*,*,#837,.T.);
#837 = EDGE_CURVE('',#814,#838,#840,.T.);
#838 = VERTEX_POINT('',#839);
#839 = CARTESIAN_POINT('',(-2.95,-74.7031832941,43.29));
#840 = LINE('',#841,#842);
#841 = CARTESIAN_POINT('',(-2.95,-71.29681670589,43.29));
#842 = VECTOR('',#843,1.);
#843 = DIRECTION('',(1.303703516192E-16,-1.,0.));
#844 = ORIENTED_EDGE('',*,*,#845,.F.);
#845 = EDGE_CURVE('',#204,#838,#846,.T.);
#846 = LINE('',#847,#848);
#847 = CARTESIAN_POINT('',(-2.95,-74.7031832941,39.99));
#848 = VECTOR('',#849,1.);
#849 = DIRECTION('',(0.,0.,1.));
#850 = PLANE('',#851);
#851 = AXIS2_PLACEMENT_3D('',#852,#853,#854);
#852 = CARTESIAN_POINT('',(-2.95,-71.29681670589,39.99));
#853 = DIRECTION('',(1.,1.303703516192E-16,0.));
#854 = DIRECTION('',(1.303703516192E-16,-1.,0.));
#855 = ADVANCED_FACE('',(#856),#874,.T.);
#856 = FACE_BOUND('',#857,.T.);
#857 = EDGE_LOOP('',(#858,#859,#867,#873));
#858 = ORIENTED_EDGE('',*,*,#179,.T.);
#859 = ORIENTED_EDGE('',*,*,#860,.T.);
#860 = EDGE_CURVE('',#180,#861,#863,.T.);
#861 = VERTEX_POINT('',#862);
#862 = CARTESIAN_POINT('',(2.95,-71.29681670589,43.29));
#863 = LINE('',#864,#865);
#864 = CARTESIAN_POINT('',(2.95,-71.29681670589,39.99));
#865 = VECTOR('',#866,1.);
#866 = DIRECTION('',(0.,0.,1.));
#867 = ORIENTED_EDGE('',*,*,#868,.T.);
#868 = EDGE_CURVE('',#861,#806,#869,.T.);
#869 = LINE('',#870,#871);
#870 = CARTESIAN_POINT('',(2.95,-71.29681670589,43.29));
#871 = VECTOR('',#872,1.);
#872 = DIRECTION('',(-0.866025403784,0.5,0.));
#873 = ORIENTED_EDGE('',*,*,#805,.F.);
#874 = PLANE('',#875);
#875 = AXIS2_PLACEMENT_3D('',#876,#877,#878);
#876 = CARTESIAN_POINT('',(2.95,-71.29681670589,39.99));
#877 = DIRECTION('',(-0.5,-0.866025403784,0.));
#878 = DIRECTION('',(-0.866025403784,0.5,0.));
#879 = ADVANCED_FACE('',(#880),#898,.T.);
#880 = FACE_BOUND('',#881,.T.);
#881 = EDGE_LOOP('',(#882,#883,#884,#892));
#882 = ORIENTED_EDGE('',*,*,#203,.T.);
#883 = ORIENTED_EDGE('',*,*,#845,.T.);
#884 = ORIENTED_EDGE('',*,*,#885,.T.);
#885 = EDGE_CURVE('',#838,#886,#888,.T.);
#886 = VERTEX_POINT('',#887);
#887 = CARTESIAN_POINT('',(-6.257393908477E-16,-76.40636658821,43.29));
#888 = LINE('',#889,#890);
#889 = CARTESIAN_POINT('',(-2.95,-74.7031832941,43.29));
#890 = VECTOR('',#891,1.);
#891 = DIRECTION('',(0.866025403784,-0.5,0.));
#892 = ORIENTED_EDGE('',*,*,#893,.F.);
#893 = EDGE_CURVE('',#196,#886,#894,.T.);
#894 = LINE('',#895,#896);
#895 = CARTESIAN_POINT('',(-6.257393908477E-16,-76.40636658821,39.99));
#896 = VECTOR('',#897,1.);
#897 = DIRECTION('',(0.,0.,1.));
#898 = PLANE('',#899);
#899 = AXIS2_PLACEMENT_3D('',#900,#901,#902);
#900 = CARTESIAN_POINT('',(-2.95,-74.7031832941,39.99));
#901 = DIRECTION('',(0.5,0.866025403784,0.));
#902 = DIRECTION('',(0.866025403784,-0.5,0.));
#903 = ADVANCED_FACE('',(#904),#922,.T.);
#904 = FACE_BOUND('',#905,.T.);
#905 = EDGE_LOOP('',(#906,#907,#915,#921));
#906 = ORIENTED_EDGE('',*,*,#187,.T.);
#907 = ORIENTED_EDGE('',*,*,#908,.T.);
#908 = EDGE_CURVE('',#188,#909,#911,.T.);
#909 = VERTEX_POINT('',#910);
#910 = CARTESIAN_POINT('',(2.95,-74.7031832941,43.29));
#911 = LINE('',#912,#913);
#912 = CARTESIAN_POINT('',(2.95,-74.7031832941,39.99));
#913 = VECTOR('',#914,1.);
#914 = DIRECTION('',(0.,0.,1.));
#915 = ORIENTED_EDGE('',*,*,#916,.T.);
#916 = EDGE_CURVE('',#909,#861,#917,.T.);
#917 = LINE('',#918,#919);
#918 = CARTESIAN_POINT('',(2.95,-74.7031832941,43.29));
#919 = VECTOR('',#920,1.);
#920 = DIRECTION('',(2.607407032384E-16,1.,0.));
#921 = ORIENTED_EDGE('',*,*,#860,.F.);
#922 = PLANE('',#923);
#923 = AXIS2_PLACEMENT_3D('',#924,#925,#926);
#924 = CARTESIAN_POINT('',(2.95,-74.7031832941,39.99));
#925 = DIRECTION('',(-1.,2.607407032384E-16,0.));
#926 = DIRECTION('',(2.607407032384E-16,1.,0.));
#927 = ADVANCED_FACE('',(#928),#939,.T.);
#928 = FACE_BOUND('',#929,.T.);
#929 = EDGE_LOOP('',(#930,#931,#932,#938));
#930 = ORIENTED_EDGE('',*,*,#195,.T.);
#931 = ORIENTED_EDGE('',*,*,#893,.T.);
#932 = ORIENTED_EDGE('',*,*,#933,.T.);
#933 = EDGE_CURVE('',#886,#909,#934,.T.);
#934 = LINE('',#935,#936);
#935 = CARTESIAN_POINT('',(-6.257393908477E-16,-76.40636658821,43.29));
#936 = VECTOR('',#937,1.);
#937 = DIRECTION('',(0.866025403784,0.5,0.));
#938 = ORIENTED_EDGE('',*,*,#908,.F.);
#939 = PLANE('',#940);
#940 = AXIS2_PLACEMENT_3D('',#941,#942,#943);
#941 = CARTESIAN_POINT('',(-6.257393908477E-16,-76.40636658821,39.99));
#942 = DIRECTION('',(-0.5,0.866025403784,0.));
#943 = DIRECTION('',(0.866025403784,0.5,0.));
#944 = ADVANCED_FACE('',(#945),#964,.F.);
#945 = FACE_BOUND('',#946,.F.);
#946 = EDGE_LOOP('',(#947,#955,#962,#963));
#947 = ORIENTED_EDGE('',*,*,#948,.T.);
#948 = EDGE_CURVE('',#220,#949,#951,.T.);
#949 = VERTEX_POINT('',#950);
#950 = CARTESIAN_POINT('',(4.2,-60.,46.));
#951 = LINE('',#952,#953);
#952 = CARTESIAN_POINT('',(4.2,-60.,39.5));
#953 = VECTOR('',#954,1.);
#954 = DIRECTION('',(0.,0.,1.));
#955 = ORIENTED_EDGE('',*,*,#956,.F.);
#956 = EDGE_CURVE('',#949,#949,#957,.T.);
#957 = CIRCLE('',#958,4.2);
#958 = AXIS2_PLACEMENT_3D('',#959,#960,#961);
#959 = CARTESIAN_POINT('',(0.,-60.,46.));
#960 = DIRECTION('',(0.,0.,1.));
#961 = DIRECTION('',(1.,0.,0.));
#962 = ORIENTED_EDGE('',*,*,#948,.F.);
#963 = ORIENTED_EDGE('',*,*,#219,.T.);
#964 = CYLINDRICAL_SURFACE('',#965,4.2);
#965 = AXIS2_PLACEMENT_3D('',#966,#967,#968);
#966 = CARTESIAN_POINT('',(0.,-60.,39.5));
#967 = DIRECTION('',(0.,0.,1.));
#968 = DIRECTION('',(1.,0.,0.));
#969 = ADVANCED_FACE('',(#970),#989,.F.);
#970 = FACE_BOUND('',#971,.F.);
#971 = EDGE_LOOP('',(#972,#980,#981,#982));
#972 = ORIENTED_EDGE('',*,*,#973,.T.);
#973 = EDGE_CURVE('',#974,#231,#976,.T.);
#974 = VERTEX_POINT('',#975);
#975 = CARTESIAN_POINT('',(28.3,-60.,66.49));
#976 = LINE('',#977,#978);
#977 = CARTESIAN_POINT('',(28.3,-60.,66.51));
#978 = VECTOR('',#979,1.);
#979 = DIRECTION('',(0.,0.,-1.));
#980 = ORIENTED_EDGE('',*,*,#230,.F.);
#981 = ORIENTED_EDGE('',*,*,#973,.F.);
#982 = ORIENTED_EDGE('',*,*,#983,.T.);
#983 = EDGE_CURVE('',#974,#974,#984,.T.);
#984 = CIRCLE('',#985,1.7);
#985 = AXIS2_PLACEMENT_3D('',#986,#987,#988);
#986 = CARTESIAN_POINT('',(30.,-60.,66.49));
#987 = DIRECTION('',(0.,0.,-1.));
#988 = DIRECTION('',(-1.,0.,0.));
#989 = CYLINDRICAL_SURFACE('',#990,1.7);
#990 = AXIS2_PLACEMENT_3D('',#991,#992,#993);
#991 = CARTESIAN_POINT('',(30.,-60.,66.51));
#992 = DIRECTION('',(0.,0.,-1.));
#993 = DIRECTION('',(-1.,0.,0.));
#994 = ADVANCED_FACE('',(#995),#1020,.T.);
#995 = FACE_BOUND('',#996,.T.);
#996 = EDGE_LOOP('',(#997,#998,#1006,#1014));
#997 = ORIENTED_EDGE('',*,*,#241,.T.);
#998 = ORIENTED_EDGE('',*,*,#999,.T.);
#999 = EDGE_CURVE('',#244,#1000,#1002,.T.);
#1000 = VERTEX_POINT('',#1001);
#1001 = CARTESIAN_POINT('',(2.085797969492E-16,-43.59363341178,43.29));
#1002 = LINE('',#1003,#1004);
#1003 = CARTESIAN_POINT('',(2.085797969492E-16,-43.59363341178,39.99));
#1004 = VECTOR('',#1005,1.);
#1005 = DIRECTION('',(0.,0.,1.));
#1006 = ORIENTED_EDGE('',*,*,#1007,.T.);
#1007 = EDGE_CURVE('',#1000,#1008,#1010,.T.);
#1008 = VERTEX_POINT('',#1009);
#1009 = CARTESIAN_POINT('',(-2.95,-45.29681670589,43.29));
#1010 = LINE('',#1011,#1012);
#1011 = CARTESIAN_POINT('',(2.085797969492E-16,-43.59363341178,43.29));
#1012 = VECTOR('',#1013,1.);
#1013 = DIRECTION('',(-0.866025403784,-0.5,0.));
#1014 = ORIENTED_EDGE('',*,*,#1015,.F.);
#1015 = EDGE_CURVE('',#242,#1008,#1016,.T.);
#1016 = LINE('',#1017,#1018);
#1017 = CARTESIAN_POINT('',(-2.95,-45.29681670589,39.99));
#1018 = VECTOR('',#1019,1.);
#1019 = DIRECTION('',(0.,0.,1.));
#1020 = PLANE('',#1021);
#1021 = AXIS2_PLACEMENT_3D('',#1022,#1023,#1024);
#1022 = CARTESIAN_POINT('',(2.085797969492E-16,-43.59363341178,39.99));
#1023 = DIRECTION('',(0.5,-0.866025403784,0.));
#1024 = DIRECTION('',(-0.866025403784,-0.5,0.));
#1025 = ADVANCED_FACE('',(#1026),#1044,.T.);
#1026 = FACE_BOUND('',#1027,.T.);
#1027 = EDGE_LOOP('',(#1028,#1029,#1030,#1038));
#1028 = ORIENTED_EDGE('',*,*,#283,.T.);
#1029 = ORIENTED_EDGE('',*,*,#1015,.T.);
#1030 = ORIENTED_EDGE('',*,*,#1031,.T.);
#1031 = EDGE_CURVE('',#1008,#1032,#1034,.T.);
#1032 = VERTEX_POINT('',#1033);
#1033 = CARTESIAN_POINT('',(-2.95,-48.7031832941,43.29));
#1034 = LINE('',#1035,#1036);
#1035 = CARTESIAN_POINT('',(-2.95,-45.29681670589,43.29));
#1036 = VECTOR('',#1037,1.);
#1037 = DIRECTION('',(1.303703516192E-16,-1.,0.));
#1038 = ORIENTED_EDGE('',*,*,#1039,.F.);
#1039 = EDGE_CURVE('',#276,#1032,#1040,.T.);
#1040 = LINE('',#1041,#1042);
#1041 = CARTESIAN_POINT('',(-2.95,-48.7031832941,39.99));
#1042 = VECTOR('',#1043,1.);
#1043 = DIRECTION('',(0.,0.,1.));
#1044 = PLANE('',#1045);
#1045 = AXIS2_PLACEMENT_3D('',#1046,#1047,#1048);
#1046 = CARTESIAN_POINT('',(-2.95,-45.29681670589,39.99));
#1047 = DIRECTION('',(1.,1.303703516192E-16,0.));
#1048 = DIRECTION('',(1.303703516192E-16,-1.,0.));
#1049 = ADVANCED_FACE('',(#1050),#1068,.T.);
#1050 = FACE_BOUND('',#1051,.T.);
#1051 = EDGE_LOOP('',(#1052,#1053,#1061,#1067));
#1052 = ORIENTED_EDGE('',*,*,#251,.T.);
#1053 = ORIENTED_EDGE('',*,*,#1054,.T.);
#1054 = EDGE_CURVE('',#252,#1055,#1057,.T.);
#1055 = VERTEX_POINT('',#1056);
#1056 = CARTESIAN_POINT('',(2.95,-45.29681670589,43.29));
#1057 = LINE('',#1058,#1059);
#1058 = CARTESIAN_POINT('',(2.95,-45.29681670589,39.99));
#1059 = VECTOR('',#1060,1.);
#1060 = DIRECTION('',(0.,0.,1.));
#1061 = ORIENTED_EDGE('',*,*,#1062,.T.);
#1062 = EDGE_CURVE('',#1055,#1000,#1063,.T.);
#1063 = LINE('',#1064,#1065);
#1064 = CARTESIAN_POINT('',(2.95,-45.29681670589,43.29));
#1065 = VECTOR('',#1066,1.);
#1066 = DIRECTION('',(-0.866025403784,0.5,0.));
#1067 = ORIENTED_EDGE('',*,*,#999,.F.);
#1068 = PLANE('',#1069);
#1069 = AXIS2_PLACEMENT_3D('',#1070,#1071,#1072);
#1070 = CARTESIAN_POINT('',(2.95,-45.29681670589,39.99));
#1071 = DIRECTION('',(-0.5,-0.866025403784,0.));
#1072 = DIRECTION('',(-0.866025403784,0.5,0.));
#1073 = ADVANCED_FACE('',(#1074),#1092,.T.);
#1074 = FACE_BOUND('',#1075,.T.);
#1075 = EDGE_LOOP('',(#1076,#1077,#1078,#1086));
#1076 = ORIENTED_EDGE('',*,*,#275,.T.);
#1077 = ORIENTED_EDGE('',*,*,#1039,.T.);
#1078 = ORIENTED_EDGE('',*,*,#1079,.T.);
#1079 = EDGE_CURVE('',#1032,#1080,#1082,.T.);
#1080 = VERTEX_POINT('',#1081);
#1081 = CARTESIAN_POINT('',(-6.257393908477E-16,-50.40636658821,43.29));
#1082 = LINE('',#1083,#1084);
#1083 = CARTESIAN_POINT('',(-2.95,-48.7031832941,43.29));
#1084 = VECTOR('',#1085,1.);
#1085 = DIRECTION('',(0.866025403784,-0.5,0.));
#1086 = ORIENTED_EDGE('',*,*,#1087,.F.);
#1087 = EDGE_CURVE('',#268,#1080,#1088,.T.);
#1088 = LINE('',#1089,#1090);
#1089 = CARTESIAN_POINT('',(-6.257393908477E-16,-50.40636658821,39.99));
#1090 = VECTOR('',#1091,1.);
#1091 = DIRECTION('',(0.,0.,1.));
#1092 = PLANE('',#1093);
#1093 = AXIS2_PLACEMENT_3D('',#1094,#1095,#1096);
#1094 = CARTESIAN_POINT('',(-2.95,-48.7031832941,39.99));
#1095 = DIRECTION('',(0.5,0.866025403784,0.));
#1096 = DIRECTION('',(0.866025403784,-0.5,0.));
#1097 = ADVANCED_FACE('',(#1098),#1116,.T.);
#1098 = FACE_BOUND('',#1099,.T.);
#1099 = EDGE_LOOP('',(#1100,#1101,#1109,#1115));
#1100 = ORIENTED_EDGE('',*,*,#259,.T.);
#1101 = ORIENTED_EDGE('',*,*,#1102,.T.);
#1102 = EDGE_CURVE('',#260,#1103,#1105,.T.);
#1103 = VERTEX_POINT('',#1104);
#1104 = CARTESIAN_POINT('',(2.95,-48.7031832941,43.29));
#1105 = LINE('',#1106,#1107);
#1106 = CARTESIAN_POINT('',(2.95,-48.7031832941,39.99));
#1107 = VECTOR('',#1108,1.);
#1108 = DIRECTION('',(0.,0.,1.));
#1109 = ORIENTED_EDGE('',*,*,#1110,.T.);
#1110 = EDGE_CURVE('',#1103,#1055,#1111,.T.);
#1111 = LINE('',#1112,#1113);
#1112 = CARTESIAN_POINT('',(2.95,-48.7031832941,43.29));
#1113 = VECTOR('',#1114,1.);
#1114 = DIRECTION('',(2.607407032384E-16,1.,0.));
#1115 = ORIENTED_EDGE('',*,*,#1054,.F.);
#1116 = PLANE('',#1117);
#1117 = AXIS2_PLACEMENT_3D('',#1118,#1119,#1120);
#1118 = CARTESIAN_POINT('',(2.95,-48.7031832941,39.99));
#1119 = DIRECTION('',(-1.,2.607407032384E-16,0.));
#1120 = DIRECTION('',(2.607407032384E-16,1.,0.));
#1121 = ADVANCED_FACE('',(#1122),#1133,.T.);
#1122 = FACE_BOUND('',#1123,.T.);
#1123 = EDGE_LOOP('',(#1124,#1125,#1126,#1132));
#1124 = ORIENTED_EDGE('',*,*,#267,.T.);
#1125 = ORIENTED_EDGE('',*,*,#1087,.T.);
#1126 = ORIENTED_EDGE('',*,*,#1127,.T.);
#1127 = EDGE_CURVE('',#1080,#1103,#1128,.T.);
#1128 = LINE('',#1129,#1130);
#1129 = CARTESIAN_POINT('',(-6.257393908477E-16,-50.40636658821,43.29));
#1130 = VECTOR('',#1131,1.);
#1131 = DIRECTION('',(0.866025403784,0.5,0.));
#1132 = ORIENTED_EDGE('',*,*,#1102,.F.);
#1133 = PLANE('',#1134);
#1134 = AXIS2_PLACEMENT_3D('',#1135,#1136,#1137);
#1135 = CARTESIAN_POINT('',(-6.257393908477E-16,-50.40636658821,39.99));
#1136 = DIRECTION('',(-0.5,0.866025403784,0.));
#1137 = DIRECTION('',(0.866025403784,0.5,0.));
#1138 = ADVANCED_FACE('',(#1139),#1158,.F.);
#1139 = FACE_BOUND('',#1140,.F.);
#1140 = EDGE_LOOP('',(#1141,#1150,#1156,#1157));
#1141 = ORIENTED_EDGE('',*,*,#1142,.F.);
#1142 = EDGE_CURVE('',#1143,#1143,#1145,.T.);
#1143 = VERTEX_POINT('',#1144);
#1144 = CARTESIAN_POINT('',(65.971843353823,-61.87184335382,48.01));
#1145 = CIRCLE('',#1146,4.1);
#1146 = AXIS2_PLACEMENT_3D('',#1147,#1148,#1149);
#1147 = CARTESIAN_POINT('',(61.871843353823,-61.87184335382,48.01));
#1148 = DIRECTION('',(0.,0.,1.));
#1149 = DIRECTION('',(1.,0.,0.));
#1150 = ORIENTED_EDGE('',*,*,#1151,.F.);
#1151 = EDGE_CURVE('',#292,#1143,#1152,.T.);
#1152 = LINE('',#1153,#1154);
#1153 = CARTESIAN_POINT('',(65.971843353823,-61.87184335382,40.));
#1154 = VECTOR('',#1155,1.);
#1155 = DIRECTION('',(0.,0.,1.));
#1156 = ORIENTED_EDGE('',*,*,#291,.T.);
#1157 = ORIENTED_EDGE('',*,*,#1151,.T.);
#1158 = CYLINDRICAL_SURFACE('',#1159,4.1);
#1159 = AXIS2_PLACEMENT_3D('',#1160,#1161,#1162);
#1160 = CARTESIAN_POINT('',(61.871843353823,-61.87184335382,40.));
#1161 = DIRECTION('',(0.,0.,1.));
#1162 = DIRECTION('',(1.,0.,0.));
#1163 = ADVANCED_FACE('',(#1164),#1183,.F.);
#1164 = FACE_BOUND('',#1165,.F.);
#1165 = EDGE_LOOP('',(#1166,#1175,#1181,#1182));
#1166 = ORIENTED_EDGE('',*,*,#1167,.F.);
#1167 = EDGE_CURVE('',#1168,#1168,#1170,.T.);
#1168 = VERTEX_POINT('',#1169);
#1169 = CARTESIAN_POINT('',(2.25,-30.,52.));
#1170 = CIRCLE('',#1171,2.25);
#1171 = AXIS2_PLACEMENT_3D('',#1172,#1173,#1174);
#1172 = CARTESIAN_POINT('',(0.,-30.,52.));
#1173 = DIRECTION('',(0.,0.,1.));
#1174 = DIRECTION('',(1.,0.,0.));
#1175 = ORIENTED_EDGE('',*,*,#1176,.F.);
#1176 = EDGE_CURVE('',#303,#1168,#1177,.T.);
#1177 = LINE('',#1178,#1179);
#1178 = CARTESIAN_POINT('',(2.25,-30.,39.99));
#1179 = VECTOR('',#1180,1.);
#1180 = DIRECTION('',(0.,0.,1.));
#1181 = ORIENTED_EDGE('',*,*,#302,.T.);
#1182 = ORIENTED_EDGE('',*,*,#1176,.T.);
#1183 = CYLINDRICAL_SURFACE('',#1184,2.25);
#1184 = AXIS2_PLACEMENT_3D('',#1185,#1186,#1187);
#1185 = CARTESIAN_POINT('',(0.,-30.,39.99));
#1186 = DIRECTION('',(0.,0.,1.));
#1187 = DIRECTION('',(1.,0.,0.));
#1188 = ADVANCED_FACE('',(#1189),#1200,.F.);
#1189 = FACE_BOUND('',#1190,.F.);
#1190 = EDGE_LOOP('',(#1191,#1192,#1198,#1199));
#1191 = ORIENTED_EDGE('',*,*,#637,.F.);
#1192 = ORIENTED_EDGE('',*,*,#1193,.F.);
#1193 = EDGE_CURVE('',#314,#638,#1194,.T.);
#1194 = LINE('',#1195,#1196);
#1195 = CARTESIAN_POINT('',(36.,-30.,39.));
#1196 = VECTOR('',#1197,1.);
#1197 = DIRECTION('',(0.,0.,1.));
#1198 = ORIENTED_EDGE('',*,*,#313,.T.);
#1199 = ORIENTED_EDGE('',*,*,#1193,.T.);
#1200 = CYLINDRICAL_SURFACE('',#1201,6.);
#1201 = AXIS2_PLACEMENT_3D('',#1202,#1203,#1204);
#1202 = CARTESIAN_POINT('',(30.,-30.,39.));
#1203 = DIRECTION('',(0.,0.,1.));
#1204 = DIRECTION('',(1.,0.,0.));
#1205 = ADVANCED_FACE('',(#1206),#1217,.F.);
#1206 = FACE_BOUND('',#1207,.F.);
#1207 = EDGE_LOOP('',(#1208,#1209,#1215,#1216));
#1208 = ORIENTED_EDGE('',*,*,#659,.F.);
#1209 = ORIENTED_EDGE('',*,*,#1210,.F.);
#1210 = EDGE_CURVE('',#325,#660,#1211,.T.);
#1211 = LINE('',#1212,#1213);
#1212 = CARTESIAN_POINT('',(-24.,30.,39.));
#1213 = VECTOR('',#1214,1.);
#1214 = DIRECTION('',(0.,0.,1.));
#1215 = ORIENTED_EDGE('',*,*,#324,.T.);
#1216 = ORIENTED_EDGE('',*,*,#1210,.T.);
#1217 = CYLINDRICAL_SURFACE('',#1218,6.);
#1218 = AXIS2_PLACEMENT_3D('',#1219,#1220,#1221);
#1219 = CARTESIAN_POINT('',(-30.,30.,39.));
#1220 = DIRECTION('',(0.,0.,1.));
#1221 = DIRECTION('',(1.,0.,0.));
#1222 = ADVANCED_FACE('',(#1223),#1242,.F.);
#1223 = FACE_BOUND('',#1224,.F.);
#1224 = EDGE_LOOP('',(#1225,#1234,#1240,#1241));
#1225 = ORIENTED_EDGE('',*,*,#1226,.F.);
#1226 = EDGE_CURVE('',#1227,#1227,#1229,.T.);
#1227 = VERTEX_POINT('',#1228);
#1228 = CARTESIAN_POINT('',(-57.77184335382,61.871843353823,48.01));
#1229 = CIRCLE('',#1230,4.1);
#1230 = AXIS2_PLACEMENT_3D('',#1231,#1232,#1233);
#1231 = CARTESIAN_POINT('',(-61.87184335382,61.871843353823,48.01));
#1232 = DIRECTION('',(0.,0.,1.));
#1233 = DIRECTION('',(1.,0.,0.));
#1234 = ORIENTED_EDGE('',*,*,#1235,.F.);
#1235 = EDGE_CURVE('',#336,#1227,#1236,.T.);
#1236 = LINE('',#1237,#1238);
#1237 = CARTESIAN_POINT('',(-57.77184335382,61.871843353823,40.));
#1238 = VECTOR('',#1239,1.);
#1239 = DIRECTION('',(0.,0.,1.));
#1240 = ORIENTED_EDGE('',*,*,#335,.T.);
#1241 = ORIENTED_EDGE('',*,*,#1235,.T.);
#1242 = CYLINDRICAL_SURFACE('',#1243,4.1);
#1243 = AXIS2_PLACEMENT_3D('',#1244,#1245,#1246);
#1244 = CARTESIAN_POINT('',(-61.87184335382,61.871843353823,40.));
#1245 = DIRECTION('',(0.,0.,1.));
#1246 = DIRECTION('',(1.,0.,0.));
#1247 = ADVANCED_FACE('',(#1248),#1273,.T.);
#1248 = FACE_BOUND('',#1249,.T.);
#1249 = EDGE_LOOP('',(#1250,#1251,#1259,#1267));
#1250 = ORIENTED_EDGE('',*,*,#346,.T.);
#1251 = ORIENTED_EDGE('',*,*,#1252,.T.);
#1252 = EDGE_CURVE('',#349,#1253,#1255,.T.);
#1253 = VERTEX_POINT('',#1254);
#1254 = CARTESIAN_POINT('',(-28.,63.406366588219,43.29));
#1255 = LINE('',#1256,#1257);
#1256 = CARTESIAN_POINT('',(-28.,63.406366588219,39.99));
#1257 = VECTOR('',#1258,1.);
#1258 = DIRECTION('',(0.,0.,1.));
#1259 = ORIENTED_EDGE('',*,*,#1260,.T.);
#1260 = EDGE_CURVE('',#1253,#1261,#1263,.T.);
#1261 = VERTEX_POINT('',#1262);
#1262 = CARTESIAN_POINT('',(-30.95,61.703183294109,43.29));
#1263 = LINE('',#1264,#1265);
#1264 = CARTESIAN_POINT('',(-28.,63.406366588219,43.29));
#1265 = VECTOR('',#1266,1.);
#1266 = DIRECTION('',(-0.866025403784,-0.5,0.));
#1267 = ORIENTED_EDGE('',*,*,#1268,.F.);
#1268 = EDGE_CURVE('',#347,#1261,#1269,.T.);
#1269 = LINE('',#1270,#1271);
#1270 = CARTESIAN_POINT('',(-30.95,61.703183294109,39.99));
#1271 = VECTOR('',#1272,1.);
#1272 = DIRECTION('',(0.,0.,1.));
#1273 = PLANE('',#1274);
#1274 = AXIS2_PLACEMENT_3D('',#1275,#1276,#1277);
#1275 = CARTESIAN_POINT('',(-28.,63.406366588219,39.99));
#1276 = DIRECTION('',(0.5,-0.866025403784,0.));
#1277 = DIRECTION('',(-0.866025403784,-0.5,0.));
#1278 = ADVANCED_FACE('',(#1279),#1297,.T.);
#1279 = FACE_BOUND('',#1280,.T.);
#1280 = EDGE_LOOP('',(#1281,#1282,#1283,#1291));
#1281 = ORIENTED_EDGE('',*,*,#388,.T.);
#1282 = ORIENTED_EDGE('',*,*,#1268,.T.);
#1283 = ORIENTED_EDGE('',*,*,#1284,.T.);
#1284 = EDGE_CURVE('',#1261,#1285,#1287,.T.);
#1285 = VERTEX_POINT('',#1286);
#1286 = CARTESIAN_POINT('',(-30.95,58.296816705891,43.29));
#1287 = LINE('',#1288,#1289);
#1288 = CARTESIAN_POINT('',(-30.95,61.703183294109,43.29));
#1289 = VECTOR('',#1290,1.);
#1290 = DIRECTION('',(1.303703516192E-16,-1.,0.));
#1291 = ORIENTED_EDGE('',*,*,#1292,.F.);
#1292 = EDGE_CURVE('',#381,#1285,#1293,.T.);
#1293 = LINE('',#1294,#1295);
#1294 = CARTESIAN_POINT('',(-30.95,58.296816705891,39.99));
#1295 = VECTOR('',#1296,1.);
#1296 = DIRECTION('',(0.,0.,1.));
#1297 = PLANE('',#1298);
#1298 = AXIS2_PLACEMENT_3D('',#1299,#1300,#1301);
#1299 = CARTESIAN_POINT('',(-30.95,61.703183294109,39.99));
#1300 = DIRECTION('',(1.,1.303703516192E-16,0.));
#1301 = DIRECTION('',(1.303703516192E-16,-1.,0.));
#1302 = ADVANCED_FACE('',(#1303),#1321,.T.);
#1303 = FACE_BOUND('',#1304,.T.);
#1304 = EDGE_LOOP('',(#1305,#1306,#1314,#1320));
#1305 = ORIENTED_EDGE('',*,*,#356,.T.);
#1306 = ORIENTED_EDGE('',*,*,#1307,.T.);
#1307 = EDGE_CURVE('',#357,#1308,#1310,.T.);
#1308 = VERTEX_POINT('',#1309);
#1309 = CARTESIAN_POINT('',(-25.05,61.703183294109,43.29));
#1310 = LINE('',#1311,#1312);
#1311 = CARTESIAN_POINT('',(-25.05,61.703183294109,39.99));
#1312 = VECTOR('',#1313,1.);
#1313 = DIRECTION('',(0.,0.,1.));
#1314 = ORIENTED_EDGE('',*,*,#1315,.T.);
#1315 = EDGE_CURVE('',#1308,#1253,#1316,.T.);
#1316 = LINE('',#1317,#1318);
#1317 = CARTESIAN_POINT('',(-25.05,61.703183294109,43.29));
#1318 = VECTOR('',#1319,1.);
#1319 = DIRECTION('',(-0.866025403784,0.5,0.));
#1320 = ORIENTED_EDGE('',*,*,#1252,.F.);
#1321 = PLANE('',#1322);
#1322 = AXIS2_PLACEMENT_3D('',#1323,#1324,#1325);
#1323 = CARTESIAN_POINT('',(-25.05,61.703183294109,39.99));
#1324 = DIRECTION('',(-0.5,-0.866025403784,0.));
#1325 = DIRECTION('',(-0.866025403784,0.5,0.));
#1326 = ADVANCED_FACE('',(#1327),#1345,.T.);
#1327 = FACE_BOUND('',#1328,.T.);
#1328 = EDGE_LOOP('',(#1329,#1330,#1331,#1339));
#1329 = ORIENTED_EDGE('',*,*,#380,.T.);
#1330 = ORIENTED_EDGE('',*,*,#1292,.T.);
#1331 = ORIENTED_EDGE('',*,*,#1332,.T.);
#1332 = EDGE_CURVE('',#1285,#1333,#1335,.T.);
#1333 = VERTEX_POINT('',#1334);
#1334 = CARTESIAN_POINT('',(-28.,56.593633411781,43.29));
#1335 = LINE('',#1336,#1337);
#1336 = CARTESIAN_POINT('',(-30.95,58.296816705891,43.29));
#1337 = VECTOR('',#1338,1.);
#1338 = DIRECTION('',(0.866025403784,-0.5,0.));
#1339 = ORIENTED_EDGE('',*,*,#1340,.F.);
#1340 = EDGE_CURVE('',#373,#1333,#1341,.T.);
#1341 = LINE('',#1342,#1343);
#1342 = CARTESIAN_POINT('',(-28.,56.593633411781,39.99));
#1343 = VECTOR('',#1344,1.);
#1344 = DIRECTION('',(0.,0.,1.));
#1345 = PLANE('',#1346);
#1346 = AXIS2_PLACEMENT_3D('',#1347,#1348,#1349);
#1347 = CARTESIAN_POINT('',(-30.95,58.296816705891,39.99));
#1348 = DIRECTION('',(0.5,0.866025403784,0.));
#1349 = DIRECTION('',(0.866025403784,-0.5,0.));
#1350 = ADVANCED_FACE('',(#1351),#1369,.T.);
#1351 = FACE_BOUND('',#1352,.T.);
#1352 = EDGE_LOOP('',(#1353,#1354,#1362,#1368));
#1353 = ORIENTED_EDGE('',*,*,#364,.T.);
#1354 = ORIENTED_EDGE('',*,*,#1355,.T.);
#1355 = EDGE_CURVE('',#365,#1356,#1358,.T.);
#1356 = VERTEX_POINT('',#1357);
#1357 = CARTESIAN_POINT('',(-25.05,58.296816705891,43.29));
#1358 = LINE('',#1359,#1360);
#1359 = CARTESIAN_POINT('',(-25.05,58.296816705891,39.99));
#1360 = VECTOR('',#1361,1.);
#1361 = DIRECTION('',(0.,0.,1.));
#1362 = ORIENTED_EDGE('',*,*,#1363,.T.);
#1363 = EDGE_CURVE('',#1356,#1308,#1364,.T.);
#1364 = LINE('',#1365,#1366);
#1365 = CARTESIAN_POINT('',(-25.05,58.296816705891,43.29));
#1366 = VECTOR('',#1367,1.);
#1367 = DIRECTION('',(2.607407032384E-16,1.,0.));
#1368 = ORIENTED_EDGE('',*,*,#1307,.F.);
#1369 = PLANE('',#1370);
#1370 = AXIS2_PLACEMENT_3D('',#1371,#1372,#1373);
#1371 = CARTESIAN_POINT('',(-25.05,58.296816705891,39.99));
#1372 = DIRECTION('',(-1.,2.607407032384E-16,0.));
#1373 = DIRECTION('',(2.607407032384E-16,1.,0.));
#1374 = ADVANCED_FACE('',(#1375),#1386,.T.);
#1375 = FACE_BOUND('',#1376,.T.);
#1376 = EDGE_LOOP('',(#1377,#1378,#1379,#1385));
#1377 = ORIENTED_EDGE('',*,*,#372,.T.);
#1378 = ORIENTED_EDGE('',*,*,#1340,.T.);
#1379 = ORIENTED_EDGE('',*,*,#1380,.T.);
#1380 = EDGE_CURVE('',#1333,#1356,#1381,.T.);
#1381 = LINE('',#1382,#1383);
#1382 = CARTESIAN_POINT('',(-28.,56.593633411781,43.29));
#1383 = VECTOR('',#1384,1.);
#1384 = DIRECTION('',(0.866025403784,0.5,0.));
#1385 = ORIENTED_EDGE('',*,*,#1355,.F.);
#1386 = PLANE('',#1387);
#1387 = AXIS2_PLACEMENT_3D('',#1388,#1389,#1390);
#1388 = CARTESIAN_POINT('',(-28.,56.593633411781,39.99));
#1389 = DIRECTION('',(-0.5,0.866025403784,0.));
#1390 = DIRECTION('',(0.866025403784,0.5,0.));
#1391 = ADVANCED_FACE('',(#1392),#1417,.T.);
#1392 = FACE_BOUND('',#1393,.T.);
#1393 = EDGE_LOOP('',(#1394,#1395,#1403,#1411));
#1394 = ORIENTED_EDGE('',*,*,#396,.T.);
#1395 = ORIENTED_EDGE('',*,*,#1396,.T.);
#1396 = EDGE_CURVE('',#399,#1397,#1399,.T.);
#1397 = VERTEX_POINT('',#1398);
#1398 = CARTESIAN_POINT('',(7.918961782479E-16,12.932646029848,50.));
#1399 = LINE('',#1400,#1401);
#1400 = CARTESIAN_POINT('',(7.918961782479E-16,12.932646029848,39.5));
#1401 = VECTOR('',#1402,1.);
#1402 = DIRECTION('',(0.,0.,1.));
#1403 = ORIENTED_EDGE('',*,*,#1404,.T.);
#1404 = EDGE_CURVE('',#1397,#1405,#1407,.T.);
#1405 = VERTEX_POINT('',#1406);
#1406 = CARTESIAN_POINT('',(-11.2,6.466323014924,50.));
#1407 = LINE('',#1408,#1409);
#1408 = CARTESIAN_POINT('',(7.918961782479E-16,12.932646029848,50.));
#1409 = VECTOR('',#1410,1.);
#1410 = DIRECTION('',(-0.866025403784,-0.5,0.));
#1411 = ORIENTED_EDGE('',*,*,#1412,.F.);
#1412 = EDGE_CURVE('',#397,#1405,#1413,.T.);
#1413 = LINE('',#1414,#1415);
#1414 = CARTESIAN_POINT('',(-11.2,6.466323014924,39.5));
#1415 = VECTOR('',#1416,1.);
#1416 = DIRECTION('',(0.,0.,1.));
#1417 = PLANE('',#1418);
#1418 = AXIS2_PLACEMENT_3D('',#1419,#1420,#1421);
#1419 = CARTESIAN_POINT('',(7.918961782479E-16,12.932646029848,39.5));
#1420 = DIRECTION('',(0.5,-0.866025403784,0.));
#1421 = DIRECTION('',(-0.866025403784,-0.5,0.));
#1422 = ADVANCED_FACE('',(#1423),#1441,.T.);
#1423 = FACE_BOUND('',#1424,.T.);
#1424 = EDGE_LOOP('',(#1425,#1426,#1427,#1435));
#1425 = ORIENTED_EDGE('',*,*,#438,.T.);
#1426 = ORIENTED_EDGE('',*,*,#1412,.T.);
#1427 = ORIENTED_EDGE('',*,*,#1428,.T.);
#1428 = EDGE_CURVE('',#1405,#1429,#1431,.T.);
#1429 = VERTEX_POINT('',#1430);
#1430 = CARTESIAN_POINT('',(-11.2,-6.466323014924,50.));
#1431 = LINE('',#1432,#1433);
#1432 = CARTESIAN_POINT('',(-11.2,6.466323014924,50.));
#1433 = VECTOR('',#1434,1.);
#1434 = DIRECTION('',(1.373544775988E-16,-1.,0.));
#1435 = ORIENTED_EDGE('',*,*,#1436,.F.);
#1436 = EDGE_CURVE('',#431,#1429,#1437,.T.);
#1437 = LINE('',#1438,#1439);
#1438 = CARTESIAN_POINT('',(-11.2,-6.466323014924,39.5));
#1439 = VECTOR('',#1440,1.);
#1440 = DIRECTION('',(0.,0.,1.));
#1441 = PLANE('',#1442);
#1442 = AXIS2_PLACEMENT_3D('',#1443,#1444,#1445);
#1443 = CARTESIAN_POINT('',(-11.2,6.466323014924,39.5));
#1444 = DIRECTION('',(1.,1.373544775988E-16,0.));
#1445 = DIRECTION('',(1.373544775988E-16,-1.,0.));
#1446 = ADVANCED_FACE('',(#1447),#1465,.T.);
#1447 = FACE_BOUND('',#1448,.T.);
#1448 = EDGE_LOOP('',(#1449,#1450,#1458,#1464));
#1449 = ORIENTED_EDGE('',*,*,#406,.T.);
#1450 = ORIENTED_EDGE('',*,*,#1451,.T.);
#1451 = EDGE_CURVE('',#407,#1452,#1454,.T.);
#1452 = VERTEX_POINT('',#1453);
#1453 = CARTESIAN_POINT('',(11.2,6.466323014924,50.));
#1454 = LINE('',#1455,#1456);
#1455 = CARTESIAN_POINT('',(11.2,6.466323014924,39.5));
#1456 = VECTOR('',#1457,1.);
#1457 = DIRECTION('',(0.,0.,1.));
#1458 = ORIENTED_EDGE('',*,*,#1459,.T.);
#1459 = EDGE_CURVE('',#1452,#1397,#1460,.T.);
#1460 = LINE('',#1461,#1462);
#1461 = CARTESIAN_POINT('',(11.2,6.466323014924,50.));
#1462 = VECTOR('',#1463,1.);
#1463 = DIRECTION('',(-0.866025403784,0.5,0.));
#1464 = ORIENTED_EDGE('',*,*,#1396,.F.);
#1465 = PLANE('',#1466);
#1466 = AXIS2_PLACEMENT_3D('',#1467,#1468,#1469);
#1467 = CARTESIAN_POINT('',(11.2,6.466323014924,39.5));
#1468 = DIRECTION('',(-0.5,-0.866025403784,0.));
#1469 = DIRECTION('',(-0.866025403784,0.5,0.));
#1470 = ADVANCED_FACE('',(#1471),#1489,.T.);
#1471 = FACE_BOUND('',#1472,.T.);
#1472 = EDGE_LOOP('',(#1473,#1474,#1475,#1483));
#1473 = ORIENTED_EDGE('',*,*,#430,.T.);
#1474 = ORIENTED_EDGE('',*,*,#1436,.T.);
#1475 = ORIENTED_EDGE('',*,*,#1476,.T.);
#1476 = EDGE_CURVE('',#1429,#1477,#1479,.T.);
#1477 = VERTEX_POINT('',#1478);
#1478 = CARTESIAN_POINT('',(-2.375688534744E-15,-12.93264602984,50.));
#1479 = LINE('',#1480,#1481);
#1480 = CARTESIAN_POINT('',(-11.2,-6.466323014924,50.));
#1481 = VECTOR('',#1482,1.);
#1482 = DIRECTION('',(0.866025403784,-0.5,0.));
#1483 = ORIENTED_EDGE('',*,*,#1484,.F.);
#1484 = EDGE_CURVE('',#423,#1477,#1485,.T.);
#1485 = LINE('',#1486,#1487);
#1486 = CARTESIAN_POINT('',(-2.375688534744E-15,-12.93264602984,39.5));
#1487 = VECTOR('',#1488,1.);
#1488 = DIRECTION('',(0.,0.,1.));
#1489 = PLANE('',#1490);
#1490 = AXIS2_PLACEMENT_3D('',#1491,#1492,#1493);
#1491 = CARTESIAN_POINT('',(-11.2,-6.466323014924,39.5));
#1492 = DIRECTION('',(0.5,0.866025403784,0.));
#1493 = DIRECTION('',(0.866025403784,-0.5,0.));
#1494 = ADVANCED_FACE('',(#1495),#1513,.T.);
#1495 = FACE_BOUND('',#1496,.T.);
#1496 = EDGE_LOOP('',(#1497,#1498,#1506,#1512));
#1497 = ORIENTED_EDGE('',*,*,#414,.T.);
#1498 = ORIENTED_EDGE('',*,*,#1499,.T.);
#1499 = EDGE_CURVE('',#415,#1500,#1502,.T.);
#1500 = VERTEX_POINT('',#1501);
#1501 = CARTESIAN_POINT('',(11.2,-6.466323014924,50.));
#1502 = LINE('',#1503,#1504);
#1503 = CARTESIAN_POINT('',(11.2,-6.466323014924,39.5));
#1504 = VECTOR('',#1505,1.);
#1505 = DIRECTION('',(0.,0.,1.));
#1506 = ORIENTED_EDGE('',*,*,#1507,.T.);
#1507 = EDGE_CURVE('',#1500,#1452,#1508,.T.);
#1508 = LINE('',#1509,#1510);
#1509 = CARTESIAN_POINT('',(11.2,-6.466323014924,50.));
#1510 = VECTOR('',#1511,1.);
#1511 = DIRECTION('',(2.747089551977E-16,1.,0.));
#1512 = ORIENTED_EDGE('',*,*,#1451,.F.);
#1513 = PLANE('',#1514);
#1514 = AXIS2_PLACEMENT_3D('',#1515,#1516,#1517);
#1515 = CARTESIAN_POINT('',(11.2,-6.466323014924,39.5));
#1516 = DIRECTION('',(-1.,2.747089551977E-16,0.));
#1517 = DIRECTION('',(2.747089551977E-16,1.,0.));
#1518 = ADVANCED_FACE('',(#1519),#1530,.T.);
#1519 = FACE_BOUND('',#1520,.T.);
#1520 = EDGE_LOOP('',(#1521,#1522,#1523,#1529));
#1521 = ORIENTED_EDGE('',*,*,#422,.T.);
#1522 = ORIENTED_EDGE('',*,*,#1484,.T.);
#1523 = ORIENTED_EDGE('',*,*,#1524,.T.);
#1524 = EDGE_CURVE('',#1477,#1500,#1525,.T.);
#1525 = LINE('',#1526,#1527);
#1526 = CARTESIAN_POINT('',(-2.375688534744E-15,-12.93264602984,50.));
#1527 = VECTOR('',#1528,1.);
#1528 = DIRECTION('',(0.866025403784,0.5,0.));
#1529 = ORIENTED_EDGE('',*,*,#1499,.F.);
#1530 = PLANE('',#1531);
#1531 = AXIS2_PLACEMENT_3D('',#1532,#1533,#1534);
#1532 = CARTESIAN_POINT('',(-2.375688534744E-15,-12.93264602984,39.5));
#1533 = DIRECTION('',(-0.5,0.866025403784,0.));
#1534 = DIRECTION('',(0.866025403784,0.5,0.));
#1535 = ADVANCED_FACE('',(#1536),#1555,.F.);
#1536 = FACE_BOUND('',#1537,.F.);
#1537 = EDGE_LOOP('',(#1538,#1547,#1553,#1554));
#1538 = ORIENTED_EDGE('',*,*,#1539,.F.);
#1539 = EDGE_CURVE('',#1540,#1540,#1542,.T.);
#1540 = VERTEX_POINT('',#1541);
#1541 = CARTESIAN_POINT('',(7.,60.,44.));
#1542 = CIRCLE('',#1543,7.);
#1543 = AXIS2_PLACEMENT_3D('',#1544,#1545,#1546);
#1544 = CARTESIAN_POINT('',(0.,60.,44.));
#1545 = DIRECTION('',(0.,0.,1.));
#1546 = DIRECTION('',(1.,0.,0.));
#1547 = ORIENTED_EDGE('',*,*,#1548,.F.);
#1548 = EDGE_CURVE('',#447,#1540,#1549,.T.);
#1549 = LINE('',#1550,#1551);
#1550 = CARTESIAN_POINT('',(7.,60.,39.5));
#1551 = VECTOR('',#1552,1.);
#1552 = DIRECTION('',(0.,0.,1.));
#1553 = ORIENTED_EDGE('',*,*,#446,.T.);
#1554 = ORIENTED_EDGE('',*,*,#1548,.T.);
#1555 = CYLINDRICAL_SURFACE('',#1556,7.);
#1556 = AXIS2_PLACEMENT_3D('',#1557,#1558,#1559);
#1557 = CARTESIAN_POINT('',(0.,60.,39.5));
#1558 = DIRECTION('',(0.,0.,1.));
#1559 = DIRECTION('',(1.,0.,0.));
#1560 = ADVANCED_FACE('',(#1561),#1586,.T.);
#1561 = FACE_BOUND('',#1562,.T.);
#1562 = EDGE_LOOP('',(#1563,#1564,#1572,#1580));
#1563 = ORIENTED_EDGE('',*,*,#457,.T.);
#1564 = ORIENTED_EDGE('',*,*,#1565,.T.);
#1565 = EDGE_CURVE('',#460,#1566,#1568,.T.);
#1566 = VERTEX_POINT('',#1567);
#1567 = CARTESIAN_POINT('',(28.,63.406366588219,43.29));
#1568 = LINE('',#1569,#1570);
#1569 = CARTESIAN_POINT('',(28.,63.406366588219,39.99));
#1570 = VECTOR('',#1571,1.);
#1571 = DIRECTION('',(0.,0.,1.));
#1572 = ORIENTED_EDGE('',*,*,#1573,.T.);
#1573 = EDGE_CURVE('',#1566,#1574,#1576,.T.);
#1574 = VERTEX_POINT('',#1575);
#1575 = CARTESIAN_POINT('',(25.05,61.703183294109,43.29));
#1576 = LINE('',#1577,#1578);
#1577 = CARTESIAN_POINT('',(28.,63.406366588219,43.29));
#1578 = VECTOR('',#1579,1.);
#1579 = DIRECTION('',(-0.866025403784,-0.5,0.));
#1580 = ORIENTED_EDGE('',*,*,#1581,.F.);
#1581 = EDGE_CURVE('',#458,#1574,#1582,.T.);
#1582 = LINE('',#1583,#1584);
#1583 = CARTESIAN_POINT('',(25.05,61.703183294109,39.99));
#1584 = VECTOR('',#1585,1.);
#1585 = DIRECTION('',(0.,0.,1.));
#1586 = PLANE('',#1587);
#1587 = AXIS2_PLACEMENT_3D('',#1588,#1589,#1590);
#1588 = CARTESIAN_POINT('',(28.,63.406366588219,39.99));
#1589 = DIRECTION('',(0.5,-0.866025403784,0.));
#1590 = DIRECTION('',(-0.866025403784,-0.5,0.));
#1591 = ADVANCED_FACE('',(#1592),#1610,.T.);
#1592 = FACE_BOUND('',#1593,.T.);
#1593 = EDGE_LOOP('',(#1594,#1595,#1596,#1604));
#1594 = ORIENTED_EDGE('',*,*,#499,.T.);
#1595 = ORIENTED_EDGE('',*,*,#1581,.T.);
#1596 = ORIENTED_EDGE('',*,*,#1597,.T.);
#1597 = EDGE_CURVE('',#1574,#1598,#1600,.T.);
#1598 = VERTEX_POINT('',#1599);
#1599 = CARTESIAN_POINT('',(25.05,58.296816705891,43.29));
#1600 = LINE('',#1601,#1602);
#1601 = CARTESIAN_POINT('',(25.05,61.703183294109,43.29));
#1602 = VECTOR('',#1603,1.);
#1603 = DIRECTION('',(1.303703516192E-16,-1.,0.));
#1604 = ORIENTED_EDGE('',*,*,#1605,.F.);
#1605 = EDGE_CURVE('',#492,#1598,#1606,.T.);
#1606 = LINE('',#1607,#1608);
#1607 = CARTESIAN_POINT('',(25.05,58.296816705891,39.99));
#1608 = VECTOR('',#1609,1.);
#1609 = DIRECTION('',(0.,0.,1.));
#1610 = PLANE('',#1611);
#1611 = AXIS2_PLACEMENT_3D('',#1612,#1613,#1614);
#1612 = CARTESIAN_POINT('',(25.05,61.703183294109,39.99));
#1613 = DIRECTION('',(1.,1.303703516192E-16,0.));
#1614 = DIRECTION('',(1.303703516192E-16,-1.,0.));
#1615 = ADVANCED_FACE('',(#1616),#1634,.T.);
#1616 = FACE_BOUND('',#1617,.T.);
#1617 = EDGE_LOOP('',(#1618,#1619,#1627,#1633));
#1618 = ORIENTED_EDGE('',*,*,#467,.T.);
#1619 = ORIENTED_EDGE('',*,*,#1620,.T.);
#1620 = EDGE_CURVE('',#468,#1621,#1623,.T.);
#1621 = VERTEX_POINT('',#1622);
#1622 = CARTESIAN_POINT('',(30.95,61.703183294109,43.29));
#1623 = LINE('',#1624,#1625);
#1624 = CARTESIAN_POINT('',(30.95,61.703183294109,39.99));
#1625 = VECTOR('',#1626,1.);
#1626 = DIRECTION('',(0.,0.,1.));
#1627 = ORIENTED_EDGE('',*,*,#1628,.T.);
#1628 = EDGE_CURVE('',#1621,#1566,#1629,.T.);
#1629 = LINE('',#1630,#1631);
#1630 = CARTESIAN_POINT('',(30.95,61.703183294109,43.29));
#1631 = VECTOR('',#1632,1.);
#1632 = DIRECTION('',(-0.866025403784,0.5,0.));
#1633 = ORIENTED_EDGE('',*,*,#1565,.F.);
#1634 = PLANE('',#1635);
#1635 = AXIS2_PLACEMENT_3D('',#1636,#1637,#1638);
#1636 = CARTESIAN_POINT('',(30.95,61.703183294109,39.99));
#1637 = DIRECTION('',(-0.5,-0.866025403784,0.));
#1638 = DIRECTION('',(-0.866025403784,0.5,0.));
#1639 = ADVANCED_FACE('',(#1640),#1658,.T.);
#1640 = FACE_BOUND('',#1641,.T.);
#1641 = EDGE_LOOP('',(#1642,#1643,#1644,#1652));
#1642 = ORIENTED_EDGE('',*,*,#491,.T.);
#1643 = ORIENTED_EDGE('',*,*,#1605,.T.);
#1644 = ORIENTED_EDGE('',*,*,#1645,.T.);
#1645 = EDGE_CURVE('',#1598,#1646,#1648,.T.);
#1646 = VERTEX_POINT('',#1647);
#1647 = CARTESIAN_POINT('',(28.,56.593633411781,43.29));
#1648 = LINE('',#1649,#1650);
#1649 = CARTESIAN_POINT('',(25.05,58.296816705891,43.29));
#1650 = VECTOR('',#1651,1.);
#1651 = DIRECTION('',(0.866025403784,-0.5,0.));
#1652 = ORIENTED_EDGE('',*,*,#1653,.F.);
#1653 = EDGE_CURVE('',#484,#1646,#1654,.T.);
#1654 = LINE('',#1655,#1656);
#1655 = CARTESIAN_POINT('',(28.,56.593633411781,39.99));
#1656 = VECTOR('',#1657,1.);
#1657 = DIRECTION('',(0.,0.,1.));
#1658 = PLANE('',#1659);
#1659 = AXIS2_PLACEMENT_3D('',#1660,#1661,#1662);
#1660 = CARTESIAN_POINT('',(25.05,58.296816705891,39.99));
#1661 = DIRECTION('',(0.5,0.866025403784,0.));
#1662 = DIRECTION('',(0.866025403784,-0.5,0.));
#1663 = ADVANCED_FACE('',(#1664),#1682,.T.);
#1664 = FACE_BOUND('',#1665,.T.);
#1665 = EDGE_LOOP('',(#1666,#1667,#1675,#1681));
#1666 = ORIENTED_EDGE('',*,*,#475,.T.);
#1667 = ORIENTED_EDGE('',*,*,#1668,.T.);
#1668 = EDGE_CURVE('',#476,#1669,#1671,.T.);
#1669 = VERTEX_POINT('',#1670);
#1670 = CARTESIAN_POINT('',(30.95,58.296816705891,43.29));
#1671 = LINE('',#1672,#1673);
#1672 = CARTESIAN_POINT('',(30.95,58.296816705891,39.99));
#1673 = VECTOR('',#1674,1.);
#1674 = DIRECTION('',(0.,0.,1.));
#1675 = ORIENTED_EDGE('',*,*,#1676,.T.);
#1676 = EDGE_CURVE('',#1669,#1621,#1677,.T.);
#1677 = LINE('',#1678,#1679);
#1678 = CARTESIAN_POINT('',(30.95,58.296816705891,43.29));
#1679 = VECTOR('',#1680,1.);
#1680 = DIRECTION('',(2.607407032384E-16,1.,0.));
#1681 = ORIENTED_EDGE('',*,*,#1620,.F.);
#1682 = PLANE('',#1683);
#1683 = AXIS2_PLACEMENT_3D('',#1684,#1685,#1686);
#1684 = CARTESIAN_POINT('',(30.95,58.296816705891,39.99));
#1685 = DIRECTION('',(-1.,2.607407032384E-16,0.));
#1686 = DIRECTION('',(2.607407032384E-16,1.,0.));
#1687 = ADVANCED_FACE('',(#1688),#1699,.T.);
#1688 = FACE_BOUND('',#1689,.T.);
#1689 = EDGE_LOOP('',(#1690,#1691,#1692,#1698));
#1690 = ORIENTED_EDGE('',*,*,#483,.T.);
#1691 = ORIENTED_EDGE('',*,*,#1653,.T.);
#1692 = ORIENTED_EDGE('',*,*,#1693,.T.);
#1693 = EDGE_CURVE('',#1646,#1669,#1694,.T.);
#1694 = LINE('',#1695,#1696);
#1695 = CARTESIAN_POINT('',(28.,56.593633411781,43.29));
#1696 = VECTOR('',#1697,1.);
#1697 = DIRECTION('',(0.866025403784,0.5,0.));
#1698 = ORIENTED_EDGE('',*,*,#1668,.F.);
#1699 = PLANE('',#1700);
#1700 = AXIS2_PLACEMENT_3D('',#1701,#1702,#1703);
#1701 = CARTESIAN_POINT('',(28.,56.593633411781,39.99));
#1702 = DIRECTION('',(-0.5,0.866025403784,0.));
#1703 = DIRECTION('',(0.866025403784,0.5,0.));
#1704 = ADVANCED_FACE('',(#1705),#1724,.F.);
#1705 = FACE_BOUND('',#1706,.F.);
#1706 = EDGE_LOOP('',(#1707,#1716,#1722,#1723));
#1707 = ORIENTED_EDGE('',*,*,#1708,.F.);
#1708 = EDGE_CURVE('',#1709,#1709,#1711,.T.);
#1709 = VERTEX_POINT('',#1710);
#1710 = CARTESIAN_POINT('',(65.971843353823,61.871843353823,48.01));
#1711 = CIRCLE('',#1712,4.1);
#1712 = AXIS2_PLACEMENT_3D('',#1713,#1714,#1715);
#1713 = CARTESIAN_POINT('',(61.871843353823,61.871843353823,48.01));
#1714 = DIRECTION('',(0.,0.,1.));
#1715 = DIRECTION('',(1.,0.,0.));
#1716 = ORIENTED_EDGE('',*,*,#1717,.F.);
#1717 = EDGE_CURVE('',#508,#1709,#1718,.T.);
#1718 = LINE('',#1719,#1720);
#1719 = CARTESIAN_POINT('',(65.971843353823,61.871843353823,40.));
#1720 = VECTOR('',#1721,1.);
#1721 = DIRECTION('',(0.,0.,1.));
#1722 = ORIENTED_EDGE('',*,*,#507,.T.);
#1723 = ORIENTED_EDGE('',*,*,#1717,.T.);
#1724 = CYLINDRICAL_SURFACE('',#1725,4.1);
#1725 = AXIS2_PLACEMENT_3D('',#1726,#1727,#1728);
#1726 = CARTESIAN_POINT('',(61.871843353823,61.871843353823,40.));
#1727 = DIRECTION('',(0.,0.,1.));
#1728 = DIRECTION('',(1.,0.,0.));
#1729 = ADVANCED_FACE('',(#1730),#1749,.F.);
#1730 = FACE_BOUND('',#1731,.F.);
#1731 = EDGE_LOOP('',(#1732,#1740,#1741,#1742));
#1732 = ORIENTED_EDGE('',*,*,#1733,.T.);
#1733 = EDGE_CURVE('',#1734,#528,#1736,.T.);
#1734 = VERTEX_POINT('',#1735);
#1735 = CARTESIAN_POINT('',(-59.62184335382,-61.87184335382,48.01));
#1736 = LINE('',#1737,#1738);
#1737 = CARTESIAN_POINT('',(-59.62184335382,-61.87184335382,47.99));
#1738 = VECTOR('',#1739,1.);
#1739 = DIRECTION('',(0.,0.,1.));
#1740 = ORIENTED_EDGE('',*,*,#527,.F.);
#1741 = ORIENTED_EDGE('',*,*,#1733,.F.);
#1742 = ORIENTED_EDGE('',*,*,#1743,.T.);
#1743 = EDGE_CURVE('',#1734,#1734,#1744,.T.);
#1744 = CIRCLE('',#1745,2.25);
#1745 = AXIS2_PLACEMENT_3D('',#1746,#1747,#1748);
#1746 = CARTESIAN_POINT('',(-61.87184335382,-61.87184335382,48.01));
#1747 = DIRECTION('',(0.,0.,1.));
#1748 = DIRECTION('',(1.,0.,0.));
#1749 = CYLINDRICAL_SURFACE('',#1750,2.25);
#1750 = AXIS2_PLACEMENT_3D('',#1751,#1752,#1753);
#1751 = CARTESIAN_POINT('',(-61.87184335382,-61.87184335382,47.99));
#1752 = DIRECTION('',(0.,0.,1.));
#1753 = DIRECTION('',(1.,0.,0.));
#1754 = ADVANCED_FACE('',(#1755),#1774,.F.);
#1755 = FACE_BOUND('',#1756,.F.);
#1756 = EDGE_LOOP('',(#1757,#1766,#1772,#1773));
#1757 = ORIENTED_EDGE('',*,*,#1758,.F.);
#1758 = EDGE_CURVE('',#1759,#1759,#1761,.T.);
#1759 = VERTEX_POINT('',#1760);
#1760 = CARTESIAN_POINT('',(-33.35,-60.,66.49));
#1761 = CIRCLE('',#1762,3.35);
#1762 = AXIS2_PLACEMENT_3D('',#1763,#1764,#1765);
#1763 = CARTESIAN_POINT('',(-30.,-60.,66.49));
#1764 = DIRECTION('',(0.,0.,-1.));
#1765 = DIRECTION('',(-1.,0.,0.));
#1766 = ORIENTED_EDGE('',*,*,#1767,.F.);
#1767 = EDGE_CURVE('',#539,#1759,#1768,.T.);
#1768 = LINE('',#1769,#1770);
#1769 = CARTESIAN_POINT('',(-33.35,-60.,70.));
#1770 = VECTOR('',#1771,1.);
#1771 = DIRECTION('',(0.,0.,-1.));
#1772 = ORIENTED_EDGE('',*,*,#538,.T.);
#1773 = ORIENTED_EDGE('',*,*,#1767,.T.);
#1774 = CYLINDRICAL_SURFACE('',#1775,3.35);
#1775 = AXIS2_PLACEMENT_3D('',#1776,#1777,#1778);
#1776 = CARTESIAN_POINT('',(-30.,-60.,70.));
#1777 = DIRECTION('',(0.,0.,-1.));
#1778 = DIRECTION('',(-1.,0.,0.));
#1779 = ADVANCED_FACE('',(#1780),#1799,.F.);
#1780 = FACE_BOUND('',#1781,.F.);
#1781 = EDGE_LOOP('',(#1782,#1791,#1797,#1798));
#1782 = ORIENTED_EDGE('',*,*,#1783,.F.);
#1783 = EDGE_CURVE('',#1784,#1784,#1786,.T.);
#1784 = VERTEX_POINT('',#1785);
#1785 = CARTESIAN_POINT('',(26.65,-60.,66.49));
#1786 = CIRCLE('',#1787,3.35);
#1787 = AXIS2_PLACEMENT_3D('',#1788,#1789,#1790);
#1788 = CARTESIAN_POINT('',(30.,-60.,66.49));
#1789 = DIRECTION('',(0.,0.,-1.));
#1790 = DIRECTION('',(-1.,0.,0.));
#1791 = ORIENTED_EDGE('',*,*,#1792,.F.);
#1792 = EDGE_CURVE('',#550,#1784,#1793,.T.);
#1793 = LINE('',#1794,#1795);
#1794 = CARTESIAN_POINT('',(26.65,-60.,70.));
#1795 = VECTOR('',#1796,1.);
#1796 = DIRECTION('',(0.,0.,-1.));
#1797 = ORIENTED_EDGE('',*,*,#549,.T.);
#1798 = ORIENTED_EDGE('',*,*,#1792,.T.);
#1799 = CYLINDRICAL_SURFACE('',#1800,3.35);
#1800 = AXIS2_PLACEMENT_3D('',#1801,#1802,#1803);
#1801 = CARTESIAN_POINT('',(30.,-60.,70.));
#1802 = DIRECTION('',(0.,0.,-1.));
#1803 = DIRECTION('',(-1.,0.,0.));
#1804 = ADVANCED_FACE('',(#1805),#1830,.F.);
#1805 = FACE_BOUND('',#1806,.F.);
#1806 = EDGE_LOOP('',(#1807,#1815,#1823,#1829));
#1807 = ORIENTED_EDGE('',*,*,#1808,.F.);
#1808 = EDGE_CURVE('',#1809,#561,#1811,.T.);
#1809 = VERTEX_POINT('',#1810);
#1810 = CARTESIAN_POINT('',(11.,-77.,47.5));
#1811 = LINE('',#1812,#1813);
#1812 = CARTESIAN_POINT('',(11.,-77.,47.5));
#1813 = VECTOR('',#1814,1.);
#1814 = DIRECTION('',(0.,0.,1.));
#1815 = ORIENTED_EDGE('',*,*,#1816,.T.);
#1816 = EDGE_CURVE('',#1809,#1817,#1819,.T.);
#1817 = VERTEX_POINT('',#1818);
#1818 = CARTESIAN_POINT('',(11.,-43.,47.5));
#1819 = LINE('',#1820,#1821);
#1820 = CARTESIAN_POINT('',(11.,-77.,47.5));
#1821 = VECTOR('',#1822,1.);
#1822 = DIRECTION('',(0.,1.,0.));
#1823 = ORIENTED_EDGE('',*,*,#1824,.T.);
#1824 = EDGE_CURVE('',#1817,#563,#1825,.T.);
#1825 = LINE('',#1826,#1827);
#1826 = CARTESIAN_POINT('',(11.,-43.,47.5));
#1827 = VECTOR('',#1828,1.);
#1828 = DIRECTION('',(0.,0.,1.));
#1829 = ORIENTED_EDGE('',*,*,#560,.F.);
#1830 = PLANE('',#1831);
#1831 = AXIS2_PLACEMENT_3D('',#1832,#1833,#1834);
#1832 = CARTESIAN_POINT('',(11.,-77.,47.5));
#1833 = DIRECTION('',(1.,0.,0.));
#1834 = DIRECTION('',(0.,0.,1.));
#1835 = ADVANCED_FACE('',(#1836),#1854,.T.);
#1836 = FACE_BOUND('',#1837,.T.);
#1837 = EDGE_LOOP('',(#1838,#1839,#1847,#1853));
#1838 = ORIENTED_EDGE('',*,*,#1808,.F.);
#1839 = ORIENTED_EDGE('',*,*,#1840,.F.);
#1840 = EDGE_CURVE('',#1841,#1809,#1843,.T.);
#1841 = VERTEX_POINT('',#1842);
#1842 = CARTESIAN_POINT('',(-11.,-77.,47.5));
#1843 = LINE('',#1844,#1845);
#1844 = CARTESIAN_POINT('',(-11.,-77.,47.5));
#1845 = VECTOR('',#1846,1.);
#1846 = DIRECTION('',(1.,0.,0.));
#1847 = ORIENTED_EDGE('',*,*,#1848,.T.);
#1848 = EDGE_CURVE('',#1841,#571,#1849,.T.);
#1849 = LINE('',#1850,#1851);
#1850 = CARTESIAN_POINT('',(-11.,-77.,47.5));
#1851 = VECTOR('',#1852,1.);
#1852 = DIRECTION('',(0.,0.,1.));
#1853 = ORIENTED_EDGE('',*,*,#570,.F.);
#1854 = PLANE('',#1855);
#1855 = AXIS2_PLACEMENT_3D('',#1856,#1857,#1858);
#1856 = CARTESIAN_POINT('',(-11.,-77.,47.5));
#1857 = DIRECTION('',(0.,1.,0.));
#1858 = DIRECTION('',(0.,0.,1.));
#1859 = ADVANCED_FACE('',(#1860),#1901,.F.);
#1860 = FACE_BOUND('',#1861,.F.);
#1861 = EDGE_LOOP('',(#1862,#1863,#1871,#1877,#1878,#1886,#1894,#1900));
#1862 = ORIENTED_EDGE('',*,*,#1824,.F.);
#1863 = ORIENTED_EDGE('',*,*,#1864,.F.);
#1864 = EDGE_CURVE('',#1865,#1817,#1867,.T.);
#1865 = VERTEX_POINT('',#1866);
#1866 = CARTESIAN_POINT('',(-11.,-43.,47.5));
#1867 = LINE('',#1868,#1869);
#1868 = CARTESIAN_POINT('',(-11.,-43.,47.5));
#1869 = VECTOR('',#1870,1.);
#1870 = DIRECTION('',(1.,0.,0.));
#1871 = ORIENTED_EDGE('',*,*,#1872,.T.);
#1872 = EDGE_CURVE('',#1865,#579,#1873,.T.);
#1873 = LINE('',#1874,#1875);
#1874 = CARTESIAN_POINT('',(-11.,-43.,47.5));
#1875 = VECTOR('',#1876,1.);
#1876 = DIRECTION('',(0.,0.,1.));
#1877 = ORIENTED_EDGE('',*,*,#586,.F.);
#1878 = ORIENTED_EDGE('',*,*,#1879,.T.);
#1879 = EDGE_CURVE('',#587,#1880,#1882,.T.);
#1880 = VERTEX_POINT('',#1881);
#1881 = CARTESIAN_POINT('',(-4.,-43.,52.));
#1882 = LINE('',#1883,#1884);
#1883 = CARTESIAN_POINT('',(-4.,-43.,49.75));
#1884 = VECTOR('',#1885,1.);
#1885 = DIRECTION('',(0.,0.,-1.));
#1886 = ORIENTED_EDGE('',*,*,#1887,.T.);
#1887 = EDGE_CURVE('',#1880,#1888,#1890,.T.);
#1888 = VERTEX_POINT('',#1889);
#1889 = CARTESIAN_POINT('',(4.,-43.,52.));
#1890 = LINE('',#1891,#1892);
#1891 = CARTESIAN_POINT('',(-7.5,-43.,52.));
#1892 = VECTOR('',#1893,1.);
#1893 = DIRECTION('',(1.,0.,0.));
#1894 = ORIENTED_EDGE('',*,*,#1895,.F.);
#1895 = EDGE_CURVE('',#611,#1888,#1896,.T.);
#1896 = LINE('',#1897,#1898);
#1897 = CARTESIAN_POINT('',(4.,-43.,49.75));
#1898 = VECTOR('',#1899,1.);
#1899 = DIRECTION('',(0.,0.,-1.));
#1900 = ORIENTED_EDGE('',*,*,#618,.F.);
#1901 = PLANE('',#1902);
#1902 = AXIS2_PLACEMENT_3D('',#1903,#1904,#1905);
#1903 = CARTESIAN_POINT('',(-11.,-43.,47.5));
#1904 = DIRECTION('',(0.,1.,0.));
#1905 = DIRECTION('',(0.,0.,1.));
#1906 = ADVANCED_FACE('',(#1907),#1918,.T.);
#1907 = FACE_BOUND('',#1908,.T.);
#1908 = EDGE_LOOP('',(#1909,#1910,#1916,#1917));
#1909 = ORIENTED_EDGE('',*,*,#1848,.F.);
#1910 = ORIENTED_EDGE('',*,*,#1911,.T.);
#1911 = EDGE_CURVE('',#1841,#1865,#1912,.T.);
#1912 = LINE('',#1913,#1914);
#1913 = CARTESIAN_POINT('',(-11.,-77.,47.5));
#1914 = VECTOR('',#1915,1.);
#1915 = DIRECTION('',(0.,1.,0.));
#1916 = ORIENTED_EDGE('',*,*,#1872,.T.);
#1917 = ORIENTED_EDGE('',*,*,#578,.F.);
#1918 = PLANE('',#1919);
#1919 = AXIS2_PLACEMENT_3D('',#1920,#1921,#1922);
#1920 = CARTESIAN_POINT('',(-11.,-77.,47.5));
#1921 = DIRECTION('',(1.,0.,0.));
#1922 = DIRECTION('',(0.,0.,1.));
#1923 = ADVANCED_FACE('',(#1924),#1942,.F.);
#1924 = FACE_BOUND('',#1925,.F.);
#1925 = EDGE_LOOP('',(#1926,#1927,#1935,#1941));
#1926 = ORIENTED_EDGE('',*,*,#1895,.T.);
#1927 = ORIENTED_EDGE('',*,*,#1928,.T.);
#1928 = EDGE_CURVE('',#1888,#1929,#1931,.T.);
#1929 = VERTEX_POINT('',#1930);
#1930 = CARTESIAN_POINT('',(4.,-16.,52.));
#1931 = LINE('',#1932,#1933);
#1932 = CARTESIAN_POINT('',(4.,-46.,52.));
#1933 = VECTOR('',#1934,1.);
#1934 = DIRECTION('',(0.,1.,0.));
#1935 = ORIENTED_EDGE('',*,*,#1936,.T.);
#1936 = EDGE_CURVE('',#1929,#603,#1937,.T.);
#1937 = LINE('',#1938,#1939);
#1938 = CARTESIAN_POINT('',(4.,-16.,52.));
#1939 = VECTOR('',#1940,1.);
#1940 = DIRECTION('',(0.,0.,1.));
#1941 = ORIENTED_EDGE('',*,*,#610,.F.);
#1942 = PLANE('',#1943);
#1943 = AXIS2_PLACEMENT_3D('',#1944,#1945,#1946);
#1944 = CARTESIAN_POINT('',(4.,-46.,52.));
#1945 = DIRECTION('',(1.,0.,0.));
#1946 = DIRECTION('',(0.,0.,1.));
#1947 = ADVANCED_FACE('',(#1948),#1966,.F.);
#1948 = FACE_BOUND('',#1949,.F.);
#1949 = EDGE_LOOP('',(#1950,#1951,#1959,#1965));
#1950 = ORIENTED_EDGE('',*,*,#1936,.F.);
#1951 = ORIENTED_EDGE('',*,*,#1952,.F.);
#1952 = EDGE_CURVE('',#1953,#1929,#1955,.T.);
#1953 = VERTEX_POINT('',#1954);
#1954 = CARTESIAN_POINT('',(-4.,-16.,52.));
#1955 = LINE('',#1956,#1957);
#1956 = CARTESIAN_POINT('',(-4.,-16.,52.));
#1957 = VECTOR('',#1958,1.);
#1958 = DIRECTION('',(1.,0.,0.));
#1959 = ORIENTED_EDGE('',*,*,#1960,.T.);
#1960 = EDGE_CURVE('',#1953,#595,#1961,.T.);
#1961 = LINE('',#1962,#1963);
#1962 = CARTESIAN_POINT('',(-4.,-16.,52.));
#1963 = VECTOR('',#1964,1.);
#1964 = DIRECTION('',(0.,0.,1.));
#1965 = ORIENTED_EDGE('',*,*,#602,.F.);
#1966 = PLANE('',#1967);
#1967 = AXIS2_PLACEMENT_3D('',#1968,#1969,#1970);
#1968 = CARTESIAN_POINT('',(-4.,-16.,52.));
#1969 = DIRECTION('',(0.,1.,0.));
#1970 = DIRECTION('',(0.,0.,1.));
#1971 = ADVANCED_FACE('',(#1972),#1983,.T.);
#1972 = FACE_BOUND('',#1973,.T.);
#1973 = EDGE_LOOP('',(#1974,#1975,#1981,#1982));
#1974 = ORIENTED_EDGE('',*,*,#1879,.T.);
#1975 = ORIENTED_EDGE('',*,*,#1976,.T.);
#1976 = EDGE_CURVE('',#1880,#1953,#1977,.T.);
#1977 = LINE('',#1978,#1979);
#1978 = CARTESIAN_POINT('',(-4.,-46.,52.));
#1979 = VECTOR('',#1980,1.);
#1980 = DIRECTION('',(0.,1.,0.));
#1981 = ORIENTED_EDGE('',*,*,#1960,.T.);
#1982 = ORIENTED_EDGE('',*,*,#594,.F.);
#1983 = PLANE('',#1984);
#1984 = AXIS2_PLACEMENT_3D('',#1985,#1986,#1987);
#1985 = CARTESIAN_POINT('',(-4.,-46.,52.));
#1986 = DIRECTION('',(1.,0.,0.));
#1987 = DIRECTION('',(0.,0.,1.));
#1988 = ADVANCED_FACE('',(#1989),#2008,.F.);
#1989 = FACE_BOUND('',#1990,.F.);
#1990 = EDGE_LOOP('',(#1991,#1999,#2000,#2001));
#1991 = ORIENTED_EDGE('',*,*,#1992,.T.);
#1992 = EDGE_CURVE('',#1993,#627,#1995,.T.);
#1993 = VERTEX_POINT('',#1994);
#1994 = CARTESIAN_POINT('',(64.121843353823,-61.87184335382,48.01));
#1995 = LINE('',#1996,#1997);
#1996 = CARTESIAN_POINT('',(64.121843353823,-61.87184335382,47.99));
#1997 = VECTOR('',#1998,1.);
#1998 = DIRECTION('',(0.,0.,1.));
#1999 = ORIENTED_EDGE('',*,*,#626,.F.);
#2000 = ORIENTED_EDGE('',*,*,#1992,.F.);
#2001 = ORIENTED_EDGE('',*,*,#2002,.T.);
#2002 = EDGE_CURVE('',#1993,#1993,#2003,.T.);
#2003 = CIRCLE('',#2004,2.25);
#2004 = AXIS2_PLACEMENT_3D('',#2005,#2006,#2007);
#2005 = CARTESIAN_POINT('',(61.871843353823,-61.87184335382,48.01));
#2006 = DIRECTION('',(0.,0.,1.));
#2007 = DIRECTION('',(1.,0.,0.));
#2008 = CYLINDRICAL_SURFACE('',#2009,2.25);
#2009 = AXIS2_PLACEMENT_3D('',#2010,#2011,#2012);
#2010 = CARTESIAN_POINT('',(61.871843353823,-61.87184335382,47.99));
#2011 = DIRECTION('',(0.,0.,1.));
#2012 = DIRECTION('',(1.,0.,0.));
#2013 = ADVANCED_FACE('',(#2014),#2033,.F.);
#2014 = FACE_BOUND('',#2015,.F.);
#2015 = EDGE_LOOP('',(#2016,#2017,#2025,#2032));
#2016 = ORIENTED_EDGE('',*,*,#648,.F.);
#2017 = ORIENTED_EDGE('',*,*,#2018,.F.);
#2018 = EDGE_CURVE('',#2019,#649,#2021,.T.);
#2019 = VERTEX_POINT('',#2020);
#2020 = CARTESIAN_POINT('',(4.5,-1.102182119233E-15,50.));
#2021 = LINE('',#2022,#2023);
#2022 = CARTESIAN_POINT('',(4.5,-1.102182119233E-15,40.));
#2023 = VECTOR('',#2024,1.);
#2024 = DIRECTION('',(0.,0.,1.));
#2025 = ORIENTED_EDGE('',*,*,#2026,.T.);
#2026 = EDGE_CURVE('',#2019,#2019,#2027,.T.);
#2027 = CIRCLE('',#2028,4.5);
#2028 = AXIS2_PLACEMENT_3D('',#2029,#2030,#2031);
#2029 = CARTESIAN_POINT('',(0.,0.,50.));
#2030 = DIRECTION('',(0.,0.,1.));
#2031 = DIRECTION('',(1.,0.,0.));
#2032 = ORIENTED_EDGE('',*,*,#2018,.T.);
#2033 = CYLINDRICAL_SURFACE('',#2034,4.5);
#2034 = AXIS2_PLACEMENT_3D('',#2035,#2036,#2037);
#2035 = CARTESIAN_POINT('',(0.,0.,40.));
#2036 = DIRECTION('',(0.,0.,1.));
#2037 = DIRECTION('',(1.,0.,0.));
#2038 = ADVANCED_FACE('',(#2039),#2058,.F.);
#2039 = FACE_BOUND('',#2040,.F.);
#2040 = EDGE_LOOP('',(#2041,#2049,#2050,#2051));
#2041 = ORIENTED_EDGE('',*,*,#2042,.T.);
#2042 = EDGE_CURVE('',#2043,#671,#2045,.T.);
#2043 = VERTEX_POINT('',#2044);
#2044 = CARTESIAN_POINT('',(-59.62184335382,61.871843353823,48.01));
#2045 = LINE('',#2046,#2047);
#2046 = CARTESIAN_POINT('',(-59.62184335382,61.871843353823,47.99));
#2047 = VECTOR('',#2048,1.);
#2048 = DIRECTION('',(0.,0.,1.));
#2049 = ORIENTED_EDGE('',*,*,#670,.F.);
#2050 = ORIENTED_EDGE('',*,*,#2042,.F.);
#2051 = ORIENTED_EDGE('',*,*,#2052,.T.);
#2052 = EDGE_CURVE('',#2043,#2043,#2053,.T.);
#2053 = CIRCLE('',#2054,2.25);
#2054 = AXIS2_PLACEMENT_3D('',#2055,#2056,#2057);
#2055 = CARTESIAN_POINT('',(-61.87184335382,61.871843353823,48.01));
#2056 = DIRECTION('',(0.,0.,1.));
#2057 = DIRECTION('',(1.,0.,0.));
#2058 = CYLINDRICAL_SURFACE('',#2059,2.25);
#2059 = AXIS2_PLACEMENT_3D('',#2060,#2061,#2062);
#2060 = CARTESIAN_POINT('',(-61.87184335382,61.871843353823,47.99));
#2061 = DIRECTION('',(0.,0.,1.));
#2062 = DIRECTION('',(1.,0.,0.));
#2063 = ADVANCED_FACE('',(#2064),#2083,.F.);
#2064 = FACE_BOUND('',#2065,.F.);
#2065 = EDGE_LOOP('',(#2066,#2075,#2081,#2082));
#2066 = ORIENTED_EDGE('',*,*,#2067,.F.);
#2067 = EDGE_CURVE('',#2068,#2068,#2070,.T.);
#2068 = VERTEX_POINT('',#2069);
#2069 = CARTESIAN_POINT('',(-29.7,60.,43.29));
#2070 = CIRCLE('',#2071,1.7);
#2071 = AXIS2_PLACEMENT_3D('',#2072,#2073,#2074);
#2072 = CARTESIAN_POINT('',(-28.,60.,43.29));
#2073 = DIRECTION('',(0.,0.,-1.));
#2074 = DIRECTION('',(-1.,0.,0.));
#2075 = ORIENTED_EDGE('',*,*,#2076,.F.);
#2076 = EDGE_CURVE('',#682,#2068,#2077,.T.);
#2077 = LINE('',#2078,#2079);
#2078 = CARTESIAN_POINT('',(-29.7,60.,70.01));
#2079 = VECTOR('',#2080,1.);
#2080 = DIRECTION('',(0.,0.,-1.));
#2081 = ORIENTED_EDGE('',*,*,#681,.T.);
#2082 = ORIENTED_EDGE('',*,*,#2076,.T.);
#2083 = CYLINDRICAL_SURFACE('',#2084,1.7);
#2084 = AXIS2_PLACEMENT_3D('',#2085,#2086,#2087);
#2085 = CARTESIAN_POINT('',(-28.,60.,70.01));
#2086 = DIRECTION('',(0.,0.,-1.));
#2087 = DIRECTION('',(-1.,0.,0.));
#2088 = ADVANCED_FACE('',(#2089),#2114,.T.);
#2089 = FACE_BOUND('',#2090,.T.);
#2090 = EDGE_LOOP('',(#2091,#2099,#2107,#2113));
#2091 = ORIENTED_EDGE('',*,*,#2092,.F.);
#2092 = EDGE_CURVE('',#2093,#693,#2095,.T.);
#2093 = VERTEX_POINT('',#2094);
#2094 = CARTESIAN_POINT('',(20.5,39.5,44.));
#2095 = LINE('',#2096,#2097);
#2096 = CARTESIAN_POINT('',(20.5,39.5,44.));
#2097 = VECTOR('',#2098,1.);
#2098 = DIRECTION('',(0.,0.,1.));
#2099 = ORIENTED_EDGE('',*,*,#2100,.F.);
#2100 = EDGE_CURVE('',#2101,#2093,#2103,.T.);
#2101 = VERTEX_POINT('',#2102);
#2102 = CARTESIAN_POINT('',(-20.5,39.5,44.));
#2103 = LINE('',#2104,#2105);
#2104 = CARTESIAN_POINT('',(-20.5,39.5,44.));
#2105 = VECTOR('',#2106,1.);
#2106 = DIRECTION('',(1.,0.,0.));
#2107 = ORIENTED_EDGE('',*,*,#2108,.T.);
#2108 = EDGE_CURVE('',#2101,#695,#2109,.T.);
#2109 = LINE('',#2110,#2111);
#2110 = CARTESIAN_POINT('',(-20.5,39.5,44.));
#2111 = VECTOR('',#2112,1.);
#2112 = DIRECTION('',(0.,0.,1.));
#2113 = ORIENTED_EDGE('',*,*,#692,.F.);
#2114 = PLANE('',#2115);
#2115 = AXIS2_PLACEMENT_3D('',#2116,#2117,#2118);
#2116 = CARTESIAN_POINT('',(-20.5,39.5,44.));
#2117 = DIRECTION('',(0.,1.,0.));
#2118 = DIRECTION('',(0.,0.,1.));
#2119 = ADVANCED_FACE('',(#2120),#2138,.F.);
#2120 = FACE_BOUND('',#2121,.F.);
#2121 = EDGE_LOOP('',(#2122,#2123,#2131,#2137));
#2122 = ORIENTED_EDGE('',*,*,#2092,.F.);
#2123 = ORIENTED_EDGE('',*,*,#2124,.T.);
#2124 = EDGE_CURVE('',#2093,#2125,#2127,.T.);
#2125 = VERTEX_POINT('',#2126);
#2126 = CARTESIAN_POINT('',(20.5,80.5,44.));
#2127 = LINE('',#2128,#2129);
#2128 = CARTESIAN_POINT('',(20.5,39.5,44.));
#2129 = VECTOR('',#2130,1.);
#2130 = DIRECTION('',(0.,1.,0.));
#2131 = ORIENTED_EDGE('',*,*,#2132,.T.);
#2132 = EDGE_CURVE('',#2125,#711,#2133,.T.);
#2133 = LINE('',#2134,#2135);
#2134 = CARTESIAN_POINT('',(20.5,80.5,44.));
#2135 = VECTOR('',#2136,1.);
#2136 = DIRECTION('',(0.,0.,1.));
#2137 = ORIENTED_EDGE('',*,*,#718,.F.);
#2138 = PLANE('',#2139);
#2139 = AXIS2_PLACEMENT_3D('',#2140,#2141,#2142);
#2140 = CARTESIAN_POINT('',(20.5,39.5,44.));
#2141 = DIRECTION('',(1.,0.,0.));
#2142 = DIRECTION('',(0.,0.,1.));
#2143 = ADVANCED_FACE('',(#2144),#2162,.T.);
#2144 = FACE_BOUND('',#2145,.T.);
#2145 = EDGE_LOOP('',(#2146,#2147,#2155,#2161));
#2146 = ORIENTED_EDGE('',*,*,#2108,.F.);
#2147 = ORIENTED_EDGE('',*,*,#2148,.T.);
#2148 = EDGE_CURVE('',#2101,#2149,#2151,.T.);
#2149 = VERTEX_POINT('',#2150);
#2150 = CARTESIAN_POINT('',(-20.5,80.5,44.));
#2151 = LINE('',#2152,#2153);
#2152 = CARTESIAN_POINT('',(-20.5,39.5,44.));
#2153 = VECTOR('',#2154,1.);
#2154 = DIRECTION('',(0.,1.,0.));
#2155 = ORIENTED_EDGE('',*,*,#2156,.T.);
#2156 = EDGE_CURVE('',#2149,#703,#2157,.T.);
#2157 = LINE('',#2158,#2159);
#2158 = CARTESIAN_POINT('',(-20.5,80.5,44.));
#2159 = VECTOR('',#2160,1.);
#2160 = DIRECTION('',(0.,0.,1.));
#2161 = ORIENTED_EDGE('',*,*,#702,.F.);
#2162 = PLANE('',#2163);
#2163 = AXIS2_PLACEMENT_3D('',#2164,#2165,#2166);
#2164 = CARTESIAN_POINT('',(-20.5,39.5,44.));
#2165 = DIRECTION('',(1.,0.,0.));
#2166 = DIRECTION('',(0.,0.,1.));
#2167 = ADVANCED_FACE('',(#2168),#2179,.F.);
#2168 = FACE_BOUND('',#2169,.F.);
#2169 = EDGE_LOOP('',(#2170,#2171,#2177,#2178));
#2170 = ORIENTED_EDGE('',*,*,#2132,.F.);
#2171 = ORIENTED_EDGE('',*,*,#2172,.F.);
#2172 = EDGE_CURVE('',#2149,#2125,#2173,.T.);
#2173 = LINE('',#2174,#2175);
#2174 = CARTESIAN_POINT('',(-20.5,80.5,44.));
#2175 = VECTOR('',#2176,1.);
#2176 = DIRECTION('',(1.,0.,0.));
#2177 = ORIENTED_EDGE('',*,*,#2156,.T.);
#2178 = ORIENTED_EDGE('',*,*,#710,.F.);
#2179 = PLANE('',#2180);
#2180 = AXIS2_PLACEMENT_3D('',#2181,#2182,#2183);
#2181 = CARTESIAN_POINT('',(-20.5,80.5,44.));
#2182 = DIRECTION('',(0.,1.,0.));
#2183 = DIRECTION('',(0.,0.,1.));
#2184 = ADVANCED_FACE('',(#2185),#2204,.F.);
#2185 = FACE_BOUND('',#2186,.F.);
#2186 = EDGE_LOOP('',(#2187,#2196,#2202,#2203));
#2187 = ORIENTED_EDGE('',*,*,#2188,.F.);
#2188 = EDGE_CURVE('',#2189,#2189,#2191,.T.);
#2189 = VERTEX_POINT('',#2190);
#2190 = CARTESIAN_POINT('',(26.3,60.,43.29));
#2191 = CIRCLE('',#2192,1.7);
#2192 = AXIS2_PLACEMENT_3D('',#2193,#2194,#2195);
#2193 = CARTESIAN_POINT('',(28.,60.,43.29));
#2194 = DIRECTION('',(0.,0.,-1.));
#2195 = DIRECTION('',(-1.,0.,0.));
#2196 = ORIENTED_EDGE('',*,*,#2197,.F.);
#2197 = EDGE_CURVE('',#727,#2189,#2198,.T.);
#2198 = LINE('',#2199,#2200);
#2199 = CARTESIAN_POINT('',(26.3,60.,70.01));
#2200 = VECTOR('',#2201,1.);
#2201 = DIRECTION('',(0.,0.,-1.));
#2202 = ORIENTED_EDGE('',*,*,#726,.T.);
#2203 = ORIENTED_EDGE('',*,*,#2197,.T.);
#2204 = CYLINDRICAL_SURFACE('',#2205,1.7);
#2205 = AXIS2_PLACEMENT_3D('',#2206,#2207,#2208);
#2206 = CARTESIAN_POINT('',(28.,60.,70.01));
#2207 = DIRECTION('',(0.,0.,-1.));
#2208 = DIRECTION('',(-1.,0.,0.));
#2209 = ADVANCED_FACE('',(#2210),#2229,.F.);
#2210 = FACE_BOUND('',#2211,.F.);
#2211 = EDGE_LOOP('',(#2212,#2220,#2221,#2222));
#2212 = ORIENTED_EDGE('',*,*,#2213,.T.);
#2213 = EDGE_CURVE('',#2214,#738,#2216,.T.);
#2214 = VERTEX_POINT('',#2215);
#2215 = CARTESIAN_POINT('',(64.121843353823,61.871843353823,48.01));
#2216 = LINE('',#2217,#2218);
#2217 = CARTESIAN_POINT('',(64.121843353823,61.871843353823,47.99));
#2218 = VECTOR('',#2219,1.);
#2219 = DIRECTION('',(0.,0.,1.));
#2220 = ORIENTED_EDGE('',*,*,#737,.F.);
#2221 = ORIENTED_EDGE('',*,*,#2213,.F.);
#2222 = ORIENTED_EDGE('',*,*,#2223,.T.);
#2223 = EDGE_CURVE('',#2214,#2214,#2224,.T.);
#2224 = CIRCLE('',#2225,2.25);
#2225 = AXIS2_PLACEMENT_3D('',#2226,#2227,#2228);
#2226 = CARTESIAN_POINT('',(61.871843353823,61.871843353823,48.01));
#2227 = DIRECTION('',(0.,0.,1.));
#2228 = DIRECTION('',(1.,0.,0.));
#2229 = CYLINDRICAL_SURFACE('',#2230,2.25);
#2230 = AXIS2_PLACEMENT_3D('',#2231,#2232,#2233);
#2231 = CARTESIAN_POINT('',(61.871843353823,61.871843353823,47.99));
#2232 = DIRECTION('',(0.,0.,1.));
#2233 = DIRECTION('',(1.,0.,0.));
#2234 = ADVANCED_FACE('',(#2235,#2238),#2241,.F.);
#2235 = FACE_BOUND('',#2236,.F.);
#2236 = EDGE_LOOP('',(#2237));
#2237 = ORIENTED_EDGE('',*,*,#754,.T.);
#2238 = FACE_BOUND('',#2239,.F.);
#2239 = EDGE_LOOP('',(#2240));
#2240 = ORIENTED_EDGE('',*,*,#1743,.F.);
#2241 = PLANE('',#2242);
#2242 = AXIS2_PLACEMENT_3D('',#2243,#2244,#2245);
#2243 = CARTESIAN_POINT('',(-61.87184335382,-61.87184335382,48.01));
#2244 = DIRECTION('',(0.,0.,1.));
#2245 = DIRECTION('',(1.,0.,0.));
#2246 = ADVANCED_FACE('',(#2247,#2250),#2253,.F.);
#2247 = FACE_BOUND('',#2248,.F.);
#2248 = EDGE_LOOP('',(#2249));
#2249 = ORIENTED_EDGE('',*,*,#1758,.T.);
#2250 = FACE_BOUND('',#2251,.F.);
#2251 = EDGE_LOOP('',(#2252));
#2252 = ORIENTED_EDGE('',*,*,#789,.F.);
#2253 = PLANE('',#2254);
#2254 = AXIS2_PLACEMENT_3D('',#2255,#2256,#2257);
#2255 = CARTESIAN_POINT('',(-30.,-60.,66.49));
#2256 = DIRECTION('',(0.,0.,-1.));
#2257 = DIRECTION('',(-1.,0.,0.));
#2258 = ADVANCED_FACE('',(#2259,#2267),#2278,.F.);
#2259 = FACE_BOUND('',#2260,.F.);
#2260 = EDGE_LOOP('',(#2261,#2262,#2263,#2264,#2265,#2266));
#2261 = ORIENTED_EDGE('',*,*,#868,.T.);
#2262 = ORIENTED_EDGE('',*,*,#813,.T.);
#2263 = ORIENTED_EDGE('',*,*,#837,.T.);
#2264 = ORIENTED_EDGE('',*,*,#885,.T.);
#2265 = ORIENTED_EDGE('',*,*,#933,.T.);
#2266 = ORIENTED_EDGE('',*,*,#916,.T.);
#2267 = FACE_BOUND('',#2268,.F.);
#2268 = EDGE_LOOP('',(#2269));
#2269 = ORIENTED_EDGE('',*,*,#2270,.T.);
#2270 = EDGE_CURVE('',#2271,#2271,#2273,.T.);
#2271 = VERTEX_POINT('',#2272);
#2272 = CARTESIAN_POINT('',(-1.7,-73.,43.29));
#2273 = CIRCLE('',#2274,1.7);
#2274 = AXIS2_PLACEMENT_3D('',#2275,#2276,#2277);
#2275 = CARTESIAN_POINT('',(0.,-73.,43.29));
#2276 = DIRECTION('',(0.,0.,-1.));
#2277 = DIRECTION('',(-1.,0.,0.));
#2278 = PLANE('',#2279);
#2279 = AXIS2_PLACEMENT_3D('',#2280,#2281,#2282);
#2280 = CARTESIAN_POINT('',(-8.691356774615E-17,-73.,43.29));
#2281 = DIRECTION('',(0.,0.,1.));
#2282 = DIRECTION('',(1.,0.,0.));
#2283 = ADVANCED_FACE('',(#2284),#2287,.F.);
#2284 = FACE_BOUND('',#2285,.F.);
#2285 = EDGE_LOOP('',(#2286));
#2286 = ORIENTED_EDGE('',*,*,#956,.T.);
#2287 = PLANE('',#2288);
#2288 = AXIS2_PLACEMENT_3D('',#2289,#2290,#2291);
#2289 = CARTESIAN_POINT('',(0.,-60.,46.));
#2290 = DIRECTION('',(0.,0.,1.));
#2291 = DIRECTION('',(1.,0.,0.));
#2292 = ADVANCED_FACE('',(#2293,#2296),#2299,.F.);
#2293 = FACE_BOUND('',#2294,.F.);
#2294 = EDGE_LOOP('',(#2295));
#2295 = ORIENTED_EDGE('',*,*,#1783,.T.);
#2296 = FACE_BOUND('',#2297,.F.);
#2297 = EDGE_LOOP('',(#2298));
#2298 = ORIENTED_EDGE('',*,*,#983,.F.);
#2299 = PLANE('',#2300);
#2300 = AXIS2_PLACEMENT_3D('',#2301,#2302,#2303);
#2301 = CARTESIAN_POINT('',(30.,-60.,66.49));
#2302 = DIRECTION('',(0.,0.,-1.));
#2303 = DIRECTION('',(-1.,0.,0.));
#2304 = ADVANCED_FACE('',(#2305,#2313),#2324,.F.);
#2305 = FACE_BOUND('',#2306,.F.);
#2306 = EDGE_LOOP('',(#2307,#2308,#2309,#2310,#2311,#2312));
#2307 = ORIENTED_EDGE('',*,*,#1062,.T.);
#2308 = ORIENTED_EDGE('',*,*,#1007,.T.);
#2309 = ORIENTED_EDGE('',*,*,#1031,.T.);
#2310 = ORIENTED_EDGE('',*,*,#1079,.T.);
#2311 = ORIENTED_EDGE('',*,*,#1127,.T.);
#2312 = ORIENTED_EDGE('',*,*,#1110,.T.);
#2313 = FACE_BOUND('',#2314,.F.);
#2314 = EDGE_LOOP('',(#2315));
#2315 = ORIENTED_EDGE('',*,*,#2316,.T.);
#2316 = EDGE_CURVE('',#2317,#2317,#2319,.T.);
#2317 = VERTEX_POINT('',#2318);
#2318 = CARTESIAN_POINT('',(-1.7,-47.,43.29));
#2319 = CIRCLE('',#2320,1.7);
#2320 = AXIS2_PLACEMENT_3D('',#2321,#2322,#2323);
#2321 = CARTESIAN_POINT('',(0.,-47.,43.29));
#2322 = DIRECTION('',(0.,0.,-1.));
#2323 = DIRECTION('',(-1.,0.,0.));
#2324 = PLANE('',#2325);
#2325 = AXIS2_PLACEMENT_3D('',#2326,#2327,#2328);
#2326 = CARTESIAN_POINT('',(-8.691356774615E-17,-47.,43.29));
#2327 = DIRECTION('',(0.,0.,1.));
#2328 = DIRECTION('',(1.,0.,0.));
#2329 = ADVANCED_FACE('',(#2330,#2333),#2336,.F.);
#2330 = FACE_BOUND('',#2331,.F.);
#2331 = EDGE_LOOP('',(#2332));
#2332 = ORIENTED_EDGE('',*,*,#1142,.T.);
#2333 = FACE_BOUND('',#2334,.F.);
#2334 = EDGE_LOOP('',(#2335));
#2335 = ORIENTED_EDGE('',*,*,#2002,.F.);
#2336 = PLANE('',#2337);
#2337 = AXIS2_PLACEMENT_3D('',#2338,#2339,#2340);
#2338 = CARTESIAN_POINT('',(61.871843353823,-61.87184335382,48.01));
#2339 = DIRECTION('',(0.,0.,1.));
#2340 = DIRECTION('',(1.,0.,0.));
#2341 = ADVANCED_FACE('',(#2342,#2348),#2351,.T.);
#2342 = FACE_BOUND('',#2343,.T.);
#2343 = EDGE_LOOP('',(#2344,#2345,#2346,#2347));
#2344 = ORIENTED_EDGE('',*,*,#1976,.F.);
#2345 = ORIENTED_EDGE('',*,*,#1887,.T.);
#2346 = ORIENTED_EDGE('',*,*,#1928,.T.);
#2347 = ORIENTED_EDGE('',*,*,#1952,.F.);
#2348 = FACE_BOUND('',#2349,.T.);
#2349 = EDGE_LOOP('',(#2350));
#2350 = ORIENTED_EDGE('',*,*,#1167,.F.);
#2351 = PLANE('',#2352);
#2352 = AXIS2_PLACEMENT_3D('',#2353,#2354,#2355);
#2353 = CARTESIAN_POINT('',(-4.,-46.,52.));
#2354 = DIRECTION('',(0.,0.,1.));
#2355 = DIRECTION('',(1.,0.,0.));
#2356 = ADVANCED_FACE('',(#2357,#2360),#2363,.F.);
#2357 = FACE_BOUND('',#2358,.F.);
#2358 = EDGE_LOOP('',(#2359));
#2359 = ORIENTED_EDGE('',*,*,#1226,.T.);
#2360 = FACE_BOUND('',#2361,.F.);
#2361 = EDGE_LOOP('',(#2362));
#2362 = ORIENTED_EDGE('',*,*,#2052,.F.);
#2363 = PLANE('',#2364);
#2364 = AXIS2_PLACEMENT_3D('',#2365,#2366,#2367);
#2365 = CARTESIAN_POINT('',(-61.87184335382,61.871843353823,48.01));
#2366 = DIRECTION('',(0.,0.,1.));
#2367 = DIRECTION('',(1.,0.,0.));
#2368 = ADVANCED_FACE('',(#2369,#2377),#2380,.F.);
#2369 = FACE_BOUND('',#2370,.F.);
#2370 = EDGE_LOOP('',(#2371,#2372,#2373,#2374,#2375,#2376));
#2371 = ORIENTED_EDGE('',*,*,#1315,.T.);
#2372 = ORIENTED_EDGE('',*,*,#1260,.T.);
#2373 = ORIENTED_EDGE('',*,*,#1284,.T.);
#2374 = ORIENTED_EDGE('',*,*,#1332,.T.);
#2375 = ORIENTED_EDGE('',*,*,#1380,.T.);
#2376 = ORIENTED_EDGE('',*,*,#1363,.T.);
#2377 = FACE_BOUND('',#2378,.F.);
#2378 = EDGE_LOOP('',(#2379));
#2379 = ORIENTED_EDGE('',*,*,#2067,.T.);
#2380 = PLANE('',#2381);
#2381 = AXIS2_PLACEMENT_3D('',#2382,#2383,#2384);
#2382 = CARTESIAN_POINT('',(-28.,60.,43.29));
#2383 = DIRECTION('',(0.,0.,1.));
#2384 = DIRECTION('',(1.,0.,0.));
#2385 = ADVANCED_FACE('',(#2386,#2394),#2397,.F.);
#2386 = FACE_BOUND('',#2387,.F.);
#2387 = EDGE_LOOP('',(#2388,#2389,#2390,#2391,#2392,#2393));
#2388 = ORIENTED_EDGE('',*,*,#1459,.T.);
#2389 = ORIENTED_EDGE('',*,*,#1404,.T.);
#2390 = ORIENTED_EDGE('',*,*,#1428,.T.);
#2391 = ORIENTED_EDGE('',*,*,#1476,.T.);
#2392 = ORIENTED_EDGE('',*,*,#1524,.T.);
#2393 = ORIENTED_EDGE('',*,*,#1507,.T.);
#2394 = FACE_BOUND('',#2395,.F.);
#2395 = EDGE_LOOP('',(#2396));
#2396 = ORIENTED_EDGE('',*,*,#2026,.F.);
#2397 = PLANE('',#2398);
#2398 = AXIS2_PLACEMENT_3D('',#2399,#2400,#2401);
#2399 = CARTESIAN_POINT('',(1.831393034651E-16,1.831393034651E-16,50.));
#2400 = DIRECTION('',(0.,0.,1.));
#2401 = DIRECTION('',(1.,0.,0.));
#2402 = ADVANCED_FACE('',(#2403,#2409),#2412,.T.);
#2403 = FACE_BOUND('',#2404,.T.);
#2404 = EDGE_LOOP('',(#2405,#2406,#2407,#2408));
#2405 = ORIENTED_EDGE('',*,*,#2148,.F.);
#2406 = ORIENTED_EDGE('',*,*,#2100,.T.);
#2407 = ORIENTED_EDGE('',*,*,#2124,.T.);
#2408 = ORIENTED_EDGE('',*,*,#2172,.F.);
#2409 = FACE_BOUND('',#2410,.T.);
#2410 = EDGE_LOOP('',(#2411));
#2411 = ORIENTED_EDGE('',*,*,#1539,.F.);
#2412 = PLANE('',#2413);
#2413 = AXIS2_PLACEMENT_3D('',#2414,#2415,#2416);
#2414 = CARTESIAN_POINT('',(-20.5,39.5,44.));
#2415 = DIRECTION('',(0.,0.,1.));
#2416 = DIRECTION('',(1.,0.,0.));
#2417 = ADVANCED_FACE('',(#2418,#2426),#2429,.F.);
#2418 = FACE_BOUND('',#2419,.F.);
#2419 = EDGE_LOOP('',(#2420,#2421,#2422,#2423,#2424,#2425));
#2420 = ORIENTED_EDGE('',*,*,#1628,.T.);
#2421 = ORIENTED_EDGE('',*,*,#1573,.T.);
#2422 = ORIENTED_EDGE('',*,*,#1597,.T.);
#2423 = ORIENTED_EDGE('',*,*,#1645,.T.);
#2424 = ORIENTED_EDGE('',*,*,#1693,.T.);
#2425 = ORIENTED_EDGE('',*,*,#1676,.T.);
#2426 = FACE_BOUND('',#2427,.F.);
#2427 = EDGE_LOOP('',(#2428));
#2428 = ORIENTED_EDGE('',*,*,#2188,.T.);
#2429 = PLANE('',#2430);
#2430 = AXIS2_PLACEMENT_3D('',#2431,#2432,#2433);
#2431 = CARTESIAN_POINT('',(28.,60.,43.29));
#2432 = DIRECTION('',(0.,0.,1.));
#2433 = DIRECTION('',(1.,0.,0.));
#2434 = ADVANCED_FACE('',(#2435,#2438),#2441,.F.);
#2435 = FACE_BOUND('',#2436,.F.);
#2436 = EDGE_LOOP('',(#2437));
#2437 = ORIENTED_EDGE('',*,*,#1708,.T.);
#2438 = FACE_BOUND('',#2439,.F.);
#2439 = EDGE_LOOP('',(#2440));
#2440 = ORIENTED_EDGE('',*,*,#2223,.F.);
#2441 = PLANE('',#2442);
#2442 = AXIS2_PLACEMENT_3D('',#2443,#2444,#2445);
#2443 = CARTESIAN_POINT('',(61.871843353823,61.871843353823,48.01));
#2444 = DIRECTION('',(0.,0.,1.));
#2445 = DIRECTION('',(1.,0.,0.));
#2446 = ADVANCED_FACE('',(#2447,#2453,#2464),#2475,.T.);
#2447 = FACE_BOUND('',#2448,.T.);
#2448 = EDGE_LOOP('',(#2449,#2450,#2451,#2452));
#2449 = ORIENTED_EDGE('',*,*,#1911,.F.);
#2450 = ORIENTED_EDGE('',*,*,#1840,.T.);
#2451 = ORIENTED_EDGE('',*,*,#1816,.T.);
#2452 = ORIENTED_EDGE('',*,*,#1864,.F.);
#2453 = FACE_BOUND('',#2454,.T.);
#2454 = EDGE_LOOP('',(#2455));
#2455 = ORIENTED_EDGE('',*,*,#2456,.T.);
#2456 = EDGE_CURVE('',#2457,#2457,#2459,.T.);
#2457 = VERTEX_POINT('',#2458);
#2458 = CARTESIAN_POINT('',(-1.7,-73.,47.5));
#2459 = CIRCLE('',#2460,1.7);
#2460 = AXIS2_PLACEMENT_3D('',#2461,#2462,#2463);
#2461 = CARTESIAN_POINT('',(0.,-73.,47.5));
#2462 = DIRECTION('',(0.,0.,-1.));
#2463 = DIRECTION('',(-1.,0.,0.));
#2464 = FACE_BOUND('',#2465,.T.);
#2465 = EDGE_LOOP('',(#2466));
#2466 = ORIENTED_EDGE('',*,*,#2467,.T.);
#2467 = EDGE_CURVE('',#2468,#2468,#2470,.T.);
#2468 = VERTEX_POINT('',#2469);
#2469 = CARTESIAN_POINT('',(-1.7,-47.,47.5));
#2470 = CIRCLE('',#2471,1.7);
#2471 = AXIS2_PLACEMENT_3D('',#2472,#2473,#2474);
#2472 = CARTESIAN_POINT('',(0.,-47.,47.5));
#2473 = DIRECTION('',(0.,0.,-1.));
#2474 = DIRECTION('',(-1.,0.,0.));
#2475 = PLANE('',#2476);
#2476 = AXIS2_PLACEMENT_3D('',#2477,#2478,#2479);
#2477 = CARTESIAN_POINT('',(-11.,-77.,47.5));
#2478 = DIRECTION('',(0.,0.,1.));
#2479 = DIRECTION('',(1.,0.,0.));
#2480 = ADVANCED_FACE('',(#2481),#2492,.F.);
#2481 = FACE_BOUND('',#2482,.F.);
#2482 = EDGE_LOOP('',(#2483,#2484,#2490,#2491));
#2483 = ORIENTED_EDGE('',*,*,#2270,.F.);
#2484 = ORIENTED_EDGE('',*,*,#2485,.F.);
#2485 = EDGE_CURVE('',#2457,#2271,#2486,.T.);
#2486 = LINE('',#2487,#2488);
#2487 = CARTESIAN_POINT('',(-1.7,-73.,47.51));
#2488 = VECTOR('',#2489,1.);
#2489 = DIRECTION('',(0.,0.,-1.));
#2490 = ORIENTED_EDGE('',*,*,#2456,.T.);
#2491 = ORIENTED_EDGE('',*,*,#2485,.T.);
#2492 = CYLINDRICAL_SURFACE('',#2493,1.7);
#2493 = AXIS2_PLACEMENT_3D('',#2494,#2495,#2496);
#2494 = CARTESIAN_POINT('',(0.,-73.,47.51));
#2495 = DIRECTION('',(0.,0.,-1.));
#2496 = DIRECTION('',(-1.,0.,0.));
#2497 = ADVANCED_FACE('',(#2498),#2509,.F.);
#2498 = FACE_BOUND('',#2499,.F.);
#2499 = EDGE_LOOP('',(#2500,#2501,#2507,#2508));
#2500 = ORIENTED_EDGE('',*,*,#2316,.F.);
#2501 = ORIENTED_EDGE('',*,*,#2502,.F.);
#2502 = EDGE_CURVE('',#2468,#2317,#2503,.T.);
#2503 = LINE('',#2504,#2505);
#2504 = CARTESIAN_POINT('',(-1.7,-47.,47.51));
#2505 = VECTOR('',#2506,1.);
#2506 = DIRECTION('',(0.,0.,-1.));
#2507 = ORIENTED_EDGE('',*,*,#2467,.T.);
#2508 = ORIENTED_EDGE('',*,*,#2502,.T.);
#2509 = CYLINDRICAL_SURFACE('',#2510,1.7);
#2510 = AXIS2_PLACEMENT_3D('',#2511,#2512,#2513);
#2511 = CARTESIAN_POINT('',(0.,-47.,47.51));
#2512 = DIRECTION('',(0.,0.,-1.));
#2513 = DIRECTION('',(-1.,0.,0.));
#2514 = ( GEOMETRIC_REPRESENTATION_CONTEXT(3) 
GLOBAL_UNCERTAINTY_ASSIGNED_CONTEXT((#2518)) 
GLOBAL_UNIT_ASSIGNED_CONTEXT((#2515,#2516,#2517)) REPRESENTATION_CONTEXT
('Context #1','3D Context with UNIT and UNCERTAINTY') );
#2515 = ( LENGTH_UNIT() NAMED_UNIT(*) SI_UNIT(.MILLI.,.METRE.) );
#2516 = ( NAMED_UNIT(*) PLANE_ANGLE_UNIT() SI_UNIT($,.RADIAN.) );
#2517 = ( NAMED_UNIT(*) SI_UNIT($,.STERADIAN.) SOLID_ANGLE_UNIT() );
#2518 = UNCERTAINTY_MEASURE_WITH_UNIT(LENGTH_MEASURE(1.E-07),#2515,
  'distance_accuracy_value','confusion accuracy');
#2519 = PRODUCT_RELATED_PRODUCT_CATEGORY('part',$,(#7));
ENDSEC;
END-ISO-10303-21;
