999
FreeCAD v1.1 44987 (Git)
  0
SECTION
  2
HEADER
  9
$ACADVER
  1
AC1014
  9
$ACADMAINTVER
 70
     9
  9
$DWGCODEPAGE
  3
ANSI_1252
  9
$TEXTSTYLE
  7
STANDARD
  9
$DIMSTYLE
  2
STANDARD
  9
$DIMTXSTY
  7
STANDARD
  9
$CMLSTYLE
  2
STANDARD
  9
$LUNITS
 70
2
  9
$INSUNITS
 70
4
  9
$PEXTMAX
 10
50
 20
50
 30
50
  9
$PEXTMIN
 10
0
 20
0
 30
0
  9
$HANDSEED
  5
FFFF
  0
ENDSEC
  0
SECTION
  2
CLASSES
  0
CLASS
  1
ACDBDICTIONARYWDFLT
  2
AcDbDictionaryWithDefault
  3
ObjectDBX Classes
 90
        0
280
     0
281
     0
  0
CLASS
  1
XRECORD
  2
AcDbXrecord
  3
ObjectDBX Classes
 90
        0
280
     0
281
     0
  0
CLASS
  1
LWPOLYLINE
  2
AcDbPolyline
  3
ObjectDBX Classes
 90
        0
280
     0
281
     1
  0
ENDSEC
  0
SECTION
  2
TABLES
  0
TABLE
  2
VPORT
  5
20
330
0
100
AcDbSymbolTable
 70
     1
  0
VPORT
  5
21
330
20
100
AcDbSymbolTableRecord
100
AcDbViewportTableRecord
  2
*ACTIVE
 70
     0
  0
ENDTAB
  0
TABLE
  2
LTYPE
  5
22
330
0
100
AcDbSymbolTable
 70
     1
  0
LTYPE
  5
23
330
21
100
AcDbSymbolTableRecord
100
AcDbLinetypeTableRecord
  2
BYBLOCK
 70
     0
  3

 72
    65
 73
     0
 40
0.0
  0
LTYPE
  5
24
330
21
100
AcDbSymbolTableRecord
100
AcDbLinetypeTableRecord
  2
BYLAYER
 70
     0
  3

 72
    65
 73
     0
 40
0.0
  0
LTYPE
  5
25
330
21
100
AcDbSymbolTableRecord
100
AcDbLinetypeTableRecord
  2
CONTINUOUS
 70
     0
  3
Solid line
 72
    65
 73
     0
 40
0.0
  0
ENDTAB
  0
TABLE
  2
LAYER
  5
13E8
330
0
100
AcDbSymbolTable
 70
21
  0
LAYER
  5
13E9
330
13E8
100
AcDbSymbolTableRecord
100
AcDbLayerTableRecord
  2
0
 70
   0
 62
   7
  6
CONTINUOUS
  0
LAYER
  5
13EA
330
13E8
100
AcDbSymbolTableRecord
100
AcDbLayerTableRecord
  2
V_01_Base_Base_Cup_0
 70
    0
 62
    7
  6
CONTINUOUS
  0
LAYER
  5
13EB
330
13E8
100
AcDbSymbolTableRecord
100
AcDbLayerTableRecord
  2
V_01_Base_Base_Cup_1
 70
    0
 62
    7
  6
CONTINUOUS
  0
LAYER
  5
13EC
330
13E8
100
AcDbSymbolTableRecord
100
AcDbLayerTableRecord
  2
V_01_Base_Base_Cup_2
 70
    0
 62
    7
  6
CONTINUOUS
  0
LAYER
  5
13ED
330
13E8
100
AcDbSymbolTableRecord
100
AcDbLayerTableRecord
  2
V_01_Base_Base_Cup_3
 70
    0
 62
    7
  6
CONTINUOUS
  0
LAYER
  5
13EE
330
13E8
100
AcDbSymbolTableRecord
100
AcDbLayerTableRecord
  2
A_01_Base_Base_Cup
 70
    0
 62
    7
  6
CONTINUOUS
  0
LAYER
  5
13EF
330
13E8
100
AcDbSymbolTableRecord
100
AcDbLayerTableRecord
  2
V_01_Base_Az_Ring_Gear_0
 70
    0
 62
    7
  6
CONTINUOUS
  0
LAYER
  5
13F0
330
13E8
100
AcDbSymbolTableRecord
100
AcDbLayerTableRecord
  2
V_01_Base_Az_Ring_Gear_1
 70
    0
 62
    7
  6
CONTINUOUS
  0
LAYER
  5
13F1
330
13E8
100
AcDbSymbolTableRecord
100
AcDbLayerTableRecord
  2
V_01_Base_Az_Ring_Gear_2
 70
    0
 62
    7
  6
CONTINUOUS
  0
LAYER
  5
13F2
330
13E8
100
AcDbSymbolTableRecord
100
AcDbLayerTableRecord
  2
V_01_Base_Az_Ring_Gear_3
 70
    0
 62
    7
  6
CONTINUOUS
  0
LAYER
  5
13F3
330
13E8
100
AcDbSymbolTableRecord
100
AcDbLayerTableRecord
  2
A_01_Base_Az_Ring_Gear
 70
    0
 62
    7
  6
CONTINUOUS
  0
LAYER
  5
13F4
330
13E8
100
AcDbSymbolTableRecord
100
AcDbLayerTableRecord
  2
V_01_Base_Sensor_Sun_Gear_0
 70
    0
 62
    7
  6
CONTINUOUS
  0
LAYER
  5
13F5
330
13E8
100
AcDbSymbolTableRecord
100
AcDbLayerTableRecord
  2
V_01_Base_Sensor_Sun_Gear_1
 70
    0
 62
    7
  6
CONTINUOUS
  0
LAYER
  5
13F6
330
13E8
100
AcDbSymbolTableRecord
100
AcDbLayerTableRecord
  2
V_01_Base_Sensor_Sun_Gear_2
 70
    0
 62
    7
  6
CONTINUOUS
  0
LAYER
  5
13F7
330
13E8
100
AcDbSymbolTableRecord
100
AcDbLayerTableRecord
  2
V_01_Base_Sensor_Sun_Gear_3
 70
    0
 62
    7
  6
CONTINUOUS
  0
LAYER
  5
13F8
330
13E8
100
AcDbSymbolTableRecord
100
AcDbLayerTableRecord
  2
A_01_Base_Sensor_Sun_Gear
 70
    0
 62
    7
  6
CONTINUOUS
  0
LAYER
  5
13F9
330
13E8
100
AcDbSymbolTableRecord
100
AcDbLayerTableRecord
  2
V_01_Base_Az_Retainer_Ring_0
 70
    0
 62
    7
  6
CONTINUOUS
  0
LAYER
  5
13FA
330
13E8
100
AcDbSymbolTableRecord
100
AcDbLayerTableRecord
  2
V_01_Base_Az_Retainer_Ring_1
 70
    0
 62
    7
  6
CONTINUOUS
  0
LAYER
  5
13FB
330
13E8
100
AcDbSymbolTableRecord
100
AcDbLayerTableRecord
  2
V_01_Base_Az_Retainer_Ring_2
 70
    0
 62
    7
  6
CONTINUOUS
  0
LAYER
  5
13FC
330
13E8
100
AcDbSymbolTableRecord
100
AcDbLayerTableRecord
  2
V_01_Base_Az_Retainer_Ring_3
 70
    0
 62
    7
  6
CONTINUOUS
  0
LAYER
  5
13FD
330
13E8
100
AcDbSymbolTableRecord
100
AcDbLayerTableRecord
  2
A_01_Base_Az_Retainer_Ring
 70
    0
 62
    7
  6
CONTINUOUS
  0
ENDTAB
  0
TABLE
  2
STYLE
  5
70
330
0
100
AcDbSymbolTable
 70
     2
  0
STYLE
  5
71
330
70
100
AcDbSymbolTableRecord
100
AcDbTextStyleTableRecord
  2
STANDARD
 70
     0
 40
0.0
 41
1.0
 50
0.0
 71
     0
 42
2.5
  3
arial.ttf
  4

  0
STYLE
  5
72
330
70
100
AcDbSymbolTableRecord
100
AcDbTextStyleTableRecord
  2
ANNOTATIVE
 70
     0
 40
0.0
 41
1.0
 50
0.0
 71
     0
 42
2.5
  3
arial.ttf
  4

  0
ENDTAB
  0
TABLE
  2
VIEW
  5
73
330
0
100
AcDbSymbolTable
 70
     0
  0
ENDTAB
  0
TABLE
  2
UCS
  5
74
330
0
100
AcDbSymbolTable
 70
     0
  0
ENDTAB
  0
TABLE
  2
APPID
  5
75
330
0
100
AcDbSymbolTable
 70
     2
  0
APPID
  5
76
330
75
100
AcDbSymbolTableRecord
100
AcDbRegAppTableRecord
  2
ACAD
 70
     0
  0
APPID
  5
77
330
75
100
AcDbSymbolTableRecord
100
AcDbRegAppTableRecord
  2
ACADANNOTATIVE
 70
     0
  0
ENDTAB
  0
TABLE
  2
DIMSTYLE
  5
78
330
0
100
AcDbSymbolTable
 70
     2
  0
DIMSTYLE
105
79
330
78
100
AcDbSymbolTableRecord
100
AcDbDimStyleTableRecord
  2
STANDARD
 70
     0
  3

  4

  5

  6

  7

 40
0.0
 41
2.5
 42
0.625
 43
3.75
 44
1.25
 45
0.0
 46
0.0
 47
0.0
 48
0.0
140
2.5
141
2.5
142
0.0
143
0.03937007874016
144
1.0
145
0.0
146
1.0
147
0.625
 71
     0
 72
     0
 73
     0
 74
     0
 75
     0
 76
     0
 77
     1
 78
     8
170
     0
171
     3
172
     1
173
     0
174
     0
175
     0
176
     0
177
     0
178
     0
270
     2
271
     2
272
     2
273
     2
274
     3
340
71
275
     0
280
     0
281
     0
282
     0
283
     0
284
     8
285
     0
286
     0
287
     3
288
     0
  0
ENDTAB
  0
TABLE
  2
BLOCK_RECORD
  5
A01
330
0
100
AcDbSymbolTable
  70
5
  0
BLOCK_RECORD
  5
A02
330
A01
100
AcDbSymbolTableRecord
100
AcDbBlockTableRecord
  2
*MODEL_SPACE
  0
BLOCK_RECORD
  5
A03
330
A01
100
AcDbSymbolTableRecord
100
AcDbBlockTableRecord
  2
*PAPER_SPACE
  0
ENDTAB
  0
ENDSEC
  0
SECTION
  2
BLOCKS
  0
BLOCK
  5
A04
330
A02
100
AcDbEntity
  8
0
100
AcDbBlockBegin
  2
*MODEL_SPACE
 70
   0
 10
0
 20
0
 30
0
  3
*MODEL_SPACE
  1
 
  0
ENDBLK
  5
A05
330
A02
100
AcDbEntity
  8
0
100
AcDbBlockEnd
  0
BLOCK
  5
A06
330
A03
100
AcDbEntity
 67
1
  8
0
100
AcDbBlockBegin
  2
*PAPER_SPACE
 70
   0
 10
0
 20
0
 30
0
  3
*PAPER_SPACE
  1
 
  0
ENDBLK
  5
A07
330
A03
100
AcDbEntity
 67
    1
  8
0
100
AcDbBlockEnd
  0
ENDSEC
  0
SECTION
  2
ENTITIES
  0
LINE
  5
A08
330
A02
100
AcDbEntity
  8
V_01_Base_Base_Cup_0
100
AcDbLine
 10
209.129280202
 20
144.668832891
 30
0.000000000
 11
209.129280202
 21
144.842976850
 31
0.000000000
  0
SPLINE
  5
A09
330
A02
100
AcDbEntity
  8
V_01_Base_Base_Cup_0
100
AcDbSpline
210
0
220
0
230
1
 70
8
 71
1
 72
4
 73
2
 74
0
 40
4.672696019
 40
4.672696019
 40
4.752081942
 40
4.752081942
 10
209.129280202
 20
144.668832891
 30
0.000000000
 10
210.870719798
 20
144.668832891
 30
0.000000000
  0
LINE
  5
A0A
330
A02
100
AcDbEntity
  8
V_01_Base_Base_Cup_0
100
AcDbLine
 10
210.870719798
 20
144.668832891
 30
0.000000000
 11
210.870719798
 21
144.842976850
 31
0.000000000
  0
LINE
  5
A0B
330
A02
100
AcDbEntity
  8
V_01_Base_Base_Cup_0
100
AcDbLine
 10
231.942138897
 20
143.623969134
 30
0.000000000
 11
231.942138897
 21
144.842976850
 31
0.000000000
  0
SPLINE
  5
A0C
330
A02
100
AcDbEntity
  8
V_01_Base_Base_Cup_0
100
AcDbSpline
210
0
220
0
230
1
 70
8
 71
1
 72
17
 73
15
 74
0
 40
3.141592654
 40
3.141592654
 40
3.365992129
 40
3.590391604
 40
3.814791079
 40
4.039190555
 40
4.263590030
 40
4.487989505
 40
4.712388980
 40
4.936788456
 40
5.161187931
 40
5.385587406
 40
5.609986881
 40
5.834386357
 40
6.058785832
 40
6.283185307
 40
6.283185307
 10
188.057861103
 20
143.623969134
 30
0.000000000
 10
188.607996336
 20
143.623969134
 30
0.000000000
 10
190.230815958
 20
143.623969134
 30
0.000000000
 10
192.844945018
 20
143.623969134
 30
0.000000000
 10
196.319300167
 20
143.623969134
 30
0.000000000
 10
200.479662731
 20
143.623969134
 30
0.000000000
 10
205.117414760
 20
143.623969134
 30
0.000000000
 10
210.000000000
 20
143.623969134
 30
0.000000000
 10
214.882585240
 20
143.623969134
 30
0.000000000
 10
219.520337269
 20
143.623969134
 30
0.000000000
 10
223.680699833
 20
143.623969134
 30
0.000000000
 10
227.155054982
 20
143.623969134
 30
0.000000000
 10
229.769184042
 20
143.623969134
 30
0.000000000
 10
231.392003664
 20
143.623969134
 30
0.000000000
 10
231.942138897
 20
143.623969134
 30
0.000000000
  0
ARC
  5
A0D
330
A02
100
AcDbEntity
  8
V_01_Base_Base_Cup_0
100
AcDbCircle
 10
231.419707019
 20
144.842976850
 30
0.000000000
 40
0.522431879
100
AcDbArc
 50
0.000000000
 51
90.000000000
  0
SPLINE
  5
A0E
330
A02
100
AcDbEntity
  8
V_01_Base_Base_Cup_0
100
AcDbSpline
210
0
220
0
230
1
 70
8
 71
1
 72
17
 73
15
 74
0
 40
3.141592654
 40
3.141592654
 40
3.250887990
 40
3.360183327
 40
3.469478664
 40
3.578774001
 40
3.688069338
 40
3.797364675
 40
3.906660012
 40
4.015955349
 40
4.125250686
 40
4.234546022
 40
4.343841359
 40
4.453136696
 40
4.562432033
 40
4.671727370
 40
4.671727370
 10
188.580292981
 20
145.365408729
 30
0.000000000
 10
188.708099920
 20
145.365408729
 30
0.000000000
 10
189.089995541
 20
145.365408729
 30
0.000000000
 10
189.721422462
 20
145.365408729
 30
0.000000000
 10
190.594845495
 20
145.365408729
 30
0.000000000
 10
191.699841573
 20
145.365408729
 30
0.000000000
 10
193.023224134
 20
145.365408729
 30
0.000000000
 10
194.549200478
 20
145.365408729
 30
0.000000000
 10
196.259560240
 20
145.365408729
 30
0.000000000
 10
198.133892697
 20
145.365408729
 30
0.000000000
 10
200.149830344
 20
145.365408729
 30
0.000000000
 10
202.283315821
 20
145.365408729
 30
0.000000000
 10
204.508888998
 20
145.365408729
 30
0.000000000
 10
206.799990811
 20
145.365408729
 30
0.000000000
 10
209.129280202
 20
145.365408729
 30
0.000000000
  0
SPLINE
  5
A0F
330
A02
100
AcDbEntity
  8
V_01_Base_Base_Cup_0
100
AcDbSpline
210
0
220
0
230
1
 70
8
 71
3
 72
11
 73
7
 74
0
 40
0.000000000
 40
0.000000000
 40
0.000000000
 40
0.000000000
 40
0.512513999
 40
0.512513999
 40
0.512513999
 40
1.000000000
 40
1.000000000
 40
1.000000000
 40
1.000000000
 10
209.129280202
 20
144.842976850
 30
0.000000000
 10
209.129280202
 20
144.983445626
 30
0.000000000
 10
209.129280202
 20
145.122804672
 30
0.000000000
 10
209.129280202
 20
145.219649916
 30
0.000000000
 10
209.129280202
 20
145.314924936
 30
0.000000000
 10
209.129280202
 20
145.363511207
 30
0.000000000
 10
209.129280202
 20
145.365408729
 30
0.000000000
  0
LINE
  5
A10
330
A02
100
AcDbEntity
  8
V_01_Base_Base_Cup_0
100
AcDbLine
 10
209.129280202
 20
145.365408729
 30
0.000000000
 11
209.129280202
 21
146.061984567
 31
0.000000000
  0
SPLINE
  5
A11
330
A02
100
AcDbEntity
  8
V_01_Base_Base_Cup_0
100
AcDbSpline
210
0
220
0
230
1
 70
8
 71
3
 72
11
 73
7
 74
0
 40
0.000000000
 40
0.000000000
 40
0.000000000
 40
0.000000000
 40
0.512514000
 40
0.512514000
 40
0.512514000
 40
1.000000000
 40
1.000000000
 40
1.000000000
 40
1.000000000
 10
210.870719798
 20
144.842976850
 30
0.000000000
 10
210.870719798
 20
144.983445626
 30
0.000000000
 10
210.870719798
 20
145.122804673
 30
0.000000000
 10
210.870719798
 20
145.219649916
 30
0.000000000
 10
210.870719798
 20
145.314924936
 30
0.000000000
 10
210.870719798
 20
145.363511207
 30
0.000000000
 10
210.870719798
 20
145.365408729
 30
0.000000000
  0
LINE
  5
A12
330
A02
100
AcDbEntity
  8
V_01_Base_Base_Cup_0
100
AcDbLine
 10
210.870719798
 20
145.365408729
 30
0.000000000
 11
210.870719798
 21
146.061984567
 31
0.000000000
  0
SPLINE
  5
A13
330
A02
100
AcDbEntity
  8
V_01_Base_Base_Cup_0
100
AcDbSpline
210
0
220
0
230
1
 70
8
 71
1
 72
17
 73
15
 74
0
 40
4.753050591
 40
4.753050591
 40
4.862345928
 40
4.971641265
 40
5.080936601
 40
5.190231938
 40
5.299527275
 40
5.408822612
 40
5.518117949
 40
5.627413286
 40
5.736708623
 40
5.846003960
 40
5.955299297
 40
6.064594633
 40
6.173889970
 40
6.283185307
 40
6.283185307
 10
210.870719798
 20
145.365408729
 30
0.000000000
 10
213.200009189
 20
145.365408729
 30
0.000000000
 10
215.491111002
 20
145.365408729
 30
0.000000000
 10
217.716684179
 20
145.365408729
 30
0.000000000
 10
219.850169656
 20
145.365408729
 30
0.000000000
 10
221.866107303
 20
145.365408729
 30
0.000000000
 10
223.740439760
 20
145.365408729
 30
0.000000000
 10
225.450799522
 20
145.365408729
 30
0.000000000
 10
226.976775866
 20
145.365408729
 30
0.000000000
 10
228.300158427
 20
145.365408729
 30
0.000000000
 10
229.405154505
 20
145.365408729
 30
0.000000000
 10
230.278577538
 20
145.365408729
 30
0.000000000
 10
230.910004459
 20
145.365408729
 30
0.000000000
 10
231.291900080
 20
145.365408729
 30
0.000000000
 10
231.419707019
 20
145.365408729
 30
0.000000000
  0
SPLINE
  5
A14
330
A02
100
AcDbEntity
  8
V_01_Base_Base_Cup_0
100
AcDbSpline
210
0
220
0
230
1
 70
8
 71
3
 72
41
 73
37
 74
0
 40
3.526521477
 40
3.526521477
 40
3.526521477
 40
3.526521477
 40
3.723426036
 40
3.723426036
 40
3.723426036
 40
3.920330595
 40
3.920330595
 40
3.920330595
 40
4.117235155
 40
4.117235155
 40
4.117235155
 40
4.314139714
 40
4.314139714
 40
4.314139714
 40
4.904853392
 40
4.904853392
 40
4.904853392
 40
5.101757951
 40
5.101757951
 40
5.101757951
 40
5.298662511
 40
5.298662511
 40
5.298662511
 40
5.495567070
 40
5.495567070
 40
5.495567070
 40
5.692471629
 40
5.692471629
 40
5.692471629
 40
5.889376189
 40
5.889376189
 40
5.889376189
 40
6.086280748
 40
6.086280748
 40
6.086280748
 40
6.283185307
 40
6.283185307
 40
6.283185307
 40
6.283185307
 10
227.263321644
 20
145.365408729
 30
0.000000000
 10
227.280824074
 20
145.365408729
 30
0.000000000
 10
227.298326503
 20
145.365408729
 30
0.000000000
 10
227.315828932
 20
145.365408729
 30
0.000000000
 10
227.339516263
 20
145.365408729
 30
0.000000000
 10
227.363203595
 20
145.365408729
 30
0.000000000
 10
227.386890927
 20
145.365408729
 30
0.000000000
 10
227.415847733
 20
145.365408729
 30
0.000000000
 10
227.444804539
 20
145.365408729
 30
0.000000000
 10
227.473761346
 20
145.365408729
 30
0.000000000
 10
227.506868553
 20
145.365408729
 30
0.000000000
 10
227.539975761
 20
145.365408729
 30
0.000000000
 10
227.573082969
 20
145.365408729
 30
0.000000000
 10
227.679050851
 20
145.365408729
 30
0.000000000
 10
227.793734196
 20
145.365408729
 30
0.000000000
 10
227.905867872
 20
145.365408729
 30
0.000000000
 10
227.941943351
 20
145.365408729
 30
0.000000000
 10
227.978018830
 20
145.365408729
 30
0.000000000
 10
228.014094309
 20
145.365408729
 30
0.000000000
 10
228.047359566
 20
145.365408729
 30
0.000000000
 10
228.080624823
 20
145.365408729
 30
0.000000000
 10
228.113890080
 20
145.365408729
 30
0.000000000
 10
228.143059537
 20
145.365408729
 30
0.000000000
 10
228.172228993
 20
145.365408729
 30
0.000000000
 10
228.201398450
 20
145.365408729
 30
0.000000000
 10
228.225344814
 20
145.365408729
 30
0.000000000
 10
228.249291178
 20
145.365408729
 30
0.000000000
 10
228.273237542
 20
145.365408729
 30
0.000000000
 10
228.291035375
 20
145.365408729
 30
0.000000000
 10
228.308833209
 20
145.365408729
 30
0.000000000
 10
228.326631042
 20
145.365408729
 30
0.000000000
 10
228.337592525
 20
145.365408729
 30
0.000000000
 10
228.348554007
 20
145.365408729
 30
0.000000000
 10
228.359515490
 20
145.365408729
 30
0.000000000
 10
228.363217000
 20
145.365408729
 30
0.000000000
 10
228.366918511
 20
145.365408729
 30
0.000000000
 10
228.370620022
 20
145.365408729
 30
0.000000000
  0
SPLINE
  5
A15
330
A02
100
AcDbEntity
  8
V_01_Base_Base_Cup_0
100
AcDbSpline
210
0
220
0
230
1
 70
8
 71
3
 72
41
 73
37
 74
0
 40
3.141592654
 40
3.141592654
 40
3.141592654
 40
3.141592654
 40
3.338497213
 40
3.338497213
 40
3.338497213
 40
3.535401772
 40
3.535401772
 40
3.535401772
 40
3.732306332
 40
3.732306332
 40
3.732306332
 40
3.929210891
 40
3.929210891
 40
3.929210891
 40
4.126115450
 40
4.126115450
 40
4.126115450
 40
4.323020009
 40
4.323020009
 40
4.323020009
 40
4.519924569
 40
4.519924569
 40
4.519924569
 40
5.110638247
 40
5.110638247
 40
5.110638247
 40
5.307542806
 40
5.307542806
 40
5.307542806
 40
5.504447365
 40
5.504447365
 40
5.504447365
 40
5.701351925
 40
5.701351925
 40
5.701351925
 40
5.898256484
 40
5.898256484
 40
5.898256484
 40
5.898256484
 10
191.629379978
 20
145.365408729
 30
0.000000000
 10
191.633081489
 20
145.365408729
 30
0.000000000
 10
191.636783000
 20
145.365408729
 30
0.000000000
 10
191.640484510
 20
145.365408729
 30
0.000000000
 10
191.651445993
 20
145.365408729
 30
0.000000000
 10
191.662407475
 20
145.365408729
 30
0.000000000
 10
191.673368958
 20
145.365408729
 30
0.000000000
 10
191.691166791
 20
145.365408729
 30
0.000000000
 10
191.708964625
 20
145.365408729
 30
0.000000000
 10
191.726762458
 20
145.365408729
 30
0.000000000
 10
191.750708822
 20
145.365408729
 30
0.000000000
 10
191.774655186
 20
145.365408729
 30
0.000000000
 10
191.798601550
 20
145.365408729
 30
0.000000000
 10
191.827771007
 20
145.365408729
 30
0.000000000
 10
191.856940463
 20
145.365408729
 30
0.000000000
 10
191.886109920
 20
145.365408729
 30
0.000000000
 10
191.919375177
 20
145.365408729
 30
0.000000000
 10
191.952640434
 20
145.365408729
 30
0.000000000
 10
191.985905691
 20
145.365408729
 30
0.000000000
 10
192.021981170
 20
145.365408729
 30
0.000000000
 10
192.058056649
 20
145.365408729
 30
0.000000000
 10
192.094132128
 20
145.365408729
 30
0.000000000
 10
192.206265804
 20
145.365408729
 30
0.000000000
 10
192.320949149
 20
145.365408729
 30
0.000000000
 10
192.426917031
 20
145.365408729
 30
0.000000000
 10
192.460024239
 20
145.365408729
 30
0.000000000
 10
192.493131447
 20
145.365408729
 30
0.000000000
 10
192.526238654
 20
145.365408729
 30
0.000000000
 10
192.555195461
 20
145.365408729
 30
0.000000000
 10
192.584152267
 20
145.365408729
 30
0.000000000
 10
192.613109073
 20
145.365408729
 30
0.000000000
 10
192.636796405
 20
145.365408729
 30
0.000000000
 10
192.660483737
 20
145.365408729
 30
0.000000000
 10
192.684171068
 20
145.365408729
 30
0.000000000
 10
192.701673497
 20
145.365408729
 30
0.000000000
 10
192.719175926
 20
145.365408729
 30
0.000000000
 10
192.736678356
 20
145.365408729
 30
0.000000000
  0
SPLINE
  5
A16
330
A02
100
AcDbEntity
  8
V_01_Base_Base_Cup_0
100
AcDbSpline
210
0
220
0
230
1
 70
8
 71
1
 72
4
 73
2
 74
0
 40
4.669272174
 40
4.669272174
 40
4.755505787
 40
4.755505787
 10
209.129280202
 20
146.061984567
 30
0.000000000
 10
210.870719798
 20
146.061984567
 30
0.000000000
  0
LINE
  5
A17
330
A02
100
AcDbEntity
  8
V_01_Base_Base_Cup_0
100
AcDbLine
 10
192.736678356
 20
145.365408729
 30
0.000000000
 11
192.736678356
 21
145.713696648
 31
0.000000000
  0
SPLINE
  5
A18
330
A02
100
AcDbEntity
  8
V_01_Base_Base_Cup_0
100
AcDbSpline
210
0
220
0
230
1
 70
8
 71
2
 72
6
 73
3
 74
0
 40
3.642755259
 40
3.642755259
 40
3.642755259
 40
3.687627599
 40
3.687627599
 40
3.687627599
 10
192.283490056
 20
145.713696648
 30
0.000000000
 10
192.501317033
 20
145.713696648
 30
0.000000000
 10
192.736678356
 20
145.713696648
 30
0.000000000
  0
LINE
  5
A19
330
A02
100
AcDbEntity
  8
V_01_Base_Base_Cup_0
100
AcDbLine
 10
192.283490056
 20
145.365408729
 30
0.000000000
 11
192.283490056
 21
145.713696648
 31
0.000000000
  0
LINE
  5
A1A
330
A02
100
AcDbEntity
  8
V_01_Base_Base_Cup_0
100
AcDbLine
 10
230.200699302
 20
145.365408729
 30
0.000000000
 11
230.200699302
 21
153.376030866
 31
0.000000000
  0
SPLINE
  5
A1B
330
A02
100
AcDbEntity
  8
V_01_Base_Base_Cup_0
100
AcDbSpline
210
0
220
0
230
1
 70
8
 71
1
 72
17
 73
15
 74
0
 40
3.141592654
 40
3.141592654
 40
3.365992129
 40
3.590391604
 40
3.814791079
 40
4.039190555
 40
4.263590030
 40
4.487989505
 40
4.712388980
 40
4.936788456
 40
5.161187931
 40
5.385587406
 40
5.609986881
 40
5.834386357
 40
6.058785832
 40
6.283185307
 40
6.283185307
 10
189.799300698
 20
153.376030866
 30
0.000000000
 10
190.305774405
 20
153.376030866
 30
0.000000000
 10
191.799798819
 20
153.376030866
 30
0.000000000
 10
194.206457318
 20
153.376030866
 30
0.000000000
 10
197.405069995
 20
153.376030866
 30
0.000000000
 10
201.235245054
 20
153.376030866
 30
0.000000000
 10
205.504921525
 20
153.376030866
 30
0.000000000
 10
210.000000000
 20
153.376030866
 30
0.000000000
 10
214.495078475
 20
153.376030866
 30
0.000000000
 10
218.764754946
 20
153.376030866
 30
0.000000000
 10
222.594930005
 20
153.376030866
 30
0.000000000
 10
225.793542682
 20
153.376030866
 30
0.000000000
 10
228.200201181
 20
153.376030866
 30
0.000000000
 10
229.694225595
 20
153.376030866
 30
0.000000000
 10
230.200699302
 20
153.376030866
 30
0.000000000
  0
LINE
  5
A1C
330
A02
100
AcDbEntity
  8
V_01_Base_Base_Cup_0
100
AcDbLine
 10
227.716509944
 20
145.365408729
 30
0.000000000
 11
227.716509944
 21
145.713696648
 31
0.000000000
  0
SPLINE
  5
A1D
330
A02
100
AcDbEntity
  8
V_01_Base_Base_Cup_0
100
AcDbSpline
210
0
220
0
230
1
 70
8
 71
2
 72
6
 73
3
 74
0
 40
5.737150362
 40
5.737150362
 40
5.737150362
 40
5.782022702
 40
5.782022702
 40
5.782022702
 10
227.263321644
 20
145.713696648
 30
0.000000000
 10
227.498682967
 20
145.713696648
 30
0.000000000
 10
227.716509944
 20
145.713696648
 30
0.000000000
  0
LINE
  5
A1E
330
A02
100
AcDbEntity
  8
V_01_Base_Base_Cup_0
100
AcDbLine
 10
227.263321644
 20
145.365408729
 30
0.000000000
 11
227.263321644
 21
145.713696648
 31
0.000000000
  0
SPLINE
  5
A1F
330
A02
100
AcDbEntity
  8
V_01_Base_Base_Cup_0
100
AcDbSpline
210
0
220
0
230
1
 70
8
 71
3
 72
8
 73
4
 74
0
 40
4.617418697
 40
4.617418697
 40
4.617418697
 40
4.617418697
 40
4.807359264
 40
4.807359264
 40
4.807359264
 40
4.807359264
 10
208.084416445
 20
146.932704364
 30
0.000000000
 10
209.357701923
 20
146.932704364
 30
0.000000000
 10
210.642298077
 20
146.932704364
 30
0.000000000
 10
211.915583555
 20
146.932704364
 30
0.000000000
  0
LINE
  5
A20
330
A02
100
AcDbEntity
  8
V_01_Base_Base_Cup_0
100
AcDbLine
 10
208.084416445
 20
146.932704364
 30
0.000000000
 11
208.084416445
 21
149.370719798
 31
0.000000000
  0
LINE
  5
A21
330
A02
100
AcDbEntity
  8
V_01_Base_Base_Cup_0
100
AcDbLine
 10
211.915583555
 20
146.932704364
 30
0.000000000
 11
211.915583555
 21
149.370719798
 31
0.000000000
  0
SPLINE
  5
A22
330
A02
100
AcDbEntity
  8
V_01_Base_Base_Cup_0
100
AcDbSpline
210
0
220
0
230
1
 70
8
 71
3
 72
8
 73
4
 74
0
 40
4.617418697
 40
4.617418697
 40
4.617418697
 40
4.617418697
 40
4.807359264
 40
4.807359264
 40
4.807359264
 40
4.807359264
 10
208.084416445
 20
149.370719798
 30
0.000000000
 10
209.357701923
 20
149.370719798
 30
0.000000000
 10
210.642298077
 20
149.370719798
 30
0.000000000
 10
211.915583555
 20
149.370719798
 30
0.000000000
  0
LINE
  5
A23
330
A02
100
AcDbEntity
  8
V_01_Base_Base_Cup_0
100
AcDbLine
 10
190.666840578
 20
151.486568905
 30
0.000000000
 11
190.666840578
 21
152.130901556
 31
0.000000000
  0
SPLINE
  5
A24
330
A02
100
AcDbEntity
  8
V_01_Base_Base_Cup_0
100
AcDbSpline
210
0
220
0
230
1
 70
8
 71
2
 72
6
 73
3
 74
0
 40
3.371058822
 40
3.371058822
 40
3.371058822
 40
3.435725261
 40
3.435725261
 40
3.435725261
 10
190.328802278
 20
151.486568905
 30
0.000000000
 10
190.477514194
 20
151.486568905
 30
0.000000000
 10
190.666840578
 20
151.486568905
 30
0.000000000
  0
SPLINE
  5
A25
330
A02
100
AcDbEntity
  8
V_01_Base_Base_Cup_0
100
AcDbSpline
210
0
220
0
230
1
 70
8
 71
2
 72
6
 73
3
 74
0
 40
3.371058822
 40
3.371058822
 40
3.371058822
 40
3.435725261
 40
3.435725261
 40
3.435725261
 10
190.328802278
 20
152.130901556
 30
0.000000000
 10
190.477514194
 20
152.130901556
 30
0.000000000
 10
190.666840578
 20
152.130901556
 30
0.000000000
  0
LINE
  5
A26
330
A02
100
AcDbEntity
  8
V_01_Base_Base_Cup_0
100
AcDbLine
 10
190.328802278
 20
151.486568905
 30
0.000000000
 11
190.328802278
 21
152.130901556
 31
0.000000000
  0
LINE
  5
A27
330
A02
100
AcDbEntity
  8
V_01_Base_Base_Cup_0
100
AcDbLine
 10
196.185183332
 20
151.486568905
 30
0.000000000
 11
196.185183332
 21
152.130901556
 31
0.000000000
  0
SPLINE
  5
A28
330
A02
100
AcDbEntity
  8
V_01_Base_Base_Cup_0
100
AcDbSpline
210
0
220
0
230
1
 70
8
 71
2
 72
6
 73
3
 74
0
 40
3.894657597
 40
3.894657597
 40
3.894657597
 40
3.959324037
 40
3.959324037
 40
3.959324037
 10
195.261645522
 20
151.486568905
 30
0.000000000
 10
195.708548500
 20
151.486568905
 30
0.000000000
 10
196.185183332
 20
151.486568905
 30
0.000000000
  0
SPLINE
  5
A29
330
A02
100
AcDbEntity
  8
V_01_Base_Base_Cup_0
100
AcDbSpline
210
0
220
0
230
1
 70
8
 71
2
 72
6
 73
3
 74
0
 40
3.894657597
 40
3.894657597
 40
3.894657597
 40
3.959324037
 40
3.959324037
 40
3.959324037
 10
195.261645522
 20
152.130901556
 30
0.000000000
 10
195.708548500
 20
152.130901556
 30
0.000000000
 10
196.185183332
 20
152.130901556
 30
0.000000000
  0
LINE
  5
A2A
330
A02
100
AcDbEntity
  8
V_01_Base_Base_Cup_0
100
AcDbLine
 10
195.261645522
 20
151.486568905
 30
0.000000000
 11
195.261645522
 21
152.130901556
 31
0.000000000
  0
LINE
  5
A2B
330
A02
100
AcDbEntity
  8
V_01_Base_Base_Cup_0
100
AcDbLine
 10
205.405195056
 20
151.486568905
 30
0.000000000
 11
205.405195056
 21
152.130901556
 31
0.000000000
  0
SPLINE
  5
A2C
330
A02
100
AcDbEntity
  8
V_01_Base_Base_Cup_0
100
AcDbSpline
210
0
220
0
230
1
 70
8
 71
2
 72
6
 73
3
 74
0
 40
4.418256373
 40
4.418256373
 40
4.418256373
 40
4.482922812
 40
4.482922812
 40
4.482922812
 10
204.143618946
 20
151.486568905
 30
0.000000000
 10
204.768965694
 20
151.486568905
 30
0.000000000
 10
205.405195056
 20
151.486568905
 30
0.000000000
  0
SPLINE
  5
A2D
330
A02
100
AcDbEntity
  8
V_01_Base_Base_Cup_0
100
AcDbSpline
210
0
220
0
230
1
 70
8
 71
2
 72
6
 73
3
 74
0
 40
4.418256373
 40
4.418256373
 40
4.418256373
 40
4.482922812
 40
4.482922812
 40
4.482922812
 10
204.143618946
 20
152.130901556
 30
0.000000000
 10
204.768965694
 20
152.130901556
 30
0.000000000
 10
205.405195056
 20
152.130901556
 30
0.000000000
  0
LINE
  5
A2E
330
A02
100
AcDbEntity
  8
V_01_Base_Base_Cup_0
100
AcDbLine
 10
204.143618946
 20
151.486568905
 30
0.000000000
 11
204.143618946
 21
152.130901556
 31
0.000000000
  0
LINE
  5
A2F
330
A02
100
AcDbEntity
  8
V_01_Base_Base_Cup_0
100
AcDbLine
 10
215.856381054
 20
151.486568905
 30
0.000000000
 11
215.856381054
 21
152.130901556
 31
0.000000000
  0
SPLINE
  5
A30
330
A02
100
AcDbEntity
  8
V_01_Base_Base_Cup_0
100
AcDbSpline
210
0
220
0
230
1
 70
8
 71
2
 72
6
 73
3
 74
0
 40
4.941855149
 40
4.941855149
 40
4.941855149
 40
5.006521588
 40
5.006521588
 40
5.006521588
 10
214.594804944
 20
151.486568905
 30
0.000000000
 10
215.231034306
 20
151.486568905
 30
0.000000000
 10
215.856381054
 20
151.486568905
 30
0.000000000
  0
SPLINE
  5
A31
330
A02
100
AcDbEntity
  8
V_01_Base_Base_Cup_0
100
AcDbSpline
210
0
220
0
230
1
 70
8
 71
2
 72
6
 73
3
 74
0
 40
4.941855149
 40
4.941855149
 40
4.941855149
 40
5.006521588
 40
5.006521588
 40
5.006521588
 10
214.594804944
 20
152.130901556
 30
0.000000000
 10
215.231034306
 20
152.130901556
 30
0.000000000
 10
215.856381054
 20
152.130901556
 30
0.000000000
  0
LINE
  5
A32
330
A02
100
AcDbEntity
  8
V_01_Base_Base_Cup_0
100
AcDbLine
 10
214.594804944
 20
151.486568905
 30
0.000000000
 11
214.594804944
 21
152.130901556
 31
0.000000000
  0
LINE
  5
A33
330
A02
100
AcDbEntity
  8
V_01_Base_Base_Cup_0
100
AcDbLine
 10
224.738354478
 20
151.486568905
 30
0.000000000
 11
224.738354478
 21
152.130901556
 31
0.000000000
  0
SPLINE
  5
A34
330
A02
100
AcDbEntity
  8
V_01_Base_Base_Cup_0
100
AcDbSpline
210
0
220
0
230
1
 70
8
 71
2
 72
6
 73
3
 74
0
 40
5.465453924
 40
5.465453924
 40
5.465453924
 40
5.530120363
 40
5.530120363
 40
5.530120363
 10
223.814816668
 20
151.486568905
 30
0.000000000
 10
224.291451500
 20
151.486568905
 30
0.000000000
 10
224.738354478
 20
151.486568905
 30
0.000000000
  0
SPLINE
  5
A35
330
A02
100
AcDbEntity
  8
V_01_Base_Base_Cup_0
100
AcDbSpline
210
0
220
0
230
1
 70
8
 71
2
 72
6
 73
3
 74
0
 40
5.465453924
 40
5.465453924
 40
5.465453924
 40
5.530120363
 40
5.530120363
 40
5.530120363
 10
223.814816668
 20
152.130901556
 30
0.000000000
 10
224.291451500
 20
152.130901556
 30
0.000000000
 10
224.738354478
 20
152.130901556
 30
0.000000000
  0
LINE
  5
A36
330
A02
100
AcDbEntity
  8
V_01_Base_Base_Cup_0
100
AcDbLine
 10
223.814816668
 20
151.486568905
 30
0.000000000
 11
223.814816668
 21
152.130901556
 31
0.000000000
  0
LINE
  5
A37
330
A02
100
AcDbEntity
  8
V_01_Base_Base_Cup_0
100
AcDbLine
 10
229.671197722
 20
151.486568905
 30
0.000000000
 11
229.671197722
 21
152.130901556
 31
0.000000000
  0
SPLINE
  5
A38
330
A02
100
AcDbEntity
  8
V_01_Base_Base_Cup_0
100
AcDbSpline
210
0
220
0
230
1
 70
8
 71
2
 72
6
 73
3
 74
0
 40
5.989052700
 40
5.989052700
 40
5.989052700
 40
6.053719139
 40
6.053719139
 40
6.053719139
 10
229.333159422
 20
151.486568905
 30
0.000000000
 10
229.522485806
 20
151.486568905
 30
0.000000000
 10
229.671197722
 20
151.486568905
 30
0.000000000
  0
SPLINE
  5
A39
330
A02
100
AcDbEntity
  8
V_01_Base_Base_Cup_0
100
AcDbSpline
210
0
220
0
230
1
 70
8
 71
2
 72
6
 73
3
 74
0
 40
5.989052700
 40
5.989052700
 40
5.989052700
 40
6.053719139
 40
6.053719139
 40
6.053719139
 10
229.333159422
 20
152.130901556
 30
0.000000000
 10
229.522485806
 20
152.130901556
 30
0.000000000
 10
229.671197722
 20
152.130901556
 30
0.000000000
  0
LINE
  5
A3A
330
A02
100
AcDbEntity
  8
V_01_Base_Base_Cup_0
100
AcDbLine
 10
229.333159422
 20
151.486568905
 30
0.000000000
 11
229.333159422
 21
152.130901556
 31
0.000000000
  0
SPLINE
  5
A3B
330
A02
100
AcDbEntity
  8
V_01_Base_Base_Cup_0
100
AcDbSpline
210
0
220
0
230
1
 70
8
 71
2
 72
6
 73
3
 74
0
 40
5.471190968
 40
5.471190968
 40
5.471190968
 40
6.283185307
 40
6.283185307
 40
6.283185307
 10
196.185183332
 20
151.486568905
 30
0.000000000
 10
196.065916255
 20
151.486568905
 30
0.000000000
 10
196.062954878
 20
151.486568905
 30
0.000000000
  0
SPLINE
  5
A3C
330
A02
100
AcDbEntity
  8
V_01_Base_Base_Cup_0
100
AcDbSpline
210
0
220
0
230
1
 70
8
 71
2
 72
6
 73
3
 74
0
 40
5.471190968
 40
5.471190968
 40
5.471190968
 40
6.283185307
 40
6.283185307
 40
6.283185307
 10
196.185183332
 20
152.130901556
 30
0.000000000
 10
196.065916255
 20
152.130901556
 30
0.000000000
 10
196.062954878
 20
152.130901556
 30
0.000000000
  0
LINE
  5
A3D
330
A02
100
AcDbEntity
  8
V_01_Base_Base_Cup_0
100
AcDbLine
 10
204.580336031
 20
152.130901556
 30
0.000000000
 11
204.580336031
 21
151.486568905
 31
0.000000000
  0
LINE
  5
A3E
330
A02
100
AcDbEntity
  8
V_01_Base_Base_Cup_0
100
AcDbLine
 10
215.419663969
 20
152.130901556
 30
0.000000000
 11
215.419663969
 21
151.486568905
 31
0.000000000
  0
SPLINE
  5
A3F
330
A02
100
AcDbEntity
  8
V_01_Base_Base_Cup_0
100
AcDbSpline
210
0
220
0
230
1
 70
8
 71
2
 72
6
 73
3
 74
0
 40
3.141592654
 40
3.141592654
 40
3.141592654
 40
3.953586992
 40
3.953586992
 40
3.953586992
 10
223.937045122
 20
151.486568905
 30
0.000000000
 10
223.934083745
 20
151.486568905
 30
0.000000000
 10
223.814816668
 20
151.486568905
 30
0.000000000
  0
SPLINE
  5
A40
330
A02
100
AcDbEntity
  8
V_01_Base_Base_Cup_0
100
AcDbSpline
210
0
220
0
230
1
 70
8
 71
2
 72
6
 73
3
 74
0
 40
3.141592654
 40
3.141592654
 40
3.141592654
 40
3.953586992
 40
3.953586992
 40
3.953586992
 10
223.937045122
 20
152.130901556
 30
0.000000000
 10
223.934083745
 20
152.130901556
 30
0.000000000
 10
223.814816668
 20
152.130901556
 30
0.000000000
  0
LINE
  5
A41
330
A02
100
AcDbEntity
  8
V_01_Base_Base_Cup_0
100
AcDbLine
 10
229.333159422
 20
152.130901556
 30
0.000000000
 11
229.671197722
 21
152.130901556
 31
0.000000000
  0
LINE
  5
A42
330
A02
100
AcDbEntity
  8
V_01_Base_Base_Cup_0
100
AcDbLine
 10
229.333159422
 20
151.486568905
 30
0.000000000
 11
229.671197722
 21
151.486568905
 31
0.000000000
  0
SPLINE
  5
A43
330
A02
100
AcDbEntity
  8
V_01_Base_Base_Cup_0
100
AcDbSpline
210
0
220
0
230
1
 70
8
 71
2
 72
28
 73
25
 74
0
 40
0.585685543
 40
0.585685543
 40
0.585685543
 40
0.726415655
 40
0.726415655
 40
0.867145767
 40
0.867145767
 40
1.007875879
 40
1.007875879
 40
1.148605991
 40
1.148605991
 40
1.289336103
 40
1.289336103
 40
1.570796327
 40
1.570796327
 40
1.852256551
 40
1.852256551
 40
1.992986663
 40
1.992986663
 40
2.133716774
 40
2.133716774
 40
2.274446886
 40
2.274446886
 40
2.415176998
 40
2.415176998
 40
2.555907110
 40
2.555907110
 40
2.555907110
 10
210.870719798
 20
145.713696648
 30
0.000000000
 10
210.825909022
 20
145.713696648
 30
0.000000000
 10
210.781098247
 20
145.713696648
 30
0.000000000
 10
210.728565417
 20
145.713696648
 30
0.000000000
 10
210.676032587
 20
145.713696648
 30
0.000000000
 10
210.616816398
 20
145.713696648
 30
0.000000000
 10
210.557600209
 20
145.713696648
 30
0.000000000
 10
210.492871501
 20
145.713696648
 30
0.000000000
 10
210.428142793
 20
145.713696648
 30
0.000000000
 10
210.359181401
 20
145.713696648
 30
0.000000000
 10
210.290220009
 20
145.713696648
 30
0.000000000
 10
210.147371507
 20
145.713696648
 30
0.000000000
 10
210.000000000
 20
145.713696648
 30
0.000000000
 10
209.852628493
 20
145.713696648
 30
0.000000000
 10
209.709779991
 20
145.713696648
 30
0.000000000
 10
209.640818599
 20
145.713696648
 30
0.000000000
 10
209.571857207
 20
145.713696648
 30
0.000000000
 10
209.507128499
 20
145.713696648
 30
0.000000000
 10
209.442399791
 20
145.713696648
 30
0.000000000
 10
209.383183602
 20
145.713696648
 30
0.000000000
 10
209.323967413
 20
145.713696648
 30
0.000000000
 10
209.271434583
 20
145.713696648
 30
0.000000000
 10
209.218901753
 20
145.713696648
 30
0.000000000
 10
209.174090978
 20
145.713696648
 30
0.000000000
 10
209.129280202
 20
145.713696648
 30
0.000000000
  0
LINE
  5
A44
330
A02
100
AcDbEntity
  8
V_01_Base_Base_Cup_0
100
AcDbLine
 10
188.057861103
 20
143.623969134
 30
0.000000000
 11
188.057861103
 21
144.842976850
 31
0.000000000
  0
SPLINE
  5
A45
330
A02
100
AcDbEntity
  8
V_01_Base_Base_Cup_0
100
AcDbSpline
210
0
220
0
230
1
 70
8
 71
3
 72
11
 73
7
 74
0
 40
0.000000000
 40
0.000000000
 40
0.000000000
 40
0.000000000
 40
0.500000000
 40
0.500000000
 40
0.500000000
 40
1.000000000
 40
1.000000000
 40
1.000000000
 40
1.000000000
 10
188.057861103
 20
144.842976850
 30
0.000000000
 10
188.058346225
 20
144.939594551
 30
0.000000000
 10
188.083298003
 20
145.029415550
 30
0.000000000
 10
188.132716439
 20
145.112439846
 30
0.000000000
 10
188.224169973
 20
145.267360848
 30
0.000000000
 10
188.400399002
 20
145.366964951
 30
0.000000000
 10
188.580292981
 20
145.365408729
 30
0.000000000
  0
LINE
  5
A46
330
A02
100
AcDbEntity
  8
V_01_Base_Base_Cup_0
100
AcDbLine
 10
189.799300698
 20
145.365408729
 30
0.000000000
 11
189.799300698
 21
153.376030866
 31
0.000000000
  0
SPLINE
  5
A47
330
A02
100
AcDbEntity
  8
V_01_Base_Base_Cup_0
100
AcDbSpline
210
0
220
0
230
1
 70
8
 71
1
 72
17
 73
15
 74
0
 40
3.141592654
 40
3.141592654
 40
3.250957180
 40
3.360321706
 40
3.469686232
 40
3.579050758
 40
3.688415284
 40
3.797779810
 40
3.907144336
 40
4.016508862
 40
4.125873388
 40
4.235237914
 40
4.344602440
 40
4.453966966
 40
4.563331493
 40
4.672696019
 40
4.672696019
 10
188.057861103
 20
144.842976850
 30
0.000000000
 10
188.188950934
 20
144.842976850
 30
0.000000000
 10
188.580654075
 20
144.842976850
 30
0.000000000
 10
189.228290191
 20
144.842976850
 30
0.000000000
 10
190.124120883
 20
144.842976850
 30
0.000000000
 10
191.257442153
 20
144.842976850
 30
0.000000000
 10
192.614712306
 20
144.842976850
 30
0.000000000
 10
194.179713749
 20
144.842976850
 30
0.000000000
 10
195.933746778
 20
144.842976850
 30
0.000000000
 10
197.855853007
 20
144.842976850
 30
0.000000000
 10
199.923065799
 20
144.842976850
 30
0.000000000
 10
202.110684683
 20
144.842976850
 30
0.000000000
 10
204.392570495
 20
144.842976850
 30
0.000000000
 10
206.741457704
 20
144.842976850
 30
0.000000000
 10
209.129280202
 20
144.842976850
 30
0.000000000
  0
SPLINE
  5
A48
330
A02
100
AcDbEntity
  8
V_01_Base_Base_Cup_0
100
AcDbSpline
210
0
220
0
230
1
 70
8
 71
1
 72
17
 73
15
 74
0
 40
4.752081942
 40
4.752081942
 40
4.861446468
 40
4.970810994
 40
5.080175520
 40
5.189540046
 40
5.298904573
 40
5.408269099
 40
5.517633625
 40
5.626998151
 40
5.736362677
 40
5.845727203
 40
5.955091729
 40
6.064456255
 40
6.173820781
 40
6.283185307
 40
6.283185307
 10
210.870719798
 20
144.842976850
 30
0.000000000
 10
213.258542296
 20
144.842976850
 30
0.000000000
 10
215.607429505
 20
144.842976850
 30
0.000000000
 10
217.889315317
 20
144.842976850
 30
0.000000000
 10
220.076934201
 20
144.842976850
 30
0.000000000
 10
222.144146993
 20
144.842976850
 30
0.000000000
 10
224.066253222
 20
144.842976850
 30
0.000000000
 10
225.820286251
 20
144.842976850
 30
0.000000000
 10
227.385287694
 20
144.842976850
 30
0.000000000
 10
228.742557847
 20
144.842976850
 30
0.000000000
 10
229.875879117
 20
144.842976850
 30
0.000000000
 10
230.771709809
 20
144.842976850
 30
0.000000000
 10
231.419345925
 20
144.842976850
 30
0.000000000
 10
231.811049066
 20
144.842976850
 30
0.000000000
 10
231.942138897
 20
144.842976850
 30
0.000000000
  0
ARC
  5
A49
330
A02
100
AcDbEntity
  8
V_01_Base_Base_Cup_1
100
AcDbCircle
 10
210.000000000
 20
148.499999991
 30
0.000000000
 40
21.942138897
100
AcDbArc
 50
-92.274239186
 51
-87.725760814
  0
SPLINE
  5
A4A
330
A02
100
AcDbEntity
  8
V_01_Base_Base_Cup_1
100
AcDbSpline
210
0
220
0
230
1
 70
8
 71
3
 72
11
 73
7
 74
0
 40
0.000000000
 40
0.000000000
 40
0.000000000
 40
0.000000000
 40
0.512513999
 40
0.512513999
 40
0.512513999
 40
1.000000000
 40
1.000000000
 40
1.000000000
 40
1.000000000
 10
209.129280202
 20
126.575144087
 30
0.000000000
 10
209.129280202
 20
126.577485193
 30
0.000000000
 10
209.129280202
 20
126.631001049
 30
0.000000000
 10
209.129280202
 20
126.735691656
 30
0.000000000
 10
209.129280202
 20
126.831684090
 30
0.000000000
 10
209.129280202
 20
126.964422758
 30
0.000000000
 10
209.129280202
 20
127.097997847
 30
0.000000000
  0
ARC
  5
A4B
330
A02
100
AcDbEntity
  8
V_01_Base_Base_Cup_1
100
AcDbCircle
 10
210.000000000
 20
148.499999991
 30
0.000000000
 40
21.942138897
100
AcDbArc
 50
0.000000000
 51
-92.274239186
  0
LINE
  5
A4C
330
A02
100
AcDbEntity
  8
V_01_Base_Base_Cup_1
100
AcDbLine
 10
209.129280202
 20
127.097997847
 30
0.000000000
 11
209.129280202
 21
128.318074926
 31
0.000000000
  0
ARC
  5
A4D
330
A02
100
AcDbEntity
  8
V_01_Base_Base_Cup_1
100
AcDbCircle
 10
210.000000000
 20
127.951012770
 30
0.000000000
 40
0.574675066
100
AcDbArc
 50
0.000000000
 51
37.945203021
  0
ARC
  5
A4E
330
A02
100
AcDbEntity
  8
V_01_Base_Base_Cup_1
100
AcDbCircle
 10
210.000000000
 20
127.951012770
 30
0.000000000
 40
0.574675066
100
AcDbArc
 50
142.054796979
 51
0.000000000
  0
SPLINE
  5
A4F
330
A02
100
AcDbEntity
  8
V_01_Base_Base_Cup_1
100
AcDbSpline
210
0
220
0
230
1
 70
8
 71
3
 72
11
 73
7
 74
0
 40
0.000000000
 40
0.000000000
 40
0.000000000
 40
0.000000000
 40
0.512514000
 40
0.512514000
 40
0.512514000
 40
1.000000000
 40
1.000000000
 40
1.000000000
 40
1.000000000
 10
210.870719798
 20
126.575144087
 30
0.000000000
 10
210.870719798
 20
126.577485193
 30
0.000000000
 10
210.870719798
 20
126.631001049
 30
0.000000000
 10
210.870719798
 20
126.735691657
 30
0.000000000
 10
210.870719798
 20
126.831684091
 30
0.000000000
 10
210.870719798
 20
126.964422758
 30
0.000000000
 10
210.870719798
 20
127.097997847
 30
0.000000000
  0
LINE
  5
A50
330
A02
100
AcDbEntity
  8
V_01_Base_Base_Cup_1
100
AcDbLine
 10
210.870719798
 20
127.097997847
 30
0.000000000
 11
210.870719798
 21
128.318074926
 31
0.000000000
  0
ARC
  5
A51
330
A02
100
AcDbEntity
  8
V_01_Base_Base_Cup_1
100
AcDbCircle
 10
210.000000000
 20
148.499999991
 30
0.000000000
 40
21.942138897
100
AcDbArc
 50
-87.725760814
 51
0.000000000
  0
ARC
  5
A52
330
A02
100
AcDbEntity
  8
V_01_Base_Base_Cup_1
100
AcDbCircle
 10
227.795944956
 20
138.225506381
 30
0.000000000
 40
0.574675066
100
AcDbArc
 50
-157.945203021
 51
0.000000000
  0
ARC
  5
A53
330
A02
100
AcDbEntity
  8
V_01_Base_Base_Cup_1
100
AcDbCircle
 10
227.795944956
 20
138.225506381
 30
0.000000000
 40
0.574675066
100
AcDbArc
 50
0.000000000
 51
97.945203021
  0
ARC
  5
A54
330
A02
100
AcDbEntity
  8
V_01_Base_Base_Cup_1
100
AcDbCircle
 10
227.795944956
 20
158.774493602
 30
0.000000000
 40
0.574675066
100
AcDbArc
 50
-97.945203021
 51
0.000000000
  0
ARC
  5
A55
330
A02
100
AcDbEntity
  8
V_01_Base_Base_Cup_1
100
AcDbCircle
 10
227.795944956
 20
158.774493602
 30
0.000000000
 40
0.574675066
100
AcDbArc
 50
0.000000000
 51
157.945203021
  0
ARC
  5
A56
330
A02
100
AcDbEntity
  8
V_01_Base_Base_Cup_1
100
AcDbCircle
 10
210.000000000
 20
169.048987212
 30
0.000000000
 40
0.574675066
100
AcDbArc
 50
-37.945203021
 51
0.000000000
  0
ARC
  5
A57
330
A02
100
AcDbEntity
  8
V_01_Base_Base_Cup_1
100
AcDbCircle
 10
210.000000000
 20
169.048987212
 30
0.000000000
 40
0.574675066
100
AcDbArc
 50
0.000000000
 51
-142.054796979
  0
ARC
  5
A58
330
A02
100
AcDbEntity
  8
V_01_Base_Base_Cup_1
100
AcDbCircle
 10
192.204055044
 20
158.774493602
 30
0.000000000
 40
0.574675066
100
AcDbArc
 50
22.054796979
 51
-82.054796979
  0
ARC
  5
A59
330
A02
100
AcDbEntity
  8
V_01_Base_Base_Cup_1
100
AcDbCircle
 10
192.204055044
 20
138.225506381
 30
0.000000000
 40
0.574675066
100
AcDbArc
 50
82.054796979
 51
-22.054796979
  0
CIRCLE
  5
A5A
330
A02
100
AcDbEntity
  8
V_01_Base_Base_Cup_1
100
AcDbCircle
 10
210.000000000
 20
148.499999991
 30
0.000000000
 40
16.021244274
  0
CIRCLE
  5
A5B
330
A02
100
AcDbEntity
  8
V_01_Base_Base_Cup_1
100
AcDbCircle
 10
210.000000000
 20
148.499999991
 30
0.000000000
 40
20.200699302
  0
LINE
  5
A5C
330
A02
100
AcDbEntity
  8
V_01_Base_Base_Cup_1
100
AcDbLine
 10
209.129280202
 20
132.502434079
 30
0.000000000
 11
209.129280202
 21
144.234361566
 31
0.000000000
  0
LINE
  5
A5D
330
A02
100
AcDbEntity
  8
V_01_Base_Base_Cup_1
100
AcDbLine
 10
210.870719798
 20
132.502434079
 30
0.000000000
 11
210.870719798
 21
144.234361566
 31
0.000000000
  0
CIRCLE
  5
A5E
330
A02
100
AcDbEntity
  8
V_01_Base_Base_Cup_1
100
AcDbCircle
 10
210.000000000
 20
133.610691454
 30
0.000000000
 40
0.391823909
  0
CIRCLE
  5
A5F
330
A02
100
AcDbEntity
  8
V_01_Base_Base_Cup_1
100
AcDbCircle
 10
206.394258135
 20
135.043188153
 30
0.000000000
 40
0.348287919
  0
CIRCLE
  5
A60
330
A02
100
AcDbEntity
  8
V_01_Base_Base_Cup_1
100
AcDbCircle
 10
200.148930027
 20
158.351069965
 30
0.000000000
 40
0.348287919
  0
CIRCLE
  5
A61
330
A02
100
AcDbEntity
  8
V_01_Base_Base_Cup_1
100
AcDbCircle
 10
223.456811838
 20
152.105741856
 30
0.000000000
 40
0.348287919
  0
CIRCLE
  5
A62
330
A02
100
AcDbEntity
  8
V_01_Base_Base_Cup_1
100
AcDbCircle
 10
197.105480562
 20
141.055345723
 30
0.000000000
 40
0.391823909
  0
CIRCLE
  5
A63
330
A02
100
AcDbEntity
  8
V_01_Base_Base_Cup_1
100
AcDbCircle
 10
222.894519438
 20
141.055345723
 30
0.000000000
 40
0.391823909
  0
CIRCLE
  5
A64
330
A02
100
AcDbEntity
  8
V_01_Base_Base_Cup_1
100
AcDbCircle
 10
197.105480562
 20
155.944654260
 30
0.000000000
 40
0.391823909
  0
CIRCLE
  5
A65
330
A02
100
AcDbEntity
  8
V_01_Base_Base_Cup_1
100
AcDbCircle
 10
210.000000000
 20
163.389308529
 30
0.000000000
 40
0.391823909
  0
CIRCLE
  5
A66
330
A02
100
AcDbEntity
  8
V_01_Base_Base_Cup_1
100
AcDbCircle
 10
222.894519438
 20
155.944654260
 30
0.000000000
 40
0.391823909
  0
CIRCLE
  5
A67
330
A02
100
AcDbEntity
  8
V_01_Base_Base_Cup_1
100
AcDbCircle
 10
196.454778787
 20
134.954778778
 30
0.000000000
 40
0.391823909
  0
CIRCLE
  5
A68
330
A02
100
AcDbEntity
  8
V_01_Base_Base_Cup_1
100
AcDbCircle
 10
205.042104936
 20
129.996883714
 30
0.000000000
 40
0.391823909
  0
CIRCLE
  5
A69
330
A02
100
AcDbEntity
  8
V_01_Base_Base_Cup_1
100
AcDbCircle
 10
191.496883723
 20
143.542104927
 30
0.000000000
 40
0.391823909
  0
CIRCLE
  5
A6A
330
A02
100
AcDbEntity
  8
V_01_Base_Base_Cup_1
100
AcDbCircle
 10
214.957895064
 20
129.996883714
 30
0.000000000
 40
0.391823909
  0
CIRCLE
  5
A6B
330
A02
100
AcDbEntity
  8
V_01_Base_Base_Cup_1
100
AcDbCircle
 10
223.545221213
 20
134.954778778
 30
0.000000000
 40
0.391823909
  0
CIRCLE
  5
A6C
330
A02
100
AcDbEntity
  8
V_01_Base_Base_Cup_1
100
AcDbCircle
 10
228.503116277
 20
143.542104927
 30
0.000000000
 40
0.391823909
  0
CIRCLE
  5
A6D
330
A02
100
AcDbEntity
  8
V_01_Base_Base_Cup_1
100
AcDbCircle
 10
191.496883723
 20
153.457895055
 30
0.000000000
 40
0.391823909
  0
CIRCLE
  5
A6E
330
A02
100
AcDbEntity
  8
V_01_Base_Base_Cup_1
100
AcDbCircle
 10
210.000000000
 20
148.499999991
 30
0.000000000
 40
18.110971788
  0
CIRCLE
  5
A6F
330
A02
100
AcDbEntity
  8
V_01_Base_Base_Cup_1
100
AcDbCircle
 10
196.454778787
 20
162.045221205
 30
0.000000000
 40
0.391823909
  0
CIRCLE
  5
A70
330
A02
100
AcDbEntity
  8
V_01_Base_Base_Cup_1
100
AcDbCircle
 10
205.042104936
 20
167.003116268
 30
0.000000000
 40
0.391823909
  0
CIRCLE
  5
A71
330
A02
100
AcDbEntity
  8
V_01_Base_Base_Cup_1
100
AcDbCircle
 10
228.503116277
 20
153.457895055
 30
0.000000000
 40
0.391823909
  0
CIRCLE
  5
A72
330
A02
100
AcDbEntity
  8
V_01_Base_Base_Cup_1
100
AcDbCircle
 10
214.957895064
 20
167.003116268
 30
0.000000000
 40
0.391823909
  0
CIRCLE
  5
A73
330
A02
100
AcDbEntity
  8
V_01_Base_Base_Cup_1
100
AcDbCircle
 10
223.545221213
 20
162.045221205
 30
0.000000000
 40
0.391823909
  0
ARC
  5
A74
330
A02
100
AcDbEntity
  8
V_01_Base_Base_Cup_1
100
AcDbCircle
 10
210.000000000
 20
148.499999991
 30
0.000000000
 40
1.044863757
100
AcDbArc
 50
-146.442690238
 51
-33.557309762
  0
ARC
  5
A75
330
A02
100
AcDbEntity
  8
V_01_Base_Base_Cup_1
100
AcDbCircle
 10
210.000000000
 20
148.499999991
 30
0.000000000
 40
4.353598988
100
AcDbArc
 50
0.000000000
 51
48.700127208
  0
ARC
  5
A76
330
A02
100
AcDbEntity
  8
V_01_Base_Base_Cup_1
100
AcDbCircle
 10
210.000000000
 20
148.499999991
 30
0.000000000
 40
4.353598988
100
AcDbArc
 50
48.700127208
 51
-48.700127208
  0
ARC
  5
A77
330
A02
100
AcDbEntity
  8
V_01_Base_Base_Cup_1
100
AcDbCircle
 10
210.000000000
 20
148.499999991
 30
0.000000000
 40
4.353598988
100
AcDbArc
 50
-48.700127208
 51
0.000000000
  0
LINE
  5
A78
330
A02
100
AcDbEntity
  8
V_01_Base_Base_Cup_1
100
AcDbLine
 10
209.129280202
 20
146.735293465
 30
0.000000000
 11
209.129280202
 21
147.922429818
 31
0.000000000
  0
ARC
  5
A79
330
A02
100
AcDbEntity
  8
V_01_Base_Base_Cup_1
100
AcDbCircle
 10
210.000000000
 20
148.499999991
 30
0.000000000
 40
1.044863757
100
AcDbArc
 50
0.000000000
 51
-146.442690238
  0
ARC
  5
A7A
330
A02
100
AcDbEntity
  8
V_01_Base_Base_Cup_1
100
AcDbCircle
 10
210.000000000
 20
148.499999991
 30
0.000000000
 40
1.044863757
100
AcDbArc
 50
-33.557309762
 51
0.000000000
  0
LINE
  5
A7B
330
A02
100
AcDbEntity
  8
V_01_Base_Base_Cup_1
100
AcDbLine
 10
210.870719798
 20
146.735293465
 30
0.000000000
 11
210.870719798
 21
147.922429818
 31
0.000000000
  0
LINE
  5
A7C
330
A02
100
AcDbEntity
  8
V_01_Base_Base_Cup_1
100
AcDbLine
 10
210.522431879
 20
151.590748666
 30
0.000000000
 11
210.522431879
 21
152.505311060
 31
0.000000000
  0
LINE
  5
A7D
330
A02
100
AcDbEntity
  8
V_01_Base_Base_Cup_1
100
AcDbLine
 10
210.522431879
 20
152.505311060
 30
0.000000000
 11
209.477568121
 21
152.505311060
 31
0.000000000
  0
LINE
  5
A7E
330
A02
100
AcDbEntity
  8
V_01_Base_Base_Cup_1
100
AcDbLine
 10
209.477568121
 20
151.590748666
 30
0.000000000
 11
209.477568121
 21
152.505311060
 31
0.000000000
  0
LINE
  5
A7F
330
A02
100
AcDbEntity
  8
V_01_Base_Base_Cup_1
100
AcDbLine
 10
209.477568121
 20
145.409251317
 30
0.000000000
 11
209.477568121
 21
144.494688923
 31
0.000000000
  0
LINE
  5
A80
330
A02
100
AcDbEntity
  8
V_01_Base_Base_Cup_1
100
AcDbLine
 10
209.477568121
 20
144.494688923
 30
0.000000000
 11
210.522431879
 21
144.494688923
 31
0.000000000
  0
LINE
  5
A81
330
A02
100
AcDbEntity
  8
V_01_Base_Base_Cup_1
100
AcDbLine
 10
210.522431879
 20
145.409251317
 30
0.000000000
 11
210.522431879
 21
144.494688923
 31
0.000000000
  0
ARC
  5
A82
330
A02
100
AcDbEntity
  8
V_01_Base_Base_Cup_1
100
AcDbCircle
 10
210.000000000
 20
148.499999991
 30
0.000000000
 40
1.967826742
100
AcDbArc
 50
89.993394636
 51
90.006605364
  0
ARC
  5
A83
330
A02
100
AcDbEntity
  8
V_01_Base_Base_Cup_1
100
AcDbCircle
 10
210.000000000
 20
148.499999991
 30
0.000000000
 40
1.967826742
100
AcDbArc
 50
0.000000000
 51
90.000000000
  0
ARC
  5
A84
330
A02
100
AcDbEntity
  8
V_01_Base_Base_Cup_1
100
AcDbCircle
 10
210.000000000
 20
148.499999991
 30
0.000000000
 40
1.967826742
100
AcDbArc
 50
90.000000000
 51
-90.000000000
  0
ARC
  5
A85
330
A02
100
AcDbEntity
  8
V_01_Base_Base_Cup_1
100
AcDbCircle
 10
210.000000000
 20
148.499999991
 30
0.000000000
 40
1.967826742
100
AcDbArc
 50
-90.000000000
 51
0.000000000
  0
ARC
  5
A86
330
A02
100
AcDbEntity
  8
V_01_Base_Base_Cup_1
100
AcDbCircle
 10
210.000000000
 20
148.499999991
 30
0.000000000
 40
3.134591271
100
AcDbArc
 50
23.556464309
 51
-23.556464309
  0
LINE
  5
A87
330
A02
100
AcDbEntity
  8
V_01_Base_Base_Cup_1
100
AcDbLine
 10
212.873375332
 20
147.247252355
 30
0.000000000
 11
212.873375332
 21
149.752747627
 31
0.000000000
  0
ARC
  5
A88
330
A02
100
AcDbEntity
  8
V_01_Base_Base_Cup_1
100
AcDbCircle
 10
210.000000000
 20
146.236128518
 30
0.000000000
 40
0.296044731
100
AcDbArc
 50
90.000000000
 51
180.000000000
  0
ARC
  5
A89
330
A02
100
AcDbEntity
  8
V_01_Base_Base_Cup_1
100
AcDbCircle
 10
210.000000000
 20
146.236128518
 30
0.000000000
 40
0.296044731
100
AcDbArc
 50
180.000000000
 51
90.000000000
  0
ARC
  5
A8A
330
A02
100
AcDbEntity
  8
V_01_Base_Base_Cup_1
100
AcDbCircle
 10
210.000000000
 20
150.763871465
 30
0.000000000
 40
0.296044731
100
AcDbArc
 50
-90.000000000
 51
180.000000000
  0
ARC
  5
A8B
330
A02
100
AcDbEntity
  8
V_01_Base_Base_Cup_1
100
AcDbCircle
 10
210.000000000
 20
150.763871465
 30
0.000000000
 40
0.296044731
100
AcDbArc
 50
180.000000000
 51
-90.000000000
  0
CIRCLE
  5
A8C
330
A02
100
AcDbEntity
  8
V_01_Base_Base_Cup_1
100
AcDbCircle
 10
210.000000000
 20
148.499999991
 30
0.000000000
 40
2.751474560
  0
ARC
  5
A8D
330
A02
100
AcDbEntity
  8
V_01_Base_Base_Cup_1
100
AcDbCircle
 10
210.000000000
 20
148.499999991
 30
0.000000000
 40
21.942138897
100
AcDbArc
 50
0.000000000
 51
-92.274239186
  0
ARC
  5
A8E
330
A02
100
AcDbEntity
  8
V_01_Base_Base_Cup_1
100
AcDbCircle
 10
210.000000000
 20
148.499999991
 30
0.000000000
 40
21.942138897
100
AcDbArc
 50
-87.725760814
 51
0.000000000
  0
ARC
  5
A8F
330
A02
100
AcDbEntity
  8
V_01_Base_Base_Cup_1
100
AcDbCircle
 10
210.000000000
 20
148.499999991
 30
0.000000000
 40
21.419707019
100
AcDbArc
 50
0.000000000
 51
-92.329738660
  0
ARC
  5
A90
330
A02
100
AcDbEntity
  8
V_01_Base_Base_Cup_1
100
AcDbCircle
 10
210.000000000
 20
148.499999991
 30
0.000000000
 40
21.419707019
100
AcDbArc
 50
-87.670261340
 51
0.000000000
  0
SPLINE
  5
A91
330
A02
100
AcDbEntity
  8
V_01_Base_Base_Cup_2
100
AcDbSpline
210
0
220
0
230
1
 70
8
 71
2
 72
6
 73
3
 74
0
 40
4.712388980
 40
4.712388980
 40
4.712388980
 40
4.752081942
 40
4.752081942
 40
4.752081942
 10
188.057861094
 20
144.668832891
 30
0.000000000
 10
188.057899984
 20
144.668832891
 30
0.000000000
 10
188.075144087
 20
144.668832891
 30
0.000000000
  0
LINE
  5
A92
330
A02
100
AcDbEntity
  8
V_01_Base_Base_Cup_2
100
AcDbLine
 10
188.075144087
 20
144.668832891
 30
0.000000000
 11
188.075144087
 21
144.842976850
 31
0.000000000
  0
SPLINE
  5
A93
330
A02
100
AcDbEntity
  8
V_01_Base_Base_Cup_2
100
AcDbSpline
210
0
220
0
230
1
 70
8
 71
1
 72
17
 73
15
 74
0
 40
0.000000000
 40
0.000000000
 40
0.112199738
 40
0.224399475
 40
0.336599213
 40
0.448798951
 40
0.560998688
 40
0.673198426
 40
0.785398163
 40
0.897597901
 40
1.009797639
 40
1.121997376
 40
1.234197114
 40
1.346396852
 40
1.458596589
 40
1.570796327
 40
1.570796327
 10
209.999999991
 20
143.623969134
 30
0.000000000
 10
212.456740077
 20
143.623969134
 30
0.000000000
 10
214.882585232
 20
143.623969134
 30
0.000000000
 10
217.247029044
 20
143.623969134
 30
0.000000000
 10
219.520337260
 20
143.623969134
 30
0.000000000
 10
221.673921712
 20
143.623969134
 30
0.000000000
 10
223.680699825
 20
143.623969134
 30
0.000000000
 10
225.515435199
 20
143.623969134
 30
0.000000000
 10
227.155054974
 20
143.623969134
 30
0.000000000
 10
228.578939978
 20
143.623969134
 30
0.000000000
 10
229.769184033
 20
143.623969134
 30
0.000000000
 10
230.710819128
 20
143.623969134
 30
0.000000000
 10
231.392003655
 20
143.623969134
 30
0.000000000
 10
231.804171325
 20
143.623969134
 30
0.000000000
 10
231.942138888
 20
143.623969134
 30
0.000000000
  0
SPLINE
  5
A94
330
A02
100
AcDbEntity
  8
V_01_Base_Base_Cup_2
100
AcDbSpline
210
0
220
0
230
1
 70
8
 71
1
 72
17
 73
15
 74
0
 40
4.712388980
 40
4.712388980
 40
4.824588718
 40
4.936788456
 40
5.048988193
 40
5.161187931
 40
5.273387669
 40
5.385587406
 40
5.497787144
 40
5.609986881
 40
5.722186619
 40
5.834386357
 40
5.946586094
 40
6.058785832
 40
6.170985570
 40
6.283185307
 40
6.283185307
 10
188.057861094
 20
143.623969134
 30
0.000000000
 10
188.195828658
 20
143.623969134
 30
0.000000000
 10
188.607996327
 20
143.623969134
 30
0.000000000
 10
189.289180855
 20
143.623969134
 30
0.000000000
 10
190.230815950
 20
143.623969134
 30
0.000000000
 10
191.421060004
 20
143.623969134
 30
0.000000000
 10
192.844945009
 20
143.623969134
 30
0.000000000
 10
194.484564783
 20
143.623969134
 30
0.000000000
 10
196.319300158
 20
143.623969134
 30
0.000000000
 10
198.326078271
 20
143.623969134
 30
0.000000000
 10
200.479662722
 20
143.623969134
 30
0.000000000
 10
202.752970939
 20
143.623969134
 30
0.000000000
 10
205.117414751
 20
143.623969134
 30
0.000000000
 10
207.543259905
 20
143.623969134
 30
0.000000000
 10
209.999999991
 20
143.623969134
 30
0.000000000
  0
SPLINE
  5
A95
330
A02
100
AcDbEntity
  8
V_01_Base_Base_Cup_2
100
AcDbSpline
210
0
220
0
230
1
 70
8
 71
1
 72
17
 73
15
 74
0
 40
0.000000000
 40
0.000000000
 40
0.112199738
 40
0.224399475
 40
0.336599213
 40
0.448798951
 40
0.560998688
 40
0.673198426
 40
0.785398163
 40
0.897597901
 40
1.009797639
 40
1.121997376
 40
1.234197114
 40
1.346396852
 40
1.458596589
 40
1.570796327
 40
1.570796327
 10
209.999999991
 20
145.365408729
 30
0.000000000
 10
212.398246266
 20
145.365408729
 30
0.000000000
 10
214.766333202
 20
145.365408729
 30
0.000000000
 10
217.074480733
 20
145.365408729
 30
0.000000000
 10
219.293662563
 20
145.365408729
 30
0.000000000
 10
221.395971195
 20
145.365408729
 30
0.000000000
 10
223.354968876
 20
145.365408729
 30
0.000000000
 10
225.146020075
 20
145.365408729
 30
0.000000000
 10
226.746601284
 20
145.365408729
 30
0.000000000
 10
228.136584264
 20
145.365408729
 30
0.000000000
 10
229.298489175
 20
145.365408729
 30
0.000000000
 10
230.217704386
 20
145.365408729
 30
0.000000000
 10
230.882670235
 20
145.365408729
 30
0.000000000
 10
231.285024388
 20
145.365408729
 30
0.000000000
 10
231.419707010
 20
145.365408729
 30
0.000000000
  0
SPLINE
  5
A96
330
A02
100
AcDbEntity
  8
V_01_Base_Base_Cup_2
100
AcDbSpline
210
0
220
0
230
1
 70
8
 71
1
 72
17
 73
15
 74
0
 40
4.370768257
 40
4.370768257
 40
4.392265336
 40
4.413762416
 40
4.435259496
 40
4.456756575
 40
4.478253655
 40
4.499750734
 40
4.521247814
 40
4.542744893
 40
4.564241973
 40
4.585739052
 40
4.607236132
 40
4.628733211
 40
4.650230291
 40
4.671727370
 40
4.671727370
 10
189.818074926
 20
145.365408729
 30
0.000000000
 10
189.668488703
 20
145.365408729
 30
0.000000000
 10
189.528297805
 20
145.365408729
 30
0.000000000
 10
189.397567017
 20
145.365408729
 30
0.000000000
 10
189.276356750
 20
145.365408729
 30
0.000000000
 10
189.164723016
 20
145.365408729
 30
0.000000000
 10
189.062717401
 20
145.365408729
 30
0.000000000
 10
188.970387044
 20
145.365408729
 30
0.000000000
 10
188.887774610
 20
145.365408729
 30
0.000000000
 10
188.814918275
 20
145.365408729
 30
0.000000000
 10
188.751851708
 20
145.365408729
 30
0.000000000
 10
188.698604050
 20
145.365408729
 30
0.000000000
 10
188.655199909
 20
145.365408729
 30
0.000000000
 10
188.621659341
 20
145.365408729
 30
0.000000000
 10
188.597997847
 20
145.365408729
 30
0.000000000
  0
LINE
  5
A97
330
A02
100
AcDbEntity
  8
V_01_Base_Base_Cup_2
100
AcDbLine
 10
188.597997847
 20
145.365408729
 30
0.000000000
 11
189.818074926
 21
145.365408729
 31
0.000000000
  0
SPLINE
  5
A98
330
A02
100
AcDbEntity
  8
V_01_Base_Base_Cup_2
100
AcDbSpline
210
0
220
0
230
1
 70
8
 71
3
 72
11
 73
7
 74
0
 40
0.000000000
 40
0.000000000
 40
0.000000000
 40
0.000000000
 40
0.512514000
 40
0.512514000
 40
0.512514000
 40
1.000000000
 40
1.000000000
 40
1.000000000
 40
1.000000000
 10
188.075144087
 20
144.842976850
 30
0.000000000
 10
188.074530534
 20
144.983445626
 30
0.000000000
 10
188.133955707
 20
145.122804673
 30
0.000000000
 10
188.235691657
 20
145.219649916
 30
0.000000000
 10
188.331684091
 20
145.312526267
 30
0.000000000
 10
188.464422758
 20
145.365909875
 30
0.000000000
 10
188.597997847
 20
145.365408729
 30
0.000000000
  0
LINE
  5
A99
330
A02
100
AcDbEntity
  8
V_01_Base_Base_Cup_2
100
AcDbLine
 10
189.818074926
 20
145.365408729
 30
0.000000000
 11
189.818074926
 21
146.061984567
 31
0.000000000
  0
SPLINE
  5
A9A
330
A02
100
AcDbEntity
  8
V_01_Base_Base_Cup_2
100
AcDbSpline
210
0
220
0
230
1
 70
8
 71
1
 72
17
 73
15
 74
0
 40
4.753050591
 40
4.753050591
 40
4.862345928
 40
4.971641265
 40
5.080936601
 40
5.190231938
 40
5.299527275
 40
5.408822612
 40
5.518117949
 40
5.627413286
 40
5.736708623
 40
5.846003960
 40
5.955299297
 40
6.064594633
 40
6.173889970
 40
6.283185307
 40
6.283185307
 10
188.597997847
 20
145.365408729
 30
0.000000000
 10
188.820675404
 20
145.365408729
 30
0.000000000
 10
189.296098216
 20
145.365408729
 30
0.000000000
 10
190.018592782
 20
145.365408729
 30
0.000000000
 10
190.979537155
 20
145.365408729
 30
0.000000000
 10
192.167463822
 20
145.365408729
 30
0.000000000
 10
193.568196561
 20
145.365408729
 30
0.000000000
 10
195.165019610
 20
145.365408729
 30
0.000000000
 10
196.938877147
 20
145.365408729
 30
0.000000000
 10
198.868600693
 20
145.365408729
 30
0.000000000
 10
200.931161731
 20
145.365408729
 30
0.000000000
 10
203.101946513
 20
145.365408729
 30
0.000000000
 10
205.355049797
 20
145.365408729
 30
0.000000000
 10
207.663583986
 20
145.365408729
 30
0.000000000
 10
209.999999991
 20
145.365408729
 30
0.000000000
  0
SPLINE
  5
A9B
330
A02
100
AcDbEntity
  8
V_01_Base_Base_Cup_2
100
AcDbSpline
210
0
220
0
230
1
 70
8
 71
3
 72
26
 73
22
 74
0
 40
0.000000000
 40
0.000000000
 40
0.000000000
 40
0.000000000
 40
0.250425629
 40
0.250425629
 40
0.250425629
 40
0.321975809
 40
0.321975809
 40
0.321975809
 40
0.357750898
 40
0.357750898
 40
0.357750898
 40
0.393525988
 40
0.393525988
 40
0.393525988
 40
0.429301078
 40
0.429301078
 40
0.429301078
 40
0.465076168
 40
0.465076168
 40
0.465076168
 40
0.500851258
 40
0.500851258
 40
0.500851258
 40
0.500851258
 10
209.999999991
 20
145.365408729
 30
0.000000000
 10
211.686476315
 20
145.365408729
 30
0.000000000
 10
213.371366660
 20
145.365408729
 30
0.000000000
 10
215.006063236
 20
145.365408729
 30
0.000000000
 10
215.471952059
 20
145.365408729
 30
0.000000000
 10
215.934043856
 20
145.365408729
 30
0.000000000
 10
216.392338627
 20
145.365408729
 30
0.000000000
 10
216.619441381
 20
145.365408729
 30
0.000000000
 10
216.846544135
 20
145.365408729
 30
0.000000000
 10
217.073646889
 20
145.365408729
 30
0.000000000
 10
217.297732212
 20
145.365408729
 30
0.000000000
 10
217.521817536
 20
145.365408729
 30
0.000000000
 10
217.745902859
 20
145.365408729
 30
0.000000000
 10
217.966683986
 20
145.365408729
 30
0.000000000
 10
218.187465112
 20
145.365408729
 30
0.000000000
 10
218.408246238
 20
145.365408729
 30
0.000000000
 10
218.625440630
 20
145.365408729
 30
0.000000000
 10
218.842635021
 20
145.365408729
 30
0.000000000
 10
219.059829412
 20
145.365408729
 30
0.000000000
 10
219.273159120
 20
145.365408729
 30
0.000000000
 10
219.486488828
 20
145.365408729
 30
0.000000000
 10
219.699818536
 20
145.365408729
 30
0.000000000
  0
SPLINE
  5
A9C
330
A02
100
AcDbEntity
  8
V_01_Base_Base_Cup_2
100
AcDbSpline
210
0
220
0
230
1
 70
8
 71
1
 72
17
 73
15
 74
0
 40
0.566958560
 40
0.566958560
 40
0.637058674
 40
0.707158788
 40
0.777258902
 40
0.847359016
 40
0.917459130
 40
0.987559244
 40
1.057659358
 40
1.127759472
 40
1.197859587
 40
1.267959701
 40
1.338059815
 40
1.408159929
 40
1.478260043
 40
1.548360157
 40
1.548360157
 10
220.849168668
 20
145.365408729
 30
0.000000000
 10
222.016055416
 20
145.365408729
 30
0.000000000
 10
223.123919131
 20
145.365408729
 30
0.000000000
 10
224.167317971
 20
145.365408729
 30
0.000000000
 10
225.141126747
 20
145.365408729
 30
0.000000000
 10
226.040562096
 20
145.365408729
 30
0.000000000
 10
226.861205979
 20
145.365408729
 30
0.000000000
 10
227.599027382
 20
145.365408729
 30
0.000000000
 10
228.250402116
 20
145.365408729
 30
0.000000000
 10
228.812130618
 20
145.365408729
 30
0.000000000
 10
229.281453672
 20
145.365408729
 30
0.000000000
 10
229.656065954
 20
145.365408729
 30
0.000000000
 10
229.934127365
 20
145.365408729
 30
0.000000000
 10
230.114272064
 20
145.365408729
 30
0.000000000
 10
230.195615175
 20
145.365408729
 30
0.000000000
  0
SPLINE
  5
A9D
330
A02
100
AcDbEntity
  8
V_01_Base_Base_Cup_2
100
AcDbSpline
210
0
220
0
230
1
 70
8
 71
3
 72
20
 73
16
 74
0
 40
0.000000000
 40
0.000000000
 40
0.000000000
 40
0.000000000
 40
0.785398163
 40
0.785398163
 40
0.785398163
 40
0.897597901
 40
0.897597901
 40
0.897597901
 40
1.121997376
 40
1.121997376
 40
1.121997376
 40
1.346396852
 40
1.346396852
 40
1.346396852
 40
1.570796327
 40
1.570796327
 40
1.570796327
 40
1.570796327
 10
230.548987212
 20
145.365408729
 30
0.000000000
 10
230.699787501
 20
145.365408729
 30
0.000000000
 10
230.848359592
 20
145.365408729
 30
0.000000000
 10
230.955343849
 20
145.365408729
 30
0.000000000
 10
230.969657990
 20
145.365408729
 30
0.000000000
 10
230.983972131
 20
145.365408729
 30
0.000000000
 10
230.998286271
 20
145.365408729
 30
0.000000000
 10
231.024291709
 20
145.365408729
 30
0.000000000
 10
231.047113470
 20
145.365408729
 30
0.000000000
 10
231.066751556
 20
145.365408729
 30
0.000000000
 10
231.084468022
 20
145.365408729
 30
0.000000000
 10
231.098635495
 20
145.365408729
 30
0.000000000
 10
231.109253975
 20
145.365408729
 30
0.000000000
 10
231.117793092
 20
145.365408729
 30
0.000000000
 10
231.122595860
 20
145.365408729
 30
0.000000000
 10
231.123662279
 20
145.365408729
 30
0.000000000
  0
SPLINE
  5
A9E
330
A02
100
AcDbEntity
  8
V_01_Base_Base_Cup_2
100
AcDbSpline
210
0
220
0
230
1
 70
8
 71
2
 72
6
 73
3
 74
0
 40
4.712388980
 40
4.712388980
 40
4.712388980
 40
4.755505787
 40
4.755505787
 40
4.755505787
 10
189.799300689
 20
146.061984567
 30
0.000000000
 10
189.799343108
 20
146.061984567
 30
0.000000000
 10
189.818074926
 20
146.061984567
 30
0.000000000
  0
SPLINE
  5
A9F
330
A02
100
AcDbEntity
  8
V_01_Base_Base_Cup_2
100
AcDbSpline
210
0
220
0
230
1
 70
8
 71
2
 72
6
 73
3
 74
0
 40
1.548360157
 40
1.548360157
 40
1.548360157
 40
1.570796327
 40
1.570796327
 40
1.570796327
 10
230.195615175
 20
145.713696648
 30
0.000000000
 10
230.200688031
 20
145.713696648
 30
0.000000000
 10
230.200699293
 20
145.713696648
 30
0.000000000
  0
LINE
  5
AA0
330
A02
100
AcDbEntity
  8
V_01_Base_Base_Cup_2
100
AcDbLine
 10
230.195615175
 20
145.365408729
 30
0.000000000
 11
230.195615175
 21
145.713696648
 31
0.000000000
  0
LINE
  5
AA1
330
A02
100
AcDbEntity
  8
V_01_Base_Base_Cup_2
100
AcDbLine
 10
220.490280164
 20
145.365408729
 30
0.000000000
 11
220.490280164
 21
145.713696648
 31
0.000000000
  0
SPLINE
  5
AA2
330
A02
100
AcDbEntity
  8
V_01_Base_Base_Cup_2
100
AcDbSpline
210
0
220
0
230
1
 70
8
 71
2
 72
6
 73
3
 74
0
 40
0.501162606
 40
0.501162606
 40
0.501162606
 40
0.546034946
 40
0.546034946
 40
0.546034946
 10
219.705335003
 20
145.713696648
 30
0.000000000
 10
220.102869313
 20
145.713696648
 30
0.000000000
 10
220.490280164
 20
145.713696648
 30
0.000000000
  0
LINE
  5
AA3
330
A02
100
AcDbEntity
  8
V_01_Base_Base_Cup_2
100
AcDbLine
 10
219.705335003
 20
145.365408729
 30
0.000000000
 11
219.705335003
 21
145.713696648
 31
0.000000000
  0
SPLINE
  5
AA4
330
A02
100
AcDbEntity
  8
V_01_Base_Base_Cup_2
100
AcDbSpline
210
0
220
0
230
1
 70
8
 71
1
 72
17
 73
15
 74
0
 40
0.000000000
 40
0.000000000
 40
0.112199738
 40
0.224399475
 40
0.336599213
 40
0.448798951
 40
0.560998688
 40
0.673198426
 40
0.785398163
 40
0.897597901
 40
1.009797639
 40
1.121997376
 40
1.234197114
 40
1.346396852
 40
1.458596589
 40
1.570796327
 40
1.570796327
 10
209.999999991
 20
153.376030866
 30
0.000000000
 10
212.261760706
 20
153.376030866
 30
0.000000000
 10
214.495078467
 20
153.376030866
 30
0.000000000
 10
216.671868008
 20
153.376030866
 30
0.000000000
 10
218.764754937
 20
153.376030866
 30
0.000000000
 10
220.747419988
 20
153.376030866
 30
0.000000000
 10
222.594929997
 20
153.376030866
 30
0.000000000
 10
224.284051453
 20
153.376030866
 30
0.000000000
 10
225.793542674
 20
153.376030866
 30
0.000000000
 10
227.104420932
 20
153.376030866
 30
0.000000000
 10
228.200201172
 20
153.376030866
 30
0.000000000
 10
229.067103323
 20
153.376030866
 30
0.000000000
 10
229.694225587
 20
153.376030866
 30
0.000000000
 10
230.073681536
 20
153.376030866
 30
0.000000000
 10
230.200699293
 20
153.376030866
 30
0.000000000
  0
SPLINE
  5
AA5
330
A02
100
AcDbEntity
  8
V_01_Base_Base_Cup_2
100
AcDbSpline
210
0
220
0
230
1
 70
8
 71
1
 72
17
 73
15
 74
0
 40
4.712388980
 40
4.712388980
 40
4.824588718
 40
4.936788456
 40
5.048988193
 40
5.161187931
 40
5.273387669
 40
5.385587406
 40
5.497787144
 40
5.609986881
 40
5.722186619
 40
5.834386357
 40
5.946586094
 40
6.058785832
 40
6.170985570
 40
6.283185307
 40
6.283185307
 10
189.799300689
 20
153.376030866
 30
0.000000000
 10
189.926318446
 20
153.376030866
 30
0.000000000
 10
190.305774396
 20
153.376030866
 30
0.000000000
 10
190.932896659
 20
153.376030866
 30
0.000000000
 10
191.799798810
 20
153.376030866
 30
0.000000000
 10
192.895579051
 20
153.376030866
 30
0.000000000
 10
194.206457309
 20
153.376030866
 30
0.000000000
 10
195.715948530
 20
153.376030866
 30
0.000000000
 10
197.405069986
 20
153.376030866
 30
0.000000000
 10
199.252579995
 20
153.376030866
 30
0.000000000
 10
201.235245045
 20
153.376030866
 30
0.000000000
 10
203.328131975
 20
153.376030866
 30
0.000000000
 10
205.504921516
 20
153.376030866
 30
0.000000000
 10
207.738239277
 20
153.376030866
 30
0.000000000
 10
209.999999991
 20
153.376030866
 30
0.000000000
  0
LINE
  5
AA6
330
A02
100
AcDbEntity
  8
V_01_Base_Base_Cup_2
100
AcDbLine
 10
200.294664980
 20
145.365408729
 30
0.000000000
 11
200.294664980
 21
145.713696648
 31
0.000000000
  0
SPLINE
  5
AA7
330
A02
100
AcDbEntity
  8
V_01_Base_Base_Cup_2
100
AcDbSpline
210
0
220
0
230
1
 70
8
 71
2
 72
6
 73
3
 74
0
 40
5.737150362
 40
5.737150362
 40
5.737150362
 40
5.782022702
 40
5.782022702
 40
5.782022702
 10
199.509719819
 20
145.713696648
 30
0.000000000
 10
199.897130670
 20
145.713696648
 30
0.000000000
 10
200.294664980
 20
145.713696648
 30
0.000000000
  0
LINE
  5
AA8
330
A02
100
AcDbEntity
  8
V_01_Base_Base_Cup_2
100
AcDbLine
 10
199.509719819
 20
145.365408729
 30
0.000000000
 11
199.509719819
 21
145.713696648
 31
0.000000000
  0
SPLINE
  5
AA9
330
A02
100
AcDbEntity
  8
V_01_Base_Base_Cup_2
100
AcDbSpline
210
0
220
0
230
1
 70
8
 71
3
 72
8
 73
4
 74
0
 40
0.428628492
 40
0.428628492
 40
0.428628492
 40
0.428628492
 40
0.618569059
 40
0.618569059
 40
0.618569059
 40
0.618569059
 10
218.395890528
 20
146.932704364
 30
0.000000000
 10
219.559001538
 20
146.932704364
 30
0.000000000
 10
220.671494441
 20
146.932704364
 30
0.000000000
 10
221.713778570
 20
146.932704364
 30
0.000000000
  0
LINE
  5
AAA
330
A02
100
AcDbEntity
  8
V_01_Base_Base_Cup_2
100
AcDbLine
 10
218.395890528
 20
146.932704364
 30
0.000000000
 11
218.395890528
 21
149.370719798
 31
0.000000000
  0
LINE
  5
AAB
330
A02
100
AcDbEntity
  8
V_01_Base_Base_Cup_2
100
AcDbLine
 10
221.713778570
 20
146.932704364
 30
0.000000000
 11
221.713778570
 21
149.370719798
 31
0.000000000
  0
SPLINE
  5
AAC
330
A02
100
AcDbEntity
  8
V_01_Base_Base_Cup_2
100
AcDbSpline
210
0
220
0
230
1
 70
8
 71
3
 72
8
 73
4
 74
0
 40
0.428628492
 40
0.428628492
 40
0.428628492
 40
0.428628492
 40
0.618569059
 40
0.618569059
 40
0.618569059
 40
0.618569059
 10
218.395890528
 20
149.370719798
 30
0.000000000
 10
219.559001538
 20
149.370719798
 30
0.000000000
 10
220.671494441
 20
149.370719798
 30
0.000000000
 10
221.713778570
 20
149.370719798
 30
0.000000000
  0
SPLINE
  5
AAD
330
A02
100
AcDbEntity
  8
V_01_Base_Base_Cup_2
100
AcDbSpline
210
0
220
0
230
1
 70
8
 71
2
 72
6
 73
3
 74
0
 40
4.712388980
 40
4.712388980
 40
4.712388980
 40
4.807359264
 40
4.807359264
 40
4.807359264
 10
189.799300689
 20
146.932704364
 30
0.000000000
 10
189.799527615
 20
146.932704364
 30
0.000000000
 10
189.890330876
 20
146.932704364
 30
0.000000000
  0
LINE
  5
AAE
330
A02
100
AcDbEntity
  8
V_01_Base_Base_Cup_2
100
AcDbLine
 10
189.890330876
 20
146.932704364
 30
0.000000000
 11
189.890330876
 21
149.370719798
 31
0.000000000
  0
SPLINE
  5
AAF
330
A02
100
AcDbEntity
  8
V_01_Base_Base_Cup_2
100
AcDbSpline
210
0
220
0
230
1
 70
8
 71
2
 72
6
 73
3
 74
0
 40
4.712388980
 40
4.712388980
 40
4.712388980
 40
4.807359264
 40
4.807359264
 40
4.807359264
 10
189.799300689
 20
149.370719798
 30
0.000000000
 10
189.799527615
 20
149.370719798
 30
0.000000000
 10
189.890330876
 20
149.370719798
 30
0.000000000
  0
LINE
  5
AB0
330
A02
100
AcDbEntity
  8
V_01_Base_Base_Cup_2
100
AcDbLine
 10
215.856381045
 20
151.486568905
 30
0.000000000
 11
215.856381045
 21
152.130901556
 31
0.000000000
  0
SPLINE
  5
AB1
330
A02
100
AcDbEntity
  8
V_01_Base_Base_Cup_2
100
AcDbSpline
210
0
220
0
230
1
 70
8
 71
2
 72
6
 73
3
 74
0
 40
0.229466168
 40
0.229466168
 40
0.229466168
 40
0.294132607
 40
0.294132607
 40
0.294132607
 10
214.594804935
 20
151.486568905
 30
0.000000000
 10
215.231034297
 20
151.486568905
 30
0.000000000
 10
215.856381045
 20
151.486568905
 30
0.000000000
  0
SPLINE
  5
AB2
330
A02
100
AcDbEntity
  8
V_01_Base_Base_Cup_2
100
AcDbSpline
210
0
220
0
230
1
 70
8
 71
2
 72
6
 73
3
 74
0
 40
0.229466168
 40
0.229466168
 40
0.229466168
 40
0.294132607
 40
0.294132607
 40
0.294132607
 10
214.594804935
 20
152.130901556
 30
0.000000000
 10
215.231034297
 20
152.130901556
 30
0.000000000
 10
215.856381045
 20
152.130901556
 30
0.000000000
  0
LINE
  5
AB3
330
A02
100
AcDbEntity
  8
V_01_Base_Base_Cup_2
100
AcDbLine
 10
214.594804935
 20
151.486568905
 30
0.000000000
 11
214.594804935
 21
152.130901556
 31
0.000000000
  0
LINE
  5
AB4
330
A02
100
AcDbEntity
  8
V_01_Base_Base_Cup_2
100
AcDbLine
 10
224.738354469
 20
151.486568905
 30
0.000000000
 11
224.738354469
 21
152.130901556
 31
0.000000000
  0
SPLINE
  5
AB5
330
A02
100
AcDbEntity
  8
V_01_Base_Base_Cup_2
100
AcDbSpline
210
0
220
0
230
1
 70
8
 71
2
 72
6
 73
3
 74
0
 40
0.753064944
 40
0.753064944
 40
0.753064944
 40
0.817731383
 40
0.817731383
 40
0.817731383
 10
223.814816659
 20
151.486568905
 30
0.000000000
 10
224.291451491
 20
151.486568905
 30
0.000000000
 10
224.738354469
 20
151.486568905
 30
0.000000000
  0
SPLINE
  5
AB6
330
A02
100
AcDbEntity
  8
V_01_Base_Base_Cup_2
100
AcDbSpline
210
0
220
0
230
1
 70
8
 71
2
 72
6
 73
3
 74
0
 40
0.753064944
 40
0.753064944
 40
0.753064944
 40
0.817731383
 40
0.817731383
 40
0.817731383
 10
223.814816659
 20
152.130901556
 30
0.000000000
 10
224.291451491
 20
152.130901556
 30
0.000000000
 10
224.738354469
 20
152.130901556
 30
0.000000000
  0
LINE
  5
AB7
330
A02
100
AcDbEntity
  8
V_01_Base_Base_Cup_2
100
AcDbLine
 10
223.814816659
 20
151.486568905
 30
0.000000000
 11
223.814816659
 21
152.130901556
 31
0.000000000
  0
LINE
  5
AB8
330
A02
100
AcDbEntity
  8
V_01_Base_Base_Cup_2
100
AcDbLine
 10
229.671197713
 20
151.486568905
 30
0.000000000
 11
229.671197713
 21
152.130901556
 31
0.000000000
  0
SPLINE
  5
AB9
330
A02
100
AcDbEntity
  8
V_01_Base_Base_Cup_2
100
AcDbSpline
210
0
220
0
230
1
 70
8
 71
2
 72
6
 73
3
 74
0
 40
1.276663719
 40
1.276663719
 40
1.276663719
 40
1.341330159
 40
1.341330159
 40
1.341330159
 10
229.333159414
 20
151.486568905
 30
0.000000000
 10
229.522485797
 20
151.486568905
 30
0.000000000
 10
229.671197713
 20
151.486568905
 30
0.000000000
  0
SPLINE
  5
ABA
330
A02
100
AcDbEntity
  8
V_01_Base_Base_Cup_2
100
AcDbSpline
210
0
220
0
230
1
 70
8
 71
2
 72
6
 73
3
 74
0
 40
1.276663719
 40
1.276663719
 40
1.276663719
 40
1.341330159
 40
1.341330159
 40
1.341330159
 10
229.333159414
 20
152.130901556
 30
0.000000000
 10
229.522485797
 20
152.130901556
 30
0.000000000
 10
229.671197713
 20
152.130901556
 30
0.000000000
  0
LINE
  5
ABB
330
A02
100
AcDbEntity
  8
V_01_Base_Base_Cup_2
100
AcDbLine
 10
229.333159414
 20
151.486568905
 30
0.000000000
 11
229.333159414
 21
152.130901556
 31
0.000000000
  0
LINE
  5
ABC
330
A02
100
AcDbEntity
  8
V_01_Base_Base_Cup_2
100
AcDbLine
 10
190.666840569
 20
151.486568905
 30
0.000000000
 11
190.666840569
 21
152.130901556
 31
0.000000000
  0
SPLINE
  5
ABD
330
A02
100
AcDbEntity
  8
V_01_Base_Base_Cup_2
100
AcDbSpline
210
0
220
0
230
1
 70
8
 71
2
 72
6
 73
3
 74
0
 40
4.941855149
 40
4.941855149
 40
4.941855149
 40
5.006521588
 40
5.006521588
 40
5.006521588
 10
190.328802269
 20
151.486568905
 30
0.000000000
 10
190.477514185
 20
151.486568905
 30
0.000000000
 10
190.666840569
 20
151.486568905
 30
0.000000000
  0
SPLINE
  5
ABE
330
A02
100
AcDbEntity
  8
V_01_Base_Base_Cup_2
100
AcDbSpline
210
0
220
0
230
1
 70
8
 71
2
 72
6
 73
3
 74
0
 40
4.941855149
 40
4.941855149
 40
4.941855149
 40
5.006521588
 40
5.006521588
 40
5.006521588
 10
190.328802269
 20
152.130901556
 30
0.000000000
 10
190.477514185
 20
152.130901556
 30
0.000000000
 10
190.666840569
 20
152.130901556
 30
0.000000000
  0
LINE
  5
ABF
330
A02
100
AcDbEntity
  8
V_01_Base_Base_Cup_2
100
AcDbLine
 10
190.328802269
 20
151.486568905
 30
0.000000000
 11
190.328802269
 21
152.130901556
 31
0.000000000
  0
LINE
  5
AC0
330
A02
100
AcDbEntity
  8
V_01_Base_Base_Cup_2
100
AcDbLine
 10
196.185183323
 20
151.486568905
 30
0.000000000
 11
196.185183323
 21
152.130901556
 31
0.000000000
  0
SPLINE
  5
AC1
330
A02
100
AcDbEntity
  8
V_01_Base_Base_Cup_2
100
AcDbSpline
210
0
220
0
230
1
 70
8
 71
2
 72
6
 73
3
 74
0
 40
5.465453924
 40
5.465453924
 40
5.465453924
 40
5.530120363
 40
5.530120363
 40
5.530120363
 10
195.261645513
 20
151.486568905
 30
0.000000000
 10
195.708548491
 20
151.486568905
 30
0.000000000
 10
196.185183323
 20
151.486568905
 30
0.000000000
  0
SPLINE
  5
AC2
330
A02
100
AcDbEntity
  8
V_01_Base_Base_Cup_2
100
AcDbSpline
210
0
220
0
230
1
 70
8
 71
2
 72
6
 73
3
 74
0
 40
5.465453924
 40
5.465453924
 40
5.465453924
 40
5.530120363
 40
5.530120363
 40
5.530120363
 10
195.261645513
 20
152.130901556
 30
0.000000000
 10
195.708548491
 20
152.130901556
 30
0.000000000
 10
196.185183323
 20
152.130901556
 30
0.000000000
  0
LINE
  5
AC3
330
A02
100
AcDbEntity
  8
V_01_Base_Base_Cup_2
100
AcDbLine
 10
195.261645513
 20
151.486568905
 30
0.000000000
 11
195.261645513
 21
152.130901556
 31
0.000000000
  0
LINE
  5
AC4
330
A02
100
AcDbEntity
  8
V_01_Base_Base_Cup_2
100
AcDbLine
 10
205.405195047
 20
151.486568905
 30
0.000000000
 11
205.405195047
 21
152.130901556
 31
0.000000000
  0
SPLINE
  5
AC5
330
A02
100
AcDbEntity
  8
V_01_Base_Base_Cup_2
100
AcDbSpline
210
0
220
0
230
1
 70
8
 71
2
 72
6
 73
3
 74
0
 40
5.989052700
 40
5.989052700
 40
5.989052700
 40
6.053719139
 40
6.053719139
 40
6.053719139
 10
204.143618937
 20
151.486568905
 30
0.000000000
 10
204.768965685
 20
151.486568905
 30
0.000000000
 10
205.405195047
 20
151.486568905
 30
0.000000000
  0
SPLINE
  5
AC6
330
A02
100
AcDbEntity
  8
V_01_Base_Base_Cup_2
100
AcDbSpline
210
0
220
0
230
1
 70
8
 71
2
 72
6
 73
3
 74
0
 40
5.989052700
 40
5.989052700
 40
5.989052700
 40
6.053719139
 40
6.053719139
 40
6.053719139
 10
204.143618937
 20
152.130901556
 30
0.000000000
 10
204.768965685
 20
152.130901556
 30
0.000000000
 10
205.405195047
 20
152.130901556
 30
0.000000000
  0
LINE
  5
AC7
330
A02
100
AcDbEntity
  8
V_01_Base_Base_Cup_2
100
AcDbLine
 10
204.143618937
 20
151.486568905
 30
0.000000000
 11
204.143618937
 21
152.130901556
 31
0.000000000
  0
LINE
  5
AC8
330
A02
100
AcDbEntity
  8
V_01_Base_Base_Cup_2
100
AcDbLine
 10
221.367469755
 20
146.932704364
 30
0.000000000
 11
221.367469755
 21
149.370719798
 31
0.000000000
  0
LINE
  5
AC9
330
A02
100
AcDbEntity
  8
V_01_Base_Base_Cup_2
100
AcDbLine
 10
215.419663960
 20
152.130901556
 30
0.000000000
 11
215.419663960
 21
151.486568905
 31
0.000000000
  0
SPLINE
  5
ACA
330
A02
100
AcDbEntity
  8
V_01_Base_Base_Cup_2
100
AcDbSpline
210
0
220
0
230
1
 70
8
 71
2
 72
6
 73
3
 74
0
 40
1.570796327
 40
1.570796327
 40
1.570796327
 40
2.382790665
 40
2.382790665
 40
2.382790665
 10
223.937045113
 20
151.486568905
 30
0.000000000
 10
223.934083736
 20
151.486568905
 30
0.000000000
 10
223.814816659
 20
151.486568905
 30
0.000000000
  0
SPLINE
  5
ACB
330
A02
100
AcDbEntity
  8
V_01_Base_Base_Cup_2
100
AcDbSpline
210
0
220
0
230
1
 70
8
 71
2
 72
6
 73
3
 74
0
 40
1.570796327
 40
1.570796327
 40
1.570796327
 40
2.382790665
 40
2.382790665
 40
2.382790665
 10
223.937045113
 20
152.130901556
 30
0.000000000
 10
223.934083736
 20
152.130901556
 30
0.000000000
 10
223.814816659
 20
152.130901556
 30
0.000000000
  0
LINE
  5
ACC
330
A02
100
AcDbEntity
  8
V_01_Base_Base_Cup_2
100
AcDbLine
 10
229.333159414
 20
152.130901556
 30
0.000000000
 11
229.671197713
 21
152.130901556
 31
0.000000000
  0
LINE
  5
ACD
330
A02
100
AcDbEntity
  8
V_01_Base_Base_Cup_2
100
AcDbLine
 10
229.333159414
 20
151.486568905
 30
0.000000000
 11
229.671197713
 21
151.486568905
 31
0.000000000
  0
LINE
  5
ACE
330
A02
100
AcDbEntity
  8
V_01_Base_Base_Cup_2
100
AcDbLine
 10
190.666840569
 20
151.486568905
 30
0.000000000
 11
190.328802269
 21
151.486568905
 31
0.000000000
  0
LINE
  5
ACF
330
A02
100
AcDbEntity
  8
V_01_Base_Base_Cup_2
100
AcDbLine
 10
190.666840569
 20
152.130901556
 30
0.000000000
 11
190.328802269
 21
152.130901556
 31
0.000000000
  0
SPLINE
  5
AD0
330
A02
100
AcDbEntity
  8
V_01_Base_Base_Cup_2
100
AcDbSpline
210
0
220
0
230
1
 70
8
 71
2
 72
6
 73
3
 74
0
 40
3.900394642
 40
3.900394642
 40
3.900394642
 40
4.712388980
 40
4.712388980
 40
4.712388980
 10
196.185183323
 20
151.486568905
 30
0.000000000
 10
196.065916246
 20
151.486568905
 30
0.000000000
 10
196.062954869
 20
151.486568905
 30
0.000000000
  0
SPLINE
  5
AD1
330
A02
100
AcDbEntity
  8
V_01_Base_Base_Cup_2
100
AcDbSpline
210
0
220
0
230
1
 70
8
 71
2
 72
6
 73
3
 74
0
 40
3.900394642
 40
3.900394642
 40
3.900394642
 40
4.712388980
 40
4.712388980
 40
4.712388980
 10
196.185183323
 20
152.130901556
 30
0.000000000
 10
196.065916246
 20
152.130901556
 30
0.000000000
 10
196.062954869
 20
152.130901556
 30
0.000000000
  0
LINE
  5
AD2
330
A02
100
AcDbEntity
  8
V_01_Base_Base_Cup_2
100
AcDbLine
 10
204.580336022
 20
152.130901556
 30
0.000000000
 11
204.580336022
 21
151.486568905
 31
0.000000000
  0
LINE
  5
AD3
330
A02
100
AcDbEntity
  8
V_01_Base_Base_Cup_2
100
AcDbLine
 10
231.942138888
 20
143.623969134
 30
0.000000000
 11
231.942138888
 21
144.842976850
 31
0.000000000
  0
LINE
  5
AD4
330
A02
100
AcDbEntity
  8
V_01_Base_Base_Cup_2
100
AcDbLine
 10
188.057861094
 20
143.623969134
 30
0.000000000
 11
188.057861094
 21
144.668832891
 31
0.000000000
  0
SPLINE
  5
AD5
330
A02
100
AcDbEntity
  8
V_01_Base_Base_Cup_2
100
AcDbSpline
210
0
220
0
230
1
 70
8
 71
3
 72
11
 73
7
 74
0
 40
0.000000000
 40
0.000000000
 40
0.000000000
 40
0.000000000
 40
0.500000000
 40
0.500000000
 40
0.500000000
 40
1.000000000
 40
1.000000000
 40
1.000000000
 40
1.000000000
 10
231.942138888
 20
144.842976850
 30
0.000000000
 10
231.941653766
 20
144.939594551
 30
0.000000000
 10
231.916701988
 20
145.029415550
 30
0.000000000
 10
231.867283553
 20
145.112439846
 30
0.000000000
 10
231.775830018
 20
145.267360848
 30
0.000000000
 10
231.599600990
 20
145.366964951
 30
0.000000000
 10
231.419707010
 20
145.365408729
 30
0.000000000
  0
LINE
  5
AD6
330
A02
100
AcDbEntity
  8
V_01_Base_Base_Cup_2
100
AcDbLine
 10
230.200699293
 20
145.713696648
 30
0.000000000
 11
230.200699293
 21
153.376030866
 31
0.000000000
  0
LINE
  5
AD7
330
A02
100
AcDbEntity
  8
V_01_Base_Base_Cup_2
100
AcDbLine
 10
189.799300689
 20
146.061984567
 30
0.000000000
 11
189.799300689
 21
146.932704364
 31
0.000000000
  0
LINE
  5
AD8
330
A02
100
AcDbEntity
  8
V_01_Base_Base_Cup_2
100
AcDbLine
 10
189.799300689
 20
149.370719798
 30
0.000000000
 11
189.799300689
 21
153.376030866
 31
0.000000000
  0
SPLINE
  5
AD9
330
A02
100
AcDbEntity
  8
V_01_Base_Base_Cup_2
100
AcDbSpline
210
0
220
0
230
1
 70
8
 71
1
 72
17
 73
15
 74
0
 40
0.000000000
 40
0.000000000
 40
0.112199738
 40
0.224399475
 40
0.336599213
 40
0.448798951
 40
0.560998688
 40
0.673198426
 40
0.785398163
 40
0.897597901
 40
1.009797639
 40
1.121997376
 40
1.234197114
 40
1.346396852
 40
1.458596589
 40
1.570796327
 40
1.570796327
 10
209.999999991
 20
144.842976850
 30
0.000000000
 10
212.456740077
 20
144.842976850
 30
0.000000000
 10
214.882585232
 20
144.842976850
 30
0.000000000
 10
217.247029044
 20
144.842976850
 30
0.000000000
 10
219.520337260
 20
144.842976850
 30
0.000000000
 10
221.673921712
 20
144.842976850
 30
0.000000000
 10
223.680699825
 20
144.842976850
 30
0.000000000
 10
225.515435199
 20
144.842976850
 30
0.000000000
 10
227.155054974
 20
144.842976850
 30
0.000000000
 10
228.578939978
 20
144.842976850
 30
0.000000000
 10
229.769184033
 20
144.842976850
 30
0.000000000
 10
230.710819128
 20
144.842976850
 30
0.000000000
 10
231.392003655
 20
144.842976850
 30
0.000000000
 10
231.804171325
 20
144.842976850
 30
0.000000000
 10
231.942138888
 20
144.842976850
 30
0.000000000
  0
SPLINE
  5
ADA
330
A02
100
AcDbEntity
  8
V_01_Base_Base_Cup_2
100
AcDbSpline
210
0
220
0
230
1
 70
8
 71
1
 72
17
 73
15
 74
0
 40
4.752081942
 40
4.752081942
 40
4.861446468
 40
4.970810994
 40
5.080175520
 40
5.189540046
 40
5.298904573
 40
5.408269099
 40
5.517633625
 40
5.626998151
 40
5.736362677
 40
5.845727203
 40
5.955091729
 40
6.064456255
 40
6.173820781
 40
6.283185307
 40
6.283185307
 10
188.075144087
 20
144.842976850
 30
0.000000000
 10
188.301166809
 20
144.842976850
 30
0.000000000
 10
188.786462009
 20
144.842976850
 30
0.000000000
 10
189.525231050
 20
144.842976850
 30
0.000000000
 10
190.508646614
 20
144.842976850
 30
0.000000000
 10
191.724958180
 20
144.842976850
 30
0.000000000
 10
193.159632428
 20
144.842976850
 30
0.000000000
 10
194.795526889
 20
144.842976850
 30
0.000000000
 10
196.613094779
 20
144.842976850
 30
0.000000000
 10
198.590618556
 20
144.842976850
 30
0.000000000
 10
200.704469414
 20
144.842976850
 30
0.000000000
 10
202.929389621
 20
144.842976850
 30
0.000000000
 10
205.238794309
 20
144.842976850
 30
0.000000000
 10
207.605089135
 20
144.842976850
 30
0.000000000
 10
209.999999991
 20
144.842976850
 30
0.000000000
  0
LINE
  5
ADB
330
A02
100
AcDbEntity
  8
V_01_Base_Base_Cup_3
100
AcDbLine
 10
193.881093840
 20
137.279260391
 30
0.000000000
 11
193.881093840
 21
137.421448339
 31
0.000000000
  0
ELLIPSE
  5
ADC
330
A02
100
AcDbEntity
  8
V_01_Base_Base_Cup_3
100
AcDbEllipse
 10
210.000000000
 20
145.874575464
 30
0.000000000
 11
21.942138897
 21
0.000000000
 31
0.000000000
 40
0.577350269
 41
3.887297855
 42
3.966683779
  0
LINE
  5
ADD
330
A02
100
AcDbEntity
  8
V_01_Base_Base_Cup_3
100
AcDbLine
 10
195.112477587
 20
136.568320654
 30
0.000000000
 11
195.112477587
 21
136.710508601
 31
0.000000000
  0
ELLIPSE
  5
ADE
330
A02
100
AcDbEntity
  8
V_01_Base_Base_Cup_3
100
AcDbEllipse
 10
210.000000000
 20
145.021447779
 30
0.000000000
 11
21.942138897
 21
0.000000000
 31
0.000000000
 40
0.577350269
 41
5.497787144
 42
0.000000000
  0
ELLIPSE
  5
ADF
330
A02
100
AcDbEntity
  8
V_01_Base_Base_Cup_3
100
AcDbEllipse
 10
210.000000000
 20
145.021447779
 30
0.000000000
 11
21.942138897
 21
0.000000000
 31
0.000000000
 40
0.577350269
 41
3.141592654
 42
5.497787144
  0
SPLINE
  5
AE0
330
A02
100
AcDbEntity
  8
V_01_Base_Base_Cup_3
100
AcDbSpline
210
0
220
0
230
1
 70
8
 71
3
 72
8
 73
4
 74
0
 40
0.000000000
 40
0.000000000
 40
0.000000000
 40
0.000000000
 40
1.000000000
 40
1.000000000
 40
1.000000000
 40
1.000000000
 10
193.881093840
 20
137.421448339
 30
0.000000000
 10
193.876017495
 20
137.646580501
 30
0.000000000
 10
194.053350285
 20
137.953355815
 30
0.000000000
 10
194.250807279
 20
138.061466335
 30
0.000000000
  0
LINE
  5
AE1
330
A02
100
AcDbEntity
  8
V_01_Base_Base_Cup_3
100
AcDbLine
 10
193.881093840
 20
137.279260391
 30
0.000000000
 11
196.090141381
 21
138.554654584
 31
0.000000000
  0
LINE
  5
AE2
330
A02
100
AcDbEntity
  8
V_01_Base_Base_Cup_3
100
AcDbLine
 10
194.250807279
 20
138.061466335
 30
0.000000000
 11
195.113532056
 21
138.559560717
 31
0.000000000
  0
LINE
  5
AE3
330
A02
100
AcDbEntity
  8
V_01_Base_Base_Cup_3
100
AcDbLine
 10
195.113532056
 20
138.559560717
 30
0.000000000
 11
195.113532056
 21
139.128312507
 31
0.000000000
  0
ELLIPSE
  5
AE4
330
A02
100
AcDbEntity
  8
V_01_Base_Base_Cup_3
100
AcDbEllipse
 10
195.469671789
 20
137.485486560
 30
0.000000000
 11
0.574675066
 21
0.000000000
 31
0.000000000
 40
0.577350269
 41
0.477527295
 42
3.141592654
  0
ELLIPSE
  5
AE5
330
A02
100
AcDbEntity
  8
V_01_Base_Base_Cup_3
100
AcDbEllipse
 10
195.469671789
 20
137.485486560
 30
0.000000000
 11
0.574675066
 21
0.000000000
 31
0.000000000
 40
0.577350269
 41
3.141592654
 42
4.385669157
  0
SPLINE
  5
AE6
330
A02
100
AcDbEntity
  8
V_01_Base_Base_Cup_3
100
AcDbSpline
210
0
220
0
230
1
 70
8
 71
3
 72
8
 73
4
 74
0
 40
0.000000000
 40
0.000000000
 40
0.000000000
 40
0.000000000
 40
1.000000000
 40
1.000000000
 40
1.000000000
 40
1.000000000
 10
195.112477587
 20
136.710508601
 30
0.000000000
 10
195.107401242
 20
136.935640763
 30
0.000000000
 10
195.284734031
 20
137.242416078
 30
0.000000000
 10
195.482191026
 20
137.350526597
 30
0.000000000
  0
LINE
  5
AE7
330
A02
100
AcDbEntity
  8
V_01_Base_Base_Cup_3
100
AcDbLine
 10
195.482191026
 20
137.350526597
 30
0.000000000
 11
196.344915802
 21
137.848620979
 31
0.000000000
  0
LINE
  5
AE8
330
A02
100
AcDbEntity
  8
V_01_Base_Base_Cup_3
100
AcDbLine
 10
196.344915802
 20
137.848620979
 30
0.000000000
 11
196.344915802
 21
138.417372769
 31
0.000000000
  0
ELLIPSE
  5
AE9
330
A02
100
AcDbEntity
  8
V_01_Base_Base_Cup_3
100
AcDbEllipse
 10
210.000000000
 20
146.443327254
 30
0.000000000
 11
20.200699302
 21
0.000000000
 31
0.000000000
 40
0.577350269
 41
3.970107623
 42
4.951752198
  0
ELLIPSE
  5
AEA
330
A02
100
AcDbEntity
  8
V_01_Base_Base_Cup_3
100
AcDbEllipse
 10
215.318469250
 20
134.983618697
 30
0.000000000
 11
0.574675066
 21
0.000000000
 31
0.000000000
 40
0.577350269
 41
2.741123313
 42
3.141592654
  0
ELLIPSE
  5
AEB
330
A02
100
AcDbEntity
  8
V_01_Base_Base_Cup_3
100
AcDbEllipse
 10
215.318469250
 20
134.983618697
 30
0.000000000
 11
0.574675066
 21
0.000000000
 31
0.000000000
 40
0.577350269
 41
3.141592654
 42
5.497787144
  0
ELLIPSE
  5
AEC
330
A02
100
AcDbEntity
  8
V_01_Base_Base_Cup_3
100
AcDbEllipse
 10
215.318469250
 20
134.983618697
 30
0.000000000
 11
0.574675066
 21
0.000000000
 31
0.000000000
 40
0.577350269
 41
5.497787144
 42
0.000000000
  0
ELLIPSE
  5
AED
330
A02
100
AcDbEntity
  8
V_01_Base_Base_Cup_3
100
AcDbEllipse
 10
215.318469250
 20
134.983618697
 30
0.000000000
 11
0.574675066
 21
0.000000000
 31
0.000000000
 40
0.577350269
 41
0.000000000
 42
0.924068116
  0
ELLIPSE
  5
AEE
330
A02
100
AcDbEntity
  8
V_01_Base_Base_Cup_3
100
AcDbEllipse
 10
210.000000000
 20
146.443327254
 30
0.000000000
 11
20.200699302
 21
0.000000000
 31
0.000000000
 40
0.577350269
 41
4.996624538
 42
5.497787144
  0
ELLIPSE
  5
AEF
330
A02
100
AcDbEntity
  8
V_01_Base_Base_Cup_3
100
AcDbEllipse
 10
210.000000000
 20
146.443327254
 30
0.000000000
 11
20.200699302
 21
0.000000000
 31
0.000000000
 40
0.577350269
 41
5.497787144
 42
5.998949749
  0
ELLIPSE
  5
AF0
330
A02
100
AcDbEntity
  8
V_01_Base_Base_Cup_3
100
AcDbEllipse
 10
229.848797461
 20
143.372707601
 30
0.000000000
 11
0.574675066
 21
0.000000000
 31
0.000000000
 40
0.577350269
 41
3.788320865
 42
5.497787144
  0
ELLIPSE
  5
AF1
330
A02
100
AcDbEntity
  8
V_01_Base_Base_Cup_3
100
AcDbEllipse
 10
229.848797461
 20
143.372707601
 30
0.000000000
 11
0.574675066
 21
0.000000000
 31
0.000000000
 40
0.577350269
 41
5.497787144
 42
0.000000000
  0
ELLIPSE
  5
AF2
330
A02
100
AcDbEntity
  8
V_01_Base_Base_Cup_3
100
AcDbEllipse
 10
229.848797461
 20
143.372707601
 30
0.000000000
 11
0.574675066
 21
0.000000000
 31
0.000000000
 40
0.577350269
 41
0.000000000
 42
1.971265667
  0
ELLIPSE
  5
AF3
330
A02
100
AcDbEntity
  8
V_01_Base_Base_Cup_3
100
AcDbEllipse
 10
210.000000000
 20
146.443327254
 30
0.000000000
 11
20.200699302
 21
0.000000000
 31
0.000000000
 40
0.577350269
 41
6.043822089
 42
0.000000000
  0
ELLIPSE
  5
AF4
330
A02
100
AcDbEntity
  8
V_01_Base_Base_Cup_3
100
AcDbEllipse
 10
190.151202539
 20
149.513946907
 30
0.000000000
 11
0.574675066
 21
0.000000000
 31
0.000000000
 40
0.577350269
 41
2.229825025
 42
3.141592654
  0
ELLIPSE
  5
AF5
330
A02
100
AcDbEntity
  8
V_01_Base_Base_Cup_3
100
AcDbEllipse
 10
190.151202539
 20
149.513946907
 30
0.000000000
 11
0.574675066
 21
0.000000000
 31
0.000000000
 40
0.577350269
 41
3.141592654
 42
4.053360282
  0
ELLIPSE
  5
AF6
330
A02
100
AcDbEntity
  8
V_01_Base_Base_Cup_3
100
AcDbEllipse
 10
210.000000000
 20
146.443327254
 30
0.000000000
 11
20.200699302
 21
0.000000000
 31
0.000000000
 40
0.577350269
 41
3.141592654
 42
3.883874011
  0
ELLIPSE
  5
AF7
330
A02
100
AcDbEntity
  8
V_01_Base_Base_Cup_3
100
AcDbEllipse
 10
210.000000000
 20
147.012079044
 30
0.000000000
 11
20.200699302
 21
0.000000000
 31
0.000000000
 40
0.577350269
 41
3.883874011
 42
3.970107623
  0
ELLIPSE
  5
AF8
330
A02
100
AcDbEntity
  8
V_01_Base_Base_Cup_3
100
AcDbEllipse
 10
210.000000000
 20
145.874575464
 30
0.000000000
 11
16.021244274
 21
0.000000000
 31
0.000000000
 40
0.577350269
 41
0.264391614
 42
2.877201039
  0
ELLIPSE
  5
AF9
330
A02
100
AcDbEntity
  8
V_01_Base_Base_Cup_3
100
AcDbEllipse
 10
210.000000000
 20
150.708965680
 30
0.000000000
 11
16.021244274
 21
0.000000000
 31
0.000000000
 40
0.577350269
 41
5.825423188
 42
0.000000000
  0
ELLIPSE
  5
AFA
330
A02
100
AcDbEntity
  8
V_01_Base_Base_Cup_3
100
AcDbEllipse
 10
210.000000000
 20
150.708965680
 30
0.000000000
 11
16.021244274
 21
0.000000000
 31
0.000000000
 40
0.577350269
 41
0.000000000
 42
3.141592654
  0
ELLIPSE
  5
AFB
330
A02
100
AcDbEntity
  8
V_01_Base_Base_Cup_3
100
AcDbEllipse
 10
210.000000000
 20
150.708965680
 30
0.000000000
 11
16.021244274
 21
0.000000000
 31
0.000000000
 40
0.577350269
 41
3.141592654
 42
3.599354773
  0
LINE
  5
AFC
330
A02
100
AcDbEntity
  8
V_01_Base_Base_Cup_3
100
AcDbLine
 10
229.624760047
 20
143.678244652
 30
0.000000000
 11
229.624760047
 21
143.962620547
 31
0.000000000
  0
ELLIPSE
  5
AFD
330
A02
100
AcDbEntity
  8
V_01_Base_Base_Cup_3
100
AcDbEllipse
 10
210.000000000
 20
146.727703149
 30
0.000000000
 11
20.200699302
 21
0.000000000
 31
0.000000000
 40
0.577350269
 41
5.998949749
 42
6.043822089
  0
LINE
  5
AFE
330
A02
100
AcDbEntity
  8
V_01_Base_Base_Cup_3
100
AcDbLine
 10
229.390172521
 20
143.172778783
 30
0.000000000
 11
229.390172521
 21
143.457154678
 31
0.000000000
  0
ELLIPSE
  5
AFF
330
A02
100
AcDbEntity
  8
V_01_Base_Base_Cup_3
100
AcDbEllipse
 10
210.000000000
 20
152.983972840
 30
0.000000000
 11
20.200699302
 21
0.000000000
 31
0.000000000
 40
0.577350269
 41
5.497787144
 42
0.000000000
  0
ELLIPSE
  5
B00
330
A02
100
AcDbEntity
  8
V_01_Base_Base_Cup_3
100
AcDbEllipse
 10
210.000000000
 20
152.983972840
 30
0.000000000
 11
20.200699302
 21
0.000000000
 31
0.000000000
 40
0.577350269
 41
0.000000000
 42
3.141592654
  0
ELLIPSE
  5
B01
330
A02
100
AcDbEntity
  8
V_01_Base_Base_Cup_3
100
AcDbEllipse
 10
210.000000000
 20
152.983972840
 30
0.000000000
 11
20.200699302
 21
0.000000000
 31
0.000000000
 40
0.577350269
 41
3.141592654
 42
5.497787144
  0
LINE
  5
B02
330
A02
100
AcDbEntity
  8
V_01_Base_Base_Cup_3
100
AcDbLine
 10
215.664756120
 20
135.248405929
 30
0.000000000
 11
215.664756120
 21
135.532781825
 31
0.000000000
  0
ELLIPSE
  5
B03
330
A02
100
AcDbEntity
  8
V_01_Base_Base_Cup_3
100
AcDbEllipse
 10
210.000000000
 20
146.727703149
 30
0.000000000
 11
20.200699302
 21
0.000000000
 31
0.000000000
 40
0.577350269
 41
4.951752198
 42
4.996624538
  0
LINE
  5
B04
330
A02
100
AcDbEntity
  8
V_01_Base_Base_Cup_3
100
AcDbLine
 10
214.789263554
 20
135.112966758
 30
0.000000000
 11
214.789263554
 21
135.397342653
 31
0.000000000
  0
ELLIPSE
  5
B05
330
A02
100
AcDbEntity
  8
V_01_Base_Base_Cup_3
100
AcDbEllipse
 10
210.000000000
 20
147.723018782
 30
0.000000000
 11
20.200699302
 21
0.000000000
 31
0.000000000
 40
0.577350269
 41
5.926415636
 42
6.116356203
  0
LINE
  5
B06
330
A02
100
AcDbEntity
  8
V_01_Base_Base_Cup_3
100
AcDbLine
 10
228.928659251
 20
143.649768185
 30
0.000000000
 11
228.928659251
 21
145.640399450
 31
0.000000000
  0
LINE
  5
B07
330
A02
100
AcDbEntity
  8
V_01_Base_Base_Cup_3
100
AcDbLine
 10
229.920238263
 20
145.786324018
 30
0.000000000
 11
229.920238263
 21
147.776955283
 31
0.000000000
  0
ELLIPSE
  5
B08
330
A02
100
AcDbEntity
  8
V_01_Base_Base_Cup_3
100
AcDbEllipse
 10
210.000000000
 20
149.713650047
 30
0.000000000
 11
20.200699302
 21
0.000000000
 31
0.000000000
 40
0.577350269
 41
5.926415636
 42
6.116356203
  0
ELLIPSE
  5
B09
330
A02
100
AcDbEntity
  8
V_01_Base_Base_Cup_3
100
AcDbEllipse
 10
210.000000000
 20
147.723018782
 30
0.000000000
 11
20.200699302
 21
0.000000000
 31
0.000000000
 40
0.577350269
 41
3.832020533
 42
4.021961101
  0
LINE
  5
B0A
330
A02
100
AcDbEntity
  8
V_01_Base_Base_Cup_3
100
AcDbLine
 10
194.425794480
 20
140.295314455
 30
0.000000000
 11
194.425794480
 21
142.285945720
 31
0.000000000
  0
LINE
  5
B0B
330
A02
100
AcDbEntity
  8
V_01_Base_Base_Cup_3
100
AcDbLine
 10
197.134838722
 20
138.731247032
 30
0.000000000
 11
197.134838722
 21
140.721878297
 31
0.000000000
  0
ELLIPSE
  5
B0C
330
A02
100
AcDbEntity
  8
V_01_Base_Base_Cup_3
100
AcDbEllipse
 10
210.000000000
 20
149.713650047
 30
0.000000000
 11
20.200699302
 21
0.000000000
 31
0.000000000
 40
0.577350269
 41
3.832020533
 42
4.021961101
  0
LINE
  5
B0D
330
A02
100
AcDbEntity
  8
V_01_Base_Base_Cup_3
100
AcDbLine
 10
227.811694886
 20
145.939361880
 30
0.000000000
 11
227.811694886
 21
146.465457285
 31
0.000000000
  0
ELLIPSE
  5
B0E
330
A02
100
AcDbEntity
  8
V_01_Base_Base_Cup_3
100
AcDbEllipse
 10
210.000000000
 20
151.441233609
 30
0.000000000
 11
20.200699302
 21
0.000000000
 31
0.000000000
 40
0.577350269
 41
5.727253312
 42
5.791919751
  0
ELLIPSE
  5
B0F
330
A02
100
AcDbEntity
  8
V_01_Base_Base_Cup_3
100
AcDbEllipse
 10
210.000000000
 20
151.967329015
 30
0.000000000
 11
20.200699302
 21
0.000000000
 31
0.000000000
 40
0.577350269
 41
5.727253312
 42
5.791919751
  0
LINE
  5
B10
330
A02
100
AcDbEntity
  8
V_01_Base_Base_Cup_3
100
AcDbLine
 10
227.158655038
 20
145.286322032
 30
0.000000000
 11
227.158655038
 21
145.812417437
 31
0.000000000
  0
ELLIPSE
  5
B11
330
A02
100
AcDbEntity
  8
V_01_Base_Base_Cup_3
100
AcDbEllipse
 10
210.000000000
 20
151.441233609
 30
0.000000000
 11
20.200699302
 21
0.000000000
 31
0.000000000
 40
0.577350269
 41
6.250852088
 42
0.000000000
  0
ELLIPSE
  5
B12
330
A02
100
AcDbEntity
  8
V_01_Base_Base_Cup_3
100
AcDbEllipse
 10
210.000000000
 20
151.441233609
 30
0.000000000
 11
20.200699302
 21
0.000000000
 31
0.000000000
 40
0.577350269
 41
0.000000000
 42
0.022556181
  0
ELLIPSE
  5
B13
330
A02
100
AcDbEntity
  8
V_01_Base_Base_Cup_3
100
AcDbEllipse
 10
210.000000000
 20
151.967329015
 30
0.000000000
 11
20.200699302
 21
0.000000000
 31
0.000000000
 40
0.577350269
 41
6.250852088
 42
0.000000000
  0
LINE
  5
B14
330
A02
100
AcDbEntity
  8
V_01_Base_Base_Cup_3
100
AcDbLine
 10
230.190140942
 20
151.064200877
 30
0.000000000
 11
230.190140942
 21
151.590296283
 31
0.000000000
  0
LINE
  5
B15
330
A02
100
AcDbEntity
  8
V_01_Base_Base_Cup_3
100
AcDbLine
 10
189.809859058
 20
151.064200877
 30
0.000000000
 11
189.809859058
 21
151.590296283
 31
0.000000000
  0
ELLIPSE
  5
B16
330
A02
100
AcDbEntity
  8
V_01_Base_Base_Cup_3
100
AcDbEllipse
 10
210.000000000
 20
151.441233609
 30
0.000000000
 11
20.200699302
 21
0.000000000
 31
0.000000000
 40
0.577350269
 41
3.119036473
 42
3.141592654
  0
ELLIPSE
  5
B17
330
A02
100
AcDbEntity
  8
V_01_Base_Base_Cup_3
100
AcDbEllipse
 10
210.000000000
 20
151.441233609
 30
0.000000000
 11
20.200699302
 21
0.000000000
 31
0.000000000
 40
0.577350269
 41
3.141592654
 42
3.173925873
  0
ELLIPSE
  5
B18
330
A02
100
AcDbEntity
  8
V_01_Base_Base_Cup_3
100
AcDbEllipse
 10
210.000000000
 20
151.967329015
 30
0.000000000
 11
20.200699302
 21
0.000000000
 31
0.000000000
 40
0.577350269
 41
3.141592654
 42
3.173925873
  0
LINE
  5
B19
330
A02
100
AcDbEntity
  8
V_01_Base_Base_Cup_3
100
AcDbLine
 10
192.841344962
 20
145.286322032
 30
0.000000000
 11
192.841344962
 21
145.812417437
 31
0.000000000
  0
ELLIPSE
  5
B1A
330
A02
100
AcDbEntity
  8
V_01_Base_Base_Cup_3
100
AcDbEllipse
 10
210.000000000
 20
151.441233609
 30
0.000000000
 11
20.200699302
 21
0.000000000
 31
0.000000000
 40
0.577350269
 41
3.632858210
 42
3.697524649
  0
ELLIPSE
  5
B1B
330
A02
100
AcDbEntity
  8
V_01_Base_Base_Cup_3
100
AcDbEllipse
 10
210.000000000
 20
151.967329015
 30
0.000000000
 11
20.200699302
 21
0.000000000
 31
0.000000000
 40
0.577350269
 41
3.632858210
 42
3.697524649
  0
LINE
  5
B1C
330
A02
100
AcDbEntity
  8
V_01_Base_Base_Cup_3
100
AcDbLine
 10
192.188305114
 20
145.939361880
 30
0.000000000
 11
192.188305114
 21
146.465457285
 31
0.000000000
  0
LINE
  5
B1D
330
A02
100
AcDbEntity
  8
V_01_Base_Base_Cup_3
100
AcDbLine
 10
200.470478627
 20
141.157646772
 30
0.000000000
 11
200.470478627
 21
141.683742178
 31
0.000000000
  0
ELLIPSE
  5
B1E
330
A02
100
AcDbEntity
  8
V_01_Base_Base_Cup_3
100
AcDbEllipse
 10
210.000000000
 20
151.441233609
 30
0.000000000
 11
20.200699302
 21
0.000000000
 31
0.000000000
 40
0.577350269
 41
4.156456985
 42
4.221123424
  0
ELLIPSE
  5
B1F
330
A02
100
AcDbEntity
  8
V_01_Base_Base_Cup_3
100
AcDbEllipse
 10
210.000000000
 20
151.967329015
 30
0.000000000
 11
20.200699302
 21
0.000000000
 31
0.000000000
 40
0.577350269
 41
4.156456985
 42
4.221123424
  0
LINE
  5
B20
330
A02
100
AcDbEntity
  8
V_01_Base_Base_Cup_3
100
AcDbLine
 10
199.339380431
 20
141.534679505
 30
0.000000000
 11
199.339380431
 21
142.060774910
 31
0.000000000
  0
LINE
  5
B21
330
A02
100
AcDbEntity
  8
V_01_Base_Base_Cup_3
100
AcDbLine
 10
210.653039848
 20
139.784450302
 30
0.000000000
 11
210.653039848
 21
140.310545708
 31
0.000000000
  0
ELLIPSE
  5
B22
330
A02
100
AcDbEntity
  8
V_01_Base_Base_Cup_3
100
AcDbEllipse
 10
210.000000000
 20
151.441233609
 30
0.000000000
 11
20.200699302
 21
0.000000000
 31
0.000000000
 40
0.577350269
 41
4.680055761
 42
4.744722200
  0
ELLIPSE
  5
B23
330
A02
100
AcDbEntity
  8
V_01_Base_Base_Cup_3
100
AcDbEllipse
 10
210.000000000
 20
151.967329015
 30
0.000000000
 11
20.200699302
 21
0.000000000
 31
0.000000000
 40
0.577350269
 41
4.680055761
 42
4.744722200
  0
LINE
  5
B24
330
A02
100
AcDbEntity
  8
V_01_Base_Base_Cup_3
100
AcDbLine
 10
209.346960152
 20
139.784450302
 30
0.000000000
 11
209.346960152
 21
140.310545708
 31
0.000000000
  0
LINE
  5
B25
330
A02
100
AcDbEntity
  8
V_01_Base_Base_Cup_3
100
AcDbLine
 10
220.660619569
 20
141.534679505
 30
0.000000000
 11
220.660619569
 21
142.060774910
 31
0.000000000
  0
ELLIPSE
  5
B26
330
A02
100
AcDbEntity
  8
V_01_Base_Base_Cup_3
100
AcDbEllipse
 10
210.000000000
 20
151.441233609
 30
0.000000000
 11
20.200699302
 21
0.000000000
 31
0.000000000
 40
0.577350269
 41
5.203654536
 42
5.268320976
  0
ELLIPSE
  5
B27
330
A02
100
AcDbEntity
  8
V_01_Base_Base_Cup_3
100
AcDbEllipse
 10
210.000000000
 20
151.967329015
 30
0.000000000
 11
20.200699302
 21
0.000000000
 31
0.000000000
 40
0.577350269
 41
5.203654536
 42
5.268320976
  0
LINE
  5
B28
330
A02
100
AcDbEntity
  8
V_01_Base_Base_Cup_3
100
AcDbLine
 10
219.529521373
 20
141.157646772
 30
0.000000000
 11
219.529521373
 21
141.683742178
 31
0.000000000
  0
LINE
  5
B29
330
A02
100
AcDbEntity
  8
V_01_Base_Base_Cup_3
100
AcDbLine
 10
203.995731875
 20
143.118949384
 30
0.000000000
 11
206.368046270
 21
144.488605738
 31
0.000000000
  0
ELLIPSE
  5
B2A
330
A02
100
AcDbEntity
  8
V_01_Base_Base_Cup_3
100
AcDbEllipse
 10
210.000000000
 20
145.874575464
 30
0.000000000
 11
4.353598988
 21
0.000000000
 31
0.000000000
 40
0.577350269
 41
3.725632896
 42
4.128348738
  0
LINE
  5
B2B
330
A02
100
AcDbEntity
  8
V_01_Base_Base_Cup_3
100
AcDbLine
 10
205.903599836
 20
142.798577989
 30
0.000000000
 11
207.599430016
 21
143.777666000
 31
0.000000000
  0
ELLIPSE
  5
B2C
330
A02
100
AcDbEntity
  8
V_01_Base_Base_Cup_3
100
AcDbEllipse
 10
210.000000000
 20
153.917940416
 30
0.000000000
 11
0.348287919
 21
0.000000000
 31
0.000000000
 40
0.577350269
 41
5.497787144
 42
0.000000000
  0
ELLIPSE
  5
B2D
330
A02
100
AcDbEntity
  8
V_01_Base_Base_Cup_3
100
AcDbEllipse
 10
210.000000000
 20
153.917940416
 30
0.000000000
 11
0.348287919
 21
0.000000000
 31
0.000000000
 40
0.577350269
 41
0.000000000
 42
3.141592654
  0
ELLIPSE
  5
B2E
330
A02
100
AcDbEntity
  8
V_01_Base_Base_Cup_3
100
AcDbEllipse
 10
210.000000000
 20
153.917940416
 30
0.000000000
 11
0.348287919
 21
0.000000000
 31
0.000000000
 40
0.577350269
 41
3.141592654
 42
5.497787144
  0
ELLIPSE
  5
B2F
330
A02
100
AcDbEntity
  8
V_01_Base_Base_Cup_3
100
AcDbEllipse
 10
210.000000000
 20
145.874575464
 30
0.000000000
 11
4.353598988
 21
0.000000000
 31
0.000000000
 40
0.577350269
 41
4.128348738
 42
5.497787144
  0
ELLIPSE
  5
B30
330
A02
100
AcDbEntity
  8
V_01_Base_Base_Cup_3
100
AcDbEllipse
 10
210.000000000
 20
145.874575464
 30
0.000000000
 11
4.353598988
 21
0.000000000
 31
0.000000000
 40
0.577350269
 41
5.497787144
 42
0.000000000
  0
ELLIPSE
  5
B31
330
A02
100
AcDbEntity
  8
V_01_Base_Base_Cup_3
100
AcDbEllipse
 10
210.000000000
 20
145.874575464
 30
0.000000000
 11
4.353598988
 21
0.000000000
 31
0.000000000
 40
0.577350269
 41
3.141592654
 42
3.725632896
  0
ELLIPSE
  5
B32
330
A02
100
AcDbEntity
  8
V_01_Base_Base_Cup_3
100
AcDbEllipse
 10
195.618032348
 20
148.099473603
 30
0.000000000
 11
0.391823909
 21
0.000000000
 31
0.000000000
 40
0.577350269
 41
5.497787144
 42
0.000000000
  0
ELLIPSE
  5
B33
330
A02
100
AcDbEntity
  8
V_01_Base_Base_Cup_3
100
AcDbEllipse
 10
195.618032348
 20
148.099473603
 30
0.000000000
 11
0.391823909
 21
0.000000000
 31
0.000000000
 40
0.577350269
 41
0.000000000
 42
3.141592654
  0
ELLIPSE
  5
B34
330
A02
100
AcDbEntity
  8
V_01_Base_Base_Cup_3
100
AcDbEllipse
 10
195.618032348
 20
148.099473603
 30
0.000000000
 11
0.391823909
 21
0.000000000
 31
0.000000000
 40
0.577350269
 41
3.141592654
 42
5.497787144
  0
ELLIPSE
  5
B35
330
A02
100
AcDbEntity
  8
V_01_Base_Base_Cup_3
100
AcDbEllipse
 10
206.146363382
 20
154.178008359
 30
0.000000000
 11
0.391823909
 21
0.000000000
 31
0.000000000
 40
0.577350269
 41
5.497787144
 42
0.000000000
  0
ELLIPSE
  5
B36
330
A02
100
AcDbEntity
  8
V_01_Base_Base_Cup_3
100
AcDbEllipse
 10
206.146363382
 20
154.178008359
 30
0.000000000
 11
0.391823909
 21
0.000000000
 31
0.000000000
 40
0.577350269
 41
0.000000000
 42
3.141592654
  0
ELLIPSE
  5
B37
330
A02
100
AcDbEntity
  8
V_01_Base_Base_Cup_3
100
AcDbEllipse
 10
206.146363382
 20
154.178008359
 30
0.000000000
 11
0.391823909
 21
0.000000000
 31
0.000000000
 40
0.577350269
 41
3.141592654
 42
5.497787144
  0
ELLIPSE
  5
B38
330
A02
100
AcDbEntity
  8
V_01_Base_Base_Cup_3
100
AcDbEllipse
 10
220.528331034
 20
151.953110221
 30
0.000000000
 11
0.391823909
 21
0.000000000
 31
0.000000000
 40
0.577350269
 41
5.497787144
 42
0.000000000
  0
ELLIPSE
  5
B39
330
A02
100
AcDbEntity
  8
V_01_Base_Base_Cup_3
100
AcDbEllipse
 10
220.528331034
 20
151.953110221
 30
0.000000000
 11
0.391823909
 21
0.000000000
 31
0.000000000
 40
0.577350269
 41
0.000000000
 42
3.141592654
  0
ELLIPSE
  5
B3A
330
A02
100
AcDbEntity
  8
V_01_Base_Base_Cup_3
100
AcDbEllipse
 10
220.528331034
 20
151.953110221
 30
0.000000000
 11
0.391823909
 21
0.000000000
 31
0.000000000
 40
0.577350269
 41
3.141592654
 42
5.497787144
  0
ELLIPSE
  5
B3B
330
A02
100
AcDbEntity
  8
V_01_Base_Base_Cup_3
100
AcDbEllipse
 10
210.000000000
 20
150.708965680
 30
0.000000000
 11
18.110971788
 21
0.000000000
 31
0.000000000
 40
0.577350269
 41
0.109001377
 42
3.032591277
  0
ELLIPSE
  5
B3C
330
A02
100
AcDbEntity
  8
V_01_Base_Base_Cup_3
100
AcDbEllipse
 10
190.844164455
 20
152.983972840
 30
0.000000000
 11
-0.391823909
 21
0.000000000
 31
0.000000000
 40
0.577350269
 41
-3.141592654
 42
-0.785398163
  0
ELLIPSE
  5
B3D
330
A02
100
AcDbEntity
  8
V_01_Base_Base_Cup_3
100
AcDbEllipse
 10
190.844164455
 20
152.983972840
 30
0.000000000
 11
-0.391823909
 21
0.000000000
 31
0.000000000
 40
0.577350269
 41
-0.000000000
 42
-3.141592654
  0
ELLIPSE
  5
B3E
330
A02
100
AcDbEntity
  8
V_01_Base_Base_Cup_3
100
AcDbEllipse
 10
190.844164455
 20
152.983972840
 30
0.000000000
 11
-0.391823909
 21
0.000000000
 31
0.000000000
 40
0.577350269
 41
-0.785398163
 42
-0.000000000
  0
ELLIPSE
  5
B3F
330
A02
100
AcDbEntity
  8
V_01_Base_Base_Cup_3
100
AcDbEllipse
 10
193.410559787
 20
147.454159436
 30
0.000000000
 11
-0.391823909
 21
0.000000000
 31
0.000000000
 40
0.577350269
 41
-3.141592654
 42
-0.785398163
  0
ELLIPSE
  5
B40
330
A02
100
AcDbEntity
  8
V_01_Base_Base_Cup_3
100
AcDbEllipse
 10
193.410559787
 20
147.454159436
 30
0.000000000
 11
-0.391823909
 21
0.000000000
 31
0.000000000
 40
0.577350269
 41
-0.000000000
 42
-3.141592654
  0
ELLIPSE
  5
B41
330
A02
100
AcDbEntity
  8
V_01_Base_Base_Cup_3
100
AcDbEllipse
 10
193.410559787
 20
147.454159436
 30
0.000000000
 11
-0.391823909
 21
0.000000000
 31
0.000000000
 40
0.577350269
 41
-0.785398163
 42
-0.000000000
  0
ELLIPSE
  5
B42
330
A02
100
AcDbEntity
  8
V_01_Base_Base_Cup_3
100
AcDbEllipse
 10
193.410559787
 20
158.513786244
 30
0.000000000
 11
-0.391823909
 21
0.000000000
 31
0.000000000
 40
0.577350269
 41
-3.141592654
 42
-0.785398163
  0
ELLIPSE
  5
B43
330
A02
100
AcDbEntity
  8
V_01_Base_Base_Cup_3
100
AcDbEllipse
 10
193.410559787
 20
158.513786244
 30
0.000000000
 11
-0.391823909
 21
0.000000000
 31
0.000000000
 40
0.577350269
 41
-0.000000000
 42
-3.141592654
  0
ELLIPSE
  5
B44
330
A02
100
AcDbEntity
  8
V_01_Base_Base_Cup_3
100
AcDbEllipse
 10
193.410559787
 20
158.513786244
 30
0.000000000
 11
-0.391823909
 21
0.000000000
 31
0.000000000
 40
0.577350269
 41
-0.785398163
 42
-0.000000000
  0
ELLIPSE
  5
B45
330
A02
100
AcDbEntity
  8
V_01_Base_Base_Cup_3
100
AcDbEllipse
 10
200.422082227
 20
143.406055068
 30
0.000000000
 11
-0.391823909
 21
0.000000000
 31
0.000000000
 40
0.577350269
 41
-3.141592654
 42
-0.785398163
  0
ELLIPSE
  5
B46
330
A02
100
AcDbEntity
  8
V_01_Base_Base_Cup_3
100
AcDbEllipse
 10
200.422082227
 20
143.406055068
 30
0.000000000
 11
-0.391823909
 21
0.000000000
 31
0.000000000
 40
0.577350269
 41
-0.000000000
 42
-3.141592654
  0
ELLIPSE
  5
B47
330
A02
100
AcDbEntity
  8
V_01_Base_Base_Cup_3
100
AcDbEllipse
 10
200.422082227
 20
143.406055068
 30
0.000000000
 11
-0.391823909
 21
0.000000000
 31
0.000000000
 40
0.577350269
 41
-0.785398163
 42
-0.000000000
  0
ELLIPSE
  5
B48
330
A02
100
AcDbEntity
  8
V_01_Base_Base_Cup_3
100
AcDbEllipse
 10
210.000000000
 20
141.924346032
 30
0.000000000
 11
-0.391823909
 21
0.000000000
 31
0.000000000
 40
0.577350269
 41
-3.141592654
 42
-0.785398163
  0
ELLIPSE
  5
B49
330
A02
100
AcDbEntity
  8
V_01_Base_Base_Cup_3
100
AcDbEllipse
 10
210.000000000
 20
141.924346032
 30
0.000000000
 11
-0.391823909
 21
0.000000000
 31
0.000000000
 40
0.577350269
 41
-0.000000000
 42
-3.141592654
  0
ELLIPSE
  5
B4A
330
A02
100
AcDbEntity
  8
V_01_Base_Base_Cup_3
100
AcDbEllipse
 10
210.000000000
 20
141.924346032
 30
0.000000000
 11
-0.391823909
 21
0.000000000
 31
0.000000000
 40
0.577350269
 41
-0.785398163
 42
-0.000000000
  0
ELLIPSE
  5
B4B
330
A02
100
AcDbEntity
  8
V_01_Base_Base_Cup_3
100
AcDbEllipse
 10
219.577917773
 20
143.406055068
 30
0.000000000
 11
-0.391823909
 21
0.000000000
 31
0.000000000
 40
0.577350269
 41
-3.141592654
 42
-0.785398163
  0
ELLIPSE
  5
B4C
330
A02
100
AcDbEntity
  8
V_01_Base_Base_Cup_3
100
AcDbEllipse
 10
219.577917773
 20
143.406055068
 30
0.000000000
 11
-0.391823909
 21
0.000000000
 31
0.000000000
 40
0.577350269
 41
-0.000000000
 42
-3.141592654
  0
ELLIPSE
  5
B4D
330
A02
100
AcDbEntity
  8
V_01_Base_Base_Cup_3
100
AcDbEllipse
 10
219.577917773
 20
143.406055068
 30
0.000000000
 11
-0.391823909
 21
0.000000000
 31
0.000000000
 40
0.577350269
 41
-0.785398163
 42
-0.000000000
  0
ELLIPSE
  5
B4E
330
A02
100
AcDbEntity
  8
V_01_Base_Base_Cup_3
100
AcDbEllipse
 10
200.422082227
 20
162.561890613
 30
0.000000000
 11
-0.391823909
 21
0.000000000
 31
0.000000000
 40
0.577350269
 41
-3.141592654
 42
-0.785398163
  0
ELLIPSE
  5
B4F
330
A02
100
AcDbEntity
  8
V_01_Base_Base_Cup_3
100
AcDbEllipse
 10
200.422082227
 20
162.561890613
 30
0.000000000
 11
-0.391823909
 21
0.000000000
 31
0.000000000
 40
0.577350269
 41
-0.000000000
 42
-3.141592654
  0
ELLIPSE
  5
B50
330
A02
100
AcDbEntity
  8
V_01_Base_Base_Cup_3
100
AcDbEllipse
 10
200.422082227
 20
162.561890613
 30
0.000000000
 11
-0.391823909
 21
0.000000000
 31
0.000000000
 40
0.577350269
 41
-0.785398163
 42
-0.000000000
  0
ELLIPSE
  5
B51
330
A02
100
AcDbEntity
  8
V_01_Base_Base_Cup_3
100
AcDbEllipse
 10
210.000000000
 20
152.983972840
 30
0.000000000
 11
18.110971788
 21
0.000000000
 31
0.000000000
 40
0.577350269
 41
5.497787144
 42
0.000000000
  0
ELLIPSE
  5
B52
330
A02
100
AcDbEntity
  8
V_01_Base_Base_Cup_3
100
AcDbEllipse
 10
210.000000000
 20
152.983972840
 30
0.000000000
 11
18.110971788
 21
0.000000000
 31
0.000000000
 40
0.577350269
 41
0.000000000
 42
3.141592654
  0
ELLIPSE
  5
B53
330
A02
100
AcDbEntity
  8
V_01_Base_Base_Cup_3
100
AcDbEllipse
 10
210.000000000
 20
152.983972840
 30
0.000000000
 11
18.110971788
 21
0.000000000
 31
0.000000000
 40
0.577350269
 41
3.141592654
 42
5.497787144
  0
ELLIPSE
  5
B54
330
A02
100
AcDbEntity
  8
V_01_Base_Base_Cup_3
100
AcDbEllipse
 10
210.000000000
 20
164.043599649
 30
0.000000000
 11
-0.391823909
 21
0.000000000
 31
0.000000000
 40
0.577350269
 41
-3.141592654
 42
-0.785398163
  0
ELLIPSE
  5
B55
330
A02
100
AcDbEntity
  8
V_01_Base_Base_Cup_3
100
AcDbEllipse
 10
210.000000000
 20
164.043599649
 30
0.000000000
 11
-0.391823909
 21
0.000000000
 31
0.000000000
 40
0.577350269
 41
-0.000000000
 42
-3.141592654
  0
ELLIPSE
  5
B56
330
A02
100
AcDbEntity
  8
V_01_Base_Base_Cup_3
100
AcDbEllipse
 10
210.000000000
 20
164.043599649
 30
0.000000000
 11
-0.391823909
 21
0.000000000
 31
0.000000000
 40
0.577350269
 41
-0.785398163
 42
-0.000000000
  0
ELLIPSE
  5
B57
330
A02
100
AcDbEntity
  8
V_01_Base_Base_Cup_3
100
AcDbEllipse
 10
219.577917773
 20
162.561890613
 30
0.000000000
 11
-0.391823909
 21
0.000000000
 31
0.000000000
 40
0.577350269
 41
-3.141592654
 42
-0.785398163
  0
ELLIPSE
  5
B58
330
A02
100
AcDbEntity
  8
V_01_Base_Base_Cup_3
100
AcDbEllipse
 10
219.577917773
 20
162.561890613
 30
0.000000000
 11
-0.391823909
 21
0.000000000
 31
0.000000000
 40
0.577350269
 41
-0.000000000
 42
-3.141592654
  0
ELLIPSE
  5
B59
330
A02
100
AcDbEntity
  8
V_01_Base_Base_Cup_3
100
AcDbEllipse
 10
219.577917773
 20
162.561890613
 30
0.000000000
 11
-0.391823909
 21
0.000000000
 31
0.000000000
 40
0.577350269
 41
-0.785398163
 42
-0.000000000
  0
ELLIPSE
  5
B5A
330
A02
100
AcDbEntity
  8
V_01_Base_Base_Cup_3
100
AcDbEllipse
 10
226.589440213
 20
147.454159436
 30
0.000000000
 11
-0.391823909
 21
0.000000000
 31
0.000000000
 40
0.577350269
 41
-3.141592654
 42
-0.785398163
  0
ELLIPSE
  5
B5B
330
A02
100
AcDbEntity
  8
V_01_Base_Base_Cup_3
100
AcDbEllipse
 10
226.589440213
 20
147.454159436
 30
0.000000000
 11
-0.391823909
 21
0.000000000
 31
0.000000000
 40
0.577350269
 41
-0.000000000
 42
-3.141592654
  0
ELLIPSE
  5
B5C
330
A02
100
AcDbEntity
  8
V_01_Base_Base_Cup_3
100
AcDbEllipse
 10
226.589440213
 20
147.454159436
 30
0.000000000
 11
-0.391823909
 21
0.000000000
 31
0.000000000
 40
0.577350269
 41
-0.785398163
 42
-0.000000000
  0
ELLIPSE
  5
B5D
330
A02
100
AcDbEntity
  8
V_01_Base_Base_Cup_3
100
AcDbEllipse
 10
226.589440213
 20
158.513786244
 30
0.000000000
 11
-0.391823909
 21
0.000000000
 31
0.000000000
 40
0.577350269
 41
-3.141592654
 42
-0.785398163
  0
ELLIPSE
  5
B5E
330
A02
100
AcDbEntity
  8
V_01_Base_Base_Cup_3
100
AcDbEllipse
 10
226.589440213
 20
158.513786244
 30
0.000000000
 11
-0.391823909
 21
0.000000000
 31
0.000000000
 40
0.577350269
 41
-0.000000000
 42
-3.141592654
  0
ELLIPSE
  5
B5F
330
A02
100
AcDbEntity
  8
V_01_Base_Base_Cup_3
100
AcDbEllipse
 10
226.589440213
 20
158.513786244
 30
0.000000000
 11
-0.391823909
 21
0.000000000
 31
0.000000000
 40
0.577350269
 41
-0.785398163
 42
-0.000000000
  0
ELLIPSE
  5
B60
330
A02
100
AcDbEntity
  8
V_01_Base_Base_Cup_3
100
AcDbEllipse
 10
229.155835545
 20
152.983972840
 30
0.000000000
 11
-0.391823909
 21
0.000000000
 31
0.000000000
 40
0.577350269
 41
-3.141592654
 42
-0.785398163
  0
ELLIPSE
  5
B61
330
A02
100
AcDbEntity
  8
V_01_Base_Base_Cup_3
100
AcDbEllipse
 10
229.155835545
 20
152.983972840
 30
0.000000000
 11
-0.391823909
 21
0.000000000
 31
0.000000000
 40
0.577350269
 41
-0.000000000
 42
-3.141592654
  0
ELLIPSE
  5
B62
330
A02
100
AcDbEntity
  8
V_01_Base_Base_Cup_3
100
AcDbEllipse
 10
229.155835545
 20
152.983972840
 30
0.000000000
 11
-0.391823909
 21
0.000000000
 31
0.000000000
 40
0.577350269
 41
-0.785398163
 42
-0.000000000
  0
LINE
  5
B63
330
A02
100
AcDbEntity
  8
V_01_Base_Base_Cup_3
100
AcDbLine
 10
229.251221006
 20
145.889821348
 30
0.000000000
 11
229.920238263
 21
145.786324018
 31
0.000000000
  0
LINE
  5
B64
330
A02
100
AcDbEntity
  8
V_01_Base_Base_Cup_3
100
AcDbLine
 10
228.928659251
 20
145.194797361
 30
0.000000000
 11
229.251221006
 21
145.889821348
 31
0.000000000
  0
LINE
  5
B65
330
A02
100
AcDbEntity
  8
V_01_Base_Base_Cup_3
100
AcDbLine
 10
229.251221006
 20
145.889821348
 30
0.000000000
 11
229.251221006
 21
146.180061593
 31
0.000000000
  0
LINE
  5
B66
330
A02
100
AcDbEntity
  8
V_01_Base_Base_Cup_3
100
AcDbLine
 10
194.915549103
 20
140.578074419
 30
0.000000000
 11
194.425794480
 21
140.295314455
 31
0.000000000
  0
LINE
  5
B67
330
A02
100
AcDbEntity
  8
V_01_Base_Base_Cup_3
100
AcDbLine
 10
194.915549103
 20
140.578074419
 30
0.000000000
 11
197.134838722
 21
139.296766960
 31
0.000000000
  0
LINE
  5
B68
330
A02
100
AcDbEntity
  8
V_01_Base_Base_Cup_3
100
AcDbLine
 10
194.915549103
 20
140.578074419
 30
0.000000000
 11
194.915549103
 21
141.956339657
 31
0.000000000
  0
LINE
  5
B69
330
A02
100
AcDbEntity
  8
V_01_Base_Base_Cup_3
100
AcDbLine
 10
227.425870061
 20
146.067970155
 30
0.000000000
 11
227.811694886
 21
145.939361880
 31
0.000000000
  0
LINE
  5
B6A
330
A02
100
AcDbEntity
  8
V_01_Base_Base_Cup_3
100
AcDbLine
 10
192.574129939
 20
146.067970155
 30
0.000000000
 11
192.188305114
 21
145.939361880
 31
0.000000000
  0
LINE
  5
B6B
330
A02
100
AcDbEntity
  8
V_01_Base_Base_Cup_3
100
AcDbLine
 10
199.729155198
 20
141.924454272
 30
0.000000000
 11
199.339380431
 21
141.534679505
 31
0.000000000
  0
ELLIPSE
  5
B6C
330
A02
100
AcDbEntity
  8
V_01_Base_Base_Cup_3
100
AcDbEllipse
 10
200.422082227
 20
141.863315837
 30
0.000000000
 11
-0.391823909
 21
0.000000000
 31
0.000000000
 40
0.577350269
 41
-6.097803145
 42
-4.588557054
  0
ELLIPSE
  5
B6D
330
A02
100
AcDbEntity
  8
V_01_Base_Base_Cup_3
100
AcDbEllipse
 10
210.000000000
 20
140.381606801
 30
0.000000000
 11
-0.391823909
 21
0.000000000
 31
0.000000000
 40
0.577350269
 41
-5.944291652
 42
-3.480486308
  0
LINE
  5
B6E
330
A02
100
AcDbEntity
  8
V_01_Base_Base_Cup_3
100
AcDbLine
 10
220.270844802
 20
141.924454272
 30
0.000000000
 11
220.660619569
 21
141.534679505
 31
0.000000000
  0
ELLIPSE
  5
B6F
330
A02
100
AcDbEntity
  8
V_01_Base_Base_Cup_3
100
AcDbEllipse
 10
219.577917773
 20
141.863315837
 30
0.000000000
 11
-0.391823909
 21
0.000000000
 31
0.000000000
 40
0.577350269
 41
-4.836220906
 42
-3.326974816
  0
LINE
  5
B70
330
A02
100
AcDbEntity
  8
V_01_Base_Base_Cup_3
100
AcDbLine
 10
206.368046270
 20
144.488605738
 30
0.000000000
 11
207.313201038
 21
145.034291098
 31
0.000000000
  0
ELLIPSE
  5
B71
330
A02
100
AcDbEntity
  8
V_01_Base_Base_Cup_3
100
AcDbEllipse
 10
195.618032348
 20
147.958707535
 30
0.000000000
 11
0.391823909
 21
0.000000000
 31
0.000000000
 40
0.577350269
 41
0.316378641
 42
2.825214012
  0
ELLIPSE
  5
B72
330
A02
100
AcDbEntity
  8
V_01_Base_Base_Cup_3
100
AcDbEllipse
 10
206.146363382
 20
154.037242291
 30
0.000000000
 11
0.391823909
 21
0.000000000
 31
0.000000000
 40
0.577350269
 41
0.316378641
 42
2.825214012
  0
ELLIPSE
  5
B73
330
A02
100
AcDbEntity
  8
V_01_Base_Base_Cup_3
100
AcDbEllipse
 10
220.528331034
 20
151.812344153
 30
0.000000000
 11
0.391823909
 21
0.000000000
 31
0.000000000
 40
0.577350269
 41
0.316378641
 42
2.825214012
  0
ELLIPSE
  5
B74
330
A02
100
AcDbEntity
  8
V_01_Base_Base_Cup_3
100
AcDbEllipse
 10
210.000000000
 20
148.860522362
 30
0.000000000
 11
4.353598988
 21
0.000000000
 31
0.000000000
 40
0.577350269
 41
5.497787144
 42
0.000000000
  0
ELLIPSE
  5
B75
330
A02
100
AcDbEntity
  8
V_01_Base_Base_Cup_3
100
AcDbEllipse
 10
210.000000000
 20
148.860522362
 30
0.000000000
 11
4.353598988
 21
0.000000000
 31
0.000000000
 40
0.577350269
 41
0.000000000
 42
0.064579403
  0
ELLIPSE
  5
B76
330
A02
100
AcDbEntity
  8
V_01_Base_Base_Cup_3
100
AcDbEllipse
 10
210.000000000
 20
148.860522362
 30
0.000000000
 11
4.353598988
 21
0.000000000
 31
0.000000000
 40
0.577350269
 41
0.064579403
 42
0.937534847
  0
ELLIPSE
  5
B77
330
A02
100
AcDbEntity
  8
V_01_Base_Base_Cup_3
100
AcDbEllipse
 10
210.000000000
 20
148.860522362
 30
0.000000000
 11
4.353598988
 21
0.000000000
 31
0.000000000
 40
0.577350269
 41
2.204057806
 42
3.141592654
  0
ELLIPSE
  5
B78
330
A02
100
AcDbEntity
  8
V_01_Base_Base_Cup_3
100
AcDbEllipse
 10
210.000000000
 20
148.860522362
 30
0.000000000
 11
4.353598988
 21
0.000000000
 31
0.000000000
 40
0.577350269
 41
3.141592654
 42
4.647809578
  0
ELLIPSE
  5
B79
330
A02
100
AcDbEntity
  8
V_01_Base_Base_Cup_3
100
AcDbEllipse
 10
210.000000000
 20
148.860522362
 30
0.000000000
 11
4.353598988
 21
0.000000000
 31
0.000000000
 40
0.577350269
 41
4.647809578
 42
5.497787144
  0
LINE
  5
B7A
330
A02
100
AcDbEntity
  8
V_01_Base_Base_Cup_3
100
AcDbLine
 10
207.599430016
 20
143.777666000
 30
0.000000000
 11
207.599430016
 21
144.915169580
 31
0.000000000
  0
ELLIPSE
  5
B7B
330
A02
100
AcDbEntity
  8
V_01_Base_Base_Cup_3
100
AcDbEllipse
 10
210.000000000
 20
147.012079044
 30
0.000000000
 11
4.353598988
 21
0.000000000
 31
0.000000000
 40
0.577350269
 41
3.725632896
 42
4.128348738
  0
LINE
  5
B7C
330
A02
100
AcDbEntity
  8
V_01_Base_Base_Cup_3
100
AcDbLine
 10
206.368046270
 20
144.488605738
 30
0.000000000
 11
206.368046270
 21
145.626109318
 31
0.000000000
  0
ELLIPSE
  5
B7D
330
A02
100
AcDbEntity
  8
V_01_Base_Base_Cup_3
100
AcDbEllipse
 10
200.422082227
 20
141.698377818
 30
0.000000000
 11
-0.391823909
 21
0.000000000
 31
0.000000000
 40
0.577350269
 41
-0.505078875
 42
-0.373152540
  0
ELLIPSE
  5
B7E
330
A02
100
AcDbEntity
  8
V_01_Base_Base_Cup_3
100
AcDbEllipse
 10
210.000000000
 20
140.216668782
 30
0.000000000
 11
-0.391823909
 21
0.000000000
 31
0.000000000
 40
0.577350269
 41
-2.768440114
 42
-2.734206141
  0
ELLIPSE
  5
B7F
330
A02
100
AcDbEntity
  8
V_01_Base_Base_Cup_3
100
AcDbEllipse
 10
210.000000000
 20
140.216668782
 30
0.000000000
 11
-0.391823909
 21
0.000000000
 31
0.000000000
 40
0.577350269
 41
-0.407386513
 42
-0.373152540
  0
ELLIPSE
  5
B80
330
A02
100
AcDbEntity
  8
V_01_Base_Base_Cup_3
100
AcDbEllipse
 10
219.577917773
 20
141.698377818
 30
0.000000000
 11
-0.391823909
 21
0.000000000
 31
0.000000000
 40
0.577350269
 41
-2.768440114
 42
-2.636513778
  0
ELLIPSE
  5
B81
330
A02
100
AcDbEntity
  8
V_01_Base_Base_Cup_3
100
AcDbEllipse
 10
210.000000000
 20
148.860522362
 30
0.000000000
 11
3.134591271
 21
0.000000000
 31
0.000000000
 40
0.577350269
 41
5.908925006
 42
0.000000000
  0
LINE
  5
B82
330
A02
100
AcDbEntity
  8
V_01_Base_Base_Cup_3
100
AcDbLine
 10
213.074350183
 20
150.208935425
 30
0.000000000
 11
213.201597741
 21
150.282401837
 31
0.000000000
  0
LINE
  5
B83
330
A02
100
AcDbEntity
  8
V_01_Base_Base_Cup_3
100
AcDbLine
 10
213.201597741
 20
150.282401837
 30
0.000000000
 11
212.985639045
 21
150.407085648
 31
0.000000000
  0
ELLIPSE
  5
B84
330
A02
100
AcDbEntity
  8
V_01_Base_Base_Cup_3
100
AcDbEllipse
 10
210.000000000
 20
148.860522362
 30
0.000000000
 11
3.134591271
 21
0.000000000
 31
0.000000000
 40
0.577350269
 41
3.141592654
 42
3.759542738
  0
LINE
  5
B85
330
A02
100
AcDbEntity
  8
V_01_Base_Base_Cup_3
100
AcDbLine
 10
207.445095529
 20
147.812011421
 30
0.000000000
 11
206.798402259
 21
147.438642887
 31
0.000000000
  0
LINE
  5
B86
330
A02
100
AcDbEntity
  8
V_01_Base_Base_Cup_3
100
AcDbLine
 10
206.798402259
 20
147.438642887
 30
0.000000000
 11
207.537232507
 21
147.012079044
 31
0.000000000
  0
LINE
  5
B87
330
A02
100
AcDbEntity
  8
V_01_Base_Base_Cup_3
100
AcDbLine
 10
208.183925777
 20
147.385447578
 30
0.000000000
 11
207.537232507
 21
147.012079044
 31
0.000000000
  0
ELLIPSE
  5
B88
330
A02
100
AcDbEntity
  8
V_01_Base_Base_Cup_3
100
AcDbEllipse
 10
210.000000000
 20
148.860522362
 30
0.000000000
 11
3.134591271
 21
0.000000000
 31
0.000000000
 40
0.577350269
 41
4.094438896
 42
5.086649281
  0
LINE
  5
B89
330
A02
100
AcDbEntity
  8
V_01_Base_Base_Cup_3
100
AcDbLine
 10
211.145956834
 20
147.176039714
 30
0.000000000
 11
212.917609530
 21
148.198903876
 31
0.000000000
  0
ELLIPSE
  5
B8A
330
A02
100
AcDbEntity
  8
V_01_Base_Base_Cup_3
100
AcDbEllipse
 10
210.000000000
 20
149.571462100
 30
0.000000000
 11
1.967826742
 21
0.000000000
 31
0.000000000
 40
0.577350269
 41
5.497787144
 42
0.000000000
  0
ELLIPSE
  5
B8B
330
A02
100
AcDbEntity
  8
V_01_Base_Base_Cup_3
100
AcDbEllipse
 10
210.000000000
 20
149.571462100
 30
0.000000000
 11
1.967826742
 21
0.000000000
 31
0.000000000
 40
0.577350269
 41
0.000000000
 42
0.785398163
  0
ELLIPSE
  5
B8C
330
A02
100
AcDbEntity
  8
V_01_Base_Base_Cup_3
100
AcDbEllipse
 10
210.000000000
 20
149.571462100
 30
0.000000000
 11
1.967826742
 21
0.000000000
 31
0.000000000
 40
0.577350269
 41
0.785398163
 42
3.141592654
  0
ELLIPSE
  5
B8D
330
A02
100
AcDbEntity
  8
V_01_Base_Base_Cup_3
100
AcDbEllipse
 10
210.000000000
 20
149.571462100
 30
0.000000000
 11
1.967826742
 21
0.000000000
 31
0.000000000
 40
0.577350269
 41
3.141592654
 42
3.926990817
  0
ELLIPSE
  5
B8E
330
A02
100
AcDbEntity
  8
V_01_Base_Base_Cup_3
100
AcDbEllipse
 10
210.000000000
 20
149.571462100
 30
0.000000000
 11
1.967826742
 21
0.000000000
 31
0.000000000
 40
0.577350269
 41
3.926990817
 42
5.497787144
  0
ELLIPSE
  5
B8F
330
A02
100
AcDbEntity
  8
V_01_Base_Base_Cup_3
100
AcDbEllipse
 10
210.000000000
 20
148.995600912
 30
0.000000000
 11
1.967826742
 21
0.000000000
 31
0.000000000
 40
0.577350269
 41
0.516689434
 42
0.785398163
  0
LINE
  5
B90
330
A02
100
AcDbEntity
  8
V_01_Base_Base_Cup_3
100
AcDbLine
 10
211.710945411
 20
149.144506815
 30
0.000000000
 11
211.710945411
 21
149.556851863
 31
0.000000000
  0
ELLIPSE
  5
B91
330
A02
100
AcDbEntity
  8
V_01_Base_Base_Cup_3
100
AcDbEllipse
 10
210.000000000
 20
148.583255864
 30
0.000000000
 11
1.967826742
 21
0.000000000
 31
0.000000000
 40
0.577350269
 41
0.516689434
 42
0.785398163
  0
ELLIPSE
  5
B92
330
A02
100
AcDbEntity
  8
V_01_Base_Base_Cup_3
100
AcDbEllipse
 10
210.000000000
 20
148.583255864
 30
0.000000000
 11
1.967826742
 21
0.000000000
 31
0.000000000
 40
0.577350269
 41
0.785398163
 42
1.054106893
  0
LINE
  5
B93
330
A02
100
AcDbEntity
  8
V_01_Base_Base_Cup_3
100
AcDbLine
 10
210.972115163
 20
149.571070658
 30
0.000000000
 11
210.972115163
 21
149.983415706
 31
0.000000000
  0
ELLIPSE
  5
B94
330
A02
100
AcDbEntity
  8
V_01_Base_Base_Cup_3
100
AcDbEllipse
 10
210.000000000
 20
148.995600912
 30
0.000000000
 11
1.967826742
 21
0.000000000
 31
0.000000000
 40
0.577350269
 41
0.785398163
 42
1.054106893
  0
LINE
  5
B95
330
A02
100
AcDbEntity
  8
V_01_Base_Base_Cup_3
100
AcDbLine
 10
211.391463634
 20
148.768100196
 30
0.000000000
 11
211.391463634
 21
149.235898543
 31
0.000000000
  0
LINE
  5
B96
330
A02
100
AcDbEntity
  8
V_01_Base_Base_Cup_3
100
AcDbLine
 10
211.391463634
 20
149.235898543
 30
0.000000000
 11
211.391463634
 21
149.386617768
 31
0.000000000
  0
LINE
  5
B97
330
A02
100
AcDbEntity
  8
V_01_Base_Base_Cup_3
100
AcDbLine
 10
211.391463634
 20
149.798962816
 30
0.000000000
 11
211.391463634
 21
150.374824003
 31
0.000000000
  0
LINE
  5
B98
330
A02
100
AcDbEntity
  8
V_01_Base_Base_Cup_3
100
AcDbLine
 10
208.608536366
 20
148.526380685
 30
0.000000000
 11
208.608536366
 21
148.768100196
 31
0.000000000
  0
ELLIPSE
  5
B99
330
A02
100
AcDbEntity
  8
V_01_Base_Base_Cup_3
100
AcDbEllipse
 10
210.000000000
 20
149.855837995
 30
0.000000000
 11
3.134591271
 21
0.000000000
 31
0.000000000
 40
0.577350269
 41
5.908925006
 42
0.000000000
  0
ELLIPSE
  5
B9A
330
A02
100
AcDbEntity
  8
V_01_Base_Base_Cup_3
100
AcDbEllipse
 10
210.000000000
 20
149.855837995
 30
0.000000000
 11
3.134591271
 21
0.000000000
 31
0.000000000
 40
0.577350269
 41
0.000000000
 42
3.141592654
  0
ELLIPSE
  5
B9B
330
A02
100
AcDbEntity
  8
V_01_Base_Base_Cup_3
100
AcDbEllipse
 10
210.000000000
 20
149.855837995
 30
0.000000000
 11
3.134591271
 21
0.000000000
 31
0.000000000
 40
0.577350269
 41
3.141592654
 42
5.086649281
  0
LINE
  5
B9C
330
A02
100
AcDbEntity
  8
V_01_Base_Base_Cup_3
100
AcDbLine
 10
211.145956834
 20
147.176039714
 30
0.000000000
 11
211.145956834
 21
148.171355347
 31
0.000000000
  0
LINE
  5
B9D
330
A02
100
AcDbEntity
  8
V_01_Base_Base_Cup_3
100
AcDbLine
 10
208.183925777
 20
147.385447578
 30
0.000000000
 11
208.183925777
 21
147.520526128
 31
0.000000000
  0
ELLIPSE
  5
B9E
330
A02
100
AcDbEntity
  8
V_01_Base_Base_Cup_3
100
AcDbEllipse
 10
210.000000000
 20
148.995600912
 30
0.000000000
 11
3.134591271
 21
0.000000000
 31
0.000000000
 40
0.577350269
 41
3.759542738
 42
4.094438896
  0
LINE
  5
B9F
330
A02
100
AcDbEntity
  8
V_01_Base_Base_Cup_3
100
AcDbLine
 10
207.445095529
 20
147.812011421
 30
0.000000000
 11
207.445095529
 21
147.947089971
 31
0.000000000
  0
LINE
  5
BA0
330
A02
100
AcDbEntity
  8
V_01_Base_Base_Cup_3
100
AcDbLine
 10
212.917609530
 20
148.198903876
 30
0.000000000
 11
212.917609530
 21
149.194219508
 31
0.000000000
  0
LINE
  5
BA1
330
A02
100
AcDbEntity
  8
V_01_Base_Base_Cup_3
100
AcDbLine
 10
210.972115163
 20
149.571070658
 30
0.000000000
 11
211.379095309
 21
149.806040755
 31
0.000000000
  0
LINE
  5
BA2
330
A02
100
AcDbEntity
  8
V_01_Base_Base_Cup_3
100
AcDbLine
 10
207.771229624
 20
147.723038530
 30
0.000000000
 11
207.038522089
 21
147.300009638
 31
0.000000000
  0
LINE
  5
BA3
330
A02
100
AcDbEntity
  8
V_01_Base_Base_Cup_3
100
AcDbLine
 10
211.145956834
 20
148.171355347
 30
0.000000000
 11
212.917609530
 21
149.194219508
 31
0.000000000
  0
ELLIPSE
  5
BA4
330
A02
100
AcDbEntity
  8
V_01_Base_Base_Cup_3
100
AcDbEllipse
 10
210.000000000
 20
149.571462100
 30
0.000000000
 11
2.751474560
 21
0.000000000
 31
0.000000000
 40
0.577350269
 41
0.089627135
 42
3.051965518
  0
ELLIPSE
  5
BA5
330
A02
100
AcDbEntity
  8
V_01_Base_Base_Cup_3
100
AcDbEllipse
 10
208.399201129
 20
148.647240441
 30
0.000000000
 11
-0.296044731
 21
0.000000000
 31
0.000000000
 40
0.577350269
 41
-2.356194490
 42
-0.785398163
  0
ELLIPSE
  5
BA6
330
A02
100
AcDbEntity
  8
V_01_Base_Base_Cup_3
100
AcDbEllipse
 10
208.399201129
 20
148.647240441
 30
0.000000000
 11
-0.296044731
 21
0.000000000
 31
0.000000000
 40
0.577350269
 41
-3.141592654
 42
-2.356194490
  0
ELLIPSE
  5
BA7
330
A02
100
AcDbEntity
  8
V_01_Base_Base_Cup_3
100
AcDbEllipse
 10
208.399201129
 20
148.647240441
 30
0.000000000
 11
-0.296044731
 21
0.000000000
 31
0.000000000
 40
0.577350269
 41
-4.146663347
 42
-3.141592654
  0
ELLIPSE
  5
BA8
330
A02
100
AcDbEntity
  8
V_01_Base_Base_Cup_3
100
AcDbEllipse
 10
208.399201129
 20
148.647240441
 30
0.000000000
 11
-0.296044731
 21
0.000000000
 31
0.000000000
 40
0.577350269
 41
-0.785398163
 42
-0.300622569
  0
ELLIPSE
  5
BA9
330
A02
100
AcDbEntity
  8
V_01_Base_Base_Cup_3
100
AcDbEllipse
 10
211.600798871
 20
150.495683758
 30
0.000000000
 11
-0.296044731
 21
0.000000000
 31
0.000000000
 40
0.577350269
 41
-3.141592654
 42
-0.785398163
  0
ELLIPSE
  5
BAA
330
A02
100
AcDbEntity
  8
V_01_Base_Base_Cup_3
100
AcDbEllipse
 10
211.600798871
 20
150.495683758
 30
0.000000000
 11
-0.296044731
 21
0.000000000
 31
0.000000000
 40
0.577350269
 41
-5.497787144
 42
-3.141592654
  0
ELLIPSE
  5
BAB
330
A02
100
AcDbEntity
  8
V_01_Base_Base_Cup_3
100
AcDbEllipse
 10
211.600798871
 20
150.495683758
 30
0.000000000
 11
-0.296044731
 21
0.000000000
 31
0.000000000
 40
0.577350269
 41
-0.000000000
 42
-5.497787144
  0
ELLIPSE
  5
BAC
330
A02
100
AcDbEntity
  8
V_01_Base_Base_Cup_3
100
AcDbEllipse
 10
211.600798871
 20
150.495683758
 30
0.000000000
 11
-0.296044731
 21
0.000000000
 31
0.000000000
 40
0.577350269
 41
-0.785398163
 42
-0.000000000
  0
ELLIPSE
  5
BAD
330
A02
100
AcDbEntity
  8
V_01_Base_Base_Cup_3
100
AcDbEllipse
 10
211.600798871
 20
149.507477523
 30
0.000000000
 11
-0.296044731
 21
0.000000000
 31
0.000000000
 40
0.577350269
 41
-0.000000000
 42
-5.497787144
  0
ELLIPSE
  5
BAE
330
A02
100
AcDbEntity
  8
V_01_Base_Base_Cup_3
100
AcDbEllipse
 10
211.600798871
 20
149.507477523
 30
0.000000000
 11
-0.296044731
 21
0.000000000
 31
0.000000000
 40
0.577350269
 41
-0.785398163
 42
-0.000000000
  0
ELLIPSE
  5
BAF
330
A02
100
AcDbEntity
  8
V_01_Base_Base_Cup_3
100
AcDbEllipse
 10
211.600798871
 20
149.507477523
 30
0.000000000
 11
-0.296044731
 21
0.000000000
 31
0.000000000
 40
0.577350269
 41
-1.479241301
 42
-0.785398163
  0
ELLIPSE
  5
BB0
330
A02
100
AcDbEntity
  8
V_01_Base_Base_Cup_3
100
AcDbEllipse
 10
211.600798871
 20
149.507477523
 30
0.000000000
 11
-0.296044731
 21
0.000000000
 31
0.000000000
 40
0.577350269
 41
-5.497787144
 42
-4.331161116
  0
ELLIPSE
  5
BB1
330
A02
100
AcDbEntity
  8
V_01_Base_Base_Cup_3
100
AcDbEllipse
 10
210.000000000
 20
149.855837995
 30
0.000000000
 11
2.751474560
 21
0.000000000
 31
0.000000000
 40
0.577350269
 41
5.497787144
 42
0.000000000
  0
ELLIPSE
  5
BB2
330
A02
100
AcDbEntity
  8
V_01_Base_Base_Cup_3
100
AcDbEllipse
 10
210.000000000
 20
149.855837995
 30
0.000000000
 11
2.751474560
 21
0.000000000
 31
0.000000000
 40
0.577350269
 41
0.000000000
 42
3.141592654
  0
ELLIPSE
  5
BB3
330
A02
100
AcDbEntity
  8
V_01_Base_Base_Cup_3
100
AcDbEllipse
 10
210.000000000
 20
149.855837995
 30
0.000000000
 11
2.751474560
 21
0.000000000
 31
0.000000000
 40
0.577350269
 41
3.141592654
 42
5.497787144
  0
ELLIPSE
  5
BB4
330
A02
100
AcDbEntity
  8
V_01_Base_Base_Cup_3
100
AcDbEllipse
 10
211.600798871
 20
149.356758299
 30
0.000000000
 11
-0.296044731
 21
0.000000000
 31
0.000000000
 40
0.577350269
 41
-0.785398163
 42
-0.456603239
  0
ELLIPSE
  5
BB5
330
A02
100
AcDbEntity
  8
V_01_Base_Base_Cup_3
100
AcDbEllipse
 10
211.600798871
 20
149.356758299
 30
0.000000000
 11
-0.296044731
 21
0.000000000
 31
0.000000000
 40
0.577350269
 41
-1.952024191
 42
-0.785398163
  0
LINE
  5
BB6
330
A02
100
AcDbEntity
  8
V_01_Base_Base_Cup_3
100
AcDbLine
 10
231.942138897
 20
145.021447779
 30
0.000000000
 11
231.942138897
 21
146.016763412
 31
0.000000000
  0
LINE
  5
BB7
330
A02
100
AcDbEntity
  8
V_01_Base_Base_Cup_3
100
AcDbLine
 10
188.057861103
 20
145.021447779
 30
0.000000000
 11
188.057861103
 21
146.016763412
 31
0.000000000
  0
SPLINE
  5
BB8
330
A02
100
AcDbEntity
  8
V_01_Base_Base_Cup_3
100
AcDbSpline
210
0
220
0
230
1
 70
8
 71
3
 72
8
 73
4
 74
0
 40
0.000000000
 40
0.000000000
 40
0.000000000
 40
0.000000000
 40
0.126285569
 40
0.126285569
 40
0.126285569
 40
0.126285569
 10
231.942138897
 20
146.016763412
 30
0.000000000
 10
231.944284523
 20
147.759377061
 30
0.000000000
 10
231.339951189
 20
149.494501743
 30
0.000000000
 10
230.200699302
 20
151.071930045
 30
0.000000000
  0
SPLINE
  5
BB9
330
A02
100
AcDbEntity
  8
V_01_Base_Base_Cup_3
100
AcDbSpline
210
0
220
0
230
1
 70
8
 71
3
 72
8
 73
4
 74
0
 40
0.873714356
 40
0.873714356
 40
0.873714356
 40
0.873714356
 40
1.000000000
 40
1.000000000
 40
1.000000000
 40
1.000000000
 10
189.799300698
 20
151.071929823
 30
0.000000000
 10
188.660050290
 20
149.494502351
 30
0.000000000
 10
188.055714567
 20
147.759376527
 30
0.000000000
 10
188.057861103
 20
146.016763412
 30
0.000000000
  0
LINE
  5
BBA
330
A02
100
AcDbEntity
  8
V_01_Base_Base_Cup_3
100
AcDbLine
 10
230.200699302
 20
146.443327254
 30
0.000000000
 11
230.200699302
 21
151.441233609
 31
0.000000000
  0
LINE
  5
BBB
330
A02
100
AcDbEntity
  8
V_01_Base_Base_Cup_3
100
AcDbLine
 10
230.200699302
 20
151.967329015
 30
0.000000000
 11
230.200699302
 21
152.983972840
 31
0.000000000
  0
LINE
  5
BBC
330
A02
100
AcDbEntity
  8
V_01_Base_Base_Cup_3
100
AcDbLine
 10
189.799300698
 20
146.443327254
 30
0.000000000
 11
189.799300698
 21
151.441233609
 31
0.000000000
  0
LINE
  5
BBD
330
A02
100
AcDbEntity
  8
V_01_Base_Base_Cup_3
100
AcDbLine
 10
189.799300698
 20
151.967329015
 30
0.000000000
 11
189.799300698
 21
152.983972840
 31
0.000000000
  0
LINE
  5
BBE
330
A02
100
AcDbEntity
  8
V_01_Base_Base_Cup_3
100
AcDbLine
 10
214.353598988
 20
145.874575464
 30
0.000000000
 11
214.353598988
 21
148.860522362
 31
0.000000000
  0
LINE
  5
BBF
330
A02
100
AcDbEntity
  8
V_01_Base_Base_Cup_3
100
AcDbLine
 10
205.646401012
 20
145.874575464
 30
0.000000000
 11
205.646401012
 21
148.860522362
 31
0.000000000
  0
LINE
  5
BC0
330
A02
100
AcDbEntity
  8
V_01_Base_Base_Cup_3
100
AcDbLine
 10
213.134591271
 20
148.860522362
 30
0.000000000
 11
213.134591271
 21
149.855837995
 31
0.000000000
  0
LINE
  5
BC1
330
A02
100
AcDbEntity
  8
V_01_Base_Base_Cup_3
100
AcDbLine
 10
206.865408729
 20
148.860522362
 30
0.000000000
 11
206.865408729
 21
149.855837995
 31
0.000000000
  0
ELLIPSE
  5
BC2
330
A02
100
AcDbEntity
  8
V_01_Base_Base_Cup_3
100
AcDbEllipse
 10
210.000000000
 20
146.016763412
 30
0.000000000
 11
21.942138897
 21
0.000000000
 31
0.000000000
 40
0.577350269
 41
5.497787144
 42
0.000000000
  0
ELLIPSE
  5
BC3
330
A02
100
AcDbEntity
  8
V_01_Base_Base_Cup_3
100
AcDbEllipse
 10
210.000000000
 20
146.016763412
 30
0.000000000
 11
21.942138897
 21
0.000000000
 31
0.000000000
 40
0.577350269
 41
3.141592654
 42
3.887297855
  0
ELLIPSE
  5
BC4
330
A02
100
AcDbEntity
  8
V_01_Base_Base_Cup_3
100
AcDbEllipse
 10
210.000000000
 20
146.016763412
 30
0.000000000
 11
21.942138897
 21
0.000000000
 31
0.000000000
 40
0.577350269
 41
3.966683779
 42
5.497787144
  0
ELLIPSE
  5
BC5
330
A02
100
AcDbEntity
  8
V_01_Base_Base_Cup_3
100
AcDbEllipse
 10
210.000000000
 20
146.443327254
 30
0.000000000
 11
21.419707019
 21
0.000000000
 31
0.000000000
 40
0.577350269
 41
5.497787144
 42
0.338994738
  0
ELLIPSE
  5
BC6
330
A02
100
AcDbEntity
  8
V_01_Base_Base_Cup_3
100
AcDbEllipse
 10
210.000000000
 20
146.443327254
 30
0.000000000
 11
21.419707019
 21
0.000000000
 31
0.000000000
 40
0.577350269
 41
2.802597915
 42
3.886329207
  0
ELLIPSE
  5
BC7
330
A02
100
AcDbEntity
  8
V_01_Base_Base_Cup_3
100
AcDbEllipse
 10
210.000000000
 20
146.443327254
 30
0.000000000
 11
21.419707019
 21
0.000000000
 31
0.000000000
 40
0.577350269
 41
3.967652427
 42
5.497787144
  0
TEXT
  5
BC8
330
A02
100
AcDbEntity
  8
A_01_Base_Base_Cup
100
AcDbText
 10
210.000000000
 20
148.500000000
 30
0.000000000
 40
3.500000000
  1
Base_Cup  (black)
  7
STANDARD
 72
1
 11
210.000000000
 21
148.500000000
 31
0.000000000
100
AcDbText
  0
SPLINE
  5
BC9
330
A02
100
AcDbEntity
  8
V_01_Base_Az_Ring_Gear_0
100
AcDbSpline
210
0
220
0
230
1
 70
8
 71
1
 72
17
 73
15
 74
0
 40
3.141592654
 40
3.141592654
 40
3.365992129
 40
3.590391604
 40
3.814791079
 40
4.039190555
 40
4.263590030
 40
4.487989505
 40
4.712388980
 40
4.936788456
 40
5.161187931
 40
5.385587406
 40
5.609986881
 40
5.834386357
 40
6.058785832
 40
6.283185307
 40
6.283185307
 10
186.250000000
 20
151.586158192
 30
0.000000000
 10
186.845462086
 20
151.586158192
 30
0.000000000
 10
188.601989387
 20
151.586158192
 30
0.000000000
 10
191.431502291
 20
151.586158192
 30
0.000000000
 10
195.192117206
 20
151.586158192
 30
0.000000000
 10
199.695261196
 20
151.586158192
 30
0.000000000
 10
204.715127819
 20
151.586158192
 30
0.000000000
 10
210.000000000
 20
151.586158192
 30
0.000000000
 10
215.284872181
 20
151.586158192
 30
0.000000000
 10
220.304738804
 20
151.586158192
 30
0.000000000
 10
224.807882794
 20
151.586158192
 30
0.000000000
 10
228.568497709
 20
151.586158192
 30
0.000000000
 10
231.398010613
 20
151.586158192
 30
0.000000000
 10
233.154537914
 20
151.586158192
 30
0.000000000
 10
233.750000000
 20
151.586158192
 30
0.000000000
  0
SPLINE
  5
BCA
330
A02
100
AcDbEntity
  8
V_01_Base_Az_Ring_Gear_0
100
AcDbSpline
210
0
220
0
230
1
 70
8
 71
1
 72
17
 73
15
 74
0
 40
3.141592654
 40
3.141592654
 40
3.365992129
 40
3.590391604
 40
3.814791079
 40
4.039190555
 40
4.263590030
 40
4.487989505
 40
4.712388980
 40
4.936788456
 40
5.161187931
 40
5.385587406
 40
5.609986881
 40
5.834386357
 40
6.058785832
 40
6.283185307
 40
6.283185307
 10
186.250000000
 20
145.413841808
 30
0.000000000
 10
186.845462086
 20
145.413841808
 30
0.000000000
 10
188.601989387
 20
145.413841808
 30
0.000000000
 10
191.431502291
 20
145.413841808
 30
0.000000000
 10
195.192117206
 20
145.413841808
 30
0.000000000
 10
199.695261196
 20
145.413841808
 30
0.000000000
 10
204.715127819
 20
145.413841808
 30
0.000000000
 10
210.000000000
 20
145.413841808
 30
0.000000000
 10
215.284872181
 20
145.413841808
 30
0.000000000
 10
220.304738804
 20
145.413841808
 30
0.000000000
 10
224.807882794
 20
145.413841808
 30
0.000000000
 10
228.568497709
 20
145.413841808
 30
0.000000000
 10
231.398010613
 20
145.413841808
 30
0.000000000
 10
233.154537914
 20
145.413841808
 30
0.000000000
 10
233.750000000
 20
145.413841808
 30
0.000000000
  0
SPLINE
  5
BCB
330
A02
100
AcDbEntity
  8
V_01_Base_Az_Ring_Gear_0
100
AcDbSpline
210
0
220
0
230
1
 70
8
 71
1
 72
4
 73
2
 74
0
 40
-11.000000000
 40
-11.000000000
 40
12.000000000
 40
12.000000000
 10
233.750000000
 20
145.413841808
 30
0.000000000
 10
233.750000000
 20
151.586158192
 30
0.000000000
  0
LINE
  5
BCC
330
A02
100
AcDbEntity
  8
V_01_Base_Az_Ring_Gear_0
100
AcDbLine
 10
189.953547536
 20
146.393361582
 30
0.000000000
 11
189.953547536
 21
147.386299435
 31
0.000000000
  0
SPLINE
  5
BCD
330
A02
100
AcDbEntity
  8
V_01_Base_Az_Ring_Gear_0
100
AcDbSpline
210
0
220
0
230
1
 70
8
 71
2
 72
6
 73
3
 74
0
 40
3.622805858
 40
3.622805858
 40
3.622805858
 40
3.707577001
 40
3.707577001
 40
3.707577001
 10
188.947191604
 20
146.393361582
 30
0.000000000
 10
189.413587010
 20
146.393361582
 30
0.000000000
 10
189.953547536
 20
146.393361582
 30
0.000000000
  0
SPLINE
  5
BCE
330
A02
100
AcDbEntity
  8
V_01_Base_Az_Ring_Gear_0
100
AcDbSpline
210
0
220
0
230
1
 70
8
 71
2
 72
6
 73
3
 74
0
 40
3.622805858
 40
3.622805858
 40
3.622805858
 40
3.707577001
 40
3.707577001
 40
3.707577001
 10
188.947191604
 20
147.386299435
 30
0.000000000
 10
189.413587010
 20
147.386299435
 30
0.000000000
 10
189.953547536
 20
147.386299435
 30
0.000000000
  0
LINE
  5
BCF
330
A02
100
AcDbEntity
  8
V_01_Base_Az_Ring_Gear_0
100
AcDbLine
 10
188.947191604
 20
146.393361582
 30
0.000000000
 11
188.947191604
 21
147.386299435
 31
0.000000000
  0
LINE
  5
BD0
330
A02
100
AcDbEntity
  8
V_01_Base_Az_Ring_Gear_0
100
AcDbLine
 10
211.006355932
 20
146.393361582
 30
0.000000000
 11
211.006355932
 21
147.386299435
 31
0.000000000
  0
SPLINE
  5
BD1
330
A02
100
AcDbEntity
  8
V_01_Base_Az_Ring_Gear_0
100
AcDbSpline
210
0
220
0
230
1
 70
8
 71
1
 72
4
 73
2
 74
0
 40
4.670003409
 40
4.670003409
 40
4.754774552
 40
4.754774552
 10
208.993644068
 20
146.393361582
 30
0.000000000
 10
211.006355932
 20
146.393361582
 30
0.000000000
  0
SPLINE
  5
BD2
330
A02
100
AcDbEntity
  8
V_01_Base_Az_Ring_Gear_0
100
AcDbSpline
210
0
220
0
230
1
 70
8
 71
1
 72
4
 73
2
 74
0
 40
4.670003409
 40
4.670003409
 40
4.754774552
 40
4.754774552
 10
208.993644068
 20
147.386299435
 30
0.000000000
 10
211.006355932
 20
147.386299435
 30
0.000000000
  0
LINE
  5
BD3
330
A02
100
AcDbEntity
  8
V_01_Base_Az_Ring_Gear_0
100
AcDbLine
 10
208.993644068
 20
146.393361582
 30
0.000000000
 11
208.993644068
 21
147.386299435
 31
0.000000000
  0
LINE
  5
BD4
330
A02
100
AcDbEntity
  8
V_01_Base_Az_Ring_Gear_0
100
AcDbLine
 10
231.052808396
 20
146.393361582
 30
0.000000000
 11
231.052808396
 21
147.386299435
 31
0.000000000
  0
SPLINE
  5
BD5
330
A02
100
AcDbEntity
  8
V_01_Base_Az_Ring_Gear_0
100
AcDbSpline
210
0
220
0
230
1
 70
8
 71
2
 72
6
 73
3
 74
0
 40
5.717200960
 40
5.717200960
 40
5.717200960
 40
5.801972103
 40
5.801972103
 40
5.801972103
 10
230.046452464
 20
147.386299435
 30
0.000000000
 10
230.586412990
 20
147.386299435
 30
0.000000000
 10
231.052808396
 20
147.386299435
 30
0.000000000
  0
LINE
  5
BD6
330
A02
100
AcDbEntity
  8
V_01_Base_Az_Ring_Gear_0
100
AcDbLine
 10
230.046452464
 20
146.393361582
 30
0.000000000
 11
230.046452464
 21
147.386299435
 31
0.000000000
  0
SPLINE
  5
BD7
330
A02
100
AcDbEntity
  8
V_01_Base_Az_Ring_Gear_0
100
AcDbSpline
210
0
220
0
230
1
 70
8
 71
2
 72
6
 73
3
 74
0
 40
5.717200960
 40
5.717200960
 40
5.717200960
 40
5.801972103
 40
5.801972103
 40
5.801972103
 10
230.046452464
 20
146.393361582
 30
0.000000000
 10
230.586412990
 20
146.393361582
 30
0.000000000
 10
231.052808396
 20
146.393361582
 30
0.000000000
  0
SPLINE
  5
BD8
330
A02
100
AcDbEntity
  8
V_01_Base_Az_Ring_Gear_0
100
AcDbSpline
210
0
220
0
230
1
 70
8
 71
3
 72
11
 73
7
 74
0
 40
3.141592654
 40
3.141592654
 40
3.141592654
 40
3.141592654
 40
3.779473246
 40
3.779473246
 40
3.779473246
 40
4.417353839
 40
4.417353839
 40
4.417353839
 40
4.417353839
 10
189.525306943
 20
146.393361582
 30
0.000000000
 10
189.525761937
 20
146.393361582
 30
0.000000000
 10
189.567855163
 20
146.393361582
 30
0.000000000
 10
189.644041049
 20
146.393361582
 30
0.000000000
 10
189.720957982
 20
146.393361582
 30
0.000000000
 10
189.830683209
 20
146.393361582
 30
0.000000000
 10
189.953547536
 20
146.393361582
 30
0.000000000
  0
SPLINE
  5
BD9
330
A02
100
AcDbEntity
  8
V_01_Base_Az_Ring_Gear_0
100
AcDbSpline
210
0
220
0
230
1
 70
8
 71
3
 72
11
 73
7
 74
0
 40
3.141592654
 40
3.141592654
 40
3.141592654
 40
3.141592654
 40
3.779473246
 40
3.779473246
 40
3.779473246
 40
4.417353839
 40
4.417353839
 40
4.417353839
 40
4.417353839
 10
189.525306943
 20
147.386299435
 30
0.000000000
 10
189.525761937
 20
147.386299435
 30
0.000000000
 10
189.567855163
 20
147.386299435
 30
0.000000000
 10
189.644041049
 20
147.386299435
 30
0.000000000
 10
189.720957982
 20
147.386299435
 30
0.000000000
 10
189.830683209
 20
147.386299435
 30
0.000000000
 10
189.953547536
 20
147.386299435
 30
0.000000000
  0
SPLINE
  5
BDA
330
A02
100
AcDbEntity
  8
V_01_Base_Az_Ring_Gear_0
100
AcDbSpline
210
0
220
0
230
1
 70
8
 71
3
 72
11
 73
7
 74
0
 40
5.007424122
 40
5.007424122
 40
5.007424122
 40
5.007424122
 40
5.645304714
 40
5.645304714
 40
5.645304714
 40
6.283185307
 40
6.283185307
 40
6.283185307
 40
6.283185307
 10
230.046452464
 20
147.386299435
 30
0.000000000
 10
230.169316791
 20
147.386299435
 30
0.000000000
 10
230.279042018
 20
147.386299435
 30
0.000000000
 10
230.355958951
 20
147.386299435
 30
0.000000000
 10
230.432144837
 20
147.386299435
 30
0.000000000
 10
230.474238063
 20
147.386299435
 30
0.000000000
 10
230.474693057
 20
147.386299435
 30
0.000000000
  0
SPLINE
  5
BDB
330
A02
100
AcDbEntity
  8
V_01_Base_Az_Ring_Gear_0
100
AcDbSpline
210
0
220
0
230
1
 70
8
 71
3
 72
11
 73
7
 74
0
 40
5.007424122
 40
5.007424122
 40
5.007424122
 40
5.007424122
 40
5.645304714
 40
5.645304714
 40
5.645304714
 40
6.283185307
 40
6.283185307
 40
6.283185307
 40
6.283185307
 10
230.046452464
 20
146.393361582
 30
0.000000000
 10
230.169316791
 20
146.393361582
 30
0.000000000
 10
230.279042018
 20
146.393361582
 30
0.000000000
 10
230.355958951
 20
146.393361582
 30
0.000000000
 10
230.432144837
 20
146.393361582
 30
0.000000000
 10
230.474238063
 20
146.393361582
 30
0.000000000
 10
230.474693057
 20
146.393361582
 30
0.000000000
  0
LINE
  5
BDC
330
A02
100
AcDbEntity
  8
V_01_Base_Az_Ring_Gear_0
100
AcDbLine
 10
186.250000000
 20
145.413841808
 30
0.000000000
 11
186.250000000
 21
151.586158192
 31
0.000000000
  0
CIRCLE
  5
BDD
330
A02
100
AcDbEntity
  8
V_01_Base_Az_Ring_Gear_1
100
AcDbCircle
 10
210.000000000
 20
148.500000000
 30
0.000000000
 40
23.750000000
  0
ARC
  5
BDE
330
A02
100
AcDbEntity
  8
V_01_Base_Az_Ring_Gear_1
100
AcDbCircle
 10
231.919817076
 20
149.339211388
 30
0.000000000
 40
0.203954802
100
AcDbArc
 50
-64.874685435
 51
2.092854830
  0
ARC
  5
BDF
330
A02
100
AcDbEntity
  8
V_01_Base_Az_Ring_Gear_1
100
AcDbCircle
 10
210.000000000
 20
148.500000000
 30
0.000000000
 40
22.139830509
100
AcDbArc
 50
2.191609141
 51
2.308390859
  0
ARC
  5
BE0
330
A02
100
AcDbEntity
  8
V_01_Base_Az_Ring_Gear_1
100
AcDbCircle
 10
231.918089362
 20
149.383184647
 30
0.000000000
 40
0.203954802
100
AcDbArc
 50
2.407145170
 51
69.374685435
  0
ARC
  5
BE1
330
A02
100
AcDbEntity
  8
V_01_Base_Az_Ring_Gear_1
100
AcDbCircle
 10
210.000000275
 20
148.499996949
 30
0.000000000
 40
20.932203390
100
AcDbArc
 50
3.842023859
 51
5.157992844
  0
ARC
  5
BE2
330
A02
100
AcDbEntity
  8
V_01_Base_Az_Ring_Gear_1
100
AcDbCircle
 10
231.786401829
 20
151.056433406
 30
0.000000000
 40
0.203954802
100
AcDbArc
 50
-60.374685435
 51
6.592854830
  0
ARC
  5
BE3
330
A02
100
AcDbEntity
  8
V_01_Base_Az_Ring_Gear_1
100
AcDbCircle
 10
210.000000002
 20
148.500000000
 30
0.000000000
 40
22.139830507
100
AcDbArc
 50
6.691609141
 51
6.808390859
  0
ARC
  5
BE4
330
A02
100
AcDbEntity
  8
V_01_Base_Az_Ring_Gear_1
100
AcDbCircle
 10
231.781229339
 20
151.100135555
 30
0.000000000
 40
0.203954802
100
AcDbArc
 50
6.907145170
 51
73.874685435
  0
ARC
  5
BE5
330
A02
100
AcDbEntity
  8
V_01_Base_Az_Ring_Gear_1
100
AcDbCircle
 10
210.000000514
 20
148.499996980
 30
0.000000000
 40
20.932203390
100
AcDbArc
 50
8.342023859
 51
9.657992844
  0
ARC
  5
BE6
330
A02
100
AcDbEntity
  8
V_01_Base_Az_Ring_Gear_1
100
AcDbCircle
 10
231.518666170
 20
152.757894162
 30
0.000000000
 40
0.203954802
100
AcDbArc
 50
-55.874685435
 51
11.092854830
  0
ARC
  5
BE7
330
A02
100
AcDbEntity
  8
V_01_Base_Az_Ring_Gear_1
100
AcDbCircle
 10
209.999999998
 20
148.500000000
 30
0.000000000
 40
22.139830511
100
AcDbArc
 50
11.191609141
 51
11.308390859
  0
ARC
  5
BE8
330
A02
100
AcDbEntity
  8
V_01_Base_Az_Ring_Gear_1
100
AcDbCircle
 10
231.510080794
 20
152.801055762
 30
0.000000000
 40
0.203954802
100
AcDbArc
 50
11.407145170
 51
78.374685435
  0
ARC
  5
BE9
330
A02
100
AcDbEntity
  8
V_01_Base_Az_Ring_Gear_1
100
AcDbCircle
 10
210.000000749
 20
148.499997030
 30
0.000000000
 40
20.932203390
100
AcDbArc
 50
12.842023859
 51
14.157992844
  0
ARC
  5
BEA
330
A02
100
AcDbEntity
  8
V_01_Base_Az_Ring_Gear_1
100
AcDbCircle
 10
231.118260778
 20
154.433103584
 30
0.000000000
 40
0.203954802
100
AcDbArc
 50
-51.374685435
 51
15.592854830
  0
ARC
  5
BEB
330
A02
100
AcDbEntity
  8
V_01_Base_Az_Ring_Gear_1
100
AcDbCircle
 10
209.999999999
 20
148.500000000
 30
0.000000000
 40
22.139830510
100
AcDbArc
 50
15.691609141
 51
15.808390859
  0
ARC
  5
BEC
330
A02
100
AcDbEntity
  8
V_01_Base_Az_Ring_Gear_1
100
AcDbCircle
 10
231.106315447
 20
154.475458531
 30
0.000000000
 40
0.203954802
100
AcDbArc
 50
15.907145170
 51
82.874685435
  0
ARC
  5
BED
330
A02
100
AcDbEntity
  8
V_01_Base_Az_Ring_Gear_1
100
AcDbCircle
 10
210.000000980
 20
148.499997098
 30
0.000000000
 40
20.932203390
100
AcDbArc
 50
17.342023859
 51
18.657992844
  0
ARC
  5
BEE
330
A02
100
AcDbEntity
  8
V_01_Base_Az_Ring_Gear_1
100
AcDbCircle
 10
230.587654286
 20
156.071733450
 30
0.000000000
 40
0.203954802
100
AcDbArc
 50
-46.874685435
 51
20.092854830
  0
ARC
  5
BEF
330
A02
100
AcDbEntity
  8
V_01_Base_Az_Ring_Gear_1
100
AcDbCircle
 10
210.000000006
 20
148.500000002
 30
0.000000000
 40
22.139830502
100
AcDbArc
 50
20.191609141
 51
20.308390859
  0
ARC
  5
BF0
330
A02
100
AcDbEntity
  8
V_01_Base_Az_Ring_Gear_1
100
AcDbCircle
 10
230.572422648
 20
156.113020610
 30
0.000000000
 40
0.203954802
100
AcDbArc
 50
20.407145170
 51
87.374685435
  0
ARC
  5
BF1
330
A02
100
AcDbEntity
  8
V_01_Base_Az_Ring_Gear_1
100
AcDbCircle
 10
210.000001205
 20
148.499997183
 30
0.000000000
 40
20.932203390
100
AcDbArc
 50
21.842023859
 51
23.157992844
  0
ARC
  5
BF2
330
A02
100
AcDbEntity
  8
V_01_Base_Az_Ring_Gear_1
100
AcDbCircle
 10
229.930118059
 20
157.663681061
 30
0.000000000
 40
0.203954802
100
AcDbArc
 50
-42.374685435
 51
24.592854830
  0
ARC
  5
BF3
330
A02
100
AcDbEntity
  8
V_01_Base_Az_Ring_Gear_1
100
AcDbCircle
 10
210.000000004
 20
148.500000002
 30
0.000000000
 40
22.139830504
100
AcDbArc
 50
24.691609141
 51
24.808390859
  0
ARC
  5
BF4
330
A02
100
AcDbEntity
  8
V_01_Base_Az_Ring_Gear_1
100
AcDbCircle
 10
229.911694022
 20
157.703645887
 30
0.000000000
 40
0.203954802
100
AcDbArc
 50
24.907145170
 51
91.874685435
  0
ARC
  5
BF5
330
A02
100
AcDbEntity
  8
V_01_Base_Az_Ring_Gear_1
100
AcDbCircle
 10
210.000001422
 20
148.499997287
 30
0.000000000
 40
20.932203390
100
AcDbArc
 50
26.342023859
 51
27.657992844
  0
ARC
  5
BF6
330
A02
100
AcDbEntity
  8
V_01_Base_Az_Ring_Gear_1
100
AcDbCircle
 10
229.149706026
 20
159.199131531
 30
0.000000000
 40
0.203954802
100
AcDbArc
 50
-37.874685435
 51
29.092854830
  0
ARC
  5
BF7
330
A02
100
AcDbEntity
  8
V_01_Base_Az_Ring_Gear_1
100
AcDbCircle
 10
209.999999993
 20
148.499999996
 30
0.000000000
 40
22.139830517
100
AcDbArc
 50
29.191609141
 51
29.308390859
  0
ARC
  5
BF8
330
A02
100
AcDbEntity
  8
V_01_Base_Az_Ring_Gear_1
100
AcDbCircle
 10
229.128203180
 20
159.237527625
 30
0.000000000
 40
0.203954802
100
AcDbArc
 50
29.407145170
 51
96.374685435
  0
ARC
  5
BF9
330
A02
100
AcDbEntity
  8
V_01_Base_Az_Ring_Gear_1
100
AcDbCircle
 10
210.000001631
 20
148.499997407
 30
0.000000000
 40
20.932203390
100
AcDbArc
 50
30.842023859
 51
32.157992844
  0
ARC
  5
BFA
330
A02
100
AcDbEntity
  8
V_01_Base_Az_Ring_Gear_1
100
AcDbCircle
 10
228.251229689
 20
160.668618297
 30
0.000000000
 40
0.203954802
100
AcDbArc
 50
-33.374685435
 51
33.592854830
  0
ARC
  5
BFB
330
A02
100
AcDbEntity
  8
V_01_Base_Az_Ring_Gear_1
100
AcDbCircle
 10
209.999999993
 20
148.499999995
 30
0.000000000
 40
22.139830517
100
AcDbArc
 50
33.691609141
 51
33.808390859
  0
ARC
  5
BFC
330
A02
100
AcDbEntity
  8
V_01_Base_Az_Ring_Gear_1
100
AcDbCircle
 10
228.226780606
 20
160.705208935
 30
0.000000000
 40
0.203954802
100
AcDbArc
 50
33.907145170
 51
100.874685435
  0
ARC
  5
BFD
330
A02
100
AcDbEntity
  8
V_01_Base_Az_Ring_Gear_1
100
AcDbCircle
 10
210.000001829
 20
148.499997542
 30
0.000000000
 40
20.932203390
100
AcDbArc
 50
35.342023859
 51
36.657992844
  0
ARC
  5
BFE
330
A02
100
AcDbEntity
  8
V_01_Base_Az_Ring_Gear_1
100
AcDbCircle
 10
227.240228451
 20
162.063081485
 30
0.000000000
 40
0.203954802
100
AcDbArc
 50
-28.874685435
 51
38.092854830
  0
ARC
  5
BFF
330
A02
100
AcDbEntity
  8
V_01_Base_Az_Ring_Gear_1
100
AcDbCircle
 10
209.999999995
 20
148.499999996
 30
0.000000000
 40
22.139830515
100
AcDbArc
 50
38.191609141
 51
38.308390859
  0
ARC
  5
C00
330
A02
100
AcDbEntity
  8
V_01_Base_Az_Ring_Gear_1
100
AcDbCircle
 10
227.212983868
 20
162.097641074
 30
0.000000000
 40
0.203954802
100
AcDbArc
 50
38.407145170
 51
105.374685435
  0
ARC
  5
C01
330
A02
100
AcDbEntity
  8
V_01_Base_Az_Ring_Gear_1
100
AcDbCircle
 10
210.000002016
 20
148.499997694
 30
0.000000000
 40
20.932203390
100
AcDbArc
 50
39.842023859
 51
41.157992844
  0
ARC
  5
C02
330
A02
100
AcDbEntity
  8
V_01_Base_Az_Ring_Gear_1
100
AcDbCircle
 10
226.122935471
 20
163.373923766
 30
0.000000000
 40
0.203954802
100
AcDbArc
 50
-24.374685435
 51
42.592854830
  0
ARC
  5
C03
330
A02
100
AcDbEntity
  8
V_01_Base_Az_Ring_Gear_1
100
AcDbCircle
 10
209.999999996
 20
148.499999996
 30
0.000000000
 40
22.139830514
100
AcDbArc
 50
42.691609141
 51
42.808390859
  0
ARC
  5
C04
330
A02
100
AcDbEntity
  8
V_01_Base_Az_Ring_Gear_1
100
AcDbCircle
 10
226.093063361
 20
163.406239234
 30
0.000000000
 40
0.203954802
100
AcDbArc
 50
42.907145170
 51
109.874685435
  0
ARC
  5
C05
330
A02
100
AcDbEntity
  8
V_01_Base_Az_Ring_Gear_1
100
AcDbCircle
 10
210.000002191
 20
148.499997859
 30
0.000000000
 40
20.932203390
100
AcDbArc
 50
44.342023859
 51
45.657992844
  0
ARC
  5
C06
330
A02
100
AcDbEntity
  8
V_01_Base_Az_Ring_Gear_1
100
AcDbCircle
 10
224.906239234
 20
164.593063361
 30
0.000000000
 40
0.203954802
100
AcDbArc
 50
-19.874685435
 51
47.092854830
  0
ARC
  5
C07
330
A02
100
AcDbEntity
  8
V_01_Base_Az_Ring_Gear_1
100
AcDbCircle
 10
210.000000000
 20
148.500000000
 30
0.000000000
 40
22.139830508
100
AcDbArc
 50
47.191609141
 51
47.308390859
  0
ARC
  5
C08
330
A02
100
AcDbEntity
  8
V_01_Base_Az_Ring_Gear_1
100
AcDbCircle
 10
224.873923766
 20
164.622935471
 30
0.000000000
 40
0.203954802
100
AcDbArc
 50
47.407145170
 51
114.374685435
  0
ARC
  5
C09
330
A02
100
AcDbEntity
  8
V_01_Base_Az_Ring_Gear_1
100
AcDbCircle
 10
210.000002352
 20
148.499998037
 30
0.000000000
 40
20.932203390
100
AcDbArc
 50
48.842023859
 51
50.157992844
  0
ARC
  5
C0A
330
A02
100
AcDbEntity
  8
V_01_Base_Az_Ring_Gear_1
100
AcDbCircle
 10
223.597641074
 20
165.712983868
 30
0.000000000
 40
0.203954802
100
AcDbArc
 50
-15.374685435
 51
51.592854830
  0
ARC
  5
C0B
330
A02
100
AcDbEntity
  8
V_01_Base_Az_Ring_Gear_1
100
AcDbCircle
 10
209.999999999
 20
148.499999999
 30
0.000000000
 40
22.139830509
100
AcDbArc
 50
51.691609141
 51
51.808390859
  0
ARC
  5
C0C
330
A02
100
AcDbEntity
  8
V_01_Base_Az_Ring_Gear_1
100
AcDbCircle
 10
223.563081485
 20
165.740228451
 30
0.000000000
 40
0.203954802
100
AcDbArc
 50
51.907145170
 51
118.874685435
  0
ARC
  5
C0D
330
A02
100
AcDbEntity
  8
V_01_Base_Az_Ring_Gear_1
100
AcDbCircle
 10
210.000002499
 20
148.499998228
 30
0.000000000
 40
20.932203390
100
AcDbArc
 50
53.342023859
 51
54.657992844
  0
ARC
  5
C0E
330
A02
100
AcDbEntity
  8
V_01_Base_Az_Ring_Gear_1
100
AcDbCircle
 10
222.205208935
 20
166.726780606
 30
0.000000000
 40
0.203954802
100
AcDbArc
 50
-10.874685435
 51
56.092854830
  0
ARC
  5
C0F
330
A02
100
AcDbEntity
  8
V_01_Base_Az_Ring_Gear_1
100
AcDbCircle
 10
209.999999998
 20
148.499999996
 30
0.000000000
 40
22.139830513
100
AcDbArc
 50
56.191609141
 51
56.308390859
  0
ARC
  5
C10
330
A02
100
AcDbEntity
  8
V_01_Base_Az_Ring_Gear_1
100
AcDbCircle
 10
222.168618297
 20
166.751229689
 30
0.000000000
 40
0.203954802
100
AcDbArc
 50
56.407145170
 51
123.374685435
  0
ARC
  5
C11
330
A02
100
AcDbEntity
  8
V_01_Base_Az_Ring_Gear_1
100
AcDbCircle
 10
210.000002630
 20
148.499998429
 30
0.000000000
 40
20.932203390
100
AcDbArc
 50
57.842023859
 51
59.157992844
  0
ARC
  5
C12
330
A02
100
AcDbEntity
  8
V_01_Base_Az_Ring_Gear_1
100
AcDbCircle
 10
220.737527625
 20
167.628203180
 30
0.000000000
 40
0.203954802
100
AcDbArc
 50
-6.374685435
 51
60.592854830
  0
ARC
  5
C13
330
A02
100
AcDbEntity
  8
V_01_Base_Az_Ring_Gear_1
100
AcDbCircle
 10
209.999999998
 20
148.499999996
 30
0.000000000
 40
22.139830513
100
AcDbArc
 50
60.691609141
 51
60.808390859
  0
ARC
  5
C14
330
A02
100
AcDbEntity
  8
V_01_Base_Az_Ring_Gear_1
100
AcDbCircle
 10
220.699131531
 20
167.649706026
 30
0.000000000
 40
0.203954802
100
AcDbArc
 50
60.907145170
 51
127.874685435
  0
ARC
  5
C15
330
A02
100
AcDbEntity
  8
V_01_Base_Az_Ring_Gear_1
100
AcDbCircle
 10
210.000002745
 20
148.499998641
 30
0.000000000
 40
20.932203390
100
AcDbArc
 50
62.342023859
 51
63.657992844
  0
ARC
  5
C16
330
A02
100
AcDbEntity
  8
V_01_Base_Az_Ring_Gear_1
100
AcDbCircle
 10
219.203645887
 20
168.411694022
 30
0.000000000
 40
0.203954802
100
AcDbArc
 50
-1.874685435
 51
65.092854830
  0
ARC
  5
C17
330
A02
100
AcDbEntity
  8
V_01_Base_Az_Ring_Gear_1
100
AcDbCircle
 10
210.000000002
 20
148.500000004
 30
0.000000000
 40
22.139830504
100
AcDbArc
 50
65.191609141
 51
65.308390859
  0
ARC
  5
C18
330
A02
100
AcDbEntity
  8
V_01_Base_Az_Ring_Gear_1
100
AcDbCircle
 10
219.163681061
 20
168.430118059
 30
0.000000000
 40
0.203954802
100
AcDbArc
 50
65.407145170
 51
132.374685435
  0
ARC
  5
C19
330
A02
100
AcDbEntity
  8
V_01_Base_Az_Ring_Gear_1
100
AcDbCircle
 10
210.000002844
 20
148.499998860
 30
0.000000000
 40
20.932203390
100
AcDbArc
 50
66.842023859
 51
68.157992844
  0
ARC
  5
C1A
330
A02
100
AcDbEntity
  8
V_01_Base_Az_Ring_Gear_1
100
AcDbCircle
 10
217.613020610
 20
169.072422648
 30
0.000000000
 40
0.203954802
100
AcDbArc
 50
2.625314565
 51
69.592854830
  0
ARC
  5
C1B
330
A02
100
AcDbEntity
  8
V_01_Base_Az_Ring_Gear_1
100
AcDbCircle
 10
210.000000004
 20
148.500000010
 30
0.000000000
 40
22.139830497
100
AcDbArc
 50
69.691609141
 51
69.808390859
  0
ARC
  5
C1C
330
A02
100
AcDbEntity
  8
V_01_Base_Az_Ring_Gear_1
100
AcDbCircle
 10
217.571733450
 20
169.087654286
 30
0.000000000
 40
0.203954802
100
AcDbArc
 50
69.907145170
 51
136.874685435
  0
ARC
  5
C1D
330
A02
100
AcDbEntity
  8
V_01_Base_Az_Ring_Gear_1
100
AcDbCircle
 10
210.000002924
 20
148.499999087
 30
0.000000000
 40
20.932203390
100
AcDbArc
 50
71.342023859
 51
72.657992844
  0
ARC
  5
C1E
330
A02
100
AcDbEntity
  8
V_01_Base_Az_Ring_Gear_1
100
AcDbCircle
 10
215.975458531
 20
169.606315447
 30
0.000000000
 40
0.203954802
100
AcDbArc
 50
7.125314565
 51
74.092854830
  0
ARC
  5
C1F
330
A02
100
AcDbEntity
  8
V_01_Base_Az_Ring_Gear_1
100
AcDbCircle
 10
210.000000000
 20
148.499999999
 30
0.000000000
 40
22.139830510
100
AcDbArc
 50
74.191609141
 51
74.308390859
  0
ARC
  5
C20
330
A02
100
AcDbEntity
  8
V_01_Base_Az_Ring_Gear_1
100
AcDbCircle
 10
215.933103584
 20
169.618260778
 30
0.000000000
 40
0.203954802
100
AcDbArc
 50
74.407145170
 51
141.374685435
  0
ARC
  5
C21
330
A02
100
AcDbEntity
  8
V_01_Base_Az_Ring_Gear_1
100
AcDbCircle
 10
210.000002987
 20
148.499999319
 30
0.000000000
 40
20.932203390
100
AcDbArc
 50
75.842023859
 51
77.157992844
  0
ARC
  5
C22
330
A02
100
AcDbEntity
  8
V_01_Base_Az_Ring_Gear_1
100
AcDbCircle
 10
214.301055762
 20
170.010080794
 30
0.000000000
 40
0.203954802
100
AcDbArc
 50
11.625314565
 51
78.592854830
  0
ARC
  5
C23
330
A02
100
AcDbEntity
  8
V_01_Base_Az_Ring_Gear_1
100
AcDbCircle
 10
210.000000000
 20
148.499999998
 30
0.000000000
 40
22.139830511
100
AcDbArc
 50
78.691609141
 51
78.808390859
  0
ARC
  5
C24
330
A02
100
AcDbEntity
  8
V_01_Base_Az_Ring_Gear_1
100
AcDbCircle
 10
214.257894162
 20
170.018666170
 30
0.000000000
 40
0.203954802
100
AcDbArc
 50
78.907145170
 51
145.874685435
  0
ARC
  5
C25
330
A02
100
AcDbEntity
  8
V_01_Base_Az_Ring_Gear_1
100
AcDbCircle
 10
210.000003031
 20
148.499999556
 30
0.000000000
 40
20.932203390
100
AcDbArc
 50
80.342023859
 51
81.657992844
  0
ARC
  5
C26
330
A02
100
AcDbEntity
  8
V_01_Base_Az_Ring_Gear_1
100
AcDbCircle
 10
212.600135555
 20
170.281229339
 30
0.000000000
 40
0.203954802
100
AcDbArc
 50
16.125314565
 51
83.092854830
  0
ARC
  5
C27
330
A02
100
AcDbEntity
  8
V_01_Base_Az_Ring_Gear_1
100
AcDbCircle
 10
209.999999999
 20
148.499999991
 30
0.000000000
 40
22.139830518
100
AcDbArc
 50
83.191609141
 51
83.308390859
  0
ARC
  5
C28
330
A02
100
AcDbEntity
  8
V_01_Base_Az_Ring_Gear_1
100
AcDbCircle
 10
212.556433406
 20
170.286401829
 30
0.000000000
 40
0.203954802
100
AcDbArc
 50
83.407145170
 51
150.374685435
  0
ARC
  5
C29
330
A02
100
AcDbEntity
  8
V_01_Base_Az_Ring_Gear_1
100
AcDbCircle
 10
210.000003057
 20
148.499999795
 30
0.000000000
 40
20.932203390
100
AcDbArc
 50
84.842023859
 51
86.157992844
  0
ARC
  5
C2A
330
A02
100
AcDbEntity
  8
V_01_Base_Az_Ring_Gear_1
100
AcDbCircle
 10
210.883184647
 20
170.418089362
 30
0.000000000
 40
0.203954802
100
AcDbArc
 50
20.625314565
 51
87.592854830
  0
ARC
  5
C2B
330
A02
100
AcDbEntity
  8
V_01_Base_Az_Ring_Gear_1
100
AcDbCircle
 10
210.000000000
 20
148.500000000
 30
0.000000000
 40
22.139830509
100
AcDbArc
 50
87.691609141
 51
87.808390859
  0
ARC
  5
C2C
330
A02
100
AcDbEntity
  8
V_01_Base_Az_Ring_Gear_1
100
AcDbCircle
 10
210.839211388
 20
170.419817076
 30
0.000000000
 40
0.203954802
100
AcDbArc
 50
87.907145170
 51
154.874685435
  0
ARC
  5
C2D
330
A02
100
AcDbEntity
  8
V_01_Base_Az_Ring_Gear_1
100
AcDbCircle
 10
210.000003063
 20
148.500000035
 30
0.000000000
 40
20.932203390
100
AcDbArc
 50
89.342023859
 51
90.657992844
  0
ARC
  5
C2E
330
A02
100
AcDbEntity
  8
V_01_Base_Az_Ring_Gear_1
100
AcDbCircle
 10
209.160788612
 20
170.419817076
 30
0.000000000
 40
0.203954802
100
AcDbArc
 50
25.125314565
 51
92.092854830
  0
ARC
  5
C2F
330
A02
100
AcDbEntity
  8
V_01_Base_Az_Ring_Gear_1
100
AcDbCircle
 10
210.000000000
 20
148.500000000
 30
0.000000000
 40
22.139830509
100
AcDbArc
 50
92.191609141
 51
92.308390859
  0
ARC
  5
C30
330
A02
100
AcDbEntity
  8
V_01_Base_Az_Ring_Gear_1
100
AcDbCircle
 10
209.116815353
 20
170.418089362
 30
0.000000000
 40
0.203954802
100
AcDbArc
 50
92.407145170
 51
159.374685435
  0
ARC
  5
C31
330
A02
100
AcDbEntity
  8
V_01_Base_Az_Ring_Gear_1
100
AcDbCircle
 10
210.000003051
 20
148.500000275
 30
0.000000000
 40
20.932203390
100
AcDbArc
 50
93.842023859
 51
95.157992844
  0
ARC
  5
C32
330
A02
100
AcDbEntity
  8
V_01_Base_Az_Ring_Gear_1
100
AcDbCircle
 10
207.443566594
 20
170.286401829
 30
0.000000000
 40
0.203954802
100
AcDbArc
 50
29.625314565
 51
96.592854830
  0
ARC
  5
C33
330
A02
100
AcDbEntity
  8
V_01_Base_Az_Ring_Gear_1
100
AcDbCircle
 10
210.000000000
 20
148.500000002
 30
0.000000000
 40
22.139830507
100
AcDbArc
 50
96.691609141
 51
96.808390859
  0
ARC
  5
C34
330
A02
100
AcDbEntity
  8
V_01_Base_Az_Ring_Gear_1
100
AcDbCircle
 10
207.399864445
 20
170.281229339
 30
0.000000000
 40
0.203954802
100
AcDbArc
 50
96.907145170
 51
163.874685435
  0
ARC
  5
C35
330
A02
100
AcDbEntity
  8
V_01_Base_Az_Ring_Gear_1
100
AcDbCircle
 10
210.000003020
 20
148.500000514
 30
0.000000000
 40
20.932203390
100
AcDbArc
 50
98.342023859
 51
99.657992844
  0
ARC
  5
C36
330
A02
100
AcDbEntity
  8
V_01_Base_Az_Ring_Gear_1
100
AcDbCircle
 10
205.742105838
 20
170.018666170
 30
0.000000000
 40
0.203954802
100
AcDbArc
 50
34.125314565
 51
101.092854830
  0
ARC
  5
C37
330
A02
100
AcDbEntity
  8
V_01_Base_Az_Ring_Gear_1
100
AcDbCircle
 10
210.000000000
 20
148.499999998
 30
0.000000000
 40
22.139830511
100
AcDbArc
 50
101.191609141
 51
101.308390859
  0
ARC
  5
C38
330
A02
100
AcDbEntity
  8
V_01_Base_Az_Ring_Gear_1
100
AcDbCircle
 10
205.698944238
 20
170.010080794
 30
0.000000000
 40
0.203954802
100
AcDbArc
 50
101.407145170
 51
168.374685435
  0
ARC
  5
C39
330
A02
100
AcDbEntity
  8
V_01_Base_Az_Ring_Gear_1
100
AcDbCircle
 10
210.000002970
 20
148.500000749
 30
0.000000000
 40
20.932203390
100
AcDbArc
 50
102.842023859
 51
104.157992844
  0
ARC
  5
C3A
330
A02
100
AcDbEntity
  8
V_01_Base_Az_Ring_Gear_1
100
AcDbCircle
 10
204.066896416
 20
169.618260778
 30
0.000000000
 40
0.203954802
100
AcDbArc
 50
38.625314565
 51
105.592854830
  0
ARC
  5
C3B
330
A02
100
AcDbEntity
  8
V_01_Base_Az_Ring_Gear_1
100
AcDbCircle
 10
210.000000000
 20
148.499999999
 30
0.000000000
 40
22.139830510
100
AcDbArc
 50
105.691609141
 51
105.808390859
  0
ARC
  5
C3C
330
A02
100
AcDbEntity
  8
V_01_Base_Az_Ring_Gear_1
100
AcDbCircle
 10
204.024541469
 20
169.606315447
 30
0.000000000
 40
0.203954802
100
AcDbArc
 50
105.907145170
 51
172.874685435
  0
ARC
  5
C3D
330
A02
100
AcDbEntity
  8
V_01_Base_Az_Ring_Gear_1
100
AcDbCircle
 10
210.000002902
 20
148.500000980
 30
0.000000000
 40
20.932203390
100
AcDbArc
 50
107.342023859
 51
108.657992844
  0
ARC
  5
C3E
330
A02
100
AcDbEntity
  8
V_01_Base_Az_Ring_Gear_1
100
AcDbCircle
 10
202.428266550
 20
169.087654286
 30
0.000000000
 40
0.203954802
100
AcDbArc
 50
43.125314565
 51
110.092854830
  0
ARC
  5
C3F
330
A02
100
AcDbEntity
  8
V_01_Base_Az_Ring_Gear_1
100
AcDbCircle
 10
209.999999998
 20
148.500000006
 30
0.000000000
 40
22.139830502
100
AcDbArc
 50
110.191609141
 51
110.308390859
  0
ARC
  5
C40
330
A02
100
AcDbEntity
  8
V_01_Base_Az_Ring_Gear_1
100
AcDbCircle
 10
202.386979390
 20
169.072422648
 30
0.000000000
 40
0.203954802
100
AcDbArc
 50
110.407145170
 51
177.374685435
  0
ARC
  5
C41
330
A02
100
AcDbEntity
  8
V_01_Base_Az_Ring_Gear_1
100
AcDbCircle
 10
210.000002817
 20
148.500001205
 30
0.000000000
 40
20.932203390
100
AcDbArc
 50
111.842023859
 51
113.157992844
  0
ARC
  5
C42
330
A02
100
AcDbEntity
  8
V_01_Base_Az_Ring_Gear_1
100
AcDbCircle
 10
200.836318939
 20
168.430118059
 30
0.000000000
 40
0.203954802
100
AcDbArc
 50
47.625314565
 51
114.592854830
  0
ARC
  5
C43
330
A02
100
AcDbEntity
  8
V_01_Base_Az_Ring_Gear_1
100
AcDbCircle
 10
209.999999998
 20
148.500000004
 30
0.000000000
 40
22.139830504
100
AcDbArc
 50
114.691609141
 51
114.808390859
  0
ARC
  5
C44
330
A02
100
AcDbEntity
  8
V_01_Base_Az_Ring_Gear_1
100
AcDbCircle
 10
200.796354113
 20
168.411694022
 30
0.000000000
 40
0.203954802
100
AcDbArc
 50
114.907145170
 51
-178.125314565
  0
ARC
  5
C45
330
A02
100
AcDbEntity
  8
V_01_Base_Az_Ring_Gear_1
100
AcDbCircle
 10
210.000002713
 20
148.500001422
 30
0.000000000
 40
20.932203390
100
AcDbArc
 50
116.342023859
 51
117.657992844
  0
ARC
  5
C46
330
A02
100
AcDbEntity
  8
V_01_Base_Az_Ring_Gear_1
100
AcDbCircle
 10
199.300868469
 20
167.649706026
 30
0.000000000
 40
0.203954802
100
AcDbArc
 50
52.125314565
 51
119.092854830
  0
ARC
  5
C47
330
A02
100
AcDbEntity
  8
V_01_Base_Az_Ring_Gear_1
100
AcDbCircle
 10
210.000000004
 20
148.499999993
 30
0.000000000
 40
22.139830517
100
AcDbArc
 50
119.191609141
 51
119.308390859
  0
ARC
  5
C48
330
A02
100
AcDbEntity
  8
V_01_Base_Az_Ring_Gear_1
100
AcDbCircle
 10
199.262472375
 20
167.628203180
 30
0.000000000
 40
0.203954802
100
AcDbArc
 50
119.407145170
 51
-173.625314565
  0
ARC
  5
C49
330
A02
100
AcDbEntity
  8
V_01_Base_Az_Ring_Gear_1
100
AcDbCircle
 10
210.000002593
 20
148.500001631
 30
0.000000000
 40
20.932203390
100
AcDbArc
 50
120.842023859
 51
122.157992844
  0
ARC
  5
C4A
330
A02
100
AcDbEntity
  8
V_01_Base_Az_Ring_Gear_1
100
AcDbCircle
 10
197.831381703
 20
166.751229689
 30
0.000000000
 40
0.203954802
100
AcDbArc
 50
56.625314565
 51
123.592854830
  0
ARC
  5
C4B
330
A02
100
AcDbEntity
  8
V_01_Base_Az_Ring_Gear_1
100
AcDbCircle
 10
210.000000005
 20
148.499999993
 30
0.000000000
 40
22.139830517
100
AcDbArc
 50
123.691609141
 51
123.808390859
  0
ARC
  5
C4C
330
A02
100
AcDbEntity
  8
V_01_Base_Az_Ring_Gear_1
100
AcDbCircle
 10
197.794791065
 20
166.726780606
 30
0.000000000
 40
0.203954802
100
AcDbArc
 50
123.907145170
 51
-169.125314565
  0
ARC
  5
C4D
330
A02
100
AcDbEntity
  8
V_01_Base_Az_Ring_Gear_1
100
AcDbCircle
 10
210.000002458
 20
148.500001829
 30
0.000000000
 40
20.932203390
100
AcDbArc
 50
125.342023859
 51
126.657992844
  0
ARC
  5
C4E
330
A02
100
AcDbEntity
  8
V_01_Base_Az_Ring_Gear_1
100
AcDbCircle
 10
196.436918515
 20
165.740228451
 30
0.000000000
 40
0.203954802
100
AcDbArc
 50
61.125314565
 51
128.092854830
  0
ARC
  5
C4F
330
A02
100
AcDbEntity
  8
V_01_Base_Az_Ring_Gear_1
100
AcDbCircle
 10
210.000000004
 20
148.499999995
 30
0.000000000
 40
22.139830515
100
AcDbArc
 50
128.191609141
 51
128.308390859
  0
ARC
  5
C50
330
A02
100
AcDbEntity
  8
V_01_Base_Az_Ring_Gear_1
100
AcDbCircle
 10
196.402358926
 20
165.712983868
 30
0.000000000
 40
0.203954802
100
AcDbArc
 50
128.407145170
 51
-164.625314565
  0
ARC
  5
C51
330
A02
100
AcDbEntity
  8
V_01_Base_Az_Ring_Gear_1
100
AcDbCircle
 10
210.000002306
 20
148.500002016
 30
0.000000000
 40
20.932203390
100
AcDbArc
 50
129.842023859
 51
131.157992844
  0
ARC
  5
C52
330
A02
100
AcDbEntity
  8
V_01_Base_Az_Ring_Gear_1
100
AcDbCircle
 10
195.126076234
 20
164.622935471
 30
0.000000000
 40
0.203954802
100
AcDbArc
 50
65.625314565
 51
132.592854830
  0
ARC
  5
C53
330
A02
100
AcDbEntity
  8
V_01_Base_Az_Ring_Gear_1
100
AcDbCircle
 10
210.000000004
 20
148.499999996
 30
0.000000000
 40
22.139830514
100
AcDbArc
 50
132.691609141
 51
132.808390859
  0
ARC
  5
C54
330
A02
100
AcDbEntity
  8
V_01_Base_Az_Ring_Gear_1
100
AcDbCircle
 10
195.093760766
 20
164.593063361
 30
0.000000000
 40
0.203954802
100
AcDbArc
 50
132.907145170
 51
-160.125314565
  0
ARC
  5
C55
330
A02
100
AcDbEntity
  8
V_01_Base_Az_Ring_Gear_1
100
AcDbCircle
 10
210.000002141
 20
148.500002191
 30
0.000000000
 40
20.932203390
100
AcDbArc
 50
134.342023859
 51
135.657992844
  0
ARC
  5
C56
330
A02
100
AcDbEntity
  8
V_01_Base_Az_Ring_Gear_1
100
AcDbCircle
 10
193.906936639
 20
163.406239234
 30
0.000000000
 40
0.203954802
100
AcDbArc
 50
70.125314565
 51
137.092854830
  0
ARC
  5
C57
330
A02
100
AcDbEntity
  8
V_01_Base_Az_Ring_Gear_1
100
AcDbCircle
 10
210.000000000
 20
148.500000000
 30
0.000000000
 40
22.139830508
100
AcDbArc
 50
137.191609141
 51
137.308390859
  0
ARC
  5
C58
330
A02
100
AcDbEntity
  8
V_01_Base_Az_Ring_Gear_1
100
AcDbCircle
 10
193.877064529
 20
163.373923766
 30
0.000000000
 40
0.203954802
100
AcDbArc
 50
137.407145170
 51
-155.625314565
  0
ARC
  5
C59
330
A02
100
AcDbEntity
  8
V_01_Base_Az_Ring_Gear_1
100
AcDbCircle
 10
210.000001963
 20
148.500002352
 30
0.000000000
 40
20.932203390
100
AcDbArc
 50
138.842023859
 51
140.157992844
  0
ARC
  5
C5A
330
A02
100
AcDbEntity
  8
V_01_Base_Az_Ring_Gear_1
100
AcDbCircle
 10
192.787016132
 20
162.097641074
 30
0.000000000
 40
0.203954802
100
AcDbArc
 50
74.625314565
 51
141.592854830
  0
ARC
  5
C5B
330
A02
100
AcDbEntity
  8
V_01_Base_Az_Ring_Gear_1
100
AcDbCircle
 10
210.000000001
 20
148.499999999
 30
0.000000000
 40
22.139830509
100
AcDbArc
 50
141.691609141
 51
141.808390859
  0
ARC
  5
C5C
330
A02
100
AcDbEntity
  8
V_01_Base_Az_Ring_Gear_1
100
AcDbCircle
 10
192.759771549
 20
162.063081485
 30
0.000000000
 40
0.203954802
100
AcDbArc
 50
141.907145170
 51
-151.125314565
  0
ARC
  5
C5D
330
A02
100
AcDbEntity
  8
V_01_Base_Az_Ring_Gear_1
100
AcDbCircle
 10
210.000001772
 20
148.500002499
 30
0.000000000
 40
20.932203390
100
AcDbArc
 50
143.342023859
 51
144.657992844
  0
ARC
  5
C5E
330
A02
100
AcDbEntity
  8
V_01_Base_Az_Ring_Gear_1
100
AcDbCircle
 10
191.773219394
 20
160.705208935
 30
0.000000000
 40
0.203954802
100
AcDbArc
 50
79.125314565
 51
146.092854830
  0
ARC
  5
C5F
330
A02
100
AcDbEntity
  8
V_01_Base_Az_Ring_Gear_1
100
AcDbCircle
 10
210.000000004
 20
148.499999998
 30
0.000000000
 40
22.139830513
100
AcDbArc
 50
146.191609141
 51
146.308390859
  0
ARC
  5
C60
330
A02
100
AcDbEntity
  8
V_01_Base_Az_Ring_Gear_1
100
AcDbCircle
 10
191.748770311
 20
160.668618297
 30
0.000000000
 40
0.203954802
100
AcDbArc
 50
146.407145170
 51
-146.625314565
  0
ARC
  5
C61
330
A02
100
AcDbEntity
  8
V_01_Base_Az_Ring_Gear_1
100
AcDbCircle
 10
210.000001570
 20
148.500002630
 30
0.000000000
 40
20.932203390
100
AcDbArc
 50
147.842023859
 51
149.157992844
  0
ARC
  5
C62
330
A02
100
AcDbEntity
  8
V_01_Base_Az_Ring_Gear_1
100
AcDbCircle
 10
190.871796820
 20
159.237527625
 30
0.000000000
 40
0.203954802
100
AcDbArc
 50
83.625314565
 51
150.592854830
  0
ARC
  5
C63
330
A02
100
AcDbEntity
  8
V_01_Base_Az_Ring_Gear_1
100
AcDbCircle
 10
210.000000004
 20
148.499999998
 30
0.000000000
 40
22.139830513
100
AcDbArc
 50
150.691609141
 51
150.808390859
  0
ARC
  5
C64
330
A02
100
AcDbEntity
  8
V_01_Base_Az_Ring_Gear_1
100
AcDbCircle
 10
190.850293974
 20
159.199131531
 30
0.000000000
 40
0.203954802
100
AcDbArc
 50
150.907145170
 51
-142.125314565
  0
ARC
  5
C65
330
A02
100
AcDbEntity
  8
V_01_Base_Az_Ring_Gear_1
100
AcDbCircle
 10
210.000001359
 20
148.500002745
 30
0.000000000
 40
20.932203390
100
AcDbArc
 50
152.342023859
 51
153.657992844
  0
ARC
  5
C66
330
A02
100
AcDbEntity
  8
V_01_Base_Az_Ring_Gear_1
100
AcDbCircle
 10
190.088305978
 20
157.703645887
 30
0.000000000
 40
0.203954802
100
AcDbArc
 50
88.125314565
 51
155.092854830
  0
ARC
  5
C67
330
A02
100
AcDbEntity
  8
V_01_Base_Az_Ring_Gear_1
100
AcDbCircle
 10
209.999999996
 20
148.500000002
 30
0.000000000
 40
22.139830504
100
AcDbArc
 50
155.191609141
 51
155.308390859
  0
ARC
  5
C68
330
A02
100
AcDbEntity
  8
V_01_Base_Az_Ring_Gear_1
100
AcDbCircle
 10
190.069881941
 20
157.663681061
 30
0.000000000
 40
0.203954802
100
AcDbArc
 50
155.407145170
 51
-137.625314565
  0
ARC
  5
C69
330
A02
100
AcDbEntity
  8
V_01_Base_Az_Ring_Gear_1
100
AcDbCircle
 10
210.000001140
 20
148.500002844
 30
0.000000000
 40
20.932203390
100
AcDbArc
 50
156.842023859
 51
158.157992844
  0
ARC
  5
C6A
330
A02
100
AcDbEntity
  8
V_01_Base_Az_Ring_Gear_1
100
AcDbCircle
 10
189.427577352
 20
156.113020610
 30
0.000000000
 40
0.203954802
100
AcDbArc
 50
92.625314565
 51
159.592854830
  0
ARC
  5
C6B
330
A02
100
AcDbEntity
  8
V_01_Base_Az_Ring_Gear_1
100
AcDbCircle
 10
209.999999990
 20
148.500000004
 30
0.000000000
 40
22.139830497
100
AcDbArc
 50
159.691609141
 51
159.808390859
  0
ARC
  5
C6C
330
A02
100
AcDbEntity
  8
V_01_Base_Az_Ring_Gear_1
100
AcDbCircle
 10
189.412345714
 20
156.071733450
 30
0.000000000
 40
0.203954802
100
AcDbArc
 50
159.907145170
 51
-133.125314565
  0
ARC
  5
C6D
330
A02
100
AcDbEntity
  8
V_01_Base_Az_Ring_Gear_1
100
AcDbCircle
 10
210.000000913
 20
148.500002924
 30
0.000000000
 40
20.932203390
100
AcDbArc
 50
161.342023859
 51
162.657992844
  0
ARC
  5
C6E
330
A02
100
AcDbEntity
  8
V_01_Base_Az_Ring_Gear_1
100
AcDbCircle
 10
188.893684553
 20
154.475458531
 30
0.000000000
 40
0.203954802
100
AcDbArc
 50
97.125314565
 51
164.092854830
  0
ARC
  5
C6F
330
A02
100
AcDbEntity
  8
V_01_Base_Az_Ring_Gear_1
100
AcDbCircle
 10
210.000000001
 20
148.500000000
 30
0.000000000
 40
22.139830510
100
AcDbArc
 50
164.191609141
 51
164.308390859
  0
ARC
  5
C70
330
A02
100
AcDbEntity
  8
V_01_Base_Az_Ring_Gear_1
100
AcDbCircle
 10
188.881739222
 20
154.433103584
 30
0.000000000
 40
0.203954802
100
AcDbArc
 50
164.407145170
 51
-128.625314565
  0
ARC
  5
C71
330
A02
100
AcDbEntity
  8
V_01_Base_Az_Ring_Gear_1
100
AcDbCircle
 10
210.000000681
 20
148.500002987
 30
0.000000000
 40
20.932203390
100
AcDbArc
 50
165.842023859
 51
167.157992844
  0
ARC
  5
C72
330
A02
100
AcDbEntity
  8
V_01_Base_Az_Ring_Gear_1
100
AcDbCircle
 10
188.489919206
 20
152.801055762
 30
0.000000000
 40
0.203954802
100
AcDbArc
 50
101.625314565
 51
168.592854830
  0
ARC
  5
C73
330
A02
100
AcDbEntity
  8
V_01_Base_Az_Ring_Gear_1
100
AcDbCircle
 10
210.000000002
 20
148.500000000
 30
0.000000000
 40
22.139830511
100
AcDbArc
 50
168.691609141
 51
168.808390859
  0
ARC
  5
C74
330
A02
100
AcDbEntity
  8
V_01_Base_Az_Ring_Gear_1
100
AcDbCircle
 10
188.481333830
 20
152.757894162
 30
0.000000000
 40
0.203954802
100
AcDbArc
 50
168.907145170
 51
-124.125314565
  0
ARC
  5
C75
330
A02
100
AcDbEntity
  8
V_01_Base_Az_Ring_Gear_1
100
AcDbCircle
 10
210.000000444
 20
148.500003031
 30
0.000000000
 40
20.932203390
100
AcDbArc
 50
170.342023859
 51
171.657992844
  0
ARC
  5
C76
330
A02
100
AcDbEntity
  8
V_01_Base_Az_Ring_Gear_1
100
AcDbCircle
 10
188.218770661
 20
151.100135555
 30
0.000000000
 40
0.203954802
100
AcDbArc
 50
106.125314565
 51
173.092854830
  0
ARC
  5
C77
330
A02
100
AcDbEntity
  8
V_01_Base_Az_Ring_Gear_1
100
AcDbCircle
 10
210.000000009
 20
148.499999999
 30
0.000000000
 40
22.139830518
100
AcDbArc
 50
173.191609141
 51
173.308390859
  0
ARC
  5
C78
330
A02
100
AcDbEntity
  8
V_01_Base_Az_Ring_Gear_1
100
AcDbCircle
 10
188.213598171
 20
151.056433406
 30
0.000000000
 40
0.203954802
100
AcDbArc
 50
173.407145170
 51
-119.625314565
  0
ARC
  5
C79
330
A02
100
AcDbEntity
  8
V_01_Base_Az_Ring_Gear_1
100
AcDbCircle
 10
210.000000205
 20
148.500003057
 30
0.000000000
 40
20.932203390
100
AcDbArc
 50
174.842023859
 51
176.157992844
  0
ARC
  5
C7A
330
A02
100
AcDbEntity
  8
V_01_Base_Az_Ring_Gear_1
100
AcDbCircle
 10
188.081910638
 20
149.383184647
 30
0.000000000
 40
0.203954802
100
AcDbArc
 50
110.625314565
 51
177.592854830
  0
ARC
  5
C7B
330
A02
100
AcDbEntity
  8
V_01_Base_Az_Ring_Gear_1
100
AcDbCircle
 10
210.000000000
 20
148.500000000
 30
0.000000000
 40
22.139830509
100
AcDbArc
 50
177.691609141
 51
177.808390859
  0
ARC
  5
C7C
330
A02
100
AcDbEntity
  8
V_01_Base_Az_Ring_Gear_1
100
AcDbCircle
 10
188.080182924
 20
149.339211388
 30
0.000000000
 40
0.203954802
100
AcDbArc
 50
177.907145170
 51
-115.125314565
  0
ARC
  5
C7D
330
A02
100
AcDbEntity
  8
V_01_Base_Az_Ring_Gear_1
100
AcDbCircle
 10
209.999999965
 20
148.500003063
 30
0.000000000
 40
20.932203390
100
AcDbArc
 50
179.342023859
 51
-179.342007156
  0
ARC
  5
C7E
330
A02
100
AcDbEntity
  8
V_01_Base_Az_Ring_Gear_1
100
AcDbCircle
 10
188.080182924
 20
147.660788612
 30
0.000000000
 40
0.203954802
100
AcDbArc
 50
115.125314565
 51
-177.907145170
  0
ARC
  5
C7F
330
A02
100
AcDbEntity
  8
V_01_Base_Az_Ring_Gear_1
100
AcDbCircle
 10
210.000000000
 20
148.500000000
 30
0.000000000
 40
22.139830509
100
AcDbArc
 50
-177.808390859
 51
-177.691609141
  0
ARC
  5
C80
330
A02
100
AcDbEntity
  8
V_01_Base_Az_Ring_Gear_1
100
AcDbCircle
 10
188.081910638
 20
147.616815353
 30
0.000000000
 40
0.203954802
100
AcDbArc
 50
-177.592854830
 51
-110.625314565
  0
ARC
  5
C81
330
A02
100
AcDbEntity
  8
V_01_Base_Az_Ring_Gear_1
100
AcDbCircle
 10
209.999999725
 20
148.500003051
 30
0.000000000
 40
20.932203390
100
AcDbArc
 50
-176.157976141
 51
-174.842007156
  0
ARC
  5
C82
330
A02
100
AcDbEntity
  8
V_01_Base_Az_Ring_Gear_1
100
AcDbCircle
 10
188.213598171
 20
145.943566594
 30
0.000000000
 40
0.203954802
100
AcDbArc
 50
119.625314565
 51
-173.407145170
  0
ARC
  5
C83
330
A02
100
AcDbEntity
  8
V_01_Base_Az_Ring_Gear_1
100
AcDbCircle
 10
209.999999998
 20
148.500000000
 30
0.000000000
 40
22.139830507
100
AcDbArc
 50
-173.308390859
 51
-173.191609141
  0
ARC
  5
C84
330
A02
100
AcDbEntity
  8
V_01_Base_Az_Ring_Gear_1
100
AcDbCircle
 10
188.218770661
 20
145.899864445
 30
0.000000000
 40
0.203954802
100
AcDbArc
 50
-173.092854830
 51
-106.125314565
  0
ARC
  5
C85
330
A02
100
AcDbEntity
  8
V_01_Base_Az_Ring_Gear_1
100
AcDbCircle
 10
209.999999486
 20
148.500003020
 30
0.000000000
 40
20.932203390
100
AcDbArc
 50
-171.657976141
 51
-170.342007156
  0
ARC
  5
C86
330
A02
100
AcDbEntity
  8
V_01_Base_Az_Ring_Gear_1
100
AcDbCircle
 10
188.481333830
 20
144.242105838
 30
0.000000000
 40
0.203954802
100
AcDbArc
 50
124.125314565
 51
-168.907145170
  0
ARC
  5
C87
330
A02
100
AcDbEntity
  8
V_01_Base_Az_Ring_Gear_1
100
AcDbCircle
 10
210.000000002
 20
148.500000000
 30
0.000000000
 40
22.139830511
100
AcDbArc
 50
-168.808390859
 51
-168.691609141
  0
ARC
  5
C88
330
A02
100
AcDbEntity
  8
V_01_Base_Az_Ring_Gear_1
100
AcDbCircle
 10
188.489919206
 20
144.198944238
 30
0.000000000
 40
0.203954802
100
AcDbArc
 50
-168.592854830
 51
-101.625314565
  0
ARC
  5
C89
330
A02
100
AcDbEntity
  8
V_01_Base_Az_Ring_Gear_1
100
AcDbCircle
 10
209.999999251
 20
148.500002970
 30
0.000000000
 40
20.932203390
100
AcDbArc
 50
-167.157976141
 51
-165.842007156
  0
ARC
  5
C8A
330
A02
100
AcDbEntity
  8
V_01_Base_Az_Ring_Gear_1
100
AcDbCircle
 10
188.881739222
 20
142.566896416
 30
0.000000000
 40
0.203954802
100
AcDbArc
 50
128.625314565
 51
-164.407145170
  0
ARC
  5
C8B
330
A02
100
AcDbEntity
  8
V_01_Base_Az_Ring_Gear_1
100
AcDbCircle
 10
210.000000001
 20
148.500000000
 30
0.000000000
 40
22.139830510
100
AcDbArc
 50
-164.308390859
 51
-164.191609141
  0
ARC
  5
C8C
330
A02
100
AcDbEntity
  8
V_01_Base_Az_Ring_Gear_1
100
AcDbCircle
 10
188.893684553
 20
142.524541469
 30
0.000000000
 40
0.203954802
100
AcDbArc
 50
-164.092854830
 51
-97.125314565
  0
ARC
  5
C8D
330
A02
100
AcDbEntity
  8
V_01_Base_Az_Ring_Gear_1
100
AcDbCircle
 10
209.999999020
 20
148.500002902
 30
0.000000000
 40
20.932203390
100
AcDbArc
 50
-162.657976141
 51
-161.342007156
  0
ARC
  5
C8E
330
A02
100
AcDbEntity
  8
V_01_Base_Az_Ring_Gear_1
100
AcDbCircle
 10
189.412345714
 20
140.928266550
 30
0.000000000
 40
0.203954802
100
AcDbArc
 50
133.125314565
 51
-159.907145170
  0
ARC
  5
C8F
330
A02
100
AcDbEntity
  8
V_01_Base_Az_Ring_Gear_1
100
AcDbCircle
 10
209.999999994
 20
148.499999998
 30
0.000000000
 40
22.139830502
100
AcDbArc
 50
-159.808390859
 51
-159.691609141
  0
ARC
  5
C90
330
A02
100
AcDbEntity
  8
V_01_Base_Az_Ring_Gear_1
100
AcDbCircle
 10
189.427577352
 20
140.886979390
 30
0.000000000
 40
0.203954802
100
AcDbArc
 50
-159.592854830
 51
-92.625314565
  0
ARC
  5
C91
330
A02
100
AcDbEntity
  8
V_01_Base_Az_Ring_Gear_1
100
AcDbCircle
 10
209.999998795
 20
148.500002817
 30
0.000000000
 40
20.932203390
100
AcDbArc
 50
-158.157976141
 51
-156.842007156
  0
ARC
  5
C92
330
A02
100
AcDbEntity
  8
V_01_Base_Az_Ring_Gear_1
100
AcDbCircle
 10
190.069881941
 20
139.336318939
 30
0.000000000
 40
0.203954802
100
AcDbArc
 50
137.625314565
 51
-155.407145170
  0
ARC
  5
C93
330
A02
100
AcDbEntity
  8
V_01_Base_Az_Ring_Gear_1
100
AcDbCircle
 10
209.999999996
 20
148.499999998
 30
0.000000000
 40
22.139830504
100
AcDbArc
 50
-155.308390859
 51
-155.191609141
  0
ARC
  5
C94
330
A02
100
AcDbEntity
  8
V_01_Base_Az_Ring_Gear_1
100
AcDbCircle
 10
190.088305978
 20
139.296354113
 30
0.000000000
 40
0.203954802
100
AcDbArc
 50
-155.092854830
 51
-88.125314565
  0
ARC
  5
C95
330
A02
100
AcDbEntity
  8
V_01_Base_Az_Ring_Gear_1
100
AcDbCircle
 10
209.999998578
 20
148.500002713
 30
0.000000000
 40
20.932203390
100
AcDbArc
 50
-153.657976141
 51
-152.342007156
  0
ARC
  5
C96
330
A02
100
AcDbEntity
  8
V_01_Base_Az_Ring_Gear_1
100
AcDbCircle
 10
190.850293974
 20
137.800868469
 30
0.000000000
 40
0.203954802
100
AcDbArc
 50
142.125314565
 51
-150.907145170
  0
ARC
  5
C97
330
A02
100
AcDbEntity
  8
V_01_Base_Az_Ring_Gear_1
100
AcDbCircle
 10
210.000000007
 20
148.500000004
 30
0.000000000
 40
22.139830517
100
AcDbArc
 50
-150.808390859
 51
-150.691609141
  0
ARC
  5
C98
330
A02
100
AcDbEntity
  8
V_01_Base_Az_Ring_Gear_1
100
AcDbCircle
 10
190.871796820
 20
137.762472375
 30
0.000000000
 40
0.203954802
100
AcDbArc
 50
-150.592854830
 51
-83.625314565
  0
ARC
  5
C99
330
A02
100
AcDbEntity
  8
V_01_Base_Az_Ring_Gear_1
100
AcDbCircle
 10
209.999998369
 20
148.500002593
 30
0.000000000
 40
20.932203390
100
AcDbArc
 50
-149.157976141
 51
-147.842007156
  0
ARC
  5
C9A
330
A02
100
AcDbEntity
  8
V_01_Base_Az_Ring_Gear_1
100
AcDbCircle
 10
191.748770311
 20
136.331381703
 30
0.000000000
 40
0.203954802
100
AcDbArc
 50
146.625314565
 51
-146.407145170
  0
ARC
  5
C9B
330
A02
100
AcDbEntity
  8
V_01_Base_Az_Ring_Gear_1
100
AcDbCircle
 10
210.000000007
 20
148.500000005
 30
0.000000000
 40
22.139830517
100
AcDbArc
 50
-146.308390859
 51
-146.191609141
  0
ARC
  5
C9C
330
A02
100
AcDbEntity
  8
V_01_Base_Az_Ring_Gear_1
100
AcDbCircle
 10
191.773219394
 20
136.294791065
 30
0.000000000
 40
0.203954802
100
AcDbArc
 50
-146.092854830
 51
-79.125314565
  0
ARC
  5
C9D
330
A02
100
AcDbEntity
  8
V_01_Base_Az_Ring_Gear_1
100
AcDbCircle
 10
209.999998171
 20
148.500002458
 30
0.000000000
 40
20.932203390
100
AcDbArc
 50
-144.657976141
 51
-143.342007156
  0
ARC
  5
C9E
330
A02
100
AcDbEntity
  8
V_01_Base_Az_Ring_Gear_1
100
AcDbCircle
 10
192.759771549
 20
134.936918515
 30
0.000000000
 40
0.203954802
100
AcDbArc
 50
151.125314565
 51
-141.907145170
  0
ARC
  5
C9F
330
A02
100
AcDbEntity
  8
V_01_Base_Az_Ring_Gear_1
100
AcDbCircle
 10
210.000000005
 20
148.500000004
 30
0.000000000
 40
22.139830515
100
AcDbArc
 50
-141.808390859
 51
-141.691609141
  0
ARC
  5
CA0
330
A02
100
AcDbEntity
  8
V_01_Base_Az_Ring_Gear_1
100
AcDbCircle
 10
192.787016132
 20
134.902358926
 30
0.000000000
 40
0.203954802
100
AcDbArc
 50
-141.592854830
 51
-74.625314565
  0
ARC
  5
CA1
330
A02
100
AcDbEntity
  8
V_01_Base_Az_Ring_Gear_1
100
AcDbCircle
 10
209.999997984
 20
148.500002306
 30
0.000000000
 40
20.932203390
100
AcDbArc
 50
-140.157976141
 51
-138.842007156
  0
ARC
  5
CA2
330
A02
100
AcDbEntity
  8
V_01_Base_Az_Ring_Gear_1
100
AcDbCircle
 10
193.877064529
 20
133.626076234
 30
0.000000000
 40
0.203954802
100
AcDbArc
 50
155.625314565
 51
-137.407145170
  0
ARC
  5
CA3
330
A02
100
AcDbEntity
  8
V_01_Base_Az_Ring_Gear_1
100
AcDbCircle
 10
210.000000004
 20
148.500000004
 30
0.000000000
 40
22.139830514
100
AcDbArc
 50
-137.308390859
 51
-137.191609141
  0
ARC
  5
CA4
330
A02
100
AcDbEntity
  8
V_01_Base_Az_Ring_Gear_1
100
AcDbCircle
 10
193.906936639
 20
133.593760766
 30
0.000000000
 40
0.203954802
100
AcDbArc
 50
-137.092854830
 51
-70.125314565
  0
ARC
  5
CA5
330
A02
100
AcDbEntity
  8
V_01_Base_Az_Ring_Gear_1
100
AcDbCircle
 10
209.999997809
 20
148.500002141
 30
0.000000000
 40
20.932203390
100
AcDbArc
 50
-135.657976141
 51
-134.342007156
  0
ARC
  5
CA6
330
A02
100
AcDbEntity
  8
V_01_Base_Az_Ring_Gear_1
100
AcDbCircle
 10
195.093760766
 20
132.406936639
 30
0.000000000
 40
0.203954802
100
AcDbArc
 50
160.125314565
 51
-132.907145170
  0
ARC
  5
CA7
330
A02
100
AcDbEntity
  8
V_01_Base_Az_Ring_Gear_1
100
AcDbCircle
 10
210.000000000
 20
148.500000000
 30
0.000000000
 40
22.139830508
100
AcDbArc
 50
-132.808390859
 51
-132.691609141
  0
ARC
  5
CA8
330
A02
100
AcDbEntity
  8
V_01_Base_Az_Ring_Gear_1
100
AcDbCircle
 10
195.126076234
 20
132.377064529
 30
0.000000000
 40
0.203954802
100
AcDbArc
 50
-132.592854830
 51
-65.625314565
  0
ARC
  5
CA9
330
A02
100
AcDbEntity
  8
V_01_Base_Az_Ring_Gear_1
100
AcDbCircle
 10
209.999997648
 20
148.500001963
 30
0.000000000
 40
20.932203390
100
AcDbArc
 50
-131.157976141
 51
-129.842007156
  0
ARC
  5
CAA
330
A02
100
AcDbEntity
  8
V_01_Base_Az_Ring_Gear_1
100
AcDbCircle
 10
196.402358926
 20
131.287016132
 30
0.000000000
 40
0.203954802
100
AcDbArc
 50
164.625314565
 51
-128.407145170
  0
ARC
  5
CAB
330
A02
100
AcDbEntity
  8
V_01_Base_Az_Ring_Gear_1
100
AcDbCircle
 10
210.000000001
 20
148.500000001
 30
0.000000000
 40
22.139830509
100
AcDbArc
 50
-128.308390859
 51
-128.191609141
  0
ARC
  5
CAC
330
A02
100
AcDbEntity
  8
V_01_Base_Az_Ring_Gear_1
100
AcDbCircle
 10
196.436918515
 20
131.259771549
 30
0.000000000
 40
0.203954802
100
AcDbArc
 50
-128.092854830
 51
-61.125314565
  0
ARC
  5
CAD
330
A02
100
AcDbEntity
  8
V_01_Base_Az_Ring_Gear_1
100
AcDbCircle
 10
209.999997501
 20
148.500001772
 30
0.000000000
 40
20.932203390
100
AcDbArc
 50
-126.657976141
 51
-125.342007156
  0
ARC
  5
CAE
330
A02
100
AcDbEntity
  8
V_01_Base_Az_Ring_Gear_1
100
AcDbCircle
 10
197.794791065
 20
130.273219394
 30
0.000000000
 40
0.203954802
100
AcDbArc
 50
169.125314565
 51
-123.907145170
  0
ARC
  5
CAF
330
A02
100
AcDbEntity
  8
V_01_Base_Az_Ring_Gear_1
100
AcDbCircle
 10
210.000000002
 20
148.500000004
 30
0.000000000
 40
22.139830513
100
AcDbArc
 50
-123.808390859
 51
-123.691609141
  0
ARC
  5
CB0
330
A02
100
AcDbEntity
  8
V_01_Base_Az_Ring_Gear_1
100
AcDbCircle
 10
197.831381703
 20
130.248770311
 30
0.000000000
 40
0.203954802
100
AcDbArc
 50
-123.592854830
 51
-56.625314565
  0
ARC
  5
CB1
330
A02
100
AcDbEntity
  8
V_01_Base_Az_Ring_Gear_1
100
AcDbCircle
 10
209.999997370
 20
148.500001571
 30
0.000000000
 40
20.932203390
100
AcDbArc
 50
-122.157976141
 51
-120.842007156
  0
ARC
  5
CB2
330
A02
100
AcDbEntity
  8
V_01_Base_Az_Ring_Gear_1
100
AcDbCircle
 10
199.262472375
 20
129.371796820
 30
0.000000000
 40
0.203954802
100
AcDbArc
 50
173.625314565
 51
-119.407145170
  0
ARC
  5
CB3
330
A02
100
AcDbEntity
  8
V_01_Base_Az_Ring_Gear_1
100
AcDbCircle
 10
210.000000002
 20
148.500000004
 30
0.000000000
 40
22.139830513
100
AcDbArc
 50
-119.308390859
 51
-119.191609141
  0
ARC
  5
CB4
330
A02
100
AcDbEntity
  8
V_01_Base_Az_Ring_Gear_1
100
AcDbCircle
 10
199.300868469
 20
129.350293974
 30
0.000000000
 40
0.203954802
100
AcDbArc
 50
-119.092854830
 51
-52.125314565
  0
ARC
  5
CB5
330
A02
100
AcDbEntity
  8
V_01_Base_Az_Ring_Gear_1
100
AcDbCircle
 10
209.999997255
 20
148.500001359
 30
0.000000000
 40
20.932203390
100
AcDbArc
 50
-117.657976141
 51
-116.342007156
  0
ARC
  5
CB6
330
A02
100
AcDbEntity
  8
V_01_Base_Az_Ring_Gear_1
100
AcDbCircle
 10
200.796354113
 20
128.588305978
 30
0.000000000
 40
0.203954802
100
AcDbArc
 50
178.125314565
 51
-114.907145170
  0
ARC
  5
CB7
330
A02
100
AcDbEntity
  8
V_01_Base_Az_Ring_Gear_1
100
AcDbCircle
 10
209.999999998
 20
148.499999996
 30
0.000000000
 40
22.139830504
100
AcDbArc
 50
-114.808390859
 51
-114.691609141
  0
ARC
  5
CB8
330
A02
100
AcDbEntity
  8
V_01_Base_Az_Ring_Gear_1
100
AcDbCircle
 10
200.836318939
 20
128.569881941
 30
0.000000000
 40
0.203954802
100
AcDbArc
 50
-114.592854830
 51
-47.625314565
  0
ARC
  5
CB9
330
A02
100
AcDbEntity
  8
V_01_Base_Az_Ring_Gear_1
100
AcDbCircle
 10
209.999997156
 20
148.500001140
 30
0.000000000
 40
20.932203390
100
AcDbArc
 50
-113.157976141
 51
-111.842007156
  0
ARC
  5
CBA
330
A02
100
AcDbEntity
  8
V_01_Base_Az_Ring_Gear_1
100
AcDbCircle
 10
202.386979390
 20
127.927577352
 30
0.000000000
 40
0.203954802
100
AcDbArc
 50
-177.374685435
 51
-110.407145170
  0
ARC
  5
CBB
330
A02
100
AcDbEntity
  8
V_01_Base_Az_Ring_Gear_1
100
AcDbCircle
 10
209.999999996
 20
148.499999990
 30
0.000000000
 40
22.139830497
100
AcDbArc
 50
-110.308390859
 51
-110.191609141
  0
ARC
  5
CBC
330
A02
100
AcDbEntity
  8
V_01_Base_Az_Ring_Gear_1
100
AcDbCircle
 10
202.428266550
 20
127.912345714
 30
0.000000000
 40
0.203954802
100
AcDbArc
 50
-110.092854830
 51
-43.125314565
  0
ARC
  5
CBD
330
A02
100
AcDbEntity
  8
V_01_Base_Az_Ring_Gear_1
100
AcDbCircle
 10
209.999997076
 20
148.500000913
 30
0.000000000
 40
20.932203390
100
AcDbArc
 50
-108.657976141
 51
-107.342007156
  0
ARC
  5
CBE
330
A02
100
AcDbEntity
  8
V_01_Base_Az_Ring_Gear_1
100
AcDbCircle
 10
204.024541469
 20
127.393684553
 30
0.000000000
 40
0.203954802
100
AcDbArc
 50
-172.874685435
 51
-105.907145170
  0
ARC
  5
CBF
330
A02
100
AcDbEntity
  8
V_01_Base_Az_Ring_Gear_1
100
AcDbCircle
 10
210.000000000
 20
148.500000001
 30
0.000000000
 40
22.139830510
100
AcDbArc
 50
-105.808390859
 51
-105.691609141
  0
ARC
  5
CC0
330
A02
100
AcDbEntity
  8
V_01_Base_Az_Ring_Gear_1
100
AcDbCircle
 10
204.066896416
 20
127.381739222
 30
0.000000000
 40
0.203954802
100
AcDbArc
 50
-105.592854830
 51
-38.625314565
  0
ARC
  5
CC1
330
A02
100
AcDbEntity
  8
V_01_Base_Az_Ring_Gear_1
100
AcDbCircle
 10
209.999997013
 20
148.500000681
 30
0.000000000
 40
20.932203390
100
AcDbArc
 50
-104.157976141
 51
-102.842007156
  0
ARC
  5
CC2
330
A02
100
AcDbEntity
  8
V_01_Base_Az_Ring_Gear_1
100
AcDbCircle
 10
205.698944238
 20
126.989919206
 30
0.000000000
 40
0.203954802
100
AcDbArc
 50
-168.374685435
 51
-101.407145170
  0
ARC
  5
CC3
330
A02
100
AcDbEntity
  8
V_01_Base_Az_Ring_Gear_1
100
AcDbCircle
 10
210.000000000
 20
148.500000002
 30
0.000000000
 40
22.139830511
100
AcDbArc
 50
-101.308390859
 51
-101.191609141
  0
ARC
  5
CC4
330
A02
100
AcDbEntity
  8
V_01_Base_Az_Ring_Gear_1
100
AcDbCircle
 10
205.742105838
 20
126.981333830
 30
0.000000000
 40
0.203954802
100
AcDbArc
 50
-101.092854830
 51
-34.125314565
  0
ARC
  5
CC5
330
A02
100
AcDbEntity
  8
V_01_Base_Az_Ring_Gear_1
100
AcDbCircle
 10
209.999996969
 20
148.500000444
 30
0.000000000
 40
20.932203390
100
AcDbArc
 50
-99.657976141
 51
-98.342007156
  0
ARC
  5
CC6
330
A02
100
AcDbEntity
  8
V_01_Base_Az_Ring_Gear_1
100
AcDbCircle
 10
207.399864445
 20
126.718770661
 30
0.000000000
 40
0.203954802
100
AcDbArc
 50
-163.874685435
 51
-96.907145170
  0
ARC
  5
CC7
330
A02
100
AcDbEntity
  8
V_01_Base_Az_Ring_Gear_1
100
AcDbCircle
 10
210.000000001
 20
148.500000009
 30
0.000000000
 40
22.139830518
100
AcDbArc
 50
-96.808390859
 51
-96.691609141
  0
ARC
  5
CC8
330
A02
100
AcDbEntity
  8
V_01_Base_Az_Ring_Gear_1
100
AcDbCircle
 10
207.443566594
 20
126.713598171
 30
0.000000000
 40
0.203954802
100
AcDbArc
 50
-96.592854830
 51
-29.625314565
  0
ARC
  5
CC9
330
A02
100
AcDbEntity
  8
V_01_Base_Az_Ring_Gear_1
100
AcDbCircle
 10
209.999996943
 20
148.500000205
 30
0.000000000
 40
20.932203390
100
AcDbArc
 50
-95.157976141
 51
-93.842007156
  0
ARC
  5
CCA
330
A02
100
AcDbEntity
  8
V_01_Base_Az_Ring_Gear_1
100
AcDbCircle
 10
209.116815353
 20
126.581910638
 30
0.000000000
 40
0.203954802
100
AcDbArc
 50
-159.374685435
 51
-92.407145170
  0
ARC
  5
CCB
330
A02
100
AcDbEntity
  8
V_01_Base_Az_Ring_Gear_1
100
AcDbCircle
 10
210.000000000
 20
148.500000000
 30
0.000000000
 40
22.139830509
100
AcDbArc
 50
-92.308390859
 51
-92.191609141
  0
ARC
  5
CCC
330
A02
100
AcDbEntity
  8
V_01_Base_Az_Ring_Gear_1
100
AcDbCircle
 10
209.160788612
 20
126.580182924
 30
0.000000000
 40
0.203954802
100
AcDbArc
 50
-92.092854830
 51
-25.125314565
  0
ARC
  5
CCD
330
A02
100
AcDbEntity
  8
V_01_Base_Az_Ring_Gear_1
100
AcDbCircle
 10
209.999996937
 20
148.499999965
 30
0.000000000
 40
20.932203390
100
AcDbArc
 50
-90.657976141
 51
-89.342007156
  0
ARC
  5
CCE
330
A02
100
AcDbEntity
  8
V_01_Base_Az_Ring_Gear_1
100
AcDbCircle
 10
210.839211388
 20
126.580182924
 30
0.000000000
 40
0.203954802
100
AcDbArc
 50
-154.874685435
 51
-87.907145170
  0
ARC
  5
CCF
330
A02
100
AcDbEntity
  8
V_01_Base_Az_Ring_Gear_1
100
AcDbCircle
 10
210.000000000
 20
148.500000000
 30
0.000000000
 40
22.139830509
100
AcDbArc
 50
-87.808390859
 51
-87.691609141
  0
ARC
  5
CD0
330
A02
100
AcDbEntity
  8
V_01_Base_Az_Ring_Gear_1
100
AcDbCircle
 10
210.883184647
 20
126.581910638
 30
0.000000000
 40
0.203954802
100
AcDbArc
 50
-87.592854830
 51
-20.625314565
  0
ARC
  5
CD1
330
A02
100
AcDbEntity
  8
V_01_Base_Az_Ring_Gear_1
100
AcDbCircle
 10
209.999996949
 20
148.499999725
 30
0.000000000
 40
20.932203390
100
AcDbArc
 50
-86.157976141
 51
-84.842007156
  0
ARC
  5
CD2
330
A02
100
AcDbEntity
  8
V_01_Base_Az_Ring_Gear_1
100
AcDbCircle
 10
212.556433406
 20
126.713598171
 30
0.000000000
 40
0.203954802
100
AcDbArc
 50
-150.374685435
 51
-83.407145170
  0
ARC
  5
CD3
330
A02
100
AcDbEntity
  8
V_01_Base_Az_Ring_Gear_1
100
AcDbCircle
 10
210.000000000
 20
148.499999998
 30
0.000000000
 40
22.139830507
100
AcDbArc
 50
-83.308390859
 51
-83.191609141
  0
ARC
  5
CD4
330
A02
100
AcDbEntity
  8
V_01_Base_Az_Ring_Gear_1
100
AcDbCircle
 10
212.600135555
 20
126.718770661
 30
0.000000000
 40
0.203954802
100
AcDbArc
 50
-83.092854830
 51
-16.125314565
  0
ARC
  5
CD5
330
A02
100
AcDbEntity
  8
V_01_Base_Az_Ring_Gear_1
100
AcDbCircle
 10
209.999996980
 20
148.499999486
 30
0.000000000
 40
20.932203390
100
AcDbArc
 50
-81.657976141
 51
-80.342007156
  0
ARC
  5
CD6
330
A02
100
AcDbEntity
  8
V_01_Base_Az_Ring_Gear_1
100
AcDbCircle
 10
214.257894162
 20
126.981333830
 30
0.000000000
 40
0.203954802
100
AcDbArc
 50
-145.874685435
 51
-78.907145170
  0
ARC
  5
CD7
330
A02
100
AcDbEntity
  8
V_01_Base_Az_Ring_Gear_1
100
AcDbCircle
 10
210.000000000
 20
148.500000002
 30
0.000000000
 40
22.139830511
100
AcDbArc
 50
-78.808390859
 51
-78.691609141
  0
ARC
  5
CD8
330
A02
100
AcDbEntity
  8
V_01_Base_Az_Ring_Gear_1
100
AcDbCircle
 10
214.301055762
 20
126.989919206
 30
0.000000000
 40
0.203954802
100
AcDbArc
 50
-78.592854830
 51
-11.625314565
  0
ARC
  5
CD9
330
A02
100
AcDbEntity
  8
V_01_Base_Az_Ring_Gear_1
100
AcDbCircle
 10
209.999997030
 20
148.499999251
 30
0.000000000
 40
20.932203390
100
AcDbArc
 50
-77.157976141
 51
-75.842007156
  0
ARC
  5
CDA
330
A02
100
AcDbEntity
  8
V_01_Base_Az_Ring_Gear_1
100
AcDbCircle
 10
215.933103584
 20
127.381739222
 30
0.000000000
 40
0.203954802
100
AcDbArc
 50
-141.374685435
 51
-74.407145170
  0
ARC
  5
CDB
330
A02
100
AcDbEntity
  8
V_01_Base_Az_Ring_Gear_1
100
AcDbCircle
 10
210.000000000
 20
148.500000001
 30
0.000000000
 40
22.139830510
100
AcDbArc
 50
-74.308390859
 51
-74.191609141
  0
ARC
  5
CDC
330
A02
100
AcDbEntity
  8
V_01_Base_Az_Ring_Gear_1
100
AcDbCircle
 10
215.975458531
 20
127.393684553
 30
0.000000000
 40
0.203954802
100
AcDbArc
 50
-74.092854830
 51
-7.125314565
  0
ARC
  5
CDD
330
A02
100
AcDbEntity
  8
V_01_Base_Az_Ring_Gear_1
100
AcDbCircle
 10
209.999997098
 20
148.499999020
 30
0.000000000
 40
20.932203390
100
AcDbArc
 50
-72.657976141
 51
-71.342007156
  0
ARC
  5
CDE
330
A02
100
AcDbEntity
  8
V_01_Base_Az_Ring_Gear_1
100
AcDbCircle
 10
217.571733450
 20
127.912345714
 30
0.000000000
 40
0.203954802
100
AcDbArc
 50
-136.874685435
 51
-69.907145170
  0
ARC
  5
CDF
330
A02
100
AcDbEntity
  8
V_01_Base_Az_Ring_Gear_1
100
AcDbCircle
 10
210.000000002
 20
148.499999994
 30
0.000000000
 40
22.139830502
100
AcDbArc
 50
-69.808390859
 51
-69.691609141
  0
ARC
  5
CE0
330
A02
100
AcDbEntity
  8
V_01_Base_Az_Ring_Gear_1
100
AcDbCircle
 10
217.613020610
 20
127.927577352
 30
0.000000000
 40
0.203954802
100
AcDbArc
 50
-69.592854830
 51
-2.625314565
  0
ARC
  5
CE1
330
A02
100
AcDbEntity
  8
V_01_Base_Az_Ring_Gear_1
100
AcDbCircle
 10
209.999997183
 20
148.499998795
 30
0.000000000
 40
20.932203390
100
AcDbArc
 50
-68.157976141
 51
-66.842007156
  0
ARC
  5
CE2
330
A02
100
AcDbEntity
  8
V_01_Base_Az_Ring_Gear_1
100
AcDbCircle
 10
219.163681061
 20
128.569881941
 30
0.000000000
 40
0.203954802
100
AcDbArc
 50
-132.374685435
 51
-65.407145170
  0
ARC
  5
CE3
330
A02
100
AcDbEntity
  8
V_01_Base_Az_Ring_Gear_1
100
AcDbCircle
 10
210.000000002
 20
148.499999996
 30
0.000000000
 40
22.139830504
100
AcDbArc
 50
-65.308390859
 51
-65.191609141
  0
ARC
  5
CE4
330
A02
100
AcDbEntity
  8
V_01_Base_Az_Ring_Gear_1
100
AcDbCircle
 10
219.203645887
 20
128.588305978
 30
0.000000000
 40
0.203954802
100
AcDbArc
 50
-65.092854830
 51
1.874685435
  0
ARC
  5
CE5
330
A02
100
AcDbEntity
  8
V_01_Base_Az_Ring_Gear_1
100
AcDbCircle
 10
209.999997287
 20
148.499998578
 30
0.000000000
 40
20.932203390
100
AcDbArc
 50
-63.657976141
 51
-62.342007156
  0
ARC
  5
CE6
330
A02
100
AcDbEntity
  8
V_01_Base_Az_Ring_Gear_1
100
AcDbCircle
 10
220.699131531
 20
129.350293974
 30
0.000000000
 40
0.203954802
100
AcDbArc
 50
-127.874685435
 51
-60.907145170
  0
ARC
  5
CE7
330
A02
100
AcDbEntity
  8
V_01_Base_Az_Ring_Gear_1
100
AcDbCircle
 10
209.999999996
 20
148.500000007
 30
0.000000000
 40
22.139830517
100
AcDbArc
 50
-60.808390859
 51
-60.691609141
  0
ARC
  5
CE8
330
A02
100
AcDbEntity
  8
V_01_Base_Az_Ring_Gear_1
100
AcDbCircle
 10
220.737527625
 20
129.371796820
 30
0.000000000
 40
0.203954802
100
AcDbArc
 50
-60.592854830
 51
6.374685435
  0
ARC
  5
CE9
330
A02
100
AcDbEntity
  8
V_01_Base_Az_Ring_Gear_1
100
AcDbCircle
 10
209.999997407
 20
148.499998369
 30
0.000000000
 40
20.932203390
100
AcDbArc
 50
-59.157976141
 51
-57.842007156
  0
ARC
  5
CEA
330
A02
100
AcDbEntity
  8
V_01_Base_Az_Ring_Gear_1
100
AcDbCircle
 10
222.168618297
 20
130.248770311
 30
0.000000000
 40
0.203954802
100
AcDbArc
 50
-123.374685435
 51
-56.407145170
  0
ARC
  5
CEB
330
A02
100
AcDbEntity
  8
V_01_Base_Az_Ring_Gear_1
100
AcDbCircle
 10
209.999999995
 20
148.500000007
 30
0.000000000
 40
22.139830517
100
AcDbArc
 50
-56.308390859
 51
-56.191609141
  0
ARC
  5
CEC
330
A02
100
AcDbEntity
  8
V_01_Base_Az_Ring_Gear_1
100
AcDbCircle
 10
222.205208935
 20
130.273219394
 30
0.000000000
 40
0.203954802
100
AcDbArc
 50
-56.092854830
 51
10.874685435
  0
ARC
  5
CED
330
A02
100
AcDbEntity
  8
V_01_Base_Az_Ring_Gear_1
100
AcDbCircle
 10
209.999997542
 20
148.499998171
 30
0.000000000
 40
20.932203390
100
AcDbArc
 50
-54.657976141
 51
-53.342007156
  0
ARC
  5
CEE
330
A02
100
AcDbEntity
  8
V_01_Base_Az_Ring_Gear_1
100
AcDbCircle
 10
223.563081485
 20
131.259771549
 30
0.000000000
 40
0.203954802
100
AcDbArc
 50
-118.874685435
 51
-51.907145170
  0
ARC
  5
CEF
330
A02
100
AcDbEntity
  8
V_01_Base_Az_Ring_Gear_1
100
AcDbCircle
 10
209.999999996
 20
148.500000005
 30
0.000000000
 40
22.139830515
100
AcDbArc
 50
-51.808390859
 51
-51.691609141
  0
ARC
  5
CF0
330
A02
100
AcDbEntity
  8
V_01_Base_Az_Ring_Gear_1
100
AcDbCircle
 10
223.597641074
 20
131.287016132
 30
0.000000000
 40
0.203954802
100
AcDbArc
 50
-51.592854830
 51
15.374685435
  0
ARC
  5
CF1
330
A02
100
AcDbEntity
  8
V_01_Base_Az_Ring_Gear_1
100
AcDbCircle
 10
209.999997694
 20
148.499997984
 30
0.000000000
 40
20.932203390
100
AcDbArc
 50
-50.157976141
 51
-48.842007156
  0
ARC
  5
CF2
330
A02
100
AcDbEntity
  8
V_01_Base_Az_Ring_Gear_1
100
AcDbCircle
 10
224.873923766
 20
132.377064529
 30
0.000000000
 40
0.203954802
100
AcDbArc
 50
-114.374685435
 51
-47.407145170
  0
ARC
  5
CF3
330
A02
100
AcDbEntity
  8
V_01_Base_Az_Ring_Gear_1
100
AcDbCircle
 10
209.999999996
 20
148.500000004
 30
0.000000000
 40
22.139830514
100
AcDbArc
 50
-47.308390859
 51
-47.191609141
  0
ARC
  5
CF4
330
A02
100
AcDbEntity
  8
V_01_Base_Az_Ring_Gear_1
100
AcDbCircle
 10
224.906239234
 20
132.406936639
 30
0.000000000
 40
0.203954802
100
AcDbArc
 50
-47.092854830
 51
19.874685435
  0
ARC
  5
CF5
330
A02
100
AcDbEntity
  8
V_01_Base_Az_Ring_Gear_1
100
AcDbCircle
 10
209.999997859
 20
148.499997809
 30
0.000000000
 40
20.932203390
100
AcDbArc
 50
-45.657976141
 51
-44.342007156
  0
ARC
  5
CF6
330
A02
100
AcDbEntity
  8
V_01_Base_Az_Ring_Gear_1
100
AcDbCircle
 10
226.093063361
 20
133.593760766
 30
0.000000000
 40
0.203954802
100
AcDbArc
 50
-109.874685435
 51
-42.907145170
  0
ARC
  5
CF7
330
A02
100
AcDbEntity
  8
V_01_Base_Az_Ring_Gear_1
100
AcDbCircle
 10
210.000000000
 20
148.500000000
 30
0.000000000
 40
22.139830508
100
AcDbArc
 50
-42.808390859
 51
-42.691609141
  0
ARC
  5
CF8
330
A02
100
AcDbEntity
  8
V_01_Base_Az_Ring_Gear_1
100
AcDbCircle
 10
226.122935471
 20
133.626076234
 30
0.000000000
 40
0.203954802
100
AcDbArc
 50
-42.592854830
 51
24.374685435
  0
ARC
  5
CF9
330
A02
100
AcDbEntity
  8
V_01_Base_Az_Ring_Gear_1
100
AcDbCircle
 10
209.999998037
 20
148.499997648
 30
0.000000000
 40
20.932203390
100
AcDbArc
 50
-41.157976141
 51
-39.842007156
  0
ARC
  5
CFA
330
A02
100
AcDbEntity
  8
V_01_Base_Az_Ring_Gear_1
100
AcDbCircle
 10
227.212983868
 20
134.902358926
 30
0.000000000
 40
0.203954802
100
AcDbArc
 50
-105.374685435
 51
-38.407145170
  0
ARC
  5
CFB
330
A02
100
AcDbEntity
  8
V_01_Base_Az_Ring_Gear_1
100
AcDbCircle
 10
209.999999999
 20
148.500000001
 30
0.000000000
 40
22.139830509
100
AcDbArc
 50
-38.308390859
 51
-38.191609141
  0
ARC
  5
CFC
330
A02
100
AcDbEntity
  8
V_01_Base_Az_Ring_Gear_1
100
AcDbCircle
 10
227.240228451
 20
134.936918515
 30
0.000000000
 40
0.203954802
100
AcDbArc
 50
-38.092854830
 51
28.874685435
  0
ARC
  5
CFD
330
A02
100
AcDbEntity
  8
V_01_Base_Az_Ring_Gear_1
100
AcDbCircle
 10
209.999998228
 20
148.499997501
 30
0.000000000
 40
20.932203390
100
AcDbArc
 50
-36.657976141
 51
-35.342007156
  0
ARC
  5
CFE
330
A02
100
AcDbEntity
  8
V_01_Base_Az_Ring_Gear_1
100
AcDbCircle
 10
228.226780606
 20
136.294791065
 30
0.000000000
 40
0.203954802
100
AcDbArc
 50
-100.874685435
 51
-33.907145170
  0
ARC
  5
CFF
330
A02
100
AcDbEntity
  8
V_01_Base_Az_Ring_Gear_1
100
AcDbCircle
 10
209.999999996
 20
148.500000002
 30
0.000000000
 40
22.139830513
100
AcDbArc
 50
-33.808390859
 51
-33.691609141
  0
ARC
  5
D00
330
A02
100
AcDbEntity
  8
V_01_Base_Az_Ring_Gear_1
100
AcDbCircle
 10
228.251229689
 20
136.331381703
 30
0.000000000
 40
0.203954802
100
AcDbArc
 50
-33.592854830
 51
33.374685435
  0
ARC
  5
D01
330
A02
100
AcDbEntity
  8
V_01_Base_Az_Ring_Gear_1
100
AcDbCircle
 10
209.999998429
 20
148.499997370
 30
0.000000000
 40
20.932203390
100
AcDbArc
 50
-32.157976141
 51
-30.842007156
  0
ARC
  5
D02
330
A02
100
AcDbEntity
  8
V_01_Base_Az_Ring_Gear_1
100
AcDbCircle
 10
229.128203180
 20
137.762472375
 30
0.000000000
 40
0.203954802
100
AcDbArc
 50
-96.374685435
 51
-29.407145170
  0
ARC
  5
D03
330
A02
100
AcDbEntity
  8
V_01_Base_Az_Ring_Gear_1
100
AcDbCircle
 10
209.999999996
 20
148.500000002
 30
0.000000000
 40
22.139830513
100
AcDbArc
 50
-29.308390859
 51
-29.191609141
  0
ARC
  5
D04
330
A02
100
AcDbEntity
  8
V_01_Base_Az_Ring_Gear_1
100
AcDbCircle
 10
229.149706026
 20
137.800868469
 30
0.000000000
 40
0.203954802
100
AcDbArc
 50
-29.092854830
 51
37.874685435
  0
ARC
  5
D05
330
A02
100
AcDbEntity
  8
V_01_Base_Az_Ring_Gear_1
100
AcDbCircle
 10
209.999998641
 20
148.499997255
 30
0.000000000
 40
20.932203390
100
AcDbArc
 50
-27.657976141
 51
-26.342007156
  0
ARC
  5
D06
330
A02
100
AcDbEntity
  8
V_01_Base_Az_Ring_Gear_1
100
AcDbCircle
 10
229.911694022
 20
139.296354113
 30
0.000000000
 40
0.203954802
100
AcDbArc
 50
-91.874685435
 51
-24.907145170
  0
ARC
  5
D07
330
A02
100
AcDbEntity
  8
V_01_Base_Az_Ring_Gear_1
100
AcDbCircle
 10
210.000000004
 20
148.499999998
 30
0.000000000
 40
22.139830504
100
AcDbArc
 50
-24.808390859
 51
-24.691609141
  0
ARC
  5
D08
330
A02
100
AcDbEntity
  8
V_01_Base_Az_Ring_Gear_1
100
AcDbCircle
 10
229.930118059
 20
139.336318939
 30
0.000000000
 40
0.203954802
100
AcDbArc
 50
-24.592854830
 51
42.374685435
  0
ARC
  5
D09
330
A02
100
AcDbEntity
  8
V_01_Base_Az_Ring_Gear_1
100
AcDbCircle
 10
209.999998860
 20
148.499997156
 30
0.000000000
 40
20.932203390
100
AcDbArc
 50
-23.157976141
 51
-21.842007156
  0
ARC
  5
D0A
330
A02
100
AcDbEntity
  8
V_01_Base_Az_Ring_Gear_1
100
AcDbCircle
 10
230.572422648
 20
140.886979390
 30
0.000000000
 40
0.203954802
100
AcDbArc
 50
-87.374685435
 51
-20.407145170
  0
ARC
  5
D0B
330
A02
100
AcDbEntity
  8
V_01_Base_Az_Ring_Gear_1
100
AcDbCircle
 10
210.000000010
 20
148.499999996
 30
0.000000000
 40
22.139830497
100
AcDbArc
 50
-20.308390859
 51
-20.191609141
  0
ARC
  5
D0C
330
A02
100
AcDbEntity
  8
V_01_Base_Az_Ring_Gear_1
100
AcDbCircle
 10
230.587654286
 20
140.928266550
 30
0.000000000
 40
0.203954802
100
AcDbArc
 50
-20.092854830
 51
46.874685435
  0
ARC
  5
D0D
330
A02
100
AcDbEntity
  8
V_01_Base_Az_Ring_Gear_1
100
AcDbCircle
 10
209.999999087
 20
148.499997076
 30
0.000000000
 40
20.932203390
100
AcDbArc
 50
-18.657976141
 51
-17.342007156
  0
ARC
  5
D0E
330
A02
100
AcDbEntity
  8
V_01_Base_Az_Ring_Gear_1
100
AcDbCircle
 10
231.106315447
 20
142.524541469
 30
0.000000000
 40
0.203954802
100
AcDbArc
 50
-82.874685435
 51
-15.907145170
  0
ARC
  5
D0F
330
A02
100
AcDbEntity
  8
V_01_Base_Az_Ring_Gear_1
100
AcDbCircle
 10
209.999999999
 20
148.500000000
 30
0.000000000
 40
22.139830510
100
AcDbArc
 50
-15.808390859
 51
-15.691609141
  0
ARC
  5
D10
330
A02
100
AcDbEntity
  8
V_01_Base_Az_Ring_Gear_1
100
AcDbCircle
 10
231.118260778
 20
142.566896416
 30
0.000000000
 40
0.203954802
100
AcDbArc
 50
-15.592854830
 51
51.374685435
  0
ARC
  5
D11
330
A02
100
AcDbEntity
  8
V_01_Base_Az_Ring_Gear_1
100
AcDbCircle
 10
209.999999319
 20
148.499997013
 30
0.000000000
 40
20.932203390
100
AcDbArc
 50
-14.157976141
 51
-12.842007156
  0
ARC
  5
D12
330
A02
100
AcDbEntity
  8
V_01_Base_Az_Ring_Gear_1
100
AcDbCircle
 10
231.510080794
 20
144.198944238
 30
0.000000000
 40
0.203954802
100
AcDbArc
 50
-78.374685435
 51
-11.407145170
  0
ARC
  5
D13
330
A02
100
AcDbEntity
  8
V_01_Base_Az_Ring_Gear_1
100
AcDbCircle
 10
209.999999998
 20
148.500000000
 30
0.000000000
 40
22.139830511
100
AcDbArc
 50
-11.308390859
 51
-11.191609141
  0
ARC
  5
D14
330
A02
100
AcDbEntity
  8
V_01_Base_Az_Ring_Gear_1
100
AcDbCircle
 10
231.518666170
 20
144.242105838
 30
0.000000000
 40
0.203954802
100
AcDbArc
 50
-11.092854830
 51
55.874685435
  0
ARC
  5
D15
330
A02
100
AcDbEntity
  8
V_01_Base_Az_Ring_Gear_1
100
AcDbCircle
 10
209.999999556
 20
148.499996969
 30
0.000000000
 40
20.932203390
100
AcDbArc
 50
-9.657976141
 51
-8.342007156
  0
ARC
  5
D16
330
A02
100
AcDbEntity
  8
V_01_Base_Az_Ring_Gear_1
100
AcDbCircle
 10
231.781229339
 20
145.899864445
 30
0.000000000
 40
0.203954802
100
AcDbArc
 50
-73.874685435
 51
-6.907145170
  0
ARC
  5
D17
330
A02
100
AcDbEntity
  8
V_01_Base_Az_Ring_Gear_1
100
AcDbCircle
 10
209.999999991
 20
148.500000001
 30
0.000000000
 40
22.139830518
100
AcDbArc
 50
-6.808390859
 51
-6.691609141
  0
ARC
  5
D18
330
A02
100
AcDbEntity
  8
V_01_Base_Az_Ring_Gear_1
100
AcDbCircle
 10
231.786401829
 20
145.943566594
 30
0.000000000
 40
0.203954802
100
AcDbArc
 50
-6.592854830
 51
60.374685435
  0
ARC
  5
D19
330
A02
100
AcDbEntity
  8
V_01_Base_Az_Ring_Gear_1
100
AcDbCircle
 10
209.999999795
 20
148.499996943
 30
0.000000000
 40
20.932203390
100
AcDbArc
 50
-5.157976141
 51
-3.842007156
  0
ARC
  5
D1A
330
A02
100
AcDbEntity
  8
V_01_Base_Az_Ring_Gear_1
100
AcDbCircle
 10
231.918089362
 20
147.616815353
 30
0.000000000
 40
0.203954802
100
AcDbArc
 50
-69.374685435
 51
-2.407145170
  0
ARC
  5
D1B
330
A02
100
AcDbEntity
  8
V_01_Base_Az_Ring_Gear_1
100
AcDbCircle
 10
210.000000000
 20
148.500000000
 30
0.000000000
 40
22.139830509
100
AcDbArc
 50
-2.308390859
 51
-2.191609141
  0
ARC
  5
D1C
330
A02
100
AcDbEntity
  8
V_01_Base_Az_Ring_Gear_1
100
AcDbCircle
 10
231.919817076
 20
147.660788612
 30
0.000000000
 40
0.203954802
100
AcDbArc
 50
-2.092854830
 51
64.874685435
  0
ARC
  5
D1D
330
A02
100
AcDbEntity
  8
V_01_Base_Az_Ring_Gear_1
100
AcDbCircle
 10
210.000000035
 20
148.499996937
 30
0.000000000
 40
20.932203390
100
AcDbArc
 50
-0.657976141
 51
0.657992844
  0
SPLINE
  5
D1E
330
A02
100
AcDbEntity
  8
V_01_Base_Az_Ring_Gear_2
100
AcDbSpline
210
0
220
0
230
1
 70
8
 71
1
 72
17
 73
15
 74
0
 40
0.000000000
 40
0.000000000
 40
0.112199738
 40
0.224399475
 40
0.336599213
 40
0.448798951
 40
0.560998688
 40
0.673198426
 40
0.785398163
 40
0.897597901
 40
1.009797639
 40
1.121997376
 40
1.234197114
 40
1.346396852
 40
1.458596589
 40
1.570796327
 40
1.570796327
 10
210.000000000
 20
151.586158192
 30
0.000000000
 10
212.659156307
 20
151.586158192
 30
0.000000000
 10
215.284872181
 20
151.586158192
 30
0.000000000
 10
217.844127721
 20
151.586158192
 30
0.000000000
 10
220.304738804
 20
151.586158192
 30
0.000000000
 10
222.635761817
 20
151.586158192
 30
0.000000000
 10
224.807882794
 20
151.586158192
 30
0.000000000
 10
226.793786053
 20
151.586158192
 30
0.000000000
 10
228.568497709
 20
151.586158192
 30
0.000000000
 10
230.109699732
 20
151.586158192
 30
0.000000000
 10
231.398010613
 20
151.586158192
 30
0.000000000
 10
232.417229095
 20
151.586158192
 30
0.000000000
 10
233.154537914
 20
151.586158192
 30
0.000000000
 10
233.600664985
 20
151.586158192
 30
0.000000000
 10
233.750000000
 20
151.586158192
 30
0.000000000
  0
SPLINE
  5
D1F
330
A02
100
AcDbEntity
  8
V_01_Base_Az_Ring_Gear_2
100
AcDbSpline
210
0
220
0
230
1
 70
8
 71
1
 72
17
 73
15
 74
0
 40
4.712388980
 40
4.712388980
 40
4.824588718
 40
4.936788456
 40
5.048988193
 40
5.161187931
 40
5.273387669
 40
5.385587406
 40
5.497787144
 40
5.609986881
 40
5.722186619
 40
5.834386357
 40
5.946586094
 40
6.058785832
 40
6.170985570
 40
6.283185307
 40
6.283185307
 10
186.250000000
 20
151.586158192
 30
0.000000000
 10
186.399335015
 20
151.586158192
 30
0.000000000
 10
186.845462086
 20
151.586158192
 30
0.000000000
 10
187.582770905
 20
151.586158192
 30
0.000000000
 10
188.601989387
 20
151.586158192
 30
0.000000000
 10
189.890300268
 20
151.586158192
 30
0.000000000
 10
191.431502291
 20
151.586158192
 30
0.000000000
 10
193.206213947
 20
151.586158192
 30
0.000000000
 10
195.192117206
 20
151.586158192
 30
0.000000000
 10
197.364238183
 20
151.586158192
 30
0.000000000
 10
199.695261196
 20
151.586158192
 30
0.000000000
 10
202.155872279
 20
151.586158192
 30
0.000000000
 10
204.715127819
 20
151.586158192
 30
0.000000000
 10
207.340843693
 20
151.586158192
 30
0.000000000
 10
210.000000000
 20
151.586158192
 30
0.000000000
  0
SPLINE
  5
D20
330
A02
100
AcDbEntity
  8
V_01_Base_Az_Ring_Gear_2
100
AcDbSpline
210
0
220
0
230
1
 70
8
 71
1
 72
17
 73
15
 74
0
 40
0.000000000
 40
0.000000000
 40
0.112199738
 40
0.224399475
 40
0.336599213
 40
0.448798951
 40
0.560998688
 40
0.673198426
 40
0.785398163
 40
0.897597901
 40
1.009797639
 40
1.121997376
 40
1.234197114
 40
1.346396852
 40
1.458596589
 40
1.570796327
 40
1.570796327
 10
210.000000000
 20
145.413841808
 30
0.000000000
 10
212.659156307
 20
145.413841808
 30
0.000000000
 10
215.284872181
 20
145.413841808
 30
0.000000000
 10
217.844127721
 20
145.413841808
 30
0.000000000
 10
220.304738804
 20
145.413841808
 30
0.000000000
 10
222.635761817
 20
145.413841808
 30
0.000000000
 10
224.807882794
 20
145.413841808
 30
0.000000000
 10
226.793786053
 20
145.413841808
 30
0.000000000
 10
228.568497709
 20
145.413841808
 30
0.000000000
 10
230.109699732
 20
145.413841808
 30
0.000000000
 10
231.398010613
 20
145.413841808
 30
0.000000000
 10
232.417229095
 20
145.413841808
 30
0.000000000
 10
233.154537914
 20
145.413841808
 30
0.000000000
 10
233.600664985
 20
145.413841808
 30
0.000000000
 10
233.750000000
 20
145.413841808
 30
0.000000000
  0
SPLINE
  5
D21
330
A02
100
AcDbEntity
  8
V_01_Base_Az_Ring_Gear_2
100
AcDbSpline
210
0
220
0
230
1
 70
8
 71
1
 72
17
 73
15
 74
0
 40
4.712388980
 40
4.712388980
 40
4.824588718
 40
4.936788456
 40
5.048988193
 40
5.161187931
 40
5.273387669
 40
5.385587406
 40
5.497787144
 40
5.609986881
 40
5.722186619
 40
5.834386357
 40
5.946586094
 40
6.058785832
 40
6.170985570
 40
6.283185307
 40
6.283185307
 10
186.250000000
 20
145.413841808
 30
0.000000000
 10
186.399335015
 20
145.413841808
 30
0.000000000
 10
186.845462086
 20
145.413841808
 30
0.000000000
 10
187.582770905
 20
145.413841808
 30
0.000000000
 10
188.601989387
 20
145.413841808
 30
0.000000000
 10
189.890300268
 20
145.413841808
 30
0.000000000
 10
191.431502291
 20
145.413841808
 30
0.000000000
 10
193.206213947
 20
145.413841808
 30
0.000000000
 10
195.192117206
 20
145.413841808
 30
0.000000000
 10
197.364238183
 20
145.413841808
 30
0.000000000
 10
199.695261196
 20
145.413841808
 30
0.000000000
 10
202.155872279
 20
145.413841808
 30
0.000000000
 10
204.715127819
 20
145.413841808
 30
0.000000000
 10
207.340843693
 20
145.413841808
 30
0.000000000
 10
210.000000000
 20
145.413841808
 30
0.000000000
  0
SPLINE
  5
D22
330
A02
100
AcDbEntity
  8
V_01_Base_Az_Ring_Gear_2
100
AcDbSpline
210
0
220
0
230
1
 70
8
 71
1
 72
4
 73
2
 74
0
 40
-11.000000000
 40
-11.000000000
 40
12.000000000
 40
12.000000000
 10
210.000000000
 20
145.413841808
 30
0.000000000
 10
210.000000000
 20
151.586158192
 30
0.000000000
  0
LINE
  5
D23
330
A02
100
AcDbEntity
  8
V_01_Base_Az_Ring_Gear_2
100
AcDbLine
 10
222.735864463
 20
146.393361582
 30
0.000000000
 11
222.735864463
 21
147.386299435
 31
0.000000000
  0
SPLINE
  5
D24
330
A02
100
AcDbEntity
  8
V_01_Base_Az_Ring_Gear_2
100
AcDbSpline
210
0
220
0
230
1
 70
8
 71
2
 72
6
 73
3
 74
0
 40
0.481213204
 40
0.481213204
 40
0.481213204
 40
0.565984347
 40
0.565984347
 40
0.565984347
 10
220.992804858
 20
146.393361582
 30
0.000000000
 10
221.885571082
 20
146.393361582
 30
0.000000000
 10
222.735864463
 20
146.393361582
 30
0.000000000
  0
SPLINE
  5
D25
330
A02
100
AcDbEntity
  8
V_01_Base_Az_Ring_Gear_2
100
AcDbSpline
210
0
220
0
230
1
 70
8
 71
2
 72
6
 73
3
 74
0
 40
0.481213204
 40
0.481213204
 40
0.481213204
 40
0.565984347
 40
0.565984347
 40
0.565984347
 10
220.992804858
 20
147.386299435
 30
0.000000000
 10
221.885571082
 20
147.386299435
 30
0.000000000
 10
222.735864463
 20
147.386299435
 30
0.000000000
  0
LINE
  5
D26
330
A02
100
AcDbEntity
  8
V_01_Base_Az_Ring_Gear_2
100
AcDbLine
 10
220.992804858
 20
146.393361582
 30
0.000000000
 11
220.992804858
 21
147.386299435
 31
0.000000000
  0
SPLINE
  5
D27
330
A02
100
AcDbEntity
  8
V_01_Base_Az_Ring_Gear_2
100
AcDbSpline
210
0
220
0
230
1
 70
8
 71
2
 72
6
 73
3
 74
0
 40
1.528410755
 40
1.528410755
 40
1.528410755
 40
1.570796327
 40
1.570796327
 40
1.570796327
 10
233.728669321
 20
146.393361582
 30
0.000000000
 10
233.749951849
 20
146.393361582
 30
0.000000000
 10
233.750000000
 20
146.393361582
 30
0.000000000
  0
SPLINE
  5
D28
330
A02
100
AcDbEntity
  8
V_01_Base_Az_Ring_Gear_2
100
AcDbSpline
210
0
220
0
230
1
 70
8
 71
2
 72
6
 73
3
 74
0
 40
1.528410755
 40
1.528410755
 40
1.528410755
 40
1.570796327
 40
1.570796327
 40
1.570796327
 10
233.728669321
 20
147.386299435
 30
0.000000000
 10
233.749951849
 20
147.386299435
 30
0.000000000
 10
233.750000000
 20
147.386299435
 30
0.000000000
  0
LINE
  5
D29
330
A02
100
AcDbEntity
  8
V_01_Base_Az_Ring_Gear_2
100
AcDbLine
 10
233.728669321
 20
146.393361582
 30
0.000000000
 11
233.728669321
 21
147.386299435
 31
0.000000000
  0
LINE
  5
D2A
330
A02
100
AcDbEntity
  8
V_01_Base_Az_Ring_Gear_2
100
AcDbLine
 10
186.271330679
 20
146.393361582
 30
0.000000000
 11
186.271330679
 21
147.386299435
 31
0.000000000
  0
SPLINE
  5
D2B
330
A02
100
AcDbEntity
  8
V_01_Base_Az_Ring_Gear_2
100
AcDbSpline
210
0
220
0
230
1
 70
8
 71
2
 72
6
 73
3
 74
0
 40
4.712388980
 40
4.712388980
 40
4.712388980
 40
4.754774552
 40
4.754774552
 40
4.754774552
 10
186.250000000
 20
146.393361582
 30
0.000000000
 10
186.250048151
 20
146.393361582
 30
0.000000000
 10
186.271330679
 20
146.393361582
 30
0.000000000
  0
SPLINE
  5
D2C
330
A02
100
AcDbEntity
  8
V_01_Base_Az_Ring_Gear_2
100
AcDbSpline
210
0
220
0
230
1
 70
8
 71
2
 72
6
 73
3
 74
0
 40
4.712388980
 40
4.712388980
 40
4.712388980
 40
4.754774552
 40
4.754774552
 40
4.754774552
 10
186.250000000
 20
147.386299435
 30
0.000000000
 10
186.250048151
 20
147.386299435
 30
0.000000000
 10
186.271330679
 20
147.386299435
 30
0.000000000
  0
LINE
  5
D2D
330
A02
100
AcDbEntity
  8
V_01_Base_Az_Ring_Gear_2
100
AcDbLine
 10
199.007195142
 20
146.393361582
 30
0.000000000
 11
199.007195142
 21
147.386299435
 31
0.000000000
  0
SPLINE
  5
D2E
330
A02
100
AcDbEntity
  8
V_01_Base_Az_Ring_Gear_2
100
AcDbSpline
210
0
220
0
230
1
 70
8
 71
2
 72
6
 73
3
 74
0
 40
5.717200960
 40
5.717200960
 40
5.717200960
 40
5.801972103
 40
5.801972103
 40
5.801972103
 10
197.264135537
 20
147.386299435
 30
0.000000000
 10
198.114428918
 20
147.386299435
 30
0.000000000
 10
199.007195142
 20
147.386299435
 30
0.000000000
  0
LINE
  5
D2F
330
A02
100
AcDbEntity
  8
V_01_Base_Az_Ring_Gear_2
100
AcDbLine
 10
197.264135537
 20
146.393361582
 30
0.000000000
 11
197.264135537
 21
147.386299435
 31
0.000000000
  0
SPLINE
  5
D30
330
A02
100
AcDbEntity
  8
V_01_Base_Az_Ring_Gear_2
100
AcDbSpline
210
0
220
0
230
1
 70
8
 71
2
 72
6
 73
3
 74
0
 40
5.717200960
 40
5.717200960
 40
5.717200960
 40
5.801972103
 40
5.801972103
 40
5.801972103
 10
197.264135537
 20
146.393361582
 30
0.000000000
 10
198.114428918
 20
146.393361582
 30
0.000000000
 10
199.007195142
 20
146.393361582
 30
0.000000000
  0
LINE
  5
D31
330
A02
100
AcDbEntity
  8
V_01_Base_Az_Ring_Gear_2
100
AcDbLine
 10
221.943435226
 20
146.393361582
 30
0.000000000
 11
221.943435226
 21
147.386299435
 31
0.000000000
  0
LINE
  5
D32
330
A02
100
AcDbEntity
  8
V_01_Base_Az_Ring_Gear_2
100
AcDbLine
 10
198.056564774
 20
146.393361582
 30
0.000000000
 11
198.056564774
 21
147.386299435
 31
0.000000000
  0
LINE
  5
D33
330
A02
100
AcDbEntity
  8
V_01_Base_Az_Ring_Gear_2
100
AcDbLine
 10
233.750000000
 20
145.413841808
 30
0.000000000
 11
233.750000000
 21
146.393361582
 31
0.000000000
  0
LINE
  5
D34
330
A02
100
AcDbEntity
  8
V_01_Base_Az_Ring_Gear_2
100
AcDbLine
 10
233.750000000
 20
147.386299435
 30
0.000000000
 11
233.750000000
 21
151.586158192
 31
0.000000000
  0
LINE
  5
D35
330
A02
100
AcDbEntity
  8
V_01_Base_Az_Ring_Gear_2
100
AcDbLine
 10
186.250000000
 20
145.413841808
 30
0.000000000
 11
186.250000000
 21
146.393361582
 31
0.000000000
  0
LINE
  5
D36
330
A02
100
AcDbEntity
  8
V_01_Base_Az_Ring_Gear_2
100
AcDbLine
 10
186.250000000
 20
147.386299435
 30
0.000000000
 11
186.250000000
 21
151.586158192
 31
0.000000000
  0
ELLIPSE
  5
D37
330
A02
100
AcDbEntity
  8
V_01_Base_Az_Ring_Gear_3
100
AcDbEllipse
 10
210.000000000
 20
151.019837612
 30
0.000000000
 11
23.750000000
 21
0.000000000
 31
0.000000000
 40
0.577350269
 41
5.497787144
 42
0.000000000
  0
ELLIPSE
  5
D38
330
A02
100
AcDbEntity
  8
V_01_Base_Az_Ring_Gear_3
100
AcDbEllipse
 10
210.000000000
 20
151.019837612
 30
0.000000000
 11
23.750000000
 21
0.000000000
 31
0.000000000
 40
0.577350269
 41
0.000000000
 42
3.141592654
  0
ELLIPSE
  5
D39
330
A02
100
AcDbEntity
  8
V_01_Base_Az_Ring_Gear_3
100
AcDbEllipse
 10
210.000000000
 20
151.019837612
 30
0.000000000
 11
23.750000000
 21
0.000000000
 31
0.000000000
 40
0.577350269
 41
3.141592654
 42
5.497787144
  0
ELLIPSE
  5
D3A
330
A02
100
AcDbEntity
  8
V_01_Base_Az_Ring_Gear_3
100
AcDbEllipse
 10
226.093063361
 20
142.413716378
 30
0.000000000
 11
0.203954802
 21
0.000000000
 31
0.000000000
 40
0.577350269
 41
4.365510282
 42
5.534314351
  0
ELLIPSE
  5
D3B
330
A02
100
AcDbEntity
  8
V_01_Base_Az_Ring_Gear_3
100
AcDbEllipse
 10
210.000000000
 20
151.019837612
 30
0.000000000
 11
22.139830509
 21
0.000000000
 31
0.000000000
 40
0.577350269
 41
5.536037939
 42
5.538076165
  0
ELLIPSE
  5
D3C
330
A02
100
AcDbEntity
  8
V_01_Base_Az_Ring_Gear_3
100
AcDbEllipse
 10
226.122935471
 20
142.432373722
 30
0.000000000
 11
0.203954802
 21
0.000000000
 31
0.000000000
 40
0.577350269
 41
5.539799753
 42
0.000000000
  0
ELLIPSE
  5
D3D
330
A02
100
AcDbEntity
  8
V_01_Base_Az_Ring_Gear_3
100
AcDbEllipse
 10
226.122935471
 20
142.432373722
 30
0.000000000
 11
0.203954802
 21
0.000000000
 31
0.000000000
 40
0.577350269
 41
0.000000000
 42
0.425418515
  0
ELLIPSE
  5
D3E
330
A02
100
AcDbEntity
  8
V_01_Base_Az_Ring_Gear_3
100
AcDbEllipse
 10
209.999998037
 20
151.019836254
 30
0.000000000
 11
20.932203390
 21
0.000000000
 31
0.000000000
 40
0.577350269
 41
5.564843110
 42
5.587811102
  0
ELLIPSE
  5
D3F
330
A02
100
AcDbEntity
  8
V_01_Base_Az_Ring_Gear_3
100
AcDbEllipse
 10
227.212983868
 20
143.169235878
 30
0.000000000
 11
0.203954802
 21
-0.000000000
 31
0.000000000
 40
0.577350269
 41
4.444050098
 42
5.612854168
  0
ELLIPSE
  5
D40
330
A02
100
AcDbEntity
  8
V_01_Base_Az_Ring_Gear_3
100
AcDbEllipse
 10
210.000000001
 20
151.019837611
 30
0.000000000
 11
22.139830507
 21
0.000000000
 31
0.000000000
 40
0.577350269
 41
5.614577756
 42
5.616615981
  0
ELLIPSE
  5
D41
330
A02
100
AcDbEntity
  8
V_01_Base_Az_Ring_Gear_3
100
AcDbEllipse
 10
227.240228451
 20
143.189188865
 30
0.000000000
 11
0.203954802
 21
0.000000000
 31
0.000000000
 40
0.577350269
 41
5.618339569
 42
0.000000000
  0
ELLIPSE
  5
D42
330
A02
100
AcDbEntity
  8
V_01_Base_Az_Ring_Gear_3
100
AcDbEllipse
 10
227.240228451
 20
143.189188865
 30
0.000000000
 11
0.203954802
 21
0.000000000
 31
0.000000000
 40
0.577350269
 41
0.000000000
 42
0.503958331
  0
ELLIPSE
  5
D43
330
A02
100
AcDbEntity
  8
V_01_Base_Az_Ring_Gear_3
100
AcDbEllipse
 10
209.999998228
 20
151.019836169
 30
0.000000000
 11
20.932203390
 21
-0.000000000
 31
0.000000000
 40
0.577350269
 41
5.643382926
 42
5.666350918
  0
ELLIPSE
  5
D44
330
A02
100
AcDbEntity
  8
V_01_Base_Az_Ring_Gear_3
100
AcDbEllipse
 10
228.226780606
 20
143.973156948
 30
0.000000000
 11
0.203954802
 21
0.000000000
 31
0.000000000
 40
0.577350269
 41
4.522589914
 42
5.691393984
  0
ELLIPSE
  5
D45
330
A02
100
AcDbEntity
  8
V_01_Base_Az_Ring_Gear_3
100
AcDbEllipse
 10
209.999999998
 20
151.019837613
 30
0.000000000
 11
22.139830511
 21
0.000000000
 31
0.000000000
 40
0.577350269
 41
5.693117572
 42
5.695155797
  0
ELLIPSE
  5
D46
330
A02
100
AcDbEntity
  8
V_01_Base_Az_Ring_Gear_3
100
AcDbEllipse
 10
228.251229689
 20
143.994282562
 30
0.000000000
 11
0.203954802
 21
0.000000000
 31
0.000000000
 40
0.577350269
 41
5.696879385
 42
0.000000000
  0
ELLIPSE
  5
D47
330
A02
100
AcDbEntity
  8
V_01_Base_Az_Ring_Gear_3
100
AcDbEllipse
 10
228.251229689
 20
143.994282562
 30
0.000000000
 11
0.203954802
 21
0.000000000
 31
0.000000000
 40
0.577350269
 41
0.000000000
 42
0.582498148
  0
ELLIPSE
  5
D48
330
A02
100
AcDbEntity
  8
V_01_Base_Az_Ring_Gear_3
100
AcDbEllipse
 10
209.999998429
 20
151.019836094
 30
0.000000000
 11
20.932203390
 21
0.000000000
 31
0.000000000
 40
0.577350269
 41
5.721922743
 42
5.744890734
  0
ELLIPSE
  5
D49
330
A02
100
AcDbEntity
  8
V_01_Base_Az_Ring_Gear_3
100
AcDbEllipse
 10
229.128203180
 20
144.820523147
 30
0.000000000
 11
0.203954802
 21
0.000000000
 31
0.000000000
 40
0.577350269
 41
4.601129731
 42
5.769933800
  0
ELLIPSE
  5
D4A
330
A02
100
AcDbEntity
  8
V_01_Base_Az_Ring_Gear_3
100
AcDbEllipse
 10
209.999999999
 20
151.019837612
 30
0.000000000
 11
22.139830510
 21
0.000000000
 31
0.000000000
 40
0.577350269
 41
5.771657388
 42
5.773695614
  0
ELLIPSE
  5
D4B
330
A02
100
AcDbEntity
  8
V_01_Base_Az_Ring_Gear_3
100
AcDbEllipse
 10
229.149706026
 20
144.842691143
 30
0.000000000
 11
0.203954802
 21
0.000000000
 31
0.000000000
 40
0.577350269
 41
5.775419202
 42
0.000000000
  0
ELLIPSE
  5
D4C
330
A02
100
AcDbEntity
  8
V_01_Base_Az_Ring_Gear_3
100
AcDbEllipse
 10
229.149706026
 20
144.842691143
 30
0.000000000
 11
0.203954802
 21
0.000000000
 31
0.000000000
 40
0.577350269
 41
0.000000000
 42
0.661037964
  0
ELLIPSE
  5
D4D
330
A02
100
AcDbEntity
  8
V_01_Base_Az_Ring_Gear_3
100
AcDbEllipse
 10
209.999998641
 20
151.019836027
 30
0.000000000
 11
20.932203390
 21
0.000000000
 31
0.000000000
 40
0.577350269
 41
5.800462559
 42
5.823430551
  0
ELLIPSE
  5
D4E
330
A02
100
AcDbEntity
  8
V_01_Base_Az_Ring_Gear_3
100
AcDbEllipse
 10
229.911694022
 20
145.706110182
 30
0.000000000
 11
0.203954802
 21
0.000000000
 31
0.000000000
 40
0.577350269
 41
4.679669547
 42
5.848473617
  0
ELLIPSE
  5
D4F
330
A02
100
AcDbEntity
  8
V_01_Base_Az_Ring_Gear_3
100
AcDbEllipse
 10
210.000000006
 20
151.019837610
 30
0.000000000
 11
22.139830502
 21
0.000000000
 31
0.000000000
 40
0.577350269
 41
5.850197205
 42
5.852235430
  0
ELLIPSE
  5
D50
330
A02
100
AcDbEntity
  8
V_01_Base_Az_Ring_Gear_3
100
AcDbEllipse
 10
229.930118059
 20
145.729183885
 30
0.000000000
 11
0.203954802
 21
0.000000000
 31
0.000000000
 40
0.577350269
 41
5.853959018
 42
0.000000000
  0
ELLIPSE
  5
D51
330
A02
100
AcDbEntity
  8
V_01_Base_Az_Ring_Gear_3
100
AcDbEllipse
 10
229.930118059
 20
145.729183885
 30
0.000000000
 11
0.203954802
 21
0.000000000
 31
0.000000000
 40
0.577350269
 41
0.000000000
 42
0.739577780
  0
ELLIPSE
  5
D52
330
A02
100
AcDbEntity
  8
V_01_Base_Az_Ring_Gear_3
100
AcDbEllipse
 10
209.999998860
 20
151.019835970
 30
0.000000000
 11
20.932203390
 21
0.000000000
 31
0.000000000
 40
0.577350269
 41
5.879002375
 42
5.901970367
  0
ELLIPSE
  5
D53
330
A02
100
AcDbEntity
  8
V_01_Base_Az_Ring_Gear_3
100
AcDbEllipse
 10
230.572422648
 20
146.624458113
 30
0.000000000
 11
0.203954802
 21
0.000000000
 31
0.000000000
 40
0.577350269
 41
4.758209363
 42
5.927013433
  0
ELLIPSE
  5
D54
330
A02
100
AcDbEntity
  8
V_01_Base_Az_Ring_Gear_3
100
AcDbEllipse
 10
210.000000004
 20
151.019837611
 30
0.000000000
 11
22.139830504
 21
0.000000000
 31
0.000000000
 40
0.577350269
 41
5.928737021
 42
5.930775246
  0
ELLIPSE
  5
D55
330
A02
100
AcDbEntity
  8
V_01_Base_Az_Ring_Gear_3
100
AcDbEllipse
 10
230.587654286
 20
146.648295267
 30
0.000000000
 11
0.203954802
 21
0.000000000
 31
0.000000000
 40
0.577350269
 41
5.932498834
 42
0.000000000
  0
ELLIPSE
  5
D56
330
A02
100
AcDbEntity
  8
V_01_Base_Az_Ring_Gear_3
100
AcDbEllipse
 10
230.587654286
 20
146.648295267
 30
0.000000000
 11
0.203954802
 21
0.000000000
 31
0.000000000
 40
0.577350269
 41
0.000000000
 42
0.818117597
  0
ELLIPSE
  5
D57
330
A02
100
AcDbEntity
  8
V_01_Base_Az_Ring_Gear_3
100
AcDbEllipse
 10
209.999999087
 20
151.019835924
 30
0.000000000
 11
20.932203390
 21
0.000000000
 31
0.000000000
 40
0.577350269
 41
5.957542192
 42
5.980510183
  0
ELLIPSE
  5
D58
330
A02
100
AcDbEntity
  8
V_01_Base_Az_Ring_Gear_3
100
AcDbEllipse
 10
231.106315447
 20
147.569905021
 30
0.000000000
 11
0.203954802
 21
0.000000000
 31
0.000000000
 40
0.577350269
 41
4.836749180
 42
6.005553249
  0
ELLIPSE
  5
D59
330
A02
100
AcDbEntity
  8
V_01_Base_Az_Ring_Gear_3
100
AcDbEllipse
 10
209.999999992
 20
151.019837613
 30
0.000000000
 11
22.139830517
 21
0.000000000
 31
0.000000000
 40
0.577350269
 41
6.007276837
 42
6.009315063
  0
ELLIPSE
  5
D5A
330
A02
100
AcDbEntity
  8
V_01_Base_Az_Ring_Gear_3
100
AcDbEllipse
 10
231.118260778
 20
147.594358661
 30
0.000000000
 11
0.203954802
 21
0.000000000
 31
0.000000000
 40
0.577350269
 41
6.011038651
 42
0.000000000
  0
ELLIPSE
  5
D5B
330
A02
100
AcDbEntity
  8
V_01_Base_Az_Ring_Gear_3
100
AcDbEllipse
 10
231.118260778
 20
147.594358661
 30
0.000000000
 11
0.203954802
 21
0.000000000
 31
0.000000000
 40
0.577350269
 41
0.000000000
 42
0.896657413
  0
ELLIPSE
  5
D5C
330
A02
100
AcDbEntity
  8
V_01_Base_Az_Ring_Gear_3
100
AcDbEllipse
 10
209.999999319
 20
151.019835888
 30
0.000000000
 11
20.932203390
 21
0.000000000
 31
0.000000000
 40
0.577350269
 41
6.036082008
 42
6.059050000
  0
ELLIPSE
  5
D5D
330
A02
100
AcDbEntity
  8
V_01_Base_Az_Ring_Gear_3
100
AcDbEllipse
 10
231.510080794
 20
148.536621910
 30
0.000000000
 11
0.203954802
 21
0.000000000
 31
0.000000000
 40
0.577350269
 41
4.915288996
 42
6.084093066
  0
ELLIPSE
  5
D5E
330
A02
100
AcDbEntity
  8
V_01_Base_Az_Ring_Gear_3
100
AcDbEllipse
 10
209.999999991
 20
151.019837613
 30
0.000000000
 11
22.139830517
 21
0.000000000
 31
0.000000000
 40
0.577350269
 41
6.085816654
 42
6.087854879
  0
ELLIPSE
  5
D5F
330
A02
100
AcDbEntity
  8
V_01_Base_Az_Ring_Gear_3
100
AcDbEllipse
 10
231.518666170
 20
148.561541272
 30
0.000000000
 11
0.203954802
 21
0.000000000
 31
0.000000000
 40
0.577350269
 41
6.089578467
 42
0.000000000
  0
ELLIPSE
  5
D60
330
A02
100
AcDbEntity
  8
V_01_Base_Az_Ring_Gear_3
100
AcDbEllipse
 10
231.518666170
 20
148.561541272
 30
0.000000000
 11
0.203954802
 21
0.000000000
 31
0.000000000
 40
0.577350269
 41
0.000000000
 42
0.975197229
  0
ELLIPSE
  5
D61
330
A02
100
AcDbEntity
  8
V_01_Base_Az_Ring_Gear_3
100
AcDbEllipse
 10
209.999999556
 20
151.019835862
 30
0.000000000
 11
20.932203390
 21
0.000000000
 31
0.000000000
 40
0.577350269
 41
6.114621824
 42
6.137589816
  0
ELLIPSE
  5
D62
330
A02
100
AcDbEntity
  8
V_01_Base_Az_Ring_Gear_3
100
AcDbEllipse
 10
231.781229339
 20
149.518648650
 30
0.000000000
 11
0.203954802
 21
0.000000000
 31
0.000000000
 40
0.577350269
 41
4.993828812
 42
6.162632882
  0
ELLIPSE
  5
D63
330
A02
100
AcDbEntity
  8
V_01_Base_Az_Ring_Gear_3
100
AcDbEllipse
 10
209.999999993
 20
151.019837613
 30
0.000000000
 11
22.139830515
 21
0.000000000
 31
0.000000000
 40
0.577350269
 41
6.164356470
 42
6.166394695
  0
ELLIPSE
  5
D64
330
A02
100
AcDbEntity
  8
V_01_Base_Az_Ring_Gear_3
100
AcDbEllipse
 10
231.786401829
 20
149.543880097
 30
0.000000000
 11
0.203954802
 21
0.000000000
 31
0.000000000
 40
0.577350269
 41
6.168118283
 42
0.000000000
  0
ELLIPSE
  5
D65
330
A02
100
AcDbEntity
  8
V_01_Base_Az_Ring_Gear_3
100
AcDbEllipse
 10
231.786401829
 20
149.543880097
 30
0.000000000
 11
0.203954802
 21
0.000000000
 31
0.000000000
 40
0.577350269
 41
0.000000000
 42
1.053737046
  0
ELLIPSE
  5
D66
330
A02
100
AcDbEntity
  8
V_01_Base_Az_Ring_Gear_3
100
AcDbEllipse
 10
209.999999795
 20
151.019835847
 30
0.000000000
 11
20.932203390
 21
0.000000000
 31
0.000000000
 40
0.577350269
 41
6.193161641
 42
6.216129632
  0
ELLIPSE
  5
D67
330
A02
100
AcDbEntity
  8
V_01_Base_Az_Ring_Gear_3
100
AcDbEllipse
 10
231.918089362
 20
150.509930719
 30
0.000000000
 11
0.203954802
 21
0.000000000
 31
0.000000000
 40
0.577350269
 41
5.072368629
 42
6.241172698
  0
ELLIPSE
  5
D68
330
A02
100
AcDbEntity
  8
V_01_Base_Az_Ring_Gear_3
100
AcDbEllipse
 10
209.999999994
 20
151.019837612
 30
0.000000000
 11
22.139830514
 21
0.000000000
 31
0.000000000
 40
0.577350269
 41
6.242896286
 42
6.244934512
  0
ELLIPSE
  5
D69
330
A02
100
AcDbEntity
  8
V_01_Base_Az_Ring_Gear_3
100
AcDbEllipse
 10
231.919817076
 20
150.535318691
 30
0.000000000
 11
0.203954802
 21
0.000000000
 31
0.000000000
 40
0.577350269
 41
6.246658100
 42
0.000000000
  0
ELLIPSE
  5
D6A
330
A02
100
AcDbEntity
  8
V_01_Base_Az_Ring_Gear_3
100
AcDbEllipse
 10
231.919817076
 20
150.535318691
 30
0.000000000
 11
0.203954802
 21
0.000000000
 31
0.000000000
 40
0.577350269
 41
0.000000000
 42
1.132276862
  0
ELLIPSE
  5
D6B
330
A02
100
AcDbEntity
  8
V_01_Base_Az_Ring_Gear_3
100
AcDbEllipse
 10
210.000000035
 20
151.019835843
 30
0.000000000
 11
20.932203390
 21
0.000000000
 31
0.000000000
 40
0.577350269
 41
6.271701457
 42
0.000000000
  0
ELLIPSE
  5
D6C
330
A02
100
AcDbEntity
  8
V_01_Base_Az_Ring_Gear_3
100
AcDbEllipse
 10
210.000000035
 20
151.019835843
 30
0.000000000
 11
20.932203390
 21
0.000000000
 31
0.000000000
 40
0.577350269
 41
0.000000000
 42
0.011484142
  0
ELLIPSE
  5
D6D
330
A02
100
AcDbEntity
  8
V_01_Base_Az_Ring_Gear_3
100
AcDbEllipse
 10
231.919817076
 20
151.504356533
 30
0.000000000
 11
0.203954802
 21
0.000000000
 31
0.000000000
 40
0.577350269
 41
5.150908445
 42
0.000000000
  0
ELLIPSE
  5
D6E
330
A02
100
AcDbEntity
  8
V_01_Base_Az_Ring_Gear_3
100
AcDbEllipse
 10
231.919817076
 20
151.504356533
 30
0.000000000
 11
0.203954802
 21
0.000000000
 31
0.000000000
 40
0.577350269
 41
0.000000000
 42
0.036527208
  0
ELLIPSE
  5
D6F
330
A02
100
AcDbEntity
  8
V_01_Base_Az_Ring_Gear_3
100
AcDbEllipse
 10
210.000000000
 20
151.019837612
 30
0.000000000
 11
22.139830508
 21
0.000000000
 31
0.000000000
 40
0.577350269
 41
0.038250795
 42
0.040289021
  0
ELLIPSE
  5
D70
330
A02
100
AcDbEntity
  8
V_01_Base_Az_Ring_Gear_3
100
AcDbEllipse
 10
231.918089362
 20
151.529744506
 30
0.000000000
 11
0.203954802
 21
0.000000000
 31
0.000000000
 40
0.577350269
 41
0.042012609
 42
1.210816678
  0
ELLIPSE
  5
D71
330
A02
100
AcDbEntity
  8
V_01_Base_Az_Ring_Gear_3
100
AcDbEllipse
 10
210.000000275
 20
151.019835851
 30
0.000000000
 11
20.932203390
 21
0.000000000
 31
0.000000000
 40
0.577350269
 41
0.067055966
 42
0.090023958
  0
ELLIPSE
  5
D72
330
A02
100
AcDbEntity
  8
V_01_Base_Az_Ring_Gear_3
100
AcDbEllipse
 10
231.786401829
 20
152.495795127
 30
0.000000000
 11
0.203954802
 21
0.000000000
 31
0.000000000
 40
0.577350269
 41
5.229448261
 42
0.000000000
  0
ELLIPSE
  5
D73
330
A02
100
AcDbEntity
  8
V_01_Base_Az_Ring_Gear_3
100
AcDbEllipse
 10
231.786401829
 20
152.495795127
 30
0.000000000
 11
0.203954802
 21
0.000000000
 31
0.000000000
 40
0.577350269
 41
0.000000000
 42
0.115067024
  0
ELLIPSE
  5
D74
330
A02
100
AcDbEntity
  8
V_01_Base_Az_Ring_Gear_3
100
AcDbEllipse
 10
209.999999999
 20
151.019837612
 30
0.000000000
 11
22.139830509
 21
0.000000000
 31
0.000000000
 40
0.577350269
 41
0.116790612
 42
0.118828837
  0
ELLIPSE
  5
D75
330
A02
100
AcDbEntity
  8
V_01_Base_Az_Ring_Gear_3
100
AcDbEllipse
 10
231.781229339
 20
152.521026574
 30
0.000000000
 11
0.203954802
 21
0.000000000
 31
0.000000000
 40
0.577350269
 41
0.120552425
 42
1.289356495
  0
ELLIPSE
  5
D76
330
A02
100
AcDbEntity
  8
V_01_Base_Az_Ring_Gear_3
100
AcDbEllipse
 10
210.000000514
 20
151.019835868
 30
0.000000000
 11
20.932203390
 21
0.000000000
 31
0.000000000
 40
0.577350269
 41
0.145595783
 42
0.168563774
  0
ELLIPSE
  5
D77
330
A02
100
AcDbEntity
  8
V_01_Base_Az_Ring_Gear_3
100
AcDbEllipse
 10
231.518666170
 20
153.478133952
 30
0.000000000
 11
0.203954802
 21
0.000000000
 31
0.000000000
 40
0.577350269
 41
5.307988078
 42
0.000000000
  0
ELLIPSE
  5
D78
330
A02
100
AcDbEntity
  8
V_01_Base_Az_Ring_Gear_3
100
AcDbEllipse
 10
231.518666170
 20
153.478133952
 30
0.000000000
 11
0.203954802
 21
0.000000000
 31
0.000000000
 40
0.577350269
 41
0.000000000
 42
0.193606840
  0
ELLIPSE
  5
D79
330
A02
100
AcDbEntity
  8
V_01_Base_Az_Ring_Gear_3
100
AcDbEllipse
 10
209.999999996
 20
151.019837612
 30
0.000000000
 11
22.139830513
 21
-0.000000000
 31
0.000000000
 40
0.577350269
 41
0.195330428
 42
0.197368654
  0
ELLIPSE
  5
D7A
330
A02
100
AcDbEntity
  8
V_01_Base_Az_Ring_Gear_3
100
AcDbEllipse
 10
231.510080794
 20
153.503053314
 30
0.000000000
 11
0.203954802
 21
0.000000000
 31
0.000000000
 40
0.577350269
 41
0.199092241
 42
1.367896311
  0
ELLIPSE
  5
D7B
330
A02
100
AcDbEntity
  8
V_01_Base_Az_Ring_Gear_3
100
AcDbEllipse
 10
210.000000749
 20
151.019835897
 30
0.000000000
 11
20.932203390
 21
0.000000000
 31
0.000000000
 40
0.577350269
 41
0.224135599
 42
0.247103591
  0
ELLIPSE
  5
D7C
330
A02
100
AcDbEntity
  8
V_01_Base_Az_Ring_Gear_3
100
AcDbEllipse
 10
231.118260778
 20
154.445316563
 30
0.000000000
 11
0.203954802
 21
0.000000000
 31
0.000000000
 40
0.577350269
 41
5.386527894
 42
0.000000000
  0
ELLIPSE
  5
D7D
330
A02
100
AcDbEntity
  8
V_01_Base_Az_Ring_Gear_3
100
AcDbEllipse
 10
231.118260778
 20
154.445316563
 30
0.000000000
 11
0.203954802
 21
0.000000000
 31
0.000000000
 40
0.577350269
 41
0.000000000
 42
0.272146657
  0
ELLIPSE
  5
D7E
330
A02
100
AcDbEntity
  8
V_01_Base_Az_Ring_Gear_3
100
AcDbEllipse
 10
209.999999995
 20
151.019837611
 30
0.000000000
 11
22.139830513
 21
0.000000000
 31
0.000000000
 40
0.577350269
 41
0.273870244
 42
0.275908470
  0
ELLIPSE
  5
D7F
330
A02
100
AcDbEntity
  8
V_01_Base_Az_Ring_Gear_3
100
AcDbEllipse
 10
231.106315447
 20
154.469770203
 30
0.000000000
 11
0.203954802
 21
0.000000000
 31
0.000000000
 40
0.577350269
 41
0.277632058
 42
1.446436127
  0
ELLIPSE
  5
D80
330
A02
100
AcDbEntity
  8
V_01_Base_Az_Ring_Gear_3
100
AcDbEllipse
 10
210.000000980
 20
151.019835936
 30
0.000000000
 11
20.932203390
 21
0.000000000
 31
0.000000000
 40
0.577350269
 41
0.302675415
 42
0.325643407
  0
ELLIPSE
  5
D81
330
A02
100
AcDbEntity
  8
V_01_Base_Az_Ring_Gear_3
100
AcDbEllipse
 10
230.587654286
 20
155.391379957
 30
0.000000000
 11
0.203954802
 21
0.000000000
 31
0.000000000
 40
0.577350269
 41
5.465067710
 42
0.000000000
  0
ELLIPSE
  5
D82
330
A02
100
AcDbEntity
  8
V_01_Base_Az_Ring_Gear_3
100
AcDbEllipse
 10
230.587654286
 20
155.391379957
 30
0.000000000
 11
0.203954802
 21
0.000000000
 31
0.000000000
 40
0.577350269
 41
0.000000000
 42
0.350686473
  0
ELLIPSE
  5
D83
330
A02
100
AcDbEntity
  8
V_01_Base_Az_Ring_Gear_3
100
AcDbEllipse
 10
210.000000004
 20
151.019837613
 30
0.000000000
 11
22.139830504
 21
0.000000000
 31
0.000000000
 40
0.577350269
 41
0.352410061
 42
0.354448286
  0
ELLIPSE
  5
D84
330
A02
100
AcDbEntity
  8
V_01_Base_Az_Ring_Gear_3
100
AcDbEllipse
 10
230.572422648
 20
155.415217111
 30
0.000000000
 11
0.203954802
 21
0.000000000
 31
0.000000000
 40
0.577350269
 41
0.356171874
 42
1.524975944
  0
ELLIPSE
  5
D85
330
A02
100
AcDbEntity
  8
V_01_Base_Az_Ring_Gear_3
100
AcDbEllipse
 10
210.000001205
 20
151.019835986
 30
0.000000000
 11
20.932203390
 21
0.000000000
 31
0.000000000
 40
0.577350269
 41
0.381215232
 42
0.404183223
  0
ELLIPSE
  5
D86
330
A02
100
AcDbEntity
  8
V_01_Base_Az_Ring_Gear_3
100
AcDbEllipse
 10
229.930118059
 20
156.310491339
 30
0.000000000
 11
0.203954802
 21
0.000000000
 31
0.000000000
 40
0.577350269
 41
5.543607527
 42
0.000000000
  0
ELLIPSE
  5
D87
330
A02
100
AcDbEntity
  8
V_01_Base_Az_Ring_Gear_3
100
AcDbEllipse
 10
229.930118059
 20
156.310491339
 30
0.000000000
 11
0.203954802
 21
0.000000000
 31
0.000000000
 40
0.577350269
 41
0.000000000
 42
0.429226289
  0
ELLIPSE
  5
D88
330
A02
100
AcDbEntity
  8
V_01_Base_Az_Ring_Gear_3
100
AcDbEllipse
 10
210.000000010
 20
151.019837615
 30
0.000000000
 11
22.139830497
 21
0.000000000
 31
0.000000000
 40
0.577350269
 41
0.430949877
 42
0.432988103
  0
ELLIPSE
  5
D89
330
A02
100
AcDbEntity
  8
V_01_Base_Az_Ring_Gear_3
100
AcDbEllipse
 10
229.911694022
 20
156.333565042
 30
0.000000000
 11
0.203954802
 21
0.000000000
 31
0.000000000
 40
0.577350269
 41
0.434711690
 42
1.603515760
  0
ELLIPSE
  5
D8A
330
A02
100
AcDbEntity
  8
V_01_Base_Az_Ring_Gear_3
100
AcDbEllipse
 10
210.000001422
 20
151.019836045
 30
0.000000000
 11
20.932203390
 21
0.000000000
 31
0.000000000
 40
0.577350269
 41
0.459755048
 42
0.482723040
  0
ELLIPSE
  5
D8B
330
A02
100
AcDbEntity
  8
V_01_Base_Az_Ring_Gear_3
100
AcDbEllipse
 10
229.149706026
 20
157.196984081
 30
0.000000000
 11
0.203954802
 21
0.000000000
 31
0.000000000
 40
0.577350269
 41
5.622147343
 42
0.000000000
  0
ELLIPSE
  5
D8C
330
A02
100
AcDbEntity
  8
V_01_Base_Az_Ring_Gear_3
100
AcDbEllipse
 10
229.149706026
 20
157.196984081
 30
0.000000000
 11
0.203954802
 21
0.000000000
 31
0.000000000
 40
0.577350269
 41
0.000000000
 42
0.507766106
  0
ELLIPSE
  5
D8D
330
A02
100
AcDbEntity
  8
V_01_Base_Az_Ring_Gear_3
100
AcDbEllipse
 10
209.999999999
 20
151.019837612
 30
0.000000000
 11
22.139830510
 21
0.000000000
 31
0.000000000
 40
0.577350269
 41
0.509489693
 42
0.511527919
  0
ELLIPSE
  5
D8E
330
A02
100
AcDbEntity
  8
V_01_Base_Az_Ring_Gear_3
100
AcDbEllipse
 10
229.128203180
 20
157.219152077
 30
0.000000000
 11
0.203954802
 21
0.000000000
 31
0.000000000
 40
0.577350269
 41
0.513251507
 42
1.682055576
  0
ELLIPSE
  5
D8F
330
A02
100
AcDbEntity
  8
V_01_Base_Az_Ring_Gear_3
100
AcDbEllipse
 10
210.000001631
 20
151.019836115
 30
0.000000000
 11
20.932203390
 21
0.000000000
 31
0.000000000
 40
0.577350269
 41
0.538294864
 42
0.561262856
  0
ELLIPSE
  5
D90
330
A02
100
AcDbEntity
  8
V_01_Base_Az_Ring_Gear_3
100
AcDbEllipse
 10
228.251229689
 20
158.045392662
 30
0.000000000
 11
0.203954802
 21
0.000000000
 31
0.000000000
 40
0.577350269
 41
5.700687160
 42
0.000000000
  0
ELLIPSE
  5
D91
330
A02
100
AcDbEntity
  8
V_01_Base_Az_Ring_Gear_3
100
AcDbEllipse
 10
228.251229689
 20
158.045392662
 30
0.000000000
 11
0.203954802
 21
0.000000000
 31
0.000000000
 40
0.577350269
 41
0.000000000
 42
0.586305922
  0
ELLIPSE
  5
D92
330
A02
100
AcDbEntity
  8
V_01_Base_Az_Ring_Gear_3
100
AcDbEllipse
 10
209.999999998
 20
151.019837611
 30
0.000000000
 11
22.139830511
 21
0.000000000
 31
0.000000000
 40
0.577350269
 41
0.588029510
 42
0.590067735
  0
ELLIPSE
  5
D93
330
A02
100
AcDbEntity
  8
V_01_Base_Az_Ring_Gear_3
100
AcDbEllipse
 10
228.226780606
 20
158.066518276
 30
0.000000000
 11
0.203954802
 21
0.000000000
 31
0.000000000
 40
0.577350269
 41
0.591791323
 42
1.760595393
  0
ELLIPSE
  5
D94
330
A02
100
AcDbEntity
  8
V_01_Base_Az_Ring_Gear_3
100
AcDbEllipse
 10
210.000001829
 20
151.019836193
 30
0.000000000
 11
20.932203390
 21
0.000000000
 31
0.000000000
 40
0.577350269
 41
0.616834681
 42
0.639802672
  0
ELLIPSE
  5
D95
330
A02
100
AcDbEntity
  8
V_01_Base_Az_Ring_Gear_3
100
AcDbEllipse
 10
227.240228451
 20
158.850486359
 30
0.000000000
 11
0.203954802
 21
-0.000000000
 31
0.000000000
 40
0.577350269
 41
5.779226976
 42
0.000000000
  0
ELLIPSE
  5
D96
330
A02
100
AcDbEntity
  8
V_01_Base_Az_Ring_Gear_3
100
AcDbEllipse
 10
227.240228451
 20
158.850486359
 30
0.000000000
 11
0.203954802
 21
-0.000000000
 31
0.000000000
 40
0.577350269
 41
0.000000000
 42
0.664845738
  0
ELLIPSE
  5
D97
330
A02
100
AcDbEntity
  8
V_01_Base_Az_Ring_Gear_3
100
AcDbEllipse
 10
209.999999993
 20
151.019837609
 30
0.000000000
 11
22.139830518
 21
0.000000000
 31
0.000000000
 40
0.577350269
 41
0.666569326
 42
0.668607552
  0
ELLIPSE
  5
D98
330
A02
100
AcDbEntity
  8
V_01_Base_Az_Ring_Gear_3
100
AcDbEllipse
 10
227.212983868
 20
158.870439346
 30
0.000000000
 11
0.203954802
 21
0.000000000
 31
0.000000000
 40
0.577350269
 41
0.670331140
 42
1.839135209
  0
ELLIPSE
  5
D99
330
A02
100
AcDbEntity
  8
V_01_Base_Az_Ring_Gear_3
100
AcDbEllipse
 10
210.000002016
 20
151.019836280
 30
0.000000000
 11
20.932203390
 21
0.000000000
 31
0.000000000
 40
0.577350269
 41
0.695374497
 42
0.718342489
  0
ELLIPSE
  5
D9A
330
A02
100
AcDbEntity
  8
V_01_Base_Az_Ring_Gear_3
100
AcDbEllipse
 10
226.122935471
 20
159.607301502
 30
0.000000000
 11
0.203954802
 21
0.000000000
 31
0.000000000
 40
0.577350269
 41
5.857766792
 42
0.000000000
  0
ELLIPSE
  5
D9B
330
A02
100
AcDbEntity
  8
V_01_Base_Az_Ring_Gear_3
100
AcDbEllipse
 10
226.122935471
 20
159.607301502
 30
0.000000000
 11
0.203954802
 21
0.000000000
 31
0.000000000
 40
0.577350269
 41
0.000000000
 42
0.743385555
  0
ELLIPSE
  5
D9C
330
A02
100
AcDbEntity
  8
V_01_Base_Az_Ring_Gear_3
100
AcDbEllipse
 10
210.000000000
 20
151.019837612
 30
0.000000000
 11
22.139830509
 21
0.000000000
 31
0.000000000
 40
0.577350269
 41
0.745109142
 42
0.747147368
  0
ELLIPSE
  5
D9D
330
A02
100
AcDbEntity
  8
V_01_Base_Az_Ring_Gear_3
100
AcDbEllipse
 10
226.093063361
 20
159.625958846
 30
0.000000000
 11
0.203954802
 21
0.000000000
 31
0.000000000
 40
0.577350269
 41
0.748870956
 42
1.917675025
  0
ELLIPSE
  5
D9E
330
A02
100
AcDbEntity
  8
V_01_Base_Az_Ring_Gear_3
100
AcDbEllipse
 10
210.000002191
 20
151.019836376
 30
0.000000000
 11
20.932203390
 21
0.000000000
 31
0.000000000
 40
0.577350269
 41
0.773914313
 42
0.796882305
  0
ELLIPSE
  5
D9F
330
A02
100
AcDbEntity
  8
V_01_Base_Az_Ring_Gear_3
100
AcDbEllipse
 10
224.906239234
 20
160.311172075
 30
0.000000000
 11
0.203954802
 21
0.000000000
 31
0.000000000
 40
0.577350269
 41
5.936306609
 42
0.000000000
  0
ELLIPSE
  5
DA0
330
A02
100
AcDbEntity
  8
V_01_Base_Az_Ring_Gear_3
100
AcDbEllipse
 10
224.906239234
 20
160.311172075
 30
0.000000000
 11
0.203954802
 21
0.000000000
 31
0.000000000
 40
0.577350269
 41
0.000000000
 42
0.821925371
  0
ELLIPSE
  5
DA1
330
A02
100
AcDbEntity
  8
V_01_Base_Az_Ring_Gear_3
100
AcDbEllipse
 10
210.000000000
 20
151.019837612
 30
0.000000000
 11
22.139830509
 21
0.000000000
 31
0.000000000
 40
0.577350269
 41
0.823648959
 42
0.825687184
  0
ELLIPSE
  5
DA2
330
A02
100
AcDbEntity
  8
V_01_Base_Az_Ring_Gear_3
100
AcDbEllipse
 10
224.873923766
 20
160.328418747
 30
0.000000000
 11
0.203954802
 21
0.000000000
 31
0.000000000
 40
0.577350269
 41
0.827410772
 42
1.996214842
  0
ELLIPSE
  5
DA3
330
A02
100
AcDbEntity
  8
V_01_Base_Az_Ring_Gear_3
100
AcDbEllipse
 10
210.000002352
 20
151.019836479
 30
0.000000000
 11
20.932203390
 21
0.000000000
 31
0.000000000
 40
0.577350269
 41
0.852454130
 42
0.875422121
  0
ELLIPSE
  5
DA4
330
A02
100
AcDbEntity
  8
V_01_Base_Az_Ring_Gear_3
100
AcDbEllipse
 10
223.597641074
 20
160.957758482
 30
0.000000000
 11
0.203954802
 21
0.000000000
 31
0.000000000
 40
0.577350269
 41
6.014846425
 42
0.000000000
  0
ELLIPSE
  5
DA5
330
A02
100
AcDbEntity
  8
V_01_Base_Az_Ring_Gear_3
100
AcDbEllipse
 10
223.597641074
 20
160.957758482
 30
0.000000000
 11
0.203954802
 21
0.000000000
 31
0.000000000
 40
0.577350269
 41
0.000000000
 42
0.900465187
  0
ELLIPSE
  5
DA6
330
A02
100
AcDbEntity
  8
V_01_Base_Az_Ring_Gear_3
100
AcDbEllipse
 10
210.000000001
 20
151.019837613
 30
0.000000000
 11
22.139830507
 21
0.000000000
 31
0.000000000
 40
0.577350269
 41
0.902188775
 42
0.904227001
  0
ELLIPSE
  5
DA7
330
A02
100
AcDbEntity
  8
V_01_Base_Az_Ring_Gear_3
100
AcDbEllipse
 10
223.563081485
 20
160.973488149
 30
0.000000000
 11
0.203954802
 21
0.000000000
 31
0.000000000
 40
0.577350269
 41
0.905950589
 42
2.074754658
  0
ELLIPSE
  5
DA8
330
A02
100
AcDbEntity
  8
V_01_Base_Az_Ring_Gear_3
100
AcDbEllipse
 10
210.000002499
 20
151.019836589
 30
0.000000000
 11
20.932203390
 21
0.000000000
 31
0.000000000
 40
0.577350269
 41
0.930993946
 42
0.953961938
  0
ELLIPSE
  5
DA9
330
A02
100
AcDbEntity
  8
V_01_Base_Az_Ring_Gear_3
100
AcDbEllipse
 10
222.205208935
 20
161.543074301
 30
0.000000000
 11
0.203954802
 21
0.000000000
 31
0.000000000
 40
0.577350269
 41
6.093386241
 42
0.000000000
  0
ELLIPSE
  5
DAA
330
A02
100
AcDbEntity
  8
V_01_Base_Az_Ring_Gear_3
100
AcDbEllipse
 10
222.205208935
 20
161.543074301
 30
0.000000000
 11
0.203954802
 21
0.000000000
 31
0.000000000
 40
0.577350269
 41
0.000000000
 42
0.979005004
  0
ELLIPSE
  5
DAB
330
A02
100
AcDbEntity
  8
V_01_Base_Az_Ring_Gear_3
100
AcDbEllipse
 10
209.999999999
 20
151.019837611
 30
0.000000000
 11
22.139830511
 21
0.000000000
 31
0.000000000
 40
0.577350269
 41
0.980728592
 42
0.982766817
  0
ELLIPSE
  5
DAC
330
A02
100
AcDbEntity
  8
V_01_Base_Az_Ring_Gear_3
100
AcDbEllipse
 10
222.168618297
 20
161.557189986
 30
0.000000000
 11
0.203954802
 21
-0.000000000
 31
0.000000000
 40
0.577350269
 41
0.984490405
 42
2.153294474
  0
ELLIPSE
  5
DAD
330
A02
100
AcDbEntity
  8
V_01_Base_Az_Ring_Gear_3
100
AcDbEllipse
 10
210.000002630
 20
151.019836705
 30
0.000000000
 11
20.932203390
 21
0.000000000
 31
0.000000000
 40
0.577350269
 41
1.009533762
 42
1.032501754
  0
ELLIPSE
  5
DAE
330
A02
100
AcDbEntity
  8
V_01_Base_Az_Ring_Gear_3
100
AcDbEllipse
 10
220.737527625
 20
162.063510867
 30
0.000000000
 11
0.203954802
 21
0.000000000
 31
0.000000000
 40
0.577350269
 41
6.171926058
 42
0.000000000
  0
ELLIPSE
  5
DAF
330
A02
100
AcDbEntity
  8
V_01_Base_Az_Ring_Gear_3
100
AcDbEllipse
 10
220.737527625
 20
162.063510867
 30
0.000000000
 11
0.203954802
 21
0.000000000
 31
0.000000000
 40
0.577350269
 41
0.000000000
 42
1.057544820
  0
ELLIPSE
  5
DB0
330
A02
100
AcDbEntity
  8
V_01_Base_Az_Ring_Gear_3
100
AcDbEllipse
 10
209.999999999
 20
151.019837611
 30
0.000000000
 11
22.139830510
 21
0.000000000
 31
0.000000000
 40
0.577350269
 41
1.059268408
 42
1.061306633
  0
ELLIPSE
  5
DB1
330
A02
100
AcDbEntity
  8
V_01_Base_Az_Ring_Gear_3
100
AcDbEllipse
 10
220.699131531
 20
162.075925541
 30
0.000000000
 11
0.203954802
 21
-0.000000000
 31
0.000000000
 40
0.577350269
 41
1.063030221
 42
2.231834291
  0
ELLIPSE
  5
DB2
330
A02
100
AcDbEntity
  8
V_01_Base_Az_Ring_Gear_3
100
AcDbEllipse
 10
210.000002745
 20
151.019836827
 30
0.000000000
 11
20.932203390
 21
0.000000000
 31
0.000000000
 40
0.577350269
 41
1.088073579
 42
1.111041570
  0
ELLIPSE
  5
DB3
330
A02
100
AcDbEntity
  8
V_01_Base_Az_Ring_Gear_3
100
AcDbEllipse
 10
219.203645887
 20
162.515859515
 30
0.000000000
 11
0.203954802
 21
0.000000000
 31
0.000000000
 40
0.577350269
 41
6.250465874
 42
0.000000000
  0
ELLIPSE
  5
DB4
330
A02
100
AcDbEntity
  8
V_01_Base_Az_Ring_Gear_3
100
AcDbEllipse
 10
219.203645887
 20
162.515859515
 30
0.000000000
 11
0.203954802
 21
0.000000000
 31
0.000000000
 40
0.577350269
 41
0.000000000
 42
1.136084636
  0
ELLIPSE
  5
DB5
330
A02
100
AcDbEntity
  8
V_01_Base_Az_Ring_Gear_3
100
AcDbEllipse
 10
210.000000003
 20
151.019837616
 30
0.000000000
 11
22.139830502
 21
0.000000000
 31
0.000000000
 40
0.577350269
 41
1.137808224
 42
1.139846450
  0
ELLIPSE
  5
DB6
330
A02
100
AcDbEntity
  8
V_01_Base_Az_Ring_Gear_3
100
AcDbEllipse
 10
219.163681061
 20
162.526496638
 30
0.000000000
 11
0.203954802
 21
0.000000000
 31
0.000000000
 40
0.577350269
 41
1.141570038
 42
2.310374107
  0
ELLIPSE
  5
DB7
330
A02
100
AcDbEntity
  8
V_01_Base_Az_Ring_Gear_3
100
AcDbEllipse
 10
210.000002844
 20
151.019836954
 30
0.000000000
 11
20.932203390
 21
0.000000000
 31
0.000000000
 40
0.577350269
 41
1.166613395
 42
1.189581387
  0
ELLIPSE
  5
DB8
330
A02
100
AcDbEntity
  8
V_01_Base_Az_Ring_Gear_3
100
AcDbEllipse
 10
217.613020610
 20
162.897331366
 30
0.000000000
 11
0.203954802
 21
0.000000000
 31
0.000000000
 40
0.577350269
 41
0.045820383
 42
1.214624453
  0
ELLIPSE
  5
DB9
330
A02
100
AcDbEntity
  8
V_01_Base_Az_Ring_Gear_3
100
AcDbEllipse
 10
210.000000001
 20
151.019837614
 30
0.000000000
 11
22.139830504
 21
0.000000000
 31
0.000000000
 40
0.577350269
 41
1.216348041
 42
1.218386266
  0
ELLIPSE
  5
DBA
330
A02
100
AcDbEntity
  8
V_01_Base_Az_Ring_Gear_3
100
AcDbEllipse
 10
217.571733450
 20
162.906125356
 30
0.000000000
 11
0.203954802
 21
0.000000000
 31
0.000000000
 40
0.577350269
 41
1.220109854
 42
2.388913923
  0
ELLIPSE
  5
DBB
330
A02
100
AcDbEntity
  8
V_01_Base_Az_Ring_Gear_3
100
AcDbEllipse
 10
210.000002924
 20
151.019837085
 30
0.000000000
 11
20.932203390
 21
0.000000000
 31
0.000000000
 40
0.577350269
 41
1.245153211
 42
1.268121203
  0
ELLIPSE
  5
DBC
330
A02
100
AcDbEntity
  8
V_01_Base_Az_Ring_Gear_3
100
AcDbEllipse
 10
215.975458531
 20
163.205574517
 30
0.000000000
 11
0.203954802
 21
0.000000000
 31
0.000000000
 40
0.577350269
 41
0.124360199
 42
1.293164269
  0
ELLIPSE
  5
DBD
330
A02
100
AcDbEntity
  8
V_01_Base_Az_Ring_Gear_3
100
AcDbEllipse
 10
209.999999998
 20
151.019837608
 30
0.000000000
 11
22.139830517
 21
0.000000000
 31
0.000000000
 40
0.577350269
 41
1.294887857
 42
1.296926082
  0
ELLIPSE
  5
DBE
330
A02
100
AcDbEntity
  8
V_01_Base_Az_Ring_Gear_3
100
AcDbEllipse
 10
215.933103584
 20
163.212471157
 30
0.000000000
 11
0.203954802
 21
0.000000000
 31
0.000000000
 40
0.577350269
 41
1.298649670
 42
2.467453740
  0
ELLIPSE
  5
DBF
330
A02
100
AcDbEntity
  8
V_01_Base_Az_Ring_Gear_3
100
AcDbEllipse
 10
210.000002987
 20
151.019837219
 30
0.000000000
 11
20.932203390
 21
0.000000000
 31
0.000000000
 40
0.577350269
 41
1.323693028
 42
1.346661019
  0
ELLIPSE
  5
DC0
330
A02
100
AcDbEntity
  8
V_01_Base_Az_Ring_Gear_3
100
AcDbEllipse
 10
214.301055762
 20
163.438688548
 30
0.000000000
 11
0.203954802
 21
0.000000000
 31
0.000000000
 40
0.577350269
 41
0.202900016
 42
1.371704085
  0
ELLIPSE
  5
DC1
330
A02
100
AcDbEntity
  8
V_01_Base_Az_Ring_Gear_3
100
AcDbEllipse
 10
209.999999998
 20
151.019837607
 30
0.000000000
 11
22.139830517
 21
0.000000000
 31
0.000000000
 40
0.577350269
 41
1.373427673
 42
1.375465899
  0
ELLIPSE
  5
DC2
330
A02
100
AcDbEntity
  8
V_01_Base_Az_Ring_Gear_3
100
AcDbEllipse
 10
214.257894162
 20
163.443645318
 30
0.000000000
 11
0.203954802
 21
0.000000000
 31
0.000000000
 40
0.577350269
 41
1.377189487
 42
2.545993556
  0
ELLIPSE
  5
DC3
330
A02
100
AcDbEntity
  8
V_01_Base_Az_Ring_Gear_3
100
AcDbEllipse
 10
210.000003031
 20
151.019837355
 30
0.000000000
 11
20.932203390
 21
0.000000000
 31
0.000000000
 40
0.577350269
 41
1.402232844
 42
1.425200836
  0
ELLIPSE
  5
DC4
330
A02
100
AcDbEntity
  8
V_01_Base_Az_Ring_Gear_3
100
AcDbEllipse
 10
212.600135555
 20
163.595236234
 30
0.000000000
 11
0.203954802
 21
0.000000000
 31
0.000000000
 40
0.577350269
 41
0.281439832
 42
1.450243902
  0
ELLIPSE
  5
DC5
330
A02
100
AcDbEntity
  8
V_01_Base_Az_Ring_Gear_3
100
AcDbEllipse
 10
209.999999999
 20
151.019837608
 30
0.000000000
 11
22.139830515
 21
0.000000000
 31
0.000000000
 40
0.577350269
 41
1.451967490
 42
1.454005715
  0
ELLIPSE
  5
DC6
330
A02
100
AcDbEntity
  8
V_01_Base_Az_Ring_Gear_3
100
AcDbEllipse
 10
212.556433406
 20
163.598222573
 30
0.000000000
 11
0.203954802
 21
0.000000000
 31
0.000000000
 40
0.577350269
 41
1.455729303
 42
2.624533372
  0
ELLIPSE
  5
DC7
330
A02
100
AcDbEntity
  8
V_01_Base_Az_Ring_Gear_3
100
AcDbEllipse
 10
210.000003057
 20
151.019837494
 30
0.000000000
 11
20.932203390
 21
0.000000000
 31
0.000000000
 40
0.577350269
 41
1.480772660
 42
1.503740652
  0
ELLIPSE
  5
DC8
330
A02
100
AcDbEntity
  8
V_01_Base_Az_Ring_Gear_3
100
AcDbEllipse
 10
210.883184647
 20
163.674252405
 30
0.000000000
 11
0.203954802
 21
0.000000000
 31
0.000000000
 40
0.577350269
 41
0.359979648
 42
1.528783718
  0
ELLIPSE
  5
DC9
330
A02
100
AcDbEntity
  8
V_01_Base_Az_Ring_Gear_3
100
AcDbEllipse
 10
210.000000000
 20
151.019837609
 30
0.000000000
 11
22.139830514
 21
0.000000000
 31
0.000000000
 40
0.577350269
 41
1.530507306
 42
1.532545531
  0
ELLIPSE
  5
DCA
330
A02
100
AcDbEntity
  8
V_01_Base_Az_Ring_Gear_3
100
AcDbEllipse
 10
210.839211388
 20
163.675249902
 30
0.000000000
 11
0.203954802
 21
0.000000000
 31
0.000000000
 40
0.577350269
 41
1.534269119
 42
2.703073189
  0
ELLIPSE
  5
DCB
330
A02
100
AcDbEntity
  8
V_01_Base_Az_Ring_Gear_3
100
AcDbEllipse
 10
210.000003063
 20
151.019837632
 30
0.000000000
 11
20.932203390
 21
0.000000000
 31
0.000000000
 40
0.577350269
 41
1.559312477
 42
1.582280468
  0
ELLIPSE
  5
DCC
330
A02
100
AcDbEntity
  8
V_01_Base_Az_Ring_Gear_3
100
AcDbEllipse
 10
209.160788612
 20
163.675249902
 30
0.000000000
 11
0.203954802
 21
0.000000000
 31
0.000000000
 40
0.577350269
 41
0.438519465
 42
1.607323534
  0
ELLIPSE
  5
DCD
330
A02
100
AcDbEntity
  8
V_01_Base_Az_Ring_Gear_3
100
AcDbEllipse
 10
210.000000000
 20
151.019837612
 30
0.000000000
 11
22.139830508
 21
0.000000000
 31
0.000000000
 40
0.577350269
 41
1.609047122
 42
1.611085348
  0
ELLIPSE
  5
DCE
330
A02
100
AcDbEntity
  8
V_01_Base_Az_Ring_Gear_3
100
AcDbEllipse
 10
209.116815353
 20
163.674252405
 30
0.000000000
 11
0.203954802
 21
0.000000000
 31
0.000000000
 40
0.577350269
 41
1.612808936
 42
2.781613005
  0
ELLIPSE
  5
DCF
330
A02
100
AcDbEntity
  8
V_01_Base_Az_Ring_Gear_3
100
AcDbEllipse
 10
210.000003051
 20
151.019837771
 30
0.000000000
 11
20.932203390
 21
0.000000000
 31
0.000000000
 40
0.577350269
 41
1.637852293
 42
1.660820285
  0
ELLIPSE
  5
DD0
330
A02
100
AcDbEntity
  8
V_01_Base_Az_Ring_Gear_3
100
AcDbEllipse
 10
207.443566594
 20
163.598222573
 30
0.000000000
 11
0.203954802
 21
0.000000000
 31
0.000000000
 40
0.577350269
 41
0.517059281
 42
1.685863351
  0
ELLIPSE
  5
DD1
330
A02
100
AcDbEntity
  8
V_01_Base_Az_Ring_Gear_3
100
AcDbEllipse
 10
210.000000000
 20
151.019837612
 30
0.000000000
 11
22.139830509
 21
0.000000000
 31
0.000000000
 40
0.577350269
 41
1.687586939
 42
1.689625164
  0
ELLIPSE
  5
DD2
330
A02
100
AcDbEntity
  8
V_01_Base_Az_Ring_Gear_3
100
AcDbEllipse
 10
207.399864445
 20
163.595236234
 30
0.000000000
 11
0.203954802
 21
0.000000000
 31
0.000000000
 40
0.577350269
 41
1.691348752
 42
2.860152822
  0
ELLIPSE
  5
DD3
330
A02
100
AcDbEntity
  8
V_01_Base_Az_Ring_Gear_3
100
AcDbEllipse
 10
210.000003020
 20
151.019837909
 30
0.000000000
 11
20.932203390
 21
0.000000000
 31
0.000000000
 40
0.577350269
 41
1.716392109
 42
1.739360101
  0
ELLIPSE
  5
DD4
330
A02
100
AcDbEntity
  8
V_01_Base_Az_Ring_Gear_3
100
AcDbEllipse
 10
205.742105838
 20
163.443645318
 30
0.000000000
 11
0.203954802
 21
0.000000000
 31
0.000000000
 40
0.577350269
 41
0.595599097
 42
1.764403167
  0
ELLIPSE
  5
DD5
330
A02
100
AcDbEntity
  8
V_01_Base_Az_Ring_Gear_3
100
AcDbEllipse
 10
210.000000001
 20
151.019837610
 30
0.000000000
 11
22.139830513
 21
0.000000000
 31
0.000000000
 40
0.577350269
 41
1.766126755
 42
1.768164980
  0
ELLIPSE
  5
DD6
330
A02
100
AcDbEntity
  8
V_01_Base_Az_Ring_Gear_3
100
AcDbEllipse
 10
205.698944238
 20
163.438688548
 30
0.000000000
 11
0.203954802
 21
0.000000000
 31
0.000000000
 40
0.577350269
 41
1.769888568
 42
2.938692638
  0
ELLIPSE
  5
DD7
330
A02
100
AcDbEntity
  8
V_01_Base_Az_Ring_Gear_3
100
AcDbEllipse
 10
210.000002970
 20
151.019838045
 30
0.000000000
 11
20.932203390
 21
0.000000000
 31
0.000000000
 40
0.577350269
 41
1.794931926
 42
1.817899917
  0
ELLIPSE
  5
DD8
330
A02
100
AcDbEntity
  8
V_01_Base_Az_Ring_Gear_3
100
AcDbEllipse
 10
204.066896416
 20
163.212471157
 30
0.000000000
 11
0.203954802
 21
0.000000000
 31
0.000000000
 40
0.577350269
 41
0.674138914
 42
1.842942983
  0
ELLIPSE
  5
DD9
330
A02
100
AcDbEntity
  8
V_01_Base_Az_Ring_Gear_3
100
AcDbEllipse
 10
210.000000001
 20
151.019837609
 30
0.000000000
 11
22.139830513
 21
0.000000000
 31
0.000000000
 40
0.577350269
 41
1.844666571
 42
1.846704797
  0
ELLIPSE
  5
DDA
330
A02
100
AcDbEntity
  8
V_01_Base_Az_Ring_Gear_3
100
AcDbEllipse
 10
204.024541469
 20
163.205574517
 30
0.000000000
 11
0.203954802
 21
0.000000000
 31
0.000000000
 40
0.577350269
 41
1.848428385
 42
3.017232454
  0
ELLIPSE
  5
DDB
330
A02
100
AcDbEntity
  8
V_01_Base_Az_Ring_Gear_3
100
AcDbEllipse
 10
210.000002902
 20
151.019838178
 30
0.000000000
 11
20.932203390
 21
0.000000000
 31
0.000000000
 40
0.577350269
 41
1.873471742
 42
1.896439734
  0
ELLIPSE
  5
DDC
330
A02
100
AcDbEntity
  8
V_01_Base_Az_Ring_Gear_3
100
AcDbEllipse
 10
202.428266550
 20
162.906125356
 30
0.000000000
 11
0.203954802
 21
0.000000000
 31
0.000000000
 40
0.577350269
 41
0.752678730
 42
1.921482800
  0
ELLIPSE
  5
DDD
330
A02
100
AcDbEntity
  8
V_01_Base_Az_Ring_Gear_3
100
AcDbEllipse
 10
209.999999999
 20
151.019837614
 30
0.000000000
 11
22.139830504
 21
0.000000000
 31
0.000000000
 40
0.577350269
 41
1.923206388
 42
1.925244613
  0
ELLIPSE
  5
DDE
330
A02
100
AcDbEntity
  8
V_01_Base_Az_Ring_Gear_3
100
AcDbEllipse
 10
202.386979390
 20
162.897331366
 30
0.000000000
 11
0.203954802
 21
-0.000000000
 31
0.000000000
 40
0.577350269
 41
1.926968201
 42
3.095772271
  0
ELLIPSE
  5
DDF
330
A02
100
AcDbEntity
  8
V_01_Base_Az_Ring_Gear_3
100
AcDbEllipse
 10
210.000002817
 20
151.019838308
 30
0.000000000
 11
20.932203390
 21
-0.000000000
 31
0.000000000
 40
0.577350269
 41
1.952011558
 42
1.974979550
  0
ELLIPSE
  5
DE0
330
A02
100
AcDbEntity
  8
V_01_Base_Az_Ring_Gear_3
100
AcDbEllipse
 10
200.836318939
 20
162.526496638
 30
0.000000000
 11
0.203954802
 21
0.000000000
 31
0.000000000
 40
0.577350269
 41
0.831218546
 42
2.000022616
  0
ELLIPSE
  5
DE1
330
A02
100
AcDbEntity
  8
V_01_Base_Az_Ring_Gear_3
100
AcDbEllipse
 10
209.999999995
 20
151.019837618
 30
0.000000000
 11
22.139830497
 21
0.000000000
 31
0.000000000
 40
0.577350269
 41
2.001746204
 42
2.003784429
  0
ELLIPSE
  5
DE2
330
A02
100
AcDbEntity
  8
V_01_Base_Az_Ring_Gear_3
100
AcDbEllipse
 10
200.796354113
 20
162.515859515
 30
0.000000000
 11
0.203954802
 21
0.000000000
 31
0.000000000
 40
0.577350269
 41
2.005508017
 42
3.141592654
  0
ELLIPSE
  5
DE3
330
A02
100
AcDbEntity
  8
V_01_Base_Az_Ring_Gear_3
100
AcDbEllipse
 10
200.796354113
 20
162.515859515
 30
0.000000000
 11
0.203954802
 21
0.000000000
 31
0.000000000
 40
0.577350269
 41
3.141592654
 42
3.174312087
  0
ELLIPSE
  5
DE4
330
A02
100
AcDbEntity
  8
V_01_Base_Az_Ring_Gear_3
100
AcDbEllipse
 10
210.000002713
 20
151.019838433
 30
0.000000000
 11
20.932203390
 21
-0.000000000
 31
0.000000000
 40
0.577350269
 41
2.030551375
 42
2.053519366
  0
ELLIPSE
  5
DE5
330
A02
100
AcDbEntity
  8
V_01_Base_Az_Ring_Gear_3
100
AcDbEllipse
 10
199.300868469
 20
162.075925541
 30
0.000000000
 11
0.203954802
 21
0.000000000
 31
0.000000000
 40
0.577350269
 41
0.909758363
 42
2.078562432
  0
ELLIPSE
  5
DE6
330
A02
100
AcDbEntity
  8
V_01_Base_Az_Ring_Gear_3
100
AcDbEllipse
 10
210.000000001
 20
151.019837611
 30
0.000000000
 11
22.139830510
 21
0.000000000
 31
0.000000000
 40
0.577350269
 41
2.080286020
 42
2.082324246
  0
ELLIPSE
  5
DE7
330
A02
100
AcDbEntity
  8
V_01_Base_Az_Ring_Gear_3
100
AcDbEllipse
 10
199.262472375
 20
162.063510867
 30
0.000000000
 11
0.203954802
 21
0.000000000
 31
0.000000000
 40
0.577350269
 41
2.084047834
 42
3.141592654
  0
ELLIPSE
  5
DE8
330
A02
100
AcDbEntity
  8
V_01_Base_Az_Ring_Gear_3
100
AcDbEllipse
 10
199.262472375
 20
162.063510867
 30
0.000000000
 11
0.203954802
 21
0.000000000
 31
0.000000000
 40
0.577350269
 41
3.141592654
 42
3.252851903
  0
ELLIPSE
  5
DE9
330
A02
100
AcDbEntity
  8
V_01_Base_Az_Ring_Gear_3
100
AcDbEllipse
 10
210.000002593
 20
151.019838553
 30
0.000000000
 11
20.932203390
 21
0.000000000
 31
0.000000000
 40
0.577350269
 41
2.109091191
 42
2.132059183
  0
ELLIPSE
  5
DEA
330
A02
100
AcDbEntity
  8
V_01_Base_Az_Ring_Gear_3
100
AcDbEllipse
 10
197.831381703
 20
161.557189986
 30
0.000000000
 11
0.203954802
 21
0.000000000
 31
0.000000000
 40
0.577350269
 41
0.988298179
 42
2.157102249
  0
ELLIPSE
  5
DEB
330
A02
100
AcDbEntity
  8
V_01_Base_Az_Ring_Gear_3
100
AcDbEllipse
 10
210.000000001
 20
151.019837611
 30
0.000000000
 11
22.139830511
 21
0.000000000
 31
0.000000000
 40
0.577350269
 41
2.158825837
 42
2.160864062
  0
ELLIPSE
  5
DEC
330
A02
100
AcDbEntity
  8
V_01_Base_Az_Ring_Gear_3
100
AcDbEllipse
 10
197.794791065
 20
161.543074301
 30
0.000000000
 11
0.203954802
 21
0.000000000
 31
0.000000000
 40
0.577350269
 41
2.162587650
 42
3.141592654
  0
ELLIPSE
  5
DED
330
A02
100
AcDbEntity
  8
V_01_Base_Az_Ring_Gear_3
100
AcDbEllipse
 10
197.794791065
 20
161.543074301
 30
0.000000000
 11
0.203954802
 21
0.000000000
 31
0.000000000
 40
0.577350269
 41
3.141592654
 42
3.331391720
  0
ELLIPSE
  5
DEE
330
A02
100
AcDbEntity
  8
V_01_Base_Az_Ring_Gear_3
100
AcDbEllipse
 10
210.000002458
 20
151.019838668
 30
0.000000000
 11
20.932203390
 21
0.000000000
 31
0.000000000
 40
0.577350269
 41
2.187631007
 42
2.210598999
  0
ELLIPSE
  5
DEF
330
A02
100
AcDbEntity
  8
V_01_Base_Az_Ring_Gear_3
100
AcDbEllipse
 10
196.436918515
 20
160.973488149
 30
0.000000000
 11
0.203954802
 21
-0.000000000
 31
0.000000000
 40
0.577350269
 41
1.066837995
 42
2.235642065
  0
ELLIPSE
  5
DF0
330
A02
100
AcDbEntity
  8
V_01_Base_Az_Ring_Gear_3
100
AcDbEllipse
 10
210.000000006
 20
151.019837608
 30
0.000000000
 11
22.139830518
 21
0.000000000
 31
0.000000000
 40
0.577350269
 41
2.237365653
 42
2.239403878
  0
ELLIPSE
  5
DF1
330
A02
100
AcDbEntity
  8
V_01_Base_Az_Ring_Gear_3
100
AcDbEllipse
 10
196.402358926
 20
160.957758482
 30
0.000000000
 11
0.203954802
 21
0.000000000
 31
0.000000000
 40
0.577350269
 41
2.241127466
 42
3.141592654
  0
ELLIPSE
  5
DF2
330
A02
100
AcDbEntity
  8
V_01_Base_Az_Ring_Gear_3
100
AcDbEllipse
 10
196.402358926
 20
160.957758482
 30
0.000000000
 11
0.203954802
 21
0.000000000
 31
0.000000000
 40
0.577350269
 41
3.141592654
 42
3.409931536
  0
ELLIPSE
  5
DF3
330
A02
100
AcDbEntity
  8
V_01_Base_Az_Ring_Gear_3
100
AcDbEllipse
 10
210.000002306
 20
151.019838776
 30
0.000000000
 11
20.932203390
 21
0.000000000
 31
0.000000000
 40
0.577350269
 41
2.266170824
 42
2.289138815
  0
ELLIPSE
  5
DF4
330
A02
100
AcDbEntity
  8
V_01_Base_Az_Ring_Gear_3
100
AcDbEllipse
 10
195.126076234
 20
160.328418747
 30
0.000000000
 11
0.203954802
 21
0.000000000
 31
0.000000000
 40
0.577350269
 41
1.145377812
 42
2.314181881
  0
ELLIPSE
  5
DF5
330
A02
100
AcDbEntity
  8
V_01_Base_Az_Ring_Gear_3
100
AcDbEllipse
 10
210.000000000
 20
151.019837612
 30
0.000000000
 11
22.139830509
 21
0.000000000
 31
0.000000000
 40
0.577350269
 41
2.315905469
 42
2.317943695
  0
ELLIPSE
  5
DF6
330
A02
100
AcDbEntity
  8
V_01_Base_Az_Ring_Gear_3
100
AcDbEllipse
 10
195.093760766
 20
160.311172075
 30
0.000000000
 11
0.203954802
 21
0.000000000
 31
0.000000000
 40
0.577350269
 41
2.319667283
 42
3.141592654
  0
ELLIPSE
  5
DF7
330
A02
100
AcDbEntity
  8
V_01_Base_Az_Ring_Gear_3
100
AcDbEllipse
 10
195.093760766
 20
160.311172075
 30
0.000000000
 11
0.203954802
 21
0.000000000
 31
0.000000000
 40
0.577350269
 41
3.141592654
 42
3.488471352
  0
ELLIPSE
  5
DF8
330
A02
100
AcDbEntity
  8
V_01_Base_Az_Ring_Gear_3
100
AcDbEllipse
 10
210.000002141
 20
151.019838877
 30
0.000000000
 11
20.932203390
 21
0.000000000
 31
0.000000000
 40
0.577350269
 41
2.344710640
 42
2.367678632
  0
ELLIPSE
  5
DF9
330
A02
100
AcDbEntity
  8
V_01_Base_Az_Ring_Gear_3
100
AcDbEllipse
 10
193.906936639
 20
159.625958846
 30
0.000000000
 11
0.203954802
 21
0.000000000
 31
0.000000000
 40
0.577350269
 41
1.223917628
 42
2.392721698
  0
ELLIPSE
  5
DFA
330
A02
100
AcDbEntity
  8
V_01_Base_Az_Ring_Gear_3
100
AcDbEllipse
 10
210.000000000
 20
151.019837612
 30
0.000000000
 11
22.139830509
 21
0.000000000
 31
0.000000000
 40
0.577350269
 41
2.394445286
 42
2.396483511
  0
ELLIPSE
  5
DFB
330
A02
100
AcDbEntity
  8
V_01_Base_Az_Ring_Gear_3
100
AcDbEllipse
 10
193.877064529
 20
159.607301502
 30
0.000000000
 11
0.203954802
 21
0.000000000
 31
0.000000000
 40
0.577350269
 41
2.398207099
 42
3.141592654
  0
ELLIPSE
  5
DFC
330
A02
100
AcDbEntity
  8
V_01_Base_Az_Ring_Gear_3
100
AcDbEllipse
 10
193.877064529
 20
159.607301502
 30
0.000000000
 11
0.203954802
 21
0.000000000
 31
0.000000000
 40
0.577350269
 41
3.141592654
 42
3.567011169
  0
ELLIPSE
  5
DFD
330
A02
100
AcDbEntity
  8
V_01_Base_Az_Ring_Gear_3
100
AcDbEllipse
 10
210.000001963
 20
151.019838970
 30
0.000000000
 11
20.932203390
 21
0.000000000
 31
0.000000000
 40
0.577350269
 41
2.423250456
 42
2.446218448
  0
ELLIPSE
  5
DFE
330
A02
100
AcDbEntity
  8
V_01_Base_Az_Ring_Gear_3
100
AcDbEllipse
 10
192.787016132
 20
158.870439346
 30
0.000000000
 11
0.203954802
 21
-0.000000000
 31
0.000000000
 40
0.577350269
 41
1.302457444
 42
2.471261514
  0
ELLIPSE
  5
DFF
330
A02
100
AcDbEntity
  8
V_01_Base_Az_Ring_Gear_3
100
AcDbEllipse
 10
209.999999999
 20
151.019837613
 30
0.000000000
 11
22.139830507
 21
0.000000000
 31
0.000000000
 40
0.577350269
 41
2.472985102
 42
2.475023327
  0
ELLIPSE
  5
E00
330
A02
100
AcDbEntity
  8
V_01_Base_Az_Ring_Gear_3
100
AcDbEllipse
 10
192.759771549
 20
158.850486359
 30
0.000000000
 11
0.203954802
 21
0.000000000
 31
0.000000000
 40
0.577350269
 41
2.476746915
 42
3.141592654
  0
ELLIPSE
  5
E01
330
A02
100
AcDbEntity
  8
V_01_Base_Az_Ring_Gear_3
100
AcDbEllipse
 10
192.759771549
 20
158.850486359
 30
0.000000000
 11
0.203954802
 21
0.000000000
 31
0.000000000
 40
0.577350269
 41
3.141592654
 42
3.645550985
  0
ELLIPSE
  5
E02
330
A02
100
AcDbEntity
  8
V_01_Base_Az_Ring_Gear_3
100
AcDbEllipse
 10
210.000001772
 20
151.019839055
 30
0.000000000
 11
20.932203390
 21
0.000000000
 31
0.000000000
 40
0.577350269
 41
2.501790273
 42
2.524758264
  0
ELLIPSE
  5
E03
330
A02
100
AcDbEntity
  8
V_01_Base_Az_Ring_Gear_3
100
AcDbEllipse
 10
191.773219394
 20
158.066518276
 30
0.000000000
 11
0.203954802
 21
0.000000000
 31
0.000000000
 40
0.577350269
 41
1.380997261
 42
2.549801330
  0
ELLIPSE
  5
E04
330
A02
100
AcDbEntity
  8
V_01_Base_Az_Ring_Gear_3
100
AcDbEllipse
 10
210.000000002
 20
151.019837611
 30
0.000000000
 11
22.139830511
 21
0.000000000
 31
0.000000000
 40
0.577350269
 41
2.551524918
 42
2.553563144
  0
ELLIPSE
  5
E05
330
A02
100
AcDbEntity
  8
V_01_Base_Az_Ring_Gear_3
100
AcDbEllipse
 10
191.748770311
 20
158.045392662
 30
0.000000000
 11
0.203954802
 21
0.000000000
 31
0.000000000
 40
0.577350269
 41
2.555286732
 42
3.141592654
  0
ELLIPSE
  5
E06
330
A02
100
AcDbEntity
  8
V_01_Base_Az_Ring_Gear_3
100
AcDbEllipse
 10
191.748770311
 20
158.045392662
 30
0.000000000
 11
0.203954802
 21
0.000000000
 31
0.000000000
 40
0.577350269
 41
3.141592654
 42
3.724090801
  0
ELLIPSE
  5
E07
330
A02
100
AcDbEntity
  8
V_01_Base_Az_Ring_Gear_3
100
AcDbEllipse
 10
210.000001571
 20
151.019839131
 30
0.000000000
 11
20.932203390
 21
0.000000000
 31
0.000000000
 40
0.577350269
 41
2.580330089
 42
2.603298081
  0
ELLIPSE
  5
E08
330
A02
100
AcDbEntity
  8
V_01_Base_Az_Ring_Gear_3
100
AcDbEllipse
 10
190.871796820
 20
157.219152077
 30
0.000000000
 11
0.203954802
 21
0.000000000
 31
0.000000000
 40
0.577350269
 41
1.459537077
 42
2.628341147
  0
ELLIPSE
  5
E09
330
A02
100
AcDbEntity
  8
V_01_Base_Az_Ring_Gear_3
100
AcDbEllipse
 10
210.000000001
 20
151.019837612
 30
0.000000000
 11
22.139830510
 21
0.000000000
 31
0.000000000
 40
0.577350269
 41
2.630064735
 42
2.632102960
  0
ELLIPSE
  5
E0A
330
A02
100
AcDbEntity
  8
V_01_Base_Az_Ring_Gear_3
100
AcDbEllipse
 10
190.850293974
 20
157.196984081
 30
0.000000000
 11
0.203954802
 21
0.000000000
 31
0.000000000
 40
0.577350269
 41
2.633826548
 42
3.141592654
  0
ELLIPSE
  5
E0B
330
A02
100
AcDbEntity
  8
V_01_Base_Az_Ring_Gear_3
100
AcDbEllipse
 10
190.850293974
 20
157.196984081
 30
0.000000000
 11
0.203954802
 21
0.000000000
 31
0.000000000
 40
0.577350269
 41
3.141592654
 42
3.802630618
  0
ELLIPSE
  5
E0C
330
A02
100
AcDbEntity
  8
V_01_Base_Az_Ring_Gear_3
100
AcDbEllipse
 10
210.000001359
 20
151.019839197
 30
0.000000000
 11
20.932203390
 21
-0.000000000
 31
0.000000000
 40
0.577350269
 41
2.658869905
 42
2.681837897
  0
ELLIPSE
  5
E0D
330
A02
100
AcDbEntity
  8
V_01_Base_Az_Ring_Gear_3
100
AcDbEllipse
 10
190.088305978
 20
156.333565042
 30
0.000000000
 11
0.203954802
 21
0.000000000
 31
0.000000000
 40
0.577350269
 41
1.538076894
 42
2.706880963
  0
ELLIPSE
  5
E0E
330
A02
100
AcDbEntity
  8
V_01_Base_Az_Ring_Gear_3
100
AcDbEllipse
 10
209.999999994
 20
151.019837614
 30
0.000000000
 11
22.139830502
 21
0.000000000
 31
0.000000000
 40
0.577350269
 41
2.708604551
 42
2.710642776
  0
ELLIPSE
  5
E0F
330
A02
100
AcDbEntity
  8
V_01_Base_Az_Ring_Gear_3
100
AcDbEllipse
 10
190.069881941
 20
156.310491339
 30
0.000000000
 11
0.203954802
 21
0.000000000
 31
0.000000000
 40
0.577350269
 41
2.712366364
 42
3.141592654
  0
ELLIPSE
  5
E10
330
A02
100
AcDbEntity
  8
V_01_Base_Az_Ring_Gear_3
100
AcDbEllipse
 10
190.069881941
 20
156.310491339
 30
0.000000000
 11
0.203954802
 21
0.000000000
 31
0.000000000
 40
0.577350269
 41
3.141592654
 42
3.881170434
  0
ELLIPSE
  5
E11
330
A02
100
AcDbEntity
  8
V_01_Base_Az_Ring_Gear_3
100
AcDbEllipse
 10
210.000001140
 20
151.019839254
 30
0.000000000
 11
20.932203390
 21
0.000000000
 31
0.000000000
 40
0.577350269
 41
2.737409722
 42
2.760377713
  0
ELLIPSE
  5
E12
330
A02
100
AcDbEntity
  8
V_01_Base_Az_Ring_Gear_3
100
AcDbEllipse
 10
189.427577352
 20
155.415217111
 30
0.000000000
 11
0.203954802
 21
0.000000000
 31
0.000000000
 40
0.577350269
 41
1.616616710
 42
2.785420779
  0
ELLIPSE
  5
E13
330
A02
100
AcDbEntity
  8
V_01_Base_Az_Ring_Gear_3
100
AcDbEllipse
 10
209.999999996
 20
151.019837613
 30
0.000000000
 11
22.139830504
 21
0.000000000
 31
0.000000000
 40
0.577350269
 41
2.787144367
 42
2.789182593
  0
ELLIPSE
  5
E14
330
A02
100
AcDbEntity
  8
V_01_Base_Az_Ring_Gear_3
100
AcDbEllipse
 10
189.412345714
 20
155.391379957
 30
0.000000000
 11
0.203954802
 21
0.000000000
 31
0.000000000
 40
0.577350269
 41
2.790906181
 42
3.141592654
  0
ELLIPSE
  5
E15
330
A02
100
AcDbEntity
  8
V_01_Base_Az_Ring_Gear_3
100
AcDbEllipse
 10
189.412345714
 20
155.391379957
 30
0.000000000
 11
0.203954802
 21
0.000000000
 31
0.000000000
 40
0.577350269
 41
3.141592654
 42
3.959710250
  0
ELLIPSE
  5
E16
330
A02
100
AcDbEntity
  8
V_01_Base_Az_Ring_Gear_3
100
AcDbEllipse
 10
210.000000913
 20
151.019839300
 30
0.000000000
 11
20.932203390
 21
0.000000000
 31
0.000000000
 40
0.577350269
 41
2.815949538
 42
2.838917530
  0
ELLIPSE
  5
E17
330
A02
100
AcDbEntity
  8
V_01_Base_Az_Ring_Gear_3
100
AcDbEllipse
 10
188.893684553
 20
154.469770203
 30
0.000000000
 11
0.203954802
 21
0.000000000
 31
0.000000000
 40
0.577350269
 41
1.695156526
 42
2.863960596
  0
ELLIPSE
  5
E18
330
A02
100
AcDbEntity
  8
V_01_Base_Az_Ring_Gear_3
100
AcDbEllipse
 10
210.000000008
 20
151.019837611
 30
0.000000000
 11
22.139830517
 21
0.000000000
 31
0.000000000
 40
0.577350269
 41
2.865684184
 42
2.867722409
  0
ELLIPSE
  5
E19
330
A02
100
AcDbEntity
  8
V_01_Base_Az_Ring_Gear_3
100
AcDbEllipse
 10
188.881739222
 20
154.445316563
 30
0.000000000
 11
0.203954802
 21
0.000000000
 31
0.000000000
 40
0.577350269
 41
2.869445997
 42
3.141592654
  0
ELLIPSE
  5
E1A
330
A02
100
AcDbEntity
  8
V_01_Base_Az_Ring_Gear_3
100
AcDbEllipse
 10
188.881739222
 20
154.445316563
 30
0.000000000
 11
0.203954802
 21
0.000000000
 31
0.000000000
 40
0.577350269
 41
3.141592654
 42
4.038250067
  0
ELLIPSE
  5
E1B
330
A02
100
AcDbEntity
  8
V_01_Base_Az_Ring_Gear_3
100
AcDbEllipse
 10
210.000000681
 20
151.019839336
 30
0.000000000
 11
20.932203390
 21
0.000000000
 31
0.000000000
 40
0.577350269
 41
2.894489355
 42
2.917457346
  0
ELLIPSE
  5
E1C
330
A02
100
AcDbEntity
  8
V_01_Base_Az_Ring_Gear_3
100
AcDbEllipse
 10
188.489919206
 20
153.503053314
 30
0.000000000
 11
0.203954802
 21
0.000000000
 31
0.000000000
 40
0.577350269
 41
1.773696343
 42
2.942500412
  0
ELLIPSE
  5
E1D
330
A02
100
AcDbEntity
  8
V_01_Base_Az_Ring_Gear_3
100
AcDbEllipse
 10
210.000000009
 20
151.019837611
 30
0.000000000
 11
22.139830517
 21
0.000000000
 31
0.000000000
 40
0.577350269
 41
2.944224000
 42
2.946262225
  0
ELLIPSE
  5
E1E
330
A02
100
AcDbEntity
  8
V_01_Base_Az_Ring_Gear_3
100
AcDbEllipse
 10
188.481333830
 20
153.478133952
 30
0.000000000
 11
0.203954802
 21
0.000000000
 31
0.000000000
 40
0.577350269
 41
2.947985813
 42
3.141592654
  0
ELLIPSE
  5
E1F
330
A02
100
AcDbEntity
  8
V_01_Base_Az_Ring_Gear_3
100
AcDbEllipse
 10
188.481333830
 20
153.478133952
 30
0.000000000
 11
0.203954802
 21
0.000000000
 31
0.000000000
 40
0.577350269
 41
3.141592654
 42
4.116789883
  0
ELLIPSE
  5
E20
330
A02
100
AcDbEntity
  8
V_01_Base_Az_Ring_Gear_3
100
AcDbEllipse
 10
210.000000444
 20
151.019839362
 30
0.000000000
 11
20.932203390
 21
0.000000000
 31
0.000000000
 40
0.577350269
 41
2.973029171
 42
2.995997162
  0
ELLIPSE
  5
E21
330
A02
100
AcDbEntity
  8
V_01_Base_Az_Ring_Gear_3
100
AcDbEllipse
 10
188.218770661
 20
152.521026574
 30
0.000000000
 11
0.203954802
 21
0.000000000
 31
0.000000000
 40
0.577350269
 41
1.852236159
 42
3.021040228
  0
ELLIPSE
  5
E22
330
A02
100
AcDbEntity
  8
V_01_Base_Az_Ring_Gear_3
100
AcDbEllipse
 10
210.000000007
 20
151.019837612
 30
0.000000000
 11
22.139830515
 21
0.000000000
 31
0.000000000
 40
0.577350269
 41
3.022763816
 42
3.024802042
  0
ELLIPSE
  5
E23
330
A02
100
AcDbEntity
  8
V_01_Base_Az_Ring_Gear_3
100
AcDbEllipse
 10
188.213598171
 20
152.495795127
 30
0.000000000
 11
0.203954802
 21
0.000000000
 31
0.000000000
 40
0.577350269
 41
3.026525630
 42
3.141592654
  0
ELLIPSE
  5
E24
330
A02
100
AcDbEntity
  8
V_01_Base_Az_Ring_Gear_3
100
AcDbEllipse
 10
188.213598171
 20
152.495795127
 30
0.000000000
 11
0.203954802
 21
0.000000000
 31
0.000000000
 40
0.577350269
 41
3.141592654
 42
4.195329699
  0
ELLIPSE
  5
E25
330
A02
100
AcDbEntity
  8
V_01_Base_Az_Ring_Gear_3
100
AcDbEllipse
 10
210.000000205
 20
151.019839377
 30
0.000000000
 11
20.932203390
 21
0.000000000
 31
0.000000000
 40
0.577350269
 41
3.051568987
 42
3.074536979
  0
ELLIPSE
  5
E26
330
A02
100
AcDbEntity
  8
V_01_Base_Az_Ring_Gear_3
100
AcDbEllipse
 10
188.081910638
 20
151.529744506
 30
0.000000000
 11
0.203954802
 21
0.000000000
 31
0.000000000
 40
0.577350269
 41
1.930775975
 42
3.099580045
  0
ELLIPSE
  5
E27
330
A02
100
AcDbEntity
  8
V_01_Base_Az_Ring_Gear_3
100
AcDbEllipse
 10
210.000000006
 20
151.019837612
 30
0.000000000
 11
22.139830514
 21
0.000000000
 31
0.000000000
 40
0.577350269
 41
3.101303633
 42
3.103341858
  0
ELLIPSE
  5
E28
330
A02
100
AcDbEntity
  8
V_01_Base_Az_Ring_Gear_3
100
AcDbEllipse
 10
188.080182924
 20
151.504356533
 30
0.000000000
 11
0.203954802
 21
0.000000000
 31
0.000000000
 40
0.577350269
 41
3.105065446
 42
3.141592654
  0
ELLIPSE
  5
E29
330
A02
100
AcDbEntity
  8
V_01_Base_Az_Ring_Gear_3
100
AcDbEllipse
 10
188.080182924
 20
151.504356533
 30
0.000000000
 11
0.203954802
 21
0.000000000
 31
0.000000000
 40
0.577350269
 41
3.141592654
 42
4.273869516
  0
ELLIPSE
  5
E2A
330
A02
100
AcDbEntity
  8
V_01_Base_Az_Ring_Gear_3
100
AcDbEllipse
 10
209.999999965
 20
151.019839381
 30
0.000000000
 11
20.932203390
 21
0.000000000
 31
0.000000000
 40
0.577350269
 41
3.130108804
 42
3.141592654
  0
ELLIPSE
  5
E2B
330
A02
100
AcDbEntity
  8
V_01_Base_Az_Ring_Gear_3
100
AcDbEllipse
 10
209.999999965
 20
151.019839381
 30
0.000000000
 11
20.932203390
 21
0.000000000
 31
0.000000000
 40
0.577350269
 41
3.141592654
 42
3.153076795
  0
ELLIPSE
  5
E2C
330
A02
100
AcDbEntity
  8
V_01_Base_Az_Ring_Gear_3
100
AcDbEllipse
 10
188.080182924
 20
150.535318691
 30
0.000000000
 11
0.203954802
 21
0.000000000
 31
0.000000000
 40
0.577350269
 41
2.009315792
 42
3.141592654
  0
ELLIPSE
  5
E2D
330
A02
100
AcDbEntity
  8
V_01_Base_Az_Ring_Gear_3
100
AcDbEllipse
 10
188.080182924
 20
150.535318691
 30
0.000000000
 11
0.203954802
 21
0.000000000
 31
0.000000000
 40
0.577350269
 41
3.141592654
 42
3.178119861
  0
ELLIPSE
  5
E2E
330
A02
100
AcDbEntity
  8
V_01_Base_Az_Ring_Gear_3
100
AcDbEllipse
 10
210.000000000
 20
151.019837612
 30
0.000000000
 11
22.139830508
 21
0.000000000
 31
0.000000000
 40
0.577350269
 41
3.179843449
 42
3.181881674
  0
ELLIPSE
  5
E2F
330
A02
100
AcDbEntity
  8
V_01_Base_Az_Ring_Gear_3
100
AcDbEllipse
 10
188.081910638
 20
150.509930719
 30
0.000000000
 11
0.203954802
 21
0.000000000
 31
0.000000000
 40
0.577350269
 41
3.183605262
 42
4.352409332
  0
ELLIPSE
  5
E30
330
A02
100
AcDbEntity
  8
V_01_Base_Az_Ring_Gear_3
100
AcDbEllipse
 10
209.999999725
 20
151.019839374
 30
0.000000000
 11
20.932203390
 21
0.000000000
 31
0.000000000
 40
0.577350269
 41
3.208648620
 42
3.231616612
  0
ELLIPSE
  5
E31
330
A02
100
AcDbEntity
  8
V_01_Base_Az_Ring_Gear_3
100
AcDbEllipse
 10
188.213598171
 20
149.543880097
 30
0.000000000
 11
0.203954802
 21
0.000000000
 31
0.000000000
 40
0.577350269
 41
2.087855608
 42
3.141592654
  0
ELLIPSE
  5
E32
330
A02
100
AcDbEntity
  8
V_01_Base_Az_Ring_Gear_3
100
AcDbEllipse
 10
188.213598171
 20
149.543880097
 30
0.000000000
 11
0.203954802
 21
0.000000000
 31
0.000000000
 40
0.577350269
 41
3.141592654
 42
3.256659677
  0
ELLIPSE
  5
E33
330
A02
100
AcDbEntity
  8
V_01_Base_Az_Ring_Gear_3
100
AcDbEllipse
 10
210.000000001
 20
151.019837612
 30
0.000000000
 11
22.139830509
 21
0.000000000
 31
0.000000000
 40
0.577350269
 41
3.258383265
 42
3.260421491
  0
ELLIPSE
  5
E34
330
A02
100
AcDbEntity
  8
V_01_Base_Az_Ring_Gear_3
100
AcDbEllipse
 10
188.218770661
 20
149.518648650
 30
0.000000000
 11
0.203954802
 21
0.000000000
 31
0.000000000
 40
0.577350269
 41
3.262145079
 42
4.430949148
  0
ELLIPSE
  5
E35
330
A02
100
AcDbEntity
  8
V_01_Base_Az_Ring_Gear_3
100
AcDbEllipse
 10
209.999999486
 20
151.019839356
 30
0.000000000
 11
20.932203390
 21
0.000000000
 31
0.000000000
 40
0.577350269
 41
3.287188436
 42
3.310156428
  0
ELLIPSE
  5
E36
330
A02
100
AcDbEntity
  8
V_01_Base_Az_Ring_Gear_3
100
AcDbEllipse
 10
188.481333830
 20
148.561541272
 30
0.000000000
 11
0.203954802
 21
0.000000000
 31
0.000000000
 40
0.577350269
 41
2.166395424
 42
3.141592654
  0
ELLIPSE
  5
E37
330
A02
100
AcDbEntity
  8
V_01_Base_Az_Ring_Gear_3
100
AcDbEllipse
 10
188.481333830
 20
148.561541272
 30
0.000000000
 11
0.203954802
 21
0.000000000
 31
0.000000000
 40
0.577350269
 41
3.141592654
 42
3.335199494
  0
ELLIPSE
  5
E38
330
A02
100
AcDbEntity
  8
V_01_Base_Az_Ring_Gear_3
100
AcDbEllipse
 10
210.000000004
 20
151.019837613
 30
0.000000000
 11
22.139830513
 21
0.000000000
 31
0.000000000
 40
0.577350269
 41
3.336923082
 42
3.338961307
  0
ELLIPSE
  5
E39
330
A02
100
AcDbEntity
  8
V_01_Base_Az_Ring_Gear_3
100
AcDbEllipse
 10
188.489919206
 20
148.536621910
 30
0.000000000
 11
0.203954802
 21
0.000000000
 31
0.000000000
 40
0.577350269
 41
3.340684895
 42
4.509488965
  0
ELLIPSE
  5
E3A
330
A02
100
AcDbEntity
  8
V_01_Base_Az_Ring_Gear_3
100
AcDbEllipse
 10
209.999999251
 20
151.019839327
 30
0.000000000
 11
20.932203390
 21
0.000000000
 31
0.000000000
 40
0.577350269
 41
3.365728253
 42
3.388696244
  0
ELLIPSE
  5
E3B
330
A02
100
AcDbEntity
  8
V_01_Base_Az_Ring_Gear_3
100
AcDbEllipse
 10
188.881739222
 20
147.594358661
 30
0.000000000
 11
0.203954802
 21
0.000000000
 31
0.000000000
 40
0.577350269
 41
2.244935241
 42
3.141592654
  0
ELLIPSE
  5
E3C
330
A02
100
AcDbEntity
  8
V_01_Base_Az_Ring_Gear_3
100
AcDbEllipse
 10
188.881739222
 20
147.594358661
 30
0.000000000
 11
0.203954802
 21
0.000000000
 31
0.000000000
 40
0.577350269
 41
3.141592654
 42
3.413739310
  0
ELLIPSE
  5
E3D
330
A02
100
AcDbEntity
  8
V_01_Base_Az_Ring_Gear_3
100
AcDbEllipse
 10
210.000000005
 20
151.019837613
 30
0.000000000
 11
22.139830513
 21
0.000000000
 31
0.000000000
 40
0.577350269
 41
3.415462898
 42
3.417501124
  0
ELLIPSE
  5
E3E
330
A02
100
AcDbEntity
  8
V_01_Base_Az_Ring_Gear_3
100
AcDbEllipse
 10
188.893684553
 20
147.569905021
 30
0.000000000
 11
0.203954802
 21
0.000000000
 31
0.000000000
 40
0.577350269
 41
3.419224711
 42
4.588028781
  0
ELLIPSE
  5
E3F
330
A02
100
AcDbEntity
  8
V_01_Base_Az_Ring_Gear_3
100
AcDbEllipse
 10
209.999999020
 20
151.019839288
 30
0.000000000
 11
20.932203390
 21
0.000000000
 31
0.000000000
 40
0.577350269
 41
3.444268069
 42
3.467236061
  0
ELLIPSE
  5
E40
330
A02
100
AcDbEntity
  8
V_01_Base_Az_Ring_Gear_3
100
AcDbEllipse
 10
189.412345714
 20
146.648295267
 30
0.000000000
 11
0.203954802
 21
0.000000000
 31
0.000000000
 40
0.577350269
 41
2.323475057
 42
3.141592654
  0
ELLIPSE
  5
E41
330
A02
100
AcDbEntity
  8
V_01_Base_Az_Ring_Gear_3
100
AcDbEllipse
 10
189.412345714
 20
146.648295267
 30
0.000000000
 11
0.203954802
 21
0.000000000
 31
0.000000000
 40
0.577350269
 41
3.141592654
 42
3.492279126
  0
ELLIPSE
  5
E42
330
A02
100
AcDbEntity
  8
V_01_Base_Az_Ring_Gear_3
100
AcDbEllipse
 10
209.999999996
 20
151.019837611
 30
0.000000000
 11
22.139830504
 21
0.000000000
 31
0.000000000
 40
0.577350269
 41
3.494002714
 42
3.496040940
  0
ELLIPSE
  5
E43
330
A02
100
AcDbEntity
  8
V_01_Base_Az_Ring_Gear_3
100
AcDbEllipse
 10
189.427577352
 20
146.624458113
 30
0.000000000
 11
0.203954802
 21
-0.000000000
 31
0.000000000
 40
0.577350269
 41
3.497764528
 42
4.666568597
  0
ELLIPSE
  5
E44
330
A02
100
AcDbEntity
  8
V_01_Base_Az_Ring_Gear_3
100
AcDbEllipse
 10
209.999998795
 20
151.019839238
 30
0.000000000
 11
20.932203390
 21
-0.000000000
 31
0.000000000
 40
0.577350269
 41
3.522807885
 42
3.545775877
  0
ELLIPSE
  5
E45
330
A02
100
AcDbEntity
  8
V_01_Base_Az_Ring_Gear_3
100
AcDbEllipse
 10
190.069881941
 20
145.729183885
 30
0.000000000
 11
0.203954802
 21
0.000000000
 31
0.000000000
 40
0.577350269
 41
2.402014873
 42
3.141592654
  0
ELLIPSE
  5
E46
330
A02
100
AcDbEntity
  8
V_01_Base_Az_Ring_Gear_3
100
AcDbEllipse
 10
190.069881941
 20
145.729183885
 30
0.000000000
 11
0.203954802
 21
0.000000000
 31
0.000000000
 40
0.577350269
 41
3.141592654
 42
3.570818943
  0
ELLIPSE
  5
E47
330
A02
100
AcDbEntity
  8
V_01_Base_Az_Ring_Gear_3
100
AcDbEllipse
 10
209.999999990
 20
151.019837609
 30
0.000000000
 11
22.139830497
 21
0.000000000
 31
0.000000000
 40
0.577350269
 41
3.572542531
 42
3.574580756
  0
ELLIPSE
  5
E48
330
A02
100
AcDbEntity
  8
V_01_Base_Az_Ring_Gear_3
100
AcDbEllipse
 10
190.088305978
 20
145.706110182
 30
0.000000000
 11
0.203954802
 21
0.000000000
 31
0.000000000
 40
0.577350269
 41
3.576304344
 42
4.745108414
  0
ELLIPSE
  5
E49
330
A02
100
AcDbEntity
  8
V_01_Base_Az_Ring_Gear_3
100
AcDbEllipse
 10
209.999998578
 20
151.019839179
 30
0.000000000
 11
20.932203390
 21
-0.000000000
 31
0.000000000
 40
0.577350269
 41
3.601347702
 42
3.624315693
  0
ELLIPSE
  5
E4A
330
A02
100
AcDbEntity
  8
V_01_Base_Az_Ring_Gear_3
100
AcDbEllipse
 10
190.850293974
 20
144.842691143
 30
0.000000000
 11
0.203954802
 21
0.000000000
 31
0.000000000
 40
0.577350269
 41
2.480554690
 42
3.141592654
  0
ELLIPSE
  5
E4B
330
A02
100
AcDbEntity
  8
V_01_Base_Az_Ring_Gear_3
100
AcDbEllipse
 10
190.850293974
 20
144.842691143
 30
0.000000000
 11
0.203954802
 21
0.000000000
 31
0.000000000
 40
0.577350269
 41
3.141592654
 42
3.649358759
  0
ELLIPSE
  5
E4C
330
A02
100
AcDbEntity
  8
V_01_Base_Az_Ring_Gear_3
100
AcDbEllipse
 10
210.000000001
 20
151.019837612
 30
0.000000000
 11
22.139830510
 21
0.000000000
 31
0.000000000
 40
0.577350269
 41
3.651082347
 42
3.653120573
  0
ELLIPSE
  5
E4D
330
A02
100
AcDbEntity
  8
V_01_Base_Az_Ring_Gear_3
100
AcDbEllipse
 10
190.871796820
 20
144.820523147
 30
0.000000000
 11
0.203954802
 21
0.000000000
 31
0.000000000
 40
0.577350269
 41
3.654844160
 42
4.823648230
  0
ELLIPSE
  5
E4E
330
A02
100
AcDbEntity
  8
V_01_Base_Az_Ring_Gear_3
100
AcDbEllipse
 10
209.999998369
 20
151.019839109
 30
0.000000000
 11
20.932203390
 21
0.000000000
 31
0.000000000
 40
0.577350269
 41
3.679887518
 42
3.702855510
  0
ELLIPSE
  5
E4F
330
A02
100
AcDbEntity
  8
V_01_Base_Az_Ring_Gear_3
100
AcDbEllipse
 10
191.748770311
 20
143.994282562
 30
0.000000000
 11
0.203954802
 21
0.000000000
 31
0.000000000
 40
0.577350269
 41
2.559094506
 42
3.141592654
  0
ELLIPSE
  5
E50
330
A02
100
AcDbEntity
  8
V_01_Base_Az_Ring_Gear_3
100
AcDbEllipse
 10
191.748770311
 20
143.994282562
 30
0.000000000
 11
0.203954802
 21
0.000000000
 31
0.000000000
 40
0.577350269
 41
3.141592654
 42
3.727898576
  0
ELLIPSE
  5
E51
330
A02
100
AcDbEntity
  8
V_01_Base_Az_Ring_Gear_3
100
AcDbEllipse
 10
210.000000002
 20
151.019837613
 30
0.000000000
 11
22.139830511
 21
0.000000000
 31
0.000000000
 40
0.577350269
 41
3.729622163
 42
3.731660389
  0
ELLIPSE
  5
E52
330
A02
100
AcDbEntity
  8
V_01_Base_Az_Ring_Gear_3
100
AcDbEllipse
 10
191.773219394
 20
143.973156948
 30
0.000000000
 11
0.203954802
 21
0.000000000
 31
0.000000000
 40
0.577350269
 41
3.733383977
 42
4.902188046
  0
ELLIPSE
  5
E53
330
A02
100
AcDbEntity
  8
V_01_Base_Az_Ring_Gear_3
100
AcDbEllipse
 10
209.999998171
 20
151.019839031
 30
0.000000000
 11
20.932203390
 21
0.000000000
 31
0.000000000
 40
0.577350269
 41
3.758427334
 42
3.781395326
  0
ELLIPSE
  5
E54
330
A02
100
AcDbEntity
  8
V_01_Base_Az_Ring_Gear_3
100
AcDbEllipse
 10
192.759771549
 20
143.189188865
 30
0.000000000
 11
0.203954802
 21
-0.000000000
 31
0.000000000
 40
0.577350269
 41
2.637634322
 42
3.141592654
  0
ELLIPSE
  5
E55
330
A02
100
AcDbEntity
  8
V_01_Base_Az_Ring_Gear_3
100
AcDbEllipse
 10
192.759771549
 20
143.189188865
 30
0.000000000
 11
0.203954802
 21
-0.000000000
 31
0.000000000
 40
0.577350269
 41
3.141592654
 42
3.806438392
  0
ELLIPSE
  5
E56
330
A02
100
AcDbEntity
  8
V_01_Base_Az_Ring_Gear_3
100
AcDbEllipse
 10
210.000000007
 20
151.019837615
 30
0.000000000
 11
22.139830518
 21
0.000000000
 31
0.000000000
 40
0.577350269
 41
3.808161980
 42
3.810200205
  0
ELLIPSE
  5
E57
330
A02
100
AcDbEntity
  8
V_01_Base_Az_Ring_Gear_3
100
AcDbEllipse
 10
192.787016132
 20
143.169235878
 30
0.000000000
 11
0.203954802
 21
0.000000000
 31
0.000000000
 40
0.577350269
 41
3.811923793
 42
4.980727863
  0
ELLIPSE
  5
E58
330
A02
100
AcDbEntity
  8
V_01_Base_Az_Ring_Gear_3
100
AcDbEllipse
 10
209.999997984
 20
151.019838944
 30
0.000000000
 11
20.932203390
 21
0.000000000
 31
0.000000000
 40
0.577350269
 41
3.836967151
 42
3.859935142
  0
ELLIPSE
  5
E59
330
A02
100
AcDbEntity
  8
V_01_Base_Az_Ring_Gear_3
100
AcDbEllipse
 10
193.877064529
 20
142.432373722
 30
0.000000000
 11
0.203954802
 21
0.000000000
 31
0.000000000
 40
0.577350269
 41
2.716174139
 42
3.141592654
  0
ELLIPSE
  5
E5A
330
A02
100
AcDbEntity
  8
V_01_Base_Az_Ring_Gear_3
100
AcDbEllipse
 10
193.877064529
 20
142.432373722
 30
0.000000000
 11
0.203954802
 21
0.000000000
 31
0.000000000
 40
0.577350269
 41
3.141592654
 42
3.884978208
  0
ELLIPSE
  5
E5B
330
A02
100
AcDbEntity
  8
V_01_Base_Az_Ring_Gear_3
100
AcDbEllipse
 10
210.000000000
 20
151.019837612
 30
0.000000000
 11
22.139830509
 21
0.000000000
 31
0.000000000
 40
0.577350269
 41
3.886701796
 42
3.888740022
  0
ELLIPSE
  5
E5C
330
A02
100
AcDbEntity
  8
V_01_Base_Az_Ring_Gear_3
100
AcDbEllipse
 10
193.906936639
 20
142.413716378
 30
0.000000000
 11
0.203954802
 21
0.000000000
 31
0.000000000
 40
0.577350269
 41
3.890463609
 42
5.059267679
  0
ELLIPSE
  5
E5D
330
A02
100
AcDbEntity
  8
V_01_Base_Az_Ring_Gear_3
100
AcDbEllipse
 10
209.999997809
 20
151.019838848
 30
0.000000000
 11
20.932203390
 21
0.000000000
 31
0.000000000
 40
0.577350269
 41
3.915506967
 42
3.938474959
  0
ELLIPSE
  5
E5E
330
A02
100
AcDbEntity
  8
V_01_Base_Az_Ring_Gear_3
100
AcDbEllipse
 10
195.093760766
 20
141.728503149
 30
0.000000000
 11
0.203954802
 21
0.000000000
 31
0.000000000
 40
0.577350269
 41
2.794713955
 42
3.141592654
  0
ELLIPSE
  5
E5F
330
A02
100
AcDbEntity
  8
V_01_Base_Az_Ring_Gear_3
100
AcDbEllipse
 10
195.093760766
 20
141.728503149
 30
0.000000000
 11
0.203954802
 21
0.000000000
 31
0.000000000
 40
0.577350269
 41
3.141592654
 42
3.963518025
  0
ELLIPSE
  5
E60
330
A02
100
AcDbEntity
  8
V_01_Base_Az_Ring_Gear_3
100
AcDbEllipse
 10
210.000000000
 20
151.019837612
 30
0.000000000
 11
22.139830509
 21
0.000000000
 31
0.000000000
 40
0.577350269
 41
3.965241612
 42
3.967279838
  0
ELLIPSE
  5
E61
330
A02
100
AcDbEntity
  8
V_01_Base_Az_Ring_Gear_3
100
AcDbEllipse
 10
195.126076234
 20
141.711256477
 30
0.000000000
 11
0.203954802
 21
0.000000000
 31
0.000000000
 40
0.577350269
 41
3.969003426
 42
5.137807495
  0
ELLIPSE
  5
E62
330
A02
100
AcDbEntity
  8
V_01_Base_Az_Ring_Gear_3
100
AcDbEllipse
 10
209.999997648
 20
151.019838745
 30
0.000000000
 11
20.932203390
 21
0.000000000
 31
0.000000000
 40
0.577350269
 41
3.994046783
 42
4.017014775
  0
ELLIPSE
  5
E63
330
A02
100
AcDbEntity
  8
V_01_Base_Az_Ring_Gear_3
100
AcDbEllipse
 10
196.402358926
 20
141.081916742
 30
0.000000000
 11
0.203954802
 21
0.000000000
 31
0.000000000
 40
0.577350269
 41
2.873253771
 42
3.141592654
  0
ELLIPSE
  5
E64
330
A02
100
AcDbEntity
  8
V_01_Base_Az_Ring_Gear_3
100
AcDbEllipse
 10
196.402358926
 20
141.081916742
 30
0.000000000
 11
0.203954802
 21
0.000000000
 31
0.000000000
 40
0.577350269
 41
3.141592654
 42
4.042057841
  0
ELLIPSE
  5
E65
330
A02
100
AcDbEntity
  8
V_01_Base_Az_Ring_Gear_3
100
AcDbEllipse
 10
209.999999999
 20
151.019837611
 30
0.000000000
 11
22.139830507
 21
0.000000000
 31
0.000000000
 40
0.577350269
 41
4.043781429
 42
4.045819654
  0
ELLIPSE
  5
E66
330
A02
100
AcDbEntity
  8
V_01_Base_Az_Ring_Gear_3
100
AcDbEllipse
 10
196.436918515
 20
141.066187075
 30
0.000000000
 11
0.203954802
 21
0.000000000
 31
0.000000000
 40
0.577350269
 41
4.047543242
 42
5.216347312
  0
ELLIPSE
  5
E67
330
A02
100
AcDbEntity
  8
V_01_Base_Az_Ring_Gear_3
100
AcDbEllipse
 10
209.999997501
 20
151.019838635
 30
0.000000000
 11
20.932203390
 21
0.000000000
 31
0.000000000
 40
0.577350269
 41
4.072586600
 42
4.095554591
  0
ELLIPSE
  5
E68
330
A02
100
AcDbEntity
  8
V_01_Base_Az_Ring_Gear_3
100
AcDbEllipse
 10
197.794791065
 20
140.496600923
 30
0.000000000
 11
0.203954802
 21
0.000000000
 31
0.000000000
 40
0.577350269
 41
2.951793588
 42
3.141592654
  0
ELLIPSE
  5
E69
330
A02
100
AcDbEntity
  8
V_01_Base_Az_Ring_Gear_3
100
AcDbEllipse
 10
197.794791065
 20
140.496600923
 30
0.000000000
 11
0.203954802
 21
0.000000000
 31
0.000000000
 40
0.577350269
 41
3.141592654
 42
4.120597657
  0
ELLIPSE
  5
E6A
330
A02
100
AcDbEntity
  8
V_01_Base_Az_Ring_Gear_3
100
AcDbEllipse
 10
210.000000001
 20
151.019837613
 30
0.000000000
 11
22.139830511
 21
0.000000000
 31
0.000000000
 40
0.577350269
 41
4.122321245
 42
4.124359471
  0
ELLIPSE
  5
E6B
330
A02
100
AcDbEntity
  8
V_01_Base_Az_Ring_Gear_3
100
AcDbEllipse
 10
197.831381703
 20
140.482485238
 30
0.000000000
 11
0.203954802
 21
-0.000000000
 31
0.000000000
 40
0.577350269
 41
4.126083058
 42
5.294887128
  0
ELLIPSE
  5
E6C
330
A02
100
AcDbEntity
  8
V_01_Base_Az_Ring_Gear_3
100
AcDbEllipse
 10
209.999997370
 20
151.019838519
 30
0.000000000
 11
20.932203390
 21
0.000000000
 31
0.000000000
 40
0.577350269
 41
4.151126416
 42
4.174094408
  0
ELLIPSE
  5
E6D
330
A02
100
AcDbEntity
  8
V_01_Base_Az_Ring_Gear_3
100
AcDbEllipse
 10
199.262472375
 20
139.976164357
 30
0.000000000
 11
0.203954802
 21
0.000000000
 31
0.000000000
 40
0.577350269
 41
3.030333404
 42
3.141592654
  0
ELLIPSE
  5
E6E
330
A02
100
AcDbEntity
  8
V_01_Base_Az_Ring_Gear_3
100
AcDbEllipse
 10
199.262472375
 20
139.976164357
 30
0.000000000
 11
0.203954802
 21
0.000000000
 31
0.000000000
 40
0.577350269
 41
3.141592654
 42
4.199137474
  0
ELLIPSE
  5
E6F
330
A02
100
AcDbEntity
  8
V_01_Base_Az_Ring_Gear_3
100
AcDbEllipse
 10
210.000000001
 20
151.019837613
 30
0.000000000
 11
22.139830510
 21
-0.000000000
 31
0.000000000
 40
0.577350269
 41
4.200861061
 42
4.202899287
  0
ELLIPSE
  5
E70
330
A02
100
AcDbEntity
  8
V_01_Base_Az_Ring_Gear_3
100
AcDbEllipse
 10
199.300868469
 20
139.963749683
 30
0.000000000
 11
0.203954802
 21
0.000000000
 31
0.000000000
 40
0.577350269
 41
4.204622875
 42
5.373426944
  0
ELLIPSE
  5
E71
330
A02
100
AcDbEntity
  8
V_01_Base_Az_Ring_Gear_3
100
AcDbEllipse
 10
209.999997255
 20
151.019838397
 30
0.000000000
 11
20.932203390
 21
0.000000000
 31
0.000000000
 40
0.577350269
 41
4.229666232
 42
4.252634224
  0
ELLIPSE
  5
E72
330
A02
100
AcDbEntity
  8
V_01_Base_Az_Ring_Gear_3
100
AcDbEllipse
 10
200.796354113
 20
139.523815709
 30
0.000000000
 11
0.203954802
 21
0.000000000
 31
0.000000000
 40
0.577350269
 41
3.108873220
 42
3.141592654
  0
ELLIPSE
  5
E73
330
A02
100
AcDbEntity
  8
V_01_Base_Az_Ring_Gear_3
100
AcDbEllipse
 10
200.796354113
 20
139.523815709
 30
0.000000000
 11
0.203954802
 21
0.000000000
 31
0.000000000
 40
0.577350269
 41
3.141592654
 42
4.277677290
  0
ELLIPSE
  5
E74
330
A02
100
AcDbEntity
  8
V_01_Base_Az_Ring_Gear_3
100
AcDbEllipse
 10
209.999999997
 20
151.019837608
 30
0.000000000
 11
22.139830502
 21
0.000000000
 31
0.000000000
 40
0.577350269
 41
4.279400878
 42
4.281439103
  0
ELLIPSE
  5
E75
330
A02
100
AcDbEntity
  8
V_01_Base_Az_Ring_Gear_3
100
AcDbEllipse
 10
200.836318939
 20
139.513178586
 30
0.000000000
 11
0.203954802
 21
0.000000000
 31
0.000000000
 40
0.577350269
 41
4.283162691
 42
5.451966761
  0
ELLIPSE
  5
E76
330
A02
100
AcDbEntity
  8
V_01_Base_Az_Ring_Gear_3
100
AcDbEllipse
 10
209.999997156
 20
151.019838270
 30
0.000000000
 11
20.932203390
 21
0.000000000
 31
0.000000000
 40
0.577350269
 41
4.308206049
 42
4.331174040
  0
ELLIPSE
  5
E77
330
A02
100
AcDbEntity
  8
V_01_Base_Az_Ring_Gear_3
100
AcDbEllipse
 10
202.386979390
 20
139.142343858
 30
0.000000000
 11
0.203954802
 21
0.000000000
 31
0.000000000
 40
0.577350269
 41
3.187413037
 42
4.356217106
  0
ELLIPSE
  5
E78
330
A02
100
AcDbEntity
  8
V_01_Base_Az_Ring_Gear_3
100
AcDbEllipse
 10
209.999999999
 20
151.019837610
 30
0.000000000
 11
22.139830504
 21
0.000000000
 31
0.000000000
 40
0.577350269
 41
4.357940694
 42
4.359978920
  0
ELLIPSE
  5
E79
330
A02
100
AcDbEntity
  8
V_01_Base_Az_Ring_Gear_3
100
AcDbEllipse
 10
202.428266550
 20
139.133549868
 30
0.000000000
 11
0.203954802
 21
0.000000000
 31
0.000000000
 40
0.577350269
 41
4.361702507
 42
5.530506577
  0
ELLIPSE
  5
E7A
330
A02
100
AcDbEntity
  8
V_01_Base_Az_Ring_Gear_3
100
AcDbEllipse
 10
209.999997076
 20
151.019838139
 30
0.000000000
 11
20.932203390
 21
0.000000000
 31
0.000000000
 40
0.577350269
 41
4.386745865
 42
4.409713857
  0
ELLIPSE
  5
E7B
330
A02
100
AcDbEntity
  8
V_01_Base_Az_Ring_Gear_3
100
AcDbEllipse
 10
204.024541469
 20
138.834100707
 30
0.000000000
 11
0.203954802
 21
0.000000000
 31
0.000000000
 40
0.577350269
 41
3.265952853
 42
4.434756923
  0
ELLIPSE
  5
E7C
330
A02
100
AcDbEntity
  8
V_01_Base_Az_Ring_Gear_3
100
AcDbEllipse
 10
210.000000002
 20
151.019837617
 30
0.000000000
 11
22.139830517
 21
0.000000000
 31
0.000000000
 40
0.577350269
 41
4.436480510
 42
4.438518736
  0
ELLIPSE
  5
E7D
330
A02
100
AcDbEntity
  8
V_01_Base_Az_Ring_Gear_3
100
AcDbEllipse
 10
204.066896416
 20
138.827204067
 30
0.000000000
 11
0.203954802
 21
0.000000000
 31
0.000000000
 40
0.577350269
 41
4.440242324
 42
5.609046393
  0
ELLIPSE
  5
E7E
330
A02
100
AcDbEntity
  8
V_01_Base_Az_Ring_Gear_3
100
AcDbEllipse
 10
209.999997013
 20
151.019838005
 30
0.000000000
 11
20.932203390
 21
0.000000000
 31
0.000000000
 40
0.577350269
 41
4.465285681
 42
4.488253673
  0
ELLIPSE
  5
E7F
330
A02
100
AcDbEntity
  8
V_01_Base_Az_Ring_Gear_3
100
AcDbEllipse
 10
205.698944238
 20
138.600986676
 30
0.000000000
 11
0.203954802
 21
0.000000000
 31
0.000000000
 40
0.577350269
 41
3.344492669
 42
4.513296739
  0
ELLIPSE
  5
E80
330
A02
100
AcDbEntity
  8
V_01_Base_Az_Ring_Gear_3
100
AcDbEllipse
 10
210.000000002
 20
151.019837617
 30
0.000000000
 11
22.139830517
 21
0.000000000
 31
0.000000000
 40
0.577350269
 41
4.515020327
 42
4.517058552
  0
ELLIPSE
  5
E81
330
A02
100
AcDbEntity
  8
V_01_Base_Az_Ring_Gear_3
100
AcDbEllipse
 10
205.742105838
 20
138.596029906
 30
0.000000000
 11
0.203954802
 21
0.000000000
 31
0.000000000
 40
0.577350269
 41
4.518782140
 42
5.687586210
  0
ELLIPSE
  5
E82
330
A02
100
AcDbEntity
  8
V_01_Base_Az_Ring_Gear_3
100
AcDbEllipse
 10
209.999996969
 20
151.019837869
 30
0.000000000
 11
20.932203390
 21
0.000000000
 31
0.000000000
 40
0.577350269
 41
4.543825498
 42
4.566793489
  0
ELLIPSE
  5
E83
330
A02
100
AcDbEntity
  8
V_01_Base_Az_Ring_Gear_3
100
AcDbEllipse
 10
207.399864445
 20
138.444438990
 30
0.000000000
 11
0.203954802
 21
0.000000000
 31
0.000000000
 40
0.577350269
 41
3.423032486
 42
4.591836555
  0
ELLIPSE
  5
E84
330
A02
100
AcDbEntity
  8
V_01_Base_Az_Ring_Gear_3
100
AcDbEllipse
 10
210.000000001
 20
151.019837616
 30
0.000000000
 11
22.139830515
 21
0.000000000
 31
0.000000000
 40
0.577350269
 41
4.593560143
 42
4.595598369
  0
ELLIPSE
  5
E85
330
A02
100
AcDbEntity
  8
V_01_Base_Az_Ring_Gear_3
100
AcDbEllipse
 10
207.443566594
 20
138.441452651
 30
0.000000000
 11
0.203954802
 21
0.000000000
 31
0.000000000
 40
0.577350269
 41
4.597321956
 42
5.766126026
  0
ELLIPSE
  5
E86
330
A02
100
AcDbEntity
  8
V_01_Base_Az_Ring_Gear_3
100
AcDbEllipse
 10
209.999996943
 20
151.019837731
 30
0.000000000
 11
20.932203390
 21
0.000000000
 31
0.000000000
 40
0.577350269
 41
4.622365314
 42
4.645333306
  0
ELLIPSE
  5
E87
330
A02
100
AcDbEntity
  8
V_01_Base_Az_Ring_Gear_3
100
AcDbEllipse
 10
209.116815353
 20
138.365422819
 30
0.000000000
 11
0.203954802
 21
0.000000000
 31
0.000000000
 40
0.577350269
 41
3.501572302
 42
4.670376372
  0
ELLIPSE
  5
E88
330
A02
100
AcDbEntity
  8
V_01_Base_Az_Ring_Gear_3
100
AcDbEllipse
 10
210.000000000
 20
151.019837615
 30
0.000000000
 11
22.139830514
 21
0.000000000
 31
0.000000000
 40
0.577350269
 41
4.672099959
 42
4.674138185
  0
ELLIPSE
  5
E89
330
A02
100
AcDbEntity
  8
V_01_Base_Az_Ring_Gear_3
100
AcDbEllipse
 10
209.160788612
 20
138.364425322
 30
0.000000000
 11
0.203954802
 21
0.000000000
 31
0.000000000
 40
0.577350269
 41
4.675861773
 42
5.844665842
  0
ELLIPSE
  5
E8A
330
A02
100
AcDbEntity
  8
V_01_Base_Az_Ring_Gear_3
100
AcDbEllipse
 10
209.999996937
 20
151.019837592
 30
0.000000000
 11
20.932203390
 21
0.000000000
 31
0.000000000
 40
0.577350269
 41
4.700905130
 42
4.723873122
  0
ELLIPSE
  5
E8B
330
A02
100
AcDbEntity
  8
V_01_Base_Az_Ring_Gear_3
100
AcDbEllipse
 10
210.839211388
 20
138.364425322
 30
0.000000000
 11
0.203954802
 21
0.000000000
 31
0.000000000
 40
0.577350269
 41
3.580112118
 42
4.748916188
  0
ELLIPSE
  5
E8C
330
A02
100
AcDbEntity
  8
V_01_Base_Az_Ring_Gear_3
100
AcDbEllipse
 10
210.000000000
 20
151.019837612
 30
0.000000000
 11
22.139830508
 21
0.000000000
 31
0.000000000
 40
0.577350269
 41
4.750639776
 42
4.752678001
  0
ELLIPSE
  5
E8D
330
A02
100
AcDbEntity
  8
V_01_Base_Az_Ring_Gear_3
100
AcDbEllipse
 10
210.883184647
 20
138.365422819
 30
0.000000000
 11
0.203954802
 21
0.000000000
 31
0.000000000
 40
0.577350269
 41
4.754401589
 42
5.923205659
  0
ELLIPSE
  5
E8E
330
A02
100
AcDbEntity
  8
V_01_Base_Az_Ring_Gear_3
100
AcDbEllipse
 10
209.999996949
 20
151.019837453
 30
0.000000000
 11
20.932203390
 21
0.000000000
 31
0.000000000
 40
0.577350269
 41
4.779444947
 42
4.802412938
  0
ELLIPSE
  5
E8F
330
A02
100
AcDbEntity
  8
V_01_Base_Az_Ring_Gear_3
100
AcDbEllipse
 10
212.556433406
 20
138.441452651
 30
0.000000000
 11
0.203954802
 21
0.000000000
 31
0.000000000
 40
0.577350269
 41
3.658651935
 42
4.827456004
  0
ELLIPSE
  5
E90
330
A02
100
AcDbEntity
  8
V_01_Base_Az_Ring_Gear_3
100
AcDbEllipse
 10
210.000000000
 20
151.019837613
 30
0.000000000
 11
22.139830509
 21
0.000000000
 31
0.000000000
 40
0.577350269
 41
4.829179592
 42
4.831217818
  0
ELLIPSE
  5
E91
330
A02
100
AcDbEntity
  8
V_01_Base_Az_Ring_Gear_3
100
AcDbEllipse
 10
212.600135555
 20
138.444438990
 30
0.000000000
 11
0.203954802
 21
0.000000000
 31
0.000000000
 40
0.577350269
 41
4.832941406
 42
6.001745475
  0
ELLIPSE
  5
E92
330
A02
100
AcDbEntity
  8
V_01_Base_Az_Ring_Gear_3
100
AcDbEllipse
 10
209.999996980
 20
151.019837315
 30
0.000000000
 11
20.932203390
 21
0.000000000
 31
0.000000000
 40
0.577350269
 41
4.857984763
 42
4.880952755
  0
ELLIPSE
  5
E93
330
A02
100
AcDbEntity
  8
V_01_Base_Az_Ring_Gear_3
100
AcDbEllipse
 10
214.257894162
 20
138.596029906
 30
0.000000000
 11
0.203954802
 21
0.000000000
 31
0.000000000
 40
0.577350269
 41
3.737191751
 42
4.905995821
  0
ELLIPSE
  5
E94
330
A02
100
AcDbEntity
  8
V_01_Base_Az_Ring_Gear_3
100
AcDbEllipse
 10
209.999999999
 20
151.019837614
 30
0.000000000
 11
22.139830513
 21
0.000000000
 31
0.000000000
 40
0.577350269
 41
4.907719408
 42
4.909757634
  0
ELLIPSE
  5
E95
330
A02
100
AcDbEntity
  8
V_01_Base_Az_Ring_Gear_3
100
AcDbEllipse
 10
214.301055762
 20
138.600986676
 30
0.000000000
 11
0.203954802
 21
0.000000000
 31
0.000000000
 40
0.577350269
 41
4.911481222
 42
6.080285291
  0
ELLIPSE
  5
E96
330
A02
100
AcDbEntity
  8
V_01_Base_Az_Ring_Gear_3
100
AcDbEllipse
 10
209.999997030
 20
151.019837179
 30
0.000000000
 11
20.932203390
 21
0.000000000
 31
0.000000000
 40
0.577350269
 41
4.936524579
 42
4.959492571
  0
ELLIPSE
  5
E97
330
A02
100
AcDbEntity
  8
V_01_Base_Az_Ring_Gear_3
100
AcDbEllipse
 10
215.933103584
 20
138.827204067
 30
0.000000000
 11
0.203954802
 21
-0.000000000
 31
0.000000000
 40
0.577350269
 41
3.815731567
 42
4.984535637
  0
ELLIPSE
  5
E98
330
A02
100
AcDbEntity
  8
V_01_Base_Az_Ring_Gear_3
100
AcDbEllipse
 10
209.999999999
 20
151.019837615
 30
0.000000000
 11
22.139830513
 21
0.000000000
 31
0.000000000
 40
0.577350269
 41
4.986259225
 42
4.988297450
  0
ELLIPSE
  5
E99
330
A02
100
AcDbEntity
  8
V_01_Base_Az_Ring_Gear_3
100
AcDbEllipse
 10
215.975458531
 20
138.834100707
 30
0.000000000
 11
0.203954802
 21
-0.000000000
 31
0.000000000
 40
0.577350269
 41
4.990021038
 42
6.158825108
  0
ELLIPSE
  5
E9A
330
A02
100
AcDbEntity
  8
V_01_Base_Az_Ring_Gear_3
100
AcDbEllipse
 10
209.999997098
 20
151.019837046
 30
0.000000000
 11
20.932203390
 21
0.000000000
 31
0.000000000
 40
0.577350269
 41
5.015064396
 42
5.038032387
  0
ELLIPSE
  5
E9B
330
A02
100
AcDbEntity
  8
V_01_Base_Az_Ring_Gear_3
100
AcDbEllipse
 10
217.571733450
 20
139.133549868
 30
0.000000000
 11
0.203954802
 21
0.000000000
 31
0.000000000
 40
0.577350269
 41
3.894271384
 42
5.063075453
  0
ELLIPSE
  5
E9C
330
A02
100
AcDbEntity
  8
V_01_Base_Az_Ring_Gear_3
100
AcDbEllipse
 10
210.000000001
 20
151.019837610
 30
0.000000000
 11
22.139830504
 21
0.000000000
 31
0.000000000
 40
0.577350269
 41
5.064799041
 42
5.066837267
  0
ELLIPSE
  5
E9D
330
A02
100
AcDbEntity
  8
V_01_Base_Az_Ring_Gear_3
100
AcDbEllipse
 10
217.613020610
 20
139.142343858
 30
0.000000000
 11
0.203954802
 21
0.000000000
 31
0.000000000
 40
0.577350269
 41
5.068560855
 42
6.237364924
  0
ELLIPSE
  5
E9E
330
A02
100
AcDbEntity
  8
V_01_Base_Az_Ring_Gear_3
100
AcDbEllipse
 10
209.999997183
 20
151.019836916
 30
0.000000000
 11
20.932203390
 21
0.000000000
 31
0.000000000
 40
0.577350269
 41
5.093604212
 42
5.116572204
  0
ELLIPSE
  5
E9F
330
A02
100
AcDbEntity
  8
V_01_Base_Az_Ring_Gear_3
100
AcDbEllipse
 10
219.163681061
 20
139.513178586
 30
0.000000000
 11
0.203954802
 21
-0.000000000
 31
0.000000000
 40
0.577350269
 41
3.972811200
 42
5.141615270
  0
ELLIPSE
  5
EA0
330
A02
100
AcDbEntity
  8
V_01_Base_Az_Ring_Gear_3
100
AcDbEllipse
 10
210.000000005
 20
151.019837606
 30
0.000000000
 11
22.139830497
 21
0.000000000
 31
0.000000000
 40
0.577350269
 41
5.143338858
 42
5.145377083
  0
ELLIPSE
  5
EA1
330
A02
100
AcDbEntity
  8
V_01_Base_Az_Ring_Gear_3
100
AcDbEllipse
 10
219.203645887
 20
139.523815709
 30
0.000000000
 11
0.203954802
 21
0.000000000
 31
0.000000000
 40
0.577350269
 41
5.147100671
 42
0.000000000
  0
ELLIPSE
  5
EA2
330
A02
100
AcDbEntity
  8
V_01_Base_Az_Ring_Gear_3
100
AcDbEllipse
 10
219.203645887
 20
139.523815709
 30
0.000000000
 11
0.203954802
 21
0.000000000
 31
0.000000000
 40
0.577350269
 41
0.000000000
 42
0.032719433
  0
ELLIPSE
  5
EA3
330
A02
100
AcDbEntity
  8
V_01_Base_Az_Ring_Gear_3
100
AcDbEllipse
 10
209.999997287
 20
151.019836791
 30
0.000000000
 11
20.932203390
 21
0.000000000
 31
0.000000000
 40
0.577350269
 41
5.172144028
 42
5.195112020
  0
ELLIPSE
  5
EA4
330
A02
100
AcDbEntity
  8
V_01_Base_Az_Ring_Gear_3
100
AcDbEllipse
 10
220.699131531
 20
139.963749683
 30
0.000000000
 11
0.203954802
 21
0.000000000
 31
0.000000000
 40
0.577350269
 41
4.051351016
 42
5.220155086
  0
ELLIPSE
  5
EA5
330
A02
100
AcDbEntity
  8
V_01_Base_Az_Ring_Gear_3
100
AcDbEllipse
 10
209.999999999
 20
151.019837613
 30
0.000000000
 11
22.139830510
 21
0.000000000
 31
0.000000000
 40
0.577350269
 41
5.221878674
 42
5.223916899
  0
ELLIPSE
  5
EA6
330
A02
100
AcDbEntity
  8
V_01_Base_Az_Ring_Gear_3
100
AcDbEllipse
 10
220.737527625
 20
139.976164357
 30
0.000000000
 11
0.203954802
 21
0.000000000
 31
0.000000000
 40
0.577350269
 41
5.225640487
 42
0.000000000
  0
ELLIPSE
  5
EA7
330
A02
100
AcDbEntity
  8
V_01_Base_Az_Ring_Gear_3
100
AcDbEllipse
 10
220.737527625
 20
139.976164357
 30
0.000000000
 11
0.203954802
 21
0.000000000
 31
0.000000000
 40
0.577350269
 41
0.000000000
 42
0.111259250
  0
ELLIPSE
  5
EA8
330
A02
100
AcDbEntity
  8
V_01_Base_Az_Ring_Gear_3
100
AcDbEllipse
 10
209.999997407
 20
151.019836671
 30
0.000000000
 11
20.932203390
 21
0.000000000
 31
0.000000000
 40
0.577350269
 41
5.250683845
 42
5.273651836
  0
ELLIPSE
  5
EA9
330
A02
100
AcDbEntity
  8
V_01_Base_Az_Ring_Gear_3
100
AcDbEllipse
 10
222.168618297
 20
140.482485238
 30
0.000000000
 11
0.203954802
 21
0.000000000
 31
0.000000000
 40
0.577350269
 41
4.129890833
 42
5.298694902
  0
ELLIPSE
  5
EAA
330
A02
100
AcDbEntity
  8
V_01_Base_Az_Ring_Gear_3
100
AcDbEllipse
 10
209.999999999
 20
151.019837613
 30
0.000000000
 11
22.139830511
 21
0.000000000
 31
0.000000000
 40
0.577350269
 41
5.300418490
 42
5.302456716
  0
ELLIPSE
  5
EAB
330
A02
100
AcDbEntity
  8
V_01_Base_Az_Ring_Gear_3
100
AcDbEllipse
 10
222.205208935
 20
140.496600923
 30
0.000000000
 11
0.203954802
 21
0.000000000
 31
0.000000000
 40
0.577350269
 41
5.304180304
 42
0.000000000
  0
ELLIPSE
  5
EAC
330
A02
100
AcDbEntity
  8
V_01_Base_Az_Ring_Gear_3
100
AcDbEllipse
 10
222.205208935
 20
140.496600923
 30
0.000000000
 11
0.203954802
 21
0.000000000
 31
0.000000000
 40
0.577350269
 41
0.000000000
 42
0.189799066
  0
ELLIPSE
  5
EAD
330
A02
100
AcDbEntity
  8
V_01_Base_Az_Ring_Gear_3
100
AcDbEllipse
 10
209.999997542
 20
151.019836556
 30
0.000000000
 11
20.932203390
 21
0.000000000
 31
0.000000000
 40
0.577350269
 41
5.329223661
 42
5.352191653
  0
ELLIPSE
  5
EAE
330
A02
100
AcDbEntity
  8
V_01_Base_Az_Ring_Gear_3
100
AcDbEllipse
 10
223.563081485
 20
141.066187075
 30
0.000000000
 11
0.203954802
 21
-0.000000000
 31
0.000000000
 40
0.577350269
 41
4.208430649
 42
5.377234719
  0
ELLIPSE
  5
EAF
330
A02
100
AcDbEntity
  8
V_01_Base_Az_Ring_Gear_3
100
AcDbEllipse
 10
209.999999994
 20
151.019837616
 30
0.000000000
 11
22.139830518
 21
0.000000000
 31
0.000000000
 40
0.577350269
 41
5.378958307
 42
5.380996532
  0
ELLIPSE
  5
EB0
330
A02
100
AcDbEntity
  8
V_01_Base_Az_Ring_Gear_3
100
AcDbEllipse
 10
223.597641074
 20
141.081916742
 30
0.000000000
 11
0.203954802
 21
0.000000000
 31
0.000000000
 40
0.577350269
 41
5.382720120
 42
0.000000000
  0
ELLIPSE
  5
EB1
330
A02
100
AcDbEntity
  8
V_01_Base_Az_Ring_Gear_3
100
AcDbEllipse
 10
223.597641074
 20
141.081916742
 30
0.000000000
 11
0.203954802
 21
0.000000000
 31
0.000000000
 40
0.577350269
 41
0.000000000
 42
0.268338882
  0
ELLIPSE
  5
EB2
330
A02
100
AcDbEntity
  8
V_01_Base_Az_Ring_Gear_3
100
AcDbEllipse
 10
209.999997694
 20
151.019836448
 30
0.000000000
 11
20.932203390
 21
0.000000000
 31
0.000000000
 40
0.577350269
 41
5.407763477
 42
5.430731469
  0
ELLIPSE
  5
EB3
330
A02
100
AcDbEntity
  8
V_01_Base_Az_Ring_Gear_3
100
AcDbEllipse
 10
224.873923766
 20
141.711256477
 30
0.000000000
 11
0.203954802
 21
0.000000000
 31
0.000000000
 40
0.577350269
 41
4.286970465
 42
5.455774535
  0
ELLIPSE
  5
EB4
330
A02
100
AcDbEntity
  8
V_01_Base_Az_Ring_Gear_3
100
AcDbEllipse
 10
210.000000000
 20
151.019837612
 30
0.000000000
 11
22.139830509
 21
0.000000000
 31
0.000000000
 40
0.577350269
 41
5.457498123
 42
5.459536348
  0
ELLIPSE
  5
EB5
330
A02
100
AcDbEntity
  8
V_01_Base_Az_Ring_Gear_3
100
AcDbEllipse
 10
224.906239234
 20
141.728503149
 30
0.000000000
 11
0.203954802
 21
0.000000000
 31
0.000000000
 40
0.577350269
 41
5.461259936
 42
0.000000000
  0
ELLIPSE
  5
EB6
330
A02
100
AcDbEntity
  8
V_01_Base_Az_Ring_Gear_3
100
AcDbEllipse
 10
224.906239234
 20
141.728503149
 30
0.000000000
 11
0.203954802
 21
0.000000000
 31
0.000000000
 40
0.577350269
 41
0.000000000
 42
0.346878699
  0
ELLIPSE
  5
EB7
330
A02
100
AcDbEntity
  8
V_01_Base_Az_Ring_Gear_3
100
AcDbEllipse
 10
209.999997859
 20
151.019836347
 30
0.000000000
 11
20.932203390
 21
0.000000000
 31
0.000000000
 40
0.577350269
 41
5.486303294
 42
5.509271285
  0
ELLIPSE
  5
EB8
330
A02
100
AcDbEntity
  8
V_01_Base_Az_Ring_Gear_3
100
AcDbEllipse
 10
210.000000000
 20
145.980162388
 30
0.000000000
 11
23.750000000
 21
0.000000000
 31
0.000000000
 40
0.577350269
 41
5.497787144
 42
0.000000000
  0
ELLIPSE
  5
EB9
330
A02
100
AcDbEntity
  8
V_01_Base_Az_Ring_Gear_3
100
AcDbEllipse
 10
210.000000000
 20
145.980162388
 30
0.000000000
 11
23.750000000
 21
0.000000000
 31
0.000000000
 40
0.577350269
 41
3.141592654
 42
5.497787144
  0
SPLINE
  5
EBA
330
A02
100
AcDbEntity
  8
V_01_Base_Az_Ring_Gear_3
100
AcDbSpline
210
0
220
0
230
1
 70
8
 71
1
 72
4
 73
2
 74
0
 40
-11.000000000
 40
-11.000000000
 40
12.000000000
 40
12.000000000
 10
226.793786053
 20
136.284265489
 30
0.000000000
 10
226.793786053
 20
141.323940714
 30
0.000000000
  0
LINE
  5
EBB
330
A02
100
AcDbEntity
  8
V_01_Base_Az_Ring_Gear_3
100
AcDbLine
 10
233.180598602
 20
143.795401881
 30
0.000000000
 11
233.180598602
 21
144.606132243
 31
0.000000000
  0
ELLIPSE
  5
EBC
330
A02
100
AcDbEntity
  8
V_01_Base_Az_Ring_Gear_3
100
AcDbEllipse
 10
210.000000000
 20
146.779936934
 30
0.000000000
 11
23.750000000
 21
0.000000000
 31
0.000000000
 40
0.577350269
 41
5.979000348
 42
6.063771491
  0
ELLIPSE
  5
EBD
330
A02
100
AcDbEntity
  8
V_01_Base_Az_Ring_Gear_3
100
AcDbEllipse
 10
210.000000000
 20
147.590667297
 30
0.000000000
 11
23.750000000
 21
0.000000000
 31
0.000000000
 40
0.577350269
 41
5.979000348
 42
6.063771491
  0
LINE
  5
EBE
330
A02
100
AcDbEntity
  8
V_01_Base_Az_Ring_Gear_3
100
AcDbLine
 10
232.659670439
 20
142.672957688
 30
0.000000000
 11
232.659670439
 21
143.483688050
 31
0.000000000
  0
LINE
  5
EBF
330
A02
100
AcDbEntity
  8
V_01_Base_Az_Ring_Gear_3
100
AcDbLine
 10
193.932898119
 20
136.681905160
 30
0.000000000
 11
193.932898119
 21
137.492635522
 31
0.000000000
  0
ELLIPSE
  5
EC0
330
A02
100
AcDbEntity
  8
V_01_Base_Az_Ring_Gear_3
100
AcDbEllipse
 10
210.000000000
 20
146.779936934
 30
0.000000000
 11
23.750000000
 21
0.000000000
 31
0.000000000
 40
0.577350269
 41
3.884605246
 42
3.969376388
  0
ELLIPSE
  5
EC1
330
A02
100
AcDbEntity
  8
V_01_Base_Az_Ring_Gear_3
100
AcDbEllipse
 10
210.000000000
 20
147.590667297
 30
0.000000000
 11
23.750000000
 21
0.000000000
 31
0.000000000
 40
0.577350269
 41
3.884605246
 42
3.969376388
  0
LINE
  5
EC2
330
A02
100
AcDbEntity
  8
V_01_Base_Az_Ring_Gear_3
100
AcDbLine
 10
192.509695911
 20
137.503591338
 30
0.000000000
 11
192.509695911
 21
138.314321700
 31
0.000000000
  0
LINE
  5
EC3
330
A02
100
AcDbEntity
  8
V_01_Base_Az_Ring_Gear_3
100
AcDbLine
 10
217.113496721
 20
133.697370107
 30
0.000000000
 11
217.113496721
 21
134.508100469
 31
0.000000000
  0
ELLIPSE
  5
EC4
330
A02
100
AcDbEntity
  8
V_01_Base_Az_Ring_Gear_3
100
AcDbEllipse
 10
210.000000000
 20
147.590667297
 30
0.000000000
 11
23.750000000
 21
0.000000000
 31
0.000000000
 40
0.577350269
 41
4.931802797
 42
5.016573940
  0
LINE
  5
EC5
330
A02
100
AcDbEntity
  8
V_01_Base_Az_Ring_Gear_3
100
AcDbLine
 10
215.169366350
 20
133.396612092
 30
0.000000000
 11
215.169366350
 21
134.207342454
 31
0.000000000
  0
ELLIPSE
  5
EC6
330
A02
100
AcDbEntity
  8
V_01_Base_Az_Ring_Gear_3
100
AcDbEllipse
 10
210.000000000
 20
146.779936934
 30
0.000000000
 11
23.750000000
 21
0.000000000
 31
0.000000000
 40
0.577350269
 41
4.931802797
 42
5.016573940
  0
LINE
  5
EC7
330
A02
100
AcDbEntity
  8
V_01_Base_Az_Ring_Gear_3
100
AcDbLine
 10
226.308710985
 20
142.383776671
 30
0.000000000
 11
226.308710985
 21
142.480970772
 31
0.000000000
  0
LINE
  5
EC8
330
A02
100
AcDbEntity
  8
V_01_Base_Az_Ring_Gear_3
100
AcDbLine
 10
225.759808449
 20
142.360343503
 30
0.000000000
 11
225.759808449
 21
143.066105169
 31
0.000000000
  0
LINE
  5
EC9
330
A02
100
AcDbEntity
  8
V_01_Base_Az_Ring_Gear_3
100
AcDbLine
 10
227.418827177
 20
143.132326294
 30
0.000000000
 11
227.418827177
 21
143.246051437
 31
0.000000000
  0
LINE
  5
ECA
330
A02
100
AcDbEntity
  8
V_01_Base_Az_Ring_Gear_3
100
AcDbLine
 10
226.792099804
 20
143.118343966
 30
0.000000000
 11
226.792099804
 21
143.804517664
 31
0.000000000
  0
LINE
  5
ECB
330
A02
100
AcDbEntity
  8
V_01_Base_Az_Ring_Gear_3
100
AcDbLine
 10
228.421550508
 20
143.929505046
 30
0.000000000
 11
228.421550508
 21
144.059060079
 31
0.000000000
  0
LINE
  5
ECC
330
A02
100
AcDbEntity
  8
V_01_Base_Az_Ring_Gear_3
100
AcDbLine
 10
227.720862280
 20
143.916450254
 30
0.000000000
 11
227.720862280
 21
144.587415006
 31
0.000000000
  0
LINE
  5
ECD
330
A02
100
AcDbEntity
  8
V_01_Base_Az_Ring_Gear_3
100
AcDbLine
 10
229.310698854
 20
144.767664530
 30
0.000000000
 11
229.310698854
 21
144.914984229
 31
0.000000000
  0
LINE
  5
ECE
330
A02
100
AcDbEntity
  8
V_01_Base_Az_Ring_Gear_3
100
AcDbLine
 10
228.540369747
 20
144.750239327
 30
0.000000000
 11
228.540369747
 21
145.409970372
 31
0.000000000
  0
LINE
  5
ECF
330
A02
100
AcDbEntity
  8
V_01_Base_Az_Ring_Gear_3
100
AcDbLine
 10
230.080790320
 20
145.640271988
 30
0.000000000
 11
230.080790320
 21
145.808546830
 31
0.000000000
  0
LINE
  5
ED0
330
A02
100
AcDbEntity
  8
V_01_Base_Az_Ring_Gear_3
100
AcDbLine
 10
229.245569669
 20
145.614932393
 30
0.000000000
 11
229.245569669
 21
146.267112436
 31
0.000000000
  0
LINE
  5
ED1
330
A02
100
AcDbEntity
  8
V_01_Base_Az_Ring_Gear_3
100
AcDbLine
 10
230.727077036
 20
146.547690973
 30
0.000000000
 11
230.727077036
 21
146.734238772
 31
0.000000000
  0
LINE
  5
ED2
330
A02
100
AcDbEntity
  8
V_01_Base_Az_Ring_Gear_3
100
AcDbLine
 10
229.832114255
 20
146.505443274
 30
0.000000000
 11
229.832114255
 21
147.153556630
 31
0.000000000
  0
LINE
  5
ED3
330
A02
100
AcDbEntity
  8
V_01_Base_Az_Ring_Gear_3
100
AcDbLine
 10
231.245574429
 20
147.483873055
 30
0.000000000
 11
231.245574429
 21
147.686352855
 31
0.000000000
  0
LINE
  5
ED4
330
A02
100
AcDbEntity
  8
V_01_Base_Az_Ring_Gear_3
100
AcDbLine
 10
230.296387261
 20
147.416422858
 30
0.000000000
 11
230.296387261
 21
148.063837733
 31
0.000000000
  0
LINE
  5
ED5
330
A02
100
AcDbEntity
  8
V_01_Base_Az_Ring_Gear_3
100
AcDbLine
 10
231.633085792
 20
148.442694044
 30
0.000000000
 11
231.633085792
 21
148.659018981
 31
0.000000000
  0
LINE
  5
ED6
330
A02
100
AcDbEntity
  8
V_01_Base_Az_Ring_Gear_3
100
AcDbLine
 10
230.635526290
 20
148.342300706
 30
0.000000000
 11
230.635526290
 21
148.992343557
 31
0.000000000
  0
LINE
  5
ED7
330
A02
100
AcDbEntity
  8
V_01_Base_Az_Ring_Gear_3
100
AcDbLine
 10
231.887221987
 20
149.418045270
 30
0.000000000
 11
231.887221987
 21
149.646240339
 31
0.000000000
  0
LINE
  5
ED8
330
A02
100
AcDbEntity
  8
V_01_Base_Az_Ring_Gear_3
100
AcDbLine
 10
230.847440438
 20
149.277324583
 30
0.000000000
 11
230.847440438
 21
149.933349557
 31
0.000000000
  0
LINE
  5
ED9
330
A02
100
AcDbEntity
  8
V_01_Base_Az_Ring_Gear_3
100
AcDbLine
 10
232.006416180
 20
150.403792547
 30
0.000000000
 11
232.006416180
 21
150.641930380
 31
0.000000000
  0
LINE
  5
EDA
330
A02
100
AcDbEntity
  8
V_01_Base_Az_Ring_Gear_3
100
AcDbLine
 10
230.930823183
 20
150.215598669
 30
0.000000000
 11
230.930823183
 21
150.881054117
 31
0.000000000
  0
LINE
  5
EDB
330
A02
100
AcDbEntity
  8
V_01_Base_Az_Ring_Gear_3
100
AcDbLine
 10
230.930823113
 20
150.215598660
 30
0.000000000
 11
230.930823113
 21
151.158621093
 31
0.000000000
  0
LINE
  5
EDC
330
A02
100
AcDbEntity
  8
V_01_Base_Az_Ring_Gear_3
100
AcDbLine
 10
231.989933499
 20
151.393256175
 30
0.000000000
 11
231.989933499
 21
151.639950345
 31
0.000000000
  0
LINE
  5
EDD
330
A02
100
AcDbEntity
  8
V_01_Base_Az_Ring_Gear_3
100
AcDbLine
 10
230.885160443
 20
150.210060898
 30
0.000000000
 11
230.885160443
 21
151.829614323
 31
0.000000000
  0
LINE
  5
EDE
330
A02
100
AcDbEntity
  8
V_01_Base_Az_Ring_Gear_3
100
AcDbLine
 10
230.847440370
 20
149.476929881
 30
0.000000000
 11
230.847440370
 21
152.106325650
 31
0.000000000
  0
LINE
  5
EDF
330
A02
100
AcDbEntity
  8
V_01_Base_Az_Ring_Gear_3
100
AcDbLine
 10
231.837875566
 20
152.377233147
 30
0.000000000
 11
231.837875566
 21
152.634147109
 31
0.000000000
  0
LINE
  5
EE0
330
A02
100
AcDbEntity
  8
V_01_Base_Az_Ring_Gear_3
100
AcDbLine
 10
230.710733744
 20
150.143786218
 30
0.000000000
 11
230.710733744
 21
152.773181987
 31
0.000000000
  0
LINE
  5
EE1
330
A02
100
AcDbEntity
  8
V_01_Base_Az_Ring_Gear_3
100
AcDbLine
 10
230.635526225
 20
150.417935877
 30
0.000000000
 11
230.635526225
 21
153.047331646
 31
0.000000000
  0
ELLIPSE
  5
EE2
330
A02
100
AcDbEntity
  8
V_01_Base_Az_Ring_Gear_3
100
AcDbEllipse
 10
210.000000514
 20
148.390440099
 30
0.000000000
 11
20.932203390
 21
0.000000000
 31
0.000000000
 40
0.577350269
 41
0.145595783
 42
0.168563774
  0
LINE
  5
EE3
330
A02
100
AcDbEntity
  8
V_01_Base_Az_Ring_Gear_3
100
AcDbLine
 10
231.551179868
 20
153.348775322
 30
0.000000000
 11
231.551179868
 21
153.618391119
 31
0.000000000
  0
LINE
  5
EE4
330
A02
100
AcDbEntity
  8
V_01_Base_Az_Ring_Gear_3
100
AcDbLine
 10
230.408618484
 20
151.076543930
 30
0.000000000
 11
230.408618484
 21
153.705939699
 31
0.000000000
  0
LINE
  5
EE5
330
A02
100
AcDbEntity
  8
V_01_Base_Az_Ring_Gear_3
100
AcDbLine
 10
230.296387198
 20
151.346441699
 30
0.000000000
 11
230.296387198
 21
153.975837468
 31
0.000000000
  0
ELLIPSE
  5
EE6
330
A02
100
AcDbEntity
  8
V_01_Base_Az_Ring_Gear_3
100
AcDbEllipse
 10
210.000000749
 20
148.390440128
 30
0.000000000
 11
20.932203390
 21
0.000000000
 31
0.000000000
 40
0.577350269
 41
0.224135599
 42
0.247103591
  0
LINE
  5
EE7
330
A02
100
AcDbEntity
  8
V_01_Base_Az_Ring_Gear_3
100
AcDbLine
 10
231.131613980
 20
154.301300463
 30
0.000000000
 11
231.131613980
 21
154.586614181
 31
0.000000000
  0
LINE
  5
EE8
330
A02
100
AcDbEntity
  8
V_01_Base_Az_Ring_Gear_3
100
AcDbLine
 10
229.980677305
 20
151.992740930
 30
0.000000000
 11
229.980677305
 21
154.622136699
 31
0.000000000
  0
LINE
  5
EE9
330
A02
100
AcDbEntity
  8
V_01_Base_Az_Ring_Gear_3
100
AcDbLine
 10
229.832114196
 20
152.256722799
 30
0.000000000
 11
229.832114196
 21
154.886118568
 31
0.000000000
  0
ELLIPSE
  5
EEA
330
A02
100
AcDbEntity
  8
V_01_Base_Az_Ring_Gear_3
100
AcDbEllipse
 10
210.000000980
 20
148.390440167
 30
0.000000000
 11
20.932203390
 21
0.000000000
 31
0.000000000
 40
0.577350269
 41
0.302675415
 42
0.325643407
  0
LINE
  5
EEB
330
A02
100
AcDbEntity
  8
V_01_Base_Az_Ring_Gear_3
100
AcDbLine
 10
230.581764665
 20
155.228137407
 30
0.000000000
 11
230.581764665
 21
155.532846880
 31
0.000000000
  0
LINE
  5
EEC
330
A02
100
AcDbEntity
  8
V_01_Base_Az_Ring_Gear_3
100
AcDbLine
 10
229.429548606
 20
152.886728558
 30
0.000000000
 11
229.429548606
 21
155.516124327
 31
0.000000000
  0
LINE
  5
EED
330
A02
100
AcDbEntity
  8
V_01_Base_Az_Ring_Gear_3
100
AcDbLine
 10
229.245569614
 20
153.143166991
 30
0.000000000
 11
229.245569614
 21
155.772562760
 31
0.000000000
  0
ELLIPSE
  5
EEE
330
A02
100
AcDbEntity
  8
V_01_Base_Az_Ring_Gear_3
100
AcDbEllipse
 10
210.000001205
 20
148.390440217
 30
0.000000000
 11
20.932203390
 21
0.000000000
 31
0.000000000
 40
0.577350269
 41
0.381215232
 42
0.404183223
  0
LINE
  5
EEF
330
A02
100
AcDbEntity
  8
V_01_Base_Az_Ring_Gear_3
100
AcDbLine
 10
229.905021927
 20
156.122483327
 30
0.000000000
 11
229.905021927
 21
156.451255377
 31
0.000000000
  0
LINE
  5
EF0
330
A02
100
AcDbEntity
  8
V_01_Base_Az_Ring_Gear_3
100
AcDbLine
 10
228.758630279
 20
153.752995083
 30
0.000000000
 11
228.758630279
 21
156.382390853
 31
0.000000000
  0
LINE
  5
EF1
330
A02
100
AcDbEntity
  8
V_01_Base_Az_Ring_Gear_3
100
AcDbLine
 10
228.540369696
 20
154.000309052
 30
0.000000000
 11
228.540369696
 21
156.629704821
 31
0.000000000
  0
ELLIPSE
  5
EF2
330
A02
100
AcDbEntity
  8
V_01_Base_Az_Ring_Gear_3
100
AcDbEllipse
 10
210.000001422
 20
148.390440276
 30
0.000000000
 11
20.932203390
 21
0.000000000
 31
0.000000000
 40
0.577350269
 41
0.459755048
 42
0.482723040
  0
LINE
  5
EF3
330
A02
100
AcDbEntity
  8
V_01_Base_Az_Ring_Gear_3
100
AcDbLine
 10
229.105558109
 20
156.977318139
 30
0.000000000
 11
229.105558109
 21
157.336177376
 31
0.000000000
  0
LINE
  5
EF4
330
A02
100
AcDbEntity
  8
V_01_Base_Az_Ring_Gear_3
100
AcDbLine
 10
227.972058758
 20
154.586199685
 30
0.000000000
 11
227.972058758
 21
157.215595454
 31
0.000000000
  0
LINE
  5
EF5
330
A02
100
AcDbEntity
  8
V_01_Base_Az_Ring_Gear_3
100
AcDbLine
 10
227.720862233
 20
154.822864416
 30
0.000000000
 11
227.720862233
 21
157.452260185
 31
0.000000000
  0
ELLIPSE
  5
EF6
330
A02
100
AcDbEntity
  8
V_01_Base_Az_Ring_Gear_3
100
AcDbEllipse
 10
210.000001631
 20
148.390440346
 30
0.000000000
 11
20.932203390
 21
0.000000000
 31
0.000000000
 40
0.577350269
 41
0.538294864
 42
0.561262856
  0
LINE
  5
EF7
330
A02
100
AcDbEntity
  8
V_01_Base_Az_Ring_Gear_3
100
AcDbLine
 10
228.188302172
 20
157.785252314
 30
0.000000000
 11
228.188302172
 21
158.182157041
 31
0.000000000
  0
LINE
  5
EF8
330
A02
100
AcDbEntity
  8
V_01_Base_Az_Ring_Gear_3
100
AcDbLine
 10
227.074683518
 20
155.381205379
 30
0.000000000
 11
227.074683518
 21
158.010601148
 31
0.000000000
  0
LINE
  5
EF9
330
A02
100
AcDbEntity
  8
V_01_Base_Az_Ring_Gear_3
100
AcDbLine
 10
226.792099762
 20
155.605761756
 30
0.000000000
 11
226.792099762
 21
158.235157525
 31
0.000000000
  0
ELLIPSE
  5
EFA
330
A02
100
AcDbEntity
  8
V_01_Base_Az_Ring_Gear_3
100
AcDbEllipse
 10
210.000001829
 20
148.390440424
 30
0.000000000
 11
20.932203390
 21
0.000000000
 31
0.000000000
 40
0.577350269
 41
0.616834681
 42
0.639802672
  0
LINE
  5
EFB
330
A02
100
AcDbEntity
  8
V_01_Base_Az_Ring_Gear_3
100
AcDbLine
 10
227.158909304
 20
158.538274543
 30
0.000000000
 11
227.158909304
 21
158.983978624
 31
0.000000000
  0
LINE
  5
EFC
330
A02
100
AcDbEntity
  8
V_01_Base_Az_Ring_Gear_3
100
AcDbLine
 10
226.072037177
 20
156.133110691
 30
0.000000000
 11
226.072037177
 21
158.762506460
 31
0.000000000
  0
LINE
  5
EFD
330
A02
100
AcDbEntity
  8
V_01_Base_Az_Ring_Gear_3
100
AcDbLine
 10
225.759808412
 20
156.344174249
 30
0.000000000
 11
225.759808412
 21
158.973570018
 31
0.000000000
  0
ELLIPSE
  5
EFE
330
A02
100
AcDbEntity
  8
V_01_Base_Az_Ring_Gear_3
100
AcDbEllipse
 10
210.000002016
 20
148.390440511
 30
0.000000000
 11
20.932203390
 21
0.000000000
 31
0.000000000
 40
0.577350269
 41
0.695374497
 42
0.718342489
  0
LINE
  5
EFF
330
A02
100
AcDbEntity
  8
V_01_Base_Az_Ring_Gear_3
100
AcDbLine
 10
226.023726055
 20
159.227365662
 30
0.000000000
 11
226.023726055
 21
159.736698630
 31
0.000000000
  0
LINE
  5
F00
330
A02
100
AcDbEntity
  8
V_01_Base_Az_Ring_Gear_3
100
AcDbLine
 10
224.970301382
 20
156.837279875
 30
0.000000000
 11
224.970301382
 21
159.466675644
 31
0.000000000
  0
LINE
  5
F01
330
A02
100
AcDbEntity
  8
V_01_Base_Az_Ring_Gear_3
100
AcDbLine
 10
224.630352603
 20
157.033549337
 30
0.000000000
 11
224.630352603
 21
159.662945106
 31
0.000000000
  0
ELLIPSE
  5
F02
330
A02
100
AcDbEntity
  8
V_01_Base_Az_Ring_Gear_3
100
AcDbEllipse
 10
210.000002191
 20
148.390440607
 30
0.000000000
 11
20.932203390
 21
0.000000000
 31
0.000000000
 40
0.577350269
 41
0.773914313
 42
0.796882305
  0
LINE
  5
F03
330
A02
100
AcDbEntity
  8
V_01_Base_Az_Ring_Gear_3
100
AcDbLine
 10
224.789751205
 20
159.842005271
 30
0.000000000
 11
224.789751205
 21
160.435676289
 31
0.000000000
  0
LINE
  5
F04
330
A02
100
AcDbEntity
  8
V_01_Base_Az_Ring_Gear_3
100
AcDbLine
 10
223.776268701
 20
157.489371494
 30
0.000000000
 11
223.776268701
 21
160.118767263
 31
0.000000000
  0
LINE
  5
F05
330
A02
100
AcDbEntity
  8
V_01_Base_Az_Ring_Gear_3
100
AcDbLine
 10
223.410695804
 20
157.669636794
 30
0.000000000
 11
223.410695804
 21
160.299032563
 31
0.000000000
  0
ELLIPSE
  5
F06
330
A02
100
AcDbEntity
  8
V_01_Base_Az_Ring_Gear_3
100
AcDbEllipse
 10
210.000002352
 20
148.390440710
 30
0.000000000
 11
20.932203390
 21
0.000000000
 31
0.000000000
 40
0.577350269
 41
0.852454130
 42
0.875422121
  0
LINE
  5
F07
330
A02
100
AcDbEntity
  8
V_01_Base_Az_Ring_Gear_3
100
AcDbLine
 10
223.464592622
 20
160.369902721
 30
0.000000000
 11
223.464592622
 21
161.076602172
 31
0.000000000
  0
LINE
  5
F08
330
A02
100
AcDbEntity
  8
V_01_Base_Az_Ring_Gear_3
100
AcDbLine
 10
222.497300743
 20
158.085365185
 30
0.000000000
 11
222.497300743
 21
160.714760954
 31
0.000000000
  0
LINE
  5
F09
330
A02
100
AcDbEntity
  8
V_01_Base_Az_Ring_Gear_3
100
AcDbLine
 10
222.108357607
 20
158.248514928
 30
0.000000000
 11
222.108357607
 21
160.877910697
 31
0.000000000
  0
ELLIPSE
  5
F0A
330
A02
100
AcDbEntity
  8
V_01_Base_Az_Ring_Gear_3
100
AcDbEllipse
 10
210.000002499
 20
148.390440820
 30
0.000000000
 11
20.932203390
 21
0.000000000
 31
0.000000000
 40
0.577350269
 41
0.930993946
 42
0.953961938
  0
LINE
  5
F0B
330
A02
100
AcDbEntity
  8
V_01_Base_Az_Ring_Gear_3
100
AcDbLine
 10
222.056420347
 20
159.026128987
 30
0.000000000
 11
222.056420347
 21
161.655524757
 31
0.000000000
  0
ELLIPSE
  5
F0C
330
A02
100
AcDbEntity
  8
V_01_Base_Az_Ring_Gear_3
100
AcDbEllipse
 10
222.168618297
 20
158.927794217
 30
0.000000000
 11
0.203954802
 21
-0.000000000
 31
0.000000000
 40
0.577350269
 41
1.870734357
 42
2.153294474
  0
LINE
  5
F0D
330
A02
100
AcDbEntity
  8
V_01_Base_Az_Ring_Gear_3
100
AcDbLine
 10
221.141282769
 20
158.621586451
 30
0.000000000
 11
221.141282769
 21
161.250982220
 31
0.000000000
  0
LINE
  5
F0E
330
A02
100
AcDbEntity
  8
V_01_Base_Az_Ring_Gear_3
100
AcDbLine
 10
220.731367358
 20
158.766614763
 30
0.000000000
 11
220.731367358
 21
161.396010532
 31
0.000000000
  0
ELLIPSE
  5
F0F
330
A02
100
AcDbEntity
  8
V_01_Base_Az_Ring_Gear_3
100
AcDbEllipse
 10
210.000002630
 20
148.390440936
 30
0.000000000
 11
20.932203390
 21
0.000000000
 31
0.000000000
 40
0.577350269
 41
1.009533762
 42
1.032501754
  0
LINE
  5
F10
330
A02
100
AcDbEntity
  8
V_01_Base_Az_Ring_Gear_3
100
AcDbLine
 10
220.573916232
 20
159.539479024
 30
0.000000000
 11
220.573916232
 21
162.168874793
 31
0.000000000
  0
ELLIPSE
  5
F11
330
A02
100
AcDbEntity
  8
V_01_Base_Az_Ring_Gear_3
100
AcDbEllipse
 10
220.699131531
 20
159.446529772
 30
0.000000000
 11
0.203954802
 21
-0.000000000
 31
0.000000000
 40
0.577350269
 41
1.412076982
 42
2.231834291
  0
LINE
  5
F12
330
A02
100
AcDbEntity
  8
V_01_Base_Az_Ring_Gear_3
100
AcDbLine
 10
219.716575083
 20
159.094729307
 30
0.000000000
 11
219.716575083
 21
161.724125076
 31
0.000000000
  0
LINE
  5
F13
330
A02
100
AcDbEntity
  8
V_01_Base_Az_Ring_Gear_3
100
AcDbLine
 10
219.288214661
 20
159.220742041
 30
0.000000000
 11
219.288214661
 21
161.850137810
 31
0.000000000
  0
ELLIPSE
  5
F14
330
A02
100
AcDbEntity
  8
V_01_Base_Az_Ring_Gear_3
100
AcDbEllipse
 10
210.000002745
 20
148.390441058
 30
0.000000000
 11
20.932203390
 21
0.000000000
 31
0.000000000
 40
0.577350269
 41
1.088073579
 42
1.111041570
  0
ELLIPSE
  5
F15
330
A02
100
AcDbEntity
  8
V_01_Base_Az_Ring_Gear_3
100
AcDbEllipse
 10
210.000000003
 20
148.390441847
 30
0.000000000
 11
22.139830502
 21
0.000000000
 31
0.000000000
 40
0.577350269
 41
1.137874233
 42
1.139846450
  0
LINE
  5
F16
330
A02
100
AcDbEntity
  8
V_01_Base_Az_Ring_Gear_3
100
AcDbLine
 10
219.026220408
 20
159.984091539
 30
0.000000000
 11
219.026220408
 21
162.613487309
 31
0.000000000
  0
ELLIPSE
  5
F17
330
A02
100
AcDbEntity
  8
V_01_Base_Az_Ring_Gear_3
100
AcDbEllipse
 10
219.163681061
 20
159.897100869
 30
0.000000000
 11
0.203954802
 21
0.000000000
 31
0.000000000
 40
0.577350269
 41
1.141570038
 42
2.310374107
  0
LINE
  5
F18
330
A02
100
AcDbEntity
  8
V_01_Base_Az_Ring_Gear_3
100
AcDbLine
 10
218.231961480
 20
159.501876672
 30
0.000000000
 11
218.231961480
 21
162.131272441
 31
0.000000000
  0
LINE
  5
F19
330
A02
100
AcDbEntity
  8
V_01_Base_Az_Ring_Gear_3
100
AcDbLine
 10
217.787797032
 20
159.608096918
 30
0.000000000
 11
217.787797032
 21
162.237492687
 31
0.000000000
  0
ELLIPSE
  5
F1A
330
A02
100
AcDbEntity
  8
V_01_Base_Az_Ring_Gear_3
100
AcDbEllipse
 10
210.000002844
 20
148.390441185
 30
0.000000000
 11
20.932203390
 21
0.000000000
 31
0.000000000
 40
0.577350269
 41
1.166613395
 42
1.189581387
  0
LINE
  5
F1B
330
A02
100
AcDbEntity
  8
V_01_Base_Az_Ring_Gear_3
100
AcDbLine
 10
217.816761348
 20
162.442248431
 30
0.000000000
 11
217.816761348
 21
162.902724982
 31
0.000000000
  0
ELLIPSE
  5
F1C
330
A02
100
AcDbEntity
  8
V_01_Base_Az_Ring_Gear_3
100
AcDbEllipse
 10
217.613020610
 20
160.267935597
 30
0.000000000
 11
0.203954802
 21
0.000000000
 31
0.000000000
 40
0.577350269
 41
0.541499006
 42
1.214624453
  0
ELLIPSE
  5
F1D
330
A02
100
AcDbEntity
  8
V_01_Base_Az_Ring_Gear_3
100
AcDbEllipse
 10
210.000000001
 20
148.390441845
 30
0.000000000
 11
22.139830504
 21
0.000000000
 31
0.000000000
 40
0.577350269
 41
1.216348041
 42
1.218386266
  0
LINE
  5
F1E
330
A02
100
AcDbEntity
  8
V_01_Base_Az_Ring_Gear_3
100
AcDbLine
 10
217.422874932
 20
160.357225349
 30
0.000000000
 11
217.422874932
 21
162.986621118
 31
0.000000000
  0
ELLIPSE
  5
F1F
330
A02
100
AcDbEntity
  8
V_01_Base_Az_Ring_Gear_3
100
AcDbEllipse
 10
217.571733450
 20
160.276729587
 30
0.000000000
 11
0.203954802
 21
0.000000000
 31
0.000000000
 40
0.577350269
 41
1.220109854
 42
2.388913923
  0
LINE
  5
F20
330
A02
100
AcDbEntity
  8
V_01_Base_Az_Ring_Gear_3
100
AcDbLine
 10
216.696595097
 20
159.840518346
 30
0.000000000
 11
216.696595097
 21
162.469914116
 31
0.000000000
  0
LINE
  5
F21
330
A02
100
AcDbEntity
  8
V_01_Base_Az_Ring_Gear_3
100
AcDbLine
 10
216.239365045
 20
159.926291221
 30
0.000000000
 11
216.239365045
 21
162.555686990
 31
0.000000000
  0
ELLIPSE
  5
F22
330
A02
100
AcDbEntity
  8
V_01_Base_Az_Ring_Gear_3
100
AcDbEllipse
 10
210.000002924
 20
148.390441316
 30
0.000000000
 11
20.932203390
 21
0.000000000
 31
0.000000000
 40
0.577350269
 41
1.245153211
 42
1.268121203
  0
LINE
  5
F23
330
A02
100
AcDbEntity
  8
V_01_Base_Az_Ring_Gear_3
100
AcDbLine
 10
216.177838237
 20
160.590784863
 30
0.000000000
 11
216.177838237
 21
163.220180632
 31
0.000000000
  0
ELLIPSE
  5
F24
330
A02
100
AcDbEntity
  8
V_01_Base_Az_Ring_Gear_3
100
AcDbEllipse
 10
215.975458531
 20
160.576178748
 30
0.000000000
 11
0.203954802
 21
0.000000000
 31
0.000000000
 40
0.577350269
 41
0.124360199
 42
1.293164269
  0
ELLIPSE
  5
F25
330
A02
100
AcDbEntity
  8
V_01_Base_Az_Ring_Gear_3
100
AcDbEllipse
 10
209.999999998
 20
148.390441838
 30
0.000000000
 11
22.139830517
 21
0.000000000
 31
0.000000000
 40
0.577350269
 41
1.294887857
 42
1.296926082
  0
LINE
  5
F26
330
A02
100
AcDbEntity
  8
V_01_Base_Az_Ring_Gear_3
100
AcDbLine
 10
215.773764965
 20
160.656579959
 30
0.000000000
 11
215.773764965
 21
163.285975728
 31
0.000000000
  0
ELLIPSE
  5
F27
330
A02
100
AcDbEntity
  8
V_01_Base_Az_Ring_Gear_3
100
AcDbEllipse
 10
215.933103584
 20
160.583075388
 30
0.000000000
 11
0.203954802
 21
0.000000000
 31
0.000000000
 40
0.577350269
 41
1.298649670
 42
2.467453740
  0
LINE
  5
F28
330
A02
100
AcDbEntity
  8
V_01_Base_Az_Ring_Gear_3
100
AcDbLine
 10
215.119941978
 20
160.108566492
 30
0.000000000
 11
215.119941978
 21
162.737962261
 31
0.000000000
  0
LINE
  5
F29
330
A02
100
AcDbEntity
  8
V_01_Base_Az_Ring_Gear_3
100
AcDbLine
 10
214.652465297
 20
160.173363176
 30
0.000000000
 11
214.652465297
 21
162.802758945
 31
0.000000000
  0
ELLIPSE
  5
F2A
330
A02
100
AcDbEntity
  8
V_01_Base_Az_Ring_Gear_3
100
AcDbEllipse
 10
210.000002987
 20
148.390441450
 30
0.000000000
 11
20.932203390
 21
0.000000000
 31
0.000000000
 40
0.577350269
 41
1.323693028
 42
1.346661019
  0
LINE
  5
F2B
330
A02
100
AcDbEntity
  8
V_01_Base_Az_Ring_Gear_3
100
AcDbLine
 10
214.500826700
 20
160.833021341
 30
0.000000000
 11
214.500826700
 21
163.462417110
 31
0.000000000
  0
ELLIPSE
  5
F2C
330
A02
100
AcDbEntity
  8
V_01_Base_Az_Ring_Gear_3
100
AcDbEllipse
 10
214.301055762
 20
160.809292779
 30
0.000000000
 11
0.203954802
 21
0.000000000
 31
0.000000000
 40
0.577350269
 41
0.202900016
 42
1.371704085
  0
ELLIPSE
  5
F2D
330
A02
100
AcDbEntity
  8
V_01_Base_Az_Ring_Gear_3
100
AcDbEllipse
 10
209.999999998
 20
148.390441838
 30
0.000000000
 11
22.139830517
 21
0.000000000
 31
0.000000000
 40
0.577350269
 41
1.373427673
 42
1.375465899
  0
LINE
  5
F2E
330
A02
100
AcDbEntity
  8
V_01_Base_Az_Ring_Gear_3
100
AcDbLine
 10
214.089057816
 20
160.880309748
 30
0.000000000
 11
214.089057816
 21
163.509705517
 31
0.000000000
  0
ELLIPSE
  5
F2F
330
A02
100
AcDbEntity
  8
V_01_Base_Az_Ring_Gear_3
100
AcDbEllipse
 10
214.257894162
 20
160.814249549
 30
0.000000000
 11
0.203954802
 21
0.000000000
 31
0.000000000
 40
0.577350269
 41
1.377189487
 42
2.545993556
  0
LINE
  5
F30
330
A02
100
AcDbEntity
  8
V_01_Base_Az_Ring_Gear_3
100
AcDbLine
 10
213.511722715
 20
160.304368501
 30
0.000000000
 11
213.511722715
 21
162.933764271
 31
0.000000000
  0
LINE
  5
F31
330
A02
100
AcDbEntity
  8
V_01_Base_Az_Ring_Gear_3
100
AcDbLine
 10
213.036881554
 20
160.347789503
 30
0.000000000
 11
213.036881554
 21
162.977185272
 31
0.000000000
  0
ELLIPSE
  5
F32
330
A02
100
AcDbEntity
  8
V_01_Base_Az_Ring_Gear_3
100
AcDbEllipse
 10
210.000003031
 20
148.390441586
 30
0.000000000
 11
20.932203390
 21
0.000000000
 31
0.000000000
 40
0.577350269
 41
1.402232844
 42
1.425200836
  0
LINE
  5
F33
330
A02
100
AcDbEntity
  8
V_01_Base_Az_Ring_Gear_3
100
AcDbLine
 10
212.796066069
 20
160.998545180
 30
0.000000000
 11
212.796066069
 21
163.627940949
 31
0.000000000
  0
ELLIPSE
  5
F34
330
A02
100
AcDbEntity
  8
V_01_Base_Az_Ring_Gear_3
100
AcDbEllipse
 10
212.600135555
 20
160.965840465
 30
0.000000000
 11
0.203954802
 21
0.000000000
 31
0.000000000
 40
0.577350269
 41
0.281439832
 42
1.450243902
  0
ELLIPSE
  5
F35
330
A02
100
AcDbEntity
  8
V_01_Base_Az_Ring_Gear_3
100
AcDbEllipse
 10
209.999999999
 20
148.390441839
 30
0.000000000
 11
22.139830515
 21
0.000000000
 31
0.000000000
 40
0.577350269
 41
1.451967490
 42
1.454005715
  0
LINE
  5
F36
330
A02
100
AcDbEntity
  8
V_01_Base_Az_Ring_Gear_3
100
AcDbLine
 10
212.379140267
 20
161.027035349
 30
0.000000000
 11
212.379140267
 21
163.656431118
 31
0.000000000
  0
ELLIPSE
  5
F37
330
A02
100
AcDbEntity
  8
V_01_Base_Az_Ring_Gear_3
100
AcDbEllipse
 10
212.556433406
 20
160.968826804
 30
0.000000000
 11
0.203954802
 21
0.000000000
 31
0.000000000
 40
0.577350269
 41
1.455729303
 42
2.624533372
  0
LINE
  5
F38
330
A02
100
AcDbEntity
  8
V_01_Base_Az_Ring_Gear_3
100
AcDbLine
 10
211.881852513
 20
160.426717192
 30
0.000000000
 11
211.881852513
 21
163.056112961
 31
0.000000000
  0
LINE
  5
F39
330
A02
100
AcDbEntity
  8
V_01_Base_Az_Ring_Gear_3
100
AcDbLine
 10
211.402574426
 20
160.448494805
 30
0.000000000
 11
211.402574426
 21
163.077890574
 31
0.000000000
  0
ELLIPSE
  5
F3A
330
A02
100
AcDbEntity
  8
V_01_Base_Az_Ring_Gear_3
100
AcDbEllipse
 10
210.000003057
 20
148.390441724
 30
0.000000000
 11
20.932203390
 21
0.000000000
 31
0.000000000
 40
0.577350269
 41
1.480772660
 42
1.503740652
  0
LINE
  5
F3B
330
A02
100
AcDbEntity
  8
V_01_Base_Az_Ring_Gear_3
100
AcDbLine
 10
211.074066760
 20
161.086335868
 30
0.000000000
 11
211.074066760
 21
163.715731637
 31
0.000000000
  0
ELLIPSE
  5
F3C
330
A02
100
AcDbEntity
  8
V_01_Base_Az_Ring_Gear_3
100
AcDbEllipse
 10
210.883184647
 20
161.044856636
 30
0.000000000
 11
0.203954802
 21
0.000000000
 31
0.000000000
 40
0.577350269
 41
0.359979648
 42
1.528783718
  0
ELLIPSE
  5
F3D
330
A02
100
AcDbEntity
  8
V_01_Base_Az_Ring_Gear_3
100
AcDbEllipse
 10
210.000000000
 20
148.390441840
 30
0.000000000
 11
22.139830514
 21
0.000000000
 31
0.000000000
 40
0.577350269
 41
1.530507306
 42
1.532545531
  0
LINE
  5
F3E
330
A02
100
AcDbEntity
  8
V_01_Base_Az_Ring_Gear_3
100
AcDbLine
 10
210.654554526
 20
161.095852148
 30
0.000000000
 11
210.654554526
 21
163.725247917
 31
0.000000000
  0
ELLIPSE
  5
F3F
330
A02
100
AcDbEntity
  8
V_01_Base_Az_Ring_Gear_3
100
AcDbEllipse
 10
210.839211388
 20
161.045854133
 30
0.000000000
 11
0.203954802
 21
0.000000000
 31
0.000000000
 40
0.577350269
 41
1.534269119
 42
2.703073189
  0
LINE
  5
F40
330
A02
100
AcDbEntity
  8
V_01_Base_Az_Ring_Gear_3
100
AcDbLine
 10
210.240380065
 20
160.474858242
 30
0.000000000
 11
210.240380065
 21
163.104254011
 31
0.000000000
  0
LINE
  5
F41
330
A02
100
AcDbEntity
  8
V_01_Base_Az_Ring_Gear_3
100
AcDbLine
 10
209.759619960
 20
160.474858202
 30
0.000000000
 11
209.759619960
 21
163.104253971
 31
0.000000000
  0
ELLIPSE
  5
F42
330
A02
100
AcDbEntity
  8
V_01_Base_Az_Ring_Gear_3
100
AcDbEllipse
 10
210.000003063
 20
148.390441863
 30
0.000000000
 11
20.932203390
 21
0.000000000
 31
0.000000000
 40
0.577350269
 41
1.559312477
 42
1.582280468
  0
LINE
  5
F43
330
A02
100
AcDbEntity
  8
V_01_Base_Az_Ring_Gear_3
100
AcDbLine
 10
209.345445474
 20
161.095852148
 30
0.000000000
 11
209.345445474
 21
163.725247917
 31
0.000000000
  0
ELLIPSE
  5
F44
330
A02
100
AcDbEntity
  8
V_01_Base_Az_Ring_Gear_3
100
AcDbEllipse
 10
209.160788612
 20
161.045854133
 30
0.000000000
 11
0.203954802
 21
0.000000000
 31
0.000000000
 40
0.577350269
 41
0.438519465
 42
1.607323534
  0
ELLIPSE
  5
F45
330
A02
100
AcDbEntity
  8
V_01_Base_Az_Ring_Gear_3
100
AcDbEllipse
 10
210.000000000
 20
148.390441843
 30
0.000000000
 11
22.139830508
 21
0.000000000
 31
0.000000000
 40
0.577350269
 41
1.609047122
 42
1.611085348
  0
LINE
  5
F46
330
A02
100
AcDbEntity
  8
V_01_Base_Az_Ring_Gear_3
100
AcDbLine
 10
208.925933240
 20
161.086335868
 30
0.000000000
 11
208.925933240
 21
163.715731637
 31
0.000000000
  0
ELLIPSE
  5
F47
330
A02
100
AcDbEntity
  8
V_01_Base_Az_Ring_Gear_3
100
AcDbEllipse
 10
209.116815353
 20
161.044856636
 30
0.000000000
 11
0.203954802
 21
0.000000000
 31
0.000000000
 40
0.577350269
 41
1.612808936
 42
2.781613005
  0
LINE
  5
F48
330
A02
100
AcDbEntity
  8
V_01_Base_Az_Ring_Gear_3
100
AcDbLine
 10
208.597425593
 20
160.448494847
 30
0.000000000
 11
208.597425593
 21
163.077890616
 31
0.000000000
  0
LINE
  5
F49
330
A02
100
AcDbEntity
  8
V_01_Base_Az_Ring_Gear_3
100
AcDbLine
 10
208.118147517
 20
160.426717153
 30
0.000000000
 11
208.118147517
 21
163.056112922
 31
0.000000000
  0
ELLIPSE
  5
F4A
330
A02
100
AcDbEntity
  8
V_01_Base_Az_Ring_Gear_3
100
AcDbEllipse
 10
210.000003051
 20
148.390442002
 30
0.000000000
 11
20.932203390
 21
0.000000000
 31
0.000000000
 40
0.577350269
 41
1.637852293
 42
1.660820285
  0
LINE
  5
F4B
330
A02
100
AcDbEntity
  8
V_01_Base_Az_Ring_Gear_3
100
AcDbLine
 10
207.620859733
 20
161.027035349
 30
0.000000000
 11
207.620859733
 21
163.656431118
 31
0.000000000
  0
ELLIPSE
  5
F4C
330
A02
100
AcDbEntity
  8
V_01_Base_Az_Ring_Gear_3
100
AcDbEllipse
 10
207.443566594
 20
160.968826804
 30
0.000000000
 11
0.203954802
 21
0.000000000
 31
0.000000000
 40
0.577350269
 41
0.517059281
 42
1.685863351
  0
ELLIPSE
  5
F4D
330
A02
100
AcDbEntity
  8
V_01_Base_Az_Ring_Gear_3
100
AcDbEllipse
 10
210.000000000
 20
148.390441842
 30
0.000000000
 11
22.139830509
 21
0.000000000
 31
0.000000000
 40
0.577350269
 41
1.687586939
 42
1.689625164
  0
LINE
  5
F4E
330
A02
100
AcDbEntity
  8
V_01_Base_Az_Ring_Gear_3
100
AcDbLine
 10
207.203933931
 20
160.998545180
 30
0.000000000
 11
207.203933931
 21
163.627940949
 31
0.000000000
  0
ELLIPSE
  5
F4F
330
A02
100
AcDbEntity
  8
V_01_Base_Az_Ring_Gear_3
100
AcDbEllipse
 10
207.399864445
 20
160.965840465
 30
0.000000000
 11
0.203954802
 21
0.000000000
 31
0.000000000
 40
0.577350269
 41
1.691348752
 42
2.860152822
  0
LINE
  5
F50
330
A02
100
AcDbEntity
  8
V_01_Base_Az_Ring_Gear_3
100
AcDbLine
 10
206.963118460
 20
160.347789545
 30
0.000000000
 11
206.963118460
 21
162.977185314
 31
0.000000000
  0
LINE
  5
F51
330
A02
100
AcDbEntity
  8
V_01_Base_Az_Ring_Gear_3
100
AcDbLine
 10
206.488277320
 20
160.304368464
 30
0.000000000
 11
206.488277320
 21
162.933764233
 31
0.000000000
  0
ELLIPSE
  5
F52
330
A02
100
AcDbEntity
  8
V_01_Base_Az_Ring_Gear_3
100
AcDbEllipse
 10
210.000003020
 20
148.390442140
 30
0.000000000
 11
20.932203390
 21
0.000000000
 31
0.000000000
 40
0.577350269
 41
1.716392109
 42
1.739360101
  0
LINE
  5
F53
330
A02
100
AcDbEntity
  8
V_01_Base_Az_Ring_Gear_3
100
AcDbLine
 10
205.910942184
 20
160.880309748
 30
0.000000000
 11
205.910942184
 21
163.509705517
 31
0.000000000
  0
ELLIPSE
  5
F54
330
A02
100
AcDbEntity
  8
V_01_Base_Az_Ring_Gear_3
100
AcDbEllipse
 10
205.742105838
 20
160.814249549
 30
0.000000000
 11
0.203954802
 21
0.000000000
 31
0.000000000
 40
0.577350269
 41
0.595599097
 42
1.764403167
  0
ELLIPSE
  5
F55
330
A02
100
AcDbEntity
  8
V_01_Base_Az_Ring_Gear_3
100
AcDbEllipse
 10
210.000000001
 20
148.390441841
 30
0.000000000
 11
22.139830513
 21
0.000000000
 31
0.000000000
 40
0.577350269
 41
1.766126755
 42
1.768164980
  0
LINE
  5
F56
330
A02
100
AcDbEntity
  8
V_01_Base_Az_Ring_Gear_3
100
AcDbLine
 10
205.499173300
 20
160.833021341
 30
0.000000000
 11
205.499173300
 21
163.462417110
 31
0.000000000
  0
ELLIPSE
  5
F57
330
A02
100
AcDbEntity
  8
V_01_Base_Az_Ring_Gear_3
100
AcDbEllipse
 10
205.698944238
 20
160.809292779
 30
0.000000000
 11
0.203954802
 21
0.000000000
 31
0.000000000
 40
0.577350269
 41
1.769888568
 42
2.938692638
  0
LINE
  5
F58
330
A02
100
AcDbEntity
  8
V_01_Base_Az_Ring_Gear_3
100
AcDbLine
 10
205.347534711
 20
160.173363219
 30
0.000000000
 11
205.347534711
 21
162.802758988
 31
0.000000000
  0
LINE
  5
F59
330
A02
100
AcDbEntity
  8
V_01_Base_Az_Ring_Gear_3
100
AcDbLine
 10
204.880058062
 20
160.108566455
 30
0.000000000
 11
204.880058062
 21
162.737962225
 31
0.000000000
  0
ELLIPSE
  5
F5A
330
A02
100
AcDbEntity
  8
V_01_Base_Az_Ring_Gear_3
100
AcDbEllipse
 10
210.000002970
 20
148.390442276
 30
0.000000000
 11
20.932203390
 21
0.000000000
 31
0.000000000
 40
0.577350269
 41
1.794931926
 42
1.817899917
  0
LINE
  5
F5B
330
A02
100
AcDbEntity
  8
V_01_Base_Az_Ring_Gear_3
100
AcDbLine
 10
204.226235035
 20
160.656579959
 30
0.000000000
 11
204.226235035
 21
163.285975728
 31
0.000000000
  0
ELLIPSE
  5
F5C
330
A02
100
AcDbEntity
  8
V_01_Base_Az_Ring_Gear_3
100
AcDbEllipse
 10
204.066896416
 20
160.583075388
 30
0.000000000
 11
0.203954802
 21
0.000000000
 31
0.000000000
 40
0.577350269
 41
0.674138914
 42
1.842942983
  0
ELLIPSE
  5
F5D
330
A02
100
AcDbEntity
  8
V_01_Base_Az_Ring_Gear_3
100
AcDbEllipse
 10
210.000000001
 20
148.390441840
 30
0.000000000
 11
22.139830513
 21
0.000000000
 31
0.000000000
 40
0.577350269
 41
1.844666571
 42
1.846704797
  0
LINE
  5
F5E
330
A02
100
AcDbEntity
  8
V_01_Base_Az_Ring_Gear_3
100
AcDbLine
 10
203.822161763
 20
160.590784863
 30
0.000000000
 11
203.822161763
 21
163.220180632
 31
0.000000000
  0
ELLIPSE
  5
F5F
330
A02
100
AcDbEntity
  8
V_01_Base_Az_Ring_Gear_3
100
AcDbEllipse
 10
204.024541469
 20
160.576178748
 30
0.000000000
 11
0.203954802
 21
0.000000000
 31
0.000000000
 40
0.577350269
 41
1.848428385
 42
3.017232454
  0
LINE
  5
F60
330
A02
100
AcDbEntity
  8
V_01_Base_Az_Ring_Gear_3
100
AcDbLine
 10
203.760634957
 20
159.926291263
 30
0.000000000
 11
203.760634957
 21
162.555687033
 31
0.000000000
  0
LINE
  5
F61
330
A02
100
AcDbEntity
  8
V_01_Base_Az_Ring_Gear_3
100
AcDbLine
 10
203.303404948
 20
159.840518312
 30
0.000000000
 11
203.303404948
 21
162.469914081
 31
0.000000000
  0
ELLIPSE
  5
F62
330
A02
100
AcDbEntity
  8
V_01_Base_Az_Ring_Gear_3
100
AcDbEllipse
 10
210.000002902
 20
148.390442409
 30
0.000000000
 11
20.932203390
 21
0.000000000
 31
0.000000000
 40
0.577350269
 41
1.873471742
 42
1.896439734
  0
LINE
  5
F63
330
A02
100
AcDbEntity
  8
V_01_Base_Az_Ring_Gear_3
100
AcDbLine
 10
202.577125068
 20
160.357225349
 30
0.000000000
 11
202.577125068
 21
162.986621118
 31
0.000000000
  0
ELLIPSE
  5
F64
330
A02
100
AcDbEntity
  8
V_01_Base_Az_Ring_Gear_3
100
AcDbEllipse
 10
202.428266550
 20
160.276729587
 30
0.000000000
 11
0.203954802
 21
0.000000000
 31
0.000000000
 40
0.577350269
 41
0.752678730
 42
1.921482800
  0
ELLIPSE
  5
F65
330
A02
100
AcDbEntity
  8
V_01_Base_Az_Ring_Gear_3
100
AcDbEllipse
 10
209.999999999
 20
148.390441845
 30
0.000000000
 11
22.139830504
 21
0.000000000
 31
0.000000000
 40
0.577350269
 41
1.923206388
 42
1.925244613
  0
LINE
  5
F66
330
A02
100
AcDbEntity
  8
V_01_Base_Az_Ring_Gear_3
100
AcDbLine
 10
202.183238652
 20
162.442248430
 30
0.000000000
 11
202.183238652
 21
162.902724982
 31
0.000000000
  0
ELLIPSE
  5
F67
330
A02
100
AcDbEntity
  8
V_01_Base_Az_Ring_Gear_3
100
AcDbEllipse
 10
202.386979390
 20
160.267935597
 30
0.000000000
 11
0.203954802
 21
-0.000000000
 31
0.000000000
 40
0.577350269
 41
1.926968201
 42
2.600093687
  0
LINE
  5
F68
330
A02
100
AcDbEntity
  8
V_01_Base_Az_Ring_Gear_3
100
AcDbLine
 10
202.212202964
 20
159.608096961
 30
0.000000000
 11
202.212202964
 21
162.237492730
 31
0.000000000
  0
LINE
  5
F69
330
A02
100
AcDbEntity
  8
V_01_Base_Az_Ring_Gear_3
100
AcDbLine
 10
201.768038570
 20
159.501876640
 30
0.000000000
 11
201.768038570
 21
162.131272409
 31
0.000000000
  0
ELLIPSE
  5
F6A
330
A02
100
AcDbEntity
  8
V_01_Base_Az_Ring_Gear_3
100
AcDbEllipse
 10
210.000002817
 20
148.390442538
 30
0.000000000
 11
20.932203390
 21
-0.000000000
 31
0.000000000
 40
0.577350269
 41
1.952011558
 42
1.974979550
  0
LINE
  5
F6B
330
A02
100
AcDbEntity
  8
V_01_Base_Az_Ring_Gear_3
100
AcDbLine
 10
200.973779592
 20
159.984091539
 30
0.000000000
 11
200.973779592
 21
162.613487309
 31
0.000000000
  0
ELLIPSE
  5
F6C
330
A02
100
AcDbEntity
  8
V_01_Base_Az_Ring_Gear_3
100
AcDbEllipse
 10
200.836318939
 20
159.897100869
 30
0.000000000
 11
0.203954802
 21
0.000000000
 31
0.000000000
 40
0.577350269
 41
0.831218546
 42
2.000022616
  0
ELLIPSE
  5
F6D
330
A02
100
AcDbEntity
  8
V_01_Base_Az_Ring_Gear_3
100
AcDbEllipse
 10
209.999999995
 20
148.390441849
 30
0.000000000
 11
22.139830497
 21
0.000000000
 31
0.000000000
 40
0.577350269
 41
2.001746204
 42
2.003718421
  0
LINE
  5
F6E
330
A02
100
AcDbEntity
  8
V_01_Base_Az_Ring_Gear_3
100
AcDbLine
 10
200.711785329
 20
159.220742084
 30
0.000000000
 11
200.711785329
 21
161.850137853
 31
0.000000000
  0
LINE
  5
F6F
330
A02
100
AcDbEntity
  8
V_01_Base_Az_Ring_Gear_3
100
AcDbLine
 10
200.283424971
 20
159.094729278
 30
0.000000000
 11
200.283424971
 21
161.724125047
 31
0.000000000
  0
ELLIPSE
  5
F70
330
A02
100
AcDbEntity
  8
V_01_Base_Az_Ring_Gear_3
100
AcDbEllipse
 10
210.000002713
 20
148.390442664
 30
0.000000000
 11
20.932203390
 21
-0.000000000
 31
0.000000000
 40
0.577350269
 41
2.030551375
 42
2.053519366
  0
LINE
  5
F71
330
A02
100
AcDbEntity
  8
V_01_Base_Az_Ring_Gear_3
100
AcDbLine
 10
199.426083768
 20
159.539479024
 30
0.000000000
 11
199.426083768
 21
162.168874793
 31
0.000000000
  0
ELLIPSE
  5
F72
330
A02
100
AcDbEntity
  8
V_01_Base_Az_Ring_Gear_3
100
AcDbEllipse
 10
199.300868469
 20
159.446529772
 30
0.000000000
 11
0.203954802
 21
0.000000000
 31
0.000000000
 40
0.577350269
 41
0.909758363
 42
1.729515749
  0
LINE
  5
F73
330
A02
100
AcDbEntity
  8
V_01_Base_Az_Ring_Gear_3
100
AcDbLine
 10
199.268632626
 20
158.766614805
 30
0.000000000
 11
199.268632626
 21
161.396010574
 31
0.000000000
  0
LINE
  5
F74
330
A02
100
AcDbEntity
  8
V_01_Base_Az_Ring_Gear_3
100
AcDbLine
 10
198.858717288
 20
158.621586424
 30
0.000000000
 11
198.858717288
 21
161.250982193
 31
0.000000000
  0
ELLIPSE
  5
F75
330
A02
100
AcDbEntity
  8
V_01_Base_Az_Ring_Gear_3
100
AcDbEllipse
 10
210.000002593
 20
148.390442784
 30
0.000000000
 11
20.932203390
 21
0.000000000
 31
0.000000000
 40
0.577350269
 41
2.109091191
 42
2.132059183
  0
LINE
  5
F76
330
A02
100
AcDbEntity
  8
V_01_Base_Az_Ring_Gear_3
100
AcDbLine
 10
197.943579653
 20
159.026128987
 30
0.000000000
 11
197.943579653
 21
161.655524757
 31
0.000000000
  0
ELLIPSE
  5
F77
330
A02
100
AcDbEntity
  8
V_01_Base_Az_Ring_Gear_3
100
AcDbEllipse
 10
197.831381703
 20
158.927794217
 30
0.000000000
 11
0.203954802
 21
0.000000000
 31
0.000000000
 40
0.577350269
 41
0.988298179
 42
1.270858406
  0
LINE
  5
F78
330
A02
100
AcDbEntity
  8
V_01_Base_Az_Ring_Gear_3
100
AcDbLine
 10
197.891642372
 20
158.248514969
 30
0.000000000
 11
197.891642372
 21
160.877910738
 31
0.000000000
  0
LINE
  5
F79
330
A02
100
AcDbEntity
  8
V_01_Base_Az_Ring_Gear_3
100
AcDbLine
 10
197.502699318
 20
158.085365161
 30
0.000000000
 11
197.502699318
 21
160.714760930
 31
0.000000000
  0
ELLIPSE
  5
F7A
330
A02
100
AcDbEntity
  8
V_01_Base_Az_Ring_Gear_3
100
AcDbEllipse
 10
210.000002458
 20
148.390442899
 30
0.000000000
 11
20.932203390
 21
0.000000000
 31
0.000000000
 40
0.577350269
 41
2.187631007
 42
2.210598999
  0
LINE
  5
F7B
330
A02
100
AcDbEntity
  8
V_01_Base_Az_Ring_Gear_3
100
AcDbLine
 10
196.535407378
 20
160.369902723
 30
0.000000000
 11
196.535407378
 21
161.076602172
 31
0.000000000
  0
LINE
  5
F7C
330
A02
100
AcDbEntity
  8
V_01_Base_Az_Ring_Gear_3
100
AcDbLine
 10
196.589304169
 20
157.669636834
 30
0.000000000
 11
196.589304169
 21
160.299032603
 31
0.000000000
  0
LINE
  5
F7D
330
A02
100
AcDbEntity
  8
V_01_Base_Az_Ring_Gear_3
100
AcDbLine
 10
196.223731363
 20
157.489371472
 30
0.000000000
 11
196.223731363
 21
160.118767241
 31
0.000000000
  0
ELLIPSE
  5
F7E
330
A02
100
AcDbEntity
  8
V_01_Base_Az_Ring_Gear_3
100
AcDbEllipse
 10
210.000002306
 20
148.390443007
 30
0.000000000
 11
20.932203390
 21
0.000000000
 31
0.000000000
 40
0.577350269
 41
2.266170824
 42
2.289138815
  0
LINE
  5
F7F
330
A02
100
AcDbEntity
  8
V_01_Base_Az_Ring_Gear_3
100
AcDbLine
 10
195.210248795
 20
159.842005271
 30
0.000000000
 11
195.210248795
 21
160.435676289
 31
0.000000000
  0
LINE
  5
F80
330
A02
100
AcDbEntity
  8
V_01_Base_Az_Ring_Gear_3
100
AcDbLine
 10
195.369647365
 20
157.033549376
 30
0.000000000
 11
195.369647365
 21
159.662945145
 31
0.000000000
  0
LINE
  5
F81
330
A02
100
AcDbEntity
  8
V_01_Base_Az_Ring_Gear_3
100
AcDbLine
 10
195.029698684
 20
156.837279856
 30
0.000000000
 11
195.029698684
 21
159.466675625
 31
0.000000000
  0
ELLIPSE
  5
F82
330
A02
100
AcDbEntity
  8
V_01_Base_Az_Ring_Gear_3
100
AcDbEllipse
 10
210.000002141
 20
148.390443108
 30
0.000000000
 11
20.932203390
 21
0.000000000
 31
0.000000000
 40
0.577350269
 41
2.344710640
 42
2.367678632
  0
LINE
  5
F83
330
A02
100
AcDbEntity
  8
V_01_Base_Az_Ring_Gear_3
100
AcDbLine
 10
193.976273945
 20
159.227365662
 30
0.000000000
 11
193.976273945
 21
159.736698630
 31
0.000000000
  0
LINE
  5
F84
330
A02
100
AcDbEntity
  8
V_01_Base_Az_Ring_Gear_3
100
AcDbLine
 10
194.240191551
 20
156.344174286
 30
0.000000000
 11
194.240191551
 21
158.973570055
 31
0.000000000
  0
LINE
  5
F85
330
A02
100
AcDbEntity
  8
V_01_Base_Az_Ring_Gear_3
100
AcDbLine
 10
193.927962892
 20
156.133110675
 30
0.000000000
 11
193.927962892
 21
158.762506445
 31
0.000000000
  0
ELLIPSE
  5
F86
330
A02
100
AcDbEntity
  8
V_01_Base_Az_Ring_Gear_3
100
AcDbEllipse
 10
210.000001963
 20
148.390443201
 30
0.000000000
 11
20.932203390
 21
0.000000000
 31
0.000000000
 40
0.577350269
 41
2.423250456
 42
2.446218448
  0
LINE
  5
F87
330
A02
100
AcDbEntity
  8
V_01_Base_Az_Ring_Gear_3
100
AcDbLine
 10
192.841090696
 20
158.538274543
 30
0.000000000
 11
192.841090696
 21
158.983978624
 31
0.000000000
  0
LINE
  5
F88
330
A02
100
AcDbEntity
  8
V_01_Base_Az_Ring_Gear_3
100
AcDbLine
 10
193.207900196
 20
155.605761791
 30
0.000000000
 11
193.207900196
 21
158.235157560
 31
0.000000000
  0
LINE
  5
F89
330
A02
100
AcDbEntity
  8
V_01_Base_Az_Ring_Gear_3
100
AcDbLine
 10
192.925316553
 20
155.381205367
 30
0.000000000
 11
192.925316553
 21
158.010601136
 31
0.000000000
  0
ELLIPSE
  5
F8A
330
A02
100
AcDbEntity
  8
V_01_Base_Az_Ring_Gear_3
100
AcDbEllipse
 10
210.000001772
 20
148.390443286
 30
0.000000000
 11
20.932203390
 21
0.000000000
 31
0.000000000
 40
0.577350269
 41
2.501790273
 42
2.524758264
  0
LINE
  5
F8B
330
A02
100
AcDbEntity
  8
V_01_Base_Az_Ring_Gear_3
100
AcDbLine
 10
191.811697828
 20
157.785252314
 30
0.000000000
 11
191.811697828
 21
158.182157041
 31
0.000000000
  0
LINE
  5
F8C
330
A02
100
AcDbEntity
  8
V_01_Base_Az_Ring_Gear_3
100
AcDbLine
 10
192.279137720
 20
154.822864449
 30
0.000000000
 11
192.279137720
 21
157.452260218
 31
0.000000000
  0
LINE
  5
F8D
330
A02
100
AcDbEntity
  8
V_01_Base_Az_Ring_Gear_3
100
AcDbLine
 10
192.027941315
 20
154.586199676
 30
0.000000000
 11
192.027941315
 21
157.215595445
 31
0.000000000
  0
ELLIPSE
  5
F8E
330
A02
100
AcDbEntity
  8
V_01_Base_Az_Ring_Gear_3
100
AcDbEllipse
 10
210.000001571
 20
148.390443362
 30
0.000000000
 11
20.932203390
 21
0.000000000
 31
0.000000000
 40
0.577350269
 41
2.580330089
 42
2.603298081
  0
LINE
  5
F8F
330
A02
100
AcDbEntity
  8
V_01_Base_Az_Ring_Gear_3
100
AcDbLine
 10
190.894441891
 20
156.977318139
 30
0.000000000
 11
190.894441891
 21
157.336177376
 31
0.000000000
  0
LINE
  5
F90
330
A02
100
AcDbEntity
  8
V_01_Base_Az_Ring_Gear_3
100
AcDbLine
 10
191.459630253
 20
154.000309083
 30
0.000000000
 11
191.459630253
 21
156.629704852
 31
0.000000000
  0
LINE
  5
F91
330
A02
100
AcDbEntity
  8
V_01_Base_Az_Ring_Gear_3
100
AcDbLine
 10
191.241369795
 20
153.752995078
 30
0.000000000
 11
191.241369795
 21
156.382390847
 31
0.000000000
  0
ELLIPSE
  5
F92
330
A02
100
AcDbEntity
  8
V_01_Base_Az_Ring_Gear_3
100
AcDbEllipse
 10
210.000001359
 20
148.390443428
 30
0.000000000
 11
20.932203390
 21
-0.000000000
 31
0.000000000
 40
0.577350269
 41
2.658869905
 42
2.681837897
  0
LINE
  5
F93
330
A02
100
AcDbEntity
  8
V_01_Base_Az_Ring_Gear_3
100
AcDbLine
 10
190.094978073
 20
156.122483327
 30
0.000000000
 11
190.094978073
 21
156.451255377
 31
0.000000000
  0
LINE
  5
F94
330
A02
100
AcDbEntity
  8
V_01_Base_Az_Ring_Gear_3
100
AcDbLine
 10
190.754430331
 20
153.143167019
 30
0.000000000
 11
190.754430331
 21
155.772562788
 31
0.000000000
  0
LINE
  5
F95
330
A02
100
AcDbEntity
  8
V_01_Base_Az_Ring_Gear_3
100
AcDbLine
 10
190.570451468
 20
152.886728556
 30
0.000000000
 11
190.570451468
 21
155.516124325
 31
0.000000000
  0
ELLIPSE
  5
F96
330
A02
100
AcDbEntity
  8
V_01_Base_Az_Ring_Gear_3
100
AcDbEllipse
 10
210.000001140
 20
148.390443485
 30
0.000000000
 11
20.932203390
 21
0.000000000
 31
0.000000000
 40
0.577350269
 41
2.737409722
 42
2.760377713
  0
LINE
  5
F97
330
A02
100
AcDbEntity
  8
V_01_Base_Az_Ring_Gear_3
100
AcDbLine
 10
189.418235335
 20
155.228137407
 30
0.000000000
 11
189.418235335
 21
155.532846880
 31
0.000000000
  0
LINE
  5
F98
330
A02
100
AcDbEntity
  8
V_01_Base_Az_Ring_Gear_3
100
AcDbLine
 10
190.167885745
 20
152.256722825
 30
0.000000000
 11
190.167885745
 21
154.886118594
 31
0.000000000
  0
LINE
  5
F99
330
A02
100
AcDbEntity
  8
V_01_Base_Az_Ring_Gear_3
100
AcDbLine
 10
190.019322769
 20
151.992740931
 30
0.000000000
 11
190.019322769
 21
154.622136700
 31
0.000000000
  0
ELLIPSE
  5
F9A
330
A02
100
AcDbEntity
  8
V_01_Base_Az_Ring_Gear_3
100
AcDbEllipse
 10
210.000000913
 20
148.390443531
 30
0.000000000
 11
20.932203390
 21
0.000000000
 31
0.000000000
 40
0.577350269
 41
2.815949538
 42
2.838917530
  0
LINE
  5
F9B
330
A02
100
AcDbEntity
  8
V_01_Base_Az_Ring_Gear_3
100
AcDbLine
 10
188.868386020
 20
154.301300463
 30
0.000000000
 11
188.868386020
 21
154.586614181
 31
0.000000000
  0
LINE
  5
F9C
330
A02
100
AcDbEntity
  8
V_01_Base_Az_Ring_Gear_3
100
AcDbLine
 10
189.703612739
 20
151.346441722
 30
0.000000000
 11
189.703612739
 21
153.975837491
 31
0.000000000
  0
LINE
  5
F9D
330
A02
100
AcDbEntity
  8
V_01_Base_Az_Ring_Gear_3
100
AcDbLine
 10
189.591381590
 20
151.076543934
 30
0.000000000
 11
189.591381590
 21
153.705939704
 31
0.000000000
  0
ELLIPSE
  5
F9E
330
A02
100
AcDbEntity
  8
V_01_Base_Az_Ring_Gear_3
100
AcDbEllipse
 10
210.000000681
 20
148.390443567
 30
0.000000000
 11
20.932203390
 21
0.000000000
 31
0.000000000
 40
0.577350269
 41
2.894489355
 42
2.917457346
  0
LINE
  5
F9F
330
A02
100
AcDbEntity
  8
V_01_Base_Az_Ring_Gear_3
100
AcDbLine
 10
188.448820132
 20
153.348775322
 30
0.000000000
 11
188.448820132
 21
153.618391119
 31
0.000000000
  0
LINE
  5
FA0
330
A02
100
AcDbEntity
  8
V_01_Base_Az_Ring_Gear_3
100
AcDbLine
 10
189.364473710
 20
150.417935898
 30
0.000000000
 11
189.364473710
 21
153.047331667
 31
0.000000000
  0
LINE
  5
FA1
330
A02
100
AcDbEntity
  8
V_01_Base_Az_Ring_Gear_3
100
AcDbLine
 10
189.289266329
 20
150.143786225
 30
0.000000000
 11
189.289266329
 21
152.773181994
 31
0.000000000
  0
ELLIPSE
  5
FA2
330
A02
100
AcDbEntity
  8
V_01_Base_Az_Ring_Gear_3
100
AcDbEllipse
 10
210.000000444
 20
148.390443593
 30
0.000000000
 11
20.932203390
 21
0.000000000
 31
0.000000000
 40
0.577350269
 41
2.973029171
 42
2.995997162
  0
LINE
  5
FA3
330
A02
100
AcDbEntity
  8
V_01_Base_Az_Ring_Gear_3
100
AcDbLine
 10
188.162124434
 20
152.377233147
 30
0.000000000
 11
188.162124434
 21
152.634147109
 31
0.000000000
  0
LINE
  5
FA4
330
A02
100
AcDbEntity
  8
V_01_Base_Az_Ring_Gear_3
100
AcDbLine
 10
189.152559562
 20
149.933350009
 30
0.000000000
 11
189.152559562
 21
152.106325667
 31
0.000000000
  0
LINE
  5
FA5
330
A02
100
AcDbEntity
  8
V_01_Base_Az_Ring_Gear_3
100
AcDbLine
 10
189.114839629
 20
150.210060901
 30
0.000000000
 11
189.114839629
 21
151.829614334
 31
0.000000000
  0
LINE
  5
FA6
330
A02
100
AcDbEntity
  8
V_01_Base_Az_Ring_Gear_3
100
AcDbLine
 10
188.010066501
 20
151.393256175
 30
0.000000000
 11
188.010066501
 21
151.639950345
 31
0.000000000
  0
LINE
  5
FA7
330
A02
100
AcDbEntity
  8
V_01_Base_Az_Ring_Gear_3
100
AcDbLine
 10
189.069176817
 20
150.881057654
 30
0.000000000
 11
189.069176817
 21
151.158621107
 31
0.000000000
  0
LINE
  5
FA8
330
A02
100
AcDbEntity
  8
V_01_Base_Az_Ring_Gear_3
100
AcDbLine
 10
189.069176887
 20
150.215598662
 30
0.000000000
 11
189.069176887
 21
150.881054131
 31
0.000000000
  0
LINE
  5
FA9
330
A02
100
AcDbEntity
  8
V_01_Base_Az_Ring_Gear_3
100
AcDbLine
 10
187.993583820
 20
150.403792547
 30
0.000000000
 11
187.993583820
 21
150.641930380
 31
0.000000000
  0
LINE
  5
FAA
330
A02
100
AcDbEntity
  8
V_01_Base_Az_Ring_Gear_3
100
AcDbLine
 10
189.152559630
 20
149.277324578
 30
0.000000000
 11
189.152559630
 21
149.933349574
 31
0.000000000
  0
LINE
  5
FAB
330
A02
100
AcDbEntity
  8
V_01_Base_Az_Ring_Gear_3
100
AcDbLine
 10
188.112778013
 20
149.418045270
 30
0.000000000
 11
188.112778013
 21
149.646240339
 31
0.000000000
  0
LINE
  5
FAC
330
A02
100
AcDbEntity
  8
V_01_Base_Az_Ring_Gear_3
100
AcDbLine
 10
189.364473775
 20
148.342300703
 30
0.000000000
 11
189.364473775
 21
148.992343578
 31
0.000000000
  0
LINE
  5
FAD
330
A02
100
AcDbEntity
  8
V_01_Base_Az_Ring_Gear_3
100
AcDbLine
 10
188.366914208
 20
148.442694044
 30
0.000000000
 11
188.366914208
 21
148.659018981
 31
0.000000000
  0
LINE
  5
FAE
330
A02
100
AcDbEntity
  8
V_01_Base_Az_Ring_Gear_3
100
AcDbLine
 10
189.703612802
 20
147.416422858
 30
0.000000000
 11
189.703612802
 21
148.063837756
 31
0.000000000
  0
LINE
  5
FAF
330
A02
100
AcDbEntity
  8
V_01_Base_Az_Ring_Gear_3
100
AcDbLine
 10
188.754425571
 20
147.483873055
 30
0.000000000
 11
188.754425571
 21
147.686352855
 31
0.000000000
  0
LINE
  5
FB0
330
A02
100
AcDbEntity
  8
V_01_Base_Az_Ring_Gear_3
100
AcDbLine
 10
190.167885804
 20
146.505443276
 30
0.000000000
 11
190.167885804
 21
147.153556656
 31
0.000000000
  0
LINE
  5
FB1
330
A02
100
AcDbEntity
  8
V_01_Base_Az_Ring_Gear_3
100
AcDbLine
 10
189.272922964
 20
146.547690973
 30
0.000000000
 11
189.272922964
 21
146.734238772
 31
0.000000000
  0
LINE
  5
FB2
330
A02
100
AcDbEntity
  8
V_01_Base_Az_Ring_Gear_3
100
AcDbLine
 10
190.754430386
 20
145.614932397
 30
0.000000000
 11
190.754430386
 21
146.267112464
 31
0.000000000
  0
LINE
  5
FB3
330
A02
100
AcDbEntity
  8
V_01_Base_Az_Ring_Gear_3
100
AcDbLine
 10
189.919209680
 20
145.640271988
 30
0.000000000
 11
189.919209680
 21
145.808546830
 31
0.000000000
  0
LINE
  5
FB4
330
A02
100
AcDbEntity
  8
V_01_Base_Az_Ring_Gear_3
100
AcDbLine
 10
191.459630304
 20
144.750239332
 30
0.000000000
 11
191.459630304
 21
145.409970403
 31
0.000000000
  0
LINE
  5
FB5
330
A02
100
AcDbEntity
  8
V_01_Base_Az_Ring_Gear_3
100
AcDbLine
 10
190.689301146
 20
144.767664530
 30
0.000000000
 11
190.689301146
 21
144.914984229
 31
0.000000000
  0
LINE
  5
FB6
330
A02
100
AcDbEntity
  8
V_01_Base_Az_Ring_Gear_3
100
AcDbLine
 10
192.279137767
 20
143.916450261
 30
0.000000000
 11
192.279137767
 21
144.587415039
 31
0.000000000
  0
LINE
  5
FB7
330
A02
100
AcDbEntity
  8
V_01_Base_Az_Ring_Gear_3
100
AcDbLine
 10
191.578449492
 20
143.929505046
 30
0.000000000
 11
191.578449492
 21
144.059060079
 31
0.000000000
  0
LINE
  5
FB8
330
A02
100
AcDbEntity
  8
V_01_Base_Az_Ring_Gear_3
100
AcDbLine
 10
193.207900238
 20
143.118343974
 30
0.000000000
 11
193.207900238
 21
143.804517699
 31
0.000000000
  0
LINE
  5
FB9
330
A02
100
AcDbEntity
  8
V_01_Base_Az_Ring_Gear_3
100
AcDbLine
 10
192.581172823
 20
143.132326294
 30
0.000000000
 11
192.581172823
 21
143.246051437
 31
0.000000000
  0
LINE
  5
FBA
330
A02
100
AcDbEntity
  8
V_01_Base_Az_Ring_Gear_3
100
AcDbLine
 10
194.240191588
 20
142.360343511
 30
0.000000000
 11
194.240191588
 21
143.066105206
 31
0.000000000
  0
LINE
  5
FBB
330
A02
100
AcDbEntity
  8
V_01_Base_Az_Ring_Gear_3
100
AcDbLine
 10
193.691289015
 20
142.383776671
 30
0.000000000
 11
193.691289015
 21
142.480970772
 31
0.000000000
  0
LINE
  5
FBC
330
A02
100
AcDbEntity
  8
V_01_Base_Az_Ring_Gear_3
100
AcDbLine
 10
195.369647397
 20
141.646462434
 30
0.000000000
 11
195.369647397
 21
142.376730118
 31
0.000000000
  0
LINE
  5
FBD
330
A02
100
AcDbEntity
  8
V_01_Base_Az_Ring_Gear_3
100
AcDbLine
 10
194.901953834
 20
141.688471236
 30
0.000000000
 11
194.901953834
 21
141.768535061
 31
0.000000000
  0
LINE
  5
FBE
330
A02
100
AcDbEntity
  8
V_01_Base_Az_Ring_Gear_3
100
AcDbLine
 10
196.589304196
 20
140.980243546
 30
0.000000000
 11
196.589304196
 21
141.740642661
 31
0.000000000
  0
LINE
  5
FBF
330
A02
100
AcDbEntity
  8
V_01_Base_Az_Ring_Gear_3
100
AcDbLine
 10
196.205703128
 20
141.050696778
 30
0.000000000
 11
196.205703128
 21
141.113136706
 31
0.000000000
  0
LINE
  5
FC0
330
A02
100
AcDbEntity
  8
V_01_Base_Az_Ring_Gear_3
100
AcDbLine
 10
197.891642393
 20
140.369989000
 30
0.000000000
 11
197.891642393
 21
141.161764527
 31
0.000000000
  0
LINE
  5
FC1
330
A02
100
AcDbEntity
  8
V_01_Base_Az_Ring_Gear_3
100
AcDbLine
 10
197.594498849
 20
140.474385389
 30
0.000000000
 11
197.594498849
 21
140.518816457
 31
0.000000000
  0
LINE
  5
FC2
330
A02
100
AcDbEntity
  8
V_01_Base_Az_Ring_Gear_3
100
AcDbLine
 10
199.268632642
 20
139.847476423
 30
0.000000000
 11
199.268632642
 21
140.643664692
 31
0.000000000
  0
LINE
  5
FC3
330
A02
100
AcDbEntity
  8
V_01_Base_Az_Ring_Gear_3
100
AcDbLine
 10
199.059778610
 20
139.963090219
 30
0.000000000
 11
199.059778610
 21
139.989238495
 31
0.000000000
  0
LINE
  5
FC4
330
A02
100
AcDbEntity
  8
V_01_Base_Az_Ring_Gear_3
100
AcDbLine
 10
200.711785339
 20
139.416660413
 30
0.000000000
 11
200.711785339
 21
140.189537414
 31
0.000000000
  0
LINE
  5
FC5
330
A02
100
AcDbEntity
  8
V_01_Base_Az_Ring_Gear_3
100
AcDbLine
 10
200.592508475
 20
139.519963573
 30
0.000000000
 11
200.592508475
 21
139.527667844
 31
0.000000000
  0
LINE
  5
FC6
330
A02
100
AcDbEntity
  8
V_01_Base_Az_Ring_Gear_3
100
AcDbLine
 10
202.212202968
 20
139.081651289
 30
0.000000000
 11
202.212202968
 21
139.802182537
 31
0.000000000
  0
LINE
  5
FC7
330
A02
100
AcDbEntity
  8
V_01_Base_Az_Ring_Gear_3
100
AcDbLine
 10
203.760634955
 20
139.256735293
 30
0.000000000
 11
203.760634955
 21
139.483988234
 31
0.000000000
  0
LINE
  5
FC8
330
A02
100
AcDbEntity
  8
V_01_Base_Az_Ring_Gear_3
100
AcDbLine
 10
216.239365043
 20
139.256735260
 30
0.000000000
 11
216.239365043
 21
139.483988192
 31
0.000000000
  0
LINE
  5
FC9
330
A02
100
AcDbEntity
  8
V_01_Base_Az_Ring_Gear_3
100
AcDbLine
 10
217.787797036
 20
139.081651293
 30
0.000000000
 11
217.787797036
 21
139.802182494
 31
0.000000000
  0
LINE
  5
FCA
330
A02
100
AcDbEntity
  8
V_01_Base_Az_Ring_Gear_3
100
AcDbLine
 10
219.407491525
 20
139.519963573
 30
0.000000000
 11
219.407491525
 21
139.527667844
 31
0.000000000
  0
LINE
  5
FCB
330
A02
100
AcDbEntity
  8
V_01_Base_Az_Ring_Gear_3
100
AcDbLine
 10
219.288214671
 20
139.416660415
 30
0.000000000
 11
219.288214671
 21
140.189537371
 31
0.000000000
  0
LINE
  5
FCC
330
A02
100
AcDbEntity
  8
V_01_Base_Az_Ring_Gear_3
100
AcDbLine
 10
220.940221390
 20
139.963090219
 30
0.000000000
 11
220.940221390
 21
139.989238495
 31
0.000000000
  0
LINE
  5
FCD
330
A02
100
AcDbEntity
  8
V_01_Base_Az_Ring_Gear_3
100
AcDbLine
 10
220.731367374
 20
139.847476424
 30
0.000000000
 11
220.731367374
 21
140.643664650
 31
0.000000000
  0
LINE
  5
FCE
330
A02
100
AcDbEntity
  8
V_01_Base_Az_Ring_Gear_3
100
AcDbLine
 10
222.405501151
 20
140.474385389
 30
0.000000000
 11
222.405501151
 21
140.518816457
 31
0.000000000
  0
LINE
  5
FCF
330
A02
100
AcDbEntity
  8
V_01_Base_Az_Ring_Gear_3
100
AcDbLine
 10
222.108357628
 20
140.369988997
 30
0.000000000
 11
222.108357628
 21
141.161764486
 31
0.000000000
  0
LINE
  5
FD0
330
A02
100
AcDbEntity
  8
V_01_Base_Az_Ring_Gear_3
100
AcDbLine
 10
223.794296872
 20
141.050696778
 30
0.000000000
 11
223.794296872
 21
141.113136706
 31
0.000000000
  0
LINE
  5
FD1
330
A02
100
AcDbEntity
  8
V_01_Base_Az_Ring_Gear_3
100
AcDbLine
 10
223.410695831
 20
140.980243538
 30
0.000000000
 11
223.410695831
 21
141.740642621
 31
0.000000000
  0
LINE
  5
FD2
330
A02
100
AcDbEntity
  8
V_01_Base_Az_Ring_Gear_3
100
AcDbLine
 10
225.098046166
 20
141.688471236
 30
0.000000000
 11
225.098046166
 21
141.768535061
 31
0.000000000
  0
LINE
  5
FD3
330
A02
100
AcDbEntity
  8
V_01_Base_Az_Ring_Gear_3
100
AcDbLine
 10
224.630352635
 20
141.646462425
 30
0.000000000
 11
224.630352635
 21
142.376730079
 31
0.000000000
  0
ELLIPSE
  5
FD4
330
A02
100
AcDbEntity
  8
V_01_Base_Az_Ring_Gear_3
100
AcDbEllipse
 10
210.000000000
 20
145.980162388
 30
0.000000000
 11
22.166666667
 21
0.000000000
 31
0.000000000
 40
0.577350269
 41
0.373856092
 42
2.767736570
  0
LINE
  5
FD5
330
A02
100
AcDbEntity
  8
V_01_Base_Az_Ring_Gear_3
100
AcDbLine
 10
233.180598602
 20
143.795401881
 30
0.000000000
 11
232.847654385
 21
143.846908530
 31
0.000000000
  0
ELLIPSE
  5
FD6
330
A02
100
AcDbEntity
  8
V_01_Base_Az_Ring_Gear_3
100
AcDbEllipse
 10
232.163086226
 20
143.351295563
 30
0.000000000
 11
0.603813559
 21
0.000000000
 31
0.000000000
 40
0.577350269
 41
5.678028942
 42
0.000000000
  0
ELLIPSE
  5
FD7
330
A02
100
AcDbEntity
  8
V_01_Base_Az_Ring_Gear_3
100
AcDbEllipse
 10
232.163086226
 20
143.351295563
 30
0.000000000
 11
0.603813559
 21
0.000000000
 31
0.000000000
 40
0.577350269
 41
0.000000000
 42
0.531479473
  0
LINE
  5
FD8
330
A02
100
AcDbEntity
  8
V_01_Base_Az_Ring_Gear_3
100
AcDbLine
 10
225.664709430
 20
156.645647318
 30
0.000000000
 11
224.946437708
 21
156.230952946
 31
0.000000000
  0
LINE
  5
FD9
330
A02
100
AcDbEntity
  8
V_01_Base_Az_Ring_Gear_3
100
AcDbLine
 10
224.946437708
 20
156.230952946
 30
0.000000000
 11
224.946437708
 21
156.851354744
 31
0.000000000
  0
ELLIPSE
  5
FDA
330
A02
100
AcDbEntity
  8
V_01_Base_Az_Ring_Gear_3
100
AcDbEllipse
 10
210.000000000
 20
146.779936934
 30
0.000000000
 11
22.166666667
 21
0.000000000
 31
0.000000000
 40
0.577350269
 41
0.739983038
 42
0.830813289
  0
ELLIPSE
  5
FDB
330
A02
100
AcDbEntity
  8
V_01_Base_Az_Ring_Gear_3
100
AcDbEllipse
 10
226.224505170
 20
156.147159362
 30
0.000000000
 11
0.603813559
 21
0.000000000
 31
0.000000000
 40
0.577350269
 41
2.449015579
 42
3.141592654
  0
ELLIPSE
  5
FDC
330
A02
100
AcDbEntity
  8
V_01_Base_Az_Ring_Gear_3
100
AcDbEllipse
 10
226.224505170
 20
156.147159362
 30
0.000000000
 11
0.603813559
 21
0.000000000
 31
0.000000000
 40
0.577350269
 41
3.141592654
 42
4.955129301
  0
ELLIPSE
  5
FDD
330
A02
100
AcDbEntity
  8
V_01_Base_Az_Ring_Gear_3
100
AcDbEllipse
 10
210.000000000
 20
147.590667297
 30
0.000000000
 11
22.166666667
 21
0.000000000
 31
0.000000000
 40
0.577350269
 41
0.779921419
 42
0.815266500
  0
LINE
  5
FDE
330
A02
100
AcDbEntity
  8
V_01_Base_Az_Ring_Gear_3
100
AcDbLine
 10
226.369639916
 20
155.409266768
 30
0.000000000
 11
226.369639916
 21
156.205401533
 31
0.000000000
  0
LINE
  5
FDF
330
A02
100
AcDbEntity
  8
V_01_Base_Az_Ring_Gear_3
100
AcDbLine
 10
203.296694836
 20
158.978663794
 30
0.000000000
 11
203.296694836
 21
159.789394156
 31
0.000000000
  0
LINE
  5
FE0
330
A02
100
AcDbEntity
  8
V_01_Base_Az_Ring_Gear_3
100
AcDbLine
 10
204.886266739
 20
160.043389131
 30
0.000000000
 11
205.240825207
 21
159.279421809
 31
0.000000000
  0
ELLIPSE
  5
FE1
330
A02
100
AcDbEntity
  8
V_01_Base_Az_Ring_Gear_3
100
AcDbEllipse
 10
210.000000000
 20
146.779936934
 30
0.000000000
 11
22.166666667
 21
0.000000000
 31
0.000000000
 40
0.577350269
 41
1.787180589
 42
1.878010840
  0
ELLIPSE
  5
FE2
330
A02
100
AcDbEntity
  8
V_01_Base_Az_Ring_Gear_3
100
AcDbEllipse
 10
204.061418944
 20
159.575800733
 30
0.000000000
 11
0.603813559
 21
0.000000000
 31
0.000000000
 40
0.577350269
 41
5.497787144
 42
0.000000000
  0
ELLIPSE
  5
FE3
330
A02
100
AcDbEntity
  8
V_01_Base_Az_Ring_Gear_3
100
AcDbEllipse
 10
204.061418944
 20
159.575800733
 30
0.000000000
 11
0.603813559
 21
0.000000000
 31
0.000000000
 40
0.577350269
 41
0.000000000
 42
1.535405006
  0
ELLIPSE
  5
FE4
330
A02
100
AcDbEntity
  8
V_01_Base_Az_Ring_Gear_3
100
AcDbEllipse
 10
204.061418944
 20
159.575800733
 30
0.000000000
 11
0.603813559
 21
0.000000000
 31
0.000000000
 40
0.577350269
 41
2.163453008
 42
3.141592654
  0
ELLIPSE
  5
FE5
330
A02
100
AcDbEntity
  8
V_01_Base_Az_Ring_Gear_3
100
AcDbEllipse
 10
204.061418944
 20
159.575800733
 30
0.000000000
 11
0.603813559
 21
0.000000000
 31
0.000000000
 40
0.577350269
 41
3.141592654
 42
5.497787144
  0
ELLIPSE
  5
FE6
330
A02
100
AcDbEntity
  8
V_01_Base_Az_Ring_Gear_3
100
AcDbEllipse
 10
210.000000000
 20
147.590667297
 30
0.000000000
 11
22.166666667
 21
0.000000000
 31
0.000000000
 40
0.577350269
 41
1.787180589
 42
1.878010840
  0
LINE
  5
FE7
330
A02
100
AcDbEntity
  8
V_01_Base_Az_Ring_Gear_3
100
AcDbLine
 10
205.240825207
 20
159.279421809
 30
0.000000000
 11
205.240825207
 21
160.090152171
 31
0.000000000
  0
LINE
  5
FE8
330
A02
100
AcDbEntity
  8
V_01_Base_Az_Ring_Gear_3
100
AcDbLine
 10
192.509695911
 20
137.503591338
 30
0.000000000
 11
193.196728612
 21
137.900249853
 31
0.000000000
  0
ELLIPSE
  5
FE9
330
A02
100
AcDbEntity
  8
V_01_Base_Az_Ring_Gear_3
100
AcDbEllipse
 10
193.775494830
 20
137.412714507
 30
0.000000000
 11
0.603813559
 21
0.000000000
 31
0.000000000
 40
0.577350269
 41
2.033343685
 42
3.141592654
  0
ELLIPSE
  5
FEA
330
A02
100
AcDbEntity
  8
V_01_Base_Az_Ring_Gear_3
100
AcDbEllipse
 10
193.775494830
 20
137.412714507
 30
0.000000000
 11
0.603813559
 21
0.000000000
 31
0.000000000
 40
0.577350269
 41
3.141592654
 42
4.976117476
  0
LINE
  5
FEB
330
A02
100
AcDbEntity
  8
V_01_Base_Az_Ring_Gear_3
100
AcDbLine
 10
217.113496721
 20
133.697370107
 30
0.000000000
 11
216.765708332
 21
134.446749936
 31
0.000000000
  0
ELLIPSE
  5
FEC
330
A02
100
AcDbEntity
  8
V_01_Base_Az_Ring_Gear_3
100
AcDbEllipse
 10
215.938581056
 20
133.984073136
 30
0.000000000
 11
0.603813559
 21
0.000000000
 31
0.000000000
 40
0.577350269
 41
5.497787144
 42
0.000000000
  0
ELLIPSE
  5
FED
330
A02
100
AcDbEntity
  8
V_01_Base_Az_Ring_Gear_3
100
AcDbEllipse
 10
215.938581056
 20
133.984073136
 30
0.000000000
 11
0.603813559
 21
0.000000000
 31
0.000000000
 40
0.577350269
 41
0.000000000
 42
1.413613075
  0
ELLIPSE
  5
FEE
330
A02
100
AcDbEntity
  8
V_01_Base_Az_Ring_Gear_3
100
AcDbEllipse
 10
215.938581056
 20
133.984073136
 30
0.000000000
 11
0.603813559
 21
0.000000000
 31
0.000000000
 40
0.577350269
 41
2.221669380
 42
3.141592654
  0
ELLIPSE
  5
FEF
330
A02
100
AcDbEntity
  8
V_01_Base_Az_Ring_Gear_3
100
AcDbEllipse
 10
215.938581056
 20
133.984073136
 30
0.000000000
 11
0.603813559
 21
0.000000000
 31
0.000000000
 40
0.577350269
 41
3.141592654
 42
5.497787144
  0
LINE
  5
FF0
330
A02
100
AcDbEntity
  8
V_01_Base_Az_Ring_Gear_3
100
AcDbLine
 10
233.750000000
 20
145.980162388
 30
0.000000000
 11
233.750000000
 21
151.019837612
 31
0.000000000
  0
LINE
  5
FF1
330
A02
100
AcDbEntity
  8
V_01_Base_Az_Ring_Gear_3
100
AcDbLine
 10
186.250000000
 20
145.980162388
 30
0.000000000
 11
186.250000000
 21
151.019837612
 31
0.000000000
  0
LINE
  5
FF2
330
A02
100
AcDbEntity
  8
V_01_Base_Az_Ring_Gear_3
100
AcDbLine
 10
232.123635832
 20
151.500056288
 30
0.000000000
 11
232.123635832
 21
151.508656778
 31
0.000000000
  0
LINE
  5
FF3
330
A02
100
AcDbEntity
  8
V_01_Base_Az_Ring_Gear_3
100
AcDbLine
 10
232.121864195
 20
151.488288726
 30
0.000000000
 11
232.121864195
 21
151.534690176
 31
0.000000000
  0
LINE
  5
FF4
330
A02
100
AcDbEntity
  8
V_01_Base_Az_Ring_Gear_3
100
AcDbLine
 10
231.989007897
 20
152.482275479
 30
0.000000000
 11
231.989007897
 21
152.509314775
 31
0.000000000
  0
LINE
  5
FF5
330
A02
100
AcDbEntity
  8
V_01_Base_Az_Ring_Gear_3
100
AcDbLine
 10
231.983703909
 20
152.465965329
 30
0.000000000
 11
231.983703909
 21
152.535187669
 31
0.000000000
  0
LINE
  5
FF6
330
A02
100
AcDbEntity
  8
V_01_Base_Az_Ring_Gear_3
100
AcDbLine
 10
231.718810416
 20
153.455478254
 30
0.000000000
 11
231.718810416
 21
153.500789651
 31
0.000000000
  0
LINE
  5
FF7
330
A02
100
AcDbEntity
  8
V_01_Base_Az_Ring_Gear_3
100
AcDbLine
 10
231.710006778
 20
153.437364957
 30
0.000000000
 11
231.710006778
 21
153.526342525
 31
0.000000000
  0
LINE
  5
FF8
330
A02
100
AcDbEntity
  8
V_01_Base_Az_Ring_Gear_3
100
AcDbLine
 10
231.314709247
 20
154.413664495
 30
0.000000000
 11
231.314709247
 21
154.476968632
 31
0.000000000
  0
LINE
  5
FF9
330
A02
100
AcDbEntity
  8
V_01_Base_Az_Ring_Gear_3
100
AcDbLine
 10
231.302460236
 20
154.394759266
 30
0.000000000
 11
231.302460236
 21
154.502043944
 31
0.000000000
  0
LINE
  5
FFA
330
A02
100
AcDbEntity
  8
V_01_Base_Az_Ring_Gear_3
100
AcDbLine
 10
230.779195807
 20
155.350926664
 30
0.000000000
 11
230.779195807
 21
155.431833251
 31
0.000000000
  0
LINE
  5
FFB
330
A02
100
AcDbEntity
  8
V_01_Base_Az_Ring_Gear_3
100
AcDbLine
 10
230.763576943
 20
155.331801494
 30
0.000000000
 11
230.763576943
 21
155.456276404
 31
0.000000000
  0
LINE
  5
FFC
330
A02
100
AcDbEntity
  8
V_01_Base_Az_Ring_Gear_3
100
AcDbLine
 10
230.115571716
 20
156.261486229
 30
0.000000000
 11
230.115571716
 21
156.359496449
 31
0.000000000
  0
LINE
  5
FFD
330
A02
100
AcDbEntity
  8
V_01_Base_Az_Ring_Gear_3
100
AcDbLine
 10
230.096679294
 20
156.242533224
 30
0.000000000
 11
230.096679294
 21
156.383156743
 31
0.000000000
  0
LINE
  5
FFE
330
A02
100
AcDbEntity
  8
V_01_Base_Az_Ring_Gear_3
100
AcDbLine
 10
229.327928436
 20
157.139729288
 30
0.000000000
 11
229.327928436
 21
157.254238875
 31
0.000000000
  0
LINE
  5
FFF
330
A02
100
AcDbEntity
  8
V_01_Base_Az_Ring_Gear_3
100
AcDbLine
 10
229.305878934
 20
157.121092277
 30
0.000000000
 11
229.305878934
 21
157.276970436
 31
0.000000000
  0
LINE
  5
1000
330
A02
100
AcDbEntity
  8
V_01_Base_Az_Ring_Gear_3
100
AcDbLine
 10
228.421122050
 20
157.980236987
 30
0.000000000
 11
228.421122050
 21
158.110544144
 31
0.000000000
  0
LINE
  5
1001
330
A02
100
AcDbEntity
  8
V_01_Base_Az_Ring_Gear_3
100
AcDbLine
 10
228.396051410
 20
157.958237175
 30
0.000000000
 11
228.396051410
 21
158.132206825
 31
0.000000000
  0
LINE
  5
1002
330
A02
100
AcDbEntity
  8
V_01_Base_Az_Ring_Gear_3
100
AcDbLine
 10
227.400743320
 20
158.774640654
 30
0.000000000
 11
227.400743320
 21
158.923132850
 31
0.000000000
  0
LINE
  5
1003
330
A02
100
AcDbEntity
  8
V_01_Base_Az_Ring_Gear_3
100
AcDbLine
 10
227.372806112
 20
158.745690006
 30
0.000000000
 11
227.372806112
 21
158.943593092
 31
0.000000000
  0
LINE
  5
1004
330
A02
100
AcDbEntity
  8
V_01_Base_Az_Ring_Gear_3
100
AcDbLine
 10
226.273083222
 20
159.513506926
 30
0.000000000
 11
226.273083222
 21
159.686995112
 31
0.000000000
  0
LINE
  5
1005
330
A02
100
AcDbEntity
  8
V_01_Base_Az_Ring_Gear_3
100
AcDbLine
 10
226.242451688
 20
159.475578551
 30
0.000000000
 11
226.242451688
 21
159.706126772
 31
0.000000000
  0
LINE
  5
1006
330
A02
100
AcDbEntity
  8
V_01_Base_Az_Ring_Gear_3
100
AcDbLine
 10
225.045094155
 20
160.188025647
 30
0.000000000
 11
225.045094155
 21
160.397421466
 31
0.000000000
  0
LINE
  5
1007
330
A02
100
AcDbEntity
  8
V_01_Base_Az_Ring_Gear_3
100
AcDbLine
 10
225.011957147
 20
160.138250930
 30
0.000000000
 11
225.011957147
 21
160.415106591
 31
0.000000000
  0
LINE
  5
1008
330
A02
100
AcDbEntity
  8
V_01_Base_Az_Ring_Gear_3
100
AcDbLine
 10
223.724347079
 20
160.785999080
 30
0.000000000
 11
223.724347079
 21
161.050031898
 31
0.000000000
  0
LINE
  5
1009
330
A02
100
AcDbEntity
  8
V_01_Base_Az_Ring_Gear_3
100
AcDbLine
 10
223.688908899
 20
160.720378899
 30
0.000000000
 11
223.688908899
 21
161.066161452
 31
0.000000000
  0
LINE
  5
100A
330
A02
100
AcDbEntity
  8
V_01_Base_Az_Ring_Gear_3
100
AcDbLine
 10
222.318984839
 20
161.287597897
 30
0.000000000
 11
222.318984839
 21
161.640802846
 31
0.000000000
  0
LINE
  5
100B
330
A02
100
AcDbEntity
  8
V_01_Base_Az_Ring_Gear_3
100
AcDbLine
 10
222.281463975
 20
161.201453892
 30
0.000000000
 11
222.281463975
 21
161.655277386
 31
0.000000000
  0
LINE
  5
100C
330
A02
100
AcDbEntity
  8
V_01_Base_Az_Ring_Gear_3
100
AcDbLine
 10
220.837671961
 20
161.658080942
 30
0.000000000
 11
220.837671961
 21
162.166092011
 31
0.000000000
  0
LINE
  5
100D
330
A02
100
AcDbEntity
  8
V_01_Base_Az_Ring_Gear_3
100
AcDbLine
 10
220.798299742
 20
161.550624318
 30
0.000000000
 11
220.798299742
 21
162.178822297
 31
0.000000000
  0
LINE
  5
100E
330
A02
100
AcDbEntity
  8
V_01_Base_Az_Ring_Gear_3
100
AcDbLine
 10
219.289541232
 20
161.854138321
 30
0.000000000
 11
219.289541232
 21
162.622660812
 31
0.000000000
  0
LINE
  5
100F
330
A02
100
AcDbEntity
  8
V_01_Base_Az_Ring_Gear_3
100
AcDbLine
 10
219.248560401
 20
160.004172588
 30
0.000000000
 11
219.248560401
 21
162.633568357
 31
0.000000000
  0
LINE
  5
1010
330
A02
100
AcDbEntity
  8
V_01_Base_Az_Ring_Gear_3
100
AcDbLine
 10
217.684137392
 20
160.378298581
 30
0.000000000
 11
217.684137392
 21
163.007694350
 31
0.000000000
  0
LINE
  5
1011
330
A02
100
AcDbEntity
  8
V_01_Base_Az_Ring_Gear_3
100
AcDbLine
 10
217.641800609
 20
160.387316136
 30
0.000000000
 11
217.641800609
 21
163.016711905
 31
0.000000000
  0
LINE
  5
1012
330
A02
100
AcDbEntity
  8
V_01_Base_Az_Ring_Gear_3
100
AcDbLine
 10
216.031358290
 20
160.689422995
 30
0.000000000
 11
216.031358290
 21
163.318818764
 31
0.000000000
  0
LINE
  5
1013
330
A02
100
AcDbEntity
  8
V_01_Base_Az_Ring_Gear_3
100
AcDbLine
 10
215.987926575
 20
160.696494964
 30
0.000000000
 11
215.987926575
 21
163.325890733
 31
0.000000000
  0
LINE
  5
1014
330
A02
100
AcDbEntity
  8
V_01_Base_Az_Ring_Gear_3
100
AcDbLine
 10
214.341393858
 20
160.924720100
 30
0.000000000
 11
214.341393858
 21
163.554115870
 31
0.000000000
  0
LINE
  5
1015
330
A02
100
AcDbEntity
  8
V_01_Base_Az_Ring_Gear_3
100
AcDbLine
 10
214.297134982
 20
160.929802883
 30
0.000000000
 11
214.297134982
 21
163.559198652
 31
0.000000000
  0
LINE
  5
1016
330
A02
100
AcDbEntity
  8
V_01_Base_Az_Ring_Gear_3
100
AcDbLine
 10
212.624663290
 20
161.082739213
 30
0.000000000
 11
212.624663290
 21
163.712134982
 31
0.000000000
  0
LINE
  5
1017
330
A02
100
AcDbEntity
  8
V_01_Base_Az_Ring_Gear_3
100
AcDbLine
 10
212.579850124
 20
161.085801471
 30
0.000000000
 11
212.579850124
 21
163.715197240
 31
0.000000000
  0
LINE
  5
1018
330
A02
100
AcDbEntity
  8
V_01_Base_Az_Ring_Gear_3
100
AcDbLine
 10
210.891750800
 20
161.162506091
 30
0.000000000
 11
210.891750800
 21
163.791901860
 31
0.000000000
  0
LINE
  5
1019
330
A02
100
AcDbEntity
  8
V_01_Base_Az_Ring_Gear_3
100
AcDbLine
 10
210.846659631
 20
161.163528946
 30
0.000000000
 11
210.846659631
 21
163.792924715
 31
0.000000000
  0
LINE
  5
101A
330
A02
100
AcDbEntity
  8
V_01_Base_Az_Ring_Gear_3
100
AcDbLine
 10
209.153340369
 20
161.163528946
 30
0.000000000
 11
209.153340369
 21
163.792924715
 31
0.000000000
  0
LINE
  5
101B
330
A02
100
AcDbEntity
  8
V_01_Base_Az_Ring_Gear_3
100
AcDbLine
 10
209.108249200
 20
161.162506091
 30
0.000000000
 11
209.108249200
 21
163.791901860
 31
0.000000000
  0
LINE
  5
101C
330
A02
100
AcDbEntity
  8
V_01_Base_Az_Ring_Gear_3
100
AcDbLine
 10
207.420149876
 20
161.085801471
 30
0.000000000
 11
207.420149876
 21
163.715197240
 31
0.000000000
  0
LINE
  5
101D
330
A02
100
AcDbEntity
  8
V_01_Base_Az_Ring_Gear_3
100
AcDbLine
 10
207.375336710
 20
161.082739213
 30
0.000000000
 11
207.375336710
 21
163.712134982
 31
0.000000000
  0
LINE
  5
101E
330
A02
100
AcDbEntity
  8
V_01_Base_Az_Ring_Gear_3
100
AcDbLine
 10
205.702865018
 20
160.929802883
 30
0.000000000
 11
205.702865018
 21
163.559198652
 31
0.000000000
  0
LINE
  5
101F
330
A02
100
AcDbEntity
  8
V_01_Base_Az_Ring_Gear_3
100
AcDbLine
 10
205.658606142
 20
160.924720100
 30
0.000000000
 11
205.658606142
 21
163.554115870
 31
0.000000000
  0
LINE
  5
1020
330
A02
100
AcDbEntity
  8
V_01_Base_Az_Ring_Gear_3
100
AcDbLine
 10
204.012073425
 20
160.696494964
 30
0.000000000
 11
204.012073425
 21
163.325890733
 31
0.000000000
  0
LINE
  5
1021
330
A02
100
AcDbEntity
  8
V_01_Base_Az_Ring_Gear_3
100
AcDbLine
 10
203.968641710
 20
160.689422995
 30
0.000000000
 11
203.968641710
 21
163.318818764
 31
0.000000000
  0
LINE
  5
1022
330
A02
100
AcDbEntity
  8
V_01_Base_Az_Ring_Gear_3
100
AcDbLine
 10
202.358199391
 20
160.387316136
 30
0.000000000
 11
202.358199391
 21
163.016711905
 31
0.000000000
  0
LINE
  5
1023
330
A02
100
AcDbEntity
  8
V_01_Base_Az_Ring_Gear_3
100
AcDbLine
 10
202.315862608
 20
160.378298581
 30
0.000000000
 11
202.315862608
 21
163.007694350
 31
0.000000000
  0
LINE
  5
1024
330
A02
100
AcDbEntity
  8
V_01_Base_Az_Ring_Gear_3
100
AcDbLine
 10
200.751439599
 20
160.004172588
 30
0.000000000
 11
200.751439599
 21
162.633568357
 31
0.000000000
  0
LINE
  5
1025
330
A02
100
AcDbEntity
  8
V_01_Base_Az_Ring_Gear_3
100
AcDbLine
 10
200.710458768
 20
161.854138333
 30
0.000000000
 11
200.710458768
 21
162.622660812
 31
0.000000000
  0
LINE
  5
1026
330
A02
100
AcDbEntity
  8
V_01_Base_Az_Ring_Gear_3
100
AcDbLine
 10
199.201700258
 20
161.550624319
 30
0.000000000
 11
199.201700258
 21
162.178822297
 31
0.000000000
  0
LINE
  5
1027
330
A02
100
AcDbEntity
  8
V_01_Base_Az_Ring_Gear_3
100
AcDbLine
 10
199.162328039
 20
161.658080942
 30
0.000000000
 11
199.162328039
 21
162.166092011
 31
0.000000000
  0
LINE
  5
1028
330
A02
100
AcDbEntity
  8
V_01_Base_Az_Ring_Gear_3
100
AcDbLine
 10
197.718536025
 20
161.201453891
 30
0.000000000
 11
197.718536025
 21
161.655277386
 31
0.000000000
  0
LINE
  5
1029
330
A02
100
AcDbEntity
  8
V_01_Base_Az_Ring_Gear_3
100
AcDbLine
 10
197.681015161
 20
161.287597897
 30
0.000000000
 11
197.681015161
 21
161.640802846
 31
0.000000000
  0
LINE
  5
102A
330
A02
100
AcDbEntity
  8
V_01_Base_Az_Ring_Gear_3
100
AcDbLine
 10
196.311091101
 20
160.720378899
 30
0.000000000
 11
196.311091101
 21
161.066161452
 31
0.000000000
  0
LINE
  5
102B
330
A02
100
AcDbEntity
  8
V_01_Base_Az_Ring_Gear_3
100
AcDbLine
 10
196.275652921
 20
160.785999080
 30
0.000000000
 11
196.275652921
 21
161.050031898
 31
0.000000000
  0
LINE
  5
102C
330
A02
100
AcDbEntity
  8
V_01_Base_Az_Ring_Gear_3
100
AcDbLine
 10
194.988042853
 20
160.138250930
 30
0.000000000
 11
194.988042853
 21
160.415106591
 31
0.000000000
  0
LINE
  5
102D
330
A02
100
AcDbEntity
  8
V_01_Base_Az_Ring_Gear_3
100
AcDbLine
 10
194.954905845
 20
160.188025647
 30
0.000000000
 11
194.954905845
 21
160.397421466
 31
0.000000000
  0
LINE
  5
102E
330
A02
100
AcDbEntity
  8
V_01_Base_Az_Ring_Gear_3
100
AcDbLine
 10
193.757548312
 20
159.475578551
 30
0.000000000
 11
193.757548312
 21
159.706126772
 31
0.000000000
  0
LINE
  5
102F
330
A02
100
AcDbEntity
  8
V_01_Base_Az_Ring_Gear_3
100
AcDbLine
 10
193.726916778
 20
159.513506926
 30
0.000000000
 11
193.726916778
 21
159.686995112
 31
0.000000000
  0
LINE
  5
1030
330
A02
100
AcDbEntity
  8
V_01_Base_Az_Ring_Gear_3
100
AcDbLine
 10
192.627193888
 20
158.745690006
 30
0.000000000
 11
192.627193888
 21
158.943593092
 31
0.000000000
  0
LINE
  5
1031
330
A02
100
AcDbEntity
  8
V_01_Base_Az_Ring_Gear_3
100
AcDbLine
 10
192.599256680
 20
158.774640654
 30
0.000000000
 11
192.599256680
 21
158.923132850
 31
0.000000000
  0
LINE
  5
1032
330
A02
100
AcDbEntity
  8
V_01_Base_Az_Ring_Gear_3
100
AcDbLine
 10
191.603948590
 20
157.958237175
 30
0.000000000
 11
191.603948590
 21
158.132206825
 31
0.000000000
  0
LINE
  5
1033
330
A02
100
AcDbEntity
  8
V_01_Base_Az_Ring_Gear_3
100
AcDbLine
 10
191.578877950
 20
157.980236987
 30
0.000000000
 11
191.578877950
 21
158.110544144
 31
0.000000000
  0
LINE
  5
1034
330
A02
100
AcDbEntity
  8
V_01_Base_Az_Ring_Gear_3
100
AcDbLine
 10
190.694121066
 20
157.121092277
 30
0.000000000
 11
190.694121066
 21
157.276970436
 31
0.000000000
  0
LINE
  5
1035
330
A02
100
AcDbEntity
  8
V_01_Base_Az_Ring_Gear_3
100
AcDbLine
 10
190.672071564
 20
157.139729288
 30
0.000000000
 11
190.672071564
 21
157.254238875
 31
0.000000000
  0
LINE
  5
1036
330
A02
100
AcDbEntity
  8
V_01_Base_Az_Ring_Gear_3
100
AcDbLine
 10
189.903320706
 20
156.242533224
 30
0.000000000
 11
189.903320706
 21
156.383156743
 31
0.000000000
  0
LINE
  5
1037
330
A02
100
AcDbEntity
  8
V_01_Base_Az_Ring_Gear_3
100
AcDbLine
 10
189.884428284
 20
156.261486229
 30
0.000000000
 11
189.884428284
 21
156.359496449
 31
0.000000000
  0
LINE
  5
1038
330
A02
100
AcDbEntity
  8
V_01_Base_Az_Ring_Gear_3
100
AcDbLine
 10
189.236423057
 20
155.331801494
 30
0.000000000
 11
189.236423057
 21
155.456276404
 31
0.000000000
  0
LINE
  5
1039
330
A02
100
AcDbEntity
  8
V_01_Base_Az_Ring_Gear_3
100
AcDbLine
 10
189.220804193
 20
155.350926664
 30
0.000000000
 11
189.220804193
 21
155.431833251
 31
0.000000000
  0
LINE
  5
103A
330
A02
100
AcDbEntity
  8
V_01_Base_Az_Ring_Gear_3
100
AcDbLine
 10
188.697539764
 20
154.394759266
 30
0.000000000
 11
188.697539764
 21
154.502043944
 31
0.000000000
  0
LINE
  5
103B
330
A02
100
AcDbEntity
  8
V_01_Base_Az_Ring_Gear_3
100
AcDbLine
 10
188.685290753
 20
154.413664495
 30
0.000000000
 11
188.685290753
 21
154.476968632
 31
0.000000000
  0
LINE
  5
103C
330
A02
100
AcDbEntity
  8
V_01_Base_Az_Ring_Gear_3
100
AcDbLine
 10
188.289993222
 20
153.437364957
 30
0.000000000
 11
188.289993222
 21
153.526342525
 31
0.000000000
  0
LINE
  5
103D
330
A02
100
AcDbEntity
  8
V_01_Base_Az_Ring_Gear_3
100
AcDbLine
 10
188.281189584
 20
153.455478254
 30
0.000000000
 11
188.281189584
 21
153.500789651
 31
0.000000000
  0
LINE
  5
103E
330
A02
100
AcDbEntity
  8
V_01_Base_Az_Ring_Gear_3
100
AcDbLine
 10
188.016296091
 20
152.465965329
 30
0.000000000
 11
188.016296091
 21
152.535187669
 31
0.000000000
  0
LINE
  5
103F
330
A02
100
AcDbEntity
  8
V_01_Base_Az_Ring_Gear_3
100
AcDbLine
 10
188.010992103
 20
152.482275479
 30
0.000000000
 11
188.010992103
 21
152.509314775
 31
0.000000000
  0
LINE
  5
1040
330
A02
100
AcDbEntity
  8
V_01_Base_Az_Ring_Gear_3
100
AcDbLine
 10
187.878135805
 20
151.488288726
 30
0.000000000
 11
187.878135805
 21
151.534690176
 31
0.000000000
  0
LINE
  5
1041
330
A02
100
AcDbEntity
  8
V_01_Base_Az_Ring_Gear_3
100
AcDbLine
 10
187.876364168
 20
151.500056288
 30
0.000000000
 11
187.876364168
 21
151.508656778
 31
0.000000000
  0
TEXT
  5
1042
330
A02
100
AcDbEntity
  8
A_01_Base_Az_Ring_Gear
100
AcDbText
 10
210.000000000
 20
148.500000000
 30
0.000000000
 40
3.500000000
  1
Az_Ring_Gear  (orange)
  7
STANDARD
 72
1
 11
210.000000000
 21
148.500000000
 31
0.000000000
100
AcDbText
  0
LINE
  5
1043
330
A02
100
AcDbEntity
  8
V_01_Base_Sensor_Sun_Gear_0
100
AcDbLine
 10
233.642027952
 20
142.500000000
 30
0.000000000
 11
233.642027952
 21
154.500000000
 31
0.000000000
  0
SPLINE
  5
1044
330
A02
100
AcDbEntity
  8
V_01_Base_Sensor_Sun_Gear_0
100
AcDbSpline
210
0
220
0
230
1
 70
8
 71
2
 72
6
 73
3
 74
0
 40
0.000000000
 40
0.000000000
 40
0.000000000
 40
0.020385197
 40
0.020385197
 40
0.020385197
 10
233.642027952
 20
142.500000000
 30
0.000000000
 10
233.646930236
 20
142.500000000
 30
0.000000000
 10
233.646941105
 20
142.500000000
 30
0.000000000
  0
SPLINE
  5
1045
330
A02
100
AcDbEntity
  8
V_01_Base_Sensor_Sun_Gear_0
100
AcDbSpline
210
0
220
0
230
1
 70
8
 71
2
 72
6
 73
3
 74
0
 40
0.000000000
 40
0.000000000
 40
0.000000000
 40
0.020385197
 40
0.020385197
 40
0.020385197
 10
233.642027952
 20
154.500000000
 30
0.000000000
 10
233.646930236
 20
154.500000000
 30
0.000000000
 10
233.646941105
 20
154.500000000
 30
0.000000000
  0
SPLINE
  5
1046
330
A02
100
AcDbEntity
  8
V_01_Base_Sensor_Sun_Gear_0
100
AcDbSpline
210
0
220
0
230
1
 70
8
 71
2
 72
6
 73
3
 74
0
 40
0.000000000
 40
0.000000000
 40
0.000000000
 40
0.040669113
 40
0.040669113
 40
0.040669113
 10
233.199394962
 20
142.500000000
 30
0.000000000
 10
233.292498550
 20
142.500000000
 30
0.000000000
 10
233.366429085
 20
142.500000000
 30
0.000000000
  0
SPLINE
  5
1047
330
A02
100
AcDbEntity
  8
V_01_Base_Sensor_Sun_Gear_0
100
AcDbSpline
210
0
220
0
230
1
 70
8
 71
2
 72
6
 73
3
 74
0
 40
0.000000000
 40
0.000000000
 40
0.000000000
 40
0.040669113
 40
0.040669113
 40
0.040669113
 10
232.051860095
 20
142.500000000
 30
0.000000000
 10
232.225479516
 20
142.500000000
 30
0.000000000
 10
232.380804396
 20
142.500000000
 30
0.000000000
  0
SPLINE
  5
1048
330
A02
100
AcDbEntity
  8
V_01_Base_Sensor_Sun_Gear_0
100
AcDbSpline
210
0
220
0
230
1
 70
8
 71
2
 72
6
 73
3
 74
0
 40
0.000000000
 40
0.000000000
 40
0.000000000
 40
0.040669113
 40
0.040669113
 40
0.040669113
 10
230.234290617
 20
142.500000000
 30
0.000000000
 10
230.483150533
 20
142.500000000
 30
0.000000000
 10
230.715150291
 20
142.500000000
 30
0.000000000
  0
SPLINE
  5
1049
330
A02
100
AcDbEntity
  8
V_01_Base_Sensor_Sun_Gear_0
100
AcDbSpline
210
0
220
0
230
1
 70
8
 71
2
 72
6
 73
3
 74
0
 40
0.000000000
 40
0.000000000
 40
0.000000000
 40
0.040669113
 40
0.040669113
 40
0.040669113
 10
227.801912459
 20
142.500000000
 30
0.000000000
 10
228.118451386
 20
142.500000000
 30
0.000000000
 10
228.420076826
 20
142.500000000
 30
0.000000000
  0
SPLINE
  5
104A
330
A02
100
AcDbEntity
  8
V_01_Base_Sensor_Sun_Gear_0
100
AcDbSpline
210
0
220
0
230
1
 70
8
 71
2
 72
6
 73
3
 74
0
 40
0.000000000
 40
0.000000000
 40
0.000000000
 40
0.040669113
 40
0.040669113
 40
0.040669113
 10
224.828632198
 20
142.500000000
 30
0.000000000
 10
225.203232262
 20
142.500000000
 30
0.000000000
 10
225.565318648
 20
142.500000000
 30
0.000000000
  0
SPLINE
  5
104B
330
A02
100
AcDbEntity
  8
V_01_Base_Sensor_Sun_Gear_0
100
AcDbSpline
210
0
220
0
230
1
 70
8
 71
3
 72
8
 73
4
 74
0
 40
0.333271616
 40
0.333271616
 40
0.333271616
 40
0.333271616
 40
1.464579650
 40
1.464579650
 40
1.464579650
 40
1.464579650
 10
222.237616139
 20
142.500000000
 30
0.000000000
 10
222.410061831
 20
142.500000000
 30
0.000000000
 10
222.608520276
 20
142.500000000
 30
0.000000000
 10
222.727151664
 20
142.500000000
 30
0.000000000
  0
SPLINE
  5
104C
330
A02
100
AcDbEntity
  8
V_01_Base_Sensor_Sun_Gear_0
100
AcDbSpline
210
0
220
0
230
1
 70
8
 71
2
 72
6
 73
3
 74
0
 40
0.000000000
 40
0.000000000
 40
0.000000000
 40
0.040669113
 40
0.040669113
 40
0.040669113
 10
221.404791452
 20
142.500000000
 30
0.000000000
 10
221.826070619
 20
142.500000000
 30
0.000000000
 10
222.237616139
 20
142.500000000
 30
0.000000000
  0
SPLINE
  5
104D
330
A02
100
AcDbEntity
  8
V_01_Base_Sensor_Sun_Gear_0
100
AcDbSpline
210
0
220
0
230
1
 70
8
 71
3
 72
8
 73
4
 74
0
 40
0.000000000
 40
0.000000000
 40
0.000000000
 40
0.000000000
 40
1.464579650
 40
1.464579650
 40
1.464579650
 40
1.464579650
 10
218.966527636
 20
142.500000000
 30
0.000000000
 10
219.177360106
 20
142.500000000
 30
0.000000000
 10
219.455718307
 20
142.500000000
 30
0.000000000
 10
219.575782743
 20
142.500000000
 30
0.000000000
  0
SPLINE
  5
104E
330
A02
100
AcDbEntity
  8
V_01_Base_Sensor_Sun_Gear_0
100
AcDbSpline
210
0
220
0
230
1
 70
8
 71
1
 72
4
 73
2
 74
0
 40
0.000000000
 40
0.000000000
 40
0.017140330
 40
0.017140330
 10
218.642880309
 20
142.500000000
 30
0.000000000
 10
218.966527636
 20
142.500000000
 30
0.000000000
  0
SPLINE
  5
104F
330
A02
100
AcDbEntity
  8
V_01_Base_Sensor_Sun_Gear_0
100
AcDbSpline
210
0
220
0
230
1
 70
8
 71
1
 72
4
 73
2
 74
0
 40
1.321592236
 40
1.321592236
 40
1.464616797
 40
1.464616797
 10
218.583258819
 20
142.500000000
 30
0.000000000
 10
218.642880309
 20
142.500000000
 30
0.000000000
  0
SPLINE
  5
1050
330
A02
100
AcDbEntity
  8
V_01_Base_Sensor_Sun_Gear_0
100
AcDbSpline
210
0
220
0
230
1
 70
8
 71
2
 72
6
 73
3
 74
0
 40
0.000000000
 40
0.000000000
 40
0.000000000
 40
0.040669113
 40
0.040669113
 40
0.040669113
 10
217.634421889
 20
142.500000000
 30
0.000000000
 10
218.089579805
 20
142.500000000
 30
0.000000000
 10
218.538079857
 20
142.500000000
 30
0.000000000
  0
SPLINE
  5
1051
330
A02
100
AcDbEntity
  8
V_01_Base_Sensor_Sun_Gear_0
100
AcDbSpline
210
0
220
0
230
1
 70
8
 71
3
 72
11
 73
7
 74
0
 40
0.000000000
 40
0.000000000
 40
0.000000000
 40
0.000000000
 40
0.732289825
 40
0.732289825
 40
0.732289825
 40
1.464579650
 40
1.464579650
 40
1.464579650
 40
1.464579650
 10
215.564628122
 20
142.500000000
 30
0.000000000
 10
215.676653864
 20
142.500000000
 30
0.000000000
 10
215.799000192
 20
142.500000000
 30
0.000000000
 10
215.903215528
 20
142.500000000
 30
0.000000000
 10
216.007074057
 20
142.500000000
 30
0.000000000
 10
216.090270841
 20
142.500000000
 30
0.000000000
 10
216.133458509
 20
142.500000000
 30
0.000000000
  0
SPLINE
  5
1052
330
A02
100
AcDbEntity
  8
V_01_Base_Sensor_Sun_Gear_0
100
AcDbSpline
210
0
220
0
230
1
 70
8
 71
1
 72
4
 73
2
 74
0
 40
0.000000000
 40
0.000000000
 40
0.017140330
 40
0.017140330
 10
215.219690877
 20
142.500000000
 30
0.000000000
 10
215.564628122
 20
142.500000000
 30
0.000000000
  0
SPLINE
  5
1053
330
A02
100
AcDbEntity
  8
V_01_Base_Sensor_Sun_Gear_0
100
AcDbSpline
210
0
220
0
230
1
 70
8
 71
3
 72
8
 73
4
 74
0
 40
0.496769317
 40
0.496769317
 40
0.496769317
 40
0.496769317
 40
1.464616797
 40
1.464616797
 40
1.464616797
 40
1.464616797
 10
214.892183535
 20
142.500000000
 30
0.000000000
 10
214.944307576
 20
142.500000000
 30
0.000000000
 10
215.070599642
 20
142.500000000
 30
0.000000000
 10
215.219690877
 20
142.500000000
 30
0.000000000
  0
SPLINE
  5
1054
330
A02
100
AcDbEntity
  8
V_01_Base_Sensor_Sun_Gear_0
100
AcDbSpline
210
0
220
0
230
1
 70
8
 71
1
 72
4
 73
2
 74
0
 40
0.000000000
 40
0.000000000
 40
0.040669113
 40
0.040669113
 10
213.632084279
 20
142.500000000
 30
0.000000000
 10
214.579118338
 20
142.500000000
 30
0.000000000
  0
SPLINE
  5
1055
330
A02
100
AcDbEntity
  8
V_01_Base_Sensor_Sun_Gear_0
100
AcDbSpline
210
0
220
0
230
1
 70
8
 71
3
 72
11
 73
7
 74
0
 40
0.000000000
 40
0.000000000
 40
0.000000000
 40
0.000000000
 40
0.732289825
 40
0.732289825
 40
0.732289825
 40
1.464579650
 40
1.464579650
 40
1.464579650
 40
1.464579650
 10
211.993650198
 20
142.500000000
 30
0.000000000
 10
212.109311736
 20
142.500000000
 30
0.000000000
 10
212.227777226
 20
142.500000000
 30
0.000000000
 10
212.321497578
 20
142.500000000
 30
0.000000000
 10
212.414741815
 20
142.500000000
 30
0.000000000
 10
212.480966907
 20
142.500000000
 30
0.000000000
 10
212.504772242
 20
142.500000000
 30
0.000000000
  0
SPLINE
  5
1056
330
A02
100
AcDbEntity
  8
V_01_Base_Sensor_Sun_Gear_0
100
AcDbSpline
210
0
220
0
230
1
 70
8
 71
1
 72
4
 73
2
 74
0
 40
0.000000000
 40
0.000000000
 40
0.017140330
 40
0.017140330
 10
211.637903778
 20
142.500000000
 30
0.000000000
 10
211.993650198
 20
142.500000000
 30
0.000000000
  0
SPLINE
  5
1057
330
A02
100
AcDbEntity
  8
V_01_Base_Sensor_Sun_Gear_0
100
AcDbSpline
210
0
220
0
230
1
 70
8
 71
3
 72
11
 73
7
 74
0
 40
0.000000000
 40
0.000000000
 40
0.000000000
 40
0.000000000
 40
0.732308399
 40
0.732308399
 40
0.732308399
 40
1.464616797
 40
1.464616797
 40
1.464616797
 40
1.464616797
 10
211.200019045
 20
142.500000000
 30
0.000000000
 10
211.203714692
 20
142.500000000
 30
0.000000000
 10
211.250954225
 20
142.500000000
 30
0.000000000
 10
211.330751591
 20
142.500000000
 30
0.000000000
 10
211.411129933
 20
142.500000000
 30
0.000000000
 10
211.522117794
 20
142.500000000
 30
0.000000000
 10
211.637903778
 20
142.500000000
 30
0.000000000
  0
SPLINE
  5
1058
330
A02
100
AcDbEntity
  8
V_01_Base_Sensor_Sun_Gear_0
100
AcDbSpline
210
0
220
0
230
1
 70
8
 71
1
 72
4
 73
2
 74
0
 40
0.000000000
 40
0.000000000
 40
0.040669113
 40
0.040669113
 10
209.519387627
 20
142.500000000
 30
0.000000000
 10
210.481022626
 20
142.500000000
 30
0.000000000
  0
SPLINE
  5
1059
330
A02
100
AcDbEntity
  8
V_01_Base_Sensor_Sun_Gear_0
100
AcDbSpline
210
0
220
0
230
1
 70
8
 71
3
 72
11
 73
7
 74
0
 40
0.000000000
 40
0.000000000
 40
0.000000000
 40
0.000000000
 40
0.732289825
 40
0.732289825
 40
0.732289825
 40
1.464579650
 40
1.464579650
 40
1.464579650
 40
1.464579650
 10
208.362096222
 20
142.500000000
 30
0.000000000
 10
208.477879238
 20
142.500000000
 30
0.000000000
 10
208.588864377
 20
142.500000000
 30
0.000000000
 10
208.669242099
 20
142.500000000
 30
0.000000000
 10
208.749038864
 20
142.500000000
 30
0.000000000
 10
208.796280048
 20
142.500000000
 30
0.000000000
 10
208.799979738
 20
142.500000000
 30
0.000000000
  0
SPLINE
  5
105A
330
A02
100
AcDbEntity
  8
V_01_Base_Sensor_Sun_Gear_0
100
AcDbSpline
210
0
220
0
230
1
 70
8
 71
1
 72
4
 73
2
 74
0
 40
0.000000000
 40
0.000000000
 40
0.017140330
 40
0.017140330
 10
208.006349802
 20
142.500000000
 30
0.000000000
 10
208.362096222
 20
142.500000000
 30
0.000000000
  0
SPLINE
  5
105B
330
A02
100
AcDbEntity
  8
V_01_Base_Sensor_Sun_Gear_0
100
AcDbSpline
210
0
220
0
230
1
 70
8
 71
3
 72
11
 73
7
 74
0
 40
0.000000000
 40
0.000000000
 40
0.000000000
 40
0.000000000
 40
0.732308399
 40
0.732308399
 40
0.732308399
 40
1.464616797
 40
1.464616797
 40
1.464616797
 40
1.464616797
 10
207.495223615
 20
142.500000000
 30
0.000000000
 10
207.519025506
 20
142.500000000
 30
0.000000000
 10
207.585249743
 20
142.500000000
 30
0.000000000
 10
207.678495181
 20
142.500000000
 30
0.000000000
 10
207.772216753
 20
142.500000000
 30
0.000000000
 10
207.890685332
 20
142.500000000
 30
0.000000000
 10
208.006349802
 20
142.500000000
 30
0.000000000
  0
SPLINE
  5
105C
330
A02
100
AcDbEntity
  8
V_01_Base_Sensor_Sun_Gear_0
100
AcDbSpline
210
0
220
0
230
1
 70
8
 71
1
 72
4
 73
2
 74
0
 40
0.000000000
 40
0.000000000
 40
0.040669113
 40
0.040669113
 10
205.421294139
 20
142.500000000
 30
0.000000000
 10
206.368311285
 20
142.500000000
 30
0.000000000
  0
SPLINE
  5
105D
330
A02
100
AcDbEntity
  8
V_01_Base_Sensor_Sun_Gear_0
100
AcDbSpline
210
0
220
0
230
1
 70
8
 71
3
 72
8
 73
4
 74
0
 40
0.000000000
 40
0.000000000
 40
0.000000000
 40
0.000000000
 40
0.967877817
 40
0.967877817
 40
0.967877817
 40
0.967877817
 10
204.780309123
 20
142.500000000
 30
0.000000000
 10
204.929405053
 20
142.500000000
 30
0.000000000
 10
205.055699949
 20
142.500000000
 30
0.000000000
 10
205.107820952
 20
142.500000000
 30
0.000000000
  0
SPLINE
  5
105E
330
A02
100
AcDbEntity
  8
V_01_Base_Sensor_Sun_Gear_0
100
AcDbSpline
210
0
220
0
230
1
 70
8
 71
1
 72
4
 73
2
 74
0
 40
0.000000000
 40
0.000000000
 40
0.017140330
 40
0.017140330
 10
204.435371878
 20
142.500000000
 30
0.000000000
 10
204.780309123
 20
142.500000000
 30
0.000000000
  0
SPLINE
  5
105F
330
A02
100
AcDbEntity
  8
V_01_Base_Sensor_Sun_Gear_0
100
AcDbSpline
210
0
220
0
230
1
 70
8
 71
3
 72
11
 73
7
 74
0
 40
0.000000000
 40
0.000000000
 40
0.000000000
 40
0.000000000
 40
0.732308399
 40
0.732308399
 40
0.732308399
 40
1.464616797
 40
1.464616797
 40
1.464616797
 40
1.464616797
 10
203.866534548
 20
142.500000000
 30
0.000000000
 10
203.909719475
 20
142.500000000
 30
0.000000000
 10
203.992916226
 20
142.500000000
 30
0.000000000
 10
204.096776521
 20
142.500000000
 30
0.000000000
 10
204.200993639
 20
142.500000000
 30
0.000000000
 10
204.323343328
 20
142.500000000
 30
0.000000000
 10
204.435371878
 20
142.500000000
 30
0.000000000
  0
SPLINE
  5
1060
330
A02
100
AcDbEntity
  8
V_01_Base_Sensor_Sun_Gear_0
100
AcDbSpline
210
0
220
0
230
1
 70
8
 71
2
 72
6
 73
3
 74
0
 40
0.000000000
 40
0.000000000
 40
0.000000000
 40
0.040669113
 40
0.040669113
 40
0.040669113
 10
201.462322311
 20
142.500000000
 30
0.000000000
 10
201.910804781
 20
142.500000000
 30
0.000000000
 10
202.365946968
 20
142.500000000
 30
0.000000000
  0
SPLINE
  5
1061
330
A02
100
AcDbEntity
  8
V_01_Base_Sensor_Sun_Gear_0
100
AcDbSpline
210
0
220
0
230
1
 70
8
 71
1
 72
4
 73
2
 74
0
 40
0.000000000
 40
0.000000000
 40
0.143360410
 40
0.143360410
 10
201.357119691
 20
142.500000000
 30
0.000000000
 10
201.416875431
 20
142.500000000
 30
0.000000000
  0
SPLINE
  5
1062
330
A02
100
AcDbEntity
  8
V_01_Base_Sensor_Sun_Gear_0
100
AcDbSpline
210
0
220
0
230
1
 70
8
 71
1
 72
4
 73
2
 74
0
 40
0.000000000
 40
0.000000000
 40
0.017140330
 40
0.017140330
 10
201.033472364
 20
142.500000000
 30
0.000000000
 10
201.357119691
 20
142.500000000
 30
0.000000000
  0
SPLINE
  5
1063
330
A02
100
AcDbEntity
  8
V_01_Base_Sensor_Sun_Gear_0
100
AcDbSpline
210
0
220
0
230
1
 70
8
 71
3
 72
8
 73
4
 74
0
 40
0.000000000
 40
0.000000000
 40
0.000000000
 40
0.000000000
 40
1.464616797
 40
1.464616797
 40
1.464616797
 40
1.464616797
 10
200.424207725
 20
142.500000000
 30
0.000000000
 10
200.544267928
 20
142.500000000
 30
0.000000000
 10
200.822634519
 20
142.500000000
 30
0.000000000
 10
201.033472364
 20
142.500000000
 30
0.000000000
  0
SPLINE
  5
1064
330
A02
100
AcDbEntity
  8
V_01_Base_Sensor_Sun_Gear_0
100
AcDbSpline
210
0
220
0
230
1
 70
8
 71
2
 72
6
 73
3
 74
0
 40
0.000000000
 40
0.000000000
 40
0.000000000
 40
0.040669113
 40
0.040669113
 40
0.040669113
 10
197.762763500
 20
142.500000000
 30
0.000000000
 10
198.174283817
 20
142.500000000
 30
0.000000000
 10
198.595539489
 20
142.500000000
 30
0.000000000
  0
SPLINE
  5
1065
330
A02
100
AcDbEntity
  8
V_01_Base_Sensor_Sun_Gear_0
100
AcDbSpline
210
0
220
0
230
1
 70
8
 71
3
 72
8
 73
4
 74
0
 40
0.000000000
 40
0.000000000
 40
0.000000000
 40
0.000000000
 40
1.132178384
 40
1.132178384
 40
1.132178384
 40
1.132178384
 10
197.272836505
 20
142.500000000
 30
0.000000000
 10
197.391553703
 20
142.500000000
 30
0.000000000
 10
197.590227002
 20
142.500000000
 30
0.000000000
 10
197.762763500
 20
142.500000000
 30
0.000000000
  0
SPLINE
  5
1066
330
A02
100
AcDbEntity
  8
V_01_Base_Sensor_Sun_Gear_0
100
AcDbSpline
210
0
220
0
230
1
 70
8
 71
2
 72
6
 73
3
 74
0
 40
0.000000000
 40
0.000000000
 40
0.000000000
 40
0.040669113
 40
0.040669113
 40
0.040669113
 10
194.435026927
 20
142.500000000
 30
0.000000000
 10
194.797081255
 20
142.500000000
 30
0.000000000
 10
195.171650772
 20
142.500000000
 30
0.000000000
  0
SPLINE
  5
1067
330
A02
100
AcDbEntity
  8
V_01_Base_Sensor_Sun_Gear_0
100
AcDbSpline
210
0
220
0
230
1
 70
8
 71
2
 72
6
 73
3
 74
0
 40
0.000000000
 40
0.000000000
 40
0.000000000
 40
0.040669113
 40
0.040669113
 40
0.040669113
 10
191.580224185
 20
142.500000000
 30
0.000000000
 10
191.881811686
 20
142.500000000
 30
0.000000000
 10
192.198313942
 20
142.500000000
 30
0.000000000
  0
SPLINE
  5
1068
330
A02
100
AcDbEntity
  8
V_01_Base_Sensor_Sun_Gear_0
100
AcDbSpline
210
0
220
0
230
1
 70
8
 71
2
 72
6
 73
3
 74
0
 40
0.000000000
 40
0.000000000
 40
0.000000000
 40
0.040669113
 40
0.040669113
 40
0.040669113
 10
189.285097010
 20
142.500000000
 30
0.000000000
 10
189.517054101
 20
142.500000000
 30
0.000000000
 10
189.765872336
 20
142.500000000
 30
0.000000000
  0
SPLINE
  5
1069
330
A02
100
AcDbEntity
  8
V_01_Base_Sensor_Sun_Gear_0
100
AcDbSpline
210
0
220
0
230
1
 70
8
 71
2
 72
6
 73
3
 74
0
 40
0.000000000
 40
0.000000000
 40
0.000000000
 40
0.040669113
 40
0.040669113
 40
0.040669113
 10
187.619381680
 20
142.500000000
 30
0.000000000
 10
187.774660462
 20
142.500000000
 30
0.000000000
 10
187.948234459
 20
142.500000000
 30
0.000000000
  0
SPLINE
  5
106A
330
A02
100
AcDbEntity
  8
V_01_Base_Sensor_Sun_Gear_0
100
AcDbSpline
210
0
220
0
230
1
 70
8
 71
2
 72
6
 73
3
 74
0
 40
0.000000000
 40
0.000000000
 40
0.000000000
 40
0.040669113
 40
0.040669113
 40
0.040669113
 10
186.633690113
 20
142.500000000
 30
0.000000000
 10
186.707572518
 20
142.500000000
 30
0.000000000
 10
186.800628320
 20
142.500000000
 30
0.000000000
  0
SPLINE
  5
106B
330
A02
100
AcDbEntity
  8
V_01_Base_Sensor_Sun_Gear_0
100
AcDbSpline
210
0
220
0
230
1
 70
8
 71
2
 72
6
 73
3
 74
0
 40
0.020385197
 40
0.020385197
 40
0.020385197
 40
0.040669113
 40
0.040669113
 40
0.040669113
 10
186.353058895
 20
142.500000000
 30
0.000000000
 10
186.353069656
 20
142.500000000
 30
0.000000000
 10
186.357923350
 20
142.500000000
 30
0.000000000
  0
SPLINE
  5
106C
330
A02
100
AcDbEntity
  8
V_01_Base_Sensor_Sun_Gear_0
100
AcDbSpline
210
0
220
0
230
1
 70
8
 71
2
 72
6
 73
3
 74
0
 40
0.000000000
 40
0.000000000
 40
0.000000000
 40
0.040669113
 40
0.040669113
 40
0.040669113
 10
233.199394962
 20
154.500000000
 30
0.000000000
 10
233.292498550
 20
154.500000000
 30
0.000000000
 10
233.366429085
 20
154.500000000
 30
0.000000000
  0
SPLINE
  5
106D
330
A02
100
AcDbEntity
  8
V_01_Base_Sensor_Sun_Gear_0
100
AcDbSpline
210
0
220
0
230
1
 70
8
 71
2
 72
6
 73
3
 74
0
 40
0.000000000
 40
0.000000000
 40
0.000000000
 40
0.040669113
 40
0.040669113
 40
0.040669113
 10
232.051860095
 20
154.500000000
 30
0.000000000
 10
232.225479516
 20
154.500000000
 30
0.000000000
 10
232.380804396
 20
154.500000000
 30
0.000000000
  0
SPLINE
  5
106E
330
A02
100
AcDbEntity
  8
V_01_Base_Sensor_Sun_Gear_0
100
AcDbSpline
210
0
220
0
230
1
 70
8
 71
2
 72
6
 73
3
 74
0
 40
0.000000000
 40
0.000000000
 40
0.000000000
 40
0.040669113
 40
0.040669113
 40
0.040669113
 10
230.234290617
 20
154.500000000
 30
0.000000000
 10
230.483150533
 20
154.500000000
 30
0.000000000
 10
230.715150291
 20
154.500000000
 30
0.000000000
  0
SPLINE
  5
106F
330
A02
100
AcDbEntity
  8
V_01_Base_Sensor_Sun_Gear_0
100
AcDbSpline
210
0
220
0
230
1
 70
8
 71
2
 72
6
 73
3
 74
0
 40
0.000000000
 40
0.000000000
 40
0.000000000
 40
0.040669113
 40
0.040669113
 40
0.040669113
 10
227.801912459
 20
154.500000000
 30
0.000000000
 10
228.118451386
 20
154.500000000
 30
0.000000000
 10
228.420076826
 20
154.500000000
 30
0.000000000
  0
SPLINE
  5
1070
330
A02
100
AcDbEntity
  8
V_01_Base_Sensor_Sun_Gear_0
100
AcDbSpline
210
0
220
0
230
1
 70
8
 71
2
 72
6
 73
3
 74
0
 40
0.000000000
 40
0.000000000
 40
0.000000000
 40
0.040669113
 40
0.040669113
 40
0.040669113
 10
224.828632198
 20
154.500000000
 30
0.000000000
 10
225.203232262
 20
154.500000000
 30
0.000000000
 10
225.565318648
 20
154.500000000
 30
0.000000000
  0
SPLINE
  5
1071
330
A02
100
AcDbEntity
  8
V_01_Base_Sensor_Sun_Gear_0
100
AcDbSpline
210
0
220
0
230
1
 70
8
 71
3
 72
8
 73
4
 74
0
 40
0.333271616
 40
0.333271616
 40
0.333271616
 40
0.333271616
 40
1.464579650
 40
1.464579650
 40
1.464579650
 40
1.464579650
 10
222.237616139
 20
154.500000000
 30
0.000000000
 10
222.410061831
 20
154.500000000
 30
0.000000000
 10
222.608520276
 20
154.500000000
 30
0.000000000
 10
222.727151664
 20
154.500000000
 30
0.000000000
  0
SPLINE
  5
1072
330
A02
100
AcDbEntity
  8
V_01_Base_Sensor_Sun_Gear_0
100
AcDbSpline
210
0
220
0
230
1
 70
8
 71
2
 72
6
 73
3
 74
0
 40
0.000000000
 40
0.000000000
 40
0.000000000
 40
0.040669113
 40
0.040669113
 40
0.040669113
 10
221.404791452
 20
154.500000000
 30
0.000000000
 10
221.826070619
 20
154.500000000
 30
0.000000000
 10
222.237616139
 20
154.500000000
 30
0.000000000
  0
SPLINE
  5
1073
330
A02
100
AcDbEntity
  8
V_01_Base_Sensor_Sun_Gear_0
100
AcDbSpline
210
0
220
0
230
1
 70
8
 71
3
 72
8
 73
4
 74
0
 40
0.000000000
 40
0.000000000
 40
0.000000000
 40
0.000000000
 40
1.464579650
 40
1.464579650
 40
1.464579650
 40
1.464579650
 10
218.966527636
 20
154.500000000
 30
0.000000000
 10
219.177360106
 20
154.500000000
 30
0.000000000
 10
219.455718307
 20
154.500000000
 30
0.000000000
 10
219.575782743
 20
154.500000000
 30
0.000000000
  0
SPLINE
  5
1074
330
A02
100
AcDbEntity
  8
V_01_Base_Sensor_Sun_Gear_0
100
AcDbSpline
210
0
220
0
230
1
 70
8
 71
1
 72
4
 73
2
 74
0
 40
0.000000000
 40
0.000000000
 40
0.017140330
 40
0.017140330
 10
218.642880309
 20
154.500000000
 30
0.000000000
 10
218.966527636
 20
154.500000000
 30
0.000000000
  0
SPLINE
  5
1075
330
A02
100
AcDbEntity
  8
V_01_Base_Sensor_Sun_Gear_0
100
AcDbSpline
210
0
220
0
230
1
 70
8
 71
1
 72
4
 73
2
 74
0
 40
1.321592236
 40
1.321592236
 40
1.464616797
 40
1.464616797
 10
218.583258819
 20
154.500000000
 30
0.000000000
 10
218.642880309
 20
154.500000000
 30
0.000000000
  0
SPLINE
  5
1076
330
A02
100
AcDbEntity
  8
V_01_Base_Sensor_Sun_Gear_0
100
AcDbSpline
210
0
220
0
230
1
 70
8
 71
2
 72
6
 73
3
 74
0
 40
0.000000000
 40
0.000000000
 40
0.000000000
 40
0.040669113
 40
0.040669113
 40
0.040669113
 10
217.634421889
 20
154.500000000
 30
0.000000000
 10
218.089579805
 20
154.500000000
 30
0.000000000
 10
218.538079857
 20
154.500000000
 30
0.000000000
  0
SPLINE
  5
1077
330
A02
100
AcDbEntity
  8
V_01_Base_Sensor_Sun_Gear_0
100
AcDbSpline
210
0
220
0
230
1
 70
8
 71
3
 72
11
 73
7
 74
0
 40
0.000000000
 40
0.000000000
 40
0.000000000
 40
0.000000000
 40
0.732289825
 40
0.732289825
 40
0.732289825
 40
1.464579650
 40
1.464579650
 40
1.464579650
 40
1.464579650
 10
215.564628122
 20
154.500000000
 30
0.000000000
 10
215.676653864
 20
154.500000000
 30
0.000000000
 10
215.799000192
 20
154.500000000
 30
0.000000000
 10
215.903215528
 20
154.500000000
 30
0.000000000
 10
216.007074057
 20
154.500000000
 30
0.000000000
 10
216.090270841
 20
154.500000000
 30
0.000000000
 10
216.133458509
 20
154.500000000
 30
0.000000000
  0
SPLINE
  5
1078
330
A02
100
AcDbEntity
  8
V_01_Base_Sensor_Sun_Gear_0
100
AcDbSpline
210
0
220
0
230
1
 70
8
 71
1
 72
4
 73
2
 74
0
 40
0.000000000
 40
0.000000000
 40
0.017140330
 40
0.017140330
 10
215.219690877
 20
154.500000000
 30
0.000000000
 10
215.564628122
 20
154.500000000
 30
0.000000000
  0
SPLINE
  5
1079
330
A02
100
AcDbEntity
  8
V_01_Base_Sensor_Sun_Gear_0
100
AcDbSpline
210
0
220
0
230
1
 70
8
 71
3
 72
8
 73
4
 74
0
 40
0.496769317
 40
0.496769317
 40
0.496769317
 40
0.496769317
 40
1.464616797
 40
1.464616797
 40
1.464616797
 40
1.464616797
 10
214.892183535
 20
154.500000000
 30
0.000000000
 10
214.944307576
 20
154.500000000
 30
0.000000000
 10
215.070599642
 20
154.500000000
 30
0.000000000
 10
215.219690877
 20
154.500000000
 30
0.000000000
  0
SPLINE
  5
107A
330
A02
100
AcDbEntity
  8
V_01_Base_Sensor_Sun_Gear_0
100
AcDbSpline
210
0
220
0
230
1
 70
8
 71
1
 72
4
 73
2
 74
0
 40
0.000000000
 40
0.000000000
 40
0.040669113
 40
0.040669113
 10
213.632084279
 20
154.500000000
 30
0.000000000
 10
214.579118338
 20
154.500000000
 30
0.000000000
  0
SPLINE
  5
107B
330
A02
100
AcDbEntity
  8
V_01_Base_Sensor_Sun_Gear_0
100
AcDbSpline
210
0
220
0
230
1
 70
8
 71
3
 72
11
 73
7
 74
0
 40
0.000000000
 40
0.000000000
 40
0.000000000
 40
0.000000000
 40
0.732289825
 40
0.732289825
 40
0.732289825
 40
1.464579650
 40
1.464579650
 40
1.464579650
 40
1.464579650
 10
211.993650198
 20
154.500000000
 30
0.000000000
 10
212.109311736
 20
154.500000000
 30
0.000000000
 10
212.227777226
 20
154.500000000
 30
0.000000000
 10
212.321497578
 20
154.500000000
 30
0.000000000
 10
212.414741815
 20
154.500000000
 30
0.000000000
 10
212.480966907
 20
154.500000000
 30
0.000000000
 10
212.504772242
 20
154.500000000
 30
0.000000000
  0
SPLINE
  5
107C
330
A02
100
AcDbEntity
  8
V_01_Base_Sensor_Sun_Gear_0
100
AcDbSpline
210
0
220
0
230
1
 70
8
 71
1
 72
4
 73
2
 74
0
 40
0.000000000
 40
0.000000000
 40
0.017140330
 40
0.017140330
 10
211.637903778
 20
154.500000000
 30
0.000000000
 10
211.993650198
 20
154.500000000
 30
0.000000000
  0
SPLINE
  5
107D
330
A02
100
AcDbEntity
  8
V_01_Base_Sensor_Sun_Gear_0
100
AcDbSpline
210
0
220
0
230
1
 70
8
 71
3
 72
11
 73
7
 74
0
 40
0.000000000
 40
0.000000000
 40
0.000000000
 40
0.000000000
 40
0.732308399
 40
0.732308399
 40
0.732308399
 40
1.464616797
 40
1.464616797
 40
1.464616797
 40
1.464616797
 10
211.200019045
 20
154.500000000
 30
0.000000000
 10
211.203714692
 20
154.500000000
 30
0.000000000
 10
211.250954225
 20
154.500000000
 30
0.000000000
 10
211.330751591
 20
154.500000000
 30
0.000000000
 10
211.411129933
 20
154.500000000
 30
0.000000000
 10
211.522117794
 20
154.500000000
 30
0.000000000
 10
211.637903778
 20
154.500000000
 30
0.000000000
  0
SPLINE
  5
107E
330
A02
100
AcDbEntity
  8
V_01_Base_Sensor_Sun_Gear_0
100
AcDbSpline
210
0
220
0
230
1
 70
8
 71
1
 72
4
 73
2
 74
0
 40
0.000000000
 40
0.000000000
 40
0.040669113
 40
0.040669113
 10
209.519387627
 20
154.500000000
 30
0.000000000
 10
210.481022626
 20
154.500000000
 30
0.000000000
  0
SPLINE
  5
107F
330
A02
100
AcDbEntity
  8
V_01_Base_Sensor_Sun_Gear_0
100
AcDbSpline
210
0
220
0
230
1
 70
8
 71
3
 72
11
 73
7
 74
0
 40
0.000000000
 40
0.000000000
 40
0.000000000
 40
0.000000000
 40
0.732289825
 40
0.732289825
 40
0.732289825
 40
1.464579650
 40
1.464579650
 40
1.464579650
 40
1.464579650
 10
208.362096222
 20
154.500000000
 30
0.000000000
 10
208.477879238
 20
154.500000000
 30
0.000000000
 10
208.588864377
 20
154.500000000
 30
0.000000000
 10
208.669242099
 20
154.500000000
 30
0.000000000
 10
208.749038864
 20
154.500000000
 30
0.000000000
 10
208.796280048
 20
154.500000000
 30
0.000000000
 10
208.799979738
 20
154.500000000
 30
0.000000000
  0
SPLINE
  5
1080
330
A02
100
AcDbEntity
  8
V_01_Base_Sensor_Sun_Gear_0
100
AcDbSpline
210
0
220
0
230
1
 70
8
 71
1
 72
4
 73
2
 74
0
 40
0.000000000
 40
0.000000000
 40
0.017140330
 40
0.017140330
 10
208.006349802
 20
154.500000000
 30
0.000000000
 10
208.362096222
 20
154.500000000
 30
0.000000000
  0
SPLINE
  5
1081
330
A02
100
AcDbEntity
  8
V_01_Base_Sensor_Sun_Gear_0
100
AcDbSpline
210
0
220
0
230
1
 70
8
 71
3
 72
11
 73
7
 74
0
 40
0.000000000
 40
0.000000000
 40
0.000000000
 40
0.000000000
 40
0.732308399
 40
0.732308399
 40
0.732308399
 40
1.464616797
 40
1.464616797
 40
1.464616797
 40
1.464616797
 10
207.495223615
 20
154.500000000
 30
0.000000000
 10
207.519025506
 20
154.500000000
 30
0.000000000
 10
207.585249743
 20
154.500000000
 30
0.000000000
 10
207.678495181
 20
154.500000000
 30
0.000000000
 10
207.772216753
 20
154.500000000
 30
0.000000000
 10
207.890685332
 20
154.500000000
 30
0.000000000
 10
208.006349802
 20
154.500000000
 30
0.000000000
  0
SPLINE
  5
1082
330
A02
100
AcDbEntity
  8
V_01_Base_Sensor_Sun_Gear_0
100
AcDbSpline
210
0
220
0
230
1
 70
8
 71
1
 72
4
 73
2
 74
0
 40
0.000000000
 40
0.000000000
 40
0.040669113
 40
0.040669113
 10
205.421294139
 20
154.500000000
 30
0.000000000
 10
206.368311285
 20
154.500000000
 30
0.000000000
  0
SPLINE
  5
1083
330
A02
100
AcDbEntity
  8
V_01_Base_Sensor_Sun_Gear_0
100
AcDbSpline
210
0
220
0
230
1
 70
8
 71
3
 72
8
 73
4
 74
0
 40
0.000000000
 40
0.000000000
 40
0.000000000
 40
0.000000000
 40
0.967877817
 40
0.967877817
 40
0.967877817
 40
0.967877817
 10
204.780309123
 20
154.500000000
 30
0.000000000
 10
204.929405053
 20
154.500000000
 30
0.000000000
 10
205.055699949
 20
154.500000000
 30
0.000000000
 10
205.107820952
 20
154.500000000
 30
0.000000000
  0
SPLINE
  5
1084
330
A02
100
AcDbEntity
  8
V_01_Base_Sensor_Sun_Gear_0
100
AcDbSpline
210
0
220
0
230
1
 70
8
 71
1
 72
4
 73
2
 74
0
 40
0.000000000
 40
0.000000000
 40
0.017140330
 40
0.017140330
 10
204.435371878
 20
154.500000000
 30
0.000000000
 10
204.780309123
 20
154.500000000
 30
0.000000000
  0
SPLINE
  5
1085
330
A02
100
AcDbEntity
  8
V_01_Base_Sensor_Sun_Gear_0
100
AcDbSpline
210
0
220
0
230
1
 70
8
 71
3
 72
11
 73
7
 74
0
 40
0.000000000
 40
0.000000000
 40
0.000000000
 40
0.000000000
 40
0.732308399
 40
0.732308399
 40
0.732308399
 40
1.464616797
 40
1.464616797
 40
1.464616797
 40
1.464616797
 10
203.866534548
 20
154.500000000
 30
0.000000000
 10
203.909719475
 20
154.500000000
 30
0.000000000
 10
203.992916226
 20
154.500000000
 30
0.000000000
 10
204.096776521
 20
154.500000000
 30
0.000000000
 10
204.200993639
 20
154.500000000
 30
0.000000000
 10
204.323343328
 20
154.500000000
 30
0.000000000
 10
204.435371878
 20
154.500000000
 30
0.000000000
  0
SPLINE
  5
1086
330
A02
100
AcDbEntity
  8
V_01_Base_Sensor_Sun_Gear_0
100
AcDbSpline
210
0
220
0
230
1
 70
8
 71
2
 72
6
 73
3
 74
0
 40
0.000000000
 40
0.000000000
 40
0.000000000
 40
0.040669113
 40
0.040669113
 40
0.040669113
 10
201.462322311
 20
154.500000000
 30
0.000000000
 10
201.910804781
 20
154.500000000
 30
0.000000000
 10
202.365946968
 20
154.500000000
 30
0.000000000
  0
SPLINE
  5
1087
330
A02
100
AcDbEntity
  8
V_01_Base_Sensor_Sun_Gear_0
100
AcDbSpline
210
0
220
0
230
1
 70
8
 71
1
 72
4
 73
2
 74
0
 40
0.000000000
 40
0.000000000
 40
0.143360410
 40
0.143360410
 10
201.357119691
 20
154.500000000
 30
0.000000000
 10
201.416875431
 20
154.500000000
 30
0.000000000
  0
SPLINE
  5
1088
330
A02
100
AcDbEntity
  8
V_01_Base_Sensor_Sun_Gear_0
100
AcDbSpline
210
0
220
0
230
1
 70
8
 71
1
 72
4
 73
2
 74
0
 40
0.000000000
 40
0.000000000
 40
0.017140330
 40
0.017140330
 10
201.033472364
 20
154.500000000
 30
0.000000000
 10
201.357119691
 20
154.500000000
 30
0.000000000
  0
SPLINE
  5
1089
330
A02
100
AcDbEntity
  8
V_01_Base_Sensor_Sun_Gear_0
100
AcDbSpline
210
0
220
0
230
1
 70
8
 71
3
 72
8
 73
4
 74
0
 40
0.000000000
 40
0.000000000
 40
0.000000000
 40
0.000000000
 40
1.464616797
 40
1.464616797
 40
1.464616797
 40
1.464616797
 10
200.424207725
 20
154.500000000
 30
0.000000000
 10
200.544267928
 20
154.500000000
 30
0.000000000
 10
200.822634519
 20
154.500000000
 30
0.000000000
 10
201.033472364
 20
154.500000000
 30
0.000000000
  0
SPLINE
  5
108A
330
A02
100
AcDbEntity
  8
V_01_Base_Sensor_Sun_Gear_0
100
AcDbSpline
210
0
220
0
230
1
 70
8
 71
2
 72
6
 73
3
 74
0
 40
0.000000000
 40
0.000000000
 40
0.000000000
 40
0.040669113
 40
0.040669113
 40
0.040669113
 10
197.762763500
 20
154.500000000
 30
0.000000000
 10
198.174283817
 20
154.500000000
 30
0.000000000
 10
198.595539489
 20
154.500000000
 30
0.000000000
  0
SPLINE
  5
108B
330
A02
100
AcDbEntity
  8
V_01_Base_Sensor_Sun_Gear_0
100
AcDbSpline
210
0
220
0
230
1
 70
8
 71
3
 72
8
 73
4
 74
0
 40
0.000000000
 40
0.000000000
 40
0.000000000
 40
0.000000000
 40
1.132178384
 40
1.132178384
 40
1.132178384
 40
1.132178384
 10
197.272836505
 20
154.500000000
 30
0.000000000
 10
197.391553703
 20
154.500000000
 30
0.000000000
 10
197.590227002
 20
154.500000000
 30
0.000000000
 10
197.762763500
 20
154.500000000
 30
0.000000000
  0
SPLINE
  5
108C
330
A02
100
AcDbEntity
  8
V_01_Base_Sensor_Sun_Gear_0
100
AcDbSpline
210
0
220
0
230
1
 70
8
 71
2
 72
6
 73
3
 74
0
 40
0.000000000
 40
0.000000000
 40
0.000000000
 40
0.040669113
 40
0.040669113
 40
0.040669113
 10
194.435026927
 20
154.500000000
 30
0.000000000
 10
194.797081255
 20
154.500000000
 30
0.000000000
 10
195.171650772
 20
154.500000000
 30
0.000000000
  0
SPLINE
  5
108D
330
A02
100
AcDbEntity
  8
V_01_Base_Sensor_Sun_Gear_0
100
AcDbSpline
210
0
220
0
230
1
 70
8
 71
2
 72
6
 73
3
 74
0
 40
0.000000000
 40
0.000000000
 40
0.000000000
 40
0.040669113
 40
0.040669113
 40
0.040669113
 10
191.580224185
 20
154.500000000
 30
0.000000000
 10
191.881811686
 20
154.500000000
 30
0.000000000
 10
192.198313942
 20
154.500000000
 30
0.000000000
  0
SPLINE
  5
108E
330
A02
100
AcDbEntity
  8
V_01_Base_Sensor_Sun_Gear_0
100
AcDbSpline
210
0
220
0
230
1
 70
8
 71
2
 72
6
 73
3
 74
0
 40
0.000000000
 40
0.000000000
 40
0.000000000
 40
0.040669113
 40
0.040669113
 40
0.040669113
 10
189.285097010
 20
154.500000000
 30
0.000000000
 10
189.517054101
 20
154.500000000
 30
0.000000000
 10
189.765872336
 20
154.500000000
 30
0.000000000
  0
SPLINE
  5
108F
330
A02
100
AcDbEntity
  8
V_01_Base_Sensor_Sun_Gear_0
100
AcDbSpline
210
0
220
0
230
1
 70
8
 71
2
 72
6
 73
3
 74
0
 40
0.000000000
 40
0.000000000
 40
0.000000000
 40
0.040669113
 40
0.040669113
 40
0.040669113
 10
187.619381680
 20
154.500000000
 30
0.000000000
 10
187.774660462
 20
154.500000000
 30
0.000000000
 10
187.948234459
 20
154.500000000
 30
0.000000000
  0
SPLINE
  5
1090
330
A02
100
AcDbEntity
  8
V_01_Base_Sensor_Sun_Gear_0
100
AcDbSpline
210
0
220
0
230
1
 70
8
 71
2
 72
6
 73
3
 74
0
 40
0.000000000
 40
0.000000000
 40
0.000000000
 40
0.040669113
 40
0.040669113
 40
0.040669113
 10
186.633690113
 20
154.500000000
 30
0.000000000
 10
186.707572518
 20
154.500000000
 30
0.000000000
 10
186.800628320
 20
154.500000000
 30
0.000000000
  0
SPLINE
  5
1091
330
A02
100
AcDbEntity
  8
V_01_Base_Sensor_Sun_Gear_0
100
AcDbSpline
210
0
220
0
230
1
 70
8
 71
2
 72
6
 73
3
 74
0
 40
0.020385197
 40
0.020385197
 40
0.020385197
 40
0.040669113
 40
0.040669113
 40
0.040669113
 10
186.353058895
 20
154.500000000
 30
0.000000000
 10
186.353069656
 20
154.500000000
 30
0.000000000
 10
186.357923350
 20
154.500000000
 30
0.000000000
  0
LINE
  5
1092
330
A02
100
AcDbEntity
  8
V_01_Base_Sensor_Sun_Gear_0
100
AcDbLine
 10
233.366429085
 20
142.500000000
 30
0.000000000
 11
233.366429085
 21
154.500000000
 31
0.000000000
  0
LINE
  5
1093
330
A02
100
AcDbEntity
  8
V_01_Base_Sensor_Sun_Gear_0
100
AcDbLine
 10
233.199394962
 20
142.500000000
 30
0.000000000
 11
233.199394962
 21
154.500000000
 31
0.000000000
  0
LINE
  5
1094
330
A02
100
AcDbEntity
  8
V_01_Base_Sensor_Sun_Gear_0
100
AcDbLine
 10
232.380804396
 20
142.500000000
 30
0.000000000
 11
232.380804396
 21
154.500000000
 31
0.000000000
  0
LINE
  5
1095
330
A02
100
AcDbEntity
  8
V_01_Base_Sensor_Sun_Gear_0
100
AcDbLine
 10
232.051860095
 20
142.500000000
 30
0.000000000
 11
232.051860095
 21
154.500000000
 31
0.000000000
  0
LINE
  5
1096
330
A02
100
AcDbEntity
  8
V_01_Base_Sensor_Sun_Gear_0
100
AcDbLine
 10
230.715150291
 20
142.500000000
 30
0.000000000
 11
230.715150291
 21
154.500000000
 31
0.000000000
  0
LINE
  5
1097
330
A02
100
AcDbEntity
  8
V_01_Base_Sensor_Sun_Gear_0
100
AcDbLine
 10
230.234290617
 20
142.500000000
 30
0.000000000
 11
230.234290617
 21
154.500000000
 31
0.000000000
  0
LINE
  5
1098
330
A02
100
AcDbEntity
  8
V_01_Base_Sensor_Sun_Gear_0
100
AcDbLine
 10
228.420076826
 20
142.500000000
 30
0.000000000
 11
228.420076826
 21
154.500000000
 31
0.000000000
  0
LINE
  5
1099
330
A02
100
AcDbEntity
  8
V_01_Base_Sensor_Sun_Gear_0
100
AcDbLine
 10
227.801912459
 20
142.500000000
 30
0.000000000
 11
227.801912459
 21
154.500000000
 31
0.000000000
  0
LINE
  5
109A
330
A02
100
AcDbEntity
  8
V_01_Base_Sensor_Sun_Gear_0
100
AcDbLine
 10
225.565318648
 20
142.500000000
 30
0.000000000
 11
225.565318648
 21
154.500000000
 31
0.000000000
  0
LINE
  5
109B
330
A02
100
AcDbEntity
  8
V_01_Base_Sensor_Sun_Gear_0
100
AcDbLine
 10
224.828632198
 20
142.500000000
 30
0.000000000
 11
224.828632198
 21
154.500000000
 31
0.000000000
  0
LINE
  5
109C
330
A02
100
AcDbEntity
  8
V_01_Base_Sensor_Sun_Gear_0
100
AcDbLine
 10
222.727151664
 20
142.500000000
 30
0.000000000
 11
222.727151664
 21
154.500000000
 31
0.000000000
  0
LINE
  5
109D
330
A02
100
AcDbEntity
  8
V_01_Base_Sensor_Sun_Gear_0
100
AcDbLine
 10
222.237616139
 20
142.500000000
 30
0.000000000
 11
222.237616139
 21
154.500000000
 31
0.000000000
  0
LINE
  5
109E
330
A02
100
AcDbEntity
  8
V_01_Base_Sensor_Sun_Gear_0
100
AcDbLine
 10
221.404791452
 20
142.500000000
 30
0.000000000
 11
221.404791452
 21
154.500000000
 31
0.000000000
  0
LINE
  5
109F
330
A02
100
AcDbEntity
  8
V_01_Base_Sensor_Sun_Gear_0
100
AcDbLine
 10
219.575782743
 20
142.500000000
 30
0.000000000
 11
219.575782743
 21
154.500000000
 31
0.000000000
  0
LINE
  5
10A0
330
A02
100
AcDbEntity
  8
V_01_Base_Sensor_Sun_Gear_0
100
AcDbLine
 10
218.538079857
 20
142.500000000
 30
0.000000000
 11
218.538079857
 21
154.500000000
 31
0.000000000
  0
LINE
  5
10A1
330
A02
100
AcDbEntity
  8
V_01_Base_Sensor_Sun_Gear_0
100
AcDbLine
 10
217.634421889
 20
142.500000000
 30
0.000000000
 11
217.634421889
 21
154.500000000
 31
0.000000000
  0
LINE
  5
10A2
330
A02
100
AcDbEntity
  8
V_01_Base_Sensor_Sun_Gear_0
100
AcDbLine
 10
216.133458509
 20
142.500000000
 30
0.000000000
 11
216.133458509
 21
154.500000000
 31
0.000000000
  0
LINE
  5
10A3
330
A02
100
AcDbEntity
  8
V_01_Base_Sensor_Sun_Gear_0
100
AcDbLine
 10
214.579118338
 20
142.500000000
 30
0.000000000
 11
214.579118338
 21
154.500000000
 31
0.000000000
  0
LINE
  5
10A4
330
A02
100
AcDbEntity
  8
V_01_Base_Sensor_Sun_Gear_0
100
AcDbLine
 10
213.632084279
 20
142.500000000
 30
0.000000000
 11
213.632084279
 21
154.500000000
 31
0.000000000
  0
LINE
  5
10A5
330
A02
100
AcDbEntity
  8
V_01_Base_Sensor_Sun_Gear_0
100
AcDbLine
 10
212.504772242
 20
142.500000000
 30
0.000000000
 11
212.504772242
 21
154.500000000
 31
0.000000000
  0
LINE
  5
10A6
330
A02
100
AcDbEntity
  8
V_01_Base_Sensor_Sun_Gear_0
100
AcDbLine
 10
211.200019045
 20
142.500000000
 30
0.000000000
 11
211.200019045
 21
154.500000000
 31
0.000000000
  0
LINE
  5
10A7
330
A02
100
AcDbEntity
  8
V_01_Base_Sensor_Sun_Gear_0
100
AcDbLine
 10
210.481022626
 20
142.500000000
 30
0.000000000
 11
210.481022626
 21
154.500000000
 31
0.000000000
  0
LINE
  5
10A8
330
A02
100
AcDbEntity
  8
V_01_Base_Sensor_Sun_Gear_0
100
AcDbLine
 10
209.519387627
 20
142.500000000
 30
0.000000000
 11
209.519387627
 21
154.500000000
 31
0.000000000
  0
LINE
  5
10A9
330
A02
100
AcDbEntity
  8
V_01_Base_Sensor_Sun_Gear_0
100
AcDbLine
 10
208.799979738
 20
142.500000000
 30
0.000000000
 11
208.799979738
 21
154.500000000
 31
0.000000000
  0
LINE
  5
10AA
330
A02
100
AcDbEntity
  8
V_01_Base_Sensor_Sun_Gear_0
100
AcDbLine
 10
207.495223615
 20
142.500000000
 30
0.000000000
 11
207.495223615
 21
154.500000000
 31
0.000000000
  0
LINE
  5
10AB
330
A02
100
AcDbEntity
  8
V_01_Base_Sensor_Sun_Gear_0
100
AcDbLine
 10
206.368311285
 20
142.500000000
 30
0.000000000
 11
206.368311285
 21
154.500000000
 31
0.000000000
  0
LINE
  5
10AC
330
A02
100
AcDbEntity
  8
V_01_Base_Sensor_Sun_Gear_0
100
AcDbLine
 10
205.421294139
 20
142.500000000
 30
0.000000000
 11
205.421294139
 21
154.500000000
 31
0.000000000
  0
LINE
  5
10AD
330
A02
100
AcDbEntity
  8
V_01_Base_Sensor_Sun_Gear_0
100
AcDbLine
 10
203.866534548
 20
142.500000000
 30
0.000000000
 11
203.866534548
 21
154.500000000
 31
0.000000000
  0
LINE
  5
10AE
330
A02
100
AcDbEntity
  8
V_01_Base_Sensor_Sun_Gear_0
100
AcDbLine
 10
202.365946968
 20
142.500000000
 30
0.000000000
 11
202.365946968
 21
154.500000000
 31
0.000000000
  0
LINE
  5
10AF
330
A02
100
AcDbEntity
  8
V_01_Base_Sensor_Sun_Gear_0
100
AcDbLine
 10
201.462322311
 20
142.500000000
 30
0.000000000
 11
201.462322311
 21
154.500000000
 31
0.000000000
  0
LINE
  5
10B0
330
A02
100
AcDbEntity
  8
V_01_Base_Sensor_Sun_Gear_0
100
AcDbLine
 10
200.424207725
 20
142.500000000
 30
0.000000000
 11
200.424207725
 21
154.500000000
 31
0.000000000
  0
LINE
  5
10B1
330
A02
100
AcDbEntity
  8
V_01_Base_Sensor_Sun_Gear_0
100
AcDbLine
 10
198.595539489
 20
142.500000000
 30
0.000000000
 11
198.595539489
 21
154.500000000
 31
0.000000000
  0
LINE
  5
10B2
330
A02
100
AcDbEntity
  8
V_01_Base_Sensor_Sun_Gear_0
100
AcDbLine
 10
197.762763500
 20
142.500000000
 30
0.000000000
 11
197.762763500
 21
154.500000000
 31
0.000000000
  0
LINE
  5
10B3
330
A02
100
AcDbEntity
  8
V_01_Base_Sensor_Sun_Gear_0
100
AcDbLine
 10
197.272836505
 20
142.500000000
 30
0.000000000
 11
197.272836505
 21
154.500000000
 31
0.000000000
  0
LINE
  5
10B4
330
A02
100
AcDbEntity
  8
V_01_Base_Sensor_Sun_Gear_0
100
AcDbLine
 10
195.171650772
 20
142.500000000
 30
0.000000000
 11
195.171650772
 21
154.500000000
 31
0.000000000
  0
LINE
  5
10B5
330
A02
100
AcDbEntity
  8
V_01_Base_Sensor_Sun_Gear_0
100
AcDbLine
 10
194.435026927
 20
142.500000000
 30
0.000000000
 11
194.435026927
 21
154.500000000
 31
0.000000000
  0
LINE
  5
10B6
330
A02
100
AcDbEntity
  8
V_01_Base_Sensor_Sun_Gear_0
100
AcDbLine
 10
192.198313942
 20
142.500000000
 30
0.000000000
 11
192.198313942
 21
154.500000000
 31
0.000000000
  0
LINE
  5
10B7
330
A02
100
AcDbEntity
  8
V_01_Base_Sensor_Sun_Gear_0
100
AcDbLine
 10
191.580224185
 20
142.500000000
 30
0.000000000
 11
191.580224185
 21
154.500000000
 31
0.000000000
  0
LINE
  5
10B8
330
A02
100
AcDbEntity
  8
V_01_Base_Sensor_Sun_Gear_0
100
AcDbLine
 10
189.765872336
 20
142.500000000
 30
0.000000000
 11
189.765872336
 21
154.500000000
 31
0.000000000
  0
LINE
  5
10B9
330
A02
100
AcDbEntity
  8
V_01_Base_Sensor_Sun_Gear_0
100
AcDbLine
 10
189.285097010
 20
142.500000000
 30
0.000000000
 11
189.285097010
 21
154.500000000
 31
0.000000000
  0
LINE
  5
10BA
330
A02
100
AcDbEntity
  8
V_01_Base_Sensor_Sun_Gear_0
100
AcDbLine
 10
187.948234459
 20
142.500000000
 30
0.000000000
 11
187.948234459
 21
154.500000000
 31
0.000000000
  0
LINE
  5
10BB
330
A02
100
AcDbEntity
  8
V_01_Base_Sensor_Sun_Gear_0
100
AcDbLine
 10
187.619381680
 20
142.500000000
 30
0.000000000
 11
187.619381680
 21
154.500000000
 31
0.000000000
  0
LINE
  5
10BC
330
A02
100
AcDbEntity
  8
V_01_Base_Sensor_Sun_Gear_0
100
AcDbLine
 10
186.800628320
 20
142.500000000
 30
0.000000000
 11
186.800628320
 21
154.500000000
 31
0.000000000
  0
LINE
  5
10BD
330
A02
100
AcDbEntity
  8
V_01_Base_Sensor_Sun_Gear_0
100
AcDbLine
 10
186.633690113
 20
142.500000000
 30
0.000000000
 11
186.633690113
 21
154.500000000
 31
0.000000000
  0
LINE
  5
10BE
330
A02
100
AcDbEntity
  8
V_01_Base_Sensor_Sun_Gear_0
100
AcDbLine
 10
186.357923350
 20
142.500000000
 30
0.000000000
 11
186.357923350
 21
154.500000000
 31
0.000000000
  0
LINE
  5
10BF
330
A02
100
AcDbEntity
  8
V_01_Base_Sensor_Sun_Gear_0
100
AcDbLine
 10
233.646941105
 20
154.500000000
 30
0.000000000
 11
233.646941105
 21
142.500000000
 31
0.000000000
  0
SPLINE
  5
10C0
330
A02
100
AcDbEntity
  8
V_01_Base_Sensor_Sun_Gear_0
100
AcDbSpline
210
0
220
0
230
1
 70
8
 71
1
 72
4
 73
2
 74
0
 40
0.000000000
 40
0.000000000
 40
1.000000000
 40
1.000000000
 10
218.583258819
 20
142.500000000
 30
0.000000000
 10
218.583258819
 20
154.500000000
 30
0.000000000
  0
SPLINE
  5
10C1
330
A02
100
AcDbEntity
  8
V_01_Base_Sensor_Sun_Gear_0
100
AcDbSpline
210
0
220
0
230
1
 70
8
 71
1
 72
4
 73
2
 74
0
 40
0.000000000
 40
0.000000000
 40
1.000000000
 40
1.000000000
 10
214.892183535
 20
142.500000000
 30
0.000000000
 10
214.892183535
 20
154.500000000
 30
0.000000000
  0
SPLINE
  5
10C2
330
A02
100
AcDbEntity
  8
V_01_Base_Sensor_Sun_Gear_0
100
AcDbSpline
210
0
220
0
230
1
 70
8
 71
1
 72
4
 73
2
 74
0
 40
0.000000000
 40
0.000000000
 40
1.000000000
 40
1.000000000
 10
205.107820952
 20
142.500000000
 30
0.000000000
 10
205.107820952
 20
154.500000000
 30
0.000000000
  0
SPLINE
  5
10C3
330
A02
100
AcDbEntity
  8
V_01_Base_Sensor_Sun_Gear_0
100
AcDbSpline
210
0
220
0
230
1
 70
8
 71
1
 72
4
 73
2
 74
0
 40
0.000000000
 40
0.000000000
 40
1.000000000
 40
1.000000000
 10
201.416875431
 20
142.500000000
 30
0.000000000
 10
201.416875431
 20
154.500000000
 30
0.000000000
  0
LINE
  5
10C4
330
A02
100
AcDbEntity
  8
V_01_Base_Sensor_Sun_Gear_0
100
AcDbLine
 10
186.353058895
 20
154.500000000
 30
0.000000000
 11
186.353058895
 21
142.500000000
 31
0.000000000
  0
LINE
  5
10C5
330
A02
100
AcDbEntity
  8
V_01_Base_Sensor_Sun_Gear_0
100
AcDbLine
 10
218.966527636
 20
142.500000000
 30
0.000000000
 11
218.966527636
 21
154.500000000
 31
0.000000000
  0
LINE
  5
10C6
330
A02
100
AcDbEntity
  8
V_01_Base_Sensor_Sun_Gear_0
100
AcDbLine
 10
218.642880309
 20
142.500000000
 30
0.000000000
 11
218.642880309
 21
154.500000000
 31
0.000000000
  0
LINE
  5
10C7
330
A02
100
AcDbEntity
  8
V_01_Base_Sensor_Sun_Gear_0
100
AcDbLine
 10
215.564628122
 20
142.500000000
 30
0.000000000
 11
215.564628122
 21
154.500000000
 31
0.000000000
  0
LINE
  5
10C8
330
A02
100
AcDbEntity
  8
V_01_Base_Sensor_Sun_Gear_0
100
AcDbLine
 10
215.219690877
 20
142.500000000
 30
0.000000000
 11
215.219690877
 21
154.500000000
 31
0.000000000
  0
LINE
  5
10C9
330
A02
100
AcDbEntity
  8
V_01_Base_Sensor_Sun_Gear_0
100
AcDbLine
 10
211.993650198
 20
142.500000000
 30
0.000000000
 11
211.993650198
 21
154.500000000
 31
0.000000000
  0
LINE
  5
10CA
330
A02
100
AcDbEntity
  8
V_01_Base_Sensor_Sun_Gear_0
100
AcDbLine
 10
211.637903778
 20
142.500000000
 30
0.000000000
 11
211.637903778
 21
154.500000000
 31
0.000000000
  0
LINE
  5
10CB
330
A02
100
AcDbEntity
  8
V_01_Base_Sensor_Sun_Gear_0
100
AcDbLine
 10
208.362096222
 20
142.500000000
 30
0.000000000
 11
208.362096222
 21
154.500000000
 31
0.000000000
  0
LINE
  5
10CC
330
A02
100
AcDbEntity
  8
V_01_Base_Sensor_Sun_Gear_0
100
AcDbLine
 10
208.006349802
 20
142.500000000
 30
0.000000000
 11
208.006349802
 21
154.500000000
 31
0.000000000
  0
LINE
  5
10CD
330
A02
100
AcDbEntity
  8
V_01_Base_Sensor_Sun_Gear_0
100
AcDbLine
 10
204.780309123
 20
142.500000000
 30
0.000000000
 11
204.780309123
 21
154.500000000
 31
0.000000000
  0
LINE
  5
10CE
330
A02
100
AcDbEntity
  8
V_01_Base_Sensor_Sun_Gear_0
100
AcDbLine
 10
204.435371878
 20
142.500000000
 30
0.000000000
 11
204.435371878
 21
154.500000000
 31
0.000000000
  0
LINE
  5
10CF
330
A02
100
AcDbEntity
  8
V_01_Base_Sensor_Sun_Gear_0
100
AcDbLine
 10
201.357119691
 20
142.500000000
 30
0.000000000
 11
201.357119691
 21
154.500000000
 31
0.000000000
  0
LINE
  5
10D0
330
A02
100
AcDbEntity
  8
V_01_Base_Sensor_Sun_Gear_0
100
AcDbLine
 10
201.033472364
 20
142.500000000
 30
0.000000000
 11
201.033472364
 21
154.500000000
 31
0.000000000
  0
ARC
  5
10D1
330
A02
100
AcDbEntity
  8
V_01_Base_Sensor_Sun_Gear_1
100
AcDbCircle
 10
231.243550448
 20
146.825171303
 30
0.000000000
 40
0.475000000
100
AcDbArc
 50
91.627286015
 51
175.541518699
  0
ARC
  5
10D2
330
A02
100
AcDbEntity
  8
V_01_Base_Sensor_Sun_Gear_1
100
AcDbCircle
 10
209.999971509
 20
148.501402381
 30
0.000000000
 40
23.646969597
100
AcDbArc
 50
-1.167985767
 51
1.162182756
  0
ARC
  5
10D3
330
A02
100
AcDbEntity
  8
V_01_Base_Sensor_Sun_Gear_1
100
AcDbCircle
 10
210.000000000
 20
148.500000000
 30
0.000000000
 40
20.834469597
100
AcDbArc
 50
-5.491034285
 51
-4.508965715
  0
ARC
  5
10D4
330
A02
100
AcDbEntity
  8
V_01_Base_Sensor_Sun_Gear_1
100
AcDbCircle
 10
231.211644063
 20
146.460479727
 30
0.000000000
 40
0.475000000
100
AcDbArc
 50
174.458392082
 51
-101.625246843
  0
ARC
  5
10D5
330
A02
100
AcDbEntity
  8
V_01_Base_Sensor_Sun_Gear_1
100
AcDbCircle
 10
231.243550506
 20
150.174827959
 30
0.000000000
 40
0.475000000
100
AcDbArc
 50
-175.541607918
 51
-91.625246843
  0
ARC
  5
10D6
330
A02
100
AcDbEntity
  8
V_01_Base_Sensor_Sun_Gear_1
100
AcDbCircle
 10
210.000000000
 20
148.500000000
 30
0.000000000
 40
20.834469597
100
AcDbArc
 50
4.508965715
 51
5.491034285
  0
ARC
  5
10D7
330
A02
100
AcDbEntity
  8
V_01_Base_Sensor_Sun_Gear_1
100
AcDbCircle
 10
210.000215463
 20
148.501386023
 30
0.000000000
 40
23.646969597
100
AcDbArc
 50
-11.167985767
 51
-8.837817244
  0
ARC
  5
10D8
330
A02
100
AcDbEntity
  8
V_01_Base_Sensor_Sun_Gear_1
100
AcDbCircle
 10
231.211644134
 20
150.539519537
 30
0.000000000
 40
0.475000000
100
AcDbArc
 50
101.627286015
 51
-174.458481301
  0
ARC
  5
10D9
330
A02
100
AcDbEntity
  8
V_01_Base_Sensor_Sun_Gear_1
100
AcDbCircle
 10
230.629982232
 20
143.161711892
 30
0.000000000
 40
0.475000000
100
AcDbArc
 50
81.627286015
 51
165.541518699
  0
ARC
  5
10DA
330
A02
100
AcDbEntity
  8
V_01_Base_Sensor_Sun_Gear_1
100
AcDbCircle
 10
209.999728421
 20
148.501376128
 30
0.000000000
 40
23.646969597
100
AcDbArc
 50
8.832014233
 51
11.162182756
  0
ARC
  5
10DB
330
A02
100
AcDbEntity
  8
V_01_Base_Sensor_Sun_Gear_1
100
AcDbCircle
 10
210.000000000
 20
148.500000000
 30
0.000000000
 40
20.834469597
100
AcDbArc
 50
-15.491034285
 51
-14.508965715
  0
ARC
  5
10DC
330
A02
100
AcDbEntity
  8
V_01_Base_Sensor_Sun_Gear_1
100
AcDbCircle
 10
230.535232548
 20
142.808101286
 30
0.000000000
 40
0.475000000
100
AcDbArc
 50
164.458392082
 51
-111.625246843
  0
ARC
  5
10DD
330
A02
100
AcDbEntity
  8
V_01_Base_Sensor_Sun_Gear_1
100
AcDbCircle
 10
230.629982417
 20
153.838287392
 30
0.000000000
 40
0.475000000
100
AcDbArc
 50
-165.541607918
 51
-81.625246843
  0
ARC
  5
10DE
330
A02
100
AcDbEntity
  8
V_01_Base_Sensor_Sun_Gear_1
100
AcDbCircle
 10
210.000000000
 20
148.500000000
 30
0.000000000
 40
20.834469597
100
AcDbArc
 50
14.508965715
 51
15.491034285
  0
ARC
  5
10DF
330
A02
100
AcDbEntity
  8
V_01_Base_Sensor_Sun_Gear_1
100
AcDbCircle
 10
210.000452870
 20
148.501327552
 30
0.000000000
 40
23.646969597
100
AcDbArc
 50
-21.167985767
 51
-18.837817244
  0
ARC
  5
10E0
330
A02
100
AcDbEntity
  8
V_01_Base_Sensor_Sun_Gear_1
100
AcDbCircle
 10
230.535232746
 20
154.191898002
 30
0.000000000
 40
0.475000000
100
AcDbArc
 50
111.627286015
 51
-164.458481301
  0
ARC
  5
10E1
330
A02
100
AcDbEntity
  8
V_01_Base_Sensor_Sun_Gear_1
100
AcDbCircle
 10
229.389582445
 20
139.660453663
 30
0.000000000
 40
0.475000000
100
AcDbArc
 50
71.627286015
 51
155.541518699
  0
ARC
  5
10E2
330
A02
100
AcDbEntity
  8
V_01_Base_Sensor_Sun_Gear_1
100
AcDbCircle
 10
209.999493584
 20
148.501308063
 30
0.000000000
 40
23.646969597
100
AcDbArc
 50
18.832014233
 51
21.162182756
  0
ARC
  5
10E3
330
A02
100
AcDbEntity
  8
V_01_Base_Sensor_Sun_Gear_1
100
AcDbCircle
 10
210.000000000
 20
148.500000000
 30
0.000000000
 40
20.834469597
100
AcDbArc
 50
-25.491034285
 51
-24.508965715
  0
ARC
  5
10E4
330
A02
100
AcDbEntity
  8
V_01_Base_Sensor_Sun_Gear_1
100
AcDbCircle
 10
229.234868384
 20
139.328668307
 30
0.000000000
 40
0.475000000
100
AcDbArc
 50
154.458392082
 51
-121.625246843
  0
ARC
  5
10E5
330
A02
100
AcDbEntity
  8
V_01_Base_Sensor_Sun_Gear_1
100
AcDbCircle
 10
229.389582751
 20
157.339545663
 30
0.000000000
 40
0.475000000
100
AcDbArc
 50
-155.541607918
 51
-71.625246843
  0
ARC
  5
10E6
330
A02
100
AcDbEntity
  8
V_01_Base_Sensor_Sun_Gear_1
100
AcDbCircle
 10
210.000000000
 20
148.500000000
 30
0.000000000
 40
20.834469597
100
AcDbArc
 50
24.508965715
 51
25.491034285
  0
ARC
  5
10E7
330
A02
100
AcDbEntity
  8
V_01_Base_Sensor_Sun_Gear_1
100
AcDbCircle
 10
210.000676516
 20
148.501228743
 30
0.000000000
 40
23.646969597
100
AcDbArc
 50
-31.167985767
 51
-28.837817244
  0
ARC
  5
10E8
330
A02
100
AcDbEntity
  8
V_01_Base_Sensor_Sun_Gear_1
100
AcDbCircle
 10
229.234868703
 20
157.671331026
 30
0.000000000
 40
0.475000000
100
AcDbArc
 50
121.627286015
 51
-154.458481301
  0
ARC
  5
10E9
330
A02
100
AcDbEntity
  8
V_01_Base_Sensor_Sun_Gear_1
100
AcDbCircle
 10
227.560040006
 20
136.427780577
 30
0.000000000
 40
0.475000000
100
AcDbArc
 50
61.627286015
 51
145.541518699
  0
ARC
  5
10EA
330
A02
100
AcDbEntity
  8
V_01_Base_Sensor_Sun_Gear_1
100
AcDbCircle
 10
209.999274135
 20
148.501200252
 30
0.000000000
 40
23.646969597
100
AcDbArc
 50
28.832014233
 51
31.162182756
  0
ARC
  5
10EB
330
A02
100
AcDbEntity
  8
V_01_Base_Sensor_Sun_Gear_1
100
AcDbCircle
 10
210.000000000
 20
148.500000000
 30
0.000000000
 40
20.834469597
100
AcDbArc
 50
-35.491034285
 51
-34.508965715
  0
ARC
  5
10EC
330
A02
100
AcDbEntity
  8
V_01_Base_Sensor_Sun_Gear_1
100
AcDbCircle
 10
227.350062478
 20
136.127901601
 30
0.000000000
 40
0.475000000
100
AcDbArc
 50
144.458392082
 51
-131.625246843
  0
ARC
  5
10ED
330
A02
100
AcDbEntity
  8
V_01_Base_Sensor_Sun_Gear_1
100
AcDbCircle
 10
227.560040425
 20
160.572218813
 30
0.000000000
 40
0.475000000
100
AcDbArc
 50
-145.541607918
 51
-61.625246843
  0
ARC
  5
10EE
330
A02
100
AcDbEntity
  8
V_01_Base_Sensor_Sun_Gear_1
100
AcDbCircle
 10
210.000000000
 20
148.500000000
 30
0.000000000
 40
20.834469597
100
AcDbArc
 50
34.508965715
 51
35.491034285
  0
ARC
  5
10EF
330
A02
100
AcDbEntity
  8
V_01_Base_Sensor_Sun_Gear_1
100
AcDbCircle
 10
210.000879608
 20
148.501092600
 30
0.000000000
 40
23.646969597
100
AcDbArc
 50
-41.167985767
 51
-38.837817244
  0
ARC
  5
10F0
330
A02
100
AcDbEntity
  8
V_01_Base_Sensor_Sun_Gear_1
100
AcDbCircle
 10
227.350062908
 20
160.872097798
 30
0.000000000
 40
0.475000000
100
AcDbArc
 50
131.627286015
 51
-144.458481301
  0
ARC
  5
10F1
330
A02
100
AcDbEntity
  8
V_01_Base_Sensor_Sun_Gear_1
100
AcDbCircle
 10
225.196944638
 20
133.561915770
 30
0.000000000
 40
0.475000000
100
AcDbArc
 50
51.627286015
 51
135.541518699
  0
ARC
  5
10F2
330
A02
100
AcDbEntity
  8
V_01_Base_Sensor_Sun_Gear_1
100
AcDbCircle
 10
209.999076741
 20
148.501055973
 30
0.000000000
 40
23.646969597
100
AcDbArc
 50
38.832014233
 51
41.162182756
  0
ARC
  5
10F3
330
A02
100
AcDbEntity
  8
V_01_Base_Sensor_Sun_Gear_1
100
AcDbCircle
 10
210.000000000
 20
148.500000000
 30
0.000000000
 40
20.834469597
100
AcDbArc
 50
-45.491034285
 51
-44.508965715
  0
ARC
  5
10F4
330
A02
100
AcDbEntity
  8
V_01_Base_Sensor_Sun_Gear_1
100
AcDbCircle
 10
224.938083702
 20
133.303054844
 30
0.000000000
 40
0.475000000
100
AcDbArc
 50
134.458392082
 51
-141.625246843
  0
ARC
  5
10F5
330
A02
100
AcDbEntity
  8
V_01_Base_Sensor_Sun_Gear_1
100
AcDbCircle
 10
225.196945156
 20
163.438083702
 30
0.000000000
 40
0.475000000
100
AcDbArc
 50
-135.541607918
 51
-51.625246843
  0
ARC
  5
10F6
330
A02
100
AcDbEntity
  8
V_01_Base_Sensor_Sun_Gear_1
100
AcDbCircle
 10
210.000000000
 20
148.500000000
 30
0.000000000
 40
20.834469597
100
AcDbArc
 50
44.508965715
 51
45.491034285
  0
ARC
  5
10F7
330
A02
100
AcDbEntity
  8
V_01_Base_Sensor_Sun_Gear_1
100
AcDbCircle
 10
210.001055973
 20
148.500923259
 30
0.000000000
 40
23.646969597
100
AcDbArc
 50
-51.167985767
 51
-48.837817244
  0
ARC
  5
10F8
330
A02
100
AcDbEntity
  8
V_01_Base_Sensor_Sun_Gear_1
100
AcDbCircle
 10
224.938084230
 20
163.696944638
 30
0.000000000
 40
0.475000000
100
AcDbArc
 50
141.627286015
 51
-134.458481301
  0
ARC
  5
10F9
330
A02
100
AcDbEntity
  8
V_01_Base_Sensor_Sun_Gear_1
100
AcDbCircle
 10
222.372097798
 20
131.149937092
 30
0.000000000
 40
0.475000000
100
AcDbArc
 50
41.627286015
 51
125.541518699
  0
ARC
  5
10FA
330
A02
100
AcDbEntity
  8
V_01_Base_Sensor_Sun_Gear_1
100
AcDbCircle
 10
209.998907400
 20
148.500879608
 30
0.000000000
 40
23.646969597
100
AcDbArc
 50
48.832014233
 51
51.162182756
  0
ARC
  5
10FB
330
A02
100
AcDbEntity
  8
V_01_Base_Sensor_Sun_Gear_1
100
AcDbCircle
 10
210.000000000
 20
148.500000000
 30
0.000000000
 40
20.834469597
100
AcDbArc
 50
-55.491034285
 51
-54.508965715
  0
ARC
  5
10FC
330
A02
100
AcDbEntity
  8
V_01_Base_Sensor_Sun_Gear_1
100
AcDbCircle
 10
222.072218813
 20
130.939959575
 30
0.000000000
 40
0.475000000
100
AcDbArc
 50
124.458392082
 51
-151.625246843
  0
ARC
  5
10FD
330
A02
100
AcDbEntity
  8
V_01_Base_Sensor_Sun_Gear_1
100
AcDbCircle
 10
222.372098399
 20
165.850062478
 30
0.000000000
 40
0.475000000
100
AcDbArc
 50
-125.541607918
 51
-41.625246843
  0
ARC
  5
10FE
330
A02
100
AcDbEntity
  8
V_01_Base_Sensor_Sun_Gear_1
100
AcDbCircle
 10
210.000000000
 20
148.500000000
 30
0.000000000
 40
20.834469597
100
AcDbArc
 50
54.508965715
 51
55.491034285
  0
ARC
  5
10FF
330
A02
100
AcDbEntity
  8
V_01_Base_Sensor_Sun_Gear_1
100
AcDbCircle
 10
210.001200252
 20
148.500725865
 30
0.000000000
 40
23.646969597
100
AcDbArc
 50
-61.167985767
 51
-58.837817244
  0
ARC
  5
1100
330
A02
100
AcDbEntity
  8
V_01_Base_Sensor_Sun_Gear_1
100
AcDbCircle
 10
222.072219423
 20
166.060040006
 30
0.000000000
 40
0.475000000
100
AcDbArc
 50
151.627286015
 51
-124.458481301
  0
ARC
  5
1101
330
A02
100
AcDbEntity
  8
V_01_Base_Sensor_Sun_Gear_1
100
AcDbCircle
 10
219.171331026
 20
129.265131297
 30
0.000000000
 40
0.475000000
100
AcDbArc
 50
31.627286015
 51
115.541518699
  0
ARC
  5
1102
330
A02
100
AcDbEntity
  8
V_01_Base_Sensor_Sun_Gear_1
100
AcDbCircle
 10
209.998771257
 20
148.500676516
 30
0.000000000
 40
23.646969597
100
AcDbArc
 50
58.832014233
 51
61.162182756
  0
ARC
  5
1103
330
A02
100
AcDbEntity
  8
V_01_Base_Sensor_Sun_Gear_1
100
AcDbCircle
 10
210.000000000
 20
148.500000000
 30
0.000000000
 40
20.834469597
100
AcDbArc
 50
-65.491034285
 51
-64.508965715
  0
ARC
  5
1104
330
A02
100
AcDbEntity
  8
V_01_Base_Sensor_Sun_Gear_1
100
AcDbCircle
 10
218.839545663
 20
129.110417249
 30
0.000000000
 40
0.475000000
100
AcDbArc
 50
114.458392082
 51
-161.625246843
  0
ARC
  5
1105
330
A02
100
AcDbEntity
  8
V_01_Base_Sensor_Sun_Gear_1
100
AcDbCircle
 10
219.171331693
 20
167.734868384
 30
0.000000000
 40
0.475000000
100
AcDbArc
 50
-115.541607918
 51
-31.625246843
  0
ARC
  5
1106
330
A02
100
AcDbEntity
  8
V_01_Base_Sensor_Sun_Gear_1
100
AcDbCircle
 10
210.000000000
 20
148.500000000
 30
0.000000000
 40
20.834469597
100
AcDbArc
 50
64.508965715
 51
65.491034285
  0
ARC
  5
1107
330
A02
100
AcDbEntity
  8
V_01_Base_Sensor_Sun_Gear_1
100
AcDbCircle
 10
210.001308063
 20
148.500506416
 30
0.000000000
 40
23.646969597
100
AcDbArc
 50
-71.167985767
 51
-68.837817244
  0
ARC
  5
1108
330
A02
100
AcDbEntity
  8
V_01_Base_Sensor_Sun_Gear_1
100
AcDbCircle
 10
218.839546337
 20
167.889582445
 30
0.000000000
 40
0.475000000
100
AcDbArc
 50
161.627286015
 51
-114.458481301
  0
ARC
  5
1109
330
A02
100
AcDbEntity
  8
V_01_Base_Sensor_Sun_Gear_1
100
AcDbCircle
 10
215.691898002
 20
127.964767254
 30
0.000000000
 40
0.475000000
100
AcDbArc
 50
21.627286015
 51
105.541518699
  0
ARC
  5
110A
330
A02
100
AcDbEntity
  8
V_01_Base_Sensor_Sun_Gear_1
100
AcDbCircle
 10
209.998672448
 20
148.500452870
 30
0.000000000
 40
23.646969597
100
AcDbArc
 50
68.832014233
 51
71.162182756
  0
ARC
  5
110B
330
A02
100
AcDbEntity
  8
V_01_Base_Sensor_Sun_Gear_1
100
AcDbCircle
 10
210.000000000
 20
148.500000000
 30
0.000000000
 40
20.834469597
100
AcDbArc
 50
-75.491034285
 51
-74.508965715
  0
ARC
  5
110C
330
A02
100
AcDbEntity
  8
V_01_Base_Sensor_Sun_Gear_1
100
AcDbCircle
 10
215.338287392
 20
127.870017583
 30
0.000000000
 40
0.475000000
100
AcDbArc
 50
104.458392082
 51
-171.625246843
  0
ARC
  5
110D
330
A02
100
AcDbEntity
  8
V_01_Base_Sensor_Sun_Gear_1
100
AcDbCircle
 10
215.691898714
 20
169.035232548
 30
0.000000000
 40
0.475000000
100
AcDbArc
 50
-105.541607918
 51
-21.625246843
  0
ARC
  5
110E
330
A02
100
AcDbEntity
  8
V_01_Base_Sensor_Sun_Gear_1
100
AcDbCircle
 10
210.000000000
 20
148.500000000
 30
0.000000000
 40
20.834469597
100
AcDbArc
 50
74.508965715
 51
75.491034285
  0
ARC
  5
110F
330
A02
100
AcDbEntity
  8
V_01_Base_Sensor_Sun_Gear_1
100
AcDbCircle
 10
210.001376128
 20
148.500271579
 30
0.000000000
 40
23.646969597
100
AcDbArc
 50
-81.167985767
 51
-78.837817244
  0
ARC
  5
1110
330
A02
100
AcDbEntity
  8
V_01_Base_Sensor_Sun_Gear_1
100
AcDbCircle
 10
215.338288108
 20
169.129982232
 30
0.000000000
 40
0.475000000
100
AcDbArc
 50
171.627286015
 51
-104.458481301
  0
ARC
  5
1111
330
A02
100
AcDbEntity
  8
V_01_Base_Sensor_Sun_Gear_1
100
AcDbCircle
 10
212.039519537
 20
127.288355866
 30
0.000000000
 40
0.475000000
100
AcDbArc
 50
11.627286015
 51
95.541518699
  0
ARC
  5
1112
330
A02
100
AcDbEntity
  8
V_01_Base_Sensor_Sun_Gear_1
100
AcDbCircle
 10
209.998613977
 20
148.500215463
 30
0.000000000
 40
23.646969597
100
AcDbArc
 50
78.832014233
 51
81.162182756
  0
ARC
  5
1113
330
A02
100
AcDbEntity
  8
V_01_Base_Sensor_Sun_Gear_1
100
AcDbCircle
 10
210.000000000
 20
148.500000000
 30
0.000000000
 40
20.834469597
100
AcDbArc
 50
-85.491034285
 51
-84.508965715
  0
ARC
  5
1114
330
A02
100
AcDbEntity
  8
V_01_Base_Sensor_Sun_Gear_1
100
AcDbCircle
 10
211.674827959
 20
127.256449494
 30
0.000000000
 40
0.475000000
100
AcDbArc
 50
94.458392082
 51
178.374753157
  0
ARC
  5
1115
330
A02
100
AcDbEntity
  8
V_01_Base_Sensor_Sun_Gear_1
100
AcDbCircle
 10
212.039520273
 20
169.711644063
 30
0.000000000
 40
0.475000000
100
AcDbArc
 50
-95.541607918
 51
-11.625246843
  0
ARC
  5
1116
330
A02
100
AcDbEntity
  8
V_01_Base_Sensor_Sun_Gear_1
100
AcDbCircle
 10
210.000000000
 20
148.500000000
 30
0.000000000
 40
20.834469597
100
AcDbArc
 50
84.508965715
 51
85.491034285
  0
ARC
  5
1117
330
A02
100
AcDbEntity
  8
V_01_Base_Sensor_Sun_Gear_1
100
AcDbCircle
 10
210.001402381
 20
148.500028491
 30
0.000000000
 40
23.646969597
100
AcDbArc
 50
-91.167985767
 51
-88.837817244
  0
ARC
  5
1118
330
A02
100
AcDbEntity
  8
V_01_Base_Sensor_Sun_Gear_1
100
AcDbCircle
 10
211.674828697
 20
169.743550448
 30
0.000000000
 40
0.475000000
100
AcDbArc
 50
-178.372713985
 51
-94.458481301
  0
ARC
  5
1119
330
A02
100
AcDbEntity
  8
V_01_Base_Sensor_Sun_Gear_1
100
AcDbCircle
 10
208.325171303
 20
127.256449552
 30
0.000000000
 40
0.475000000
100
AcDbArc
 50
1.627286015
 51
85.541518699
  0
ARC
  5
111A
330
A02
100
AcDbEntity
  8
V_01_Base_Sensor_Sun_Gear_1
100
AcDbCircle
 10
209.998597619
 20
148.499971509
 30
0.000000000
 40
23.646969597
100
AcDbArc
 50
88.832014233
 51
91.162182756
  0
ARC
  5
111B
330
A02
100
AcDbEntity
  8
V_01_Base_Sensor_Sun_Gear_1
100
AcDbCircle
 10
210.000000000
 20
148.500000000
 30
0.000000000
 40
20.834469597
100
AcDbArc
 50
-95.491034285
 51
-94.508965715
  0
ARC
  5
111C
330
A02
100
AcDbEntity
  8
V_01_Base_Sensor_Sun_Gear_1
100
AcDbCircle
 10
207.960479727
 20
127.288355937
 30
0.000000000
 40
0.475000000
100
AcDbArc
 50
84.458392082
 51
168.374753157
  0
ARC
  5
111D
330
A02
100
AcDbEntity
  8
V_01_Base_Sensor_Sun_Gear_1
100
AcDbCircle
 10
208.325172041
 20
169.743550506
 30
0.000000000
 40
0.475000000
100
AcDbArc
 50
-85.541607918
 51
-1.625246843
  0
ARC
  5
111E
330
A02
100
AcDbEntity
  8
V_01_Base_Sensor_Sun_Gear_1
100
AcDbCircle
 10
210.000000000
 20
148.500000000
 30
0.000000000
 40
20.834469597
100
AcDbArc
 50
94.508965715
 51
95.491034285
  0
ARC
  5
111F
330
A02
100
AcDbEntity
  8
V_01_Base_Sensor_Sun_Gear_1
100
AcDbCircle
 10
210.001386023
 20
148.499784537
 30
0.000000000
 40
23.646969597
100
AcDbArc
 50
-101.167985767
 51
-98.837817244
  0
ARC
  5
1120
330
A02
100
AcDbEntity
  8
V_01_Base_Sensor_Sun_Gear_1
100
AcDbCircle
 10
207.960480463
 20
169.711644134
 30
0.000000000
 40
0.475000000
100
AcDbArc
 50
-168.372713985
 51
-84.458481301
  0
ARC
  5
1121
330
A02
100
AcDbEntity
  8
V_01_Base_Sensor_Sun_Gear_1
100
AcDbCircle
 10
204.661711892
 20
127.870017768
 30
0.000000000
 40
0.475000000
100
AcDbArc
 50
-8.372713985
 51
75.541518699
  0
ARC
  5
1122
330
A02
100
AcDbEntity
  8
V_01_Base_Sensor_Sun_Gear_1
100
AcDbCircle
 10
209.998623872
 20
148.499728421
 30
0.000000000
 40
23.646969597
100
AcDbArc
 50
98.832014233
 51
101.162182756
  0
ARC
  5
1123
330
A02
100
AcDbEntity
  8
V_01_Base_Sensor_Sun_Gear_1
100
AcDbCircle
 10
210.000000000
 20
148.500000000
 30
0.000000000
 40
20.834469597
100
AcDbArc
 50
-105.491034285
 51
-104.508965715
  0
ARC
  5
1124
330
A02
100
AcDbEntity
  8
V_01_Base_Sensor_Sun_Gear_1
100
AcDbCircle
 10
204.308101286
 20
127.964767452
 30
0.000000000
 40
0.475000000
100
AcDbArc
 50
74.458392082
 51
158.374753157
  0
ARC
  5
1125
330
A02
100
AcDbEntity
  8
V_01_Base_Sensor_Sun_Gear_1
100
AcDbCircle
 10
204.661712608
 20
169.129982417
 30
0.000000000
 40
0.475000000
100
AcDbArc
 50
-75.541607918
 51
8.374753157
  0
ARC
  5
1126
330
A02
100
AcDbEntity
  8
V_01_Base_Sensor_Sun_Gear_1
100
AcDbCircle
 10
210.000000000
 20
148.500000000
 30
0.000000000
 40
20.834469597
100
AcDbArc
 50
104.508965715
 51
105.491034285
  0
ARC
  5
1127
330
A02
100
AcDbEntity
  8
V_01_Base_Sensor_Sun_Gear_1
100
AcDbCircle
 10
210.001327552
 20
148.499547130
 30
0.000000000
 40
23.646969597
100
AcDbArc
 50
-111.167985767
 51
-108.837817244
  0
ARC
  5
1128
330
A02
100
AcDbEntity
  8
V_01_Base_Sensor_Sun_Gear_1
100
AcDbCircle
 10
204.308101998
 20
169.035232746
 30
0.000000000
 40
0.475000000
100
AcDbArc
 50
-158.372713985
 51
-74.458481301
  0
ARC
  5
1129
330
A02
100
AcDbEntity
  8
V_01_Base_Sensor_Sun_Gear_1
100
AcDbCircle
 10
201.160453663
 20
129.110417555
 30
0.000000000
 40
0.475000000
100
AcDbArc
 50
-18.372713985
 51
65.541518699
  0
ARC
  5
112A
330
A02
100
AcDbEntity
  8
V_01_Base_Sensor_Sun_Gear_1
100
AcDbCircle
 10
209.998691937
 20
148.499493584
 30
0.000000000
 40
23.646969597
100
AcDbArc
 50
108.832014233
 51
111.162182756
  0
ARC
  5
112B
330
A02
100
AcDbEntity
  8
V_01_Base_Sensor_Sun_Gear_1
100
AcDbCircle
 10
210.000000000
 20
148.500000000
 30
0.000000000
 40
20.834469597
100
AcDbArc
 50
-115.491034285
 51
-114.508965715
  0
ARC
  5
112C
330
A02
100
AcDbEntity
  8
V_01_Base_Sensor_Sun_Gear_1
100
AcDbCircle
 10
200.828668307
 20
129.265131616
 30
0.000000000
 40
0.475000000
100
AcDbArc
 50
64.458392082
 51
148.374753157
  0
ARC
  5
112D
330
A02
100
AcDbEntity
  8
V_01_Base_Sensor_Sun_Gear_1
100
AcDbCircle
 10
201.160454337
 20
167.889582751
 30
0.000000000
 40
0.475000000
100
AcDbArc
 50
-65.541607918
 51
18.374753157
  0
ARC
  5
112E
330
A02
100
AcDbEntity
  8
V_01_Base_Sensor_Sun_Gear_1
100
AcDbCircle
 10
210.000000000
 20
148.500000000
 30
0.000000000
 40
20.834469597
100
AcDbArc
 50
114.508965715
 51
115.491034285
  0
ARC
  5
112F
330
A02
100
AcDbEntity
  8
V_01_Base_Sensor_Sun_Gear_1
100
AcDbCircle
 10
210.001228743
 20
148.499323484
 30
0.000000000
 40
23.646969597
100
AcDbArc
 50
-121.167985767
 51
-118.837817244
  0
ARC
  5
1130
330
A02
100
AcDbEntity
  8
V_01_Base_Sensor_Sun_Gear_1
100
AcDbCircle
 10
200.828668974
 20
167.734868703
 30
0.000000000
 40
0.475000000
100
AcDbArc
 50
-148.372713985
 51
-64.458481301
  0
ARC
  5
1131
330
A02
100
AcDbEntity
  8
V_01_Base_Sensor_Sun_Gear_1
100
AcDbCircle
 10
197.927780577
 20
130.939959994
 30
0.000000000
 40
0.475000000
100
AcDbArc
 50
-28.372713985
 51
55.541518699
  0
ARC
  5
1132
330
A02
100
AcDbEntity
  8
V_01_Base_Sensor_Sun_Gear_1
100
AcDbCircle
 10
209.998799748
 20
148.499274135
 30
0.000000000
 40
23.646969597
100
AcDbArc
 50
118.832014233
 51
121.162182756
  0
ARC
  5
1133
330
A02
100
AcDbEntity
  8
V_01_Base_Sensor_Sun_Gear_1
100
AcDbCircle
 10
210.000000000
 20
148.500000000
 30
0.000000000
 40
20.834469597
100
AcDbArc
 50
-125.491034285
 51
-124.508965715
  0
ARC
  5
1134
330
A02
100
AcDbEntity
  8
V_01_Base_Sensor_Sun_Gear_1
100
AcDbCircle
 10
197.627901601
 20
131.149937522
 30
0.000000000
 40
0.475000000
100
AcDbArc
 50
54.458392082
 51
138.374753157
  0
ARC
  5
1135
330
A02
100
AcDbEntity
  8
V_01_Base_Sensor_Sun_Gear_1
100
AcDbCircle
 10
197.927781187
 20
166.060040425
 30
0.000000000
 40
0.475000000
100
AcDbArc
 50
-55.541607918
 51
28.374753157
  0
ARC
  5
1136
330
A02
100
AcDbEntity
  8
V_01_Base_Sensor_Sun_Gear_1
100
AcDbCircle
 10
210.000000000
 20
148.500000000
 30
0.000000000
 40
20.834469597
100
AcDbArc
 50
124.508965715
 51
125.491034285
  0
ARC
  5
1137
330
A02
100
AcDbEntity
  8
V_01_Base_Sensor_Sun_Gear_1
100
AcDbCircle
 10
210.001092600
 20
148.499120392
 30
0.000000000
 40
23.646969597
100
AcDbArc
 50
-131.167985767
 51
-128.837817244
  0
ARC
  5
1138
330
A02
100
AcDbEntity
  8
V_01_Base_Sensor_Sun_Gear_1
100
AcDbCircle
 10
197.627902202
 20
165.850062908
 30
0.000000000
 40
0.475000000
100
AcDbArc
 50
-138.372713985
 51
-54.458481301
  0
ARC
  5
1139
330
A02
100
AcDbEntity
  8
V_01_Base_Sensor_Sun_Gear_1
100
AcDbCircle
 10
195.061915770
 20
133.303055362
 30
0.000000000
 40
0.475000000
100
AcDbArc
 50
-38.372713985
 51
45.541518699
  0
ARC
  5
113A
330
A02
100
AcDbEntity
  8
V_01_Base_Sensor_Sun_Gear_1
100
AcDbCircle
 10
209.998944027
 20
148.499076741
 30
0.000000000
 40
23.646969597
100
AcDbArc
 50
128.832014233
 51
131.162182756
  0
ARC
  5
113B
330
A02
100
AcDbEntity
  8
V_01_Base_Sensor_Sun_Gear_1
100
AcDbCircle
 10
210.000000000
 20
148.500000000
 30
0.000000000
 40
20.834469597
100
AcDbArc
 50
-135.491034285
 51
-134.508965715
  0
ARC
  5
113C
330
A02
100
AcDbEntity
  8
V_01_Base_Sensor_Sun_Gear_1
100
AcDbCircle
 10
194.803054844
 20
133.561916298
 30
0.000000000
 40
0.475000000
100
AcDbArc
 50
44.458392082
 51
128.374753157
  0
ARC
  5
113D
330
A02
100
AcDbEntity
  8
V_01_Base_Sensor_Sun_Gear_1
100
AcDbCircle
 10
195.061916298
 20
163.696945156
 30
0.000000000
 40
0.475000000
100
AcDbArc
 50
-45.541607918
 51
38.374753157
  0
ARC
  5
113E
330
A02
100
AcDbEntity
  8
V_01_Base_Sensor_Sun_Gear_1
100
AcDbCircle
 10
210.000000000
 20
148.500000000
 30
0.000000000
 40
20.834469597
100
AcDbArc
 50
134.508965715
 51
135.491034285
  0
ARC
  5
113F
330
A02
100
AcDbEntity
  8
V_01_Base_Sensor_Sun_Gear_1
100
AcDbCircle
 10
210.000923259
 20
148.498944027
 30
0.000000000
 40
23.646969597
100
AcDbArc
 50
-141.167985767
 51
-138.837817244
  0
ARC
  5
1140
330
A02
100
AcDbEntity
  8
V_01_Base_Sensor_Sun_Gear_1
100
AcDbCircle
 10
194.803055362
 20
163.438084230
 30
0.000000000
 40
0.475000000
100
AcDbArc
 50
-128.372713985
 51
-44.458481301
  0
ARC
  5
1141
330
A02
100
AcDbEntity
  8
V_01_Base_Sensor_Sun_Gear_1
100
AcDbCircle
 10
192.649937092
 20
136.127902202
 30
0.000000000
 40
0.475000000
100
AcDbArc
 50
-48.372713985
 51
35.541518699
  0
ARC
  5
1142
330
A02
100
AcDbEntity
  8
V_01_Base_Sensor_Sun_Gear_1
100
AcDbCircle
 10
209.999120392
 20
148.498907400
 30
0.000000000
 40
23.646969597
100
AcDbArc
 50
138.832014233
 51
141.162182756
  0
ARC
  5
1143
330
A02
100
AcDbEntity
  8
V_01_Base_Sensor_Sun_Gear_1
100
AcDbCircle
 10
210.000000000
 20
148.500000000
 30
0.000000000
 40
20.834469597
100
AcDbArc
 50
-145.491034285
 51
-144.508965715
  0
ARC
  5
1144
330
A02
100
AcDbEntity
  8
V_01_Base_Sensor_Sun_Gear_1
100
AcDbCircle
 10
192.439959575
 20
136.427781187
 30
0.000000000
 40
0.475000000
100
AcDbArc
 50
34.458392082
 51
118.374753157
  0
ARC
  5
1145
330
A02
100
AcDbEntity
  8
V_01_Base_Sensor_Sun_Gear_1
100
AcDbCircle
 10
192.649937522
 20
160.872098399
 30
0.000000000
 40
0.475000000
100
AcDbArc
 50
-35.541607918
 51
48.374753157
  0
ARC
  5
1146
330
A02
100
AcDbEntity
  8
V_01_Base_Sensor_Sun_Gear_1
100
AcDbCircle
 10
210.000000000
 20
148.500000000
 30
0.000000000
 40
20.834469597
100
AcDbArc
 50
144.508965715
 51
145.491034285
  0
ARC
  5
1147
330
A02
100
AcDbEntity
  8
V_01_Base_Sensor_Sun_Gear_1
100
AcDbCircle
 10
210.000725865
 20
148.498799748
 30
0.000000000
 40
23.646969597
100
AcDbArc
 50
-151.167985767
 51
-148.837817244
  0
ARC
  5
1148
330
A02
100
AcDbEntity
  8
V_01_Base_Sensor_Sun_Gear_1
100
AcDbCircle
 10
192.439959994
 20
160.572219423
 30
0.000000000
 40
0.475000000
100
AcDbArc
 50
-118.372713985
 51
-34.458481301
  0
ARC
  5
1149
330
A02
100
AcDbEntity
  8
V_01_Base_Sensor_Sun_Gear_1
100
AcDbCircle
 10
190.765131297
 20
139.328668974
 30
0.000000000
 40
0.475000000
100
AcDbArc
 50
-58.372713985
 51
25.541518699
  0
ARC
  5
114A
330
A02
100
AcDbEntity
  8
V_01_Base_Sensor_Sun_Gear_1
100
AcDbCircle
 10
209.999323484
 20
148.498771257
 30
0.000000000
 40
23.646969597
100
AcDbArc
 50
148.832014233
 51
151.162182756
  0
ARC
  5
114B
330
A02
100
AcDbEntity
  8
V_01_Base_Sensor_Sun_Gear_1
100
AcDbCircle
 10
210.000000000
 20
148.500000000
 30
0.000000000
 40
20.834469597
100
AcDbArc
 50
-155.491034285
 51
-154.508965715
  0
ARC
  5
114C
330
A02
100
AcDbEntity
  8
V_01_Base_Sensor_Sun_Gear_1
100
AcDbCircle
 10
190.610417249
 20
139.660454337
 30
0.000000000
 40
0.475000000
100
AcDbArc
 50
24.458392082
 51
108.374753157
  0
ARC
  5
114D
330
A02
100
AcDbEntity
  8
V_01_Base_Sensor_Sun_Gear_1
100
AcDbCircle
 10
190.765131616
 20
157.671331693
 30
0.000000000
 40
0.475000000
100
AcDbArc
 50
-25.541607918
 51
58.374753157
  0
ARC
  5
114E
330
A02
100
AcDbEntity
  8
V_01_Base_Sensor_Sun_Gear_1
100
AcDbCircle
 10
210.000000000
 20
148.500000000
 30
0.000000000
 40
20.834469597
100
AcDbArc
 50
154.508965715
 51
155.491034285
  0
ARC
  5
114F
330
A02
100
AcDbEntity
  8
V_01_Base_Sensor_Sun_Gear_1
100
AcDbCircle
 10
210.000506416
 20
148.498691937
 30
0.000000000
 40
23.646969597
100
AcDbArc
 50
-161.167985767
 51
-158.837817244
  0
ARC
  5
1150
330
A02
100
AcDbEntity
  8
V_01_Base_Sensor_Sun_Gear_1
100
AcDbCircle
 10
190.610417555
 20
157.339546337
 30
0.000000000
 40
0.475000000
100
AcDbArc
 50
-108.372713985
 51
-24.458481301
  0
ARC
  5
1151
330
A02
100
AcDbEntity
  8
V_01_Base_Sensor_Sun_Gear_1
100
AcDbCircle
 10
189.464767254
 20
142.808101998
 30
0.000000000
 40
0.475000000
100
AcDbArc
 50
-68.372713985
 51
15.541518699
  0
ARC
  5
1152
330
A02
100
AcDbEntity
  8
V_01_Base_Sensor_Sun_Gear_1
100
AcDbCircle
 10
209.999547130
 20
148.498672448
 30
0.000000000
 40
23.646969597
100
AcDbArc
 50
158.832014233
 51
161.162182756
  0
ARC
  5
1153
330
A02
100
AcDbEntity
  8
V_01_Base_Sensor_Sun_Gear_1
100
AcDbCircle
 10
210.000000000
 20
148.500000000
 30
0.000000000
 40
20.834469597
100
AcDbArc
 50
-165.491034285
 51
-164.508965715
  0
ARC
  5
1154
330
A02
100
AcDbEntity
  8
V_01_Base_Sensor_Sun_Gear_1
100
AcDbCircle
 10
189.370017583
 20
143.161712608
 30
0.000000000
 40
0.475000000
100
AcDbArc
 50
14.458392082
 51
98.374753157
  0
ARC
  5
1155
330
A02
100
AcDbEntity
  8
V_01_Base_Sensor_Sun_Gear_1
100
AcDbCircle
 10
189.464767452
 20
154.191898714
 30
0.000000000
 40
0.475000000
100
AcDbArc
 50
-15.541607918
 51
68.374753157
  0
ARC
  5
1156
330
A02
100
AcDbEntity
  8
V_01_Base_Sensor_Sun_Gear_1
100
AcDbCircle
 10
210.000000000
 20
148.500000000
 30
0.000000000
 40
20.834469597
100
AcDbArc
 50
164.508965715
 51
165.491034285
  0
ARC
  5
1157
330
A02
100
AcDbEntity
  8
V_01_Base_Sensor_Sun_Gear_1
100
AcDbCircle
 10
210.000271579
 20
148.498623872
 30
0.000000000
 40
23.646969597
100
AcDbArc
 50
-171.167985767
 51
-168.837817244
  0
ARC
  5
1158
330
A02
100
AcDbEntity
  8
V_01_Base_Sensor_Sun_Gear_1
100
AcDbCircle
 10
189.370017768
 20
153.838288108
 30
0.000000000
 40
0.475000000
100
AcDbArc
 50
-98.372713985
 51
-14.458481301
  0
ARC
  5
1159
330
A02
100
AcDbEntity
  8
V_01_Base_Sensor_Sun_Gear_1
100
AcDbCircle
 10
188.788355866
 20
146.460480463
 30
0.000000000
 40
0.475000000
100
AcDbArc
 50
-78.372713985
 51
5.541518699
  0
ARC
  5
115A
330
A02
100
AcDbEntity
  8
V_01_Base_Sensor_Sun_Gear_1
100
AcDbCircle
 10
209.999784537
 20
148.498613977
 30
0.000000000
 40
23.646969597
100
AcDbArc
 50
168.832014233
 51
171.162182756
  0
ARC
  5
115B
330
A02
100
AcDbEntity
  8
V_01_Base_Sensor_Sun_Gear_1
100
AcDbCircle
 10
210.000000000
 20
148.500000000
 30
0.000000000
 40
20.834469597
100
AcDbArc
 50
-175.491034285
 51
-174.508965715
  0
ARC
  5
115C
330
A02
100
AcDbEntity
  8
V_01_Base_Sensor_Sun_Gear_1
100
AcDbCircle
 10
188.756449494
 20
146.825172041
 30
0.000000000
 40
0.475000000
100
AcDbArc
 50
4.458392082
 51
88.374753157
  0
ARC
  5
115D
330
A02
100
AcDbEntity
  8
V_01_Base_Sensor_Sun_Gear_1
100
AcDbCircle
 10
188.788355937
 20
150.539520273
 30
0.000000000
 40
0.475000000
100
AcDbArc
 50
-5.541607918
 51
78.374753157
  0
ARC
  5
115E
330
A02
100
AcDbEntity
  8
V_01_Base_Sensor_Sun_Gear_1
100
AcDbCircle
 10
210.000000000
 20
148.500000000
 30
0.000000000
 40
20.834469597
100
AcDbArc
 50
174.508965715
 51
175.491034285
  0
ARC
  5
115F
330
A02
100
AcDbEntity
  8
V_01_Base_Sensor_Sun_Gear_1
100
AcDbCircle
 10
210.000028491
 20
148.498597619
 30
0.000000000
 40
23.646969597
100
AcDbArc
 50
178.832014233
 51
-178.837817244
  0
ARC
  5
1160
330
A02
100
AcDbEntity
  8
V_01_Base_Sensor_Sun_Gear_1
100
AcDbCircle
 10
188.756449552
 20
150.174828697
 30
0.000000000
 40
0.475000000
100
AcDbArc
 50
-88.372713985
 51
-4.458481301
  0
ARC
  5
1161
330
A02
100
AcDbEntity
  8
V_01_Base_Sensor_Sun_Gear_1
100
AcDbCircle
 10
210.000000000
 20
148.500000000
 30
0.000000000
 40
18.200000000
100
AcDbArc
 50
23.424831705
 51
-23.424831705
  0
LINE
  5
1162
330
A02
100
AcDbEntity
  8
V_01_Base_Sensor_Sun_Gear_1
100
AcDbLine
 10
226.700000000
 20
141.264670014
 30
0.000000000
 11
226.700000000
 21
155.735329986
 31
0.000000000
  0
LINE
  5
1163
330
A02
100
AcDbEntity
  8
V_01_Base_Sensor_Sun_Gear_2
100
AcDbLine
 10
208.799979738
 20
142.500000000
 30
0.000000000
 11
208.799979738
 21
154.500000000
 31
0.000000000
  0
LINE
  5
1164
330
A02
100
AcDbEntity
  8
V_01_Base_Sensor_Sun_Gear_2
100
AcDbLine
 10
209.519387627
 20
142.500000000
 30
0.000000000
 11
209.519387627
 21
154.500000000
 31
0.000000000
  0
SPLINE
  5
1165
330
A02
100
AcDbEntity
  8
V_01_Base_Sensor_Sun_Gear_2
100
AcDbSpline
210
0
220
0
230
1
 70
8
 71
3
 72
11
 73
7
 74
0
 40
0.000000000
 40
0.000000000
 40
0.000000000
 40
0.000000000
 40
0.732289825
 40
0.732289825
 40
0.732289825
 40
1.464579650
 40
1.464579650
 40
1.464579650
 40
1.464579650
 10
208.362096222
 20
142.500000000
 30
0.000000000
 10
208.477879238
 20
142.500000000
 30
0.000000000
 10
208.588864377
 20
142.500000000
 30
0.000000000
 10
208.669242099
 20
142.500000000
 30
0.000000000
 10
208.749038864
 20
142.500000000
 30
0.000000000
 10
208.796280048
 20
142.500000000
 30
0.000000000
 10
208.799979738
 20
142.500000000
 30
0.000000000
  0
SPLINE
  5
1166
330
A02
100
AcDbEntity
  8
V_01_Base_Sensor_Sun_Gear_2
100
AcDbSpline
210
0
220
0
230
1
 70
8
 71
3
 72
11
 73
7
 74
0
 40
0.000000000
 40
0.000000000
 40
0.000000000
 40
0.000000000
 40
0.732289825
 40
0.732289825
 40
0.732289825
 40
1.464579650
 40
1.464579650
 40
1.464579650
 40
1.464579650
 10
208.362096222
 20
154.500000000
 30
0.000000000
 10
208.477879238
 20
154.500000000
 30
0.000000000
 10
208.588864377
 20
154.500000000
 30
0.000000000
 10
208.669242099
 20
154.500000000
 30
0.000000000
 10
208.749038864
 20
154.500000000
 30
0.000000000
 10
208.796280048
 20
154.500000000
 30
0.000000000
 10
208.799979738
 20
154.500000000
 30
0.000000000
  0
LINE
  5
1167
330
A02
100
AcDbEntity
  8
V_01_Base_Sensor_Sun_Gear_2
100
AcDbLine
 10
210.481022626
 20
142.500000000
 30
0.000000000
 11
210.481022626
 21
154.500000000
 31
0.000000000
  0
SPLINE
  5
1168
330
A02
100
AcDbEntity
  8
V_01_Base_Sensor_Sun_Gear_2
100
AcDbSpline
210
0
220
0
230
1
 70
8
 71
1
 72
4
 73
2
 74
0
 40
0.000000000
 40
0.000000000
 40
0.040669113
 40
0.040669113
 10
209.519387627
 20
142.500000000
 30
0.000000000
 10
210.481022626
 20
142.500000000
 30
0.000000000
  0
SPLINE
  5
1169
330
A02
100
AcDbEntity
  8
V_01_Base_Sensor_Sun_Gear_2
100
AcDbSpline
210
0
220
0
230
1
 70
8
 71
1
 72
4
 73
2
 74
0
 40
0.000000000
 40
0.000000000
 40
0.040669113
 40
0.040669113
 10
209.519387627
 20
154.500000000
 30
0.000000000
 10
210.481022626
 20
154.500000000
 30
0.000000000
  0
SPLINE
  5
116A
330
A02
100
AcDbEntity
  8
V_01_Base_Sensor_Sun_Gear_2
100
AcDbSpline
210
0
220
0
230
1
 70
8
 71
1
 72
4
 73
2
 74
0
 40
0.000000000
 40
0.000000000
 40
0.017140330
 40
0.017140330
 10
208.006349802
 20
142.500000000
 30
0.000000000
 10
208.362096222
 20
142.500000000
 30
0.000000000
  0
SPLINE
  5
116B
330
A02
100
AcDbEntity
  8
V_01_Base_Sensor_Sun_Gear_2
100
AcDbSpline
210
0
220
0
230
1
 70
8
 71
3
 72
11
 73
7
 74
0
 40
0.000000000
 40
0.000000000
 40
0.000000000
 40
0.000000000
 40
0.732308399
 40
0.732308399
 40
0.732308399
 40
1.464616797
 40
1.464616797
 40
1.464616797
 40
1.464616797
 10
207.495223615
 20
142.500000000
 30
0.000000000
 10
207.519025506
 20
142.500000000
 30
0.000000000
 10
207.585249743
 20
142.500000000
 30
0.000000000
 10
207.678495181
 20
142.500000000
 30
0.000000000
 10
207.772216753
 20
142.500000000
 30
0.000000000
 10
207.890685332
 20
142.500000000
 30
0.000000000
 10
208.006349802
 20
142.500000000
 30
0.000000000
  0
SPLINE
  5
116C
330
A02
100
AcDbEntity
  8
V_01_Base_Sensor_Sun_Gear_2
100
AcDbSpline
210
0
220
0
230
1
 70
8
 71
3
 72
11
 73
7
 74
0
 40
0.000000000
 40
0.000000000
 40
0.000000000
 40
0.000000000
 40
0.732308399
 40
0.732308399
 40
0.732308399
 40
1.464616797
 40
1.464616797
 40
1.464616797
 40
1.464616797
 10
211.200019045
 20
142.500000000
 30
0.000000000
 10
211.203714692
 20
142.500000000
 30
0.000000000
 10
211.250954225
 20
142.500000000
 30
0.000000000
 10
211.330751591
 20
142.500000000
 30
0.000000000
 10
211.411129933
 20
142.500000000
 30
0.000000000
 10
211.522117794
 20
142.500000000
 30
0.000000000
 10
211.637903778
 20
142.500000000
 30
0.000000000
  0
SPLINE
  5
116D
330
A02
100
AcDbEntity
  8
V_01_Base_Sensor_Sun_Gear_2
100
AcDbSpline
210
0
220
0
230
1
 70
8
 71
1
 72
4
 73
2
 74
0
 40
0.000000000
 40
0.000000000
 40
0.017140330
 40
0.017140330
 10
211.637903778
 20
142.500000000
 30
0.000000000
 10
211.993650198
 20
142.500000000
 30
0.000000000
  0
SPLINE
  5
116E
330
A02
100
AcDbEntity
  8
V_01_Base_Sensor_Sun_Gear_2
100
AcDbSpline
210
0
220
0
230
1
 70
8
 71
1
 72
4
 73
2
 74
0
 40
0.000000000
 40
0.000000000
 40
0.040669113
 40
0.040669113
 10
205.421294139
 20
142.500000000
 30
0.000000000
 10
206.368311285
 20
142.500000000
 30
0.000000000
  0
SPLINE
  5
116F
330
A02
100
AcDbEntity
  8
V_01_Base_Sensor_Sun_Gear_2
100
AcDbSpline
210
0
220
0
230
1
 70
8
 71
3
 72
11
 73
7
 74
0
 40
0.000000000
 40
0.000000000
 40
0.000000000
 40
0.000000000
 40
0.732289825
 40
0.732289825
 40
0.732289825
 40
1.464579650
 40
1.464579650
 40
1.464579650
 40
1.464579650
 10
211.993650198
 20
142.500000000
 30
0.000000000
 10
212.109311736
 20
142.500000000
 30
0.000000000
 10
212.227777226
 20
142.500000000
 30
0.000000000
 10
212.321497578
 20
142.500000000
 30
0.000000000
 10
212.414741815
 20
142.500000000
 30
0.000000000
 10
212.480966907
 20
142.500000000
 30
0.000000000
 10
212.504772242
 20
142.500000000
 30
0.000000000
  0
SPLINE
  5
1170
330
A02
100
AcDbEntity
  8
V_01_Base_Sensor_Sun_Gear_2
100
AcDbSpline
210
0
220
0
230
1
 70
8
 71
3
 72
8
 73
4
 74
0
 40
0.000000000
 40
0.000000000
 40
0.000000000
 40
0.000000000
 40
0.967877817
 40
0.967877817
 40
0.967877817
 40
0.967877817
 10
204.780309123
 20
142.500000000
 30
0.000000000
 10
204.929405053
 20
142.500000000
 30
0.000000000
 10
205.055699949
 20
142.500000000
 30
0.000000000
 10
205.107820952
 20
142.500000000
 30
0.000000000
  0
SPLINE
  5
1171
330
A02
100
AcDbEntity
  8
V_01_Base_Sensor_Sun_Gear_2
100
AcDbSpline
210
0
220
0
230
1
 70
8
 71
1
 72
4
 73
2
 74
0
 40
0.000000000
 40
0.000000000
 40
0.040669113
 40
0.040669113
 10
213.632084279
 20
142.500000000
 30
0.000000000
 10
214.579118338
 20
142.500000000
 30
0.000000000
  0
SPLINE
  5
1172
330
A02
100
AcDbEntity
  8
V_01_Base_Sensor_Sun_Gear_2
100
AcDbSpline
210
0
220
0
230
1
 70
8
 71
1
 72
4
 73
2
 74
0
 40
0.000000000
 40
0.000000000
 40
0.017140330
 40
0.017140330
 10
204.435371878
 20
142.500000000
 30
0.000000000
 10
204.780309123
 20
142.500000000
 30
0.000000000
  0
SPLINE
  5
1173
330
A02
100
AcDbEntity
  8
V_01_Base_Sensor_Sun_Gear_2
100
AcDbSpline
210
0
220
0
230
1
 70
8
 71
3
 72
11
 73
7
 74
0
 40
0.000000000
 40
0.000000000
 40
0.000000000
 40
0.000000000
 40
0.732308399
 40
0.732308399
 40
0.732308399
 40
1.464616797
 40
1.464616797
 40
1.464616797
 40
1.464616797
 10
203.866534548
 20
142.500000000
 30
0.000000000
 10
203.909719475
 20
142.500000000
 30
0.000000000
 10
203.992916226
 20
142.500000000
 30
0.000000000
 10
204.096776521
 20
142.500000000
 30
0.000000000
 10
204.200993639
 20
142.500000000
 30
0.000000000
 10
204.323343328
 20
142.500000000
 30
0.000000000
 10
204.435371878
 20
142.500000000
 30
0.000000000
  0
SPLINE
  5
1174
330
A02
100
AcDbEntity
  8
V_01_Base_Sensor_Sun_Gear_2
100
AcDbSpline
210
0
220
0
230
1
 70
8
 71
3
 72
8
 73
4
 74
0
 40
0.496769317
 40
0.496769317
 40
0.496769317
 40
0.496769317
 40
1.464616797
 40
1.464616797
 40
1.464616797
 40
1.464616797
 10
214.892183535
 20
142.500000000
 30
0.000000000
 10
214.944307576
 20
142.500000000
 30
0.000000000
 10
215.070599642
 20
142.500000000
 30
0.000000000
 10
215.219690877
 20
142.500000000
 30
0.000000000
  0
SPLINE
  5
1175
330
A02
100
AcDbEntity
  8
V_01_Base_Sensor_Sun_Gear_2
100
AcDbSpline
210
0
220
0
230
1
 70
8
 71
1
 72
4
 73
2
 74
0
 40
0.000000000
 40
0.000000000
 40
0.017140330
 40
0.017140330
 10
215.219690877
 20
142.500000000
 30
0.000000000
 10
215.564628122
 20
142.500000000
 30
0.000000000
  0
SPLINE
  5
1176
330
A02
100
AcDbEntity
  8
V_01_Base_Sensor_Sun_Gear_2
100
AcDbSpline
210
0
220
0
230
1
 70
8
 71
2
 72
6
 73
3
 74
0
 40
0.000000000
 40
0.000000000
 40
0.000000000
 40
0.040669113
 40
0.040669113
 40
0.040669113
 10
201.462322311
 20
142.500000000
 30
0.000000000
 10
201.910804781
 20
142.500000000
 30
0.000000000
 10
202.365946968
 20
142.500000000
 30
0.000000000
  0
SPLINE
  5
1177
330
A02
100
AcDbEntity
  8
V_01_Base_Sensor_Sun_Gear_2
100
AcDbSpline
210
0
220
0
230
1
 70
8
 71
3
 72
11
 73
7
 74
0
 40
0.000000000
 40
0.000000000
 40
0.000000000
 40
0.000000000
 40
0.732289825
 40
0.732289825
 40
0.732289825
 40
1.464579650
 40
1.464579650
 40
1.464579650
 40
1.464579650
 10
215.564628122
 20
142.500000000
 30
0.000000000
 10
215.676653864
 20
142.500000000
 30
0.000000000
 10
215.799000192
 20
142.500000000
 30
0.000000000
 10
215.903215528
 20
142.500000000
 30
0.000000000
 10
216.007074057
 20
142.500000000
 30
0.000000000
 10
216.090270841
 20
142.500000000
 30
0.000000000
 10
216.133458509
 20
142.500000000
 30
0.000000000
  0
SPLINE
  5
1178
330
A02
100
AcDbEntity
  8
V_01_Base_Sensor_Sun_Gear_2
100
AcDbSpline
210
0
220
0
230
1
 70
8
 71
1
 72
4
 73
2
 74
0
 40
0.000000000
 40
0.000000000
 40
0.143360410
 40
0.143360410
 10
201.357119691
 20
142.500000000
 30
0.000000000
 10
201.416875431
 20
142.500000000
 30
0.000000000
  0
SPLINE
  5
1179
330
A02
100
AcDbEntity
  8
V_01_Base_Sensor_Sun_Gear_2
100
AcDbSpline
210
0
220
0
230
1
 70
8
 71
2
 72
6
 73
3
 74
0
 40
0.000000000
 40
0.000000000
 40
0.000000000
 40
0.040669113
 40
0.040669113
 40
0.040669113
 10
217.634421889
 20
142.500000000
 30
0.000000000
 10
218.089579805
 20
142.500000000
 30
0.000000000
 10
218.538079857
 20
142.500000000
 30
0.000000000
  0
SPLINE
  5
117A
330
A02
100
AcDbEntity
  8
V_01_Base_Sensor_Sun_Gear_2
100
AcDbSpline
210
0
220
0
230
1
 70
8
 71
1
 72
4
 73
2
 74
0
 40
0.000000000
 40
0.000000000
 40
0.017140330
 40
0.017140330
 10
201.033472364
 20
142.500000000
 30
0.000000000
 10
201.357119691
 20
142.500000000
 30
0.000000000
  0
SPLINE
  5
117B
330
A02
100
AcDbEntity
  8
V_01_Base_Sensor_Sun_Gear_2
100
AcDbSpline
210
0
220
0
230
1
 70
8
 71
3
 72
8
 73
4
 74
0
 40
0.000000000
 40
0.000000000
 40
0.000000000
 40
0.000000000
 40
1.464616797
 40
1.464616797
 40
1.464616797
 40
1.464616797
 10
200.424207725
 20
142.500000000
 30
0.000000000
 10
200.544267928
 20
142.500000000
 30
0.000000000
 10
200.822634519
 20
142.500000000
 30
0.000000000
 10
201.033472364
 20
142.500000000
 30
0.000000000
  0
SPLINE
  5
117C
330
A02
100
AcDbEntity
  8
V_01_Base_Sensor_Sun_Gear_2
100
AcDbSpline
210
0
220
0
230
1
 70
8
 71
1
 72
4
 73
2
 74
0
 40
1.321592236
 40
1.321592236
 40
1.464616797
 40
1.464616797
 10
218.583258819
 20
142.500000000
 30
0.000000000
 10
218.642880309
 20
142.500000000
 30
0.000000000
  0
SPLINE
  5
117D
330
A02
100
AcDbEntity
  8
V_01_Base_Sensor_Sun_Gear_2
100
AcDbSpline
210
0
220
0
230
1
 70
8
 71
1
 72
4
 73
2
 74
0
 40
0.000000000
 40
0.000000000
 40
0.017140330
 40
0.017140330
 10
218.642880309
 20
142.500000000
 30
0.000000000
 10
218.966527636
 20
142.500000000
 30
0.000000000
  0
SPLINE
  5
117E
330
A02
100
AcDbEntity
  8
V_01_Base_Sensor_Sun_Gear_2
100
AcDbSpline
210
0
220
0
230
1
 70
8
 71
2
 72
6
 73
3
 74
0
 40
0.000000000
 40
0.000000000
 40
0.000000000
 40
0.040669113
 40
0.040669113
 40
0.040669113
 10
197.762763500
 20
142.500000000
 30
0.000000000
 10
198.174283817
 20
142.500000000
 30
0.000000000
 10
198.595539489
 20
142.500000000
 30
0.000000000
  0
SPLINE
  5
117F
330
A02
100
AcDbEntity
  8
V_01_Base_Sensor_Sun_Gear_2
100
AcDbSpline
210
0
220
0
230
1
 70
8
 71
3
 72
8
 73
4
 74
0
 40
0.000000000
 40
0.000000000
 40
0.000000000
 40
0.000000000
 40
1.464579650
 40
1.464579650
 40
1.464579650
 40
1.464579650
 10
218.966527636
 20
142.500000000
 30
0.000000000
 10
219.177360106
 20
142.500000000
 30
0.000000000
 10
219.455718307
 20
142.500000000
 30
0.000000000
 10
219.575782743
 20
142.500000000
 30
0.000000000
  0
SPLINE
  5
1180
330
A02
100
AcDbEntity
  8
V_01_Base_Sensor_Sun_Gear_2
100
AcDbSpline
210
0
220
0
230
1
 70
8
 71
2
 72
6
 73
3
 74
0
 40
0.000000000
 40
0.000000000
 40
0.000000000
 40
0.040669113
 40
0.040669113
 40
0.040669113
 10
221.404791452
 20
142.500000000
 30
0.000000000
 10
221.826070619
 20
142.500000000
 30
0.000000000
 10
222.237616139
 20
142.500000000
 30
0.000000000
  0
SPLINE
  5
1181
330
A02
100
AcDbEntity
  8
V_01_Base_Sensor_Sun_Gear_2
100
AcDbSpline
210
0
220
0
230
1
 70
8
 71
3
 72
8
 73
4
 74
0
 40
0.000000000
 40
0.000000000
 40
0.000000000
 40
0.000000000
 40
1.132178384
 40
1.132178384
 40
1.132178384
 40
1.132178384
 10
197.272836505
 20
142.500000000
 30
0.000000000
 10
197.391553703
 20
142.500000000
 30
0.000000000
 10
197.590227002
 20
142.500000000
 30
0.000000000
 10
197.762763500
 20
142.500000000
 30
0.000000000
  0
SPLINE
  5
1182
330
A02
100
AcDbEntity
  8
V_01_Base_Sensor_Sun_Gear_2
100
AcDbSpline
210
0
220
0
230
1
 70
8
 71
2
 72
6
 73
3
 74
0
 40
0.000000000
 40
0.000000000
 40
0.000000000
 40
0.040669113
 40
0.040669113
 40
0.040669113
 10
194.435026927
 20
142.500000000
 30
0.000000000
 10
194.797081255
 20
142.500000000
 30
0.000000000
 10
195.171650772
 20
142.500000000
 30
0.000000000
  0
SPLINE
  5
1183
330
A02
100
AcDbEntity
  8
V_01_Base_Sensor_Sun_Gear_2
100
AcDbSpline
210
0
220
0
230
1
 70
8
 71
3
 72
8
 73
4
 74
0
 40
0.333271616
 40
0.333271616
 40
0.333271616
 40
0.333271616
 40
1.464579650
 40
1.464579650
 40
1.464579650
 40
1.464579650
 10
222.237616139
 20
142.500000000
 30
0.000000000
 10
222.410061831
 20
142.500000000
 30
0.000000000
 10
222.608520276
 20
142.500000000
 30
0.000000000
 10
222.727151664
 20
142.500000000
 30
0.000000000
  0
SPLINE
  5
1184
330
A02
100
AcDbEntity
  8
V_01_Base_Sensor_Sun_Gear_2
100
AcDbSpline
210
0
220
0
230
1
 70
8
 71
2
 72
6
 73
3
 74
0
 40
0.000000000
 40
0.000000000
 40
0.000000000
 40
0.040669113
 40
0.040669113
 40
0.040669113
 10
224.828632198
 20
142.500000000
 30
0.000000000
 10
225.203232262
 20
142.500000000
 30
0.000000000
 10
225.565318648
 20
142.500000000
 30
0.000000000
  0
SPLINE
  5
1185
330
A02
100
AcDbEntity
  8
V_01_Base_Sensor_Sun_Gear_2
100
AcDbSpline
210
0
220
0
230
1
 70
8
 71
2
 72
6
 73
3
 74
0
 40
0.000000000
 40
0.000000000
 40
0.000000000
 40
0.040669113
 40
0.040669113
 40
0.040669113
 10
191.580224185
 20
142.500000000
 30
0.000000000
 10
191.881811686
 20
142.500000000
 30
0.000000000
 10
192.198313942
 20
142.500000000
 30
0.000000000
  0
SPLINE
  5
1186
330
A02
100
AcDbEntity
  8
V_01_Base_Sensor_Sun_Gear_2
100
AcDbSpline
210
0
220
0
230
1
 70
8
 71
2
 72
6
 73
3
 74
0
 40
0.000000000
 40
0.000000000
 40
0.000000000
 40
0.040669113
 40
0.040669113
 40
0.040669113
 10
227.801912459
 20
142.500000000
 30
0.000000000
 10
228.118451386
 20
142.500000000
 30
0.000000000
 10
228.420076826
 20
142.500000000
 30
0.000000000
  0
SPLINE
  5
1187
330
A02
100
AcDbEntity
  8
V_01_Base_Sensor_Sun_Gear_2
100
AcDbSpline
210
0
220
0
230
1
 70
8
 71
2
 72
6
 73
3
 74
0
 40
0.000000000
 40
0.000000000
 40
0.000000000
 40
0.040669113
 40
0.040669113
 40
0.040669113
 10
189.285097010
 20
142.500000000
 30
0.000000000
 10
189.517054101
 20
142.500000000
 30
0.000000000
 10
189.765872336
 20
142.500000000
 30
0.000000000
  0
SPLINE
  5
1188
330
A02
100
AcDbEntity
  8
V_01_Base_Sensor_Sun_Gear_2
100
AcDbSpline
210
0
220
0
230
1
 70
8
 71
2
 72
6
 73
3
 74
0
 40
0.000000000
 40
0.000000000
 40
0.000000000
 40
0.040669113
 40
0.040669113
 40
0.040669113
 10
230.234290617
 20
142.500000000
 30
0.000000000
 10
230.483150533
 20
142.500000000
 30
0.000000000
 10
230.715150291
 20
142.500000000
 30
0.000000000
  0
SPLINE
  5
1189
330
A02
100
AcDbEntity
  8
V_01_Base_Sensor_Sun_Gear_2
100
AcDbSpline
210
0
220
0
230
1
 70
8
 71
2
 72
6
 73
3
 74
0
 40
0.000000000
 40
0.000000000
 40
0.000000000
 40
0.040669113
 40
0.040669113
 40
0.040669113
 10
187.619381680
 20
142.500000000
 30
0.000000000
 10
187.774660462
 20
142.500000000
 30
0.000000000
 10
187.948234459
 20
142.500000000
 30
0.000000000
  0
SPLINE
  5
118A
330
A02
100
AcDbEntity
  8
V_01_Base_Sensor_Sun_Gear_2
100
AcDbSpline
210
0
220
0
230
1
 70
8
 71
2
 72
6
 73
3
 74
0
 40
0.000000000
 40
0.000000000
 40
0.000000000
 40
0.040669113
 40
0.040669113
 40
0.040669113
 10
232.051860095
 20
142.500000000
 30
0.000000000
 10
232.225479516
 20
142.500000000
 30
0.000000000
 10
232.380804396
 20
142.500000000
 30
0.000000000
  0
SPLINE
  5
118B
330
A02
100
AcDbEntity
  8
V_01_Base_Sensor_Sun_Gear_2
100
AcDbSpline
210
0
220
0
230
1
 70
8
 71
2
 72
6
 73
3
 74
0
 40
0.000000000
 40
0.000000000
 40
0.000000000
 40
0.040669113
 40
0.040669113
 40
0.040669113
 10
186.633690113
 20
142.500000000
 30
0.000000000
 10
186.707572518
 20
142.500000000
 30
0.000000000
 10
186.800628320
 20
142.500000000
 30
0.000000000
  0
SPLINE
  5
118C
330
A02
100
AcDbEntity
  8
V_01_Base_Sensor_Sun_Gear_2
100
AcDbSpline
210
0
220
0
230
1
 70
8
 71
2
 72
6
 73
3
 74
0
 40
0.000000000
 40
0.000000000
 40
0.000000000
 40
0.040669113
 40
0.040669113
 40
0.040669113
 10
233.199394962
 20
142.500000000
 30
0.000000000
 10
233.292498550
 20
142.500000000
 30
0.000000000
 10
233.366429085
 20
142.500000000
 30
0.000000000
  0
SPLINE
  5
118D
330
A02
100
AcDbEntity
  8
V_01_Base_Sensor_Sun_Gear_2
100
AcDbSpline
210
0
220
0
230
1
 70
8
 71
2
 72
6
 73
3
 74
0
 40
0.020385197
 40
0.020385197
 40
0.020385197
 40
0.040669113
 40
0.040669113
 40
0.040669113
 10
186.353058895
 20
142.500000000
 30
0.000000000
 10
186.353069656
 20
142.500000000
 30
0.000000000
 10
186.357923350
 20
142.500000000
 30
0.000000000
  0
SPLINE
  5
118E
330
A02
100
AcDbEntity
  8
V_01_Base_Sensor_Sun_Gear_2
100
AcDbSpline
210
0
220
0
230
1
 70
8
 71
2
 72
6
 73
3
 74
0
 40
0.000000000
 40
0.000000000
 40
0.000000000
 40
0.020385197
 40
0.020385197
 40
0.020385197
 10
233.642027952
 20
142.500000000
 30
0.000000000
 10
233.646930236
 20
142.500000000
 30
0.000000000
 10
233.646941105
 20
142.500000000
 30
0.000000000
  0
SPLINE
  5
118F
330
A02
100
AcDbEntity
  8
V_01_Base_Sensor_Sun_Gear_2
100
AcDbSpline
210
0
220
0
230
1
 70
8
 71
1
 72
4
 73
2
 74
0
 40
0.000000000
 40
0.000000000
 40
0.017140330
 40
0.017140330
 10
208.006349802
 20
154.500000000
 30
0.000000000
 10
208.362096222
 20
154.500000000
 30
0.000000000
  0
SPLINE
  5
1190
330
A02
100
AcDbEntity
  8
V_01_Base_Sensor_Sun_Gear_2
100
AcDbSpline
210
0
220
0
230
1
 70
8
 71
3
 72
11
 73
7
 74
0
 40
0.000000000
 40
0.000000000
 40
0.000000000
 40
0.000000000
 40
0.732308399
 40
0.732308399
 40
0.732308399
 40
1.464616797
 40
1.464616797
 40
1.464616797
 40
1.464616797
 10
207.495223615
 20
154.500000000
 30
0.000000000
 10
207.519025506
 20
154.500000000
 30
0.000000000
 10
207.585249743
 20
154.500000000
 30
0.000000000
 10
207.678495181
 20
154.500000000
 30
0.000000000
 10
207.772216753
 20
154.500000000
 30
0.000000000
 10
207.890685332
 20
154.500000000
 30
0.000000000
 10
208.006349802
 20
154.500000000
 30
0.000000000
  0
SPLINE
  5
1191
330
A02
100
AcDbEntity
  8
V_01_Base_Sensor_Sun_Gear_2
100
AcDbSpline
210
0
220
0
230
1
 70
8
 71
3
 72
11
 73
7
 74
0
 40
0.000000000
 40
0.000000000
 40
0.000000000
 40
0.000000000
 40
0.732308399
 40
0.732308399
 40
0.732308399
 40
1.464616797
 40
1.464616797
 40
1.464616797
 40
1.464616797
 10
211.200019045
 20
154.500000000
 30
0.000000000
 10
211.203714692
 20
154.500000000
 30
0.000000000
 10
211.250954225
 20
154.500000000
 30
0.000000000
 10
211.330751591
 20
154.500000000
 30
0.000000000
 10
211.411129933
 20
154.500000000
 30
0.000000000
 10
211.522117794
 20
154.500000000
 30
0.000000000
 10
211.637903778
 20
154.500000000
 30
0.000000000
  0
SPLINE
  5
1192
330
A02
100
AcDbEntity
  8
V_01_Base_Sensor_Sun_Gear_2
100
AcDbSpline
210
0
220
0
230
1
 70
8
 71
1
 72
4
 73
2
 74
0
 40
0.000000000
 40
0.000000000
 40
0.017140330
 40
0.017140330
 10
211.637903778
 20
154.500000000
 30
0.000000000
 10
211.993650198
 20
154.500000000
 30
0.000000000
  0
SPLINE
  5
1193
330
A02
100
AcDbEntity
  8
V_01_Base_Sensor_Sun_Gear_2
100
AcDbSpline
210
0
220
0
230
1
 70
8
 71
1
 72
4
 73
2
 74
0
 40
0.000000000
 40
0.000000000
 40
0.040669113
 40
0.040669113
 10
205.421294139
 20
154.500000000
 30
0.000000000
 10
206.368311285
 20
154.500000000
 30
0.000000000
  0
SPLINE
  5
1194
330
A02
100
AcDbEntity
  8
V_01_Base_Sensor_Sun_Gear_2
100
AcDbSpline
210
0
220
0
230
1
 70
8
 71
3
 72
11
 73
7
 74
0
 40
0.000000000
 40
0.000000000
 40
0.000000000
 40
0.000000000
 40
0.732289825
 40
0.732289825
 40
0.732289825
 40
1.464579650
 40
1.464579650
 40
1.464579650
 40
1.464579650
 10
211.993650198
 20
154.500000000
 30
0.000000000
 10
212.109311736
 20
154.500000000
 30
0.000000000
 10
212.227777226
 20
154.500000000
 30
0.000000000
 10
212.321497578
 20
154.500000000
 30
0.000000000
 10
212.414741815
 20
154.500000000
 30
0.000000000
 10
212.480966907
 20
154.500000000
 30
0.000000000
 10
212.504772242
 20
154.500000000
 30
0.000000000
  0
SPLINE
  5
1195
330
A02
100
AcDbEntity
  8
V_01_Base_Sensor_Sun_Gear_2
100
AcDbSpline
210
0
220
0
230
1
 70
8
 71
3
 72
8
 73
4
 74
0
 40
0.000000000
 40
0.000000000
 40
0.000000000
 40
0.000000000
 40
0.967877817
 40
0.967877817
 40
0.967877817
 40
0.967877817
 10
204.780309123
 20
154.500000000
 30
0.000000000
 10
204.929405053
 20
154.500000000
 30
0.000000000
 10
205.055699949
 20
154.500000000
 30
0.000000000
 10
205.107820952
 20
154.500000000
 30
0.000000000
  0
SPLINE
  5
1196
330
A02
100
AcDbEntity
  8
V_01_Base_Sensor_Sun_Gear_2
100
AcDbSpline
210
0
220
0
230
1
 70
8
 71
1
 72
4
 73
2
 74
0
 40
0.000000000
 40
0.000000000
 40
0.040669113
 40
0.040669113
 10
213.632084279
 20
154.500000000
 30
0.000000000
 10
214.579118338
 20
154.500000000
 30
0.000000000
  0
SPLINE
  5
1197
330
A02
100
AcDbEntity
  8
V_01_Base_Sensor_Sun_Gear_2
100
AcDbSpline
210
0
220
0
230
1
 70
8
 71
1
 72
4
 73
2
 74
0
 40
0.000000000
 40
0.000000000
 40
0.017140330
 40
0.017140330
 10
204.435371878
 20
154.500000000
 30
0.000000000
 10
204.780309123
 20
154.500000000
 30
0.000000000
  0
SPLINE
  5
1198
330
A02
100
AcDbEntity
  8
V_01_Base_Sensor_Sun_Gear_2
100
AcDbSpline
210
0
220
0
230
1
 70
8
 71
3
 72
11
 73
7
 74
0
 40
0.000000000
 40
0.000000000
 40
0.000000000
 40
0.000000000
 40
0.732308399
 40
0.732308399
 40
0.732308399
 40
1.464616797
 40
1.464616797
 40
1.464616797
 40
1.464616797
 10
203.866534548
 20
154.500000000
 30
0.000000000
 10
203.909719475
 20
154.500000000
 30
0.000000000
 10
203.992916226
 20
154.500000000
 30
0.000000000
 10
204.096776521
 20
154.500000000
 30
0.000000000
 10
204.200993639
 20
154.500000000
 30
0.000000000
 10
204.323343328
 20
154.500000000
 30
0.000000000
 10
204.435371878
 20
154.500000000
 30
0.000000000
  0
SPLINE
  5
1199
330
A02
100
AcDbEntity
  8
V_01_Base_Sensor_Sun_Gear_2
100
AcDbSpline
210
0
220
0
230
1
 70
8
 71
3
 72
8
 73
4
 74
0
 40
0.496769317
 40
0.496769317
 40
0.496769317
 40
0.496769317
 40
1.464616797
 40
1.464616797
 40
1.464616797
 40
1.464616797
 10
214.892183535
 20
154.500000000
 30
0.000000000
 10
214.944307576
 20
154.500000000
 30
0.000000000
 10
215.070599642
 20
154.500000000
 30
0.000000000
 10
215.219690877
 20
154.500000000
 30
0.000000000
  0
SPLINE
  5
119A
330
A02
100
AcDbEntity
  8
V_01_Base_Sensor_Sun_Gear_2
100
AcDbSpline
210
0
220
0
230
1
 70
8
 71
1
 72
4
 73
2
 74
0
 40
0.000000000
 40
0.000000000
 40
0.017140330
 40
0.017140330
 10
215.219690877
 20
154.500000000
 30
0.000000000
 10
215.564628122
 20
154.500000000
 30
0.000000000
  0
SPLINE
  5
119B
330
A02
100
AcDbEntity
  8
V_01_Base_Sensor_Sun_Gear_2
100
AcDbSpline
210
0
220
0
230
1
 70
8
 71
2
 72
6
 73
3
 74
0
 40
0.000000000
 40
0.000000000
 40
0.000000000
 40
0.040669113
 40
0.040669113
 40
0.040669113
 10
201.462322311
 20
154.500000000
 30
0.000000000
 10
201.910804781
 20
154.500000000
 30
0.000000000
 10
202.365946968
 20
154.500000000
 30
0.000000000
  0
SPLINE
  5
119C
330
A02
100
AcDbEntity
  8
V_01_Base_Sensor_Sun_Gear_2
100
AcDbSpline
210
0
220
0
230
1
 70
8
 71
3
 72
11
 73
7
 74
0
 40
0.000000000
 40
0.000000000
 40
0.000000000
 40
0.000000000
 40
0.732289825
 40
0.732289825
 40
0.732289825
 40
1.464579650
 40
1.464579650
 40
1.464579650
 40
1.464579650
 10
215.564628122
 20
154.500000000
 30
0.000000000
 10
215.676653864
 20
154.500000000
 30
0.000000000
 10
215.799000192
 20
154.500000000
 30
0.000000000
 10
215.903215528
 20
154.500000000
 30
0.000000000
 10
216.007074057
 20
154.500000000
 30
0.000000000
 10
216.090270841
 20
154.500000000
 30
0.000000000
 10
216.133458509
 20
154.500000000
 30
0.000000000
  0
SPLINE
  5
119D
330
A02
100
AcDbEntity
  8
V_01_Base_Sensor_Sun_Gear_2
100
AcDbSpline
210
0
220
0
230
1
 70
8
 71
1
 72
4
 73
2
 74
0
 40
0.000000000
 40
0.000000000
 40
0.143360410
 40
0.143360410
 10
201.357119691
 20
154.500000000
 30
0.000000000
 10
201.416875431
 20
154.500000000
 30
0.000000000
  0
SPLINE
  5
119E
330
A02
100
AcDbEntity
  8
V_01_Base_Sensor_Sun_Gear_2
100
AcDbSpline
210
0
220
0
230
1
 70
8
 71
2
 72
6
 73
3
 74
0
 40
0.000000000
 40
0.000000000
 40
0.000000000
 40
0.040669113
 40
0.040669113
 40
0.040669113
 10
217.634421889
 20
154.500000000
 30
0.000000000
 10
218.089579805
 20
154.500000000
 30
0.000000000
 10
218.538079857
 20
154.500000000
 30
0.000000000
  0
SPLINE
  5
119F
330
A02
100
AcDbEntity
  8
V_01_Base_Sensor_Sun_Gear_2
100
AcDbSpline
210
0
220
0
230
1
 70
8
 71
1
 72
4
 73
2
 74
0
 40
0.000000000
 40
0.000000000
 40
0.017140330
 40
0.017140330
 10
201.033472364
 20
154.500000000
 30
0.000000000
 10
201.357119691
 20
154.500000000
 30
0.000000000
  0
SPLINE
  5
11A0
330
A02
100
AcDbEntity
  8
V_01_Base_Sensor_Sun_Gear_2
100
AcDbSpline
210
0
220
0
230
1
 70
8
 71
3
 72
8
 73
4
 74
0
 40
0.000000000
 40
0.000000000
 40
0.000000000
 40
0.000000000
 40
1.464616797
 40
1.464616797
 40
1.464616797
 40
1.464616797
 10
200.424207725
 20
154.500000000
 30
0.000000000
 10
200.544267928
 20
154.500000000
 30
0.000000000
 10
200.822634519
 20
154.500000000
 30
0.000000000
 10
201.033472364
 20
154.500000000
 30
0.000000000
  0
SPLINE
  5
11A1
330
A02
100
AcDbEntity
  8
V_01_Base_Sensor_Sun_Gear_2
100
AcDbSpline
210
0
220
0
230
1
 70
8
 71
1
 72
4
 73
2
 74
0
 40
1.321592236
 40
1.321592236
 40
1.464616797
 40
1.464616797
 10
218.583258819
 20
154.500000000
 30
0.000000000
 10
218.642880309
 20
154.500000000
 30
0.000000000
  0
SPLINE
  5
11A2
330
A02
100
AcDbEntity
  8
V_01_Base_Sensor_Sun_Gear_2
100
AcDbSpline
210
0
220
0
230
1
 70
8
 71
1
 72
4
 73
2
 74
0
 40
0.000000000
 40
0.000000000
 40
0.017140330
 40
0.017140330
 10
218.642880309
 20
154.500000000
 30
0.000000000
 10
218.966527636
 20
154.500000000
 30
0.000000000
  0
SPLINE
  5
11A3
330
A02
100
AcDbEntity
  8
V_01_Base_Sensor_Sun_Gear_2
100
AcDbSpline
210
0
220
0
230
1
 70
8
 71
2
 72
6
 73
3
 74
0
 40
0.000000000
 40
0.000000000
 40
0.000000000
 40
0.040669113
 40
0.040669113
 40
0.040669113
 10
197.762763500
 20
154.500000000
 30
0.000000000
 10
198.174283817
 20
154.500000000
 30
0.000000000
 10
198.595539489
 20
154.500000000
 30
0.000000000
  0
SPLINE
  5
11A4
330
A02
100
AcDbEntity
  8
V_01_Base_Sensor_Sun_Gear_2
100
AcDbSpline
210
0
220
0
230
1
 70
8
 71
3
 72
8
 73
4
 74
0
 40
0.000000000
 40
0.000000000
 40
0.000000000
 40
0.000000000
 40
1.464579650
 40
1.464579650
 40
1.464579650
 40
1.464579650
 10
218.966527636
 20
154.500000000
 30
0.000000000
 10
219.177360106
 20
154.500000000
 30
0.000000000
 10
219.455718307
 20
154.500000000
 30
0.000000000
 10
219.575782743
 20
154.500000000
 30
0.000000000
  0
SPLINE
  5
11A5
330
A02
100
AcDbEntity
  8
V_01_Base_Sensor_Sun_Gear_2
100
AcDbSpline
210
0
220
0
230
1
 70
8
 71
2
 72
6
 73
3
 74
0
 40
0.000000000
 40
0.000000000
 40
0.000000000
 40
0.040669113
 40
0.040669113
 40
0.040669113
 10
221.404791452
 20
154.500000000
 30
0.000000000
 10
221.826070619
 20
154.500000000
 30
0.000000000
 10
222.237616139
 20
154.500000000
 30
0.000000000
  0
SPLINE
  5
11A6
330
A02
100
AcDbEntity
  8
V_01_Base_Sensor_Sun_Gear_2
100
AcDbSpline
210
0
220
0
230
1
 70
8
 71
3
 72
8
 73
4
 74
0
 40
0.000000000
 40
0.000000000
 40
0.000000000
 40
0.000000000
 40
1.132178384
 40
1.132178384
 40
1.132178384
 40
1.132178384
 10
197.272836505
 20
154.500000000
 30
0.000000000
 10
197.391553703
 20
154.500000000
 30
0.000000000
 10
197.590227002
 20
154.500000000
 30
0.000000000
 10
197.762763500
 20
154.500000000
 30
0.000000000
  0
SPLINE
  5
11A7
330
A02
100
AcDbEntity
  8
V_01_Base_Sensor_Sun_Gear_2
100
AcDbSpline
210
0
220
0
230
1
 70
8
 71
2
 72
6
 73
3
 74
0
 40
0.000000000
 40
0.000000000
 40
0.000000000
 40
0.040669113
 40
0.040669113
 40
0.040669113
 10
194.435026927
 20
154.500000000
 30
0.000000000
 10
194.797081255
 20
154.500000000
 30
0.000000000
 10
195.171650772
 20
154.500000000
 30
0.000000000
  0
SPLINE
  5
11A8
330
A02
100
AcDbEntity
  8
V_01_Base_Sensor_Sun_Gear_2
100
AcDbSpline
210
0
220
0
230
1
 70
8
 71
3
 72
8
 73
4
 74
0
 40
0.333271616
 40
0.333271616
 40
0.333271616
 40
0.333271616
 40
1.464579650
 40
1.464579650
 40
1.464579650
 40
1.464579650
 10
222.237616139
 20
154.500000000
 30
0.000000000
 10
222.410061831
 20
154.500000000
 30
0.000000000
 10
222.608520276
 20
154.500000000
 30
0.000000000
 10
222.727151664
 20
154.500000000
 30
0.000000000
  0
SPLINE
  5
11A9
330
A02
100
AcDbEntity
  8
V_01_Base_Sensor_Sun_Gear_2
100
AcDbSpline
210
0
220
0
230
1
 70
8
 71
2
 72
6
 73
3
 74
0
 40
0.000000000
 40
0.000000000
 40
0.000000000
 40
0.040669113
 40
0.040669113
 40
0.040669113
 10
224.828632198
 20
154.500000000
 30
0.000000000
 10
225.203232262
 20
154.500000000
 30
0.000000000
 10
225.565318648
 20
154.500000000
 30
0.000000000
  0
SPLINE
  5
11AA
330
A02
100
AcDbEntity
  8
V_01_Base_Sensor_Sun_Gear_2
100
AcDbSpline
210
0
220
0
230
1
 70
8
 71
2
 72
6
 73
3
 74
0
 40
0.000000000
 40
0.000000000
 40
0.000000000
 40
0.040669113
 40
0.040669113
 40
0.040669113
 10
191.580224185
 20
154.500000000
 30
0.000000000
 10
191.881811686
 20
154.500000000
 30
0.000000000
 10
192.198313942
 20
154.500000000
 30
0.000000000
  0
SPLINE
  5
11AB
330
A02
100
AcDbEntity
  8
V_01_Base_Sensor_Sun_Gear_2
100
AcDbSpline
210
0
220
0
230
1
 70
8
 71
2
 72
6
 73
3
 74
0
 40
0.000000000
 40
0.000000000
 40
0.000000000
 40
0.040669113
 40
0.040669113
 40
0.040669113
 10
227.801912459
 20
154.500000000
 30
0.000000000
 10
228.118451386
 20
154.500000000
 30
0.000000000
 10
228.420076826
 20
154.500000000
 30
0.000000000
  0
SPLINE
  5
11AC
330
A02
100
AcDbEntity
  8
V_01_Base_Sensor_Sun_Gear_2
100
AcDbSpline
210
0
220
0
230
1
 70
8
 71
2
 72
6
 73
3
 74
0
 40
0.000000000
 40
0.000000000
 40
0.000000000
 40
0.040669113
 40
0.040669113
 40
0.040669113
 10
189.285097010
 20
154.500000000
 30
0.000000000
 10
189.517054101
 20
154.500000000
 30
0.000000000
 10
189.765872336
 20
154.500000000
 30
0.000000000
  0
SPLINE
  5
11AD
330
A02
100
AcDbEntity
  8
V_01_Base_Sensor_Sun_Gear_2
100
AcDbSpline
210
0
220
0
230
1
 70
8
 71
2
 72
6
 73
3
 74
0
 40
0.000000000
 40
0.000000000
 40
0.000000000
 40
0.040669113
 40
0.040669113
 40
0.040669113
 10
230.234290617
 20
154.500000000
 30
0.000000000
 10
230.483150533
 20
154.500000000
 30
0.000000000
 10
230.715150291
 20
154.500000000
 30
0.000000000
  0
SPLINE
  5
11AE
330
A02
100
AcDbEntity
  8
V_01_Base_Sensor_Sun_Gear_2
100
AcDbSpline
210
0
220
0
230
1
 70
8
 71
2
 72
6
 73
3
 74
0
 40
0.000000000
 40
0.000000000
 40
0.000000000
 40
0.040669113
 40
0.040669113
 40
0.040669113
 10
187.619381680
 20
154.500000000
 30
0.000000000
 10
187.774660462
 20
154.500000000
 30
0.000000000
 10
187.948234459
 20
154.500000000
 30
0.000000000
  0
SPLINE
  5
11AF
330
A02
100
AcDbEntity
  8
V_01_Base_Sensor_Sun_Gear_2
100
AcDbSpline
210
0
220
0
230
1
 70
8
 71
2
 72
6
 73
3
 74
0
 40
0.000000000
 40
0.000000000
 40
0.000000000
 40
0.040669113
 40
0.040669113
 40
0.040669113
 10
232.051860095
 20
154.500000000
 30
0.000000000
 10
232.225479516
 20
154.500000000
 30
0.000000000
 10
232.380804396
 20
154.500000000
 30
0.000000000
  0
SPLINE
  5
11B0
330
A02
100
AcDbEntity
  8
V_01_Base_Sensor_Sun_Gear_2
100
AcDbSpline
210
0
220
0
230
1
 70
8
 71
2
 72
6
 73
3
 74
0
 40
0.000000000
 40
0.000000000
 40
0.000000000
 40
0.040669113
 40
0.040669113
 40
0.040669113
 10
186.633690113
 20
154.500000000
 30
0.000000000
 10
186.707572518
 20
154.500000000
 30
0.000000000
 10
186.800628320
 20
154.500000000
 30
0.000000000
  0
SPLINE
  5
11B1
330
A02
100
AcDbEntity
  8
V_01_Base_Sensor_Sun_Gear_2
100
AcDbSpline
210
0
220
0
230
1
 70
8
 71
2
 72
6
 73
3
 74
0
 40
0.000000000
 40
0.000000000
 40
0.000000000
 40
0.040669113
 40
0.040669113
 40
0.040669113
 10
233.199394962
 20
154.500000000
 30
0.000000000
 10
233.292498550
 20
154.500000000
 30
0.000000000
 10
233.366429085
 20
154.500000000
 30
0.000000000
  0
SPLINE
  5
11B2
330
A02
100
AcDbEntity
  8
V_01_Base_Sensor_Sun_Gear_2
100
AcDbSpline
210
0
220
0
230
1
 70
8
 71
2
 72
6
 73
3
 74
0
 40
0.020385197
 40
0.020385197
 40
0.020385197
 40
0.040669113
 40
0.040669113
 40
0.040669113
 10
186.353058895
 20
154.500000000
 30
0.000000000
 10
186.353069656
 20
154.500000000
 30
0.000000000
 10
186.357923350
 20
154.500000000
 30
0.000000000
  0
SPLINE
  5
11B3
330
A02
100
AcDbEntity
  8
V_01_Base_Sensor_Sun_Gear_2
100
AcDbSpline
210
0
220
0
230
1
 70
8
 71
2
 72
6
 73
3
 74
0
 40
0.000000000
 40
0.000000000
 40
0.000000000
 40
0.020385197
 40
0.020385197
 40
0.020385197
 10
233.642027952
 20
154.500000000
 30
0.000000000
 10
233.646930236
 20
154.500000000
 30
0.000000000
 10
233.646941105
 20
154.500000000
 30
0.000000000
  0
LINE
  5
11B4
330
A02
100
AcDbEntity
  8
V_01_Base_Sensor_Sun_Gear_2
100
AcDbLine
 10
211.200019045
 20
142.500000000
 30
0.000000000
 11
211.200019045
 21
154.500000000
 31
0.000000000
  0
LINE
  5
11B5
330
A02
100
AcDbEntity
  8
V_01_Base_Sensor_Sun_Gear_2
100
AcDbLine
 10
207.495223615
 20
142.500000000
 30
0.000000000
 11
207.495223615
 21
154.500000000
 31
0.000000000
  0
LINE
  5
11B6
330
A02
100
AcDbEntity
  8
V_01_Base_Sensor_Sun_Gear_2
100
AcDbLine
 10
206.368311285
 20
142.500000000
 30
0.000000000
 11
206.368311285
 21
154.500000000
 31
0.000000000
  0
LINE
  5
11B7
330
A02
100
AcDbEntity
  8
V_01_Base_Sensor_Sun_Gear_2
100
AcDbLine
 10
205.421294139
 20
142.500000000
 30
0.000000000
 11
205.421294139
 21
154.500000000
 31
0.000000000
  0
LINE
  5
11B8
330
A02
100
AcDbEntity
  8
V_01_Base_Sensor_Sun_Gear_2
100
AcDbLine
 10
212.504772242
 20
142.500000000
 30
0.000000000
 11
212.504772242
 21
154.500000000
 31
0.000000000
  0
LINE
  5
11B9
330
A02
100
AcDbEntity
  8
V_01_Base_Sensor_Sun_Gear_2
100
AcDbLine
 10
213.632084279
 20
142.500000000
 30
0.000000000
 11
213.632084279
 21
154.500000000
 31
0.000000000
  0
LINE
  5
11BA
330
A02
100
AcDbEntity
  8
V_01_Base_Sensor_Sun_Gear_2
100
AcDbLine
 10
214.579118338
 20
142.500000000
 30
0.000000000
 11
214.579118338
 21
154.500000000
 31
0.000000000
  0
LINE
  5
11BB
330
A02
100
AcDbEntity
  8
V_01_Base_Sensor_Sun_Gear_2
100
AcDbLine
 10
203.866534548
 20
142.500000000
 30
0.000000000
 11
203.866534548
 21
154.500000000
 31
0.000000000
  0
LINE
  5
11BC
330
A02
100
AcDbEntity
  8
V_01_Base_Sensor_Sun_Gear_2
100
AcDbLine
 10
202.365946968
 20
142.500000000
 30
0.000000000
 11
202.365946968
 21
154.500000000
 31
0.000000000
  0
LINE
  5
11BD
330
A02
100
AcDbEntity
  8
V_01_Base_Sensor_Sun_Gear_2
100
AcDbLine
 10
201.462322311
 20
142.500000000
 30
0.000000000
 11
201.462322311
 21
154.500000000
 31
0.000000000
  0
LINE
  5
11BE
330
A02
100
AcDbEntity
  8
V_01_Base_Sensor_Sun_Gear_2
100
AcDbLine
 10
216.133458509
 20
142.500000000
 30
0.000000000
 11
216.133458509
 21
154.500000000
 31
0.000000000
  0
LINE
  5
11BF
330
A02
100
AcDbEntity
  8
V_01_Base_Sensor_Sun_Gear_2
100
AcDbLine
 10
217.634421889
 20
142.500000000
 30
0.000000000
 11
217.634421889
 21
154.500000000
 31
0.000000000
  0
LINE
  5
11C0
330
A02
100
AcDbEntity
  8
V_01_Base_Sensor_Sun_Gear_2
100
AcDbLine
 10
218.538079857
 20
142.500000000
 30
0.000000000
 11
218.538079857
 21
154.500000000
 31
0.000000000
  0
LINE
  5
11C1
330
A02
100
AcDbEntity
  8
V_01_Base_Sensor_Sun_Gear_2
100
AcDbLine
 10
200.424207725
 20
142.500000000
 30
0.000000000
 11
200.424207725
 21
154.500000000
 31
0.000000000
  0
LINE
  5
11C2
330
A02
100
AcDbEntity
  8
V_01_Base_Sensor_Sun_Gear_2
100
AcDbLine
 10
198.595539489
 20
142.500000000
 30
0.000000000
 11
198.595539489
 21
154.500000000
 31
0.000000000
  0
LINE
  5
11C3
330
A02
100
AcDbEntity
  8
V_01_Base_Sensor_Sun_Gear_2
100
AcDbLine
 10
197.762763500
 20
142.500000000
 30
0.000000000
 11
197.762763500
 21
154.500000000
 31
0.000000000
  0
LINE
  5
11C4
330
A02
100
AcDbEntity
  8
V_01_Base_Sensor_Sun_Gear_2
100
AcDbLine
 10
219.575782743
 20
142.500000000
 30
0.000000000
 11
219.575782743
 21
154.500000000
 31
0.000000000
  0
LINE
  5
11C5
330
A02
100
AcDbEntity
  8
V_01_Base_Sensor_Sun_Gear_2
100
AcDbLine
 10
221.404791452
 20
142.500000000
 30
0.000000000
 11
221.404791452
 21
154.500000000
 31
0.000000000
  0
LINE
  5
11C6
330
A02
100
AcDbEntity
  8
V_01_Base_Sensor_Sun_Gear_2
100
AcDbLine
 10
222.237616139
 20
142.500000000
 30
0.000000000
 11
222.237616139
 21
154.500000000
 31
0.000000000
  0
LINE
  5
11C7
330
A02
100
AcDbEntity
  8
V_01_Base_Sensor_Sun_Gear_2
100
AcDbLine
 10
197.272836505
 20
142.500000000
 30
0.000000000
 11
197.272836505
 21
154.500000000
 31
0.000000000
  0
LINE
  5
11C8
330
A02
100
AcDbEntity
  8
V_01_Base_Sensor_Sun_Gear_2
100
AcDbLine
 10
195.171650772
 20
142.500000000
 30
0.000000000
 11
195.171650772
 21
154.500000000
 31
0.000000000
  0
LINE
  5
11C9
330
A02
100
AcDbEntity
  8
V_01_Base_Sensor_Sun_Gear_2
100
AcDbLine
 10
194.435026927
 20
142.500000000
 30
0.000000000
 11
194.435026927
 21
154.500000000
 31
0.000000000
  0
LINE
  5
11CA
330
A02
100
AcDbEntity
  8
V_01_Base_Sensor_Sun_Gear_2
100
AcDbLine
 10
222.727151664
 20
142.500000000
 30
0.000000000
 11
222.727151664
 21
154.500000000
 31
0.000000000
  0
LINE
  5
11CB
330
A02
100
AcDbEntity
  8
V_01_Base_Sensor_Sun_Gear_2
100
AcDbLine
 10
224.828632198
 20
142.500000000
 30
0.000000000
 11
224.828632198
 21
154.500000000
 31
0.000000000
  0
LINE
  5
11CC
330
A02
100
AcDbEntity
  8
V_01_Base_Sensor_Sun_Gear_2
100
AcDbLine
 10
225.565318648
 20
142.500000000
 30
0.000000000
 11
225.565318648
 21
154.500000000
 31
0.000000000
  0
LINE
  5
11CD
330
A02
100
AcDbEntity
  8
V_01_Base_Sensor_Sun_Gear_2
100
AcDbLine
 10
192.198313942
 20
142.500000000
 30
0.000000000
 11
192.198313942
 21
154.500000000
 31
0.000000000
  0
LINE
  5
11CE
330
A02
100
AcDbEntity
  8
V_01_Base_Sensor_Sun_Gear_2
100
AcDbLine
 10
191.580224185
 20
142.500000000
 30
0.000000000
 11
191.580224185
 21
154.500000000
 31
0.000000000
  0
LINE
  5
11CF
330
A02
100
AcDbEntity
  8
V_01_Base_Sensor_Sun_Gear_2
100
AcDbLine
 10
227.801912459
 20
142.500000000
 30
0.000000000
 11
227.801912459
 21
154.500000000
 31
0.000000000
  0
LINE
  5
11D0
330
A02
100
AcDbEntity
  8
V_01_Base_Sensor_Sun_Gear_2
100
AcDbLine
 10
228.420076826
 20
142.500000000
 30
0.000000000
 11
228.420076826
 21
154.500000000
 31
0.000000000
  0
LINE
  5
11D1
330
A02
100
AcDbEntity
  8
V_01_Base_Sensor_Sun_Gear_2
100
AcDbLine
 10
189.765872336
 20
142.500000000
 30
0.000000000
 11
189.765872336
 21
154.500000000
 31
0.000000000
  0
LINE
  5
11D2
330
A02
100
AcDbEntity
  8
V_01_Base_Sensor_Sun_Gear_2
100
AcDbLine
 10
189.285097010
 20
142.500000000
 30
0.000000000
 11
189.285097010
 21
154.500000000
 31
0.000000000
  0
LINE
  5
11D3
330
A02
100
AcDbEntity
  8
V_01_Base_Sensor_Sun_Gear_2
100
AcDbLine
 10
230.234290617
 20
142.500000000
 30
0.000000000
 11
230.234290617
 21
154.500000000
 31
0.000000000
  0
LINE
  5
11D4
330
A02
100
AcDbEntity
  8
V_01_Base_Sensor_Sun_Gear_2
100
AcDbLine
 10
230.715150291
 20
142.500000000
 30
0.000000000
 11
230.715150291
 21
154.500000000
 31
0.000000000
  0
LINE
  5
11D5
330
A02
100
AcDbEntity
  8
V_01_Base_Sensor_Sun_Gear_2
100
AcDbLine
 10
187.948234459
 20
142.500000000
 30
0.000000000
 11
187.948234459
 21
154.500000000
 31
0.000000000
  0
LINE
  5
11D6
330
A02
100
AcDbEntity
  8
V_01_Base_Sensor_Sun_Gear_2
100
AcDbLine
 10
187.619381680
 20
142.500000000
 30
0.000000000
 11
187.619381680
 21
154.500000000
 31
0.000000000
  0
LINE
  5
11D7
330
A02
100
AcDbEntity
  8
V_01_Base_Sensor_Sun_Gear_2
100
AcDbLine
 10
232.051860095
 20
142.500000000
 30
0.000000000
 11
232.051860095
 21
154.500000000
 31
0.000000000
  0
LINE
  5
11D8
330
A02
100
AcDbEntity
  8
V_01_Base_Sensor_Sun_Gear_2
100
AcDbLine
 10
232.380804396
 20
142.500000000
 30
0.000000000
 11
232.380804396
 21
154.500000000
 31
0.000000000
  0
LINE
  5
11D9
330
A02
100
AcDbEntity
  8
V_01_Base_Sensor_Sun_Gear_2
100
AcDbLine
 10
186.800628320
 20
142.500000000
 30
0.000000000
 11
186.800628320
 21
154.500000000
 31
0.000000000
  0
LINE
  5
11DA
330
A02
100
AcDbEntity
  8
V_01_Base_Sensor_Sun_Gear_2
100
AcDbLine
 10
186.633690113
 20
142.500000000
 30
0.000000000
 11
186.633690113
 21
154.500000000
 31
0.000000000
  0
LINE
  5
11DB
330
A02
100
AcDbEntity
  8
V_01_Base_Sensor_Sun_Gear_2
100
AcDbLine
 10
233.199394962
 20
142.500000000
 30
0.000000000
 11
233.199394962
 21
154.500000000
 31
0.000000000
  0
LINE
  5
11DC
330
A02
100
AcDbEntity
  8
V_01_Base_Sensor_Sun_Gear_2
100
AcDbLine
 10
233.366429085
 20
142.500000000
 30
0.000000000
 11
233.366429085
 21
154.500000000
 31
0.000000000
  0
LINE
  5
11DD
330
A02
100
AcDbEntity
  8
V_01_Base_Sensor_Sun_Gear_2
100
AcDbLine
 10
186.357923350
 20
142.500000000
 30
0.000000000
 11
186.357923350
 21
154.500000000
 31
0.000000000
  0
LINE
  5
11DE
330
A02
100
AcDbEntity
  8
V_01_Base_Sensor_Sun_Gear_2
100
AcDbLine
 10
233.642027952
 20
142.500000000
 30
0.000000000
 11
233.642027952
 21
154.500000000
 31
0.000000000
  0
SPLINE
  5
11DF
330
A02
100
AcDbEntity
  8
V_01_Base_Sensor_Sun_Gear_2
100
AcDbSpline
210
0
220
0
230
1
 70
8
 71
1
 72
4
 73
2
 74
0
 40
0.000000000
 40
0.000000000
 40
1.000000000
 40
1.000000000
 10
205.107820952
 20
142.500000000
 30
0.000000000
 10
205.107820952
 20
154.500000000
 30
0.000000000
  0
SPLINE
  5
11E0
330
A02
100
AcDbEntity
  8
V_01_Base_Sensor_Sun_Gear_2
100
AcDbSpline
210
0
220
0
230
1
 70
8
 71
1
 72
4
 73
2
 74
0
 40
0.000000000
 40
0.000000000
 40
1.000000000
 40
1.000000000
 10
214.892183535
 20
142.500000000
 30
0.000000000
 10
214.892183535
 20
154.500000000
 30
0.000000000
  0
SPLINE
  5
11E1
330
A02
100
AcDbEntity
  8
V_01_Base_Sensor_Sun_Gear_2
100
AcDbSpline
210
0
220
0
230
1
 70
8
 71
1
 72
4
 73
2
 74
0
 40
0.000000000
 40
0.000000000
 40
1.000000000
 40
1.000000000
 10
201.416875431
 20
142.500000000
 30
0.000000000
 10
201.416875431
 20
154.500000000
 30
0.000000000
  0
SPLINE
  5
11E2
330
A02
100
AcDbEntity
  8
V_01_Base_Sensor_Sun_Gear_2
100
AcDbSpline
210
0
220
0
230
1
 70
8
 71
1
 72
4
 73
2
 74
0
 40
0.000000000
 40
0.000000000
 40
1.000000000
 40
1.000000000
 10
218.583258819
 20
142.500000000
 30
0.000000000
 10
218.583258819
 20
154.500000000
 30
0.000000000
  0
LINE
  5
11E3
330
A02
100
AcDbEntity
  8
V_01_Base_Sensor_Sun_Gear_2
100
AcDbLine
 10
186.353058895
 20
154.500000000
 30
0.000000000
 11
186.353058895
 21
142.500000000
 31
0.000000000
  0
LINE
  5
11E4
330
A02
100
AcDbEntity
  8
V_01_Base_Sensor_Sun_Gear_2
100
AcDbLine
 10
233.646941105
 20
154.500000000
 30
0.000000000
 11
233.646941105
 21
142.500000000
 31
0.000000000
  0
LINE
  5
11E5
330
A02
100
AcDbEntity
  8
V_01_Base_Sensor_Sun_Gear_2
100
AcDbLine
 10
208.362096222
 20
142.500000000
 30
0.000000000
 11
208.362096222
 21
154.500000000
 31
0.000000000
  0
LINE
  5
11E6
330
A02
100
AcDbEntity
  8
V_01_Base_Sensor_Sun_Gear_2
100
AcDbLine
 10
208.006349802
 20
142.500000000
 30
0.000000000
 11
208.006349802
 21
154.500000000
 31
0.000000000
  0
LINE
  5
11E7
330
A02
100
AcDbEntity
  8
V_01_Base_Sensor_Sun_Gear_2
100
AcDbLine
 10
211.637903778
 20
142.500000000
 30
0.000000000
 11
211.637903778
 21
154.500000000
 31
0.000000000
  0
LINE
  5
11E8
330
A02
100
AcDbEntity
  8
V_01_Base_Sensor_Sun_Gear_2
100
AcDbLine
 10
211.993650198
 20
142.500000000
 30
0.000000000
 11
211.993650198
 21
154.500000000
 31
0.000000000
  0
LINE
  5
11E9
330
A02
100
AcDbEntity
  8
V_01_Base_Sensor_Sun_Gear_2
100
AcDbLine
 10
204.780309123
 20
142.500000000
 30
0.000000000
 11
204.780309123
 21
154.500000000
 31
0.000000000
  0
LINE
  5
11EA
330
A02
100
AcDbEntity
  8
V_01_Base_Sensor_Sun_Gear_2
100
AcDbLine
 10
204.435371878
 20
142.500000000
 30
0.000000000
 11
204.435371878
 21
154.500000000
 31
0.000000000
  0
LINE
  5
11EB
330
A02
100
AcDbEntity
  8
V_01_Base_Sensor_Sun_Gear_2
100
AcDbLine
 10
215.219690877
 20
142.500000000
 30
0.000000000
 11
215.219690877
 21
154.500000000
 31
0.000000000
  0
LINE
  5
11EC
330
A02
100
AcDbEntity
  8
V_01_Base_Sensor_Sun_Gear_2
100
AcDbLine
 10
215.564628122
 20
142.500000000
 30
0.000000000
 11
215.564628122
 21
154.500000000
 31
0.000000000
  0
LINE
  5
11ED
330
A02
100
AcDbEntity
  8
V_01_Base_Sensor_Sun_Gear_2
100
AcDbLine
 10
201.357119691
 20
142.500000000
 30
0.000000000
 11
201.357119691
 21
154.500000000
 31
0.000000000
  0
LINE
  5
11EE
330
A02
100
AcDbEntity
  8
V_01_Base_Sensor_Sun_Gear_2
100
AcDbLine
 10
201.033472364
 20
142.500000000
 30
0.000000000
 11
201.033472364
 21
154.500000000
 31
0.000000000
  0
LINE
  5
11EF
330
A02
100
AcDbEntity
  8
V_01_Base_Sensor_Sun_Gear_2
100
AcDbLine
 10
218.642880309
 20
142.500000000
 30
0.000000000
 11
218.642880309
 21
154.500000000
 31
0.000000000
  0
LINE
  5
11F0
330
A02
100
AcDbEntity
  8
V_01_Base_Sensor_Sun_Gear_2
100
AcDbLine
 10
218.966527636
 20
142.500000000
 30
0.000000000
 11
218.966527636
 21
154.500000000
 31
0.000000000
  0
LINE
  5
11F1
330
A02
100
AcDbEntity
  8
V_01_Base_Sensor_Sun_Gear_3
100
AcDbLine
 10
224.163378022
 20
134.443977960
 30
0.000000000
 11
224.163378022
 21
144.241936931
 31
0.000000000
  0
LINE
  5
11F2
330
A02
100
AcDbEntity
  8
V_01_Base_Sensor_Sun_Gear_3
100
AcDbLine
 10
226.377594018
 20
133.752993840
 30
0.000000000
 11
226.377594018
 21
143.550952811
 31
0.000000000
  0
ELLIPSE
  5
11F3
330
A02
100
AcDbEntity
  8
V_01_Base_Sensor_Sun_Gear_3
100
AcDbEllipse
 10
223.837175850
 20
134.244631408
 30
0.000000000
 11
-0.475000000
 21
-0.000000000
 31
0.000000000
 40
0.577350269
 41
-2.327792991
 42
-1.820526930
  0
ELLIPSE
  5
11F4
330
A02
100
AcDbEntity
  8
V_01_Base_Sensor_Sun_Gear_3
100
AcDbEllipse
 10
223.837175850
 20
144.042590379
 30
0.000000000
 11
-0.475000000
 21
-0.000000000
 31
0.000000000
 40
0.577350269
 41
-2.327792991
 42
-0.863213342
  0
LINE
  5
11F5
330
A02
100
AcDbEntity
  8
V_01_Base_Sensor_Sun_Gear_3
100
AcDbLine
 10
227.057607082
 20
134.145559804
 30
0.000000000
 11
227.057607082
 21
143.943518775
 31
0.000000000
  0
ELLIPSE
  5
11F6
330
A02
100
AcDbEntity
  8
V_01_Base_Sensor_Sun_Gear_3
100
AcDbEllipse
 10
210.000971487
 20
143.601604666
 30
0.000000000
 11
23.646969597
 21
0.000000000
 31
0.000000000
 40
0.577350269
 41
5.477401947
 42
5.518071059
  0
ELLIPSE
  5
11F7
330
A02
100
AcDbEntity
  8
V_01_Base_Sensor_Sun_Gear_3
100
AcDbEllipse
 10
210.000971487
 20
153.399563637
 30
0.000000000
 11
23.646969597
 21
0.000000000
 31
0.000000000
 40
0.577350269
 41
5.477401947
 42
5.518071059
  0
ELLIPSE
  5
11F8
330
A02
100
AcDbEntity
  8
V_01_Base_Sensor_Sun_Gear_3
100
AcDbEllipse
 10
210.001132422
 20
143.601498394
 30
0.000000000
 11
23.646969597
 21
0.000000000
 31
0.000000000
 40
0.577350269
 41
5.302869021
 42
5.343538134
  0
ELLIPSE
  5
11F9
330
A02
100
AcDbEntity
  8
V_01_Base_Sensor_Sun_Gear_3
100
AcDbEllipse
 10
220.812860611
 20
132.999518542
 30
0.000000000
 11
-0.475000000
 21
0.000000000
 31
0.000000000
 40
0.577350269
 41
-2.502325917
 42
-1.037746267
  0
ELLIPSE
  5
11FA
330
A02
100
AcDbEntity
  8
V_01_Base_Sensor_Sun_Gear_3
100
AcDbEllipse
 10
210.000781034
 20
143.601693188
 30
0.000000000
 11
23.646969597
 21
0.000000000
 31
0.000000000
 40
0.577350269
 41
5.651934872
 42
5.692603985
  0
ELLIPSE
  5
11FB
330
A02
100
AcDbEntity
  8
V_01_Base_Sensor_Sun_Gear_3
100
AcDbEllipse
 10
210.000000000
 20
143.601020514
 30
0.000000000
 11
20.834469597
 21
0.000000000
 31
0.000000000
 40
0.577350269
 41
5.236584489
 42
5.244557921
  0
ELLIPSE
  5
11FC
330
A02
100
AcDbEntity
  8
V_01_Base_Sensor_Sun_Gear_3
100
AcDbEllipse
 10
210.001258948
 20
143.601377602
 30
0.000000000
 11
23.646969597
 21
0.000000000
 31
0.000000000
 40
0.577350269
 41
5.128336096
 42
5.169005209
  0
ELLIPSE
  5
11FD
330
A02
100
AcDbEntity
  8
V_01_Base_Sensor_Sun_Gear_3
100
AcDbEllipse
 10
217.460002074
 20
132.076526948
 30
0.000000000
 11
-0.475000000
 21
0.000000000
 31
0.000000000
 40
0.577350269
 41
-2.676858842
 42
-1.212279192
  0
ELLIPSE
  5
11FE
330
A02
100
AcDbEntity
  8
V_01_Base_Sensor_Sun_Gear_3
100
AcDbEllipse
 10
210.000566850
 20
143.601761272
 30
0.000000000
 11
23.646969597
 21
0.000000000
 31
0.000000000
 40
0.577350269
 41
5.826467797
 42
5.867136910
  0
ELLIPSE
  5
11FF
330
A02
100
AcDbEntity
  8
V_01_Base_Sensor_Sun_Gear_3
100
AcDbEllipse
 10
210.000000000
 20
143.601020514
 30
0.000000000
 11
20.834469597
 21
0.000000000
 31
0.000000000
 40
0.577350269
 41
5.052884666
 42
5.070024996
  0
ELLIPSE
  5
1200
330
A02
100
AcDbEntity
  8
V_01_Base_Sensor_Sun_Gear_3
100
AcDbEllipse
 10
217.115995037
 20
132.004237894
 30
0.000000000
 11
-0.475000000
 21
0.000000000
 31
0.000000000
 40
0.577350269
 41
-1.231183318
 42
-0.649063179
  0
ELLIPSE
  5
1201
330
A02
100
AcDbEntity
  8
V_01_Base_Sensor_Sun_Gear_3
100
AcDbEllipse
 10
210.001347222
 20
143.601245960
 30
0.000000000
 11
23.646969597
 21
0.000000000
 31
0.000000000
 40
0.577350269
 41
4.953803171
 42
4.994472284
  0
ELLIPSE
  5
1202
330
A02
100
AcDbEntity
  8
V_01_Base_Sensor_Sun_Gear_3
100
AcDbEllipse
 10
213.880475149
 20
131.503701260
 30
0.000000000
 11
-0.475000000
 21
0.000000000
 31
0.000000000
 40
0.577350269
 41
-2.851391767
 42
-1.386812117
  0
ELLIPSE
  5
1203
330
A02
100
AcDbEntity
  8
V_01_Base_Sensor_Sun_Gear_3
100
AcDbEllipse
 10
210.000335442
 20
143.601806848
 30
0.000000000
 11
23.646969597
 21
0.000000000
 31
0.000000000
 40
0.577350269
 41
6.001000722
 42
6.041669835
  0
ELLIPSE
  5
1204
330
A02
100
AcDbEntity
  8
V_01_Base_Sensor_Sun_Gear_3
100
AcDbEllipse
 10
210.000000000
 20
143.601020514
 30
0.000000000
 11
20.834469597
 21
0.000000000
 31
0.000000000
 40
0.577350269
 41
4.878351741
 42
4.895492071
  0
ELLIPSE
  5
1205
330
A02
100
AcDbEntity
  8
V_01_Base_Sensor_Sun_Gear_3
100
AcDbEllipse
 10
213.519952156
 20
131.466999147
 30
0.000000000
 11
-0.475000000
 21
0.000000000
 31
0.000000000
 40
0.577350269
 41
-1.405716243
 42
-0.000000000
  0
ELLIPSE
  5
1206
330
A02
100
AcDbEntity
  8
V_01_Base_Sensor_Sun_Gear_3
100
AcDbEllipse
 10
210.001394562
 20
143.601107468
 30
0.000000000
 11
23.646969597
 21
0.000000000
 31
0.000000000
 40
0.577350269
 41
4.779270246
 42
4.819939359
  0
ELLIPSE
  5
1207
330
A02
100
AcDbEntity
  8
V_01_Base_Sensor_Sun_Gear_3
100
AcDbEllipse
 10
210.183041950
 20
131.298446496
 30
0.000000000
 11
-0.475000000
 21
0.000000000
 31
0.000000000
 40
0.577350269
 41
-3.025924692
 42
-1.561345043
  0
ELLIPSE
  5
1208
330
A02
100
AcDbEntity
  8
V_01_Base_Sensor_Sun_Gear_3
100
AcDbEllipse
 10
210.000093843
 20
143.601828532
 30
0.000000000
 11
23.646969597
 21
0.000000000
 31
0.000000000
 40
0.577350269
 41
6.175533647
 42
6.216202760
  0
ELLIPSE
  5
1209
330
A02
100
AcDbEntity
  8
V_01_Base_Sensor_Sun_Gear_3
100
AcDbEllipse
 10
210.000000000
 20
143.601020514
 30
0.000000000
 11
20.834469597
 21
0.000000000
 31
0.000000000
 40
0.577350269
 41
4.703818815
 42
4.720959145
  0
ELLIPSE
  5
120A
330
A02
100
AcDbEntity
  8
V_01_Base_Sensor_Sun_Gear_3
100
AcDbEllipse
 10
209.816957310
 20
131.298446500
 30
0.000000000
 11
-0.475000000
 21
0.000000000
 31
0.000000000
 40
0.577350269
 41
-1.580249168
 42
-0.115632371
  0
ELLIPSE
  5
120B
330
A02
100
AcDbEntity
  8
V_01_Base_Sensor_Sun_Gear_3
100
AcDbEllipse
 10
210.001399528
 20
143.600966334
 30
0.000000000
 11
23.646969597
 21
0.000000000
 31
0.000000000
 40
0.577350269
 41
4.604737321
 42
4.645406433
  0
ELLIPSE
  5
120C
330
A02
100
AcDbEntity
  8
V_01_Base_Sensor_Sun_Gear_3
100
AcDbEllipse
 10
206.480047114
 20
131.466999218
 30
0.000000000
 11
-0.475000000
 21
0.000000000
 31
0.000000000
 40
0.577350269
 41
-3.141592654
 42
-1.735877968
  0
ELLIPSE
  5
120D
330
A02
100
AcDbEntity
  8
V_01_Base_Sensor_Sun_Gear_3
100
AcDbEllipse
 10
210.000000000
 20
143.601020514
 30
0.000000000
 11
20.834469597
 21
0.000000000
 31
0.000000000
 40
0.577350269
 41
4.529285890
 42
4.546426220
  0
ELLIPSE
  5
120E
330
A02
100
AcDbEntity
  8
V_01_Base_Sensor_Sun_Gear_3
100
AcDbEllipse
 10
206.119524124
 20
131.503701338
 30
0.000000000
 11
-0.475000000
 21
0.000000000
 31
0.000000000
 40
0.577350269
 41
-1.754782093
 42
-0.290165296
  0
ELLIPSE
  5
120F
330
A02
100
AcDbEntity
  8
V_01_Base_Sensor_Sun_Gear_3
100
AcDbEllipse
 10
210.001361970
 20
143.600826847
 30
0.000000000
 11
23.646969597
 21
-0.000000000
 31
0.000000000
 40
0.577350269
 41
4.430204395
 42
4.470873508
  0
ELLIPSE
  5
1210
330
A02
100
AcDbEntity
  8
V_01_Base_Sensor_Sun_Gear_3
100
AcDbEllipse
 10
202.884004266
 20
132.004238037
 30
0.000000000
 11
-0.475000000
 21
0.000000000
 31
0.000000000
 40
0.577350269
 41
-2.492653197
 42
-1.910410893
  0
ELLIPSE
  5
1211
330
A02
100
AcDbEntity
  8
V_01_Base_Sensor_Sun_Gear_3
100
AcDbEllipse
 10
210.000000000
 20
143.601020514
 30
0.000000000
 11
20.834469597
 21
0.000000000
 31
0.000000000
 40
0.577350269
 41
4.354752965
 42
4.371893295
  0
ELLIPSE
  5
1212
330
A02
100
AcDbEntity
  8
V_01_Base_Sensor_Sun_Gear_3
100
AcDbEllipse
 10
202.539997234
 20
132.076527098
 30
0.000000000
 11
-0.475000000
 21
0.000000000
 31
0.000000000
 40
0.577350269
 41
-1.929315019
 42
-0.464698222
  0
ELLIPSE
  5
1213
330
A02
100
AcDbEntity
  8
V_01_Base_Sensor_Sun_Gear_3
100
AcDbEllipse
 10
210.001283030
 20
143.600693243
 30
0.000000000
 11
23.646969597
 21
0.000000000
 31
0.000000000
 40
0.577350269
 41
4.255671470
 42
4.296340583
  0
ELLIPSE
  5
1214
330
A02
100
AcDbEntity
  8
V_01_Base_Sensor_Sun_Gear_3
100
AcDbEllipse
 10
210.000000000
 20
143.601020514
 30
0.000000000
 11
20.834469597
 21
-0.000000000
 31
0.000000000
 40
0.577350269
 41
4.180220040
 42
4.188213210
  0
ELLIPSE
  5
1215
330
A02
100
AcDbEntity
  8
V_01_Base_Sensor_Sun_Gear_3
100
AcDbEllipse
 10
199.187138752
 20
132.999518759
 30
0.000000000
 11
-0.475000000
 21
0.000000000
 31
0.000000000
 40
0.577350269
 41
-2.103847944
 42
-0.639231147
  0
ELLIPSE
  5
1216
330
A02
100
AcDbEntity
  8
V_01_Base_Sensor_Sun_Gear_3
100
AcDbEllipse
 10
210.001165105
 20
143.600569584
 30
0.000000000
 11
23.646969597
 21
-0.000000000
 31
0.000000000
 40
0.577350269
 41
4.081138545
 42
4.121807658
  0
ELLIPSE
  5
1217
330
A02
100
AcDbEntity
  8
V_01_Base_Sensor_Sun_Gear_3
100
AcDbEllipse
 10
196.162823588
 20
134.244631686
 30
0.000000000
 11
-0.475000000
 21
-0.000000000
 31
0.000000000
 40
0.577350269
 41
-1.321857696
 42
-0.813764072
  0
ELLIPSE
  5
1218
330
A02
100
AcDbEntity
  8
V_01_Base_Sensor_Sun_Gear_3
100
AcDbEllipse
 10
210.001011780
 20
143.600459626
 30
0.000000000
 11
23.646969597
 21
0.000000000
 31
0.000000000
 40
0.577350269
 41
3.906605620
 42
3.947274733
  0
ELLIPSE
  5
1219
330
A02
100
AcDbEntity
  8
V_01_Base_Sensor_Sun_Gear_3
100
AcDbEllipse
 10
210.000827712
 20
143.600366711
 30
0.000000000
 11
23.646969597
 21
0.000000000
 31
0.000000000
 40
0.577350269
 41
3.732072695
 42
3.772741807
  0
ELLIPSE
  5
121A
330
A02
100
AcDbEntity
  8
V_01_Base_Sensor_Sun_Gear_3
100
AcDbEllipse
 10
210.000618494
 20
143.600293660
 30
0.000000000
 11
23.646969597
 21
0.000000000
 31
0.000000000
 40
0.577350269
 41
3.557539769
 42
3.598208882
  0
ELLIPSE
  5
121B
330
A02
100
AcDbEntity
  8
V_01_Base_Sensor_Sun_Gear_3
100
AcDbEllipse
 10
210.000390483
 20
143.600242695
 30
0.000000000
 11
23.646969597
 21
0.000000000
 31
0.000000000
 40
0.577350269
 41
3.383006844
 42
3.423675957
  0
ELLIPSE
  5
121C
330
A02
100
AcDbEntity
  8
V_01_Base_Sensor_Sun_Gear_3
100
AcDbEllipse
 10
210.000150608
 20
143.600215364
 30
0.000000000
 11
23.646969597
 21
0.000000000
 31
0.000000000
 40
0.577350269
 41
3.208473919
 42
3.249143032
  0
ELLIPSE
  5
121D
330
A02
100
AcDbEntity
  8
V_01_Base_Sensor_Sun_Gear_3
100
AcDbEllipse
 10
210.000000000
 20
143.601020514
 30
0.000000000
 11
18.200000000
 21
0.000000000
 31
0.000000000
 40
0.577350269
 41
0.524196379
 42
2.656574690
  0
ELLIPSE
  5
121E
330
A02
100
AcDbEntity
  8
V_01_Base_Sensor_Sun_Gear_3
100
AcDbEllipse
 10
210.000000000
 20
153.398979486
 30
0.000000000
 11
20.834469597
 21
0.000000000
 31
0.000000000
 40
0.577350269
 41
5.401950516
 42
5.419090846
  0
ELLIPSE
  5
121F
330
A02
100
AcDbEntity
  8
V_01_Base_Sensor_Sun_Gear_3
100
AcDbEllipse
 10
223.556738741
 20
143.906731394
 30
0.000000000
 11
-0.475000000
 21
0.000000000
 31
0.000000000
 40
0.577350269
 41
-0.000000000
 42
-5.700685978
  0
ELLIPSE
  5
1220
330
A02
100
AcDbEntity
  8
V_01_Base_Sensor_Sun_Gear_3
100
AcDbEllipse
 10
223.556738741
 20
143.906731394
 30
0.000000000
 11
-0.475000000
 21
0.000000000
 31
0.000000000
 40
0.577350269
 41
-0.882117467
 42
-0.000000000
  0
ELLIPSE
  5
1221
330
A02
100
AcDbEntity
  8
V_01_Base_Sensor_Sun_Gear_3
100
AcDbEllipse
 10
226.205740827
 20
145.410081959
 30
0.000000000
 11
-0.475000000
 21
0.000000000
 31
0.000000000
 40
0.577350269
 41
-0.000000000
 42
-5.526153052
  0
ELLIPSE
  5
1222
330
A02
100
AcDbEntity
  8
V_01_Base_Sensor_Sun_Gear_3
100
AcDbEllipse
 10
226.205740827
 20
145.410081959
 30
0.000000000
 11
-0.475000000
 21
0.000000000
 31
0.000000000
 40
0.577350269
 41
-0.707584542
 42
-0.000000000
  0
ELLIPSE
  5
1223
330
A02
100
AcDbEntity
  8
V_01_Base_Sensor_Sun_Gear_3
100
AcDbEllipse
 10
210.000000000
 20
153.398979486
 30
0.000000000
 11
20.834469597
 21
-0.000000000
 31
0.000000000
 40
0.577350269
 41
5.576483441
 42
5.593623771
  0
ELLIPSE
  5
1224
330
A02
100
AcDbEntity
  8
V_01_Base_Sensor_Sun_Gear_3
100
AcDbEllipse
 10
210.001132422
 20
153.399457365
 30
0.000000000
 11
23.646969597
 21
0.000000000
 31
0.000000000
 40
0.577350269
 41
5.302869021
 42
5.343538134
  0
ELLIPSE
  5
1225
330
A02
100
AcDbEntity
  8
V_01_Base_Sensor_Sun_Gear_3
100
AcDbEllipse
 10
226.441055502
 20
145.571992394
 30
0.000000000
 11
-0.475000000
 21
0.000000000
 31
0.000000000
 40
0.577350269
 41
-2.153260066
 42
-0.688680417
  0
ELLIPSE
  5
1226
330
A02
100
AcDbEntity
  8
V_01_Base_Sensor_Sun_Gear_3
100
AcDbEllipse
 10
220.812860611
 20
142.797477513
 30
0.000000000
 11
-0.475000000
 21
0.000000000
 31
0.000000000
 40
0.577350269
 41
-2.502325917
 42
-1.037746267
  0
ELLIPSE
  5
1227
330
A02
100
AcDbEntity
  8
V_01_Base_Sensor_Sun_Gear_3
100
AcDbEllipse
 10
210.000781034
 20
153.399652160
 30
0.000000000
 11
23.646969597
 21
0.000000000
 31
0.000000000
 40
0.577350269
 41
5.651934872
 42
5.692603985
  0
ELLIPSE
  5
1228
330
A02
100
AcDbEntity
  8
V_01_Base_Sensor_Sun_Gear_3
100
AcDbEllipse
 10
210.000000000
 20
153.398979486
 30
0.000000000
 11
20.834469597
 21
0.000000000
 31
0.000000000
 40
0.577350269
 41
5.227417591
 42
5.244557921
  0
ELLIPSE
  5
1229
330
A02
100
AcDbEntity
  8
V_01_Base_Sensor_Sun_Gear_3
100
AcDbEllipse
 10
220.495822009
 20
142.691797984
 30
0.000000000
 11
-0.475000000
 21
0.000000000
 31
0.000000000
 40
0.577350269
 41
-0.000000000
 42
-5.875218903
  0
ELLIPSE
  5
122A
330
A02
100
AcDbEntity
  8
V_01_Base_Sensor_Sun_Gear_3
100
AcDbEllipse
 10
220.495822009
 20
142.691797984
 30
0.000000000
 11
-0.475000000
 21
0.000000000
 31
0.000000000
 40
0.577350269
 41
-1.056650393
 42
-0.000000000
  0
ELLIPSE
  5
122B
330
A02
100
AcDbEntity
  8
V_01_Base_Sensor_Sun_Gear_3
100
AcDbEllipse
 10
228.362339677
 20
147.156171133
 30
0.000000000
 11
-0.475000000
 21
0.000000000
 31
0.000000000
 40
0.577350269
 41
-0.000000000
 42
-5.351620127
  0
ELLIPSE
  5
122C
330
A02
100
AcDbEntity
  8
V_01_Base_Sensor_Sun_Gear_3
100
AcDbEllipse
 10
228.362339677
 20
147.156171133
 30
0.000000000
 11
-0.475000000
 21
0.000000000
 31
0.000000000
 40
0.577350269
 41
-0.533051617
 42
-0.000000000
  0
ELLIPSE
  5
122D
330
A02
100
AcDbEntity
  8
V_01_Base_Sensor_Sun_Gear_3
100
AcDbEllipse
 10
210.000000000
 20
153.398979486
 30
0.000000000
 11
20.834469597
 21
0.000000000
 31
0.000000000
 40
0.577350269
 41
5.751016367
 42
5.768156697
  0
ELLIPSE
  5
122E
330
A02
100
AcDbEntity
  8
V_01_Base_Sensor_Sun_Gear_3
100
AcDbEllipse
 10
210.001258948
 20
153.399336573
 30
0.000000000
 11
23.646969597
 21
0.000000000
 31
0.000000000
 40
0.577350269
 41
5.128336096
 42
5.169005209
  0
ELLIPSE
  5
122F
330
A02
100
AcDbEntity
  8
V_01_Base_Sensor_Sun_Gear_3
100
AcDbEllipse
 10
228.545382003
 20
147.339213451
 30
0.000000000
 11
-0.475000000
 21
0.000000000
 31
0.000000000
 40
0.577350269
 41
-1.978727141
 42
-0.514147491
  0
ELLIPSE
  5
1230
330
A02
100
AcDbEntity
  8
V_01_Base_Sensor_Sun_Gear_3
100
AcDbEllipse
 10
217.460002074
 20
141.874485919
 30
0.000000000
 11
-0.475000000
 21
0.000000000
 31
0.000000000
 40
0.577350269
 41
-2.676858842
 42
-1.212279192
  0
ELLIPSE
  5
1231
330
A02
100
AcDbEntity
  8
V_01_Base_Sensor_Sun_Gear_3
100
AcDbEllipse
 10
210.000566850
 20
153.399720243
 30
0.000000000
 11
23.646969597
 21
0.000000000
 31
0.000000000
 40
0.577350269
 41
5.826467797
 42
5.867136910
  0
ELLIPSE
  5
1232
330
A02
100
AcDbEntity
  8
V_01_Base_Sensor_Sun_Gear_3
100
AcDbEllipse
 10
210.000000000
 20
153.398979486
 30
0.000000000
 11
20.834469597
 21
0.000000000
 31
0.000000000
 40
0.577350269
 41
5.052884666
 42
5.070024996
  0
ELLIPSE
  5
1233
330
A02
100
AcDbEntity
  8
V_01_Base_Sensor_Sun_Gear_3
100
AcDbEllipse
 10
217.115995037
 20
141.802196865
 30
0.000000000
 11
-0.475000000
 21
0.000000000
 31
0.000000000
 40
0.577350269
 41
-0.000000000
 42
-6.049751828
  0
ELLIPSE
  5
1234
330
A02
100
AcDbEntity
  8
V_01_Base_Sensor_Sun_Gear_3
100
AcDbEllipse
 10
217.115995037
 20
141.802196865
 30
0.000000000
 11
-0.475000000
 21
0.000000000
 31
0.000000000
 40
0.577350269
 41
-1.231183318
 42
-0.000000000
  0
ELLIPSE
  5
1235
330
A02
100
AcDbEntity
  8
V_01_Base_Sensor_Sun_Gear_3
100
AcDbEllipse
 10
229.961008129
 20
149.091944880
 30
0.000000000
 11
-0.475000000
 21
-0.000000000
 31
0.000000000
 40
0.577350269
 41
-0.000000000
 42
-5.177087202
  0
ELLIPSE
  5
1236
330
A02
100
AcDbEntity
  8
V_01_Base_Sensor_Sun_Gear_3
100
AcDbEllipse
 10
229.961008129
 20
149.091944880
 30
0.000000000
 11
-0.475000000
 21
-0.000000000
 31
0.000000000
 40
0.577350269
 41
-0.358518692
 42
-0.000000000
  0
ELLIPSE
  5
1237
330
A02
100
AcDbEntity
  8
V_01_Base_Sensor_Sun_Gear_3
100
AcDbEllipse
 10
210.000000000
 20
153.398979486
 30
0.000000000
 11
20.834469597
 21
0.000000000
 31
0.000000000
 40
0.577350269
 41
5.925549292
 42
5.942689622
  0
ELLIPSE
  5
1238
330
A02
100
AcDbEntity
  8
V_01_Base_Sensor_Sun_Gear_3
100
AcDbEllipse
 10
210.001347222
 20
153.399204931
 30
0.000000000
 11
23.646969597
 21
0.000000000
 31
0.000000000
 40
0.577350269
 41
4.953803171
 42
4.994472284
  0
ELLIPSE
  5
1239
330
A02
100
AcDbEntity
  8
V_01_Base_Sensor_Sun_Gear_3
100
AcDbEllipse
 10
230.086216456
 20
149.290557433
 30
0.000000000
 11
-0.475000000
 21
0.000000000
 31
0.000000000
 40
0.577350269
 41
-1.804194216
 42
-0.339614566
  0
ELLIPSE
  5
123A
330
A02
100
AcDbEntity
  8
V_01_Base_Sensor_Sun_Gear_3
100
AcDbEllipse
 10
213.880475149
 20
141.301660231
 30
0.000000000
 11
-0.475000000
 21
0.000000000
 31
0.000000000
 40
0.577350269
 41
-2.851391767
 42
-1.386812117
  0
ELLIPSE
  5
123B
330
A02
100
AcDbEntity
  8
V_01_Base_Sensor_Sun_Gear_3
100
AcDbEllipse
 10
210.000335442
 20
153.399765820
 30
0.000000000
 11
23.646969597
 21
0.000000000
 31
0.000000000
 40
0.577350269
 41
6.001000722
 42
6.041669835
  0
ELLIPSE
  5
123C
330
A02
100
AcDbEntity
  8
V_01_Base_Sensor_Sun_Gear_3
100
AcDbEllipse
 10
210.000000000
 20
153.398979486
 30
0.000000000
 11
20.834469597
 21
0.000000000
 31
0.000000000
 40
0.577350269
 41
4.878351741
 42
4.895492071
  0
ELLIPSE
  5
123D
330
A02
100
AcDbEntity
  8
V_01_Base_Sensor_Sun_Gear_3
100
AcDbEllipse
 10
213.519952156
 20
141.264958119
 30
0.000000000
 11
-0.475000000
 21
0.000000000
 31
0.000000000
 40
0.577350269
 41
-0.000000000
 42
-6.224284753
  0
ELLIPSE
  5
123E
330
A02
100
AcDbEntity
  8
V_01_Base_Sensor_Sun_Gear_3
100
AcDbEllipse
 10
213.519952156
 20
141.264958119
 30
0.000000000
 11
-0.475000000
 21
0.000000000
 31
0.000000000
 40
0.577350269
 41
-1.405716243
 42
-0.000000000
  0
ELLIPSE
  5
123F
330
A02
100
AcDbEntity
  8
V_01_Base_Sensor_Sun_Gear_3
100
AcDbEllipse
 10
230.953171449
 20
151.158585694
 30
0.000000000
 11
-0.475000000
 21
0.000000000
 31
0.000000000
 40
0.577350269
 41
-0.000000000
 42
-5.002554277
  0
ELLIPSE
  5
1240
330
A02
100
AcDbEntity
  8
V_01_Base_Sensor_Sun_Gear_3
100
AcDbEllipse
 10
230.953171449
 20
151.158585694
 30
0.000000000
 11
-0.475000000
 21
0.000000000
 31
0.000000000
 40
0.577350269
 41
-0.183985767
 42
-0.000000000
  0
ELLIPSE
  5
1241
330
A02
100
AcDbEntity
  8
V_01_Base_Sensor_Sun_Gear_3
100
AcDbEllipse
 10
210.000000000
 20
153.398979486
 30
0.000000000
 11
20.834469597
 21
0.000000000
 31
0.000000000
 40
0.577350269
 41
6.100082217
 42
6.117222547
  0
ELLIPSE
  5
1242
330
A02
100
AcDbEntity
  8
V_01_Base_Sensor_Sun_Gear_3
100
AcDbEllipse
 10
210.001394562
 20
153.399066439
 30
0.000000000
 11
23.646969597
 21
0.000000000
 31
0.000000000
 40
0.577350269
 41
4.779270246
 42
4.819939359
  0
ELLIPSE
  5
1243
330
A02
100
AcDbEntity
  8
V_01_Base_Sensor_Sun_Gear_3
100
AcDbEllipse
 10
231.016741386
 20
151.366733739
 30
0.000000000
 11
-0.475000000
 21
0.000000000
 31
0.000000000
 40
0.577350269
 41
-1.629661291
 42
-0.165081641
  0
ELLIPSE
  5
1244
330
A02
100
AcDbEntity
  8
V_01_Base_Sensor_Sun_Gear_3
100
AcDbEllipse
 10
210.183041950
 20
141.096405467
 30
0.000000000
 11
-0.475000000
 21
0.000000000
 31
0.000000000
 40
0.577350269
 41
-3.025924692
 42
-1.561345043
  0
ELLIPSE
  5
1245
330
A02
100
AcDbEntity
  8
V_01_Base_Sensor_Sun_Gear_3
100
AcDbEllipse
 10
210.000093843
 20
153.399787503
 30
0.000000000
 11
23.646969597
 21
0.000000000
 31
0.000000000
 40
0.577350269
 41
6.175533647
 42
6.216202760
  0
ELLIPSE
  5
1246
330
A02
100
AcDbEntity
  8
V_01_Base_Sensor_Sun_Gear_3
100
AcDbEllipse
 10
210.000000000
 20
153.398979486
 30
0.000000000
 11
20.834469597
 21
0.000000000
 31
0.000000000
 40
0.577350269
 41
4.703818815
 42
4.720959145
  0
ELLIPSE
  5
1247
330
A02
100
AcDbEntity
  8
V_01_Base_Sensor_Sun_Gear_3
100
AcDbEllipse
 10
209.816957310
 20
141.096405471
 30
0.000000000
 11
-0.475000000
 21
0.000000000
 31
0.000000000
 40
0.577350269
 41
-1.580249168
 42
-0.115632371
  0
ELLIPSE
  5
1248
330
A02
100
AcDbEntity
  8
V_01_Base_Sensor_Sun_Gear_3
100
AcDbEllipse
 10
231.308683257
 20
153.293299739
 30
0.000000000
 11
-0.475000000
 21
0.000000000
 31
0.000000000
 40
0.577350269
 41
-0.000000000
 42
-4.828021352
  0
ELLIPSE
  5
1249
330
A02
100
AcDbEntity
  8
V_01_Base_Sensor_Sun_Gear_3
100
AcDbEllipse
 10
231.308683257
 20
153.293299739
 30
0.000000000
 11
-0.475000000
 21
0.000000000
 31
0.000000000
 40
0.577350269
 41
-0.009452841
 42
-0.000000000
  0
ELLIPSE
  5
124A
330
A02
100
AcDbEntity
  8
V_01_Base_Sensor_Sun_Gear_3
100
AcDbEllipse
 10
210.000000000
 20
153.398979486
 30
0.000000000
 11
20.834469597
 21
0.000000000
 31
0.000000000
 40
0.577350269
 41
6.274615142
 42
0.000000000
  0
ELLIPSE
  5
124B
330
A02
100
AcDbEntity
  8
V_01_Base_Sensor_Sun_Gear_3
100
AcDbEllipse
 10
210.000000000
 20
153.398979486
 30
0.000000000
 11
20.834469597
 21
0.000000000
 31
0.000000000
 40
0.577350269
 41
0.000000000
 42
0.008570165
  0
ELLIPSE
  5
124C
330
A02
100
AcDbEntity
  8
V_01_Base_Sensor_Sun_Gear_3
100
AcDbEllipse
 10
210.001399528
 20
153.398925305
 30
0.000000000
 11
23.646969597
 21
0.000000000
 31
0.000000000
 40
0.577350269
 41
4.604737321
 42
4.645406433
  0
ELLIPSE
  5
124D
330
A02
100
AcDbEntity
  8
V_01_Base_Sensor_Sun_Gear_3
100
AcDbEllipse
 10
231.308683264
 20
153.504658805
 30
0.000000000
 11
-0.475000000
 21
0.000000000
 31
0.000000000
 40
0.577350269
 41
-0.000000000
 42
-6.273734023
  0
ELLIPSE
  5
124E
330
A02
100
AcDbEntity
  8
V_01_Base_Sensor_Sun_Gear_3
100
AcDbEllipse
 10
231.308683264
 20
153.504658805
 30
0.000000000
 11
-0.475000000
 21
0.000000000
 31
0.000000000
 40
0.577350269
 41
-1.455128365
 42
-0.000000000
  0
ELLIPSE
  5
124F
330
A02
100
AcDbEntity
  8
V_01_Base_Sensor_Sun_Gear_3
100
AcDbEllipse
 10
206.480047114
 20
141.264958189
 30
0.000000000
 11
-0.475000000
 21
0.000000000
 31
0.000000000
 40
0.577350269
 41
-3.141592654
 42
-1.735877968
  0
ELLIPSE
  5
1250
330
A02
100
AcDbEntity
  8
V_01_Base_Sensor_Sun_Gear_3
100
AcDbEllipse
 10
206.480047114
 20
141.264958189
 30
0.000000000
 11
-0.475000000
 21
0.000000000
 31
0.000000000
 40
0.577350269
 41
-3.200457617
 42
-3.141592654
  0
ELLIPSE
  5
1251
330
A02
100
AcDbEntity
  8
V_01_Base_Sensor_Sun_Gear_3
100
AcDbEllipse
 10
209.999849392
 20
153.399784636
 30
0.000000000
 11
23.646969597
 21
0.000000000
 31
0.000000000
 40
0.577350269
 41
0.066881265
 42
0.107550378
  0
ELLIPSE
  5
1252
330
A02
100
AcDbEntity
  8
V_01_Base_Sensor_Sun_Gear_3
100
AcDbEllipse
 10
210.000000000
 20
153.398979486
 30
0.000000000
 11
20.834469597
 21
0.000000000
 31
0.000000000
 40
0.577350269
 41
4.529285890
 42
4.546426220
  0
ELLIPSE
  5
1253
330
A02
100
AcDbEntity
  8
V_01_Base_Sensor_Sun_Gear_3
100
AcDbEllipse
 10
206.119524124
 20
141.301660309
 30
0.000000000
 11
-0.475000000
 21
0.000000000
 31
0.000000000
 40
0.577350269
 41
-1.754782093
 42
-0.290165296
  0
ELLIPSE
  5
1254
330
A02
100
AcDbEntity
  8
V_01_Base_Sensor_Sun_Gear_3
100
AcDbEllipse
 10
231.016741508
 20
155.431224811
 30
0.000000000
 11
-0.475000000
 21
0.000000000
 31
0.000000000
 40
0.577350269
 41
-6.118105223
 42
-4.653488426
  0
ELLIPSE
  5
1255
330
A02
100
AcDbEntity
  8
V_01_Base_Sensor_Sun_Gear_3
100
AcDbEllipse
 10
210.000000000
 20
153.398979486
 30
0.000000000
 11
20.834469597
 21
0.000000000
 31
0.000000000
 40
0.577350269
 41
0.165962760
 42
0.183103090
  0
ELLIPSE
  5
1256
330
A02
100
AcDbEntity
  8
V_01_Base_Sensor_Sun_Gear_3
100
AcDbEllipse
 10
210.001361970
 20
153.398785818
 30
0.000000000
 11
23.646969597
 21
-0.000000000
 31
0.000000000
 40
0.577350269
 41
4.430204395
 42
4.470873508
  0
ELLIPSE
  5
1257
330
A02
100
AcDbEntity
  8
V_01_Base_Sensor_Sun_Gear_3
100
AcDbEllipse
 10
230.953171584
 20
155.639372857
 30
0.000000000
 11
-0.475000000
 21
0.000000000
 31
0.000000000
 40
0.577350269
 41
-0.000000000
 42
-6.099201098
  0
ELLIPSE
  5
1258
330
A02
100
AcDbEntity
  8
V_01_Base_Sensor_Sun_Gear_3
100
AcDbEllipse
 10
230.953171584
 20
155.639372857
 30
0.000000000
 11
-0.475000000
 21
0.000000000
 31
0.000000000
 40
0.577350269
 41
-1.280595440
 42
-0.000000000
  0
ELLIPSE
  5
1259
330
A02
100
AcDbEntity
  8
V_01_Base_Sensor_Sun_Gear_3
100
AcDbEllipse
 10
202.884004266
 20
141.802197008
 30
0.000000000
 11
-0.475000000
 21
0.000000000
 31
0.000000000
 40
0.577350269
 41
-3.141592654
 42
-1.910410893
  0
ELLIPSE
  5
125A
330
A02
100
AcDbEntity
  8
V_01_Base_Sensor_Sun_Gear_3
100
AcDbEllipse
 10
202.884004266
 20
141.802197008
 30
0.000000000
 11
-0.475000000
 21
0.000000000
 31
0.000000000
 40
0.577350269
 41
-3.374990543
 42
-3.141592654
  0
ELLIPSE
  5
125B
330
A02
100
AcDbEntity
  8
V_01_Base_Sensor_Sun_Gear_3
100
AcDbEllipse
 10
209.999609517
 20
153.399757305
 30
0.000000000
 11
23.646969597
 21
0.000000000
 31
0.000000000
 40
0.577350269
 41
0.241414191
 42
0.282083303
  0
ELLIPSE
  5
125C
330
A02
100
AcDbEntity
  8
V_01_Base_Sensor_Sun_Gear_3
100
AcDbEllipse
 10
210.000000000
 20
153.398979486
 30
0.000000000
 11
20.834469597
 21
0.000000000
 31
0.000000000
 40
0.577350269
 41
4.354752965
 42
4.371893295
  0
ELLIPSE
  5
125D
330
A02
100
AcDbEntity
  8
V_01_Base_Sensor_Sun_Gear_3
100
AcDbEllipse
 10
202.539997234
 20
141.874486069
 30
0.000000000
 11
-0.475000000
 21
0.000000000
 31
0.000000000
 40
0.577350269
 41
-1.929315019
 42
-0.464698222
  0
ELLIPSE
  5
125E
330
A02
100
AcDbEntity
  8
V_01_Base_Sensor_Sun_Gear_3
100
AcDbEllipse
 10
230.086216702
 20
157.507401136
 30
0.000000000
 11
-0.475000000
 21
0.000000000
 31
0.000000000
 40
0.577350269
 41
-5.943572298
 42
-4.478955501
  0
ELLIPSE
  5
125F
330
A02
100
AcDbEntity
  8
V_01_Base_Sensor_Sun_Gear_3
100
AcDbEllipse
 10
210.000000000
 20
153.398979486
 30
0.000000000
 11
20.834469597
 21
0.000000000
 31
0.000000000
 40
0.577350269
 41
0.340495685
 42
0.357636015
  0
ELLIPSE
  5
1260
330
A02
100
AcDbEntity
  8
V_01_Base_Sensor_Sun_Gear_3
100
AcDbEllipse
 10
210.001283030
 20
153.398652215
 30
0.000000000
 11
23.646969597
 21
0.000000000
 31
0.000000000
 40
0.577350269
 41
4.255671470
 42
4.296340583
  0
ELLIPSE
  5
1261
330
A02
100
AcDbEntity
  8
V_01_Base_Sensor_Sun_Gear_3
100
AcDbEllipse
 10
229.961008388
 20
157.706013691
 30
0.000000000
 11
-0.475000000
 21
0.000000000
 31
0.000000000
 40
0.577350269
 41
-0.000000000
 42
-5.924668173
  0
ELLIPSE
  5
1262
330
A02
100
AcDbEntity
  8
V_01_Base_Sensor_Sun_Gear_3
100
AcDbEllipse
 10
229.961008388
 20
157.706013691
 30
0.000000000
 11
-0.475000000
 21
0.000000000
 31
0.000000000
 40
0.577350269
 41
-1.106062515
 42
-0.000000000
  0
ELLIPSE
  5
1263
330
A02
100
AcDbEntity
  8
V_01_Base_Sensor_Sun_Gear_3
100
AcDbEllipse
 10
199.504177347
 20
142.691798194
 30
0.000000000
 11
-0.475000000
 21
0.000000000
 31
0.000000000
 40
0.577350269
 41
-3.141592654
 42
-2.084943818
  0
ELLIPSE
  5
1264
330
A02
100
AcDbEntity
  8
V_01_Base_Sensor_Sun_Gear_3
100
AcDbEllipse
 10
199.504177347
 20
142.691798194
 30
0.000000000
 11
-0.475000000
 21
0.000000000
 31
0.000000000
 40
0.577350269
 41
-3.549523468
 42
-3.141592654
  0
ELLIPSE
  5
1265
330
A02
100
AcDbEntity
  8
V_01_Base_Sensor_Sun_Gear_3
100
AcDbEllipse
 10
209.999381506
 20
153.399706340
 30
0.000000000
 11
23.646969597
 21
0.000000000
 31
0.000000000
 40
0.577350269
 41
0.415947116
 42
0.456616229
  0
ELLIPSE
  5
1266
330
A02
100
AcDbEntity
  8
V_01_Base_Sensor_Sun_Gear_3
100
AcDbEllipse
 10
210.000000000
 20
153.398979486
 30
0.000000000
 11
20.834469597
 21
-0.000000000
 31
0.000000000
 40
0.577350269
 41
4.180220040
 42
4.197360370
  0
ELLIPSE
  5
1267
330
A02
100
AcDbEntity
  8
V_01_Base_Sensor_Sun_Gear_3
100
AcDbEllipse
 10
199.187138752
 20
142.797477730
 30
0.000000000
 11
-0.475000000
 21
0.000000000
 31
0.000000000
 40
0.577350269
 41
-2.103847944
 42
-0.639231147
  0
ELLIPSE
  5
1268
330
A02
100
AcDbEntity
  8
V_01_Base_Sensor_Sun_Gear_3
100
AcDbEllipse
 10
228.545382367
 20
159.458745148
 30
0.000000000
 11
-0.475000000
 21
0.000000000
 31
0.000000000
 40
0.577350269
 41
-5.769039373
 42
-4.304422576
  0
ELLIPSE
  5
1269
330
A02
100
AcDbEntity
  8
V_01_Base_Sensor_Sun_Gear_3
100
AcDbEllipse
 10
210.000000000
 20
153.398979486
 30
0.000000000
 11
20.834469597
 21
0.000000000
 31
0.000000000
 40
0.577350269
 41
0.515028611
 42
0.532168941
  0
ELLIPSE
  5
126A
330
A02
100
AcDbEntity
  8
V_01_Base_Sensor_Sun_Gear_3
100
AcDbEllipse
 10
210.001165105
 20
153.398528555
 30
0.000000000
 11
23.646969597
 21
-0.000000000
 31
0.000000000
 40
0.577350269
 41
4.081138545
 42
4.121807658
  0
ELLIPSE
  5
126B
330
A02
100
AcDbEntity
  8
V_01_Base_Sensor_Sun_Gear_3
100
AcDbEllipse
 10
228.362340053
 20
159.641787470
 30
0.000000000
 11
-0.475000000
 21
-0.000000000
 31
0.000000000
 40
0.577350269
 41
-0.000000000
 42
-5.750135247
  0
ELLIPSE
  5
126C
330
A02
100
AcDbEntity
  8
V_01_Base_Sensor_Sun_Gear_3
100
AcDbEllipse
 10
228.362340053
 20
159.641787470
 30
0.000000000
 11
-0.475000000
 21
-0.000000000
 31
0.000000000
 40
0.577350269
 41
-0.931529590
 42
-0.000000000
  0
ELLIPSE
  5
126D
330
A02
100
AcDbEntity
  8
V_01_Base_Sensor_Sun_Gear_3
100
AcDbEllipse
 10
196.443260688
 20
143.906731666
 30
0.000000000
 11
-0.475000000
 21
-0.000000000
 31
0.000000000
 40
0.577350269
 41
-3.141592654
 42
-2.259476743
  0
ELLIPSE
  5
126E
330
A02
100
AcDbEntity
  8
V_01_Base_Sensor_Sun_Gear_3
100
AcDbEllipse
 10
196.443260688
 20
143.906731666
 30
0.000000000
 11
-0.475000000
 21
-0.000000000
 31
0.000000000
 40
0.577350269
 41
-3.724056393
 42
-3.141592654
  0
ELLIPSE
  5
126F
330
A02
100
AcDbEntity
  8
V_01_Base_Sensor_Sun_Gear_3
100
AcDbEllipse
 10
209.999172288
 20
153.399633289
 30
0.000000000
 11
23.646969597
 21
0.000000000
 31
0.000000000
 40
0.577350269
 41
0.590480041
 42
0.631149154
  0
ELLIPSE
  5
1270
330
A02
100
AcDbEntity
  8
V_01_Base_Sensor_Sun_Gear_3
100
AcDbEllipse
 10
210.000000000
 20
153.398979486
 30
0.000000000
 11
20.834469597
 21
-0.000000000
 31
0.000000000
 40
0.577350269
 41
4.005687115
 42
4.022827445
  0
ELLIPSE
  5
1271
330
A02
100
AcDbEntity
  8
V_01_Base_Sensor_Sun_Gear_3
100
AcDbEllipse
 10
196.162823588
 20
144.042590657
 30
0.000000000
 11
-0.475000000
 21
-0.000000000
 31
0.000000000
 40
0.577350269
 41
-2.278380869
 42
-0.813764072
  0
ELLIPSE
  5
1272
330
A02
100
AcDbEntity
  8
V_01_Base_Sensor_Sun_Gear_3
100
AcDbEllipse
 10
226.441055972
 20
161.225966247
 30
0.000000000
 11
-0.475000000
 21
-0.000000000
 31
0.000000000
 40
0.577350269
 41
-5.594506448
 42
-4.129889651
  0
ELLIPSE
  5
1273
330
A02
100
AcDbEntity
  8
V_01_Base_Sensor_Sun_Gear_3
100
AcDbEllipse
 10
210.000000000
 20
153.398979486
 30
0.000000000
 11
20.834469597
 21
0.000000000
 31
0.000000000
 40
0.577350269
 41
0.689561536
 42
0.706701866
  0
ELLIPSE
  5
1274
330
A02
100
AcDbEntity
  8
V_01_Base_Sensor_Sun_Gear_3
100
AcDbEllipse
 10
210.001011780
 20
153.398418597
 30
0.000000000
 11
23.646969597
 21
0.000000000
 31
0.000000000
 40
0.577350269
 41
3.906605620
 42
3.947274733
  0
ELLIPSE
  5
1275
330
A02
100
AcDbEntity
  8
V_01_Base_Sensor_Sun_Gear_3
100
AcDbEllipse
 10
226.205741307
 20
161.387876687
 30
0.000000000
 11
-0.475000000
 21
-0.000000000
 31
0.000000000
 40
0.577350269
 41
-0.000000000
 42
-5.575602322
  0
ELLIPSE
  5
1276
330
A02
100
AcDbEntity
  8
V_01_Base_Sensor_Sun_Gear_3
100
AcDbEllipse
 10
226.205741307
 20
161.387876687
 30
0.000000000
 11
-0.475000000
 21
-0.000000000
 31
0.000000000
 40
0.577350269
 41
-0.756996665
 42
-0.000000000
  0
ELLIPSE
  5
1277
330
A02
100
AcDbEntity
  8
V_01_Base_Sensor_Sun_Gear_3
100
AcDbEllipse
 10
193.794258693
 20
145.410082284
 30
0.000000000
 11
-0.475000000
 21
-0.000000000
 31
0.000000000
 40
0.577350269
 41
-3.141592654
 42
-2.434009669
  0
ELLIPSE
  5
1278
330
A02
100
AcDbEntity
  8
V_01_Base_Sensor_Sun_Gear_3
100
AcDbEllipse
 10
193.794258693
 20
145.410082284
 30
0.000000000
 11
-0.475000000
 21
-0.000000000
 31
0.000000000
 40
0.577350269
 41
-3.898589318
 42
-3.141592654
  0
ELLIPSE
  5
1279
330
A02
100
AcDbEntity
  8
V_01_Base_Sensor_Sun_Gear_3
100
AcDbEllipse
 10
209.998988220
 20
153.399540374
 30
0.000000000
 11
23.646969597
 21
0.000000000
 31
0.000000000
 40
0.577350269
 41
0.765012966
 42
0.805682079
  0
ELLIPSE
  5
127A
330
A02
100
AcDbEntity
  8
V_01_Base_Sensor_Sun_Gear_3
100
AcDbEllipse
 10
210.000000000
 20
153.398979486
 30
0.000000000
 11
20.834469597
 21
0.000000000
 31
0.000000000
 40
0.577350269
 41
3.831154189
 42
3.848294519
  0
ELLIPSE
  5
127B
330
A02
100
AcDbEntity
  8
V_01_Base_Sensor_Sun_Gear_3
100
AcDbEllipse
 10
193.558944028
 20
145.571992724
 30
0.000000000
 11
-0.475000000
 21
-0.000000000
 31
0.000000000
 40
0.577350269
 41
-2.452913794
 42
-0.988296997
  0
ELLIPSE
  5
127C
330
A02
100
AcDbEntity
  8
V_01_Base_Sensor_Sun_Gear_3
100
AcDbEllipse
 10
223.837176412
 20
162.755368314
 30
0.000000000
 11
-0.475000000
 21
0.000000000
 31
0.000000000
 40
0.577350269
 41
-5.419973523
 42
-3.955356726
  0
ELLIPSE
  5
127D
330
A02
100
AcDbEntity
  8
V_01_Base_Sensor_Sun_Gear_3
100
AcDbEllipse
 10
210.000000000
 20
153.398979486
 30
0.000000000
 11
20.834469597
 21
-0.000000000
 31
0.000000000
 40
0.577350269
 41
0.864094461
 42
0.881234791
  0
ELLIPSE
  5
127E
330
A02
100
AcDbEntity
  8
V_01_Base_Sensor_Sun_Gear_3
100
AcDbEllipse
 10
210.000827712
 20
153.398325682
 30
0.000000000
 11
23.646969597
 21
0.000000000
 31
0.000000000
 40
0.577350269
 41
3.732072695
 42
3.772741807
  0
ELLIPSE
  5
127F
330
A02
100
AcDbEntity
  8
V_01_Base_Sensor_Sun_Gear_3
100
AcDbEllipse
 10
223.556739312
 20
162.891227306
 30
0.000000000
 11
-0.475000000
 21
0.000000000
 31
0.000000000
 40
0.577350269
 41
-0.000000000
 42
-5.401069397
  0
ELLIPSE
  5
1280
330
A02
100
AcDbEntity
  8
V_01_Base_Sensor_Sun_Gear_3
100
AcDbEllipse
 10
223.556739312
 20
162.891227306
 30
0.000000000
 11
-0.475000000
 21
0.000000000
 31
0.000000000
 40
0.577350269
 41
-0.582463739
 42
-0.000000000
  0
ELLIPSE
  5
1281
330
A02
100
AcDbEntity
  8
V_01_Base_Sensor_Sun_Gear_3
100
AcDbEllipse
 10
191.637659947
 20
147.156171501
 30
0.000000000
 11
-0.475000000
 21
0.000000000
 31
0.000000000
 40
0.577350269
 41
-3.141592654
 42
-2.608542594
  0
ELLIPSE
  5
1282
330
A02
100
AcDbEntity
  8
V_01_Base_Sensor_Sun_Gear_3
100
AcDbEllipse
 10
191.637659947
 20
147.156171501
 30
0.000000000
 11
-0.475000000
 21
0.000000000
 31
0.000000000
 40
0.577350269
 41
-4.073122243
 42
-3.141592654
  0
ELLIPSE
  5
1283
330
A02
100
AcDbEntity
  8
V_01_Base_Sensor_Sun_Gear_3
100
AcDbEllipse
 10
209.998834895
 20
153.399430416
 30
0.000000000
 11
23.646969597
 21
0.000000000
 31
0.000000000
 40
0.577350269
 41
0.939545891
 42
0.980215004
  0
ELLIPSE
  5
1284
330
A02
100
AcDbEntity
  8
V_01_Base_Sensor_Sun_Gear_3
100
AcDbEllipse
 10
210.000000000
 20
153.398979486
 30
0.000000000
 11
20.834469597
 21
0.000000000
 31
0.000000000
 40
0.577350269
 41
3.656621264
 42
3.673761594
  0
ELLIPSE
  5
1285
330
A02
100
AcDbEntity
  8
V_01_Base_Sensor_Sun_Gear_3
100
AcDbEllipse
 10
191.454617633
 20
147.339213823
 30
0.000000000
 11
-0.475000000
 21
0.000000000
 31
0.000000000
 40
0.577350269
 41
-2.627446719
 42
-1.162829922
  0
ELLIPSE
  5
1286
330
A02
100
AcDbEntity
  8
V_01_Base_Sensor_Sun_Gear_3
100
AcDbEllipse
 10
220.812861248
 20
164.000481241
 30
0.000000000
 11
-0.475000000
 21
0.000000000
 31
0.000000000
 40
0.577350269
 41
-5.245440597
 42
-3.780823800
  0
ELLIPSE
  5
1287
330
A02
100
AcDbEntity
  8
V_01_Base_Sensor_Sun_Gear_3
100
AcDbEllipse
 10
210.000000000
 20
153.398979486
 30
0.000000000
 11
20.834469597
 21
0.000000000
 31
0.000000000
 40
0.577350269
 41
1.038627386
 42
1.055767716
  0
ELLIPSE
  5
1288
330
A02
100
AcDbEntity
  8
V_01_Base_Sensor_Sun_Gear_3
100
AcDbEllipse
 10
210.000618494
 20
153.398252632
 30
0.000000000
 11
23.646969597
 21
0.000000000
 31
0.000000000
 40
0.577350269
 41
3.557539769
 42
3.598208882
  0
ELLIPSE
  5
1289
330
A02
100
AcDbEntity
  8
V_01_Base_Sensor_Sun_Gear_3
100
AcDbEllipse
 10
220.495822653
 20
164.106160777
 30
0.000000000
 11
-0.475000000
 21
0.000000000
 31
0.000000000
 40
0.577350269
 41
-0.000000000
 42
-5.226536472
  0
ELLIPSE
  5
128A
330
A02
100
AcDbEntity
  8
V_01_Base_Sensor_Sun_Gear_3
100
AcDbEllipse
 10
220.495822653
 20
164.106160777
 30
0.000000000
 11
-0.475000000
 21
0.000000000
 31
0.000000000
 40
0.577350269
 41
-0.407930814
 42
-0.000000000
  0
ELLIPSE
  5
128B
330
A02
100
AcDbEntity
  8
V_01_Base_Sensor_Sun_Gear_3
100
AcDbEllipse
 10
190.038991612
 20
149.091945280
 30
0.000000000
 11
-0.475000000
 21
0.000000000
 31
0.000000000
 40
0.577350269
 41
-3.141592654
 42
-2.783075519
  0
ELLIPSE
  5
128C
330
A02
100
AcDbEntity
  8
V_01_Base_Sensor_Sun_Gear_3
100
AcDbEllipse
 10
190.038991612
 20
149.091945280
 30
0.000000000
 11
-0.475000000
 21
0.000000000
 31
0.000000000
 40
0.577350269
 41
-4.247655169
 42
-3.141592654
  0
ELLIPSE
  5
128D
330
A02
100
AcDbEntity
  8
V_01_Base_Sensor_Sun_Gear_3
100
AcDbEllipse
 10
209.998716970
 20
153.399306757
 30
0.000000000
 11
23.646969597
 21
0.000000000
 31
0.000000000
 40
0.577350269
 41
1.114078817
 42
1.154747929
  0
ELLIPSE
  5
128E
330
A02
100
AcDbEntity
  8
V_01_Base_Sensor_Sun_Gear_3
100
AcDbEllipse
 10
210.000000000
 20
153.398979486
 30
0.000000000
 11
20.834469597
 21
0.000000000
 31
0.000000000
 40
0.577350269
 41
3.482088339
 42
3.499228669
  0
ELLIPSE
  5
128F
330
A02
100
AcDbEntity
  8
V_01_Base_Sensor_Sun_Gear_3
100
AcDbEllipse
 10
189.913783298
 20
149.290557835
 30
0.000000000
 11
-0.475000000
 21
0.000000000
 31
0.000000000
 40
0.577350269
 41
-2.801979645
 42
-1.337362848
  0
ELLIPSE
  5
1290
330
A02
100
AcDbEntity
  8
V_01_Base_Sensor_Sun_Gear_3
100
AcDbEllipse
 10
217.460002766
 20
164.923472902
 30
0.000000000
 11
-0.475000000
 21
-0.000000000
 31
0.000000000
 40
0.577350269
 41
-5.070907672
 42
-3.606290875
  0
ELLIPSE
  5
1291
330
A02
100
AcDbEntity
  8
V_01_Base_Sensor_Sun_Gear_3
100
AcDbEllipse
 10
210.000000000
 20
153.398979486
 30
0.000000000
 11
20.834469597
 21
0.000000000
 31
0.000000000
 40
0.577350269
 41
1.213160311
 42
1.230300641
  0
ELLIPSE
  5
1292
330
A02
100
AcDbEntity
  8
V_01_Base_Sensor_Sun_Gear_3
100
AcDbEllipse
 10
210.000390483
 20
153.398201666
 30
0.000000000
 11
23.646969597
 21
0.000000000
 31
0.000000000
 40
0.577350269
 41
3.383006844
 42
3.423675957
  0
ELLIPSE
  5
1293
330
A02
100
AcDbEntity
  8
V_01_Base_Sensor_Sun_Gear_3
100
AcDbEllipse
 10
217.115995734
 20
164.995761963
 30
0.000000000
 11
-0.475000000
 21
0.000000000
 31
0.000000000
 40
0.577350269
 41
-0.000000000
 42
-5.052003547
  0
ELLIPSE
  5
1294
330
A02
100
AcDbEntity
  8
V_01_Base_Sensor_Sun_Gear_3
100
AcDbEllipse
 10
217.115995734
 20
164.995761963
 30
0.000000000
 11
-0.475000000
 21
0.000000000
 31
0.000000000
 40
0.577350269
 41
-0.233397889
 42
-0.000000000
  0
ELLIPSE
  5
1295
330
A02
100
AcDbEntity
  8
V_01_Base_Sensor_Sun_Gear_3
100
AcDbEllipse
 10
189.046828416
 20
151.158586114
 30
0.000000000
 11
-0.475000000
 21
0.000000000
 31
0.000000000
 40
0.577350269
 41
-3.141592654
 42
-2.957608444
  0
ELLIPSE
  5
1296
330
A02
100
AcDbEntity
  8
V_01_Base_Sensor_Sun_Gear_3
100
AcDbEllipse
 10
189.046828416
 20
151.158586114
 30
0.000000000
 11
-0.475000000
 21
0.000000000
 31
0.000000000
 40
0.577350269
 41
-4.422188094
 42
-3.141592654
  0
ELLIPSE
  5
1297
330
A02
100
AcDbEntity
  8
V_01_Base_Sensor_Sun_Gear_3
100
AcDbEllipse
 10
209.998638030
 20
153.399173153
 30
0.000000000
 11
23.646969597
 21
0.000000000
 31
0.000000000
 40
0.577350269
 41
1.288611742
 42
1.329280855
  0
ELLIPSE
  5
1298
330
A02
100
AcDbEntity
  8
V_01_Base_Sensor_Sun_Gear_3
100
AcDbEllipse
 10
210.000000000
 20
153.398979486
 30
0.000000000
 11
20.834469597
 21
0.000000000
 31
0.000000000
 40
0.577350269
 41
3.307555414
 42
3.324695744
  0
ELLIPSE
  5
1299
330
A02
100
AcDbEntity
  8
V_01_Base_Sensor_Sun_Gear_3
100
AcDbEllipse
 10
188.983258492
 20
151.366734161
 30
0.000000000
 11
-0.475000000
 21
0.000000000
 31
0.000000000
 40
0.577350269
 41
-2.976512570
 42
-1.511895773
  0
ELLIPSE
  5
129A
330
A02
100
AcDbEntity
  8
V_01_Base_Sensor_Sun_Gear_3
100
AcDbEllipse
 10
213.880475876
 20
165.496298662
 30
0.000000000
 11
-0.475000000
 21
0.000000000
 31
0.000000000
 40
0.577350269
 41
-4.896374747
 42
-3.431757950
  0
ELLIPSE
  5
129B
330
A02
100
AcDbEntity
  8
V_01_Base_Sensor_Sun_Gear_3
100
AcDbEllipse
 10
210.000000000
 20
153.398979486
 30
0.000000000
 11
20.834469597
 21
0.000000000
 31
0.000000000
 40
0.577350269
 41
1.387693237
 42
1.404833567
  0
ELLIPSE
  5
129C
330
A02
100
AcDbEntity
  8
V_01_Base_Sensor_Sun_Gear_3
100
AcDbEllipse
 10
210.000150608
 20
153.398174335
 30
0.000000000
 11
23.646969597
 21
0.000000000
 31
0.000000000
 40
0.577350269
 41
3.208473919
 42
3.249143032
  0
ELLIPSE
  5
129D
330
A02
100
AcDbEntity
  8
V_01_Base_Sensor_Sun_Gear_3
100
AcDbEllipse
 10
213.519952886
 20
165.533000782
 30
0.000000000
 11
-0.475000000
 21
0.000000000
 31
0.000000000
 40
0.577350269
 41
-0.000000000
 42
-4.877470621
  0
ELLIPSE
  5
129E
330
A02
100
AcDbEntity
  8
V_01_Base_Sensor_Sun_Gear_3
100
AcDbEllipse
 10
213.519952886
 20
165.533000782
 30
0.000000000
 11
-0.475000000
 21
0.000000000
 31
0.000000000
 40
0.577350269
 41
-0.058864964
 42
-0.000000000
  0
ELLIPSE
  5
129F
330
A02
100
AcDbEntity
  8
V_01_Base_Sensor_Sun_Gear_3
100
AcDbEllipse
 10
188.691316736
 20
153.293300166
 30
0.000000000
 11
-0.475000000
 21
0.000000000
 31
0.000000000
 40
0.577350269
 41
-3.141592654
 42
-3.132141369
  0
ELLIPSE
  5
12A0
330
A02
100
AcDbEntity
  8
V_01_Base_Sensor_Sun_Gear_3
100
AcDbEllipse
 10
188.691316736
 20
153.293300166
 30
0.000000000
 11
-0.475000000
 21
0.000000000
 31
0.000000000
 40
0.577350269
 41
-4.596721019
 42
-3.141592654
  0
ELLIPSE
  5
12A1
330
A02
100
AcDbEntity
  8
V_01_Base_Sensor_Sun_Gear_3
100
AcDbEllipse
 10
209.998600472
 20
153.399033666
 30
0.000000000
 11
23.646969597
 21
0.000000000
 31
0.000000000
 40
0.577350269
 41
1.463144667
 42
1.503813780
  0
ELLIPSE
  5
12A2
330
A02
100
AcDbEntity
  8
V_01_Base_Sensor_Sun_Gear_3
100
AcDbEllipse
 10
210.000000000
 20
153.398979486
 30
0.000000000
 11
20.834469597
 21
0.000000000
 31
0.000000000
 40
0.577350269
 41
3.133022489
 42
3.141592654
  0
ELLIPSE
  5
12A3
330
A02
100
AcDbEntity
  8
V_01_Base_Sensor_Sun_Gear_3
100
AcDbEllipse
 10
210.000000000
 20
153.398979486
 30
0.000000000
 11
20.834469597
 21
0.000000000
 31
0.000000000
 40
0.577350269
 41
3.141592654
 42
3.150162819
  0
ELLIPSE
  5
12A4
330
A02
100
AcDbEntity
  8
V_01_Base_Sensor_Sun_Gear_3
100
AcDbEllipse
 10
188.691316743
 20
153.504659232
 30
0.000000000
 11
-0.475000000
 21
0.000000000
 31
0.000000000
 40
0.577350269
 41
-3.141592654
 42
-1.686428698
  0
ELLIPSE
  5
12A5
330
A02
100
AcDbEntity
  8
V_01_Base_Sensor_Sun_Gear_3
100
AcDbEllipse
 10
188.691316743
 20
153.504659232
 30
0.000000000
 11
-0.475000000
 21
0.000000000
 31
0.000000000
 40
0.577350269
 41
-3.151045495
 42
-3.141592654
  0
ELLIPSE
  5
12A6
330
A02
100
AcDbEntity
  8
V_01_Base_Sensor_Sun_Gear_3
100
AcDbEllipse
 10
210.183042690
 20
165.701553500
 30
0.000000000
 11
-0.475000000
 21
0.000000000
 31
0.000000000
 40
0.577350269
 41
-4.721841822
 42
-3.257225025
  0
ELLIPSE
  5
12A7
330
A02
100
AcDbEntity
  8
V_01_Base_Sensor_Sun_Gear_3
100
AcDbEllipse
 10
210.000000000
 20
153.398979486
 30
0.000000000
 11
20.834469597
 21
0.000000000
 31
0.000000000
 40
0.577350269
 41
1.562226162
 42
1.579366492
  0
ELLIPSE
  5
12A8
330
A02
100
AcDbEntity
  8
V_01_Base_Sensor_Sun_Gear_3
100
AcDbEllipse
 10
209.999906157
 20
153.398171468
 30
0.000000000
 11
23.646969597
 21
0.000000000
 31
0.000000000
 40
0.577350269
 41
3.033940994
 42
3.074610107
  0
ELLIPSE
  5
12A9
330
A02
100
AcDbEntity
  8
V_01_Base_Sensor_Sun_Gear_3
100
AcDbEllipse
 10
209.816958050
 20
165.701553504
 30
0.000000000
 11
-0.475000000
 21
0.000000000
 31
0.000000000
 40
0.577350269
 41
-6.167517346
 42
-4.702937696
  0
ELLIPSE
  5
12AA
330
A02
100
AcDbEntity
  8
V_01_Base_Sensor_Sun_Gear_3
100
AcDbEllipse
 10
188.983258614
 20
155.431225232
 30
0.000000000
 11
-0.475000000
 21
0.000000000
 31
0.000000000
 40
0.577350269
 41
-4.771253944
 42
-3.306674295
  0
ELLIPSE
  5
12AB
330
A02
100
AcDbEntity
  8
V_01_Base_Sensor_Sun_Gear_3
100
AcDbEllipse
 10
209.998605438
 20
153.398892532
 30
0.000000000
 11
23.646969597
 21
0.000000000
 31
0.000000000
 40
0.577350269
 41
1.637677592
 42
1.678346705
  0
ELLIPSE
  5
12AC
330
A02
100
AcDbEntity
  8
V_01_Base_Sensor_Sun_Gear_3
100
AcDbEllipse
 10
210.000000000
 20
153.398979486
 30
0.000000000
 11
20.834469597
 21
0.000000000
 31
0.000000000
 40
0.577350269
 41
2.958489563
 42
2.975629893
  0
ELLIPSE
  5
12AD
330
A02
100
AcDbEntity
  8
V_01_Base_Sensor_Sun_Gear_3
100
AcDbEllipse
 10
189.046828551
 20
155.639373277
 30
0.000000000
 11
-0.475000000
 21
0.000000000
 31
0.000000000
 40
0.577350269
 41
-3.141592654
 42
-1.860961623
  0
ELLIPSE
  5
12AE
330
A02
100
AcDbEntity
  8
V_01_Base_Sensor_Sun_Gear_3
100
AcDbEllipse
 10
189.046828551
 20
155.639373277
 30
0.000000000
 11
-0.475000000
 21
0.000000000
 31
0.000000000
 40
0.577350269
 41
-3.325578420
 42
-3.141592654
  0
ELLIPSE
  5
12AF
330
A02
100
AcDbEntity
  8
V_01_Base_Sensor_Sun_Gear_3
100
AcDbEllipse
 10
206.480047844
 20
165.533000853
 30
0.000000000
 11
-0.475000000
 21
0.000000000
 31
0.000000000
 40
0.577350269
 41
-3.141592654
 42
-3.082692100
  0
ELLIPSE
  5
12B0
330
A02
100
AcDbEntity
  8
V_01_Base_Sensor_Sun_Gear_3
100
AcDbEllipse
 10
206.480047844
 20
165.533000853
 30
0.000000000
 11
-0.475000000
 21
0.000000000
 31
0.000000000
 40
0.577350269
 41
-4.547308897
 42
-3.141592654
  0
ELLIPSE
  5
12B1
330
A02
100
AcDbEntity
  8
V_01_Base_Sensor_Sun_Gear_3
100
AcDbEllipse
 10
210.000000000
 20
153.398979485
 30
0.000000000
 11
20.834469597
 21
0.000000000
 31
0.000000000
 40
0.577350269
 41
1.736759087
 42
1.753899417
  0
ELLIPSE
  5
12B2
330
A02
100
AcDbEntity
  8
V_01_Base_Sensor_Sun_Gear_3
100
AcDbEllipse
 10
209.999664558
 20
153.398193152
 30
0.000000000
 11
23.646969597
 21
0.000000000
 31
0.000000000
 40
0.577350269
 41
2.859408069
 42
2.900077181
  0
ELLIPSE
  5
12B3
330
A02
100
AcDbEntity
  8
V_01_Base_Sensor_Sun_Gear_3
100
AcDbEllipse
 10
206.119524851
 20
165.496298740
 30
0.000000000
 11
-0.475000000
 21
0.000000000
 31
0.000000000
 40
0.577350269
 41
-5.992984421
 42
-4.528404771
  0
ELLIPSE
  5
12B4
330
A02
100
AcDbEntity
  8
V_01_Base_Sensor_Sun_Gear_3
100
AcDbEllipse
 10
189.913783544
 20
157.507401538
 30
0.000000000
 11
-0.475000000
 21
0.000000000
 31
0.000000000
 40
0.577350269
 41
-4.945786869
 42
-3.481207220
  0
ELLIPSE
  5
12B5
330
A02
100
AcDbEntity
  8
V_01_Base_Sensor_Sun_Gear_3
100
AcDbEllipse
 10
209.998652778
 20
153.398754040
 30
0.000000000
 11
23.646969597
 21
0.000000000
 31
0.000000000
 40
0.577350269
 41
1.812210517
 42
1.852879630
  0
ELLIPSE
  5
12B6
330
A02
100
AcDbEntity
  8
V_01_Base_Sensor_Sun_Gear_3
100
AcDbEllipse
 10
210.000000000
 20
153.398979486
 30
0.000000000
 11
20.834469597
 21
0.000000000
 31
0.000000000
 40
0.577350269
 41
2.783956638
 42
2.801096968
  0
ELLIPSE
  5
12B7
330
A02
100
AcDbEntity
  8
V_01_Base_Sensor_Sun_Gear_3
100
AcDbEllipse
 10
190.038991871
 20
157.706014091
 30
0.000000000
 11
-0.475000000
 21
0.000000000
 31
0.000000000
 40
0.577350269
 41
-3.141592654
 42
-2.035494548
  0
ELLIPSE
  5
12B8
330
A02
100
AcDbEntity
  8
V_01_Base_Sensor_Sun_Gear_3
100
AcDbEllipse
 10
190.038991871
 20
157.706014091
 30
0.000000000
 11
-0.475000000
 21
0.000000000
 31
0.000000000
 40
0.577350269
 41
-3.500111345
 42
-3.141592654
  0
ELLIPSE
  5
12B9
330
A02
100
AcDbEntity
  8
V_01_Base_Sensor_Sun_Gear_3
100
AcDbEllipse
 10
202.884004963
 20
164.995762106
 30
0.000000000
 11
-0.475000000
 21
0.000000000
 31
0.000000000
 40
0.577350269
 41
-3.141592654
 42
-2.908159174
  0
ELLIPSE
  5
12BA
330
A02
100
AcDbEntity
  8
V_01_Base_Sensor_Sun_Gear_3
100
AcDbEllipse
 10
202.884004963
 20
164.995762106
 30
0.000000000
 11
-0.475000000
 21
0.000000000
 31
0.000000000
 40
0.577350269
 41
-4.372775971
 42
-3.141592654
  0
ELLIPSE
  5
12BB
330
A02
100
AcDbEntity
  8
V_01_Base_Sensor_Sun_Gear_3
100
AcDbEllipse
 10
210.000000000
 20
153.398979486
 30
0.000000000
 11
20.834469597
 21
0.000000000
 31
0.000000000
 40
0.577350269
 41
1.911292012
 42
1.928432342
  0
ELLIPSE
  5
12BC
330
A02
100
AcDbEntity
  8
V_01_Base_Sensor_Sun_Gear_3
100
AcDbEllipse
 10
209.999433150
 20
153.398238728
 30
0.000000000
 11
23.646969597
 21
0.000000000
 31
0.000000000
 40
0.577350269
 41
2.684875143
 42
2.725544256
  0
ELLIPSE
  5
12BD
330
A02
100
AcDbEntity
  8
V_01_Base_Sensor_Sun_Gear_3
100
AcDbEllipse
 10
202.539997926
 20
164.923473052
 30
0.000000000
 11
-0.475000000
 21
0.000000000
 31
0.000000000
 40
0.577350269
 41
-5.818451495
 42
-4.353871846
  0
ELLIPSE
  5
12BE
330
A02
100
AcDbEntity
  8
V_01_Base_Sensor_Sun_Gear_3
100
AcDbEllipse
 10
191.454617997
 20
159.458745520
 30
0.000000000
 11
-0.475000000
 21
0.000000000
 31
0.000000000
 40
0.577350269
 41
-5.120319795
 42
-3.655740145
  0
ELLIPSE
  5
12BF
330
A02
100
AcDbEntity
  8
V_01_Base_Sensor_Sun_Gear_3
100
AcDbEllipse
 10
209.998741052
 20
153.398622398
 30
0.000000000
 11
23.646969597
 21
0.000000000
 31
0.000000000
 40
0.577350269
 41
1.986743443
 42
2.027412555
  0
ELLIPSE
  5
12C0
330
A02
100
AcDbEntity
  8
V_01_Base_Sensor_Sun_Gear_3
100
AcDbEllipse
 10
210.000000000
 20
153.398979486
 30
0.000000000
 11
20.834469597
 21
0.000000000
 31
0.000000000
 40
0.577350269
 41
2.609423713
 42
2.626564043
  0
ELLIPSE
  5
12C1
330
A02
100
AcDbEntity
  8
V_01_Base_Sensor_Sun_Gear_3
100
AcDbEllipse
 10
191.637660323
 20
159.641787838
 30
0.000000000
 11
-0.475000000
 21
0.000000000
 31
0.000000000
 40
0.577350269
 41
-3.141592654
 42
-2.210027474
  0
ELLIPSE
  5
12C2
330
A02
100
AcDbEntity
  8
V_01_Base_Sensor_Sun_Gear_3
100
AcDbEllipse
 10
191.637660323
 20
159.641787838
 30
0.000000000
 11
-0.475000000
 21
0.000000000
 31
0.000000000
 40
0.577350269
 41
-3.674644271
 42
-3.141592654
  0
ELLIPSE
  5
12C3
330
A02
100
AcDbEntity
  8
V_01_Base_Sensor_Sun_Gear_3
100
AcDbEllipse
 10
199.504177991
 20
164.106160987
 30
0.000000000
 11
-0.475000000
 21
0.000000000
 31
0.000000000
 40
0.577350269
 41
-3.141592654
 42
-2.733626249
  0
ELLIPSE
  5
12C4
330
A02
100
AcDbEntity
  8
V_01_Base_Sensor_Sun_Gear_3
100
AcDbEllipse
 10
199.504177991
 20
164.106160987
 30
0.000000000
 11
-0.475000000
 21
0.000000000
 31
0.000000000
 40
0.577350269
 41
-4.198243046
 42
-3.141592654
  0
ELLIPSE
  5
12C5
330
A02
100
AcDbEntity
  8
V_01_Base_Sensor_Sun_Gear_3
100
AcDbEllipse
 10
210.000000000
 20
153.398979486
 30
0.000000000
 11
20.834469597
 21
0.000000000
 31
0.000000000
 40
0.577350269
 41
2.085824937
 42
2.102965267
  0
ELLIPSE
  5
12C6
330
A02
100
AcDbEntity
  8
V_01_Base_Sensor_Sun_Gear_3
100
AcDbEllipse
 10
209.999218966
 20
153.398306812
 30
0.000000000
 11
23.646969597
 21
-0.000000000
 31
0.000000000
 40
0.577350269
 41
2.510342218
 42
2.551011331
  0
ELLIPSE
  5
12C7
330
A02
100
AcDbEntity
  8
V_01_Base_Sensor_Sun_Gear_3
100
AcDbEllipse
 10
199.187139389
 20
164.000481458
 30
0.000000000
 11
-0.475000000
 21
0.000000000
 31
0.000000000
 40
0.577350269
 41
-5.643918570
 42
-4.179338921
  0
ELLIPSE
  5
12C8
330
A02
100
AcDbEntity
  8
V_01_Base_Sensor_Sun_Gear_3
100
AcDbEllipse
 10
193.558944498
 20
161.225966577
 30
0.000000000
 11
-0.475000000
 21
0.000000000
 31
0.000000000
 40
0.577350269
 41
-5.294852720
 42
-3.830273070
  0
ELLIPSE
  5
12C9
330
A02
100
AcDbEntity
  8
V_01_Base_Sensor_Sun_Gear_3
100
AcDbEllipse
 10
209.998867578
 20
153.398501606
 30
0.000000000
 11
23.646969597
 21
0.000000000
 31
0.000000000
 40
0.577350269
 41
2.161276368
 42
2.201945481
  0
ELLIPSE
  5
12CA
330
A02
100
AcDbEntity
  8
V_01_Base_Sensor_Sun_Gear_3
100
AcDbEllipse
 10
210.000000000
 20
153.398979486
 30
0.000000000
 11
20.834469597
 21
-0.000000000
 31
0.000000000
 40
0.577350269
 41
2.434890788
 42
2.452031118
  0
ELLIPSE
  5
12CB
330
A02
100
AcDbEntity
  8
V_01_Base_Sensor_Sun_Gear_3
100
AcDbEllipse
 10
193.794259173
 20
161.387877012
 30
0.000000000
 11
-0.475000000
 21
-0.000000000
 31
0.000000000
 40
0.577350269
 41
-3.141592654
 42
-2.384560399
  0
ELLIPSE
  5
12CC
330
A02
100
AcDbEntity
  8
V_01_Base_Sensor_Sun_Gear_3
100
AcDbEllipse
 10
193.794259173
 20
161.387877012
 30
0.000000000
 11
-0.475000000
 21
-0.000000000
 31
0.000000000
 40
0.577350269
 41
-3.849177196
 42
-3.141592654
  0
ELLIPSE
  5
12CD
330
A02
100
AcDbEntity
  8
V_01_Base_Sensor_Sun_Gear_3
100
AcDbEllipse
 10
196.443261259
 20
162.891227577
 30
0.000000000
 11
-0.475000000
 21
0.000000000
 31
0.000000000
 40
0.577350269
 41
-3.141592654
 42
-2.559093324
  0
ELLIPSE
  5
12CE
330
A02
100
AcDbEntity
  8
V_01_Base_Sensor_Sun_Gear_3
100
AcDbEllipse
 10
196.443261259
 20
162.891227577
 30
0.000000000
 11
-0.475000000
 21
0.000000000
 31
0.000000000
 40
0.577350269
 41
-4.023710121
 42
-3.141592654
  0
ELLIPSE
  5
12CF
330
A02
100
AcDbEntity
  8
V_01_Base_Sensor_Sun_Gear_3
100
AcDbEllipse
 10
210.000000000
 20
153.398979486
 30
0.000000000
 11
20.834469597
 21
0.000000000
 31
0.000000000
 40
0.577350269
 41
2.260357863
 42
2.277498193
  0
ELLIPSE
  5
12D0
330
A02
100
AcDbEntity
  8
V_01_Base_Sensor_Sun_Gear_3
100
AcDbEllipse
 10
209.999028513
 20
153.398395334
 30
0.000000000
 11
23.646969597
 21
0.000000000
 31
0.000000000
 40
0.577350269
 41
2.335809293
 42
2.376478406
  0
ELLIPSE
  5
12D1
330
A02
100
AcDbEntity
  8
V_01_Base_Sensor_Sun_Gear_3
100
AcDbEllipse
 10
196.162824150
 20
162.755368592
 30
0.000000000
 11
-0.475000000
 21
-0.000000000
 31
0.000000000
 40
0.577350269
 41
-5.469385645
 42
-4.004805995
  0
ELLIPSE
  5
12D2
330
A02
100
AcDbEntity
  8
V_01_Base_Sensor_Sun_Gear_3
100
AcDbEllipse
 10
210.000000000
 20
153.398979486
 30
0.000000000
 11
18.200000000
 21
0.000000000
 31
0.000000000
 40
0.577350269
 41
5.906627584
 42
0.000000000
  0
ELLIPSE
  5
12D3
330
A02
100
AcDbEntity
  8
V_01_Base_Sensor_Sun_Gear_3
100
AcDbEllipse
 10
210.000000000
 20
153.398979486
 30
0.000000000
 11
18.200000000
 21
0.000000000
 31
0.000000000
 40
0.577350269
 41
0.000000000
 42
3.141592654
  0
ELLIPSE
  5
12D4
330
A02
100
AcDbEntity
  8
V_01_Base_Sensor_Sun_Gear_3
100
AcDbEllipse
 10
210.000000000
 20
153.398979486
 30
0.000000000
 11
18.200000000
 21
0.000000000
 31
0.000000000
 40
0.577350269
 41
3.141592654
 42
5.088946704
  0
LINE
  5
12D5
330
A02
100
AcDbEntity
  8
V_01_Base_Sensor_Sun_Gear_3
100
AcDbLine
 10
216.692532349
 20
143.627421937
 30
0.000000000
 11
226.924834143
 21
149.535044132
 31
0.000000000
  0
LINE
  5
12D6
330
A02
100
AcDbEntity
  8
V_01_Base_Sensor_Sun_Gear_3
100
AcDbLine
 10
223.954568741
 20
132.579085077
 30
0.000000000
 11
223.954568741
 21
142.377044048
 31
0.000000000
  0
LINE
  5
12D7
330
A02
100
AcDbEntity
  8
V_01_Base_Sensor_Sun_Gear_3
100
AcDbLine
 10
223.166815533
 20
132.260658341
 30
0.000000000
 11
223.166815533
 21
142.058617312
 31
0.000000000
  0
LINE
  5
12D8
330
A02
100
AcDbEntity
  8
V_01_Base_Sensor_Sun_Gear_3
100
AcDbLine
 10
226.702344974
 20
144.445009969
 30
0.000000000
 11
226.702344974
 21
145.801014091
 31
0.000000000
  0
LINE
  5
12D9
330
A02
100
AcDbEntity
  8
V_01_Base_Sensor_Sun_Gear_3
100
AcDbLine
 10
221.194063996
 20
133.163132904
 30
0.000000000
 11
221.194063996
 21
142.961091875
 31
0.000000000
  0
LINE
  5
12DA
330
A02
100
AcDbEntity
  8
V_01_Base_Sensor_Sun_Gear_3
100
AcDbLine
 10
229.090747596
 20
135.544556646
 30
0.000000000
 11
229.090747596
 21
145.342515618
 31
0.000000000
  0
LINE
  5
12DB
330
A02
100
AcDbEntity
  8
V_01_Base_Sensor_Sun_Gear_3
100
AcDbLine
 10
229.642358663
 20
135.999333920
 30
0.000000000
 11
229.642358663
 21
145.797292891
 31
0.000000000
  0
LINE
  5
12DC
330
A02
100
AcDbEntity
  8
V_01_Base_Sensor_Sun_Gear_3
100
AcDbLine
 10
220.427527890
 20
131.347506281
 30
0.000000000
 11
220.427527890
 21
141.145465252
 31
0.000000000
  0
LINE
  5
12DD
330
A02
100
AcDbEntity
  8
V_01_Base_Sensor_Sun_Gear_3
100
AcDbLine
 10
219.555970021
 20
131.112894008
 30
0.000000000
 11
219.555970021
 21
140.910852979
 31
0.000000000
  0
LINE
  5
12DE
330
A02
100
AcDbEntity
  8
V_01_Base_Sensor_Sun_Gear_3
100
AcDbLine
 10
228.733819625
 20
146.560606137
 30
0.000000000
 11
228.733819625
 21
147.590951584
 31
0.000000000
  0
LINE
  5
12DF
330
A02
100
AcDbEntity
  8
V_01_Base_Sensor_Sun_Gear_3
100
AcDbLine
 10
217.884624001
 20
132.199437782
 30
0.000000000
 11
217.884624001
 21
141.997396753
 31
0.000000000
  0
LINE
  5
12E0
330
A02
100
AcDbEntity
  8
V_01_Base_Sensor_Sun_Gear_3
100
AcDbLine
 10
231.223838469
 20
137.580911030
 30
0.000000000
 11
231.223838469
 21
147.378870002
 31
0.000000000
  0
LINE
  5
12E1
330
A02
100
AcDbEntity
  8
V_01_Base_Sensor_Sun_Gear_3
100
AcDbLine
 10
231.630287116
 20
138.084081436
 30
0.000000000
 11
231.630287116
 21
147.882040407
 31
0.000000000
  0
LINE
  5
12E2
330
A02
100
AcDbEntity
  8
V_01_Base_Sensor_Sun_Gear_3
100
AcDbLine
 10
216.583651881
 20
130.488244314
 30
0.000000000
 11
216.583651881
 21
140.286203285
 31
0.000000000
  0
LINE
  5
12E3
330
A02
100
AcDbEntity
  8
V_01_Base_Sensor_Sun_Gear_3
100
AcDbLine
 10
215.654771196
 20
130.344575080
 30
0.000000000
 11
215.654771196
 21
140.142534051
 31
0.000000000
  0
LINE
  5
12E4
330
A02
100
AcDbEntity
  8
V_01_Base_Sensor_Sun_Gear_3
100
AcDbLine
 10
230.196076646
 20
148.681977597
 30
0.000000000
 11
230.196076646
 21
149.557363066
 31
0.000000000
  0
LINE
  5
12E5
330
A02
100
AcDbEntity
  8
V_01_Base_Sensor_Sun_Gear_3
100
AcDbLine
 10
214.335613695
 20
131.582173982
 30
0.000000000
 11
214.335613695
 21
141.380132953
 31
0.000000000
  0
LINE
  5
12E6
330
A02
100
AcDbEntity
  8
V_01_Base_Sensor_Sun_Gear_3
100
AcDbLine
 10
232.712053750
 20
139.800183395
 30
0.000000000
 11
232.712053750
 21
149.598142366
 31
0.000000000
  0
LINE
  5
12E7
330
A02
100
AcDbEntity
  8
V_01_Base_Sensor_Sun_Gear_3
100
AcDbLine
 10
232.960990241
 20
140.336458355
 30
0.000000000
 11
232.960990241
 21
150.134417326
 31
0.000000000
  0
LINE
  5
12E8
330
A02
100
AcDbEntity
  8
V_01_Base_Sensor_Sun_Gear_3
100
AcDbLine
 10
212.539734940
 20
130.027407417
 30
0.000000000
 11
212.539734940
 21
139.825366388
 31
0.000000000
  0
LINE
  5
12E9
330
A02
100
AcDbEntity
  8
V_01_Base_Sensor_Sun_Gear_3
100
AcDbLine
 10
211.581755009
 20
129.979046538
 30
0.000000000
 11
211.581755009
 21
139.777005509
 31
0.000000000
  0
LINE
  5
12EA
330
A02
100
AcDbEntity
  8
V_01_Base_Sensor_Sun_Gear_3
100
AcDbLine
 10
231.044686099
 20
150.846958830
 30
0.000000000
 11
231.044686099
 21
151.640500120
 31
0.000000000
  0
LINE
  5
12EB
330
A02
100
AcDbEntity
  8
V_01_Base_Sensor_Sun_Gear_3
100
AcDbLine
 10
210.654867960
 20
131.330096751
 30
0.000000000
 11
210.654867960
 21
141.128055722
 31
0.000000000
  0
LINE
  5
12EC
330
A02
100
AcDbEntity
  8
V_01_Base_Sensor_Sun_Gear_3
100
AcDbLine
 10
233.510174770
 20
142.134942272
 30
0.000000000
 11
233.510174770
 21
151.932901243
 31
0.000000000
  0
LINE
  5
12ED
330
A02
100
AcDbEntity
  8
V_01_Base_Sensor_Sun_Gear_3
100
AcDbLine
 10
233.594035295
 20
142.688027343
 30
0.000000000
 11
233.594035295
 21
152.485986314
 31
0.000000000
  0
LINE
  5
12EE
330
A02
100
AcDbEntity
  8
V_01_Base_Sensor_Sun_Gear_3
100
AcDbLine
 10
209.345129349
 20
131.330087060
 30
0.000000000
 11
209.345129349
 21
141.128046031
 31
0.000000000
  0
LINE
  5
12EF
330
A02
100
AcDbEntity
  8
V_01_Base_Sensor_Sun_Gear_3
100
AcDbLine
 10
208.418649439
 20
129.978997885
 30
0.000000000
 11
208.418649439
 21
139.776956857
 31
0.000000000
  0
LINE
  5
12F0
330
A02
100
AcDbEntity
  8
V_01_Base_Sensor_Sun_Gear_3
100
AcDbLine
 10
207.460677996
 20
130.027414782
 30
0.000000000
 11
207.460677996
 21
139.825373753
 31
0.000000000
  0
LINE
  5
12F1
330
A02
100
AcDbEntity
  8
V_01_Base_Sensor_Sun_Gear_3
100
AcDbLine
 10
231.253863413
 20
153.020890865
 30
0.000000000
 11
231.253863413
 21
153.777067679
 31
0.000000000
  0
LINE
  5
12F2
330
A02
100
AcDbEntity
  8
V_01_Base_Sensor_Sun_Gear_3
100
AcDbLine
 10
233.593951027
 20
152.486015033
 30
0.000000000
 11
233.593951027
 21
154.312206166
 31
0.000000000
  0
LINE
  5
12F3
330
A02
100
AcDbEntity
  8
V_01_Base_Sensor_Sun_Gear_3
100
AcDbLine
 10
205.664380741
 20
131.582164708
 30
0.000000000
 11
205.664380741
 21
141.380123679
 31
0.000000000
  0
LINE
  5
12F4
330
A02
100
AcDbEntity
  8
V_01_Base_Sensor_Sun_Gear_3
100
AcDbLine
 10
204.345612475
 20
130.344486618
 30
0.000000000
 11
204.345612475
 21
140.142445589
 31
0.000000000
  0
LINE
  5
12F5
330
A02
100
AcDbEntity
  8
V_01_Base_Sensor_Sun_Gear_3
100
AcDbLine
 10
203.416756998
 20
130.488210168
 30
0.000000000
 11
203.416756998
 21
140.286169139
 31
0.000000000
  0
LINE
  5
12F6
330
A02
100
AcDbEntity
  8
V_01_Base_Sensor_Sun_Gear_3
100
AcDbLine
 10
230.817252843
 20
155.182341121
 30
0.000000000
 11
230.817252843
 21
155.902147219
 31
0.000000000
  0
LINE
  5
12F7
330
A02
100
AcDbEntity
  8
V_01_Base_Sensor_Sun_Gear_3
100
AcDbLine
 10
232.960837020
 20
154.973661354
 30
0.000000000
 11
232.960837020
 21
156.663763158
 31
0.000000000
  0
LINE
  5
12F8
330
A02
100
AcDbEntity
  8
V_01_Base_Sensor_Sun_Gear_3
100
AcDbLine
 10
202.115367730
 20
132.199429207
 30
0.000000000
 11
202.115367730
 21
141.997388178
 31
0.000000000
  0
LINE
  5
12F9
330
A02
100
AcDbEntity
  8
V_01_Base_Sensor_Sun_Gear_3
100
AcDbLine
 10
200.444381214
 20
131.112768425
 30
0.000000000
 11
200.444381214
 21
140.910727396
 31
0.000000000
  0
LINE
  5
12FA
330
A02
100
AcDbEntity
  8
V_01_Base_Sensor_Sun_Gear_3
100
AcDbLine
 10
199.572864507
 20
131.347431661
 30
0.000000000
 11
199.572864507
 21
141.145390632
 31
0.000000000
  0
LINE
  5
12FB
330
A02
100
AcDbEntity
  8
V_01_Base_Sensor_Sun_Gear_3
100
AcDbLine
 10
229.748120579
 20
157.314773679
 30
0.000000000
 11
229.748120579
 21
157.951169275
 31
0.000000000
  0
LINE
  5
12FC
330
A02
100
AcDbEntity
  8
V_01_Base_Sensor_Sun_Gear_3
100
AcDbLine
 10
231.630069600
 20
157.279684625
 30
0.000000000
 11
231.630069600
 21
158.916121350
 31
0.000000000
  0
LINE
  5
12FD
330
A02
100
AcDbEntity
  8
V_01_Base_Sensor_Sun_Gear_3
100
AcDbLine
 10
198.805925281
 20
133.163125288
 30
0.000000000
 11
198.805925281
 21
142.961084259
 31
0.000000000
  0
LINE
  5
12FE
330
A02
100
AcDbEntity
  8
V_01_Base_Sensor_Sun_Gear_3
100
AcDbLine
 10
196.833492595
 20
132.260499453
 30
0.000000000
 11
196.833492595
 21
142.058458424
 31
0.000000000
  0
LINE
  5
12FF
330
A02
100
AcDbEntity
  8
V_01_Base_Sensor_Sun_Gear_3
100
AcDbLine
 10
196.045795251
 20
132.578972251
 30
0.000000000
 11
196.045795251
 21
142.376931222
 31
0.000000000
  0
LINE
  5
1300
330
A02
100
AcDbEntity
  8
V_01_Base_Sensor_Sun_Gear_3
100
AcDbLine
 10
228.078951665
 20
159.377458392
 30
0.000000000
 11
228.078951665
 21
159.861875347
 31
0.000000000
  0
LINE
  5
1301
330
A02
100
AcDbEntity
  8
V_01_Base_Sensor_Sun_Gear_3
100
AcDbLine
 10
229.642083460
 20
159.348535348
 30
0.000000000
 11
229.642083460
 21
161.000843978
 31
0.000000000
  0
LINE
  5
1302
330
A02
100
AcDbEntity
  8
V_01_Base_Sensor_Sun_Gear_3
100
AcDbLine
 10
195.836609127
 20
134.443971534
 30
0.000000000
 11
195.836609127
 21
144.241930505
 31
0.000000000
  0
LINE
  5
1303
330
A02
100
AcDbEntity
  8
V_01_Base_Sensor_Sun_Gear_3
100
AcDbLine
 10
193.622661640
 20
133.752806474
 30
0.000000000
 11
193.622661640
 21
143.550765445
 31
0.000000000
  0
LINE
  5
1304
330
A02
100
AcDbEntity
  8
V_01_Base_Sensor_Sun_Gear_3
100
AcDbLine
 10
192.942717446
 20
134.145412199
 30
0.000000000
 11
192.942717446
 21
143.943371170
 31
0.000000000
  0
LINE
  5
1305
330
A02
100
AcDbEntity
  8
V_01_Base_Sensor_Sun_Gear_3
100
AcDbLine
 10
225.860462952
 20
161.198997399
 30
0.000000000
 11
225.860462952
 21
161.576209599
 31
0.000000000
  0
LINE
  5
1306
330
A02
100
AcDbEntity
  8
V_01_Base_Sensor_Sun_Gear_3
100
AcDbLine
 10
227.057282554
 20
161.107572141
 30
0.000000000
 11
227.057282554
 21
162.854587801
 31
0.000000000
  0
LINE
  5
1307
330
A02
100
AcDbEntity
  8
V_01_Base_Sensor_Sun_Gear_3
100
AcDbLine
 10
193.297640439
 20
144.444819057
 30
0.000000000
 11
193.297640439
 21
145.801009051
 31
0.000000000
  0
LINE
  5
1308
330
A02
100
AcDbEntity
  8
V_01_Base_Sensor_Sun_Gear_3
100
AcDbLine
 10
190.909447824
 20
135.544346496
 30
0.000000000
 11
190.909447824
 21
145.342305467
 31
0.000000000
  0
LINE
  5
1309
330
A02
100
AcDbEntity
  8
V_01_Base_Sensor_Sun_Gear_3
100
AcDbLine
 10
190.357916540
 20
135.999156022
 30
0.000000000
 11
190.357916540
 21
145.797114993
 31
0.000000000
  0
LINE
  5
130A
330
A02
100
AcDbEntity
  8
V_01_Base_Sensor_Sun_Gear_3
100
AcDbLine
 10
223.160062098
 20
162.740371759
 30
0.000000000
 11
223.160062098
 21
163.042082852
 31
0.000000000
  0
LINE
  5
130B
330
A02
100
AcDbEntity
  8
V_01_Base_Sensor_Sun_Gear_3
100
AcDbLine
 10
223.954204749
 20
162.489580574
 30
0.000000000
 11
223.954204749
 21
164.421027749
 31
0.000000000
  0
LINE
  5
130C
330
A02
100
AcDbEntity
  8
V_01_Base_Sensor_Sun_Gear_3
100
AcDbLine
 10
191.266164493
 20
146.560567057
 30
0.000000000
 11
191.266164493
 21
147.590948084
 31
0.000000000
  0
LINE
  5
130D
330
A02
100
AcDbEntity
  8
V_01_Base_Sensor_Sun_Gear_3
100
AcDbLine
 10
188.776290776
 20
137.580684480
 30
0.000000000
 11
188.776290776
 21
147.378643451
 31
0.000000000
  0
LINE
  5
130E
330
A02
100
AcDbEntity
  8
V_01_Base_Sensor_Sun_Gear_3
100
AcDbLine
 10
188.369930400
 20
138.083878650
 30
0.000000000
 11
188.369930400
 21
147.881837621
 31
0.000000000
  0
LINE
  5
130F
330
A02
100
AcDbEntity
  8
V_01_Base_Sensor_Sun_Gear_3
100
AcDbLine
 10
220.059799417
 20
163.997366266
 30
0.000000000
 11
220.059799417
 21
164.214955289
 31
0.000000000
  0
LINE
  5
1310
330
A02
100
AcDbEntity
  8
V_01_Base_Sensor_Sun_Gear_3
100
AcDbLine
 10
189.803906660
 20
148.681965471
 30
0.000000000
 11
189.803906660
 21
149.557361212
 31
0.000000000
  0
LINE
  5
1311
330
A02
100
AcDbEntity
  8
V_01_Base_Sensor_Sun_Gear_3
100
AcDbLine
 10
187.288005393
 20
139.799947329
 30
0.000000000
 11
187.288005393
 21
149.597906300
 31
0.000000000
  0
LINE
  5
1312
330
A02
100
AcDbEntity
  8
V_01_Base_Sensor_Sun_Gear_3
100
AcDbLine
 10
187.039162980
 20
140.336236842
 30
0.000000000
 11
187.039162980
 21
150.134195814
 31
0.000000000
  0
LINE
  5
1313
330
A02
100
AcDbEntity
  8
V_01_Base_Sensor_Sun_Gear_3
100
AcDbLine
 10
216.653874821
 20
164.932334153
 30
0.000000000
 11
216.653874821
 21
165.059189774
 31
0.000000000
  0
LINE
  5
1314
330
A02
100
AcDbEntity
  8
V_01_Base_Sensor_Sun_Gear_3
100
AcDbLine
 10
188.955296903
 20
150.846954124
 30
0.000000000
 11
188.955296903
 21
151.640499967
 31
0.000000000
  0
LINE
  5
1315
330
A02
100
AcDbEntity
  8
V_01_Base_Sensor_Sun_Gear_3
100
AcDbLine
 10
186.489812473
 20
142.134703863
 30
0.000000000
 11
186.489812473
 21
151.932662834
 31
0.000000000
  0
LINE
  5
1316
330
A02
100
AcDbEntity
  8
V_01_Base_Sensor_Sun_Gear_3
100
AcDbLine
 10
186.406048973
 20
142.687793834
 30
0.000000000
 11
186.406048973
 21
152.485752806
 31
0.000000000
  0
LINE
  5
1317
330
A02
100
AcDbEntity
  8
V_01_Base_Sensor_Sun_Gear_3
100
AcDbLine
 10
213.045775606
 20
165.516866895
 30
0.000000000
 11
213.045775606
 21
165.549134670
 31
0.000000000
  0
LINE
  5
1318
330
A02
100
AcDbEntity
  8
V_01_Base_Sensor_Sun_Gear_3
100
AcDbLine
 10
188.746119801
 20
153.020889929
 30
0.000000000
 11
188.746119801
 21
153.777069232
 31
0.000000000
  0
LINE
  5
1319
330
A02
100
AcDbEntity
  8
V_01_Base_Sensor_Sun_Gear_3
100
AcDbLine
 10
186.405964705
 20
144.514013686
 30
0.000000000
 11
186.405964705
 21
154.311972657
 31
0.000000000
  0
LINE
  5
131A
330
A02
100
AcDbEntity
  8
V_01_Base_Sensor_Sun_Gear_3
100
AcDbLine
 10
206.954224129
 20
165.516857222
 30
0.000000000
 11
206.954224129
 21
165.549144483
 31
0.000000000
  0
LINE
  5
131B
330
A02
100
AcDbEntity
  8
V_01_Base_Sensor_Sun_Gear_3
100
AcDbLine
 10
189.182731094
 20
155.182337218
 30
0.000000000
 11
189.182731094
 21
155.902150432
 31
0.000000000
  0
LINE
  5
131C
330
A02
100
AcDbEntity
  8
V_01_Base_Sensor_Sun_Gear_3
100
AcDbLine
 10
187.039009759
 20
154.973507128
 30
0.000000000
 11
187.039009759
 21
156.663541645
 31
0.000000000
  0
LINE
  5
131D
330
A02
100
AcDbEntity
  8
V_01_Base_Sensor_Sun_Gear_3
100
AcDbLine
 10
203.346121966
 20
164.932324800
 30
0.000000000
 11
203.346121966
 21
165.059199412
 31
0.000000000
  0
LINE
  5
131E
330
A02
100
AcDbEntity
  8
V_01_Base_Sensor_Sun_Gear_3
100
AcDbLine
 10
190.251864568
 20
157.314765248
 30
0.000000000
 11
190.251864568
 21
157.951174049
 31
0.000000000
  0
LINE
  5
131F
330
A02
100
AcDbEntity
  8
V_01_Base_Sensor_Sun_Gear_3
100
AcDbLine
 10
188.369712884
 20
157.279619038
 30
0.000000000
 11
188.369712884
 21
158.915918564
 31
0.000000000
  0
LINE
  5
1320
330
A02
100
AcDbEntity
  8
V_01_Base_Sensor_Sun_Gear_3
100
AcDbLine
 10
199.940194520
 20
163.997357516
 30
0.000000000
 11
199.940194520
 21
164.214964458
 31
0.000000000
  0
LINE
  5
1321
330
A02
100
AcDbEntity
  8
V_01_Base_Sensor_Sun_Gear_3
100
AcDbLine
 10
191.921035144
 20
159.377445095
 30
0.000000000
 11
191.921035144
 21
159.861881538
 31
0.000000000
  0
LINE
  5
1322
330
A02
100
AcDbEntity
  8
V_01_Base_Sensor_Sun_Gear_3
100
AcDbLine
 10
190.357641337
 20
159.348544218
 30
0.000000000
 11
190.357641337
 21
161.000666080
 31
0.000000000
  0
LINE
  5
1323
330
A02
100
AcDbEntity
  8
V_01_Base_Sensor_Sun_Gear_3
100
AcDbLine
 10
196.045431259
 20
162.489634446
 30
0.000000000
 11
196.045431259
 21
164.420914923
 31
0.000000000
  0
LINE
  5
1324
330
A02
100
AcDbEntity
  8
V_01_Base_Sensor_Sun_Gear_3
100
AcDbLine
 10
196.839929173
 20
162.740363880
 30
0.000000000
 11
196.839929173
 21
163.042091274
 31
0.000000000
  0
LINE
  5
1325
330
A02
100
AcDbEntity
  8
V_01_Base_Sensor_Sun_Gear_3
100
AcDbLine
 10
194.139525919
 20
161.198989855
 30
0.000000000
 11
194.139525919
 21
161.576217018
 31
0.000000000
  0
LINE
  5
1326
330
A02
100
AcDbEntity
  8
V_01_Base_Sensor_Sun_Gear_3
100
AcDbLine
 10
192.942392918
 20
161.107659228
 30
0.000000000
 11
192.942392918
 21
162.854440196
 31
0.000000000
  0
SPLINE
  5
1327
330
A02
100
AcDbEntity
  8
V_01_Base_Sensor_Sun_Gear_3
100
AcDbSpline
210
0
220
0
230
1
 70
8
 71
1
 72
4
 73
2
 74
0
 40
0.000000000
 40
0.000000000
 40
1.000000000
 40
1.000000000
 10
220.427999911
 20
131.403807268
 30
0.000000000
 10
220.427999911
 20
141.201766239
 30
0.000000000
  0
SPLINE
  5
1328
330
A02
100
AcDbEntity
  8
V_01_Base_Sensor_Sun_Gear_3
100
AcDbSpline
210
0
220
0
230
1
 70
8
 71
1
 72
4
 73
2
 74
0
 40
0.000000000
 40
0.000000000
 40
1.000000000
 40
1.000000000
 10
216.737586097
 20
131.390280697
 30
0.000000000
 10
216.737586097
 20
141.188239669
 30
0.000000000
  0
SPLINE
  5
1329
330
A02
100
AcDbEntity
  8
V_01_Base_Sensor_Sun_Gear_3
100
AcDbSpline
210
0
220
0
230
1
 70
8
 71
1
 72
4
 73
2
 74
0
 40
0.000000000
 40
0.000000000
 40
1.000000000
 40
1.000000000
 10
213.047325375
 20
131.396802552
 30
0.000000000
 10
213.047325375
 20
141.194761523
 30
0.000000000
  0
LINE
  5
132A
330
A02
100
AcDbEntity
  8
V_01_Base_Sensor_Sun_Gear_3
100
AcDbLine
 10
230.834469597
 20
153.398979486
 30
0.000000000
 11
230.834469597
 21
153.277526300
 31
0.000000000
  0
SPLINE
  5
132B
330
A02
100
AcDbEntity
  8
V_01_Base_Sensor_Sun_Gear_3
100
AcDbSpline
210
0
220
0
230
1
 70
8
 71
1
 72
4
 73
2
 74
0
 40
0.000000000
 40
0.000000000
 40
1.000000000
 40
1.000000000
 10
206.952674834
 20
131.396809891
 30
0.000000000
 10
206.952674834
 20
141.194768862
 30
0.000000000
  0
SPLINE
  5
132C
330
A02
100
AcDbEntity
  8
V_01_Base_Sensor_Sun_Gear_3
100
AcDbSpline
210
0
220
0
230
1
 70
8
 71
1
 72
4
 73
2
 74
0
 40
0.000000000
 40
0.000000000
 40
1.000000000
 40
1.000000000
 10
203.262448725
 20
131.390654508
 30
0.000000000
 10
203.262448725
 20
141.188613479
 30
0.000000000
  0
SPLINE
  5
132D
330
A02
100
AcDbEntity
  8
V_01_Base_Sensor_Sun_Gear_3
100
AcDbSpline
210
0
220
0
230
1
 70
8
 71
1
 72
4
 73
2
 74
0
 40
0.000000000
 40
0.000000000
 40
1.000000000
 40
1.000000000
 10
199.572356113
 20
131.405798888
 30
0.000000000
 10
199.572356113
 20
141.203757859
 30
0.000000000
  0
SPLINE
  5
132E
330
A02
100
AcDbEntity
  8
V_01_Base_Sensor_Sun_Gear_3
100
AcDbSpline
210
0
220
0
230
1
 70
8
 71
1
 72
4
 73
2
 74
0
 40
0.818180619
 40
0.818180619
 40
1.000000000
 40
1.000000000
 10
220.427643887
 20
163.812742276
 30
0.000000000
 10
220.427643887
 20
165.594201112
 30
0.000000000
  0
SPLINE
  5
132F
330
A02
100
AcDbEntity
  8
V_01_Base_Sensor_Sun_Gear_3
100
AcDbSpline
210
0
220
0
230
1
 70
8
 71
1
 72
4
 73
2
 74
0
 40
0.920461082
 40
0.920461082
 40
1.000000000
 40
1.000000000
 10
216.737551275
 20
164.830026440
 30
0.000000000
 10
216.737551275
 20
165.609345492
 30
0.000000000
  0
LINE
  5
1330
330
A02
100
AcDbEntity
  8
V_01_Base_Sensor_Sun_Gear_3
100
AcDbLine
 10
189.165530403
 20
153.398979486
 30
0.000000000
 11
189.165530403
 21
153.277526797
 31
0.000000000
  0
SPLINE
  5
1331
330
A02
100
AcDbEntity
  8
V_01_Base_Sensor_Sun_Gear_3
100
AcDbSpline
210
0
220
0
230
1
 70
8
 71
1
 72
4
 73
2
 74
0
 40
0.920420186
 40
0.920420186
 40
1.000000000
 40
1.000000000
 10
203.262413903
 20
164.829999551
 30
0.000000000
 10
203.262413903
 20
165.609719303
 30
0.000000000
  0
SPLINE
  5
1332
330
A02
100
AcDbEntity
  8
V_01_Base_Sensor_Sun_Gear_3
100
AcDbSpline
210
0
220
0
230
1
 70
8
 71
1
 72
4
 73
2
 74
0
 40
0.817965221
 40
0.817965221
 40
1.000000000
 40
1.000000000
 10
199.572000089
 20
163.812623440
 30
0.000000000
 10
199.572000089
 20
165.596192732
 30
0.000000000
  0
LINE
  5
1333
330
A02
100
AcDbEntity
  8
V_01_Base_Sensor_Sun_Gear_3
100
AcDbLine
 10
223.528426374
 20
143.311490929
 30
0.000000000
 11
223.528426374
 21
144.250996042
 31
0.000000000
  0
LINE
  5
1334
330
A02
100
AcDbEntity
  8
V_01_Base_Sensor_Sun_Gear_3
100
AcDbLine
 10
223.254867833
 20
143.661250678
 30
0.000000000
 11
223.254867833
 21
144.118469404
 31
0.000000000
  0
LINE
  5
1335
330
A02
100
AcDbEntity
  8
V_01_Base_Sensor_Sun_Gear_3
100
AcDbLine
 10
225.844772110
 20
145.231825042
 30
0.000000000
 11
225.844772110
 21
145.588338877
 31
0.000000000
  0
LINE
  5
1336
330
A02
100
AcDbEntity
  8
V_01_Base_Sensor_Sun_Gear_3
100
AcDbLine
 10
226.074314981
 20
145.068281112
 30
0.000000000
 11
226.074314981
 21
145.746277974
 31
0.000000000
  0
LINE
  5
1337
330
A02
100
AcDbEntity
  8
V_01_Base_Sensor_Sun_Gear_3
100
AcDbLine
 10
220.571483376
 20
133.235711987
 30
0.000000000
 11
220.571483376
 21
143.033670958
 31
0.000000000
  0
LINE
  5
1338
330
A02
100
AcDbEntity
  8
V_01_Base_Sensor_Sun_Gear_3
100
AcDbLine
 10
220.262221103
 20
142.184121249
 30
0.000000000
 11
220.262221103
 21
142.930583534
 31
0.000000000
  0
LINE
  5
1339
330
A02
100
AcDbEntity
  8
V_01_Base_Sensor_Sun_Gear_3
100
AcDbLine
 10
227.953241006
 20
147.016811554
 30
0.000000000
 11
227.953241006
 21
147.295530713
 31
0.000000000
  0
LINE
  5
133A
330
A02
100
AcDbEntity
  8
V_01_Base_Sensor_Sun_Gear_3
100
AcDbLine
 10
228.131793662
 20
146.911568456
 30
0.000000000
 11
228.131793662
 21
147.474083369
 31
0.000000000
  0
LINE
  5
133B
330
A02
100
AcDbEntity
  8
V_01_Base_Sensor_Sun_Gear_3
100
AcDbLine
 10
217.293331206
 20
132.333331557
 30
0.000000000
 11
217.293331206
 21
142.131290529
 31
0.000000000
  0
LINE
  5
133C
330
A02
100
AcDbEntity
  8
V_01_Base_Sensor_Sun_Gear_3
100
AcDbLine
 10
216.957761978
 20
132.262815606
 30
0.000000000
 11
216.957761978
 21
142.060774577
 31
0.000000000
  0
LINE
  5
133D
330
A02
100
AcDbEntity
  8
V_01_Base_Sensor_Sun_Gear_3
100
AcDbLine
 10
229.516209757
 20
148.995717010
 30
0.000000000
 11
229.516209757
 21
149.188172750
 31
0.000000000
  0
LINE
  5
133E
330
A02
100
AcDbEntity
  8
V_01_Base_Sensor_Sun_Gear_3
100
AcDbLine
 10
229.638346968
 20
148.890686526
 30
0.000000000
 11
229.638346968
 21
149.381913735
 31
0.000000000
  0
LINE
  5
133F
330
A02
100
AcDbEntity
  8
V_01_Base_Sensor_Sun_Gear_3
100
AcDbLine
 10
213.793574858
 20
131.773314155
 30
0.000000000
 11
213.793574858
 21
141.571273126
 31
0.000000000
  0
LINE
  5
1340
330
A02
100
AcDbEntity
  8
V_01_Base_Sensor_Sun_Gear_3
100
AcDbLine
 10
213.441894776
 20
131.737512268
 30
0.000000000
 11
213.441894776
 21
141.535471239
 31
0.000000000
  0
LINE
  5
1341
330
A02
100
AcDbEntity
  8
V_01_Base_Sensor_Sun_Gear_3
100
AcDbLine
 10
230.486188352
 20
151.108413368
 30
0.000000000
 11
230.486188352
 21
151.208758020
 31
0.000000000
  0
LINE
  5
1342
330
A02
100
AcDbEntity
  8
V_01_Base_Sensor_Sun_Gear_3
100
AcDbLine
 10
230.548199039
 20
151.015265136
 30
0.000000000
 11
230.548199039
 21
151.411800610
 31
0.000000000
  0
LINE
  5
1343
330
A02
100
AcDbEntity
  8
V_01_Base_Sensor_Sun_Gear_3
100
AcDbLine
 10
210.178552657
 20
131.572675625
 30
0.000000000
 11
210.178552657
 21
141.370634596
 31
0.000000000
  0
LINE
  5
1344
330
A02
100
AcDbEntity
  8
V_01_Base_Sensor_Sun_Gear_3
100
AcDbLine
 10
209.821447343
 20
131.572675625
 30
0.000000000
 11
209.821447343
 21
141.370634596
 31
0.000000000
  0
LINE
  5
1345
330
A02
100
AcDbEntity
  8
V_01_Base_Sensor_Sun_Gear_3
100
AcDbLine
 10
230.833704479
 20
153.290707418
 30
0.000000000
 11
230.833704479
 21
153.295892061
 31
0.000000000
  0
LINE
  5
1346
330
A02
100
AcDbEntity
  8
V_01_Base_Sensor_Sun_Gear_3
100
AcDbLine
 10
206.558105224
 20
131.737512268
 30
0.000000000
 11
206.558105224
 21
141.535471239
 31
0.000000000
  0
LINE
  5
1347
330
A02
100
AcDbEntity
  8
V_01_Base_Sensor_Sun_Gear_3
100
AcDbLine
 10
206.206425142
 20
131.773314155
 30
0.000000000
 11
206.206425142
 21
141.571273126
 31
0.000000000
  0
LINE
  5
1348
330
A02
100
AcDbEntity
  8
V_01_Base_Sensor_Sun_Gear_3
100
AcDbLine
 10
203.042238022
 20
132.262815606
 30
0.000000000
 11
203.042238022
 21
142.060774577
 31
0.000000000
  0
LINE
  5
1349
330
A02
100
AcDbEntity
  8
V_01_Base_Sensor_Sun_Gear_3
100
AcDbLine
 10
202.706668794
 20
132.333331557
 30
0.000000000
 11
202.706668794
 21
142.131290529
 31
0.000000000
  0
LINE
  5
134A
330
A02
100
AcDbEntity
  8
V_01_Base_Sensor_Sun_Gear_3
100
AcDbLine
 10
199.737778897
 20
142.184076397
 30
0.000000000
 11
199.737778897
 21
142.930583534
 31
0.000000000
  0
LINE
  5
134B
330
A02
100
AcDbEntity
  8
V_01_Base_Sensor_Sun_Gear_3
100
AcDbLine
 10
199.428516624
 20
133.235711987
 30
0.000000000
 11
199.428516624
 21
143.033670958
 31
0.000000000
  0
LINE
  5
134C
330
A02
100
AcDbEntity
  8
V_01_Base_Sensor_Sun_Gear_3
100
AcDbLine
 10
196.745132167
 20
143.661249877
 30
0.000000000
 11
196.745132167
 21
144.118469404
 31
0.000000000
  0
LINE
  5
134D
330
A02
100
AcDbEntity
  8
V_01_Base_Sensor_Sun_Gear_3
100
AcDbLine
 10
196.471573626
 20
143.311449314
 30
0.000000000
 11
196.471573626
 21
144.250996042
 31
0.000000000
  0
LINE
  5
134E
330
A02
100
AcDbEntity
  8
V_01_Base_Sensor_Sun_Gear_3
100
AcDbLine
 10
194.155227890
 20
145.231825691
 30
0.000000000
 11
194.155227890
 21
145.588338877
 31
0.000000000
  0
LINE
  5
134F
330
A02
100
AcDbEntity
  8
V_01_Base_Sensor_Sun_Gear_3
100
AcDbLine
 10
193.925685019
 20
145.068278887
 30
0.000000000
 11
193.925685019
 21
145.746277974
 31
0.000000000
  0
LINE
  5
1350
330
A02
100
AcDbEntity
  8
V_01_Base_Sensor_Sun_Gear_3
100
AcDbLine
 10
192.046758994
 20
147.016812290
 30
0.000000000
 11
192.046758994
 21
147.295530713
 31
0.000000000
  0
LINE
  5
1351
330
A02
100
AcDbEntity
  8
V_01_Base_Sensor_Sun_Gear_3
100
AcDbLine
 10
191.868206338
 20
146.911568383
 30
0.000000000
 11
191.868206338
 21
147.474083369
 31
0.000000000
  0
LINE
  5
1352
330
A02
100
AcDbEntity
  8
V_01_Base_Sensor_Sun_Gear_3
100
AcDbLine
 10
190.483790243
 20
148.995717810
 30
0.000000000
 11
190.483790243
 21
149.188172750
 31
0.000000000
  0
LINE
  5
1353
330
A02
100
AcDbEntity
  8
V_01_Base_Sensor_Sun_Gear_3
100
AcDbLine
 10
190.361653032
 20
148.890687065
 30
0.000000000
 11
190.361653032
 21
149.381913735
 31
0.000000000
  0
LINE
  5
1354
330
A02
100
AcDbEntity
  8
V_01_Base_Sensor_Sun_Gear_3
100
AcDbLine
 10
189.513811648
 20
151.108414207
 30
0.000000000
 11
189.513811648
 21
151.208758020
 31
0.000000000
  0
LINE
  5
1355
330
A02
100
AcDbEntity
  8
V_01_Base_Sensor_Sun_Gear_3
100
AcDbLine
 10
189.451800961
 20
151.015265683
 30
0.000000000
 11
189.451800961
 21
151.411800610
 31
0.000000000
  0
LINE
  5
1356
330
A02
100
AcDbEntity
  8
V_01_Base_Sensor_Sun_Gear_3
100
AcDbLine
 10
189.166295521
 20
153.290708272
 30
0.000000000
 11
189.166295521
 21
153.295892061
 31
0.000000000
  0
TEXT
  5
1357
330
A02
100
AcDbEntity
  8
A_01_Base_Sensor_Sun_Gear
100
AcDbText
 10
210.000000000
 20
148.500000000
 30
0.000000000
 40
3.500000000
  1
Sensor_Sun_Gear  (orange)
  7
STANDARD
 72
1
 11
210.000000000
 21
148.500000000
 31
0.000000000
100
AcDbText
  0
LINE
  5
1358
330
A02
100
AcDbEntity
  8
V_01_Base_Az_Retainer_Ring_0
100
AcDbLine
 10
231.942138897
 20
147.803424162
 30
0.000000000
 11
231.942138897
 21
148.761215939
 31
0.000000000
  0
SPLINE
  5
1359
330
A02
100
AcDbEntity
  8
V_01_Base_Az_Retainer_Ring_0
100
AcDbSpline
210
0
220
0
230
1
 70
8
 71
1
 72
17
 73
15
 74
0
 40
3.141592654
 40
3.141592654
 40
3.365992129
 40
3.590391604
 40
3.814791079
 40
4.039190555
 40
4.263590030
 40
4.487989505
 40
4.712388980
 40
4.936788456
 40
5.161187931
 40
5.385587406
 40
5.609986881
 40
5.834386357
 40
6.058785832
 40
6.283185307
 40
6.283185307
 10
188.057861103
 20
147.803424162
 30
0.000000000
 10
188.607996336
 20
147.803424162
 30
0.000000000
 10
190.230815958
 20
147.803424162
 30
0.000000000
 10
192.844945018
 20
147.803424162
 30
0.000000000
 10
196.319300167
 20
147.803424162
 30
0.000000000
 10
200.479662731
 20
147.803424162
 30
0.000000000
 10
205.117414760
 20
147.803424162
 30
0.000000000
 10
210.000000000
 20
147.803424162
 30
0.000000000
 10
214.882585240
 20
147.803424162
 30
0.000000000
 10
219.520337269
 20
147.803424162
 30
0.000000000
 10
223.680699833
 20
147.803424162
 30
0.000000000
 10
227.155054982
 20
147.803424162
 30
0.000000000
 10
229.769184042
 20
147.803424162
 30
0.000000000
 10
231.392003664
 20
147.803424162
 30
0.000000000
 10
231.942138897
 20
147.803424162
 30
0.000000000
  0
ARC
  5
135A
330
A02
100
AcDbEntity
  8
V_01_Base_Az_Retainer_Ring_0
100
AcDbCircle
 10
231.506778998
 20
148.761215939
 30
0.000000000
 40
0.435359899
100
AcDbArc
 50
0.000000000
 51
90.000000000
  0
SPLINE
  5
135B
330
A02
100
AcDbEntity
  8
V_01_Base_Az_Retainer_Ring_0
100
AcDbSpline
210
0
220
0
230
1
 70
8
 71
1
 72
17
 73
15
 74
0
 40
3.141592654
 40
3.141592654
 40
3.365992129
 40
3.590391604
 40
3.814791079
 40
4.039190555
 40
4.263590030
 40
4.487989505
 40
4.712388980
 40
4.936788456
 40
5.161187931
 40
5.385587406
 40
5.609986881
 40
5.834386357
 40
6.058785832
 40
6.283185307
 40
6.283185307
 10
188.493221002
 20
149.196575838
 30
0.000000000
 10
189.032440853
 20
149.196575838
 30
0.000000000
 10
190.623061674
 20
149.196575838
 30
0.000000000
 10
193.185323093
 20
149.196575838
 30
0.000000000
 10
196.590742624
 20
149.196575838
 30
0.000000000
 10
200.668558312
 20
149.196575838
 30
0.000000000
 10
205.214291451
 20
149.196575838
 30
0.000000000
 10
210.000000000
 20
149.196575838
 30
0.000000000
 10
214.785708549
 20
149.196575838
 30
0.000000000
 10
219.331441688
 20
149.196575838
 30
0.000000000
 10
223.409257376
 20
149.196575838
 30
0.000000000
 10
226.814676907
 20
149.196575838
 30
0.000000000
 10
229.376938326
 20
149.196575838
 30
0.000000000
 10
230.967559147
 20
149.196575838
 30
0.000000000
 10
231.506778998
 20
149.196575838
 30
0.000000000
  0
LINE
  5
135C
330
A02
100
AcDbEntity
  8
V_01_Base_Az_Retainer_Ring_0
100
AcDbLine
 10
188.057861103
 20
147.803424162
 30
0.000000000
 11
188.057861103
 21
148.761215939
 31
0.000000000
  0
SPLINE
  5
135D
330
A02
100
AcDbEntity
  8
V_01_Base_Az_Retainer_Ring_0
100
AcDbSpline
210
0
220
0
230
1
 70
8
 71
3
 72
11
 73
7
 74
0
 40
0.000000000
 40
0.000000000
 40
0.000000000
 40
0.000000000
 40
0.500000000
 40
0.500000000
 40
0.500000000
 40
1.000000000
 40
1.000000000
 40
1.000000000
 40
1.000000000
 10
188.057861103
 20
148.761215939
 30
0.000000000
 10
188.057416735
 20
148.874204491
 30
0.000000000
 10
188.103385075
 20
148.986426333
 30
0.000000000
 10
188.182966768
 20
149.066634590
 30
0.000000000
 10
188.263499853
 20
149.149127097
 30
0.000000000
 10
188.377937174
 20
149.197055946
 30
0.000000000
 10
188.493221002
 20
149.196575838
 30
0.000000000
  0
SPLINE
  5
135E
330
A02
100
AcDbEntity
  8
V_01_Base_Az_Retainer_Ring_0
100
AcDbSpline
210
0
220
0
230
1
 70
8
 71
1
 72
17
 73
15
 74
0
 40
3.141592654
 40
3.141592654
 40
3.365992129
 40
3.590391604
 40
3.814791079
 40
4.039190555
 40
4.263590030
 40
4.487989505
 40
4.712388980
 40
4.936788456
 40
5.161187931
 40
5.385587406
 40
5.609986881
 40
5.834386357
 40
6.058785832
 40
6.283185307
 40
6.283185307
 10
188.057861103
 20
148.761215939
 30
0.000000000
 10
188.607996336
 20
148.761215939
 30
0.000000000
 10
190.230815958
 20
148.761215939
 30
0.000000000
 10
192.844945018
 20
148.761215939
 30
0.000000000
 10
196.319300167
 20
148.761215939
 30
0.000000000
 10
200.479662731
 20
148.761215939
 30
0.000000000
 10
205.117414760
 20
148.761215939
 30
0.000000000
 10
210.000000000
 20
148.761215939
 30
0.000000000
 10
214.882585240
 20
148.761215939
 30
0.000000000
 10
219.520337269
 20
148.761215939
 30
0.000000000
 10
223.680699833
 20
148.761215939
 30
0.000000000
 10
227.155054982
 20
148.761215939
 30
0.000000000
 10
229.769184042
 20
148.761215939
 30
0.000000000
 10
231.392003664
 20
148.761215939
 30
0.000000000
 10
231.942138897
 20
148.761215939
 30
0.000000000
  0
CIRCLE
  5
135F
330
A02
100
AcDbEntity
  8
V_01_Base_Az_Retainer_Ring_1
100
AcDbCircle
 10
210.000000000
 20
148.500000009
 30
0.000000000
 40
21.942138897
  0
CIRCLE
  5
1360
330
A02
100
AcDbEntity
  8
V_01_Base_Az_Retainer_Ring_1
100
AcDbCircle
 10
196.454778787
 20
134.954778795
 30
0.000000000
 40
0.713990234
  0
CIRCLE
  5
1361
330
A02
100
AcDbEntity
  8
V_01_Base_Az_Retainer_Ring_1
100
AcDbCircle
 10
205.042104936
 20
129.996883732
 30
0.000000000
 40
0.713990234
  0
CIRCLE
  5
1362
330
A02
100
AcDbEntity
  8
V_01_Base_Az_Retainer_Ring_1
100
AcDbCircle
 10
191.496883723
 20
143.542104945
 30
0.000000000
 40
0.713990234
  0
CIRCLE
  5
1363
330
A02
100
AcDbEntity
  8
V_01_Base_Az_Retainer_Ring_1
100
AcDbCircle
 10
214.957895064
 20
129.996883732
 30
0.000000000
 40
0.713990234
  0
CIRCLE
  5
1364
330
A02
100
AcDbEntity
  8
V_01_Base_Az_Retainer_Ring_1
100
AcDbCircle
 10
223.545221213
 20
134.954778795
 30
0.000000000
 40
0.713990234
  0
CIRCLE
  5
1365
330
A02
100
AcDbEntity
  8
V_01_Base_Az_Retainer_Ring_1
100
AcDbCircle
 10
228.503116277
 20
143.542104945
 30
0.000000000
 40
0.713990234
  0
CIRCLE
  5
1366
330
A02
100
AcDbEntity
  8
V_01_Base_Az_Retainer_Ring_1
100
AcDbCircle
 10
191.496883723
 20
153.457895073
 30
0.000000000
 40
0.713990234
  0
CIRCLE
  5
1367
330
A02
100
AcDbEntity
  8
V_01_Base_Az_Retainer_Ring_1
100
AcDbCircle
 10
210.000000000
 20
148.500000009
 30
0.000000000
 40
17.501467930
  0
CIRCLE
  5
1368
330
A02
100
AcDbEntity
  8
V_01_Base_Az_Retainer_Ring_1
100
AcDbCircle
 10
196.454778787
 20
162.045221222
 30
0.000000000
 40
0.713990234
  0
CIRCLE
  5
1369
330
A02
100
AcDbEntity
  8
V_01_Base_Az_Retainer_Ring_1
100
AcDbCircle
 10
205.042104936
 20
167.003116286
 30
0.000000000
 40
0.713990234
  0
CIRCLE
  5
136A
330
A02
100
AcDbEntity
  8
V_01_Base_Az_Retainer_Ring_1
100
AcDbCircle
 10
228.503116277
 20
153.457895073
 30
0.000000000
 40
0.713990234
  0
CIRCLE
  5
136B
330
A02
100
AcDbEntity
  8
V_01_Base_Az_Retainer_Ring_1
100
AcDbCircle
 10
214.957895064
 20
167.003116286
 30
0.000000000
 40
0.713990234
  0
CIRCLE
  5
136C
330
A02
100
AcDbEntity
  8
V_01_Base_Az_Retainer_Ring_1
100
AcDbCircle
 10
223.545221213
 20
162.045221222
 30
0.000000000
 40
0.713990234
  0
CIRCLE
  5
136D
330
A02
100
AcDbEntity
  8
V_01_Base_Az_Retainer_Ring_1
100
AcDbCircle
 10
196.454778787
 20
134.954778795
 30
0.000000000
 40
0.391823909
  0
CIRCLE
  5
136E
330
A02
100
AcDbEntity
  8
V_01_Base_Az_Retainer_Ring_1
100
AcDbCircle
 10
205.042104936
 20
129.996883732
 30
0.000000000
 40
0.391823909
  0
CIRCLE
  5
136F
330
A02
100
AcDbEntity
  8
V_01_Base_Az_Retainer_Ring_1
100
AcDbCircle
 10
191.496883723
 20
143.542104945
 30
0.000000000
 40
0.391823909
  0
CIRCLE
  5
1370
330
A02
100
AcDbEntity
  8
V_01_Base_Az_Retainer_Ring_1
100
AcDbCircle
 10
214.957895064
 20
129.996883732
 30
0.000000000
 40
0.391823909
  0
CIRCLE
  5
1371
330
A02
100
AcDbEntity
  8
V_01_Base_Az_Retainer_Ring_1
100
AcDbCircle
 10
223.545221213
 20
134.954778795
 30
0.000000000
 40
0.391823909
  0
CIRCLE
  5
1372
330
A02
100
AcDbEntity
  8
V_01_Base_Az_Retainer_Ring_1
100
AcDbCircle
 10
228.503116277
 20
143.542104945
 30
0.000000000
 40
0.391823909
  0
CIRCLE
  5
1373
330
A02
100
AcDbEntity
  8
V_01_Base_Az_Retainer_Ring_1
100
AcDbCircle
 10
191.496883723
 20
153.457895073
 30
0.000000000
 40
0.391823909
  0
CIRCLE
  5
1374
330
A02
100
AcDbEntity
  8
V_01_Base_Az_Retainer_Ring_1
100
AcDbCircle
 10
196.454778787
 20
162.045221222
 30
0.000000000
 40
0.391823909
  0
CIRCLE
  5
1375
330
A02
100
AcDbEntity
  8
V_01_Base_Az_Retainer_Ring_1
100
AcDbCircle
 10
205.042104936
 20
167.003116286
 30
0.000000000
 40
0.391823909
  0
CIRCLE
  5
1376
330
A02
100
AcDbEntity
  8
V_01_Base_Az_Retainer_Ring_1
100
AcDbCircle
 10
228.503116277
 20
153.457895073
 30
0.000000000
 40
0.391823909
  0
CIRCLE
  5
1377
330
A02
100
AcDbEntity
  8
V_01_Base_Az_Retainer_Ring_1
100
AcDbCircle
 10
214.957895064
 20
167.003116286
 30
0.000000000
 40
0.391823909
  0
CIRCLE
  5
1378
330
A02
100
AcDbEntity
  8
V_01_Base_Az_Retainer_Ring_1
100
AcDbCircle
 10
223.545221213
 20
162.045221222
 30
0.000000000
 40
0.391823909
  0
CIRCLE
  5
1379
330
A02
100
AcDbEntity
  8
V_01_Base_Az_Retainer_Ring_1
100
AcDbCircle
 10
210.000000000
 20
148.500000009
 30
0.000000000
 40
21.942138897
  0
CIRCLE
  5
137A
330
A02
100
AcDbEntity
  8
V_01_Base_Az_Retainer_Ring_1
100
AcDbCircle
 10
210.000000000
 20
148.500000009
 30
0.000000000
 40
21.506778998
  0
SPLINE
  5
137B
330
A02
100
AcDbEntity
  8
V_01_Base_Az_Retainer_Ring_2
100
AcDbSpline
210
0
220
0
230
1
 70
8
 71
1
 72
17
 73
15
 74
0
 40
0.000000000
 40
0.000000000
 40
0.112199738
 40
0.224399475
 40
0.336599213
 40
0.448798951
 40
0.560998688
 40
0.673198426
 40
0.785398163
 40
0.897597901
 40
1.009797639
 40
1.121997376
 40
1.234197114
 40
1.346396852
 40
1.458596589
 40
1.570796327
 40
1.570796327
 10
210.000000000
 20
147.803424162
 30
0.000000000
 10
212.456740086
 20
147.803424162
 30
0.000000000
 10
214.882585240
 20
147.803424162
 30
0.000000000
 10
217.247029052
 20
147.803424162
 30
0.000000000
 10
219.520337269
 20
147.803424162
 30
0.000000000
 10
221.673921721
 20
147.803424162
 30
0.000000000
 10
223.680699833
 20
147.803424162
 30
0.000000000
 10
225.515435208
 20
147.803424162
 30
0.000000000
 10
227.155054982
 20
147.803424162
 30
0.000000000
 10
228.578939987
 20
147.803424162
 30
0.000000000
 10
229.769184042
 20
147.803424162
 30
0.000000000
 10
230.710819136
 20
147.803424162
 30
0.000000000
 10
231.392003664
 20
147.803424162
 30
0.000000000
 10
231.804171333
 20
147.803424162
 30
0.000000000
 10
231.942138897
 20
147.803424162
 30
0.000000000
  0
SPLINE
  5
137C
330
A02
100
AcDbEntity
  8
V_01_Base_Az_Retainer_Ring_2
100
AcDbSpline
210
0
220
0
230
1
 70
8
 71
1
 72
17
 73
15
 74
0
 40
4.712388980
 40
4.712388980
 40
4.824588718
 40
4.936788456
 40
5.048988193
 40
5.161187931
 40
5.273387669
 40
5.385587406
 40
5.497787144
 40
5.609986881
 40
5.722186619
 40
5.834386357
 40
5.946586094
 40
6.058785832
 40
6.170985570
 40
6.283185307
 40
6.283185307
 10
188.057861103
 20
147.803424162
 30
0.000000000
 10
188.195828667
 20
147.803424162
 30
0.000000000
 10
188.607996336
 20
147.803424162
 30
0.000000000
 10
189.289180864
 20
147.803424162
 30
0.000000000
 10
190.230815958
 20
147.803424162
 30
0.000000000
 10
191.421060013
 20
147.803424162
 30
0.000000000
 10
192.844945018
 20
147.803424162
 30
0.000000000
 10
194.484564792
 20
147.803424162
 30
0.000000000
 10
196.319300167
 20
147.803424162
 30
0.000000000
 10
198.326078279
 20
147.803424162
 30
0.000000000
 10
200.479662731
 20
147.803424162
 30
0.000000000
 10
202.752970948
 20
147.803424162
 30
0.000000000
 10
205.117414760
 20
147.803424162
 30
0.000000000
 10
207.543259914
 20
147.803424162
 30
0.000000000
 10
210.000000000
 20
147.803424162
 30
0.000000000
  0
SPLINE
  5
137D
330
A02
100
AcDbEntity
  8
V_01_Base_Az_Retainer_Ring_2
100
AcDbSpline
210
0
220
0
230
1
 70
8
 71
1
 72
17
 73
15
 74
0
 40
0.000000000
 40
0.000000000
 40
0.112199738
 40
0.224399475
 40
0.336599213
 40
0.448798951
 40
0.560998688
 40
0.673198426
 40
0.785398163
 40
0.897597901
 40
1.009797639
 40
1.121997376
 40
1.234197114
 40
1.346396852
 40
1.458596589
 40
1.570796327
 40
1.570796327
 10
210.000000000
 20
149.196575838
 30
0.000000000
 10
212.407995243
 20
149.196575838
 30
0.000000000
 10
214.785708549
 20
149.196575838
 30
0.000000000
 10
217.103238793
 20
149.196575838
 30
0.000000000
 10
219.331441688
 20
149.196575838
 30
0.000000000
 10
221.442296290
 20
149.196575838
 30
0.000000000
 10
223.409257376
 20
149.196575838
 30
0.000000000
 10
225.207589271
 20
149.196575838
 30
0.000000000
 10
226.814676907
 20
149.196575838
 30
0.000000000
 10
228.210310225
 20
149.196575838
 30
0.000000000
 10
229.376938326
 20
149.196575838
 30
0.000000000
 10
230.299890185
 20
149.196575838
 30
0.000000000
 10
230.967559147
 20
149.196575838
 30
0.000000000
 10
231.371548886
 20
149.196575838
 30
0.000000000
 10
231.506778998
 20
149.196575838
 30
0.000000000
  0
SPLINE
  5
137E
330
A02
100
AcDbEntity
  8
V_01_Base_Az_Retainer_Ring_2
100
AcDbSpline
210
0
220
0
230
1
 70
8
 71
1
 72
17
 73
15
 74
0
 40
4.712388980
 40
4.712388980
 40
4.824588718
 40
4.936788456
 40
5.048988193
 40
5.161187931
 40
5.273387669
 40
5.385587406
 40
5.497787144
 40
5.609986881
 40
5.722186619
 40
5.834386357
 40
5.946586094
 40
6.058785832
 40
6.170985570
 40
6.283185307
 40
6.283185307
 10
188.493221002
 20
149.196575838
 30
0.000000000
 10
188.628451114
 20
149.196575838
 30
0.000000000
 10
189.032440853
 20
149.196575838
 30
0.000000000
 10
189.700109815
 20
149.196575838
 30
0.000000000
 10
190.623061674
 20
149.196575838
 30
0.000000000
 10
191.789689775
 20
149.196575838
 30
0.000000000
 10
193.185323093
 20
149.196575838
 30
0.000000000
 10
194.792410729
 20
149.196575838
 30
0.000000000
 10
196.590742624
 20
149.196575838
 30
0.000000000
 10
198.557703710
 20
149.196575838
 30
0.000000000
 10
200.668558312
 20
149.196575838
 30
0.000000000
 10
202.896761207
 20
149.196575838
 30
0.000000000
 10
205.214291451
 20
149.196575838
 30
0.000000000
 10
207.592004757
 20
149.196575838
 30
0.000000000
 10
210.000000000
 20
149.196575838
 30
0.000000000
  0
SPLINE
  5
137F
330
A02
100
AcDbEntity
  8
V_01_Base_Az_Retainer_Ring_2
100
AcDbSpline
210
0
220
0
230
1
 70
8
 71
2
 72
30
 73
27
 74
0
 40
1.570796327
 40
1.570796327
 40
1.570796327
 40
1.795195802
 40
1.795195802
 40
2.019595277
 40
2.019595277
 40
2.243994753
 40
2.243994753
 40
2.468394228
 40
2.468394228
 40
2.692793703
 40
2.692793703
 40
3.141592654
 40
3.141592654
 40
3.365992129
 40
3.365992129
 40
3.590391604
 40
3.590391604
 40
3.814791079
 40
3.814791079
 40
4.039190555
 40
4.039190555
 40
4.263590030
 40
4.263590030
 40
4.487989505
 40
4.487989505
 40
4.712388980
 40
4.712388980
 40
4.712388980
 10
192.210873957
 20
149.196575838
 30
0.000000000
 10
192.201923344
 20
149.196575838
 30
0.000000000
 10
192.192972731
 20
149.196575838
 30
0.000000000
 10
192.166569713
 20
149.196575838
 30
0.000000000
 10
192.140166696
 20
149.196575838
 30
0.000000000
 10
192.097635231
 20
149.196575838
 30
0.000000000
 10
192.055103766
 20
149.196575838
 30
0.000000000
 10
191.998576559
 20
149.196575838
 30
0.000000000
 10
191.942049352
 20
149.196575838
 30
0.000000000
 10
191.874360914
 20
149.196575838
 30
0.000000000
 10
191.806672475
 20
149.196575838
 30
0.000000000
 10
191.657995535
 20
149.196575838
 30
0.000000000
 10
191.496883723
 20
149.196575838
 30
0.000000000
 10
191.417444836
 20
149.196575838
 30
0.000000000
 10
191.338005949
 20
149.196575838
 30
0.000000000
 10
191.262550460
 20
149.196575838
 30
0.000000000
 10
191.187094970
 20
149.196575838
 30
0.000000000
 10
191.119406532
 20
149.196575838
 30
0.000000000
 10
191.051718093
 20
149.196575838
 30
0.000000000
 10
190.995190887
 20
149.196575838
 30
0.000000000
 10
190.938663680
 20
149.196575838
 30
0.000000000
 10
190.896132215
 20
149.196575838
 30
0.000000000
 10
190.853600750
 20
149.196575838
 30
0.000000000
 10
190.827197732
 20
149.196575838
 30
0.000000000
 10
190.800794715
 20
149.196575838
 30
0.000000000
 10
190.791844102
 20
149.196575838
 30
0.000000000
 10
190.782893489
 20
149.196575838
 30
0.000000000
  0
SPLINE
  5
1380
330
A02
100
AcDbEntity
  8
V_01_Base_Az_Retainer_Ring_2
100
AcDbSpline
210
0
220
0
230
1
 70
8
 71
2
 72
30
 73
27
 74
0
 40
1.570796327
 40
1.570796327
 40
1.570796327
 40
1.795195802
 40
1.795195802
 40
2.019595277
 40
2.019595277
 40
2.243994753
 40
2.243994753
 40
2.468394228
 40
2.468394228
 40
2.692793703
 40
2.692793703
 40
3.141592654
 40
3.141592654
 40
3.365992129
 40
3.365992129
 40
3.590391604
 40
3.590391604
 40
3.814791079
 40
3.814791079
 40
4.039190555
 40
4.039190555
 40
4.263590030
 40
4.263590030
 40
4.487989505
 40
4.487989505
 40
4.712388980
 40
4.712388980
 40
4.712388980
 10
215.671885298
 20
149.196575838
 30
0.000000000
 10
215.662934685
 20
149.196575838
 30
0.000000000
 10
215.653984072
 20
149.196575838
 30
0.000000000
 10
215.627581054
 20
149.196575838
 30
0.000000000
 10
215.601178037
 20
149.196575838
 30
0.000000000
 10
215.558646572
 20
149.196575838
 30
0.000000000
 10
215.516115107
 20
149.196575838
 30
0.000000000
 10
215.459587900
 20
149.196575838
 30
0.000000000
 10
215.403060693
 20
149.196575838
 30
0.000000000
 10
215.335372255
 20
149.196575838
 30
0.000000000
 10
215.267683816
 20
149.196575838
 30
0.000000000
 10
215.119006876
 20
149.196575838
 30
0.000000000
 10
214.957895064
 20
149.196575838
 30
0.000000000
 10
214.878456177
 20
149.196575838
 30
0.000000000
 10
214.799017290
 20
149.196575838
 30
0.000000000
 10
214.723561801
 20
149.196575838
 30
0.000000000
 10
214.648106312
 20
149.196575838
 30
0.000000000
 10
214.580417873
 20
149.196575838
 30
0.000000000
 10
214.512729434
 20
149.196575838
 30
0.000000000
 10
214.456202228
 20
149.196575838
 30
0.000000000
 10
214.399675021
 20
149.196575838
 30
0.000000000
 10
214.357143556
 20
149.196575838
 30
0.000000000
 10
214.314612091
 20
149.196575838
 30
0.000000000
 10
214.288209073
 20
149.196575838
 30
0.000000000
 10
214.261806056
 20
149.196575838
 30
0.000000000
 10
214.252855443
 20
149.196575838
 30
0.000000000
 10
214.243904830
 20
149.196575838
 30
0.000000000
  0
LINE
  5
1381
330
A02
100
AcDbEntity
  8
V_01_Base_Az_Retainer_Ring_2
100
AcDbLine
 10
231.942138897
 20
147.803424162
 30
0.000000000
 11
231.942138897
 21
148.761215939
 31
0.000000000
  0
LINE
  5
1382
330
A02
100
AcDbEntity
  8
V_01_Base_Az_Retainer_Ring_2
100
AcDbLine
 10
188.057861103
 20
147.803424162
 30
0.000000000
 11
188.057861103
 21
148.761215939
 31
0.000000000
  0
SPLINE
  5
1383
330
A02
100
AcDbEntity
  8
V_01_Base_Az_Retainer_Ring_2
100
AcDbSpline
210
0
220
0
230
1
 70
8
 71
3
 72
11
 73
7
 74
0
 40
0.000000000
 40
0.000000000
 40
0.000000000
 40
0.000000000
 40
0.500000000
 40
0.500000000
 40
0.500000000
 40
1.000000000
 40
1.000000000
 40
1.000000000
 40
1.000000000
 10
231.942138897
 20
148.761215939
 30
0.000000000
 10
231.942583265
 20
148.874204491
 30
0.000000000
 10
231.896614925
 20
148.986426333
 30
0.000000000
 10
231.817033232
 20
149.066634590
 30
0.000000000
 10
231.736500147
 20
149.149127097
 30
0.000000000
 10
231.622062826
 20
149.197055946
 30
0.000000000
 10
231.506778998
 20
149.196575838
 30
0.000000000
  0
SPLINE
  5
1384
330
A02
100
AcDbEntity
  8
V_01_Base_Az_Retainer_Ring_2
100
AcDbSpline
210
0
220
0
230
1
 70
8
 71
3
 72
11
 73
7
 74
0
 40
0.000000000
 40
0.000000000
 40
0.000000000
 40
0.000000000
 40
0.500000000
 40
0.500000000
 40
0.500000000
 40
1.000000000
 40
1.000000000
 40
1.000000000
 40
1.000000000
 10
188.057861103
 20
148.761215939
 30
0.000000000
 10
188.057416735
 20
148.874204491
 30
0.000000000
 10
188.103385075
 20
148.986426333
 30
0.000000000
 10
188.182966768
 20
149.066634590
 30
0.000000000
 10
188.263499853
 20
149.149127097
 30
0.000000000
 10
188.377937174
 20
149.197055946
 30
0.000000000
 10
188.493221002
 20
149.196575838
 30
0.000000000
  0
SPLINE
  5
1385
330
A02
100
AcDbEntity
  8
V_01_Base_Az_Retainer_Ring_2
100
AcDbSpline
210
0
220
0
230
1
 70
8
 71
1
 72
17
 73
15
 74
0
 40
0.000000000
 40
0.000000000
 40
0.112199738
 40
0.224399475
 40
0.336599213
 40
0.448798951
 40
0.560998688
 40
0.673198426
 40
0.785398163
 40
0.897597901
 40
1.009797639
 40
1.121997376
 40
1.234197114
 40
1.346396852
 40
1.458596589
 40
1.570796327
 40
1.570796327
 10
210.000000000
 20
148.761215939
 30
0.000000000
 10
212.456740086
 20
148.761215939
 30
0.000000000
 10
214.882585240
 20
148.761215939
 30
0.000000000
 10
217.247029052
 20
148.761215939
 30
0.000000000
 10
219.520337269
 20
148.761215939
 30
0.000000000
 10
221.673921721
 20
148.761215939
 30
0.000000000
 10
223.680699833
 20
148.761215939
 30
0.000000000
 10
225.515435208
 20
148.761215939
 30
0.000000000
 10
227.155054982
 20
148.761215939
 30
0.000000000
 10
228.578939987
 20
148.761215939
 30
0.000000000
 10
229.769184042
 20
148.761215939
 30
0.000000000
 10
230.710819136
 20
148.761215939
 30
0.000000000
 10
231.392003664
 20
148.761215939
 30
0.000000000
 10
231.804171333
 20
148.761215939
 30
0.000000000
 10
231.942138897
 20
148.761215939
 30
0.000000000
  0
SPLINE
  5
1386
330
A02
100
AcDbEntity
  8
V_01_Base_Az_Retainer_Ring_2
100
AcDbSpline
210
0
220
0
230
1
 70
8
 71
1
 72
17
 73
15
 74
0
 40
4.712388980
 40
4.712388980
 40
4.824588718
 40
4.936788456
 40
5.048988193
 40
5.161187931
 40
5.273387669
 40
5.385587406
 40
5.497787144
 40
5.609986881
 40
5.722186619
 40
5.834386357
 40
5.946586094
 40
6.058785832
 40
6.170985570
 40
6.283185307
 40
6.283185307
 10
188.057861103
 20
148.761215939
 30
0.000000000
 10
188.195828667
 20
148.761215939
 30
0.000000000
 10
188.607996336
 20
148.761215939
 30
0.000000000
 10
189.289180864
 20
148.761215939
 30
0.000000000
 10
190.230815958
 20
148.761215939
 30
0.000000000
 10
191.421060013
 20
148.761215939
 30
0.000000000
 10
192.844945018
 20
148.761215939
 30
0.000000000
 10
194.484564792
 20
148.761215939
 30
0.000000000
 10
196.319300167
 20
148.761215939
 30
0.000000000
 10
198.326078279
 20
148.761215939
 30
0.000000000
 10
200.479662731
 20
148.761215939
 30
0.000000000
 10
202.752970948
 20
148.761215939
 30
0.000000000
 10
205.117414760
 20
148.761215939
 30
0.000000000
 10
207.543259914
 20
148.761215939
 30
0.000000000
 10
210.000000000
 20
148.761215939
 30
0.000000000
  0
ELLIPSE
  5
1387
330
A02
100
AcDbEntity
  8
V_01_Base_Az_Retainer_Ring_3
100
AcDbEllipse
 10
210.000000009
 20
148.016980764
 30
0.000000000
 11
21.942138897
 21
0.000000000
 31
0.000000000
 40
0.577350269
 41
5.497787144
 42
0.000000000
  0
ELLIPSE
  5
1388
330
A02
100
AcDbEntity
  8
V_01_Base_Az_Retainer_Ring_3
100
AcDbEllipse
 10
210.000000009
 20
148.016980764
 30
0.000000000
 11
21.942138897
 21
0.000000000
 31
0.000000000
 40
0.577350269
 41
3.141592654
 42
5.497787144
  0
ELLIPSE
  5
1389
330
A02
100
AcDbEntity
  8
V_01_Base_Az_Retainer_Ring_3
100
AcDbEllipse
 10
210.000000009
 20
148.016980764
 30
0.000000000
 11
17.501467930
 21
0.000000000
 31
0.000000000
 40
0.577350269
 41
0.056316871
 42
3.085275782
  0
ELLIPSE
  5
138A
330
A02
100
AcDbEntity
  8
V_01_Base_Az_Retainer_Ring_3
100
AcDbEllipse
 10
190.844164464
 20
149.154484344
 30
0.000000000
 11
-0.713990234
 21
0.000000000
 31
0.000000000
 40
0.577350269
 41
-3.141592654
 42
-0.785398163
  0
ELLIPSE
  5
138B
330
A02
100
AcDbEntity
  8
V_01_Base_Az_Retainer_Ring_3
100
AcDbEllipse
 10
190.844164464
 20
149.154484344
 30
0.000000000
 11
-0.713990234
 21
0.000000000
 31
0.000000000
 40
0.577350269
 41
-0.000000000
 42
-3.141592654
  0
ELLIPSE
  5
138C
330
A02
100
AcDbEntity
  8
V_01_Base_Az_Retainer_Ring_3
100
AcDbEllipse
 10
190.844164464
 20
149.154484344
 30
0.000000000
 11
-0.713990234
 21
0.000000000
 31
0.000000000
 40
0.577350269
 41
-0.785398163
 42
-0.000000000
  0
ELLIPSE
  5
138D
330
A02
100
AcDbEntity
  8
V_01_Base_Az_Retainer_Ring_3
100
AcDbEllipse
 10
193.410559796
 20
143.624670940
 30
0.000000000
 11
-0.713990234
 21
0.000000000
 31
0.000000000
 40
0.577350269
 41
-3.141592654
 42
-0.785398163
  0
ELLIPSE
  5
138E
330
A02
100
AcDbEntity
  8
V_01_Base_Az_Retainer_Ring_3
100
AcDbEllipse
 10
193.410559796
 20
143.624670940
 30
0.000000000
 11
-0.713990234
 21
0.000000000
 31
0.000000000
 40
0.577350269
 41
-0.000000000
 42
-3.141592654
  0
ELLIPSE
  5
138F
330
A02
100
AcDbEntity
  8
V_01_Base_Az_Retainer_Ring_3
100
AcDbEllipse
 10
193.410559796
 20
143.624670940
 30
0.000000000
 11
-0.713990234
 21
0.000000000
 31
0.000000000
 40
0.577350269
 41
-0.785398163
 42
-0.000000000
  0
ELLIPSE
  5
1390
330
A02
100
AcDbEntity
  8
V_01_Base_Az_Retainer_Ring_3
100
AcDbEllipse
 10
193.410559796
 20
154.684297748
 30
0.000000000
 11
-0.713990234
 21
0.000000000
 31
0.000000000
 40
0.577350269
 41
-3.141592654
 42
-0.785398163
  0
ELLIPSE
  5
1391
330
A02
100
AcDbEntity
  8
V_01_Base_Az_Retainer_Ring_3
100
AcDbEllipse
 10
193.410559796
 20
154.684297748
 30
0.000000000
 11
-0.713990234
 21
0.000000000
 31
0.000000000
 40
0.577350269
 41
-0.000000000
 42
-3.141592654
  0
ELLIPSE
  5
1392
330
A02
100
AcDbEntity
  8
V_01_Base_Az_Retainer_Ring_3
100
AcDbEllipse
 10
193.410559796
 20
154.684297748
 30
0.000000000
 11
-0.713990234
 21
0.000000000
 31
0.000000000
 40
0.577350269
 41
-0.785398163
 42
-0.000000000
  0
ELLIPSE
  5
1393
330
A02
100
AcDbEntity
  8
V_01_Base_Az_Retainer_Ring_3
100
AcDbEllipse
 10
200.422082236
 20
139.576566571
 30
0.000000000
 11
-0.713990234
 21
0.000000000
 31
0.000000000
 40
0.577350269
 41
-3.141592654
 42
-0.785398163
  0
ELLIPSE
  5
1394
330
A02
100
AcDbEntity
  8
V_01_Base_Az_Retainer_Ring_3
100
AcDbEllipse
 10
200.422082236
 20
139.576566571
 30
0.000000000
 11
-0.713990234
 21
0.000000000
 31
0.000000000
 40
0.577350269
 41
-0.000000000
 42
-3.141592654
  0
ELLIPSE
  5
1395
330
A02
100
AcDbEntity
  8
V_01_Base_Az_Retainer_Ring_3
100
AcDbEllipse
 10
200.422082236
 20
139.576566571
 30
0.000000000
 11
-0.713990234
 21
0.000000000
 31
0.000000000
 40
0.577350269
 41
-0.785398163
 42
-0.000000000
  0
ELLIPSE
  5
1396
330
A02
100
AcDbEntity
  8
V_01_Base_Az_Retainer_Ring_3
100
AcDbEllipse
 10
210.000000009
 20
138.094857535
 30
0.000000000
 11
-0.713990234
 21
0.000000000
 31
0.000000000
 40
0.577350269
 41
-3.141592654
 42
-0.785398163
  0
ELLIPSE
  5
1397
330
A02
100
AcDbEntity
  8
V_01_Base_Az_Retainer_Ring_3
100
AcDbEllipse
 10
210.000000009
 20
138.094857535
 30
0.000000000
 11
-0.713990234
 21
0.000000000
 31
0.000000000
 40
0.577350269
 41
-0.000000000
 42
-3.141592654
  0
ELLIPSE
  5
1398
330
A02
100
AcDbEntity
  8
V_01_Base_Az_Retainer_Ring_3
100
AcDbEllipse
 10
210.000000009
 20
138.094857535
 30
0.000000000
 11
-0.713990234
 21
0.000000000
 31
0.000000000
 40
0.577350269
 41
-0.785398163
 42
-0.000000000
  0
ELLIPSE
  5
1399
330
A02
100
AcDbEntity
  8
V_01_Base_Az_Retainer_Ring_3
100
AcDbEllipse
 10
219.577917781
 20
139.576566571
 30
0.000000000
 11
-0.713990234
 21
0.000000000
 31
0.000000000
 40
0.577350269
 41
-3.141592654
 42
-0.785398163
  0
ELLIPSE
  5
139A
330
A02
100
AcDbEntity
  8
V_01_Base_Az_Retainer_Ring_3
100
AcDbEllipse
 10
219.577917781
 20
139.576566571
 30
0.000000000
 11
-0.713990234
 21
0.000000000
 31
0.000000000
 40
0.577350269
 41
-0.000000000
 42
-3.141592654
  0
ELLIPSE
  5
139B
330
A02
100
AcDbEntity
  8
V_01_Base_Az_Retainer_Ring_3
100
AcDbEllipse
 10
219.577917781
 20
139.576566571
 30
0.000000000
 11
-0.713990234
 21
0.000000000
 31
0.000000000
 40
0.577350269
 41
-0.785398163
 42
-0.000000000
  0
ELLIPSE
  5
139C
330
A02
100
AcDbEntity
  8
V_01_Base_Az_Retainer_Ring_3
100
AcDbEllipse
 10
200.422082236
 20
158.732402116
 30
0.000000000
 11
-0.713990234
 21
0.000000000
 31
0.000000000
 40
0.577350269
 41
-3.141592654
 42
-0.785398163
  0
ELLIPSE
  5
139D
330
A02
100
AcDbEntity
  8
V_01_Base_Az_Retainer_Ring_3
100
AcDbEllipse
 10
200.422082236
 20
158.732402116
 30
0.000000000
 11
-0.713990234
 21
0.000000000
 31
0.000000000
 40
0.577350269
 41
-0.000000000
 42
-3.141592654
  0
ELLIPSE
  5
139E
330
A02
100
AcDbEntity
  8
V_01_Base_Az_Retainer_Ring_3
100
AcDbEllipse
 10
200.422082236
 20
158.732402116
 30
0.000000000
 11
-0.713990234
 21
0.000000000
 31
0.000000000
 40
0.577350269
 41
-0.785398163
 42
-0.000000000
  0
ELLIPSE
  5
139F
330
A02
100
AcDbEntity
  8
V_01_Base_Az_Retainer_Ring_3
100
AcDbEllipse
 10
210.000000009
 20
149.154484344
 30
0.000000000
 11
17.501467930
 21
0.000000000
 31
0.000000000
 40
0.577350269
 41
5.497787144
 42
0.000000000
  0
ELLIPSE
  5
13A0
330
A02
100
AcDbEntity
  8
V_01_Base_Az_Retainer_Ring_3
100
AcDbEllipse
 10
210.000000009
 20
149.154484344
 30
0.000000000
 11
17.501467930
 21
0.000000000
 31
0.000000000
 40
0.577350269
 41
0.000000000
 42
3.141592654
  0
ELLIPSE
  5
13A1
330
A02
100
AcDbEntity
  8
V_01_Base_Az_Retainer_Ring_3
100
AcDbEllipse
 10
210.000000009
 20
149.154484344
 30
0.000000000
 11
17.501467930
 21
0.000000000
 31
0.000000000
 40
0.577350269
 41
3.141592654
 42
5.497787144
  0
ELLIPSE
  5
13A2
330
A02
100
AcDbEntity
  8
V_01_Base_Az_Retainer_Ring_3
100
AcDbEllipse
 10
210.000000009
 20
160.214111152
 30
0.000000000
 11
-0.713990234
 21
0.000000000
 31
0.000000000
 40
0.577350269
 41
-3.141592654
 42
-0.785398163
  0
ELLIPSE
  5
13A3
330
A02
100
AcDbEntity
  8
V_01_Base_Az_Retainer_Ring_3
100
AcDbEllipse
 10
210.000000009
 20
160.214111152
 30
0.000000000
 11
-0.713990234
 21
0.000000000
 31
0.000000000
 40
0.577350269
 41
-0.000000000
 42
-3.141592654
  0
ELLIPSE
  5
13A4
330
A02
100
AcDbEntity
  8
V_01_Base_Az_Retainer_Ring_3
100
AcDbEllipse
 10
210.000000009
 20
160.214111152
 30
0.000000000
 11
-0.713990234
 21
0.000000000
 31
0.000000000
 40
0.577350269
 41
-0.785398163
 42
-0.000000000
  0
ELLIPSE
  5
13A5
330
A02
100
AcDbEntity
  8
V_01_Base_Az_Retainer_Ring_3
100
AcDbEllipse
 10
219.577917781
 20
158.732402116
 30
0.000000000
 11
-0.713990234
 21
0.000000000
 31
0.000000000
 40
0.577350269
 41
-3.141592654
 42
-0.785398163
  0
ELLIPSE
  5
13A6
330
A02
100
AcDbEntity
  8
V_01_Base_Az_Retainer_Ring_3
100
AcDbEllipse
 10
219.577917781
 20
158.732402116
 30
0.000000000
 11
-0.713990234
 21
0.000000000
 31
0.000000000
 40
0.577350269
 41
-0.000000000
 42
-3.141592654
  0
ELLIPSE
  5
13A7
330
A02
100
AcDbEntity
  8
V_01_Base_Az_Retainer_Ring_3
100
AcDbEllipse
 10
219.577917781
 20
158.732402116
 30
0.000000000
 11
-0.713990234
 21
0.000000000
 31
0.000000000
 40
0.577350269
 41
-0.785398163
 42
-0.000000000
  0
ELLIPSE
  5
13A8
330
A02
100
AcDbEntity
  8
V_01_Base_Az_Retainer_Ring_3
100
AcDbEllipse
 10
226.589440222
 20
143.624670940
 30
0.000000000
 11
-0.713990234
 21
0.000000000
 31
0.000000000
 40
0.577350269
 41
-3.141592654
 42
-0.785398163
  0
ELLIPSE
  5
13A9
330
A02
100
AcDbEntity
  8
V_01_Base_Az_Retainer_Ring_3
100
AcDbEllipse
 10
226.589440222
 20
143.624670940
 30
0.000000000
 11
-0.713990234
 21
0.000000000
 31
0.000000000
 40
0.577350269
 41
-0.000000000
 42
-3.141592654
  0
ELLIPSE
  5
13AA
330
A02
100
AcDbEntity
  8
V_01_Base_Az_Retainer_Ring_3
100
AcDbEllipse
 10
226.589440222
 20
143.624670940
 30
0.000000000
 11
-0.713990234
 21
0.000000000
 31
0.000000000
 40
0.577350269
 41
-0.785398163
 42
-0.000000000
  0
ELLIPSE
  5
13AB
330
A02
100
AcDbEntity
  8
V_01_Base_Az_Retainer_Ring_3
100
AcDbEllipse
 10
226.589440222
 20
154.684297748
 30
0.000000000
 11
-0.713990234
 21
0.000000000
 31
0.000000000
 40
0.577350269
 41
-3.141592654
 42
-0.785398163
  0
ELLIPSE
  5
13AC
330
A02
100
AcDbEntity
  8
V_01_Base_Az_Retainer_Ring_3
100
AcDbEllipse
 10
226.589440222
 20
154.684297748
 30
0.000000000
 11
-0.713990234
 21
0.000000000
 31
0.000000000
 40
0.577350269
 41
-0.000000000
 42
-3.141592654
  0
ELLIPSE
  5
13AD
330
A02
100
AcDbEntity
  8
V_01_Base_Az_Retainer_Ring_3
100
AcDbEllipse
 10
226.589440222
 20
154.684297748
 30
0.000000000
 11
-0.713990234
 21
0.000000000
 31
0.000000000
 40
0.577350269
 41
-0.785398163
 42
-0.000000000
  0
ELLIPSE
  5
13AE
330
A02
100
AcDbEntity
  8
V_01_Base_Az_Retainer_Ring_3
100
AcDbEllipse
 10
229.155835554
 20
149.154484344
 30
0.000000000
 11
-0.713990234
 21
0.000000000
 31
0.000000000
 40
0.577350269
 41
-3.141592654
 42
-0.785398163
  0
ELLIPSE
  5
13AF
330
A02
100
AcDbEntity
  8
V_01_Base_Az_Retainer_Ring_3
100
AcDbEllipse
 10
229.155835554
 20
149.154484344
 30
0.000000000
 11
-0.713990234
 21
0.000000000
 31
0.000000000
 40
0.577350269
 41
-0.000000000
 42
-3.141592654
  0
ELLIPSE
  5
13B0
330
A02
100
AcDbEntity
  8
V_01_Base_Az_Retainer_Ring_3
100
AcDbEllipse
 10
229.155835554
 20
149.154484344
 30
0.000000000
 11
-0.713990234
 21
0.000000000
 31
0.000000000
 40
0.577350269
 41
-0.785398163
 42
-0.000000000
  0
ELLIPSE
  5
13B1
330
A02
100
AcDbEntity
  8
V_01_Base_Az_Retainer_Ring_3
100
AcDbEllipse
 10
190.844164464
 20
148.655404648
 30
0.000000000
 11
-0.391823909
 21
0.000000000
 31
0.000000000
 40
0.577350269
 41
-2.526324761
 42
-0.785398163
  0
ELLIPSE
  5
13B2
330
A02
100
AcDbEntity
  8
V_01_Base_Az_Retainer_Ring_3
100
AcDbEllipse
 10
190.844164464
 20
148.655404648
 30
0.000000000
 11
-0.391823909
 21
0.000000000
 31
0.000000000
 40
0.577350269
 41
-0.785398163
 42
-0.615267893
  0
ELLIPSE
  5
13B3
330
A02
100
AcDbEntity
  8
V_01_Base_Az_Retainer_Ring_3
100
AcDbEllipse
 10
193.410559796
 20
143.125591244
 30
0.000000000
 11
-0.391823909
 21
0.000000000
 31
0.000000000
 40
0.577350269
 41
-2.526324761
 42
-0.785398163
  0
ELLIPSE
  5
13B4
330
A02
100
AcDbEntity
  8
V_01_Base_Az_Retainer_Ring_3
100
AcDbEllipse
 10
193.410559796
 20
143.125591244
 30
0.000000000
 11
-0.391823909
 21
0.000000000
 31
0.000000000
 40
0.577350269
 41
-0.785398163
 42
-0.615267893
  0
ELLIPSE
  5
13B5
330
A02
100
AcDbEntity
  8
V_01_Base_Az_Retainer_Ring_3
100
AcDbEllipse
 10
193.410559796
 20
154.185218052
 30
0.000000000
 11
-0.391823909
 21
0.000000000
 31
0.000000000
 40
0.577350269
 41
-2.526324761
 42
-0.785398163
  0
ELLIPSE
  5
13B6
330
A02
100
AcDbEntity
  8
V_01_Base_Az_Retainer_Ring_3
100
AcDbEllipse
 10
193.410559796
 20
154.185218052
 30
0.000000000
 11
-0.391823909
 21
0.000000000
 31
0.000000000
 40
0.577350269
 41
-0.785398163
 42
-0.615267893
  0
ELLIPSE
  5
13B7
330
A02
100
AcDbEntity
  8
V_01_Base_Az_Retainer_Ring_3
100
AcDbEllipse
 10
200.422082236
 20
139.077486875
 30
0.000000000
 11
-0.391823909
 21
0.000000000
 31
0.000000000
 40
0.577350269
 41
-2.526324761
 42
-0.785398163
  0
ELLIPSE
  5
13B8
330
A02
100
AcDbEntity
  8
V_01_Base_Az_Retainer_Ring_3
100
AcDbEllipse
 10
200.422082236
 20
139.077486875
 30
0.000000000
 11
-0.391823909
 21
0.000000000
 31
0.000000000
 40
0.577350269
 41
-0.785398163
 42
-0.615267893
  0
ELLIPSE
  5
13B9
330
A02
100
AcDbEntity
  8
V_01_Base_Az_Retainer_Ring_3
100
AcDbEllipse
 10
210.000000009
 20
137.595777839
 30
0.000000000
 11
-0.391823909
 21
0.000000000
 31
0.000000000
 40
0.577350269
 41
-2.526324761
 42
-0.785398163
  0
ELLIPSE
  5
13BA
330
A02
100
AcDbEntity
  8
V_01_Base_Az_Retainer_Ring_3
100
AcDbEllipse
 10
210.000000009
 20
137.595777839
 30
0.000000000
 11
-0.391823909
 21
0.000000000
 31
0.000000000
 40
0.577350269
 41
-0.785398163
 42
-0.615267893
  0
ELLIPSE
  5
13BB
330
A02
100
AcDbEntity
  8
V_01_Base_Az_Retainer_Ring_3
100
AcDbEllipse
 10
219.577917781
 20
139.077486875
 30
0.000000000
 11
-0.391823909
 21
0.000000000
 31
0.000000000
 40
0.577350269
 41
-2.526324761
 42
-0.785398163
  0
ELLIPSE
  5
13BC
330
A02
100
AcDbEntity
  8
V_01_Base_Az_Retainer_Ring_3
100
AcDbEllipse
 10
219.577917781
 20
139.077486875
 30
0.000000000
 11
-0.391823909
 21
0.000000000
 31
0.000000000
 40
0.577350269
 41
-0.785398163
 42
-0.615267893
  0
ELLIPSE
  5
13BD
330
A02
100
AcDbEntity
  8
V_01_Base_Az_Retainer_Ring_3
100
AcDbEllipse
 10
200.422082236
 20
158.233322421
 30
0.000000000
 11
-0.391823909
 21
0.000000000
 31
0.000000000
 40
0.577350269
 41
-2.526324761
 42
-0.785398163
  0
ELLIPSE
  5
13BE
330
A02
100
AcDbEntity
  8
V_01_Base_Az_Retainer_Ring_3
100
AcDbEllipse
 10
200.422082236
 20
158.233322421
 30
0.000000000
 11
-0.391823909
 21
0.000000000
 31
0.000000000
 40
0.577350269
 41
-0.785398163
 42
-0.615267893
  0
ELLIPSE
  5
13BF
330
A02
100
AcDbEntity
  8
V_01_Base_Az_Retainer_Ring_3
100
AcDbEllipse
 10
210.000000009
 20
159.715031457
 30
0.000000000
 11
-0.391823909
 21
0.000000000
 31
0.000000000
 40
0.577350269
 41
-2.526324761
 42
-0.785398163
  0
ELLIPSE
  5
13C0
330
A02
100
AcDbEntity
  8
V_01_Base_Az_Retainer_Ring_3
100
AcDbEllipse
 10
210.000000009
 20
159.715031457
 30
0.000000000
 11
-0.391823909
 21
0.000000000
 31
0.000000000
 40
0.577350269
 41
-0.785398163
 42
-0.615267893
  0
ELLIPSE
  5
13C1
330
A02
100
AcDbEntity
  8
V_01_Base_Az_Retainer_Ring_3
100
AcDbEllipse
 10
219.577917781
 20
158.233322421
 30
0.000000000
 11
-0.391823909
 21
0.000000000
 31
0.000000000
 40
0.577350269
 41
-2.526324761
 42
-0.785398163
  0
ELLIPSE
  5
13C2
330
A02
100
AcDbEntity
  8
V_01_Base_Az_Retainer_Ring_3
100
AcDbEllipse
 10
219.577917781
 20
158.233322421
 30
0.000000000
 11
-0.391823909
 21
0.000000000
 31
0.000000000
 40
0.577350269
 41
-0.785398163
 42
-0.615267893
  0
ELLIPSE
  5
13C3
330
A02
100
AcDbEntity
  8
V_01_Base_Az_Retainer_Ring_3
100
AcDbEllipse
 10
226.589440222
 20
143.125591244
 30
0.000000000
 11
-0.391823909
 21
0.000000000
 31
0.000000000
 40
0.577350269
 41
-2.526324761
 42
-0.785398163
  0
ELLIPSE
  5
13C4
330
A02
100
AcDbEntity
  8
V_01_Base_Az_Retainer_Ring_3
100
AcDbEllipse
 10
226.589440222
 20
143.125591244
 30
0.000000000
 11
-0.391823909
 21
0.000000000
 31
0.000000000
 40
0.577350269
 41
-0.785398163
 42
-0.615267893
  0
ELLIPSE
  5
13C5
330
A02
100
AcDbEntity
  8
V_01_Base_Az_Retainer_Ring_3
100
AcDbEllipse
 10
226.589440222
 20
154.185218052
 30
0.000000000
 11
-0.391823909
 21
0.000000000
 31
0.000000000
 40
0.577350269
 41
-2.526324761
 42
-0.785398163
  0
ELLIPSE
  5
13C6
330
A02
100
AcDbEntity
  8
V_01_Base_Az_Retainer_Ring_3
100
AcDbEllipse
 10
226.589440222
 20
154.185218052
 30
0.000000000
 11
-0.391823909
 21
0.000000000
 31
0.000000000
 40
0.577350269
 41
-0.785398163
 42
-0.615267893
  0
ELLIPSE
  5
13C7
330
A02
100
AcDbEntity
  8
V_01_Base_Az_Retainer_Ring_3
100
AcDbEllipse
 10
229.155835554
 20
148.655404648
 30
0.000000000
 11
-0.391823909
 21
0.000000000
 31
0.000000000
 40
0.577350269
 41
-2.526324761
 42
-0.785398163
  0
ELLIPSE
  5
13C8
330
A02
100
AcDbEntity
  8
V_01_Base_Az_Retainer_Ring_3
100
AcDbEllipse
 10
229.155835554
 20
148.655404648
 30
0.000000000
 11
-0.391823909
 21
0.000000000
 31
0.000000000
 40
0.577350269
 41
-0.785398163
 42
-0.615267893
  0
ELLIPSE
  5
13C9
330
A02
100
AcDbEntity
  8
V_01_Base_Az_Retainer_Ring_3
100
AcDbEllipse
 10
190.844164464
 20
148.655404648
 30
0.000000000
 11
-0.713990234
 21
0.000000000
 31
0.000000000
 40
0.577350269
 41
-2.491384135
 42
-0.785398163
  0
ELLIPSE
  5
13CA
330
A02
100
AcDbEntity
  8
V_01_Base_Az_Retainer_Ring_3
100
AcDbEllipse
 10
190.844164464
 20
148.655404648
 30
0.000000000
 11
-0.713990234
 21
0.000000000
 31
0.000000000
 40
0.577350269
 41
-0.785398163
 42
-0.650208518
  0
ELLIPSE
  5
13CB
330
A02
100
AcDbEntity
  8
V_01_Base_Az_Retainer_Ring_3
100
AcDbEllipse
 10
193.410559796
 20
143.125591244
 30
0.000000000
 11
-0.713990234
 21
0.000000000
 31
0.000000000
 40
0.577350269
 41
-2.491384135
 42
-0.785398163
  0
ELLIPSE
  5
13CC
330
A02
100
AcDbEntity
  8
V_01_Base_Az_Retainer_Ring_3
100
AcDbEllipse
 10
193.410559796
 20
143.125591244
 30
0.000000000
 11
-0.713990234
 21
0.000000000
 31
0.000000000
 40
0.577350269
 41
-0.785398163
 42
-0.650208518
  0
ELLIPSE
  5
13CD
330
A02
100
AcDbEntity
  8
V_01_Base_Az_Retainer_Ring_3
100
AcDbEllipse
 10
193.410559796
 20
154.185218052
 30
0.000000000
 11
-0.713990234
 21
0.000000000
 31
0.000000000
 40
0.577350269
 41
-2.491384135
 42
-0.785398163
  0
ELLIPSE
  5
13CE
330
A02
100
AcDbEntity
  8
V_01_Base_Az_Retainer_Ring_3
100
AcDbEllipse
 10
193.410559796
 20
154.185218052
 30
0.000000000
 11
-0.713990234
 21
0.000000000
 31
0.000000000
 40
0.577350269
 41
-0.785398163
 42
-0.650208518
  0
ELLIPSE
  5
13CF
330
A02
100
AcDbEntity
  8
V_01_Base_Az_Retainer_Ring_3
100
AcDbEllipse
 10
200.422082236
 20
139.077486875
 30
0.000000000
 11
-0.713990234
 21
0.000000000
 31
0.000000000
 40
0.577350269
 41
-2.491384135
 42
-0.785398163
  0
ELLIPSE
  5
13D0
330
A02
100
AcDbEntity
  8
V_01_Base_Az_Retainer_Ring_3
100
AcDbEllipse
 10
200.422082236
 20
139.077486875
 30
0.000000000
 11
-0.713990234
 21
0.000000000
 31
0.000000000
 40
0.577350269
 41
-0.785398163
 42
-0.650208518
  0
ELLIPSE
  5
13D1
330
A02
100
AcDbEntity
  8
V_01_Base_Az_Retainer_Ring_3
100
AcDbEllipse
 10
210.000000009
 20
137.595777839
 30
0.000000000
 11
-0.713990234
 21
0.000000000
 31
0.000000000
 40
0.577350269
 41
-2.491384135
 42
-0.785398163
  0
ELLIPSE
  5
13D2
330
A02
100
AcDbEntity
  8
V_01_Base_Az_Retainer_Ring_3
100
AcDbEllipse
 10
210.000000009
 20
137.595777839
 30
0.000000000
 11
-0.713990234
 21
0.000000000
 31
0.000000000
 40
0.577350269
 41
-0.785398163
 42
-0.650208518
  0
ELLIPSE
  5
13D3
330
A02
100
AcDbEntity
  8
V_01_Base_Az_Retainer_Ring_3
100
AcDbEllipse
 10
219.577917781
 20
139.077486875
 30
0.000000000
 11
-0.713990234
 21
0.000000000
 31
0.000000000
 40
0.577350269
 41
-2.491384135
 42
-0.785398163
  0
ELLIPSE
  5
13D4
330
A02
100
AcDbEntity
  8
V_01_Base_Az_Retainer_Ring_3
100
AcDbEllipse
 10
219.577917781
 20
139.077486875
 30
0.000000000
 11
-0.713990234
 21
0.000000000
 31
0.000000000
 40
0.577350269
 41
-0.785398163
 42
-0.650208518
  0
ELLIPSE
  5
13D5
330
A02
100
AcDbEntity
  8
V_01_Base_Az_Retainer_Ring_3
100
AcDbEllipse
 10
200.422082236
 20
158.233322421
 30
0.000000000
 11
-0.713990234
 21
0.000000000
 31
0.000000000
 40
0.577350269
 41
-2.491384135
 42
-0.785398163
  0
ELLIPSE
  5
13D6
330
A02
100
AcDbEntity
  8
V_01_Base_Az_Retainer_Ring_3
100
AcDbEllipse
 10
200.422082236
 20
158.233322421
 30
0.000000000
 11
-0.713990234
 21
0.000000000
 31
0.000000000
 40
0.577350269
 41
-0.785398163
 42
-0.650208518
  0
ELLIPSE
  5
13D7
330
A02
100
AcDbEntity
  8
V_01_Base_Az_Retainer_Ring_3
100
AcDbEllipse
 10
210.000000009
 20
159.715031457
 30
0.000000000
 11
-0.713990234
 21
0.000000000
 31
0.000000000
 40
0.577350269
 41
-2.491384135
 42
-0.785398163
  0
ELLIPSE
  5
13D8
330
A02
100
AcDbEntity
  8
V_01_Base_Az_Retainer_Ring_3
100
AcDbEllipse
 10
210.000000009
 20
159.715031457
 30
0.000000000
 11
-0.713990234
 21
0.000000000
 31
0.000000000
 40
0.577350269
 41
-0.785398163
 42
-0.650208518
  0
ELLIPSE
  5
13D9
330
A02
100
AcDbEntity
  8
V_01_Base_Az_Retainer_Ring_3
100
AcDbEllipse
 10
219.577917781
 20
158.233322421
 30
0.000000000
 11
-0.713990234
 21
0.000000000
 31
0.000000000
 40
0.577350269
 41
-2.491384135
 42
-0.785398163
  0
ELLIPSE
  5
13DA
330
A02
100
AcDbEntity
  8
V_01_Base_Az_Retainer_Ring_3
100
AcDbEllipse
 10
219.577917781
 20
158.233322421
 30
0.000000000
 11
-0.713990234
 21
0.000000000
 31
0.000000000
 40
0.577350269
 41
-0.785398163
 42
-0.650208518
  0
ELLIPSE
  5
13DB
330
A02
100
AcDbEntity
  8
V_01_Base_Az_Retainer_Ring_3
100
AcDbEllipse
 10
226.589440222
 20
143.125591244
 30
0.000000000
 11
-0.713990234
 21
0.000000000
 31
0.000000000
 40
0.577350269
 41
-2.491384135
 42
-0.785398163
  0
ELLIPSE
  5
13DC
330
A02
100
AcDbEntity
  8
V_01_Base_Az_Retainer_Ring_3
100
AcDbEllipse
 10
226.589440222
 20
143.125591244
 30
0.000000000
 11
-0.713990234
 21
0.000000000
 31
0.000000000
 40
0.577350269
 41
-0.785398163
 42
-0.650208518
  0
ELLIPSE
  5
13DD
330
A02
100
AcDbEntity
  8
V_01_Base_Az_Retainer_Ring_3
100
AcDbEllipse
 10
226.589440222
 20
154.185218052
 30
0.000000000
 11
-0.713990234
 21
0.000000000
 31
0.000000000
 40
0.577350269
 41
-2.491384135
 42
-0.785398163
  0
ELLIPSE
  5
13DE
330
A02
100
AcDbEntity
  8
V_01_Base_Az_Retainer_Ring_3
100
AcDbEllipse
 10
226.589440222
 20
154.185218052
 30
0.000000000
 11
-0.713990234
 21
0.000000000
 31
0.000000000
 40
0.577350269
 41
-0.785398163
 42
-0.650208518
  0
ELLIPSE
  5
13DF
330
A02
100
AcDbEntity
  8
V_01_Base_Az_Retainer_Ring_3
100
AcDbEllipse
 10
229.155835554
 20
148.655404648
 30
0.000000000
 11
-0.713990234
 21
0.000000000
 31
0.000000000
 40
0.577350269
 41
-2.491384135
 42
-0.785398163
  0
ELLIPSE
  5
13E0
330
A02
100
AcDbEntity
  8
V_01_Base_Az_Retainer_Ring_3
100
AcDbEllipse
 10
229.155835554
 20
148.655404648
 30
0.000000000
 11
-0.713990234
 21
0.000000000
 31
0.000000000
 40
0.577350269
 41
-0.785398163
 42
-0.650208518
  0
LINE
  5
13E1
330
A02
100
AcDbEntity
  8
V_01_Base_Az_Retainer_Ring_3
100
AcDbLine
 10
231.942138906
 20
148.016980764
 30
0.000000000
 11
231.942138906
 21
148.799014475
 31
0.000000000
  0
LINE
  5
13E2
330
A02
100
AcDbEntity
  8
V_01_Base_Az_Retainer_Ring_3
100
AcDbLine
 10
188.057861112
 20
148.016980764
 30
0.000000000
 11
188.057861112
 21
148.799014475
 31
0.000000000
  0
SPLINE
  5
13E3
330
A02
100
AcDbEntity
  8
V_01_Base_Az_Retainer_Ring_3
100
AcDbSpline
210
0
220
0
230
1
 70
8
 71
3
 72
29
 73
25
 74
0
 40
0.000000000
 40
0.000000000
 40
0.000000000
 40
0.000000000
 40
0.092944220
 40
0.092944220
 40
0.092944220
 40
0.235286905
 40
0.235286905
 40
0.235286905
 40
0.339530925
 40
0.339530925
 40
0.339530925
 40
0.529721994
 40
0.529721994
 40
0.529721994
 40
0.645976939
 40
0.645976939
 40
0.645976939
 40
0.762231885
 40
0.762231885
 40
0.762231885
 40
0.906874153
 40
0.906874153
 40
0.906874153
 40
1.000000000
 40
1.000000000
 40
1.000000000
 40
1.000000000
 10
231.942138906
 20
148.799014475
 30
0.000000000
 10
231.942826796
 20
150.072512953
 30
0.000000000
 10
231.619725696
 20
151.344375685
 30
0.000000000
 10
230.994003845
 20
152.552426025
 30
0.000000000
 10
230.038194769
 20
154.404121019
 30
0.000000000
 10
228.371562822
 20
156.104746338
 30
0.000000000
 10
226.165113821
 20
157.507625969
 30
0.000000000
 10
224.550815800
 20
158.535911154
 30
0.000000000
 10
222.649097687
 20
159.405521408
 30
0.000000000
 10
220.558123097
 20
160.074177348
 30
0.000000000
 10
216.745824129
 20
161.299136734
 30
0.000000000
 10
212.298069725
 20
161.835788772
 30
0.000000000
 10
207.964116373
 20
161.596338334
 30
0.000000000
 10
205.315538747
 20
161.453269388
 30
0.000000000
 10
202.712612788
 20
161.025947161
 30
0.000000000
 10
200.325803444
 20
160.341951846
 30
0.000000000
 10
197.937916786
 20
159.659030984
 30
0.000000000
 10
195.766146742
 20
158.719437034
 30
0.000000000
 10
193.950793490
 20
157.580834870
 30
0.000000000
 10
191.689841626
 20
156.165763199
 30
0.000000000
 10
189.982699544
 20
154.440842605
 30
0.000000000
 10
189.009686417
 20
152.559552008
 30
0.000000000
 10
188.381552196
 20
151.349372286
 30
0.000000000
 10
188.057168309
 20
150.075018624
 30
0.000000000
 10
188.057861112
 20
148.799014475
 30
0.000000000
  0
ELLIPSE
  5
13E4
330
A02
100
AcDbEntity
  8
V_01_Base_Az_Retainer_Ring_3
100
AcDbEllipse
 10
210.000000009
 20
148.799014475
 30
0.000000000
 11
21.942138897
 21
0.000000000
 31
0.000000000
 40
0.577350269
 41
5.497787144
 42
0.000000000
  0
ELLIPSE
  5
13E5
330
A02
100
AcDbEntity
  8
V_01_Base_Az_Retainer_Ring_3
100
AcDbEllipse
 10
210.000000009
 20
148.799014475
 30
0.000000000
 11
21.942138897
 21
0.000000000
 31
0.000000000
 40
0.577350269
 41
3.141592654
 42
5.497787144
  0
ELLIPSE
  5
13E6
330
A02
100
AcDbEntity
  8
V_01_Base_Az_Retainer_Ring_3
100
AcDbEllipse
 10
210.000000009
 20
149.154484344
 30
0.000000000
 11
21.506778998
 21
0.000000000
 31
0.000000000
 40
0.577350269
 41
0.000000000
 42
6.283180000
  0
TEXT
  5
13E7
330
A02
100
AcDbEntity
  8
A_01_Base_Az_Retainer_Ring
100
AcDbText
 10
210.000000000
 20
148.500000000
 30
0.000000000
 40
3.500000000
  1
Az_Retainer_Ring  (black)
  7
STANDARD
 72
1
 11
210.000000000
 21
148.500000000
 31
0.000000000
100
AcDbText
  0
ENDSEC
  0
SECTION
  2
OBJECTS
  0
DICTIONARY
  5
F000
330
0
100
AcDbDictionary
  3
ACAD_GROUP
350
F001
  0
DICTIONARY
  5
F001
330
F000
100
AcDbDictionary
  0
ENDSEC
  0
EOF